relationship_strength,relationship_truth,evidence_role,evidence_strength,data_quality_flag,anomaly_type,dataset_split,ground_truth_available_for_evaluation,case_network_type,relationship_active,relationship_start_date,relationship_end_date
0.25,UNKNOWN,NEUTRAL,0.258,NORMAL,NONE,TRAIN,True,CRIMINAL,ACTIVE,2026-04-17,2026-12-10
0.259,UNKNOWN,NEUTRAL,0.296,NORMAL,NONE,TRAIN,True,CRIMINAL,ACTIVE,2025-09-08,2026-03-17
0.29,CONFIRMED,SUPPORTING,0.829,NORMAL,NONE,TRAIN,True,CRIMINAL,ACTIVE,2025-10-30,2026-06-02
0.515,SUSPECTED,SUPPORTING,0.738,NORMAL,POINT_ANOMALY,TRAIN,True,CRIMINAL,ACTIVE,2025-12-30,2026-04-25
0.358,CONFIRMED,SUPPORTING,0.877,NORMAL,NONE,TRAIN,True,CRIMINAL,ACTIVE,2025-12-28,2026-05-31
0.474,SUSPECTED,SUPPORTING,0.749,NORMAL,NONE,TRAIN,True,CRIMINAL,ACTIVE,2026-04-19,2026-12-10
0.707,CONFIRMED,SUPPORTING,0.874,NORMAL,NONE,TRAIN,True,CRIMINAL,ACTIVE,2025-08-21,2026-03-07
0.316,CONFIRMED,SUPPORTING,0.916,NORMAL,NONE,TRAIN,True,CRIMINAL,INACTIVE,2025-09-05,2025-12-28
0.415,CONFIRMED,SUPPORTING,0.889,NORMAL,NONE,TRAIN,True,CRIMINAL,ACTIVE,2026-01-02,2026-09-25
0.658,SUSPECTED,SUPPORTING,0.625,NORMAL,NONE,TRAIN,True,CRIMINAL,UNKNOWN,2026-02-03,2026-06-11
0.393,SUSPECTED,SUPPORTING,0.696,NORMAL,NONE,TRAIN,True,CRIMINAL,UNKNOWN,2025-11-15,2026-06-14
0.212,SUSPECTED,SUPPORTING,0.601,NORMAL,NONE,TRAIN,True,CRIMINAL,UNKNOWN,2025-11-14,2026-05-30
0.465,CONFIRMED,SUPPORTING,0.928,NORMAL,NONE,TRAIN,True,CRIMINAL,ACTIVE,2026-04-10,2026-11-10
0.786,CONFIRMED,SUPPORTING,0.931,NORMAL,NONE,TRAIN,True,CRIMINAL,ACTIVE,2026-02-11,2026-11-01
0.401,CONFIRMED,SUPPORTING,0.966,NORMAL,NONE,TRAIN,True,CRIMINAL,ACTIVE,2025-09-29,2026-05-31
0.439,SUSPECTED,SUPPORTING,0.853,NORMAL,NONE,TRAIN,True,CRIMINAL,ACTIVE,2026-03-12,2026-11-16
0.456,CONFIRMED,SUPPORTING,0.845,RECYCLED_SIM,NONE,TRAIN,True,CRIMINAL,ACTIVE,2026-01-22,2026-07-30
0.443,CONFIRMED,SUPPORTING,0.964,NORMAL,TEMPORAL_ANOMALY,TRAIN,True,CRIMINAL,INACTIVE,2025-08-16,2026-01-05
0.562,SUSPECTED,SUPPORTING,0.784,NORMAL,NONE,TRAIN,True,CRIMINAL,ACTIVE,2026-01-24,2026-09-21
0.59,CONFIRMED,SUPPORTING,0.869,NORMAL,CONTEXTUAL_ANOMALY,TRAIN,True,CRIMINAL,ACTIVE,2025-12-05,2026-09-12
0.573,FALSE,CONTRADICTING,0.205,NORMAL,NONE,TRAIN,True,CRIMINAL,ACTIVE,2026-06-01,2026-11-23
0.153,FALSE,CONTRADICTING,0.29,NORMAL,NONE,TRAIN,True,CRIMINAL,ACTIVE,2025-11-20,2026-03-23
0.718,CONFIRMED,SUPPORTING,0.989,NORMAL,NONE,TRAIN,True,CRIMINAL,ACTIVE,2026-01-07,2026-04-29
0.812,CONFIRMED,SUPPORTING,0.91,NORMAL,NONE,TRAIN,True,CRIMINAL,ACTIVE,2026-03-05,2026-07-12
0.342,SUSPECTED,SUPPORTING,0.69,NORMAL,NONE,TRAIN,True,CRIMINAL,UNKNOWN,2026-05-02,2026-10-05
0.419,UNKNOWN,NEUTRAL,0.419,NORMAL,NONE,TRAIN,True,CRIMINAL,UNKNOWN,2026-01-20,2026-06-18
0.645,CONFIRMED,SUPPORTING,0.843,NORMAL,NONE,TRAIN,True,CRIMINAL,UNKNOWN,2026-01-03,2026-05-08
0.313,CONFIRMED,SUPPORTING,0.926,NORMAL,NONE,TRAIN,True,CRIMINAL,ACTIVE,2025-10-27,2026-08-04
0.297,SUSPECTED,SUPPORTING,0.789,NORMAL,NONE,TRAIN,True,CRIMINAL,ACTIVE,2025-11-12,2026-08-07
0.021,CONFIRMED,SUPPORTING,0.899,NORMAL,NONE,TRAIN,True,CRIMINAL,ACTIVE,2026-02-04,2026-07-21
0.397,SUSPECTED,SUPPORTING,0.782,NORMAL,CONTEXTUAL_ANOMALY,TRAIN,True,CRIMINAL,ACTIVE,2025-12-19,2026-05-28
0.402,CONFIRMED,SUPPORTING,0.839,NORMAL,NONE,TRAIN,True,CRIMINAL,UNKNOWN,2026-01-22,2026-03-26
0.568,CONFIRMED,SUPPORTING,0.986,NORMAL,NONE,TRAIN,True,CRIMINAL,INACTIVE,2026-01-12,2026-05-31
0.732,UNKNOWN,NEUTRAL,0.27,NORMAL,NONE,TRAIN,True,CRIMINAL,ACTIVE,2026-01-11,2026-06-24
0.217,FALSE,CONTRADICTING,0.164,NORMAL,TEMPORAL_ANOMALY,TRAIN,True,CRIMINAL,ACTIVE,2026-01-25,2026-05-27
0.312,FALSE,CONTRADICTING,0.26,NORMAL,TEMPORAL_ANOMALY,TRAIN,True,CRIMINAL,ACTIVE,2026-02-24,2026-12-08
0.156,SUSPECTED,SUPPORTING,0.756,NORMAL,NONE,TRAIN,True,CRIMINAL,UNKNOWN,2026-05-31,2026-09-07
0.139,CONFIRMED,SUPPORTING,0.837,NORMAL,NONE,TRAIN,True,CRIMINAL,INACTIVE,2025-09-27,2026-01-05
0.187,FALSE,CONTRADICTING,0.126,NORMAL,NONE,TRAIN,True,CRIMINAL,ACTIVE,2026-05-25,2026-10-09
0.363,CONFIRMED,SUPPORTING,0.827,NORMAL,TEMPORAL_ANOMALY,TRAIN,True,CRIMINAL,INACTIVE,2026-04-24,2026-07-27
0.152,FALSE,CONTRADICTING,0.158,NORMAL,NONE,TRAIN,True,MIXED,ACTIVE,2025-12-20,2026-07-16
0.244,CONFIRMED,SUPPORTING,0.982,NORMAL,NONE,TRAIN,True,MIXED,INACTIVE,2025-08-26,2026-01-28
0.417,FALSE,CONTRADICTING,0.204,NORMAL,COLLECTIVE_ANOMALY,TRAIN,True,MIXED,ACTIVE,2026-04-18,2026-07-29
0.527,UNKNOWN,NEUTRAL,0.494,NORMAL,CONTEXTUAL_ANOMALY,TRAIN,True,MIXED,INACTIVE,2025-10-08,2026-01-24
0.654,SUSPECTED,SUPPORTING,0.794,STALE_DEVICE,NONE,TRAIN,True,MIXED,ACTIVE,2025-09-28,2026-04-17
0.954,FALSE,CONTRADICTING,0.152,NORMAL,NONE,TRAIN,True,MIXED,ACTIVE,2026-02-25,2026-06-06
0.224,UNKNOWN,NEUTRAL,0.274,NORMAL,NONE,TRAIN,True,MIXED,UNKNOWN,2026-04-07,2026-09-04
0.236,CONFIRMED,SUPPORTING,0.95,NORMAL,NONE,TRAIN,True,MIXED,UNKNOWN,2026-02-09,2026-07-23
0.327,CONFIRMED,SUPPORTING,0.849,NORMAL,NONE,TRAIN,True,MIXED,ACTIVE,2026-02-27,2026-09-18
0.487,FALSE,CONTRADICTING,0.407,NORMAL,NONE,TRAIN,True,MIXED,ACTIVE,2026-01-27,2026-08-13
0.177,CONFIRMED,SUPPORTING,0.982,SHARED_DEVICE,NONE,TRAIN,True,MIXED,ACTIVE,2025-09-22,2026-07-13
0.34,SUSPECTED,SUPPORTING,0.823,SHARED_DEVICE,NONE,TRAIN,True,MIXED,ACTIVE,2025-12-30,2026-09-18
0.083,UNKNOWN,NEUTRAL,0.416,NORMAL,NONE,TRAIN,True,MIXED,ACTIVE,2025-11-11,2026-05-06
0.178,FALSE,CONTRADICTING,0.328,NORMAL,TEMPORAL_ANOMALY,TRAIN,True,MIXED,ACTIVE,2025-11-21,2026-04-08
0.375,CONFIRMED,SUPPORTING,0.913,NORMAL,POINT_ANOMALY,TRAIN,True,MIXED,UNKNOWN,2026-03-03,2026-07-23
0.45,UNKNOWN,NEUTRAL,0.305,NORMAL,NONE,TRAIN,True,MIXED,INACTIVE,2025-10-14,2026-04-01
0.206,UNKNOWN,NEUTRAL,0.335,NORMAL,NONE,TRAIN,True,MIXED,ACTIVE,2026-05-15,2026-08-09
0.222,SUSPECTED,SUPPORTING,0.721,NORMAL,NONE,TRAIN,True,MIXED,ACTIVE,2026-03-31,2026-08-22
0.136,SUSPECTED,SUPPORTING,0.759,NORMAL,RELATIONAL_ANOMALY,TRAIN,True,MIXED,INACTIVE,2025-12-14,2026-03-03
0.524,CONFIRMED,SUPPORTING,0.852,NORMAL,COLLECTIVE_ANOMALY,TRAIN,True,MIXED,ACTIVE,2025-09-22,2026-04-13
0.637,SUSPECTED,SUPPORTING,0.605,RECYCLED_SIM,NONE,TRAIN,True,MIXED,ACTIVE,2025-10-28,2026-06-10
0.355,UNKNOWN,NEUTRAL,0.425,NORMAL,NONE,TRAIN,True,MIXED,UNKNOWN,2026-05-01,2026-10-03
0.256,CONFIRMED,SUPPORTING,0.927,NORMAL,NONE,TRAIN,True,MIXED,UNKNOWN,2026-04-26,2026-09-06
0.489,SUSPECTED,SUPPORTING,0.631,NORMAL,NONE,TRAIN,True,MIXED,ACTIVE,2026-05-30,2026-09-01
0.5,UNKNOWN,NEUTRAL,0.48,NORMAL,NONE,TRAIN,True,MIXED,ACTIVE,2026-05-31,2026-10-12
0.822,CONFIRMED,SUPPORTING,0.976,NORMAL,NONE,TRAIN,True,LEGITIMATE,ACTIVE,2026-03-01,2026-11-05
0.102,UNKNOWN,NEUTRAL,0.501,NORMAL,NONE,TRAIN,True,LEGITIMATE,UNKNOWN,2025-11-12,2026-03-29
0.369,UNKNOWN,NEUTRAL,0.321,NORMAL,NONE,TRAIN,True,LEGITIMATE,ACTIVE,2026-03-26,2026-12-18
0.154,UNKNOWN,NEUTRAL,0.418,NORMAL,NONE,TRAIN,True,LEGITIMATE,ACTIVE,2026-01-25,2026-08-27
0.061,UNKNOWN,NEUTRAL,0.467,NORMAL,NONE,TRAIN,True,LEGITIMATE,UNKNOWN,2026-01-21,2026-05-10
0.32,FALSE,CONTRADICTING,0.328,NORMAL,NONE,VALIDATION,True,LEGITIMATE,ACTIVE,2025-11-23,2026-04-20
0.83,UNKNOWN,NEUTRAL,0.323,NORMAL,NONE,VALIDATION,True,LEGITIMATE,UNKNOWN,2026-01-28,2026-05-10
0.089,SUSPECTED,SUPPORTING,0.668,NORMAL,COLLECTIVE_ANOMALY,VALIDATION,True,LEGITIMATE,ACTIVE,2026-04-12,2026-12-18
0.702,CONFIRMED,SUPPORTING,0.838,NORMAL,NONE,VALIDATION,True,LEGITIMATE,ACTIVE,2025-09-26,2026-05-17
0.562,FALSE,CONTRADICTING,0.222,DUPLICATE,NONE,VALIDATION,True,LEGITIMATE,UNKNOWN,2026-01-27,2026-07-19
0.396,FALSE,CONTRADICTING,0.379,NORMAL,NONE,VALIDATION,True,LEGITIMATE,ACTIVE,2025-08-11,2026-03-01
0.144,UNKNOWN,NEUTRAL,0.291,NORMAL,NONE,VALIDATION,True,LEGITIMATE,UNKNOWN,2025-09-26,2026-03-12
0.096,UNKNOWN,NEUTRAL,0.301,NORMAL,NONE,VALIDATION,True,LEGITIMATE,ACTIVE,2026-02-23,2026-08-14
0.169,SUSPECTED,SUPPORTING,0.744,NORMAL,NONE,VALIDATION,True,LEGITIMATE,ACTIVE,2026-02-20,2026-10-10
0.11,UNKNOWN,NEUTRAL,0.27,NORMAL,NONE,VALIDATION,True,LEGITIMATE,UNKNOWN,2026-01-24,2026-07-29
0.41,FALSE,CONTRADICTING,0.182,NORMAL,NONE,VALIDATION,True,LEGITIMATE,ACTIVE,2025-12-08,2026-06-14
0.266,FALSE,CONTRADICTING,0.26,NORMAL,NONE,VALIDATION,True,LEGITIMATE,ACTIVE,2026-01-28,2026-11-22
0.247,FALSE,CONTRADICTING,0.274,NORMAL,NONE,VALIDATION,True,LEGITIMATE,ACTIVE,2026-03-12,2026-09-25
0.653,FALSE,CONTRADICTING,0.285,NORMAL,NONE,VALIDATION,True,LEGITIMATE,ACTIVE,2026-02-28,2026-08-24
0.695,FALSE,CONTRADICTING,0.171,NORMAL,NONE,VALIDATION,True,LEGITIMATE,ACTIVE,2025-11-26,2026-05-22
0.255,FALSE,CONTRADICTING,0.287,NORMAL,NONE,TEST,True,AMBIGUOUS,ACTIVE,2026-05-25,2026-12-11
0.708,CONFIRMED,SUPPORTING,0.986,NORMAL,NONE,TEST,True,AMBIGUOUS,ACTIVE,2026-04-12,2026-10-03
0.521,UNKNOWN,NEUTRAL,0.544,NORMAL,NONE,TEST,True,AMBIGUOUS,ACTIVE,2026-02-26,2026-08-05
0.35,UNKNOWN,NEUTRAL,0.367,NORMAL,CONTEXTUAL_ANOMALY,TEST,True,AMBIGUOUS,ACTIVE,2026-05-09,2026-08-18
0.33,UNKNOWN,NEUTRAL,0.533,NORMAL,RELATIONAL_ANOMALY,TEST,True,AMBIGUOUS,UNKNOWN,2026-02-18,2026-05-13
0.452,UNKNOWN,NEUTRAL,0.343,NORMAL,NONE,TEST,True,AMBIGUOUS,INACTIVE,2025-09-20,2026-01-31
0.763,CONFIRMED,SUPPORTING,0.855,NORMAL,NONE,TEST,True,AMBIGUOUS,ACTIVE,2026-05-21,2026-09-28
0.566,SUSPECTED,SUPPORTING,0.629,NORMAL,NONE,TEST,True,AMBIGUOUS,ACTIVE,2026-04-14,2026-12-09
0.33,SUSPECTED,SUPPORTING,0.747,NORMAL,NONE,TEST,True,AMBIGUOUS,UNKNOWN,2025-12-22,2026-05-04
0.735,UNKNOWN,NEUTRAL,0.271,NORMAL,CONTEXTUAL_ANOMALY,TEST,True,AMBIGUOUS,ACTIVE,2025-09-18,2026-06-20
0.935,UNKNOWN,NEUTRAL,0.502,NORMAL,NONE,TEST,True,AMBIGUOUS,ACTIVE,2026-04-03,2026-11-02
0.548,UNKNOWN,NEUTRAL,0.401,NORMAL,CONTEXTUAL_ANOMALY,TEST,True,AMBIGUOUS,ACTIVE,2025-11-25,2026-07-08
0.344,FALSE,CONTRADICTING,0.331,NORMAL,NONE,TEST,True,AMBIGUOUS,ACTIVE,2026-05-28,2026-10-03
0.114,UNKNOWN,NEUTRAL,0.484,NORMAL,NONE,TEST,True,AMBIGUOUS,ACTIVE,2026-05-09,2026-12-14
0.574,FALSE,CONTRADICTING,0.273,NORMAL,NONE,TEST,True,AMBIGUOUS,ACTIVE,2025-08-26,2026-05-26
0.646,SUSPECTED,SUPPORTING,0.825,DUPLICATE,NONE,TRAIN,True,CRIMINAL,ACTIVE,2026-02-27,2026-09-15
0.429,CONFIRMED,SUPPORTING,0.962,NORMAL,NONE,TRAIN,True,CRIMINAL,ACTIVE,2025-11-23,2026-06-04
0.487,FALSE,CONTRADICTING,0.218,NORMAL,NONE,TRAIN,True,CRIMINAL,ACTIVE,2025-11-06,2026-07-25
0.475,CONFIRMED,SUPPORTING,0.959,NORMAL,NONE,TRAIN,True,CRIMINAL,ACTIVE,2025-10-25,2026-06-17
0.004,CONFIRMED,SUPPORTING,0.832,NORMAL,NONE,TRAIN,True,CRIMINAL,ACTIVE,2025-10-25,2026-07-21
0.542,SUSPECTED,SUPPORTING,0.66,NORMAL,NONE,TRAIN,True,CRIMINAL,ACTIVE,2026-04-24,2026-11-22
0.577,CONFIRMED,SUPPORTING,0.947,NORMAL,NONE,TRAIN,True,CRIMINAL,UNKNOWN,2025-10-28,2026-03-27
0.403,CONFIRMED,SUPPORTING,0.84,NORMAL,TEMPORAL_ANOMALY,TRAIN,True,CRIMINAL,UNKNOWN,2025-12-04,2026-03-21
0.415,CONFIRMED,SUPPORTING,0.979,NORMAL,NONE,TRAIN,True,CRIMINAL,ACTIVE,2026-02-19,2026-07-26
0.721,UNKNOWN,NEUTRAL,0.37,NORMAL,NONE,TRAIN,True,CRIMINAL,INACTIVE,2025-11-20,2026-03-14
0.397,SUSPECTED,SUPPORTING,0.778,NORMAL,TEMPORAL_ANOMALY,TRAIN,True,CRIMINAL,INACTIVE,2025-09-10,2026-01-22
0.828,SUSPECTED,SUPPORTING,0.853,NORMAL,NONE,TRAIN,True,CRIMINAL,ACTIVE,2025-12-12,2026-07-20
0.739,SUSPECTED,SUPPORTING,0.748,DUPLICATE,NONE,TRAIN,True,CRIMINAL,ACTIVE,2026-02-11,2026-11-24
0.711,SUSPECTED,SUPPORTING,0.613,NORMAL,NONE,TRAIN,True,CRIMINAL,ACTIVE,2026-03-28,2026-08-29
0.214,UNKNOWN,NEUTRAL,0.545,NORMAL,NONE,TRAIN,True,CRIMINAL,ACTIVE,2025-10-26,2026-03-27
0.273,SUSPECTED,SUPPORTING,0.813,NORMAL,NONE,TRAIN,True,CRIMINAL,INACTIVE,2026-03-05,2026-07-15
0.369,SUSPECTED,SUPPORTING,0.818,NORMAL,CONTEXTUAL_ANOMALY,TRAIN,True,CRIMINAL,ACTIVE,2026-03-01,2026-08-08
0.472,SUSPECTED,SUPPORTING,0.736,SHARED_DEVICE,NONE,TRAIN,True,CRIMINAL,ACTIVE,2025-10-02,2026-05-17
0.445,CONFIRMED,SUPPORTING,0.875,NORMAL,NONE,TRAIN,True,CRIMINAL,ACTIVE,2026-01-05,2026-09-24
0.45,FALSE,CONTRADICTING,0.339,STALE_DEVICE,NONE,TRAIN,True,CRIMINAL,INACTIVE,2025-12-01,2026-03-22
0.277,CONFIRMED,SUPPORTING,0.835,NORMAL,NONE,TRAIN,True,CRIMINAL,ACTIVE,2026-03-22,2026-09-16
0.369,CONFIRMED,SUPPORTING,0.856,NORMAL,NONE,TRAIN,True,CRIMINAL,UNKNOWN,2025-10-09,2026-05-20
0.172,SUSPECTED,SUPPORTING,0.632,NORMAL,NONE,TRAIN,True,CRIMINAL,ACTIVE,2025-10-12,2026-05-25
0.521,CONFIRMED,SUPPORTING,0.941,NORMAL,NONE,TRAIN,True,CRIMINAL,ACTIVE,2026-02-26,2026-08-18
0.84,CONFIRMED,SUPPORTING,0.941,NORMAL,NONE,TRAIN,True,CRIMINAL,ACTIVE,2026-04-10,2026-12-14
0.303,CONFIRMED,SUPPORTING,0.902,NORMAL,NONE,TRAIN,True,CRIMINAL,INACTIVE,2025-10-31,2026-04-15
0.581,UNKNOWN,NEUTRAL,0.247,NORMAL,COLLECTIVE_ANOMALY,TRAIN,True,CRIMINAL,ACTIVE,2025-10-13,2026-05-03
0.443,UNKNOWN,NEUTRAL,0.233,NORMAL,NONE,TRAIN,True,CRIMINAL,INACTIVE,2025-12-14,2026-03-07
0.12,FALSE,CONTRADICTING,0.251,NORMAL,NONE,TRAIN,True,CRIMINAL,ACTIVE,2025-11-17,2026-05-31
0.189,CONFIRMED,SUPPORTING,0.913,NORMAL,NONE,TRAIN,True,CRIMINAL,ACTIVE,2026-01-19,2026-09-27
0.15,SUSPECTED,SUPPORTING,0.617,NORMAL,NONE,TRAIN,True,CRIMINAL,ACTIVE,2025-09-22,2026-05-06
0.339,FALSE,CONTRADICTING,0.155,NORMAL,NONE,TRAIN,True,CRIMINAL,ACTIVE,2026-01-04,2026-03-31
0.186,SUSPECTED,SUPPORTING,0.639,NORMAL,NONE,TRAIN,True,CRIMINAL,ACTIVE,2026-04-07,2026-09-23
0.633,CONFIRMED,SUPPORTING,0.901,NORMAL,NONE,TRAIN,True,CRIMINAL,ACTIVE,2025-12-21,2026-08-22
0.502,SUSPECTED,SUPPORTING,0.664,NORMAL,NONE,TRAIN,True,CRIMINAL,ACTIVE,2025-11-21,2026-08-30
0.08,UNKNOWN,NEUTRAL,0.238,NORMAL,CONTEXTUAL_ANOMALY,TRAIN,True,CRIMINAL,ACTIVE,2026-02-14,2026-12-09
0.466,SUSPECTED,SUPPORTING,0.605,NORMAL,COLLECTIVE_ANOMALY,TRAIN,True,CRIMINAL,ACTIVE,2026-02-28,2026-10-28
0.453,CONFIRMED,SUPPORTING,0.876,NORMAL,TEMPORAL_ANOMALY,TRAIN,True,CRIMINAL,ACTIVE,2025-11-17,2026-04-07
0.046,UNKNOWN,NEUTRAL,0.273,NORMAL,RELATIONAL_ANOMALY,TRAIN,True,CRIMINAL,ACTIVE,2026-03-07,2026-11-15
0.243,CONFIRMED,SUPPORTING,0.924,NORMAL,NONE,TRAIN,True,CRIMINAL,ACTIVE,2026-04-23,2026-12-09
0.393,CONFIRMED,SUPPORTING,0.975,NORMAL,NONE,TRAIN,True,MIXED,ACTIVE,2025-11-02,2026-06-25
0.285,FALSE,CONTRADICTING,0.129,NORMAL,NONE,TRAIN,True,MIXED,ACTIVE,2025-12-19,2026-04-16
0.366,SUSPECTED,SUPPORTING,0.817,NORMAL,TEMPORAL_ANOMALY,TRAIN,True,MIXED,ACTIVE,2026-04-25,2026-10-03
0.353,SUSPECTED,SUPPORTING,0.742,NORMAL,RELATIONAL_ANOMALY,TRAIN,True,MIXED,ACTIVE,2025-10-27,2026-06-04
0.145,SUSPECTED,SUPPORTING,0.771,NORMAL,POINT_ANOMALY,TRAIN,True,MIXED,ACTIVE,2025-09-27,2026-04-19
0.804,SUSPECTED,SUPPORTING,0.856,NORMAL,NONE,TRAIN,True,MIXED,ACTIVE,2025-12-18,2026-08-19
0.247,SUSPECTED,SUPPORTING,0.773,NORMAL,CONTEXTUAL_ANOMALY,TRAIN,True,MIXED,ACTIVE,2026-03-20,2026-08-24
0.269,CONFIRMED,SUPPORTING,0.901,RECYCLED_SIM,CONTEXTUAL_ANOMALY,TRAIN,True,MIXED,ACTIVE,2026-01-29,2026-09-01
0.313,SUSPECTED,SUPPORTING,0.752,NORMAL,NONE,TRAIN,True,MIXED,ACTIVE,2026-04-01,2026-09-24
0.72,UNKNOWN,NEUTRAL,0.384,NORMAL,NONE,TRAIN,True,MIXED,ACTIVE,2026-02-13,2026-11-29
0.208,FALSE,CONTRADICTING,0.15,NORMAL,NONE,TRAIN,True,MIXED,ACTIVE,2026-01-04,2026-06-10
0.246,SUSPECTED,SUPPORTING,0.79,NORMAL,NONE,TRAIN,True,MIXED,INACTIVE,2025-10-14,2026-04-06
0.209,UNKNOWN,NEUTRAL,0.41,NORMAL,NONE,TRAIN,True,MIXED,ACTIVE,2025-12-20,2026-07-05
0.326,SUSPECTED,SUPPORTING,0.732,NORMAL,TEMPORAL_ANOMALY,TRAIN,True,MIXED,ACTIVE,2025-11-09,2026-04-06
0.19,CONFIRMED,SUPPORTING,0.827,NORMAL,NONE,TRAIN,True,MIXED,UNKNOWN,2026-02-02,2026-08-11
0.397,SUSPECTED,SUPPORTING,0.637,NORMAL,NONE,TRAIN,True,MIXED,ACTIVE,2026-01-23,2026-09-07
0.484,CONFIRMED,SUPPORTING,0.969,NORMAL,NONE,TRAIN,True,MIXED,ACTIVE,2026-03-31,2026-10-06
0.149,SUSPECTED,SUPPORTING,0.749,NORMAL,NONE,TRAIN,True,MIXED,INACTIVE,2025-11-26,2026-04-24
0.077,UNKNOWN,NEUTRAL,0.48,NORMAL,NONE,TRAIN,True,MIXED,ACTIVE,2025-12-01,2026-07-03
0.395,SUSPECTED,SUPPORTING,0.822,NORMAL,NONE,TRAIN,True,MIXED,ACTIVE,2025-09-22,2026-05-06
0.211,CONFIRMED,SUPPORTING,0.981,NORMAL,NONE,TRAIN,True,MIXED,ACTIVE,2025-11-19,2026-05-28
0.162,FALSE,CONTRADICTING,0.124,NORMAL,NONE,TRAIN,True,MIXED,UNKNOWN,2026-05-07,2026-11-02
0.425,FALSE,CONTRADICTING,0.145,SHARED_DEVICE,NONE,TRAIN,True,MIXED,ACTIVE,2026-04-22,2026-11-20
0.143,CONFIRMED,SUPPORTING,0.942,NORMAL,NONE,TRAIN,True,MIXED,ACTIVE,2026-04-13,2026-11-28
0.651,UNKNOWN,NEUTRAL,0.219,NORMAL,NONE,TRAIN,True,MIXED,UNKNOWN,2026-04-09,2026-11-24
0.242,FALSE,CONTRADICTING,0.132,NORMAL,NONE,TRAIN,True,LEGITIMATE,ACTIVE,2026-03-11,2026-10-16
0.114,UNKNOWN,NEUTRAL,0.249,NORMAL,NONE,TRAIN,True,LEGITIMATE,INACTIVE,2025-09-06,2025-12-23
0.118,UNKNOWN,NEUTRAL,0.449,NORMAL,NONE,TRAIN,True,LEGITIMATE,ACTIVE,2026-05-16,2026-09-30
0.323,FALSE,CONTRADICTING,0.365,NORMAL,NONE,TRAIN,True,LEGITIMATE,ACTIVE,2026-01-25,2026-10-16
0.198,FALSE,CONTRADICTING,0.284,NORMAL,NONE,TRAIN,True,LEGITIMATE,ACTIVE,2025-11-03,2026-05-05
0.662,FALSE,CONTRADICTING,0.273,NORMAL,COLLECTIVE_ANOMALY,VALIDATION,True,LEGITIMATE,ACTIVE,2025-08-30,2026-05-21
0.689,UNKNOWN,NEUTRAL,0.222,NORMAL,NONE,VALIDATION,True,LEGITIMATE,ACTIVE,2025-12-16,2026-05-11
0.731,FALSE,CONTRADICTING,0.314,NORMAL,NONE,VALIDATION,True,LEGITIMATE,UNKNOWN,2026-05-17,2026-09-21
0.5,FALSE,CONTRADICTING,0.302,NORMAL,POINT_ANOMALY,VALIDATION,True,LEGITIMATE,INACTIVE,2025-07-06,2025-12-31
0.632,SUSPECTED,SUPPORTING,0.716,NORMAL,NONE,VALIDATION,True,LEGITIMATE,ACTIVE,2026-02-23,2026-06-12
0.393,FALSE,CONTRADICTING,0.333,NORMAL,NONE,VALIDATION,True,LEGITIMATE,ACTIVE,2025-08-01,2026-05-28
0.246,UNKNOWN,NEUTRAL,0.256,NORMAL,NONE,VALIDATION,True,LEGITIMATE,ACTIVE,2025-11-03,2026-05-10
0.115,UNKNOWN,NEUTRAL,0.328,NORMAL,POINT_ANOMALY,VALIDATION,True,LEGITIMATE,ACTIVE,2026-02-21,2026-07-31
0.207,UNKNOWN,NEUTRAL,0.216,NORMAL,CONTEXTUAL_ANOMALY,VALIDATION,True,LEGITIMATE,ACTIVE,2026-03-20,2026-07-25
0.514,UNKNOWN,NEUTRAL,0.434,NORMAL,NONE,VALIDATION,True,LEGITIMATE,UNKNOWN,2026-03-10,2026-07-29
0.585,UNKNOWN,NEUTRAL,0.52,NORMAL,CONTEXTUAL_ANOMALY,VALIDATION,True,LEGITIMATE,INACTIVE,2025-12-19,2026-03-13
0.097,UNKNOWN,NEUTRAL,0.34,NORMAL,NONE,VALIDATION,True,LEGITIMATE,ACTIVE,2026-02-02,2026-09-08
0.589,FALSE,CONTRADICTING,0.238,NORMAL,CONTEXTUAL_ANOMALY,VALIDATION,True,LEGITIMATE,ACTIVE,2026-05-27,2026-11-13
0.12,FALSE,CONTRADICTING,0.216,NORMAL,POINT_ANOMALY,VALIDATION,True,LEGITIMATE,ACTIVE,2025-12-09,2026-09-22
0.328,SUSPECTED,SUPPORTING,0.757,NORMAL,TEMPORAL_ANOMALY,VALIDATION,True,LEGITIMATE,ACTIVE,2025-09-20,2026-03-27
0.327,UNKNOWN,NEUTRAL,0.506,NORMAL,NONE,TEST,True,AMBIGUOUS,ACTIVE,2026-04-24,2026-12-10
0.319,SUSPECTED,SUPPORTING,0.609,DUPLICATE,NONE,TEST,True,AMBIGUOUS,UNKNOWN,2026-06-05,2026-11-25
0.239,SUSPECTED,SUPPORTING,0.735,NORMAL,NONE,TEST,True,AMBIGUOUS,ACTIVE,2026-01-06,2026-08-28
0.345,CONFIRMED,SUPPORTING,0.908,NORMAL,NONE,TEST,True,AMBIGUOUS,ACTIVE,2026-03-26,2026-10-10
0.387,UNKNOWN,NEUTRAL,0.333,NORMAL,POINT_ANOMALY,TEST,True,AMBIGUOUS,ACTIVE,2025-12-21,2026-06-22
0.636,SUSPECTED,SUPPORTING,0.633,NORMAL,NONE,TEST,True,AMBIGUOUS,INACTIVE,2025-09-21,2026-01-24
0.232,FALSE,CONTRADICTING,0.271,NORMAL,RELATIONAL_ANOMALY,TEST,True,AMBIGUOUS,ACTIVE,2026-06-07,2026-11-16
0.832,UNKNOWN,NEUTRAL,0.403,NORMAL,NONE,TEST,True,AMBIGUOUS,ACTIVE,2026-03-28,2026-09-08
0.723,SUSPECTED,SUPPORTING,0.687,NORMAL,NONE,TEST,True,AMBIGUOUS,ACTIVE,2026-01-30,2026-06-04
0.754,FALSE,CONTRADICTING,0.314,NORMAL,NONE,TEST,True,AMBIGUOUS,ACTIVE,2025-10-28,2026-05-30
0.675,UNKNOWN,NEUTRAL,0.402,NORMAL,NONE,TEST,True,AMBIGUOUS,INACTIVE,2026-03-02,2026-07-11
0.279,FALSE,CONTRADICTING,0.287,NORMAL,NONE,TEST,True,AMBIGUOUS,ACTIVE,2026-02-09,2026-06-07
0.213,CONFIRMED,SUPPORTING,0.969,NORMAL,CONTEXTUAL_ANOMALY,TEST,True,AMBIGUOUS,ACTIVE,2026-03-16,2027-01-01
0.693,CONFIRMED,SUPPORTING,0.903,NORMAL,NONE,TEST,True,AMBIGUOUS,ACTIVE,2026-05-25,2026-09-24
0.106,UNKNOWN,NEUTRAL,0.32,NORMAL,COLLECTIVE_ANOMALY,TEST,True,AMBIGUOUS,ACTIVE,2025-10-28,2026-05-28
0.371,SUSPECTED,SUPPORTING,0.745,NORMAL,COLLECTIVE_ANOMALY,TRAIN,True,CRIMINAL,ACTIVE,2026-06-05,2026-11-10
0.513,CONFIRMED,SUPPORTING,0.964,NORMAL,NONE,TRAIN,True,CRIMINAL,UNKNOWN,2025-10-02,2026-02-22
0.2,CONFIRMED,SUPPORTING,0.941,NORMAL,NONE,TRAIN,True,CRIMINAL,ACTIVE,2026-01-17,2026-05-15
0.246,CONFIRMED,SUPPORTING,0.944,NORMAL,POINT_ANOMALY,TRAIN,True,CRIMINAL,ACTIVE,2025-11-23,2026-07-10
0.551,CONFIRMED,SUPPORTING,0.951,NORMAL,COLLECTIVE_ANOMALY,TRAIN,True,CRIMINAL,ACTIVE,2026-01-23,2026-08-12
0.719,CONFIRMED,SUPPORTING,0.874,NORMAL,NONE,TRAIN,True,CRIMINAL,ACTIVE,2026-04-11,2026-10-19
0.287,FALSE,CONTRADICTING,0.384,NORMAL,NONE,TRAIN,True,CRIMINAL,UNKNOWN,2025-11-29,2026-02-15
0.614,SUSPECTED,SUPPORTING,0.601,NORMAL,NONE,TRAIN,True,CRIMINAL,ACTIVE,2025-11-30,2026-04-17
0.749,SUSPECTED,SUPPORTING,0.62,NORMAL,NONE,TRAIN,True,CRIMINAL,ACTIVE,2026-04-08,2026-08-25
0.652,SUSPECTED,SUPPORTING,0.753,NORMAL,NONE,TRAIN,True,CRIMINAL,INACTIVE,2025-10-11,2026-03-10
0.428,UNKNOWN,NEUTRAL,0.218,STALE_DEVICE,NONE,TRAIN,True,CRIMINAL,UNKNOWN,2026-01-10,2026-06-07
0.346,CONFIRMED,SUPPORTING,0.847,NORMAL,CONTEXTUAL_ANOMALY,TRAIN,True,CRIMINAL,ACTIVE,2025-11-06,2026-05-31
0.649,CONFIRMED,SUPPORTING,0.874,NORMAL,NONE,TRAIN,True,CRIMINAL,ACTIVE,2026-04-02,2026-09-05
0.03,CONFIRMED,SUPPORTING,0.884,NORMAL,NONE,TRAIN,True,CRIMINAL,ACTIVE,2026-05-22,2026-10-31
0.477,CONFIRMED,SUPPORTING,0.94,NORMAL,NONE,TRAIN,True,CRIMINAL,INACTIVE,2025-11-15,2026-01-16
0.506,CONFIRMED,SUPPORTING,0.985,NORMAL,NONE,TRAIN,True,CRIMINAL,INACTIVE,2026-04-23,2026-07-06
0.225,UNKNOWN,NEUTRAL,0.209,NORMAL,NONE,TRAIN,True,CRIMINAL,ACTIVE,2026-02-12,2026-09-02
0.482,UNKNOWN,NEUTRAL,0.388,NORMAL,NONE,TRAIN,True,CRIMINAL,ACTIVE,2025-10-23,2026-05-28
0.321,SUSPECTED,SUPPORTING,0.712,DUPLICATE,NONE,TRAIN,True,CRIMINAL,ACTIVE,2026-02-22,2026-06-07
0.693,UNKNOWN,NEUTRAL,0.339,NORMAL,NONE,TRAIN,True,CRIMINAL,ACTIVE,2026-01-18,2026-08-22
0.216,CONFIRMED,SUPPORTING,0.911,NORMAL,TEMPORAL_ANOMALY,TRAIN,True,CRIMINAL,ACTIVE,2026-03-09,2026-12-11
0.277,SUSPECTED,SUPPORTING,0.809,NORMAL,TEMPORAL_ANOMALY,TRAIN,True,CRIMINAL,ACTIVE,2025-11-30,2026-05-24
0.341,CONFIRMED,SUPPORTING,0.859,NORMAL,NONE,TRAIN,True,CRIMINAL,INACTIVE,2025-08-27,2026-02-08
0.483,SUSPECTED,SUPPORTING,0.799,NORMAL,NONE,TRAIN,True,CRIMINAL,ACTIVE,2025-12-18,2026-08-30
0.792,SUSPECTED,SUPPORTING,0.838,NORMAL,NONE,TRAIN,True,CRIMINAL,ACTIVE,2026-06-22,2026-09-22
0.385,SUSPECTED,SUPPORTING,0.636,NORMAL,NONE,TRAIN,True,CRIMINAL,ACTIVE,2026-01-10,2026-07-07
0.751,CONFIRMED,SUPPORTING,0.942,NORMAL,NONE,TRAIN,True,CRIMINAL,INACTIVE,2026-01-11,2026-03-12
0.218,SUSPECTED,SUPPORTING,0.699,NORMAL,NONE,TRAIN,True,CRIMINAL,ACTIVE,2025-10-15,2026-05-27
0.477,CONFIRMED,SUPPORTING,0.83,NORMAL,NONE,TRAIN,True,CRIMINAL,UNKNOWN,2026-02-16,2026-06-03
0.524,SUSPECTED,SUPPORTING,0.636,NORMAL,NONE,TRAIN,True,CRIMINAL,UNKNOWN,2026-02-16,2026-07-03
0.302,CONFIRMED,SUPPORTING,0.903,NORMAL,NONE,TRAIN,True,CRIMINAL,ACTIVE,2026-01-07,2026-05-23
0.168,CONFIRMED,SUPPORTING,0.84,NORMAL,NONE,TRAIN,True,CRIMINAL,ACTIVE,2025-10-15,2026-07-20
0.443,CONFIRMED,SUPPORTING,0.956,STALE_DEVICE,NONE,TRAIN,True,CRIMINAL,ACTIVE,2026-04-03,2026-09-12
0.437,UNKNOWN,NEUTRAL,0.259,DUPLICATE,NONE,TRAIN,True,CRIMINAL,ACTIVE,2025-12-27,2026-09-02
0.426,CONFIRMED,SUPPORTING,0.882,NORMAL,NONE,TRAIN,True,CRIMINAL,ACTIVE,2026-02-15,2026-06-26
0.334,CONFIRMED,SUPPORTING,0.984,NORMAL,NONE,TRAIN,True,CRIMINAL,ACTIVE,2026-05-10,2026-10-06
0.391,UNKNOWN,NEUTRAL,0.288,NORMAL,NONE,TRAIN,True,CRIMINAL,UNKNOWN,2026-04-08,2026-10-12
0.724,CONFIRMED,SUPPORTING,0.847,NORMAL,NONE,TRAIN,True,CRIMINAL,INACTIVE,2025-11-21,2026-01-24
0.202,CONFIRMED,SUPPORTING,0.833,NORMAL,NONE,TRAIN,True,CRIMINAL,ACTIVE,2026-02-24,2026-10-09
0.329,CONFIRMED,SUPPORTING,0.967,NORMAL,NONE,TRAIN,True,CRIMINAL,ACTIVE,2026-06-06,2027-01-05
0.375,FALSE,CONTRADICTING,0.419,NORMAL,NONE,TRAIN,True,MIXED,ACTIVE,2025-10-16,2026-05-16
0.284,FALSE,CONTRADICTING,0.284,NORMAL,NONE,TRAIN,True,MIXED,ACTIVE,2025-11-13,2026-04-20
0.573,CONFIRMED,SUPPORTING,0.931,NORMAL,NONE,TRAIN,True,MIXED,INACTIVE,2026-03-15,2026-05-25
0.411,SUSPECTED,SUPPORTING,0.753,NORMAL,COLLECTIVE_ANOMALY,TRAIN,True,MIXED,INACTIVE,2025-10-19,2026-01-11
0.824,UNKNOWN,NEUTRAL,0.515,NORMAL,NONE,TRAIN,True,MIXED,ACTIVE,2025-09-05,2026-05-06
0.6,UNKNOWN,NEUTRAL,0.509,NORMAL,NONE,TRAIN,True,MIXED,UNKNOWN,2026-01-25,2026-06-08
0.702,FALSE,CONTRADICTING,0.22,NORMAL,TEMPORAL_ANOMALY,TRAIN,True,MIXED,ACTIVE,2025-12-15,2026-09-20
0.156,CONFIRMED,SUPPORTING,0.882,RECYCLED_SIM,NONE,TRAIN,True,MIXED,ACTIVE,2025-12-06,2026-05-30
0.189,FALSE,CONTRADICTING,0.172,NORMAL,NONE,TRAIN,True,MIXED,ACTIVE,2026-03-05,2026-09-18
0.329,FALSE,CONTRADICTING,0.124,NORMAL,NONE,TRAIN,True,MIXED,ACTIVE,2026-05-01,2026-09-04
0.48,CONFIRMED,SUPPORTING,0.827,NORMAL,NONE,TRAIN,True,MIXED,ACTIVE,2025-12-21,2026-05-13
0.535,CONFIRMED,SUPPORTING,0.836,NORMAL,NONE,TRAIN,True,MIXED,ACTIVE,2026-03-03,2026-08-31
0.723,CONFIRMED,SUPPORTING,0.971,DUPLICATE,NONE,TRAIN,True,MIXED,ACTIVE,2025-11-23,2026-07-07
0.581,CONFIRMED,SUPPORTING,0.821,NORMAL,NONE,TRAIN,True,MIXED,ACTIVE,2025-11-27,2026-03-01
0.496,FALSE,CONTRADICTING,0.164,NORMAL,NONE,TRAIN,True,MIXED,ACTIVE,2026-01-12,2026-09-05
0.845,UNKNOWN,NEUTRAL,0.384,NORMAL,NONE,TRAIN,True,MIXED,ACTIVE,2025-12-08,2026-07-12
0.127,UNKNOWN,NEUTRAL,0.494,NORMAL,NONE,TRAIN,True,MIXED,INACTIVE,2026-03-02,2026-07-02
0.521,SUSPECTED,SUPPORTING,0.633,NORMAL,NONE,TRAIN,True,MIXED,ACTIVE,2026-03-21,2026-10-02
0.281,CONFIRMED,SUPPORTING,0.842,NORMAL,NONE,TRAIN,True,MIXED,ACTIVE,2025-12-05,2026-06-11
0.558,SUSPECTED,SUPPORTING,0.758,NORMAL,NONE,TRAIN,True,MIXED,ACTIVE,2025-10-22,2026-04-21
0.546,SUSPECTED,SUPPORTING,0.739,DUPLICATE,NONE,TRAIN,True,MIXED,ACTIVE,2025-09-19,2026-03-28
0.168,SUSPECTED,SUPPORTING,0.687,NORMAL,NONE,TRAIN,True,MIXED,INACTIVE,2026-03-16,2026-07-08
0.504,FALSE,CONTRADICTING,0.188,NORMAL,NONE,TRAIN,True,MIXED,ACTIVE,2026-02-26,2026-08-31
0.518,SUSPECTED,SUPPORTING,0.591,NORMAL,NONE,TRAIN,True,MIXED,UNKNOWN,2026-04-08,2026-11-28
0.558,SUSPECTED,SUPPORTING,0.849,NORMAL,NONE,TRAIN,True,MIXED,ACTIVE,2026-04-16,2026-12-21
0.154,UNKNOWN,NEUTRAL,0.518,NORMAL,NONE,TRAIN,True,LEGITIMATE,ACTIVE,2026-03-15,2026-12-02
0.609,UNKNOWN,NEUTRAL,0.423,NORMAL,TEMPORAL_ANOMALY,TRAIN,True,LEGITIMATE,INACTIVE,2025-08-14,2025-12-08
0.539,CONFIRMED,SUPPORTING,0.881,NORMAL,NONE,TRAIN,True,LEGITIMATE,ACTIVE,2026-05-16,2026-10-18
0.526,FALSE,CONTRADICTING,0.258,NORMAL,NONE,TRAIN,True,LEGITIMATE,ACTIVE,2026-04-27,2026-10-28
0.251,UNKNOWN,NEUTRAL,0.492,DUPLICATE,NONE,TRAIN,True,LEGITIMATE,ACTIVE,2026-01-16,2026-05-03
0.569,UNKNOWN,NEUTRAL,0.256,NORMAL,NONE,VALIDATION,True,LEGITIMATE,ACTIVE,2025-10-17,2026-05-29
0.466,UNKNOWN,NEUTRAL,0.213,NORMAL,NONE,VALIDATION,True,LEGITIMATE,UNKNOWN,2026-02-25,2026-05-19
0.261,UNKNOWN,NEUTRAL,0.235,NORMAL,NONE,VALIDATION,True,LEGITIMATE,ACTIVE,2026-05-07,2027-01-01
0.384,FALSE,CONTRADICTING,0.411,NORMAL,NONE,VALIDATION,True,LEGITIMATE,INACTIVE,2025-10-24,2026-01-12
0.721,UNKNOWN,NEUTRAL,0.422,NORMAL,NONE,VALIDATION,True,LEGITIMATE,UNKNOWN,2026-03-10,2026-08-22
0.048,UNKNOWN,NEUTRAL,0.363,NORMAL,NONE,VALIDATION,True,LEGITIMATE,ACTIVE,2025-10-07,2026-04-11
0.638,FALSE,CONTRADICTING,0.132,NORMAL,NONE,VALIDATION,True,LEGITIMATE,ACTIVE,2025-10-27,2026-05-20
0.281,FALSE,CONTRADICTING,0.243,NORMAL,TEMPORAL_ANOMALY,VALIDATION,True,LEGITIMATE,ACTIVE,2026-02-21,2026-06-14
0.037,UNKNOWN,NEUTRAL,0.35,NORMAL,NONE,VALIDATION,True,LEGITIMATE,ACTIVE,2026-03-17,2026-07-15
0.619,FALSE,CONTRADICTING,0.13,NORMAL,NONE,VALIDATION,True,LEGITIMATE,INACTIVE,2026-01-16,2026-04-16
0.681,FALSE,CONTRADICTING,0.13,NORMAL,NONE,VALIDATION,True,LEGITIMATE,INACTIVE,2025-11-07,2026-04-02
0.264,FALSE,CONTRADICTING,0.25,NORMAL,NONE,VALIDATION,True,LEGITIMATE,ACTIVE,2026-04-13,2026-12-05
0.393,UNKNOWN,NEUTRAL,0.54,NORMAL,NONE,VALIDATION,True,LEGITIMATE,ACTIVE,2026-04-09,2026-11-24
0.225,CONFIRMED,SUPPORTING,0.898,NORMAL,NONE,VALIDATION,True,LEGITIMATE,ACTIVE,2026-03-27,2026-08-19
0.496,SUSPECTED,SUPPORTING,0.794,RECYCLED_SIM,NONE,VALIDATION,True,LEGITIMATE,INACTIVE,2025-09-19,2026-01-25
0.621,UNKNOWN,NEUTRAL,0.351,NORMAL,NONE,TEST,True,AMBIGUOUS,UNKNOWN,2026-06-10,2026-12-02
0.474,SUSPECTED,SUPPORTING,0.848,NORMAL,CONTEXTUAL_ANOMALY,TEST,True,AMBIGUOUS,ACTIVE,2026-06-19,2026-10-26
0.173,UNKNOWN,NEUTRAL,0.546,NORMAL,NONE,TEST,True,AMBIGUOUS,ACTIVE,2026-02-25,2026-06-20
0.249,SUSPECTED,SUPPORTING,0.73,NORMAL,NONE,TEST,True,AMBIGUOUS,ACTIVE,2026-04-22,2026-11-04
0.559,FALSE,CONTRADICTING,0.176,NORMAL,NONE,TEST,True,AMBIGUOUS,UNKNOWN,2026-02-25,2026-07-31
0.467,UNKNOWN,NEUTRAL,0.518,SHARED_DEVICE,NONE,TEST,True,AMBIGUOUS,ACTIVE,2025-12-08,2026-03-25
0.199,SUSPECTED,SUPPORTING,0.82,NORMAL,NONE,TEST,True,AMBIGUOUS,ACTIVE,2026-06-03,2026-10-27
0.125,FALSE,CONTRADICTING,0.401,SHARED_DEVICE,NONE,TEST,True,AMBIGUOUS,ACTIVE,2026-04-04,2026-10-03
0.364,UNKNOWN,NEUTRAL,0.245,NORMAL,NONE,TEST,True,AMBIGUOUS,UNKNOWN,2026-01-18,2026-07-09
0.263,CONFIRMED,SUPPORTING,0.866,NORMAL,NONE,TEST,True,AMBIGUOUS,ACTIVE,2025-09-28,2026-05-10
0.344,UNKNOWN,NEUTRAL,0.433,NORMAL,NONE,TEST,True,AMBIGUOUS,INACTIVE,2026-03-14,2026-08-06
0.379,UNKNOWN,NEUTRAL,0.345,NORMAL,NONE,TEST,True,AMBIGUOUS,ACTIVE,2026-01-04,2026-08-23
0.514,SUSPECTED,SUPPORTING,0.667,NORMAL,NONE,TEST,True,AMBIGUOUS,ACTIVE,2026-03-06,2026-12-16
0.247,UNKNOWN,NEUTRAL,0.322,NORMAL,RELATIONAL_ANOMALY,TEST,True,AMBIGUOUS,ACTIVE,2026-05-31,2026-12-11
0.807,UNKNOWN,NEUTRAL,0.479,STALE_DEVICE,NONE,TEST,True,AMBIGUOUS,ACTIVE,2025-09-21,2026-06-27
0.251,SUSPECTED,SUPPORTING,0.736,NORMAL,POINT_ANOMALY,TRAIN,True,CRIMINAL,ACTIVE,2026-05-30,2026-10-08
0.337,SUSPECTED,SUPPORTING,0.851,NORMAL,NONE,TRAIN,True,CRIMINAL,ACTIVE,2025-08-27,2026-05-04
0.481,CONFIRMED,SUPPORTING,0.907,NORMAL,NONE,TRAIN,True,CRIMINAL,INACTIVE,2025-12-13,2026-02-15
0.165,UNKNOWN,NEUTRAL,0.217,NORMAL,POINT_ANOMALY,TRAIN,True,CRIMINAL,ACTIVE,2026-01-03,2026-05-27
0.42,CONFIRMED,SUPPORTING,0.892,NORMAL,NONE,TRAIN,True,CRIMINAL,ACTIVE,2025-12-12,2026-05-07
0.196,SUSPECTED,SUPPORTING,0.659,NORMAL,NONE,TRAIN,True,CRIMINAL,UNKNOWN,2026-05-16,2026-08-18
0.414,CONFIRMED,SUPPORTING,0.943,NORMAL,NONE,TRAIN,True,CRIMINAL,ACTIVE,2025-10-11,2026-04-06
0.442,CONFIRMED,SUPPORTING,0.968,NORMAL,NONE,TRAIN,True,CRIMINAL,UNKNOWN,2025-09-18,2026-05-14
0.563,SUSPECTED,SUPPORTING,0.582,NORMAL,NONE,TRAIN,True,CRIMINAL,ACTIVE,2026-03-28,2026-07-09
0.24,SUSPECTED,SUPPORTING,0.697,NORMAL,NONE,TRAIN,True,CRIMINAL,ACTIVE,2026-01-09,2026-05-23
0.572,CONFIRMED,SUPPORTING,0.935,NORMAL,NONE,TRAIN,True,CRIMINAL,UNKNOWN,2025-10-24,2026-03-29
0.24,SUSPECTED,SUPPORTING,0.823,NORMAL,NONE,TRAIN,True,CRIMINAL,UNKNOWN,2025-11-20,2026-04-02
0.226,SUSPECTED,SUPPORTING,0.754,NORMAL,NONE,TRAIN,True,CRIMINAL,ACTIVE,2026-03-17,2026-10-12
0.417,FALSE,CONTRADICTING,0.316,NORMAL,NONE,TRAIN,True,CRIMINAL,INACTIVE,2025-12-21,2026-06-09
0.253,CONFIRMED,SUPPORTING,0.846,NORMAL,NONE,TRAIN,True,CRIMINAL,UNKNOWN,2025-12-02,2026-03-17
0.505,CONFIRMED,SUPPORTING,0.844,NORMAL,NONE,TRAIN,True,CRIMINAL,ACTIVE,2026-03-29,2026-11-01
0.573,CONFIRMED,SUPPORTING,0.94,NORMAL,NONE,TRAIN,True,CRIMINAL,ACTIVE,2026-02-11,2026-08-02
0.374,SUSPECTED,SUPPORTING,0.736,NORMAL,NONE,TRAIN,True,CRIMINAL,ACTIVE,2025-12-02,2026-05-29
0.56,UNKNOWN,NEUTRAL,0.487,NORMAL,NONE,TRAIN,True,CRIMINAL,ACTIVE,2025-12-09,2026-10-03
0.676,CONFIRMED,SUPPORTING,0.886,NORMAL,NONE,TRAIN,True,CRIMINAL,ACTIVE,2026-02-28,2026-07-20
0.599,FALSE,CONTRADICTING,0.323,NORMAL,POINT_ANOMALY,TRAIN,True,CRIMINAL,UNKNOWN,2026-05-17,2026-09-22
0.549,CONFIRMED,SUPPORTING,0.99,NORMAL,NONE,TRAIN,True,CRIMINAL,INACTIVE,2025-10-20,2026-01-06
0.203,CONFIRMED,SUPPORTING,0.905,NORMAL,COLLECTIVE_ANOMALY,TRAIN,True,CRIMINAL,ACTIVE,2025-11-14,2026-06-14
0.274,SUSPECTED,SUPPORTING,0.592,NORMAL,NONE,TRAIN,True,CRIMINAL,ACTIVE,2026-03-11,2026-08-31
0.597,SUSPECTED,SUPPORTING,0.718,NORMAL,NONE,TRAIN,True,CRIMINAL,ACTIVE,2026-05-21,2027-01-09
0.574,FALSE,CONTRADICTING,0.259,NORMAL,NONE,TRAIN,True,CRIMINAL,ACTIVE,2026-02-16,2026-07-09
0.416,SUSPECTED,SUPPORTING,0.835,NORMAL,NONE,TRAIN,True,CRIMINAL,ACTIVE,2026-01-07,2026-07-06
0.197,CONFIRMED,SUPPORTING,0.917,NORMAL,TEMPORAL_ANOMALY,TRAIN,True,CRIMINAL,ACTIVE,2025-11-01,2026-06-30
0.446,UNKNOWN,NEUTRAL,0.271,NORMAL,NONE,TRAIN,True,CRIMINAL,INACTIVE,2025-12-08,2026-03-25
0.245,SUSPECTED,SUPPORTING,0.748,NORMAL,CONTEXTUAL_ANOMALY,TRAIN,True,CRIMINAL,UNKNOWN,2026-02-08,2026-08-07
0.346,CONFIRMED,SUPPORTING,0.949,NORMAL,NONE,TRAIN,True,CRIMINAL,ACTIVE,2025-10-07,2026-05-30
0.407,SUSPECTED,SUPPORTING,0.593,NORMAL,NONE,TRAIN,True,CRIMINAL,ACTIVE,2025-10-23,2026-04-18
0.609,CONFIRMED,SUPPORTING,0.867,NORMAL,NONE,TRAIN,True,CRIMINAL,ACTIVE,2026-02-19,2026-09-13
0.242,SUSPECTED,SUPPORTING,0.704,NORMAL,CONTEXTUAL_ANOMALY,TRAIN,True,CRIMINAL,ACTIVE,2025-11-23,2026-09-12
0.048,CONFIRMED,SUPPORTING,0.942,NORMAL,NONE,TRAIN,True,CRIMINAL,INACTIVE,2025-10-27,2026-03-30
0.226,SUSPECTED,SUPPORTING,0.795,NORMAL,NONE,TRAIN,True,CRIMINAL,ACTIVE,2026-03-25,2026-08-16
0.305,SUSPECTED,SUPPORTING,0.719,NORMAL,NONE,TRAIN,True,CRIMINAL,ACTIVE,2026-03-24,2026-11-22
0.174,CONFIRMED,SUPPORTING,0.861,NORMAL,NONE,TRAIN,True,CRIMINAL,ACTIVE,2025-10-22,2026-03-13
0.345,CONFIRMED,SUPPORTING,0.949,NORMAL,NONE,TRAIN,True,CRIMINAL,INACTIVE,2026-04-26,2026-07-21
0.708,CONFIRMED,SUPPORTING,0.873,NORMAL,TEMPORAL_ANOMALY,TRAIN,True,CRIMINAL,ACTIVE,2026-06-05,2026-12-17
0.787,FALSE,CONTRADICTING,0.312,NORMAL,NONE,TRAIN,True,MIXED,ACTIVE,2026-01-16,2026-06-21
0.141,UNKNOWN,NEUTRAL,0.305,NORMAL,POINT_ANOMALY,TRAIN,True,MIXED,ACTIVE,2025-09-09,2026-03-26
0.392,UNKNOWN,NEUTRAL,0.309,NORMAL,NONE,TRAIN,True,MIXED,INACTIVE,2026-03-14,2026-05-30
0.497,UNKNOWN,NEUTRAL,0.549,NORMAL,NONE,TRAIN,True,MIXED,INACTIVE,2025-11-30,2026-01-31
0.182,UNKNOWN,NEUTRAL,0.398,NORMAL,NONE,TRAIN,True,MIXED,ACTIVE,2025-10-26,2026-04-26
0.759,FALSE,CONTRADICTING,0.185,NORMAL,NONE,TRAIN,True,MIXED,INACTIVE,2025-12-26,2026-04-30
0.378,SUSPECTED,SUPPORTING,0.647,DUPLICATE,CONTEXTUAL_ANOMALY,TRAIN,True,MIXED,ACTIVE,2026-01-22,2026-07-27
0.855,SUSPECTED,SUPPORTING,0.681,DUPLICATE,POINT_ANOMALY,TRAIN,True,MIXED,ACTIVE,2025-11-22,2026-05-22
0.26,CONFIRMED,SUPPORTING,0.866,NORMAL,NONE,TRAIN,True,MIXED,ACTIVE,2026-03-18,2026-08-12
0.358,FALSE,CONTRADICTING,0.393,NORMAL,NONE,TRAIN,True,MIXED,ACTIVE,2026-02-03,2026-09-30
0.417,UNKNOWN,NEUTRAL,0.351,NORMAL,NONE,TRAIN,True,MIXED,ACTIVE,2025-09-07,2026-04-22
0.381,SUSPECTED,SUPPORTING,0.735,NORMAL,NONE,TRAIN,True,MIXED,UNKNOWN,2026-01-06,2026-07-27
0.551,FALSE,CONTRADICTING,0.261,NORMAL,NONE,TRAIN,True,MIXED,UNKNOWN,2025-12-15,2026-04-19
0.8,CONFIRMED,SUPPORTING,0.895,NORMAL,NONE,TRAIN,True,MIXED,ACTIVE,2025-11-03,2026-03-22
0.512,FALSE,CONTRADICTING,0.34,RECYCLED_SIM,TEMPORAL_ANOMALY,TRAIN,True,MIXED,UNKNOWN,2026-04-13,2026-06-21
0.245,SUSPECTED,SUPPORTING,0.789,NORMAL,NONE,TRAIN,True,MIXED,ACTIVE,2026-01-23,2026-07-21
0.351,FALSE,CONTRADICTING,0.332,NORMAL,NONE,TRAIN,True,MIXED,ACTIVE,2026-04-26,2026-10-11
0.735,CONFIRMED,SUPPORTING,0.884,NORMAL,NONE,TRAIN,True,MIXED,INACTIVE,2025-11-24,2026-05-03
0.301,CONFIRMED,SUPPORTING,0.879,NORMAL,NONE,TRAIN,True,MIXED,ACTIVE,2025-11-24,2026-05-28
0.257,SUSPECTED,SUPPORTING,0.612,NORMAL,NONE,TRAIN,True,MIXED,INACTIVE,2025-10-21,2026-02-18
0.63,SUSPECTED,SUPPORTING,0.682,NORMAL,NONE,TRAIN,True,MIXED,ACTIVE,2025-10-07,2026-05-13
0.593,SUSPECTED,SUPPORTING,0.854,NORMAL,NONE,TRAIN,True,MIXED,ACTIVE,2026-03-24,2026-10-01
0.227,CONFIRMED,SUPPORTING,0.906,NORMAL,NONE,TRAIN,True,MIXED,INACTIVE,2026-01-19,2026-07-11
0.477,CONFIRMED,SUPPORTING,0.948,NORMAL,NONE,TRAIN,True,MIXED,INACTIVE,2026-04-26,2026-07-10
0.261,UNKNOWN,NEUTRAL,0.371,STALE_DEVICE,NONE,TRAIN,True,MIXED,ACTIVE,2026-05-26,2026-11-10
0.405,FALSE,CONTRADICTING,0.21,RECYCLED_SIM,TEMPORAL_ANOMALY,TRAIN,True,LEGITIMATE,ACTIVE,2026-04-02,2026-10-05
0.375,SUSPECTED,SUPPORTING,0.734,NORMAL,TEMPORAL_ANOMALY,TRAIN,True,LEGITIMATE,UNKNOWN,2025-11-30,2026-03-10
0.391,UNKNOWN,NEUTRAL,0.229,NORMAL,POINT_ANOMALY,TRAIN,True,LEGITIMATE,ACTIVE,2026-05-13,2026-12-22
0.324,UNKNOWN,NEUTRAL,0.372,NORMAL,NONE,TRAIN,True,LEGITIMATE,ACTIVE,2026-04-06,2026-10-02
0.406,FALSE,CONTRADICTING,0.245,NORMAL,CONTEXTUAL_ANOMALY,TRAIN,True,LEGITIMATE,ACTIVE,2025-10-25,2026-05-14
0.508,FALSE,CONTRADICTING,0.199,NORMAL,NONE,VALIDATION,True,LEGITIMATE,ACTIVE,2025-08-07,2026-05-06
0.573,CONFIRMED,SUPPORTING,0.973,NORMAL,NONE,VALIDATION,True,LEGITIMATE,ACTIVE,2025-12-11,2026-08-05
0.409,UNKNOWN,NEUTRAL,0.419,DUPLICATE,NONE,VALIDATION,True,LEGITIMATE,ACTIVE,2026-04-08,2026-10-29
0.421,FALSE,CONTRADICTING,0.148,NORMAL,NONE,VALIDATION,True,LEGITIMATE,UNKNOWN,2025-11-05,2026-04-09
0.437,CONFIRMED,SUPPORTING,0.873,NORMAL,NONE,VALIDATION,True,LEGITIMATE,ACTIVE,2026-03-13,2026-07-03
0.206,CONFIRMED,SUPPORTING,0.882,NORMAL,RELATIONAL_ANOMALY,VALIDATION,True,LEGITIMATE,ACTIVE,2025-11-08,2026-03-11
0.466,FALSE,CONTRADICTING,0.236,NORMAL,POINT_ANOMALY,VALIDATION,True,LEGITIMATE,UNKNOWN,2025-11-16,2026-02-16
0.709,CONFIRMED,SUPPORTING,0.95,NORMAL,NONE,VALIDATION,True,LEGITIMATE,UNKNOWN,2026-02-09,2026-06-07
0.136,FALSE,CONTRADICTING,0.3,NORMAL,CONTEXTUAL_ANOMALY,VALIDATION,True,LEGITIMATE,ACTIVE,2026-02-27,2026-08-19
0.251,FALSE,CONTRADICTING,0.306,NORMAL,NONE,VALIDATION,True,LEGITIMATE,ACTIVE,2025-11-27,2026-09-22
0.307,UNKNOWN,NEUTRAL,0.275,NORMAL,NONE,VALIDATION,True,LEGITIMATE,ACTIVE,2025-12-27,2026-06-09
0.579,SUSPECTED,SUPPORTING,0.78,NORMAL,NONE,VALIDATION,True,LEGITIMATE,INACTIVE,2026-02-04,2026-06-23
0.532,UNKNOWN,NEUTRAL,0.254,NORMAL,NONE,VALIDATION,True,LEGITIMATE,ACTIVE,2026-05-08,2026-09-20
0.291,SUSPECTED,SUPPORTING,0.641,NORMAL,NONE,VALIDATION,True,LEGITIMATE,UNKNOWN,2026-03-22,2026-06-24
0.743,UNKNOWN,NEUTRAL,0.548,NORMAL,NONE,VALIDATION,True,LEGITIMATE,ACTIVE,2025-09-12,2026-03-07
0.102,FALSE,CONTRADICTING,0.284,NORMAL,COLLECTIVE_ANOMALY,TEST,True,AMBIGUOUS,ACTIVE,2026-04-10,2026-09-09
0.419,SUSPECTED,SUPPORTING,0.795,NORMAL,NONE,TEST,True,AMBIGUOUS,ACTIVE,2026-04-26,2027-01-13
0.51,UNKNOWN,NEUTRAL,0.427,NORMAL,NONE,TEST,True,AMBIGUOUS,INACTIVE,2025-10-20,2026-04-12
0.581,FALSE,CONTRADICTING,0.233,NORMAL,NONE,TEST,True,AMBIGUOUS,UNKNOWN,2026-03-06,2026-10-05
0.415,UNKNOWN,NEUTRAL,0.238,NORMAL,NONE,TEST,True,AMBIGUOUS,UNKNOWN,2026-01-02,2026-06-04
0.363,UNKNOWN,NEUTRAL,0.205,NORMAL,NONE,TEST,True,AMBIGUOUS,ACTIVE,2025-10-06,2026-05-18
0.342,UNKNOWN,NEUTRAL,0.34,NORMAL,TEMPORAL_ANOMALY,TEST,True,AMBIGUOUS,UNKNOWN,2026-05-29,2026-10-14
0.605,UNKNOWN,NEUTRAL,0.267,NORMAL,NONE,TEST,True,AMBIGUOUS,ACTIVE,2026-05-31,2026-11-26
0.131,UNKNOWN,NEUTRAL,0.212,NORMAL,COLLECTIVE_ANOMALY,TEST,True,AMBIGUOUS,ACTIVE,2025-11-27,2026-05-13
0.562,UNKNOWN,NEUTRAL,0.546,NORMAL,NONE,TEST,True,AMBIGUOUS,UNKNOWN,2025-11-21,2026-05-31
0.11,UNKNOWN,NEUTRAL,0.522,NORMAL,CONTEXTUAL_ANOMALY,TEST,True,AMBIGUOUS,INACTIVE,2026-04-08,2026-07-27
0.731,SUSPECTED,SUPPORTING,0.811,NORMAL,NONE,TEST,True,AMBIGUOUS,ACTIVE,2025-11-29,2026-09-02
0.322,SUSPECTED,SUPPORTING,0.623,NORMAL,NONE,TEST,True,AMBIGUOUS,INACTIVE,2026-03-20,2026-08-15
0.476,UNKNOWN,NEUTRAL,0.24,NORMAL,RELATIONAL_ANOMALY,TEST,True,AMBIGUOUS,ACTIVE,2026-04-20,2026-11-13
0.486,UNKNOWN,NEUTRAL,0.491,NORMAL,NONE,TEST,True,AMBIGUOUS,UNKNOWN,2025-11-03,2026-05-09
0.55,CONFIRMED,SUPPORTING,0.874,NORMAL,NONE,TRAIN,True,CRIMINAL,ACTIVE,2026-05-09,2026-11-25
0.507,CONFIRMED,SUPPORTING,0.834,NORMAL,CONTEXTUAL_ANOMALY,TRAIN,True,CRIMINAL,ACTIVE,2025-09-30,2026-04-23
0.423,SUSPECTED,SUPPORTING,0.705,NORMAL,NONE,TRAIN,True,CRIMINAL,ACTIVE,2025-10-21,2026-06-05
0.647,SUSPECTED,SUPPORTING,0.795,NORMAL,NONE,TRAIN,True,CRIMINAL,ACTIVE,2025-12-07,2026-06-23
0.26,SUSPECTED,SUPPORTING,0.858,NORMAL,NONE,TRAIN,True,CRIMINAL,ACTIVE,2025-10-22,2026-06-01
0.226,SUSPECTED,SUPPORTING,0.591,NORMAL,COLLECTIVE_ANOMALY,TRAIN,True,CRIMINAL,INACTIVE,2026-03-06,2026-06-28
0.21,CONFIRMED,SUPPORTING,0.891,NORMAL,NONE,TRAIN,True,CRIMINAL,UNKNOWN,2025-09-23,2026-03-03
0.514,SUSPECTED,SUPPORTING,0.792,NORMAL,TEMPORAL_ANOMALY,TRAIN,True,CRIMINAL,UNKNOWN,2025-10-03,2026-03-22
0.428,UNKNOWN,NEUTRAL,0.407,NORMAL,NONE,TRAIN,True,CRIMINAL,ACTIVE,2026-02-02,2026-10-18
0.787,SUSPECTED,SUPPORTING,0.672,NORMAL,NONE,TRAIN,True,CRIMINAL,ACTIVE,2025-12-18,2026-07-03
0.485,CONFIRMED,SUPPORTING,0.982,NORMAL,NONE,TRAIN,True,CRIMINAL,ACTIVE,2025-09-12,2026-06-13
0.102,CONFIRMED,SUPPORTING,0.852,NORMAL,NONE,TRAIN,True,CRIMINAL,ACTIVE,2026-01-03,2026-04-21
0.353,CONFIRMED,SUPPORTING,0.928,NORMAL,NONE,TRAIN,True,CRIMINAL,ACTIVE,2026-03-27,2026-08-29
0.396,CONFIRMED,SUPPORTING,0.94,STALE_DEVICE,COLLECTIVE_ANOMALY,TRAIN,True,CRIMINAL,ACTIVE,2026-04-02,2026-09-14
0.608,CONFIRMED,SUPPORTING,0.949,NORMAL,NONE,TRAIN,True,CRIMINAL,ACTIVE,2025-08-17,2026-03-18
0.404,FALSE,CONTRADICTING,0.259,NORMAL,NONE,TRAIN,True,CRIMINAL,ACTIVE,2026-02-21,2026-09-27
0.092,SUSPECTED,SUPPORTING,0.765,NORMAL,NONE,TRAIN,True,CRIMINAL,ACTIVE,2026-03-07,2026-10-26
0.494,FALSE,CONTRADICTING,0.415,NORMAL,NONE,TRAIN,True,CRIMINAL,UNKNOWN,2025-11-23,2026-04-23
0.227,FALSE,CONTRADICTING,0.399,NORMAL,NONE,TRAIN,True,CRIMINAL,ACTIVE,2026-01-24,2026-09-11
0.69,CONFIRMED,SUPPORTING,0.837,NORMAL,TEMPORAL_ANOMALY,TRAIN,True,CRIMINAL,ACTIVE,2026-02-01,2026-07-16
0.806,CONFIRMED,SUPPORTING,0.837,DUPLICATE,NONE,TRAIN,True,CRIMINAL,ACTIVE,2026-03-05,2026-10-01
0.545,SUSPECTED,SUPPORTING,0.714,NORMAL,NONE,TRAIN,True,CRIMINAL,ACTIVE,2025-11-02,2026-04-21
0.423,SUSPECTED,SUPPORTING,0.589,NORMAL,NONE,TRAIN,True,CRIMINAL,UNKNOWN,2025-11-17,2026-04-01
0.204,FALSE,CONTRADICTING,0.248,NORMAL,NONE,TRAIN,True,CRIMINAL,ACTIVE,2026-03-16,2026-10-04
0.056,SUSPECTED,SUPPORTING,0.804,NORMAL,NONE,TRAIN,True,CRIMINAL,ACTIVE,2026-06-18,2026-10-26
0.207,SUSPECTED,SUPPORTING,0.631,NORMAL,NONE,TRAIN,True,CRIMINAL,UNKNOWN,2026-03-27,2026-07-06
0.069,CONFIRMED,SUPPORTING,0.971,NORMAL,NONE,TRAIN,True,CRIMINAL,ACTIVE,2026-01-14,2026-06-27
0.065,UNKNOWN,NEUTRAL,0.329,STALE_DEVICE,NONE,TRAIN,True,CRIMINAL,ACTIVE,2025-10-19,2026-07-11
0.275,FALSE,CONTRADICTING,0.18,NORMAL,NONE,TRAIN,True,CRIMINAL,ACTIVE,2025-12-11,2026-06-05
0.642,CONFIRMED,SUPPORTING,0.943,NORMAL,NONE,TRAIN,True,CRIMINAL,ACTIVE,2025-12-17,2026-06-25
0.659,SUSPECTED,SUPPORTING,0.735,NORMAL,RELATIONAL_ANOMALY,TRAIN,True,CRIMINAL,ACTIVE,2026-01-06,2026-05-14
0.347,CONFIRMED,SUPPORTING,0.968,NORMAL,NONE,TRAIN,True,CRIMINAL,INACTIVE,2025-09-19,2026-02-10
0.276,SUSPECTED,SUPPORTING,0.675,NORMAL,NONE,TRAIN,True,CRIMINAL,ACTIVE,2026-01-12,2026-07-31
0.436,UNKNOWN,NEUTRAL,0.249,NORMAL,POINT_ANOMALY,TRAIN,True,CRIMINAL,ACTIVE,2025-12-27,2026-09-06
0.296,SUSPECTED,SUPPORTING,0.592,NORMAL,CONTEXTUAL_ANOMALY,TRAIN,True,CRIMINAL,ACTIVE,2025-11-23,2026-07-15
0.413,SUSPECTED,SUPPORTING,0.729,SHARED_DEVICE,NONE,TRAIN,True,CRIMINAL,ACTIVE,2026-04-06,2026-11-01
0.279,CONFIRMED,SUPPORTING,0.885,NORMAL,CONTEXTUAL_ANOMALY,TRAIN,True,CRIMINAL,ACTIVE,2026-03-01,2026-12-02
0.21,SUSPECTED,SUPPORTING,0.757,NORMAL,CONTEXTUAL_ANOMALY,TRAIN,True,CRIMINAL,UNKNOWN,2025-11-24,2026-04-04
0.589,UNKNOWN,NEUTRAL,0.525,NORMAL,TEMPORAL_ANOMALY,TRAIN,True,CRIMINAL,ACTIVE,2026-05-05,2026-10-09
0.123,FALSE,CONTRADICTING,0.245,NORMAL,RELATIONAL_ANOMALY,TRAIN,True,CRIMINAL,INACTIVE,2026-02-21,2026-08-04
0.405,SUSPECTED,SUPPORTING,0.736,NORMAL,NONE,TRAIN,True,MIXED,ACTIVE,2025-11-05,2026-05-16
0.313,SUSPECTED,SUPPORTING,0.813,NORMAL,NONE,TRAIN,True,MIXED,ACTIVE,2025-10-28,2026-04-15
0.467,CONFIRMED,SUPPORTING,0.964,NORMAL,NONE,TRAIN,True,MIXED,ACTIVE,2026-02-06,2026-11-10
0.097,UNKNOWN,NEUTRAL,0.348,NORMAL,NONE,TRAIN,True,MIXED,ACTIVE,2025-11-16,2026-03-16
0.325,SUSPECTED,SUPPORTING,0.679,NORMAL,NONE,TRAIN,True,MIXED,ACTIVE,2025-12-10,2026-07-04
0.147,CONFIRMED,SUPPORTING,0.877,NORMAL,TEMPORAL_ANOMALY,TRAIN,True,MIXED,ACTIVE,2025-11-19,2026-08-15
0.325,SUSPECTED,SUPPORTING,0.72,NORMAL,NONE,TRAIN,True,MIXED,ACTIVE,2026-01-10,2026-06-27
0.749,UNKNOWN,NEUTRAL,0.237,NORMAL,NONE,TRAIN,True,MIXED,ACTIVE,2026-02-21,2026-06-08
0.256,SUSPECTED,SUPPORTING,0.765,NORMAL,NONE,TRAIN,True,MIXED,ACTIVE,2026-03-13,2026-07-03
0.078,SUSPECTED,SUPPORTING,0.621,NORMAL,NONE,TRAIN,True,MIXED,ACTIVE,2026-04-04,2026-11-28
0.165,CONFIRMED,SUPPORTING,0.949,NORMAL,NONE,TRAIN,True,MIXED,UNKNOWN,2026-01-08,2026-06-10
0.6,CONFIRMED,SUPPORTING,0.948,NORMAL,NONE,TRAIN,True,MIXED,INACTIVE,2025-11-09,2026-04-25
0.29,UNKNOWN,NEUTRAL,0.295,NORMAL,NONE,TRAIN,True,MIXED,ACTIVE,2025-12-13,2026-06-25
0.282,FALSE,CONTRADICTING,0.31,NORMAL,NONE,TRAIN,True,MIXED,ACTIVE,2025-09-04,2026-04-27
0.245,CONFIRMED,SUPPORTING,0.93,NORMAL,NONE,TRAIN,True,MIXED,ACTIVE,2025-12-17,2026-06-29
0.331,SUSPECTED,SUPPORTING,0.859,NORMAL,NONE,TRAIN,True,MIXED,UNKNOWN,2026-01-29,2026-07-06
0.275,CONFIRMED,SUPPORTING,0.877,DUPLICATE,NONE,TRAIN,True,MIXED,ACTIVE,2026-05-15,2026-10-04
0.799,UNKNOWN,NEUTRAL,0.207,NORMAL,NONE,TRAIN,True,MIXED,ACTIVE,2026-03-16,2026-09-17
0.345,SUSPECTED,SUPPORTING,0.688,NORMAL,COLLECTIVE_ANOMALY,TRAIN,True,MIXED,ACTIVE,2025-11-16,2026-04-12
0.481,UNKNOWN,NEUTRAL,0.393,DUPLICATE,COLLECTIVE_ANOMALY,TRAIN,True,MIXED,ACTIVE,2025-10-13,2026-06-03
0.748,FALSE,CONTRADICTING,0.306,NORMAL,NONE,TRAIN,True,MIXED,INACTIVE,2025-07-13,2025-12-30
0.366,SUSPECTED,SUPPORTING,0.784,NORMAL,NONE,TRAIN,True,MIXED,UNKNOWN,2026-06-02,2026-10-13
0.554,SUSPECTED,SUPPORTING,0.755,NORMAL,NONE,TRAIN,True,MIXED,ACTIVE,2026-04-25,2026-12-16
0.599,SUSPECTED,SUPPORTING,0.704,NORMAL,NONE,TRAIN,True,MIXED,ACTIVE,2026-05-31,2026-11-09
0.393,SUSPECTED,SUPPORTING,0.835,NORMAL,NONE,TRAIN,True,MIXED,UNKNOWN,2026-04-14,2026-10-04
0.387,FALSE,CONTRADICTING,0.131,NORMAL,NONE,TRAIN,True,LEGITIMATE,UNKNOWN,2026-05-06,2026-09-10
0.448,UNKNOWN,NEUTRAL,0.251,NORMAL,NONE,TRAIN,True,LEGITIMATE,ACTIVE,2025-08-25,2026-04-20
0.228,FALSE,CONTRADICTING,0.162,NORMAL,NONE,TRAIN,True,LEGITIMATE,ACTIVE,2026-03-28,2026-11-09
0.012,FALSE,CONTRADICTING,0.251,NORMAL,NONE,TRAIN,True,LEGITIMATE,ACTIVE,2026-03-25,2026-07-28
0.614,FALSE,CONTRADICTING,0.249,NORMAL,RELATIONAL_ANOMALY,TRAIN,True,LEGITIMATE,ACTIVE,2026-01-01,2026-07-27
0.261,UNKNOWN,NEUTRAL,0.425,NORMAL,NONE,VALIDATION,True,LEGITIMATE,INACTIVE,2025-06-28,2025-12-21
0.071,UNKNOWN,NEUTRAL,0.268,NORMAL,NONE,VALIDATION,True,LEGITIMATE,ACTIVE,2026-01-24,2026-07-28
0.366,FALSE,CONTRADICTING,0.237,NORMAL,NONE,VALIDATION,True,LEGITIMATE,ACTIVE,2026-03-03,2026-12-01
0.205,UNKNOWN,NEUTRAL,0.418,NORMAL,NONE,VALIDATION,True,LEGITIMATE,UNKNOWN,2025-12-10,2026-04-03
0.325,UNKNOWN,NEUTRAL,0.473,NORMAL,NONE,VALIDATION,True,LEGITIMATE,ACTIVE,2025-11-19,2026-06-06
0.301,UNKNOWN,NEUTRAL,0.228,NORMAL,NONE,VALIDATION,True,LEGITIMATE,ACTIVE,2025-09-22,2026-02-28
0.224,SUSPECTED,SUPPORTING,0.635,NORMAL,NONE,VALIDATION,True,LEGITIMATE,ACTIVE,2025-08-30,2026-03-01
0.4,FALSE,CONTRADICTING,0.352,NORMAL,NONE,VALIDATION,True,LEGITIMATE,ACTIVE,2026-02-18,2026-07-07
0.281,FALSE,CONTRADICTING,0.211,NORMAL,NONE,VALIDATION,True,LEGITIMATE,ACTIVE,2026-01-20,2026-09-25
0.79,UNKNOWN,NEUTRAL,0.455,DUPLICATE,NONE,VALIDATION,True,LEGITIMATE,ACTIVE,2025-12-01,2026-09-03
0.475,UNKNOWN,NEUTRAL,0.447,NORMAL,NONE,VALIDATION,True,LEGITIMATE,INACTIVE,2025-11-02,2026-04-07
0.493,SUSPECTED,SUPPORTING,0.585,NORMAL,COLLECTIVE_ANOMALY,VALIDATION,True,LEGITIMATE,ACTIVE,2026-02-27,2026-10-07
0.635,FALSE,CONTRADICTING,0.166,NORMAL,NONE,VALIDATION,True,LEGITIMATE,ACTIVE,2026-05-20,2026-11-24
0.27,FALSE,CONTRADICTING,0.138,NORMAL,NONE,VALIDATION,True,LEGITIMATE,UNKNOWN,2026-03-24,2026-07-02
0.806,UNKNOWN,NEUTRAL,0.367,NORMAL,CONTEXTUAL_ANOMALY,VALIDATION,True,LEGITIMATE,ACTIVE,2025-11-06,2026-04-07
0.323,UNKNOWN,NEUTRAL,0.269,NORMAL,NONE,TEST,True,AMBIGUOUS,ACTIVE,2026-06-11,2026-09-19
0.432,UNKNOWN,NEUTRAL,0.37,NORMAL,NONE,TEST,True,AMBIGUOUS,ACTIVE,2026-06-24,2026-12-31
0.346,SUSPECTED,SUPPORTING,0.6,NORMAL,NONE,TEST,True,AMBIGUOUS,ACTIVE,2025-12-07,2026-06-18
0.244,SUSPECTED,SUPPORTING,0.774,NORMAL,NONE,TEST,True,AMBIGUOUS,ACTIVE,2026-03-29,2026-11-22
0.217,SUSPECTED,SUPPORTING,0.728,NORMAL,NONE,TEST,True,AMBIGUOUS,ACTIVE,2025-11-15,2026-07-05
0.461,UNKNOWN,NEUTRAL,0.242,NORMAL,NONE,TEST,True,AMBIGUOUS,ACTIVE,2025-10-13,2026-05-12
0.376,UNKNOWN,NEUTRAL,0.505,NORMAL,NONE,TEST,True,AMBIGUOUS,UNKNOWN,2026-06-09,2026-11-15
0.41,CONFIRMED,SUPPORTING,0.945,NORMAL,NONE,TEST,True,AMBIGUOUS,ACTIVE,2026-05-23,2026-10-28
0.852,SUSPECTED,SUPPORTING,0.775,NORMAL,NONE,TEST,True,AMBIGUOUS,ACTIVE,2025-10-28,2026-05-08
0.675,UNKNOWN,NEUTRAL,0.3,DUPLICATE,NONE,TEST,True,AMBIGUOUS,UNKNOWN,2025-11-16,2026-04-06
0.296,UNKNOWN,NEUTRAL,0.285,NORMAL,NONE,TEST,True,AMBIGUOUS,ACTIVE,2026-03-09,2026-10-07
0.333,FALSE,CONTRADICTING,0.405,NORMAL,NONE,TEST,True,AMBIGUOUS,INACTIVE,2026-01-08,2026-03-22
0.433,UNKNOWN,NEUTRAL,0.469,NORMAL,NONE,TEST,True,AMBIGUOUS,ACTIVE,2026-03-22,2026-10-01
0.35,UNKNOWN,NEUTRAL,0.319,NORMAL,CONTEXTUAL_ANOMALY,TEST,True,AMBIGUOUS,ACTIVE,2026-04-28,2026-11-04
0.358,SUSPECTED,SUPPORTING,0.745,NORMAL,NONE,TEST,True,AMBIGUOUS,ACTIVE,2025-11-23,2026-04-26
0.19,SUSPECTED,SUPPORTING,0.711,NORMAL,NONE,TRAIN,True,CRIMINAL,ACTIVE,2026-05-10,2026-12-11
0.813,SUSPECTED,SUPPORTING,0.775,NORMAL,NONE,TRAIN,True,CRIMINAL,ACTIVE,2025-10-03,2026-03-21
0.486,FALSE,CONTRADICTING,0.168,NORMAL,NONE,TRAIN,True,CRIMINAL,ACTIVE,2025-12-10,2026-06-18
0.632,SUSPECTED,SUPPORTING,0.68,NORMAL,NONE,TRAIN,True,CRIMINAL,INACTIVE,2025-09-09,2026-02-05
0.511,SUSPECTED,SUPPORTING,0.742,NORMAL,RELATIONAL_ANOMALY,TRAIN,True,CRIMINAL,UNKNOWN,2025-11-30,2026-06-20
0.223,SUSPECTED,SUPPORTING,0.829,NORMAL,NONE,TRAIN,True,CRIMINAL,ACTIVE,2026-04-08,2026-09-23
0.536,CONFIRMED,SUPPORTING,0.926,NORMAL,NONE,TRAIN,True,CRIMINAL,ACTIVE,2025-09-17,2026-05-30
0.262,SUSPECTED,SUPPORTING,0.588,NORMAL,NONE,TRAIN,True,CRIMINAL,ACTIVE,2025-10-23,2026-05-18
0.488,UNKNOWN,NEUTRAL,0.444,NORMAL,NONE,TRAIN,True,CRIMINAL,ACTIVE,2026-04-16,2026-09-29
0.684,CONFIRMED,SUPPORTING,0.986,NORMAL,NONE,TRAIN,True,CRIMINAL,UNKNOWN,2025-12-18,2026-06-14
0.665,CONFIRMED,SUPPORTING,0.904,NORMAL,NONE,TRAIN,True,CRIMINAL,ACTIVE,2026-01-02,2026-05-14
0.511,FALSE,CONTRADICTING,0.205,NORMAL,NONE,TRAIN,True,CRIMINAL,ACTIVE,2025-12-07,2026-04-09
0.863,SUSPECTED,SUPPORTING,0.834,NORMAL,NONE,TRAIN,True,CRIMINAL,ACTIVE,2026-02-13,2026-08-08
0.42,CONFIRMED,SUPPORTING,0.982,NORMAL,NONE,TRAIN,True,CRIMINAL,ACTIVE,2026-02-21,2026-11-03
0.593,SUSPECTED,SUPPORTING,0.595,NORMAL,NONE,TRAIN,True,CRIMINAL,ACTIVE,2025-11-15,2026-06-07
0.098,CONFIRMED,SUPPORTING,0.938,NORMAL,NONE,TRAIN,True,CRIMINAL,ACTIVE,2026-03-11,2026-10-15
0.032,CONFIRMED,SUPPORTING,0.979,NORMAL,NONE,TRAIN,True,CRIMINAL,ACTIVE,2026-03-10,2026-09-20
0.567,CONFIRMED,SUPPORTING,0.829,STALE_DEVICE,NONE,TRAIN,True,CRIMINAL,ACTIVE,2025-11-02,2026-05-21
0.306,CONFIRMED,SUPPORTING,0.894,NORMAL,NONE,TRAIN,True,CRIMINAL,INACTIVE,2025-11-19,2026-04-17
0.195,CONFIRMED,SUPPORTING,0.909,NORMAL,NONE,TRAIN,True,CRIMINAL,ACTIVE,2026-02-19,2026-06-16
0.456,SUSPECTED,SUPPORTING,0.793,NORMAL,NONE,TRAIN,True,CRIMINAL,INACTIVE,2026-05-01,2026-08-05
0.113,SUSPECTED,SUPPORTING,0.821,NORMAL,NONE,TRAIN,True,CRIMINAL,ACTIVE,2025-09-19,2026-03-19
0.368,SUSPECTED,SUPPORTING,0.793,NORMAL,NONE,TRAIN,True,CRIMINAL,ACTIVE,2025-11-26,2026-05-29
0.892,CONFIRMED,SUPPORTING,0.919,NORMAL,NONE,TRAIN,True,CRIMINAL,UNKNOWN,2026-04-06,2026-08-02
0.537,CONFIRMED,SUPPORTING,0.975,NORMAL,NONE,TRAIN,True,CRIMINAL,ACTIVE,2026-03-12,2026-10-05
0.486,CONFIRMED,SUPPORTING,0.899,NORMAL,NONE,TRAIN,True,CRIMINAL,ACTIVE,2026-03-02,2026-06-15
0.943,FALSE,CONTRADICTING,0.276,NORMAL,NONE,TRAIN,True,CRIMINAL,ACTIVE,2025-11-26,2026-06-29
0.263,SUSPECTED,SUPPORTING,0.771,NORMAL,NONE,TRAIN,True,CRIMINAL,UNKNOWN,2025-11-29,2026-06-28
0.087,CONFIRMED,SUPPORTING,0.939,NORMAL,NONE,TRAIN,True,CRIMINAL,ACTIVE,2026-02-06,2026-06-02
0.281,CONFIRMED,SUPPORTING,0.909,NORMAL,NONE,TRAIN,True,CRIMINAL,ACTIVE,2026-01-22,2026-07-23
0.76,CONFIRMED,SUPPORTING,0.885,NORMAL,NONE,TRAIN,True,CRIMINAL,ACTIVE,2025-12-19,2026-07-21
0.295,CONFIRMED,SUPPORTING,0.86,NORMAL,NONE,TRAIN,True,CRIMINAL,UNKNOWN,2026-01-07,2026-05-12
0.322,CONFIRMED,SUPPORTING,0.829,NORMAL,NONE,TRAIN,True,CRIMINAL,ACTIVE,2026-02-19,2026-08-11
0.518,CONFIRMED,SUPPORTING,0.853,NORMAL,NONE,TRAIN,True,CRIMINAL,UNKNOWN,2026-03-20,2026-06-22
0.094,CONFIRMED,SUPPORTING,0.947,NORMAL,RELATIONAL_ANOMALY,TRAIN,True,CRIMINAL,INACTIVE,2026-02-08,2026-04-12
0.688,UNKNOWN,NEUTRAL,0.293,NORMAL,NONE,TRAIN,True,CRIMINAL,ACTIVE,2026-03-29,2026-09-06
0.347,SUSPECTED,SUPPORTING,0.682,NORMAL,NONE,TRAIN,True,CRIMINAL,ACTIVE,2026-06-11,2026-10-09
0.296,UNKNOWN,NEUTRAL,0.442,NORMAL,NONE,TRAIN,True,CRIMINAL,ACTIVE,2025-12-06,2026-06-20
0.614,SUSPECTED,SUPPORTING,0.75,NORMAL,NONE,TRAIN,True,CRIMINAL,ACTIVE,2026-03-19,2026-11-27
0.082,FALSE,CONTRADICTING,0.126,NORMAL,COLLECTIVE_ANOMALY,TRAIN,True,CRIMINAL,UNKNOWN,2026-06-18,2026-11-04
0.497,UNKNOWN,NEUTRAL,0.405,NORMAL,NONE,TRAIN,True,MIXED,ACTIVE,2026-01-14,2026-04-21
0.457,SUSPECTED,SUPPORTING,0.709,NORMAL,NONE,TRAIN,True,MIXED,ACTIVE,2025-11-14,2026-04-13
0.286,SUSPECTED,SUPPORTING,0.771,NORMAL,NONE,TRAIN,True,MIXED,UNKNOWN,2026-04-06,2026-07-30
0.327,UNKNOWN,NEUTRAL,0.462,NORMAL,NONE,TRAIN,True,MIXED,UNKNOWN,2025-12-15,2026-05-10
0.174,CONFIRMED,SUPPORTING,0.985,NORMAL,CONTEXTUAL_ANOMALY,TRAIN,True,MIXED,UNKNOWN,2025-10-14,2026-04-26
0.351,UNKNOWN,NEUTRAL,0.475,NORMAL,CONTEXTUAL_ANOMALY,TRAIN,True,MIXED,ACTIVE,2025-12-19,2026-07-30
0.681,CONFIRMED,SUPPORTING,0.922,NORMAL,CONTEXTUAL_ANOMALY,TRAIN,True,MIXED,ACTIVE,2026-02-13,2026-08-09
0.6,SUSPECTED,SUPPORTING,0.725,NORMAL,NONE,TRAIN,True,MIXED,ACTIVE,2026-01-22,2026-06-15
0.3,UNKNOWN,NEUTRAL,0.331,NORMAL,NONE,TRAIN,True,MIXED,ACTIVE,2025-12-25,2026-08-06
0.052,SUSPECTED,SUPPORTING,0.779,NORMAL,NONE,TRAIN,True,MIXED,ACTIVE,2026-02-24,2026-11-05
0.465,CONFIRMED,SUPPORTING,0.944,NORMAL,NONE,TRAIN,True,MIXED,ACTIVE,2025-12-17,2026-05-09
0.212,CONFIRMED,SUPPORTING,0.856,NORMAL,NONE,TRAIN,True,MIXED,ACTIVE,2026-03-02,2026-06-11
0.17,CONFIRMED,SUPPORTING,0.863,NORMAL,NONE,TRAIN,True,MIXED,ACTIVE,2025-12-13,2026-05-31
0.701,CONFIRMED,SUPPORTING,0.858,NORMAL,NONE,TRAIN,True,MIXED,ACTIVE,2025-10-08,2026-04-10
0.718,CONFIRMED,SUPPORTING,0.956,NORMAL,NONE,TRAIN,True,MIXED,ACTIVE,2026-03-28,2026-08-01
0.686,CONFIRMED,SUPPORTING,0.831,NORMAL,NONE,TRAIN,True,MIXED,ACTIVE,2025-12-17,2026-07-07
0.536,UNKNOWN,NEUTRAL,0.322,NORMAL,NONE,TRAIN,True,MIXED,INACTIVE,2026-03-22,2026-06-12
0.809,CONFIRMED,SUPPORTING,0.859,NORMAL,CONTEXTUAL_ANOMALY,TRAIN,True,MIXED,INACTIVE,2025-12-02,2026-04-24
0.159,CONFIRMED,SUPPORTING,0.83,NORMAL,NONE,TRAIN,True,MIXED,INACTIVE,2025-08-25,2026-02-09
0.243,FALSE,CONTRADICTING,0.268,NORMAL,NONE,TRAIN,True,MIXED,ACTIVE,2025-09-20,2026-04-17
0.299,UNKNOWN,NEUTRAL,0.509,NORMAL,NONE,TRAIN,True,MIXED,UNKNOWN,2025-10-09,2026-04-12
0.319,SUSPECTED,SUPPORTING,0.844,NORMAL,RELATIONAL_ANOMALY,TRAIN,True,MIXED,ACTIVE,2026-03-28,2026-08-20
0.137,SUSPECTED,SUPPORTING,0.638,NORMAL,NONE,TRAIN,True,MIXED,INACTIVE,2026-02-26,2026-07-20
0.817,SUSPECTED,SUPPORTING,0.731,NORMAL,NONE,TRAIN,True,MIXED,ACTIVE,2026-04-20,2026-10-22
0.512,UNKNOWN,NEUTRAL,0.541,NORMAL,NONE,TRAIN,True,MIXED,ACTIVE,2026-04-11,2026-09-29
0.166,FALSE,CONTRADICTING,0.377,NORMAL,NONE,TRAIN,True,LEGITIMATE,ACTIVE,2026-03-20,2026-09-19
0.741,CONFIRMED,SUPPORTING,0.83,NORMAL,TEMPORAL_ANOMALY,TRAIN,True,LEGITIMATE,ACTIVE,2025-09-05,2026-04-18
0.258,FALSE,CONTRADICTING,0.392,NORMAL,NONE,TRAIN,True,LEGITIMATE,ACTIVE,2026-04-07,2026-11-01
0.432,UNKNOWN,NEUTRAL,0.394,NORMAL,CONTEXTUAL_ANOMALY,TRAIN,True,LEGITIMATE,INACTIVE,2026-02-23,2026-06-11
0.568,UNKNOWN,NEUTRAL,0.394,NORMAL,NONE,TRAIN,True,LEGITIMATE,ACTIVE,2026-01-14,2026-08-15
0.161,FALSE,CONTRADICTING,0.336,NORMAL,NONE,VALIDATION,True,LEGITIMATE,INACTIVE,2025-10-21,2025-12-21
0.223,FALSE,CONTRADICTING,0.306,NORMAL,NONE,VALIDATION,True,LEGITIMATE,ACTIVE,2025-12-29,2026-07-15
0.309,FALSE,CONTRADICTING,0.128,NORMAL,COLLECTIVE_ANOMALY,VALIDATION,True,LEGITIMATE,ACTIVE,2026-02-26,2026-09-10
0.195,UNKNOWN,NEUTRAL,0.391,NORMAL,NONE,VALIDATION,True,LEGITIMATE,ACTIVE,2025-08-22,2026-04-06
0.583,FALSE,CONTRADICTING,0.302,NORMAL,NONE,VALIDATION,True,LEGITIMATE,ACTIVE,2026-01-26,2026-07-13
0.561,UNKNOWN,NEUTRAL,0.472,NORMAL,NONE,VALIDATION,True,LEGITIMATE,ACTIVE,2025-08-12,2026-04-23
0.387,FALSE,CONTRADICTING,0.268,NORMAL,RELATIONAL_ANOMALY,VALIDATION,True,LEGITIMATE,ACTIVE,2025-11-22,2026-02-27
0.524,SUSPECTED,SUPPORTING,0.711,NORMAL,NONE,VALIDATION,True,LEGITIMATE,ACTIVE,2025-11-10,2026-08-07
0.808,FALSE,CONTRADICTING,0.401,NORMAL,NONE,VALIDATION,True,LEGITIMATE,INACTIVE,2026-03-07,2026-05-25
0.526,FALSE,CONTRADICTING,0.346,NORMAL,NONE,VALIDATION,True,LEGITIMATE,ACTIVE,2026-03-12,2026-06-02
0.096,UNKNOWN,NEUTRAL,0.284,NORMAL,NONE,VALIDATION,True,LEGITIMATE,UNKNOWN,2026-02-01,2026-06-16
0.206,UNKNOWN,NEUTRAL,0.214,NORMAL,POINT_ANOMALY,VALIDATION,True,LEGITIMATE,INACTIVE,2026-04-03,2026-06-25
0.337,FALSE,CONTRADICTING,0.399,NORMAL,NONE,VALIDATION,True,LEGITIMATE,ACTIVE,2026-05-13,2026-10-09
0.751,FALSE,CONTRADICTING,0.121,NORMAL,NONE,VALIDATION,True,LEGITIMATE,ACTIVE,2026-01-26,2026-08-17
0.564,CONFIRMED,SUPPORTING,0.966,NORMAL,TEMPORAL_ANOMALY,VALIDATION,True,LEGITIMATE,ACTIVE,2025-10-28,2026-04-27
0.455,UNKNOWN,NEUTRAL,0.487,NORMAL,NONE,TEST,True,AMBIGUOUS,ACTIVE,2026-04-23,2026-10-22
0.633,SUSPECTED,SUPPORTING,0.674,NORMAL,NONE,TEST,True,AMBIGUOUS,ACTIVE,2026-06-07,2026-11-16
0.603,UNKNOWN,NEUTRAL,0.396,NORMAL,NONE,TEST,True,AMBIGUOUS,ACTIVE,2026-01-25,2026-05-25
0.83,UNKNOWN,NEUTRAL,0.419,NORMAL,COLLECTIVE_ANOMALY,TEST,True,AMBIGUOUS,ACTIVE,2026-01-16,2026-10-03
0.231,UNKNOWN,NEUTRAL,0.357,NORMAL,NONE,TEST,True,AMBIGUOUS,ACTIVE,2026-01-17,2026-06-26
0.291,UNKNOWN,NEUTRAL,0.238,NORMAL,NONE,TEST,True,AMBIGUOUS,UNKNOWN,2025-12-17,2026-05-07
0.415,UNKNOWN,NEUTRAL,0.212,NORMAL,NONE,TEST,True,AMBIGUOUS,ACTIVE,2026-03-28,2026-10-23
0.38,SUSPECTED,SUPPORTING,0.729,NORMAL,NONE,TEST,True,AMBIGUOUS,ACTIVE,2026-05-31,2026-12-02
0.788,UNKNOWN,NEUTRAL,0.329,NORMAL,NONE,TEST,True,AMBIGUOUS,INACTIVE,2025-10-30,2026-03-01
0.22,CONFIRMED,SUPPORTING,0.886,NORMAL,NONE,TEST,True,AMBIGUOUS,ACTIVE,2025-09-18,2026-05-12
0.418,FALSE,CONTRADICTING,0.257,NORMAL,NONE,TEST,True,AMBIGUOUS,INACTIVE,2026-02-05,2026-07-20
0.3,UNKNOWN,NEUTRAL,0.467,NORMAL,NONE,TEST,True,AMBIGUOUS,UNKNOWN,2026-02-17,2026-07-08
0.489,UNKNOWN,NEUTRAL,0.226,NORMAL,NONE,TEST,True,AMBIGUOUS,INACTIVE,2026-02-03,2026-07-28
0.258,SUSPECTED,SUPPORTING,0.658,NORMAL,NONE,TEST,True,AMBIGUOUS,ACTIVE,2026-02-10,2026-10-22
0.459,UNKNOWN,NEUTRAL,0.452,NORMAL,NONE,TEST,True,AMBIGUOUS,INACTIVE,2025-10-07,2026-01-10
0.307,CONFIRMED,SUPPORTING,0.958,NORMAL,NONE,TRAIN,True,CRIMINAL,ACTIVE,2026-04-02,2026-10-22
0.662,UNKNOWN,NEUTRAL,0.239,NORMAL,NONE,TRAIN,True,CRIMINAL,ACTIVE,2025-09-09,2026-06-14
0.134,CONFIRMED,SUPPORTING,0.916,NORMAL,NONE,TRAIN,True,CRIMINAL,ACTIVE,2025-11-29,2026-04-19
0.213,SUSPECTED,SUPPORTING,0.742,NORMAL,NONE,TRAIN,True,CRIMINAL,ACTIVE,2025-10-06,2026-04-27
0.555,SUSPECTED,SUPPORTING,0.74,NORMAL,NONE,TRAIN,True,CRIMINAL,INACTIVE,2025-12-27,2026-03-04
0.348,SUSPECTED,SUPPORTING,0.582,NORMAL,NONE,TRAIN,True,CRIMINAL,UNKNOWN,2026-05-25,2026-09-08
0.845,CONFIRMED,SUPPORTING,0.892,NORMAL,NONE,TRAIN,True,CRIMINAL,UNKNOWN,2025-10-08,2026-03-08
0.482,CONFIRMED,SUPPORTING,0.876,NORMAL,NONE,TRAIN,True,CRIMINAL,INACTIVE,2025-08-02,2026-01-05
0.16,CONFIRMED,SUPPORTING,0.839,NORMAL,NONE,TRAIN,True,CRIMINAL,ACTIVE,2026-01-19,2026-09-30
0.359,CONFIRMED,SUPPORTING,0.943,NORMAL,NONE,TRAIN,True,CRIMINAL,UNKNOWN,2025-12-05,2026-05-16
0.673,SUSPECTED,SUPPORTING,0.764,NORMAL,CONTEXTUAL_ANOMALY,TRAIN,True,CRIMINAL,INACTIVE,2025-09-11,2026-02-04
0.7,SUSPECTED,SUPPORTING,0.656,NORMAL,NONE,TRAIN,True,CRIMINAL,INACTIVE,2025-09-18,2026-02-01
0.545,CONFIRMED,SUPPORTING,0.945,NORMAL,NONE,TRAIN,True,CRIMINAL,ACTIVE,2026-04-02,2026-11-03
0.185,CONFIRMED,SUPPORTING,0.907,NORMAL,COLLECTIVE_ANOMALY,TRAIN,True,CRIMINAL,UNKNOWN,2026-05-27,2026-10-08
0.28,SUSPECTED,SUPPORTING,0.62,NORMAL,NONE,TRAIN,True,CRIMINAL,ACTIVE,2025-08-16,2026-02-26
0.688,UNKNOWN,NEUTRAL,0.337,NORMAL,CONTEXTUAL_ANOMALY,TRAIN,True,CRIMINAL,ACTIVE,2026-04-06,2026-11-18
0.299,CONFIRMED,SUPPORTING,0.854,NORMAL,NONE,TRAIN,True,CRIMINAL,INACTIVE,2026-03-31,2026-06-06
0.463,CONFIRMED,SUPPORTING,0.947,NORMAL,NONE,TRAIN,True,CRIMINAL,ACTIVE,2025-11-30,2026-06-02
0.356,SUSPECTED,SUPPORTING,0.732,SHARED_DEVICE,NONE,TRAIN,True,CRIMINAL,ACTIVE,2025-12-16,2026-07-24
0.207,CONFIRMED,SUPPORTING,0.861,NORMAL,POINT_ANOMALY,TRAIN,True,CRIMINAL,ACTIVE,2025-12-28,2026-07-15
0.333,CONFIRMED,SUPPORTING,0.875,NORMAL,NONE,TRAIN,True,CRIMINAL,INACTIVE,2026-03-25,2026-07-19
0.608,CONFIRMED,SUPPORTING,0.881,NORMAL,NONE,TRAIN,True,CRIMINAL,INACTIVE,2025-07-29,2026-01-16
0.362,CONFIRMED,SUPPORTING,0.928,NORMAL,NONE,TRAIN,True,CRIMINAL,UNKNOWN,2026-01-02,2026-04-04
0.676,SUSPECTED,SUPPORTING,0.68,NORMAL,NONE,TRAIN,True,CRIMINAL,ACTIVE,2025-12-06,2026-07-30
0.103,UNKNOWN,NEUTRAL,0.224,NORMAL,NONE,TRAIN,True,CRIMINAL,INACTIVE,2026-03-20,2026-08-03
0.566,SUSPECTED,SUPPORTING,0.761,NORMAL,NONE,TRAIN,True,CRIMINAL,INACTIVE,2025-12-05,2026-04-09
0.443,FALSE,CONTRADICTING,0.276,NORMAL,NONE,TRAIN,True,CRIMINAL,UNKNOWN,2025-12-29,2026-07-17
0.596,SUSPECTED,SUPPORTING,0.581,NORMAL,COLLECTIVE_ANOMALY,TRAIN,True,CRIMINAL,ACTIVE,2025-10-30,2026-04-29
0.552,FALSE,CONTRADICTING,0.27,NORMAL,NONE,TRAIN,True,CRIMINAL,ACTIVE,2025-12-09,2026-05-04
0.368,CONFIRMED,SUPPORTING,0.905,NORMAL,NONE,TRAIN,True,CRIMINAL,INACTIVE,2025-12-18,2026-05-15
0.533,SUSPECTED,SUPPORTING,0.854,NORMAL,NONE,TRAIN,True,CRIMINAL,ACTIVE,2025-12-18,2026-04-25
0.544,CONFIRMED,SUPPORTING,0.857,NORMAL,COLLECTIVE_ANOMALY,TRAIN,True,CRIMINAL,ACTIVE,2025-12-18,2026-07-12
0.443,CONFIRMED,SUPPORTING,0.849,NORMAL,NONE,TRAIN,True,CRIMINAL,INACTIVE,2025-12-06,2026-05-29
0.119,CONFIRMED,SUPPORTING,0.898,NORMAL,POINT_ANOMALY,TRAIN,True,CRIMINAL,ACTIVE,2026-02-20,2026-05-23
0.512,SUSPECTED,SUPPORTING,0.74,NORMAL,NONE,TRAIN,True,CRIMINAL,ACTIVE,2026-02-18,2026-08-11
0.296,CONFIRMED,SUPPORTING,0.927,NORMAL,NONE,TRAIN,True,CRIMINAL,UNKNOWN,2026-05-15,2026-10-29
0.588,FALSE,CONTRADICTING,0.15,NORMAL,TEMPORAL_ANOMALY,TRAIN,True,CRIMINAL,ACTIVE,2026-03-16,2026-09-20
0.216,CONFIRMED,SUPPORTING,0.885,NORMAL,NONE,TRAIN,True,CRIMINAL,ACTIVE,2025-08-18,2026-03-03
0.228,CONFIRMED,SUPPORTING,0.911,NORMAL,NONE,TRAIN,True,CRIMINAL,ACTIVE,2026-03-11,2026-10-11
0.486,FALSE,CONTRADICTING,0.376,NORMAL,NONE,TRAIN,True,CRIMINAL,ACTIVE,2026-05-19,2027-01-01
0.699,SUSPECTED,SUPPORTING,0.83,NORMAL,CONTEXTUAL_ANOMALY,TRAIN,True,MIXED,ACTIVE,2025-11-29,2026-07-03
0.142,CONFIRMED,SUPPORTING,0.879,NORMAL,NONE,TRAIN,True,MIXED,ACTIVE,2025-09-29,2026-03-18
0.122,UNKNOWN,NEUTRAL,0.249,NORMAL,NONE,TRAIN,True,MIXED,INACTIVE,2025-12-30,2026-05-31
0.558,UNKNOWN,NEUTRAL,0.416,NORMAL,NONE,TRAIN,True,MIXED,INACTIVE,2025-08-07,2026-01-23
0.283,CONFIRMED,SUPPORTING,0.877,NORMAL,NONE,TRAIN,True,MIXED,ACTIVE,2025-11-19,2026-03-26
0.275,CONFIRMED,SUPPORTING,0.958,NORMAL,NONE,TRAIN,True,MIXED,INACTIVE,2025-12-02,2026-04-13
0.502,UNKNOWN,NEUTRAL,0.477,NORMAL,NONE,TRAIN,True,MIXED,ACTIVE,2025-12-23,2026-09-07
0.519,UNKNOWN,NEUTRAL,0.294,NORMAL,RELATIONAL_ANOMALY,TRAIN,True,MIXED,UNKNOWN,2026-02-28,2026-07-26
0.561,FALSE,CONTRADICTING,0.248,NORMAL,NONE,TRAIN,True,MIXED,ACTIVE,2026-04-02,2026-09-18
0.526,CONFIRMED,SUPPORTING,0.838,NORMAL,NONE,TRAIN,True,MIXED,ACTIVE,2026-05-13,2026-08-19
0.536,SUSPECTED,SUPPORTING,0.841,NORMAL,NONE,TRAIN,True,MIXED,ACTIVE,2025-11-06,2026-05-02
0.355,SUSPECTED,SUPPORTING,0.817,NORMAL,NONE,TRAIN,True,MIXED,ACTIVE,2026-02-01,2026-08-23
0.344,FALSE,CONTRADICTING,0.126,NORMAL,CONTEXTUAL_ANOMALY,TRAIN,True,MIXED,ACTIVE,2026-01-10,2026-06-20
0.214,SUSPECTED,SUPPORTING,0.625,NORMAL,RELATIONAL_ANOMALY,TRAIN,True,MIXED,INACTIVE,2025-07-31,2026-01-07
0.098,CONFIRMED,SUPPORTING,0.897,NORMAL,NONE,TRAIN,True,MIXED,ACTIVE,2026-01-08,2026-07-18
0.107,CONFIRMED,SUPPORTING,0.851,NORMAL,TEMPORAL_ANOMALY,TRAIN,True,MIXED,ACTIVE,2026-01-09,2026-05-24
0.326,FALSE,CONTRADICTING,0.22,NORMAL,NONE,TRAIN,True,MIXED,INACTIVE,2026-01-20,2026-06-28
0.384,UNKNOWN,NEUTRAL,0.292,RECYCLED_SIM,NONE,TRAIN,True,MIXED,ACTIVE,2025-12-16,2026-07-11
0.314,CONFIRMED,SUPPORTING,0.941,NORMAL,NONE,TRAIN,True,MIXED,ACTIVE,2025-11-04,2026-07-03
0.312,UNKNOWN,NEUTRAL,0.332,NORMAL,NONE,TRAIN,True,MIXED,ACTIVE,2025-12-12,2026-04-21
0.121,CONFIRMED,SUPPORTING,0.951,NORMAL,NONE,TRAIN,True,MIXED,ACTIVE,2025-11-26,2026-04-22
0.824,SUSPECTED,SUPPORTING,0.822,NORMAL,NONE,TRAIN,True,MIXED,ACTIVE,2026-02-11,2026-08-23
0.649,UNKNOWN,NEUTRAL,0.435,NORMAL,NONE,TRAIN,True,MIXED,ACTIVE,2026-04-18,2026-09-17
0.632,SUSPECTED,SUPPORTING,0.599,NORMAL,NONE,TRAIN,True,MIXED,ACTIVE,2026-02-21,2026-10-02
0.122,SUSPECTED,SUPPORTING,0.772,NORMAL,NONE,TRAIN,True,MIXED,ACTIVE,2026-03-22,2026-12-27
0.349,UNKNOWN,NEUTRAL,0.338,STALE_DEVICE,COLLECTIVE_ANOMALY,TRAIN,True,LEGITIMATE,ACTIVE,2026-05-14,2026-08-08
0.74,UNKNOWN,NEUTRAL,0.266,NORMAL,NONE,TRAIN,True,LEGITIMATE,ACTIVE,2025-10-09,2026-02-13
0.094,UNKNOWN,NEUTRAL,0.499,NORMAL,NONE,TRAIN,True,LEGITIMATE,ACTIVE,2026-02-26,2026-11-03
0.272,UNKNOWN,NEUTRAL,0.307,NORMAL,COLLECTIVE_ANOMALY,TRAIN,True,LEGITIMATE,ACTIVE,2026-01-09,2026-10-01
0.311,UNKNOWN,NEUTRAL,0.27,NORMAL,NONE,TRAIN,True,LEGITIMATE,ACTIVE,2025-11-17,2026-07-11
0.494,FALSE,CONTRADICTING,0.17,NORMAL,NONE,VALIDATION,True,LEGITIMATE,INACTIVE,2025-10-14,2025-12-24
0.587,FALSE,CONTRADICTING,0.29,NORMAL,NONE,VALIDATION,True,LEGITIMATE,ACTIVE,2025-11-26,2026-05-16
0.355,SUSPECTED,SUPPORTING,0.809,NORMAL,NONE,VALIDATION,True,LEGITIMATE,ACTIVE,2026-04-21,2026-10-14
0.079,SUSPECTED,SUPPORTING,0.686,NORMAL,NONE,VALIDATION,True,LEGITIMATE,INACTIVE,2025-11-03,2026-01-21
0.35,FALSE,CONTRADICTING,0.215,NORMAL,NONE,VALIDATION,True,LEGITIMATE,ACTIVE,2026-01-08,2026-06-30
0.579,FALSE,CONTRADICTING,0.134,NORMAL,POINT_ANOMALY,VALIDATION,True,LEGITIMATE,ACTIVE,2025-09-20,2026-03-11
0.327,SUSPECTED,SUPPORTING,0.66,NORMAL,NONE,VALIDATION,True,LEGITIMATE,ACTIVE,2025-10-28,2026-02-28
0.227,UNKNOWN,NEUTRAL,0.421,NORMAL,NONE,VALIDATION,True,LEGITIMATE,INACTIVE,2025-11-15,2026-03-20
0.038,FALSE,CONTRADICTING,0.313,NORMAL,NONE,VALIDATION,True,LEGITIMATE,ACTIVE,2026-02-03,2026-08-15
0.457,FALSE,CONTRADICTING,0.303,NORMAL,NONE,VALIDATION,True,LEGITIMATE,INACTIVE,2025-12-01,2026-04-20
0.515,UNKNOWN,NEUTRAL,0.537,NORMAL,NONE,VALIDATION,True,LEGITIMATE,ACTIVE,2025-10-28,2026-07-21
0.241,UNKNOWN,NEUTRAL,0.333,NORMAL,NONE,VALIDATION,True,LEGITIMATE,UNKNOWN,2026-06-05,2026-10-05
0.46,FALSE,CONTRADICTING,0.292,NORMAL,NONE,VALIDATION,True,LEGITIMATE,ACTIVE,2026-04-17,2026-10-01
0.138,FALSE,CONTRADICTING,0.203,NORMAL,NONE,VALIDATION,True,LEGITIMATE,ACTIVE,2025-12-30,2026-06-29
0.581,UNKNOWN,NEUTRAL,0.248,NORMAL,NONE,VALIDATION,True,LEGITIMATE,ACTIVE,2025-08-21,2026-03-27
0.591,SUSPECTED,SUPPORTING,0.582,NORMAL,NONE,TEST,True,AMBIGUOUS,UNKNOWN,2026-06-24,2026-10-17
0.273,UNKNOWN,NEUTRAL,0.359,NORMAL,NONE,TEST,True,AMBIGUOUS,ACTIVE,2026-06-25,2026-10-12
0.427,UNKNOWN,NEUTRAL,0.492,NORMAL,NONE,TEST,True,AMBIGUOUS,UNKNOWN,2026-03-12,2026-06-16
0.403,UNKNOWN,NEUTRAL,0.463,NORMAL,NONE,TEST,True,AMBIGUOUS,ACTIVE,2026-02-27,2026-10-19
0.575,UNKNOWN,NEUTRAL,0.269,NORMAL,NONE,TEST,True,AMBIGUOUS,UNKNOWN,2026-01-03,2026-07-19
0.45,UNKNOWN,NEUTRAL,0.404,NORMAL,NONE,TEST,True,AMBIGUOUS,ACTIVE,2025-10-25,2026-06-03
0.248,UNKNOWN,NEUTRAL,0.263,NORMAL,NONE,TEST,True,AMBIGUOUS,INACTIVE,2026-03-14,2026-07-30
0.157,FALSE,CONTRADICTING,0.356,NORMAL,NONE,TEST,True,AMBIGUOUS,INACTIVE,2026-04-04,2026-07-02
0.689,UNKNOWN,NEUTRAL,0.447,NORMAL,NONE,TEST,True,AMBIGUOUS,ACTIVE,2025-12-11,2026-05-23
0.51,UNKNOWN,NEUTRAL,0.519,NORMAL,NONE,TEST,True,AMBIGUOUS,ACTIVE,2026-01-02,2026-05-05
0.451,UNKNOWN,NEUTRAL,0.326,NORMAL,NONE,TEST,True,AMBIGUOUS,UNKNOWN,2026-04-26,2026-10-31
0.139,UNKNOWN,NEUTRAL,0.36,NORMAL,NONE,TEST,True,AMBIGUOUS,UNKNOWN,2026-03-07,2026-07-17
0.306,FALSE,CONTRADICTING,0.315,NORMAL,COLLECTIVE_ANOMALY,TEST,True,AMBIGUOUS,UNKNOWN,2026-05-05,2026-09-18
0.185,SUSPECTED,SUPPORTING,0.608,NORMAL,NONE,TEST,True,AMBIGUOUS,ACTIVE,2026-03-23,2026-08-25
0.431,CONFIRMED,SUPPORTING,0.969,NORMAL,NONE,TEST,True,AMBIGUOUS,ACTIVE,2025-12-04,2026-06-08
0.463,CONFIRMED,SUPPORTING,0.955,NORMAL,TEMPORAL_ANOMALY,TRAIN,True,CRIMINAL,ACTIVE,2026-06-07,2026-09-02
0.733,CONFIRMED,SUPPORTING,0.945,NORMAL,NONE,TRAIN,True,CRIMINAL,ACTIVE,2025-08-12,2026-02-17
0.519,CONFIRMED,SUPPORTING,0.976,NORMAL,COLLECTIVE_ANOMALY,TRAIN,True,CRIMINAL,UNKNOWN,2025-12-22,2026-06-24
0.474,CONFIRMED,SUPPORTING,0.822,NORMAL,NONE,TRAIN,True,CRIMINAL,UNKNOWN,2025-11-21,2026-06-20
0.572,SUSPECTED,SUPPORTING,0.832,NORMAL,NONE,TRAIN,True,CRIMINAL,INACTIVE,2025-12-08,2026-03-01
0.244,CONFIRMED,SUPPORTING,0.972,NORMAL,COLLECTIVE_ANOMALY,TRAIN,True,CRIMINAL,INACTIVE,2026-03-06,2026-07-07
0.409,SUSPECTED,SUPPORTING,0.8,NORMAL,NONE,TRAIN,True,CRIMINAL,ACTIVE,2025-08-19,2026-03-07
0.927,CONFIRMED,SUPPORTING,0.956,NORMAL,CONTEXTUAL_ANOMALY,TRAIN,True,CRIMINAL,ACTIVE,2025-08-04,2026-06-10
0.408,CONFIRMED,SUPPORTING,0.932,STALE_DEVICE,NONE,TRAIN,True,CRIMINAL,INACTIVE,2025-12-10,2026-06-02
0.399,SUSPECTED,SUPPORTING,0.589,NORMAL,NONE,TRAIN,True,CRIMINAL,ACTIVE,2025-10-15,2026-06-28
0.308,CONFIRMED,SUPPORTING,0.989,NORMAL,NONE,TRAIN,True,CRIMINAL,ACTIVE,2025-11-07,2026-04-14
0.322,SUSPECTED,SUPPORTING,0.6,NORMAL,NONE,TRAIN,True,CRIMINAL,ACTIVE,2025-09-27,2026-05-28
0.458,SUSPECTED,SUPPORTING,0.723,NORMAL,NONE,TRAIN,True,CRIMINAL,ACTIVE,2026-04-02,2026-08-12
0.729,CONFIRMED,SUPPORTING,0.91,NORMAL,NONE,TRAIN,True,CRIMINAL,ACTIVE,2026-05-04,2026-09-04
0.674,SUSPECTED,SUPPORTING,0.671,NORMAL,NONE,TRAIN,True,CRIMINAL,ACTIVE,2025-09-21,2026-06-22
0.551,CONFIRMED,SUPPORTING,0.95,NORMAL,NONE,TRAIN,True,CRIMINAL,ACTIVE,2026-03-27,2026-11-29
0.885,CONFIRMED,SUPPORTING,0.845,NORMAL,NONE,TRAIN,True,CRIMINAL,UNKNOWN,2026-03-05,2026-08-16
0.201,CONFIRMED,SUPPORTING,0.963,NORMAL,NONE,TRAIN,True,CRIMINAL,ACTIVE,2025-10-02,2026-03-25
0.381,CONFIRMED,SUPPORTING,0.87,NORMAL,NONE,TRAIN,True,CRIMINAL,ACTIVE,2026-03-14,2026-08-03
0.237,SUSPECTED,SUPPORTING,0.711,NORMAL,NONE,TRAIN,True,CRIMINAL,ACTIVE,2025-11-18,2026-07-02
0.397,UNKNOWN,NEUTRAL,0.487,NORMAL,NONE,TRAIN,True,CRIMINAL,UNKNOWN,2026-05-13,2026-09-12
0.761,UNKNOWN,NEUTRAL,0.339,NORMAL,NONE,TRAIN,True,CRIMINAL,UNKNOWN,2025-11-07,2026-05-19
0.12,CONFIRMED,SUPPORTING,0.865,NORMAL,NONE,TRAIN,True,CRIMINAL,ACTIVE,2025-12-16,2026-07-06
0.228,FALSE,CONTRADICTING,0.191,NORMAL,NONE,TRAIN,True,CRIMINAL,ACTIVE,2026-01-17,2026-07-04
0.611,UNKNOWN,NEUTRAL,0.285,NORMAL,NONE,TRAIN,True,CRIMINAL,ACTIVE,2026-06-09,2026-11-30
0.159,CONFIRMED,SUPPORTING,0.86,NORMAL,NONE,TRAIN,True,CRIMINAL,ACTIVE,2026-03-18,2026-06-23
0.468,SUSPECTED,SUPPORTING,0.84,NORMAL,NONE,TRAIN,True,CRIMINAL,ACTIVE,2026-01-31,2026-04-24
0.556,CONFIRMED,SUPPORTING,0.922,NORMAL,NONE,TRAIN,True,CRIMINAL,ACTIVE,2025-10-17,2026-07-14
0.29,CONFIRMED,SUPPORTING,0.925,SHARED_DEVICE,NONE,TRAIN,True,CRIMINAL,ACTIVE,2025-12-02,2026-06-07
0.182,UNKNOWN,NEUTRAL,0.517,NORMAL,NONE,TRAIN,True,CRIMINAL,ACTIVE,2025-12-19,2026-08-07
0.747,SUSPECTED,SUPPORTING,0.72,NORMAL,NONE,TRAIN,True,CRIMINAL,ACTIVE,2025-12-06,2026-07-03
0.792,SUSPECTED,SUPPORTING,0.839,DUPLICATE,NONE,TRAIN,True,CRIMINAL,ACTIVE,2025-11-23,2026-07-17
0.209,CONFIRMED,SUPPORTING,0.868,NORMAL,NONE,TRAIN,True,CRIMINAL,ACTIVE,2026-03-20,2026-08-03
0.237,FALSE,CONTRADICTING,0.373,NORMAL,NONE,TRAIN,True,CRIMINAL,ACTIVE,2026-01-21,2026-08-22
0.104,SUSPECTED,SUPPORTING,0.8,NORMAL,NONE,TRAIN,True,CRIMINAL,ACTIVE,2026-02-22,2026-08-20
0.327,CONFIRMED,SUPPORTING,0.98,NORMAL,NONE,TRAIN,True,CRIMINAL,ACTIVE,2026-03-17,2026-08-25
0.176,CONFIRMED,SUPPORTING,0.836,NORMAL,NONE,TRAIN,True,CRIMINAL,UNKNOWN,2026-05-11,2026-11-13
0.346,SUSPECTED,SUPPORTING,0.634,NORMAL,NONE,TRAIN,True,CRIMINAL,ACTIVE,2025-11-03,2026-04-02
0.095,CONFIRMED,SUPPORTING,0.827,NORMAL,NONE,TRAIN,True,CRIMINAL,ACTIVE,2026-03-24,2026-11-07
0.325,CONFIRMED,SUPPORTING,0.893,NORMAL,NONE,TRAIN,True,CRIMINAL,INACTIVE,2026-03-06,2026-07-17
0.726,FALSE,CONTRADICTING,0.143,NORMAL,NONE,TRAIN,True,MIXED,ACTIVE,2025-10-20,2026-05-21
0.781,FALSE,CONTRADICTING,0.294,NORMAL,POINT_ANOMALY,TRAIN,True,MIXED,INACTIVE,2025-11-28,2026-02-02
0.521,CONFIRMED,SUPPORTING,0.875,NORMAL,NONE,TRAIN,True,MIXED,ACTIVE,2026-01-11,2026-10-10
0.274,SUSPECTED,SUPPORTING,0.758,NORMAL,NONE,TRAIN,True,MIXED,ACTIVE,2025-10-09,2026-06-08
0.205,FALSE,CONTRADICTING,0.339,NORMAL,NONE,TRAIN,True,MIXED,ACTIVE,2025-09-19,2026-04-10
0.215,CONFIRMED,SUPPORTING,0.973,NORMAL,CONTEXTUAL_ANOMALY,TRAIN,True,MIXED,ACTIVE,2026-01-06,2026-08-29
0.289,SUSPECTED,SUPPORTING,0.728,NORMAL,NONE,TRAIN,True,MIXED,ACTIVE,2026-02-26,2026-09-26
0.373,CONFIRMED,SUPPORTING,0.945,NORMAL,NONE,TRAIN,True,MIXED,ACTIVE,2025-11-01,2026-07-11
0.336,CONFIRMED,SUPPORTING,0.914,NORMAL,NONE,TRAIN,True,MIXED,UNKNOWN,2026-03-02,2026-09-29
0.491,SUSPECTED,SUPPORTING,0.762,NORMAL,NONE,TRAIN,True,MIXED,INACTIVE,2026-02-26,2026-06-25
0.163,FALSE,CONTRADICTING,0.269,NORMAL,NONE,TRAIN,True,MIXED,INACTIVE,2025-09-07,2026-01-19
0.277,SUSPECTED,SUPPORTING,0.79,NORMAL,NONE,TRAIN,True,MIXED,ACTIVE,2025-12-14,2026-09-20
0.748,SUSPECTED,SUPPORTING,0.633,NORMAL,NONE,TRAIN,True,MIXED,ACTIVE,2025-11-30,2026-05-15
0.304,CONFIRMED,SUPPORTING,0.879,NORMAL,NONE,TRAIN,True,MIXED,ACTIVE,2025-08-26,2026-04-07
0.183,CONFIRMED,SUPPORTING,0.982,NORMAL,NONE,TRAIN,True,MIXED,ACTIVE,2026-01-16,2026-08-22
0.282,UNKNOWN,NEUTRAL,0.239,NORMAL,NONE,TRAIN,True,MIXED,ACTIVE,2025-12-21,2026-08-07
0.382,CONFIRMED,SUPPORTING,0.902,NORMAL,NONE,TRAIN,True,MIXED,UNKNOWN,2026-06-04,2026-09-20
0.469,CONFIRMED,SUPPORTING,0.967,NORMAL,NONE,TRAIN,True,MIXED,ACTIVE,2026-03-26,2026-10-15
0.322,SUSPECTED,SUPPORTING,0.798,NORMAL,NONE,TRAIN,True,MIXED,ACTIVE,2026-01-20,2026-07-20
0.171,SUSPECTED,SUPPORTING,0.623,NORMAL,NONE,TRAIN,True,MIXED,UNKNOWN,2025-12-26,2026-06-21
0.008,CONFIRMED,SUPPORTING,0.849,NORMAL,NONE,TRAIN,True,MIXED,ACTIVE,2025-09-08,2026-04-27
0.212,SUSPECTED,SUPPORTING,0.752,SHARED_DEVICE,NONE,TRAIN,True,MIXED,ACTIVE,2026-04-24,2026-09-16
0.045,FALSE,CONTRADICTING,0.277,NORMAL,NONE,TRAIN,True,MIXED,ACTIVE,2026-06-14,2026-12-10
0.661,CONFIRMED,SUPPORTING,0.849,NORMAL,NONE,TRAIN,True,MIXED,ACTIVE,2026-03-12,2026-12-27
0.166,SUSPECTED,SUPPORTING,0.83,NORMAL,NONE,TRAIN,True,MIXED,UNKNOWN,2026-04-29,2026-09-01
0.136,FALSE,CONTRADICTING,0.258,NORMAL,COLLECTIVE_ANOMALY,TRAIN,True,LEGITIMATE,ACTIVE,2026-02-12,2026-10-20
0.385,FALSE,CONTRADICTING,0.209,NORMAL,NONE,TRAIN,True,LEGITIMATE,ACTIVE,2025-08-19,2026-05-12
0.465,FALSE,CONTRADICTING,0.281,NORMAL,NONE,TRAIN,True,LEGITIMATE,ACTIVE,2026-04-04,2026-10-10
0.214,FALSE,CONTRADICTING,0.209,NORMAL,NONE,TRAIN,True,LEGITIMATE,ACTIVE,2026-04-30,2026-08-21
0.487,FALSE,CONTRADICTING,0.203,NORMAL,COLLECTIVE_ANOMALY,TRAIN,True,LEGITIMATE,UNKNOWN,2025-12-11,2026-05-11
0.235,FALSE,CONTRADICTING,0.318,NORMAL,NONE,VALIDATION,True,LEGITIMATE,ACTIVE,2025-11-19,2026-03-05
0.176,FALSE,CONTRADICTING,0.133,NORMAL,NONE,VALIDATION,True,LEGITIMATE,ACTIVE,2026-01-25,2026-07-07
0.357,FALSE,CONTRADICTING,0.192,NORMAL,COLLECTIVE_ANOMALY,VALIDATION,True,LEGITIMATE,UNKNOWN,2026-06-25,2026-09-16
0.522,FALSE,CONTRADICTING,0.201,NORMAL,NONE,VALIDATION,True,LEGITIMATE,ACTIVE,2025-12-08,2026-02-26
0.21,UNKNOWN,NEUTRAL,0.358,NORMAL,NONE,VALIDATION,True,LEGITIMATE,ACTIVE,2026-01-29,2026-08-02
0.228,UNKNOWN,NEUTRAL,0.313,NORMAL,NONE,VALIDATION,True,LEGITIMATE,ACTIVE,2025-08-04,2026-03-29
0.296,UNKNOWN,NEUTRAL,0.473,NORMAL,NONE,VALIDATION,True,LEGITIMATE,ACTIVE,2025-08-11,2026-04-13
0.198,SUSPECTED,SUPPORTING,0.788,NORMAL,RELATIONAL_ANOMALY,VALIDATION,True,LEGITIMATE,UNKNOWN,2026-01-20,2026-07-21
0.31,UNKNOWN,NEUTRAL,0.307,NORMAL,NONE,VALIDATION,True,LEGITIMATE,ACTIVE,2026-03-15,2026-10-17
0.341,UNKNOWN,NEUTRAL,0.542,NORMAL,NONE,VALIDATION,True,LEGITIMATE,INACTIVE,2025-12-23,2026-04-22
0.207,FALSE,CONTRADICTING,0.171,NORMAL,NONE,VALIDATION,True,LEGITIMATE,ACTIVE,2025-12-28,2026-08-30
0.136,UNKNOWN,NEUTRAL,0.282,NORMAL,NONE,VALIDATION,True,LEGITIMATE,ACTIVE,2026-02-12,2026-09-28
0.761,UNKNOWN,NEUTRAL,0.534,NORMAL,NONE,VALIDATION,True,LEGITIMATE,INACTIVE,2026-03-09,2026-07-07
0.593,FALSE,CONTRADICTING,0.325,NORMAL,CONTEXTUAL_ANOMALY,VALIDATION,True,LEGITIMATE,ACTIVE,2026-03-17,2026-10-13
0.76,FALSE,CONTRADICTING,0.271,NORMAL,NONE,VALIDATION,True,LEGITIMATE,UNKNOWN,2025-10-13,2026-03-14
0.534,UNKNOWN,NEUTRAL,0.267,NORMAL,NONE,TEST,True,AMBIGUOUS,ACTIVE,2026-03-12,2026-10-26
0.319,CONFIRMED,SUPPORTING,0.825,NORMAL,COLLECTIVE_ANOMALY,TEST,True,AMBIGUOUS,ACTIVE,2026-04-25,2026-12-30
0.24,FALSE,CONTRADICTING,0.355,NORMAL,NONE,TEST,True,AMBIGUOUS,ACTIVE,2025-12-09,2026-06-06
0.711,UNKNOWN,NEUTRAL,0.422,NORMAL,NONE,TEST,True,AMBIGUOUS,ACTIVE,2026-04-15,2026-07-29
0.395,SUSPECTED,SUPPORTING,0.704,NORMAL,NONE,TEST,True,AMBIGUOUS,INACTIVE,2026-01-20,2026-04-10
0.316,UNKNOWN,NEUTRAL,0.446,NORMAL,POINT_ANOMALY,TEST,True,AMBIGUOUS,ACTIVE,2025-11-04,2026-04-12
0.244,UNKNOWN,NEUTRAL,0.319,NORMAL,NONE,TEST,True,AMBIGUOUS,INACTIVE,2026-05-20,2026-07-20
0.493,UNKNOWN,NEUTRAL,0.332,STALE_DEVICE,NONE,TEST,True,AMBIGUOUS,ACTIVE,2026-02-21,2026-08-26
0.536,CONFIRMED,SUPPORTING,0.884,NORMAL,NONE,TEST,True,AMBIGUOUS,ACTIVE,2026-01-12,2026-08-23
0.481,FALSE,CONTRADICTING,0.222,RECYCLED_SIM,NONE,TEST,True,AMBIGUOUS,ACTIVE,2025-10-26,2026-06-20
0.62,CONFIRMED,SUPPORTING,0.929,NORMAL,NONE,TEST,True,AMBIGUOUS,ACTIVE,2026-04-28,2026-12-25
0.428,FALSE,CONTRADICTING,0.376,NORMAL,NONE,TEST,True,AMBIGUOUS,UNKNOWN,2026-03-04,2026-06-03
0.183,UNKNOWN,NEUTRAL,0.224,NORMAL,NONE,TEST,True,AMBIGUOUS,UNKNOWN,2026-06-20,2026-10-06
0.828,UNKNOWN,NEUTRAL,0.418,NORMAL,NONE,TEST,True,AMBIGUOUS,ACTIVE,2026-02-18,2026-10-16
0.357,SUSPECTED,SUPPORTING,0.767,NORMAL,NONE,TEST,True,AMBIGUOUS,ACTIVE,2025-11-19,2026-04-08
0.519,SUSPECTED,SUPPORTING,0.693,NORMAL,NONE,TRAIN,True,CRIMINAL,ACTIVE,2026-05-26,2026-12-13
0.339,SUSPECTED,SUPPORTING,0.719,NORMAL,NONE,TRAIN,True,CRIMINAL,ACTIVE,2025-11-12,2026-04-11
0.391,CONFIRMED,SUPPORTING,0.87,NORMAL,NONE,TRAIN,True,CRIMINAL,ACTIVE,2025-12-11,2026-04-21
0.622,CONFIRMED,SUPPORTING,0.967,RECYCLED_SIM,NONE,TRAIN,True,CRIMINAL,ACTIVE,2026-01-03,2026-06-15
0.278,CONFIRMED,SUPPORTING,0.934,NORMAL,NONE,TRAIN,True,CRIMINAL,ACTIVE,2026-01-30,2026-08-06
0.346,CONFIRMED,SUPPORTING,0.822,NORMAL,NONE,TRAIN,True,CRIMINAL,ACTIVE,2026-02-18,2026-09-17
0.337,UNKNOWN,NEUTRAL,0.415,NORMAL,NONE,TRAIN,True,CRIMINAL,ACTIVE,2025-08-29,2026-04-09
0.225,UNKNOWN,NEUTRAL,0.251,NORMAL,NONE,TRAIN,True,CRIMINAL,ACTIVE,2025-11-23,2026-03-10
0.42,CONFIRMED,SUPPORTING,0.919,NORMAL,NONE,TRAIN,True,CRIMINAL,ACTIVE,2025-12-29,2026-09-19
0.836,CONFIRMED,SUPPORTING,0.871,NORMAL,NONE,TRAIN,True,CRIMINAL,ACTIVE,2025-10-28,2026-05-28
0.46,CONFIRMED,SUPPORTING,0.964,STALE_DEVICE,NONE,TRAIN,True,CRIMINAL,ACTIVE,2025-09-23,2026-05-11
0.45,CONFIRMED,SUPPORTING,0.86,NORMAL,NONE,TRAIN,True,CRIMINAL,ACTIVE,2025-11-16,2026-05-22
0.826,SUSPECTED,SUPPORTING,0.646,NORMAL,NONE,TRAIN,True,CRIMINAL,ACTIVE,2026-01-19,2026-11-17
0.192,SUSPECTED,SUPPORTING,0.685,NORMAL,NONE,TRAIN,True,CRIMINAL,ACTIVE,2026-03-06,2026-08-15
0.079,CONFIRMED,SUPPORTING,0.915,NORMAL,TEMPORAL_ANOMALY,TRAIN,True,CRIMINAL,ACTIVE,2025-09-29,2026-03-01
0.324,SUSPECTED,SUPPORTING,0.631,NORMAL,NONE,TRAIN,True,CRIMINAL,ACTIVE,2026-02-25,2026-08-23
0.133,UNKNOWN,NEUTRAL,0.454,NORMAL,TEMPORAL_ANOMALY,TRAIN,True,CRIMINAL,ACTIVE,2026-04-20,2026-08-14
0.363,CONFIRMED,SUPPORTING,0.861,NORMAL,NONE,TRAIN,True,CRIMINAL,INACTIVE,2025-08-16,2026-01-21
0.382,CONFIRMED,SUPPORTING,0.866,NORMAL,NONE,TRAIN,True,CRIMINAL,INACTIVE,2025-12-09,2026-04-19
0.66,CONFIRMED,SUPPORTING,0.883,DUPLICATE,NONE,TRAIN,True,CRIMINAL,ACTIVE,2026-01-08,2026-07-20
0.399,CONFIRMED,SUPPORTING,0.861,NORMAL,CONTEXTUAL_ANOMALY,TRAIN,True,CRIMINAL,ACTIVE,2026-06-16,2026-12-05
0.295,SUSPECTED,SUPPORTING,0.843,NORMAL,NONE,TRAIN,True,CRIMINAL,ACTIVE,2025-10-31,2026-03-16
0.191,CONFIRMED,SUPPORTING,0.931,NORMAL,NONE,TRAIN,True,CRIMINAL,UNKNOWN,2025-12-07,2026-04-11
0.515,CONFIRMED,SUPPORTING,0.94,NORMAL,NONE,TRAIN,True,CRIMINAL,ACTIVE,2026-02-28,2026-09-11
0.769,SUSPECTED,SUPPORTING,0.673,NORMAL,NONE,TRAIN,True,CRIMINAL,ACTIVE,2026-03-15,2026-11-25
0.099,SUSPECTED,SUPPORTING,0.746,NORMAL,NONE,TRAIN,True,CRIMINAL,UNKNOWN,2026-01-26,2026-06-24
0.113,SUSPECTED,SUPPORTING,0.717,NORMAL,NONE,TRAIN,True,CRIMINAL,UNKNOWN,2026-01-18,2026-04-27
0.253,SUSPECTED,SUPPORTING,0.744,NORMAL,NONE,TRAIN,True,CRIMINAL,INACTIVE,2025-10-30,2026-03-03
0.67,SUSPECTED,SUPPORTING,0.807,NORMAL,RELATIONAL_ANOMALY,TRAIN,True,CRIMINAL,INACTIVE,2025-11-26,2026-03-15
0.2,CONFIRMED,SUPPORTING,0.838,NORMAL,NONE,TRAIN,True,CRIMINAL,ACTIVE,2026-02-07,2026-07-27
0.378,CONFIRMED,SUPPORTING,0.829,NORMAL,NONE,TRAIN,True,CRIMINAL,INACTIVE,2025-11-03,2026-01-27
0.101,CONFIRMED,SUPPORTING,0.828,NORMAL,CONTEXTUAL_ANOMALY,TRAIN,True,CRIMINAL,ACTIVE,2025-12-06,2026-07-17
0.632,SUSPECTED,SUPPORTING,0.686,NORMAL,NONE,TRAIN,True,CRIMINAL,INACTIVE,2026-01-14,2026-06-15
0.198,SUSPECTED,SUPPORTING,0.826,NORMAL,NONE,TRAIN,True,CRIMINAL,UNKNOWN,2026-01-20,2026-07-06
0.053,CONFIRMED,SUPPORTING,0.892,NORMAL,NONE,TRAIN,True,CRIMINAL,ACTIVE,2026-02-24,2026-08-01
0.395,SUSPECTED,SUPPORTING,0.648,NORMAL,NONE,TRAIN,True,CRIMINAL,ACTIVE,2026-02-24,2026-11-29
0.389,SUSPECTED,SUPPORTING,0.667,NORMAL,NONE,TRAIN,True,CRIMINAL,ACTIVE,2026-02-26,2026-10-26
0.259,CONFIRMED,SUPPORTING,0.856,NORMAL,NONE,TRAIN,True,CRIMINAL,UNKNOWN,2025-12-06,2026-05-22
0.333,CONFIRMED,SUPPORTING,0.89,NORMAL,NONE,TRAIN,True,CRIMINAL,ACTIVE,2026-03-20,2026-10-01
0.406,CONFIRMED,SUPPORTING,0.861,NORMAL,CONTEXTUAL_ANOMALY,TRAIN,True,CRIMINAL,ACTIVE,2026-03-29,2026-12-08
0.209,CONFIRMED,SUPPORTING,0.879,NORMAL,NONE,TRAIN,True,MIXED,ACTIVE,2025-12-21,2026-07-19
0.515,UNKNOWN,NEUTRAL,0.395,NORMAL,NONE,TRAIN,True,MIXED,ACTIVE,2025-12-09,2026-04-22
0.478,CONFIRMED,SUPPORTING,0.912,NORMAL,NONE,TRAIN,True,MIXED,ACTIVE,2026-01-17,2026-11-08
0.548,FALSE,CONTRADICTING,0.27,NORMAL,NONE,TRAIN,True,MIXED,UNKNOWN,2025-11-11,2026-05-31
0.533,FALSE,CONTRADICTING,0.147,NORMAL,NONE,TRAIN,True,MIXED,ACTIVE,2025-09-15,2026-05-19
0.302,UNKNOWN,NEUTRAL,0.33,NORMAL,NONE,TRAIN,True,MIXED,INACTIVE,2026-02-10,2026-04-12
0.675,SUSPECTED,SUPPORTING,0.647,NORMAL,NONE,TRAIN,True,MIXED,ACTIVE,2025-12-18,2026-07-27
0.349,UNKNOWN,NEUTRAL,0.341,NORMAL,TEMPORAL_ANOMALY,TRAIN,True,MIXED,INACTIVE,2025-10-18,2026-03-09
0.503,UNKNOWN,NEUTRAL,0.3,NORMAL,NONE,TRAIN,True,MIXED,UNKNOWN,2026-03-21,2026-08-01
0.701,FALSE,CONTRADICTING,0.233,NORMAL,NONE,TRAIN,True,MIXED,ACTIVE,2026-02-28,2026-11-11
0.705,UNKNOWN,NEUTRAL,0.496,NORMAL,NONE,TRAIN,True,MIXED,ACTIVE,2025-09-13,2026-05-24
0.289,CONFIRMED,SUPPORTING,0.954,NORMAL,NONE,TRAIN,True,MIXED,INACTIVE,2026-01-11,2026-04-08
0.631,CONFIRMED,SUPPORTING,0.905,NORMAL,NONE,TRAIN,True,MIXED,ACTIVE,2025-11-16,2026-07-15
0.608,CONFIRMED,SUPPORTING,0.851,NORMAL,TEMPORAL_ANOMALY,TRAIN,True,MIXED,ACTIVE,2025-09-15,2026-06-01
0.229,FALSE,CONTRADICTING,0.266,NORMAL,NONE,TRAIN,True,MIXED,INACTIVE,2025-12-07,2026-05-10
0.203,CONFIRMED,SUPPORTING,0.963,NORMAL,COLLECTIVE_ANOMALY,TRAIN,True,MIXED,ACTIVE,2025-11-17,2026-09-06
0.47,CONFIRMED,SUPPORTING,0.903,DUPLICATE,RELATIONAL_ANOMALY,TRAIN,True,MIXED,ACTIVE,2026-02-20,2026-08-09
0.065,CONFIRMED,SUPPORTING,0.915,NORMAL,NONE,TRAIN,True,MIXED,ACTIVE,2026-03-20,2026-08-06
0.353,CONFIRMED,SUPPORTING,0.952,NORMAL,NONE,TRAIN,True,MIXED,ACTIVE,2025-11-27,2026-06-17
0.636,SUSPECTED,SUPPORTING,0.789,NORMAL,NONE,TRAIN,True,MIXED,UNKNOWN,2025-12-02,2026-04-03
0.309,UNKNOWN,NEUTRAL,0.537,NORMAL,NONE,TRAIN,True,MIXED,ACTIVE,2025-11-20,2026-05-01
0.602,CONFIRMED,SUPPORTING,0.825,NORMAL,POINT_ANOMALY,TRAIN,True,MIXED,ACTIVE,2026-05-18,2026-09-13
0.349,SUSPECTED,SUPPORTING,0.7,NORMAL,NONE,TRAIN,True,MIXED,ACTIVE,2026-05-21,2026-12-13
0.346,CONFIRMED,SUPPORTING,0.926,NORMAL,NONE,TRAIN,True,MIXED,ACTIVE,2026-05-08,2026-12-19
0.395,CONFIRMED,SUPPORTING,0.832,DUPLICATE,COLLECTIVE_ANOMALY,TRAIN,True,MIXED,ACTIVE,2026-04-04,2026-10-04
0.565,UNKNOWN,NEUTRAL,0.278,NORMAL,POINT_ANOMALY,TRAIN,True,LEGITIMATE,ACTIVE,2026-04-18,2026-08-19
0.335,UNKNOWN,NEUTRAL,0.302,NORMAL,CONTEXTUAL_ANOMALY,TRAIN,True,LEGITIMATE,ACTIVE,2025-10-07,2026-02-24
0.197,UNKNOWN,NEUTRAL,0.492,NORMAL,NONE,TRAIN,True,LEGITIMATE,ACTIVE,2026-02-15,2026-12-23
0.355,FALSE,CONTRADICTING,0.176,NORMAL,NONE,TRAIN,True,LEGITIMATE,UNKNOWN,2026-05-19,2026-10-07
0.167,FALSE,CONTRADICTING,0.336,STALE_DEVICE,NONE,TRAIN,True,LEGITIMATE,ACTIVE,2025-12-25,2026-04-28
0.624,FALSE,CONTRADICTING,0.41,NORMAL,NONE,VALIDATION,True,LEGITIMATE,UNKNOWN,2025-12-03,2026-02-27
0.798,FALSE,CONTRADICTING,0.393,NORMAL,NONE,VALIDATION,True,LEGITIMATE,INACTIVE,2025-12-02,2026-03-04
0.093,UNKNOWN,NEUTRAL,0.296,NORMAL,NONE,VALIDATION,True,LEGITIMATE,ACTIVE,2026-05-08,2026-10-11
0.277,SUSPECTED,SUPPORTING,0.711,DUPLICATE,NONE,VALIDATION,True,LEGITIMATE,UNKNOWN,2025-12-17,2026-04-14
0.384,UNKNOWN,NEUTRAL,0.474,NORMAL,NONE,VALIDATION,True,LEGITIMATE,INACTIVE,2025-10-29,2026-04-10
0.219,UNKNOWN,NEUTRAL,0.449,NORMAL,NONE,VALIDATION,True,LEGITIMATE,ACTIVE,2025-08-01,2026-05-24
0.119,UNKNOWN,NEUTRAL,0.254,NORMAL,POINT_ANOMALY,VALIDATION,True,LEGITIMATE,ACTIVE,2025-09-21,2026-05-08
0.436,FALSE,CONTRADICTING,0.133,NORMAL,NONE,VALIDATION,True,LEGITIMATE,ACTIVE,2025-12-23,2026-09-02
0.576,FALSE,CONTRADICTING,0.181,NORMAL,RELATIONAL_ANOMALY,VALIDATION,True,LEGITIMATE,ACTIVE,2026-02-23,2026-09-08
0.372,UNKNOWN,NEUTRAL,0.459,NORMAL,NONE,VALIDATION,True,LEGITIMATE,ACTIVE,2025-12-29,2026-08-28
0.274,FALSE,CONTRADICTING,0.12,NORMAL,CONTEXTUAL_ANOMALY,VALIDATION,True,LEGITIMATE,ACTIVE,2025-11-10,2026-08-09
0.285,UNKNOWN,NEUTRAL,0.514,NORMAL,NONE,VALIDATION,True,LEGITIMATE,ACTIVE,2026-05-12,2026-09-02
0.44,UNKNOWN,NEUTRAL,0.435,NORMAL,NONE,VALIDATION,True,LEGITIMATE,ACTIVE,2026-05-22,2026-09-08
0.463,FALSE,CONTRADICTING,0.144,NORMAL,NONE,VALIDATION,True,LEGITIMATE,INACTIVE,2026-02-07,2026-04-25
0.149,FALSE,CONTRADICTING,0.324,NORMAL,TEMPORAL_ANOMALY,VALIDATION,True,LEGITIMATE,INACTIVE,2025-10-21,2026-01-06
0.201,SUSPECTED,SUPPORTING,0.758,NORMAL,NONE,TEST,True,AMBIGUOUS,INACTIVE,2026-03-11,2026-07-22
0.541,SUSPECTED,SUPPORTING,0.642,SHARED_DEVICE,NONE,TEST,True,AMBIGUOUS,ACTIVE,2026-04-18,2026-09-29
0.401,UNKNOWN,NEUTRAL,0.231,NORMAL,NONE,TEST,True,AMBIGUOUS,ACTIVE,2025-12-03,2026-09-06
0.648,UNKNOWN,NEUTRAL,0.542,NORMAL,NONE,TEST,True,AMBIGUOUS,UNKNOWN,2026-05-26,2026-10-13
0.573,SUSPECTED,SUPPORTING,0.69,NORMAL,NONE,TEST,True,AMBIGUOUS,ACTIVE,2025-11-01,2026-08-04
0.321,UNKNOWN,NEUTRAL,0.266,NORMAL,NONE,TEST,True,AMBIGUOUS,INACTIVE,2025-09-15,2026-01-31
0.177,FALSE,CONTRADICTING,0.365,NORMAL,NONE,TEST,True,AMBIGUOUS,ACTIVE,2026-06-14,2026-11-28
0.062,SUSPECTED,SUPPORTING,0.665,NORMAL,NONE,TEST,True,AMBIGUOUS,INACTIVE,2026-04-12,2026-06-23
0.047,FALSE,CONTRADICTING,0.199,NORMAL,COLLECTIVE_ANOMALY,TEST,True,AMBIGUOUS,UNKNOWN,2026-02-12,2026-06-25
0.229,UNKNOWN,NEUTRAL,0.281,NORMAL,NONE,TEST,True,AMBIGUOUS,ACTIVE,2025-12-26,2026-05-08
0.627,SUSPECTED,SUPPORTING,0.775,NORMAL,CONTEXTUAL_ANOMALY,TEST,True,AMBIGUOUS,ACTIVE,2026-03-01,2026-10-15
0.323,CONFIRMED,SUPPORTING,0.869,NORMAL,NONE,TEST,True,AMBIGUOUS,ACTIVE,2026-02-10,2026-06-15
0.163,UNKNOWN,NEUTRAL,0.217,NORMAL,NONE,TEST,True,AMBIGUOUS,UNKNOWN,2026-05-23,2026-09-23
0.069,CONFIRMED,SUPPORTING,0.87,NORMAL,NONE,TEST,True,AMBIGUOUS,INACTIVE,2026-01-21,2026-06-29
0.276,CONFIRMED,SUPPORTING,0.903,NORMAL,NONE,TEST,True,AMBIGUOUS,UNKNOWN,2025-11-29,2026-05-07
0.368,CONFIRMED,SUPPORTING,0.821,NORMAL,NONE,TRAIN,True,CRIMINAL,INACTIVE,2026-05-05,2026-07-16
0.266,SUSPECTED,SUPPORTING,0.641,NORMAL,NONE,TRAIN,True,CRIMINAL,INACTIVE,2025-08-08,2025-12-22
0.377,CONFIRMED,SUPPORTING,0.923,NORMAL,CONTEXTUAL_ANOMALY,TRAIN,True,CRIMINAL,INACTIVE,2025-11-12,2026-02-17
0.653,SUSPECTED,SUPPORTING,0.619,NORMAL,NONE,TRAIN,True,CRIMINAL,INACTIVE,2025-10-27,2026-02-22
0.194,UNKNOWN,NEUTRAL,0.388,NORMAL,NONE,TRAIN,True,CRIMINAL,UNKNOWN,2026-01-07,2026-07-10
0.136,UNKNOWN,NEUTRAL,0.514,NORMAL,NONE,TRAIN,True,CRIMINAL,ACTIVE,2026-04-30,2026-11-29
0.393,CONFIRMED,SUPPORTING,0.949,NORMAL,CONTEXTUAL_ANOMALY,TRAIN,True,CRIMINAL,ACTIVE,2025-11-03,2026-05-25
0.494,SUSPECTED,SUPPORTING,0.715,NORMAL,RELATIONAL_ANOMALY,TRAIN,True,CRIMINAL,INACTIVE,2025-10-11,2025-12-16
0.479,SUSPECTED,SUPPORTING,0.696,SHARED_DEVICE,RELATIONAL_ANOMALY,TRAIN,True,CRIMINAL,ACTIVE,2026-03-18,2026-08-14
0.619,SUSPECTED,SUPPORTING,0.626,NORMAL,NONE,TRAIN,True,CRIMINAL,ACTIVE,2025-11-22,2026-06-20
0.275,SUSPECTED,SUPPORTING,0.662,SHARED_DEVICE,NONE,TRAIN,True,CRIMINAL,ACTIVE,2025-10-25,2026-06-23
0.394,SUSPECTED,SUPPORTING,0.693,NORMAL,NONE,TRAIN,True,CRIMINAL,ACTIVE,2025-10-13,2026-07-17
0.704,SUSPECTED,SUPPORTING,0.777,NORMAL,CONTEXTUAL_ANOMALY,TRAIN,True,CRIMINAL,ACTIVE,2026-01-30,2026-10-25
0.689,CONFIRMED,SUPPORTING,0.875,NORMAL,CONTEXTUAL_ANOMALY,TRAIN,True,CRIMINAL,ACTIVE,2026-03-08,2026-09-11
0.346,CONFIRMED,SUPPORTING,0.973,NORMAL,NONE,TRAIN,True,CRIMINAL,ACTIVE,2025-11-26,2026-05-26
0.595,CONFIRMED,SUPPORTING,0.88,STALE_DEVICE,CONTEXTUAL_ANOMALY,TRAIN,True,CRIMINAL,ACTIVE,2026-04-29,2026-08-22
0.523,SUSPECTED,SUPPORTING,0.782,NORMAL,NONE,TRAIN,True,CRIMINAL,ACTIVE,2026-04-30,2026-08-12
0.252,CONFIRMED,SUPPORTING,0.925,NORMAL,NONE,TRAIN,True,CRIMINAL,ACTIVE,2025-10-02,2026-04-21
0.583,SUSPECTED,SUPPORTING,0.844,NORMAL,CONTEXTUAL_ANOMALY,TRAIN,True,CRIMINAL,ACTIVE,2025-12-17,2026-06-28
0.557,CONFIRMED,SUPPORTING,0.842,NORMAL,NONE,TRAIN,True,CRIMINAL,INACTIVE,2026-01-13,2026-04-16
0.575,SUSPECTED,SUPPORTING,0.817,NORMAL,NONE,TRAIN,True,CRIMINAL,ACTIVE,2026-04-02,2026-11-21
0.187,FALSE,CONTRADICTING,0.181,NORMAL,NONE,TRAIN,True,CRIMINAL,ACTIVE,2025-11-26,2026-04-11
0.046,SUSPECTED,SUPPORTING,0.701,NORMAL,TEMPORAL_ANOMALY,TRAIN,True,CRIMINAL,ACTIVE,2025-12-23,2026-07-17
0.503,CONFIRMED,SUPPORTING,0.965,NORMAL,NONE,TRAIN,True,CRIMINAL,ACTIVE,2026-03-04,2026-07-22
0.464,SUSPECTED,SUPPORTING,0.597,NORMAL,NONE,TRAIN,True,CRIMINAL,ACTIVE,2026-05-31,2026-12-27
0.576,CONFIRMED,SUPPORTING,0.943,NORMAL,CONTEXTUAL_ANOMALY,TRAIN,True,CRIMINAL,ACTIVE,2026-01-09,2026-09-01
0.324,SUSPECTED,SUPPORTING,0.804,NORMAL,NONE,TRAIN,True,CRIMINAL,ACTIVE,2026-01-18,2026-05-13
0.461,CONFIRMED,SUPPORTING,0.918,NORMAL,NONE,TRAIN,True,CRIMINAL,UNKNOWN,2025-12-26,2026-05-04
0.27,CONFIRMED,SUPPORTING,0.911,NORMAL,NONE,TRAIN,True,CRIMINAL,ACTIVE,2025-10-22,2026-08-03
0.239,SUSPECTED,SUPPORTING,0.841,STALE_DEVICE,NONE,TRAIN,True,CRIMINAL,ACTIVE,2026-04-02,2026-08-24
0.679,SUSPECTED,SUPPORTING,0.856,NORMAL,NONE,TRAIN,True,CRIMINAL,ACTIVE,2025-11-02,2026-06-09
0.398,UNKNOWN,NEUTRAL,0.27,NORMAL,POINT_ANOMALY,TRAIN,True,CRIMINAL,UNKNOWN,2025-11-01,2026-06-06
0.531,CONFIRMED,SUPPORTING,0.945,NORMAL,COLLECTIVE_ANOMALY,TRAIN,True,CRIMINAL,ACTIVE,2026-03-12,2026-07-25
0.449,SUSPECTED,SUPPORTING,0.583,NORMAL,NONE,TRAIN,True,CRIMINAL,ACTIVE,2026-02-26,2026-08-27
0.199,UNKNOWN,NEUTRAL,0.37,NORMAL,NONE,TRAIN,True,CRIMINAL,UNKNOWN,2026-01-20,2026-05-26
0.241,SUSPECTED,SUPPORTING,0.813,NORMAL,NONE,TRAIN,True,CRIMINAL,ACTIVE,2026-04-15,2026-09-17
0.243,CONFIRMED,SUPPORTING,0.901,NORMAL,NONE,TRAIN,True,CRIMINAL,INACTIVE,2026-01-27,2026-07-13
0.387,UNKNOWN,NEUTRAL,0.221,NORMAL,NONE,TRAIN,True,CRIMINAL,ACTIVE,2025-09-30,2026-05-13
0.323,FALSE,CONTRADICTING,0.377,NORMAL,NONE,TRAIN,True,CRIMINAL,ACTIVE,2026-05-30,2026-10-29
0.691,CONFIRMED,SUPPORTING,0.9,STALE_DEVICE,NONE,TRAIN,True,CRIMINAL,UNKNOWN,2026-07-02,2026-12-04
0.253,UNKNOWN,NEUTRAL,0.338,NORMAL,NONE,TRAIN,True,MIXED,ACTIVE,2025-10-13,2026-06-07
0.288,FALSE,CONTRADICTING,0.279,NORMAL,TEMPORAL_ANOMALY,TRAIN,True,MIXED,ACTIVE,2025-10-14,2026-05-19
0.079,CONFIRMED,SUPPORTING,0.853,NORMAL,NONE,TRAIN,True,MIXED,ACTIVE,2026-01-21,2026-08-18
0.207,SUSPECTED,SUPPORTING,0.812,NORMAL,NONE,TRAIN,True,MIXED,UNKNOWN,2025-11-26,2026-05-26
0.359,SUSPECTED,SUPPORTING,0.785,NORMAL,NONE,TRAIN,True,MIXED,ACTIVE,2025-11-27,2026-06-02
0.146,SUSPECTED,SUPPORTING,0.75,NORMAL,NONE,TRAIN,True,MIXED,ACTIVE,2026-01-13,2026-07-19
0.322,UNKNOWN,NEUTRAL,0.287,NORMAL,NONE,TRAIN,True,MIXED,UNKNOWN,2026-01-14,2026-08-30
0.346,UNKNOWN,NEUTRAL,0.338,NORMAL,COLLECTIVE_ANOMALY,TRAIN,True,MIXED,UNKNOWN,2026-02-06,2026-07-04
0.129,CONFIRMED,SUPPORTING,0.914,NORMAL,NONE,TRAIN,True,MIXED,UNKNOWN,2026-02-28,2026-09-27
0.192,CONFIRMED,SUPPORTING,0.932,NORMAL,NONE,TRAIN,True,MIXED,UNKNOWN,2026-05-17,2026-09-21
0.375,CONFIRMED,SUPPORTING,0.965,NORMAL,NONE,TRAIN,True,MIXED,INACTIVE,2025-10-23,2026-02-11
0.129,SUSPECTED,SUPPORTING,0.688,NORMAL,NONE,TRAIN,True,MIXED,ACTIVE,2026-02-23,2026-07-14
0.234,CONFIRMED,SUPPORTING,0.898,NORMAL,NONE,TRAIN,True,MIXED,ACTIVE,2025-11-10,2026-04-10
0.046,CONFIRMED,SUPPORTING,0.945,NORMAL,NONE,TRAIN,True,MIXED,ACTIVE,2025-11-02,2026-05-16
0.368,SUSPECTED,SUPPORTING,0.623,NORMAL,NONE,TRAIN,True,MIXED,ACTIVE,2025-12-29,2026-07-21
0.192,UNKNOWN,NEUTRAL,0.366,NORMAL,NONE,TRAIN,True,MIXED,ACTIVE,2025-12-29,2026-09-02
0.168,UNKNOWN,NEUTRAL,0.397,NORMAL,NONE,TRAIN,True,MIXED,UNKNOWN,2026-04-21,2026-09-24
0.509,UNKNOWN,NEUTRAL,0.362,RECYCLED_SIM,NONE,TRAIN,True,MIXED,ACTIVE,2026-01-09,2026-08-28
0.304,SUSPECTED,SUPPORTING,0.835,NORMAL,NONE,TRAIN,True,MIXED,ACTIVE,2025-11-27,2026-05-17
0.09,SUSPECTED,SUPPORTING,0.676,NORMAL,NONE,TRAIN,True,MIXED,ACTIVE,2025-11-14,2026-04-21
0.654,UNKNOWN,NEUTRAL,0.529,NORMAL,NONE,TRAIN,True,MIXED,UNKNOWN,2025-11-16,2026-04-26
0.389,UNKNOWN,NEUTRAL,0.483,NORMAL,COLLECTIVE_ANOMALY,TRAIN,True,MIXED,ACTIVE,2026-04-23,2026-09-22
0.679,SUSPECTED,SUPPORTING,0.84,NORMAL,NONE,TRAIN,True,MIXED,ACTIVE,2026-04-07,2026-12-01
0.602,SUSPECTED,SUPPORTING,0.784,NORMAL,NONE,TRAIN,True,MIXED,ACTIVE,2026-04-25,2026-12-23
0.153,CONFIRMED,SUPPORTING,0.83,NORMAL,NONE,TRAIN,True,MIXED,INACTIVE,2026-01-16,2026-07-02
0.63,FALSE,CONTRADICTING,0.241,SHARED_DEVICE,COLLECTIVE_ANOMALY,TRAIN,True,LEGITIMATE,INACTIVE,2026-01-19,2026-06-25
0.536,FALSE,CONTRADICTING,0.329,NORMAL,NONE,TRAIN,True,LEGITIMATE,ACTIVE,2025-11-04,2026-02-22
0.588,FALSE,CONTRADICTING,0.333,NORMAL,NONE,TRAIN,True,LEGITIMATE,ACTIVE,2026-03-27,2026-09-28
0.369,UNKNOWN,NEUTRAL,0.47,NORMAL,NONE,TRAIN,True,LEGITIMATE,ACTIVE,2026-02-06,2026-10-02
0.108,UNKNOWN,NEUTRAL,0.333,NORMAL,NONE,TRAIN,True,LEGITIMATE,ACTIVE,2025-10-21,2026-05-02
0.823,FALSE,CONTRADICTING,0.323,NORMAL,NONE,VALIDATION,True,LEGITIMATE,INACTIVE,2025-09-05,2026-01-03
0.547,UNKNOWN,NEUTRAL,0.231,NORMAL,NONE,VALIDATION,True,LEGITIMATE,UNKNOWN,2026-01-30,2026-07-20
0.425,UNKNOWN,NEUTRAL,0.505,NORMAL,NONE,VALIDATION,True,LEGITIMATE,ACTIVE,2026-06-14,2026-12-22
0.478,SUSPECTED,SUPPORTING,0.625,NORMAL,NONE,VALIDATION,True,LEGITIMATE,UNKNOWN,2025-11-21,2026-03-19
0.059,FALSE,CONTRADICTING,0.335,NORMAL,RELATIONAL_ANOMALY,VALIDATION,True,LEGITIMATE,ACTIVE,2025-12-06,2026-07-19
0.918,CONFIRMED,SUPPORTING,0.924,NORMAL,NONE,VALIDATION,True,LEGITIMATE,UNKNOWN,2025-09-29,2026-02-11
0.513,FALSE,CONTRADICTING,0.402,NORMAL,NONE,VALIDATION,True,LEGITIMATE,ACTIVE,2025-09-15,2026-03-29
0.477,FALSE,CONTRADICTING,0.293,NORMAL,NONE,VALIDATION,True,LEGITIMATE,ACTIVE,2025-12-30,2026-07-11
0.31,FALSE,CONTRADICTING,0.272,SHARED_DEVICE,NONE,VALIDATION,True,LEGITIMATE,ACTIVE,2026-02-04,2026-07-22
0.107,FALSE,CONTRADICTING,0.184,NORMAL,NONE,VALIDATION,True,LEGITIMATE,ACTIVE,2026-01-03,2026-07-28
0.614,UNKNOWN,NEUTRAL,0.326,NORMAL,NONE,VALIDATION,True,LEGITIMATE,ACTIVE,2026-01-19,2026-07-01
0.216,FALSE,CONTRADICTING,0.249,NORMAL,NONE,VALIDATION,True,LEGITIMATE,UNKNOWN,2026-04-11,2026-09-23
0.254,UNKNOWN,NEUTRAL,0.252,NORMAL,NONE,VALIDATION,True,LEGITIMATE,UNKNOWN,2026-03-20,2026-08-15
0.524,UNKNOWN,NEUTRAL,0.428,NORMAL,NONE,VALIDATION,True,LEGITIMATE,ACTIVE,2026-02-11,2026-07-13
0.573,UNKNOWN,NEUTRAL,0.245,NORMAL,NONE,VALIDATION,True,LEGITIMATE,ACTIVE,2025-09-09,2026-05-04
0.614,UNKNOWN,NEUTRAL,0.535,NORMAL,NONE,TEST,True,AMBIGUOUS,UNKNOWN,2026-06-23,2026-11-09
0.661,FALSE,CONTRADICTING,0.324,NORMAL,TEMPORAL_ANOMALY,TEST,True,AMBIGUOUS,ACTIVE,2026-05-26,2026-10-18
0.539,UNKNOWN,NEUTRAL,0.496,NORMAL,NONE,TEST,True,AMBIGUOUS,ACTIVE,2026-01-30,2026-07-18
0.169,FALSE,CONTRADICTING,0.123,DUPLICATE,NONE,TEST,True,AMBIGUOUS,ACTIVE,2026-05-10,2026-08-26
0.059,FALSE,CONTRADICTING,0.225,NORMAL,NONE,TEST,True,AMBIGUOUS,ACTIVE,2025-11-07,2026-06-09
0.408,UNKNOWN,NEUTRAL,0.281,DUPLICATE,TEMPORAL_ANOMALY,TEST,True,AMBIGUOUS,ACTIVE,2025-10-10,2026-06-28
0.688,FALSE,CONTRADICTING,0.248,RECYCLED_SIM,NONE,TEST,True,AMBIGUOUS,ACTIVE,2026-04-27,2026-12-29
0.227,SUSPECTED,SUPPORTING,0.809,NORMAL,CONTEXTUAL_ANOMALY,TEST,True,AMBIGUOUS,ACTIVE,2026-04-25,2026-12-02
0.616,SUSPECTED,SUPPORTING,0.665,NORMAL,NONE,TEST,True,AMBIGUOUS,ACTIVE,2026-02-03,2026-05-16
0.324,UNKNOWN,NEUTRAL,0.524,NORMAL,RELATIONAL_ANOMALY,TEST,True,AMBIGUOUS,INACTIVE,2025-09-03,2026-01-25
0.32,UNKNOWN,NEUTRAL,0.508,NORMAL,NONE,TEST,True,AMBIGUOUS,ACTIVE,2026-06-05,2026-10-26
0.418,CONFIRMED,SUPPORTING,0.859,NORMAL,NONE,TEST,True,AMBIGUOUS,ACTIVE,2026-01-18,2026-08-30
0.694,UNKNOWN,NEUTRAL,0.369,NORMAL,NONE,TEST,True,AMBIGUOUS,ACTIVE,2026-05-08,2026-10-02
0.187,FALSE,CONTRADICTING,0.156,NORMAL,NONE,TEST,True,AMBIGUOUS,INACTIVE,2026-05-08,2026-07-07
0.41,UNKNOWN,NEUTRAL,0.208,NORMAL,RELATIONAL_ANOMALY,TEST,True,AMBIGUOUS,ACTIVE,2025-09-11,2026-05-14
0.322,CONFIRMED,SUPPORTING,0.884,NORMAL,NONE,TRAIN,True,MIXED,ACTIVE,2026-04-18,2026-09-08
0.408,UNKNOWN,NEUTRAL,0.302,NORMAL,NONE,TRAIN,True,LEGITIMATE,ACTIVE,2026-03-03,2026-07-06
0.214,UNKNOWN,NEUTRAL,0.442,NORMAL,NONE,TRAIN,True,CRIMINAL,ACTIVE,2026-05-17,2026-08-16
0.334,CONFIRMED,SUPPORTING,0.823,NORMAL,NONE,TRAIN,True,CRIMINAL,ACTIVE,2026-04-24,2026-08-12
0.226,UNKNOWN,NEUTRAL,0.494,NORMAL,NONE,VALIDATION,True,LEGITIMATE,ACTIVE,2025-12-21,2026-05-18
0.698,CONFIRMED,SUPPORTING,0.875,NORMAL,NONE,TEST,True,AMBIGUOUS,ACTIVE,2026-01-03,2026-06-09
0.495,SUSPECTED,SUPPORTING,0.718,STALE_DEVICE,NONE,TRAIN,True,MIXED,ACTIVE,2026-06-07,2026-08-29
0.288,SUSPECTED,SUPPORTING,0.796,NORMAL,NONE,TRAIN,True,CRIMINAL,ACTIVE,2026-04-10,2026-05-28
0.58,UNKNOWN,NEUTRAL,0.464,STALE_DEVICE,NONE,TRAIN,True,LEGITIMATE,ACTIVE,2025-11-26,2026-05-02
0.795,SUSPECTED,SUPPORTING,0.672,NORMAL,NONE,TRAIN,True,MIXED,ACTIVE,2026-05-26,2026-09-28
0.228,CONFIRMED,SUPPORTING,0.907,NORMAL,NONE,TEST,True,AMBIGUOUS,ACTIVE,2025-11-10,2026-03-15
0.406,CONFIRMED,SUPPORTING,0.821,NORMAL,NONE,TRAIN,True,CRIMINAL,ACTIVE,2026-02-08,2026-07-02
0.042,UNKNOWN,NEUTRAL,0.41,NORMAL,NONE,TRAIN,True,CRIMINAL,ACTIVE,2026-03-02,2026-07-19
0.598,FALSE,CONTRADICTING,0.187,NORMAL,NONE,VALIDATION,True,LEGITIMATE,ACTIVE,2026-02-13,2026-07-27
0.291,UNKNOWN,NEUTRAL,0.324,NORMAL,NONE,TRAIN,True,CRIMINAL,ACTIVE,2026-03-20,2026-09-26
0.625,SUSPECTED,SUPPORTING,0.786,NORMAL,CONTEXTUAL_ANOMALY,TEST,True,AMBIGUOUS,ACTIVE,2026-03-24,2026-07-28
0.738,CONFIRMED,SUPPORTING,0.863,NORMAL,NONE,TRAIN,True,CRIMINAL,ACTIVE,2026-04-26,2026-09-29
0.651,FALSE,CONTRADICTING,0.363,NORMAL,NONE,TRAIN,True,CRIMINAL,ACTIVE,2026-03-18,2026-05-16
0.348,FALSE,CONTRADICTING,0.367,NORMAL,NONE,VALIDATION,True,LEGITIMATE,ACTIVE,2026-04-24,2026-07-17
0.507,FALSE,CONTRADICTING,0.145,NORMAL,NONE,VALIDATION,True,LEGITIMATE,ACTIVE,2026-01-11,2026-03-09
0.449,UNKNOWN,NEUTRAL,0.516,NORMAL,NONE,TRAIN,True,CRIMINAL,ACTIVE,2026-02-03,2026-06-02
0.341,SUSPECTED,SUPPORTING,0.706,NORMAL,NONE,VALIDATION,True,LEGITIMATE,ACTIVE,2026-02-15,2026-07-29
0.283,FALSE,CONTRADICTING,0.12,NORMAL,NONE,TEST,True,AMBIGUOUS,ACTIVE,2026-01-08,2026-06-21
0.456,CONFIRMED,SUPPORTING,0.836,NORMAL,RELATIONAL_ANOMALY,TRAIN,True,CRIMINAL,ACTIVE,2025-11-04,2026-05-23
0.708,SUSPECTED,SUPPORTING,0.73,NORMAL,NONE,VALIDATION,True,LEGITIMATE,ACTIVE,2026-02-05,2026-07-20
0.367,UNKNOWN,NEUTRAL,0.526,NORMAL,NONE,TEST,True,AMBIGUOUS,ACTIVE,2026-01-09,2026-07-08
0.431,SUSPECTED,SUPPORTING,0.71,NORMAL,NONE,TRAIN,True,MIXED,ACTIVE,2026-03-31,2026-08-07
0.528,UNKNOWN,NEUTRAL,0.229,NORMAL,TEMPORAL_ANOMALY,VALIDATION,True,LEGITIMATE,ACTIVE,2026-03-05,2026-05-14
0.718,UNKNOWN,NEUTRAL,0.448,NORMAL,NONE,TRAIN,True,MIXED,ACTIVE,2026-02-02,2026-06-03
0.416,SUSPECTED,SUPPORTING,0.817,NORMAL,NONE,TRAIN,True,CRIMINAL,ACTIVE,2026-02-09,2026-07-11
0.335,SUSPECTED,SUPPORTING,0.812,RECYCLED_SIM,POINT_ANOMALY,TEST,True,AMBIGUOUS,ACTIVE,2026-06-18,2026-09-06
0.53,UNKNOWN,NEUTRAL,0.378,NORMAL,NONE,TRAIN,True,CRIMINAL,ACTIVE,2026-01-26,2026-03-26
0.335,UNKNOWN,NEUTRAL,0.307,NORMAL,NONE,TRAIN,True,CRIMINAL,ACTIVE,2026-03-13,2026-05-05
0.424,CONFIRMED,SUPPORTING,0.973,NORMAL,NONE,TRAIN,True,CRIMINAL,ACTIVE,2025-12-10,2026-04-10
0.334,SUSPECTED,SUPPORTING,0.696,NORMAL,NONE,TRAIN,True,MIXED,ACTIVE,2026-05-03,2026-08-31
0.156,CONFIRMED,SUPPORTING,0.895,NORMAL,NONE,TRAIN,True,MIXED,ACTIVE,2026-04-14,2026-08-18
0.313,UNKNOWN,NEUTRAL,0.522,NORMAL,NONE,TRAIN,True,CRIMINAL,ACTIVE,2026-06-23,2026-10-12
0.074,FALSE,CONTRADICTING,0.262,NORMAL,NONE,TRAIN,True,CRIMINAL,ACTIVE,2026-01-28,2026-06-21
0.76,FALSE,CONTRADICTING,0.337,NORMAL,NONE,TRAIN,True,CRIMINAL,ACTIVE,2026-03-03,2026-07-12
0.046,FALSE,CONTRADICTING,0.221,NORMAL,NONE,TRAIN,True,MIXED,ACTIVE,2025-12-18,2026-02-04
0.058,SUSPECTED,SUPPORTING,0.859,NORMAL,NONE,TRAIN,True,MIXED,ACTIVE,2026-06-02,2026-08-11
0.612,CONFIRMED,SUPPORTING,0.878,NORMAL,NONE,TRAIN,True,CRIMINAL,ACTIVE,2026-04-30,2026-08-11
0.315,UNKNOWN,NEUTRAL,0.472,NORMAL,TEMPORAL_ANOMALY,TRAIN,True,CRIMINAL,ACTIVE,2026-05-08,2026-09-21
0.765,UNKNOWN,NEUTRAL,0.511,NORMAL,NONE,TRAIN,True,CRIMINAL,ACTIVE,2025-10-31,2026-04-27
0.291,UNKNOWN,NEUTRAL,0.44,NORMAL,NONE,TRAIN,True,CRIMINAL,ACTIVE,2026-03-27,2026-06-11
0.424,SUSPECTED,SUPPORTING,0.695,SHARED_DEVICE,NONE,TRAIN,True,LEGITIMATE,ACTIVE,2026-05-06,2026-07-01
0.142,UNKNOWN,NEUTRAL,0.43,NORMAL,NONE,TRAIN,True,CRIMINAL,ACTIVE,2025-12-12,2026-02-24
0.608,SUSPECTED,SUPPORTING,0.69,NORMAL,NONE,TEST,True,AMBIGUOUS,ACTIVE,2026-01-05,2026-03-30
0.197,CONFIRMED,SUPPORTING,0.854,NORMAL,CONTEXTUAL_ANOMALY,TEST,True,AMBIGUOUS,ACTIVE,2025-12-28,2026-05-19
0.354,SUSPECTED,SUPPORTING,0.701,NORMAL,NONE,TEST,True,AMBIGUOUS,ACTIVE,2026-01-08,2026-04-23
0.648,CONFIRMED,SUPPORTING,0.981,NORMAL,NONE,TRAIN,True,CRIMINAL,ACTIVE,2026-03-06,2026-05-16
0.133,UNKNOWN,NEUTRAL,0.501,NORMAL,NONE,TRAIN,True,CRIMINAL,ACTIVE,2026-03-20,2026-06-10
0.743,UNKNOWN,NEUTRAL,0.427,NORMAL,TEMPORAL_ANOMALY,TRAIN,True,CRIMINAL,ACTIVE,2025-10-24,2026-04-10
0.168,UNKNOWN,NEUTRAL,0.265,RECYCLED_SIM,NONE,VALIDATION,True,LEGITIMATE,ACTIVE,2026-08-02,2026-10-19
0.572,FALSE,CONTRADICTING,0.343,NORMAL,TEMPORAL_ANOMALY,TRAIN,True,MIXED,ACTIVE,2025-10-16,2026-02-21
0.912,CONFIRMED,SUPPORTING,0.888,NORMAL,NONE,TRAIN,True,MIXED,ACTIVE,2026-03-06,2026-07-14
0.518,CONFIRMED,SUPPORTING,0.934,NORMAL,NONE,TRAIN,True,MIXED,ACTIVE,2026-01-10,2026-07-07
0.3,SUSPECTED,SUPPORTING,0.729,NORMAL,NONE,TRAIN,True,CRIMINAL,ACTIVE,2025-10-07,2026-03-17
0.502,SUSPECTED,SUPPORTING,0.748,NORMAL,POINT_ANOMALY,TRAIN,True,MIXED,ACTIVE,2026-01-26,2026-06-14
0.226,CONFIRMED,SUPPORTING,0.843,NORMAL,NONE,TRAIN,True,CRIMINAL,ACTIVE,2026-06-05,2026-09-18
0.733,SUSPECTED,SUPPORTING,0.855,NORMAL,NONE,TEST,True,AMBIGUOUS,ACTIVE,2026-07-02,2026-10-19
0.49,SUSPECTED,SUPPORTING,0.843,NORMAL,NONE,TRAIN,True,MIXED,ACTIVE,2026-07-05,2026-09-23
0.438,CONFIRMED,SUPPORTING,0.844,NORMAL,NONE,TRAIN,True,CRIMINAL,ACTIVE,2026-01-28,2026-05-24
0.417,CONFIRMED,SUPPORTING,0.956,NORMAL,NONE,TRAIN,True,CRIMINAL,ACTIVE,2026-01-16,2026-04-20
0.382,CONFIRMED,SUPPORTING,0.927,NORMAL,NONE,VALIDATION,True,LEGITIMATE,ACTIVE,2026-04-02,2026-08-04
0.552,SUSPECTED,SUPPORTING,0.782,NORMAL,COLLECTIVE_ANOMALY,TEST,True,AMBIGUOUS,ACTIVE,2026-03-19,2026-10-06
0.643,FALSE,CONTRADICTING,0.159,NORMAL,NONE,VALIDATION,True,LEGITIMATE,ACTIVE,2025-12-06,2026-03-11
0.315,SUSPECTED,SUPPORTING,0.748,NORMAL,NONE,TRAIN,True,CRIMINAL,ACTIVE,2026-06-22,2026-08-23
0.445,UNKNOWN,NEUTRAL,0.339,NORMAL,NONE,TEST,True,AMBIGUOUS,ACTIVE,2026-02-27,2026-04-15
0.164,CONFIRMED,SUPPORTING,0.889,RECYCLED_SIM,NONE,TRAIN,True,CRIMINAL,ACTIVE,2026-06-06,2026-10-18
0.614,CONFIRMED,SUPPORTING,0.864,NORMAL,NONE,VALIDATION,True,LEGITIMATE,ACTIVE,2026-01-29,2026-06-09
0.661,SUSPECTED,SUPPORTING,0.628,NORMAL,NONE,TRAIN,True,MIXED,ACTIVE,2025-10-23,2026-03-19
0.165,FALSE,CONTRADICTING,0.185,NORMAL,NONE,TRAIN,True,CRIMINAL,ACTIVE,2026-03-04,2026-07-18
0.937,CONFIRMED,SUPPORTING,0.947,NORMAL,NONE,TRAIN,True,MIXED,ACTIVE,2026-03-20,2026-08-30
0.244,FALSE,CONTRADICTING,0.177,NORMAL,NONE,TRAIN,True,CRIMINAL,ACTIVE,2026-05-06,2026-08-16
0.631,FALSE,CONTRADICTING,0.241,SHARED_DEVICE,COLLECTIVE_ANOMALY,TRAIN,True,LEGITIMATE,ACTIVE,2026-05-18,2026-06-16
0.463,CONFIRMED,SUPPORTING,0.904,NORMAL,NONE,TRAIN,True,CRIMINAL,ACTIVE,2026-03-10,2026-08-22
0.464,CONFIRMED,SUPPORTING,0.913,NORMAL,NONE,TRAIN,True,MIXED,ACTIVE,2026-04-28,2026-06-16
0.316,UNKNOWN,NEUTRAL,0.305,NORMAL,NONE,TRAIN,True,CRIMINAL,ACTIVE,2026-05-24,2026-09-03
0.356,SUSPECTED,SUPPORTING,0.815,NORMAL,POINT_ANOMALY,TRAIN,True,CRIMINAL,ACTIVE,2026-01-24,2026-03-09
0.703,FALSE,CONTRADICTING,0.207,NORMAL,NONE,TRAIN,True,MIXED,ACTIVE,2026-05-21,2026-07-04
0.337,FALSE,CONTRADICTING,0.172,NORMAL,NONE,TRAIN,True,MIXED,ACTIVE,2026-02-09,2026-06-09
0.395,CONFIRMED,SUPPORTING,0.982,NORMAL,NONE,TRAIN,True,CRIMINAL,ACTIVE,2025-09-19,2026-02-12
0.715,FALSE,CONTRADICTING,0.202,NORMAL,COLLECTIVE_ANOMALY,VALIDATION,True,LEGITIMATE,ACTIVE,2026-01-29,2026-06-01
0.814,SUSPECTED,SUPPORTING,0.843,NORMAL,NONE,TEST,True,AMBIGUOUS,ACTIVE,2026-02-16,2026-08-02
0.783,CONFIRMED,SUPPORTING,0.927,NORMAL,NONE,TRAIN,True,CRIMINAL,ACTIVE,2026-04-20,2026-08-05
0.175,SUSPECTED,SUPPORTING,0.806,NORMAL,COLLECTIVE_ANOMALY,TRAIN,True,LEGITIMATE,ACTIVE,2025-10-29,2026-02-08
0.173,CONFIRMED,SUPPORTING,0.977,NORMAL,NONE,TRAIN,True,CRIMINAL,ACTIVE,2025-12-04,2026-03-25
0.474,FALSE,CONTRADICTING,0.297,NORMAL,NONE,TRAIN,True,CRIMINAL,ACTIVE,2026-02-10,2026-08-10
0.577,SUSPECTED,SUPPORTING,0.801,NORMAL,NONE,TRAIN,True,CRIMINAL,ACTIVE,2025-12-04,2026-03-03
0.549,SUSPECTED,SUPPORTING,0.588,NORMAL,NONE,TRAIN,True,CRIMINAL,ACTIVE,2025-12-29,2026-03-31
0.226,SUSPECTED,SUPPORTING,0.584,NORMAL,NONE,TRAIN,True,LEGITIMATE,ACTIVE,2025-10-02,2026-01-22
0.464,CONFIRMED,SUPPORTING,0.948,NORMAL,NONE,TRAIN,True,MIXED,ACTIVE,2026-01-31,2026-04-10
0.512,UNKNOWN,NEUTRAL,0.415,NORMAL,NONE,TRAIN,True,MIXED,ACTIVE,2025-12-05,2026-04-14
0.535,UNKNOWN,NEUTRAL,0.501,NORMAL,RELATIONAL_ANOMALY,VALIDATION,True,LEGITIMATE,ACTIVE,2026-03-14,2026-06-12
0.371,UNKNOWN,NEUTRAL,0.469,NORMAL,NONE,TRAIN,True,MIXED,ACTIVE,2026-03-08,2026-07-20
0.216,CONFIRMED,SUPPORTING,0.875,NORMAL,NONE,TRAIN,True,CRIMINAL,ACTIVE,2026-01-29,2026-07-07
0.113,UNKNOWN,NEUTRAL,0.205,NORMAL,NONE,TRAIN,True,CRIMINAL,ACTIVE,2025-12-05,2026-03-27
0.761,CONFIRMED,SUPPORTING,0.927,NORMAL,NONE,TRAIN,True,CRIMINAL,ACTIVE,2026-04-10,2026-06-25
0.431,SUSPECTED,SUPPORTING,0.833,NORMAL,NONE,TRAIN,True,LEGITIMATE,ACTIVE,2026-04-13,2026-08-27
0.517,UNKNOWN,NEUTRAL,0.449,NORMAL,RELATIONAL_ANOMALY,TRAIN,True,CRIMINAL,ACTIVE,2026-02-06,2026-04-18
0.501,SUSPECTED,SUPPORTING,0.679,NORMAL,NONE,TRAIN,True,CRIMINAL,ACTIVE,2026-04-17,2026-07-06
0.543,UNKNOWN,NEUTRAL,0.508,NORMAL,NONE,TRAIN,True,CRIMINAL,ACTIVE,2025-10-26,2026-02-16
0.466,SUSPECTED,SUPPORTING,0.66,NORMAL,NONE,TRAIN,True,LEGITIMATE,ACTIVE,2026-01-24,2026-06-06
0.146,CONFIRMED,SUPPORTING,0.948,NORMAL,NONE,TRAIN,True,CRIMINAL,ACTIVE,2025-12-10,2026-04-29
0.419,UNKNOWN,NEUTRAL,0.31,NORMAL,NONE,TRAIN,True,CRIMINAL,ACTIVE,2026-04-14,2026-08-08
0.58,UNKNOWN,NEUTRAL,0.426,NORMAL,RELATIONAL_ANOMALY,VALIDATION,True,LEGITIMATE,ACTIVE,2026-04-06,2026-09-25
0.342,SUSPECTED,SUPPORTING,0.587,NORMAL,NONE,TRAIN,True,CRIMINAL,ACTIVE,2026-03-02,2026-07-27
0.551,SUSPECTED,SUPPORTING,0.745,NORMAL,NONE,VALIDATION,True,LEGITIMATE,ACTIVE,2025-12-24,2026-04-15
0.494,CONFIRMED,SUPPORTING,0.938,NORMAL,NONE,TRAIN,True,CRIMINAL,ACTIVE,2026-05-07,2026-09-27
0.651,CONFIRMED,SUPPORTING,0.86,NORMAL,NONE,TRAIN,True,CRIMINAL,ACTIVE,2026-03-06,2026-07-27
0.427,CONFIRMED,SUPPORTING,0.915,NORMAL,POINT_ANOMALY,TRAIN,True,CRIMINAL,ACTIVE,2026-05-21,2026-09-07
0.328,SUSPECTED,SUPPORTING,0.614,NORMAL,NONE,TRAIN,True,CRIMINAL,ACTIVE,2025-10-29,2026-03-19
0.568,UNKNOWN,NEUTRAL,0.373,NORMAL,COLLECTIVE_ANOMALY,VALIDATION,True,LEGITIMATE,ACTIVE,2026-04-21,2026-05-30
0.397,SUSPECTED,SUPPORTING,0.676,NORMAL,NONE,TRAIN,True,CRIMINAL,ACTIVE,2026-04-28,2026-06-18
0.491,CONFIRMED,SUPPORTING,0.907,NORMAL,TEMPORAL_ANOMALY,TRAIN,True,MIXED,ACTIVE,2026-03-12,2026-04-22
0.251,UNKNOWN,NEUTRAL,0.416,NORMAL,NONE,VALIDATION,True,LEGITIMATE,ACTIVE,2026-06-15,2026-09-01
0.276,FALSE,CONTRADICTING,0.316,NORMAL,NONE,TRAIN,True,LEGITIMATE,ACTIVE,2025-12-03,2026-02-26
0.547,FALSE,CONTRADICTING,0.245,NORMAL,NONE,TRAIN,True,CRIMINAL,ACTIVE,2026-05-02,2026-08-09
0.177,SUSPECTED,SUPPORTING,0.585,NORMAL,TEMPORAL_ANOMALY,TRAIN,True,CRIMINAL,ACTIVE,2026-02-13,2026-07-06
0.183,SUSPECTED,SUPPORTING,0.645,NORMAL,NONE,TRAIN,True,MIXED,ACTIVE,2026-02-22,2026-04-23
0.312,CONFIRMED,SUPPORTING,0.908,NORMAL,NONE,TRAIN,True,CRIMINAL,ACTIVE,2025-12-10,2026-02-19
0.335,FALSE,CONTRADICTING,0.257,NORMAL,NONE,TRAIN,True,MIXED,ACTIVE,2026-04-05,2026-05-31
0.306,UNKNOWN,NEUTRAL,0.232,NORMAL,NONE,TRAIN,True,MIXED,ACTIVE,2025-09-27,2026-03-21
0.559,CONFIRMED,SUPPORTING,0.955,STALE_DEVICE,NONE,TRAIN,True,CRIMINAL,ACTIVE,2026-03-13,2026-08-07
0.658,FALSE,CONTRADICTING,0.287,NORMAL,NONE,TRAIN,True,CRIMINAL,ACTIVE,2026-03-28,2026-06-24
0.095,SUSPECTED,SUPPORTING,0.804,NORMAL,NONE,TRAIN,True,MIXED,ACTIVE,2026-03-17,2026-08-25
0.257,SUSPECTED,SUPPORTING,0.771,NORMAL,NONE,TEST,True,AMBIGUOUS,ACTIVE,2026-05-01,2026-07-27
0.419,CONFIRMED,SUPPORTING,0.855,NORMAL,POINT_ANOMALY,TRAIN,True,MIXED,ACTIVE,2026-02-17,2026-06-07
0.617,FALSE,CONTRADICTING,0.313,NORMAL,NONE,TRAIN,True,LEGITIMATE,ACTIVE,2025-10-09,2026-03-22
0.48,CONFIRMED,SUPPORTING,0.828,NORMAL,POINT_ANOMALY,TRAIN,True,CRIMINAL,ACTIVE,2026-06-22,2026-09-13
0.314,UNKNOWN,NEUTRAL,0.221,NORMAL,NONE,TRAIN,True,CRIMINAL,ACTIVE,2026-02-22,2026-07-01
0.571,CONFIRMED,SUPPORTING,0.966,NORMAL,NONE,TEST,True,AMBIGUOUS,ACTIVE,2026-07-24,2026-09-15
0.172,FALSE,CONTRADICTING,0.212,NORMAL,POINT_ANOMALY,TRAIN,True,CRIMINAL,ACTIVE,2025-11-09,2026-05-25
0.431,SUSPECTED,SUPPORTING,0.777,NORMAL,NONE,VALIDATION,True,LEGITIMATE,ACTIVE,2025-11-20,2026-04-07
0.339,SUSPECTED,SUPPORTING,0.822,NORMAL,NONE,VALIDATION,True,LEGITIMATE,ACTIVE,2026-04-16,2026-08-21
0.235,FALSE,CONTRADICTING,0.148,NORMAL,COLLECTIVE_ANOMALY,TRAIN,True,MIXED,ACTIVE,2026-02-21,2026-04-27
0.144,CONFIRMED,SUPPORTING,0.834,NORMAL,NONE,TRAIN,True,MIXED,ACTIVE,2026-02-22,2026-07-20
0.327,SUSPECTED,SUPPORTING,0.755,NORMAL,NONE,TRAIN,True,CRIMINAL,ACTIVE,2026-04-06,2026-06-25
0.27,SUSPECTED,SUPPORTING,0.798,NORMAL,NONE,TRAIN,True,MIXED,ACTIVE,2025-11-29,2026-03-15
0.506,SUSPECTED,SUPPORTING,0.775,NORMAL,NONE,TRAIN,True,MIXED,ACTIVE,2025-11-08,2026-03-14
0.681,CONFIRMED,SUPPORTING,0.822,NORMAL,NONE,TRAIN,True,CRIMINAL,ACTIVE,2026-04-04,2026-05-13
0.38,SUSPECTED,SUPPORTING,0.619,NORMAL,TEMPORAL_ANOMALY,TEST,True,AMBIGUOUS,ACTIVE,2026-02-27,2026-05-23
0.455,CONFIRMED,SUPPORTING,0.876,NORMAL,NONE,TRAIN,True,CRIMINAL,ACTIVE,2026-05-19,2026-08-16
0.531,SUSPECTED,SUPPORTING,0.785,NORMAL,POINT_ANOMALY,VALIDATION,True,LEGITIMATE,ACTIVE,2025-11-30,2026-05-21
0.137,UNKNOWN,NEUTRAL,0.445,NORMAL,NONE,TRAIN,True,CRIMINAL,ACTIVE,2026-05-05,2026-08-19
0.409,CONFIRMED,SUPPORTING,0.887,NORMAL,NONE,TRAIN,True,MIXED,ACTIVE,2026-03-06,2026-09-04
0.359,UNKNOWN,NEUTRAL,0.252,NORMAL,NONE,TRAIN,True,MIXED,ACTIVE,2025-11-12,2026-04-25
0.286,SUSPECTED,SUPPORTING,0.62,NORMAL,NONE,TRAIN,True,CRIMINAL,ACTIVE,2026-05-06,2026-08-15
0.095,UNKNOWN,NEUTRAL,0.433,DUPLICATE,NONE,TEST,True,AMBIGUOUS,ACTIVE,2026-01-11,2026-06-04
0.356,UNKNOWN,NEUTRAL,0.364,NORMAL,NONE,TRAIN,True,MIXED,ACTIVE,2026-01-04,2026-06-27
0.253,FALSE,CONTRADICTING,0.412,NORMAL,CONTEXTUAL_ANOMALY,TRAIN,True,CRIMINAL,ACTIVE,2025-12-05,2026-05-16
0.114,SUSPECTED,SUPPORTING,0.626,NORMAL,NONE,TRAIN,True,CRIMINAL,ACTIVE,2025-11-05,2026-02-25
0.27,CONFIRMED,SUPPORTING,0.958,NORMAL,NONE,TRAIN,True,CRIMINAL,ACTIVE,2025-12-11,2026-04-17
0.79,CONFIRMED,SUPPORTING,0.984,DUPLICATE,NONE,TRAIN,True,CRIMINAL,ACTIVE,2026-02-25,2026-04-13
0.417,FALSE,CONTRADICTING,0.374,NORMAL,NONE,TRAIN,True,MIXED,ACTIVE,2026-02-07,2026-06-18
0.103,SUSPECTED,SUPPORTING,0.616,NORMAL,NONE,TRAIN,True,CRIMINAL,ACTIVE,2026-07-10,2026-09-11
0.153,SUSPECTED,SUPPORTING,0.856,NORMAL,NONE,TRAIN,True,CRIMINAL,ACTIVE,2026-04-12,2026-06-02
0.63,SUSPECTED,SUPPORTING,0.832,NORMAL,RELATIONAL_ANOMALY,VALIDATION,True,LEGITIMATE,ACTIVE,2025-12-23,2026-03-27
0.1,SUSPECTED,SUPPORTING,0.607,NORMAL,NONE,TRAIN,True,CRIMINAL,ACTIVE,2026-02-16,2026-05-26
0.599,UNKNOWN,NEUTRAL,0.283,NORMAL,NONE,TRAIN,True,MIXED,ACTIVE,2026-07-11,2026-08-23
0.306,FALSE,CONTRADICTING,0.29,NORMAL,NONE,TRAIN,True,LEGITIMATE,ACTIVE,2026-07-16,2026-09-07
0.297,FALSE,CONTRADICTING,0.136,NORMAL,NONE,TRAIN,True,CRIMINAL,ACTIVE,2025-12-23,2026-05-03
0.165,CONFIRMED,SUPPORTING,0.945,NORMAL,NONE,TRAIN,True,CRIMINAL,ACTIVE,2025-12-11,2026-03-28
0.175,CONFIRMED,SUPPORTING,0.982,NORMAL,NONE,TRAIN,True,CRIMINAL,ACTIVE,2026-07-04,2026-11-03
0.408,SUSPECTED,SUPPORTING,0.774,NORMAL,COLLECTIVE_ANOMALY,TRAIN,True,CRIMINAL,ACTIVE,2026-04-07,2026-09-26
0.651,SUSPECTED,SUPPORTING,0.756,NORMAL,NONE,TRAIN,True,MIXED,ACTIVE,2026-07-05,2026-09-08
0.632,UNKNOWN,NEUTRAL,0.544,NORMAL,NONE,VALIDATION,True,LEGITIMATE,ACTIVE,2026-06-10,2026-09-15
0.142,FALSE,CONTRADICTING,0.399,NORMAL,NONE,TRAIN,True,MIXED,ACTIVE,2026-05-14,2026-08-14
0.34,UNKNOWN,NEUTRAL,0.403,NORMAL,NONE,VALIDATION,True,LEGITIMATE,ACTIVE,2026-03-19,2026-07-16
0.08,SUSPECTED,SUPPORTING,0.758,NORMAL,CONTEXTUAL_ANOMALY,TEST,True,AMBIGUOUS,ACTIVE,2026-03-10,2026-08-15
0.058,UNKNOWN,NEUTRAL,0.305,NORMAL,NONE,VALIDATION,True,LEGITIMATE,ACTIVE,2026-06-06,2026-09-24
0.313,CONFIRMED,SUPPORTING,0.98,SHARED_DEVICE,CONTEXTUAL_ANOMALY,TRAIN,True,LEGITIMATE,ACTIVE,2026-03-17,2026-07-27
0.13,CONFIRMED,SUPPORTING,0.928,NORMAL,RELATIONAL_ANOMALY,TRAIN,True,MIXED,ACTIVE,2026-04-01,2026-07-27
0.655,SUSPECTED,SUPPORTING,0.857,NORMAL,NONE,TRAIN,True,CRIMINAL,ACTIVE,2026-04-02,2026-06-01
0.575,CONFIRMED,SUPPORTING,0.878,NORMAL,NONE,TRAIN,True,CRIMINAL,ACTIVE,2026-05-31,2026-08-22
0.463,FALSE,CONTRADICTING,0.152,NORMAL,NONE,VALIDATION,True,LEGITIMATE,ACTIVE,2026-07-12,2026-10-02
0.682,UNKNOWN,NEUTRAL,0.253,NORMAL,NONE,TRAIN,True,MIXED,ACTIVE,2026-02-25,2026-04-16
0.354,UNKNOWN,NEUTRAL,0.202,NORMAL,NONE,TRAIN,True,MIXED,ACTIVE,2026-04-07,2026-06-16
0.109,SUSPECTED,SUPPORTING,0.825,NORMAL,NONE,VALIDATION,True,LEGITIMATE,ACTIVE,2026-06-26,2026-08-29
0.559,SUSPECTED,SUPPORTING,0.736,NORMAL,NONE,TRAIN,True,CRIMINAL,ACTIVE,2026-03-22,2026-05-03
0.134,CONFIRMED,SUPPORTING,0.909,NORMAL,NONE,TRAIN,True,CRIMINAL,ACTIVE,2026-01-12,2026-03-01
0.653,FALSE,CONTRADICTING,0.155,NORMAL,NONE,VALIDATION,True,LEGITIMATE,ACTIVE,2025-11-07,2026-05-23
0.484,SUSPECTED,SUPPORTING,0.605,NORMAL,NONE,TEST,True,AMBIGUOUS,ACTIVE,2026-04-09,2026-07-31
0.456,FALSE,CONTRADICTING,0.307,RECYCLED_SIM,NONE,VALIDATION,True,LEGITIMATE,ACTIVE,2026-01-02,2026-06-21
0.433,SUSPECTED,SUPPORTING,0.688,NORMAL,NONE,TRAIN,True,MIXED,ACTIVE,2026-04-09,2026-09-05
0.303,FALSE,CONTRADICTING,0.287,NORMAL,NONE,TEST,True,AMBIGUOUS,ACTIVE,2025-11-10,2026-04-27
0.103,UNKNOWN,NEUTRAL,0.278,NORMAL,NONE,TRAIN,True,CRIMINAL,ACTIVE,2025-12-23,2026-06-11
0.244,SUSPECTED,SUPPORTING,0.825,NORMAL,NONE,TRAIN,True,MIXED,ACTIVE,2026-06-07,2026-10-09
0.318,UNKNOWN,NEUTRAL,0.248,SHARED_DEVICE,NONE,TRAIN,True,CRIMINAL,ACTIVE,2025-11-30,2026-02-25
0.464,UNKNOWN,NEUTRAL,0.222,NORMAL,NONE,TRAIN,True,LEGITIMATE,ACTIVE,2026-04-05,2026-09-29
0.175,SUSPECTED,SUPPORTING,0.607,NORMAL,NONE,VALIDATION,True,LEGITIMATE,ACTIVE,2026-04-27,2026-09-14
0.161,SUSPECTED,SUPPORTING,0.786,NORMAL,NONE,TRAIN,True,CRIMINAL,ACTIVE,2026-05-18,2026-09-13
0.597,UNKNOWN,NEUTRAL,0.342,NORMAL,NONE,TRAIN,True,CRIMINAL,ACTIVE,2026-04-13,2026-07-21
0.332,CONFIRMED,SUPPORTING,0.923,NORMAL,NONE,TRAIN,True,CRIMINAL,ACTIVE,2026-04-06,2026-06-01
0.413,SUSPECTED,SUPPORTING,0.724,NORMAL,NONE,TRAIN,True,MIXED,ACTIVE,2026-04-28,2026-08-11
0.446,SUSPECTED,SUPPORTING,0.688,NORMAL,NONE,TRAIN,True,MIXED,ACTIVE,2026-03-06,2026-05-25
0.227,UNKNOWN,NEUTRAL,0.483,NORMAL,NONE,TRAIN,True,CRIMINAL,ACTIVE,2026-05-08,2026-10-01
0.762,UNKNOWN,NEUTRAL,0.479,NORMAL,NONE,TRAIN,True,CRIMINAL,ACTIVE,2026-01-18,2026-04-24
0.552,CONFIRMED,SUPPORTING,0.975,NORMAL,NONE,TRAIN,True,CRIMINAL,ACTIVE,2026-04-21,2026-09-04
0.647,SUSPECTED,SUPPORTING,0.72,NORMAL,NONE,TRAIN,True,MIXED,ACTIVE,2026-02-13,2026-07-12
0.587,UNKNOWN,NEUTRAL,0.294,NORMAL,NONE,TRAIN,True,CRIMINAL,ACTIVE,2025-11-21,2026-03-15
0.463,CONFIRMED,SUPPORTING,0.827,NORMAL,POINT_ANOMALY,TRAIN,True,MIXED,ACTIVE,2026-08-05,2026-10-02
0.549,FALSE,CONTRADICTING,0.22,NORMAL,NONE,TRAIN,True,MIXED,ACTIVE,2026-03-30,2026-05-29
0.048,CONFIRMED,SUPPORTING,0.896,NORMAL,NONE,TRAIN,True,MIXED,ACTIVE,2026-01-23,2026-08-14
0.086,CONFIRMED,SUPPORTING,0.97,NORMAL,POINT_ANOMALY,TRAIN,True,MIXED,ACTIVE,2025-10-14,2026-03-22
0.619,SUSPECTED,SUPPORTING,0.723,NORMAL,NONE,TRAIN,True,CRIMINAL,ACTIVE,2026-05-30,2026-09-05
0.264,FALSE,CONTRADICTING,0.338,NORMAL,NONE,TRAIN,True,CRIMINAL,ACTIVE,2026-04-23,2026-10-19
0.584,SUSPECTED,SUPPORTING,0.691,NORMAL,NONE,TRAIN,True,CRIMINAL,ACTIVE,2026-04-02,2026-09-10
0.487,SUSPECTED,SUPPORTING,0.631,NORMAL,NONE,TRAIN,True,MIXED,ACTIVE,2026-04-01,2026-07-28
0.173,CONFIRMED,SUPPORTING,0.958,NORMAL,NONE,TRAIN,True,CRIMINAL,ACTIVE,2026-01-04,2026-06-11
0.378,UNKNOWN,NEUTRAL,0.533,NORMAL,RELATIONAL_ANOMALY,VALIDATION,True,LEGITIMATE,ACTIVE,2026-02-15,2026-06-20
0.257,SUSPECTED,SUPPORTING,0.842,NORMAL,TEMPORAL_ANOMALY,TRAIN,True,CRIMINAL,ACTIVE,2026-04-29,2026-08-29
0.443,SUSPECTED,SUPPORTING,0.841,NORMAL,NONE,VALIDATION,True,LEGITIMATE,ACTIVE,2026-02-22,2026-05-31
0.341,UNKNOWN,NEUTRAL,0.431,NORMAL,NONE,TRAIN,True,CRIMINAL,ACTIVE,2026-02-10,2026-06-09
0.275,UNKNOWN,NEUTRAL,0.23,NORMAL,NONE,TEST,True,AMBIGUOUS,ACTIVE,2026-01-06,2026-04-13
0.262,CONFIRMED,SUPPORTING,0.894,NORMAL,NONE,TRAIN,True,CRIMINAL,ACTIVE,2025-12-19,2026-04-08
0.478,FALSE,CONTRADICTING,0.309,NORMAL,NONE,VALIDATION,True,LEGITIMATE,ACTIVE,2025-12-08,2026-03-30
0.729,UNKNOWN,NEUTRAL,0.398,NORMAL,NONE,TRAIN,True,CRIMINAL,ACTIVE,2026-04-14,2026-10-05
0.387,SUSPECTED,SUPPORTING,0.817,NORMAL,POINT_ANOMALY,TRAIN,True,CRIMINAL,ACTIVE,2026-04-12,2026-06-30
0.298,SUSPECTED,SUPPORTING,0.624,NORMAL,NONE,TEST,True,AMBIGUOUS,ACTIVE,2026-02-28,2026-05-16
0.321,SUSPECTED,SUPPORTING,0.708,NORMAL,NONE,TRAIN,True,LEGITIMATE,ACTIVE,2025-09-21,2026-02-15
0.519,SUSPECTED,SUPPORTING,0.686,NORMAL,NONE,TEST,True,AMBIGUOUS,ACTIVE,2026-02-17,2026-05-19
0.663,UNKNOWN,NEUTRAL,0.384,RECYCLED_SIM,NONE,TRAIN,True,CRIMINAL,ACTIVE,2025-12-24,2026-05-13
0.412,UNKNOWN,NEUTRAL,0.369,NORMAL,NONE,TEST,True,AMBIGUOUS,ACTIVE,2026-05-09,2026-07-29
0.152,SUSPECTED,SUPPORTING,0.709,NORMAL,NONE,TRAIN,True,MIXED,ACTIVE,2025-10-03,2026-04-05
0.43,SUSPECTED,SUPPORTING,0.594,NORMAL,NONE,TRAIN,True,MIXED,ACTIVE,2025-12-07,2026-04-30
0.588,UNKNOWN,NEUTRAL,0.364,NORMAL,NONE,TEST,True,AMBIGUOUS,ACTIVE,2026-04-02,2026-09-05
0.591,UNKNOWN,NEUTRAL,0.392,NORMAL,NONE,TRAIN,True,CRIMINAL,ACTIVE,2026-04-22,2026-08-07
0.261,SUSPECTED,SUPPORTING,0.758,NORMAL,NONE,TRAIN,True,MIXED,ACTIVE,2025-11-04,2026-01-30
0.558,SUSPECTED,SUPPORTING,0.764,NORMAL,NONE,TRAIN,True,CRIMINAL,ACTIVE,2026-03-11,2026-05-31
0.486,UNKNOWN,NEUTRAL,0.433,NORMAL,NONE,TRAIN,True,CRIMINAL,ACTIVE,2026-04-28,2026-08-25
0.188,SUSPECTED,SUPPORTING,0.702,RECYCLED_SIM,NONE,TRAIN,True,CRIMINAL,ACTIVE,2026-01-11,2026-05-16
0.128,SUSPECTED,SUPPORTING,0.726,NORMAL,NONE,TRAIN,True,CRIMINAL,ACTIVE,2026-05-07,2026-07-16
0.629,FALSE,CONTRADICTING,0.19,NORMAL,NONE,VALIDATION,True,LEGITIMATE,ACTIVE,2025-11-12,2026-03-29
0.549,SUSPECTED,SUPPORTING,0.635,NORMAL,NONE,TRAIN,True,MIXED,ACTIVE,2026-03-28,2026-08-26
0.192,UNKNOWN,NEUTRAL,0.486,NORMAL,NONE,TEST,True,AMBIGUOUS,ACTIVE,2026-07-08,2026-07-30
0.619,SUSPECTED,SUPPORTING,0.664,NORMAL,NONE,TRAIN,True,CRIMINAL,ACTIVE,2026-04-25,2026-08-12
0.447,UNKNOWN,NEUTRAL,0.533,NORMAL,NONE,TEST,True,AMBIGUOUS,ACTIVE,2025-10-22,2026-02-19
0.539,CONFIRMED,SUPPORTING,0.895,NORMAL,NONE,TRAIN,True,CRIMINAL,ACTIVE,2025-11-29,2026-05-04
0.622,SUSPECTED,SUPPORTING,0.697,NORMAL,NONE,TRAIN,True,CRIMINAL,ACTIVE,2025-10-13,2026-04-12
0.607,SUSPECTED,SUPPORTING,0.745,NORMAL,NONE,TEST,True,AMBIGUOUS,ACTIVE,2026-03-17,2026-09-08
0.589,CONFIRMED,SUPPORTING,0.874,NORMAL,NONE,TRAIN,True,CRIMINAL,ACTIVE,2026-02-02,2026-04-16
0.472,SUSPECTED,SUPPORTING,0.687,NORMAL,CONTEXTUAL_ANOMALY,TRAIN,True,CRIMINAL,ACTIVE,2026-05-27,2026-09-07
0.187,CONFIRMED,SUPPORTING,0.953,NORMAL,NONE,TRAIN,True,CRIMINAL,ACTIVE,2026-01-02,2026-02-21
0.309,SUSPECTED,SUPPORTING,0.762,NORMAL,NONE,TRAIN,True,MIXED,ACTIVE,2026-03-06,2026-06-22
0.368,UNKNOWN,NEUTRAL,0.24,NORMAL,CONTEXTUAL_ANOMALY,TRAIN,True,CRIMINAL,ACTIVE,2026-04-11,2026-06-09
0.042,SUSPECTED,SUPPORTING,0.723,NORMAL,NONE,TRAIN,True,CRIMINAL,ACTIVE,2026-01-24,2026-05-07
0.348,CONFIRMED,SUPPORTING,0.925,NORMAL,NONE,TRAIN,True,CRIMINAL,ACTIVE,2026-01-25,2026-07-03
0.615,CONFIRMED,SUPPORTING,0.864,NORMAL,NONE,TEST,True,AMBIGUOUS,ACTIVE,2026-01-07,2026-04-30
0.325,FALSE,CONTRADICTING,0.369,NORMAL,NONE,VALIDATION,True,LEGITIMATE,ACTIVE,2025-10-24,2026-03-09
0.479,FALSE,CONTRADICTING,0.37,NORMAL,NONE,VALIDATION,True,LEGITIMATE,ACTIVE,2026-01-24,2026-03-04
0.241,SUSPECTED,SUPPORTING,0.588,NORMAL,NONE,TEST,True,AMBIGUOUS,ACTIVE,2025-10-23,2026-04-12
0.312,SUSPECTED,SUPPORTING,0.584,NORMAL,NONE,TRAIN,True,LEGITIMATE,ACTIVE,2026-01-20,2026-06-26
0.218,CONFIRMED,SUPPORTING,0.886,NORMAL,TEMPORAL_ANOMALY,TRAIN,True,CRIMINAL,ACTIVE,2025-12-18,2026-07-01
0.435,UNKNOWN,NEUTRAL,0.384,NORMAL,POINT_ANOMALY,TRAIN,True,CRIMINAL,ACTIVE,2025-12-22,2026-06-25
0.528,SUSPECTED,SUPPORTING,0.638,NORMAL,NONE,TRAIN,True,CRIMINAL,ACTIVE,2026-03-14,2026-07-15
0.59,FALSE,CONTRADICTING,0.147,NORMAL,NONE,TEST,True,AMBIGUOUS,ACTIVE,2026-04-11,2026-07-23
0.108,CONFIRMED,SUPPORTING,0.854,NORMAL,NONE,VALIDATION,True,LEGITIMATE,ACTIVE,2025-10-20,2026-02-22
0.566,UNKNOWN,NEUTRAL,0.299,NORMAL,NONE,VALIDATION,True,LEGITIMATE,ACTIVE,2025-12-24,2026-04-20
0.555,CONFIRMED,SUPPORTING,0.821,DUPLICATE,NONE,TRAIN,True,CRIMINAL,ACTIVE,2025-12-26,2026-05-11
0.086,SUSPECTED,SUPPORTING,0.585,NORMAL,NONE,TEST,True,AMBIGUOUS,ACTIVE,2025-10-02,2026-03-10
0.132,FALSE,CONTRADICTING,0.216,NORMAL,NONE,VALIDATION,True,LEGITIMATE,ACTIVE,2025-12-13,2026-04-05
0.333,UNKNOWN,NEUTRAL,0.374,NORMAL,CONTEXTUAL_ANOMALY,TRAIN,True,MIXED,ACTIVE,2026-04-04,2026-07-09
0.813,SUSPECTED,SUPPORTING,0.83,SHARED_DEVICE,NONE,TRAIN,True,MIXED,ACTIVE,2025-12-12,2026-03-24
0.646,UNKNOWN,NEUTRAL,0.374,NORMAL,NONE,TRAIN,True,MIXED,ACTIVE,2026-02-27,2026-06-06
0.606,SUSPECTED,SUPPORTING,0.694,NORMAL,NONE,TRAIN,True,CRIMINAL,ACTIVE,2026-01-06,2026-05-27
0.192,CONFIRMED,SUPPORTING,0.95,NORMAL,NONE,TRAIN,True,LEGITIMATE,ACTIVE,2025-12-25,2026-06-17
0.218,UNKNOWN,NEUTRAL,0.284,NORMAL,NONE,VALIDATION,True,LEGITIMATE,ACTIVE,2026-04-27,2026-07-20
0.143,SUSPECTED,SUPPORTING,0.838,NORMAL,NONE,TRAIN,True,MIXED,ACTIVE,2026-06-27,2026-10-30
0.472,UNKNOWN,NEUTRAL,0.403,NORMAL,NONE,TRAIN,True,LEGITIMATE,ACTIVE,2026-08-09,2026-10-12
0.141,CONFIRMED,SUPPORTING,0.888,NORMAL,NONE,TRAIN,True,MIXED,ACTIVE,2025-11-10,2026-03-15
0.451,CONFIRMED,SUPPORTING,0.838,NORMAL,NONE,TEST,True,AMBIGUOUS,ACTIVE,2026-03-12,2026-07-21
0.689,FALSE,CONTRADICTING,0.266,NORMAL,POINT_ANOMALY,TEST,True,AMBIGUOUS,ACTIVE,2026-04-01,2026-07-09
0.407,SUSPECTED,SUPPORTING,0.856,NORMAL,NONE,TEST,True,AMBIGUOUS,ACTIVE,2026-01-18,2026-04-08
0.123,SUSPECTED,SUPPORTING,0.614,NORMAL,COLLECTIVE_ANOMALY,TEST,True,AMBIGUOUS,ACTIVE,2026-01-25,2026-04-15
0.477,UNKNOWN,NEUTRAL,0.238,NORMAL,NONE,TEST,True,AMBIGUOUS,ACTIVE,2026-06-20,2026-10-11
0.471,UNKNOWN,NEUTRAL,0.31,NORMAL,NONE,TEST,True,AMBIGUOUS,ACTIVE,2026-04-06,2026-09-04
0.134,FALSE,CONTRADICTING,0.155,NORMAL,NONE,VALIDATION,True,LEGITIMATE,ACTIVE,2025-10-02,2026-03-30
0.19,UNKNOWN,NEUTRAL,0.344,NORMAL,NONE,VALIDATION,True,LEGITIMATE,ACTIVE,2026-03-28,2026-06-22
0.222,SUSPECTED,SUPPORTING,0.597,NORMAL,NONE,TRAIN,True,MIXED,ACTIVE,2026-01-17,2026-03-25
0.087,SUSPECTED,SUPPORTING,0.639,NORMAL,RELATIONAL_ANOMALY,TRAIN,True,LEGITIMATE,ACTIVE,2025-12-01,2026-02-19
0.337,CONFIRMED,SUPPORTING,0.977,STALE_DEVICE,NONE,TEST,True,AMBIGUOUS,ACTIVE,2026-03-09,2026-07-10
0.34,CONFIRMED,SUPPORTING,0.886,NORMAL,NONE,TRAIN,True,CRIMINAL,ACTIVE,2026-04-25,2026-09-15
0.631,SUSPECTED,SUPPORTING,0.634,NORMAL,NONE,TRAIN,True,CRIMINAL,ACTIVE,2026-04-30,2026-06-26
0.077,FALSE,CONTRADICTING,0.226,NORMAL,RELATIONAL_ANOMALY,TRAIN,True,MIXED,ACTIVE,2026-04-05,2026-09-21
0.265,CONFIRMED,SUPPORTING,0.884,NORMAL,NONE,TRAIN,True,MIXED,ACTIVE,2026-01-01,2026-05-20
0.596,FALSE,CONTRADICTING,0.26,NORMAL,NONE,TRAIN,True,LEGITIMATE,ACTIVE,2026-02-28,2026-06-10
0.321,FALSE,CONTRADICTING,0.183,NORMAL,NONE,TRAIN,True,CRIMINAL,ACTIVE,2026-01-07,2026-04-30
0.411,UNKNOWN,NEUTRAL,0.516,NORMAL,NONE,TRAIN,True,CRIMINAL,ACTIVE,2026-04-30,2026-06-21
0.611,CONFIRMED,SUPPORTING,0.899,NORMAL,NONE,VALIDATION,True,LEGITIMATE,ACTIVE,2026-01-20,2026-06-22
0.443,SUSPECTED,SUPPORTING,0.711,NORMAL,NONE,TRAIN,True,MIXED,ACTIVE,2026-07-25,2026-10-26
0.372,FALSE,CONTRADICTING,0.296,NORMAL,NONE,TRAIN,True,MIXED,ACTIVE,2025-12-30,2026-04-04
0.507,UNKNOWN,NEUTRAL,0.434,NORMAL,NONE,TEST,True,AMBIGUOUS,ACTIVE,2025-12-10,2026-04-23
0.201,CONFIRMED,SUPPORTING,0.826,NORMAL,POINT_ANOMALY,TRAIN,True,MIXED,ACTIVE,2026-02-25,2026-07-19
0.12,CONFIRMED,SUPPORTING,0.85,STALE_DEVICE,NONE,TRAIN,True,MIXED,ACTIVE,2026-06-09,2026-10-06
0.494,UNKNOWN,NEUTRAL,0.365,NORMAL,NONE,TRAIN,True,MIXED,ACTIVE,2026-01-29,2026-05-08
0.313,UNKNOWN,NEUTRAL,0.482,NORMAL,NONE,TRAIN,True,MIXED,ACTIVE,2026-03-16,2026-08-01
0.654,UNKNOWN,NEUTRAL,0.536,NORMAL,NONE,TRAIN,True,MIXED,ACTIVE,2026-03-27,2026-10-07
0.52,FALSE,CONTRADICTING,0.204,NORMAL,NONE,TRAIN,True,MIXED,ACTIVE,2026-06-25,2026-08-11
0.187,SUSPECTED,SUPPORTING,0.859,NORMAL,NONE,TRAIN,True,CRIMINAL,ACTIVE,2025-11-10,2026-05-04
0.345,CONFIRMED,SUPPORTING,0.869,NORMAL,NONE,TRAIN,True,MIXED,ACTIVE,2026-02-08,2026-06-05
0.525,SUSPECTED,SUPPORTING,0.647,NORMAL,NONE,TRAIN,True,CRIMINAL,ACTIVE,2026-01-26,2026-07-04
0.715,CONFIRMED,SUPPORTING,0.987,NORMAL,COLLECTIVE_ANOMALY,TRAIN,True,MIXED,ACTIVE,2026-04-12,2026-06-01
0.225,SUSPECTED,SUPPORTING,0.649,NORMAL,RELATIONAL_ANOMALY,TRAIN,True,CRIMINAL,ACTIVE,2026-05-14,2026-10-02
0.31,SUSPECTED,SUPPORTING,0.65,NORMAL,NONE,TEST,True,AMBIGUOUS,ACTIVE,2026-01-15,2026-06-11
0.104,UNKNOWN,NEUTRAL,0.28,NORMAL,NONE,VALIDATION,True,LEGITIMATE,ACTIVE,2025-11-23,2026-04-11
0.069,SUSPECTED,SUPPORTING,0.745,NORMAL,COLLECTIVE_ANOMALY,TRAIN,True,MIXED,ACTIVE,2025-12-17,2026-02-05
0.613,FALSE,CONTRADICTING,0.306,NORMAL,NONE,VALIDATION,True,LEGITIMATE,ACTIVE,2026-03-21,2026-06-13
0.606,SUSPECTED,SUPPORTING,0.73,NORMAL,NONE,TRAIN,True,CRIMINAL,ACTIVE,2026-02-26,2026-07-20
0.323,CONFIRMED,SUPPORTING,0.976,NORMAL,CONTEXTUAL_ANOMALY,TEST,True,AMBIGUOUS,ACTIVE,2026-02-02,2026-04-15
0.592,UNKNOWN,NEUTRAL,0.321,NORMAL,NONE,TRAIN,True,CRIMINAL,ACTIVE,2026-02-22,2026-06-21
0.405,FALSE,CONTRADICTING,0.152,NORMAL,NONE,TEST,True,AMBIGUOUS,ACTIVE,2026-03-30,2026-08-03
0.233,UNKNOWN,NEUTRAL,0.354,NORMAL,NONE,TRAIN,True,MIXED,ACTIVE,2026-06-26,2026-09-09
0.009,FALSE,CONTRADICTING,0.13,NORMAL,NONE,TRAIN,True,MIXED,ACTIVE,2025-12-20,2026-03-12
0.304,SUSPECTED,SUPPORTING,0.803,NORMAL,NONE,TRAIN,True,CRIMINAL,ACTIVE,2026-01-29,2026-06-14
0.369,UNKNOWN,NEUTRAL,0.263,NORMAL,NONE,TRAIN,True,CRIMINAL,ACTIVE,2025-12-23,2026-04-13
0.159,CONFIRMED,SUPPORTING,0.828,NORMAL,TEMPORAL_ANOMALY,TRAIN,True,CRIMINAL,ACTIVE,2026-02-12,2026-08-25
0.542,CONFIRMED,SUPPORTING,0.921,NORMAL,NONE,TRAIN,True,CRIMINAL,ACTIVE,2026-03-28,2026-08-05
0.22,UNKNOWN,NEUTRAL,0.464,NORMAL,NONE,TRAIN,True,LEGITIMATE,ACTIVE,2026-01-14,2026-05-24
0.234,CONFIRMED,SUPPORTING,0.892,NORMAL,NONE,VALIDATION,True,LEGITIMATE,ACTIVE,2026-03-30,2026-07-07
0.243,CONFIRMED,SUPPORTING,0.903,NORMAL,NONE,TRAIN,True,MIXED,ACTIVE,2026-06-12,2026-10-31
0.353,CONFIRMED,SUPPORTING,0.915,NORMAL,NONE,TRAIN,True,CRIMINAL,ACTIVE,2025-11-10,2026-03-14
0.255,FALSE,CONTRADICTING,0.413,NORMAL,NONE,TRAIN,True,CRIMINAL,ACTIVE,2026-04-04,2026-07-05
0.485,CONFIRMED,SUPPORTING,0.98,NORMAL,NONE,TRAIN,True,CRIMINAL,ACTIVE,2025-11-28,2026-04-05
0.137,CONFIRMED,SUPPORTING,0.86,NORMAL,NONE,TRAIN,True,MIXED,ACTIVE,2026-04-06,2026-08-01
0.648,SUSPECTED,SUPPORTING,0.669,NORMAL,POINT_ANOMALY,TRAIN,True,CRIMINAL,ACTIVE,2026-03-26,2026-08-16
0.872,SUSPECTED,SUPPORTING,0.845,NORMAL,NONE,VALIDATION,True,LEGITIMATE,ACTIVE,2025-10-26,2026-03-13
0.245,SUSPECTED,SUPPORTING,0.834,NORMAL,POINT_ANOMALY,TEST,True,AMBIGUOUS,ACTIVE,2026-02-11,2026-06-03
0.306,SUSPECTED,SUPPORTING,0.779,NORMAL,RELATIONAL_ANOMALY,TRAIN,True,MIXED,ACTIVE,2026-02-03,2026-05-22
0.408,SUSPECTED,SUPPORTING,0.763,NORMAL,NONE,TRAIN,True,MIXED,ACTIVE,2025-12-08,2026-04-03
0.098,FALSE,CONTRADICTING,0.211,DUPLICATE,NONE,VALIDATION,True,LEGITIMATE,ACTIVE,2026-02-18,2026-07-03
0.228,UNKNOWN,NEUTRAL,0.377,RECYCLED_SIM,NONE,TRAIN,True,CRIMINAL,ACTIVE,2026-01-18,2026-05-29
0.572,SUSPECTED,SUPPORTING,0.673,NORMAL,NONE,VALIDATION,True,LEGITIMATE,ACTIVE,2026-05-12,2026-08-28
0.242,UNKNOWN,NEUTRAL,0.25,NORMAL,POINT_ANOMALY,TRAIN,True,CRIMINAL,ACTIVE,2026-01-04,2026-06-02
0.16,SUSPECTED,SUPPORTING,0.699,NORMAL,NONE,TRAIN,True,MIXED,ACTIVE,2026-03-27,2026-05-08
0.21,UNKNOWN,NEUTRAL,0.535,NORMAL,NONE,VALIDATION,True,LEGITIMATE,ACTIVE,2026-03-17,2026-07-21
0.428,UNKNOWN,NEUTRAL,0.418,NORMAL,NONE,TRAIN,True,CRIMINAL,ACTIVE,2026-01-01,2026-05-06
0.45,FALSE,CONTRADICTING,0.276,NORMAL,NONE,TRAIN,True,CRIMINAL,ACTIVE,2026-01-29,2026-05-26
0.301,SUSPECTED,SUPPORTING,0.718,STALE_DEVICE,NONE,TRAIN,True,MIXED,ACTIVE,2026-07-20,2026-09-02
0.368,UNKNOWN,NEUTRAL,0.274,NORMAL,NONE,TEST,True,AMBIGUOUS,ACTIVE,2025-12-27,2026-05-31
0.527,FALSE,CONTRADICTING,0.155,NORMAL,NONE,TRAIN,True,MIXED,ACTIVE,2026-03-25,2026-09-16
0.138,SUSPECTED,SUPPORTING,0.59,SHARED_DEVICE,NONE,TRAIN,True,MIXED,ACTIVE,2026-04-05,2026-08-07
0.634,FALSE,CONTRADICTING,0.391,NORMAL,NONE,TRAIN,True,LEGITIMATE,ACTIVE,2026-05-28,2026-11-07
0.268,CONFIRMED,SUPPORTING,0.933,NORMAL,NONE,TRAIN,True,CRIMINAL,ACTIVE,2026-07-04,2026-08-19
0.363,SUSPECTED,SUPPORTING,0.772,NORMAL,NONE,TEST,True,AMBIGUOUS,ACTIVE,2025-12-23,2026-04-23
0.768,SUSPECTED,SUPPORTING,0.694,NORMAL,NONE,VALIDATION,True,LEGITIMATE,ACTIVE,2025-10-12,2026-01-23
0.104,CONFIRMED,SUPPORTING,0.896,NORMAL,NONE,TRAIN,True,CRIMINAL,ACTIVE,2026-02-14,2026-06-21
0.092,UNKNOWN,NEUTRAL,0.481,NORMAL,NONE,TRAIN,True,MIXED,ACTIVE,2026-02-20,2026-06-22
0.2,CONFIRMED,SUPPORTING,0.93,NORMAL,NONE,TEST,True,AMBIGUOUS,ACTIVE,2026-06-25,2026-09-25
0.114,SUSPECTED,SUPPORTING,0.62,NORMAL,POINT_ANOMALY,TRAIN,True,LEGITIMATE,ACTIVE,2026-02-01,2026-08-07
0.401,CONFIRMED,SUPPORTING,0.848,NORMAL,NONE,TRAIN,True,CRIMINAL,ACTIVE,2026-05-13,2026-09-02
0.276,SUSPECTED,SUPPORTING,0.798,NORMAL,NONE,TRAIN,True,CRIMINAL,ACTIVE,2026-07-02,2026-09-11
0.087,FALSE,CONTRADICTING,0.289,NORMAL,NONE,TRAIN,True,MIXED,ACTIVE,2026-02-07,2026-05-08
0.173,CONFIRMED,SUPPORTING,0.849,NORMAL,NONE,TRAIN,True,CRIMINAL,ACTIVE,2026-07-07,2026-10-05
0.272,SUSPECTED,SUPPORTING,0.854,STALE_DEVICE,NONE,TRAIN,True,LEGITIMATE,ACTIVE,2026-04-27,2026-08-11
0.542,CONFIRMED,SUPPORTING,0.93,NORMAL,NONE,TRAIN,True,CRIMINAL,ACTIVE,2025-10-13,2026-03-08
0.244,SUSPECTED,SUPPORTING,0.612,NORMAL,NONE,TRAIN,True,MIXED,ACTIVE,2026-06-20,2026-08-15
0.506,SUSPECTED,SUPPORTING,0.803,NORMAL,NONE,TRAIN,True,MIXED,ACTIVE,2025-11-25,2026-02-07
0.555,FALSE,CONTRADICTING,0.358,NORMAL,NONE,VALIDATION,True,LEGITIMATE,ACTIVE,2026-03-05,2026-08-02
0.164,UNKNOWN,NEUTRAL,0.384,NORMAL,TEMPORAL_ANOMALY,VALIDATION,True,LEGITIMATE,ACTIVE,2026-05-18,2026-08-10
0.729,SUSPECTED,SUPPORTING,0.698,NORMAL,NONE,TRAIN,True,CRIMINAL,ACTIVE,2026-01-29,2026-07-13
0.144,CONFIRMED,SUPPORTING,0.862,NORMAL,NONE,VALIDATION,True,LEGITIMATE,ACTIVE,2026-01-03,2026-04-24
0.203,UNKNOWN,NEUTRAL,0.466,NORMAL,COLLECTIVE_ANOMALY,TRAIN,True,CRIMINAL,ACTIVE,2025-12-13,2026-05-21
0.357,UNKNOWN,NEUTRAL,0.269,NORMAL,NONE,TRAIN,True,CRIMINAL,ACTIVE,2025-12-27,2026-04-25
0.47,UNKNOWN,NEUTRAL,0.35,NORMAL,NONE,TRAIN,True,LEGITIMATE,ACTIVE,2026-04-04,2026-08-04
0.253,FALSE,CONTRADICTING,0.149,NORMAL,NONE,TRAIN,True,CRIMINAL,ACTIVE,2026-02-12,2026-06-21
0.769,SUSPECTED,SUPPORTING,0.639,NORMAL,RELATIONAL_ANOMALY,TRAIN,True,CRIMINAL,ACTIVE,2026-04-08,2026-07-05
0.604,SUSPECTED,SUPPORTING,0.601,NORMAL,NONE,TEST,True,AMBIGUOUS,ACTIVE,2026-03-03,2026-06-21
0.723,SUSPECTED,SUPPORTING,0.733,SHARED_DEVICE,RELATIONAL_ANOMALY,VALIDATION,True,LEGITIMATE,ACTIVE,2026-02-08,2026-07-13
0.29,SUSPECTED,SUPPORTING,0.696,NORMAL,NONE,TRAIN,True,CRIMINAL,ACTIVE,2026-03-25,2026-07-13
0.116,UNKNOWN,NEUTRAL,0.456,NORMAL,NONE,TRAIN,True,MIXED,ACTIVE,2025-11-19,2026-04-06
0.474,CONFIRMED,SUPPORTING,0.969,NORMAL,NONE,TRAIN,True,LEGITIMATE,ACTIVE,2026-03-06,2026-05-11
0.194,CONFIRMED,SUPPORTING,0.95,NORMAL,NONE,TRAIN,True,MIXED,ACTIVE,2026-06-30,2026-11-12
0.162,UNKNOWN,NEUTRAL,0.405,NORMAL,NONE,TEST,True,AMBIGUOUS,ACTIVE,2026-06-14,2026-08-26
0.576,UNKNOWN,NEUTRAL,0.348,NORMAL,COLLECTIVE_ANOMALY,TRAIN,True,MIXED,ACTIVE,2025-12-11,2026-05-24
0.436,SUSPECTED,SUPPORTING,0.639,NORMAL,NONE,VALIDATION,True,LEGITIMATE,ACTIVE,2026-01-16,2026-03-16
0.178,SUSPECTED,SUPPORTING,0.614,NORMAL,NONE,TEST,True,AMBIGUOUS,ACTIVE,2026-03-27,2026-07-17
0.32,CONFIRMED,SUPPORTING,0.931,NORMAL,NONE,TRAIN,True,CRIMINAL,ACTIVE,2026-03-26,2026-09-06
0.358,CONFIRMED,SUPPORTING,0.911,NORMAL,TEMPORAL_ANOMALY,TRAIN,True,CRIMINAL,ACTIVE,2026-04-08,2026-08-26
0.096,FALSE,CONTRADICTING,0.348,NORMAL,COLLECTIVE_ANOMALY,TRAIN,True,CRIMINAL,ACTIVE,2025-12-04,2026-05-30
0.665,CONFIRMED,SUPPORTING,0.986,NORMAL,NONE,TRAIN,True,CRIMINAL,ACTIVE,2026-05-14,2026-08-19
0.068,CONFIRMED,SUPPORTING,0.932,NORMAL,NONE,TRAIN,True,LEGITIMATE,ACTIVE,2026-03-20,2026-05-07
0.667,UNKNOWN,NEUTRAL,0.268,NORMAL,NONE,TRAIN,True,CRIMINAL,ACTIVE,2026-05-16,2026-09-16
0.036,CONFIRMED,SUPPORTING,0.976,NORMAL,NONE,TRAIN,True,MIXED,ACTIVE,2026-06-29,2026-10-17
0.725,UNKNOWN,NEUTRAL,0.357,NORMAL,NONE,TRAIN,True,CRIMINAL,ACTIVE,2026-02-28,2026-09-11
0.126,UNKNOWN,NEUTRAL,0.216,NORMAL,POINT_ANOMALY,TRAIN,True,MIXED,ACTIVE,2025-12-21,2026-05-04
0.435,SUSPECTED,SUPPORTING,0.707,NORMAL,COLLECTIVE_ANOMALY,TEST,True,AMBIGUOUS,ACTIVE,2025-11-18,2026-04-18
0.42,SUSPECTED,SUPPORTING,0.663,NORMAL,NONE,TRAIN,True,CRIMINAL,ACTIVE,2025-12-11,2026-03-04
0.827,UNKNOWN,NEUTRAL,0.536,NORMAL,RELATIONAL_ANOMALY,TRAIN,True,MIXED,ACTIVE,2026-02-07,2026-07-14
0.601,CONFIRMED,SUPPORTING,0.978,NORMAL,NONE,TRAIN,True,CRIMINAL,ACTIVE,2026-03-30,2026-07-30
0.797,UNKNOWN,NEUTRAL,0.324,NORMAL,CONTEXTUAL_ANOMALY,VALIDATION,True,LEGITIMATE,ACTIVE,2026-01-29,2026-06-12
0.675,CONFIRMED,SUPPORTING,0.942,NORMAL,NONE,TRAIN,True,MIXED,ACTIVE,2026-03-20,2026-06-24
0.587,FALSE,CONTRADICTING,0.34,DUPLICATE,NONE,TRAIN,True,CRIMINAL,ACTIVE,2026-04-13,2026-08-07
0.462,FALSE,CONTRADICTING,0.17,NORMAL,NONE,TRAIN,True,CRIMINAL,ACTIVE,2025-09-28,2026-03-23
0.336,CONFIRMED,SUPPORTING,0.959,NORMAL,NONE,TEST,True,AMBIGUOUS,ACTIVE,2026-02-10,2026-08-16
0.208,CONFIRMED,SUPPORTING,0.989,NORMAL,NONE,TRAIN,True,CRIMINAL,ACTIVE,2025-10-11,2026-02-27
0.344,FALSE,CONTRADICTING,0.22,NORMAL,COLLECTIVE_ANOMALY,VALIDATION,True,LEGITIMATE,ACTIVE,2026-07-17,2026-10-05
0.326,SUSPECTED,SUPPORTING,0.678,NORMAL,NONE,TRAIN,True,CRIMINAL,ACTIVE,2025-12-22,2026-06-04
0.234,CONFIRMED,SUPPORTING,0.899,NORMAL,NONE,TRAIN,True,MIXED,ACTIVE,2026-03-09,2026-06-13
0.22,CONFIRMED,SUPPORTING,0.931,NORMAL,POINT_ANOMALY,TEST,True,AMBIGUOUS,ACTIVE,2026-05-30,2026-09-01
0.505,UNKNOWN,NEUTRAL,0.258,NORMAL,NONE,VALIDATION,True,LEGITIMATE,ACTIVE,2026-02-16,2026-06-12
0.381,CONFIRMED,SUPPORTING,0.917,NORMAL,CONTEXTUAL_ANOMALY,TRAIN,True,MIXED,ACTIVE,2026-04-02,2026-06-13
0.069,UNKNOWN,NEUTRAL,0.225,NORMAL,NONE,TRAIN,True,CRIMINAL,ACTIVE,2026-05-21,2026-09-20
0.808,CONFIRMED,SUPPORTING,0.875,NORMAL,POINT_ANOMALY,TRAIN,True,MIXED,ACTIVE,2026-07-05,2026-10-13
0.605,UNKNOWN,NEUTRAL,0.437,NORMAL,NONE,VALIDATION,True,LEGITIMATE,ACTIVE,2026-03-05,2026-08-28
0.736,FALSE,CONTRADICTING,0.138,NORMAL,NONE,TRAIN,True,CRIMINAL,ACTIVE,2026-04-01,2026-07-07
0.345,CONFIRMED,SUPPORTING,0.906,NORMAL,RELATIONAL_ANOMALY,TRAIN,True,CRIMINAL,ACTIVE,2026-06-26,2026-09-26
0.576,UNKNOWN,NEUTRAL,0.43,DUPLICATE,NONE,VALIDATION,True,LEGITIMATE,ACTIVE,2026-01-24,2026-06-17
0.513,FALSE,CONTRADICTING,0.314,NORMAL,COLLECTIVE_ANOMALY,TEST,True,AMBIGUOUS,ACTIVE,2026-03-16,2026-09-28
0.394,SUSPECTED,SUPPORTING,0.798,NORMAL,NONE,TRAIN,True,CRIMINAL,ACTIVE,2026-03-27,2026-08-03
0.504,SUSPECTED,SUPPORTING,0.661,NORMAL,POINT_ANOMALY,TEST,True,AMBIGUOUS,ACTIVE,2026-02-04,2026-04-14
0.406,FALSE,CONTRADICTING,0.401,NORMAL,NONE,TRAIN,True,MIXED,ACTIVE,2026-05-14,2026-07-31
0.553,UNKNOWN,NEUTRAL,0.487,NORMAL,TEMPORAL_ANOMALY,TRAIN,True,CRIMINAL,ACTIVE,2026-05-06,2026-07-18
0.474,FALSE,CONTRADICTING,0.155,NORMAL,NONE,TRAIN,True,CRIMINAL,ACTIVE,2025-11-20,2026-05-18
0.231,SUSPECTED,SUPPORTING,0.748,NORMAL,NONE,TRAIN,True,MIXED,ACTIVE,2026-06-11,2026-08-05
0.552,SUSPECTED,SUPPORTING,0.788,STALE_DEVICE,CONTEXTUAL_ANOMALY,TRAIN,True,CRIMINAL,ACTIVE,2025-12-08,2026-04-27
0.274,SUSPECTED,SUPPORTING,0.843,NORMAL,NONE,VALIDATION,True,LEGITIMATE,ACTIVE,2025-10-31,2026-04-02
0.472,UNKNOWN,NEUTRAL,0.458,NORMAL,NONE,TRAIN,True,CRIMINAL,ACTIVE,2026-01-16,2026-05-26
0.156,UNKNOWN,NEUTRAL,0.403,NORMAL,COLLECTIVE_ANOMALY,TEST,True,AMBIGUOUS,ACTIVE,2025-12-22,2026-05-17
0.282,SUSPECTED,SUPPORTING,0.85,NORMAL,POINT_ANOMALY,TRAIN,True,CRIMINAL,ACTIVE,2026-04-09,2026-10-17
0.068,FALSE,CONTRADICTING,0.187,NORMAL,NONE,TRAIN,True,CRIMINAL,ACTIVE,2026-02-12,2026-04-03
0.54,UNKNOWN,NEUTRAL,0.438,NORMAL,NONE,TRAIN,True,MIXED,ACTIVE,2025-12-17,2026-06-14
0.44,CONFIRMED,SUPPORTING,0.87,NORMAL,NONE,TRAIN,True,CRIMINAL,ACTIVE,2025-11-21,2026-04-13
0.566,UNKNOWN,NEUTRAL,0.498,NORMAL,NONE,TEST,True,AMBIGUOUS,ACTIVE,2026-03-14,2026-08-11
0.716,SUSPECTED,SUPPORTING,0.764,NORMAL,NONE,TRAIN,True,MIXED,ACTIVE,2026-07-23,2026-10-19
0.336,UNKNOWN,NEUTRAL,0.238,NORMAL,NONE,TEST,True,AMBIGUOUS,ACTIVE,2026-03-13,2026-07-21
0.7,FALSE,CONTRADICTING,0.254,NORMAL,RELATIONAL_ANOMALY,TRAIN,True,CRIMINAL,ACTIVE,2025-12-13,2026-04-07
0.161,CONFIRMED,SUPPORTING,0.838,NORMAL,NONE,TRAIN,True,MIXED,ACTIVE,2026-05-20,2026-07-26
0.365,SUSPECTED,SUPPORTING,0.772,NORMAL,CONTEXTUAL_ANOMALY,TEST,True,AMBIGUOUS,ACTIVE,2025-12-21,2026-03-19
0.497,SUSPECTED,SUPPORTING,0.652,NORMAL,NONE,VALIDATION,True,LEGITIMATE,ACTIVE,2025-10-14,2026-03-04
0.858,SUSPECTED,SUPPORTING,0.606,NORMAL,NONE,TEST,True,AMBIGUOUS,ACTIVE,2026-03-02,2026-05-26
0.255,FALSE,CONTRADICTING,0.193,NORMAL,NONE,TRAIN,True,MIXED,ACTIVE,2026-02-21,2026-05-11
0.071,UNKNOWN,NEUTRAL,0.315,NORMAL,NONE,TRAIN,True,MIXED,ACTIVE,2025-11-20,2026-03-04
0.73,SUSPECTED,SUPPORTING,0.752,NORMAL,NONE,TRAIN,True,MIXED,ACTIVE,2025-12-22,2026-04-03
0.752,SUSPECTED,SUPPORTING,0.677,NORMAL,NONE,TRAIN,True,MIXED,ACTIVE,2025-12-05,2026-06-15
0.926,CONFIRMED,SUPPORTING,0.973,NORMAL,NONE,TRAIN,True,MIXED,ACTIVE,2025-12-02,2026-04-05
0.491,CONFIRMED,SUPPORTING,0.945,NORMAL,NONE,TRAIN,True,CRIMINAL,ACTIVE,2026-04-28,2026-11-12
0.426,FALSE,CONTRADICTING,0.295,NORMAL,NONE,VALIDATION,True,LEGITIMATE,ACTIVE,2026-02-09,2026-03-19
0.598,CONFIRMED,SUPPORTING,0.924,NORMAL,NONE,TRAIN,True,CRIMINAL,ACTIVE,2026-02-07,2026-05-12
0.512,SUSPECTED,SUPPORTING,0.724,NORMAL,NONE,TRAIN,True,MIXED,ACTIVE,2026-05-02,2026-10-13
0.521,UNKNOWN,NEUTRAL,0.479,NORMAL,RELATIONAL_ANOMALY,TRAIN,True,CRIMINAL,ACTIVE,2025-12-13,2026-03-06
0.151,FALSE,CONTRADICTING,0.138,NORMAL,NONE,TRAIN,True,MIXED,ACTIVE,2025-11-07,2026-03-03
0.496,UNKNOWN,NEUTRAL,0.324,NORMAL,POINT_ANOMALY,TRAIN,True,CRIMINAL,ACTIVE,2025-10-31,2026-02-23
0.51,SUSPECTED,SUPPORTING,0.596,NORMAL,NONE,TRAIN,True,CRIMINAL,ACTIVE,2026-06-01,2026-09-07
0.305,UNKNOWN,NEUTRAL,0.356,NORMAL,NONE,TRAIN,True,LEGITIMATE,ACTIVE,2026-03-09,2026-08-04
0.156,CONFIRMED,SUPPORTING,0.947,NORMAL,NONE,TRAIN,True,CRIMINAL,ACTIVE,2025-12-14,2026-06-27
0.713,SUSPECTED,SUPPORTING,0.79,NORMAL,NONE,TRAIN,True,MIXED,ACTIVE,2026-07-01,2026-09-20
0.327,CONFIRMED,SUPPORTING,0.875,NORMAL,NONE,TRAIN,True,CRIMINAL,ACTIVE,2026-06-29,2026-10-01
0.471,SUSPECTED,SUPPORTING,0.594,NORMAL,NONE,TRAIN,True,CRIMINAL,ACTIVE,2026-06-14,2026-08-12
0.295,FALSE,CONTRADICTING,0.238,DUPLICATE,NONE,TEST,True,AMBIGUOUS,ACTIVE,2026-06-07,2026-07-21
0.126,CONFIRMED,SUPPORTING,0.959,NORMAL,NONE,TRAIN,True,MIXED,ACTIVE,2026-02-20,2026-05-14
0.127,CONFIRMED,SUPPORTING,0.898,NORMAL,NONE,TRAIN,True,CRIMINAL,ACTIVE,2025-10-11,2026-03-13
0.222,CONFIRMED,SUPPORTING,0.833,NORMAL,NONE,TRAIN,True,CRIMINAL,ACTIVE,2026-06-22,2026-08-20
0.076,SUSPECTED,SUPPORTING,0.823,NORMAL,NONE,TEST,True,AMBIGUOUS,ACTIVE,2026-02-01,2026-07-05
0.365,CONFIRMED,SUPPORTING,0.833,NORMAL,COLLECTIVE_ANOMALY,TRAIN,True,MIXED,ACTIVE,2026-01-13,2026-03-15
0.669,UNKNOWN,NEUTRAL,0.248,NORMAL,NONE,TEST,True,AMBIGUOUS,ACTIVE,2025-12-07,2026-04-14
0.087,FALSE,CONTRADICTING,0.282,NORMAL,NONE,TRAIN,True,CRIMINAL,ACTIVE,2026-01-04,2026-05-22
0.599,CONFIRMED,SUPPORTING,0.906,NORMAL,NONE,TRAIN,True,MIXED,ACTIVE,2026-06-02,2026-08-28
0.169,UNKNOWN,NEUTRAL,0.502,NORMAL,NONE,TEST,True,AMBIGUOUS,ACTIVE,2026-01-23,2026-06-13
0.526,UNKNOWN,NEUTRAL,0.515,NORMAL,POINT_ANOMALY,TRAIN,True,CRIMINAL,ACTIVE,2026-04-02,2026-07-01
0.421,UNKNOWN,NEUTRAL,0.362,NORMAL,COLLECTIVE_ANOMALY,TRAIN,True,MIXED,ACTIVE,2026-04-09,2026-09-08
0.187,UNKNOWN,NEUTRAL,0.404,NORMAL,TEMPORAL_ANOMALY,TRAIN,True,LEGITIMATE,ACTIVE,2025-12-12,2026-05-01
0.272,SUSPECTED,SUPPORTING,0.795,NORMAL,POINT_ANOMALY,TRAIN,True,MIXED,ACTIVE,2025-11-19,2026-03-26
0.235,UNKNOWN,NEUTRAL,0.249,NORMAL,NONE,TRAIN,True,MIXED,ACTIVE,2026-04-10,2026-08-07
0.574,SUSPECTED,SUPPORTING,0.599,NORMAL,NONE,TRAIN,True,CRIMINAL,ACTIVE,2026-01-29,2026-05-19
0.334,CONFIRMED,SUPPORTING,0.964,NORMAL,NONE,TEST,True,AMBIGUOUS,ACTIVE,2026-05-02,2026-08-30
0.035,SUSPECTED,SUPPORTING,0.645,NORMAL,RELATIONAL_ANOMALY,TRAIN,True,CRIMINAL,ACTIVE,2026-03-26,2026-06-19
0.218,CONFIRMED,SUPPORTING,0.9,NORMAL,COLLECTIVE_ANOMALY,TRAIN,True,CRIMINAL,ACTIVE,2026-05-25,2026-11-02
0.632,SUSPECTED,SUPPORTING,0.714,NORMAL,NONE,TEST,True,AMBIGUOUS,ACTIVE,2026-02-02,2026-05-19
0.197,UNKNOWN,NEUTRAL,0.26,NORMAL,NONE,TRAIN,True,MIXED,ACTIVE,2026-03-02,2026-05-22
0.359,CONFIRMED,SUPPORTING,0.892,NORMAL,NONE,TRAIN,True,CRIMINAL,ACTIVE,2025-11-30,2026-03-12
0.035,SUSPECTED,SUPPORTING,0.715,NORMAL,CONTEXTUAL_ANOMALY,TRAIN,True,CRIMINAL,ACTIVE,2025-12-05,2026-04-02
0.313,CONFIRMED,SUPPORTING,0.986,NORMAL,NONE,TRAIN,True,MIXED,ACTIVE,2026-04-01,2026-05-26
0.442,CONFIRMED,SUPPORTING,0.985,NORMAL,NONE,TEST,True,AMBIGUOUS,ACTIVE,2025-12-25,2026-04-02
0.407,CONFIRMED,SUPPORTING,0.924,NORMAL,NONE,TRAIN,True,CRIMINAL,ACTIVE,2026-04-22,2026-07-05
0.071,UNKNOWN,NEUTRAL,0.207,NORMAL,NONE,TRAIN,True,CRIMINAL,ACTIVE,2026-01-16,2026-06-05
0.19,FALSE,CONTRADICTING,0.376,NORMAL,NONE,TRAIN,True,CRIMINAL,ACTIVE,2025-11-12,2026-02-11
0.502,UNKNOWN,NEUTRAL,0.358,NORMAL,NONE,TRAIN,True,CRIMINAL,ACTIVE,2025-12-14,2026-04-08
0.518,CONFIRMED,SUPPORTING,0.91,NORMAL,NONE,TRAIN,True,MIXED,ACTIVE,2026-07-30,2026-11-06
0.191,SUSPECTED,SUPPORTING,0.608,NORMAL,NONE,TRAIN,True,CRIMINAL,ACTIVE,2026-05-10,2026-07-30
0.453,CONFIRMED,SUPPORTING,0.886,NORMAL,NONE,TRAIN,True,CRIMINAL,ACTIVE,2026-02-16,2026-05-12
0.167,SUSPECTED,SUPPORTING,0.733,NORMAL,NONE,TRAIN,True,MIXED,ACTIVE,2026-04-02,2026-05-12
0.299,CONFIRMED,SUPPORTING,0.976,NORMAL,NONE,TEST,True,AMBIGUOUS,ACTIVE,2025-09-13,2026-02-12
0.134,UNKNOWN,NEUTRAL,0.46,NORMAL,POINT_ANOMALY,TEST,True,AMBIGUOUS,ACTIVE,2026-01-10,2026-03-11
0.475,CONFIRMED,SUPPORTING,0.966,NORMAL,TEMPORAL_ANOMALY,TRAIN,True,MIXED,ACTIVE,2026-03-22,2026-07-30
0.286,CONFIRMED,SUPPORTING,0.974,NORMAL,POINT_ANOMALY,TEST,True,AMBIGUOUS,ACTIVE,2025-12-21,2026-05-16
0.37,SUSPECTED,SUPPORTING,0.753,DUPLICATE,NONE,VALIDATION,True,LEGITIMATE,ACTIVE,2026-05-02,2026-08-15
0.231,UNKNOWN,NEUTRAL,0.214,NORMAL,TEMPORAL_ANOMALY,TRAIN,True,CRIMINAL,ACTIVE,2026-04-22,2026-08-28
0.399,FALSE,CONTRADICTING,0.127,NORMAL,NONE,TEST,True,AMBIGUOUS,ACTIVE,2026-01-09,2026-05-22
0.677,CONFIRMED,SUPPORTING,0.889,NORMAL,NONE,TRAIN,True,CRIMINAL,ACTIVE,2026-04-20,2026-07-26
0.304,UNKNOWN,NEUTRAL,0.401,NORMAL,NONE,TRAIN,True,CRIMINAL,ACTIVE,2026-07-11,2026-08-21
0.227,FALSE,CONTRADICTING,0.388,NORMAL,COLLECTIVE_ANOMALY,TRAIN,True,CRIMINAL,ACTIVE,2026-05-08,2026-08-26
0.226,SUSPECTED,SUPPORTING,0.744,NORMAL,NONE,TRAIN,True,CRIMINAL,ACTIVE,2025-12-14,2026-04-22
0.243,SUSPECTED,SUPPORTING,0.632,NORMAL,NONE,TRAIN,True,CRIMINAL,ACTIVE,2026-04-23,2026-11-03
0.249,FALSE,CONTRADICTING,0.366,NORMAL,NONE,TRAIN,True,MIXED,ACTIVE,2026-03-04,2026-09-23
0.122,SUSPECTED,SUPPORTING,0.591,NORMAL,POINT_ANOMALY,VALIDATION,True,LEGITIMATE,ACTIVE,2025-12-12,2026-06-10
0.635,CONFIRMED,SUPPORTING,0.886,NORMAL,NONE,TEST,True,AMBIGUOUS,ACTIVE,2026-02-12,2026-06-24
0.426,SUSPECTED,SUPPORTING,0.626,NORMAL,NONE,TRAIN,True,CRIMINAL,ACTIVE,2026-01-20,2026-07-26
0.389,SUSPECTED,SUPPORTING,0.799,NORMAL,NONE,TRAIN,True,MIXED,ACTIVE,2026-05-31,2026-08-31
0.274,CONFIRMED,SUPPORTING,0.894,NORMAL,NONE,TRAIN,True,LEGITIMATE,ACTIVE,2026-05-04,2026-08-18
0.276,SUSPECTED,SUPPORTING,0.784,NORMAL,CONTEXTUAL_ANOMALY,TRAIN,True,CRIMINAL,ACTIVE,2025-11-11,2026-05-22
0.476,CONFIRMED,SUPPORTING,0.921,NORMAL,NONE,TRAIN,True,CRIMINAL,ACTIVE,2026-01-04,2026-02-20
0.22,SUSPECTED,SUPPORTING,0.587,NORMAL,POINT_ANOMALY,VALIDATION,True,LEGITIMATE,ACTIVE,2026-06-14,2026-10-21
0.682,CONFIRMED,SUPPORTING,0.899,NORMAL,NONE,TRAIN,True,CRIMINAL,ACTIVE,2026-05-14,2026-07-23
0.421,SUSPECTED,SUPPORTING,0.771,NORMAL,NONE,TRAIN,True,LEGITIMATE,ACTIVE,2026-06-12,2026-08-10
0.729,SUSPECTED,SUPPORTING,0.595,RECYCLED_SIM,NONE,VALIDATION,True,LEGITIMATE,ACTIVE,2026-03-10,2026-07-03
0.218,UNKNOWN,NEUTRAL,0.299,NORMAL,NONE,TEST,True,AMBIGUOUS,ACTIVE,2026-04-02,2026-09-23
0.253,FALSE,CONTRADICTING,0.125,RECYCLED_SIM,NONE,TRAIN,True,MIXED,ACTIVE,2025-12-25,2026-04-10
0.656,SUSPECTED,SUPPORTING,0.675,NORMAL,NONE,TRAIN,True,CRIMINAL,ACTIVE,2026-02-03,2026-07-20
0.324,UNKNOWN,NEUTRAL,0.492,NORMAL,CONTEXTUAL_ANOMALY,TRAIN,True,CRIMINAL,ACTIVE,2025-10-07,2026-02-26
0.554,UNKNOWN,NEUTRAL,0.488,NORMAL,NONE,TRAIN,True,CRIMINAL,ACTIVE,2026-02-17,2026-05-21
0.093,FALSE,CONTRADICTING,0.35,STALE_DEVICE,NONE,TRAIN,True,CRIMINAL,ACTIVE,2026-02-24,2026-08-04
0.161,FALSE,CONTRADICTING,0.178,NORMAL,NONE,TRAIN,True,MIXED,ACTIVE,2026-06-02,2026-07-14
0.8,FALSE,CONTRADICTING,0.187,NORMAL,NONE,TRAIN,True,MIXED,ACTIVE,2025-10-01,2026-03-28
0.712,UNKNOWN,NEUTRAL,0.533,NORMAL,NONE,VALIDATION,True,LEGITIMATE,ACTIVE,2026-02-13,2026-07-25
0.18,CONFIRMED,SUPPORTING,0.844,NORMAL,CONTEXTUAL_ANOMALY,TRAIN,True,MIXED,ACTIVE,2025-12-21,2026-06-08
0.14,CONFIRMED,SUPPORTING,0.848,NORMAL,POINT_ANOMALY,TRAIN,True,MIXED,ACTIVE,2026-05-16,2026-09-09
0.297,UNKNOWN,NEUTRAL,0.441,NORMAL,TEMPORAL_ANOMALY,VALIDATION,True,LEGITIMATE,ACTIVE,2026-01-21,2026-08-08
0.589,FALSE,CONTRADICTING,0.384,NORMAL,CONTEXTUAL_ANOMALY,VALIDATION,True,LEGITIMATE,ACTIVE,2026-02-17,2026-05-27
0.727,CONFIRMED,SUPPORTING,0.964,NORMAL,RELATIONAL_ANOMALY,TRAIN,True,MIXED,ACTIVE,2025-11-28,2026-03-06
0.59,UNKNOWN,NEUTRAL,0.464,NORMAL,NONE,TRAIN,True,CRIMINAL,ACTIVE,2025-12-23,2026-04-23
0.587,SUSPECTED,SUPPORTING,0.693,NORMAL,POINT_ANOMALY,TRAIN,True,CRIMINAL,ACTIVE,2026-01-13,2026-06-15
0.339,CONFIRMED,SUPPORTING,0.928,NORMAL,NONE,TRAIN,True,CRIMINAL,ACTIVE,2026-01-02,2026-03-02
0.312,UNKNOWN,NEUTRAL,0.28,NORMAL,POINT_ANOMALY,TRAIN,True,CRIMINAL,ACTIVE,2026-01-26,2026-03-17
0.592,CONFIRMED,SUPPORTING,0.924,NORMAL,NONE,TRAIN,True,CRIMINAL,ACTIVE,2025-12-01,2026-05-17
0.254,UNKNOWN,NEUTRAL,0.405,NORMAL,NONE,TRAIN,True,MIXED,ACTIVE,2026-07-28,2026-11-04
0.553,SUSPECTED,SUPPORTING,0.609,NORMAL,NONE,TRAIN,True,CRIMINAL,ACTIVE,2026-02-27,2026-05-09
0.37,FALSE,CONTRADICTING,0.123,NORMAL,POINT_ANOMALY,TRAIN,True,MIXED,ACTIVE,2026-03-17,2026-07-07
0.519,UNKNOWN,NEUTRAL,0.452,NORMAL,RELATIONAL_ANOMALY,TRAIN,True,MIXED,ACTIVE,2026-03-11,2026-07-01
0.769,CONFIRMED,SUPPORTING,0.913,NORMAL,NONE,TRAIN,True,CRIMINAL,ACTIVE,2026-06-03,2026-09-06
0.403,CONFIRMED,SUPPORTING,0.883,NORMAL,NONE,TRAIN,True,MIXED,ACTIVE,2026-06-24,2026-10-10
0.168,FALSE,CONTRADICTING,0.35,RECYCLED_SIM,NONE,TRAIN,True,MIXED,ACTIVE,2026-04-27,2026-07-01
0.642,CONFIRMED,SUPPORTING,0.915,NORMAL,NONE,TRAIN,True,MIXED,ACTIVE,2026-03-29,2026-07-10
0.071,SUSPECTED,SUPPORTING,0.859,NORMAL,POINT_ANOMALY,TRAIN,True,CRIMINAL,ACTIVE,2025-10-31,2026-02-16
0.644,UNKNOWN,NEUTRAL,0.215,NORMAL,NONE,TRAIN,True,CRIMINAL,ACTIVE,2026-02-12,2026-07-06
0.497,UNKNOWN,NEUTRAL,0.351,NORMAL,NONE,TEST,True,AMBIGUOUS,ACTIVE,2026-01-14,2026-06-16
0.451,SUSPECTED,SUPPORTING,0.789,NORMAL,NONE,TRAIN,True,CRIMINAL,ACTIVE,2026-06-10,2026-09-25
0.849,SUSPECTED,SUPPORTING,0.74,NORMAL,NONE,TEST,True,AMBIGUOUS,ACTIVE,2026-04-06,2026-09-19
0.151,CONFIRMED,SUPPORTING,0.911,NORMAL,COLLECTIVE_ANOMALY,TRAIN,True,CRIMINAL,ACTIVE,2026-01-09,2026-06-15
0.17,UNKNOWN,NEUTRAL,0.337,NORMAL,NONE,TRAIN,True,CRIMINAL,ACTIVE,2026-03-09,2026-06-10
0.291,UNKNOWN,NEUTRAL,0.5,NORMAL,NONE,VALIDATION,True,LEGITIMATE,ACTIVE,2026-02-14,2026-07-11
0.39,SUSPECTED,SUPPORTING,0.784,NORMAL,NONE,TRAIN,True,CRIMINAL,ACTIVE,2026-03-20,2026-07-08
0.605,CONFIRMED,SUPPORTING,0.853,NORMAL,COLLECTIVE_ANOMALY,VALIDATION,True,LEGITIMATE,ACTIVE,2026-03-18,2026-06-20
0.251,CONFIRMED,SUPPORTING,0.858,DUPLICATE,NONE,TRAIN,True,CRIMINAL,ACTIVE,2026-02-26,2026-06-24
0.201,UNKNOWN,NEUTRAL,0.394,NORMAL,NONE,TRAIN,True,CRIMINAL,ACTIVE,2026-02-20,2026-06-16
0.748,SUSPECTED,SUPPORTING,0.676,NORMAL,NONE,TRAIN,True,MIXED,ACTIVE,2026-02-18,2026-06-30
0.497,FALSE,CONTRADICTING,0.148,NORMAL,NONE,TRAIN,True,CRIMINAL,ACTIVE,2026-03-21,2026-06-26
0.521,SUSPECTED,SUPPORTING,0.652,NORMAL,NONE,TRAIN,True,CRIMINAL,ACTIVE,2026-06-19,2026-09-17
0.495,UNKNOWN,NEUTRAL,0.417,NORMAL,NONE,TRAIN,True,CRIMINAL,ACTIVE,2026-01-01,2026-04-20
0.256,UNKNOWN,NEUTRAL,0.22,NORMAL,NONE,TEST,True,AMBIGUOUS,ACTIVE,2026-03-27,2026-07-12
0.483,SUSPECTED,SUPPORTING,0.813,NORMAL,NONE,TRAIN,True,MIXED,ACTIVE,2025-12-27,2026-05-16
0.088,UNKNOWN,NEUTRAL,0.203,NORMAL,NONE,TRAIN,True,MIXED,ACTIVE,2026-02-09,2026-05-08
0.129,FALSE,CONTRADICTING,0.156,NORMAL,NONE,TEST,True,AMBIGUOUS,ACTIVE,2026-02-12,2026-07-16
0.793,UNKNOWN,NEUTRAL,0.271,NORMAL,NONE,TEST,True,AMBIGUOUS,ACTIVE,2026-01-11,2026-06-02
0.363,SUSPECTED,SUPPORTING,0.682,NORMAL,NONE,TRAIN,True,CRIMINAL,ACTIVE,2025-12-11,2026-03-03
0.517,SUSPECTED,SUPPORTING,0.721,NORMAL,NONE,TRAIN,True,LEGITIMATE,ACTIVE,2026-02-08,2026-07-30
0.451,SUSPECTED,SUPPORTING,0.809,NORMAL,NONE,TRAIN,True,CRIMINAL,ACTIVE,2026-01-13,2026-05-04
0.682,CONFIRMED,SUPPORTING,0.903,NORMAL,NONE,TRAIN,True,CRIMINAL,ACTIVE,2025-12-01,2026-03-22
0.566,CONFIRMED,SUPPORTING,0.951,NORMAL,NONE,TRAIN,True,CRIMINAL,ACTIVE,2026-02-07,2026-03-26
0.539,FALSE,CONTRADICTING,0.202,NORMAL,NONE,TRAIN,True,MIXED,ACTIVE,2026-03-28,2026-06-10
0.136,CONFIRMED,SUPPORTING,0.966,NORMAL,NONE,VALIDATION,True,LEGITIMATE,ACTIVE,2026-06-25,2026-10-24
0.452,CONFIRMED,SUPPORTING,0.932,NORMAL,NONE,TEST,True,AMBIGUOUS,ACTIVE,2026-05-22,2026-08-27
0.058,UNKNOWN,NEUTRAL,0.281,NORMAL,NONE,VALIDATION,True,LEGITIMATE,ACTIVE,2026-02-07,2026-07-04
0.155,SUSPECTED,SUPPORTING,0.798,NORMAL,NONE,TRAIN,True,CRIMINAL,ACTIVE,2026-01-20,2026-05-01
0.594,CONFIRMED,SUPPORTING,0.898,NORMAL,NONE,TRAIN,True,CRIMINAL,ACTIVE,2026-03-02,2026-07-01
0.31,UNKNOWN,NEUTRAL,0.495,NORMAL,NONE,TRAIN,True,CRIMINAL,ACTIVE,2026-04-04,2026-05-09
0.602,CONFIRMED,SUPPORTING,0.854,NORMAL,NONE,TEST,True,AMBIGUOUS,ACTIVE,2026-06-15,2026-09-15
0.072,CONFIRMED,SUPPORTING,0.924,NORMAL,NONE,TEST,True,AMBIGUOUS,ACTIVE,2026-01-31,2026-06-12
0.36,SUSPECTED,SUPPORTING,0.584,NORMAL,CONTEXTUAL_ANOMALY,TRAIN,True,MIXED,ACTIVE,2025-12-20,2026-04-21
0.547,SUSPECTED,SUPPORTING,0.69,NORMAL,NONE,TRAIN,True,CRIMINAL,ACTIVE,2026-06-03,2026-09-01
0.208,SUSPECTED,SUPPORTING,0.59,NORMAL,NONE,TRAIN,True,MIXED,ACTIVE,2025-10-09,2026-03-03
0.24,SUSPECTED,SUPPORTING,0.657,NORMAL,NONE,TRAIN,True,MIXED,ACTIVE,2025-10-20,2026-03-10
0.077,SUSPECTED,SUPPORTING,0.781,NORMAL,NONE,TRAIN,True,MIXED,ACTIVE,2026-02-17,2026-04-16
0.362,SUSPECTED,SUPPORTING,0.704,DUPLICATE,NONE,TRAIN,True,MIXED,ACTIVE,2026-04-17,2026-08-28
0.486,SUSPECTED,SUPPORTING,0.813,NORMAL,NONE,TRAIN,True,CRIMINAL,ACTIVE,2025-12-21,2026-05-15
0.539,SUSPECTED,SUPPORTING,0.849,NORMAL,NONE,TRAIN,True,CRIMINAL,ACTIVE,2025-10-01,2026-03-30
0.461,FALSE,CONTRADICTING,0.185,NORMAL,NONE,TRAIN,True,MIXED,ACTIVE,2026-02-14,2026-06-16
0.787,CONFIRMED,SUPPORTING,0.853,NORMAL,NONE,TRAIN,True,MIXED,ACTIVE,2025-10-04,2026-03-05
0.253,UNKNOWN,NEUTRAL,0.292,NORMAL,NONE,TEST,True,AMBIGUOUS,ACTIVE,2026-04-13,2026-06-28
0.428,FALSE,CONTRADICTING,0.388,NORMAL,NONE,VALIDATION,True,LEGITIMATE,ACTIVE,2026-06-18,2026-11-02
0.144,SUSPECTED,SUPPORTING,0.726,NORMAL,NONE,TRAIN,True,CRIMINAL,ACTIVE,2026-02-24,2026-08-09
0.517,FALSE,CONTRADICTING,0.21,NORMAL,NONE,TRAIN,True,CRIMINAL,ACTIVE,2026-03-15,2026-06-29
0.144,SUSPECTED,SUPPORTING,0.637,NORMAL,NONE,VALIDATION,True,LEGITIMATE,ACTIVE,2025-12-10,2026-03-31
0.407,UNKNOWN,NEUTRAL,0.398,NORMAL,NONE,TRAIN,True,MIXED,ACTIVE,2026-02-13,2026-05-23
0.679,CONFIRMED,SUPPORTING,0.923,NORMAL,NONE,TRAIN,True,CRIMINAL,ACTIVE,2026-02-02,2026-05-29
0.5,SUSPECTED,SUPPORTING,0.813,NORMAL,POINT_ANOMALY,TRAIN,True,LEGITIMATE,ACTIVE,2026-01-26,2026-04-17
0.607,FALSE,CONTRADICTING,0.197,NORMAL,NONE,VALIDATION,True,LEGITIMATE,ACTIVE,2026-02-10,2026-04-11
0.584,FALSE,CONTRADICTING,0.194,NORMAL,NONE,VALIDATION,True,LEGITIMATE,ACTIVE,2026-03-30,2026-07-09
0.346,SUSPECTED,SUPPORTING,0.852,NORMAL,NONE,TRAIN,True,MIXED,ACTIVE,2025-10-03,2026-03-29
0.712,FALSE,CONTRADICTING,0.309,SHARED_DEVICE,NONE,VALIDATION,True,LEGITIMATE,ACTIVE,2026-05-04,2026-08-31
0.114,FALSE,CONTRADICTING,0.163,STALE_DEVICE,POINT_ANOMALY,TRAIN,True,LEGITIMATE,ACTIVE,2026-02-01,2026-04-07
0.734,SUSPECTED,SUPPORTING,0.649,STALE_DEVICE,NONE,TRAIN,True,MIXED,ACTIVE,2026-06-23,2026-08-31
0.682,SUSPECTED,SUPPORTING,0.643,NORMAL,NONE,TRAIN,True,CRIMINAL,ACTIVE,2026-03-07,2026-06-13
0.32,SUSPECTED,SUPPORTING,0.703,NORMAL,COLLECTIVE_ANOMALY,TRAIN,True,MIXED,ACTIVE,2026-02-09,2026-06-24
0.296,UNKNOWN,NEUTRAL,0.442,RECYCLED_SIM,NONE,TRAIN,True,MIXED,ACTIVE,2025-12-14,2026-06-17
0.438,UNKNOWN,NEUTRAL,0.265,NORMAL,NONE,TRAIN,True,CRIMINAL,ACTIVE,2026-01-20,2026-06-15
0.748,SUSPECTED,SUPPORTING,0.702,STALE_DEVICE,RELATIONAL_ANOMALY,TRAIN,True,CRIMINAL,ACTIVE,2026-03-07,2026-06-16
0.451,UNKNOWN,NEUTRAL,0.508,NORMAL,NONE,TRAIN,True,CRIMINAL,ACTIVE,2026-03-15,2026-06-04
0.289,UNKNOWN,NEUTRAL,0.268,NORMAL,NONE,TRAIN,True,MIXED,ACTIVE,2026-02-11,2026-09-04
0.182,UNKNOWN,NEUTRAL,0.278,NORMAL,NONE,VALIDATION,True,LEGITIMATE,ACTIVE,2026-04-27,2026-08-10
0.446,SUSPECTED,SUPPORTING,0.822,NORMAL,NONE,VALIDATION,True,LEGITIMATE,ACTIVE,2026-05-02,2026-10-14
0.115,SUSPECTED,SUPPORTING,0.687,NORMAL,NONE,VALIDATION,True,LEGITIMATE,ACTIVE,2025-11-26,2026-04-30
0.316,CONFIRMED,SUPPORTING,0.947,NORMAL,NONE,TRAIN,True,CRIMINAL,ACTIVE,2026-05-13,2026-07-11
0.367,CONFIRMED,SUPPORTING,0.907,NORMAL,NONE,TEST,True,AMBIGUOUS,ACTIVE,2026-05-26,2026-07-04
0.258,SUSPECTED,SUPPORTING,0.732,NORMAL,NONE,TRAIN,True,CRIMINAL,ACTIVE,2026-05-12,2026-09-09
0.242,CONFIRMED,SUPPORTING,0.981,NORMAL,POINT_ANOMALY,TRAIN,True,MIXED,ACTIVE,2026-03-23,2026-09-07
0.646,CONFIRMED,SUPPORTING,0.977,NORMAL,POINT_ANOMALY,VALIDATION,True,LEGITIMATE,ACTIVE,2026-02-09,2026-07-07
0.74,CONFIRMED,SUPPORTING,0.88,NORMAL,NONE,TRAIN,True,MIXED,ACTIVE,2026-04-20,2026-08-23
0.131,CONFIRMED,SUPPORTING,0.89,NORMAL,NONE,TRAIN,True,CRIMINAL,ACTIVE,2026-04-29,2026-10-15
0.216,FALSE,CONTRADICTING,0.373,NORMAL,NONE,VALIDATION,True,LEGITIMATE,ACTIVE,2025-10-13,2026-03-02
0.724,SUSPECTED,SUPPORTING,0.828,NORMAL,NONE,TRAIN,True,CRIMINAL,ACTIVE,2026-01-27,2026-07-06
0.533,CONFIRMED,SUPPORTING,0.976,NORMAL,NONE,TRAIN,True,CRIMINAL,ACTIVE,2025-12-19,2026-04-01
0.284,UNKNOWN,NEUTRAL,0.328,NORMAL,NONE,TRAIN,True,MIXED,ACTIVE,2025-11-20,2026-03-29
0.259,SUSPECTED,SUPPORTING,0.636,NORMAL,NONE,TRAIN,True,MIXED,ACTIVE,2025-11-14,2026-03-18
0.373,CONFIRMED,SUPPORTING,0.92,NORMAL,TEMPORAL_ANOMALY,VALIDATION,True,LEGITIMATE,ACTIVE,2026-03-05,2026-08-18
0.447,FALSE,CONTRADICTING,0.349,NORMAL,NONE,TRAIN,True,LEGITIMATE,ACTIVE,2026-07-06,2026-10-05
0.341,SUSPECTED,SUPPORTING,0.688,SHARED_DEVICE,NONE,VALIDATION,True,LEGITIMATE,ACTIVE,2025-12-26,2026-03-31
0.325,FALSE,CONTRADICTING,0.233,NORMAL,NONE,VALIDATION,True,LEGITIMATE,ACTIVE,2026-03-15,2026-07-20
0.627,SUSPECTED,SUPPORTING,0.664,NORMAL,NONE,TRAIN,True,CRIMINAL,ACTIVE,2026-03-12,2026-07-09
0.796,UNKNOWN,NEUTRAL,0.374,NORMAL,NONE,TRAIN,True,MIXED,ACTIVE,2026-04-18,2026-09-30
0.39,CONFIRMED,SUPPORTING,0.96,NORMAL,NONE,TRAIN,True,CRIMINAL,ACTIVE,2026-02-11,2026-05-15
0.751,SUSPECTED,SUPPORTING,0.799,NORMAL,CONTEXTUAL_ANOMALY,TRAIN,True,CRIMINAL,ACTIVE,2026-05-04,2026-10-03
0.554,SUSPECTED,SUPPORTING,0.675,SHARED_DEVICE,NONE,VALIDATION,True,LEGITIMATE,ACTIVE,2026-02-13,2026-07-19
0.748,CONFIRMED,SUPPORTING,0.895,NORMAL,COLLECTIVE_ANOMALY,TRAIN,True,CRIMINAL,ACTIVE,2026-02-02,2026-07-01
0.205,SUSPECTED,SUPPORTING,0.587,NORMAL,NONE,TRAIN,True,CRIMINAL,ACTIVE,2025-11-24,2026-05-16
0.395,FALSE,CONTRADICTING,0.158,NORMAL,NONE,TRAIN,True,MIXED,ACTIVE,2026-01-03,2026-04-25
0.353,SUSPECTED,SUPPORTING,0.655,NORMAL,NONE,TRAIN,True,LEGITIMATE,ACTIVE,2026-03-15,2026-06-13
0.713,FALSE,CONTRADICTING,0.331,NORMAL,NONE,TRAIN,True,CRIMINAL,ACTIVE,2026-02-05,2026-05-06
0.451,SUSPECTED,SUPPORTING,0.8,RECYCLED_SIM,NONE,VALIDATION,True,LEGITIMATE,ACTIVE,2026-03-02,2026-05-05
0.689,UNKNOWN,NEUTRAL,0.464,NORMAL,NONE,TRAIN,True,MIXED,ACTIVE,2026-04-11,2026-06-09
0.514,SUSPECTED,SUPPORTING,0.606,NORMAL,NONE,TRAIN,True,MIXED,ACTIVE,2025-10-06,2026-03-11
0.463,SUSPECTED,SUPPORTING,0.6,NORMAL,NONE,TRAIN,True,CRIMINAL,ACTIVE,2025-12-19,2026-04-04
0.393,FALSE,CONTRADICTING,0.302,NORMAL,NONE,TRAIN,True,MIXED,ACTIVE,2025-11-25,2026-05-16
0.286,UNKNOWN,NEUTRAL,0.527,NORMAL,NONE,TRAIN,True,MIXED,ACTIVE,2026-05-19,2026-10-13
0.642,FALSE,CONTRADICTING,0.144,NORMAL,NONE,TRAIN,True,CRIMINAL,ACTIVE,2025-12-21,2026-03-12
0.244,CONFIRMED,SUPPORTING,0.924,NORMAL,NONE,TRAIN,True,CRIMINAL,ACTIVE,2026-01-25,2026-04-26
0.216,UNKNOWN,NEUTRAL,0.415,NORMAL,NONE,TRAIN,True,MIXED,ACTIVE,2025-09-16,2026-02-24
0.124,FALSE,CONTRADICTING,0.415,NORMAL,NONE,VALIDATION,True,LEGITIMATE,ACTIVE,2026-04-22,2026-07-21
0.455,FALSE,CONTRADICTING,0.214,DUPLICATE,NONE,TRAIN,True,CRIMINAL,ACTIVE,2026-01-13,2026-07-04
0.732,FALSE,CONTRADICTING,0.123,NORMAL,NONE,TEST,True,AMBIGUOUS,ACTIVE,2026-05-13,2026-08-19
0.328,UNKNOWN,NEUTRAL,0.27,NORMAL,RELATIONAL_ANOMALY,TRAIN,True,CRIMINAL,ACTIVE,2026-03-09,2026-07-12
0.411,CONFIRMED,SUPPORTING,0.905,NORMAL,NONE,TRAIN,True,CRIMINAL,ACTIVE,2026-06-29,2026-10-01
0.289,FALSE,CONTRADICTING,0.409,NORMAL,NONE,TRAIN,True,CRIMINAL,ACTIVE,2026-06-03,2026-08-30
0.206,CONFIRMED,SUPPORTING,0.902,NORMAL,NONE,TRAIN,True,MIXED,ACTIVE,2026-03-29,2026-09-21
0.31,FALSE,CONTRADICTING,0.343,NORMAL,NONE,TRAIN,True,LEGITIMATE,ACTIVE,2026-01-04,2026-04-23
0.457,FALSE,CONTRADICTING,0.292,NORMAL,NONE,TRAIN,True,CRIMINAL,ACTIVE,2026-06-22,2026-09-03
0.327,CONFIRMED,SUPPORTING,0.977,NORMAL,NONE,TRAIN,True,MIXED,ACTIVE,2026-06-10,2026-10-31
0.188,FALSE,CONTRADICTING,0.218,NORMAL,NONE,TRAIN,True,MIXED,ACTIVE,2026-03-13,2026-05-31
0.478,CONFIRMED,SUPPORTING,0.941,RECYCLED_SIM,CONTEXTUAL_ANOMALY,TRAIN,True,CRIMINAL,ACTIVE,2026-02-07,2026-03-25
0.264,UNKNOWN,NEUTRAL,0.302,RECYCLED_SIM,NONE,TEST,True,AMBIGUOUS,ACTIVE,2025-12-20,2026-06-03
0.232,CONFIRMED,SUPPORTING,0.969,NORMAL,NONE,TRAIN,True,CRIMINAL,ACTIVE,2026-05-03,2026-06-19
0.294,SUSPECTED,SUPPORTING,0.64,NORMAL,NONE,TRAIN,True,CRIMINAL,ACTIVE,2026-03-24,2026-09-06
0.061,FALSE,CONTRADICTING,0.281,NORMAL,NONE,TRAIN,True,CRIMINAL,ACTIVE,2025-12-10,2026-04-02
0.351,FALSE,CONTRADICTING,0.12,NORMAL,NONE,TRAIN,True,LEGITIMATE,ACTIVE,2026-06-14,2026-09-13
0.421,UNKNOWN,NEUTRAL,0.366,NORMAL,NONE,TRAIN,True,CRIMINAL,ACTIVE,2026-06-14,2026-09-09
0.653,SUSPECTED,SUPPORTING,0.797,NORMAL,NONE,TRAIN,True,CRIMINAL,ACTIVE,2026-05-15,2026-08-22
0.185,SUSPECTED,SUPPORTING,0.645,NORMAL,NONE,VALIDATION,True,LEGITIMATE,ACTIVE,2025-12-30,2026-03-01
0.242,FALSE,CONTRADICTING,0.343,NORMAL,NONE,TRAIN,True,LEGITIMATE,ACTIVE,2025-12-02,2026-04-05
0.477,CONFIRMED,SUPPORTING,0.922,NORMAL,NONE,TRAIN,True,CRIMINAL,ACTIVE,2026-01-05,2026-03-04
0.571,SUSPECTED,SUPPORTING,0.806,NORMAL,NONE,TRAIN,True,MIXED,ACTIVE,2026-05-19,2026-07-17
0.168,CONFIRMED,SUPPORTING,0.989,NORMAL,NONE,TRAIN,True,CRIMINAL,ACTIVE,2026-02-25,2026-07-28
0.161,CONFIRMED,SUPPORTING,0.885,NORMAL,POINT_ANOMALY,TRAIN,True,MIXED,ACTIVE,2026-03-31,2026-09-26
0.777,SUSPECTED,SUPPORTING,0.605,NORMAL,POINT_ANOMALY,TEST,True,AMBIGUOUS,ACTIVE,2026-05-24,2026-08-25
0.287,UNKNOWN,NEUTRAL,0.376,NORMAL,TEMPORAL_ANOMALY,TRAIN,True,LEGITIMATE,ACTIVE,2026-03-19,2026-04-20
0.73,FALSE,CONTRADICTING,0.376,NORMAL,NONE,VALIDATION,True,LEGITIMATE,ACTIVE,2026-03-18,2026-06-21
0.035,UNKNOWN,NEUTRAL,0.25,NORMAL,NONE,TRAIN,True,MIXED,ACTIVE,2026-04-05,2026-08-28
0.383,UNKNOWN,NEUTRAL,0.359,NORMAL,NONE,TRAIN,True,MIXED,ACTIVE,2026-04-23,2026-09-21
0.528,CONFIRMED,SUPPORTING,0.985,NORMAL,NONE,TRAIN,True,CRIMINAL,ACTIVE,2025-11-14,2026-02-28
0.532,FALSE,CONTRADICTING,0.185,NORMAL,NONE,VALIDATION,True,LEGITIMATE,ACTIVE,2026-06-21,2026-08-25
0.533,CONFIRMED,SUPPORTING,0.951,NORMAL,CONTEXTUAL_ANOMALY,TRAIN,True,LEGITIMATE,ACTIVE,2025-12-05,2026-02-09
0.322,SUSPECTED,SUPPORTING,0.858,NORMAL,NONE,VALIDATION,True,LEGITIMATE,ACTIVE,2026-02-18,2026-05-06
0.179,SUSPECTED,SUPPORTING,0.673,NORMAL,POINT_ANOMALY,VALIDATION,True,LEGITIMATE,ACTIVE,2026-03-01,2026-06-17
0.388,UNKNOWN,NEUTRAL,0.533,NORMAL,NONE,TRAIN,True,MIXED,ACTIVE,2025-11-09,2026-05-19
0.58,SUSPECTED,SUPPORTING,0.801,NORMAL,CONTEXTUAL_ANOMALY,TRAIN,True,CRIMINAL,ACTIVE,2026-04-12,2026-07-14
0.508,UNKNOWN,NEUTRAL,0.337,NORMAL,NONE,TRAIN,True,CRIMINAL,ACTIVE,2025-12-01,2026-04-17
0.439,UNKNOWN,NEUTRAL,0.393,NORMAL,NONE,TRAIN,True,LEGITIMATE,ACTIVE,2026-01-09,2026-05-28
0.242,FALSE,CONTRADICTING,0.393,NORMAL,COLLECTIVE_ANOMALY,TRAIN,True,LEGITIMATE,ACTIVE,2025-11-16,2026-04-15
0.779,CONFIRMED,SUPPORTING,0.943,NORMAL,NONE,TRAIN,True,CRIMINAL,ACTIVE,2026-06-16,2026-10-15
0.465,CONFIRMED,SUPPORTING,0.863,DUPLICATE,NONE,TRAIN,True,CRIMINAL,ACTIVE,2026-03-13,2026-07-11
0.717,UNKNOWN,NEUTRAL,0.29,NORMAL,NONE,TEST,True,AMBIGUOUS,ACTIVE,2026-05-24,2026-10-06
0.242,CONFIRMED,SUPPORTING,0.831,NORMAL,NONE,TRAIN,True,MIXED,ACTIVE,2026-03-02,2026-08-31
0.731,CONFIRMED,SUPPORTING,0.934,NORMAL,POINT_ANOMALY,TRAIN,True,MIXED,ACTIVE,2026-06-11,2026-08-05
0.258,SUSPECTED,SUPPORTING,0.606,NORMAL,CONTEXTUAL_ANOMALY,TRAIN,True,MIXED,ACTIVE,2025-12-08,2026-04-20
0.274,SUSPECTED,SUPPORTING,0.783,NORMAL,NONE,TRAIN,True,CRIMINAL,ACTIVE,2025-12-06,2026-05-05
0.569,FALSE,CONTRADICTING,0.374,NORMAL,COLLECTIVE_ANOMALY,VALIDATION,True,LEGITIMATE,ACTIVE,2025-11-07,2026-03-09
0.174,SUSPECTED,SUPPORTING,0.59,NORMAL,NONE,TRAIN,True,MIXED,ACTIVE,2026-03-29,2026-09-26
0.571,CONFIRMED,SUPPORTING,0.851,NORMAL,NONE,TRAIN,True,CRIMINAL,ACTIVE,2026-07-11,2026-10-05
0.211,SUSPECTED,SUPPORTING,0.856,NORMAL,NONE,VALIDATION,True,LEGITIMATE,ACTIVE,2026-05-10,2026-09-22
0.249,CONFIRMED,SUPPORTING,0.988,NORMAL,POINT_ANOMALY,VALIDATION,True,LEGITIMATE,ACTIVE,2026-07-28,2026-09-15
0.179,UNKNOWN,NEUTRAL,0.494,STALE_DEVICE,NONE,TRAIN,True,CRIMINAL,ACTIVE,2026-05-08,2026-07-05
0.423,UNKNOWN,NEUTRAL,0.474,NORMAL,TEMPORAL_ANOMALY,TRAIN,True,MIXED,ACTIVE,2026-01-09,2026-07-04
0.308,CONFIRMED,SUPPORTING,0.929,NORMAL,POINT_ANOMALY,TRAIN,True,MIXED,ACTIVE,2026-06-10,2026-09-28
0.541,UNKNOWN,NEUTRAL,0.252,NORMAL,NONE,TEST,True,AMBIGUOUS,ACTIVE,2026-02-06,2026-07-01
0.296,SUSPECTED,SUPPORTING,0.685,NORMAL,NONE,TRAIN,True,CRIMINAL,ACTIVE,2026-07-24,2026-10-14
0.655,SUSPECTED,SUPPORTING,0.661,NORMAL,NONE,TRAIN,True,MIXED,ACTIVE,2026-04-19,2026-09-10
0.797,UNKNOWN,NEUTRAL,0.428,NORMAL,NONE,TRAIN,True,CRIMINAL,ACTIVE,2026-05-13,2026-11-07
0.047,FALSE,CONTRADICTING,0.208,NORMAL,NONE,TRAIN,True,CRIMINAL,ACTIVE,2026-02-09,2026-05-30
0.215,UNKNOWN,NEUTRAL,0.441,NORMAL,TEMPORAL_ANOMALY,TEST,True,AMBIGUOUS,ACTIVE,2026-06-23,2026-08-11
0.407,SUSPECTED,SUPPORTING,0.811,NORMAL,NONE,VALIDATION,True,LEGITIMATE,ACTIVE,2026-04-08,2026-08-17
0.425,SUSPECTED,SUPPORTING,0.821,NORMAL,NONE,TRAIN,True,CRIMINAL,ACTIVE,2025-12-23,2026-07-14
0.737,SUSPECTED,SUPPORTING,0.728,STALE_DEVICE,NONE,TRAIN,True,MIXED,ACTIVE,2025-12-26,2026-05-27
0.182,FALSE,CONTRADICTING,0.311,NORMAL,NONE,TRAIN,True,MIXED,ACTIVE,2026-06-18,2026-09-13
0.384,SUSPECTED,SUPPORTING,0.655,NORMAL,COLLECTIVE_ANOMALY,TRAIN,True,CRIMINAL,ACTIVE,2025-10-26,2026-03-02
0.325,SUSPECTED,SUPPORTING,0.68,NORMAL,NONE,TRAIN,True,CRIMINAL,ACTIVE,2025-11-08,2026-04-07
0.665,CONFIRMED,SUPPORTING,0.979,NORMAL,CONTEXTUAL_ANOMALY,TRAIN,True,CRIMINAL,ACTIVE,2026-01-02,2026-06-28
0.646,SUSPECTED,SUPPORTING,0.673,NORMAL,NONE,VALIDATION,True,LEGITIMATE,ACTIVE,2026-03-03,2026-06-03
0.145,CONFIRMED,SUPPORTING,0.848,NORMAL,NONE,TRAIN,True,MIXED,ACTIVE,2026-05-16,2026-09-10
0.456,FALSE,CONTRADICTING,0.173,NORMAL,POINT_ANOMALY,VALIDATION,True,LEGITIMATE,ACTIVE,2026-06-23,2026-09-07
0.406,UNKNOWN,NEUTRAL,0.5,NORMAL,NONE,TRAIN,True,CRIMINAL,ACTIVE,2026-03-23,2026-06-11
0.364,SUSPECTED,SUPPORTING,0.74,NORMAL,CONTEXTUAL_ANOMALY,TRAIN,True,MIXED,ACTIVE,2026-07-02,2026-09-27
0.321,FALSE,CONTRADICTING,0.416,NORMAL,NONE,TRAIN,True,CRIMINAL,ACTIVE,2026-03-12,2026-06-17
0.643,UNKNOWN,NEUTRAL,0.208,NORMAL,NONE,TEST,True,AMBIGUOUS,ACTIVE,2026-03-30,2026-08-05
0.554,CONFIRMED,SUPPORTING,0.909,NORMAL,NONE,TRAIN,True,CRIMINAL,ACTIVE,2026-01-18,2026-06-02
0.066,SUSPECTED,SUPPORTING,0.629,NORMAL,NONE,TRAIN,True,MIXED,ACTIVE,2026-05-04,2026-09-13
0.209,SUSPECTED,SUPPORTING,0.712,NORMAL,POINT_ANOMALY,TRAIN,True,CRIMINAL,ACTIVE,2026-02-02,2026-05-30
0.518,SUSPECTED,SUPPORTING,0.811,NORMAL,NONE,TRAIN,True,CRIMINAL,ACTIVE,2025-12-18,2026-04-11
0.364,SUSPECTED,SUPPORTING,0.792,NORMAL,NONE,TEST,True,AMBIGUOUS,ACTIVE,2026-04-10,2026-07-20
0.594,UNKNOWN,NEUTRAL,0.319,NORMAL,NONE,VALIDATION,True,LEGITIMATE,ACTIVE,2026-01-07,2026-05-11
0.252,SUSPECTED,SUPPORTING,0.708,NORMAL,NONE,TRAIN,True,MIXED,ACTIVE,2026-04-22,2026-07-10
0.447,SUSPECTED,SUPPORTING,0.715,DUPLICATE,NONE,TRAIN,True,MIXED,ACTIVE,2026-04-27,2026-08-06
0.293,CONFIRMED,SUPPORTING,0.946,NORMAL,TEMPORAL_ANOMALY,TRAIN,True,LEGITIMATE,ACTIVE,2026-01-19,2026-04-10
0.773,SUSPECTED,SUPPORTING,0.581,NORMAL,CONTEXTUAL_ANOMALY,TRAIN,True,CRIMINAL,ACTIVE,2026-02-14,2026-05-09
0.415,SUSPECTED,SUPPORTING,0.808,NORMAL,NONE,TRAIN,True,MIXED,ACTIVE,2026-02-03,2026-05-16
0.531,SUSPECTED,SUPPORTING,0.666,RECYCLED_SIM,NONE,TRAIN,True,MIXED,ACTIVE,2026-07-09,2026-09-08
0.253,FALSE,CONTRADICTING,0.188,NORMAL,NONE,TRAIN,True,LEGITIMATE,ACTIVE,2026-03-28,2026-09-19
0.6,SUSPECTED,SUPPORTING,0.642,NORMAL,NONE,VALIDATION,True,LEGITIMATE,ACTIVE,2026-02-26,2026-06-03
0.524,SUSPECTED,SUPPORTING,0.689,RECYCLED_SIM,NONE,TRAIN,True,MIXED,ACTIVE,2025-10-18,2026-04-05
0.588,UNKNOWN,NEUTRAL,0.271,NORMAL,NONE,TEST,True,AMBIGUOUS,ACTIVE,2026-05-27,2026-09-22
0.035,CONFIRMED,SUPPORTING,0.908,NORMAL,NONE,TRAIN,True,MIXED,ACTIVE,2026-01-19,2026-05-22
0.339,CONFIRMED,SUPPORTING,0.985,NORMAL,NONE,TEST,True,AMBIGUOUS,ACTIVE,2026-03-25,2026-06-16
0.344,CONFIRMED,SUPPORTING,0.907,NORMAL,NONE,TRAIN,True,CRIMINAL,ACTIVE,2026-04-05,2026-08-19
0.557,UNKNOWN,NEUTRAL,0.366,NORMAL,TEMPORAL_ANOMALY,TRAIN,True,MIXED,ACTIVE,2026-03-18,2026-09-15
0.149,CONFIRMED,SUPPORTING,0.922,NORMAL,NONE,TRAIN,True,MIXED,ACTIVE,2025-10-06,2026-02-23
0.492,CONFIRMED,SUPPORTING,0.877,NORMAL,NONE,TRAIN,True,CRIMINAL,ACTIVE,2026-05-02,2026-07-16
0.126,UNKNOWN,NEUTRAL,0.477,NORMAL,NONE,TRAIN,True,MIXED,ACTIVE,2026-03-28,2026-07-30
0.263,SUSPECTED,SUPPORTING,0.642,NORMAL,NONE,TRAIN,True,CRIMINAL,ACTIVE,2025-12-14,2026-04-15
0.132,FALSE,CONTRADICTING,0.235,NORMAL,NONE,TRAIN,True,LEGITIMATE,ACTIVE,2026-07-14,2026-10-23
0.126,FALSE,CONTRADICTING,0.387,NORMAL,NONE,TRAIN,True,CRIMINAL,ACTIVE,2026-03-03,2026-08-15
0.257,FALSE,CONTRADICTING,0.316,NORMAL,NONE,TRAIN,True,LEGITIMATE,ACTIVE,2026-05-27,2026-10-03
0.797,CONFIRMED,SUPPORTING,0.929,NORMAL,NONE,TEST,True,AMBIGUOUS,ACTIVE,2026-03-13,2026-05-05
0.529,SUSPECTED,SUPPORTING,0.664,NORMAL,COLLECTIVE_ANOMALY,TEST,True,AMBIGUOUS,ACTIVE,2026-04-21,2026-09-16
0.72,SUSPECTED,SUPPORTING,0.74,NORMAL,RELATIONAL_ANOMALY,TRAIN,True,CRIMINAL,ACTIVE,2025-12-07,2026-03-21
0.342,UNKNOWN,NEUTRAL,0.452,NORMAL,NONE,VALIDATION,True,LEGITIMATE,ACTIVE,2026-04-28,2026-07-06
0.536,UNKNOWN,NEUTRAL,0.265,SHARED_DEVICE,RELATIONAL_ANOMALY,TRAIN,True,MIXED,ACTIVE,2025-12-27,2026-04-22
0.135,UNKNOWN,NEUTRAL,0.52,NORMAL,NONE,TEST,True,AMBIGUOUS,ACTIVE,2026-06-30,2026-09-20
0.565,CONFIRMED,SUPPORTING,0.973,NORMAL,NONE,TRAIN,True,CRIMINAL,ACTIVE,2026-07-09,2026-09-22
0.643,SUSPECTED,SUPPORTING,0.7,NORMAL,NONE,TRAIN,True,CRIMINAL,ACTIVE,2026-04-05,2026-10-13
0.54,FALSE,CONTRADICTING,0.149,NORMAL,NONE,TRAIN,True,LEGITIMATE,ACTIVE,2026-05-26,2026-10-07
0.443,UNKNOWN,NEUTRAL,0.295,NORMAL,NONE,TRAIN,True,MIXED,ACTIVE,2026-01-11,2026-03-31
0.514,CONFIRMED,SUPPORTING,0.91,NORMAL,TEMPORAL_ANOMALY,VALIDATION,True,LEGITIMATE,ACTIVE,2026-01-25,2026-06-27
0.171,UNKNOWN,NEUTRAL,0.34,NORMAL,NONE,TRAIN,True,CRIMINAL,ACTIVE,2026-01-03,2026-02-26
0.507,SUSPECTED,SUPPORTING,0.833,NORMAL,NONE,VALIDATION,True,LEGITIMATE,ACTIVE,2025-11-01,2026-02-24
0.437,FALSE,CONTRADICTING,0.361,NORMAL,NONE,VALIDATION,True,LEGITIMATE,ACTIVE,2026-03-18,2026-05-30
0.259,UNKNOWN,NEUTRAL,0.257,NORMAL,NONE,TRAIN,True,MIXED,ACTIVE,2026-06-06,2026-10-22
0.2,SUSPECTED,SUPPORTING,0.677,NORMAL,NONE,TRAIN,True,CRIMINAL,ACTIVE,2026-07-18,2026-10-21
0.137,FALSE,CONTRADICTING,0.404,NORMAL,NONE,TRAIN,True,CRIMINAL,ACTIVE,2026-05-18,2026-06-18
0.73,SUSPECTED,SUPPORTING,0.642,NORMAL,CONTEXTUAL_ANOMALY,TEST,True,AMBIGUOUS,ACTIVE,2026-01-22,2026-05-08
0.576,SUSPECTED,SUPPORTING,0.622,NORMAL,NONE,TRAIN,True,CRIMINAL,ACTIVE,2026-02-15,2026-07-21
0.78,FALSE,CONTRADICTING,0.381,NORMAL,NONE,TRAIN,True,MIXED,ACTIVE,2026-03-26,2026-09-08
0.633,SUSPECTED,SUPPORTING,0.783,NORMAL,NONE,VALIDATION,True,LEGITIMATE,ACTIVE,2026-04-27,2026-10-23
0.396,SUSPECTED,SUPPORTING,0.652,NORMAL,NONE,TEST,True,AMBIGUOUS,ACTIVE,2026-03-27,2026-07-26
0.357,CONFIRMED,SUPPORTING,0.853,NORMAL,NONE,TEST,True,AMBIGUOUS,ACTIVE,2026-03-26,2026-10-04
0.232,SUSPECTED,SUPPORTING,0.617,NORMAL,RELATIONAL_ANOMALY,TEST,True,AMBIGUOUS,ACTIVE,2026-01-25,2026-05-29
0.094,CONFIRMED,SUPPORTING,0.973,NORMAL,NONE,TRAIN,True,CRIMINAL,ACTIVE,2026-04-06,2026-08-29
0.71,SUSPECTED,SUPPORTING,0.603,NORMAL,NONE,TRAIN,True,CRIMINAL,ACTIVE,2026-05-11,2026-10-08
0.274,FALSE,CONTRADICTING,0.144,NORMAL,NONE,TRAIN,True,MIXED,ACTIVE,2026-02-04,2026-03-31
0.283,CONFIRMED,SUPPORTING,0.943,NORMAL,NONE,TRAIN,True,CRIMINAL,ACTIVE,2026-04-07,2026-09-16
0.386,FALSE,CONTRADICTING,0.304,NORMAL,NONE,VALIDATION,True,LEGITIMATE,ACTIVE,2026-04-28,2026-08-09
0.219,CONFIRMED,SUPPORTING,0.844,NORMAL,NONE,TEST,True,AMBIGUOUS,ACTIVE,2026-01-31,2026-06-13
0.238,UNKNOWN,NEUTRAL,0.421,NORMAL,NONE,TEST,True,AMBIGUOUS,ACTIVE,2026-04-07,2026-06-19
0.428,FALSE,CONTRADICTING,0.138,NORMAL,NONE,TRAIN,True,CRIMINAL,ACTIVE,2026-02-03,2026-07-09
0.345,SUSPECTED,SUPPORTING,0.657,NORMAL,NONE,TRAIN,True,CRIMINAL,ACTIVE,2025-12-20,2026-04-04
0.178,FALSE,CONTRADICTING,0.275,NORMAL,TEMPORAL_ANOMALY,TRAIN,True,MIXED,ACTIVE,2026-08-03,2026-10-12
0.244,SUSPECTED,SUPPORTING,0.683,NORMAL,NONE,TRAIN,True,CRIMINAL,ACTIVE,2025-11-04,2026-03-11
0.28,UNKNOWN,NEUTRAL,0.37,NORMAL,CONTEXTUAL_ANOMALY,TRAIN,True,MIXED,ACTIVE,2025-12-05,2026-03-19
0.582,SUSPECTED,SUPPORTING,0.7,NORMAL,NONE,TRAIN,True,MIXED,ACTIVE,2025-12-26,2026-04-05
0.246,FALSE,CONTRADICTING,0.199,NORMAL,NONE,TRAIN,True,LEGITIMATE,ACTIVE,2026-01-03,2026-04-28
0.659,FALSE,CONTRADICTING,0.37,NORMAL,NONE,TRAIN,True,MIXED,ACTIVE,2025-12-16,2026-05-06
0.583,CONFIRMED,SUPPORTING,0.878,NORMAL,COLLECTIVE_ANOMALY,TRAIN,True,CRIMINAL,ACTIVE,2026-02-11,2026-07-11
0.559,SUSPECTED,SUPPORTING,0.703,NORMAL,NONE,TRAIN,True,CRIMINAL,ACTIVE,2025-11-01,2026-03-10
0.619,UNKNOWN,NEUTRAL,0.431,NORMAL,NONE,TRAIN,True,LEGITIMATE,ACTIVE,2025-10-11,2026-03-30
0.791,CONFIRMED,SUPPORTING,0.868,NORMAL,NONE,TRAIN,True,CRIMINAL,ACTIVE,2026-02-09,2026-04-03
0.298,CONFIRMED,SUPPORTING,0.84,NORMAL,NONE,TRAIN,True,CRIMINAL,ACTIVE,2025-10-24,2026-04-08
0.495,CONFIRMED,SUPPORTING,0.892,NORMAL,NONE,VALIDATION,True,LEGITIMATE,ACTIVE,2025-11-16,2026-02-15
0.381,CONFIRMED,SUPPORTING,0.868,NORMAL,NONE,VALIDATION,True,LEGITIMATE,ACTIVE,2026-03-18,2026-05-19
0.614,UNKNOWN,NEUTRAL,0.29,NORMAL,CONTEXTUAL_ANOMALY,TRAIN,True,CRIMINAL,ACTIVE,2026-01-09,2026-04-11
0.698,CONFIRMED,SUPPORTING,0.98,NORMAL,NONE,TRAIN,True,CRIMINAL,ACTIVE,2025-12-24,2026-05-26
0.29,UNKNOWN,NEUTRAL,0.544,NORMAL,NONE,VALIDATION,True,LEGITIMATE,ACTIVE,2026-02-18,2026-05-10
0.756,SUSPECTED,SUPPORTING,0.624,NORMAL,TEMPORAL_ANOMALY,TRAIN,True,CRIMINAL,ACTIVE,2026-04-21,2026-09-20
0.68,SUSPECTED,SUPPORTING,0.686,NORMAL,NONE,TRAIN,True,CRIMINAL,ACTIVE,2026-05-15,2026-07-14
0.555,UNKNOWN,NEUTRAL,0.438,NORMAL,NONE,TRAIN,True,CRIMINAL,ACTIVE,2025-11-27,2026-02-23
0.49,SUSPECTED,SUPPORTING,0.623,NORMAL,NONE,TRAIN,True,CRIMINAL,ACTIVE,2026-06-29,2026-08-27
0.477,SUSPECTED,SUPPORTING,0.832,NORMAL,NONE,TEST,True,AMBIGUOUS,ACTIVE,2026-02-02,2026-07-16
0.368,CONFIRMED,SUPPORTING,0.901,NORMAL,NONE,TRAIN,True,CRIMINAL,ACTIVE,2026-02-16,2026-07-04
0.134,SUSPECTED,SUPPORTING,0.789,NORMAL,NONE,TRAIN,True,CRIMINAL,ACTIVE,2025-11-18,2026-05-21
0.233,SUSPECTED,SUPPORTING,0.671,NORMAL,POINT_ANOMALY,TRAIN,True,CRIMINAL,ACTIVE,2026-02-08,2026-03-25
0.59,CONFIRMED,SUPPORTING,0.967,NORMAL,TEMPORAL_ANOMALY,TRAIN,True,MIXED,ACTIVE,2026-06-17,2026-10-31
0.727,CONFIRMED,SUPPORTING,0.943,NORMAL,NONE,TEST,True,AMBIGUOUS,ACTIVE,2025-10-06,2026-03-08
0.519,UNKNOWN,NEUTRAL,0.282,NORMAL,NONE,TRAIN,True,MIXED,ACTIVE,2026-04-03,2026-09-15
0.761,UNKNOWN,NEUTRAL,0.446,NORMAL,CONTEXTUAL_ANOMALY,TRAIN,True,CRIMINAL,ACTIVE,2026-07-12,2026-09-14
0.352,SUSPECTED,SUPPORTING,0.768,NORMAL,NONE,TRAIN,True,CRIMINAL,ACTIVE,2025-11-18,2026-03-27
0.127,CONFIRMED,SUPPORTING,0.963,NORMAL,NONE,TRAIN,True,CRIMINAL,ACTIVE,2026-05-14,2026-07-22
0.155,CONFIRMED,SUPPORTING,0.84,STALE_DEVICE,NONE,TRAIN,True,MIXED,ACTIVE,2026-05-19,2026-06-22
0.368,SUSPECTED,SUPPORTING,0.741,NORMAL,NONE,TRAIN,True,CRIMINAL,ACTIVE,2025-09-28,2026-01-26
0.043,SUSPECTED,SUPPORTING,0.846,NORMAL,NONE,TRAIN,True,CRIMINAL,ACTIVE,2026-05-18,2026-10-13
0.551,UNKNOWN,NEUTRAL,0.244,NORMAL,NONE,VALIDATION,True,LEGITIMATE,ACTIVE,2026-03-25,2026-08-19
0.504,SUSPECTED,SUPPORTING,0.666,NORMAL,NONE,TRAIN,True,CRIMINAL,ACTIVE,2026-01-09,2026-06-16
0.889,CONFIRMED,SUPPORTING,0.918,NORMAL,NONE,TRAIN,True,CRIMINAL,ACTIVE,2026-03-20,2026-10-13
0.517,UNKNOWN,NEUTRAL,0.389,DUPLICATE,CONTEXTUAL_ANOMALY,TRAIN,True,MIXED,ACTIVE,2026-05-19,2026-09-06
0.35,CONFIRMED,SUPPORTING,0.953,NORMAL,NONE,TRAIN,True,CRIMINAL,ACTIVE,2026-02-20,2026-07-11
0.323,SUSPECTED,SUPPORTING,0.626,NORMAL,RELATIONAL_ANOMALY,TRAIN,True,CRIMINAL,ACTIVE,2026-06-25,2026-09-10
0.188,CONFIRMED,SUPPORTING,0.948,STALE_DEVICE,NONE,TRAIN,True,CRIMINAL,ACTIVE,2026-03-22,2026-05-21
0.546,SUSPECTED,SUPPORTING,0.626,NORMAL,CONTEXTUAL_ANOMALY,TRAIN,True,CRIMINAL,ACTIVE,2026-06-06,2026-09-06
0.301,UNKNOWN,NEUTRAL,0.44,NORMAL,NONE,TRAIN,True,CRIMINAL,ACTIVE,2026-05-14,2026-09-24
0.504,CONFIRMED,SUPPORTING,0.857,NORMAL,NONE,VALIDATION,True,LEGITIMATE,ACTIVE,2026-06-11,2026-09-07
0.473,SUSPECTED,SUPPORTING,0.759,NORMAL,TEMPORAL_ANOMALY,TRAIN,True,CRIMINAL,ACTIVE,2025-11-07,2026-03-15
0.107,SUSPECTED,SUPPORTING,0.587,NORMAL,NONE,VALIDATION,True,LEGITIMATE,ACTIVE,2026-06-01,2026-09-06
0.632,CONFIRMED,SUPPORTING,0.847,NORMAL,CONTEXTUAL_ANOMALY,TRAIN,True,CRIMINAL,ACTIVE,2026-05-08,2026-08-15
0.442,SUSPECTED,SUPPORTING,0.789,NORMAL,NONE,TRAIN,True,MIXED,ACTIVE,2025-09-28,2026-02-22
0.28,FALSE,CONTRADICTING,0.39,NORMAL,NONE,VALIDATION,True,LEGITIMATE,ACTIVE,2026-04-13,2026-06-07
0.447,CONFIRMED,SUPPORTING,0.835,NORMAL,NONE,TRAIN,True,CRIMINAL,ACTIVE,2026-03-07,2026-05-13
0.403,CONFIRMED,SUPPORTING,0.944,NORMAL,NONE,TRAIN,True,CRIMINAL,ACTIVE,2026-05-01,2026-10-12
0.414,FALSE,CONTRADICTING,0.132,NORMAL,NONE,TRAIN,True,MIXED,ACTIVE,2025-11-06,2026-03-09
0.387,SUSPECTED,SUPPORTING,0.664,NORMAL,NONE,TEST,True,AMBIGUOUS,ACTIVE,2026-03-08,2026-08-25
0.616,SUSPECTED,SUPPORTING,0.667,RECYCLED_SIM,CONTEXTUAL_ANOMALY,TRAIN,True,CRIMINAL,ACTIVE,2025-12-12,2026-03-26
0.279,FALSE,CONTRADICTING,0.322,NORMAL,NONE,TRAIN,True,CRIMINAL,ACTIVE,2025-10-28,2026-04-08
0.298,UNKNOWN,NEUTRAL,0.304,NORMAL,NONE,TEST,True,AMBIGUOUS,ACTIVE,2026-01-16,2026-05-19
0.212,CONFIRMED,SUPPORTING,0.981,NORMAL,NONE,TRAIN,True,CRIMINAL,ACTIVE,2026-03-24,2026-08-08
0.384,CONFIRMED,SUPPORTING,0.823,NORMAL,POINT_ANOMALY,TEST,True,AMBIGUOUS,ACTIVE,2026-07-20,2026-10-01
0.338,SUSPECTED,SUPPORTING,0.61,NORMAL,NONE,TRAIN,True,CRIMINAL,ACTIVE,2025-12-29,2026-05-31
0.417,SUSPECTED,SUPPORTING,0.751,NORMAL,NONE,TRAIN,True,CRIMINAL,ACTIVE,2026-03-30,2026-05-15
0.288,SUSPECTED,SUPPORTING,0.831,NORMAL,NONE,TRAIN,True,CRIMINAL,ACTIVE,2025-11-01,2026-03-13
0.759,SUSPECTED,SUPPORTING,0.801,NORMAL,COLLECTIVE_ANOMALY,TRAIN,True,MIXED,ACTIVE,2026-06-01,2026-08-30
0.623,FALSE,CONTRADICTING,0.344,NORMAL,NONE,TRAIN,True,MIXED,ACTIVE,2025-12-11,2026-02-18
0.392,FALSE,CONTRADICTING,0.121,NORMAL,NONE,VALIDATION,True,LEGITIMATE,ACTIVE,2026-05-09,2026-09-10
0.272,CONFIRMED,SUPPORTING,0.979,NORMAL,NONE,TRAIN,True,CRIMINAL,ACTIVE,2026-01-08,2026-07-14
0.386,CONFIRMED,SUPPORTING,0.986,NORMAL,NONE,TRAIN,True,CRIMINAL,ACTIVE,2025-09-14,2026-01-29
0.418,UNKNOWN,NEUTRAL,0.239,NORMAL,NONE,TEST,True,AMBIGUOUS,ACTIVE,2025-11-30,2026-04-30
0.335,CONFIRMED,SUPPORTING,0.824,NORMAL,COLLECTIVE_ANOMALY,VALIDATION,True,LEGITIMATE,ACTIVE,2025-11-25,2026-02-18
0.751,SUSPECTED,SUPPORTING,0.8,NORMAL,NONE,TEST,True,AMBIGUOUS,ACTIVE,2026-01-04,2026-04-10
0.685,UNKNOWN,NEUTRAL,0.448,NORMAL,NONE,TRAIN,True,CRIMINAL,ACTIVE,2026-04-26,2026-08-07
0.495,CONFIRMED,SUPPORTING,0.854,NORMAL,COLLECTIVE_ANOMALY,TRAIN,True,CRIMINAL,ACTIVE,2026-03-06,2026-05-17
0.239,SUSPECTED,SUPPORTING,0.824,NORMAL,NONE,TRAIN,True,MIXED,ACTIVE,2025-10-26,2026-03-16
0.432,FALSE,CONTRADICTING,0.227,NORMAL,NONE,TRAIN,True,CRIMINAL,ACTIVE,2026-01-02,2026-03-03
0.336,SUSPECTED,SUPPORTING,0.791,NORMAL,CONTEXTUAL_ANOMALY,TRAIN,True,CRIMINAL,ACTIVE,2026-05-22,2026-10-05
0.736,CONFIRMED,SUPPORTING,0.903,NORMAL,NONE,VALIDATION,True,LEGITIMATE,ACTIVE,2026-04-26,2026-07-07
0.24,SUSPECTED,SUPPORTING,0.635,NORMAL,NONE,TRAIN,True,CRIMINAL,ACTIVE,2025-11-13,2026-03-12
0.329,FALSE,CONTRADICTING,0.351,NORMAL,CONTEXTUAL_ANOMALY,VALIDATION,True,LEGITIMATE,ACTIVE,2026-01-09,2026-05-26
0.773,UNKNOWN,NEUTRAL,0.228,NORMAL,NONE,TRAIN,True,LEGITIMATE,ACTIVE,2026-01-24,2026-05-24
0.355,CONFIRMED,SUPPORTING,0.961,NORMAL,NONE,TRAIN,True,MIXED,ACTIVE,2026-04-30,2026-10-10
0.347,FALSE,CONTRADICTING,0.365,NORMAL,COLLECTIVE_ANOMALY,TRAIN,True,MIXED,ACTIVE,2026-01-29,2026-06-23
0.578,CONFIRMED,SUPPORTING,0.947,NORMAL,COLLECTIVE_ANOMALY,TRAIN,True,MIXED,ACTIVE,2026-08-04,2026-11-05
0.208,SUSPECTED,SUPPORTING,0.75,NORMAL,NONE,TRAIN,True,CRIMINAL,ACTIVE,2026-02-08,2026-05-15
0.536,UNKNOWN,NEUTRAL,0.477,NORMAL,NONE,VALIDATION,True,LEGITIMATE,ACTIVE,2025-09-18,2026-03-07
0.549,CONFIRMED,SUPPORTING,0.847,NORMAL,NONE,TRAIN,True,CRIMINAL,ACTIVE,2025-12-05,2026-05-25
0.271,FALSE,CONTRADICTING,0.135,NORMAL,NONE,TEST,True,AMBIGUOUS,ACTIVE,2026-02-18,2026-03-31
0.277,CONFIRMED,SUPPORTING,0.948,NORMAL,NONE,TEST,True,AMBIGUOUS,ACTIVE,2026-06-21,2026-09-29
0.539,UNKNOWN,NEUTRAL,0.525,NORMAL,NONE,VALIDATION,True,LEGITIMATE,ACTIVE,2026-04-26,2026-10-03
0.193,FALSE,CONTRADICTING,0.254,NORMAL,NONE,TRAIN,True,MIXED,ACTIVE,2026-01-16,2026-05-30
0.221,CONFIRMED,SUPPORTING,0.835,NORMAL,NONE,TRAIN,True,MIXED,ACTIVE,2026-02-27,2026-06-12
0.384,CONFIRMED,SUPPORTING,0.829,NORMAL,NONE,TRAIN,True,MIXED,ACTIVE,2025-10-29,2026-04-08
0.296,FALSE,CONTRADICTING,0.135,NORMAL,TEMPORAL_ANOMALY,TRAIN,True,CRIMINAL,ACTIVE,2026-05-17,2026-07-30
0.734,FALSE,CONTRADICTING,0.382,NORMAL,NONE,VALIDATION,True,LEGITIMATE,ACTIVE,2025-12-27,2026-07-01
0.459,UNKNOWN,NEUTRAL,0.51,NORMAL,NONE,TRAIN,True,LEGITIMATE,ACTIVE,2026-02-21,2026-06-04
0.424,CONFIRMED,SUPPORTING,0.891,NORMAL,NONE,TRAIN,True,CRIMINAL,ACTIVE,2025-11-28,2026-03-11
0.274,SUSPECTED,SUPPORTING,0.676,NORMAL,NONE,TRAIN,True,CRIMINAL,ACTIVE,2026-03-16,2026-07-10
0.627,FALSE,CONTRADICTING,0.418,NORMAL,NONE,TRAIN,True,MIXED,ACTIVE,2026-02-17,2026-05-25
0.167,FALSE,CONTRADICTING,0.198,NORMAL,NONE,VALIDATION,True,LEGITIMATE,ACTIVE,2026-04-20,2026-08-03
0.513,CONFIRMED,SUPPORTING,0.918,NORMAL,NONE,TRAIN,True,CRIMINAL,ACTIVE,2026-05-03,2026-08-16
0.1,CONFIRMED,SUPPORTING,0.955,NORMAL,NONE,TRAIN,True,CRIMINAL,ACTIVE,2025-11-29,2026-02-12
0.606,SUSPECTED,SUPPORTING,0.72,NORMAL,NONE,VALIDATION,True,LEGITIMATE,ACTIVE,2026-01-14,2026-06-21
0.206,UNKNOWN,NEUTRAL,0.503,NORMAL,NONE,TRAIN,True,MIXED,ACTIVE,2026-06-23,2026-08-21
0.767,SUSPECTED,SUPPORTING,0.819,NORMAL,NONE,VALIDATION,True,LEGITIMATE,ACTIVE,2026-01-13,2026-06-03
0.313,SUSPECTED,SUPPORTING,0.681,NORMAL,NONE,TRAIN,True,CRIMINAL,ACTIVE,2026-04-12,2026-08-28
0.379,CONFIRMED,SUPPORTING,0.954,NORMAL,NONE,TRAIN,True,MIXED,ACTIVE,2026-03-07,2026-05-26
0.053,UNKNOWN,NEUTRAL,0.262,NORMAL,NONE,TEST,True,AMBIGUOUS,ACTIVE,2026-04-19,2026-10-16
0.336,SUSPECTED,SUPPORTING,0.638,NORMAL,NONE,TRAIN,True,MIXED,ACTIVE,2026-02-12,2026-07-04
0.498,SUSPECTED,SUPPORTING,0.788,NORMAL,NONE,TRAIN,True,CRIMINAL,ACTIVE,2025-12-26,2026-03-21
0.301,CONFIRMED,SUPPORTING,0.926,NORMAL,CONTEXTUAL_ANOMALY,TRAIN,True,CRIMINAL,ACTIVE,2026-02-24,2026-04-13
0.18,CONFIRMED,SUPPORTING,0.843,NORMAL,NONE,TRAIN,True,MIXED,ACTIVE,2026-04-30,2026-09-28
0.828,SUSPECTED,SUPPORTING,0.738,NORMAL,NONE,TEST,True,AMBIGUOUS,ACTIVE,2025-12-29,2026-06-23
0.731,FALSE,CONTRADICTING,0.27,NORMAL,NONE,TRAIN,True,CRIMINAL,ACTIVE,2026-04-08,2026-09-27
0.185,SUSPECTED,SUPPORTING,0.631,NORMAL,NONE,VALIDATION,True,LEGITIMATE,ACTIVE,2026-02-21,2026-06-25
0.055,SUSPECTED,SUPPORTING,0.764,NORMAL,NONE,TRAIN,True,MIXED,ACTIVE,2025-09-14,2026-01-29
0.191,CONFIRMED,SUPPORTING,0.888,NORMAL,NONE,TRAIN,True,MIXED,ACTIVE,2026-01-18,2026-07-12
0.694,UNKNOWN,NEUTRAL,0.492,NORMAL,CONTEXTUAL_ANOMALY,TRAIN,True,CRIMINAL,ACTIVE,2026-01-15,2026-05-29
0.073,UNKNOWN,NEUTRAL,0.421,NORMAL,NONE,TEST,True,AMBIGUOUS,ACTIVE,2026-07-05,2026-10-14
0.703,UNKNOWN,NEUTRAL,0.422,NORMAL,NONE,TEST,True,AMBIGUOUS,ACTIVE,2025-10-02,2026-03-31
0.739,UNKNOWN,NEUTRAL,0.542,NORMAL,NONE,TRAIN,True,MIXED,ACTIVE,2026-01-17,2026-06-13
0.163,SUSPECTED,SUPPORTING,0.644,NORMAL,NONE,TEST,True,AMBIGUOUS,ACTIVE,2025-10-20,2026-03-26
0.231,CONFIRMED,SUPPORTING,0.851,NORMAL,NONE,VALIDATION,True,LEGITIMATE,ACTIVE,2026-05-07,2026-06-25
0.298,CONFIRMED,SUPPORTING,0.874,RECYCLED_SIM,TEMPORAL_ANOMALY,TRAIN,True,CRIMINAL,ACTIVE,2026-01-18,2026-06-01
0.535,CONFIRMED,SUPPORTING,0.942,NORMAL,POINT_ANOMALY,TRAIN,True,CRIMINAL,ACTIVE,2026-05-23,2026-08-25
0.276,CONFIRMED,SUPPORTING,0.987,NORMAL,TEMPORAL_ANOMALY,VALIDATION,True,LEGITIMATE,ACTIVE,2025-11-17,2026-05-12
0.275,CONFIRMED,SUPPORTING,0.957,NORMAL,NONE,TEST,True,AMBIGUOUS,ACTIVE,2025-11-27,2026-02-02
0.34,UNKNOWN,NEUTRAL,0.333,NORMAL,NONE,TEST,True,AMBIGUOUS,ACTIVE,2025-11-20,2026-04-17
0.508,UNKNOWN,NEUTRAL,0.466,NORMAL,POINT_ANOMALY,VALIDATION,True,LEGITIMATE,ACTIVE,2025-12-25,2026-03-28
0.392,UNKNOWN,NEUTRAL,0.388,RECYCLED_SIM,NONE,TRAIN,True,MIXED,ACTIVE,2026-05-07,2026-08-24
0.414,SUSPECTED,SUPPORTING,0.609,NORMAL,NONE,TRAIN,True,CRIMINAL,ACTIVE,2026-04-04,2026-07-24
0.764,SUSPECTED,SUPPORTING,0.685,NORMAL,NONE,TRAIN,True,MIXED,ACTIVE,2026-02-05,2026-08-04
0.223,UNKNOWN,NEUTRAL,0.488,NORMAL,NONE,TRAIN,True,MIXED,ACTIVE,2026-01-07,2026-06-29
0.51,CONFIRMED,SUPPORTING,0.878,NORMAL,POINT_ANOMALY,TRAIN,True,MIXED,ACTIVE,2026-02-19,2026-06-26
0.516,FALSE,CONTRADICTING,0.3,NORMAL,NONE,VALIDATION,True,LEGITIMATE,ACTIVE,2026-02-17,2026-07-12
0.656,SUSPECTED,SUPPORTING,0.597,NORMAL,NONE,TRAIN,True,CRIMINAL,ACTIVE,2026-05-02,2026-09-04
0.392,UNKNOWN,NEUTRAL,0.467,NORMAL,NONE,TRAIN,True,CRIMINAL,ACTIVE,2026-03-17,2026-08-18
0.517,CONFIRMED,SUPPORTING,0.962,NORMAL,COLLECTIVE_ANOMALY,TRAIN,True,CRIMINAL,ACTIVE,2025-12-14,2026-05-19
0.061,FALSE,CONTRADICTING,0.297,NORMAL,NONE,TEST,True,AMBIGUOUS,ACTIVE,2026-07-27,2026-09-25
0.406,CONFIRMED,SUPPORTING,0.873,NORMAL,NONE,TRAIN,True,MIXED,ACTIVE,2026-05-10,2026-08-21
0.493,UNKNOWN,NEUTRAL,0.415,STALE_DEVICE,NONE,TRAIN,True,MIXED,ACTIVE,2026-08-02,2026-09-03
0.325,FALSE,CONTRADICTING,0.324,NORMAL,NONE,TRAIN,True,MIXED,ACTIVE,2026-01-08,2026-03-28
0.358,FALSE,CONTRADICTING,0.139,NORMAL,NONE,TRAIN,True,MIXED,ACTIVE,2026-04-28,2026-08-23
0.372,CONFIRMED,SUPPORTING,0.987,NORMAL,NONE,TRAIN,True,CRIMINAL,ACTIVE,2026-07-05,2026-10-17
0.358,UNKNOWN,NEUTRAL,0.489,NORMAL,NONE,VALIDATION,True,LEGITIMATE,ACTIVE,2025-12-07,2026-05-24
0.61,UNKNOWN,NEUTRAL,0.287,NORMAL,NONE,TEST,True,AMBIGUOUS,ACTIVE,2025-12-26,2026-03-23
0.287,SUSPECTED,SUPPORTING,0.695,NORMAL,NONE,VALIDATION,True,LEGITIMATE,ACTIVE,2026-02-08,2026-06-06
0.621,UNKNOWN,NEUTRAL,0.361,NORMAL,TEMPORAL_ANOMALY,VALIDATION,True,LEGITIMATE,ACTIVE,2026-01-29,2026-06-21
0.154,CONFIRMED,SUPPORTING,0.972,NORMAL,NONE,TRAIN,True,CRIMINAL,ACTIVE,2025-11-27,2026-04-26
0.17,CONFIRMED,SUPPORTING,0.933,RECYCLED_SIM,NONE,TRAIN,True,CRIMINAL,ACTIVE,2025-12-31,2026-07-12
0.206,SUSPECTED,SUPPORTING,0.679,NORMAL,NONE,TRAIN,True,MIXED,ACTIVE,2026-06-19,2026-08-13
0.601,CONFIRMED,SUPPORTING,0.983,NORMAL,COLLECTIVE_ANOMALY,TRAIN,True,CRIMINAL,ACTIVE,2025-11-30,2026-03-17
0.447,CONFIRMED,SUPPORTING,0.825,NORMAL,NONE,VALIDATION,True,LEGITIMATE,ACTIVE,2026-06-01,2026-10-04
0.115,SUSPECTED,SUPPORTING,0.655,NORMAL,CONTEXTUAL_ANOMALY,TRAIN,True,CRIMINAL,ACTIVE,2026-03-03,2026-08-01
0.351,FALSE,CONTRADICTING,0.245,NORMAL,NONE,TRAIN,True,CRIMINAL,ACTIVE,2025-11-23,2026-02-18
0.259,CONFIRMED,SUPPORTING,0.837,NORMAL,NONE,TRAIN,True,MIXED,ACTIVE,2025-11-19,2026-05-18
0.085,CONFIRMED,SUPPORTING,0.957,NORMAL,NONE,TRAIN,True,MIXED,ACTIVE,2026-05-04,2026-09-12
0.469,SUSPECTED,SUPPORTING,0.735,NORMAL,POINT_ANOMALY,VALIDATION,True,LEGITIMATE,ACTIVE,2026-03-21,2026-06-28
0.541,CONFIRMED,SUPPORTING,0.881,NORMAL,COLLECTIVE_ANOMALY,TRAIN,True,CRIMINAL,ACTIVE,2026-07-05,2026-11-13
0.181,FALSE,CONTRADICTING,0.32,SHARED_DEVICE,NONE,TRAIN,True,MIXED,ACTIVE,2025-11-17,2026-02-24
0.146,FALSE,CONTRADICTING,0.217,NORMAL,NONE,TEST,True,AMBIGUOUS,ACTIVE,2025-12-18,2026-03-25
0.271,UNKNOWN,NEUTRAL,0.358,NORMAL,NONE,TEST,True,AMBIGUOUS,ACTIVE,2026-03-07,2026-07-16
0.307,SUSPECTED,SUPPORTING,0.73,NORMAL,NONE,TEST,True,AMBIGUOUS,ACTIVE,2026-05-17,2026-08-05
0.416,UNKNOWN,NEUTRAL,0.326,NORMAL,NONE,TEST,True,AMBIGUOUS,ACTIVE,2026-05-15,2026-08-13
0.066,UNKNOWN,NEUTRAL,0.397,NORMAL,NONE,VALIDATION,True,LEGITIMATE,ACTIVE,2025-10-13,2026-04-06
0.067,UNKNOWN,NEUTRAL,0.435,RECYCLED_SIM,NONE,TEST,True,AMBIGUOUS,ACTIVE,2025-11-26,2026-04-22
0.074,FALSE,CONTRADICTING,0.322,NORMAL,NONE,TRAIN,True,CRIMINAL,ACTIVE,2026-04-08,2026-08-21
0.251,CONFIRMED,SUPPORTING,0.83,NORMAL,NONE,TRAIN,True,MIXED,ACTIVE,2026-02-07,2026-06-22
0.666,CONFIRMED,SUPPORTING,0.954,NORMAL,COLLECTIVE_ANOMALY,TRAIN,True,CRIMINAL,ACTIVE,2026-02-22,2026-05-15
0.348,SUSPECTED,SUPPORTING,0.761,NORMAL,NONE,TRAIN,True,MIXED,ACTIVE,2025-12-12,2026-04-25
0.069,CONFIRMED,SUPPORTING,0.869,NORMAL,NONE,TRAIN,True,CRIMINAL,ACTIVE,2026-07-24,2026-10-09
0.436,UNKNOWN,NEUTRAL,0.221,NORMAL,NONE,TRAIN,True,MIXED,ACTIVE,2025-12-22,2026-06-07
0.447,SUSPECTED,SUPPORTING,0.606,NORMAL,NONE,TRAIN,True,CRIMINAL,ACTIVE,2026-06-10,2026-08-11
0.377,CONFIRMED,SUPPORTING,0.919,NORMAL,NONE,TRAIN,True,MIXED,ACTIVE,2026-03-16,2026-06-27
0.364,CONFIRMED,SUPPORTING,0.823,NORMAL,NONE,TRAIN,True,CRIMINAL,ACTIVE,2025-10-05,2026-03-01
0.419,UNKNOWN,NEUTRAL,0.469,NORMAL,NONE,VALIDATION,True,LEGITIMATE,ACTIVE,2025-09-30,2026-01-27
0.578,SUSPECTED,SUPPORTING,0.733,NORMAL,NONE,TRAIN,True,CRIMINAL,ACTIVE,2026-06-27,2026-09-29
0.131,CONFIRMED,SUPPORTING,0.984,NORMAL,NONE,TRAIN,True,CRIMINAL,ACTIVE,2026-05-26,2026-09-17
0.123,SUSPECTED,SUPPORTING,0.632,NORMAL,NONE,TRAIN,True,CRIMINAL,ACTIVE,2026-05-12,2026-08-22
0.448,UNKNOWN,NEUTRAL,0.41,NORMAL,NONE,TRAIN,True,LEGITIMATE,ACTIVE,2025-11-23,2026-05-04
0.414,SUSPECTED,SUPPORTING,0.766,NORMAL,CONTEXTUAL_ANOMALY,TRAIN,True,MIXED,ACTIVE,2026-04-28,2026-09-25
0.813,UNKNOWN,NEUTRAL,0.335,NORMAL,NONE,TRAIN,True,CRIMINAL,ACTIVE,2026-03-03,2026-06-07
0.541,UNKNOWN,NEUTRAL,0.301,NORMAL,NONE,VALIDATION,True,LEGITIMATE,ACTIVE,2026-02-10,2026-07-27
0.806,SUSPECTED,SUPPORTING,0.753,NORMAL,NONE,TRAIN,True,MIXED,ACTIVE,2026-03-04,2026-05-07
0.429,UNKNOWN,NEUTRAL,0.435,NORMAL,NONE,VALIDATION,True,LEGITIMATE,ACTIVE,2025-12-20,2026-06-06
0.252,CONFIRMED,SUPPORTING,0.864,NORMAL,NONE,TRAIN,True,CRIMINAL,ACTIVE,2026-05-10,2026-07-27
0.222,CONFIRMED,SUPPORTING,0.909,NORMAL,NONE,TRAIN,True,CRIMINAL,ACTIVE,2026-04-10,2026-08-16
0.572,FALSE,CONTRADICTING,0.367,NORMAL,NONE,TRAIN,True,MIXED,ACTIVE,2026-04-24,2026-07-30
0.52,UNKNOWN,NEUTRAL,0.454,NORMAL,NONE,TRAIN,True,MIXED,ACTIVE,2026-04-23,2026-07-12
0.662,FALSE,CONTRADICTING,0.267,NORMAL,NONE,VALIDATION,True,LEGITIMATE,ACTIVE,2025-10-08,2026-03-20
0.364,CONFIRMED,SUPPORTING,0.834,NORMAL,NONE,TRAIN,True,MIXED,ACTIVE,2026-03-10,2026-08-01
0.228,CONFIRMED,SUPPORTING,0.866,NORMAL,NONE,TRAIN,True,CRIMINAL,ACTIVE,2026-06-27,2026-08-03
0.462,SUSPECTED,SUPPORTING,0.754,NORMAL,NONE,TEST,True,AMBIGUOUS,ACTIVE,2026-01-13,2026-03-05
0.245,FALSE,CONTRADICTING,0.369,NORMAL,NONE,TRAIN,True,MIXED,ACTIVE,2026-03-08,2026-07-22
0.014,UNKNOWN,NEUTRAL,0.388,NORMAL,NONE,VALIDATION,True,LEGITIMATE,ACTIVE,2026-04-26,2026-09-28
0.847,UNKNOWN,NEUTRAL,0.339,NORMAL,NONE,VALIDATION,True,LEGITIMATE,ACTIVE,2026-06-05,2026-10-04
0.374,CONFIRMED,SUPPORTING,0.827,NORMAL,NONE,VALIDATION,True,LEGITIMATE,ACTIVE,2026-04-01,2026-06-13
0.482,FALSE,CONTRADICTING,0.169,NORMAL,NONE,TEST,True,AMBIGUOUS,ACTIVE,2025-12-07,2026-04-02
0.278,SUSPECTED,SUPPORTING,0.693,NORMAL,NONE,TRAIN,True,CRIMINAL,ACTIVE,2025-10-07,2026-02-19
0.484,CONFIRMED,SUPPORTING,0.847,NORMAL,POINT_ANOMALY,VALIDATION,True,LEGITIMATE,ACTIVE,2025-09-20,2026-03-27
0.667,CONFIRMED,SUPPORTING,0.822,NORMAL,NONE,TRAIN,True,MIXED,ACTIVE,2026-02-27,2026-06-07
0.619,CONFIRMED,SUPPORTING,0.93,NORMAL,POINT_ANOMALY,TRAIN,True,CRIMINAL,ACTIVE,2026-06-26,2026-11-02
0.569,UNKNOWN,NEUTRAL,0.341,NORMAL,NONE,TRAIN,True,CRIMINAL,ACTIVE,2026-01-12,2026-04-18
0.268,SUSPECTED,SUPPORTING,0.72,NORMAL,NONE,TRAIN,True,CRIMINAL,ACTIVE,2025-11-28,2026-03-18
0.757,UNKNOWN,NEUTRAL,0.327,NORMAL,NONE,TEST,True,AMBIGUOUS,ACTIVE,2026-03-09,2026-06-10
0.664,UNKNOWN,NEUTRAL,0.516,NORMAL,RELATIONAL_ANOMALY,TRAIN,True,CRIMINAL,ACTIVE,2025-10-15,2026-02-06
0.805,SUSPECTED,SUPPORTING,0.6,NORMAL,NONE,TRAIN,True,CRIMINAL,ACTIVE,2026-02-10,2026-07-12
0.077,UNKNOWN,NEUTRAL,0.441,NORMAL,NONE,TRAIN,True,CRIMINAL,ACTIVE,2025-10-22,2026-02-24
0.536,SUSPECTED,SUPPORTING,0.799,NORMAL,NONE,TEST,True,AMBIGUOUS,ACTIVE,2026-04-11,2026-08-16
0.272,CONFIRMED,SUPPORTING,0.986,NORMAL,CONTEXTUAL_ANOMALY,VALIDATION,True,LEGITIMATE,ACTIVE,2025-10-18,2026-02-14
0.438,CONFIRMED,SUPPORTING,0.919,NORMAL,TEMPORAL_ANOMALY,TEST,True,AMBIGUOUS,ACTIVE,2025-10-26,2026-04-04
0.301,UNKNOWN,NEUTRAL,0.201,NORMAL,NONE,TRAIN,True,CRIMINAL,ACTIVE,2026-03-12,2026-05-04
0.575,FALSE,CONTRADICTING,0.169,NORMAL,NONE,TRAIN,True,CRIMINAL,ACTIVE,2026-03-16,2026-06-27
0.277,SUSPECTED,SUPPORTING,0.634,NORMAL,NONE,TRAIN,True,MIXED,ACTIVE,2026-04-23,2026-09-23
0.083,FALSE,CONTRADICTING,0.322,NORMAL,RELATIONAL_ANOMALY,TRAIN,True,CRIMINAL,ACTIVE,2025-12-18,2026-04-07
0.429,CONFIRMED,SUPPORTING,0.842,NORMAL,RELATIONAL_ANOMALY,TRAIN,True,CRIMINAL,ACTIVE,2026-02-25,2026-08-06
0.646,UNKNOWN,NEUTRAL,0.455,NORMAL,NONE,TRAIN,True,MIXED,ACTIVE,2025-12-07,2026-03-18
0.225,CONFIRMED,SUPPORTING,0.961,NORMAL,NONE,TRAIN,True,MIXED,ACTIVE,2026-07-19,2026-10-24
0.654,CONFIRMED,SUPPORTING,0.909,NORMAL,NONE,TRAIN,True,CRIMINAL,ACTIVE,2025-10-23,2026-04-05
0.114,FALSE,CONTRADICTING,0.17,NORMAL,NONE,TRAIN,True,LEGITIMATE,ACTIVE,2026-01-21,2026-06-01
0.1,SUSPECTED,SUPPORTING,0.769,NORMAL,POINT_ANOMALY,TRAIN,True,CRIMINAL,ACTIVE,2025-09-13,2026-04-10
0.201,CONFIRMED,SUPPORTING,0.883,NORMAL,NONE,TRAIN,True,CRIMINAL,ACTIVE,2026-03-25,2026-06-05
0.274,CONFIRMED,SUPPORTING,0.988,NORMAL,RELATIONAL_ANOMALY,TRAIN,True,CRIMINAL,ACTIVE,2026-05-31,2026-06-24
0.059,CONFIRMED,SUPPORTING,0.833,NORMAL,RELATIONAL_ANOMALY,TRAIN,True,CRIMINAL,ACTIVE,2025-12-13,2026-03-26
0.739,CONFIRMED,SUPPORTING,0.912,NORMAL,NONE,TRAIN,True,MIXED,ACTIVE,2025-12-26,2026-04-27
0.479,CONFIRMED,SUPPORTING,0.851,NORMAL,NONE,TRAIN,True,MIXED,ACTIVE,2026-06-17,2026-08-27
0.182,UNKNOWN,NEUTRAL,0.228,DUPLICATE,NONE,TEST,True,AMBIGUOUS,ACTIVE,2026-04-11,2026-07-08
0.26,UNKNOWN,NEUTRAL,0.251,NORMAL,NONE,TEST,True,AMBIGUOUS,ACTIVE,2026-01-19,2026-07-22
0.4,UNKNOWN,NEUTRAL,0.448,NORMAL,NONE,TEST,True,AMBIGUOUS,ACTIVE,2026-04-16,2026-09-11
0.514,CONFIRMED,SUPPORTING,0.975,NORMAL,COLLECTIVE_ANOMALY,TRAIN,True,CRIMINAL,ACTIVE,2026-01-21,2026-04-15
0.284,SUSPECTED,SUPPORTING,0.747,NORMAL,NONE,TRAIN,True,CRIMINAL,ACTIVE,2026-03-07,2026-08-01
0.536,UNKNOWN,NEUTRAL,0.2,NORMAL,NONE,VALIDATION,True,LEGITIMATE,ACTIVE,2026-06-10,2026-08-07
0.581,SUSPECTED,SUPPORTING,0.841,NORMAL,NONE,TEST,True,AMBIGUOUS,ACTIVE,2026-01-15,2026-02-25
0.576,SUSPECTED,SUPPORTING,0.8,NORMAL,POINT_ANOMALY,TRAIN,True,LEGITIMATE,ACTIVE,2026-01-22,2026-03-03
0.138,CONFIRMED,SUPPORTING,0.913,NORMAL,NONE,TRAIN,True,MIXED,ACTIVE,2026-05-17,2026-08-12
0.37,FALSE,CONTRADICTING,0.339,NORMAL,NONE,TEST,True,AMBIGUOUS,ACTIVE,2025-12-20,2026-06-18
0.341,CONFIRMED,SUPPORTING,0.824,NORMAL,NONE,VALIDATION,True,LEGITIMATE,ACTIVE,2026-02-11,2026-04-29
0.449,SUSPECTED,SUPPORTING,0.803,NORMAL,NONE,TEST,True,AMBIGUOUS,ACTIVE,2026-05-02,2026-08-21
0.1,CONFIRMED,SUPPORTING,0.953,NORMAL,POINT_ANOMALY,TRAIN,True,CRIMINAL,ACTIVE,2026-03-24,2026-09-20
0.628,UNKNOWN,NEUTRAL,0.488,NORMAL,NONE,TRAIN,True,CRIMINAL,ACTIVE,2026-04-21,2026-09-26
0.282,UNKNOWN,NEUTRAL,0.41,NORMAL,NONE,TRAIN,True,CRIMINAL,ACTIVE,2026-01-03,2026-04-23
0.307,UNKNOWN,NEUTRAL,0.304,NORMAL,NONE,TRAIN,True,CRIMINAL,ACTIVE,2026-03-23,2026-06-16
0.325,SUSPECTED,SUPPORTING,0.809,NORMAL,NONE,TRAIN,True,CRIMINAL,ACTIVE,2026-04-30,2026-06-26
0.217,UNKNOWN,NEUTRAL,0.359,NORMAL,NONE,TEST,True,AMBIGUOUS,ACTIVE,2026-04-17,2026-08-16
0.764,FALSE,CONTRADICTING,0.131,NORMAL,NONE,TRAIN,True,CRIMINAL,ACTIVE,2026-03-03,2026-06-13
0.642,CONFIRMED,SUPPORTING,0.933,NORMAL,NONE,TRAIN,True,CRIMINAL,ACTIVE,2026-03-25,2026-06-04
0.125,CONFIRMED,SUPPORTING,0.89,NORMAL,NONE,TRAIN,True,CRIMINAL,ACTIVE,2025-11-03,2026-04-05
0.656,CONFIRMED,SUPPORTING,0.874,NORMAL,NONE,TRAIN,True,CRIMINAL,ACTIVE,2026-03-27,2026-08-27
0.211,SUSPECTED,SUPPORTING,0.788,STALE_DEVICE,POINT_ANOMALY,TRAIN,True,CRIMINAL,ACTIVE,2026-06-24,2026-09-28
0.566,CONFIRMED,SUPPORTING,0.85,NORMAL,NONE,TRAIN,True,CRIMINAL,ACTIVE,2025-11-23,2026-04-27
0.544,CONFIRMED,SUPPORTING,0.867,NORMAL,NONE,TRAIN,True,MIXED,ACTIVE,2026-06-01,2026-09-08
0.106,CONFIRMED,SUPPORTING,0.882,NORMAL,TEMPORAL_ANOMALY,TEST,True,AMBIGUOUS,ACTIVE,2026-01-26,2026-08-12
0.682,SUSPECTED,SUPPORTING,0.808,NORMAL,NONE,TRAIN,True,CRIMINAL,ACTIVE,2025-11-30,2026-04-08
0.521,CONFIRMED,SUPPORTING,0.925,NORMAL,NONE,TRAIN,True,CRIMINAL,ACTIVE,2026-03-24,2026-09-21
0.232,SUSPECTED,SUPPORTING,0.718,NORMAL,NONE,TEST,True,AMBIGUOUS,ACTIVE,2026-06-12,2026-08-15
0.355,CONFIRMED,SUPPORTING,0.848,NORMAL,NONE,TRAIN,True,CRIMINAL,ACTIVE,2026-03-27,2026-09-03
0.597,CONFIRMED,SUPPORTING,0.956,SHARED_DEVICE,NONE,TRAIN,True,LEGITIMATE,ACTIVE,2026-02-23,2026-05-11
0.271,SUSPECTED,SUPPORTING,0.808,NORMAL,NONE,TEST,True,AMBIGUOUS,ACTIVE,2025-11-16,2026-04-04
0.441,CONFIRMED,SUPPORTING,0.833,NORMAL,CONTEXTUAL_ANOMALY,TEST,True,AMBIGUOUS,ACTIVE,2026-01-08,2026-04-22
0.141,UNKNOWN,NEUTRAL,0.302,NORMAL,NONE,TEST,True,AMBIGUOUS,ACTIVE,2026-05-28,2026-09-26
0.377,FALSE,CONTRADICTING,0.249,NORMAL,NONE,TRAIN,True,MIXED,ACTIVE,2026-03-25,2026-08-16
0.042,SUSPECTED,SUPPORTING,0.604,NORMAL,NONE,TEST,True,AMBIGUOUS,ACTIVE,2025-10-09,2026-02-27
0.681,SUSPECTED,SUPPORTING,0.65,NORMAL,RELATIONAL_ANOMALY,TRAIN,True,MIXED,ACTIVE,2026-01-02,2026-02-04
0.411,UNKNOWN,NEUTRAL,0.476,NORMAL,NONE,VALIDATION,True,LEGITIMATE,ACTIVE,2026-04-19,2026-09-15
0.43,SUSPECTED,SUPPORTING,0.833,NORMAL,COLLECTIVE_ANOMALY,TRAIN,True,CRIMINAL,ACTIVE,2026-01-27,2026-04-19
0.308,SUSPECTED,SUPPORTING,0.719,DUPLICATE,NONE,TRAIN,True,CRIMINAL,ACTIVE,2026-04-01,2026-07-25
0.256,SUSPECTED,SUPPORTING,0.774,NORMAL,NONE,TRAIN,True,CRIMINAL,ACTIVE,2026-01-04,2026-04-02
0.568,UNKNOWN,NEUTRAL,0.349,NORMAL,NONE,TEST,True,AMBIGUOUS,ACTIVE,2026-02-22,2026-08-07
0.294,CONFIRMED,SUPPORTING,0.873,NORMAL,COLLECTIVE_ANOMALY,TRAIN,True,MIXED,ACTIVE,2026-03-03,2026-07-31
0.312,UNKNOWN,NEUTRAL,0.534,NORMAL,NONE,TRAIN,True,CRIMINAL,ACTIVE,2026-03-24,2026-08-09
0.859,FALSE,CONTRADICTING,0.215,NORMAL,NONE,TRAIN,True,MIXED,ACTIVE,2026-05-15,2026-08-29
0.496,SUSPECTED,SUPPORTING,0.807,NORMAL,NONE,TRAIN,True,CRIMINAL,ACTIVE,2026-02-04,2026-04-12
0.528,FALSE,CONTRADICTING,0.39,NORMAL,NONE,TRAIN,True,MIXED,ACTIVE,2025-10-28,2026-04-17
0.315,UNKNOWN,NEUTRAL,0.536,NORMAL,TEMPORAL_ANOMALY,TEST,True,AMBIGUOUS,ACTIVE,2026-01-04,2026-06-04
0.675,FALSE,CONTRADICTING,0.137,NORMAL,NONE,TRAIN,True,MIXED,ACTIVE,2025-12-22,2026-04-08
0.727,UNKNOWN,NEUTRAL,0.524,NORMAL,NONE,TEST,True,AMBIGUOUS,ACTIVE,2026-07-02,2026-11-04
0.318,SUSPECTED,SUPPORTING,0.693,NORMAL,NONE,TRAIN,True,CRIMINAL,ACTIVE,2026-05-29,2026-09-16
0.437,FALSE,CONTRADICTING,0.217,NORMAL,NONE,TRAIN,True,MIXED,ACTIVE,2026-05-15,2026-10-21
0.705,UNKNOWN,NEUTRAL,0.231,NORMAL,CONTEXTUAL_ANOMALY,TRAIN,True,MIXED,ACTIVE,2026-06-19,2026-09-22
0.627,UNKNOWN,NEUTRAL,0.255,NORMAL,TEMPORAL_ANOMALY,TRAIN,True,LEGITIMATE,ACTIVE,2025-12-05,2026-04-27
0.307,CONFIRMED,SUPPORTING,0.826,RECYCLED_SIM,NONE,VALIDATION,True,LEGITIMATE,ACTIVE,2026-02-28,2026-06-14
0.167,CONFIRMED,SUPPORTING,0.951,NORMAL,NONE,TEST,True,AMBIGUOUS,ACTIVE,2026-01-25,2026-05-30
0.431,UNKNOWN,NEUTRAL,0.241,STALE_DEVICE,NONE,TEST,True,AMBIGUOUS,ACTIVE,2026-02-17,2026-05-02
0.514,CONFIRMED,SUPPORTING,0.912,NORMAL,NONE,TRAIN,True,MIXED,ACTIVE,2025-11-28,2026-04-08
0.38,UNKNOWN,NEUTRAL,0.361,NORMAL,NONE,TRAIN,True,CRIMINAL,ACTIVE,2025-11-14,2026-03-28
0.486,SUSPECTED,SUPPORTING,0.592,NORMAL,NONE,TRAIN,True,CRIMINAL,ACTIVE,2026-01-20,2026-04-27
0.902,FALSE,CONTRADICTING,0.29,NORMAL,NONE,VALIDATION,True,LEGITIMATE,ACTIVE,2025-10-23,2026-04-05
0.38,SUSPECTED,SUPPORTING,0.805,NORMAL,NONE,TEST,True,AMBIGUOUS,ACTIVE,2025-12-16,2026-05-15
0.48,FALSE,CONTRADICTING,0.192,SHARED_DEVICE,NONE,TRAIN,True,CRIMINAL,ACTIVE,2026-03-10,2026-05-01
0.606,CONFIRMED,SUPPORTING,0.884,RECYCLED_SIM,CONTEXTUAL_ANOMALY,TRAIN,True,CRIMINAL,ACTIVE,2026-01-03,2026-02-04
0.281,FALSE,CONTRADICTING,0.313,NORMAL,NONE,TEST,True,AMBIGUOUS,ACTIVE,2026-03-26,2026-07-20
0.445,CONFIRMED,SUPPORTING,0.824,NORMAL,NONE,TRAIN,True,CRIMINAL,ACTIVE,2026-05-18,2026-10-30
0.092,CONFIRMED,SUPPORTING,0.971,SHARED_DEVICE,NONE,TEST,True,AMBIGUOUS,ACTIVE,2026-07-04,2026-08-26
0.611,SUSPECTED,SUPPORTING,0.675,SHARED_DEVICE,NONE,TRAIN,True,MIXED,ACTIVE,2025-12-25,2026-04-25
0.578,UNKNOWN,NEUTRAL,0.341,NORMAL,NONE,TRAIN,True,MIXED,ACTIVE,2026-05-22,2026-11-01
0.229,SUSPECTED,SUPPORTING,0.728,NORMAL,NONE,TEST,True,AMBIGUOUS,ACTIVE,2025-10-11,2026-03-02
0.606,SUSPECTED,SUPPORTING,0.802,NORMAL,NONE,TRAIN,True,MIXED,ACTIVE,2026-01-04,2026-06-29
0.458,CONFIRMED,SUPPORTING,0.912,NORMAL,NONE,TRAIN,True,CRIMINAL,ACTIVE,2026-01-21,2026-07-09
0.555,SUSPECTED,SUPPORTING,0.769,NORMAL,NONE,TRAIN,True,CRIMINAL,ACTIVE,2025-10-23,2026-03-28
0.404,CONFIRMED,SUPPORTING,0.889,NORMAL,NONE,TRAIN,True,MIXED,ACTIVE,2026-04-19,2026-07-31
0.65,SUSPECTED,SUPPORTING,0.826,NORMAL,NONE,TRAIN,True,CRIMINAL,ACTIVE,2026-01-20,2026-02-28
0.218,SUSPECTED,SUPPORTING,0.691,NORMAL,NONE,TRAIN,True,MIXED,ACTIVE,2026-04-07,2026-06-21
0.229,UNKNOWN,NEUTRAL,0.377,NORMAL,NONE,TRAIN,True,MIXED,ACTIVE,2026-02-12,2026-05-05
0.339,UNKNOWN,NEUTRAL,0.375,NORMAL,NONE,TRAIN,True,CRIMINAL,ACTIVE,2026-05-06,2026-09-08
0.309,FALSE,CONTRADICTING,0.366,NORMAL,NONE,TRAIN,True,MIXED,ACTIVE,2026-06-06,2026-08-19
0.161,SUSPECTED,SUPPORTING,0.602,NORMAL,NONE,TRAIN,True,CRIMINAL,ACTIVE,2026-03-12,2026-08-03
0.189,FALSE,CONTRADICTING,0.152,NORMAL,CONTEXTUAL_ANOMALY,VALIDATION,True,LEGITIMATE,ACTIVE,2026-05-03,2026-10-15
0.104,FALSE,CONTRADICTING,0.228,NORMAL,CONTEXTUAL_ANOMALY,TRAIN,True,LEGITIMATE,ACTIVE,2026-04-30,2026-10-08
0.333,SUSPECTED,SUPPORTING,0.692,NORMAL,TEMPORAL_ANOMALY,TRAIN,True,CRIMINAL,ACTIVE,2025-12-30,2026-05-28
0.291,FALSE,CONTRADICTING,0.199,NORMAL,NONE,VALIDATION,True,LEGITIMATE,ACTIVE,2026-01-26,2026-05-31
0.762,CONFIRMED,SUPPORTING,0.859,NORMAL,NONE,TRAIN,True,MIXED,ACTIVE,2025-12-02,2026-05-12
0.757,FALSE,CONTRADICTING,0.314,NORMAL,NONE,TRAIN,True,MIXED,ACTIVE,2025-11-27,2026-03-10
0.277,CONFIRMED,SUPPORTING,0.847,NORMAL,NONE,TRAIN,True,CRIMINAL,ACTIVE,2026-01-28,2026-06-16
0.747,CONFIRMED,SUPPORTING,0.82,NORMAL,NONE,TRAIN,True,CRIMINAL,ACTIVE,2026-02-05,2026-06-02
0.122,CONFIRMED,SUPPORTING,0.977,NORMAL,NONE,TRAIN,True,CRIMINAL,ACTIVE,2025-10-15,2026-03-07
0.57,SUSPECTED,SUPPORTING,0.619,NORMAL,TEMPORAL_ANOMALY,TRAIN,True,MIXED,ACTIVE,2026-06-08,2026-09-22
0.451,UNKNOWN,NEUTRAL,0.251,NORMAL,NONE,VALIDATION,True,LEGITIMATE,ACTIVE,2026-07-13,2026-08-24
0.422,FALSE,CONTRADICTING,0.4,NORMAL,NONE,TEST,True,AMBIGUOUS,ACTIVE,2026-04-06,2026-08-24
0.263,UNKNOWN,NEUTRAL,0.322,NORMAL,NONE,TEST,True,AMBIGUOUS,ACTIVE,2025-12-25,2026-05-31
0.396,SUSPECTED,SUPPORTING,0.627,NORMAL,NONE,TRAIN,True,CRIMINAL,ACTIVE,2026-06-12,2026-09-30
0.124,UNKNOWN,NEUTRAL,0.243,NORMAL,NONE,TRAIN,True,CRIMINAL,ACTIVE,2026-02-23,2026-07-12
0.275,SUSPECTED,SUPPORTING,0.786,NORMAL,RELATIONAL_ANOMALY,TRAIN,True,CRIMINAL,ACTIVE,2026-01-12,2026-03-03
0.512,CONFIRMED,SUPPORTING,0.911,NORMAL,RELATIONAL_ANOMALY,TEST,True,AMBIGUOUS,ACTIVE,2026-01-04,2026-06-17
0.23,CONFIRMED,SUPPORTING,0.968,NORMAL,CONTEXTUAL_ANOMALY,TRAIN,True,CRIMINAL,ACTIVE,2026-01-26,2026-05-15
0.498,SUSPECTED,SUPPORTING,0.678,NORMAL,NONE,TRAIN,True,MIXED,ACTIVE,2025-10-25,2026-02-21
0.599,SUSPECTED,SUPPORTING,0.599,NORMAL,NONE,TEST,True,AMBIGUOUS,ACTIVE,2026-04-19,2026-06-25
0.513,UNKNOWN,NEUTRAL,0.207,NORMAL,NONE,VALIDATION,True,LEGITIMATE,ACTIVE,2025-11-28,2026-03-31
0.221,CONFIRMED,SUPPORTING,0.892,STALE_DEVICE,NONE,VALIDATION,True,LEGITIMATE,ACTIVE,2026-04-19,2026-09-02
0.167,SUSPECTED,SUPPORTING,0.797,NORMAL,NONE,TEST,True,AMBIGUOUS,ACTIVE,2026-04-10,2026-09-13
0.186,UNKNOWN,NEUTRAL,0.268,NORMAL,NONE,TRAIN,True,MIXED,ACTIVE,2025-12-12,2026-02-27
0.639,FALSE,CONTRADICTING,0.14,NORMAL,POINT_ANOMALY,TRAIN,True,CRIMINAL,ACTIVE,2025-12-27,2026-03-13
0.53,SUSPECTED,SUPPORTING,0.604,NORMAL,NONE,TRAIN,True,LEGITIMATE,ACTIVE,2026-02-18,2026-07-30
0.359,UNKNOWN,NEUTRAL,0.368,NORMAL,NONE,TRAIN,True,CRIMINAL,ACTIVE,2025-12-22,2026-02-25
0.409,CONFIRMED,SUPPORTING,0.952,NORMAL,CONTEXTUAL_ANOMALY,TRAIN,True,CRIMINAL,ACTIVE,2025-11-09,2026-05-02
0.725,FALSE,CONTRADICTING,0.153,NORMAL,NONE,TEST,True,AMBIGUOUS,ACTIVE,2026-02-20,2026-05-16
0.879,FALSE,CONTRADICTING,0.304,NORMAL,NONE,TRAIN,True,LEGITIMATE,ACTIVE,2026-02-07,2026-03-18
0.497,SUSPECTED,SUPPORTING,0.702,NORMAL,NONE,TRAIN,True,MIXED,ACTIVE,2026-02-09,2026-06-15
0.83,UNKNOWN,NEUTRAL,0.248,NORMAL,COLLECTIVE_ANOMALY,VALIDATION,True,LEGITIMATE,ACTIVE,2026-06-15,2026-09-18
0.47,SUSPECTED,SUPPORTING,0.676,NORMAL,NONE,TRAIN,True,MIXED,ACTIVE,2025-12-12,2026-04-07
0.438,UNKNOWN,NEUTRAL,0.433,NORMAL,NONE,VALIDATION,True,LEGITIMATE,ACTIVE,2026-04-13,2026-08-06
0.621,UNKNOWN,NEUTRAL,0.518,NORMAL,NONE,TRAIN,True,CRIMINAL,ACTIVE,2026-04-01,2026-08-30
0.254,SUSPECTED,SUPPORTING,0.825,NORMAL,POINT_ANOMALY,TRAIN,True,CRIMINAL,ACTIVE,2026-01-16,2026-06-11
0.485,UNKNOWN,NEUTRAL,0.537,NORMAL,NONE,TRAIN,True,LEGITIMATE,ACTIVE,2026-02-08,2026-06-30
0.258,UNKNOWN,NEUTRAL,0.271,NORMAL,NONE,TRAIN,True,MIXED,ACTIVE,2026-04-19,2026-07-03
0.07,UNKNOWN,NEUTRAL,0.487,NORMAL,NONE,TRAIN,True,CRIMINAL,ACTIVE,2026-04-25,2026-09-30
0.585,CONFIRMED,SUPPORTING,0.876,NORMAL,COLLECTIVE_ANOMALY,TRAIN,True,CRIMINAL,ACTIVE,2025-12-13,2026-05-03
0.235,UNKNOWN,NEUTRAL,0.22,NORMAL,NONE,TRAIN,True,CRIMINAL,ACTIVE,2026-05-18,2026-10-28
0.761,UNKNOWN,NEUTRAL,0.465,RECYCLED_SIM,NONE,TEST,True,AMBIGUOUS,ACTIVE,2026-06-21,2026-08-30
0.703,CONFIRMED,SUPPORTING,0.93,NORMAL,NONE,TRAIN,True,MIXED,ACTIVE,2026-05-30,2026-08-02
0.48,SUSPECTED,SUPPORTING,0.74,NORMAL,NONE,TEST,True,AMBIGUOUS,ACTIVE,2025-12-23,2026-06-03
0.575,CONFIRMED,SUPPORTING,0.978,NORMAL,NONE,TRAIN,True,CRIMINAL,ACTIVE,2025-12-27,2026-02-01
0.327,SUSPECTED,SUPPORTING,0.764,NORMAL,NONE,TRAIN,True,MIXED,ACTIVE,2026-05-25,2026-09-15
0.035,UNKNOWN,NEUTRAL,0.392,NORMAL,NONE,TRAIN,True,CRIMINAL,ACTIVE,2026-04-04,2026-09-24
0.217,FALSE,CONTRADICTING,0.146,NORMAL,NONE,TEST,True,AMBIGUOUS,ACTIVE,2026-07-02,2026-07-27
0.333,FALSE,CONTRADICTING,0.167,NORMAL,NONE,VALIDATION,True,LEGITIMATE,ACTIVE,2026-02-02,2026-08-08
0.782,UNKNOWN,NEUTRAL,0.538,NORMAL,NONE,TRAIN,True,MIXED,ACTIVE,2026-05-10,2026-10-19
0.456,UNKNOWN,NEUTRAL,0.375,NORMAL,RELATIONAL_ANOMALY,VALIDATION,True,LEGITIMATE,ACTIVE,2026-02-11,2026-06-03
0.545,UNKNOWN,NEUTRAL,0.201,NORMAL,NONE,VALIDATION,True,LEGITIMATE,ACTIVE,2026-01-01,2026-04-14
0.397,SUSPECTED,SUPPORTING,0.757,NORMAL,NONE,TEST,True,AMBIGUOUS,ACTIVE,2026-04-20,2026-07-23
0.082,FALSE,CONTRADICTING,0.206,NORMAL,NONE,VALIDATION,True,LEGITIMATE,ACTIVE,2025-11-10,2026-04-03
0.65,UNKNOWN,NEUTRAL,0.326,NORMAL,RELATIONAL_ANOMALY,TRAIN,True,CRIMINAL,ACTIVE,2026-02-09,2026-04-16
0.44,UNKNOWN,NEUTRAL,0.224,NORMAL,NONE,TRAIN,True,MIXED,ACTIVE,2025-10-06,2026-03-30
0.134,FALSE,CONTRADICTING,0.173,NORMAL,NONE,TEST,True,AMBIGUOUS,ACTIVE,2025-10-30,2026-03-18
0.662,UNKNOWN,NEUTRAL,0.234,RECYCLED_SIM,NONE,TRAIN,True,CRIMINAL,ACTIVE,2026-01-17,2026-04-12
0.402,CONFIRMED,SUPPORTING,0.853,NORMAL,NONE,TRAIN,True,LEGITIMATE,ACTIVE,2026-04-15,2026-08-24
0.634,CONFIRMED,SUPPORTING,0.909,NORMAL,NONE,TEST,True,AMBIGUOUS,ACTIVE,2026-01-30,2026-05-31
0.275,UNKNOWN,NEUTRAL,0.492,NORMAL,NONE,TRAIN,True,CRIMINAL,ACTIVE,2026-05-01,2026-08-10
0.319,CONFIRMED,SUPPORTING,0.846,NORMAL,NONE,TRAIN,True,MIXED,ACTIVE,2026-01-09,2026-03-05
0.309,UNKNOWN,NEUTRAL,0.306,NORMAL,NONE,VALIDATION,True,LEGITIMATE,ACTIVE,2026-06-21,2026-08-12
0.498,CONFIRMED,SUPPORTING,0.934,DUPLICATE,NONE,TRAIN,True,MIXED,ACTIVE,2025-11-25,2026-03-05
0.437,FALSE,CONTRADICTING,0.38,NORMAL,NONE,TEST,True,AMBIGUOUS,ACTIVE,2026-04-07,2026-10-31
0.336,UNKNOWN,NEUTRAL,0.202,NORMAL,NONE,VALIDATION,True,LEGITIMATE,ACTIVE,2026-03-19,2026-08-17
0.37,FALSE,CONTRADICTING,0.217,NORMAL,NONE,TEST,True,AMBIGUOUS,ACTIVE,2026-05-18,2026-09-06
0.328,UNKNOWN,NEUTRAL,0.402,NORMAL,NONE,TRAIN,True,LEGITIMATE,ACTIVE,2026-01-11,2026-05-16
0.307,CONFIRMED,SUPPORTING,0.929,NORMAL,NONE,TRAIN,True,CRIMINAL,ACTIVE,2026-05-24,2026-09-07
0.544,CONFIRMED,SUPPORTING,0.933,NORMAL,NONE,TRAIN,True,CRIMINAL,ACTIVE,2025-12-22,2026-05-14
0.405,CONFIRMED,SUPPORTING,0.887,NORMAL,NONE,TRAIN,True,MIXED,ACTIVE,2026-04-26,2026-10-13
0.658,UNKNOWN,NEUTRAL,0.259,NORMAL,NONE,TRAIN,True,CRIMINAL,ACTIVE,2026-06-22,2026-08-28
0.915,CONFIRMED,SUPPORTING,0.929,NORMAL,NONE,TRAIN,True,CRIMINAL,ACTIVE,2026-05-10,2026-09-29
0.768,FALSE,CONTRADICTING,0.295,NORMAL,CONTEXTUAL_ANOMALY,TRAIN,True,MIXED,ACTIVE,2026-04-10,2026-06-05
0.798,UNKNOWN,NEUTRAL,0.214,NORMAL,NONE,TRAIN,True,CRIMINAL,ACTIVE,2026-02-11,2026-04-07
0.759,CONFIRMED,SUPPORTING,0.965,NORMAL,NONE,TRAIN,True,MIXED,ACTIVE,2026-01-03,2026-06-25
0.567,UNKNOWN,NEUTRAL,0.355,NORMAL,NONE,TRAIN,True,MIXED,ACTIVE,2026-02-11,2026-05-28
0.684,UNKNOWN,NEUTRAL,0.231,NORMAL,NONE,TRAIN,True,CRIMINAL,ACTIVE,2025-12-09,2026-04-02
0.358,CONFIRMED,SUPPORTING,0.953,NORMAL,NONE,TRAIN,True,MIXED,ACTIVE,2026-07-10,2026-08-31
0.46,UNKNOWN,NEUTRAL,0.451,NORMAL,CONTEXTUAL_ANOMALY,VALIDATION,True,LEGITIMATE,ACTIVE,2025-12-11,2026-03-03
0.38,UNKNOWN,NEUTRAL,0.346,NORMAL,NONE,TRAIN,True,MIXED,ACTIVE,2026-05-26,2026-07-31
0.169,FALSE,CONTRADICTING,0.418,NORMAL,NONE,VALIDATION,True,LEGITIMATE,ACTIVE,2026-05-20,2026-07-25
0.19,SUSPECTED,SUPPORTING,0.816,STALE_DEVICE,NONE,TRAIN,True,CRIMINAL,ACTIVE,2026-03-27,2026-06-10
0.167,SUSPECTED,SUPPORTING,0.808,NORMAL,NONE,TRAIN,True,CRIMINAL,ACTIVE,2026-05-19,2026-08-16
0.784,SUSPECTED,SUPPORTING,0.591,NORMAL,RELATIONAL_ANOMALY,TEST,True,AMBIGUOUS,ACTIVE,2025-10-28,2026-04-17
0.281,SUSPECTED,SUPPORTING,0.597,NORMAL,NONE,TEST,True,AMBIGUOUS,ACTIVE,2025-11-04,2026-04-07
0.284,CONFIRMED,SUPPORTING,0.896,NORMAL,NONE,TRAIN,True,CRIMINAL,ACTIVE,2026-03-08,2026-08-11
0.195,FALSE,CONTRADICTING,0.149,NORMAL,RELATIONAL_ANOMALY,VALIDATION,True,LEGITIMATE,ACTIVE,2025-10-15,2026-02-15
0.596,SUSPECTED,SUPPORTING,0.711,NORMAL,NONE,TRAIN,True,MIXED,ACTIVE,2025-11-05,2026-04-23
0.735,CONFIRMED,SUPPORTING,0.893,NORMAL,NONE,TRAIN,True,MIXED,ACTIVE,2026-03-27,2026-06-14
0.545,UNKNOWN,NEUTRAL,0.221,NORMAL,RELATIONAL_ANOMALY,TRAIN,True,MIXED,ACTIVE,2026-04-07,2026-10-15
0.385,UNKNOWN,NEUTRAL,0.319,NORMAL,NONE,TRAIN,True,MIXED,ACTIVE,2026-06-03,2026-07-22
0.348,UNKNOWN,NEUTRAL,0.482,STALE_DEVICE,NONE,TRAIN,True,CRIMINAL,ACTIVE,2026-05-08,2026-06-21
0.341,FALSE,CONTRADICTING,0.24,NORMAL,CONTEXTUAL_ANOMALY,VALIDATION,True,LEGITIMATE,ACTIVE,2025-12-15,2026-04-15
0.069,FALSE,CONTRADICTING,0.21,NORMAL,NONE,TRAIN,True,CRIMINAL,ACTIVE,2025-11-15,2026-02-10
0.332,SUSPECTED,SUPPORTING,0.627,NORMAL,NONE,TRAIN,True,CRIMINAL,ACTIVE,2026-04-29,2026-10-08
0.229,SUSPECTED,SUPPORTING,0.803,NORMAL,NONE,TRAIN,True,CRIMINAL,ACTIVE,2026-06-16,2026-08-10
0.499,SUSPECTED,SUPPORTING,0.79,NORMAL,NONE,TRAIN,True,CRIMINAL,ACTIVE,2026-01-27,2026-05-01
0.286,SUSPECTED,SUPPORTING,0.682,NORMAL,POINT_ANOMALY,TRAIN,True,LEGITIMATE,ACTIVE,2026-05-16,2026-08-20
0.423,CONFIRMED,SUPPORTING,0.958,NORMAL,NONE,TRAIN,True,MIXED,ACTIVE,2026-05-04,2026-09-01
0.139,FALSE,CONTRADICTING,0.349,RECYCLED_SIM,TEMPORAL_ANOMALY,VALIDATION,True,LEGITIMATE,ACTIVE,2026-03-15,2026-06-08
0.839,SUSPECTED,SUPPORTING,0.727,NORMAL,CONTEXTUAL_ANOMALY,TRAIN,True,MIXED,ACTIVE,2026-05-16,2026-07-20
0.41,SUSPECTED,SUPPORTING,0.74,NORMAL,NONE,TRAIN,True,CRIMINAL,ACTIVE,2025-11-29,2026-05-05
0.61,CONFIRMED,SUPPORTING,0.932,NORMAL,NONE,TRAIN,True,CRIMINAL,ACTIVE,2025-10-10,2026-04-15
0.503,CONFIRMED,SUPPORTING,0.851,NORMAL,NONE,TRAIN,True,CRIMINAL,ACTIVE,2025-12-31,2026-06-07
0.198,UNKNOWN,NEUTRAL,0.475,NORMAL,COLLECTIVE_ANOMALY,TRAIN,True,MIXED,ACTIVE,2026-01-08,2026-04-12
0.338,FALSE,CONTRADICTING,0.154,NORMAL,NONE,VALIDATION,True,LEGITIMATE,ACTIVE,2025-12-16,2026-05-03
0.528,FALSE,CONTRADICTING,0.143,NORMAL,NONE,VALIDATION,True,LEGITIMATE,ACTIVE,2026-04-11,2026-08-13
0.76,UNKNOWN,NEUTRAL,0.38,NORMAL,NONE,TRAIN,True,CRIMINAL,ACTIVE,2026-02-19,2026-08-13
0.222,UNKNOWN,NEUTRAL,0.283,NORMAL,NONE,TRAIN,True,CRIMINAL,ACTIVE,2026-03-22,2026-08-22
0.789,UNKNOWN,NEUTRAL,0.207,NORMAL,NONE,TEST,True,AMBIGUOUS,ACTIVE,2025-11-26,2026-06-10
0.593,UNKNOWN,NEUTRAL,0.519,NORMAL,NONE,TRAIN,True,CRIMINAL,ACTIVE,2025-12-13,2026-05-12
0.365,FALSE,CONTRADICTING,0.249,NORMAL,NONE,TRAIN,True,CRIMINAL,ACTIVE,2026-02-09,2026-08-11
0.274,SUSPECTED,SUPPORTING,0.584,NORMAL,NONE,VALIDATION,True,LEGITIMATE,ACTIVE,2026-04-07,2026-08-09
0.405,SUSPECTED,SUPPORTING,0.836,NORMAL,COLLECTIVE_ANOMALY,TRAIN,True,CRIMINAL,ACTIVE,2025-11-04,2026-05-03
0.114,CONFIRMED,SUPPORTING,0.954,NORMAL,NONE,VALIDATION,True,LEGITIMATE,ACTIVE,2025-11-17,2026-04-07
0.398,UNKNOWN,NEUTRAL,0.517,NORMAL,TEMPORAL_ANOMALY,TRAIN,True,CRIMINAL,ACTIVE,2026-02-06,2026-05-02
0.464,UNKNOWN,NEUTRAL,0.333,NORMAL,NONE,TRAIN,True,CRIMINAL,ACTIVE,2025-10-28,2026-04-22
0.101,CONFIRMED,SUPPORTING,0.874,NORMAL,NONE,TRAIN,True,CRIMINAL,ACTIVE,2025-12-08,2026-02-03
0.317,FALSE,CONTRADICTING,0.27,NORMAL,CONTEXTUAL_ANOMALY,TRAIN,True,MIXED,ACTIVE,2025-12-25,2026-07-10
0.273,CONFIRMED,SUPPORTING,0.95,NORMAL,NONE,TRAIN,True,MIXED,ACTIVE,2025-12-06,2026-04-09
0.755,FALSE,CONTRADICTING,0.393,NORMAL,NONE,TEST,True,AMBIGUOUS,ACTIVE,2026-01-25,2026-04-23
0.644,SUSPECTED,SUPPORTING,0.655,NORMAL,NONE,TRAIN,True,CRIMINAL,ACTIVE,2025-12-06,2026-03-05
0.251,UNKNOWN,NEUTRAL,0.326,NORMAL,NONE,VALIDATION,True,LEGITIMATE,ACTIVE,2025-11-14,2026-04-01
0.208,SUSPECTED,SUPPORTING,0.679,NORMAL,NONE,TRAIN,True,CRIMINAL,ACTIVE,2026-02-02,2026-03-24
0.202,FALSE,CONTRADICTING,0.335,NORMAL,NONE,TEST,True,AMBIGUOUS,ACTIVE,2026-04-01,2026-07-08
0.27,SUSPECTED,SUPPORTING,0.73,NORMAL,NONE,TRAIN,True,CRIMINAL,ACTIVE,2026-04-07,2026-08-03
0.214,UNKNOWN,NEUTRAL,0.259,NORMAL,NONE,TRAIN,True,MIXED,ACTIVE,2026-04-19,2026-07-13
0.665,SUSPECTED,SUPPORTING,0.639,NORMAL,NONE,VALIDATION,True,LEGITIMATE,ACTIVE,2026-04-14,2026-07-12
0.678,FALSE,CONTRADICTING,0.315,NORMAL,NONE,TRAIN,True,MIXED,ACTIVE,2025-10-07,2026-02-24
0.315,SUSPECTED,SUPPORTING,0.719,NORMAL,NONE,TRAIN,True,CRIMINAL,ACTIVE,2026-02-16,2026-07-18
0.464,UNKNOWN,NEUTRAL,0.243,NORMAL,RELATIONAL_ANOMALY,TRAIN,True,CRIMINAL,ACTIVE,2026-03-06,2026-06-19
0.598,CONFIRMED,SUPPORTING,0.908,NORMAL,NONE,TRAIN,True,CRIMINAL,ACTIVE,2025-11-11,2026-05-01
0.913,SUSPECTED,SUPPORTING,0.856,NORMAL,TEMPORAL_ANOMALY,TRAIN,True,MIXED,ACTIVE,2026-04-16,2026-06-09
0.102,UNKNOWN,NEUTRAL,0.294,NORMAL,NONE,TEST,True,AMBIGUOUS,ACTIVE,2026-03-04,2026-07-11
0.318,CONFIRMED,SUPPORTING,0.96,NORMAL,RELATIONAL_ANOMALY,TEST,True,AMBIGUOUS,ACTIVE,2026-02-14,2026-07-19
0.084,CONFIRMED,SUPPORTING,0.929,NORMAL,NONE,TRAIN,True,CRIMINAL,ACTIVE,2025-10-28,2026-03-02
0.257,SUSPECTED,SUPPORTING,0.762,NORMAL,NONE,TRAIN,True,MIXED,ACTIVE,2026-03-26,2026-06-08
0.189,FALSE,CONTRADICTING,0.317,NORMAL,NONE,VALIDATION,True,LEGITIMATE,ACTIVE,2026-06-21,2026-10-09
0.183,UNKNOWN,NEUTRAL,0.385,NORMAL,NONE,TRAIN,True,MIXED,ACTIVE,2026-04-04,2026-07-23
0.4,CONFIRMED,SUPPORTING,0.857,NORMAL,NONE,TRAIN,True,CRIMINAL,ACTIVE,2026-03-19,2026-07-09
0.105,UNKNOWN,NEUTRAL,0.417,NORMAL,POINT_ANOMALY,TRAIN,True,MIXED,ACTIVE,2026-01-28,2026-05-07
0.61,CONFIRMED,SUPPORTING,0.926,NORMAL,NONE,TRAIN,True,CRIMINAL,ACTIVE,2026-03-03,2026-06-18
0.375,UNKNOWN,NEUTRAL,0.251,NORMAL,NONE,TEST,True,AMBIGUOUS,ACTIVE,2026-01-24,2026-07-24
0.724,SUSPECTED,SUPPORTING,0.698,NORMAL,NONE,VALIDATION,True,LEGITIMATE,ACTIVE,2025-10-17,2026-03-25
0.465,CONFIRMED,SUPPORTING,0.914,NORMAL,NONE,TEST,True,AMBIGUOUS,ACTIVE,2026-06-17,2026-07-17
0.549,SUSPECTED,SUPPORTING,0.724,NORMAL,NONE,VALIDATION,True,LEGITIMATE,ACTIVE,2026-05-08,2026-08-22
0.194,FALSE,CONTRADICTING,0.264,NORMAL,NONE,TRAIN,True,CRIMINAL,ACTIVE,2026-01-06,2026-05-23
0.379,CONFIRMED,SUPPORTING,0.91,NORMAL,NONE,TRAIN,True,CRIMINAL,ACTIVE,2026-01-18,2026-06-30
0.423,CONFIRMED,SUPPORTING,0.83,DUPLICATE,NONE,TRAIN,True,CRIMINAL,ACTIVE,2026-02-10,2026-07-11
0.603,CONFIRMED,SUPPORTING,0.958,NORMAL,COLLECTIVE_ANOMALY,TEST,True,AMBIGUOUS,ACTIVE,2026-02-10,2026-07-07
0.554,UNKNOWN,NEUTRAL,0.422,NORMAL,POINT_ANOMALY,TRAIN,True,MIXED,ACTIVE,2026-01-25,2026-06-09
0.362,CONFIRMED,SUPPORTING,0.863,NORMAL,NONE,TRAIN,True,LEGITIMATE,ACTIVE,2025-11-26,2026-03-15
0.215,CONFIRMED,SUPPORTING,0.84,NORMAL,POINT_ANOMALY,TRAIN,True,CRIMINAL,ACTIVE,2026-02-19,2026-07-04
0.433,CONFIRMED,SUPPORTING,0.908,NORMAL,NONE,TRAIN,True,MIXED,ACTIVE,2026-01-16,2026-07-01
0.355,SUSPECTED,SUPPORTING,0.709,NORMAL,NONE,TRAIN,True,CRIMINAL,ACTIVE,2026-04-21,2026-07-22
0.425,UNKNOWN,NEUTRAL,0.398,NORMAL,NONE,TEST,True,AMBIGUOUS,ACTIVE,2026-02-24,2026-08-10
0.391,SUSPECTED,SUPPORTING,0.684,NORMAL,COLLECTIVE_ANOMALY,VALIDATION,True,LEGITIMATE,ACTIVE,2026-06-14,2026-10-06
0.53,FALSE,CONTRADICTING,0.19,NORMAL,NONE,TRAIN,True,MIXED,ACTIVE,2026-05-21,2026-10-25
0.485,SUSPECTED,SUPPORTING,0.791,NORMAL,NONE,VALIDATION,True,LEGITIMATE,ACTIVE,2026-02-09,2026-07-20
0.38,CONFIRMED,SUPPORTING,0.954,NORMAL,NONE,TRAIN,True,CRIMINAL,ACTIVE,2026-02-05,2026-03-10
0.868,UNKNOWN,NEUTRAL,0.416,NORMAL,NONE,VALIDATION,True,LEGITIMATE,ACTIVE,2026-02-14,2026-05-22
0.691,CONFIRMED,SUPPORTING,0.835,NORMAL,POINT_ANOMALY,TRAIN,True,CRIMINAL,ACTIVE,2026-03-26,2026-08-09
0.088,UNKNOWN,NEUTRAL,0.284,NORMAL,NONE,VALIDATION,True,LEGITIMATE,ACTIVE,2025-12-07,2026-05-07
0.317,UNKNOWN,NEUTRAL,0.493,NORMAL,NONE,TRAIN,True,LEGITIMATE,ACTIVE,2026-03-04,2026-08-18
0.076,UNKNOWN,NEUTRAL,0.483,NORMAL,NONE,TEST,True,AMBIGUOUS,ACTIVE,2025-11-03,2026-03-22
0.253,UNKNOWN,NEUTRAL,0.278,NORMAL,CONTEXTUAL_ANOMALY,TRAIN,True,CRIMINAL,ACTIVE,2025-10-17,2026-02-03
0.599,SUSPECTED,SUPPORTING,0.698,NORMAL,NONE,TRAIN,True,CRIMINAL,ACTIVE,2026-02-22,2026-07-09
0.743,FALSE,CONTRADICTING,0.154,NORMAL,NONE,TRAIN,True,CRIMINAL,ACTIVE,2026-05-17,2026-11-02
0.568,SUSPECTED,SUPPORTING,0.714,NORMAL,NONE,TRAIN,True,CRIMINAL,ACTIVE,2026-02-23,2026-07-02
0.788,CONFIRMED,SUPPORTING,0.882,NORMAL,NONE,TRAIN,True,MIXED,ACTIVE,2025-12-30,2026-06-07
0.333,CONFIRMED,SUPPORTING,0.959,NORMAL,CONTEXTUAL_ANOMALY,TRAIN,True,CRIMINAL,ACTIVE,2025-11-25,2026-02-13
0.659,SUSPECTED,SUPPORTING,0.84,NORMAL,NONE,TRAIN,True,CRIMINAL,ACTIVE,2025-10-13,2026-02-15
0.193,UNKNOWN,NEUTRAL,0.473,NORMAL,NONE,TRAIN,True,MIXED,ACTIVE,2025-10-30,2026-02-28
0.449,UNKNOWN,NEUTRAL,0.525,NORMAL,POINT_ANOMALY,TRAIN,True,CRIMINAL,ACTIVE,2026-04-07,2026-09-06
0.451,SUSPECTED,SUPPORTING,0.681,NORMAL,NONE,TEST,True,AMBIGUOUS,ACTIVE,2026-05-02,2026-09-14
0.21,SUSPECTED,SUPPORTING,0.757,NORMAL,NONE,TRAIN,True,CRIMINAL,ACTIVE,2026-01-11,2026-05-29
0.438,SUSPECTED,SUPPORTING,0.753,NORMAL,NONE,VALIDATION,True,LEGITIMATE,ACTIVE,2025-11-04,2026-03-09
0.045,FALSE,CONTRADICTING,0.122,NORMAL,NONE,VALIDATION,True,LEGITIMATE,ACTIVE,2026-02-07,2026-05-25
0.28,SUSPECTED,SUPPORTING,0.806,NORMAL,NONE,TEST,True,AMBIGUOUS,ACTIVE,2026-06-08,2026-07-31
0.552,UNKNOWN,NEUTRAL,0.43,NORMAL,NONE,TEST,True,AMBIGUOUS,ACTIVE,2025-10-28,2026-02-23
0.729,UNKNOWN,NEUTRAL,0.231,NORMAL,POINT_ANOMALY,VALIDATION,True,LEGITIMATE,ACTIVE,2026-04-04,2026-08-31
0.422,SUSPECTED,SUPPORTING,0.614,NORMAL,NONE,VALIDATION,True,LEGITIMATE,ACTIVE,2025-10-31,2026-03-29
0.497,SUSPECTED,SUPPORTING,0.833,NORMAL,RELATIONAL_ANOMALY,TRAIN,True,MIXED,ACTIVE,2026-04-29,2026-09-15
0.5,SUSPECTED,SUPPORTING,0.859,NORMAL,TEMPORAL_ANOMALY,TRAIN,True,CRIMINAL,ACTIVE,2026-05-16,2026-09-11
0.463,CONFIRMED,SUPPORTING,0.977,NORMAL,RELATIONAL_ANOMALY,TRAIN,True,MIXED,ACTIVE,2025-12-01,2026-04-30
0.49,FALSE,CONTRADICTING,0.376,NORMAL,NONE,TEST,True,AMBIGUOUS,ACTIVE,2026-06-06,2026-09-04
0.479,SUSPECTED,SUPPORTING,0.625,NORMAL,CONTEXTUAL_ANOMALY,TEST,True,AMBIGUOUS,ACTIVE,2026-02-10,2026-07-03
0.551,FALSE,CONTRADICTING,0.157,NORMAL,NONE,TRAIN,True,MIXED,ACTIVE,2026-04-10,2026-06-01
0.788,CONFIRMED,SUPPORTING,0.874,NORMAL,NONE,TRAIN,True,MIXED,ACTIVE,2025-12-21,2026-04-04
0.834,UNKNOWN,NEUTRAL,0.274,NORMAL,NONE,TRAIN,True,CRIMINAL,ACTIVE,2026-03-05,2026-09-15
0.471,SUSPECTED,SUPPORTING,0.732,NORMAL,NONE,TRAIN,True,MIXED,ACTIVE,2026-03-08,2026-05-02
0.754,SUSPECTED,SUPPORTING,0.746,NORMAL,POINT_ANOMALY,TRAIN,True,CRIMINAL,ACTIVE,2026-03-15,2026-06-24
0.478,SUSPECTED,SUPPORTING,0.714,NORMAL,RELATIONAL_ANOMALY,TRAIN,True,MIXED,ACTIVE,2025-10-10,2026-04-01
0.363,CONFIRMED,SUPPORTING,0.931,NORMAL,NONE,VALIDATION,True,LEGITIMATE,ACTIVE,2025-11-04,2026-04-21
0.461,FALSE,CONTRADICTING,0.279,NORMAL,NONE,VALIDATION,True,LEGITIMATE,ACTIVE,2026-02-02,2026-06-23
0.681,SUSPECTED,SUPPORTING,0.659,NORMAL,NONE,TRAIN,True,MIXED,ACTIVE,2026-06-17,2026-07-27
0.187,CONFIRMED,SUPPORTING,0.856,NORMAL,NONE,TRAIN,True,LEGITIMATE,ACTIVE,2026-01-13,2026-04-12
0.145,CONFIRMED,SUPPORTING,0.931,NORMAL,NONE,TRAIN,True,CRIMINAL,ACTIVE,2026-02-10,2026-04-08
0.282,CONFIRMED,SUPPORTING,0.847,NORMAL,NONE,TRAIN,True,MIXED,ACTIVE,2026-04-11,2026-07-23
0.288,UNKNOWN,NEUTRAL,0.504,NORMAL,NONE,TRAIN,True,CRIMINAL,ACTIVE,2026-06-01,2026-07-10
0.354,SUSPECTED,SUPPORTING,0.65,NORMAL,NONE,TRAIN,True,MIXED,ACTIVE,2025-09-23,2026-02-27
0.252,SUSPECTED,SUPPORTING,0.592,NORMAL,NONE,TRAIN,True,CRIMINAL,ACTIVE,2026-01-01,2026-05-13
0.208,CONFIRMED,SUPPORTING,0.899,NORMAL,NONE,TEST,True,AMBIGUOUS,ACTIVE,2025-12-14,2026-03-28
0.123,SUSPECTED,SUPPORTING,0.671,NORMAL,NONE,VALIDATION,True,LEGITIMATE,ACTIVE,2026-04-29,2026-08-10
0.216,SUSPECTED,SUPPORTING,0.782,NORMAL,NONE,VALIDATION,True,LEGITIMATE,ACTIVE,2026-03-10,2026-07-11
0.685,UNKNOWN,NEUTRAL,0.33,NORMAL,CONTEXTUAL_ANOMALY,TRAIN,True,MIXED,ACTIVE,2026-05-21,2026-09-29
0.429,UNKNOWN,NEUTRAL,0.382,NORMAL,NONE,TRAIN,True,LEGITIMATE,ACTIVE,2026-06-11,2026-08-29
0.47,UNKNOWN,NEUTRAL,0.468,NORMAL,NONE,TRAIN,True,CRIMINAL,ACTIVE,2026-01-21,2026-07-24
0.433,UNKNOWN,NEUTRAL,0.324,DUPLICATE,NONE,TRAIN,True,MIXED,ACTIVE,2026-02-09,2026-05-10
0.867,SUSPECTED,SUPPORTING,0.655,NORMAL,NONE,TRAIN,True,MIXED,ACTIVE,2026-02-24,2026-07-08
0.67,CONFIRMED,SUPPORTING,0.882,NORMAL,NONE,TRAIN,True,MIXED,ACTIVE,2025-11-27,2026-03-08
0.513,SUSPECTED,SUPPORTING,0.75,NORMAL,NONE,TRAIN,True,CRIMINAL,ACTIVE,2025-09-19,2026-04-12
0.232,SUSPECTED,SUPPORTING,0.844,NORMAL,NONE,TRAIN,True,CRIMINAL,ACTIVE,2025-11-25,2026-02-17
0.768,UNKNOWN,NEUTRAL,0.276,NORMAL,COLLECTIVE_ANOMALY,TRAIN,True,CRIMINAL,ACTIVE,2026-06-06,2026-08-05
0.572,UNKNOWN,NEUTRAL,0.467,NORMAL,NONE,VALIDATION,True,LEGITIMATE,ACTIVE,2026-05-19,2026-08-24
0.284,SUSPECTED,SUPPORTING,0.712,NORMAL,NONE,VALIDATION,True,LEGITIMATE,ACTIVE,2026-02-08,2026-08-14
0.81,FALSE,CONTRADICTING,0.168,RECYCLED_SIM,NONE,TRAIN,True,LEGITIMATE,ACTIVE,2025-12-04,2026-04-07
0.852,SUSPECTED,SUPPORTING,0.698,NORMAL,NONE,TRAIN,True,MIXED,ACTIVE,2026-07-22,2026-09-22
0.451,CONFIRMED,SUPPORTING,0.986,NORMAL,NONE,TRAIN,True,CRIMINAL,ACTIVE,2026-03-28,2026-06-07
0.426,UNKNOWN,NEUTRAL,0.479,NORMAL,NONE,TEST,True,AMBIGUOUS,ACTIVE,2026-05-24,2026-06-28
0.479,UNKNOWN,NEUTRAL,0.322,NORMAL,NONE,TRAIN,True,CRIMINAL,ACTIVE,2026-01-26,2026-06-08
0.166,CONFIRMED,SUPPORTING,0.941,NORMAL,NONE,TRAIN,True,MIXED,ACTIVE,2026-01-04,2026-04-03
0.318,CONFIRMED,SUPPORTING,0.968,NORMAL,NONE,TRAIN,True,CRIMINAL,ACTIVE,2026-04-07,2026-05-27
0.46,FALSE,CONTRADICTING,0.302,NORMAL,COLLECTIVE_ANOMALY,VALIDATION,True,LEGITIMATE,ACTIVE,2025-11-21,2026-03-24
0.473,SUSPECTED,SUPPORTING,0.807,NORMAL,CONTEXTUAL_ANOMALY,TRAIN,True,MIXED,ACTIVE,2025-12-24,2026-02-08
0.231,FALSE,CONTRADICTING,0.237,NORMAL,COLLECTIVE_ANOMALY,VALIDATION,True,LEGITIMATE,ACTIVE,2025-10-21,2026-03-03
0.604,SUSPECTED,SUPPORTING,0.769,NORMAL,TEMPORAL_ANOMALY,TRAIN,True,MIXED,ACTIVE,2026-02-26,2026-07-26
0.216,CONFIRMED,SUPPORTING,0.975,NORMAL,NONE,VALIDATION,True,LEGITIMATE,ACTIVE,2026-04-16,2026-07-24
0.537,FALSE,CONTRADICTING,0.203,NORMAL,NONE,TRAIN,True,LEGITIMATE,ACTIVE,2026-02-25,2026-07-13
0.192,CONFIRMED,SUPPORTING,0.859,NORMAL,NONE,TEST,True,AMBIGUOUS,ACTIVE,2026-01-10,2026-04-09
0.719,UNKNOWN,NEUTRAL,0.316,NORMAL,NONE,TEST,True,AMBIGUOUS,ACTIVE,2025-12-15,2026-05-20
0.302,SUSPECTED,SUPPORTING,0.642,NORMAL,NONE,TRAIN,True,MIXED,ACTIVE,2025-12-15,2026-04-12
0.362,UNKNOWN,NEUTRAL,0.22,NORMAL,NONE,TRAIN,True,MIXED,ACTIVE,2026-02-22,2026-05-07
0.346,SUSPECTED,SUPPORTING,0.854,NORMAL,NONE,TRAIN,True,CRIMINAL,ACTIVE,2026-05-28,2026-07-20
0.231,FALSE,CONTRADICTING,0.345,NORMAL,COLLECTIVE_ANOMALY,TRAIN,True,LEGITIMATE,ACTIVE,2026-06-18,2026-10-07
0.651,SUSPECTED,SUPPORTING,0.754,NORMAL,NONE,TRAIN,True,MIXED,ACTIVE,2026-01-19,2026-03-12
0.342,UNKNOWN,NEUTRAL,0.32,NORMAL,NONE,VALIDATION,True,LEGITIMATE,ACTIVE,2026-03-13,2026-07-01
0.235,SUSPECTED,SUPPORTING,0.714,NORMAL,NONE,TRAIN,True,LEGITIMATE,ACTIVE,2026-06-14,2026-09-20
0.473,UNKNOWN,NEUTRAL,0.453,NORMAL,NONE,TRAIN,True,LEGITIMATE,ACTIVE,2026-03-04,2026-06-17
0.616,FALSE,CONTRADICTING,0.268,NORMAL,NONE,VALIDATION,True,LEGITIMATE,ACTIVE,2026-02-20,2026-07-29
0.272,CONFIRMED,SUPPORTING,0.878,NORMAL,NONE,TRAIN,True,CRIMINAL,ACTIVE,2025-11-21,2026-03-07
0.08,FALSE,CONTRADICTING,0.376,NORMAL,RELATIONAL_ANOMALY,TRAIN,True,MIXED,ACTIVE,2025-10-18,2026-02-07
0.46,SUSPECTED,SUPPORTING,0.582,NORMAL,TEMPORAL_ANOMALY,TRAIN,True,MIXED,ACTIVE,2026-03-25,2026-09-11
0.663,UNKNOWN,NEUTRAL,0.264,NORMAL,NONE,TRAIN,True,CRIMINAL,ACTIVE,2026-06-07,2026-08-01
0.189,SUSPECTED,SUPPORTING,0.608,NORMAL,NONE,VALIDATION,True,LEGITIMATE,ACTIVE,2026-04-28,2026-07-31
0.239,CONFIRMED,SUPPORTING,0.86,NORMAL,NONE,TRAIN,True,CRIMINAL,ACTIVE,2026-03-19,2026-09-18
0.606,CONFIRMED,SUPPORTING,0.944,NORMAL,NONE,TRAIN,True,CRIMINAL,ACTIVE,2026-03-05,2026-05-29
0.225,FALSE,CONTRADICTING,0.399,NORMAL,NONE,TRAIN,True,MIXED,ACTIVE,2025-12-16,2026-04-16
0.179,SUSPECTED,SUPPORTING,0.706,NORMAL,NONE,VALIDATION,True,LEGITIMATE,ACTIVE,2026-02-16,2026-06-29
0.386,FALSE,CONTRADICTING,0.336,NORMAL,NONE,TRAIN,True,MIXED,ACTIVE,2026-02-08,2026-05-07
0.17,SUSPECTED,SUPPORTING,0.667,NORMAL,NONE,TRAIN,True,CRIMINAL,ACTIVE,2026-03-19,2026-06-04
0.665,FALSE,CONTRADICTING,0.329,NORMAL,TEMPORAL_ANOMALY,TRAIN,True,CRIMINAL,ACTIVE,2025-11-05,2026-02-21
0.263,SUSPECTED,SUPPORTING,0.597,NORMAL,NONE,TRAIN,True,MIXED,ACTIVE,2026-05-01,2026-08-29
0.476,UNKNOWN,NEUTRAL,0.309,NORMAL,NONE,TRAIN,True,MIXED,ACTIVE,2026-01-31,2026-07-19
0.686,FALSE,CONTRADICTING,0.353,NORMAL,NONE,TRAIN,True,CRIMINAL,ACTIVE,2025-12-01,2026-03-20
0.097,UNKNOWN,NEUTRAL,0.239,NORMAL,NONE,TRAIN,True,CRIMINAL,ACTIVE,2026-07-26,2026-09-22
0.67,FALSE,CONTRADICTING,0.226,NORMAL,NONE,TRAIN,True,CRIMINAL,ACTIVE,2026-04-10,2026-09-17
0.302,SUSPECTED,SUPPORTING,0.591,NORMAL,NONE,TRAIN,True,CRIMINAL,ACTIVE,2026-02-16,2026-05-11
0.679,FALSE,CONTRADICTING,0.381,NORMAL,TEMPORAL_ANOMALY,TRAIN,True,MIXED,ACTIVE,2026-03-25,2026-08-12
0.864,CONFIRMED,SUPPORTING,0.935,NORMAL,NONE,TRAIN,True,CRIMINAL,ACTIVE,2025-11-06,2026-04-29
0.762,UNKNOWN,NEUTRAL,0.302,NORMAL,NONE,VALIDATION,True,LEGITIMATE,ACTIVE,2026-03-27,2026-06-23
0.803,CONFIRMED,SUPPORTING,0.894,NORMAL,NONE,VALIDATION,True,LEGITIMATE,ACTIVE,2026-05-05,2026-07-19
0.698,UNKNOWN,NEUTRAL,0.42,NORMAL,NONE,VALIDATION,True,LEGITIMATE,ACTIVE,2026-02-13,2026-06-01
0.312,SUSPECTED,SUPPORTING,0.764,NORMAL,NONE,TRAIN,True,MIXED,ACTIVE,2025-11-08,2026-04-22
0.365,FALSE,CONTRADICTING,0.409,NORMAL,CONTEXTUAL_ANOMALY,VALIDATION,True,LEGITIMATE,ACTIVE,2025-10-20,2026-03-16
0.655,CONFIRMED,SUPPORTING,0.967,NORMAL,NONE,TRAIN,True,CRIMINAL,ACTIVE,2025-12-21,2026-03-14
0.276,SUSPECTED,SUPPORTING,0.778,NORMAL,COLLECTIVE_ANOMALY,TEST,True,AMBIGUOUS,ACTIVE,2025-12-27,2026-02-09
0.336,UNKNOWN,NEUTRAL,0.353,NORMAL,POINT_ANOMALY,TEST,True,AMBIGUOUS,ACTIVE,2026-05-21,2026-08-09
0.253,SUSPECTED,SUPPORTING,0.799,NORMAL,NONE,VALIDATION,True,LEGITIMATE,ACTIVE,2025-11-17,2026-03-15
0.101,FALSE,CONTRADICTING,0.353,NORMAL,NONE,TEST,True,AMBIGUOUS,ACTIVE,2026-04-06,2026-10-02
0.923,FALSE,CONTRADICTING,0.121,NORMAL,NONE,TRAIN,True,MIXED,ACTIVE,2025-12-12,2026-03-31
0.051,CONFIRMED,SUPPORTING,0.838,NORMAL,NONE,TRAIN,True,CRIMINAL,ACTIVE,2026-02-26,2026-04-27
0.296,UNKNOWN,NEUTRAL,0.359,NORMAL,NONE,TRAIN,True,MIXED,ACTIVE,2026-03-15,2026-08-06
0.529,CONFIRMED,SUPPORTING,0.937,NORMAL,NONE,TRAIN,True,MIXED,ACTIVE,2025-11-20,2026-04-03
0.494,FALSE,CONTRADICTING,0.287,NORMAL,POINT_ANOMALY,VALIDATION,True,LEGITIMATE,ACTIVE,2025-10-21,2026-02-03
0.529,UNKNOWN,NEUTRAL,0.416,NORMAL,CONTEXTUAL_ANOMALY,TEST,True,AMBIGUOUS,ACTIVE,2025-12-29,2026-02-18
0.386,CONFIRMED,SUPPORTING,0.935,NORMAL,NONE,TRAIN,True,CRIMINAL,ACTIVE,2025-12-19,2026-02-07
0.347,CONFIRMED,SUPPORTING,0.833,STALE_DEVICE,NONE,TRAIN,True,MIXED,ACTIVE,2026-01-31,2026-03-01
0.793,SUSPECTED,SUPPORTING,0.821,NORMAL,NONE,TRAIN,True,MIXED,ACTIVE,2026-03-25,2026-08-04
0.445,SUSPECTED,SUPPORTING,0.594,NORMAL,NONE,TRAIN,True,MIXED,ACTIVE,2026-05-29,2026-11-02
0.9,UNKNOWN,NEUTRAL,0.512,NORMAL,NONE,TRAIN,True,CRIMINAL,ACTIVE,2026-04-08,2026-09-11
0.357,SUSPECTED,SUPPORTING,0.751,NORMAL,NONE,TRAIN,True,LEGITIMATE,ACTIVE,2026-05-14,2026-09-16
0.26,UNKNOWN,NEUTRAL,0.347,NORMAL,TEMPORAL_ANOMALY,TRAIN,True,CRIMINAL,ACTIVE,2026-05-12,2026-07-06
0.052,SUSPECTED,SUPPORTING,0.799,NORMAL,CONTEXTUAL_ANOMALY,TEST,True,AMBIGUOUS,ACTIVE,2026-03-13,2026-05-10
0.021,SUSPECTED,SUPPORTING,0.59,NORMAL,NONE,TRAIN,True,CRIMINAL,ACTIVE,2026-03-10,2026-07-05
0.401,CONFIRMED,SUPPORTING,0.855,NORMAL,NONE,TRAIN,True,CRIMINAL,ACTIVE,2026-02-27,2026-06-03
0.15,UNKNOWN,NEUTRAL,0.362,NORMAL,NONE,TEST,True,AMBIGUOUS,ACTIVE,2025-12-05,2026-04-25
0.319,SUSPECTED,SUPPORTING,0.763,NORMAL,NONE,TRAIN,True,MIXED,ACTIVE,2026-02-20,2026-06-05
0.15,FALSE,CONTRADICTING,0.216,NORMAL,NONE,VALIDATION,True,LEGITIMATE,ACTIVE,2025-10-26,2026-03-22
0.115,SUSPECTED,SUPPORTING,0.761,NORMAL,COLLECTIVE_ANOMALY,TRAIN,True,CRIMINAL,ACTIVE,2025-12-25,2026-03-29
0.389,SUSPECTED,SUPPORTING,0.758,NORMAL,TEMPORAL_ANOMALY,VALIDATION,True,LEGITIMATE,ACTIVE,2026-04-04,2026-09-06
0.666,UNKNOWN,NEUTRAL,0.374,NORMAL,NONE,TRAIN,True,LEGITIMATE,ACTIVE,2026-01-12,2026-04-20
0.26,SUSPECTED,SUPPORTING,0.717,NORMAL,NONE,TRAIN,True,CRIMINAL,ACTIVE,2026-03-09,2026-06-23
0.217,UNKNOWN,NEUTRAL,0.28,NORMAL,NONE,TRAIN,True,CRIMINAL,ACTIVE,2026-01-11,2026-05-23
0.484,UNKNOWN,NEUTRAL,0.259,NORMAL,NONE,TRAIN,True,CRIMINAL,ACTIVE,2026-03-25,2026-08-02
0.67,UNKNOWN,NEUTRAL,0.28,NORMAL,NONE,VALIDATION,True,LEGITIMATE,ACTIVE,2025-12-05,2026-04-17
0.586,UNKNOWN,NEUTRAL,0.314,NORMAL,NONE,VALIDATION,True,LEGITIMATE,ACTIVE,2025-12-19,2026-02-07
0.329,CONFIRMED,SUPPORTING,0.975,NORMAL,NONE,TRAIN,True,CRIMINAL,ACTIVE,2026-03-18,2026-06-04
0.097,FALSE,CONTRADICTING,0.252,NORMAL,NONE,VALIDATION,True,LEGITIMATE,ACTIVE,2026-05-17,2026-08-12
0.134,CONFIRMED,SUPPORTING,0.857,NORMAL,NONE,TEST,True,AMBIGUOUS,ACTIVE,2026-02-22,2026-06-14
0.489,UNKNOWN,NEUTRAL,0.335,NORMAL,NONE,TRAIN,True,CRIMINAL,ACTIVE,2025-12-07,2026-04-07
0.096,SUSPECTED,SUPPORTING,0.702,NORMAL,NONE,TEST,True,AMBIGUOUS,ACTIVE,2026-06-04,2026-10-20
0.53,SUSPECTED,SUPPORTING,0.705,NORMAL,NONE,TRAIN,True,LEGITIMATE,ACTIVE,2026-02-19,2026-06-19
0.227,CONFIRMED,SUPPORTING,0.861,NORMAL,NONE,TRAIN,True,MIXED,ACTIVE,2025-12-03,2026-05-18
0.631,SUSPECTED,SUPPORTING,0.769,NORMAL,NONE,TRAIN,True,CRIMINAL,ACTIVE,2025-11-19,2026-04-02
0.199,CONFIRMED,SUPPORTING,0.829,NORMAL,NONE,TEST,True,AMBIGUOUS,ACTIVE,2025-11-11,2026-03-02
0.228,UNKNOWN,NEUTRAL,0.216,NORMAL,NONE,TEST,True,AMBIGUOUS,ACTIVE,2026-06-20,2026-08-17
0.04,CONFIRMED,SUPPORTING,0.965,DUPLICATE,NONE,TRAIN,True,CRIMINAL,ACTIVE,2026-03-14,2026-08-01
0.628,CONFIRMED,SUPPORTING,0.951,NORMAL,NONE,TRAIN,True,CRIMINAL,ACTIVE,2025-09-09,2026-02-24
0.548,SUSPECTED,SUPPORTING,0.739,NORMAL,TEMPORAL_ANOMALY,TRAIN,True,CRIMINAL,ACTIVE,2026-03-14,2026-07-22
0.644,UNKNOWN,NEUTRAL,0.285,NORMAL,COLLECTIVE_ANOMALY,VALIDATION,True,LEGITIMATE,ACTIVE,2026-04-11,2026-08-27
0.208,CONFIRMED,SUPPORTING,0.936,NORMAL,NONE,TRAIN,True,CRIMINAL,ACTIVE,2026-02-02,2026-03-24
0.65,UNKNOWN,NEUTRAL,0.334,NORMAL,NONE,VALIDATION,True,LEGITIMATE,ACTIVE,2025-12-05,2026-06-01
0.567,CONFIRMED,SUPPORTING,0.964,NORMAL,NONE,TRAIN,True,CRIMINAL,ACTIVE,2026-03-08,2026-07-17
0.081,UNKNOWN,NEUTRAL,0.208,NORMAL,NONE,VALIDATION,True,LEGITIMATE,ACTIVE,2026-04-24,2026-10-07
0.249,SUSPECTED,SUPPORTING,0.795,NORMAL,NONE,VALIDATION,True,LEGITIMATE,ACTIVE,2025-10-25,2026-04-02
0.204,UNKNOWN,NEUTRAL,0.47,NORMAL,NONE,TEST,True,AMBIGUOUS,ACTIVE,2025-11-02,2026-03-09
0.664,UNKNOWN,NEUTRAL,0.471,RECYCLED_SIM,NONE,TRAIN,True,MIXED,ACTIVE,2026-01-05,2026-04-01
0.291,UNKNOWN,NEUTRAL,0.428,NORMAL,POINT_ANOMALY,VALIDATION,True,LEGITIMATE,ACTIVE,2025-12-13,2026-03-13
0.273,SUSPECTED,SUPPORTING,0.815,NORMAL,NONE,TRAIN,True,CRIMINAL,ACTIVE,2026-04-09,2026-08-20
0.821,SUSPECTED,SUPPORTING,0.651,NORMAL,NONE,TRAIN,True,CRIMINAL,ACTIVE,2026-02-15,2026-04-18
0.36,UNKNOWN,NEUTRAL,0.266,NORMAL,NONE,TRAIN,True,CRIMINAL,ACTIVE,2026-01-12,2026-06-06
0.528,CONFIRMED,SUPPORTING,0.934,NORMAL,NONE,TRAIN,True,CRIMINAL,ACTIVE,2026-05-01,2026-07-25
0.834,CONFIRMED,SUPPORTING,0.971,NORMAL,NONE,TEST,True,AMBIGUOUS,ACTIVE,2026-02-10,2026-06-08
0.472,SUSPECTED,SUPPORTING,0.641,NORMAL,COLLECTIVE_ANOMALY,TRAIN,True,CRIMINAL,ACTIVE,2026-05-18,2026-09-04
0.452,UNKNOWN,NEUTRAL,0.43,NORMAL,NONE,TEST,True,AMBIGUOUS,ACTIVE,2026-01-02,2026-05-05
0.277,UNKNOWN,NEUTRAL,0.3,NORMAL,NONE,VALIDATION,True,LEGITIMATE,ACTIVE,2026-05-10,2026-08-26
0.194,UNKNOWN,NEUTRAL,0.372,DUPLICATE,POINT_ANOMALY,VALIDATION,True,LEGITIMATE,ACTIVE,2026-01-09,2026-05-30
0.43,SUSPECTED,SUPPORTING,0.749,NORMAL,NONE,TRAIN,True,MIXED,ACTIVE,2026-03-18,2026-07-06
0.293,UNKNOWN,NEUTRAL,0.323,NORMAL,TEMPORAL_ANOMALY,TRAIN,True,CRIMINAL,ACTIVE,2026-07-02,2026-08-30
0.228,SUSPECTED,SUPPORTING,0.857,NORMAL,NONE,TRAIN,True,CRIMINAL,ACTIVE,2026-01-23,2026-07-12
0.46,UNKNOWN,NEUTRAL,0.294,NORMAL,NONE,TEST,True,AMBIGUOUS,ACTIVE,2026-05-02,2026-09-13
0.387,FALSE,CONTRADICTING,0.356,NORMAL,NONE,TRAIN,True,CRIMINAL,ACTIVE,2025-10-25,2026-04-02
0.5,SUSPECTED,SUPPORTING,0.603,NORMAL,NONE,TEST,True,AMBIGUOUS,ACTIVE,2026-03-24,2026-07-17
0.211,UNKNOWN,NEUTRAL,0.359,NORMAL,TEMPORAL_ANOMALY,TEST,True,AMBIGUOUS,ACTIVE,2025-10-16,2026-03-28
0.514,UNKNOWN,NEUTRAL,0.297,NORMAL,CONTEXTUAL_ANOMALY,TRAIN,True,MIXED,ACTIVE,2026-01-26,2026-05-10
0.574,SUSPECTED,SUPPORTING,0.829,NORMAL,NONE,TRAIN,True,MIXED,ACTIVE,2026-02-16,2026-07-13
0.394,FALSE,CONTRADICTING,0.385,NORMAL,CONTEXTUAL_ANOMALY,TEST,True,AMBIGUOUS,ACTIVE,2026-05-24,2026-09-10
0.421,SUSPECTED,SUPPORTING,0.77,NORMAL,NONE,TEST,True,AMBIGUOUS,ACTIVE,2026-04-26,2026-10-19
0.386,FALSE,CONTRADICTING,0.184,NORMAL,NONE,TEST,True,AMBIGUOUS,ACTIVE,2025-12-08,2026-04-29
0.749,FALSE,CONTRADICTING,0.194,NORMAL,NONE,TRAIN,True,CRIMINAL,ACTIVE,2026-06-28,2026-08-28
0.271,UNKNOWN,NEUTRAL,0.294,NORMAL,NONE,TRAIN,True,LEGITIMATE,ACTIVE,2025-12-20,2026-02-26
0.289,UNKNOWN,NEUTRAL,0.233,NORMAL,NONE,VALIDATION,True,LEGITIMATE,ACTIVE,2026-06-15,2026-09-16
0.534,SUSPECTED,SUPPORTING,0.835,RECYCLED_SIM,NONE,TRAIN,True,CRIMINAL,ACTIVE,2026-01-28,2026-06-03
0.479,UNKNOWN,NEUTRAL,0.527,NORMAL,NONE,TRAIN,True,CRIMINAL,ACTIVE,2026-02-12,2026-03-28
0.435,CONFIRMED,SUPPORTING,0.839,NORMAL,NONE,TRAIN,True,CRIMINAL,ACTIVE,2026-03-20,2026-05-30
0.443,SUSPECTED,SUPPORTING,0.654,NORMAL,NONE,TRAIN,True,CRIMINAL,ACTIVE,2026-05-02,2026-07-24
0.719,SUSPECTED,SUPPORTING,0.611,SHARED_DEVICE,NONE,TRAIN,True,CRIMINAL,ACTIVE,2026-05-26,2026-10-05
0.616,SUSPECTED,SUPPORTING,0.773,NORMAL,TEMPORAL_ANOMALY,TRAIN,True,CRIMINAL,ACTIVE,2026-01-29,2026-06-21
0.377,FALSE,CONTRADICTING,0.282,NORMAL,NONE,TRAIN,True,CRIMINAL,ACTIVE,2026-04-27,2026-08-22
0.833,UNKNOWN,NEUTRAL,0.225,NORMAL,NONE,TEST,True,AMBIGUOUS,ACTIVE,2026-06-06,2026-08-08
0.614,CONFIRMED,SUPPORTING,0.893,DUPLICATE,NONE,TRAIN,True,CRIMINAL,ACTIVE,2025-10-04,2026-02-03
0.619,UNKNOWN,NEUTRAL,0.306,NORMAL,NONE,TRAIN,True,MIXED,ACTIVE,2026-06-12,2026-08-24
0.348,CONFIRMED,SUPPORTING,0.869,NORMAL,NONE,TRAIN,True,MIXED,ACTIVE,2026-02-01,2026-06-03
0.294,SUSPECTED,SUPPORTING,0.852,NORMAL,NONE,TEST,True,AMBIGUOUS,ACTIVE,2026-06-18,2026-08-23
0.269,CONFIRMED,SUPPORTING,0.98,NORMAL,CONTEXTUAL_ANOMALY,TEST,True,AMBIGUOUS,ACTIVE,2025-12-28,2026-04-07
0.351,SUSPECTED,SUPPORTING,0.78,NORMAL,NONE,TRAIN,True,CRIMINAL,ACTIVE,2026-04-13,2026-09-03
0.46,CONFIRMED,SUPPORTING,0.837,NORMAL,NONE,VALIDATION,True,LEGITIMATE,ACTIVE,2026-03-05,2026-06-11
0.395,SUSPECTED,SUPPORTING,0.722,NORMAL,NONE,TRAIN,True,CRIMINAL,ACTIVE,2026-04-13,2026-08-12
0.236,UNKNOWN,NEUTRAL,0.465,NORMAL,NONE,TEST,True,AMBIGUOUS,ACTIVE,2026-06-09,2026-10-13
0.648,UNKNOWN,NEUTRAL,0.489,NORMAL,NONE,TRAIN,True,CRIMINAL,ACTIVE,2025-12-02,2026-05-11
0.225,FALSE,CONTRADICTING,0.262,NORMAL,POINT_ANOMALY,TRAIN,True,CRIMINAL,ACTIVE,2026-06-02,2026-10-18
0.702,SUSPECTED,SUPPORTING,0.785,NORMAL,NONE,TEST,True,AMBIGUOUS,ACTIVE,2026-04-20,2026-10-29
0.479,UNKNOWN,NEUTRAL,0.49,NORMAL,NONE,TRAIN,True,MIXED,ACTIVE,2025-12-29,2026-02-17
0.215,CONFIRMED,SUPPORTING,0.944,NORMAL,COLLECTIVE_ANOMALY,TRAIN,True,MIXED,ACTIVE,2026-03-01,2026-07-22
0.531,UNKNOWN,NEUTRAL,0.312,NORMAL,NONE,VALIDATION,True,LEGITIMATE,ACTIVE,2026-05-18,2026-09-01
0.245,UNKNOWN,NEUTRAL,0.464,NORMAL,POINT_ANOMALY,TEST,True,AMBIGUOUS,ACTIVE,2025-11-24,2026-04-04
0.378,FALSE,CONTRADICTING,0.16,NORMAL,NONE,VALIDATION,True,LEGITIMATE,ACTIVE,2026-04-05,2026-07-25
0.764,UNKNOWN,NEUTRAL,0.286,NORMAL,NONE,TRAIN,True,CRIMINAL,ACTIVE,2026-06-26,2026-07-26
0.367,UNKNOWN,NEUTRAL,0.499,NORMAL,NONE,VALIDATION,True,LEGITIMATE,ACTIVE,2026-07-05,2026-09-06
0.357,CONFIRMED,SUPPORTING,0.969,NORMAL,NONE,TRAIN,True,CRIMINAL,ACTIVE,2025-10-20,2026-04-07
0.062,SUSPECTED,SUPPORTING,0.67,NORMAL,RELATIONAL_ANOMALY,TRAIN,True,MIXED,ACTIVE,2026-04-12,2026-08-23
0.576,SUSPECTED,SUPPORTING,0.659,NORMAL,NONE,TRAIN,True,MIXED,ACTIVE,2026-01-29,2026-04-29
0.437,SUSPECTED,SUPPORTING,0.825,NORMAL,NONE,TRAIN,True,CRIMINAL,ACTIVE,2026-02-17,2026-05-25
0.344,SUSPECTED,SUPPORTING,0.607,NORMAL,COLLECTIVE_ANOMALY,TEST,True,AMBIGUOUS,ACTIVE,2026-04-29,2026-07-24
0.171,CONFIRMED,SUPPORTING,0.876,NORMAL,NONE,TRAIN,True,LEGITIMATE,ACTIVE,2026-02-13,2026-07-03
0.642,SUSPECTED,SUPPORTING,0.846,NORMAL,NONE,TRAIN,True,MIXED,ACTIVE,2025-10-13,2026-02-15
0.427,CONFIRMED,SUPPORTING,0.887,NORMAL,COLLECTIVE_ANOMALY,TRAIN,True,MIXED,ACTIVE,2026-02-13,2026-06-21
0.26,FALSE,CONTRADICTING,0.248,NORMAL,NONE,TRAIN,True,MIXED,ACTIVE,2026-05-12,2026-09-23
0.185,FALSE,CONTRADICTING,0.362,SHARED_DEVICE,NONE,TRAIN,True,MIXED,ACTIVE,2026-04-20,2026-07-11
0.384,SUSPECTED,SUPPORTING,0.79,NORMAL,NONE,VALIDATION,True,LEGITIMATE,ACTIVE,2025-11-15,2026-03-04
0.417,UNKNOWN,NEUTRAL,0.277,NORMAL,NONE,TEST,True,AMBIGUOUS,ACTIVE,2026-02-04,2026-07-22
0.284,UNKNOWN,NEUTRAL,0.462,NORMAL,NONE,VALIDATION,True,LEGITIMATE,ACTIVE,2026-03-06,2026-06-09
0.638,SUSPECTED,SUPPORTING,0.67,NORMAL,NONE,TRAIN,True,MIXED,ACTIVE,2025-12-29,2026-06-08
0.19,SUSPECTED,SUPPORTING,0.673,NORMAL,NONE,TRAIN,True,MIXED,ACTIVE,2025-10-01,2026-02-22
0.506,FALSE,CONTRADICTING,0.178,NORMAL,RELATIONAL_ANOMALY,VALIDATION,True,LEGITIMATE,ACTIVE,2025-10-14,2026-04-06
0.221,CONFIRMED,SUPPORTING,0.951,NORMAL,NONE,TRAIN,True,MIXED,ACTIVE,2026-02-12,2026-07-10
0.208,SUSPECTED,SUPPORTING,0.819,NORMAL,NONE,VALIDATION,True,LEGITIMATE,ACTIVE,2026-05-24,2026-10-08
0.612,FALSE,CONTRADICTING,0.272,NORMAL,NONE,TRAIN,True,CRIMINAL,ACTIVE,2026-05-27,2026-11-14
0.169,CONFIRMED,SUPPORTING,0.868,NORMAL,NONE,VALIDATION,True,LEGITIMATE,ACTIVE,2026-01-30,2026-06-04
0.542,SUSPECTED,SUPPORTING,0.667,NORMAL,NONE,TRAIN,True,CRIMINAL,ACTIVE,2026-05-06,2026-07-30
0.389,FALSE,CONTRADICTING,0.128,NORMAL,NONE,TRAIN,True,CRIMINAL,ACTIVE,2026-03-11,2026-07-07
0.505,SUSPECTED,SUPPORTING,0.809,NORMAL,NONE,TRAIN,True,MIXED,ACTIVE,2025-12-28,2026-04-27
0.27,CONFIRMED,SUPPORTING,0.903,NORMAL,COLLECTIVE_ANOMALY,TRAIN,True,CRIMINAL,ACTIVE,2026-04-06,2026-06-08
0.927,UNKNOWN,NEUTRAL,0.471,NORMAL,RELATIONAL_ANOMALY,TRAIN,True,CRIMINAL,ACTIVE,2026-02-12,2026-05-06
0.363,SUSPECTED,SUPPORTING,0.588,NORMAL,RELATIONAL_ANOMALY,TRAIN,True,MIXED,ACTIVE,2026-02-13,2026-05-26
0.296,FALSE,CONTRADICTING,0.199,RECYCLED_SIM,NONE,TEST,True,AMBIGUOUS,ACTIVE,2026-02-11,2026-04-25
0.311,CONFIRMED,SUPPORTING,0.968,NORMAL,NONE,TRAIN,True,MIXED,ACTIVE,2026-01-06,2026-07-09
0.841,FALSE,CONTRADICTING,0.159,NORMAL,NONE,TRAIN,True,MIXED,ACTIVE,2026-01-18,2026-06-07
0.285,CONFIRMED,SUPPORTING,0.848,NORMAL,NONE,TRAIN,True,MIXED,ACTIVE,2026-05-07,2026-09-05
0.238,FALSE,CONTRADICTING,0.191,NORMAL,NONE,TRAIN,True,MIXED,ACTIVE,2025-11-19,2026-02-14
0.271,UNKNOWN,NEUTRAL,0.545,NORMAL,NONE,TRAIN,True,MIXED,ACTIVE,2026-01-10,2026-06-10
0.291,CONFIRMED,SUPPORTING,0.953,NORMAL,NONE,TRAIN,True,CRIMINAL,ACTIVE,2025-10-27,2026-02-16
0.515,FALSE,CONTRADICTING,0.293,NORMAL,POINT_ANOMALY,TRAIN,True,MIXED,ACTIVE,2025-12-03,2026-03-29
0.229,FALSE,CONTRADICTING,0.27,STALE_DEVICE,NONE,TRAIN,True,MIXED,ACTIVE,2026-02-21,2026-07-17
0.325,CONFIRMED,SUPPORTING,0.889,NORMAL,NONE,TRAIN,True,MIXED,ACTIVE,2026-01-27,2026-05-14
0.644,SUSPECTED,SUPPORTING,0.648,NORMAL,NONE,TEST,True,AMBIGUOUS,ACTIVE,2025-12-30,2026-05-06
0.311,CONFIRMED,SUPPORTING,0.83,NORMAL,NONE,TEST,True,AMBIGUOUS,ACTIVE,2026-05-03,2026-08-28
0.309,UNKNOWN,NEUTRAL,0.217,NORMAL,NONE,TRAIN,True,CRIMINAL,ACTIVE,2025-12-10,2026-05-03
0.17,SUSPECTED,SUPPORTING,0.699,DUPLICATE,NONE,TRAIN,True,CRIMINAL,ACTIVE,2026-05-22,2026-08-22
0.692,CONFIRMED,SUPPORTING,0.821,NORMAL,NONE,TRAIN,True,CRIMINAL,ACTIVE,2026-02-21,2026-07-11
0.577,SUSPECTED,SUPPORTING,0.714,NORMAL,NONE,TEST,True,AMBIGUOUS,ACTIVE,2026-04-06,2026-06-18
0.609,CONFIRMED,SUPPORTING,0.841,NORMAL,NONE,TRAIN,True,MIXED,ACTIVE,2026-04-09,2026-07-31
0.395,CONFIRMED,SUPPORTING,0.948,NORMAL,COLLECTIVE_ANOMALY,TRAIN,True,CRIMINAL,ACTIVE,2026-01-10,2026-06-03
0.365,UNKNOWN,NEUTRAL,0.374,NORMAL,NONE,TRAIN,True,MIXED,ACTIVE,2025-10-02,2026-04-02
0.487,UNKNOWN,NEUTRAL,0.471,NORMAL,NONE,TRAIN,True,LEGITIMATE,ACTIVE,2026-05-14,2026-07-23
0.191,CONFIRMED,SUPPORTING,0.88,NORMAL,NONE,TRAIN,True,MIXED,ACTIVE,2025-10-20,2026-03-29
0.592,CONFIRMED,SUPPORTING,0.912,NORMAL,NONE,TRAIN,True,MIXED,ACTIVE,2026-01-31,2026-04-25
0.73,UNKNOWN,NEUTRAL,0.459,NORMAL,TEMPORAL_ANOMALY,TRAIN,True,CRIMINAL,ACTIVE,2026-02-12,2026-04-06
0.47,UNKNOWN,NEUTRAL,0.207,NORMAL,NONE,VALIDATION,True,LEGITIMATE,ACTIVE,2026-06-21,2026-08-16
0.515,UNKNOWN,NEUTRAL,0.306,NORMAL,TEMPORAL_ANOMALY,TRAIN,True,MIXED,ACTIVE,2026-02-20,2026-05-18
0.585,FALSE,CONTRADICTING,0.401,NORMAL,NONE,TEST,True,AMBIGUOUS,ACTIVE,2026-01-11,2026-05-27
0.467,SUSPECTED,SUPPORTING,0.836,NORMAL,NONE,TRAIN,True,CRIMINAL,ACTIVE,2026-04-22,2026-10-23
0.325,CONFIRMED,SUPPORTING,0.872,NORMAL,NONE,TRAIN,True,CRIMINAL,ACTIVE,2026-01-21,2026-05-05
0.289,SUSPECTED,SUPPORTING,0.585,NORMAL,NONE,TRAIN,True,MIXED,ACTIVE,2026-02-19,2026-04-20
0.487,CONFIRMED,SUPPORTING,0.945,STALE_DEVICE,NONE,TRAIN,True,MIXED,ACTIVE,2026-05-11,2026-08-26
0.369,SUSPECTED,SUPPORTING,0.584,NORMAL,NONE,VALIDATION,True,LEGITIMATE,ACTIVE,2025-12-28,2026-07-14
0.611,UNKNOWN,NEUTRAL,0.443,NORMAL,NONE,TRAIN,True,MIXED,ACTIVE,2026-07-03,2026-08-10
0.743,UNKNOWN,NEUTRAL,0.313,NORMAL,POINT_ANOMALY,TRAIN,True,MIXED,ACTIVE,2026-03-02,2026-06-17
0.157,SUSPECTED,SUPPORTING,0.819,STALE_DEVICE,CONTEXTUAL_ANOMALY,TRAIN,True,MIXED,ACTIVE,2026-01-14,2026-06-15
0.346,UNKNOWN,NEUTRAL,0.481,NORMAL,NONE,TEST,True,AMBIGUOUS,ACTIVE,2026-03-29,2026-06-02
0.374,SUSPECTED,SUPPORTING,0.711,NORMAL,NONE,TRAIN,True,CRIMINAL,ACTIVE,2025-11-29,2026-02-24
0.5,FALSE,CONTRADICTING,0.266,NORMAL,NONE,VALIDATION,True,LEGITIMATE,ACTIVE,2026-05-13,2026-07-17
0.55,SUSPECTED,SUPPORTING,0.713,NORMAL,POINT_ANOMALY,TRAIN,True,CRIMINAL,ACTIVE,2025-12-27,2026-05-26
0.705,FALSE,CONTRADICTING,0.229,NORMAL,NONE,TRAIN,True,CRIMINAL,ACTIVE,2026-04-24,2026-08-02
0.342,CONFIRMED,SUPPORTING,0.98,NORMAL,NONE,TRAIN,True,LEGITIMATE,ACTIVE,2025-09-27,2026-03-12
0.391,UNKNOWN,NEUTRAL,0.547,NORMAL,NONE,TRAIN,True,MIXED,ACTIVE,2026-06-28,2026-10-31
0.718,FALSE,CONTRADICTING,0.362,DUPLICATE,NONE,TRAIN,True,MIXED,ACTIVE,2026-04-04,2026-06-20
0.539,FALSE,CONTRADICTING,0.311,STALE_DEVICE,NONE,TRAIN,True,CRIMINAL,ACTIVE,2026-07-04,2026-09-04
0.432,CONFIRMED,SUPPORTING,0.954,NORMAL,NONE,TRAIN,True,CRIMINAL,ACTIVE,2025-12-20,2026-03-30
0.645,SUSPECTED,SUPPORTING,0.625,NORMAL,NONE,TRAIN,True,MIXED,ACTIVE,2026-04-15,2026-08-13
0.507,SUSPECTED,SUPPORTING,0.74,NORMAL,CONTEXTUAL_ANOMALY,VALIDATION,True,LEGITIMATE,ACTIVE,2026-02-14,2026-07-30
0.426,CONFIRMED,SUPPORTING,0.898,NORMAL,NONE,TRAIN,True,MIXED,ACTIVE,2026-02-23,2026-05-22
0.678,FALSE,CONTRADICTING,0.248,NORMAL,NONE,TRAIN,True,LEGITIMATE,ACTIVE,2025-09-23,2026-01-24
0.024,UNKNOWN,NEUTRAL,0.463,NORMAL,POINT_ANOMALY,TRAIN,True,MIXED,ACTIVE,2026-01-05,2026-04-15
0.517,UNKNOWN,NEUTRAL,0.441,NORMAL,NONE,TRAIN,True,MIXED,ACTIVE,2025-11-04,2026-05-08
0.193,CONFIRMED,SUPPORTING,0.891,NORMAL,NONE,TRAIN,True,MIXED,ACTIVE,2026-04-02,2026-06-14
0.656,CONFIRMED,SUPPORTING,0.953,NORMAL,NONE,TRAIN,True,MIXED,ACTIVE,2026-05-01,2026-08-24
0.326,SUSPECTED,SUPPORTING,0.776,NORMAL,NONE,TEST,True,AMBIGUOUS,ACTIVE,2026-01-17,2026-03-28
0.507,UNKNOWN,NEUTRAL,0.55,STALE_DEVICE,TEMPORAL_ANOMALY,TEST,True,AMBIGUOUS,ACTIVE,2026-04-01,2026-08-01
0.619,FALSE,CONTRADICTING,0.237,NORMAL,NONE,TRAIN,True,CRIMINAL,ACTIVE,2026-02-18,2026-05-14
0.354,CONFIRMED,SUPPORTING,0.963,NORMAL,NONE,TRAIN,True,CRIMINAL,ACTIVE,2026-05-11,2026-08-12
0.324,UNKNOWN,NEUTRAL,0.456,NORMAL,NONE,TEST,True,AMBIGUOUS,ACTIVE,2026-01-16,2026-05-01
0.219,CONFIRMED,SUPPORTING,0.882,NORMAL,NONE,TRAIN,True,MIXED,ACTIVE,2025-09-25,2026-01-22
0.449,SUSPECTED,SUPPORTING,0.817,NORMAL,NONE,TRAIN,True,CRIMINAL,ACTIVE,2026-01-02,2026-06-24
0.208,CONFIRMED,SUPPORTING,0.83,NORMAL,NONE,VALIDATION,True,LEGITIMATE,ACTIVE,2026-07-27,2026-10-07
0.495,CONFIRMED,SUPPORTING,0.98,NORMAL,NONE,VALIDATION,True,LEGITIMATE,ACTIVE,2026-02-20,2026-05-08
0.172,SUSPECTED,SUPPORTING,0.742,NORMAL,NONE,TRAIN,True,MIXED,ACTIVE,2025-12-05,2026-03-27
0.652,SUSPECTED,SUPPORTING,0.624,NORMAL,NONE,TRAIN,True,CRIMINAL,ACTIVE,2026-02-18,2026-05-03
0.633,SUSPECTED,SUPPORTING,0.647,NORMAL,NONE,TRAIN,True,MIXED,ACTIVE,2025-11-04,2026-02-10
0.497,UNKNOWN,NEUTRAL,0.509,NORMAL,TEMPORAL_ANOMALY,TRAIN,True,MIXED,ACTIVE,2026-01-15,2026-04-02
0.445,FALSE,CONTRADICTING,0.364,NORMAL,CONTEXTUAL_ANOMALY,TEST,True,AMBIGUOUS,ACTIVE,2026-02-28,2026-07-29
0.174,SUSPECTED,SUPPORTING,0.855,NORMAL,NONE,TEST,True,AMBIGUOUS,ACTIVE,2025-10-27,2026-03-12
0.095,SUSPECTED,SUPPORTING,0.68,NORMAL,NONE,TRAIN,True,CRIMINAL,ACTIVE,2026-05-11,2026-08-01
0.032,FALSE,CONTRADICTING,0.141,RECYCLED_SIM,NONE,TRAIN,True,MIXED,ACTIVE,2026-01-19,2026-05-20
0.249,UNKNOWN,NEUTRAL,0.483,NORMAL,NONE,TEST,True,AMBIGUOUS,ACTIVE,2026-01-16,2026-05-27
0.574,CONFIRMED,SUPPORTING,0.962,NORMAL,NONE,TRAIN,True,MIXED,ACTIVE,2026-02-16,2026-07-20
0.277,SUSPECTED,SUPPORTING,0.65,NORMAL,NONE,TRAIN,True,MIXED,ACTIVE,2026-01-08,2026-04-03
0.622,UNKNOWN,NEUTRAL,0.201,NORMAL,NONE,TRAIN,True,CRIMINAL,ACTIVE,2026-02-25,2026-06-23
0.123,UNKNOWN,NEUTRAL,0.347,NORMAL,NONE,TRAIN,True,LEGITIMATE,ACTIVE,2026-03-11,2026-06-22
0.293,SUSPECTED,SUPPORTING,0.741,NORMAL,NONE,TRAIN,True,MIXED,ACTIVE,2026-05-15,2026-09-22
0.58,UNKNOWN,NEUTRAL,0.442,NORMAL,CONTEXTUAL_ANOMALY,TRAIN,True,CRIMINAL,ACTIVE,2026-03-17,2026-05-30
0.555,UNKNOWN,NEUTRAL,0.414,NORMAL,NONE,TRAIN,True,MIXED,ACTIVE,2026-01-27,2026-04-26
0.426,SUSPECTED,SUPPORTING,0.816,NORMAL,NONE,TRAIN,True,MIXED,ACTIVE,2026-03-06,2026-07-24
0.074,SUSPECTED,SUPPORTING,0.644,NORMAL,NONE,TRAIN,True,CRIMINAL,ACTIVE,2026-03-10,2026-09-04
0.47,FALSE,CONTRADICTING,0.274,NORMAL,NONE,TEST,True,AMBIGUOUS,ACTIVE,2025-12-01,2026-03-06
0.452,UNKNOWN,NEUTRAL,0.355,NORMAL,NONE,TEST,True,AMBIGUOUS,ACTIVE,2026-02-11,2026-06-24
0.54,SUSPECTED,SUPPORTING,0.797,NORMAL,NONE,TEST,True,AMBIGUOUS,ACTIVE,2026-01-30,2026-06-02
0.776,CONFIRMED,SUPPORTING,0.926,NORMAL,NONE,TRAIN,True,CRIMINAL,ACTIVE,2025-11-30,2026-05-22
0.561,SUSPECTED,SUPPORTING,0.636,NORMAL,CONTEXTUAL_ANOMALY,TEST,True,AMBIGUOUS,ACTIVE,2026-01-31,2026-04-27
0.398,UNKNOWN,NEUTRAL,0.232,NORMAL,NONE,TRAIN,True,MIXED,ACTIVE,2026-03-07,2026-05-13
0.093,FALSE,CONTRADICTING,0.168,NORMAL,NONE,TRAIN,True,CRIMINAL,ACTIVE,2026-01-30,2026-05-03
0.305,UNKNOWN,NEUTRAL,0.34,NORMAL,NONE,TEST,True,AMBIGUOUS,ACTIVE,2026-04-30,2026-07-25
0.544,UNKNOWN,NEUTRAL,0.536,NORMAL,NONE,TRAIN,True,MIXED,ACTIVE,2026-05-07,2026-07-22
0.577,CONFIRMED,SUPPORTING,0.988,NORMAL,COLLECTIVE_ANOMALY,VALIDATION,True,LEGITIMATE,ACTIVE,2026-01-24,2026-06-02
0.62,SUSPECTED,SUPPORTING,0.712,NORMAL,NONE,VALIDATION,True,LEGITIMATE,ACTIVE,2026-03-10,2026-08-10
0.035,FALSE,CONTRADICTING,0.268,NORMAL,RELATIONAL_ANOMALY,TRAIN,True,CRIMINAL,ACTIVE,2026-06-22,2026-08-31
0.142,FALSE,CONTRADICTING,0.147,NORMAL,NONE,TRAIN,True,LEGITIMATE,ACTIVE,2026-04-06,2026-09-01
0.539,SUSPECTED,SUPPORTING,0.654,NORMAL,NONE,TEST,True,AMBIGUOUS,ACTIVE,2026-05-06,2026-09-02
0.468,FALSE,CONTRADICTING,0.352,NORMAL,NONE,TRAIN,True,CRIMINAL,ACTIVE,2026-01-16,2026-05-31
0.212,SUSPECTED,SUPPORTING,0.659,NORMAL,NONE,TRAIN,True,CRIMINAL,ACTIVE,2025-11-26,2026-04-13
0.325,UNKNOWN,NEUTRAL,0.231,NORMAL,NONE,TEST,True,AMBIGUOUS,ACTIVE,2026-04-23,2026-07-11
0.425,CONFIRMED,SUPPORTING,0.906,NORMAL,NONE,TRAIN,True,LEGITIMATE,ACTIVE,2025-12-11,2026-04-04
0.71,UNKNOWN,NEUTRAL,0.384,NORMAL,NONE,TRAIN,True,MIXED,ACTIVE,2026-02-19,2026-05-22
0.361,SUSPECTED,SUPPORTING,0.727,NORMAL,NONE,VALIDATION,True,LEGITIMATE,ACTIVE,2026-07-02,2026-11-03
0.465,CONFIRMED,SUPPORTING,0.985,NORMAL,NONE,TRAIN,True,CRIMINAL,ACTIVE,2025-11-23,2026-04-14
0.517,FALSE,CONTRADICTING,0.267,NORMAL,NONE,TRAIN,True,MIXED,ACTIVE,2026-04-11,2026-08-29
0.348,SUSPECTED,SUPPORTING,0.63,NORMAL,NONE,TRAIN,True,LEGITIMATE,ACTIVE,2026-06-13,2026-08-08
0.502,SUSPECTED,SUPPORTING,0.838,NORMAL,NONE,TRAIN,True,CRIMINAL,ACTIVE,2026-04-24,2026-08-20
0.528,UNKNOWN,NEUTRAL,0.374,NORMAL,NONE,TRAIN,True,CRIMINAL,ACTIVE,2026-04-03,2026-08-26
0.491,SUSPECTED,SUPPORTING,0.717,NORMAL,NONE,TRAIN,True,CRIMINAL,ACTIVE,2026-02-14,2026-04-23
0.556,FALSE,CONTRADICTING,0.161,NORMAL,NONE,TRAIN,True,LEGITIMATE,ACTIVE,2025-10-31,2026-03-25
0.434,SUSPECTED,SUPPORTING,0.784,NORMAL,NONE,TRAIN,True,MIXED,ACTIVE,2026-03-03,2026-06-08
0.118,UNKNOWN,NEUTRAL,0.264,NORMAL,RELATIONAL_ANOMALY,TEST,True,AMBIGUOUS,ACTIVE,2025-10-18,2026-03-16
0.437,SUSPECTED,SUPPORTING,0.628,NORMAL,CONTEXTUAL_ANOMALY,VALIDATION,True,LEGITIMATE,ACTIVE,2025-11-11,2026-02-17
0.392,SUSPECTED,SUPPORTING,0.858,RECYCLED_SIM,NONE,TEST,True,AMBIGUOUS,ACTIVE,2026-07-10,2026-09-18
0.462,CONFIRMED,SUPPORTING,0.946,NORMAL,NONE,TRAIN,True,CRIMINAL,ACTIVE,2026-03-02,2026-05-10
0.598,SUSPECTED,SUPPORTING,0.717,NORMAL,NONE,TEST,True,AMBIGUOUS,ACTIVE,2026-04-04,2026-09-08
0.49,FALSE,CONTRADICTING,0.262,NORMAL,NONE,TRAIN,True,MIXED,ACTIVE,2026-02-13,2026-05-31
0.048,CONFIRMED,SUPPORTING,0.888,NORMAL,NONE,TRAIN,True,MIXED,ACTIVE,2026-03-25,2026-05-31
0.389,UNKNOWN,NEUTRAL,0.502,SHARED_DEVICE,NONE,TRAIN,True,MIXED,ACTIVE,2026-04-05,2026-07-04
0.296,CONFIRMED,SUPPORTING,0.9,NORMAL,NONE,VALIDATION,True,LEGITIMATE,ACTIVE,2025-12-27,2026-04-29
0.448,UNKNOWN,NEUTRAL,0.253,NORMAL,NONE,TRAIN,True,MIXED,ACTIVE,2026-02-13,2026-05-06
0.704,UNKNOWN,NEUTRAL,0.387,NORMAL,NONE,TRAIN,True,CRIMINAL,ACTIVE,2026-03-21,2026-04-23
0.421,FALSE,CONTRADICTING,0.269,NORMAL,NONE,TEST,True,AMBIGUOUS,ACTIVE,2026-02-01,2026-06-18
0.51,UNKNOWN,NEUTRAL,0.233,NORMAL,RELATIONAL_ANOMALY,TRAIN,True,CRIMINAL,ACTIVE,2026-02-12,2026-04-24
0.489,CONFIRMED,SUPPORTING,0.903,NORMAL,NONE,TRAIN,True,MIXED,ACTIVE,2026-04-01,2026-07-12
0.413,CONFIRMED,SUPPORTING,0.858,NORMAL,NONE,TRAIN,True,CRIMINAL,ACTIVE,2025-12-03,2026-03-23
0.717,UNKNOWN,NEUTRAL,0.214,NORMAL,NONE,VALIDATION,True,LEGITIMATE,ACTIVE,2026-07-26,2026-10-30
0.741,SUSPECTED,SUPPORTING,0.761,NORMAL,NONE,TRAIN,True,CRIMINAL,ACTIVE,2026-02-01,2026-05-03
0.58,SUSPECTED,SUPPORTING,0.592,NORMAL,NONE,TRAIN,True,MIXED,ACTIVE,2025-12-19,2026-05-15
0.438,UNKNOWN,NEUTRAL,0.269,NORMAL,NONE,TRAIN,True,MIXED,ACTIVE,2025-11-28,2026-06-02
0.27,CONFIRMED,SUPPORTING,0.986,NORMAL,NONE,TRAIN,True,MIXED,ACTIVE,2026-03-15,2026-06-16
0.314,UNKNOWN,NEUTRAL,0.549,NORMAL,COLLECTIVE_ANOMALY,TEST,True,AMBIGUOUS,ACTIVE,2025-12-10,2026-02-28
0.417,UNKNOWN,NEUTRAL,0.494,NORMAL,CONTEXTUAL_ANOMALY,TRAIN,True,MIXED,ACTIVE,2026-03-29,2026-08-07
0.371,CONFIRMED,SUPPORTING,0.933,NORMAL,NONE,TRAIN,True,CRIMINAL,ACTIVE,2026-05-16,2026-07-21
0.348,SUSPECTED,SUPPORTING,0.665,NORMAL,TEMPORAL_ANOMALY,TRAIN,True,MIXED,ACTIVE,2025-09-15,2026-01-22
0.769,FALSE,CONTRADICTING,0.351,NORMAL,NONE,TRAIN,True,MIXED,ACTIVE,2026-01-03,2026-07-08
0.238,SUSPECTED,SUPPORTING,0.741,NORMAL,NONE,TRAIN,True,CRIMINAL,ACTIVE,2026-01-21,2026-04-25
0.502,CONFIRMED,SUPPORTING,0.882,NORMAL,COLLECTIVE_ANOMALY,TEST,True,AMBIGUOUS,ACTIVE,2026-02-24,2026-04-28
0.047,FALSE,CONTRADICTING,0.373,NORMAL,NONE,VALIDATION,True,LEGITIMATE,ACTIVE,2025-12-11,2026-04-26
0.218,CONFIRMED,SUPPORTING,0.899,NORMAL,NONE,TRAIN,True,CRIMINAL,ACTIVE,2026-07-06,2026-09-01
0.56,FALSE,CONTRADICTING,0.256,NORMAL,RELATIONAL_ANOMALY,TRAIN,True,CRIMINAL,ACTIVE,2025-11-10,2026-02-12
0.138,CONFIRMED,SUPPORTING,0.977,NORMAL,NONE,TRAIN,True,CRIMINAL,ACTIVE,2025-12-14,2026-02-11
0.322,CONFIRMED,SUPPORTING,0.874,NORMAL,NONE,TRAIN,True,MIXED,ACTIVE,2026-04-16,2026-09-01
0.662,SUSPECTED,SUPPORTING,0.726,NORMAL,COLLECTIVE_ANOMALY,VALIDATION,True,LEGITIMATE,ACTIVE,2025-12-31,2026-03-21
0.509,FALSE,CONTRADICTING,0.216,NORMAL,NONE,TEST,True,AMBIGUOUS,ACTIVE,2026-06-10,2026-08-29
0.501,UNKNOWN,NEUTRAL,0.246,NORMAL,NONE,TRAIN,True,CRIMINAL,ACTIVE,2025-11-26,2026-03-16
0.419,SUSPECTED,SUPPORTING,0.645,NORMAL,NONE,TEST,True,AMBIGUOUS,ACTIVE,2026-02-28,2026-05-14
0.038,UNKNOWN,NEUTRAL,0.416,NORMAL,NONE,TRAIN,True,MIXED,ACTIVE,2026-03-19,2026-08-13
0.382,UNKNOWN,NEUTRAL,0.269,NORMAL,RELATIONAL_ANOMALY,TEST,True,AMBIGUOUS,ACTIVE,2025-12-04,2026-03-30
0.488,UNKNOWN,NEUTRAL,0.337,NORMAL,NONE,TRAIN,True,MIXED,ACTIVE,2025-12-08,2026-04-17
0.608,CONFIRMED,SUPPORTING,0.97,NORMAL,NONE,TEST,True,AMBIGUOUS,ACTIVE,2025-09-24,2026-03-24
0.7,FALSE,CONTRADICTING,0.142,NORMAL,COLLECTIVE_ANOMALY,TRAIN,True,LEGITIMATE,ACTIVE,2026-04-11,2026-08-18
0.435,SUSPECTED,SUPPORTING,0.584,NORMAL,CONTEXTUAL_ANOMALY,TRAIN,True,CRIMINAL,ACTIVE,2026-05-07,2026-09-24
0.672,FALSE,CONTRADICTING,0.346,NORMAL,NONE,TEST,True,AMBIGUOUS,ACTIVE,2025-12-20,2026-05-11
0.252,UNKNOWN,NEUTRAL,0.526,NORMAL,NONE,TEST,True,AMBIGUOUS,ACTIVE,2026-01-10,2026-03-08
0.432,UNKNOWN,NEUTRAL,0.25,NORMAL,NONE,TEST,True,AMBIGUOUS,ACTIVE,2026-03-08,2026-06-28
0.32,CONFIRMED,SUPPORTING,0.977,NORMAL,NONE,TRAIN,True,CRIMINAL,ACTIVE,2026-01-03,2026-06-11
0.213,UNKNOWN,NEUTRAL,0.457,NORMAL,NONE,TRAIN,True,CRIMINAL,ACTIVE,2025-11-30,2026-05-21
0.438,CONFIRMED,SUPPORTING,0.979,NORMAL,NONE,TRAIN,True,MIXED,ACTIVE,2026-03-07,2026-07-12
0.475,UNKNOWN,NEUTRAL,0.387,NORMAL,NONE,TEST,True,AMBIGUOUS,ACTIVE,2026-05-22,2026-09-04
0.608,UNKNOWN,NEUTRAL,0.21,SHARED_DEVICE,NONE,VALIDATION,True,LEGITIMATE,ACTIVE,2025-12-25,2026-04-09
0.244,SUSPECTED,SUPPORTING,0.843,NORMAL,NONE,TEST,True,AMBIGUOUS,ACTIVE,2026-04-27,2026-10-21
0.837,FALSE,CONTRADICTING,0.135,NORMAL,NONE,VALIDATION,True,LEGITIMATE,ACTIVE,2026-04-17,2026-10-21
0.573,FALSE,CONTRADICTING,0.178,NORMAL,NONE,TRAIN,True,MIXED,ACTIVE,2025-12-06,2026-04-24
0.227,SUSPECTED,SUPPORTING,0.593,DUPLICATE,NONE,TRAIN,True,CRIMINAL,ACTIVE,2026-03-31,2026-06-22
0.151,SUSPECTED,SUPPORTING,0.599,NORMAL,POINT_ANOMALY,TRAIN,True,CRIMINAL,ACTIVE,2026-04-24,2026-07-31
0.404,SUSPECTED,SUPPORTING,0.72,NORMAL,NONE,TRAIN,True,CRIMINAL,ACTIVE,2025-11-07,2026-04-21
0.436,SUSPECTED,SUPPORTING,0.825,NORMAL,TEMPORAL_ANOMALY,TRAIN,True,MIXED,ACTIVE,2025-11-17,2026-04-05
0.456,CONFIRMED,SUPPORTING,0.917,NORMAL,NONE,TEST,True,AMBIGUOUS,ACTIVE,2026-05-10,2026-09-04
0.325,SUSPECTED,SUPPORTING,0.7,NORMAL,NONE,TRAIN,True,CRIMINAL,ACTIVE,2026-03-04,2026-08-01
0.386,CONFIRMED,SUPPORTING,0.824,NORMAL,NONE,TEST,True,AMBIGUOUS,ACTIVE,2026-03-21,2026-07-01
0.109,UNKNOWN,NEUTRAL,0.538,NORMAL,NONE,TRAIN,True,CRIMINAL,ACTIVE,2026-06-14,2026-11-03
0.145,CONFIRMED,SUPPORTING,0.985,NORMAL,NONE,TEST,True,AMBIGUOUS,ACTIVE,2025-11-29,2026-04-03
0.57,UNKNOWN,NEUTRAL,0.377,NORMAL,NONE,TRAIN,True,MIXED,ACTIVE,2025-11-21,2026-03-10
0.138,CONFIRMED,SUPPORTING,0.922,NORMAL,NONE,TRAIN,True,MIXED,ACTIVE,2025-12-02,2026-06-06
0.308,CONFIRMED,SUPPORTING,0.843,RECYCLED_SIM,NONE,TRAIN,True,CRIMINAL,ACTIVE,2026-01-29,2026-06-04
0.324,SUSPECTED,SUPPORTING,0.693,NORMAL,TEMPORAL_ANOMALY,TRAIN,True,CRIMINAL,ACTIVE,2025-12-22,2026-05-17
0.286,UNKNOWN,NEUTRAL,0.394,NORMAL,NONE,TRAIN,True,MIXED,ACTIVE,2026-02-27,2026-06-09
0.439,CONFIRMED,SUPPORTING,0.845,NORMAL,NONE,VALIDATION,True,LEGITIMATE,ACTIVE,2026-06-08,2026-08-07
0.478,FALSE,CONTRADICTING,0.192,NORMAL,NONE,TRAIN,True,LEGITIMATE,ACTIVE,2026-07-25,2026-09-06
0.484,UNKNOWN,NEUTRAL,0.399,NORMAL,NONE,VALIDATION,True,LEGITIMATE,ACTIVE,2026-02-28,2026-06-29
0.401,CONFIRMED,SUPPORTING,0.877,NORMAL,NONE,TRAIN,True,CRIMINAL,ACTIVE,2026-03-06,2026-08-07
0.247,CONFIRMED,SUPPORTING,0.967,NORMAL,NONE,TRAIN,True,MIXED,ACTIVE,2025-11-22,2026-02-09
0.257,CONFIRMED,SUPPORTING,0.967,NORMAL,NONE,TRAIN,True,MIXED,ACTIVE,2026-03-08,2026-08-07
0.491,SUSPECTED,SUPPORTING,0.803,NORMAL,NONE,TRAIN,True,MIXED,ACTIVE,2026-01-03,2026-03-23
0.461,CONFIRMED,SUPPORTING,0.899,NORMAL,NONE,TRAIN,True,MIXED,ACTIVE,2026-03-14,2026-07-24
0.402,SUSPECTED,SUPPORTING,0.834,NORMAL,NONE,TRAIN,True,CRIMINAL,ACTIVE,2025-12-02,2026-05-06
0.185,CONFIRMED,SUPPORTING,0.829,NORMAL,POINT_ANOMALY,TEST,True,AMBIGUOUS,ACTIVE,2026-03-17,2026-08-18
0.552,CONFIRMED,SUPPORTING,0.973,NORMAL,NONE,TRAIN,True,CRIMINAL,ACTIVE,2026-04-18,2026-08-31
0.17,SUSPECTED,SUPPORTING,0.845,NORMAL,NONE,TRAIN,True,MIXED,ACTIVE,2026-03-16,2026-08-15
0.219,SUSPECTED,SUPPORTING,0.849,NORMAL,NONE,TRAIN,True,MIXED,ACTIVE,2026-04-01,2026-08-26
0.367,CONFIRMED,SUPPORTING,0.859,NORMAL,NONE,TRAIN,True,LEGITIMATE,ACTIVE,2026-07-13,2026-09-06
0.135,CONFIRMED,SUPPORTING,0.869,NORMAL,CONTEXTUAL_ANOMALY,TRAIN,True,MIXED,ACTIVE,2026-02-07,2026-04-28
0.26,SUSPECTED,SUPPORTING,0.69,NORMAL,NONE,TRAIN,True,MIXED,ACTIVE,2026-01-30,2026-05-20
0.46,FALSE,CONTRADICTING,0.38,NORMAL,NONE,TRAIN,True,CRIMINAL,ACTIVE,2026-06-19,2026-09-07
0.286,UNKNOWN,NEUTRAL,0.289,RECYCLED_SIM,NONE,TRAIN,True,CRIMINAL,ACTIVE,2026-02-19,2026-04-08
0.06,CONFIRMED,SUPPORTING,0.977,STALE_DEVICE,NONE,TEST,True,AMBIGUOUS,ACTIVE,2026-03-13,2026-04-10
0.649,UNKNOWN,NEUTRAL,0.237,NORMAL,NONE,TRAIN,True,CRIMINAL,ACTIVE,2026-05-29,2026-08-31
0.415,CONFIRMED,SUPPORTING,0.844,NORMAL,NONE,TRAIN,True,CRIMINAL,ACTIVE,2026-03-12,2026-08-16
0.555,CONFIRMED,SUPPORTING,0.826,NORMAL,NONE,TRAIN,True,CRIMINAL,ACTIVE,2026-06-28,2026-08-08
0.49,SUSPECTED,SUPPORTING,0.813,NORMAL,NONE,VALIDATION,True,LEGITIMATE,ACTIVE,2025-12-13,2026-03-19
0.308,CONFIRMED,SUPPORTING,0.964,NORMAL,NONE,TRAIN,True,CRIMINAL,ACTIVE,2025-12-11,2026-05-25
0.318,CONFIRMED,SUPPORTING,0.85,NORMAL,NONE,TRAIN,True,MIXED,ACTIVE,2026-04-28,2026-07-21
0.66,FALSE,CONTRADICTING,0.411,DUPLICATE,NONE,TRAIN,True,LEGITIMATE,ACTIVE,2025-12-08,2026-04-15
0.415,CONFIRMED,SUPPORTING,0.888,SHARED_DEVICE,CONTEXTUAL_ANOMALY,TEST,True,AMBIGUOUS,ACTIVE,2026-03-26,2026-09-10
0.152,CONFIRMED,SUPPORTING,0.87,NORMAL,NONE,TRAIN,True,MIXED,ACTIVE,2026-01-03,2026-04-27
0.48,CONFIRMED,SUPPORTING,0.976,NORMAL,POINT_ANOMALY,TRAIN,True,CRIMINAL,ACTIVE,2026-03-10,2026-08-08
0.467,CONFIRMED,SUPPORTING,0.832,NORMAL,NONE,TRAIN,True,CRIMINAL,ACTIVE,2026-04-23,2026-07-12
0.072,CONFIRMED,SUPPORTING,0.897,NORMAL,NONE,TRAIN,True,CRIMINAL,ACTIVE,2026-05-17,2026-10-05
0.762,CONFIRMED,SUPPORTING,0.892,NORMAL,NONE,VALIDATION,True,LEGITIMATE,ACTIVE,2026-03-30,2026-07-15
0.678,SUSPECTED,SUPPORTING,0.639,NORMAL,NONE,TRAIN,True,CRIMINAL,ACTIVE,2026-04-21,2026-10-18
0.471,CONFIRMED,SUPPORTING,0.904,NORMAL,NONE,TRAIN,True,CRIMINAL,ACTIVE,2026-02-12,2026-04-08
0.723,SUSPECTED,SUPPORTING,0.677,NORMAL,NONE,TEST,True,AMBIGUOUS,ACTIVE,2026-01-14,2026-07-08
0.656,UNKNOWN,NEUTRAL,0.411,SHARED_DEVICE,NONE,TRAIN,True,MIXED,ACTIVE,2025-10-27,2026-03-20
0.707,CONFIRMED,SUPPORTING,0.953,NORMAL,NONE,VALIDATION,True,LEGITIMATE,ACTIVE,2026-02-15,2026-08-06
0.729,FALSE,CONTRADICTING,0.39,NORMAL,NONE,VALIDATION,True,LEGITIMATE,ACTIVE,2026-04-27,2026-10-22
0.545,SUSPECTED,SUPPORTING,0.711,NORMAL,NONE,TRAIN,True,MIXED,ACTIVE,2026-05-09,2026-08-12
0.217,UNKNOWN,NEUTRAL,0.522,NORMAL,NONE,VALIDATION,True,LEGITIMATE,ACTIVE,2026-02-02,2026-05-16
0.485,UNKNOWN,NEUTRAL,0.41,NORMAL,NONE,TEST,True,AMBIGUOUS,ACTIVE,2026-05-13,2026-10-08
0.069,CONFIRMED,SUPPORTING,0.985,NORMAL,NONE,TRAIN,True,CRIMINAL,ACTIVE,2025-11-01,2026-04-04
0.386,UNKNOWN,NEUTRAL,0.49,NORMAL,NONE,TRAIN,True,CRIMINAL,ACTIVE,2025-12-29,2026-03-20
0.168,SUSPECTED,SUPPORTING,0.66,SHARED_DEVICE,POINT_ANOMALY,TRAIN,True,CRIMINAL,ACTIVE,2026-05-29,2026-10-26
0.304,FALSE,CONTRADICTING,0.272,NORMAL,CONTEXTUAL_ANOMALY,TRAIN,True,LEGITIMATE,ACTIVE,2026-03-11,2026-05-13
0.5,UNKNOWN,NEUTRAL,0.548,NORMAL,COLLECTIVE_ANOMALY,TRAIN,True,CRIMINAL,ACTIVE,2025-12-23,2026-05-28
0.602,CONFIRMED,SUPPORTING,0.886,NORMAL,CONTEXTUAL_ANOMALY,TRAIN,True,MIXED,ACTIVE,2026-01-07,2026-05-02
0.045,CONFIRMED,SUPPORTING,0.847,NORMAL,NONE,TRAIN,True,CRIMINAL,ACTIVE,2025-09-13,2026-02-02
0.506,SUSPECTED,SUPPORTING,0.654,NORMAL,NONE,TRAIN,True,CRIMINAL,ACTIVE,2026-05-24,2026-09-08
0.544,FALSE,CONTRADICTING,0.153,NORMAL,NONE,TRAIN,True,CRIMINAL,ACTIVE,2026-04-04,2026-07-03
0.274,CONFIRMED,SUPPORTING,0.968,NORMAL,NONE,TRAIN,True,CRIMINAL,ACTIVE,2026-03-20,2026-08-02
0.082,UNKNOWN,NEUTRAL,0.293,NORMAL,NONE,TRAIN,True,CRIMINAL,ACTIVE,2025-11-03,2026-05-25
0.227,CONFIRMED,SUPPORTING,0.849,NORMAL,CONTEXTUAL_ANOMALY,TRAIN,True,CRIMINAL,ACTIVE,2026-01-12,2026-07-04
0.566,SUSPECTED,SUPPORTING,0.767,NORMAL,NONE,TRAIN,True,MIXED,ACTIVE,2025-12-05,2026-05-13
0.575,FALSE,CONTRADICTING,0.221,SHARED_DEVICE,NONE,TRAIN,True,MIXED,ACTIVE,2025-12-26,2026-03-21
0.381,FALSE,CONTRADICTING,0.395,NORMAL,NONE,VALIDATION,True,LEGITIMATE,ACTIVE,2026-03-11,2026-07-02
0.638,UNKNOWN,NEUTRAL,0.304,NORMAL,NONE,TEST,True,AMBIGUOUS,ACTIVE,2025-12-11,2026-05-04
0.249,CONFIRMED,SUPPORTING,0.986,NORMAL,NONE,TRAIN,True,MIXED,ACTIVE,2026-05-18,2026-08-14
0.6,SUSPECTED,SUPPORTING,0.663,NORMAL,COLLECTIVE_ANOMALY,TRAIN,True,MIXED,ACTIVE,2025-12-01,2026-03-05
0.005,UNKNOWN,NEUTRAL,0.472,NORMAL,COLLECTIVE_ANOMALY,TRAIN,True,CRIMINAL,ACTIVE,2026-07-18,2026-10-14
0.416,UNKNOWN,NEUTRAL,0.372,NORMAL,NONE,TEST,True,AMBIGUOUS,ACTIVE,2026-02-05,2026-04-04
0.479,UNKNOWN,NEUTRAL,0.221,NORMAL,NONE,TRAIN,True,CRIMINAL,ACTIVE,2025-10-27,2026-03-17
0.756,SUSPECTED,SUPPORTING,0.744,NORMAL,NONE,TRAIN,True,LEGITIMATE,ACTIVE,2026-02-10,2026-06-14
0.494,UNKNOWN,NEUTRAL,0.369,NORMAL,NONE,TEST,True,AMBIGUOUS,ACTIVE,2026-04-05,2026-07-02
0.181,CONFIRMED,SUPPORTING,0.928,NORMAL,NONE,TRAIN,True,CRIMINAL,ACTIVE,2025-10-09,2026-02-01
0.293,UNKNOWN,NEUTRAL,0.298,NORMAL,NONE,TRAIN,True,CRIMINAL,ACTIVE,2026-04-22,2026-05-31
0.155,CONFIRMED,SUPPORTING,0.876,NORMAL,NONE,TEST,True,AMBIGUOUS,ACTIVE,2026-04-11,2026-07-10
0.526,UNKNOWN,NEUTRAL,0.458,NORMAL,NONE,TRAIN,True,MIXED,ACTIVE,2026-02-23,2026-08-18
0.297,SUSPECTED,SUPPORTING,0.755,NORMAL,POINT_ANOMALY,TRAIN,True,CRIMINAL,ACTIVE,2026-03-13,2026-07-13
0.393,FALSE,CONTRADICTING,0.138,NORMAL,NONE,VALIDATION,True,LEGITIMATE,ACTIVE,2026-03-05,2026-08-30
0.883,SUSPECTED,SUPPORTING,0.598,NORMAL,NONE,TRAIN,True,CRIMINAL,ACTIVE,2026-07-02,2026-08-15
0.511,CONFIRMED,SUPPORTING,0.944,NORMAL,NONE,TRAIN,True,CRIMINAL,ACTIVE,2026-05-15,2026-09-01
0.417,FALSE,CONTRADICTING,0.193,NORMAL,NONE,VALIDATION,True,LEGITIMATE,ACTIVE,2025-10-12,2026-03-04
0.47,CONFIRMED,SUPPORTING,0.856,NORMAL,NONE,TRAIN,True,CRIMINAL,ACTIVE,2025-10-12,2026-01-20
0.247,SUSPECTED,SUPPORTING,0.701,NORMAL,NONE,TRAIN,True,MIXED,ACTIVE,2026-03-04,2026-04-30
0.358,SUSPECTED,SUPPORTING,0.718,NORMAL,NONE,TRAIN,True,CRIMINAL,ACTIVE,2026-03-30,2026-07-31
0.63,CONFIRMED,SUPPORTING,0.919,NORMAL,NONE,TRAIN,True,CRIMINAL,ACTIVE,2026-02-05,2026-05-28
0.565,CONFIRMED,SUPPORTING,0.966,NORMAL,POINT_ANOMALY,TRAIN,True,MIXED,ACTIVE,2026-01-02,2026-03-03
0.503,SUSPECTED,SUPPORTING,0.642,NORMAL,NONE,TEST,True,AMBIGUOUS,ACTIVE,2025-12-24,2026-06-18
0.503,CONFIRMED,SUPPORTING,0.847,NORMAL,NONE,TEST,True,AMBIGUOUS,ACTIVE,2025-12-05,2026-02-08
0.21,UNKNOWN,NEUTRAL,0.299,NORMAL,NONE,TRAIN,True,MIXED,ACTIVE,2026-02-05,2026-04-27
0.292,SUSPECTED,SUPPORTING,0.59,NORMAL,POINT_ANOMALY,TRAIN,True,MIXED,ACTIVE,2026-02-28,2026-04-17
0.186,FALSE,CONTRADICTING,0.356,NORMAL,NONE,VALIDATION,True,LEGITIMATE,ACTIVE,2026-05-05,2026-11-04
0.627,CONFIRMED,SUPPORTING,0.824,NORMAL,NONE,TRAIN,True,CRIMINAL,ACTIVE,2026-02-20,2026-08-08
0.35,CONFIRMED,SUPPORTING,0.967,NORMAL,POINT_ANOMALY,TRAIN,True,CRIMINAL,ACTIVE,2025-12-27,2026-05-22
0.49,SUSPECTED,SUPPORTING,0.639,NORMAL,NONE,TRAIN,True,CRIMINAL,ACTIVE,2026-05-01,2026-08-08
0.481,UNKNOWN,NEUTRAL,0.258,NORMAL,NONE,TEST,True,AMBIGUOUS,ACTIVE,2026-06-05,2026-09-16
0.626,FALSE,CONTRADICTING,0.213,NORMAL,NONE,TRAIN,True,CRIMINAL,ACTIVE,2026-04-30,2026-09-20
0.854,SUSPECTED,SUPPORTING,0.812,NORMAL,NONE,TRAIN,True,CRIMINAL,ACTIVE,2026-03-21,2026-07-24
0.524,SUSPECTED,SUPPORTING,0.827,NORMAL,NONE,TRAIN,True,CRIMINAL,ACTIVE,2026-05-03,2026-09-03
0.406,CONFIRMED,SUPPORTING,0.961,NORMAL,NONE,TRAIN,True,CRIMINAL,ACTIVE,2026-01-12,2026-05-10
0.501,FALSE,CONTRADICTING,0.292,NORMAL,NONE,TRAIN,True,LEGITIMATE,ACTIVE,2025-09-16,2026-01-23
0.659,FALSE,CONTRADICTING,0.393,NORMAL,NONE,TRAIN,True,LEGITIMATE,ACTIVE,2026-05-03,2026-08-24
0.144,UNKNOWN,NEUTRAL,0.525,NORMAL,NONE,TRAIN,True,CRIMINAL,ACTIVE,2026-03-18,2026-05-18
0.682,CONFIRMED,SUPPORTING,0.902,NORMAL,NONE,VALIDATION,True,LEGITIMATE,ACTIVE,2026-03-24,2026-07-19
0.509,CONFIRMED,SUPPORTING,0.916,NORMAL,NONE,TRAIN,True,CRIMINAL,ACTIVE,2026-04-03,2026-07-20
0.636,UNKNOWN,NEUTRAL,0.466,NORMAL,COLLECTIVE_ANOMALY,TEST,True,AMBIGUOUS,ACTIVE,2026-04-07,2026-08-27
0.543,CONFIRMED,SUPPORTING,0.959,NORMAL,NONE,TRAIN,True,CRIMINAL,ACTIVE,2026-06-04,2026-09-21
0.209,SUSPECTED,SUPPORTING,0.818,NORMAL,RELATIONAL_ANOMALY,VALIDATION,True,LEGITIMATE,ACTIVE,2026-03-25,2026-10-10
0.443,FALSE,CONTRADICTING,0.13,NORMAL,CONTEXTUAL_ANOMALY,TEST,True,AMBIGUOUS,ACTIVE,2025-12-29,2026-03-11
0.71,SUSPECTED,SUPPORTING,0.603,NORMAL,NONE,TRAIN,True,CRIMINAL,ACTIVE,2026-04-18,2026-08-26
0.847,FALSE,CONTRADICTING,0.312,NORMAL,NONE,TRAIN,True,MIXED,ACTIVE,2026-03-12,2026-08-28
0.159,UNKNOWN,NEUTRAL,0.421,NORMAL,POINT_ANOMALY,TRAIN,True,CRIMINAL,ACTIVE,2026-03-19,2026-07-03
0.532,SUSPECTED,SUPPORTING,0.582,NORMAL,CONTEXTUAL_ANOMALY,TRAIN,True,CRIMINAL,ACTIVE,2025-12-22,2026-04-03
0.146,CONFIRMED,SUPPORTING,0.98,NORMAL,POINT_ANOMALY,VALIDATION,True,LEGITIMATE,ACTIVE,2025-11-18,2026-04-01
0.284,SUSPECTED,SUPPORTING,0.721,STALE_DEVICE,CONTEXTUAL_ANOMALY,TRAIN,True,CRIMINAL,ACTIVE,2025-12-22,2026-05-02
0.382,CONFIRMED,SUPPORTING,0.934,NORMAL,NONE,VALIDATION,True,LEGITIMATE,ACTIVE,2025-11-26,2026-02-28
0.343,CONFIRMED,SUPPORTING,0.911,NORMAL,NONE,TRAIN,True,CRIMINAL,ACTIVE,2025-12-30,2026-04-04
0.478,UNKNOWN,NEUTRAL,0.221,NORMAL,NONE,TRAIN,True,CRIMINAL,ACTIVE,2026-03-25,2026-08-01
0.661,SUSPECTED,SUPPORTING,0.663,NORMAL,NONE,VALIDATION,True,LEGITIMATE,ACTIVE,2025-12-28,2026-06-05
0.093,UNKNOWN,NEUTRAL,0.419,NORMAL,NONE,TRAIN,True,CRIMINAL,ACTIVE,2025-12-05,2026-03-19
0.232,SUSPECTED,SUPPORTING,0.765,NORMAL,NONE,TRAIN,True,MIXED,ACTIVE,2026-04-25,2026-06-20
0.433,CONFIRMED,SUPPORTING,0.94,NORMAL,NONE,TRAIN,True,LEGITIMATE,ACTIVE,2026-05-06,2026-10-31
0.239,UNKNOWN,NEUTRAL,0.246,NORMAL,NONE,TRAIN,True,LEGITIMATE,ACTIVE,2025-10-21,2026-02-18
0.398,UNKNOWN,NEUTRAL,0.463,NORMAL,TEMPORAL_ANOMALY,TRAIN,True,CRIMINAL,ACTIVE,2026-05-18,2026-09-20
0.157,SUSPECTED,SUPPORTING,0.667,NORMAL,NONE,TRAIN,True,CRIMINAL,ACTIVE,2026-02-26,2026-05-16
0.111,CONFIRMED,SUPPORTING,0.956,NORMAL,NONE,TRAIN,True,CRIMINAL,ACTIVE,2026-06-15,2026-08-24
0.478,UNKNOWN,NEUTRAL,0.211,NORMAL,NONE,TRAIN,True,CRIMINAL,ACTIVE,2025-11-04,2026-03-27
0.272,UNKNOWN,NEUTRAL,0.52,NORMAL,NONE,VALIDATION,True,LEGITIMATE,ACTIVE,2025-11-28,2026-05-05
0.14,UNKNOWN,NEUTRAL,0.488,NORMAL,NONE,TRAIN,True,MIXED,ACTIVE,2025-12-16,2026-04-15
0.667,UNKNOWN,NEUTRAL,0.272,NORMAL,POINT_ANOMALY,TRAIN,True,MIXED,ACTIVE,2025-11-09,2026-03-09
0.615,CONFIRMED,SUPPORTING,0.837,NORMAL,NONE,TEST,True,AMBIGUOUS,ACTIVE,2025-12-14,2026-04-24
0.15,SUSPECTED,SUPPORTING,0.793,DUPLICATE,NONE,TRAIN,True,MIXED,ACTIVE,2025-12-21,2026-02-07
0.281,SUSPECTED,SUPPORTING,0.796,NORMAL,NONE,VALIDATION,True,LEGITIMATE,ACTIVE,2025-12-04,2026-04-11
0.084,CONFIRMED,SUPPORTING,0.82,NORMAL,NONE,TRAIN,True,MIXED,ACTIVE,2026-01-16,2026-04-12
0.079,FALSE,CONTRADICTING,0.169,NORMAL,TEMPORAL_ANOMALY,TRAIN,True,MIXED,ACTIVE,2025-12-11,2026-04-24
0.378,FALSE,CONTRADICTING,0.294,RECYCLED_SIM,NONE,VALIDATION,True,LEGITIMATE,ACTIVE,2026-04-15,2026-09-25
0.465,SUSPECTED,SUPPORTING,0.823,NORMAL,NONE,TRAIN,True,CRIMINAL,ACTIVE,2025-10-10,2026-03-14
0.206,UNKNOWN,NEUTRAL,0.265,NORMAL,NONE,TEST,True,AMBIGUOUS,ACTIVE,2026-05-03,2026-06-01
0.37,UNKNOWN,NEUTRAL,0.512,NORMAL,NONE,TEST,True,AMBIGUOUS,ACTIVE,2026-02-06,2026-03-27
0.394,UNKNOWN,NEUTRAL,0.479,NORMAL,CONTEXTUAL_ANOMALY,TEST,True,AMBIGUOUS,ACTIVE,2026-02-20,2026-05-02
0.243,UNKNOWN,NEUTRAL,0.264,NORMAL,NONE,TRAIN,True,CRIMINAL,ACTIVE,2025-12-21,2026-02-27
0.558,CONFIRMED,SUPPORTING,0.836,NORMAL,NONE,TRAIN,True,CRIMINAL,ACTIVE,2026-03-11,2026-05-09
0.489,UNKNOWN,NEUTRAL,0.312,RECYCLED_SIM,NONE,TRAIN,True,LEGITIMATE,ACTIVE,2025-12-30,2026-06-04
0.343,UNKNOWN,NEUTRAL,0.314,NORMAL,NONE,TRAIN,True,CRIMINAL,ACTIVE,2026-03-18,2026-04-17
0.494,CONFIRMED,SUPPORTING,0.915,NORMAL,NONE,TEST,True,AMBIGUOUS,ACTIVE,2026-04-21,2026-10-05
0.261,SUSPECTED,SUPPORTING,0.679,NORMAL,NONE,TRAIN,True,CRIMINAL,ACTIVE,2026-03-11,2026-09-29
0.179,SUSPECTED,SUPPORTING,0.757,NORMAL,NONE,TRAIN,True,CRIMINAL,ACTIVE,2026-05-02,2026-09-07
0.617,UNKNOWN,NEUTRAL,0.52,NORMAL,NONE,TRAIN,True,CRIMINAL,ACTIVE,2025-11-16,2026-03-26
0.307,SUSPECTED,SUPPORTING,0.673,NORMAL,NONE,VALIDATION,True,LEGITIMATE,ACTIVE,2026-02-03,2026-08-05
0.419,CONFIRMED,SUPPORTING,0.913,NORMAL,NONE,TEST,True,AMBIGUOUS,ACTIVE,2026-06-05,2026-08-03
0.013,CONFIRMED,SUPPORTING,0.956,DUPLICATE,COLLECTIVE_ANOMALY,TRAIN,True,CRIMINAL,ACTIVE,2026-04-03,2026-08-05
0.38,SUSPECTED,SUPPORTING,0.683,NORMAL,NONE,TRAIN,True,MIXED,ACTIVE,2026-01-25,2026-04-13
0.688,CONFIRMED,SUPPORTING,0.887,NORMAL,NONE,TRAIN,True,CRIMINAL,ACTIVE,2026-06-14,2026-10-14
0.85,CONFIRMED,SUPPORTING,0.961,NORMAL,NONE,TRAIN,True,CRIMINAL,ACTIVE,2025-11-15,2026-05-03
0.208,UNKNOWN,NEUTRAL,0.547,NORMAL,NONE,TRAIN,True,CRIMINAL,ACTIVE,2026-02-16,2026-05-26
0.076,CONFIRMED,SUPPORTING,0.943,NORMAL,NONE,TRAIN,True,CRIMINAL,ACTIVE,2025-11-29,2026-05-11
0.583,CONFIRMED,SUPPORTING,0.963,NORMAL,NONE,TEST,True,AMBIGUOUS,ACTIVE,2026-04-22,2026-08-19
0.784,CONFIRMED,SUPPORTING,0.978,NORMAL,NONE,TRAIN,True,CRIMINAL,ACTIVE,2026-01-17,2026-05-09
0.492,SUSPECTED,SUPPORTING,0.836,NORMAL,TEMPORAL_ANOMALY,TRAIN,True,MIXED,ACTIVE,2026-07-22,2026-10-11
0.484,FALSE,CONTRADICTING,0.289,NORMAL,NONE,TRAIN,True,CRIMINAL,ACTIVE,2026-06-29,2026-09-17
0.44,SUSPECTED,SUPPORTING,0.714,NORMAL,NONE,TRAIN,True,MIXED,ACTIVE,2025-10-09,2026-03-17
0.477,SUSPECTED,SUPPORTING,0.801,NORMAL,NONE,TRAIN,True,CRIMINAL,ACTIVE,2026-01-16,2026-06-01
0.27,FALSE,CONTRADICTING,0.343,NORMAL,RELATIONAL_ANOMALY,TRAIN,True,MIXED,ACTIVE,2026-04-10,2026-07-26
0.201,UNKNOWN,NEUTRAL,0.492,NORMAL,NONE,TEST,True,AMBIGUOUS,ACTIVE,2026-05-31,2026-09-09
0.407,FALSE,CONTRADICTING,0.132,DUPLICATE,NONE,TRAIN,True,MIXED,ACTIVE,2026-04-08,2026-08-31
0.466,SUSPECTED,SUPPORTING,0.783,NORMAL,NONE,TRAIN,True,CRIMINAL,ACTIVE,2025-12-20,2026-02-14
0.379,CONFIRMED,SUPPORTING,0.973,NORMAL,NONE,TRAIN,True,CRIMINAL,ACTIVE,2026-01-08,2026-03-12
0.465,UNKNOWN,NEUTRAL,0.21,NORMAL,NONE,TRAIN,True,MIXED,ACTIVE,2026-02-26,2026-08-14
0.177,CONFIRMED,SUPPORTING,0.873,NORMAL,TEMPORAL_ANOMALY,TRAIN,True,CRIMINAL,ACTIVE,2025-12-31,2026-04-13
0.641,SUSPECTED,SUPPORTING,0.77,NORMAL,NONE,TRAIN,True,MIXED,ACTIVE,2026-04-19,2026-09-21
0.356,UNKNOWN,NEUTRAL,0.459,NORMAL,NONE,TRAIN,True,MIXED,ACTIVE,2025-10-31,2026-03-07
0.578,UNKNOWN,NEUTRAL,0.382,STALE_DEVICE,NONE,TEST,True,AMBIGUOUS,ACTIVE,2026-07-09,2026-08-04
0.774,UNKNOWN,NEUTRAL,0.258,NORMAL,NONE,TRAIN,True,CRIMINAL,ACTIVE,2026-01-28,2026-04-21
0.869,UNKNOWN,NEUTRAL,0.213,NORMAL,NONE,TRAIN,True,CRIMINAL,ACTIVE,2026-02-08,2026-08-13
0.517,SUSPECTED,SUPPORTING,0.636,NORMAL,RELATIONAL_ANOMALY,TRAIN,True,LEGITIMATE,ACTIVE,2026-01-14,2026-08-07
0.049,CONFIRMED,SUPPORTING,0.988,NORMAL,NONE,TEST,True,AMBIGUOUS,ACTIVE,2026-03-25,2026-08-24
0.406,UNKNOWN,NEUTRAL,0.478,NORMAL,COLLECTIVE_ANOMALY,TRAIN,True,CRIMINAL,ACTIVE,2026-03-22,2026-07-25
0.081,SUSPECTED,SUPPORTING,0.805,NORMAL,POINT_ANOMALY,TEST,True,AMBIGUOUS,ACTIVE,2025-11-12,2026-03-20
0.525,CONFIRMED,SUPPORTING,0.901,NORMAL,NONE,TRAIN,True,CRIMINAL,ACTIVE,2026-02-25,2026-04-09
0.409,SUSPECTED,SUPPORTING,0.707,NORMAL,NONE,TRAIN,True,CRIMINAL,ACTIVE,2026-03-08,2026-08-06
0.22,SUSPECTED,SUPPORTING,0.671,NORMAL,NONE,TRAIN,True,CRIMINAL,ACTIVE,2025-12-06,2026-02-20
0.523,CONFIRMED,SUPPORTING,0.965,NORMAL,TEMPORAL_ANOMALY,TRAIN,True,CRIMINAL,ACTIVE,2026-01-21,2026-06-16
0.463,FALSE,CONTRADICTING,0.382,NORMAL,TEMPORAL_ANOMALY,TEST,True,AMBIGUOUS,ACTIVE,2026-04-24,2026-08-26
0.541,SUSPECTED,SUPPORTING,0.709,NORMAL,NONE,TRAIN,True,MIXED,ACTIVE,2026-02-19,2026-04-19
0.041,SUSPECTED,SUPPORTING,0.664,NORMAL,TEMPORAL_ANOMALY,TRAIN,True,CRIMINAL,ACTIVE,2025-12-21,2026-06-17
0.127,UNKNOWN,NEUTRAL,0.434,NORMAL,NONE,TRAIN,True,MIXED,ACTIVE,2025-12-02,2026-03-03
0.357,SUSPECTED,SUPPORTING,0.643,NORMAL,CONTEXTUAL_ANOMALY,TEST,True,AMBIGUOUS,ACTIVE,2025-12-24,2026-05-15
0.233,SUSPECTED,SUPPORTING,0.736,NORMAL,NONE,TRAIN,True,CRIMINAL,ACTIVE,2026-02-19,2026-06-14
0.176,SUSPECTED,SUPPORTING,0.8,NORMAL,NONE,TRAIN,True,CRIMINAL,ACTIVE,2026-01-16,2026-04-23
0.265,FALSE,CONTRADICTING,0.129,NORMAL,NONE,TRAIN,True,MIXED,ACTIVE,2025-12-28,2026-04-03
0.354,SUSPECTED,SUPPORTING,0.642,DUPLICATE,TEMPORAL_ANOMALY,TRAIN,True,CRIMINAL,ACTIVE,2026-04-04,2026-07-10
0.384,UNKNOWN,NEUTRAL,0.3,NORMAL,COLLECTIVE_ANOMALY,TRAIN,True,MIXED,ACTIVE,2026-05-20,2026-08-19
0.096,UNKNOWN,NEUTRAL,0.504,NORMAL,NONE,TRAIN,True,LEGITIMATE,ACTIVE,2026-06-09,2026-09-10
0.496,SUSPECTED,SUPPORTING,0.593,NORMAL,NONE,TRAIN,True,CRIMINAL,ACTIVE,2026-02-04,2026-06-06
0.568,CONFIRMED,SUPPORTING,0.949,NORMAL,NONE,TEST,True,AMBIGUOUS,ACTIVE,2026-04-23,2026-08-14
0.667,UNKNOWN,NEUTRAL,0.359,NORMAL,NONE,TRAIN,True,MIXED,ACTIVE,2026-02-02,2026-05-28
0.21,CONFIRMED,SUPPORTING,0.971,NORMAL,NONE,TRAIN,True,CRIMINAL,ACTIVE,2026-05-08,2026-09-06
0.127,UNKNOWN,NEUTRAL,0.217,NORMAL,NONE,TRAIN,True,LEGITIMATE,ACTIVE,2025-09-19,2026-03-19
0.289,UNKNOWN,NEUTRAL,0.403,NORMAL,NONE,TRAIN,True,CRIMINAL,ACTIVE,2026-01-21,2026-04-23
0.52,FALSE,CONTRADICTING,0.22,NORMAL,NONE,TEST,True,AMBIGUOUS,ACTIVE,2026-02-18,2026-05-24
0.317,SUSPECTED,SUPPORTING,0.786,NORMAL,NONE,VALIDATION,True,LEGITIMATE,ACTIVE,2026-01-14,2026-05-17
0.192,UNKNOWN,NEUTRAL,0.32,NORMAL,POINT_ANOMALY,TEST,True,AMBIGUOUS,ACTIVE,2026-05-01,2026-09-26
0.011,CONFIRMED,SUPPORTING,0.976,RECYCLED_SIM,RELATIONAL_ANOMALY,TRAIN,True,CRIMINAL,ACTIVE,2026-02-25,2026-06-16
0.581,CONFIRMED,SUPPORTING,0.864,NORMAL,NONE,TRAIN,True,CRIMINAL,ACTIVE,2026-03-29,2026-09-11
0.374,CONFIRMED,SUPPORTING,0.942,NORMAL,NONE,TRAIN,True,CRIMINAL,ACTIVE,2026-01-07,2026-04-20
0.163,UNKNOWN,NEUTRAL,0.349,DUPLICATE,NONE,TRAIN,True,CRIMINAL,ACTIVE,2026-01-14,2026-07-24
0.833,UNKNOWN,NEUTRAL,0.286,NORMAL,NONE,TRAIN,True,CRIMINAL,ACTIVE,2026-01-26,2026-05-02
0.446,UNKNOWN,NEUTRAL,0.457,NORMAL,NONE,TRAIN,True,CRIMINAL,ACTIVE,2026-01-17,2026-04-19
0.18,UNKNOWN,NEUTRAL,0.205,NORMAL,NONE,TEST,True,AMBIGUOUS,ACTIVE,2025-12-30,2026-04-07
0.216,UNKNOWN,NEUTRAL,0.469,NORMAL,NONE,TEST,True,AMBIGUOUS,ACTIVE,2026-05-27,2026-10-02
0.506,FALSE,CONTRADICTING,0.341,NORMAL,NONE,TRAIN,True,MIXED,ACTIVE,2026-02-07,2026-06-18
0.899,UNKNOWN,NEUTRAL,0.424,NORMAL,NONE,TRAIN,True,CRIMINAL,ACTIVE,2026-01-13,2026-05-16
0.64,SUSPECTED,SUPPORTING,0.627,NORMAL,TEMPORAL_ANOMALY,TRAIN,True,CRIMINAL,ACTIVE,2026-02-21,2026-06-23
0.334,SUSPECTED,SUPPORTING,0.622,NORMAL,NONE,TRAIN,True,CRIMINAL,ACTIVE,2026-01-03,2026-05-10
0.1,SUSPECTED,SUPPORTING,0.78,NORMAL,NONE,TRAIN,True,CRIMINAL,ACTIVE,2025-11-12,2026-02-19
0.213,UNKNOWN,NEUTRAL,0.387,NORMAL,NONE,TRAIN,True,MIXED,ACTIVE,2026-03-17,2026-05-27
0.499,UNKNOWN,NEUTRAL,0.25,NORMAL,NONE,VALIDATION,True,LEGITIMATE,ACTIVE,2026-03-18,2026-07-03
0.193,SUSPECTED,SUPPORTING,0.852,NORMAL,NONE,TRAIN,True,CRIMINAL,ACTIVE,2026-02-22,2026-06-20
0.723,SUSPECTED,SUPPORTING,0.761,NORMAL,NONE,TRAIN,True,MIXED,ACTIVE,2026-05-20,2026-06-28
0.035,CONFIRMED,SUPPORTING,0.84,NORMAL,NONE,TRAIN,True,CRIMINAL,ACTIVE,2026-02-08,2026-05-23
0.46,UNKNOWN,NEUTRAL,0.373,NORMAL,NONE,TRAIN,True,CRIMINAL,ACTIVE,2026-03-25,2026-08-29
0.448,CONFIRMED,SUPPORTING,0.891,NORMAL,NONE,TRAIN,True,LEGITIMATE,ACTIVE,2026-02-06,2026-05-23
0.455,CONFIRMED,SUPPORTING,0.872,NORMAL,NONE,TEST,True,AMBIGUOUS,ACTIVE,2025-11-06,2026-03-21
0.226,CONFIRMED,SUPPORTING,0.965,RECYCLED_SIM,NONE,TEST,True,AMBIGUOUS,ACTIVE,2025-12-09,2026-03-06
0.184,UNKNOWN,NEUTRAL,0.497,NORMAL,NONE,TEST,True,AMBIGUOUS,ACTIVE,2025-11-15,2026-04-28
0.668,CONFIRMED,SUPPORTING,0.896,NORMAL,NONE,TRAIN,True,MIXED,ACTIVE,2026-03-13,2026-05-30
0.033,SUSPECTED,SUPPORTING,0.84,NORMAL,NONE,TRAIN,True,CRIMINAL,ACTIVE,2026-04-10,2026-06-28
0.197,SUSPECTED,SUPPORTING,0.784,STALE_DEVICE,POINT_ANOMALY,TRAIN,True,MIXED,ACTIVE,2026-06-21,2026-09-20
0.372,CONFIRMED,SUPPORTING,0.837,NORMAL,NONE,TRAIN,True,MIXED,ACTIVE,2026-07-04,2026-08-14
0.626,FALSE,CONTRADICTING,0.418,NORMAL,COLLECTIVE_ANOMALY,TRAIN,True,CRIMINAL,ACTIVE,2025-10-30,2026-03-22
0.284,CONFIRMED,SUPPORTING,0.952,NORMAL,NONE,TRAIN,True,CRIMINAL,ACTIVE,2025-12-19,2026-02-27
0.167,UNKNOWN,NEUTRAL,0.438,NORMAL,NONE,TEST,True,AMBIGUOUS,ACTIVE,2025-12-23,2026-03-30
0.141,UNKNOWN,NEUTRAL,0.455,NORMAL,NONE,TEST,True,AMBIGUOUS,ACTIVE,2026-06-22,2026-07-30
0.686,UNKNOWN,NEUTRAL,0.484,NORMAL,NONE,TRAIN,True,MIXED,ACTIVE,2026-05-12,2026-09-22
0.162,CONFIRMED,SUPPORTING,0.989,NORMAL,NONE,TRAIN,True,CRIMINAL,ACTIVE,2026-02-10,2026-04-25
0.869,FALSE,CONTRADICTING,0.269,NORMAL,NONE,TRAIN,True,CRIMINAL,ACTIVE,2026-01-31,2026-05-14
0.662,UNKNOWN,NEUTRAL,0.477,NORMAL,CONTEXTUAL_ANOMALY,TRAIN,True,CRIMINAL,ACTIVE,2026-04-05,2026-07-15
0.557,CONFIRMED,SUPPORTING,0.871,NORMAL,NONE,TRAIN,True,CRIMINAL,ACTIVE,2026-03-21,2026-05-09
0.622,SUSPECTED,SUPPORTING,0.855,NORMAL,NONE,VALIDATION,True,LEGITIMATE,ACTIVE,2026-02-14,2026-05-18
0.858,FALSE,CONTRADICTING,0.169,SHARED_DEVICE,NONE,TRAIN,True,CRIMINAL,ACTIVE,2026-04-30,2026-08-04
0.347,FALSE,CONTRADICTING,0.173,NORMAL,NONE,TEST,True,AMBIGUOUS,ACTIVE,2026-04-03,2026-07-01
0.326,SUSPECTED,SUPPORTING,0.658,NORMAL,NONE,TRAIN,True,CRIMINAL,ACTIVE,2026-02-09,2026-05-27
0.818,SUSPECTED,SUPPORTING,0.627,NORMAL,NONE,TRAIN,True,MIXED,ACTIVE,2026-04-08,2026-10-16
0.513,SUSPECTED,SUPPORTING,0.638,NORMAL,NONE,TRAIN,True,CRIMINAL,ACTIVE,2026-03-26,2026-07-25
0.506,FALSE,CONTRADICTING,0.31,NORMAL,NONE,TRAIN,True,CRIMINAL,ACTIVE,2025-10-07,2026-03-18
0.186,UNKNOWN,NEUTRAL,0.289,NORMAL,NONE,VALIDATION,True,LEGITIMATE,ACTIVE,2025-10-24,2026-05-01
0.322,SUSPECTED,SUPPORTING,0.593,NORMAL,NONE,TEST,True,AMBIGUOUS,ACTIVE,2025-12-15,2026-04-16
0.719,SUSPECTED,SUPPORTING,0.775,NORMAL,NONE,TRAIN,True,MIXED,ACTIVE,2026-01-18,2026-06-04
0.22,FALSE,CONTRADICTING,0.251,NORMAL,NONE,TRAIN,True,LEGITIMATE,ACTIVE,2026-03-08,2026-07-24
0.42,SUSPECTED,SUPPORTING,0.629,NORMAL,NONE,VALIDATION,True,LEGITIMATE,ACTIVE,2025-11-17,2026-04-14
0.513,SUSPECTED,SUPPORTING,0.623,NORMAL,CONTEXTUAL_ANOMALY,TRAIN,True,MIXED,ACTIVE,2026-01-08,2026-04-22
0.09,SUSPECTED,SUPPORTING,0.65,NORMAL,TEMPORAL_ANOMALY,TEST,True,AMBIGUOUS,ACTIVE,2026-02-08,2026-05-27
0.448,CONFIRMED,SUPPORTING,0.888,NORMAL,NONE,TEST,True,AMBIGUOUS,ACTIVE,2026-04-30,2026-10-04
0.715,FALSE,CONTRADICTING,0.177,NORMAL,NONE,VALIDATION,True,LEGITIMATE,ACTIVE,2026-01-03,2026-04-14
0.53,CONFIRMED,SUPPORTING,0.831,NORMAL,TEMPORAL_ANOMALY,TRAIN,True,CRIMINAL,ACTIVE,2025-11-24,2026-05-29
0.432,UNKNOWN,NEUTRAL,0.352,NORMAL,NONE,VALIDATION,True,LEGITIMATE,ACTIVE,2025-12-13,2026-05-01
0.465,SUSPECTED,SUPPORTING,0.664,NORMAL,NONE,TRAIN,True,CRIMINAL,ACTIVE,2025-11-12,2026-02-08
0.529,SUSPECTED,SUPPORTING,0.767,NORMAL,NONE,VALIDATION,True,LEGITIMATE,ACTIVE,2026-01-08,2026-05-13
0.44,CONFIRMED,SUPPORTING,0.965,NORMAL,NONE,TRAIN,True,MIXED,ACTIVE,2026-03-29,2026-07-03
0.23,SUSPECTED,SUPPORTING,0.591,NORMAL,NONE,TRAIN,True,CRIMINAL,ACTIVE,2026-03-13,2026-06-08
0.284,FALSE,CONTRADICTING,0.182,NORMAL,NONE,VALIDATION,True,LEGITIMATE,ACTIVE,2026-02-13,2026-08-12
0.348,CONFIRMED,SUPPORTING,0.961,NORMAL,NONE,TRAIN,True,CRIMINAL,ACTIVE,2026-02-07,2026-04-27
0.194,FALSE,CONTRADICTING,0.22,NORMAL,NONE,TRAIN,True,CRIMINAL,ACTIVE,2026-04-16,2026-09-27
0.394,FALSE,CONTRADICTING,0.326,NORMAL,NONE,TRAIN,True,MIXED,ACTIVE,2025-12-18,2026-05-20
0.488,CONFIRMED,SUPPORTING,0.881,NORMAL,CONTEXTUAL_ANOMALY,TRAIN,True,MIXED,ACTIVE,2026-01-21,2026-08-05
0.127,SUSPECTED,SUPPORTING,0.721,NORMAL,NONE,TRAIN,True,MIXED,ACTIVE,2026-05-12,2026-09-20
0.071,SUSPECTED,SUPPORTING,0.826,NORMAL,NONE,TRAIN,True,MIXED,ACTIVE,2026-06-05,2026-09-06
0.149,UNKNOWN,NEUTRAL,0.234,NORMAL,NONE,VALIDATION,True,LEGITIMATE,ACTIVE,2025-09-10,2026-03-02
0.623,CONFIRMED,SUPPORTING,0.873,NORMAL,NONE,TRAIN,True,CRIMINAL,ACTIVE,2026-04-01,2026-07-02
0.684,CONFIRMED,SUPPORTING,0.835,NORMAL,COLLECTIVE_ANOMALY,TRAIN,True,CRIMINAL,ACTIVE,2026-05-21,2026-08-23
0.14,FALSE,CONTRADICTING,0.169,NORMAL,NONE,TRAIN,True,CRIMINAL,ACTIVE,2026-04-10,2026-07-19
0.206,UNKNOWN,NEUTRAL,0.309,NORMAL,NONE,VALIDATION,True,LEGITIMATE,ACTIVE,2026-04-30,2026-08-04
0.551,SUSPECTED,SUPPORTING,0.627,NORMAL,NONE,TRAIN,True,CRIMINAL,ACTIVE,2025-11-29,2026-03-21
0.886,CONFIRMED,SUPPORTING,0.932,NORMAL,NONE,TRAIN,True,MIXED,ACTIVE,2025-10-02,2026-02-15
0.14,FALSE,CONTRADICTING,0.253,NORMAL,COLLECTIVE_ANOMALY,TRAIN,True,LEGITIMATE,ACTIVE,2025-11-05,2026-05-25
0.102,CONFIRMED,SUPPORTING,0.988,NORMAL,RELATIONAL_ANOMALY,TRAIN,True,CRIMINAL,ACTIVE,2026-03-22,2026-05-11
0.32,SUSPECTED,SUPPORTING,0.717,NORMAL,NONE,TRAIN,True,MIXED,ACTIVE,2026-01-24,2026-04-09
0.217,SUSPECTED,SUPPORTING,0.67,NORMAL,NONE,TRAIN,True,MIXED,ACTIVE,2026-06-03,2026-08-26
0.613,FALSE,CONTRADICTING,0.153,NORMAL,NONE,VALIDATION,True,LEGITIMATE,ACTIVE,2026-06-10,2026-10-11
0.696,FALSE,CONTRADICTING,0.405,DUPLICATE,NONE,TRAIN,True,MIXED,ACTIVE,2026-03-26,2026-05-18
0.569,UNKNOWN,NEUTRAL,0.436,NORMAL,NONE,TRAIN,True,MIXED,ACTIVE,2026-01-20,2026-04-22
0.371,SUSPECTED,SUPPORTING,0.67,NORMAL,CONTEXTUAL_ANOMALY,TRAIN,True,MIXED,ACTIVE,2026-04-17,2026-09-08
0.635,SUSPECTED,SUPPORTING,0.804,NORMAL,TEMPORAL_ANOMALY,VALIDATION,True,LEGITIMATE,ACTIVE,2026-01-27,2026-04-21
0.269,SUSPECTED,SUPPORTING,0.795,NORMAL,NONE,TEST,True,AMBIGUOUS,ACTIVE,2026-01-07,2026-05-30
0.382,CONFIRMED,SUPPORTING,0.888,NORMAL,NONE,TRAIN,True,CRIMINAL,ACTIVE,2026-01-20,2026-05-02
0.132,SUSPECTED,SUPPORTING,0.759,NORMAL,NONE,VALIDATION,True,LEGITIMATE,ACTIVE,2026-03-11,2026-08-28
0.328,SUSPECTED,SUPPORTING,0.759,NORMAL,NONE,TRAIN,True,LEGITIMATE,ACTIVE,2025-11-10,2026-04-29
0.624,UNKNOWN,NEUTRAL,0.48,NORMAL,NONE,TRAIN,True,CRIMINAL,ACTIVE,2025-11-05,2026-03-15
0.572,FALSE,CONTRADICTING,0.31,NORMAL,NONE,TEST,True,AMBIGUOUS,ACTIVE,2026-02-22,2026-07-28
0.714,SUSPECTED,SUPPORTING,0.837,NORMAL,NONE,TRAIN,True,CRIMINAL,ACTIVE,2026-01-26,2026-06-16
0.352,UNKNOWN,NEUTRAL,0.305,NORMAL,NONE,TRAIN,True,CRIMINAL,ACTIVE,2026-03-31,2026-09-28
0.579,FALSE,CONTRADICTING,0.165,NORMAL,NONE,TRAIN,True,CRIMINAL,ACTIVE,2025-11-06,2026-02-19
0.625,FALSE,CONTRADICTING,0.167,NORMAL,NONE,TRAIN,True,LEGITIMATE,ACTIVE,2026-06-15,2026-08-30
0.405,CONFIRMED,SUPPORTING,0.888,NORMAL,NONE,TRAIN,True,MIXED,ACTIVE,2025-12-11,2026-04-21
0.656,UNKNOWN,NEUTRAL,0.326,NORMAL,TEMPORAL_ANOMALY,TEST,True,AMBIGUOUS,ACTIVE,2026-02-17,2026-08-06
0.344,UNKNOWN,NEUTRAL,0.508,NORMAL,NONE,TEST,True,AMBIGUOUS,ACTIVE,2026-04-08,2026-08-02
0.068,SUSPECTED,SUPPORTING,0.684,NORMAL,POINT_ANOMALY,VALIDATION,True,LEGITIMATE,ACTIVE,2026-02-03,2026-07-13
0.274,UNKNOWN,NEUTRAL,0.371,NORMAL,NONE,TRAIN,True,MIXED,ACTIVE,2026-02-08,2026-05-13
0.629,SUSPECTED,SUPPORTING,0.701,DUPLICATE,NONE,TRAIN,True,CRIMINAL,ACTIVE,2026-04-16,2026-08-17
0.147,CONFIRMED,SUPPORTING,0.963,NORMAL,NONE,TRAIN,True,MIXED,ACTIVE,2026-02-11,2026-05-14
0.066,UNKNOWN,NEUTRAL,0.291,NORMAL,NONE,TRAIN,True,CRIMINAL,ACTIVE,2026-07-02,2026-08-22
0.368,SUSPECTED,SUPPORTING,0.775,NORMAL,CONTEXTUAL_ANOMALY,TRAIN,True,CRIMINAL,ACTIVE,2026-06-26,2026-09-14
0.494,SUSPECTED,SUPPORTING,0.765,NORMAL,NONE,TRAIN,True,CRIMINAL,ACTIVE,2026-05-25,2026-09-04
0.619,FALSE,CONTRADICTING,0.309,NORMAL,NONE,VALIDATION,True,LEGITIMATE,ACTIVE,2026-03-01,2026-05-29
0.275,SUSPECTED,SUPPORTING,0.742,NORMAL,NONE,TRAIN,True,MIXED,ACTIVE,2026-03-07,2026-07-10
0.267,UNKNOWN,NEUTRAL,0.345,NORMAL,NONE,TRAIN,True,CRIMINAL,ACTIVE,2026-02-15,2026-06-05
0.158,SUSPECTED,SUPPORTING,0.72,NORMAL,NONE,VALIDATION,True,LEGITIMATE,ACTIVE,2026-01-06,2026-04-07
0.462,UNKNOWN,NEUTRAL,0.403,NORMAL,POINT_ANOMALY,TRAIN,True,CRIMINAL,ACTIVE,2026-05-26,2026-07-18
0.525,UNKNOWN,NEUTRAL,0.46,NORMAL,NONE,TEST,True,AMBIGUOUS,ACTIVE,2026-05-06,2026-09-04
0.382,FALSE,CONTRADICTING,0.227,NORMAL,NONE,TRAIN,True,CRIMINAL,ACTIVE,2025-11-27,2026-04-17
0.488,UNKNOWN,NEUTRAL,0.261,NORMAL,NONE,TRAIN,True,MIXED,ACTIVE,2026-04-17,2026-07-17
0.355,FALSE,CONTRADICTING,0.259,NORMAL,TEMPORAL_ANOMALY,TRAIN,True,CRIMINAL,ACTIVE,2026-01-05,2026-02-17
0.885,UNKNOWN,NEUTRAL,0.462,NORMAL,NONE,TRAIN,True,LEGITIMATE,ACTIVE,2026-05-26,2026-07-07
0.393,SUSPECTED,SUPPORTING,0.715,NORMAL,NONE,TRAIN,True,LEGITIMATE,ACTIVE,2026-01-31,2026-05-14
0.466,FALSE,CONTRADICTING,0.305,NORMAL,NONE,TRAIN,True,CRIMINAL,ACTIVE,2026-03-17,2026-07-01
0.495,SUSPECTED,SUPPORTING,0.625,NORMAL,NONE,TRAIN,True,MIXED,ACTIVE,2026-01-09,2026-03-20
0.413,SUSPECTED,SUPPORTING,0.774,NORMAL,NONE,TRAIN,True,MIXED,ACTIVE,2026-01-25,2026-06-30
0.28,SUSPECTED,SUPPORTING,0.798,NORMAL,NONE,TRAIN,True,CRIMINAL,ACTIVE,2026-03-19,2026-07-19
0.591,SUSPECTED,SUPPORTING,0.777,NORMAL,POINT_ANOMALY,TRAIN,True,CRIMINAL,ACTIVE,2026-03-02,2026-07-04
0.339,SUSPECTED,SUPPORTING,0.598,NORMAL,TEMPORAL_ANOMALY,TEST,True,AMBIGUOUS,ACTIVE,2025-12-10,2026-02-13
0.288,FALSE,CONTRADICTING,0.319,NORMAL,NONE,TRAIN,True,CRIMINAL,ACTIVE,2026-05-05,2026-08-02
0.325,FALSE,CONTRADICTING,0.335,NORMAL,NONE,TRAIN,True,MIXED,ACTIVE,2026-01-18,2026-05-31
0.714,SUSPECTED,SUPPORTING,0.79,NORMAL,NONE,TRAIN,True,CRIMINAL,ACTIVE,2026-05-18,2026-09-07
0.379,SUSPECTED,SUPPORTING,0.821,STALE_DEVICE,NONE,TRAIN,True,CRIMINAL,ACTIVE,2026-02-26,2026-06-16
0.736,SUSPECTED,SUPPORTING,0.656,NORMAL,COLLECTIVE_ANOMALY,TRAIN,True,MIXED,ACTIVE,2025-11-13,2026-04-13
0.465,CONFIRMED,SUPPORTING,0.985,NORMAL,NONE,TRAIN,True,CRIMINAL,ACTIVE,2026-01-11,2026-06-18
0.494,UNKNOWN,NEUTRAL,0.466,NORMAL,COLLECTIVE_ANOMALY,TEST,True,AMBIGUOUS,ACTIVE,2026-01-30,2026-08-07
0.635,FALSE,CONTRADICTING,0.342,NORMAL,NONE,TRAIN,True,CRIMINAL,ACTIVE,2025-11-29,2026-02-20
0.415,SUSPECTED,SUPPORTING,0.58,NORMAL,NONE,TRAIN,True,MIXED,ACTIVE,2025-11-12,2026-02-15
0.452,CONFIRMED,SUPPORTING,0.887,NORMAL,CONTEXTUAL_ANOMALY,TRAIN,True,CRIMINAL,ACTIVE,2025-11-25,2026-03-26
0.328,UNKNOWN,NEUTRAL,0.401,NORMAL,NONE,VALIDATION,True,LEGITIMATE,ACTIVE,2026-03-01,2026-08-25
0.505,FALSE,CONTRADICTING,0.161,NORMAL,NONE,TRAIN,True,CRIMINAL,ACTIVE,2026-05-02,2026-06-13
0.28,SUSPECTED,SUPPORTING,0.769,NORMAL,NONE,VALIDATION,True,LEGITIMATE,ACTIVE,2025-12-01,2026-03-31
0.664,CONFIRMED,SUPPORTING,0.977,NORMAL,NONE,TEST,True,AMBIGUOUS,ACTIVE,2026-04-19,2026-09-04
0.351,SUSPECTED,SUPPORTING,0.591,NORMAL,NONE,TEST,True,AMBIGUOUS,ACTIVE,2025-11-10,2026-03-07
0.567,CONFIRMED,SUPPORTING,0.939,NORMAL,NONE,TRAIN,True,CRIMINAL,ACTIVE,2026-05-06,2026-09-01
0.474,UNKNOWN,NEUTRAL,0.373,NORMAL,NONE,VALIDATION,True,LEGITIMATE,ACTIVE,2026-02-15,2026-06-23
0.321,SUSPECTED,SUPPORTING,0.842,NORMAL,NONE,TRAIN,True,CRIMINAL,ACTIVE,2025-12-06,2026-04-15
0.488,SUSPECTED,SUPPORTING,0.754,NORMAL,NONE,TRAIN,True,MIXED,ACTIVE,2025-11-20,2026-01-20
0.411,FALSE,CONTRADICTING,0.26,NORMAL,POINT_ANOMALY,TRAIN,True,LEGITIMATE,ACTIVE,2026-03-13,2026-06-29
0.377,CONFIRMED,SUPPORTING,0.892,NORMAL,CONTEXTUAL_ANOMALY,TRAIN,True,LEGITIMATE,ACTIVE,2026-06-25,2026-09-17
0.612,FALSE,CONTRADICTING,0.385,SHARED_DEVICE,NONE,TRAIN,True,LEGITIMATE,ACTIVE,2026-03-05,2026-05-27
0.51,UNKNOWN,NEUTRAL,0.306,NORMAL,NONE,TRAIN,True,MIXED,ACTIVE,2025-12-09,2026-05-02
0.425,CONFIRMED,SUPPORTING,0.868,NORMAL,NONE,TRAIN,True,CRIMINAL,ACTIVE,2025-11-11,2026-04-04
0.389,SUSPECTED,SUPPORTING,0.777,NORMAL,NONE,VALIDATION,True,LEGITIMATE,ACTIVE,2025-11-21,2026-03-08
0.143,UNKNOWN,NEUTRAL,0.543,NORMAL,RELATIONAL_ANOMALY,VALIDATION,True,LEGITIMATE,ACTIVE,2025-12-24,2026-03-25
0.27,FALSE,CONTRADICTING,0.164,NORMAL,NONE,VALIDATION,True,LEGITIMATE,ACTIVE,2026-01-18,2026-05-12
0.337,UNKNOWN,NEUTRAL,0.396,NORMAL,NONE,VALIDATION,True,LEGITIMATE,ACTIVE,2026-02-25,2026-07-30
0.178,CONFIRMED,SUPPORTING,0.953,NORMAL,NONE,TRAIN,True,MIXED,ACTIVE,2026-06-16,2026-09-18
0.761,UNKNOWN,NEUTRAL,0.52,NORMAL,NONE,TRAIN,True,MIXED,ACTIVE,2026-05-06,2026-07-21
0.733,CONFIRMED,SUPPORTING,0.938,NORMAL,COLLECTIVE_ANOMALY,TRAIN,True,MIXED,ACTIVE,2025-12-06,2026-05-26
0.506,SUSPECTED,SUPPORTING,0.638,NORMAL,TEMPORAL_ANOMALY,VALIDATION,True,LEGITIMATE,ACTIVE,2026-01-31,2026-04-26
0.564,CONFIRMED,SUPPORTING,0.929,NORMAL,NONE,TRAIN,True,MIXED,ACTIVE,2026-04-10,2026-09-21
0.368,SUSPECTED,SUPPORTING,0.803,NORMAL,NONE,TRAIN,True,CRIMINAL,ACTIVE,2026-05-08,2026-07-03
0.231,CONFIRMED,SUPPORTING,0.958,NORMAL,NONE,TEST,True,AMBIGUOUS,ACTIVE,2026-03-20,2026-07-26
0.251,CONFIRMED,SUPPORTING,0.947,NORMAL,CONTEXTUAL_ANOMALY,TRAIN,True,CRIMINAL,ACTIVE,2025-11-21,2026-05-19
0.102,UNKNOWN,NEUTRAL,0.454,NORMAL,NONE,TEST,True,AMBIGUOUS,ACTIVE,2026-04-09,2026-09-16
0.35,SUSPECTED,SUPPORTING,0.641,NORMAL,NONE,TRAIN,True,CRIMINAL,ACTIVE,2026-03-16,2026-09-16
0.214,CONFIRMED,SUPPORTING,0.849,NORMAL,NONE,TRAIN,True,MIXED,ACTIVE,2026-02-21,2026-07-16
0.332,UNKNOWN,NEUTRAL,0.446,NORMAL,NONE,TRAIN,True,CRIMINAL,ACTIVE,2026-04-03,2026-09-16
0.301,CONFIRMED,SUPPORTING,0.886,NORMAL,NONE,TRAIN,True,CRIMINAL,ACTIVE,2026-02-02,2026-06-04
0.376,UNKNOWN,NEUTRAL,0.222,NORMAL,NONE,TRAIN,True,CRIMINAL,ACTIVE,2025-10-13,2026-01-25
0.71,UNKNOWN,NEUTRAL,0.419,NORMAL,CONTEXTUAL_ANOMALY,TRAIN,True,CRIMINAL,ACTIVE,2026-02-24,2026-05-31
0.668,CONFIRMED,SUPPORTING,0.936,NORMAL,COLLECTIVE_ANOMALY,TEST,True,AMBIGUOUS,ACTIVE,2025-11-18,2026-03-30
0.438,SUSPECTED,SUPPORTING,0.723,NORMAL,NONE,TRAIN,True,LEGITIMATE,ACTIVE,2026-05-08,2026-08-30
0.088,CONFIRMED,SUPPORTING,0.863,NORMAL,POINT_ANOMALY,TRAIN,True,MIXED,ACTIVE,2026-01-09,2026-04-23
0.492,SUSPECTED,SUPPORTING,0.749,NORMAL,NONE,TRAIN,True,CRIMINAL,ACTIVE,2025-12-15,2026-06-05
0.439,SUSPECTED,SUPPORTING,0.676,DUPLICATE,NONE,TRAIN,True,CRIMINAL,ACTIVE,2026-06-01,2026-10-04
0.087,CONFIRMED,SUPPORTING,0.988,NORMAL,NONE,VALIDATION,True,LEGITIMATE,ACTIVE,2025-11-22,2026-03-01
0.255,CONFIRMED,SUPPORTING,0.836,NORMAL,NONE,TRAIN,True,CRIMINAL,ACTIVE,2026-06-06,2026-09-07
0.688,SUSPECTED,SUPPORTING,0.753,NORMAL,NONE,TRAIN,True,CRIMINAL,ACTIVE,2026-01-25,2026-07-18
0.379,SUSPECTED,SUPPORTING,0.626,NORMAL,NONE,TEST,True,AMBIGUOUS,ACTIVE,2026-03-21,2026-07-22
0.63,FALSE,CONTRADICTING,0.163,NORMAL,NONE,TRAIN,True,CRIMINAL,ACTIVE,2025-12-01,2026-04-08
0.192,FALSE,CONTRADICTING,0.153,NORMAL,CONTEXTUAL_ANOMALY,TRAIN,True,MIXED,ACTIVE,2026-01-09,2026-03-14
0.481,SUSPECTED,SUPPORTING,0.638,NORMAL,POINT_ANOMALY,TRAIN,True,MIXED,ACTIVE,2025-12-20,2026-06-09
0.35,SUSPECTED,SUPPORTING,0.66,NORMAL,NONE,TEST,True,AMBIGUOUS,ACTIVE,2025-10-04,2026-02-18
0.517,CONFIRMED,SUPPORTING,0.849,NORMAL,CONTEXTUAL_ANOMALY,TRAIN,True,CRIMINAL,ACTIVE,2026-01-28,2026-06-13
0.139,SUSPECTED,SUPPORTING,0.743,NORMAL,NONE,TRAIN,True,CRIMINAL,ACTIVE,2025-10-31,2026-02-26
0.556,FALSE,CONTRADICTING,0.148,NORMAL,RELATIONAL_ANOMALY,TRAIN,True,LEGITIMATE,ACTIVE,2026-02-06,2026-08-13
0.732,UNKNOWN,NEUTRAL,0.401,NORMAL,NONE,TEST,True,AMBIGUOUS,ACTIVE,2025-12-24,2026-05-11
0.653,SUSPECTED,SUPPORTING,0.738,NORMAL,NONE,TRAIN,True,CRIMINAL,ACTIVE,2026-05-08,2026-10-09
0.089,CONFIRMED,SUPPORTING,0.959,NORMAL,NONE,TRAIN,True,MIXED,ACTIVE,2026-03-26,2026-06-20
0.502,SUSPECTED,SUPPORTING,0.835,NORMAL,NONE,TRAIN,True,CRIMINAL,ACTIVE,2025-11-16,2026-01-23
0.563,SUSPECTED,SUPPORTING,0.604,NORMAL,NONE,TEST,True,AMBIGUOUS,ACTIVE,2025-10-23,2026-01-21
0.548,UNKNOWN,NEUTRAL,0.307,NORMAL,NONE,TEST,True,AMBIGUOUS,ACTIVE,2026-01-26,2026-05-22
0.302,CONFIRMED,SUPPORTING,0.822,NORMAL,TEMPORAL_ANOMALY,TRAIN,True,MIXED,ACTIVE,2026-05-04,2026-07-12
0.441,FALSE,CONTRADICTING,0.317,DUPLICATE,NONE,VALIDATION,True,LEGITIMATE,ACTIVE,2026-01-18,2026-03-26
0.147,CONFIRMED,SUPPORTING,0.901,NORMAL,NONE,TRAIN,True,CRIMINAL,ACTIVE,2026-01-10,2026-04-27
0.4,SUSPECTED,SUPPORTING,0.81,NORMAL,POINT_ANOMALY,VALIDATION,True,LEGITIMATE,ACTIVE,2026-01-08,2026-05-29
0.179,SUSPECTED,SUPPORTING,0.815,NORMAL,NONE,TEST,True,AMBIGUOUS,ACTIVE,2025-12-25,2026-04-26
0.021,SUSPECTED,SUPPORTING,0.851,NORMAL,NONE,TRAIN,True,CRIMINAL,ACTIVE,2026-07-12,2026-09-02
0.284,FALSE,CONTRADICTING,0.199,NORMAL,NONE,VALIDATION,True,LEGITIMATE,ACTIVE,2026-07-12,2026-10-02
0.266,SUSPECTED,SUPPORTING,0.707,NORMAL,NONE,TRAIN,True,CRIMINAL,ACTIVE,2025-11-07,2026-04-22
0.391,UNKNOWN,NEUTRAL,0.374,NORMAL,COLLECTIVE_ANOMALY,VALIDATION,True,LEGITIMATE,ACTIVE,2025-12-30,2026-06-21
0.544,UNKNOWN,NEUTRAL,0.252,NORMAL,CONTEXTUAL_ANOMALY,TRAIN,True,CRIMINAL,ACTIVE,2026-03-31,2026-08-10
0.614,CONFIRMED,SUPPORTING,0.964,NORMAL,NONE,TRAIN,True,CRIMINAL,ACTIVE,2025-12-07,2026-05-11
0.275,CONFIRMED,SUPPORTING,0.9,RECYCLED_SIM,NONE,VALIDATION,True,LEGITIMATE,ACTIVE,2026-05-10,2026-09-12
0.317,FALSE,CONTRADICTING,0.211,NORMAL,NONE,TRAIN,True,LEGITIMATE,ACTIVE,2025-10-20,2026-03-28
0.406,UNKNOWN,NEUTRAL,0.216,NORMAL,NONE,TRAIN,True,MIXED,ACTIVE,2026-02-13,2026-05-18
0.196,FALSE,CONTRADICTING,0.42,NORMAL,NONE,VALIDATION,True,LEGITIMATE,ACTIVE,2026-04-22,2026-08-04
0.419,CONFIRMED,SUPPORTING,0.961,NORMAL,NONE,TRAIN,True,CRIMINAL,ACTIVE,2026-01-22,2026-04-22
0.553,SUSPECTED,SUPPORTING,0.68,NORMAL,NONE,TRAIN,True,MIXED,ACTIVE,2026-07-29,2026-08-27
0.304,UNKNOWN,NEUTRAL,0.509,NORMAL,POINT_ANOMALY,TRAIN,True,MIXED,ACTIVE,2026-05-05,2026-08-15
0.428,UNKNOWN,NEUTRAL,0.438,NORMAL,NONE,TRAIN,True,MIXED,ACTIVE,2025-11-26,2026-04-14
0.493,UNKNOWN,NEUTRAL,0.511,NORMAL,NONE,VALIDATION,True,LEGITIMATE,ACTIVE,2026-02-16,2026-07-07
0.442,SUSPECTED,SUPPORTING,0.823,NORMAL,NONE,TRAIN,True,MIXED,ACTIVE,2025-11-14,2026-02-25
0.115,UNKNOWN,NEUTRAL,0.495,NORMAL,NONE,TEST,True,AMBIGUOUS,ACTIVE,2026-01-01,2026-06-06
0.446,FALSE,CONTRADICTING,0.322,NORMAL,NONE,TRAIN,True,CRIMINAL,ACTIVE,2026-07-10,2026-09-23
0.453,FALSE,CONTRADICTING,0.163,NORMAL,CONTEXTUAL_ANOMALY,TEST,True,AMBIGUOUS,ACTIVE,2026-07-06,2026-09-12
0.344,UNKNOWN,NEUTRAL,0.487,NORMAL,NONE,VALIDATION,True,LEGITIMATE,ACTIVE,2026-01-03,2026-03-24
0.115,CONFIRMED,SUPPORTING,0.827,NORMAL,NONE,TRAIN,True,CRIMINAL,ACTIVE,2026-01-26,2026-04-27
0.574,CONFIRMED,SUPPORTING,0.844,NORMAL,NONE,TRAIN,True,CRIMINAL,ACTIVE,2026-01-21,2026-04-06
0.318,CONFIRMED,SUPPORTING,0.948,NORMAL,NONE,TRAIN,True,CRIMINAL,ACTIVE,2026-04-05,2026-09-12
0.352,UNKNOWN,NEUTRAL,0.211,NORMAL,NONE,TRAIN,True,MIXED,ACTIVE,2026-07-14,2026-10-15
0.656,UNKNOWN,NEUTRAL,0.217,NORMAL,NONE,TRAIN,True,MIXED,ACTIVE,2026-01-18,2026-05-28
0.358,FALSE,CONTRADICTING,0.277,NORMAL,NONE,TEST,True,AMBIGUOUS,ACTIVE,2026-05-11,2026-09-26
0.165,FALSE,CONTRADICTING,0.182,NORMAL,NONE,TRAIN,True,CRIMINAL,ACTIVE,2025-12-13,2026-02-04
0.128,FALSE,CONTRADICTING,0.328,NORMAL,NONE,TRAIN,True,MIXED,ACTIVE,2025-11-28,2026-04-02
0.629,UNKNOWN,NEUTRAL,0.256,NORMAL,NONE,VALIDATION,True,LEGITIMATE,ACTIVE,2026-02-14,2026-05-20
0.161,CONFIRMED,SUPPORTING,0.958,NORMAL,NONE,TRAIN,True,CRIMINAL,ACTIVE,2025-12-17,2026-06-01
0.216,SUSPECTED,SUPPORTING,0.707,NORMAL,NONE,TRAIN,True,CRIMINAL,ACTIVE,2025-11-04,2026-04-03
0.649,CONFIRMED,SUPPORTING,0.886,NORMAL,NONE,TRAIN,True,CRIMINAL,ACTIVE,2026-05-12,2026-07-06
0.255,UNKNOWN,NEUTRAL,0.299,NORMAL,NONE,TRAIN,True,CRIMINAL,ACTIVE,2026-05-25,2026-06-29
0.641,SUSPECTED,SUPPORTING,0.756,NORMAL,CONTEXTUAL_ANOMALY,TRAIN,True,MIXED,ACTIVE,2025-12-26,2026-04-01
0.527,SUSPECTED,SUPPORTING,0.8,NORMAL,NONE,TRAIN,True,CRIMINAL,ACTIVE,2026-07-13,2026-10-09
0.585,UNKNOWN,NEUTRAL,0.283,NORMAL,NONE,TRAIN,True,MIXED,ACTIVE,2026-01-15,2026-02-28
0.26,CONFIRMED,SUPPORTING,0.975,NORMAL,NONE,TEST,True,AMBIGUOUS,ACTIVE,2026-02-24,2026-08-12
0.268,FALSE,CONTRADICTING,0.332,NORMAL,NONE,TRAIN,True,MIXED,ACTIVE,2026-02-08,2026-07-26
0.56,UNKNOWN,NEUTRAL,0.403,NORMAL,COLLECTIVE_ANOMALY,TEST,True,AMBIGUOUS,ACTIVE,2025-12-20,2026-01-28
0.209,FALSE,CONTRADICTING,0.244,NORMAL,NONE,TRAIN,True,MIXED,ACTIVE,2026-06-21,2026-09-04
0.39,FALSE,CONTRADICTING,0.348,NORMAL,NONE,TRAIN,True,MIXED,ACTIVE,2026-04-17,2026-08-02
0.123,SUSPECTED,SUPPORTING,0.6,NORMAL,NONE,TRAIN,True,MIXED,ACTIVE,2026-02-01,2026-06-03
0.419,CONFIRMED,SUPPORTING,0.846,NORMAL,NONE,TRAIN,True,CRIMINAL,ACTIVE,2026-05-05,2026-08-01
0.364,UNKNOWN,NEUTRAL,0.324,NORMAL,NONE,TRAIN,True,LEGITIMATE,ACTIVE,2026-01-10,2026-04-04
0.29,UNKNOWN,NEUTRAL,0.394,NORMAL,NONE,TRAIN,True,MIXED,ACTIVE,2026-05-16,2026-07-23
0.583,SUSPECTED,SUPPORTING,0.743,NORMAL,NONE,TRAIN,True,MIXED,ACTIVE,2026-03-19,2026-07-02
0.208,UNKNOWN,NEUTRAL,0.305,NORMAL,NONE,VALIDATION,True,LEGITIMATE,ACTIVE,2026-03-23,2026-08-07
0.815,FALSE,CONTRADICTING,0.139,NORMAL,NONE,TRAIN,True,LEGITIMATE,ACTIVE,2025-12-31,2026-04-20
0.799,CONFIRMED,SUPPORTING,0.981,NORMAL,NONE,TEST,True,AMBIGUOUS,ACTIVE,2026-05-10,2026-09-01
0.322,UNKNOWN,NEUTRAL,0.336,NORMAL,TEMPORAL_ANOMALY,VALIDATION,True,LEGITIMATE,ACTIVE,2026-01-04,2026-05-11
0.231,FALSE,CONTRADICTING,0.223,NORMAL,TEMPORAL_ANOMALY,VALIDATION,True,LEGITIMATE,ACTIVE,2026-01-10,2026-06-13
0.436,CONFIRMED,SUPPORTING,0.984,NORMAL,NONE,TRAIN,True,CRIMINAL,ACTIVE,2026-04-06,2026-05-10
0.323,UNKNOWN,NEUTRAL,0.411,RECYCLED_SIM,NONE,TRAIN,True,CRIMINAL,ACTIVE,2026-01-04,2026-05-26
0.241,SUSPECTED,SUPPORTING,0.592,NORMAL,COLLECTIVE_ANOMALY,TEST,True,AMBIGUOUS,ACTIVE,2026-01-07,2026-04-11
0.56,SUSPECTED,SUPPORTING,0.602,NORMAL,TEMPORAL_ANOMALY,VALIDATION,True,LEGITIMATE,ACTIVE,2026-02-23,2026-05-29
0.081,UNKNOWN,NEUTRAL,0.503,NORMAL,NONE,TRAIN,True,CRIMINAL,ACTIVE,2026-04-10,2026-07-20
0.541,UNKNOWN,NEUTRAL,0.422,SHARED_DEVICE,NONE,TEST,True,AMBIGUOUS,ACTIVE,2026-02-27,2026-06-28
0.248,CONFIRMED,SUPPORTING,0.946,NORMAL,NONE,TRAIN,True,CRIMINAL,ACTIVE,2026-04-06,2026-06-14
0.351,CONFIRMED,SUPPORTING,0.932,RECYCLED_SIM,NONE,VALIDATION,True,LEGITIMATE,ACTIVE,2025-10-26,2026-03-17
0.542,CONFIRMED,SUPPORTING,0.906,RECYCLED_SIM,NONE,TRAIN,True,CRIMINAL,ACTIVE,2026-03-04,2026-06-15
0.172,SUSPECTED,SUPPORTING,0.66,NORMAL,NONE,TRAIN,True,MIXED,ACTIVE,2026-01-23,2026-04-27
0.25,CONFIRMED,SUPPORTING,0.85,NORMAL,NONE,TRAIN,True,MIXED,ACTIVE,2026-04-14,2026-07-28
0.196,CONFIRMED,SUPPORTING,0.864,NORMAL,NONE,TRAIN,True,CRIMINAL,ACTIVE,2026-02-15,2026-04-12
0.474,UNKNOWN,NEUTRAL,0.459,NORMAL,CONTEXTUAL_ANOMALY,TEST,True,AMBIGUOUS,ACTIVE,2025-10-07,2026-03-30
0.331,FALSE,CONTRADICTING,0.199,NORMAL,NONE,TRAIN,True,CRIMINAL,ACTIVE,2026-01-20,2026-05-08
0.533,UNKNOWN,NEUTRAL,0.467,NORMAL,COLLECTIVE_ANOMALY,TRAIN,True,CRIMINAL,ACTIVE,2026-05-13,2026-10-16
0.619,CONFIRMED,SUPPORTING,0.956,NORMAL,TEMPORAL_ANOMALY,VALIDATION,True,LEGITIMATE,ACTIVE,2025-12-15,2026-04-06
0.302,SUSPECTED,SUPPORTING,0.857,NORMAL,NONE,TEST,True,AMBIGUOUS,ACTIVE,2026-04-28,2026-09-01
0.18,SUSPECTED,SUPPORTING,0.788,NORMAL,POINT_ANOMALY,TEST,True,AMBIGUOUS,ACTIVE,2025-11-06,2026-05-15
0.032,SUSPECTED,SUPPORTING,0.729,DUPLICATE,NONE,VALIDATION,True,LEGITIMATE,ACTIVE,2026-05-22,2026-07-31
0.241,UNKNOWN,NEUTRAL,0.305,NORMAL,NONE,TRAIN,True,LEGITIMATE,ACTIVE,2025-11-27,2026-03-29
0.465,CONFIRMED,SUPPORTING,0.872,NORMAL,NONE,TEST,True,AMBIGUOUS,ACTIVE,2026-03-15,2026-07-15
0.284,CONFIRMED,SUPPORTING,0.899,NORMAL,NONE,TRAIN,True,CRIMINAL,ACTIVE,2026-03-21,2026-06-22
0.308,CONFIRMED,SUPPORTING,0.921,NORMAL,NONE,VALIDATION,True,LEGITIMATE,ACTIVE,2026-05-19,2026-07-09
0.356,SUSPECTED,SUPPORTING,0.754,NORMAL,NONE,TRAIN,True,MIXED,ACTIVE,2026-03-25,2026-07-28
0.664,UNKNOWN,NEUTRAL,0.544,NORMAL,NONE,TEST,True,AMBIGUOUS,ACTIVE,2025-12-28,2026-04-30
0.226,UNKNOWN,NEUTRAL,0.248,NORMAL,NONE,TEST,True,AMBIGUOUS,ACTIVE,2026-06-30,2026-10-07
0.202,FALSE,CONTRADICTING,0.186,NORMAL,NONE,TRAIN,True,MIXED,ACTIVE,2025-10-29,2026-03-03
0.703,CONFIRMED,SUPPORTING,0.948,NORMAL,NONE,TRAIN,True,CRIMINAL,ACTIVE,2026-01-18,2026-04-03
0.527,SUSPECTED,SUPPORTING,0.806,NORMAL,NONE,VALIDATION,True,LEGITIMATE,ACTIVE,2025-11-26,2026-04-20
0.249,SUSPECTED,SUPPORTING,0.785,NORMAL,COLLECTIVE_ANOMALY,TRAIN,True,MIXED,ACTIVE,2025-12-15,2026-06-27
0.191,SUSPECTED,SUPPORTING,0.68,NORMAL,NONE,TRAIN,True,CRIMINAL,ACTIVE,2025-12-01,2026-05-07
0.327,UNKNOWN,NEUTRAL,0.303,NORMAL,NONE,VALIDATION,True,LEGITIMATE,ACTIVE,2025-12-18,2026-04-03
0.151,UNKNOWN,NEUTRAL,0.468,NORMAL,NONE,TEST,True,AMBIGUOUS,ACTIVE,2026-01-23,2026-07-17
0.814,FALSE,CONTRADICTING,0.398,NORMAL,NONE,TRAIN,True,CRIMINAL,ACTIVE,2026-05-16,2026-08-24
0.524,SUSPECTED,SUPPORTING,0.71,NORMAL,NONE,VALIDATION,True,LEGITIMATE,ACTIVE,2025-11-14,2026-03-24
0.734,UNKNOWN,NEUTRAL,0.382,NORMAL,NONE,VALIDATION,True,LEGITIMATE,ACTIVE,2025-09-30,2026-04-10
0.165,CONFIRMED,SUPPORTING,0.923,NORMAL,NONE,TRAIN,True,MIXED,ACTIVE,2026-06-19,2026-08-31
0.704,FALSE,CONTRADICTING,0.151,NORMAL,COLLECTIVE_ANOMALY,TEST,True,AMBIGUOUS,ACTIVE,2025-12-23,2026-05-08
0.573,UNKNOWN,NEUTRAL,0.355,NORMAL,NONE,TEST,True,AMBIGUOUS,ACTIVE,2026-05-11,2026-08-20
0.398,CONFIRMED,SUPPORTING,0.979,NORMAL,NONE,TRAIN,True,CRIMINAL,ACTIVE,2026-07-03,2026-09-16
0.452,SUSPECTED,SUPPORTING,0.707,NORMAL,CONTEXTUAL_ANOMALY,TRAIN,True,MIXED,ACTIVE,2025-10-24,2026-03-02
0.397,SUSPECTED,SUPPORTING,0.842,NORMAL,NONE,TRAIN,True,CRIMINAL,ACTIVE,2026-04-02,2026-07-18
0.436,UNKNOWN,NEUTRAL,0.535,NORMAL,NONE,VALIDATION,True,LEGITIMATE,ACTIVE,2026-05-30,2026-09-13
0.483,SUSPECTED,SUPPORTING,0.669,NORMAL,TEMPORAL_ANOMALY,TRAIN,True,MIXED,ACTIVE,2025-11-24,2026-03-24
0.671,CONFIRMED,SUPPORTING,0.843,NORMAL,NONE,TRAIN,True,MIXED,ACTIVE,2026-01-07,2026-06-05
0.551,CONFIRMED,SUPPORTING,0.836,NORMAL,CONTEXTUAL_ANOMALY,TRAIN,True,CRIMINAL,ACTIVE,2026-04-23,2026-08-29
0.71,FALSE,CONTRADICTING,0.3,NORMAL,NONE,TRAIN,True,MIXED,ACTIVE,2026-01-01,2026-06-29
0.284,CONFIRMED,SUPPORTING,0.881,NORMAL,NONE,TRAIN,True,MIXED,ACTIVE,2026-02-23,2026-06-14
0.342,UNKNOWN,NEUTRAL,0.324,NORMAL,NONE,TRAIN,True,MIXED,ACTIVE,2025-12-27,2026-04-20
0.286,SUSPECTED,SUPPORTING,0.758,NORMAL,NONE,TRAIN,True,MIXED,ACTIVE,2026-05-31,2026-09-12
0.265,CONFIRMED,SUPPORTING,0.94,NORMAL,NONE,TRAIN,True,MIXED,ACTIVE,2026-06-20,2026-11-08
0.44,UNKNOWN,NEUTRAL,0.442,NORMAL,NONE,TEST,True,AMBIGUOUS,ACTIVE,2026-05-03,2026-07-21
0.051,SUSPECTED,SUPPORTING,0.843,DUPLICATE,NONE,TRAIN,True,MIXED,ACTIVE,2025-11-23,2026-02-24
0.426,CONFIRMED,SUPPORTING,0.925,NORMAL,NONE,TRAIN,True,MIXED,ACTIVE,2026-03-13,2026-07-06
0.476,UNKNOWN,NEUTRAL,0.286,NORMAL,NONE,TRAIN,True,MIXED,ACTIVE,2026-04-01,2026-06-30
0.513,UNKNOWN,NEUTRAL,0.208,NORMAL,TEMPORAL_ANOMALY,TRAIN,True,MIXED,ACTIVE,2026-06-01,2026-09-14
0.327,SUSPECTED,SUPPORTING,0.821,NORMAL,NONE,TEST,True,AMBIGUOUS,ACTIVE,2026-04-29,2026-07-12
0.558,SUSPECTED,SUPPORTING,0.616,NORMAL,NONE,TRAIN,True,CRIMINAL,ACTIVE,2026-01-30,2026-04-29
0.734,CONFIRMED,SUPPORTING,0.975,NORMAL,NONE,TRAIN,True,MIXED,ACTIVE,2026-01-07,2026-06-18
0.65,CONFIRMED,SUPPORTING,0.939,NORMAL,NONE,TEST,True,AMBIGUOUS,ACTIVE,2026-05-05,2026-08-06
0.509,CONFIRMED,SUPPORTING,0.882,NORMAL,TEMPORAL_ANOMALY,TRAIN,True,CRIMINAL,ACTIVE,2026-06-15,2026-10-02
0.285,UNKNOWN,NEUTRAL,0.377,SHARED_DEVICE,NONE,TEST,True,AMBIGUOUS,ACTIVE,2026-03-14,2026-06-20
0.657,FALSE,CONTRADICTING,0.366,NORMAL,NONE,VALIDATION,True,LEGITIMATE,ACTIVE,2026-02-21,2026-03-24
0.394,SUSPECTED,SUPPORTING,0.844,NORMAL,NONE,TRAIN,True,CRIMINAL,ACTIVE,2026-03-13,2026-04-25
0.29,UNKNOWN,NEUTRAL,0.483,NORMAL,NONE,TEST,True,AMBIGUOUS,ACTIVE,2026-06-30,2026-09-19
0.212,SUSPECTED,SUPPORTING,0.739,NORMAL,NONE,TRAIN,True,MIXED,ACTIVE,2025-12-07,2026-04-26
0.243,FALSE,CONTRADICTING,0.411,NORMAL,NONE,TRAIN,True,CRIMINAL,ACTIVE,2025-11-29,2026-06-02
0.623,UNKNOWN,NEUTRAL,0.426,NORMAL,NONE,TRAIN,True,MIXED,ACTIVE,2026-01-20,2026-06-21
0.505,UNKNOWN,NEUTRAL,0.245,NORMAL,NONE,TRAIN,True,CRIMINAL,ACTIVE,2025-12-21,2026-04-10
0.707,SUSPECTED,SUPPORTING,0.719,NORMAL,NONE,TRAIN,True,CRIMINAL,ACTIVE,2025-10-30,2026-04-17
0.249,FALSE,CONTRADICTING,0.164,NORMAL,COLLECTIVE_ANOMALY,VALIDATION,True,LEGITIMATE,ACTIVE,2026-03-18,2026-05-13
0.191,CONFIRMED,SUPPORTING,0.941,NORMAL,NONE,TEST,True,AMBIGUOUS,ACTIVE,2026-02-20,2026-06-17
0.524,UNKNOWN,NEUTRAL,0.322,NORMAL,NONE,TRAIN,True,CRIMINAL,ACTIVE,2025-12-25,2026-05-20
0.155,FALSE,CONTRADICTING,0.234,NORMAL,NONE,VALIDATION,True,LEGITIMATE,ACTIVE,2025-10-18,2026-02-10
0.522,CONFIRMED,SUPPORTING,0.837,NORMAL,NONE,TRAIN,True,CRIMINAL,ACTIVE,2026-03-02,2026-04-09
0.226,CONFIRMED,SUPPORTING,0.851,NORMAL,POINT_ANOMALY,VALIDATION,True,LEGITIMATE,ACTIVE,2026-01-24,2026-06-01
0.714,SUSPECTED,SUPPORTING,0.718,NORMAL,NONE,TRAIN,True,CRIMINAL,ACTIVE,2025-12-14,2026-05-18
0.032,CONFIRMED,SUPPORTING,0.901,NORMAL,NONE,TEST,True,AMBIGUOUS,ACTIVE,2025-10-16,2026-04-05
0.151,SUSPECTED,SUPPORTING,0.842,NORMAL,NONE,TRAIN,True,CRIMINAL,ACTIVE,2026-03-17,2026-06-09
0.257,CONFIRMED,SUPPORTING,0.913,NORMAL,POINT_ANOMALY,TRAIN,True,CRIMINAL,ACTIVE,2026-03-21,2026-08-16
0.196,CONFIRMED,SUPPORTING,0.92,NORMAL,NONE,TEST,True,AMBIGUOUS,ACTIVE,2025-10-19,2026-03-08
0.24,CONFIRMED,SUPPORTING,0.99,NORMAL,NONE,TRAIN,True,CRIMINAL,ACTIVE,2025-12-24,2026-03-31
0.801,UNKNOWN,NEUTRAL,0.395,NORMAL,NONE,TRAIN,True,LEGITIMATE,ACTIVE,2026-06-26,2026-10-01
0.614,FALSE,CONTRADICTING,0.357,NORMAL,NONE,VALIDATION,True,LEGITIMATE,ACTIVE,2026-03-15,2026-07-04
0.636,UNKNOWN,NEUTRAL,0.341,NORMAL,NONE,TRAIN,True,CRIMINAL,ACTIVE,2026-03-27,2026-07-23
0.334,CONFIRMED,SUPPORTING,0.824,NORMAL,NONE,TRAIN,True,CRIMINAL,ACTIVE,2025-12-04,2026-06-18
0.492,UNKNOWN,NEUTRAL,0.509,NORMAL,NONE,TRAIN,True,MIXED,ACTIVE,2026-04-04,2026-06-20
0.163,SUSPECTED,SUPPORTING,0.61,NORMAL,NONE,TEST,True,AMBIGUOUS,ACTIVE,2026-05-25,2026-10-03
0.389,CONFIRMED,SUPPORTING,0.983,NORMAL,NONE,TRAIN,True,MIXED,ACTIVE,2026-05-07,2026-09-25
0.521,CONFIRMED,SUPPORTING,0.901,NORMAL,NONE,TRAIN,True,MIXED,ACTIVE,2026-05-25,2026-07-14
0.384,FALSE,CONTRADICTING,0.289,NORMAL,NONE,TRAIN,True,MIXED,ACTIVE,2025-12-14,2026-04-16
0.685,SUSPECTED,SUPPORTING,0.762,NORMAL,NONE,TRAIN,True,CRIMINAL,ACTIVE,2025-12-06,2026-04-11
0.218,UNKNOWN,NEUTRAL,0.262,NORMAL,POINT_ANOMALY,TRAIN,True,CRIMINAL,ACTIVE,2026-05-20,2026-10-11
0.497,SUSPECTED,SUPPORTING,0.806,NORMAL,NONE,VALIDATION,True,LEGITIMATE,ACTIVE,2026-02-10,2026-05-21
0.161,SUSPECTED,SUPPORTING,0.597,NORMAL,NONE,TRAIN,True,LEGITIMATE,ACTIVE,2026-01-18,2026-06-14
0.853,UNKNOWN,NEUTRAL,0.275,NORMAL,NONE,TRAIN,True,CRIMINAL,ACTIVE,2026-03-13,2026-04-17
0.181,SUSPECTED,SUPPORTING,0.8,NORMAL,NONE,TRAIN,True,CRIMINAL,ACTIVE,2026-04-16,2026-07-15
0.448,CONFIRMED,SUPPORTING,0.984,NORMAL,NONE,TRAIN,True,CRIMINAL,ACTIVE,2026-03-29,2026-08-20
0.493,UNKNOWN,NEUTRAL,0.43,NORMAL,NONE,TRAIN,True,CRIMINAL,ACTIVE,2026-03-24,2026-08-12
0.494,UNKNOWN,NEUTRAL,0.549,NORMAL,NONE,VALIDATION,True,LEGITIMATE,ACTIVE,2026-06-21,2026-08-21
0.09,CONFIRMED,SUPPORTING,0.886,NORMAL,NONE,TRAIN,True,CRIMINAL,ACTIVE,2025-12-13,2026-04-11
0.306,FALSE,CONTRADICTING,0.225,NORMAL,CONTEXTUAL_ANOMALY,VALIDATION,True,LEGITIMATE,ACTIVE,2026-02-01,2026-07-13
0.607,CONFIRMED,SUPPORTING,0.847,NORMAL,NONE,TRAIN,True,MIXED,ACTIVE,2025-12-22,2026-02-02
0.247,SUSPECTED,SUPPORTING,0.734,NORMAL,NONE,TRAIN,True,MIXED,ACTIVE,2026-05-27,2026-07-14
0.606,SUSPECTED,SUPPORTING,0.662,NORMAL,NONE,TRAIN,True,CRIMINAL,ACTIVE,2026-03-11,2026-06-01
0.44,CONFIRMED,SUPPORTING,0.9,DUPLICATE,NONE,VALIDATION,True,LEGITIMATE,ACTIVE,2026-02-15,2026-07-01
0.5,SUSPECTED,SUPPORTING,0.744,NORMAL,NONE,TRAIN,True,MIXED,ACTIVE,2026-04-14,2026-06-30
0.717,UNKNOWN,NEUTRAL,0.494,NORMAL,NONE,TRAIN,True,MIXED,ACTIVE,2026-07-15,2026-09-14
0.587,FALSE,CONTRADICTING,0.382,NORMAL,NONE,TEST,True,AMBIGUOUS,ACTIVE,2026-01-09,2026-06-07
0.316,CONFIRMED,SUPPORTING,0.95,NORMAL,NONE,VALIDATION,True,LEGITIMATE,ACTIVE,2025-11-15,2026-04-18
0.636,SUSPECTED,SUPPORTING,0.684,NORMAL,NONE,TRAIN,True,CRIMINAL,ACTIVE,2025-12-29,2026-04-10
0.697,SUSPECTED,SUPPORTING,0.708,NORMAL,NONE,TEST,True,AMBIGUOUS,ACTIVE,2026-05-17,2026-09-06
0.21,SUSPECTED,SUPPORTING,0.8,NORMAL,NONE,TEST,True,AMBIGUOUS,ACTIVE,2026-01-08,2026-04-25
0.338,CONFIRMED,SUPPORTING,0.831,NORMAL,NONE,TRAIN,True,CRIMINAL,ACTIVE,2026-03-03,2026-07-24
0.51,CONFIRMED,SUPPORTING,0.869,RECYCLED_SIM,NONE,TRAIN,True,MIXED,ACTIVE,2026-02-01,2026-06-25
0.648,UNKNOWN,NEUTRAL,0.377,NORMAL,RELATIONAL_ANOMALY,TRAIN,True,MIXED,ACTIVE,2026-04-30,2026-07-13
0.254,SUSPECTED,SUPPORTING,0.734,NORMAL,NONE,TRAIN,True,CRIMINAL,ACTIVE,2026-06-01,2026-09-06
0.598,UNKNOWN,NEUTRAL,0.26,NORMAL,NONE,VALIDATION,True,LEGITIMATE,ACTIVE,2026-02-02,2026-03-24
0.682,UNKNOWN,NEUTRAL,0.458,NORMAL,NONE,VALIDATION,True,LEGITIMATE,ACTIVE,2026-04-26,2026-08-16
0.618,SUSPECTED,SUPPORTING,0.628,NORMAL,NONE,TRAIN,True,MIXED,ACTIVE,2026-05-03,2026-09-02
0.247,UNKNOWN,NEUTRAL,0.304,NORMAL,NONE,TRAIN,True,CRIMINAL,ACTIVE,2025-12-03,2026-05-11
0.377,CONFIRMED,SUPPORTING,0.833,NORMAL,NONE,TRAIN,True,CRIMINAL,ACTIVE,2026-01-28,2026-07-14
0.3,UNKNOWN,NEUTRAL,0.245,NORMAL,NONE,TRAIN,True,CRIMINAL,ACTIVE,2026-03-03,2026-08-12
0.353,FALSE,CONTRADICTING,0.274,NORMAL,POINT_ANOMALY,TRAIN,True,CRIMINAL,ACTIVE,2025-10-06,2026-04-01
0.885,CONFIRMED,SUPPORTING,0.923,NORMAL,NONE,TEST,True,AMBIGUOUS,ACTIVE,2026-06-19,2026-08-18
0.295,FALSE,CONTRADICTING,0.175,NORMAL,NONE,VALIDATION,True,LEGITIMATE,ACTIVE,2026-06-15,2026-10-07
0.215,FALSE,CONTRADICTING,0.151,NORMAL,NONE,TRAIN,True,CRIMINAL,ACTIVE,2025-12-15,2026-03-15
0.587,CONFIRMED,SUPPORTING,0.842,NORMAL,NONE,TRAIN,True,CRIMINAL,ACTIVE,2026-04-18,2026-07-26
0.763,CONFIRMED,SUPPORTING,0.959,NORMAL,NONE,TRAIN,True,CRIMINAL,ACTIVE,2026-06-10,2026-09-05
0.304,UNKNOWN,NEUTRAL,0.231,NORMAL,NONE,TRAIN,True,CRIMINAL,ACTIVE,2026-01-06,2026-03-29
0.694,SUSPECTED,SUPPORTING,0.811,NORMAL,TEMPORAL_ANOMALY,TRAIN,True,MIXED,ACTIVE,2025-11-20,2026-05-19
0.23,FALSE,CONTRADICTING,0.418,NORMAL,NONE,TRAIN,True,CRIMINAL,ACTIVE,2026-03-10,2026-07-21
0.212,FALSE,CONTRADICTING,0.261,NORMAL,RELATIONAL_ANOMALY,TRAIN,True,MIXED,ACTIVE,2026-01-21,2026-06-18
0.247,SUSPECTED,SUPPORTING,0.815,NORMAL,NONE,TRAIN,True,CRIMINAL,ACTIVE,2026-04-19,2026-06-28
0.374,CONFIRMED,SUPPORTING,0.831,NORMAL,NONE,TRAIN,True,MIXED,ACTIVE,2025-12-16,2026-04-03
0.383,UNKNOWN,NEUTRAL,0.548,NORMAL,POINT_ANOMALY,TEST,True,AMBIGUOUS,ACTIVE,2026-04-28,2026-08-31
0.717,FALSE,CONTRADICTING,0.232,NORMAL,NONE,TRAIN,True,LEGITIMATE,ACTIVE,2025-09-21,2026-03-15
0.463,SUSPECTED,SUPPORTING,0.814,NORMAL,NONE,VALIDATION,True,LEGITIMATE,ACTIVE,2026-05-06,2026-10-11
0.481,UNKNOWN,NEUTRAL,0.527,NORMAL,NONE,TRAIN,True,CRIMINAL,ACTIVE,2026-03-03,2026-07-20
0.527,SUSPECTED,SUPPORTING,0.851,NORMAL,CONTEXTUAL_ANOMALY,TRAIN,True,CRIMINAL,ACTIVE,2026-03-01,2026-05-26
0.727,SUSPECTED,SUPPORTING,0.748,NORMAL,NONE,TEST,True,AMBIGUOUS,ACTIVE,2025-12-07,2026-05-02
0.574,UNKNOWN,NEUTRAL,0.345,NORMAL,NONE,TEST,True,AMBIGUOUS,ACTIVE,2026-05-29,2026-08-24
0.425,CONFIRMED,SUPPORTING,0.874,NORMAL,NONE,VALIDATION,True,LEGITIMATE,ACTIVE,2026-01-04,2026-06-22
0.181,SUSPECTED,SUPPORTING,0.647,RECYCLED_SIM,NONE,TRAIN,True,CRIMINAL,ACTIVE,2026-07-02,2026-09-23
0.608,UNKNOWN,NEUTRAL,0.456,NORMAL,NONE,TRAIN,True,CRIMINAL,ACTIVE,2026-01-26,2026-05-01
0.855,SUSPECTED,SUPPORTING,0.828,NORMAL,NONE,TRAIN,True,MIXED,ACTIVE,2026-02-25,2026-07-01
0.51,UNKNOWN,NEUTRAL,0.286,NORMAL,NONE,TRAIN,True,CRIMINAL,ACTIVE,2026-05-11,2026-09-25
0.544,CONFIRMED,SUPPORTING,0.884,NORMAL,NONE,TRAIN,True,CRIMINAL,ACTIVE,2025-11-09,2026-04-12
0.554,CONFIRMED,SUPPORTING,0.832,NORMAL,NONE,TEST,True,AMBIGUOUS,ACTIVE,2026-06-03,2026-07-05
0.42,SUSPECTED,SUPPORTING,0.753,NORMAL,NONE,TRAIN,True,MIXED,ACTIVE,2026-06-23,2026-08-03
0.514,CONFIRMED,SUPPORTING,0.891,SHARED_DEVICE,NONE,TRAIN,True,CRIMINAL,ACTIVE,2026-02-19,2026-08-22
0.151,CONFIRMED,SUPPORTING,0.852,NORMAL,NONE,TRAIN,True,CRIMINAL,ACTIVE,2025-12-29,2026-05-24
0.282,SUSPECTED,SUPPORTING,0.763,STALE_DEVICE,POINT_ANOMALY,TRAIN,True,CRIMINAL,ACTIVE,2026-03-22,2026-08-02
0.417,UNKNOWN,NEUTRAL,0.275,NORMAL,NONE,TRAIN,True,CRIMINAL,ACTIVE,2026-01-14,2026-07-06
0.447,FALSE,CONTRADICTING,0.382,NORMAL,NONE,TEST,True,AMBIGUOUS,ACTIVE,2025-12-14,2026-05-25
0.457,UNKNOWN,NEUTRAL,0.404,NORMAL,NONE,TRAIN,True,CRIMINAL,ACTIVE,2026-03-13,2026-06-18
0.515,UNKNOWN,NEUTRAL,0.307,NORMAL,NONE,TRAIN,True,CRIMINAL,ACTIVE,2025-11-23,2026-02-15
0.613,UNKNOWN,NEUTRAL,0.514,NORMAL,NONE,TRAIN,True,MIXED,ACTIVE,2026-02-01,2026-04-10
0.59,CONFIRMED,SUPPORTING,0.989,NORMAL,NONE,VALIDATION,True,LEGITIMATE,ACTIVE,2026-06-20,2026-08-29
0.55,UNKNOWN,NEUTRAL,0.415,NORMAL,NONE,TRAIN,True,CRIMINAL,ACTIVE,2025-12-20,2026-03-11
0.238,FALSE,CONTRADICTING,0.197,NORMAL,NONE,TRAIN,True,CRIMINAL,ACTIVE,2026-03-21,2026-05-31
0.419,UNKNOWN,NEUTRAL,0.373,NORMAL,NONE,TEST,True,AMBIGUOUS,ACTIVE,2026-06-03,2026-08-03
0.313,FALSE,CONTRADICTING,0.278,NORMAL,NONE,TRAIN,True,MIXED,ACTIVE,2026-06-22,2026-08-02
0.225,FALSE,CONTRADICTING,0.175,NORMAL,NONE,TRAIN,True,CRIMINAL,ACTIVE,2026-03-04,2026-08-12
0.565,UNKNOWN,NEUTRAL,0.491,NORMAL,NONE,TRAIN,True,MIXED,ACTIVE,2026-04-15,2026-08-17
0.483,SUSPECTED,SUPPORTING,0.661,NORMAL,NONE,TEST,True,AMBIGUOUS,ACTIVE,2025-12-29,2026-05-31
0.271,FALSE,CONTRADICTING,0.213,NORMAL,NONE,VALIDATION,True,LEGITIMATE,ACTIVE,2026-06-06,2026-09-22
0.462,FALSE,CONTRADICTING,0.149,NORMAL,NONE,TRAIN,True,MIXED,ACTIVE,2026-06-21,2026-08-29
0.543,SUSPECTED,SUPPORTING,0.679,NORMAL,NONE,TRAIN,True,MIXED,ACTIVE,2026-01-28,2026-05-30
0.399,SUSPECTED,SUPPORTING,0.711,NORMAL,NONE,VALIDATION,True,LEGITIMATE,ACTIVE,2026-06-04,2026-08-21
0.169,UNKNOWN,NEUTRAL,0.413,NORMAL,NONE,TRAIN,True,MIXED,ACTIVE,2026-05-11,2026-08-13
0.256,UNKNOWN,NEUTRAL,0.217,NORMAL,NONE,TRAIN,True,CRIMINAL,ACTIVE,2026-02-02,2026-05-15
0.253,UNKNOWN,NEUTRAL,0.262,NORMAL,NONE,TRAIN,True,MIXED,ACTIVE,2026-02-24,2026-09-01
0.663,FALSE,CONTRADICTING,0.397,NORMAL,NONE,TEST,True,AMBIGUOUS,ACTIVE,2026-04-14,2026-10-01
0.115,CONFIRMED,SUPPORTING,0.933,NORMAL,NONE,TEST,True,AMBIGUOUS,ACTIVE,2025-10-28,2026-05-10
0.582,SUSPECTED,SUPPORTING,0.771,NORMAL,NONE,TEST,True,AMBIGUOUS,ACTIVE,2026-07-03,2026-09-10
0.188,UNKNOWN,NEUTRAL,0.379,NORMAL,NONE,TRAIN,True,CRIMINAL,ACTIVE,2025-12-01,2026-03-26
0.582,CONFIRMED,SUPPORTING,0.96,NORMAL,NONE,VALIDATION,True,LEGITIMATE,ACTIVE,2026-06-01,2026-09-03
0.256,SUSPECTED,SUPPORTING,0.637,NORMAL,NONE,TRAIN,True,MIXED,ACTIVE,2025-12-27,2026-05-16
0.788,SUSPECTED,SUPPORTING,0.811,NORMAL,TEMPORAL_ANOMALY,TRAIN,True,LEGITIMATE,ACTIVE,2026-06-25,2026-10-19
0.35,FALSE,CONTRADICTING,0.39,STALE_DEVICE,NONE,TRAIN,True,MIXED,ACTIVE,2025-12-30,2026-05-11
0.539,CONFIRMED,SUPPORTING,0.979,SHARED_DEVICE,NONE,TRAIN,True,CRIMINAL,ACTIVE,2026-01-15,2026-04-11
0.47,SUSPECTED,SUPPORTING,0.671,NORMAL,NONE,TRAIN,True,CRIMINAL,ACTIVE,2026-04-01,2026-07-12
0.542,FALSE,CONTRADICTING,0.235,NORMAL,NONE,VALIDATION,True,LEGITIMATE,ACTIVE,2026-01-01,2026-07-13
0.218,CONFIRMED,SUPPORTING,0.891,RECYCLED_SIM,NONE,TRAIN,True,CRIMINAL,ACTIVE,2026-05-23,2026-09-23
0.769,CONFIRMED,SUPPORTING,0.947,NORMAL,NONE,TRAIN,True,CRIMINAL,ACTIVE,2025-12-12,2026-06-14
0.445,CONFIRMED,SUPPORTING,0.92,NORMAL,CONTEXTUAL_ANOMALY,VALIDATION,True,LEGITIMATE,ACTIVE,2026-01-13,2026-04-07
0.11,SUSPECTED,SUPPORTING,0.825,NORMAL,NONE,TEST,True,AMBIGUOUS,ACTIVE,2026-04-03,2026-09-11
0.177,SUSPECTED,SUPPORTING,0.675,NORMAL,NONE,TRAIN,True,CRIMINAL,ACTIVE,2026-04-27,2026-10-10
0.213,SUSPECTED,SUPPORTING,0.821,NORMAL,NONE,TRAIN,True,CRIMINAL,ACTIVE,2026-04-22,2026-08-09
0.199,UNKNOWN,NEUTRAL,0.294,NORMAL,NONE,TRAIN,True,CRIMINAL,ACTIVE,2026-02-16,2026-05-18
0.362,FALSE,CONTRADICTING,0.384,NORMAL,NONE,TRAIN,True,MIXED,ACTIVE,2025-12-17,2026-05-07
0.627,UNKNOWN,NEUTRAL,0.364,NORMAL,RELATIONAL_ANOMALY,VALIDATION,True,LEGITIMATE,ACTIVE,2026-04-12,2026-08-31
0.519,SUSPECTED,SUPPORTING,0.726,NORMAL,NONE,TEST,True,AMBIGUOUS,ACTIVE,2026-07-27,2026-10-06
0.456,CONFIRMED,SUPPORTING,0.821,NORMAL,NONE,TRAIN,True,CRIMINAL,ACTIVE,2026-02-23,2026-08-03
0.17,UNKNOWN,NEUTRAL,0.389,NORMAL,NONE,TEST,True,AMBIGUOUS,ACTIVE,2026-01-21,2026-05-06
0.732,SUSPECTED,SUPPORTING,0.766,NORMAL,CONTEXTUAL_ANOMALY,TRAIN,True,CRIMINAL,ACTIVE,2026-01-15,2026-02-23
0.514,CONFIRMED,SUPPORTING,0.933,NORMAL,NONE,TRAIN,True,MIXED,ACTIVE,2026-03-22,2026-07-26
0.267,UNKNOWN,NEUTRAL,0.323,NORMAL,NONE,TRAIN,True,CRIMINAL,ACTIVE,2025-10-07,2026-02-14
0.236,FALSE,CONTRADICTING,0.387,NORMAL,NONE,TEST,True,AMBIGUOUS,ACTIVE,2026-03-03,2026-06-05
0.141,SUSPECTED,SUPPORTING,0.598,NORMAL,NONE,TRAIN,True,LEGITIMATE,ACTIVE,2026-05-18,2026-08-12
0.432,FALSE,CONTRADICTING,0.232,NORMAL,NONE,TRAIN,True,CRIMINAL,ACTIVE,2026-04-11,2026-05-09
0.264,UNKNOWN,NEUTRAL,0.208,NORMAL,NONE,TRAIN,True,CRIMINAL,ACTIVE,2025-12-21,2026-02-05
0.195,FALSE,CONTRADICTING,0.142,NORMAL,NONE,TRAIN,True,CRIMINAL,ACTIVE,2026-04-23,2026-06-23
0.426,UNKNOWN,NEUTRAL,0.299,NORMAL,NONE,TRAIN,True,CRIMINAL,ACTIVE,2025-11-07,2026-05-13
0.682,SUSPECTED,SUPPORTING,0.838,NORMAL,NONE,TRAIN,True,CRIMINAL,ACTIVE,2025-12-21,2026-07-07
0.181,FALSE,CONTRADICTING,0.192,NORMAL,NONE,VALIDATION,True,LEGITIMATE,ACTIVE,2026-01-31,2026-04-22
0.261,SUSPECTED,SUPPORTING,0.683,NORMAL,NONE,TRAIN,True,CRIMINAL,ACTIVE,2026-03-23,2026-08-10
0.253,FALSE,CONTRADICTING,0.304,NORMAL,CONTEXTUAL_ANOMALY,TRAIN,True,CRIMINAL,ACTIVE,2026-01-16,2026-06-12
0.298,FALSE,CONTRADICTING,0.262,NORMAL,COLLECTIVE_ANOMALY,TRAIN,True,LEGITIMATE,ACTIVE,2025-12-15,2026-02-26
0.144,CONFIRMED,SUPPORTING,0.879,NORMAL,NONE,TRAIN,True,CRIMINAL,ACTIVE,2025-12-13,2026-05-04
0.32,SUSPECTED,SUPPORTING,0.645,NORMAL,NONE,TRAIN,True,CRIMINAL,ACTIVE,2026-08-01,2026-09-02
0.342,CONFIRMED,SUPPORTING,0.82,NORMAL,NONE,TEST,True,AMBIGUOUS,ACTIVE,2025-11-02,2026-05-03
0.41,SUSPECTED,SUPPORTING,0.607,NORMAL,NONE,TRAIN,True,MIXED,ACTIVE,2026-04-04,2026-09-07
0.706,CONFIRMED,SUPPORTING,0.88,NORMAL,NONE,TRAIN,True,MIXED,ACTIVE,2026-02-02,2026-05-12
0.374,SUSPECTED,SUPPORTING,0.676,NORMAL,NONE,TRAIN,True,MIXED,ACTIVE,2026-03-09,2026-06-02
0.279,UNKNOWN,NEUTRAL,0.541,NORMAL,NONE,TRAIN,True,MIXED,ACTIVE,2025-11-07,2026-02-20
0.109,SUSPECTED,SUPPORTING,0.754,RECYCLED_SIM,NONE,TRAIN,True,MIXED,ACTIVE,2026-02-25,2026-07-03
0.411,SUSPECTED,SUPPORTING,0.693,SHARED_DEVICE,RELATIONAL_ANOMALY,TRAIN,True,CRIMINAL,ACTIVE,2025-12-31,2026-03-12
0.328,SUSPECTED,SUPPORTING,0.739,NORMAL,NONE,TRAIN,True,CRIMINAL,ACTIVE,2026-06-13,2026-08-19
0.719,CONFIRMED,SUPPORTING,0.966,NORMAL,NONE,TRAIN,True,CRIMINAL,ACTIVE,2026-02-12,2026-06-20
0.347,SUSPECTED,SUPPORTING,0.676,NORMAL,NONE,VALIDATION,True,LEGITIMATE,ACTIVE,2026-05-01,2026-10-14
0.437,SUSPECTED,SUPPORTING,0.794,NORMAL,POINT_ANOMALY,TRAIN,True,MIXED,ACTIVE,2026-01-25,2026-06-07
0.307,SUSPECTED,SUPPORTING,0.822,NORMAL,NONE,TRAIN,True,CRIMINAL,ACTIVE,2026-03-10,2026-05-29
0.242,CONFIRMED,SUPPORTING,0.844,NORMAL,CONTEXTUAL_ANOMALY,TRAIN,True,MIXED,ACTIVE,2026-04-15,2026-06-25
0.351,CONFIRMED,SUPPORTING,0.871,NORMAL,NONE,TRAIN,True,CRIMINAL,ACTIVE,2026-03-23,2026-06-19
0.489,FALSE,CONTRADICTING,0.344,NORMAL,TEMPORAL_ANOMALY,TEST,True,AMBIGUOUS,ACTIVE,2026-03-30,2026-05-10
0.13,UNKNOWN,NEUTRAL,0.505,NORMAL,TEMPORAL_ANOMALY,TRAIN,True,LEGITIMATE,ACTIVE,2026-02-12,2026-07-30
0.509,SUSPECTED,SUPPORTING,0.795,NORMAL,COLLECTIVE_ANOMALY,VALIDATION,True,LEGITIMATE,ACTIVE,2025-10-17,2026-02-03
0.497,CONFIRMED,SUPPORTING,0.983,NORMAL,NONE,TEST,True,AMBIGUOUS,ACTIVE,2026-04-23,2026-10-25
0.79,SUSPECTED,SUPPORTING,0.755,NORMAL,NONE,TEST,True,AMBIGUOUS,ACTIVE,2026-04-11,2026-07-25
0.419,SUSPECTED,SUPPORTING,0.592,NORMAL,NONE,TRAIN,True,MIXED,ACTIVE,2026-05-04,2026-10-21
0.41,FALSE,CONTRADICTING,0.143,NORMAL,NONE,VALIDATION,True,LEGITIMATE,ACTIVE,2026-02-02,2026-04-16
0.411,UNKNOWN,NEUTRAL,0.27,NORMAL,NONE,TEST,True,AMBIGUOUS,ACTIVE,2026-02-06,2026-07-24
0.267,CONFIRMED,SUPPORTING,0.851,NORMAL,NONE,TEST,True,AMBIGUOUS,ACTIVE,2026-04-18,2026-07-20
0.626,SUSPECTED,SUPPORTING,0.733,NORMAL,NONE,TRAIN,True,MIXED,ACTIVE,2026-04-27,2026-07-08
0.204,CONFIRMED,SUPPORTING,0.864,NORMAL,NONE,TEST,True,AMBIGUOUS,ACTIVE,2025-11-07,2026-03-06
0.732,FALSE,CONTRADICTING,0.148,NORMAL,NONE,TRAIN,True,CRIMINAL,ACTIVE,2025-11-18,2026-02-15
0.833,CONFIRMED,SUPPORTING,0.857,NORMAL,NONE,TEST,True,AMBIGUOUS,ACTIVE,2026-02-08,2026-05-13
0.354,UNKNOWN,NEUTRAL,0.46,NORMAL,NONE,TRAIN,True,CRIMINAL,ACTIVE,2026-02-16,2026-03-19
0.724,SUSPECTED,SUPPORTING,0.853,STALE_DEVICE,NONE,TRAIN,True,CRIMINAL,ACTIVE,2026-04-20,2026-10-06
0.37,SUSPECTED,SUPPORTING,0.849,NORMAL,NONE,TEST,True,AMBIGUOUS,ACTIVE,2026-02-06,2026-07-01
0.627,CONFIRMED,SUPPORTING,0.84,NORMAL,NONE,TRAIN,True,CRIMINAL,ACTIVE,2025-09-11,2026-03-24
0.189,SUSPECTED,SUPPORTING,0.633,NORMAL,NONE,TRAIN,True,CRIMINAL,ACTIVE,2026-03-21,2026-08-30
0.24,FALSE,CONTRADICTING,0.178,NORMAL,CONTEXTUAL_ANOMALY,TRAIN,True,MIXED,ACTIVE,2026-01-31,2026-05-16
0.483,SUSPECTED,SUPPORTING,0.793,NORMAL,NONE,VALIDATION,True,LEGITIMATE,ACTIVE,2026-01-06,2026-03-21
0.222,UNKNOWN,NEUTRAL,0.316,NORMAL,NONE,TRAIN,True,MIXED,ACTIVE,2026-01-02,2026-04-13
0.382,UNKNOWN,NEUTRAL,0.493,NORMAL,POINT_ANOMALY,TEST,True,AMBIGUOUS,ACTIVE,2026-01-08,2026-03-01
0.111,FALSE,CONTRADICTING,0.138,NORMAL,NONE,TRAIN,True,CRIMINAL,ACTIVE,2026-06-15,2026-09-22
0.257,UNKNOWN,NEUTRAL,0.366,NORMAL,NONE,VALIDATION,True,LEGITIMATE,ACTIVE,2025-11-27,2026-05-16
0.559,FALSE,CONTRADICTING,0.157,NORMAL,NONE,TEST,True,AMBIGUOUS,ACTIVE,2026-01-23,2026-04-25
0.658,CONFIRMED,SUPPORTING,0.883,NORMAL,NONE,TRAIN,True,CRIMINAL,ACTIVE,2025-12-06,2026-03-11
0.234,FALSE,CONTRADICTING,0.308,NORMAL,NONE,TRAIN,True,CRIMINAL,ACTIVE,2025-10-31,2026-03-29
0.137,SUSPECTED,SUPPORTING,0.639,NORMAL,COLLECTIVE_ANOMALY,TRAIN,True,MIXED,ACTIVE,2026-03-23,2026-09-04
0.186,UNKNOWN,NEUTRAL,0.475,NORMAL,NONE,TRAIN,True,CRIMINAL,ACTIVE,2026-04-30,2026-07-06
0.553,CONFIRMED,SUPPORTING,0.839,DUPLICATE,NONE,VALIDATION,True,LEGITIMATE,ACTIVE,2026-03-31,2026-06-01
0.366,FALSE,CONTRADICTING,0.407,NORMAL,NONE,TRAIN,True,MIXED,ACTIVE,2025-12-14,2026-05-11
0.794,SUSPECTED,SUPPORTING,0.597,NORMAL,NONE,TRAIN,True,MIXED,ACTIVE,2026-01-08,2026-06-21
0.188,UNKNOWN,NEUTRAL,0.254,NORMAL,NONE,TEST,True,AMBIGUOUS,ACTIVE,2026-04-26,2026-09-24
0.17,UNKNOWN,NEUTRAL,0.444,NORMAL,NONE,TRAIN,True,CRIMINAL,ACTIVE,2026-01-06,2026-05-02
0.393,CONFIRMED,SUPPORTING,0.831,NORMAL,NONE,TRAIN,True,CRIMINAL,ACTIVE,2025-12-28,2026-03-04
0.469,SUSPECTED,SUPPORTING,0.65,NORMAL,NONE,VALIDATION,True,LEGITIMATE,ACTIVE,2026-02-03,2026-07-06
0.153,FALSE,CONTRADICTING,0.328,NORMAL,NONE,TRAIN,True,MIXED,ACTIVE,2026-01-06,2026-07-09
0.7,CONFIRMED,SUPPORTING,0.919,NORMAL,NONE,TRAIN,True,CRIMINAL,ACTIVE,2026-01-22,2026-05-03
0.462,CONFIRMED,SUPPORTING,0.886,NORMAL,TEMPORAL_ANOMALY,TRAIN,True,MIXED,ACTIVE,2026-03-02,2026-05-20
0.212,SUSPECTED,SUPPORTING,0.744,NORMAL,NONE,VALIDATION,True,LEGITIMATE,ACTIVE,2026-06-12,2026-09-08
0.297,UNKNOWN,NEUTRAL,0.222,NORMAL,NONE,TRAIN,True,CRIMINAL,ACTIVE,2026-03-08,2026-06-17
0.557,SUSPECTED,SUPPORTING,0.682,NORMAL,NONE,TRAIN,True,CRIMINAL,ACTIVE,2025-12-05,2026-03-02
0.397,UNKNOWN,NEUTRAL,0.536,NORMAL,NONE,TRAIN,True,MIXED,ACTIVE,2026-04-06,2026-07-22
0.833,UNKNOWN,NEUTRAL,0.264,STALE_DEVICE,NONE,TRAIN,True,MIXED,ACTIVE,2025-11-21,2026-06-09
0.057,SUSPECTED,SUPPORTING,0.648,NORMAL,NONE,TRAIN,True,CRIMINAL,ACTIVE,2026-04-20,2026-08-06
0.302,CONFIRMED,SUPPORTING,0.984,NORMAL,NONE,TRAIN,True,CRIMINAL,ACTIVE,2025-11-30,2026-02-15
0.464,FALSE,CONTRADICTING,0.283,NORMAL,NONE,TRAIN,True,MIXED,ACTIVE,2026-05-05,2026-09-24
0.436,SUSPECTED,SUPPORTING,0.703,NORMAL,NONE,TRAIN,True,CRIMINAL,ACTIVE,2026-05-06,2026-08-02
0.178,FALSE,CONTRADICTING,0.412,NORMAL,NONE,TRAIN,True,MIXED,ACTIVE,2026-02-09,2026-05-08
0.346,CONFIRMED,SUPPORTING,0.973,NORMAL,NONE,TRAIN,True,CRIMINAL,ACTIVE,2026-03-16,2026-06-20
0.613,CONFIRMED,SUPPORTING,0.92,NORMAL,NONE,VALIDATION,True,LEGITIMATE,ACTIVE,2026-03-13,2026-06-23
0.185,SUSPECTED,SUPPORTING,0.831,NORMAL,RELATIONAL_ANOMALY,TRAIN,True,MIXED,ACTIVE,2026-03-03,2026-06-23
0.223,CONFIRMED,SUPPORTING,0.826,NORMAL,NONE,TRAIN,True,MIXED,ACTIVE,2026-04-14,2026-07-20
0.452,CONFIRMED,SUPPORTING,0.946,NORMAL,NONE,TEST,True,AMBIGUOUS,ACTIVE,2026-06-16,2026-09-25
0.057,UNKNOWN,NEUTRAL,0.425,NORMAL,NONE,TRAIN,True,CRIMINAL,ACTIVE,2026-02-27,2026-08-10
0.471,CONFIRMED,SUPPORTING,0.871,NORMAL,NONE,TRAIN,True,CRIMINAL,ACTIVE,2026-04-30,2026-06-22
0.395,UNKNOWN,NEUTRAL,0.219,NORMAL,NONE,TRAIN,True,MIXED,ACTIVE,2026-05-15,2026-09-07
0.174,SUSPECTED,SUPPORTING,0.661,NORMAL,TEMPORAL_ANOMALY,TRAIN,True,MIXED,ACTIVE,2026-07-16,2026-09-20
0.67,CONFIRMED,SUPPORTING,0.931,NORMAL,RELATIONAL_ANOMALY,VALIDATION,True,LEGITIMATE,ACTIVE,2026-01-19,2026-04-03
0.377,UNKNOWN,NEUTRAL,0.502,NORMAL,NONE,TRAIN,True,CRIMINAL,ACTIVE,2025-11-29,2026-03-10
0.592,CONFIRMED,SUPPORTING,0.924,NORMAL,CONTEXTUAL_ANOMALY,TRAIN,True,CRIMINAL,ACTIVE,2026-04-22,2026-09-28
0.226,UNKNOWN,NEUTRAL,0.439,STALE_DEVICE,NONE,TRAIN,True,CRIMINAL,ACTIVE,2026-05-01,2026-06-21
0.499,CONFIRMED,SUPPORTING,0.937,NORMAL,NONE,TRAIN,True,CRIMINAL,ACTIVE,2026-04-27,2026-09-29
0.242,CONFIRMED,SUPPORTING,0.935,NORMAL,NONE,TRAIN,True,MIXED,ACTIVE,2026-02-01,2026-04-20
0.909,CONFIRMED,SUPPORTING,0.957,NORMAL,NONE,TRAIN,True,CRIMINAL,ACTIVE,2026-02-19,2026-06-15
0.91,FALSE,CONTRADICTING,0.246,NORMAL,POINT_ANOMALY,TRAIN,True,CRIMINAL,ACTIVE,2026-02-14,2026-05-21
0.402,SUSPECTED,SUPPORTING,0.847,NORMAL,NONE,TRAIN,True,MIXED,ACTIVE,2026-04-18,2026-10-07
0.318,UNKNOWN,NEUTRAL,0.462,DUPLICATE,NONE,TRAIN,True,CRIMINAL,ACTIVE,2025-12-12,2026-06-10
0.63,SUSPECTED,SUPPORTING,0.829,NORMAL,NONE,TRAIN,True,CRIMINAL,ACTIVE,2025-12-21,2026-04-24
0.103,SUSPECTED,SUPPORTING,0.702,NORMAL,TEMPORAL_ANOMALY,VALIDATION,True,LEGITIMATE,ACTIVE,2026-03-16,2026-07-24
0.184,UNKNOWN,NEUTRAL,0.338,NORMAL,POINT_ANOMALY,VALIDATION,True,LEGITIMATE,ACTIVE,2026-03-31,2026-08-18
0.28,SUSPECTED,SUPPORTING,0.714,NORMAL,NONE,TRAIN,True,LEGITIMATE,ACTIVE,2026-03-08,2026-07-06
0.226,CONFIRMED,SUPPORTING,0.984,NORMAL,NONE,TRAIN,True,CRIMINAL,ACTIVE,2026-06-12,2026-08-27
0.214,UNKNOWN,NEUTRAL,0.375,NORMAL,NONE,VALIDATION,True,LEGITIMATE,ACTIVE,2026-04-29,2026-07-21
0.317,UNKNOWN,NEUTRAL,0.35,NORMAL,NONE,VALIDATION,True,LEGITIMATE,ACTIVE,2025-12-27,2026-05-12
0.754,SUSPECTED,SUPPORTING,0.704,NORMAL,NONE,TRAIN,True,CRIMINAL,ACTIVE,2025-11-09,2026-05-26
0.258,UNKNOWN,NEUTRAL,0.447,NORMAL,NONE,TRAIN,True,CRIMINAL,ACTIVE,2025-10-04,2026-02-24
0.633,SUSPECTED,SUPPORTING,0.767,NORMAL,NONE,TRAIN,True,MIXED,ACTIVE,2026-03-15,2026-06-21
0.563,FALSE,CONTRADICTING,0.317,NORMAL,NONE,TEST,True,AMBIGUOUS,ACTIVE,2026-02-19,2026-05-11
0.392,SUSPECTED,SUPPORTING,0.809,NORMAL,NONE,TRAIN,True,MIXED,ACTIVE,2025-12-12,2026-04-06
0.159,CONFIRMED,SUPPORTING,0.923,NORMAL,NONE,TRAIN,True,CRIMINAL,ACTIVE,2026-03-16,2026-08-01
0.288,SUSPECTED,SUPPORTING,0.668,NORMAL,NONE,TRAIN,True,MIXED,ACTIVE,2025-12-05,2026-03-20
0.538,SUSPECTED,SUPPORTING,0.771,DUPLICATE,NONE,TEST,True,AMBIGUOUS,ACTIVE,2026-04-09,2026-08-30
0.265,CONFIRMED,SUPPORTING,0.884,NORMAL,NONE,TRAIN,True,CRIMINAL,ACTIVE,2025-12-17,2026-05-19
0.609,UNKNOWN,NEUTRAL,0.451,NORMAL,NONE,TEST,True,AMBIGUOUS,ACTIVE,2025-11-26,2026-04-09
0.283,UNKNOWN,NEUTRAL,0.412,NORMAL,NONE,TRAIN,True,CRIMINAL,ACTIVE,2026-02-15,2026-07-15
0.495,UNKNOWN,NEUTRAL,0.294,NORMAL,NONE,TRAIN,True,CRIMINAL,ACTIVE,2026-03-27,2026-08-14
0.757,FALSE,CONTRADICTING,0.254,NORMAL,NONE,TEST,True,AMBIGUOUS,ACTIVE,2026-01-19,2026-02-23
0.486,SUSPECTED,SUPPORTING,0.762,NORMAL,NONE,TRAIN,True,CRIMINAL,ACTIVE,2026-03-23,2026-08-29
0.354,FALSE,CONTRADICTING,0.349,NORMAL,NONE,TRAIN,True,MIXED,ACTIVE,2026-02-07,2026-08-17
0.391,SUSPECTED,SUPPORTING,0.831,NORMAL,NONE,VALIDATION,True,LEGITIMATE,ACTIVE,2026-04-02,2026-07-14
0.466,SUSPECTED,SUPPORTING,0.626,NORMAL,NONE,TRAIN,True,MIXED,ACTIVE,2026-06-26,2026-08-15
0.222,SUSPECTED,SUPPORTING,0.822,NORMAL,NONE,TEST,True,AMBIGUOUS,ACTIVE,2026-03-10,2026-09-14
0.3,UNKNOWN,NEUTRAL,0.337,NORMAL,POINT_ANOMALY,TRAIN,True,CRIMINAL,ACTIVE,2025-11-29,2026-02-09
0.191,CONFIRMED,SUPPORTING,0.821,NORMAL,NONE,TRAIN,True,CRIMINAL,ACTIVE,2026-03-28,2026-08-06
0.394,CONFIRMED,SUPPORTING,0.954,NORMAL,NONE,TRAIN,True,CRIMINAL,ACTIVE,2026-02-17,2026-04-26
0.506,SUSPECTED,SUPPORTING,0.699,NORMAL,NONE,TRAIN,True,CRIMINAL,ACTIVE,2026-03-29,2026-07-13
0.221,CONFIRMED,SUPPORTING,0.838,NORMAL,NONE,TRAIN,True,CRIMINAL,ACTIVE,2026-05-30,2026-08-12
0.176,FALSE,CONTRADICTING,0.331,NORMAL,NONE,TRAIN,True,CRIMINAL,ACTIVE,2026-01-20,2026-06-06
0.141,FALSE,CONTRADICTING,0.407,NORMAL,NONE,TEST,True,AMBIGUOUS,ACTIVE,2025-10-29,2026-03-26
0.761,FALSE,CONTRADICTING,0.179,NORMAL,NONE,TEST,True,AMBIGUOUS,ACTIVE,2026-03-27,2026-08-10
0.343,UNKNOWN,NEUTRAL,0.287,NORMAL,NONE,VALIDATION,True,LEGITIMATE,ACTIVE,2026-04-27,2026-07-21
0.146,UNKNOWN,NEUTRAL,0.435,NORMAL,NONE,VALIDATION,True,LEGITIMATE,ACTIVE,2026-01-23,2026-04-28
0.095,UNKNOWN,NEUTRAL,0.549,NORMAL,NONE,TEST,True,AMBIGUOUS,ACTIVE,2025-09-07,2026-02-28
0.701,CONFIRMED,SUPPORTING,0.841,NORMAL,NONE,TRAIN,True,MIXED,ACTIVE,2026-04-23,2026-06-17
0.376,SUSPECTED,SUPPORTING,0.838,NORMAL,NONE,TRAIN,True,CRIMINAL,ACTIVE,2026-05-17,2026-09-03
0.225,FALSE,CONTRADICTING,0.235,STALE_DEVICE,POINT_ANOMALY,VALIDATION,True,LEGITIMATE,ACTIVE,2025-11-01,2026-03-10
0.453,CONFIRMED,SUPPORTING,0.955,NORMAL,NONE,TRAIN,True,CRIMINAL,ACTIVE,2026-05-06,2026-08-11
0.577,UNKNOWN,NEUTRAL,0.392,NORMAL,NONE,VALIDATION,True,LEGITIMATE,ACTIVE,2025-12-28,2026-07-01
0.617,UNKNOWN,NEUTRAL,0.234,NORMAL,NONE,TEST,True,AMBIGUOUS,ACTIVE,2025-09-19,2026-01-29
0.39,SUSPECTED,SUPPORTING,0.719,NORMAL,CONTEXTUAL_ANOMALY,TRAIN,True,CRIMINAL,ACTIVE,2026-01-21,2026-06-26
0.62,CONFIRMED,SUPPORTING,0.857,NORMAL,NONE,TRAIN,True,CRIMINAL,ACTIVE,2026-05-13,2026-09-17
0.147,SUSPECTED,SUPPORTING,0.705,NORMAL,RELATIONAL_ANOMALY,TRAIN,True,MIXED,ACTIVE,2026-02-21,2026-07-02
0.484,CONFIRMED,SUPPORTING,0.871,NORMAL,NONE,TRAIN,True,CRIMINAL,ACTIVE,2025-11-02,2026-04-13
0.422,SUSPECTED,SUPPORTING,0.752,NORMAL,NONE,TRAIN,True,MIXED,ACTIVE,2025-09-28,2026-04-10
0.784,CONFIRMED,SUPPORTING,0.874,NORMAL,NONE,TRAIN,True,CRIMINAL,ACTIVE,2026-02-23,2026-08-07
0.494,CONFIRMED,SUPPORTING,0.924,NORMAL,NONE,TRAIN,True,MIXED,ACTIVE,2026-04-28,2026-10-25
0.828,CONFIRMED,SUPPORTING,0.968,NORMAL,CONTEXTUAL_ANOMALY,TRAIN,True,CRIMINAL,ACTIVE,2026-05-26,2026-09-04
0.845,SUSPECTED,SUPPORTING,0.701,NORMAL,CONTEXTUAL_ANOMALY,TRAIN,True,LEGITIMATE,ACTIVE,2026-02-23,2026-05-02
0.581,SUSPECTED,SUPPORTING,0.63,NORMAL,NONE,TRAIN,True,CRIMINAL,ACTIVE,2026-04-05,2026-10-14
0.062,SUSPECTED,SUPPORTING,0.734,NORMAL,NONE,TRAIN,True,MIXED,ACTIVE,2026-05-15,2026-07-06
0.357,CONFIRMED,SUPPORTING,0.94,NORMAL,NONE,TEST,True,AMBIGUOUS,ACTIVE,2025-11-29,2026-04-10
0.343,FALSE,CONTRADICTING,0.225,NORMAL,COLLECTIVE_ANOMALY,TRAIN,True,MIXED,ACTIVE,2026-05-22,2026-09-26
0.519,SUSPECTED,SUPPORTING,0.6,NORMAL,NONE,TRAIN,True,MIXED,ACTIVE,2026-02-27,2026-05-21
0.338,SUSPECTED,SUPPORTING,0.631,NORMAL,NONE,TEST,True,AMBIGUOUS,ACTIVE,2026-02-17,2026-06-16
0.315,FALSE,CONTRADICTING,0.166,NORMAL,NONE,VALIDATION,True,LEGITIMATE,ACTIVE,2026-03-09,2026-08-25
0.46,SUSPECTED,SUPPORTING,0.59,NORMAL,NONE,TRAIN,True,CRIMINAL,ACTIVE,2026-02-26,2026-06-27
0.511,SUSPECTED,SUPPORTING,0.77,NORMAL,NONE,TEST,True,AMBIGUOUS,ACTIVE,2025-12-16,2026-03-16
0.76,CONFIRMED,SUPPORTING,0.857,NORMAL,NONE,TRAIN,True,MIXED,ACTIVE,2026-04-17,2026-09-06
0.545,SUSPECTED,SUPPORTING,0.763,NORMAL,NONE,TRAIN,True,LEGITIMATE,ACTIVE,2025-11-21,2026-02-08
0.443,CONFIRMED,SUPPORTING,0.972,NORMAL,NONE,VALIDATION,True,LEGITIMATE,ACTIVE,2025-09-15,2026-02-08
0.722,CONFIRMED,SUPPORTING,0.892,NORMAL,NONE,TEST,True,AMBIGUOUS,ACTIVE,2026-05-27,2026-07-29
0.197,CONFIRMED,SUPPORTING,0.856,NORMAL,NONE,TRAIN,True,MIXED,ACTIVE,2026-07-12,2026-10-23
0.292,SUSPECTED,SUPPORTING,0.664,NORMAL,NONE,TRAIN,True,CRIMINAL,ACTIVE,2025-09-19,2026-03-26
0.13,SUSPECTED,SUPPORTING,0.673,NORMAL,NONE,VALIDATION,True,LEGITIMATE,ACTIVE,2025-12-22,2026-03-28
0.697,CONFIRMED,SUPPORTING,0.954,NORMAL,NONE,VALIDATION,True,LEGITIMATE,ACTIVE,2026-03-26,2026-09-01
0.183,UNKNOWN,NEUTRAL,0.362,NORMAL,NONE,TEST,True,AMBIGUOUS,ACTIVE,2025-11-13,2026-03-29
0.29,CONFIRMED,SUPPORTING,0.88,NORMAL,NONE,TRAIN,True,CRIMINAL,ACTIVE,2026-01-20,2026-04-02
0.591,SUSPECTED,SUPPORTING,0.812,NORMAL,NONE,TRAIN,True,CRIMINAL,ACTIVE,2026-01-05,2026-03-13
0.048,SUSPECTED,SUPPORTING,0.71,NORMAL,NONE,TRAIN,True,CRIMINAL,ACTIVE,2026-01-18,2026-07-02
0.346,FALSE,CONTRADICTING,0.232,NORMAL,NONE,TRAIN,True,CRIMINAL,ACTIVE,2026-04-27,2026-09-03
0.201,UNKNOWN,NEUTRAL,0.27,NORMAL,POINT_ANOMALY,TRAIN,True,LEGITIMATE,ACTIVE,2026-03-18,2026-07-29
0.247,UNKNOWN,NEUTRAL,0.439,NORMAL,NONE,VALIDATION,True,LEGITIMATE,ACTIVE,2026-05-18,2026-10-07
0.316,CONFIRMED,SUPPORTING,0.92,NORMAL,NONE,TRAIN,True,CRIMINAL,ACTIVE,2026-04-27,2026-08-21
0.279,SUSPECTED,SUPPORTING,0.813,NORMAL,NONE,TEST,True,AMBIGUOUS,ACTIVE,2025-10-09,2026-04-10
0.073,UNKNOWN,NEUTRAL,0.43,NORMAL,NONE,TRAIN,True,MIXED,ACTIVE,2026-04-05,2026-06-08
0.309,UNKNOWN,NEUTRAL,0.262,NORMAL,NONE,VALIDATION,True,LEGITIMATE,ACTIVE,2025-12-13,2026-02-13
0.439,SUSPECTED,SUPPORTING,0.857,NORMAL,NONE,TRAIN,True,CRIMINAL,ACTIVE,2026-01-25,2026-07-12
0.537,CONFIRMED,SUPPORTING,0.842,NORMAL,NONE,TRAIN,True,CRIMINAL,ACTIVE,2026-04-09,2026-09-24
0.432,SUSPECTED,SUPPORTING,0.602,NORMAL,NONE,TRAIN,True,CRIMINAL,ACTIVE,2025-09-10,2026-02-28
0.583,SUSPECTED,SUPPORTING,0.798,NORMAL,NONE,TRAIN,True,CRIMINAL,ACTIVE,2026-01-13,2026-07-22
0.444,CONFIRMED,SUPPORTING,0.923,NORMAL,NONE,TRAIN,True,CRIMINAL,ACTIVE,2026-01-17,2026-06-08
0.5,SUSPECTED,SUPPORTING,0.609,NORMAL,NONE,TRAIN,True,MIXED,ACTIVE,2026-03-05,2026-07-06
0.129,SUSPECTED,SUPPORTING,0.608,NORMAL,NONE,TRAIN,True,CRIMINAL,ACTIVE,2026-01-06,2026-07-05
0.601,SUSPECTED,SUPPORTING,0.681,NORMAL,NONE,TRAIN,True,CRIMINAL,ACTIVE,2026-03-27,2026-07-26
0.24,SUSPECTED,SUPPORTING,0.685,NORMAL,NONE,VALIDATION,True,LEGITIMATE,ACTIVE,2026-06-10,2026-08-19
0.536,CONFIRMED,SUPPORTING,0.917,NORMAL,NONE,TRAIN,True,MIXED,ACTIVE,2026-05-09,2026-10-11
0.045,CONFIRMED,SUPPORTING,0.892,NORMAL,NONE,TRAIN,True,LEGITIMATE,ACTIVE,2026-06-02,2026-08-26
0.328,FALSE,CONTRADICTING,0.278,NORMAL,NONE,TRAIN,True,LEGITIMATE,ACTIVE,2026-06-15,2026-09-21
0.02,UNKNOWN,NEUTRAL,0.528,NORMAL,NONE,TRAIN,True,CRIMINAL,ACTIVE,2026-03-31,2026-09-12
0.513,FALSE,CONTRADICTING,0.273,NORMAL,NONE,TRAIN,True,MIXED,ACTIVE,2025-09-18,2026-01-28
0.276,SUSPECTED,SUPPORTING,0.775,NORMAL,NONE,TRAIN,True,CRIMINAL,ACTIVE,2025-12-16,2026-02-20
0.906,CONFIRMED,SUPPORTING,0.85,NORMAL,NONE,TRAIN,True,CRIMINAL,ACTIVE,2026-05-15,2026-10-25
0.129,FALSE,CONTRADICTING,0.376,NORMAL,NONE,VALIDATION,True,LEGITIMATE,ACTIVE,2026-06-18,2026-08-02
0.251,UNKNOWN,NEUTRAL,0.336,NORMAL,NONE,TRAIN,True,MIXED,ACTIVE,2025-12-21,2026-05-07
0.557,SUSPECTED,SUPPORTING,0.759,NORMAL,NONE,TEST,True,AMBIGUOUS,ACTIVE,2025-12-27,2026-07-09
0.218,CONFIRMED,SUPPORTING,0.887,NORMAL,NONE,TRAIN,True,CRIMINAL,ACTIVE,2026-05-18,2026-09-26
0.468,SUSPECTED,SUPPORTING,0.638,NORMAL,NONE,TRAIN,True,CRIMINAL,ACTIVE,2026-04-29,2026-08-20
0.144,UNKNOWN,NEUTRAL,0.338,NORMAL,NONE,TEST,True,AMBIGUOUS,ACTIVE,2026-03-15,2026-06-09
0.446,FALSE,CONTRADICTING,0.17,NORMAL,TEMPORAL_ANOMALY,VALIDATION,True,LEGITIMATE,ACTIVE,2026-02-27,2026-06-25
0.236,SUSPECTED,SUPPORTING,0.585,NORMAL,NONE,TRAIN,True,LEGITIMATE,ACTIVE,2026-03-22,2026-07-13
0.712,SUSPECTED,SUPPORTING,0.833,NORMAL,NONE,TEST,True,AMBIGUOUS,ACTIVE,2025-10-12,2026-03-21
0.453,UNKNOWN,NEUTRAL,0.431,NORMAL,NONE,TEST,True,AMBIGUOUS,ACTIVE,2026-04-18,2026-10-03
0.837,SUSPECTED,SUPPORTING,0.741,NORMAL,NONE,TEST,True,AMBIGUOUS,ACTIVE,2026-06-03,2026-08-11
0.296,UNKNOWN,NEUTRAL,0.326,NORMAL,CONTEXTUAL_ANOMALY,TRAIN,True,CRIMINAL,ACTIVE,2026-06-26,2026-09-21
0.532,SUSPECTED,SUPPORTING,0.707,NORMAL,NONE,TRAIN,True,CRIMINAL,ACTIVE,2025-10-22,2026-04-05
0.559,SUSPECTED,SUPPORTING,0.833,NORMAL,NONE,VALIDATION,True,LEGITIMATE,ACTIVE,2026-03-15,2026-07-17
0.3,CONFIRMED,SUPPORTING,0.882,NORMAL,POINT_ANOMALY,TRAIN,True,CRIMINAL,ACTIVE,2026-06-13,2026-08-07
0.213,UNKNOWN,NEUTRAL,0.52,NORMAL,NONE,TEST,True,AMBIGUOUS,ACTIVE,2026-02-19,2026-06-07
0.558,UNKNOWN,NEUTRAL,0.485,NORMAL,NONE,TEST,True,AMBIGUOUS,ACTIVE,2026-03-26,2026-07-27
0.115,CONFIRMED,SUPPORTING,0.908,NORMAL,NONE,TRAIN,True,MIXED,ACTIVE,2026-05-03,2026-08-22
0.255,UNKNOWN,NEUTRAL,0.276,NORMAL,CONTEXTUAL_ANOMALY,TRAIN,True,MIXED,ACTIVE,2026-01-30,2026-06-07
0.052,SUSPECTED,SUPPORTING,0.724,NORMAL,NONE,TEST,True,AMBIGUOUS,ACTIVE,2026-04-05,2026-08-14
0.305,UNKNOWN,NEUTRAL,0.44,NORMAL,NONE,TEST,True,AMBIGUOUS,ACTIVE,2025-12-20,2026-05-08
0.137,FALSE,CONTRADICTING,0.389,NORMAL,NONE,TEST,True,AMBIGUOUS,ACTIVE,2026-04-28,2026-07-23
0.213,SUSPECTED,SUPPORTING,0.742,NORMAL,NONE,TRAIN,True,MIXED,ACTIVE,2026-02-05,2026-05-08
0.338,CONFIRMED,SUPPORTING,0.878,NORMAL,NONE,TRAIN,True,CRIMINAL,ACTIVE,2026-01-03,2026-06-28
0.455,CONFIRMED,SUPPORTING,0.902,NORMAL,NONE,TRAIN,True,MIXED,ACTIVE,2026-05-03,2026-10-03
0.298,CONFIRMED,SUPPORTING,0.858,NORMAL,NONE,TRAIN,True,LEGITIMATE,ACTIVE,2026-01-20,2026-06-29
0.605,FALSE,CONTRADICTING,0.352,NORMAL,COLLECTIVE_ANOMALY,VALIDATION,True,LEGITIMATE,ACTIVE,2026-02-25,2026-06-28
0.332,UNKNOWN,NEUTRAL,0.529,NORMAL,NONE,TRAIN,True,MIXED,ACTIVE,2026-06-27,2026-08-20
0.871,UNKNOWN,NEUTRAL,0.481,NORMAL,RELATIONAL_ANOMALY,TRAIN,True,MIXED,ACTIVE,2026-05-13,2026-08-28
0.778,SUSPECTED,SUPPORTING,0.611,NORMAL,RELATIONAL_ANOMALY,TEST,True,AMBIGUOUS,ACTIVE,2026-02-28,2026-07-12
0.344,CONFIRMED,SUPPORTING,0.854,NORMAL,NONE,TRAIN,True,CRIMINAL,ACTIVE,2026-04-10,2026-06-01
0.305,SUSPECTED,SUPPORTING,0.827,RECYCLED_SIM,COLLECTIVE_ANOMALY,TEST,True,AMBIGUOUS,ACTIVE,2026-02-26,2026-07-12
0.51,SUSPECTED,SUPPORTING,0.664,NORMAL,NONE,TRAIN,True,CRIMINAL,ACTIVE,2026-04-25,2026-10-27
0.813,SUSPECTED,SUPPORTING,0.581,DUPLICATE,RELATIONAL_ANOMALY,TRAIN,True,MIXED,ACTIVE,2025-12-21,2026-05-17
0.393,CONFIRMED,SUPPORTING,0.893,NORMAL,POINT_ANOMALY,TRAIN,True,CRIMINAL,ACTIVE,2026-02-17,2026-09-12
0.38,UNKNOWN,NEUTRAL,0.299,NORMAL,NONE,TRAIN,True,CRIMINAL,ACTIVE,2025-11-05,2026-04-13
0.584,SUSPECTED,SUPPORTING,0.677,NORMAL,COLLECTIVE_ANOMALY,TRAIN,True,CRIMINAL,ACTIVE,2026-04-10,2026-07-19
0.555,UNKNOWN,NEUTRAL,0.225,NORMAL,NONE,TRAIN,True,MIXED,ACTIVE,2026-06-13,2026-08-05
0.409,CONFIRMED,SUPPORTING,0.915,NORMAL,NONE,TRAIN,True,CRIMINAL,ACTIVE,2026-04-20,2026-08-29
0.461,SUSPECTED,SUPPORTING,0.646,NORMAL,NONE,TRAIN,True,LEGITIMATE,ACTIVE,2025-10-03,2026-04-09
0.318,CONFIRMED,SUPPORTING,0.9,NORMAL,CONTEXTUAL_ANOMALY,TRAIN,True,CRIMINAL,ACTIVE,2026-01-05,2026-04-16
0.643,FALSE,CONTRADICTING,0.31,NORMAL,NONE,VALIDATION,True,LEGITIMATE,ACTIVE,2026-06-25,2026-10-29
0.553,CONFIRMED,SUPPORTING,0.972,NORMAL,NONE,TRAIN,True,MIXED,ACTIVE,2026-01-07,2026-04-08
0.039,CONFIRMED,SUPPORTING,0.895,NORMAL,NONE,TRAIN,True,CRIMINAL,ACTIVE,2025-11-13,2026-02-13
0.194,CONFIRMED,SUPPORTING,0.9,NORMAL,NONE,TRAIN,True,CRIMINAL,ACTIVE,2025-11-09,2026-03-12
0.312,SUSPECTED,SUPPORTING,0.633,DUPLICATE,NONE,TRAIN,True,CRIMINAL,ACTIVE,2025-12-15,2026-05-12
0.555,SUSPECTED,SUPPORTING,0.733,NORMAL,NONE,TEST,True,AMBIGUOUS,ACTIVE,2025-09-12,2026-02-25
0.1,SUSPECTED,SUPPORTING,0.784,NORMAL,COLLECTIVE_ANOMALY,TEST,True,AMBIGUOUS,ACTIVE,2026-01-31,2026-04-15
0.431,SUSPECTED,SUPPORTING,0.747,NORMAL,NONE,TRAIN,True,MIXED,ACTIVE,2026-01-10,2026-06-23
0.501,CONFIRMED,SUPPORTING,0.833,NORMAL,CONTEXTUAL_ANOMALY,TEST,True,AMBIGUOUS,ACTIVE,2026-02-22,2026-05-19
0.248,SUSPECTED,SUPPORTING,0.7,NORMAL,NONE,TRAIN,True,MIXED,ACTIVE,2025-12-31,2026-04-23
0.391,CONFIRMED,SUPPORTING,0.906,NORMAL,NONE,TRAIN,True,MIXED,ACTIVE,2026-05-13,2026-07-22
0.791,UNKNOWN,NEUTRAL,0.503,NORMAL,POINT_ANOMALY,VALIDATION,True,LEGITIMATE,ACTIVE,2026-02-11,2026-07-15
0.416,FALSE,CONTRADICTING,0.373,NORMAL,CONTEXTUAL_ANOMALY,TRAIN,True,CRIMINAL,ACTIVE,2025-12-12,2026-04-22
0.528,UNKNOWN,NEUTRAL,0.383,STALE_DEVICE,NONE,TEST,True,AMBIGUOUS,ACTIVE,2026-06-12,2026-09-22
0.371,UNKNOWN,NEUTRAL,0.457,NORMAL,NONE,TEST,True,AMBIGUOUS,ACTIVE,2026-02-21,2026-07-31
0.606,CONFIRMED,SUPPORTING,0.947,NORMAL,NONE,TRAIN,True,MIXED,ACTIVE,2026-06-03,2026-09-10
0.201,SUSPECTED,SUPPORTING,0.755,NORMAL,NONE,TRAIN,True,MIXED,ACTIVE,2026-03-23,2026-07-26
0.508,CONFIRMED,SUPPORTING,0.828,NORMAL,NONE,TRAIN,True,CRIMINAL,ACTIVE,2026-01-30,2026-04-08
0.219,SUSPECTED,SUPPORTING,0.775,NORMAL,POINT_ANOMALY,TEST,True,AMBIGUOUS,ACTIVE,2026-01-24,2026-04-18
0.269,UNKNOWN,NEUTRAL,0.271,NORMAL,NONE,VALIDATION,True,LEGITIMATE,ACTIVE,2025-10-13,2026-02-26
0.181,FALSE,CONTRADICTING,0.303,NORMAL,NONE,TRAIN,True,CRIMINAL,ACTIVE,2026-03-14,2026-07-13
0.498,SUSPECTED,SUPPORTING,0.713,NORMAL,NONE,TRAIN,True,CRIMINAL,ACTIVE,2026-04-19,2026-06-27
0.487,CONFIRMED,SUPPORTING,0.823,NORMAL,COLLECTIVE_ANOMALY,TEST,True,AMBIGUOUS,ACTIVE,2026-03-20,2026-08-12
0.727,CONFIRMED,SUPPORTING,0.858,NORMAL,RELATIONAL_ANOMALY,TRAIN,True,CRIMINAL,ACTIVE,2025-11-09,2026-05-17
0.293,UNKNOWN,NEUTRAL,0.445,NORMAL,NONE,TRAIN,True,CRIMINAL,ACTIVE,2026-02-18,2026-06-09
0.422,CONFIRMED,SUPPORTING,0.846,NORMAL,NONE,TRAIN,True,CRIMINAL,ACTIVE,2026-03-06,2026-07-01
0.506,FALSE,CONTRADICTING,0.126,NORMAL,NONE,TRAIN,True,MIXED,ACTIVE,2026-01-31,2026-06-19
0.241,UNKNOWN,NEUTRAL,0.512,NORMAL,POINT_ANOMALY,TRAIN,True,CRIMINAL,ACTIVE,2026-07-25,2026-10-20
0.293,CONFIRMED,SUPPORTING,0.946,NORMAL,RELATIONAL_ANOMALY,TRAIN,True,MIXED,ACTIVE,2026-03-15,2026-08-20
0.649,SUSPECTED,SUPPORTING,0.76,DUPLICATE,NONE,TRAIN,True,MIXED,ACTIVE,2025-12-12,2026-04-18
0.382,FALSE,CONTRADICTING,0.238,NORMAL,NONE,TRAIN,True,CRIMINAL,ACTIVE,2026-07-14,2026-10-06
0.614,CONFIRMED,SUPPORTING,0.926,NORMAL,POINT_ANOMALY,TRAIN,True,CRIMINAL,ACTIVE,2025-11-06,2026-05-24
0.047,SUSPECTED,SUPPORTING,0.613,SHARED_DEVICE,NONE,TRAIN,True,CRIMINAL,ACTIVE,2025-11-17,2026-05-28
0.383,UNKNOWN,NEUTRAL,0.524,NORMAL,NONE,TRAIN,True,CRIMINAL,ACTIVE,2026-05-17,2026-08-25
0.222,CONFIRMED,SUPPORTING,0.901,NORMAL,NONE,TEST,True,AMBIGUOUS,ACTIVE,2025-11-14,2026-04-26
0.458,SUSPECTED,SUPPORTING,0.837,NORMAL,NONE,TEST,True,AMBIGUOUS,ACTIVE,2026-01-26,2026-05-28
0.693,UNKNOWN,NEUTRAL,0.234,NORMAL,NONE,TRAIN,True,CRIMINAL,ACTIVE,2026-02-28,2026-05-25
0.653,SUSPECTED,SUPPORTING,0.701,SHARED_DEVICE,NONE,TRAIN,True,CRIMINAL,ACTIVE,2026-01-12,2026-04-25
0.45,UNKNOWN,NEUTRAL,0.453,NORMAL,NONE,TEST,True,AMBIGUOUS,ACTIVE,2025-12-14,2026-02-26
0.367,FALSE,CONTRADICTING,0.401,NORMAL,NONE,TRAIN,True,MIXED,ACTIVE,2026-04-19,2026-08-20
0.192,SUSPECTED,SUPPORTING,0.636,NORMAL,NONE,TEST,True,AMBIGUOUS,ACTIVE,2025-12-13,2026-02-25
0.164,SUSPECTED,SUPPORTING,0.755,NORMAL,RELATIONAL_ANOMALY,TRAIN,True,CRIMINAL,ACTIVE,2026-05-03,2026-06-22
0.41,SUSPECTED,SUPPORTING,0.675,NORMAL,NONE,TRAIN,True,CRIMINAL,ACTIVE,2026-04-29,2026-09-02
0.446,CONFIRMED,SUPPORTING,0.968,NORMAL,NONE,TRAIN,True,CRIMINAL,ACTIVE,2026-03-10,2026-07-22
0.643,FALSE,CONTRADICTING,0.355,NORMAL,NONE,TRAIN,True,MIXED,ACTIVE,2026-02-21,2026-07-21
0.336,CONFIRMED,SUPPORTING,0.823,NORMAL,NONE,TRAIN,True,CRIMINAL,ACTIVE,2026-01-17,2026-05-13
0.276,FALSE,CONTRADICTING,0.169,NORMAL,NONE,TRAIN,True,MIXED,ACTIVE,2026-02-09,2026-05-18
0.208,UNKNOWN,NEUTRAL,0.355,NORMAL,TEMPORAL_ANOMALY,TEST,True,AMBIGUOUS,ACTIVE,2026-06-11,2026-09-22
0.148,SUSPECTED,SUPPORTING,0.782,NORMAL,CONTEXTUAL_ANOMALY,TRAIN,True,MIXED,ACTIVE,2026-01-04,2026-05-09
0.164,FALSE,CONTRADICTING,0.338,NORMAL,NONE,TRAIN,True,MIXED,ACTIVE,2026-08-10,2026-10-23
0.279,CONFIRMED,SUPPORTING,0.955,NORMAL,NONE,TRAIN,True,CRIMINAL,ACTIVE,2026-04-15,2026-05-30
0.287,UNKNOWN,NEUTRAL,0.548,NORMAL,TEMPORAL_ANOMALY,TRAIN,True,LEGITIMATE,ACTIVE,2026-03-25,2026-08-06
0.546,SUSPECTED,SUPPORTING,0.636,SHARED_DEVICE,NONE,TRAIN,True,CRIMINAL,ACTIVE,2026-05-26,2026-08-31
0.403,FALSE,CONTRADICTING,0.264,NORMAL,NONE,VALIDATION,True,LEGITIMATE,ACTIVE,2026-03-08,2026-07-01
0.156,SUSPECTED,SUPPORTING,0.848,NORMAL,NONE,TRAIN,True,LEGITIMATE,ACTIVE,2026-05-08,2026-08-11
0.143,UNKNOWN,NEUTRAL,0.4,NORMAL,NONE,TEST,True,AMBIGUOUS,ACTIVE,2026-04-29,2026-09-24
0.263,UNKNOWN,NEUTRAL,0.53,NORMAL,NONE,TRAIN,True,LEGITIMATE,ACTIVE,2026-03-06,2026-07-04
0.509,CONFIRMED,SUPPORTING,0.828,NORMAL,NONE,TRAIN,True,MIXED,ACTIVE,2026-03-29,2026-06-24
0.36,SUSPECTED,SUPPORTING,0.73,NORMAL,NONE,TRAIN,True,MIXED,ACTIVE,2025-11-04,2026-02-08
0.118,CONFIRMED,SUPPORTING,0.985,NORMAL,TEMPORAL_ANOMALY,TRAIN,True,CRIMINAL,ACTIVE,2026-05-25,2026-07-06
0.51,CONFIRMED,SUPPORTING,0.854,NORMAL,TEMPORAL_ANOMALY,TRAIN,True,CRIMINAL,ACTIVE,2026-03-13,2026-08-29
0.664,SUSPECTED,SUPPORTING,0.817,NORMAL,POINT_ANOMALY,TRAIN,True,LEGITIMATE,ACTIVE,2026-07-06,2026-08-26
0.406,SUSPECTED,SUPPORTING,0.689,NORMAL,NONE,TEST,True,AMBIGUOUS,ACTIVE,2026-06-11,2026-08-19
0.472,CONFIRMED,SUPPORTING,0.897,NORMAL,NONE,TRAIN,True,MIXED,ACTIVE,2026-02-14,2026-04-03
0.646,SUSPECTED,SUPPORTING,0.588,NORMAL,NONE,TRAIN,True,LEGITIMATE,ACTIVE,2025-12-22,2026-06-06
0.751,SUSPECTED,SUPPORTING,0.649,NORMAL,NONE,TRAIN,True,MIXED,ACTIVE,2026-02-25,2026-07-30
0.236,UNKNOWN,NEUTRAL,0.545,NORMAL,NONE,TRAIN,True,MIXED,ACTIVE,2026-03-27,2026-06-22
0.399,CONFIRMED,SUPPORTING,0.948,DUPLICATE,NONE,TRAIN,True,CRIMINAL,ACTIVE,2026-01-26,2026-08-03
0.263,UNKNOWN,NEUTRAL,0.54,NORMAL,NONE,TRAIN,True,CRIMINAL,ACTIVE,2026-06-20,2026-09-22
0.215,FALSE,CONTRADICTING,0.138,NORMAL,NONE,TRAIN,True,MIXED,ACTIVE,2026-01-29,2026-05-03
0.472,CONFIRMED,SUPPORTING,0.858,NORMAL,NONE,TRAIN,True,CRIMINAL,ACTIVE,2025-12-25,2026-04-08
0.112,CONFIRMED,SUPPORTING,0.84,NORMAL,NONE,TRAIN,True,CRIMINAL,ACTIVE,2026-05-22,2026-09-09
0.373,SUSPECTED,SUPPORTING,0.858,NORMAL,COLLECTIVE_ANOMALY,TRAIN,True,CRIMINAL,ACTIVE,2025-11-03,2026-03-01
0.051,SUSPECTED,SUPPORTING,0.599,NORMAL,NONE,VALIDATION,True,LEGITIMATE,ACTIVE,2026-01-15,2026-06-02
0.55,UNKNOWN,NEUTRAL,0.302,NORMAL,NONE,TRAIN,True,MIXED,ACTIVE,2026-01-06,2026-06-21
0.365,SUSPECTED,SUPPORTING,0.702,NORMAL,NONE,TRAIN,True,CRIMINAL,ACTIVE,2025-12-21,2026-05-24
0.138,SUSPECTED,SUPPORTING,0.656,NORMAL,NONE,TRAIN,True,CRIMINAL,ACTIVE,2026-03-15,2026-07-19
0.898,FALSE,CONTRADICTING,0.266,NORMAL,NONE,TRAIN,True,MIXED,ACTIVE,2026-06-06,2026-09-06
0.069,SUSPECTED,SUPPORTING,0.699,NORMAL,NONE,TRAIN,True,CRIMINAL,ACTIVE,2026-04-25,2026-07-18
0.382,FALSE,CONTRADICTING,0.311,NORMAL,NONE,TRAIN,True,CRIMINAL,ACTIVE,2026-02-11,2026-08-25
0.831,SUSPECTED,SUPPORTING,0.656,NORMAL,NONE,TRAIN,True,CRIMINAL,ACTIVE,2025-12-12,2026-04-26
0.092,FALSE,CONTRADICTING,0.211,NORMAL,NONE,TEST,True,AMBIGUOUS,ACTIVE,2026-02-19,2026-06-01
0.524,FALSE,CONTRADICTING,0.257,NORMAL,NONE,TRAIN,True,CRIMINAL,ACTIVE,2026-01-31,2026-06-26
0.403,SUSPECTED,SUPPORTING,0.614,NORMAL,NONE,TRAIN,True,CRIMINAL,ACTIVE,2026-01-05,2026-05-01
0.197,FALSE,CONTRADICTING,0.228,NORMAL,NONE,TRAIN,True,MIXED,ACTIVE,2025-11-29,2026-05-05
0.697,UNKNOWN,NEUTRAL,0.406,NORMAL,TEMPORAL_ANOMALY,TRAIN,True,CRIMINAL,ACTIVE,2026-01-18,2026-03-24
0.368,CONFIRMED,SUPPORTING,0.82,NORMAL,NONE,TEST,True,AMBIGUOUS,ACTIVE,2026-03-14,2026-05-26
0.434,SUSPECTED,SUPPORTING,0.677,NORMAL,POINT_ANOMALY,TEST,True,AMBIGUOUS,ACTIVE,2026-02-05,2026-06-29
0.386,CONFIRMED,SUPPORTING,0.853,NORMAL,POINT_ANOMALY,TRAIN,True,CRIMINAL,ACTIVE,2025-10-15,2026-03-02
0.271,SUSPECTED,SUPPORTING,0.847,NORMAL,NONE,VALIDATION,True,LEGITIMATE,ACTIVE,2026-02-12,2026-05-20
0.887,CONFIRMED,SUPPORTING,0.869,NORMAL,TEMPORAL_ANOMALY,TRAIN,True,CRIMINAL,ACTIVE,2026-05-21,2026-06-18
0.45,CONFIRMED,SUPPORTING,0.863,NORMAL,NONE,TRAIN,True,MIXED,ACTIVE,2026-03-13,2026-05-24
0.707,UNKNOWN,NEUTRAL,0.35,NORMAL,NONE,TRAIN,True,MIXED,ACTIVE,2026-06-29,2026-10-12
0.062,CONFIRMED,SUPPORTING,0.965,NORMAL,TEMPORAL_ANOMALY,TRAIN,True,MIXED,ACTIVE,2026-06-11,2026-10-06
0.46,UNKNOWN,NEUTRAL,0.527,NORMAL,NONE,TRAIN,True,MIXED,ACTIVE,2026-03-24,2026-08-05
0.616,SUSPECTED,SUPPORTING,0.705,NORMAL,NONE,TRAIN,True,MIXED,ACTIVE,2025-12-14,2026-03-29
0.279,UNKNOWN,NEUTRAL,0.32,NORMAL,NONE,TRAIN,True,CRIMINAL,ACTIVE,2026-01-20,2026-05-17
0.055,SUSPECTED,SUPPORTING,0.8,NORMAL,CONTEXTUAL_ANOMALY,VALIDATION,True,LEGITIMATE,ACTIVE,2026-02-26,2026-06-14
0.487,UNKNOWN,NEUTRAL,0.207,NORMAL,NONE,VALIDATION,True,LEGITIMATE,ACTIVE,2026-03-31,2026-08-21
0.374,SUSPECTED,SUPPORTING,0.786,NORMAL,RELATIONAL_ANOMALY,TEST,True,AMBIGUOUS,ACTIVE,2026-06-16,2026-09-08
0.135,SUSPECTED,SUPPORTING,0.811,NORMAL,NONE,TRAIN,True,CRIMINAL,ACTIVE,2025-10-06,2026-02-21
0.347,SUSPECTED,SUPPORTING,0.704,NORMAL,NONE,TRAIN,True,LEGITIMATE,ACTIVE,2026-04-13,2026-11-02
0.248,SUSPECTED,SUPPORTING,0.635,NORMAL,NONE,TRAIN,True,CRIMINAL,ACTIVE,2026-02-18,2026-06-03
0.214,CONFIRMED,SUPPORTING,0.846,NORMAL,CONTEXTUAL_ANOMALY,VALIDATION,True,LEGITIMATE,ACTIVE,2026-03-31,2026-07-13
0.266,SUSPECTED,SUPPORTING,0.663,NORMAL,NONE,TRAIN,True,LEGITIMATE,ACTIVE,2026-01-31,2026-04-30
0.101,UNKNOWN,NEUTRAL,0.403,NORMAL,NONE,TRAIN,True,MIXED,ACTIVE,2025-11-10,2026-04-08
0.381,SUSPECTED,SUPPORTING,0.851,NORMAL,POINT_ANOMALY,TRAIN,True,MIXED,ACTIVE,2026-05-16,2026-09-06
0.561,CONFIRMED,SUPPORTING,0.835,NORMAL,NONE,TRAIN,True,CRIMINAL,ACTIVE,2025-12-05,2026-04-03
0.417,FALSE,CONTRADICTING,0.274,NORMAL,NONE,TRAIN,True,CRIMINAL,ACTIVE,2026-04-25,2026-09-06
0.204,SUSPECTED,SUPPORTING,0.712,NORMAL,NONE,TRAIN,True,MIXED,ACTIVE,2025-12-12,2026-02-15
0.178,SUSPECTED,SUPPORTING,0.852,NORMAL,NONE,TRAIN,True,CRIMINAL,ACTIVE,2026-03-12,2026-08-14
0.339,SUSPECTED,SUPPORTING,0.654,RECYCLED_SIM,TEMPORAL_ANOMALY,TEST,True,AMBIGUOUS,ACTIVE,2026-02-16,2026-08-08
0.678,CONFIRMED,SUPPORTING,0.887,NORMAL,NONE,TRAIN,True,MIXED,ACTIVE,2026-06-26,2026-09-13
0.613,SUSPECTED,SUPPORTING,0.596,NORMAL,NONE,TEST,True,AMBIGUOUS,ACTIVE,2026-04-14,2026-07-04
0.662,FALSE,CONTRADICTING,0.153,NORMAL,NONE,TEST,True,AMBIGUOUS,ACTIVE,2025-12-02,2026-03-08
0.18,CONFIRMED,SUPPORTING,0.977,NORMAL,NONE,TRAIN,True,CRIMINAL,ACTIVE,2025-11-19,2026-03-21
0.066,SUSPECTED,SUPPORTING,0.715,NORMAL,POINT_ANOMALY,TRAIN,True,CRIMINAL,ACTIVE,2025-10-21,2026-03-30
0.168,SUSPECTED,SUPPORTING,0.637,NORMAL,NONE,TRAIN,True,CRIMINAL,ACTIVE,2025-12-16,2026-05-01
0.537,SUSPECTED,SUPPORTING,0.71,NORMAL,NONE,TRAIN,True,MIXED,ACTIVE,2026-02-01,2026-05-29
0.678,UNKNOWN,NEUTRAL,0.28,NORMAL,NONE,TRAIN,True,CRIMINAL,ACTIVE,2026-01-13,2026-05-02
0.551,SUSPECTED,SUPPORTING,0.751,NORMAL,NONE,TRAIN,True,CRIMINAL,ACTIVE,2026-01-29,2026-03-15
0.773,CONFIRMED,SUPPORTING,0.924,NORMAL,NONE,TRAIN,True,MIXED,ACTIVE,2026-06-27,2026-10-10
0.853,CONFIRMED,SUPPORTING,0.862,STALE_DEVICE,NONE,TRAIN,True,CRIMINAL,ACTIVE,2026-07-02,2026-08-09
0.402,SUSPECTED,SUPPORTING,0.821,NORMAL,NONE,TRAIN,True,CRIMINAL,ACTIVE,2026-01-24,2026-05-06
0.607,CONFIRMED,SUPPORTING,0.925,NORMAL,NONE,TRAIN,True,CRIMINAL,ACTIVE,2026-02-01,2026-06-23
0.449,UNKNOWN,NEUTRAL,0.258,NORMAL,NONE,TRAIN,True,CRIMINAL,ACTIVE,2026-05-30,2026-09-22
0.352,SUSPECTED,SUPPORTING,0.856,NORMAL,NONE,TRAIN,True,CRIMINAL,ACTIVE,2026-04-22,2026-09-30
0.588,UNKNOWN,NEUTRAL,0.386,NORMAL,CONTEXTUAL_ANOMALY,TEST,True,AMBIGUOUS,ACTIVE,2026-03-05,2026-09-03
0.522,SUSPECTED,SUPPORTING,0.652,NORMAL,NONE,TRAIN,True,CRIMINAL,ACTIVE,2025-12-15,2026-03-24
0.462,FALSE,CONTRADICTING,0.295,NORMAL,NONE,TRAIN,True,CRIMINAL,ACTIVE,2025-11-03,2026-03-01
0.782,FALSE,CONTRADICTING,0.184,NORMAL,POINT_ANOMALY,TRAIN,True,CRIMINAL,ACTIVE,2026-06-23,2026-09-10
0.32,UNKNOWN,NEUTRAL,0.325,NORMAL,NONE,TEST,True,AMBIGUOUS,ACTIVE,2026-05-07,2026-10-15
0.533,SUSPECTED,SUPPORTING,0.792,NORMAL,NONE,TRAIN,True,MIXED,ACTIVE,2026-06-13,2026-10-07
0.341,SUSPECTED,SUPPORTING,0.657,NORMAL,NONE,TRAIN,True,MIXED,ACTIVE,2025-11-23,2026-03-11
0.2,CONFIRMED,SUPPORTING,0.969,NORMAL,NONE,TRAIN,True,CRIMINAL,ACTIVE,2026-02-25,2026-09-07
0.251,UNKNOWN,NEUTRAL,0.508,NORMAL,COLLECTIVE_ANOMALY,TEST,True,AMBIGUOUS,ACTIVE,2026-04-23,2026-06-24
0.105,SUSPECTED,SUPPORTING,0.606,NORMAL,NONE,TRAIN,True,CRIMINAL,ACTIVE,2025-12-24,2026-03-13
0.587,UNKNOWN,NEUTRAL,0.536,NORMAL,NONE,TEST,True,AMBIGUOUS,ACTIVE,2026-04-22,2026-10-02
0.184,FALSE,CONTRADICTING,0.134,NORMAL,NONE,TRAIN,True,CRIMINAL,ACTIVE,2026-02-24,2026-07-12
0.472,FALSE,CONTRADICTING,0.156,NORMAL,NONE,TRAIN,True,MIXED,ACTIVE,2026-06-09,2026-08-08
0.23,CONFIRMED,SUPPORTING,0.979,NORMAL,NONE,TRAIN,True,CRIMINAL,ACTIVE,2026-04-15,2026-08-09
0.79,SUSPECTED,SUPPORTING,0.736,NORMAL,NONE,TRAIN,True,MIXED,ACTIVE,2026-05-09,2026-08-08
0.542,UNKNOWN,NEUTRAL,0.355,NORMAL,NONE,TRAIN,True,MIXED,ACTIVE,2026-06-23,2026-10-05
0.5,CONFIRMED,SUPPORTING,0.953,NORMAL,NONE,TEST,True,AMBIGUOUS,ACTIVE,2026-03-10,2026-07-30
0.669,CONFIRMED,SUPPORTING,0.874,NORMAL,RELATIONAL_ANOMALY,TRAIN,True,MIXED,ACTIVE,2025-12-24,2026-04-05
0.463,UNKNOWN,NEUTRAL,0.473,NORMAL,NONE,TRAIN,True,LEGITIMATE,ACTIVE,2026-03-17,2026-06-01
0.513,SUSPECTED,SUPPORTING,0.768,NORMAL,NONE,VALIDATION,True,LEGITIMATE,ACTIVE,2026-01-25,2026-04-12
0.24,UNKNOWN,NEUTRAL,0.249,NORMAL,TEMPORAL_ANOMALY,VALIDATION,True,LEGITIMATE,ACTIVE,2025-11-16,2026-03-10
0.251,CONFIRMED,SUPPORTING,0.874,NORMAL,NONE,VALIDATION,True,LEGITIMATE,ACTIVE,2025-10-05,2026-02-10
0.398,UNKNOWN,NEUTRAL,0.406,NORMAL,NONE,TRAIN,True,CRIMINAL,ACTIVE,2025-10-26,2026-02-10
0.301,UNKNOWN,NEUTRAL,0.338,NORMAL,NONE,TEST,True,AMBIGUOUS,ACTIVE,2026-02-08,2026-05-14
0.462,CONFIRMED,SUPPORTING,0.888,NORMAL,NONE,TRAIN,True,CRIMINAL,ACTIVE,2026-02-08,2026-06-29
0.815,CONFIRMED,SUPPORTING,0.935,NORMAL,NONE,TRAIN,True,MIXED,ACTIVE,2025-11-11,2026-03-13
0.268,UNKNOWN,NEUTRAL,0.496,NORMAL,NONE,VALIDATION,True,LEGITIMATE,ACTIVE,2026-01-06,2026-04-13
0.389,CONFIRMED,SUPPORTING,0.876,NORMAL,NONE,TRAIN,True,CRIMINAL,ACTIVE,2026-02-07,2026-05-30
0.454,UNKNOWN,NEUTRAL,0.29,RECYCLED_SIM,NONE,TEST,True,AMBIGUOUS,ACTIVE,2025-12-23,2026-04-23
0.586,SUSPECTED,SUPPORTING,0.835,NORMAL,NONE,VALIDATION,True,LEGITIMATE,ACTIVE,2026-03-24,2026-08-15
0.405,SUSPECTED,SUPPORTING,0.801,NORMAL,COLLECTIVE_ANOMALY,TRAIN,True,CRIMINAL,ACTIVE,2026-07-23,2026-08-21
0.504,FALSE,CONTRADICTING,0.2,NORMAL,NONE,TRAIN,True,CRIMINAL,ACTIVE,2026-03-04,2026-07-04
0.69,SUSPECTED,SUPPORTING,0.685,NORMAL,NONE,TRAIN,True,CRIMINAL,ACTIVE,2026-02-15,2026-04-29
0.541,CONFIRMED,SUPPORTING,0.869,NORMAL,NONE,TRAIN,True,CRIMINAL,ACTIVE,2025-12-21,2026-04-05
0.821,FALSE,CONTRADICTING,0.345,RECYCLED_SIM,NONE,TRAIN,True,LEGITIMATE,ACTIVE,2026-02-19,2026-07-13
0.51,SUSPECTED,SUPPORTING,0.633,NORMAL,NONE,VALIDATION,True,LEGITIMATE,ACTIVE,2026-01-05,2026-02-26
0.544,FALSE,CONTRADICTING,0.26,NORMAL,NONE,TRAIN,True,MIXED,ACTIVE,2026-01-15,2026-02-17
0.505,FALSE,CONTRADICTING,0.179,NORMAL,NONE,TRAIN,True,CRIMINAL,ACTIVE,2026-04-19,2026-06-20
0.286,CONFIRMED,SUPPORTING,0.987,NORMAL,NONE,TRAIN,True,CRIMINAL,ACTIVE,2026-02-23,2026-06-03
0.427,FALSE,CONTRADICTING,0.276,NORMAL,NONE,TRAIN,True,MIXED,ACTIVE,2026-03-03,2026-06-23
0.229,SUSPECTED,SUPPORTING,0.607,STALE_DEVICE,NONE,TRAIN,True,CRIMINAL,ACTIVE,2026-02-10,2026-06-08
0.545,CONFIRMED,SUPPORTING,0.94,NORMAL,NONE,TRAIN,True,CRIMINAL,ACTIVE,2026-05-30,2026-08-27
0.483,SUSPECTED,SUPPORTING,0.813,NORMAL,NONE,TRAIN,True,MIXED,ACTIVE,2025-12-03,2026-04-20
0.609,SUSPECTED,SUPPORTING,0.584,NORMAL,NONE,TRAIN,True,MIXED,ACTIVE,2025-12-09,2026-03-09
0.48,SUSPECTED,SUPPORTING,0.587,NORMAL,NONE,TEST,True,AMBIGUOUS,ACTIVE,2026-03-23,2026-06-26
0.488,SUSPECTED,SUPPORTING,0.663,NORMAL,NONE,TRAIN,True,CRIMINAL,ACTIVE,2026-07-17,2026-11-07
0.12,SUSPECTED,SUPPORTING,0.681,NORMAL,NONE,TRAIN,True,LEGITIMATE,ACTIVE,2026-04-19,2026-09-23
0.638,SUSPECTED,SUPPORTING,0.625,NORMAL,NONE,TEST,True,AMBIGUOUS,ACTIVE,2026-07-20,2026-10-18
0.592,CONFIRMED,SUPPORTING,0.908,NORMAL,NONE,TEST,True,AMBIGUOUS,ACTIVE,2026-01-28,2026-05-28
0.416,UNKNOWN,NEUTRAL,0.42,NORMAL,NONE,TRAIN,True,CRIMINAL,ACTIVE,2026-05-06,2026-09-13
0.755,SUSPECTED,SUPPORTING,0.751,NORMAL,NONE,TRAIN,True,MIXED,ACTIVE,2026-03-18,2026-09-17
0.397,FALSE,CONTRADICTING,0.261,NORMAL,NONE,TEST,True,AMBIGUOUS,ACTIVE,2025-10-07,2026-03-22
0.656,UNKNOWN,NEUTRAL,0.453,NORMAL,NONE,TRAIN,True,CRIMINAL,ACTIVE,2026-03-07,2026-05-23
0.229,UNKNOWN,NEUTRAL,0.493,NORMAL,NONE,TRAIN,True,MIXED,ACTIVE,2025-12-18,2026-02-04
0.388,SUSPECTED,SUPPORTING,0.773,NORMAL,NONE,TRAIN,True,CRIMINAL,ACTIVE,2025-10-18,2026-03-19
0.348,SUSPECTED,SUPPORTING,0.78,NORMAL,NONE,VALIDATION,True,LEGITIMATE,ACTIVE,2026-03-19,2026-06-13
0.258,FALSE,CONTRADICTING,0.162,NORMAL,NONE,VALIDATION,True,LEGITIMATE,ACTIVE,2025-12-05,2026-04-25
0.563,FALSE,CONTRADICTING,0.19,NORMAL,POINT_ANOMALY,TRAIN,True,MIXED,ACTIVE,2025-11-23,2026-05-03
0.593,SUSPECTED,SUPPORTING,0.774,NORMAL,NONE,TRAIN,True,CRIMINAL,ACTIVE,2026-02-13,2026-07-20
0.803,SUSPECTED,SUPPORTING,0.636,NORMAL,NONE,TEST,True,AMBIGUOUS,ACTIVE,2025-12-29,2026-05-30
0.317,UNKNOWN,NEUTRAL,0.238,NORMAL,TEMPORAL_ANOMALY,TRAIN,True,CRIMINAL,ACTIVE,2025-11-05,2026-04-03
0.368,UNKNOWN,NEUTRAL,0.258,NORMAL,CONTEXTUAL_ANOMALY,VALIDATION,True,LEGITIMATE,ACTIVE,2025-11-13,2026-02-22
0.73,UNKNOWN,NEUTRAL,0.253,NORMAL,NONE,TRAIN,True,MIXED,ACTIVE,2026-04-08,2026-07-05
0.437,UNKNOWN,NEUTRAL,0.372,NORMAL,NONE,VALIDATION,True,LEGITIMATE,ACTIVE,2026-04-05,2026-07-25
0.171,SUSPECTED,SUPPORTING,0.846,NORMAL,NONE,TRAIN,True,CRIMINAL,ACTIVE,2026-01-03,2026-04-10
0.869,SUSPECTED,SUPPORTING,0.724,NORMAL,NONE,TEST,True,AMBIGUOUS,ACTIVE,2026-02-06,2026-02-28
0.13,FALSE,CONTRADICTING,0.223,NORMAL,NONE,TRAIN,True,MIXED,ACTIVE,2025-11-16,2026-04-10
0.456,FALSE,CONTRADICTING,0.161,NORMAL,NONE,VALIDATION,True,LEGITIMATE,ACTIVE,2026-05-09,2026-10-01
0.499,FALSE,CONTRADICTING,0.239,NORMAL,NONE,VALIDATION,True,LEGITIMATE,ACTIVE,2026-02-16,2026-05-03
0.199,UNKNOWN,NEUTRAL,0.394,NORMAL,POINT_ANOMALY,TRAIN,True,CRIMINAL,ACTIVE,2026-05-29,2026-09-09
0.243,SUSPECTED,SUPPORTING,0.718,NORMAL,NONE,TRAIN,True,CRIMINAL,ACTIVE,2026-04-23,2026-09-16
0.147,UNKNOWN,NEUTRAL,0.517,NORMAL,CONTEXTUAL_ANOMALY,VALIDATION,True,LEGITIMATE,ACTIVE,2026-03-30,2026-09-02
0.779,SUSPECTED,SUPPORTING,0.754,NORMAL,COLLECTIVE_ANOMALY,TRAIN,True,CRIMINAL,ACTIVE,2026-05-28,2026-07-08
0.418,SUSPECTED,SUPPORTING,0.659,NORMAL,NONE,TRAIN,True,MIXED,ACTIVE,2026-02-06,2026-06-28
0.555,SUSPECTED,SUPPORTING,0.736,NORMAL,NONE,TRAIN,True,LEGITIMATE,ACTIVE,2026-06-09,2026-09-07
0.227,SUSPECTED,SUPPORTING,0.655,NORMAL,NONE,VALIDATION,True,LEGITIMATE,ACTIVE,2025-10-29,2026-03-09
0.154,UNKNOWN,NEUTRAL,0.415,NORMAL,NONE,TRAIN,True,CRIMINAL,ACTIVE,2026-01-29,2026-05-11
0.556,UNKNOWN,NEUTRAL,0.408,NORMAL,NONE,TRAIN,True,CRIMINAL,ACTIVE,2026-04-02,2026-07-03
0.541,UNKNOWN,NEUTRAL,0.413,NORMAL,NONE,TRAIN,True,CRIMINAL,ACTIVE,2026-02-19,2026-08-22
0.671,UNKNOWN,NEUTRAL,0.399,NORMAL,TEMPORAL_ANOMALY,TRAIN,True,MIXED,ACTIVE,2026-01-17,2026-06-07
0.238,FALSE,CONTRADICTING,0.292,NORMAL,NONE,TRAIN,True,CRIMINAL,ACTIVE,2026-07-19,2026-08-27
0.271,UNKNOWN,NEUTRAL,0.502,NORMAL,POINT_ANOMALY,TRAIN,True,CRIMINAL,ACTIVE,2026-01-29,2026-05-01
0.601,UNKNOWN,NEUTRAL,0.367,DUPLICATE,NONE,TRAIN,True,CRIMINAL,ACTIVE,2025-12-27,2026-05-03
0.5,UNKNOWN,NEUTRAL,0.209,DUPLICATE,TEMPORAL_ANOMALY,TEST,True,AMBIGUOUS,ACTIVE,2025-11-08,2026-02-05
0.765,CONFIRMED,SUPPORTING,0.958,NORMAL,TEMPORAL_ANOMALY,TRAIN,True,CRIMINAL,ACTIVE,2026-03-06,2026-07-21
0.202,UNKNOWN,NEUTRAL,0.541,NORMAL,NONE,TRAIN,True,MIXED,ACTIVE,2025-09-08,2026-01-30
0.118,UNKNOWN,NEUTRAL,0.234,NORMAL,NONE,TEST,True,AMBIGUOUS,ACTIVE,2026-05-12,2026-10-07
0.181,SUSPECTED,SUPPORTING,0.729,NORMAL,NONE,TRAIN,True,LEGITIMATE,ACTIVE,2026-05-04,2026-07-09
0.561,SUSPECTED,SUPPORTING,0.583,NORMAL,POINT_ANOMALY,TRAIN,True,MIXED,ACTIVE,2026-04-22,2026-09-21
0.224,UNKNOWN,NEUTRAL,0.521,NORMAL,NONE,VALIDATION,True,LEGITIMATE,ACTIVE,2025-11-07,2026-05-16
0.594,CONFIRMED,SUPPORTING,0.821,NORMAL,NONE,TRAIN,True,CRIMINAL,ACTIVE,2026-02-07,2026-04-06
0.268,CONFIRMED,SUPPORTING,0.898,NORMAL,NONE,VALIDATION,True,LEGITIMATE,ACTIVE,2025-11-02,2026-03-13
0.36,CONFIRMED,SUPPORTING,0.83,NORMAL,NONE,TRAIN,True,CRIMINAL,ACTIVE,2025-11-11,2026-04-16
0.826,CONFIRMED,SUPPORTING,0.909,NORMAL,NONE,TRAIN,True,MIXED,ACTIVE,2025-12-15,2026-05-12
0.192,FALSE,CONTRADICTING,0.206,NORMAL,NONE,TEST,True,AMBIGUOUS,ACTIVE,2026-06-14,2026-08-20
0.819,CONFIRMED,SUPPORTING,0.888,NORMAL,NONE,TRAIN,True,CRIMINAL,ACTIVE,2026-01-15,2026-05-21
0.082,SUSPECTED,SUPPORTING,0.747,NORMAL,NONE,TRAIN,True,MIXED,ACTIVE,2026-06-07,2026-08-01
0.031,UNKNOWN,NEUTRAL,0.509,NORMAL,COLLECTIVE_ANOMALY,TEST,True,AMBIGUOUS,ACTIVE,2026-01-02,2026-05-20
0.107,CONFIRMED,SUPPORTING,0.878,STALE_DEVICE,NONE,TRAIN,True,CRIMINAL,ACTIVE,2026-03-29,2026-07-06
0.342,UNKNOWN,NEUTRAL,0.281,DUPLICATE,NONE,VALIDATION,True,LEGITIMATE,ACTIVE,2026-07-11,2026-09-23
0.318,SUSPECTED,SUPPORTING,0.637,NORMAL,NONE,TEST,True,AMBIGUOUS,ACTIVE,2026-06-12,2026-08-25
0.334,UNKNOWN,NEUTRAL,0.23,NORMAL,NONE,TEST,True,AMBIGUOUS,ACTIVE,2026-01-29,2026-06-09
0.138,FALSE,CONTRADICTING,0.239,NORMAL,NONE,TRAIN,True,CRIMINAL,ACTIVE,2026-05-16,2026-09-06
0.674,UNKNOWN,NEUTRAL,0.411,DUPLICATE,NONE,TRAIN,True,CRIMINAL,ACTIVE,2026-02-02,2026-05-08
0.29,SUSPECTED,SUPPORTING,0.829,NORMAL,NONE,TRAIN,True,MIXED,ACTIVE,2026-04-13,2026-07-02
0.092,SUSPECTED,SUPPORTING,0.686,STALE_DEVICE,NONE,TRAIN,True,CRIMINAL,ACTIVE,2025-12-17,2026-03-16
0.645,SUSPECTED,SUPPORTING,0.63,NORMAL,NONE,TRAIN,True,LEGITIMATE,ACTIVE,2026-08-05,2026-09-02
0.452,UNKNOWN,NEUTRAL,0.421,NORMAL,NONE,TRAIN,True,CRIMINAL,ACTIVE,2025-12-24,2026-04-19
0.722,UNKNOWN,NEUTRAL,0.368,STALE_DEVICE,NONE,TRAIN,True,MIXED,ACTIVE,2026-03-31,2026-05-15
0.763,CONFIRMED,SUPPORTING,0.911,NORMAL,NONE,TRAIN,True,CRIMINAL,ACTIVE,2026-04-23,2026-08-22
0.32,FALSE,CONTRADICTING,0.19,NORMAL,NONE,TEST,True,AMBIGUOUS,ACTIVE,2026-02-13,2026-07-20
0.286,SUSPECTED,SUPPORTING,0.675,NORMAL,COLLECTIVE_ANOMALY,TRAIN,True,MIXED,ACTIVE,2026-02-21,2026-04-21
0.466,UNKNOWN,NEUTRAL,0.54,NORMAL,NONE,VALIDATION,True,LEGITIMATE,ACTIVE,2026-04-10,2026-06-30
0.259,FALSE,CONTRADICTING,0.411,NORMAL,TEMPORAL_ANOMALY,TRAIN,True,CRIMINAL,ACTIVE,2026-05-17,2026-08-31
0.653,UNKNOWN,NEUTRAL,0.544,NORMAL,NONE,TRAIN,True,LEGITIMATE,ACTIVE,2026-03-14,2026-08-19
0.187,SUSPECTED,SUPPORTING,0.732,NORMAL,NONE,VALIDATION,True,LEGITIMATE,ACTIVE,2026-01-11,2026-02-27
0.282,SUSPECTED,SUPPORTING,0.777,NORMAL,NONE,TRAIN,True,CRIMINAL,ACTIVE,2026-03-21,2026-09-08
0.524,FALSE,CONTRADICTING,0.33,NORMAL,NONE,TRAIN,True,CRIMINAL,ACTIVE,2026-04-27,2026-07-09
0.364,SUSPECTED,SUPPORTING,0.6,NORMAL,NONE,TRAIN,True,MIXED,ACTIVE,2025-10-16,2026-03-04
0.569,UNKNOWN,NEUTRAL,0.5,NORMAL,NONE,TRAIN,True,CRIMINAL,ACTIVE,2026-05-11,2026-07-15
0.271,UNKNOWN,NEUTRAL,0.389,RECYCLED_SIM,NONE,TEST,True,AMBIGUOUS,ACTIVE,2026-01-11,2026-07-12
0.371,CONFIRMED,SUPPORTING,0.976,NORMAL,CONTEXTUAL_ANOMALY,TRAIN,True,MIXED,ACTIVE,2026-02-26,2026-04-04
0.799,FALSE,CONTRADICTING,0.372,SHARED_DEVICE,NONE,TRAIN,True,CRIMINAL,ACTIVE,2025-11-27,2026-05-23
0.849,FALSE,CONTRADICTING,0.267,NORMAL,NONE,TRAIN,True,CRIMINAL,ACTIVE,2026-03-15,2026-08-19
0.161,CONFIRMED,SUPPORTING,0.936,NORMAL,POINT_ANOMALY,TRAIN,True,CRIMINAL,ACTIVE,2026-02-22,2026-07-14
0.62,CONFIRMED,SUPPORTING,0.833,NORMAL,NONE,TRAIN,True,CRIMINAL,ACTIVE,2026-01-14,2026-06-08
0.918,UNKNOWN,NEUTRAL,0.446,NORMAL,NONE,TRAIN,True,CRIMINAL,ACTIVE,2025-11-20,2026-03-01
0.687,SUSPECTED,SUPPORTING,0.647,NORMAL,NONE,TRAIN,True,CRIMINAL,ACTIVE,2026-01-21,2026-07-12
0.178,CONFIRMED,SUPPORTING,0.9,NORMAL,POINT_ANOMALY,TRAIN,True,CRIMINAL,ACTIVE,2026-05-21,2026-07-23
0.11,SUSPECTED,SUPPORTING,0.843,NORMAL,RELATIONAL_ANOMALY,TEST,True,AMBIGUOUS,ACTIVE,2026-03-30,2026-09-27
0.257,UNKNOWN,NEUTRAL,0.209,NORMAL,NONE,TRAIN,True,CRIMINAL,ACTIVE,2026-02-09,2026-07-17
0.51,FALSE,CONTRADICTING,0.358,NORMAL,RELATIONAL_ANOMALY,TRAIN,True,CRIMINAL,ACTIVE,2026-01-14,2026-06-01
0.359,SUSPECTED,SUPPORTING,0.773,NORMAL,NONE,TEST,True,AMBIGUOUS,ACTIVE,2026-02-08,2026-04-28
0.455,CONFIRMED,SUPPORTING,0.903,NORMAL,NONE,TRAIN,True,CRIMINAL,ACTIVE,2026-06-28,2026-09-18
0.528,UNKNOWN,NEUTRAL,0.473,NORMAL,POINT_ANOMALY,TRAIN,True,MIXED,ACTIVE,2026-03-30,2026-06-16
0.12,CONFIRMED,SUPPORTING,0.974,NORMAL,NONE,TRAIN,True,MIXED,ACTIVE,2025-11-09,2026-05-20
0.466,FALSE,CONTRADICTING,0.252,NORMAL,NONE,VALIDATION,True,LEGITIMATE,ACTIVE,2025-12-06,2026-04-19
0.386,FALSE,CONTRADICTING,0.215,NORMAL,NONE,TRAIN,True,MIXED,ACTIVE,2026-03-04,2026-08-13
0.676,UNKNOWN,NEUTRAL,0.429,NORMAL,NONE,VALIDATION,True,LEGITIMATE,ACTIVE,2026-02-27,2026-07-09
0.161,SUSPECTED,SUPPORTING,0.693,NORMAL,NONE,VALIDATION,True,LEGITIMATE,ACTIVE,2026-02-17,2026-05-19
0.689,SUSPECTED,SUPPORTING,0.649,NORMAL,NONE,TRAIN,True,CRIMINAL,ACTIVE,2026-04-20,2026-08-21
0.829,FALSE,CONTRADICTING,0.148,NORMAL,NONE,TRAIN,True,CRIMINAL,ACTIVE,2025-12-12,2026-04-12
0.313,FALSE,CONTRADICTING,0.414,NORMAL,NONE,VALIDATION,True,LEGITIMATE,ACTIVE,2026-06-30,2026-09-18
0.831,CONFIRMED,SUPPORTING,0.833,NORMAL,NONE,TRAIN,True,CRIMINAL,ACTIVE,2026-02-08,2026-04-27
0.693,SUSPECTED,SUPPORTING,0.728,NORMAL,NONE,TRAIN,True,MIXED,ACTIVE,2025-11-24,2026-05-24
0.325,SUSPECTED,SUPPORTING,0.606,NORMAL,NONE,TRAIN,True,MIXED,ACTIVE,2026-01-17,2026-05-17
0.398,FALSE,CONTRADICTING,0.387,NORMAL,POINT_ANOMALY,TRAIN,True,CRIMINAL,ACTIVE,2026-05-02,2026-08-29
0.574,FALSE,CONTRADICTING,0.227,NORMAL,NONE,TRAIN,True,MIXED,ACTIVE,2025-12-23,2026-04-22
0.462,SUSPECTED,SUPPORTING,0.703,NORMAL,NONE,TEST,True,AMBIGUOUS,ACTIVE,2025-09-07,2026-03-07
0.926,CONFIRMED,SUPPORTING,0.948,NORMAL,TEMPORAL_ANOMALY,TRAIN,True,CRIMINAL,ACTIVE,2025-10-07,2026-03-01
0.394,FALSE,CONTRADICTING,0.214,NORMAL,NONE,TRAIN,True,MIXED,ACTIVE,2025-10-11,2026-03-08
0.666,UNKNOWN,NEUTRAL,0.247,DUPLICATE,NONE,TRAIN,True,CRIMINAL,ACTIVE,2026-07-27,2026-10-08
0.389,UNKNOWN,NEUTRAL,0.466,NORMAL,NONE,TRAIN,True,MIXED,ACTIVE,2026-07-08,2026-08-13
0.325,UNKNOWN,NEUTRAL,0.417,NORMAL,NONE,VALIDATION,True,LEGITIMATE,ACTIVE,2025-12-08,2026-05-27
0.544,UNKNOWN,NEUTRAL,0.392,NORMAL,NONE,VALIDATION,True,LEGITIMATE,ACTIVE,2026-02-12,2026-05-26
0.696,SUSPECTED,SUPPORTING,0.716,NORMAL,NONE,TRAIN,True,MIXED,ACTIVE,2026-05-15,2026-08-24
0.539,SUSPECTED,SUPPORTING,0.768,NORMAL,NONE,TEST,True,AMBIGUOUS,ACTIVE,2026-03-13,2026-07-15
0.301,SUSPECTED,SUPPORTING,0.629,NORMAL,NONE,TEST,True,AMBIGUOUS,ACTIVE,2026-07-22,2026-10-10
0.233,UNKNOWN,NEUTRAL,0.377,NORMAL,CONTEXTUAL_ANOMALY,TRAIN,True,CRIMINAL,ACTIVE,2026-04-09,2026-07-04
0.304,SUSPECTED,SUPPORTING,0.63,NORMAL,NONE,TRAIN,True,CRIMINAL,ACTIVE,2026-01-14,2026-05-27
0.222,CONFIRMED,SUPPORTING,0.972,NORMAL,NONE,TRAIN,True,CRIMINAL,ACTIVE,2026-06-22,2026-09-13
0.398,SUSPECTED,SUPPORTING,0.647,NORMAL,NONE,TRAIN,True,CRIMINAL,ACTIVE,2026-01-23,2026-02-25
0.591,SUSPECTED,SUPPORTING,0.719,NORMAL,NONE,TEST,True,AMBIGUOUS,ACTIVE,2026-03-04,2026-06-29
0.529,SUSPECTED,SUPPORTING,0.752,NORMAL,NONE,TRAIN,True,CRIMINAL,ACTIVE,2026-06-22,2026-10-03
0.197,CONFIRMED,SUPPORTING,0.943,NORMAL,NONE,TRAIN,True,CRIMINAL,ACTIVE,2026-06-27,2026-08-27
0.472,UNKNOWN,NEUTRAL,0.431,NORMAL,NONE,TRAIN,True,MIXED,ACTIVE,2026-01-21,2026-06-02
0.418,UNKNOWN,NEUTRAL,0.359,NORMAL,NONE,TRAIN,True,MIXED,ACTIVE,2025-10-27,2026-03-01
0.496,CONFIRMED,SUPPORTING,0.947,NORMAL,NONE,TRAIN,True,MIXED,ACTIVE,2026-02-22,2026-07-15
0.499,UNKNOWN,NEUTRAL,0.535,NORMAL,NONE,TRAIN,True,MIXED,ACTIVE,2025-11-14,2026-02-25
0.659,SUSPECTED,SUPPORTING,0.799,NORMAL,NONE,TRAIN,True,CRIMINAL,ACTIVE,2025-12-08,2026-03-03
0.369,CONFIRMED,SUPPORTING,0.964,NORMAL,NONE,TRAIN,True,MIXED,ACTIVE,2026-05-28,2026-09-02
0.592,SUSPECTED,SUPPORTING,0.728,NORMAL,NONE,TRAIN,True,CRIMINAL,ACTIVE,2025-11-02,2026-03-02
0.278,FALSE,CONTRADICTING,0.223,NORMAL,POINT_ANOMALY,TRAIN,True,CRIMINAL,ACTIVE,2026-01-22,2026-04-21
0.32,CONFIRMED,SUPPORTING,0.912,NORMAL,NONE,TRAIN,True,CRIMINAL,ACTIVE,2026-06-13,2026-09-21
0.327,UNKNOWN,NEUTRAL,0.363,NORMAL,NONE,TRAIN,True,CRIMINAL,ACTIVE,2026-01-26,2026-05-07
0.241,CONFIRMED,SUPPORTING,0.843,NORMAL,NONE,TRAIN,True,CRIMINAL,ACTIVE,2026-03-30,2026-07-18
0.481,CONFIRMED,SUPPORTING,0.898,NORMAL,TEMPORAL_ANOMALY,TRAIN,True,CRIMINAL,ACTIVE,2026-04-20,2026-10-04
0.305,SUSPECTED,SUPPORTING,0.722,NORMAL,NONE,TRAIN,True,MIXED,ACTIVE,2026-01-24,2026-03-10
0.346,FALSE,CONTRADICTING,0.186,NORMAL,NONE,TRAIN,True,CRIMINAL,ACTIVE,2026-02-28,2026-04-22
0.311,SUSPECTED,SUPPORTING,0.584,NORMAL,NONE,VALIDATION,True,LEGITIMATE,ACTIVE,2025-10-30,2026-03-11
0.336,UNKNOWN,NEUTRAL,0.486,NORMAL,NONE,TEST,True,AMBIGUOUS,ACTIVE,2026-06-28,2026-10-08
0.283,SUSPECTED,SUPPORTING,0.713,NORMAL,NONE,TRAIN,True,MIXED,ACTIVE,2025-11-11,2026-01-19
0.466,CONFIRMED,SUPPORTING,0.894,NORMAL,CONTEXTUAL_ANOMALY,TRAIN,True,CRIMINAL,ACTIVE,2026-05-12,2026-07-28
0.117,FALSE,CONTRADICTING,0.286,NORMAL,NONE,TRAIN,True,CRIMINAL,ACTIVE,2025-12-02,2026-03-30
0.407,CONFIRMED,SUPPORTING,0.84,NORMAL,NONE,TRAIN,True,CRIMINAL,ACTIVE,2026-05-04,2026-08-28
0.181,SUSPECTED,SUPPORTING,0.757,NORMAL,NONE,TRAIN,True,CRIMINAL,ACTIVE,2026-02-17,2026-08-11
0.378,FALSE,CONTRADICTING,0.352,NORMAL,POINT_ANOMALY,TEST,True,AMBIGUOUS,ACTIVE,2026-04-22,2026-07-23
0.633,UNKNOWN,NEUTRAL,0.417,NORMAL,NONE,TEST,True,AMBIGUOUS,ACTIVE,2025-09-12,2026-02-07
0.67,CONFIRMED,SUPPORTING,0.902,NORMAL,NONE,TRAIN,True,CRIMINAL,ACTIVE,2026-01-15,2026-05-11
0.411,UNKNOWN,NEUTRAL,0.297,NORMAL,CONTEXTUAL_ANOMALY,TRAIN,True,CRIMINAL,ACTIVE,2026-05-14,2026-09-30
0.242,UNKNOWN,NEUTRAL,0.487,DUPLICATE,NONE,TRAIN,True,CRIMINAL,ACTIVE,2026-01-16,2026-07-07
0.165,FALSE,CONTRADICTING,0.193,NORMAL,POINT_ANOMALY,TRAIN,True,CRIMINAL,ACTIVE,2026-07-18,2026-09-03
0.361,CONFIRMED,SUPPORTING,0.918,NORMAL,NONE,TRAIN,True,MIXED,ACTIVE,2026-01-25,2026-03-30
0.282,SUSPECTED,SUPPORTING,0.653,NORMAL,NONE,TRAIN,True,CRIMINAL,ACTIVE,2025-12-07,2026-05-01
0.393,UNKNOWN,NEUTRAL,0.255,NORMAL,NONE,TRAIN,True,CRIMINAL,ACTIVE,2026-05-08,2026-09-12
0.916,SUSPECTED,SUPPORTING,0.691,NORMAL,NONE,TRAIN,True,CRIMINAL,ACTIVE,2026-03-26,2026-06-24
0.426,FALSE,CONTRADICTING,0.244,STALE_DEVICE,NONE,VALIDATION,True,LEGITIMATE,ACTIVE,2026-05-26,2026-09-06
0.518,CONFIRMED,SUPPORTING,0.984,NORMAL,NONE,TRAIN,True,MIXED,ACTIVE,2025-12-04,2026-04-25
0.282,SUSPECTED,SUPPORTING,0.812,NORMAL,NONE,TRAIN,True,CRIMINAL,ACTIVE,2026-01-15,2026-06-14
0.72,SUSPECTED,SUPPORTING,0.722,NORMAL,COLLECTIVE_ANOMALY,TRAIN,True,LEGITIMATE,ACTIVE,2026-03-21,2026-06-07
0.244,CONFIRMED,SUPPORTING,0.96,NORMAL,NONE,TRAIN,True,MIXED,ACTIVE,2026-05-18,2026-08-10
0.088,SUSPECTED,SUPPORTING,0.693,NORMAL,NONE,TRAIN,True,MIXED,ACTIVE,2026-01-30,2026-06-11
0.235,CONFIRMED,SUPPORTING,0.93,NORMAL,NONE,VALIDATION,True,LEGITIMATE,ACTIVE,2026-01-24,2026-05-17
0.187,SUSPECTED,SUPPORTING,0.691,NORMAL,NONE,TRAIN,True,MIXED,ACTIVE,2026-05-15,2026-08-19
0.304,UNKNOWN,NEUTRAL,0.376,NORMAL,NONE,TRAIN,True,MIXED,ACTIVE,2026-03-02,2026-05-24
0.272,SUSPECTED,SUPPORTING,0.828,NORMAL,NONE,TRAIN,True,CRIMINAL,ACTIVE,2025-12-08,2026-03-09
0.605,UNKNOWN,NEUTRAL,0.456,NORMAL,NONE,TRAIN,True,MIXED,ACTIVE,2025-12-24,2026-05-04
0.254,FALSE,CONTRADICTING,0.215,NORMAL,NONE,TEST,True,AMBIGUOUS,ACTIVE,2025-12-05,2026-05-19
0.43,CONFIRMED,SUPPORTING,0.973,NORMAL,NONE,TRAIN,True,CRIMINAL,ACTIVE,2025-11-02,2026-04-18
0.622,FALSE,CONTRADICTING,0.413,NORMAL,NONE,TRAIN,True,MIXED,ACTIVE,2026-01-10,2026-06-06
0.409,CONFIRMED,SUPPORTING,0.913,NORMAL,NONE,TRAIN,True,CRIMINAL,ACTIVE,2026-06-01,2026-09-06
0.534,UNKNOWN,NEUTRAL,0.407,NORMAL,NONE,VALIDATION,True,LEGITIMATE,ACTIVE,2026-03-09,2026-05-11
0.12,SUSPECTED,SUPPORTING,0.625,NORMAL,NONE,TRAIN,True,CRIMINAL,ACTIVE,2026-03-25,2026-06-18
0.102,SUSPECTED,SUPPORTING,0.786,NORMAL,NONE,TEST,True,AMBIGUOUS,ACTIVE,2026-01-27,2026-06-06
0.305,UNKNOWN,NEUTRAL,0.535,NORMAL,TEMPORAL_ANOMALY,TRAIN,True,MIXED,ACTIVE,2026-01-05,2026-05-10
0.186,UNKNOWN,NEUTRAL,0.484,NORMAL,NONE,TEST,True,AMBIGUOUS,ACTIVE,2026-02-05,2026-06-25
0.768,CONFIRMED,SUPPORTING,0.907,NORMAL,COLLECTIVE_ANOMALY,TRAIN,True,CRIMINAL,ACTIVE,2026-07-15,2026-09-24
0.102,SUSPECTED,SUPPORTING,0.676,NORMAL,NONE,TRAIN,True,CRIMINAL,ACTIVE,2026-01-24,2026-07-01
0.325,CONFIRMED,SUPPORTING,0.843,NORMAL,NONE,TRAIN,True,MIXED,ACTIVE,2026-01-28,2026-06-26
0.145,UNKNOWN,NEUTRAL,0.512,NORMAL,NONE,TEST,True,AMBIGUOUS,ACTIVE,2026-01-04,2026-05-03
0.204,CONFIRMED,SUPPORTING,0.903,NORMAL,NONE,TRAIN,True,CRIMINAL,ACTIVE,2026-05-21,2026-10-28
0.666,SUSPECTED,SUPPORTING,0.655,NORMAL,NONE,TRAIN,True,MIXED,ACTIVE,2026-05-03,2026-09-22
0.263,SUSPECTED,SUPPORTING,0.65,NORMAL,NONE,VALIDATION,True,LEGITIMATE,ACTIVE,2026-05-15,2026-09-21
0.058,SUSPECTED,SUPPORTING,0.721,STALE_DEVICE,NONE,TRAIN,True,MIXED,ACTIVE,2026-04-05,2026-07-26
0.235,SUSPECTED,SUPPORTING,0.744,NORMAL,NONE,TRAIN,True,CRIMINAL,ACTIVE,2025-11-12,2026-04-21
0.473,SUSPECTED,SUPPORTING,0.58,NORMAL,NONE,TRAIN,True,MIXED,ACTIVE,2025-11-20,2026-02-07
0.294,UNKNOWN,NEUTRAL,0.352,NORMAL,POINT_ANOMALY,TRAIN,True,LEGITIMATE,ACTIVE,2026-02-10,2026-07-15
0.838,SUSPECTED,SUPPORTING,0.598,NORMAL,NONE,TRAIN,True,CRIMINAL,ACTIVE,2026-06-07,2026-08-27
0.417,CONFIRMED,SUPPORTING,0.891,NORMAL,COLLECTIVE_ANOMALY,TRAIN,True,MIXED,ACTIVE,2026-02-09,2026-08-07
0.677,SUSPECTED,SUPPORTING,0.782,NORMAL,NONE,TEST,True,AMBIGUOUS,ACTIVE,2026-05-04,2026-07-06
0.26,UNKNOWN,NEUTRAL,0.282,NORMAL,CONTEXTUAL_ANOMALY,TRAIN,True,CRIMINAL,ACTIVE,2025-11-24,2026-04-08
0.553,SUSPECTED,SUPPORTING,0.762,NORMAL,NONE,TRAIN,True,CRIMINAL,ACTIVE,2026-03-13,2026-08-07
0.178,CONFIRMED,SUPPORTING,0.942,NORMAL,NONE,TRAIN,True,CRIMINAL,ACTIVE,2025-11-23,2026-03-27
0.52,UNKNOWN,NEUTRAL,0.511,NORMAL,NONE,TRAIN,True,LEGITIMATE,ACTIVE,2026-01-01,2026-02-07
0.322,UNKNOWN,NEUTRAL,0.467,NORMAL,NONE,TRAIN,True,MIXED,ACTIVE,2026-07-18,2026-10-02
0.795,SUSPECTED,SUPPORTING,0.722,NORMAL,POINT_ANOMALY,VALIDATION,True,LEGITIMATE,ACTIVE,2026-05-15,2026-08-19
0.384,UNKNOWN,NEUTRAL,0.474,NORMAL,NONE,TRAIN,True,CRIMINAL,ACTIVE,2026-01-20,2026-07-24
0.384,CONFIRMED,SUPPORTING,0.922,NORMAL,NONE,TRAIN,True,CRIMINAL,ACTIVE,2026-01-08,2026-04-21
0.02,SUSPECTED,SUPPORTING,0.821,NORMAL,NONE,TRAIN,True,MIXED,ACTIVE,2026-01-29,2026-06-19
0.244,FALSE,CONTRADICTING,0.404,NORMAL,NONE,TRAIN,True,MIXED,ACTIVE,2025-10-03,2026-04-15
0.431,UNKNOWN,NEUTRAL,0.508,SHARED_DEVICE,NONE,TRAIN,True,MIXED,ACTIVE,2026-01-21,2026-06-19
0.074,FALSE,CONTRADICTING,0.414,NORMAL,TEMPORAL_ANOMALY,TRAIN,True,CRIMINAL,ACTIVE,2026-04-12,2026-07-08
0.212,SUSPECTED,SUPPORTING,0.761,NORMAL,NONE,TRAIN,True,LEGITIMATE,ACTIVE,2026-02-12,2026-06-15
0.533,CONFIRMED,SUPPORTING,0.917,NORMAL,NONE,TRAIN,True,CRIMINAL,ACTIVE,2026-05-03,2026-08-30
0.127,FALSE,CONTRADICTING,0.337,NORMAL,NONE,VALIDATION,True,LEGITIMATE,ACTIVE,2026-04-21,2026-08-01
0.227,UNKNOWN,NEUTRAL,0.421,NORMAL,CONTEXTUAL_ANOMALY,TRAIN,True,CRIMINAL,ACTIVE,2026-01-26,2026-06-01
0.886,UNKNOWN,NEUTRAL,0.322,NORMAL,NONE,TRAIN,True,CRIMINAL,ACTIVE,2026-04-07,2026-08-12
0.096,UNKNOWN,NEUTRAL,0.219,NORMAL,NONE,VALIDATION,True,LEGITIMATE,ACTIVE,2025-12-31,2026-02-14
0.157,UNKNOWN,NEUTRAL,0.505,NORMAL,NONE,TRAIN,True,CRIMINAL,ACTIVE,2025-12-19,2026-06-20
0.744,CONFIRMED,SUPPORTING,0.908,NORMAL,NONE,TRAIN,True,CRIMINAL,ACTIVE,2026-01-20,2026-04-02
0.615,FALSE,CONTRADICTING,0.127,NORMAL,NONE,VALIDATION,True,LEGITIMATE,ACTIVE,2025-12-24,2026-07-05
0.36,SUSPECTED,SUPPORTING,0.771,NORMAL,TEMPORAL_ANOMALY,TRAIN,True,CRIMINAL,ACTIVE,2025-11-12,2026-02-28
0.169,UNKNOWN,NEUTRAL,0.527,NORMAL,NONE,TRAIN,True,MIXED,ACTIVE,2026-05-02,2026-07-20
0.137,CONFIRMED,SUPPORTING,0.927,NORMAL,NONE,TRAIN,True,CRIMINAL,ACTIVE,2026-01-05,2026-06-07
0.72,CONFIRMED,SUPPORTING,0.88,NORMAL,NONE,TRAIN,True,CRIMINAL,ACTIVE,2025-10-09,2026-03-28
0.294,CONFIRMED,SUPPORTING,0.926,NORMAL,CONTEXTUAL_ANOMALY,TRAIN,True,CRIMINAL,ACTIVE,2025-12-20,2026-07-11
0.49,SUSPECTED,SUPPORTING,0.7,DUPLICATE,NONE,TEST,True,AMBIGUOUS,ACTIVE,2026-06-29,2026-09-09
0.707,CONFIRMED,SUPPORTING,0.886,NORMAL,NONE,TRAIN,True,CRIMINAL,ACTIVE,2026-04-25,2026-09-03
0.658,UNKNOWN,NEUTRAL,0.308,NORMAL,NONE,TRAIN,True,CRIMINAL,ACTIVE,2026-02-24,2026-07-19
0.155,CONFIRMED,SUPPORTING,0.936,NORMAL,NONE,TRAIN,True,CRIMINAL,ACTIVE,2026-06-27,2026-10-29
0.28,CONFIRMED,SUPPORTING,0.866,NORMAL,NONE,TRAIN,True,CRIMINAL,ACTIVE,2025-11-19,2026-02-27
0.319,CONFIRMED,SUPPORTING,0.949,NORMAL,NONE,VALIDATION,True,LEGITIMATE,ACTIVE,2026-05-28,2026-09-11
0.456,UNKNOWN,NEUTRAL,0.283,NORMAL,NONE,VALIDATION,True,LEGITIMATE,ACTIVE,2025-10-25,2026-05-12
0.725,UNKNOWN,NEUTRAL,0.439,NORMAL,NONE,TRAIN,True,CRIMINAL,ACTIVE,2026-02-21,2026-05-11
0.181,SUSPECTED,SUPPORTING,0.799,NORMAL,COLLECTIVE_ANOMALY,TRAIN,True,MIXED,ACTIVE,2026-01-04,2026-04-22
0.607,SUSPECTED,SUPPORTING,0.788,NORMAL,NONE,TRAIN,True,CRIMINAL,ACTIVE,2026-04-23,2026-07-15
0.166,CONFIRMED,SUPPORTING,0.87,NORMAL,NONE,VALIDATION,True,LEGITIMATE,ACTIVE,2026-01-31,2026-04-13
0.406,SUSPECTED,SUPPORTING,0.585,STALE_DEVICE,NONE,TRAIN,True,CRIMINAL,ACTIVE,2026-06-04,2026-09-10
0.648,SUSPECTED,SUPPORTING,0.632,NORMAL,CONTEXTUAL_ANOMALY,TEST,True,AMBIGUOUS,ACTIVE,2026-01-31,2026-07-16
0.656,UNKNOWN,NEUTRAL,0.48,NORMAL,NONE,TRAIN,True,CRIMINAL,ACTIVE,2026-04-25,2026-06-07
0.572,SUSPECTED,SUPPORTING,0.754,NORMAL,NONE,TRAIN,True,MIXED,ACTIVE,2026-07-15,2026-09-02
0.72,CONFIRMED,SUPPORTING,0.86,DUPLICATE,NONE,TRAIN,True,CRIMINAL,ACTIVE,2026-02-07,2026-06-16
0.35,SUSPECTED,SUPPORTING,0.693,NORMAL,NONE,TRAIN,True,MIXED,ACTIVE,2026-01-11,2026-04-08
0.203,FALSE,CONTRADICTING,0.382,NORMAL,TEMPORAL_ANOMALY,TRAIN,True,MIXED,ACTIVE,2025-11-17,2026-03-08
0.567,CONFIRMED,SUPPORTING,0.935,NORMAL,NONE,TRAIN,True,CRIMINAL,ACTIVE,2025-10-09,2026-04-07
0.365,SUSPECTED,SUPPORTING,0.798,SHARED_DEVICE,NONE,TRAIN,True,MIXED,ACTIVE,2025-11-25,2026-04-10
0.739,UNKNOWN,NEUTRAL,0.461,NORMAL,NONE,TEST,True,AMBIGUOUS,ACTIVE,2026-03-16,2026-08-30
0.56,UNKNOWN,NEUTRAL,0.368,NORMAL,NONE,TEST,True,AMBIGUOUS,ACTIVE,2026-06-03,2026-08-06
0.461,SUSPECTED,SUPPORTING,0.659,NORMAL,NONE,TRAIN,True,CRIMINAL,ACTIVE,2025-12-12,2026-04-01
0.59,FALSE,CONTRADICTING,0.251,NORMAL,NONE,TEST,True,AMBIGUOUS,ACTIVE,2026-03-29,2026-06-24
0.271,SUSPECTED,SUPPORTING,0.707,NORMAL,NONE,TRAIN,True,CRIMINAL,ACTIVE,2026-03-21,2026-08-21
0.727,CONFIRMED,SUPPORTING,0.88,NORMAL,POINT_ANOMALY,TRAIN,True,MIXED,ACTIVE,2026-01-16,2026-03-13
0.574,SUSPECTED,SUPPORTING,0.727,NORMAL,NONE,TEST,True,AMBIGUOUS,ACTIVE,2025-10-31,2026-03-04
0.406,FALSE,CONTRADICTING,0.41,NORMAL,NONE,TRAIN,True,CRIMINAL,ACTIVE,2026-06-11,2026-09-19
0.028,UNKNOWN,NEUTRAL,0.203,NORMAL,NONE,TEST,True,AMBIGUOUS,ACTIVE,2026-01-23,2026-06-19
0.577,FALSE,CONTRADICTING,0.352,NORMAL,NONE,TRAIN,True,MIXED,ACTIVE,2026-02-01,2026-08-29
0.259,CONFIRMED,SUPPORTING,0.983,NORMAL,NONE,TRAIN,True,CRIMINAL,ACTIVE,2026-04-02,2026-06-01
0.621,FALSE,CONTRADICTING,0.149,NORMAL,CONTEXTUAL_ANOMALY,TRAIN,True,MIXED,ACTIVE,2026-04-12,2026-06-12
0.42,SUSPECTED,SUPPORTING,0.756,NORMAL,NONE,TRAIN,True,MIXED,ACTIVE,2025-11-06,2026-03-24
0.445,FALSE,CONTRADICTING,0.307,NORMAL,NONE,VALIDATION,True,LEGITIMATE,ACTIVE,2025-09-25,2026-01-26
0.558,UNKNOWN,NEUTRAL,0.37,NORMAL,NONE,TRAIN,True,MIXED,ACTIVE,2026-01-21,2026-04-26
0.505,SUSPECTED,SUPPORTING,0.604,NORMAL,NONE,TRAIN,True,MIXED,ACTIVE,2026-06-17,2026-09-13
0.748,UNKNOWN,NEUTRAL,0.249,NORMAL,NONE,VALIDATION,True,LEGITIMATE,ACTIVE,2025-11-30,2026-06-09
0.664,SUSPECTED,SUPPORTING,0.675,NORMAL,NONE,TRAIN,True,MIXED,ACTIVE,2026-05-24,2026-09-17
0.212,CONFIRMED,SUPPORTING,0.826,NORMAL,NONE,TRAIN,True,MIXED,ACTIVE,2026-06-18,2026-08-26
0.379,CONFIRMED,SUPPORTING,0.915,NORMAL,NONE,TRAIN,True,MIXED,ACTIVE,2026-01-10,2026-04-08
0.392,UNKNOWN,NEUTRAL,0.531,NORMAL,NONE,TEST,True,AMBIGUOUS,ACTIVE,2025-11-28,2026-06-01
0.392,SUSPECTED,SUPPORTING,0.835,NORMAL,NONE,TRAIN,True,MIXED,ACTIVE,2026-02-25,2026-05-06
0.731,SUSPECTED,SUPPORTING,0.776,NORMAL,NONE,TRAIN,True,CRIMINAL,ACTIVE,2025-10-31,2026-03-03
0.232,UNKNOWN,NEUTRAL,0.225,NORMAL,NONE,VALIDATION,True,LEGITIMATE,ACTIVE,2025-11-27,2026-05-31
0.682,CONFIRMED,SUPPORTING,0.958,RECYCLED_SIM,NONE,TRAIN,True,CRIMINAL,ACTIVE,2025-12-16,2026-03-30
0.235,UNKNOWN,NEUTRAL,0.407,NORMAL,NONE,VALIDATION,True,LEGITIMATE,ACTIVE,2026-02-01,2026-05-18
0.102,SUSPECTED,SUPPORTING,0.771,NORMAL,NONE,VALIDATION,True,LEGITIMATE,ACTIVE,2026-03-03,2026-05-04
0.423,SUSPECTED,SUPPORTING,0.764,NORMAL,NONE,TRAIN,True,MIXED,ACTIVE,2026-03-09,2026-07-04
0.458,CONFIRMED,SUPPORTING,0.987,NORMAL,NONE,TRAIN,True,LEGITIMATE,ACTIVE,2026-05-04,2026-09-17
0.381,UNKNOWN,NEUTRAL,0.223,NORMAL,NONE,TRAIN,True,CRIMINAL,ACTIVE,2026-05-09,2026-10-31
0.32,SUSPECTED,SUPPORTING,0.66,NORMAL,NONE,TRAIN,True,CRIMINAL,ACTIVE,2026-04-24,2026-10-27
0.365,FALSE,CONTRADICTING,0.273,NORMAL,POINT_ANOMALY,TRAIN,True,MIXED,ACTIVE,2026-05-22,2026-09-05
0.441,SUSPECTED,SUPPORTING,0.831,NORMAL,NONE,TRAIN,True,CRIMINAL,ACTIVE,2025-10-27,2026-03-27
0.428,SUSPECTED,SUPPORTING,0.706,NORMAL,RELATIONAL_ANOMALY,TRAIN,True,MIXED,ACTIVE,2026-02-01,2026-05-17
0.307,CONFIRMED,SUPPORTING,0.986,NORMAL,NONE,TRAIN,True,MIXED,ACTIVE,2026-04-27,2026-09-12
0.417,UNKNOWN,NEUTRAL,0.339,NORMAL,POINT_ANOMALY,VALIDATION,True,LEGITIMATE,ACTIVE,2025-12-13,2026-03-04
0.361,CONFIRMED,SUPPORTING,0.842,NORMAL,NONE,TRAIN,True,CRIMINAL,ACTIVE,2026-01-10,2026-06-29
0.264,FALSE,CONTRADICTING,0.17,NORMAL,NONE,TRAIN,True,CRIMINAL,ACTIVE,2026-05-11,2026-08-20
0.468,FALSE,CONTRADICTING,0.384,NORMAL,CONTEXTUAL_ANOMALY,TRAIN,True,CRIMINAL,ACTIVE,2025-10-01,2026-02-16
0.328,SUSPECTED,SUPPORTING,0.783,NORMAL,NONE,TEST,True,AMBIGUOUS,ACTIVE,2026-03-23,2026-05-04
0.765,UNKNOWN,NEUTRAL,0.439,NORMAL,NONE,TRAIN,True,CRIMINAL,ACTIVE,2026-06-13,2026-07-21
0.289,SUSPECTED,SUPPORTING,0.822,NORMAL,CONTEXTUAL_ANOMALY,TRAIN,True,CRIMINAL,ACTIVE,2026-06-06,2026-11-03
0.697,SUSPECTED,SUPPORTING,0.642,NORMAL,COLLECTIVE_ANOMALY,TEST,True,AMBIGUOUS,ACTIVE,2025-11-15,2026-02-16
0.41,CONFIRMED,SUPPORTING,0.832,NORMAL,NONE,TRAIN,True,CRIMINAL,ACTIVE,2026-04-16,2026-07-25
0.473,UNKNOWN,NEUTRAL,0.454,NORMAL,NONE,TEST,True,AMBIGUOUS,ACTIVE,2025-12-22,2026-03-10
0.395,FALSE,CONTRADICTING,0.199,NORMAL,POINT_ANOMALY,TRAIN,True,LEGITIMATE,ACTIVE,2026-06-06,2026-09-01
0.073,UNKNOWN,NEUTRAL,0.443,NORMAL,NONE,TRAIN,True,CRIMINAL,ACTIVE,2026-03-30,2026-07-31
0.4,UNKNOWN,NEUTRAL,0.376,NORMAL,CONTEXTUAL_ANOMALY,TEST,True,AMBIGUOUS,ACTIVE,2025-11-20,2026-06-08
0.792,CONFIRMED,SUPPORTING,0.886,NORMAL,NONE,TRAIN,True,CRIMINAL,ACTIVE,2026-04-21,2026-07-02
0.332,SUSPECTED,SUPPORTING,0.71,NORMAL,TEMPORAL_ANOMALY,TEST,True,AMBIGUOUS,ACTIVE,2026-04-10,2026-07-25
0.325,SUSPECTED,SUPPORTING,0.676,NORMAL,NONE,TEST,True,AMBIGUOUS,ACTIVE,2026-02-20,2026-08-03
0.214,SUSPECTED,SUPPORTING,0.773,NORMAL,NONE,TRAIN,True,CRIMINAL,ACTIVE,2026-03-10,2026-06-24
0.205,FALSE,CONTRADICTING,0.342,NORMAL,NONE,VALIDATION,True,LEGITIMATE,ACTIVE,2026-02-19,2026-07-13
0.301,CONFIRMED,SUPPORTING,0.826,NORMAL,NONE,TRAIN,True,MIXED,ACTIVE,2026-01-29,2026-06-12
0.701,UNKNOWN,NEUTRAL,0.522,NORMAL,CONTEXTUAL_ANOMALY,TRAIN,True,MIXED,ACTIVE,2026-07-14,2026-10-06
0.352,FALSE,CONTRADICTING,0.151,NORMAL,POINT_ANOMALY,TRAIN,True,CRIMINAL,ACTIVE,2026-04-28,2026-10-20
0.319,SUSPECTED,SUPPORTING,0.581,NORMAL,POINT_ANOMALY,TRAIN,True,CRIMINAL,ACTIVE,2026-01-10,2026-05-11
0.114,CONFIRMED,SUPPORTING,0.924,DUPLICATE,NONE,TRAIN,True,CRIMINAL,ACTIVE,2026-03-21,2026-06-04
0.204,UNKNOWN,NEUTRAL,0.274,NORMAL,NONE,VALIDATION,True,LEGITIMATE,ACTIVE,2025-12-21,2026-04-26
0.371,CONFIRMED,SUPPORTING,0.919,NORMAL,TEMPORAL_ANOMALY,TEST,True,AMBIGUOUS,ACTIVE,2026-03-27,2026-06-19
0.204,FALSE,CONTRADICTING,0.127,NORMAL,POINT_ANOMALY,VALIDATION,True,LEGITIMATE,ACTIVE,2025-12-01,2026-04-12
0.714,FALSE,CONTRADICTING,0.298,NORMAL,COLLECTIVE_ANOMALY,VALIDATION,True,LEGITIMATE,ACTIVE,2026-03-30,2026-07-24
0.416,UNKNOWN,NEUTRAL,0.243,NORMAL,NONE,TRAIN,True,LEGITIMATE,ACTIVE,2026-01-17,2026-05-01
0.238,SUSPECTED,SUPPORTING,0.777,NORMAL,NONE,TRAIN,True,CRIMINAL,ACTIVE,2026-06-25,2026-09-03
0.507,CONFIRMED,SUPPORTING,0.91,NORMAL,NONE,TRAIN,True,MIXED,ACTIVE,2026-05-30,2026-08-09
0.44,CONFIRMED,SUPPORTING,0.934,NORMAL,NONE,TRAIN,True,CRIMINAL,ACTIVE,2025-11-24,2026-05-19
0.671,UNKNOWN,NEUTRAL,0.355,DUPLICATE,RELATIONAL_ANOMALY,TEST,True,AMBIGUOUS,ACTIVE,2026-01-27,2026-04-11
0.815,SUSPECTED,SUPPORTING,0.852,NORMAL,NONE,TRAIN,True,CRIMINAL,ACTIVE,2025-12-24,2026-04-24
0.643,UNKNOWN,NEUTRAL,0.396,NORMAL,RELATIONAL_ANOMALY,TEST,True,AMBIGUOUS,ACTIVE,2026-01-10,2026-03-28
0.412,FALSE,CONTRADICTING,0.4,NORMAL,NONE,VALIDATION,True,LEGITIMATE,ACTIVE,2025-11-18,2026-04-07
0.146,FALSE,CONTRADICTING,0.174,NORMAL,NONE,TRAIN,True,MIXED,ACTIVE,2026-04-22,2026-09-29
0.378,SUSPECTED,SUPPORTING,0.609,NORMAL,NONE,TRAIN,True,MIXED,ACTIVE,2026-01-22,2026-03-25
0.548,FALSE,CONTRADICTING,0.367,NORMAL,NONE,VALIDATION,True,LEGITIMATE,ACTIVE,2026-06-07,2026-10-28
0.548,UNKNOWN,NEUTRAL,0.518,NORMAL,NONE,VALIDATION,True,LEGITIMATE,ACTIVE,2026-05-08,2026-09-29
0.565,FALSE,CONTRADICTING,0.35,NORMAL,NONE,TRAIN,True,CRIMINAL,ACTIVE,2026-01-15,2026-05-07
0.39,CONFIRMED,SUPPORTING,0.947,NORMAL,NONE,TRAIN,True,MIXED,ACTIVE,2026-03-10,2026-06-23
0.163,UNKNOWN,NEUTRAL,0.348,NORMAL,NONE,TRAIN,True,MIXED,ACTIVE,2026-04-29,2026-09-28
0.228,SUSPECTED,SUPPORTING,0.798,NORMAL,NONE,TRAIN,True,MIXED,ACTIVE,2025-12-15,2026-05-03
0.672,UNKNOWN,NEUTRAL,0.475,NORMAL,NONE,TEST,True,AMBIGUOUS,ACTIVE,2025-12-12,2026-03-08
0.535,SUSPECTED,SUPPORTING,0.781,DUPLICATE,NONE,TEST,True,AMBIGUOUS,ACTIVE,2026-01-04,2026-03-03
0.264,SUSPECTED,SUPPORTING,0.747,NORMAL,NONE,VALIDATION,True,LEGITIMATE,ACTIVE,2025-12-24,2026-07-13
0.484,FALSE,CONTRADICTING,0.386,NORMAL,NONE,VALIDATION,True,LEGITIMATE,ACTIVE,2026-02-03,2026-04-02
0.368,SUSPECTED,SUPPORTING,0.858,NORMAL,NONE,TEST,True,AMBIGUOUS,ACTIVE,2026-03-09,2026-09-27
0.656,FALSE,CONTRADICTING,0.271,NORMAL,COLLECTIVE_ANOMALY,TRAIN,True,CRIMINAL,ACTIVE,2025-10-04,2026-03-02
0.109,UNKNOWN,NEUTRAL,0.325,NORMAL,COLLECTIVE_ANOMALY,TRAIN,True,MIXED,ACTIVE,2025-11-18,2026-03-04
0.177,FALSE,CONTRADICTING,0.226,NORMAL,NONE,TRAIN,True,CRIMINAL,ACTIVE,2026-01-12,2026-05-18
0.417,FALSE,CONTRADICTING,0.386,NORMAL,NONE,TRAIN,True,LEGITIMATE,ACTIVE,2026-03-10,2026-07-15
0.635,SUSPECTED,SUPPORTING,0.839,NORMAL,NONE,TRAIN,True,MIXED,ACTIVE,2026-04-12,2026-07-23
0.445,UNKNOWN,NEUTRAL,0.257,NORMAL,RELATIONAL_ANOMALY,TRAIN,True,CRIMINAL,ACTIVE,2026-05-17,2026-10-06
0.56,UNKNOWN,NEUTRAL,0.204,NORMAL,NONE,VALIDATION,True,LEGITIMATE,ACTIVE,2026-03-02,2026-04-16
0.162,UNKNOWN,NEUTRAL,0.501,NORMAL,NONE,TEST,True,AMBIGUOUS,ACTIVE,2025-11-08,2026-03-18
0.389,UNKNOWN,NEUTRAL,0.469,NORMAL,NONE,VALIDATION,True,LEGITIMATE,ACTIVE,2026-01-29,2026-05-25
0.782,SUSPECTED,SUPPORTING,0.823,DUPLICATE,NONE,TRAIN,True,MIXED,ACTIVE,2025-11-30,2026-03-13
0.859,UNKNOWN,NEUTRAL,0.351,NORMAL,NONE,TEST,True,AMBIGUOUS,ACTIVE,2026-03-01,2026-08-10
0.4,SUSPECTED,SUPPORTING,0.822,NORMAL,NONE,VALIDATION,True,LEGITIMATE,ACTIVE,2026-04-22,2026-10-17
0.245,SUSPECTED,SUPPORTING,0.824,NORMAL,TEMPORAL_ANOMALY,TRAIN,True,CRIMINAL,ACTIVE,2025-12-22,2026-03-09
0.4,CONFIRMED,SUPPORTING,0.851,NORMAL,NONE,TRAIN,True,MIXED,ACTIVE,2026-04-01,2026-08-18
0.548,SUSPECTED,SUPPORTING,0.785,NORMAL,NONE,TRAIN,True,MIXED,ACTIVE,2026-04-02,2026-09-13
0.504,FALSE,CONTRADICTING,0.377,NORMAL,NONE,VALIDATION,True,LEGITIMATE,ACTIVE,2026-06-11,2026-10-05
0.385,SUSPECTED,SUPPORTING,0.595,NORMAL,POINT_ANOMALY,TEST,True,AMBIGUOUS,ACTIVE,2025-12-30,2026-05-16
0.375,FALSE,CONTRADICTING,0.265,NORMAL,NONE,TRAIN,True,CRIMINAL,ACTIVE,2026-04-09,2026-06-21
0.504,FALSE,CONTRADICTING,0.125,NORMAL,NONE,TEST,True,AMBIGUOUS,ACTIVE,2026-02-04,2026-05-14
0.453,UNKNOWN,NEUTRAL,0.475,NORMAL,NONE,VALIDATION,True,LEGITIMATE,ACTIVE,2026-01-17,2026-06-27
0.339,SUSPECTED,SUPPORTING,0.651,NORMAL,TEMPORAL_ANOMALY,TRAIN,True,CRIMINAL,ACTIVE,2025-11-17,2026-04-06
0.697,UNKNOWN,NEUTRAL,0.468,NORMAL,NONE,TRAIN,True,CRIMINAL,ACTIVE,2026-02-04,2026-05-20
0.412,UNKNOWN,NEUTRAL,0.399,NORMAL,NONE,TRAIN,True,CRIMINAL,ACTIVE,2026-03-28,2026-07-26
0.476,FALSE,CONTRADICTING,0.364,RECYCLED_SIM,NONE,TRAIN,True,CRIMINAL,ACTIVE,2025-12-10,2026-04-30
0.88,UNKNOWN,NEUTRAL,0.414,NORMAL,NONE,TEST,True,AMBIGUOUS,ACTIVE,2026-04-10,2026-08-25
0.46,SUSPECTED,SUPPORTING,0.632,NORMAL,NONE,TRAIN,True,CRIMINAL,ACTIVE,2026-02-22,2026-08-31
0.566,CONFIRMED,SUPPORTING,0.838,NORMAL,NONE,TRAIN,True,CRIMINAL,ACTIVE,2025-09-12,2026-03-02
0.745,CONFIRMED,SUPPORTING,0.962,NORMAL,CONTEXTUAL_ANOMALY,TRAIN,True,CRIMINAL,ACTIVE,2026-03-01,2026-06-30
0.805,UNKNOWN,NEUTRAL,0.43,NORMAL,NONE,TEST,True,AMBIGUOUS,ACTIVE,2026-04-05,2026-08-15
0.831,UNKNOWN,NEUTRAL,0.237,NORMAL,NONE,VALIDATION,True,LEGITIMATE,ACTIVE,2025-10-04,2026-03-31
0.533,SUSPECTED,SUPPORTING,0.761,NORMAL,COLLECTIVE_ANOMALY,TRAIN,True,MIXED,ACTIVE,2026-02-16,2026-05-28
0.834,CONFIRMED,SUPPORTING,0.977,NORMAL,RELATIONAL_ANOMALY,TRAIN,True,MIXED,ACTIVE,2026-04-06,2026-05-10
0.542,CONFIRMED,SUPPORTING,0.859,NORMAL,NONE,TRAIN,True,CRIMINAL,ACTIVE,2025-11-05,2026-05-11
0.247,SUSPECTED,SUPPORTING,0.737,NORMAL,TEMPORAL_ANOMALY,TRAIN,True,MIXED,ACTIVE,2026-02-26,2026-08-12
0.313,FALSE,CONTRADICTING,0.261,NORMAL,NONE,TEST,True,AMBIGUOUS,ACTIVE,2026-06-06,2026-10-06
0.648,UNKNOWN,NEUTRAL,0.471,NORMAL,NONE,TRAIN,True,CRIMINAL,ACTIVE,2026-04-29,2026-06-29
0.524,CONFIRMED,SUPPORTING,0.968,NORMAL,POINT_ANOMALY,TRAIN,True,CRIMINAL,ACTIVE,2026-04-03,2026-05-13
0.102,FALSE,CONTRADICTING,0.381,NORMAL,RELATIONAL_ANOMALY,TRAIN,True,CRIMINAL,ACTIVE,2026-05-13,2026-07-26
0.111,FALSE,CONTRADICTING,0.2,NORMAL,CONTEXTUAL_ANOMALY,TRAIN,True,MIXED,ACTIVE,2026-01-26,2026-06-21
0.318,CONFIRMED,SUPPORTING,0.894,NORMAL,NONE,TEST,True,AMBIGUOUS,ACTIVE,2026-02-04,2026-06-18
0.213,FALSE,CONTRADICTING,0.132,NORMAL,NONE,TRAIN,True,MIXED,ACTIVE,2025-12-01,2026-03-21
0.263,UNKNOWN,NEUTRAL,0.358,NORMAL,NONE,TRAIN,True,MIXED,ACTIVE,2026-03-07,2026-06-26
0.498,UNKNOWN,NEUTRAL,0.491,DUPLICATE,TEMPORAL_ANOMALY,VALIDATION,True,LEGITIMATE,ACTIVE,2025-12-04,2026-02-04
0.327,SUSPECTED,SUPPORTING,0.597,NORMAL,NONE,TRAIN,True,MIXED,ACTIVE,2026-04-27,2026-08-29
0.202,CONFIRMED,SUPPORTING,0.826,NORMAL,NONE,TEST,True,AMBIGUOUS,ACTIVE,2025-10-28,2026-05-19
0.687,UNKNOWN,NEUTRAL,0.319,NORMAL,NONE,TRAIN,True,MIXED,ACTIVE,2026-04-14,2026-09-02
0.339,UNKNOWN,NEUTRAL,0.425,NORMAL,NONE,VALIDATION,True,LEGITIMATE,ACTIVE,2026-01-22,2026-08-04
0.574,SUSPECTED,SUPPORTING,0.641,NORMAL,NONE,TRAIN,True,CRIMINAL,ACTIVE,2026-02-01,2026-03-20
0.59,CONFIRMED,SUPPORTING,0.963,NORMAL,NONE,TRAIN,True,CRIMINAL,ACTIVE,2026-03-09,2026-06-24
0.286,UNKNOWN,NEUTRAL,0.438,NORMAL,TEMPORAL_ANOMALY,VALIDATION,True,LEGITIMATE,ACTIVE,2025-12-30,2026-05-22
0.607,UNKNOWN,NEUTRAL,0.371,NORMAL,TEMPORAL_ANOMALY,TEST,True,AMBIGUOUS,ACTIVE,2025-12-26,2026-04-14
0.656,UNKNOWN,NEUTRAL,0.363,NORMAL,NONE,VALIDATION,True,LEGITIMATE,ACTIVE,2025-10-13,2026-02-05
0.383,FALSE,CONTRADICTING,0.205,NORMAL,NONE,TRAIN,True,LEGITIMATE,ACTIVE,2026-02-26,2026-06-23
0.527,UNKNOWN,NEUTRAL,0.35,NORMAL,NONE,TEST,True,AMBIGUOUS,ACTIVE,2026-02-04,2026-08-14
0.493,SUSPECTED,SUPPORTING,0.592,NORMAL,CONTEXTUAL_ANOMALY,TRAIN,True,MIXED,ACTIVE,2026-04-11,2026-09-28
0.696,UNKNOWN,NEUTRAL,0.383,NORMAL,NONE,VALIDATION,True,LEGITIMATE,ACTIVE,2026-01-20,2026-05-20
0.218,UNKNOWN,NEUTRAL,0.215,NORMAL,NONE,TRAIN,True,LEGITIMATE,ACTIVE,2026-02-24,2026-07-19
0.361,FALSE,CONTRADICTING,0.194,NORMAL,NONE,VALIDATION,True,LEGITIMATE,ACTIVE,2026-02-04,2026-04-27
0.507,UNKNOWN,NEUTRAL,0.202,NORMAL,NONE,TRAIN,True,CRIMINAL,ACTIVE,2026-05-20,2026-09-08
0.455,CONFIRMED,SUPPORTING,0.91,NORMAL,NONE,TRAIN,True,MIXED,ACTIVE,2026-06-29,2026-08-24
0.173,CONFIRMED,SUPPORTING,0.839,NORMAL,NONE,TRAIN,True,CRIMINAL,ACTIVE,2025-11-01,2026-03-10
0.462,CONFIRMED,SUPPORTING,0.836,NORMAL,TEMPORAL_ANOMALY,TRAIN,True,MIXED,ACTIVE,2026-03-13,2026-08-02
0.402,CONFIRMED,SUPPORTING,0.936,NORMAL,NONE,TRAIN,True,MIXED,ACTIVE,2026-01-29,2026-05-05
0.131,UNKNOWN,NEUTRAL,0.211,NORMAL,NONE,VALIDATION,True,LEGITIMATE,ACTIVE,2026-01-15,2026-06-23
0.898,SUSPECTED,SUPPORTING,0.772,NORMAL,NONE,TRAIN,True,CRIMINAL,ACTIVE,2026-01-28,2026-07-20
0.301,CONFIRMED,SUPPORTING,0.829,NORMAL,NONE,TRAIN,True,CRIMINAL,ACTIVE,2026-02-17,2026-07-15
0.443,SUSPECTED,SUPPORTING,0.724,RECYCLED_SIM,NONE,VALIDATION,True,LEGITIMATE,ACTIVE,2026-07-15,2026-08-15
0.642,CONFIRMED,SUPPORTING,0.826,NORMAL,NONE,TRAIN,True,CRIMINAL,ACTIVE,2026-01-24,2026-06-21
0.352,UNKNOWN,NEUTRAL,0.303,NORMAL,COLLECTIVE_ANOMALY,TRAIN,True,MIXED,ACTIVE,2026-03-22,2026-06-09
0.164,CONFIRMED,SUPPORTING,0.905,NORMAL,COLLECTIVE_ANOMALY,TRAIN,True,CRIMINAL,ACTIVE,2026-05-21,2026-07-14
0.538,SUSPECTED,SUPPORTING,0.648,NORMAL,NONE,TRAIN,True,MIXED,ACTIVE,2026-01-28,2026-06-06
0.202,SUSPECTED,SUPPORTING,0.656,NORMAL,NONE,TRAIN,True,MIXED,ACTIVE,2025-10-19,2026-04-15
0.323,UNKNOWN,NEUTRAL,0.52,NORMAL,NONE,TRAIN,True,MIXED,ACTIVE,2026-02-07,2026-05-15
0.286,FALSE,CONTRADICTING,0.129,NORMAL,NONE,VALIDATION,True,LEGITIMATE,ACTIVE,2026-01-18,2026-06-19
0.379,UNKNOWN,NEUTRAL,0.233,NORMAL,NONE,TRAIN,True,MIXED,ACTIVE,2026-05-25,2026-10-12
0.361,SUSPECTED,SUPPORTING,0.763,SHARED_DEVICE,CONTEXTUAL_ANOMALY,TRAIN,True,CRIMINAL,ACTIVE,2026-02-17,2026-05-23
0.471,CONFIRMED,SUPPORTING,0.919,NORMAL,TEMPORAL_ANOMALY,TRAIN,True,MIXED,ACTIVE,2025-11-12,2026-02-20
0.666,SUSPECTED,SUPPORTING,0.754,STALE_DEVICE,NONE,TRAIN,True,CRIMINAL,ACTIVE,2026-04-25,2026-08-30
0.303,CONFIRMED,SUPPORTING,0.988,NORMAL,COLLECTIVE_ANOMALY,TRAIN,True,CRIMINAL,ACTIVE,2025-11-25,2026-04-25
0.169,CONFIRMED,SUPPORTING,0.966,NORMAL,NONE,TRAIN,True,CRIMINAL,ACTIVE,2026-05-09,2026-08-21
0.17,FALSE,CONTRADICTING,0.144,NORMAL,NONE,VALIDATION,True,LEGITIMATE,ACTIVE,2025-09-29,2026-03-13
0.725,UNKNOWN,NEUTRAL,0.525,NORMAL,NONE,TRAIN,True,LEGITIMATE,ACTIVE,2026-07-21,2026-10-15
0.355,FALSE,CONTRADICTING,0.383,NORMAL,NONE,TRAIN,True,CRIMINAL,ACTIVE,2026-07-13,2026-10-30
0.574,UNKNOWN,NEUTRAL,0.496,NORMAL,NONE,TRAIN,True,CRIMINAL,ACTIVE,2026-04-01,2026-06-15
0.531,FALSE,CONTRADICTING,0.287,NORMAL,COLLECTIVE_ANOMALY,TRAIN,True,CRIMINAL,ACTIVE,2026-01-20,2026-03-01
0.481,SUSPECTED,SUPPORTING,0.783,NORMAL,NONE,TRAIN,True,CRIMINAL,ACTIVE,2026-03-02,2026-04-13
0.211,FALSE,CONTRADICTING,0.327,NORMAL,NONE,VALIDATION,True,LEGITIMATE,ACTIVE,2026-02-04,2026-04-16
0.51,SUSPECTED,SUPPORTING,0.841,NORMAL,NONE,TRAIN,True,CRIMINAL,ACTIVE,2026-04-24,2026-08-18
0.346,SUSPECTED,SUPPORTING,0.778,NORMAL,CONTEXTUAL_ANOMALY,TRAIN,True,CRIMINAL,ACTIVE,2025-10-25,2026-04-04
0.238,UNKNOWN,NEUTRAL,0.269,NORMAL,NONE,TRAIN,True,MIXED,ACTIVE,2026-04-27,2026-08-10
0.398,FALSE,CONTRADICTING,0.162,NORMAL,TEMPORAL_ANOMALY,TRAIN,True,MIXED,ACTIVE,2026-06-28,2026-08-06
0.262,SUSPECTED,SUPPORTING,0.804,NORMAL,NONE,TRAIN,True,CRIMINAL,ACTIVE,2026-03-22,2026-09-25
0.319,CONFIRMED,SUPPORTING,0.868,NORMAL,NONE,TRAIN,True,MIXED,ACTIVE,2026-02-20,2026-05-26
0.469,CONFIRMED,SUPPORTING,0.89,NORMAL,NONE,TRAIN,True,MIXED,ACTIVE,2026-01-20,2026-06-05
0.305,CONFIRMED,SUPPORTING,0.897,NORMAL,NONE,TRAIN,True,CRIMINAL,ACTIVE,2025-11-29,2026-02-28
0.405,CONFIRMED,SUPPORTING,0.97,NORMAL,NONE,TRAIN,True,CRIMINAL,ACTIVE,2026-06-15,2026-09-25
0.596,SUSPECTED,SUPPORTING,0.851,NORMAL,NONE,TRAIN,True,CRIMINAL,ACTIVE,2026-04-17,2026-06-09
0.102,SUSPECTED,SUPPORTING,0.812,NORMAL,NONE,TRAIN,True,MIXED,ACTIVE,2026-07-12,2026-08-27
0.458,SUSPECTED,SUPPORTING,0.852,NORMAL,NONE,VALIDATION,True,LEGITIMATE,ACTIVE,2026-05-25,2026-08-21
0.152,CONFIRMED,SUPPORTING,0.859,NORMAL,NONE,VALIDATION,True,LEGITIMATE,ACTIVE,2026-06-02,2026-09-07
0.707,SUSPECTED,SUPPORTING,0.823,NORMAL,NONE,TRAIN,True,CRIMINAL,ACTIVE,2025-11-30,2026-03-27
0.498,SUSPECTED,SUPPORTING,0.592,NORMAL,NONE,TEST,True,AMBIGUOUS,ACTIVE,2026-01-10,2026-04-06
0.768,SUSPECTED,SUPPORTING,0.582,NORMAL,NONE,TRAIN,True,CRIMINAL,ACTIVE,2026-01-17,2026-05-11
0.156,FALSE,CONTRADICTING,0.206,NORMAL,NONE,VALIDATION,True,LEGITIMATE,ACTIVE,2026-02-04,2026-05-17
0.253,SUSPECTED,SUPPORTING,0.679,NORMAL,NONE,VALIDATION,True,LEGITIMATE,ACTIVE,2026-02-22,2026-06-18
0.587,CONFIRMED,SUPPORTING,0.924,NORMAL,NONE,TRAIN,True,CRIMINAL,ACTIVE,2025-12-06,2026-03-25
0.375,CONFIRMED,SUPPORTING,0.885,NORMAL,NONE,TRAIN,True,CRIMINAL,ACTIVE,2026-01-07,2026-05-26
0.032,CONFIRMED,SUPPORTING,0.964,NORMAL,NONE,TRAIN,True,CRIMINAL,ACTIVE,2026-04-11,2026-08-03
0.29,UNKNOWN,NEUTRAL,0.381,NORMAL,COLLECTIVE_ANOMALY,TRAIN,True,CRIMINAL,ACTIVE,2025-11-22,2026-02-24
0.376,CONFIRMED,SUPPORTING,0.971,STALE_DEVICE,NONE,TRAIN,True,CRIMINAL,ACTIVE,2026-03-27,2026-09-08
0.307,UNKNOWN,NEUTRAL,0.512,NORMAL,POINT_ANOMALY,TRAIN,True,MIXED,ACTIVE,2026-01-30,2026-06-27
0.242,CONFIRMED,SUPPORTING,0.855,NORMAL,NONE,TRAIN,True,CRIMINAL,ACTIVE,2025-11-24,2026-03-29
0.389,CONFIRMED,SUPPORTING,0.916,NORMAL,NONE,TRAIN,True,CRIMINAL,ACTIVE,2026-04-23,2026-08-30
0.016,CONFIRMED,SUPPORTING,0.827,NORMAL,NONE,VALIDATION,True,LEGITIMATE,ACTIVE,2026-03-05,2026-07-04
0.109,UNKNOWN,NEUTRAL,0.325,NORMAL,NONE,VALIDATION,True,LEGITIMATE,ACTIVE,2026-04-29,2026-10-06
0.274,UNKNOWN,NEUTRAL,0.542,NORMAL,NONE,TRAIN,True,MIXED,ACTIVE,2026-04-05,2026-09-15
0.394,FALSE,CONTRADICTING,0.166,NORMAL,NONE,TRAIN,True,MIXED,ACTIVE,2025-12-25,2026-04-18
0.425,CONFIRMED,SUPPORTING,0.949,NORMAL,NONE,TRAIN,True,MIXED,ACTIVE,2026-04-08,2026-06-09
0.342,UNKNOWN,NEUTRAL,0.285,NORMAL,NONE,TRAIN,True,MIXED,ACTIVE,2025-10-30,2026-04-08
0.402,CONFIRMED,SUPPORTING,0.878,NORMAL,NONE,TRAIN,True,CRIMINAL,ACTIVE,2026-07-09,2026-09-24
0.571,UNKNOWN,NEUTRAL,0.218,NORMAL,NONE,TRAIN,True,MIXED,ACTIVE,2025-12-01,2026-03-21
0.639,FALSE,CONTRADICTING,0.286,NORMAL,NONE,TRAIN,True,MIXED,ACTIVE,2026-03-14,2026-05-11
0.23,UNKNOWN,NEUTRAL,0.344,NORMAL,NONE,TRAIN,True,LEGITIMATE,ACTIVE,2026-04-12,2026-08-19
0.342,FALSE,CONTRADICTING,0.149,NORMAL,NONE,VALIDATION,True,LEGITIMATE,ACTIVE,2026-03-30,2026-08-17
0.147,FALSE,CONTRADICTING,0.178,NORMAL,NONE,TRAIN,True,CRIMINAL,ACTIVE,2026-03-31,2026-08-08
0.108,CONFIRMED,SUPPORTING,0.928,NORMAL,NONE,TRAIN,True,CRIMINAL,ACTIVE,2025-11-24,2026-04-08
0.79,FALSE,CONTRADICTING,0.308,NORMAL,RELATIONAL_ANOMALY,TRAIN,True,CRIMINAL,ACTIVE,2026-02-24,2026-06-13
0.367,SUSPECTED,SUPPORTING,0.675,NORMAL,CONTEXTUAL_ANOMALY,TRAIN,True,CRIMINAL,ACTIVE,2026-02-09,2026-06-11
0.363,UNKNOWN,NEUTRAL,0.303,NORMAL,COLLECTIVE_ANOMALY,TEST,True,AMBIGUOUS,ACTIVE,2026-05-19,2026-08-30
0.233,UNKNOWN,NEUTRAL,0.34,NORMAL,NONE,TRAIN,True,MIXED,ACTIVE,2026-07-06,2026-10-18
0.791,SUSPECTED,SUPPORTING,0.711,NORMAL,NONE,TRAIN,True,CRIMINAL,ACTIVE,2026-06-20,2026-09-24
0.366,SUSPECTED,SUPPORTING,0.799,NORMAL,NONE,TEST,True,AMBIGUOUS,ACTIVE,2025-10-03,2026-03-08
0.066,UNKNOWN,NEUTRAL,0.41,NORMAL,NONE,TRAIN,True,CRIMINAL,ACTIVE,2026-01-27,2026-06-29
0.475,FALSE,CONTRADICTING,0.141,NORMAL,NONE,VALIDATION,True,LEGITIMATE,ACTIVE,2026-04-19,2026-09-12
0.813,FALSE,CONTRADICTING,0.398,NORMAL,NONE,TEST,True,AMBIGUOUS,ACTIVE,2026-04-17,2026-08-27
0.393,SUSPECTED,SUPPORTING,0.633,NORMAL,NONE,VALIDATION,True,LEGITIMATE,ACTIVE,2026-01-01,2026-06-16
0.474,SUSPECTED,SUPPORTING,0.716,NORMAL,NONE,TRAIN,True,CRIMINAL,ACTIVE,2026-03-19,2026-07-26
0.037,CONFIRMED,SUPPORTING,0.944,NORMAL,COLLECTIVE_ANOMALY,TRAIN,True,LEGITIMATE,ACTIVE,2026-03-21,2026-07-08
0.417,FALSE,CONTRADICTING,0.185,NORMAL,NONE,VALIDATION,True,LEGITIMATE,ACTIVE,2026-01-02,2026-04-04
0.267,SUSPECTED,SUPPORTING,0.701,NORMAL,NONE,TRAIN,True,CRIMINAL,ACTIVE,2026-01-07,2026-04-10
0.641,SUSPECTED,SUPPORTING,0.808,NORMAL,NONE,TRAIN,True,CRIMINAL,ACTIVE,2026-04-06,2026-08-27
0.502,SUSPECTED,SUPPORTING,0.715,NORMAL,NONE,TRAIN,True,MIXED,ACTIVE,2026-01-29,2026-06-02
0.232,FALSE,CONTRADICTING,0.309,DUPLICATE,NONE,TRAIN,True,CRIMINAL,ACTIVE,2025-10-13,2026-03-08
0.024,UNKNOWN,NEUTRAL,0.281,NORMAL,NONE,VALIDATION,True,LEGITIMATE,ACTIVE,2026-03-05,2026-05-18
0.454,FALSE,CONTRADICTING,0.409,NORMAL,NONE,VALIDATION,True,LEGITIMATE,ACTIVE,2025-09-23,2026-04-13
0.55,CONFIRMED,SUPPORTING,0.864,NORMAL,NONE,TRAIN,True,MIXED,ACTIVE,2025-11-21,2026-03-10
0.141,CONFIRMED,SUPPORTING,0.927,NORMAL,NONE,TRAIN,True,CRIMINAL,ACTIVE,2026-06-04,2026-08-16
0.545,UNKNOWN,NEUTRAL,0.468,NORMAL,NONE,TRAIN,True,MIXED,ACTIVE,2026-02-13,2026-03-24
0.294,SUSPECTED,SUPPORTING,0.736,NORMAL,NONE,TRAIN,True,CRIMINAL,ACTIVE,2025-10-10,2026-04-02
0.489,FALSE,CONTRADICTING,0.155,NORMAL,NONE,VALIDATION,True,LEGITIMATE,ACTIVE,2026-02-07,2026-06-19
0.391,SUSPECTED,SUPPORTING,0.616,NORMAL,TEMPORAL_ANOMALY,TEST,True,AMBIGUOUS,ACTIVE,2025-12-11,2026-02-04
0.607,UNKNOWN,NEUTRAL,0.441,NORMAL,NONE,TRAIN,True,LEGITIMATE,ACTIVE,2025-10-22,2026-02-23
0.623,CONFIRMED,SUPPORTING,0.882,NORMAL,NONE,TRAIN,True,MIXED,ACTIVE,2026-05-28,2026-09-21
0.069,CONFIRMED,SUPPORTING,0.876,NORMAL,NONE,TRAIN,True,CRIMINAL,ACTIVE,2025-09-28,2026-02-13
0.783,FALSE,CONTRADICTING,0.167,NORMAL,NONE,TRAIN,True,MIXED,ACTIVE,2025-12-12,2026-05-27
0.421,CONFIRMED,SUPPORTING,0.916,NORMAL,NONE,TEST,True,AMBIGUOUS,ACTIVE,2026-05-13,2026-08-05
0.096,UNKNOWN,NEUTRAL,0.412,NORMAL,NONE,VALIDATION,True,LEGITIMATE,ACTIVE,2025-12-24,2026-04-09
0.535,SUSPECTED,SUPPORTING,0.855,NORMAL,NONE,TRAIN,True,CRIMINAL,ACTIVE,2025-10-08,2026-02-05
0.271,SUSPECTED,SUPPORTING,0.742,NORMAL,TEMPORAL_ANOMALY,TEST,True,AMBIGUOUS,ACTIVE,2026-03-26,2026-08-25
0.559,CONFIRMED,SUPPORTING,0.985,NORMAL,NONE,TRAIN,True,CRIMINAL,ACTIVE,2026-01-05,2026-03-15
0.144,SUSPECTED,SUPPORTING,0.744,NORMAL,NONE,VALIDATION,True,LEGITIMATE,ACTIVE,2025-11-28,2026-04-18
0.668,SUSPECTED,SUPPORTING,0.592,NORMAL,CONTEXTUAL_ANOMALY,TEST,True,AMBIGUOUS,ACTIVE,2026-03-02,2026-05-15
0.662,CONFIRMED,SUPPORTING,0.88,NORMAL,CONTEXTUAL_ANOMALY,TEST,True,AMBIGUOUS,ACTIVE,2026-03-15,2026-07-25
0.573,CONFIRMED,SUPPORTING,0.907,NORMAL,TEMPORAL_ANOMALY,TRAIN,True,MIXED,ACTIVE,2026-05-13,2026-10-22
0.436,UNKNOWN,NEUTRAL,0.225,NORMAL,NONE,TEST,True,AMBIGUOUS,ACTIVE,2025-12-15,2026-05-05
0.462,FALSE,CONTRADICTING,0.24,NORMAL,NONE,TEST,True,AMBIGUOUS,ACTIVE,2026-03-25,2026-08-07
0.894,UNKNOWN,NEUTRAL,0.4,NORMAL,NONE,TRAIN,True,MIXED,ACTIVE,2025-11-13,2026-03-03
0.452,CONFIRMED,SUPPORTING,0.891,NORMAL,NONE,TRAIN,True,CRIMINAL,ACTIVE,2026-03-16,2026-08-23
0.099,SUSPECTED,SUPPORTING,0.806,NORMAL,NONE,TRAIN,True,CRIMINAL,ACTIVE,2026-01-03,2026-03-02
0.528,CONFIRMED,SUPPORTING,0.858,NORMAL,NONE,VALIDATION,True,LEGITIMATE,ACTIVE,2025-12-21,2026-04-14
0.883,SUSPECTED,SUPPORTING,0.834,NORMAL,NONE,TRAIN,True,MIXED,ACTIVE,2026-05-13,2026-10-04
0.771,FALSE,CONTRADICTING,0.336,NORMAL,NONE,TRAIN,True,MIXED,ACTIVE,2026-07-31,2026-09-19
0.425,CONFIRMED,SUPPORTING,0.894,NORMAL,NONE,TRAIN,True,CRIMINAL,ACTIVE,2026-01-12,2026-05-21
0.06,CONFIRMED,SUPPORTING,0.927,NORMAL,NONE,TRAIN,True,CRIMINAL,ACTIVE,2025-12-25,2026-07-01
0.347,CONFIRMED,SUPPORTING,0.958,NORMAL,CONTEXTUAL_ANOMALY,TEST,True,AMBIGUOUS,ACTIVE,2025-11-29,2026-04-03
0.244,SUSPECTED,SUPPORTING,0.788,NORMAL,NONE,TRAIN,True,MIXED,ACTIVE,2025-11-24,2026-05-03
0.596,CONFIRMED,SUPPORTING,0.859,NORMAL,NONE,TRAIN,True,CRIMINAL,ACTIVE,2026-04-16,2026-08-05
0.316,CONFIRMED,SUPPORTING,0.98,NORMAL,NONE,TRAIN,True,MIXED,ACTIVE,2026-03-03,2026-07-01
0.067,SUSPECTED,SUPPORTING,0.824,NORMAL,NONE,TRAIN,True,CRIMINAL,ACTIVE,2026-01-14,2026-06-22
0.525,UNKNOWN,NEUTRAL,0.383,NORMAL,RELATIONAL_ANOMALY,VALIDATION,True,LEGITIMATE,ACTIVE,2026-03-05,2026-07-12
0.432,CONFIRMED,SUPPORTING,0.824,NORMAL,NONE,TEST,True,AMBIGUOUS,ACTIVE,2026-06-21,2026-09-27
0.393,CONFIRMED,SUPPORTING,0.929,NORMAL,NONE,VALIDATION,True,LEGITIMATE,ACTIVE,2026-04-20,2026-08-03
0.788,UNKNOWN,NEUTRAL,0.396,NORMAL,NONE,TRAIN,True,CRIMINAL,ACTIVE,2026-05-10,2026-09-29
0.831,SUSPECTED,SUPPORTING,0.802,NORMAL,NONE,TRAIN,True,MIXED,ACTIVE,2026-01-29,2026-03-25
0.431,UNKNOWN,NEUTRAL,0.504,NORMAL,POINT_ANOMALY,TRAIN,True,CRIMINAL,ACTIVE,2026-03-18,2026-08-03
0.863,SUSPECTED,SUPPORTING,0.643,NORMAL,NONE,TEST,True,AMBIGUOUS,ACTIVE,2026-02-12,2026-05-26
0.12,UNKNOWN,NEUTRAL,0.308,NORMAL,TEMPORAL_ANOMALY,TRAIN,True,CRIMINAL,ACTIVE,2026-07-09,2026-10-07
0.322,SUSPECTED,SUPPORTING,0.592,NORMAL,NONE,TRAIN,True,CRIMINAL,ACTIVE,2026-05-19,2026-09-30
0.459,UNKNOWN,NEUTRAL,0.203,NORMAL,POINT_ANOMALY,TRAIN,True,MIXED,ACTIVE,2026-04-20,2026-06-13
0.631,SUSPECTED,SUPPORTING,0.851,NORMAL,TEMPORAL_ANOMALY,TEST,True,AMBIGUOUS,ACTIVE,2026-05-25,2026-08-02
0.273,CONFIRMED,SUPPORTING,0.841,NORMAL,NONE,TRAIN,True,CRIMINAL,ACTIVE,2026-05-05,2026-06-21
0.449,UNKNOWN,NEUTRAL,0.341,NORMAL,NONE,VALIDATION,True,LEGITIMATE,ACTIVE,2026-02-02,2026-06-06
0.507,UNKNOWN,NEUTRAL,0.418,NORMAL,NONE,TRAIN,True,MIXED,ACTIVE,2026-02-12,2026-05-29
0.786,FALSE,CONTRADICTING,0.338,NORMAL,NONE,VALIDATION,True,LEGITIMATE,ACTIVE,2026-02-02,2026-04-05
0.164,CONFIRMED,SUPPORTING,0.955,NORMAL,NONE,TRAIN,True,CRIMINAL,ACTIVE,2026-01-20,2026-06-05
0.578,CONFIRMED,SUPPORTING,0.888,NORMAL,NONE,VALIDATION,True,LEGITIMATE,ACTIVE,2026-02-05,2026-03-22
0.517,CONFIRMED,SUPPORTING,0.908,DUPLICATE,NONE,TEST,True,AMBIGUOUS,ACTIVE,2026-05-21,2026-09-05
0.063,FALSE,CONTRADICTING,0.375,NORMAL,NONE,TRAIN,True,MIXED,ACTIVE,2026-02-03,2026-06-22
0.268,SUSPECTED,SUPPORTING,0.639,NORMAL,TEMPORAL_ANOMALY,TRAIN,True,MIXED,ACTIVE,2026-04-18,2026-08-17
0.081,UNKNOWN,NEUTRAL,0.233,NORMAL,NONE,TRAIN,True,CRIMINAL,ACTIVE,2025-11-19,2026-03-30
0.133,UNKNOWN,NEUTRAL,0.281,NORMAL,NONE,TEST,True,AMBIGUOUS,ACTIVE,2025-10-01,2026-02-06
0.563,CONFIRMED,SUPPORTING,0.931,NORMAL,CONTEXTUAL_ANOMALY,TRAIN,True,CRIMINAL,ACTIVE,2026-04-11,2026-07-02
0.612,SUSPECTED,SUPPORTING,0.725,NORMAL,NONE,TRAIN,True,CRIMINAL,ACTIVE,2026-04-11,2026-10-22
0.356,UNKNOWN,NEUTRAL,0.465,NORMAL,NONE,TEST,True,AMBIGUOUS,ACTIVE,2026-02-05,2026-06-16
0.598,CONFIRMED,SUPPORTING,0.842,NORMAL,NONE,TRAIN,True,CRIMINAL,ACTIVE,2026-02-27,2026-05-12
0.422,CONFIRMED,SUPPORTING,0.917,NORMAL,NONE,TRAIN,True,MIXED,ACTIVE,2026-06-19,2026-10-30
0.088,SUSPECTED,SUPPORTING,0.622,NORMAL,NONE,TRAIN,True,MIXED,ACTIVE,2026-01-29,2026-05-12
0.409,UNKNOWN,NEUTRAL,0.265,NORMAL,NONE,TRAIN,True,CRIMINAL,ACTIVE,2026-05-26,2026-10-07
0.145,UNKNOWN,NEUTRAL,0.343,NORMAL,NONE,TEST,True,AMBIGUOUS,ACTIVE,2025-12-16,2026-03-01
0.492,FALSE,CONTRADICTING,0.272,NORMAL,NONE,TRAIN,True,MIXED,ACTIVE,2025-12-24,2026-05-05
0.305,UNKNOWN,NEUTRAL,0.383,NORMAL,NONE,TEST,True,AMBIGUOUS,ACTIVE,2026-07-03,2026-09-06
0.656,CONFIRMED,SUPPORTING,0.933,NORMAL,NONE,TRAIN,True,CRIMINAL,ACTIVE,2026-05-05,2026-09-12
0.443,CONFIRMED,SUPPORTING,0.874,NORMAL,NONE,TRAIN,True,CRIMINAL,ACTIVE,2025-10-26,2026-03-27
0.217,CONFIRMED,SUPPORTING,0.838,NORMAL,NONE,TRAIN,True,CRIMINAL,ACTIVE,2026-06-09,2026-08-11
0.201,UNKNOWN,NEUTRAL,0.231,NORMAL,NONE,VALIDATION,True,LEGITIMATE,ACTIVE,2026-03-19,2026-08-02
0.184,CONFIRMED,SUPPORTING,0.86,NORMAL,NONE,TRAIN,True,CRIMINAL,ACTIVE,2026-06-01,2026-08-13
0.031,CONFIRMED,SUPPORTING,0.895,NORMAL,NONE,TRAIN,True,CRIMINAL,ACTIVE,2026-07-19,2026-09-28
0.36,SUSPECTED,SUPPORTING,0.73,NORMAL,NONE,TRAIN,True,CRIMINAL,ACTIVE,2026-06-24,2026-08-15
0.133,CONFIRMED,SUPPORTING,0.979,NORMAL,NONE,TRAIN,True,CRIMINAL,ACTIVE,2025-11-14,2026-03-28
0.363,FALSE,CONTRADICTING,0.256,STALE_DEVICE,NONE,TRAIN,True,CRIMINAL,ACTIVE,2026-07-21,2026-11-09
0.324,SUSPECTED,SUPPORTING,0.786,NORMAL,NONE,TRAIN,True,MIXED,ACTIVE,2026-02-25,2026-08-12
0.367,CONFIRMED,SUPPORTING,0.93,NORMAL,NONE,TRAIN,True,CRIMINAL,ACTIVE,2026-02-20,2026-05-30
0.302,SUSPECTED,SUPPORTING,0.726,NORMAL,TEMPORAL_ANOMALY,TRAIN,True,CRIMINAL,ACTIVE,2026-05-07,2026-07-09
0.284,FALSE,CONTRADICTING,0.37,NORMAL,NONE,TRAIN,True,MIXED,ACTIVE,2026-02-04,2026-06-01
0.295,SUSPECTED,SUPPORTING,0.669,NORMAL,COLLECTIVE_ANOMALY,TEST,True,AMBIGUOUS,ACTIVE,2025-11-18,2026-03-27
0.165,SUSPECTED,SUPPORTING,0.766,NORMAL,NONE,TRAIN,True,MIXED,ACTIVE,2026-02-13,2026-04-17
0.59,UNKNOWN,NEUTRAL,0.484,NORMAL,NONE,TRAIN,True,MIXED,ACTIVE,2026-03-29,2026-07-10
0.222,UNKNOWN,NEUTRAL,0.217,NORMAL,NONE,TRAIN,True,MIXED,ACTIVE,2026-03-26,2026-08-17
0.189,FALSE,CONTRADICTING,0.278,NORMAL,NONE,VALIDATION,True,LEGITIMATE,ACTIVE,2025-12-28,2026-04-12
0.534,SUSPECTED,SUPPORTING,0.622,NORMAL,NONE,TRAIN,True,CRIMINAL,ACTIVE,2026-04-17,2026-07-11
0.093,CONFIRMED,SUPPORTING,0.933,NORMAL,CONTEXTUAL_ANOMALY,TRAIN,True,CRIMINAL,ACTIVE,2026-04-22,2026-08-08
0.067,UNKNOWN,NEUTRAL,0.526,NORMAL,NONE,TRAIN,True,MIXED,ACTIVE,2026-04-15,2026-08-17
0.234,UNKNOWN,NEUTRAL,0.428,NORMAL,NONE,VALIDATION,True,LEGITIMATE,ACTIVE,2026-04-09,2026-05-24
0.451,FALSE,CONTRADICTING,0.384,NORMAL,NONE,VALIDATION,True,LEGITIMATE,ACTIVE,2026-06-17,2026-10-14
0.469,SUSPECTED,SUPPORTING,0.644,NORMAL,NONE,TRAIN,True,CRIMINAL,ACTIVE,2025-11-15,2026-06-12
0.13,SUSPECTED,SUPPORTING,0.794,NORMAL,NONE,TRAIN,True,MIXED,ACTIVE,2026-05-08,2026-08-31
0.344,UNKNOWN,NEUTRAL,0.246,NORMAL,NONE,TRAIN,True,CRIMINAL,ACTIVE,2026-07-07,2026-11-03
0.152,UNKNOWN,NEUTRAL,0.393,NORMAL,RELATIONAL_ANOMALY,TRAIN,True,CRIMINAL,ACTIVE,2025-11-23,2026-05-17
0.454,SUSPECTED,SUPPORTING,0.639,NORMAL,NONE,TRAIN,True,CRIMINAL,ACTIVE,2026-01-30,2026-03-22
0.503,UNKNOWN,NEUTRAL,0.36,NORMAL,NONE,VALIDATION,True,LEGITIMATE,ACTIVE,2025-12-16,2026-05-05
0.404,SUSPECTED,SUPPORTING,0.584,NORMAL,CONTEXTUAL_ANOMALY,VALIDATION,True,LEGITIMATE,ACTIVE,2026-04-18,2026-07-03
0.59,FALSE,CONTRADICTING,0.384,NORMAL,RELATIONAL_ANOMALY,TRAIN,True,CRIMINAL,ACTIVE,2025-11-05,2026-04-05
0.085,SUSPECTED,SUPPORTING,0.657,NORMAL,NONE,TRAIN,True,CRIMINAL,ACTIVE,2025-12-03,2026-02-13
0.635,CONFIRMED,SUPPORTING,0.984,NORMAL,CONTEXTUAL_ANOMALY,TRAIN,True,MIXED,ACTIVE,2026-04-07,2026-08-22
0.249,UNKNOWN,NEUTRAL,0.274,NORMAL,NONE,TEST,True,AMBIGUOUS,ACTIVE,2026-03-24,2026-07-16
0.33,CONFIRMED,SUPPORTING,0.988,NORMAL,RELATIONAL_ANOMALY,TRAIN,True,CRIMINAL,ACTIVE,2025-12-07,2026-06-03
0.144,UNKNOWN,NEUTRAL,0.468,NORMAL,NONE,TRAIN,True,MIXED,ACTIVE,2025-11-17,2026-04-25
0.621,UNKNOWN,NEUTRAL,0.495,NORMAL,NONE,TRAIN,True,MIXED,ACTIVE,2026-06-26,2026-10-10
0.453,SUSPECTED,SUPPORTING,0.719,NORMAL,NONE,TRAIN,True,CRIMINAL,ACTIVE,2026-05-03,2026-08-04
0.362,FALSE,CONTRADICTING,0.374,NORMAL,NONE,VALIDATION,True,LEGITIMATE,ACTIVE,2025-09-20,2026-03-04
0.545,CONFIRMED,SUPPORTING,0.885,RECYCLED_SIM,POINT_ANOMALY,VALIDATION,True,LEGITIMATE,ACTIVE,2026-06-12,2026-09-02
0.164,CONFIRMED,SUPPORTING,0.863,NORMAL,NONE,TRAIN,True,CRIMINAL,ACTIVE,2026-01-05,2026-06-30
0.504,CONFIRMED,SUPPORTING,0.981,NORMAL,RELATIONAL_ANOMALY,TRAIN,True,CRIMINAL,ACTIVE,2025-12-16,2026-03-20
0.099,FALSE,CONTRADICTING,0.144,NORMAL,RELATIONAL_ANOMALY,TEST,True,AMBIGUOUS,ACTIVE,2026-05-10,2026-07-30
0.227,FALSE,CONTRADICTING,0.284,NORMAL,NONE,TRAIN,True,CRIMINAL,ACTIVE,2026-02-19,2026-07-23
0.316,CONFIRMED,SUPPORTING,0.954,NORMAL,POINT_ANOMALY,TRAIN,True,CRIMINAL,ACTIVE,2026-05-02,2026-07-23
0.382,SUSPECTED,SUPPORTING,0.854,NORMAL,NONE,TRAIN,True,MIXED,ACTIVE,2026-03-24,2026-05-05
0.659,CONFIRMED,SUPPORTING,0.861,NORMAL,NONE,VALIDATION,True,LEGITIMATE,ACTIVE,2026-02-13,2026-06-20
0.463,SUSPECTED,SUPPORTING,0.61,DUPLICATE,NONE,TRAIN,True,CRIMINAL,ACTIVE,2026-01-24,2026-04-04
0.163,FALSE,CONTRADICTING,0.175,NORMAL,NONE,TRAIN,True,CRIMINAL,ACTIVE,2026-03-07,2026-07-20
0.096,SUSPECTED,SUPPORTING,0.837,NORMAL,NONE,TRAIN,True,MIXED,ACTIVE,2025-11-20,2026-03-09
0.373,UNKNOWN,NEUTRAL,0.237,NORMAL,NONE,TRAIN,True,CRIMINAL,ACTIVE,2026-01-15,2026-06-29
0.199,CONFIRMED,SUPPORTING,0.888,NORMAL,TEMPORAL_ANOMALY,TRAIN,True,CRIMINAL,ACTIVE,2026-01-10,2026-05-26
0.53,UNKNOWN,NEUTRAL,0.539,NORMAL,NONE,VALIDATION,True,LEGITIMATE,ACTIVE,2026-02-21,2026-08-14
0.33,CONFIRMED,SUPPORTING,0.988,NORMAL,NONE,TRAIN,True,MIXED,ACTIVE,2026-01-15,2026-06-19
0.169,UNKNOWN,NEUTRAL,0.455,NORMAL,NONE,TEST,True,AMBIGUOUS,ACTIVE,2026-05-26,2026-09-19
0.476,SUSPECTED,SUPPORTING,0.742,NORMAL,NONE,TRAIN,True,CRIMINAL,ACTIVE,2025-12-20,2026-05-02
0.308,UNKNOWN,NEUTRAL,0.358,NORMAL,CONTEXTUAL_ANOMALY,TRAIN,True,CRIMINAL,ACTIVE,2026-02-12,2026-05-16
0.236,UNKNOWN,NEUTRAL,0.481,NORMAL,NONE,TRAIN,True,CRIMINAL,ACTIVE,2026-01-18,2026-03-17
0.247,SUSPECTED,SUPPORTING,0.708,NORMAL,NONE,TEST,True,AMBIGUOUS,ACTIVE,2026-01-19,2026-06-25
0.4,SUSPECTED,SUPPORTING,0.766,NORMAL,NONE,VALIDATION,True,LEGITIMATE,ACTIVE,2025-11-20,2026-02-04
0.192,SUSPECTED,SUPPORTING,0.619,NORMAL,NONE,TRAIN,True,MIXED,ACTIVE,2025-10-23,2026-03-21
0.553,SUSPECTED,SUPPORTING,0.839,NORMAL,TEMPORAL_ANOMALY,TRAIN,True,CRIMINAL,ACTIVE,2026-02-04,2026-05-23
0.207,SUSPECTED,SUPPORTING,0.635,NORMAL,NONE,TRAIN,True,CRIMINAL,ACTIVE,2026-01-29,2026-06-12
0.652,UNKNOWN,NEUTRAL,0.222,NORMAL,NONE,TRAIN,True,MIXED,ACTIVE,2026-01-09,2026-03-13
0.588,SUSPECTED,SUPPORTING,0.696,NORMAL,NONE,TRAIN,True,CRIMINAL,ACTIVE,2026-04-14,2026-10-08
0.483,UNKNOWN,NEUTRAL,0.249,NORMAL,NONE,TRAIN,True,MIXED,ACTIVE,2026-01-01,2026-06-02
0.528,FALSE,CONTRADICTING,0.353,NORMAL,NONE,TRAIN,True,MIXED,ACTIVE,2025-12-23,2026-04-03
0.731,CONFIRMED,SUPPORTING,0.893,NORMAL,NONE,TRAIN,True,CRIMINAL,ACTIVE,2026-05-07,2026-09-27
0.387,UNKNOWN,NEUTRAL,0.279,NORMAL,NONE,TEST,True,AMBIGUOUS,ACTIVE,2025-12-01,2026-04-16
0.542,FALSE,CONTRADICTING,0.365,NORMAL,NONE,TRAIN,True,MIXED,ACTIVE,2026-02-07,2026-03-30
0.125,UNKNOWN,NEUTRAL,0.462,NORMAL,CONTEXTUAL_ANOMALY,TRAIN,True,CRIMINAL,ACTIVE,2026-04-16,2026-06-14
0.636,CONFIRMED,SUPPORTING,0.824,NORMAL,NONE,TRAIN,True,CRIMINAL,ACTIVE,2026-04-28,2026-06-05
0.368,UNKNOWN,NEUTRAL,0.278,DUPLICATE,POINT_ANOMALY,TRAIN,True,CRIMINAL,ACTIVE,2026-05-14,2026-07-11
0.906,FALSE,CONTRADICTING,0.377,NORMAL,NONE,TEST,True,AMBIGUOUS,ACTIVE,2026-02-25,2026-08-07
0.512,UNKNOWN,NEUTRAL,0.302,NORMAL,NONE,TRAIN,True,CRIMINAL,ACTIVE,2026-06-20,2026-10-05
0.235,FALSE,CONTRADICTING,0.263,NORMAL,NONE,VALIDATION,True,LEGITIMATE,ACTIVE,2026-04-22,2026-06-14
0.129,CONFIRMED,SUPPORTING,0.989,NORMAL,NONE,TRAIN,True,MIXED,ACTIVE,2026-01-09,2026-02-06
0.674,CONFIRMED,SUPPORTING,0.884,NORMAL,NONE,TRAIN,True,MIXED,ACTIVE,2026-03-27,2026-09-20
0.815,CONFIRMED,SUPPORTING,0.837,NORMAL,NONE,TRAIN,True,CRIMINAL,ACTIVE,2026-05-05,2026-08-15
0.093,SUSPECTED,SUPPORTING,0.655,NORMAL,NONE,TRAIN,True,MIXED,ACTIVE,2026-01-15,2026-06-10
0.032,UNKNOWN,NEUTRAL,0.52,NORMAL,TEMPORAL_ANOMALY,TRAIN,True,MIXED,ACTIVE,2026-04-27,2026-08-23
0.383,UNKNOWN,NEUTRAL,0.293,DUPLICATE,NONE,VALIDATION,True,LEGITIMATE,ACTIVE,2026-05-31,2026-07-22
0.511,SUSPECTED,SUPPORTING,0.635,NORMAL,TEMPORAL_ANOMALY,TRAIN,True,MIXED,ACTIVE,2026-05-09,2026-07-19
0.032,UNKNOWN,NEUTRAL,0.532,NORMAL,NONE,TRAIN,True,CRIMINAL,ACTIVE,2026-04-21,2026-10-21
0.147,FALSE,CONTRADICTING,0.351,NORMAL,NONE,TRAIN,True,MIXED,ACTIVE,2025-12-17,2026-04-20
0.311,SUSPECTED,SUPPORTING,0.808,NORMAL,NONE,VALIDATION,True,LEGITIMATE,ACTIVE,2026-04-28,2026-10-22
0.371,FALSE,CONTRADICTING,0.123,NORMAL,NONE,TEST,True,AMBIGUOUS,ACTIVE,2026-07-01,2026-10-07
0.414,UNKNOWN,NEUTRAL,0.466,NORMAL,NONE,TRAIN,True,MIXED,ACTIVE,2026-04-28,2026-08-26
0.539,CONFIRMED,SUPPORTING,0.928,NORMAL,NONE,TRAIN,True,MIXED,ACTIVE,2026-02-02,2026-05-28
0.836,SUSPECTED,SUPPORTING,0.699,NORMAL,TEMPORAL_ANOMALY,TRAIN,True,CRIMINAL,ACTIVE,2026-03-08,2026-05-02
0.537,SUSPECTED,SUPPORTING,0.591,NORMAL,NONE,TRAIN,True,CRIMINAL,ACTIVE,2026-03-26,2026-09-06
0.294,FALSE,CONTRADICTING,0.321,NORMAL,NONE,TRAIN,True,MIXED,ACTIVE,2025-09-07,2026-03-12
0.515,CONFIRMED,SUPPORTING,0.828,NORMAL,NONE,TRAIN,True,CRIMINAL,ACTIVE,2025-11-26,2026-04-25
0.835,CONFIRMED,SUPPORTING,0.96,NORMAL,NONE,TRAIN,True,CRIMINAL,ACTIVE,2025-12-15,2026-04-04
0.469,CONFIRMED,SUPPORTING,0.862,DUPLICATE,NONE,TRAIN,True,CRIMINAL,ACTIVE,2025-11-15,2026-03-20
0.064,CONFIRMED,SUPPORTING,0.902,NORMAL,NONE,TEST,True,AMBIGUOUS,ACTIVE,2026-06-14,2026-07-30
0.525,CONFIRMED,SUPPORTING,0.907,NORMAL,CONTEXTUAL_ANOMALY,TRAIN,True,CRIMINAL,ACTIVE,2026-06-30,2026-09-07
0.455,CONFIRMED,SUPPORTING,0.867,NORMAL,NONE,VALIDATION,True,LEGITIMATE,ACTIVE,2026-01-21,2026-06-15
0.386,CONFIRMED,SUPPORTING,0.845,NORMAL,NONE,TEST,True,AMBIGUOUS,ACTIVE,2026-02-19,2026-04-13
0.104,CONFIRMED,SUPPORTING,0.955,NORMAL,NONE,VALIDATION,True,LEGITIMATE,ACTIVE,2026-01-23,2026-04-21
0.155,UNKNOWN,NEUTRAL,0.39,NORMAL,TEMPORAL_ANOMALY,TEST,True,AMBIGUOUS,ACTIVE,2025-12-01,2026-04-16
0.538,SUSPECTED,SUPPORTING,0.706,NORMAL,NONE,TRAIN,True,MIXED,ACTIVE,2026-03-29,2026-08-27
0.223,CONFIRMED,SUPPORTING,0.853,NORMAL,NONE,TRAIN,True,CRIMINAL,ACTIVE,2026-05-03,2026-10-17
0.674,SUSPECTED,SUPPORTING,0.745,STALE_DEVICE,NONE,TRAIN,True,CRIMINAL,ACTIVE,2025-12-11,2026-04-12
0.197,SUSPECTED,SUPPORTING,0.837,NORMAL,NONE,TRAIN,True,CRIMINAL,ACTIVE,2025-12-31,2026-03-28
0.673,SUSPECTED,SUPPORTING,0.78,NORMAL,NONE,TRAIN,True,CRIMINAL,ACTIVE,2025-12-24,2026-06-19
0.366,CONFIRMED,SUPPORTING,0.839,NORMAL,NONE,TRAIN,True,MIXED,ACTIVE,2026-02-04,2026-04-30
0.562,CONFIRMED,SUPPORTING,0.907,NORMAL,NONE,TRAIN,True,CRIMINAL,ACTIVE,2026-03-13,2026-06-18
0.627,CONFIRMED,SUPPORTING,0.871,NORMAL,TEMPORAL_ANOMALY,TRAIN,True,CRIMINAL,ACTIVE,2026-03-25,2026-08-18
0.881,CONFIRMED,SUPPORTING,0.851,RECYCLED_SIM,NONE,TRAIN,True,CRIMINAL,ACTIVE,2026-01-03,2026-06-05
0.563,CONFIRMED,SUPPORTING,0.912,NORMAL,NONE,TRAIN,True,CRIMINAL,ACTIVE,2026-04-30,2026-08-22
0.529,FALSE,CONTRADICTING,0.39,NORMAL,NONE,TRAIN,True,MIXED,ACTIVE,2026-05-22,2026-09-18
0.484,SUSPECTED,SUPPORTING,0.644,STALE_DEVICE,NONE,TRAIN,True,CRIMINAL,ACTIVE,2026-05-20,2026-09-26
0.266,CONFIRMED,SUPPORTING,0.835,NORMAL,NONE,TRAIN,True,LEGITIMATE,ACTIVE,2026-02-23,2026-06-28
0.345,SUSPECTED,SUPPORTING,0.602,NORMAL,NONE,TRAIN,True,MIXED,ACTIVE,2026-05-20,2026-08-17
0.73,UNKNOWN,NEUTRAL,0.348,NORMAL,CONTEXTUAL_ANOMALY,VALIDATION,True,LEGITIMATE,ACTIVE,2026-04-24,2026-07-27
0.199,FALSE,CONTRADICTING,0.266,NORMAL,COLLECTIVE_ANOMALY,TEST,True,AMBIGUOUS,ACTIVE,2026-04-14,2026-08-24
0.271,SUSPECTED,SUPPORTING,0.759,NORMAL,NONE,TRAIN,True,CRIMINAL,ACTIVE,2025-10-03,2026-03-17
0.348,FALSE,CONTRADICTING,0.302,NORMAL,NONE,TEST,True,AMBIGUOUS,ACTIVE,2026-01-30,2026-07-28
0.432,SUSPECTED,SUPPORTING,0.76,NORMAL,NONE,TRAIN,True,CRIMINAL,ACTIVE,2026-06-14,2026-08-19
0.209,SUSPECTED,SUPPORTING,0.754,NORMAL,NONE,TRAIN,True,CRIMINAL,ACTIVE,2026-03-29,2026-07-11
0.835,CONFIRMED,SUPPORTING,0.985,NORMAL,NONE,TRAIN,True,CRIMINAL,ACTIVE,2026-04-20,2026-10-10
0.467,SUSPECTED,SUPPORTING,0.832,NORMAL,NONE,TRAIN,True,MIXED,ACTIVE,2026-01-04,2026-05-20
0.377,FALSE,CONTRADICTING,0.381,NORMAL,NONE,TRAIN,True,MIXED,ACTIVE,2026-04-05,2026-07-29
0.484,UNKNOWN,NEUTRAL,0.36,NORMAL,NONE,TRAIN,True,CRIMINAL,ACTIVE,2026-01-26,2026-04-13
0.318,SUSPECTED,SUPPORTING,0.756,NORMAL,COLLECTIVE_ANOMALY,TRAIN,True,CRIMINAL,ACTIVE,2025-10-13,2026-02-11
0.208,CONFIRMED,SUPPORTING,0.908,NORMAL,TEMPORAL_ANOMALY,TRAIN,True,CRIMINAL,ACTIVE,2025-11-28,2026-03-30
0.757,UNKNOWN,NEUTRAL,0.511,NORMAL,NONE,VALIDATION,True,LEGITIMATE,ACTIVE,2025-10-29,2026-05-16
0.132,SUSPECTED,SUPPORTING,0.848,NORMAL,NONE,TRAIN,True,MIXED,ACTIVE,2026-04-25,2026-08-08
0.461,FALSE,CONTRADICTING,0.2,NORMAL,NONE,TRAIN,True,CRIMINAL,ACTIVE,2025-12-31,2026-05-10
0.409,FALSE,CONTRADICTING,0.313,NORMAL,NONE,TRAIN,True,LEGITIMATE,ACTIVE,2025-12-05,2026-04-04
0.493,SUSPECTED,SUPPORTING,0.633,NORMAL,NONE,TRAIN,True,MIXED,ACTIVE,2026-06-20,2026-08-13
0.764,SUSPECTED,SUPPORTING,0.645,NORMAL,NONE,TRAIN,True,CRIMINAL,ACTIVE,2026-05-04,2026-08-09
0.61,UNKNOWN,NEUTRAL,0.496,NORMAL,NONE,VALIDATION,True,LEGITIMATE,ACTIVE,2026-04-15,2026-08-25
0.184,UNKNOWN,NEUTRAL,0.259,NORMAL,NONE,VALIDATION,True,LEGITIMATE,ACTIVE,2026-03-20,2026-06-26
0.526,CONFIRMED,SUPPORTING,0.969,NORMAL,NONE,TRAIN,True,LEGITIMATE,ACTIVE,2025-12-13,2026-05-31
0.765,CONFIRMED,SUPPORTING,0.921,NORMAL,NONE,TRAIN,True,CRIMINAL,ACTIVE,2026-06-21,2026-10-23
0.61,UNKNOWN,NEUTRAL,0.218,NORMAL,NONE,TEST,True,AMBIGUOUS,ACTIVE,2025-12-11,2026-05-13
0.318,UNKNOWN,NEUTRAL,0.246,NORMAL,RELATIONAL_ANOMALY,TRAIN,True,MIXED,ACTIVE,2025-10-17,2026-04-01
0.243,FALSE,CONTRADICTING,0.377,NORMAL,NONE,TRAIN,True,CRIMINAL,ACTIVE,2026-04-19,2026-07-31
0.24,FALSE,CONTRADICTING,0.244,NORMAL,NONE,TRAIN,True,CRIMINAL,ACTIVE,2025-11-26,2026-01-28
0.279,UNKNOWN,NEUTRAL,0.526,NORMAL,NONE,TRAIN,True,MIXED,ACTIVE,2026-06-26,2026-09-12
0.342,SUSPECTED,SUPPORTING,0.599,NORMAL,NONE,VALIDATION,True,LEGITIMATE,ACTIVE,2025-12-18,2026-03-08
0.369,UNKNOWN,NEUTRAL,0.274,NORMAL,NONE,TRAIN,True,LEGITIMATE,ACTIVE,2026-04-17,2026-05-30
0.733,UNKNOWN,NEUTRAL,0.31,NORMAL,NONE,TRAIN,True,CRIMINAL,ACTIVE,2026-03-31,2026-07-20
0.297,CONFIRMED,SUPPORTING,0.844,NORMAL,NONE,TRAIN,True,MIXED,ACTIVE,2026-01-27,2026-07-04
0.692,CONFIRMED,SUPPORTING,0.989,NORMAL,CONTEXTUAL_ANOMALY,TRAIN,True,CRIMINAL,ACTIVE,2026-02-17,2026-06-17
0.261,SUSPECTED,SUPPORTING,0.825,NORMAL,NONE,TEST,True,AMBIGUOUS,ACTIVE,2026-07-02,2026-08-14
0.739,CONFIRMED,SUPPORTING,0.922,NORMAL,NONE,VALIDATION,True,LEGITIMATE,ACTIVE,2025-12-14,2026-03-29
0.361,UNKNOWN,NEUTRAL,0.412,NORMAL,NONE,TEST,True,AMBIGUOUS,ACTIVE,2026-05-01,2026-11-06
0.411,CONFIRMED,SUPPORTING,0.974,NORMAL,NONE,TRAIN,True,CRIMINAL,ACTIVE,2025-12-21,2026-05-02
0.622,CONFIRMED,SUPPORTING,0.876,NORMAL,NONE,TRAIN,True,CRIMINAL,ACTIVE,2025-11-26,2026-04-20
0.143,FALSE,CONTRADICTING,0.364,NORMAL,NONE,VALIDATION,True,LEGITIMATE,ACTIVE,2026-02-20,2026-07-06
0.133,CONFIRMED,SUPPORTING,0.878,NORMAL,NONE,TRAIN,True,CRIMINAL,ACTIVE,2026-03-30,2026-07-09
0.506,CONFIRMED,SUPPORTING,0.904,NORMAL,NONE,TRAIN,True,CRIMINAL,ACTIVE,2026-03-14,2026-06-11
0.378,SUSPECTED,SUPPORTING,0.776,NORMAL,NONE,TRAIN,True,MIXED,ACTIVE,2026-04-06,2026-06-21
0.177,SUSPECTED,SUPPORTING,0.848,NORMAL,COLLECTIVE_ANOMALY,TRAIN,True,CRIMINAL,ACTIVE,2026-02-28,2026-07-04
0.793,FALSE,CONTRADICTING,0.204,NORMAL,NONE,TRAIN,True,CRIMINAL,ACTIVE,2025-10-07,2026-03-01
0.57,CONFIRMED,SUPPORTING,0.968,NORMAL,NONE,TRAIN,True,MIXED,ACTIVE,2026-03-20,2026-05-31
0.594,FALSE,CONTRADICTING,0.411,NORMAL,NONE,TRAIN,True,MIXED,ACTIVE,2026-01-06,2026-04-15
0.501,UNKNOWN,NEUTRAL,0.393,NORMAL,NONE,TEST,True,AMBIGUOUS,ACTIVE,2025-12-06,2026-05-15
0.848,FALSE,CONTRADICTING,0.159,NORMAL,NONE,VALIDATION,True,LEGITIMATE,ACTIVE,2026-01-28,2026-03-22
0.22,SUSPECTED,SUPPORTING,0.818,RECYCLED_SIM,TEMPORAL_ANOMALY,TRAIN,True,CRIMINAL,ACTIVE,2026-02-20,2026-06-10
0.613,FALSE,CONTRADICTING,0.127,NORMAL,NONE,TRAIN,True,MIXED,ACTIVE,2026-04-25,2026-09-01
0.365,UNKNOWN,NEUTRAL,0.402,NORMAL,NONE,TEST,True,AMBIGUOUS,ACTIVE,2026-05-22,2026-07-02
0.49,CONFIRMED,SUPPORTING,0.925,NORMAL,NONE,TRAIN,True,MIXED,ACTIVE,2026-02-09,2026-06-02
0.594,UNKNOWN,NEUTRAL,0.462,NORMAL,NONE,TRAIN,True,MIXED,ACTIVE,2026-03-26,2026-07-19
0.372,FALSE,CONTRADICTING,0.145,NORMAL,CONTEXTUAL_ANOMALY,TRAIN,True,MIXED,ACTIVE,2026-05-30,2026-07-11
0.104,SUSPECTED,SUPPORTING,0.724,NORMAL,POINT_ANOMALY,TRAIN,True,MIXED,ACTIVE,2026-05-14,2026-08-24
0.255,SUSPECTED,SUPPORTING,0.595,NORMAL,CONTEXTUAL_ANOMALY,TRAIN,True,MIXED,ACTIVE,2026-03-15,2026-05-10
0.48,SUSPECTED,SUPPORTING,0.809,NORMAL,RELATIONAL_ANOMALY,VALIDATION,True,LEGITIMATE,ACTIVE,2026-03-05,2026-06-28
0.64,FALSE,CONTRADICTING,0.323,NORMAL,NONE,TRAIN,True,MIXED,ACTIVE,2026-05-26,2026-09-01
0.735,FALSE,CONTRADICTING,0.232,NORMAL,NONE,TRAIN,True,LEGITIMATE,ACTIVE,2026-01-24,2026-03-26
0.49,FALSE,CONTRADICTING,0.286,NORMAL,CONTEXTUAL_ANOMALY,TEST,True,AMBIGUOUS,ACTIVE,2026-07-04,2026-08-23
0.621,UNKNOWN,NEUTRAL,0.415,NORMAL,NONE,TRAIN,True,MIXED,ACTIVE,2025-12-13,2026-04-01
0.758,SUSPECTED,SUPPORTING,0.764,NORMAL,COLLECTIVE_ANOMALY,TRAIN,True,MIXED,ACTIVE,2026-04-07,2026-08-04
0.241,UNKNOWN,NEUTRAL,0.545,STALE_DEVICE,NONE,TRAIN,True,LEGITIMATE,ACTIVE,2026-04-27,2026-07-26
0.703,UNKNOWN,NEUTRAL,0.263,NORMAL,NONE,VALIDATION,True,LEGITIMATE,ACTIVE,2025-12-18,2026-02-26
0.331,SUSPECTED,SUPPORTING,0.854,DUPLICATE,NONE,TRAIN,True,LEGITIMATE,ACTIVE,2025-10-10,2026-04-16
0.233,CONFIRMED,SUPPORTING,0.957,NORMAL,NONE,TRAIN,True,CRIMINAL,ACTIVE,2025-11-13,2026-03-01
0.536,UNKNOWN,NEUTRAL,0.345,NORMAL,COLLECTIVE_ANOMALY,TRAIN,True,MIXED,ACTIVE,2026-01-19,2026-04-20
0.462,CONFIRMED,SUPPORTING,0.93,NORMAL,POINT_ANOMALY,TRAIN,True,CRIMINAL,ACTIVE,2026-03-13,2026-07-10
0.497,SUSPECTED,SUPPORTING,0.851,RECYCLED_SIM,NONE,TRAIN,True,MIXED,ACTIVE,2026-01-10,2026-05-07
0.375,SUSPECTED,SUPPORTING,0.627,NORMAL,NONE,TRAIN,True,MIXED,ACTIVE,2026-04-03,2026-08-06
0.506,CONFIRMED,SUPPORTING,0.843,NORMAL,POINT_ANOMALY,TRAIN,True,CRIMINAL,ACTIVE,2026-03-03,2026-05-30
0.698,CONFIRMED,SUPPORTING,0.973,NORMAL,NONE,TRAIN,True,CRIMINAL,ACTIVE,2025-12-24,2026-03-12
0.742,SUSPECTED,SUPPORTING,0.739,NORMAL,NONE,TRAIN,True,CRIMINAL,ACTIVE,2025-11-07,2026-03-18
0.612,FALSE,CONTRADICTING,0.38,NORMAL,NONE,TRAIN,True,CRIMINAL,ACTIVE,2025-10-15,2026-03-02
0.702,FALSE,CONTRADICTING,0.309,NORMAL,NONE,TRAIN,True,MIXED,ACTIVE,2026-01-17,2026-05-14
0.746,SUSPECTED,SUPPORTING,0.634,NORMAL,NONE,TRAIN,True,CRIMINAL,ACTIVE,2026-05-14,2026-10-08
0.198,FALSE,CONTRADICTING,0.264,NORMAL,NONE,TRAIN,True,CRIMINAL,ACTIVE,2026-01-22,2026-05-03
0.606,FALSE,CONTRADICTING,0.38,NORMAL,CONTEXTUAL_ANOMALY,TRAIN,True,MIXED,ACTIVE,2026-03-30,2026-09-13
0.322,UNKNOWN,NEUTRAL,0.234,NORMAL,NONE,VALIDATION,True,LEGITIMATE,ACTIVE,2026-04-25,2026-06-14
0.07,CONFIRMED,SUPPORTING,0.873,NORMAL,NONE,TRAIN,True,CRIMINAL,ACTIVE,2025-12-07,2026-05-05
0.376,FALSE,CONTRADICTING,0.17,NORMAL,NONE,TRAIN,True,CRIMINAL,ACTIVE,2026-04-03,2026-06-27
0.45,CONFIRMED,SUPPORTING,0.834,NORMAL,NONE,TRAIN,True,CRIMINAL,ACTIVE,2026-03-06,2026-06-08
0.389,SUSPECTED,SUPPORTING,0.721,RECYCLED_SIM,NONE,TRAIN,True,CRIMINAL,ACTIVE,2025-11-22,2026-04-23
0.66,CONFIRMED,SUPPORTING,0.863,NORMAL,COLLECTIVE_ANOMALY,TEST,True,AMBIGUOUS,ACTIVE,2025-09-23,2026-02-18
0.708,SUSPECTED,SUPPORTING,0.858,NORMAL,NONE,TRAIN,True,CRIMINAL,ACTIVE,2026-01-28,2026-06-23
0.226,SUSPECTED,SUPPORTING,0.649,NORMAL,NONE,VALIDATION,True,LEGITIMATE,ACTIVE,2025-10-23,2026-03-20
0.342,CONFIRMED,SUPPORTING,0.982,NORMAL,NONE,TEST,True,AMBIGUOUS,ACTIVE,2026-04-07,2026-09-17
0.313,FALSE,CONTRADICTING,0.169,NORMAL,RELATIONAL_ANOMALY,TRAIN,True,CRIMINAL,ACTIVE,2026-03-12,2026-05-25
0.435,UNKNOWN,NEUTRAL,0.31,NORMAL,NONE,TEST,True,AMBIGUOUS,ACTIVE,2025-12-27,2026-04-24
0.304,FALSE,CONTRADICTING,0.301,NORMAL,NONE,VALIDATION,True,LEGITIMATE,ACTIVE,2026-05-25,2026-08-31
0.774,CONFIRMED,SUPPORTING,0.976,NORMAL,TEMPORAL_ANOMALY,TRAIN,True,MIXED,ACTIVE,2026-06-28,2026-08-29
0.137,UNKNOWN,NEUTRAL,0.334,NORMAL,NONE,TRAIN,True,CRIMINAL,ACTIVE,2026-02-09,2026-08-06
0.595,SUSPECTED,SUPPORTING,0.603,NORMAL,COLLECTIVE_ANOMALY,TRAIN,True,CRIMINAL,ACTIVE,2026-02-09,2026-05-20
0.522,UNKNOWN,NEUTRAL,0.465,NORMAL,NONE,TEST,True,AMBIGUOUS,ACTIVE,2025-11-18,2026-04-08
0.482,UNKNOWN,NEUTRAL,0.468,NORMAL,NONE,VALIDATION,True,LEGITIMATE,ACTIVE,2026-02-17,2026-07-12
0.582,SUSPECTED,SUPPORTING,0.65,NORMAL,NONE,TRAIN,True,MIXED,ACTIVE,2026-04-08,2026-07-07
0.216,CONFIRMED,SUPPORTING,0.9,NORMAL,NONE,TEST,True,AMBIGUOUS,ACTIVE,2026-04-06,2026-05-26
0.153,UNKNOWN,NEUTRAL,0.399,NORMAL,NONE,TEST,True,AMBIGUOUS,ACTIVE,2025-12-18,2026-02-04
0.209,SUSPECTED,SUPPORTING,0.692,NORMAL,NONE,TRAIN,True,MIXED,ACTIVE,2026-01-02,2026-06-02
0.188,SUSPECTED,SUPPORTING,0.717,NORMAL,CONTEXTUAL_ANOMALY,TEST,True,AMBIGUOUS,ACTIVE,2025-10-29,2026-02-01
0.193,SUSPECTED,SUPPORTING,0.704,NORMAL,COLLECTIVE_ANOMALY,TRAIN,True,CRIMINAL,ACTIVE,2025-12-28,2026-04-09
0.237,CONFIRMED,SUPPORTING,0.929,NORMAL,NONE,TEST,True,AMBIGUOUS,ACTIVE,2026-06-16,2026-09-16
0.255,FALSE,CONTRADICTING,0.227,STALE_DEVICE,NONE,VALIDATION,True,LEGITIMATE,ACTIVE,2025-11-21,2026-05-04
0.143,FALSE,CONTRADICTING,0.312,NORMAL,NONE,TRAIN,True,CRIMINAL,ACTIVE,2026-04-12,2026-06-19
0.414,CONFIRMED,SUPPORTING,0.825,NORMAL,NONE,TRAIN,True,CRIMINAL,ACTIVE,2025-12-18,2026-03-28
0.172,UNKNOWN,NEUTRAL,0.297,NORMAL,NONE,TRAIN,True,MIXED,ACTIVE,2025-11-13,2026-03-02
0.46,UNKNOWN,NEUTRAL,0.313,NORMAL,CONTEXTUAL_ANOMALY,TRAIN,True,MIXED,ACTIVE,2026-02-03,2026-05-21
0.765,FALSE,CONTRADICTING,0.315,NORMAL,NONE,TRAIN,True,CRIMINAL,ACTIVE,2026-04-19,2026-07-23
0.335,SUSPECTED,SUPPORTING,0.783,NORMAL,NONE,VALIDATION,True,LEGITIMATE,ACTIVE,2026-03-06,2026-08-19
0.863,SUSPECTED,SUPPORTING,0.647,NORMAL,NONE,TRAIN,True,CRIMINAL,ACTIVE,2025-11-22,2026-03-22
0.333,UNKNOWN,NEUTRAL,0.542,NORMAL,NONE,TRAIN,True,CRIMINAL,ACTIVE,2026-01-14,2026-07-21
0.127,CONFIRMED,SUPPORTING,0.877,NORMAL,NONE,TRAIN,True,MIXED,ACTIVE,2026-05-18,2026-06-29
0.412,SUSPECTED,SUPPORTING,0.847,NORMAL,NONE,TRAIN,True,CRIMINAL,ACTIVE,2026-03-08,2026-06-24
0.276,SUSPECTED,SUPPORTING,0.739,NORMAL,NONE,TRAIN,True,CRIMINAL,ACTIVE,2026-03-18,2026-06-12
0.755,UNKNOWN,NEUTRAL,0.513,RECYCLED_SIM,POINT_ANOMALY,TEST,True,AMBIGUOUS,ACTIVE,2026-07-21,2026-10-02
0.392,FALSE,CONTRADICTING,0.241,NORMAL,POINT_ANOMALY,TEST,True,AMBIGUOUS,ACTIVE,2026-04-09,2026-07-11
0.806,CONFIRMED,SUPPORTING,0.858,NORMAL,CONTEXTUAL_ANOMALY,TRAIN,True,CRIMINAL,ACTIVE,2026-06-02,2026-09-18
0.153,SUSPECTED,SUPPORTING,0.809,NORMAL,NONE,TRAIN,True,MIXED,ACTIVE,2026-03-02,2026-07-23
0.364,SUSPECTED,SUPPORTING,0.643,NORMAL,NONE,VALIDATION,True,LEGITIMATE,ACTIVE,2026-04-06,2026-06-09
0.093,SUSPECTED,SUPPORTING,0.656,NORMAL,TEMPORAL_ANOMALY,TRAIN,True,CRIMINAL,ACTIVE,2025-11-12,2026-04-07
0.444,CONFIRMED,SUPPORTING,0.945,NORMAL,NONE,TRAIN,True,MIXED,ACTIVE,2026-04-11,2026-09-07
0.515,UNKNOWN,NEUTRAL,0.534,NORMAL,NONE,TEST,True,AMBIGUOUS,ACTIVE,2026-04-09,2026-08-08
0.28,FALSE,CONTRADICTING,0.193,NORMAL,NONE,TRAIN,True,MIXED,ACTIVE,2026-01-28,2026-06-23
0.746,UNKNOWN,NEUTRAL,0.471,NORMAL,NONE,VALIDATION,True,LEGITIMATE,ACTIVE,2026-05-16,2026-08-31
0.179,CONFIRMED,SUPPORTING,0.955,NORMAL,POINT_ANOMALY,TEST,True,AMBIGUOUS,ACTIVE,2026-04-30,2026-08-13
0.125,SUSPECTED,SUPPORTING,0.665,NORMAL,NONE,TRAIN,True,CRIMINAL,ACTIVE,2026-03-13,2026-07-26
0.238,SUSPECTED,SUPPORTING,0.842,STALE_DEVICE,NONE,TRAIN,True,MIXED,ACTIVE,2026-04-02,2026-08-26
0.684,SUSPECTED,SUPPORTING,0.818,NORMAL,NONE,TRAIN,True,CRIMINAL,ACTIVE,2026-03-31,2026-06-26
0.538,UNKNOWN,NEUTRAL,0.435,NORMAL,NONE,VALIDATION,True,LEGITIMATE,ACTIVE,2026-07-11,2026-09-19
0.335,SUSPECTED,SUPPORTING,0.832,NORMAL,NONE,TRAIN,True,CRIMINAL,ACTIVE,2026-06-06,2026-07-02
0.264,UNKNOWN,NEUTRAL,0.533,RECYCLED_SIM,NONE,TRAIN,True,MIXED,ACTIVE,2026-06-18,2026-09-25
0.291,SUSPECTED,SUPPORTING,0.758,NORMAL,POINT_ANOMALY,TRAIN,True,MIXED,ACTIVE,2026-01-24,2026-05-09
0.381,UNKNOWN,NEUTRAL,0.451,NORMAL,RELATIONAL_ANOMALY,TRAIN,True,MIXED,ACTIVE,2025-11-07,2026-04-18
0.657,UNKNOWN,NEUTRAL,0.351,NORMAL,NONE,VALIDATION,True,LEGITIMATE,ACTIVE,2026-06-17,2026-08-10
0.306,CONFIRMED,SUPPORTING,0.883,NORMAL,NONE,VALIDATION,True,LEGITIMATE,ACTIVE,2026-03-14,2026-07-13
0.2,SUSPECTED,SUPPORTING,0.682,NORMAL,NONE,TRAIN,True,CRIMINAL,ACTIVE,2025-12-01,2026-02-15
0.599,SUSPECTED,SUPPORTING,0.595,NORMAL,NONE,TRAIN,True,MIXED,ACTIVE,2025-11-02,2026-04-01
0.371,UNKNOWN,NEUTRAL,0.268,NORMAL,COLLECTIVE_ANOMALY,TRAIN,True,MIXED,ACTIVE,2026-03-25,2026-08-07
0.214,CONFIRMED,SUPPORTING,0.914,NORMAL,NONE,VALIDATION,True,LEGITIMATE,ACTIVE,2026-05-17,2026-09-03
0.236,FALSE,CONTRADICTING,0.158,NORMAL,NONE,TRAIN,True,CRIMINAL,ACTIVE,2026-03-19,2026-05-11
0.139,FALSE,CONTRADICTING,0.208,NORMAL,NONE,TRAIN,True,CRIMINAL,ACTIVE,2026-01-07,2026-05-17
0.364,SUSPECTED,SUPPORTING,0.856,NORMAL,NONE,TRAIN,True,CRIMINAL,ACTIVE,2025-12-24,2026-03-01
0.544,UNKNOWN,NEUTRAL,0.29,NORMAL,CONTEXTUAL_ANOMALY,TRAIN,True,MIXED,ACTIVE,2026-07-09,2026-09-29
0.742,UNKNOWN,NEUTRAL,0.518,NORMAL,NONE,TRAIN,True,MIXED,ACTIVE,2026-08-06,2026-09-18
0.149,CONFIRMED,SUPPORTING,0.901,NORMAL,NONE,TRAIN,True,CRIMINAL,ACTIVE,2026-03-10,2026-08-04
0.396,CONFIRMED,SUPPORTING,0.871,NORMAL,NONE,TRAIN,True,CRIMINAL,ACTIVE,2026-04-10,2026-08-25
0.567,SUSPECTED,SUPPORTING,0.654,NORMAL,NONE,TRAIN,True,CRIMINAL,ACTIVE,2025-12-27,2026-06-20
0.291,SUSPECTED,SUPPORTING,0.705,NORMAL,NONE,TRAIN,True,CRIMINAL,ACTIVE,2026-07-25,2026-11-06
0.286,CONFIRMED,SUPPORTING,0.89,NORMAL,NONE,TRAIN,True,CRIMINAL,ACTIVE,2026-04-07,2026-09-29
0.228,CONFIRMED,SUPPORTING,0.867,NORMAL,POINT_ANOMALY,TRAIN,True,MIXED,ACTIVE,2026-04-06,2026-05-27
0.248,CONFIRMED,SUPPORTING,0.906,NORMAL,COLLECTIVE_ANOMALY,TRAIN,True,CRIMINAL,ACTIVE,2026-06-23,2026-07-24
0.274,SUSPECTED,SUPPORTING,0.657,NORMAL,NONE,TRAIN,True,CRIMINAL,ACTIVE,2026-04-07,2026-06-30
0.401,SUSPECTED,SUPPORTING,0.682,NORMAL,POINT_ANOMALY,TRAIN,True,CRIMINAL,ACTIVE,2026-01-06,2026-07-06
0.633,UNKNOWN,NEUTRAL,0.401,NORMAL,NONE,TEST,True,AMBIGUOUS,ACTIVE,2026-01-03,2026-03-03
0.054,FALSE,CONTRADICTING,0.335,NORMAL,NONE,TRAIN,True,CRIMINAL,ACTIVE,2026-04-03,2026-07-03
0.633,CONFIRMED,SUPPORTING,0.877,NORMAL,CONTEXTUAL_ANOMALY,TRAIN,True,CRIMINAL,ACTIVE,2026-05-14,2026-10-08
0.489,CONFIRMED,SUPPORTING,0.947,NORMAL,NONE,VALIDATION,True,LEGITIMATE,ACTIVE,2026-07-23,2026-10-03
0.164,SUSPECTED,SUPPORTING,0.614,SHARED_DEVICE,NONE,TRAIN,True,CRIMINAL,ACTIVE,2026-05-06,2026-08-07
0.515,SUSPECTED,SUPPORTING,0.703,NORMAL,NONE,TRAIN,True,LEGITIMATE,ACTIVE,2025-12-24,2026-04-17
0.542,SUSPECTED,SUPPORTING,0.628,NORMAL,NONE,TRAIN,True,CRIMINAL,ACTIVE,2026-03-03,2026-05-30
0.242,UNKNOWN,NEUTRAL,0.509,NORMAL,NONE,TRAIN,True,CRIMINAL,ACTIVE,2026-05-02,2026-08-23
0.534,UNKNOWN,NEUTRAL,0.295,NORMAL,TEMPORAL_ANOMALY,TRAIN,True,CRIMINAL,ACTIVE,2026-03-20,2026-05-06
0.195,FALSE,CONTRADICTING,0.319,NORMAL,NONE,TEST,True,AMBIGUOUS,ACTIVE,2026-04-06,2026-06-25
0.458,SUSPECTED,SUPPORTING,0.675,NORMAL,NONE,TRAIN,True,MIXED,ACTIVE,2026-04-14,2026-06-13
0.255,CONFIRMED,SUPPORTING,0.862,NORMAL,NONE,TRAIN,True,MIXED,ACTIVE,2026-01-13,2026-03-01
0.577,SUSPECTED,SUPPORTING,0.694,NORMAL,NONE,TRAIN,True,CRIMINAL,ACTIVE,2026-05-04,2026-09-06
0.278,SUSPECTED,SUPPORTING,0.594,RECYCLED_SIM,NONE,TRAIN,True,MIXED,ACTIVE,2026-05-23,2026-09-04
0.456,FALSE,CONTRADICTING,0.226,NORMAL,NONE,TRAIN,True,CRIMINAL,ACTIVE,2026-03-09,2026-09-29
0.562,UNKNOWN,NEUTRAL,0.287,NORMAL,COLLECTIVE_ANOMALY,TEST,True,AMBIGUOUS,ACTIVE,2026-03-10,2026-04-28
0.758,SUSPECTED,SUPPORTING,0.727,RECYCLED_SIM,NONE,TRAIN,True,MIXED,ACTIVE,2025-11-15,2026-05-04
0.236,FALSE,CONTRADICTING,0.361,NORMAL,NONE,TRAIN,True,LEGITIMATE,ACTIVE,2025-10-29,2026-03-02
0.495,SUSPECTED,SUPPORTING,0.647,NORMAL,POINT_ANOMALY,TRAIN,True,CRIMINAL,ACTIVE,2025-11-19,2026-03-09
0.399,UNKNOWN,NEUTRAL,0.257,NORMAL,NONE,TRAIN,True,CRIMINAL,ACTIVE,2026-05-01,2026-06-23
0.48,CONFIRMED,SUPPORTING,0.937,NORMAL,NONE,TRAIN,True,MIXED,ACTIVE,2026-03-13,2026-08-05
0.333,UNKNOWN,NEUTRAL,0.298,NORMAL,NONE,TEST,True,AMBIGUOUS,ACTIVE,2026-06-04,2026-09-04
0.461,FALSE,CONTRADICTING,0.258,NORMAL,NONE,TRAIN,True,MIXED,ACTIVE,2025-11-21,2026-03-08
0.021,FALSE,CONTRADICTING,0.189,NORMAL,COLLECTIVE_ANOMALY,TRAIN,True,MIXED,ACTIVE,2026-06-26,2026-08-21
0.356,FALSE,CONTRADICTING,0.401,NORMAL,NONE,VALIDATION,True,LEGITIMATE,ACTIVE,2026-04-15,2026-10-21
0.489,FALSE,CONTRADICTING,0.164,NORMAL,NONE,TRAIN,True,CRIMINAL,ACTIVE,2026-06-04,2026-08-29
0.371,SUSPECTED,SUPPORTING,0.736,NORMAL,NONE,TRAIN,True,MIXED,ACTIVE,2025-11-17,2026-04-16
0.484,UNKNOWN,NEUTRAL,0.48,NORMAL,NONE,VALIDATION,True,LEGITIMATE,ACTIVE,2025-12-26,2026-05-26
0.641,FALSE,CONTRADICTING,0.259,SHARED_DEVICE,NONE,TRAIN,True,CRIMINAL,ACTIVE,2026-04-06,2026-05-23
0.36,CONFIRMED,SUPPORTING,0.931,NORMAL,NONE,TEST,True,AMBIGUOUS,ACTIVE,2026-01-06,2026-06-04
0.433,UNKNOWN,NEUTRAL,0.276,NORMAL,NONE,TRAIN,True,MIXED,ACTIVE,2026-07-22,2026-09-07
0.495,UNKNOWN,NEUTRAL,0.212,NORMAL,NONE,TRAIN,True,LEGITIMATE,ACTIVE,2026-01-05,2026-04-07
0.685,SUSPECTED,SUPPORTING,0.669,NORMAL,NONE,TRAIN,True,CRIMINAL,ACTIVE,2026-05-18,2026-06-20
0.183,CONFIRMED,SUPPORTING,0.843,NORMAL,NONE,TRAIN,True,CRIMINAL,ACTIVE,2026-04-16,2026-07-31
0.59,SUSPECTED,SUPPORTING,0.848,NORMAL,NONE,TRAIN,True,CRIMINAL,ACTIVE,2026-06-10,2026-07-08
0.279,SUSPECTED,SUPPORTING,0.753,NORMAL,CONTEXTUAL_ANOMALY,TRAIN,True,MIXED,ACTIVE,2025-12-12,2026-01-24
0.282,FALSE,CONTRADICTING,0.211,STALE_DEVICE,COLLECTIVE_ANOMALY,TRAIN,True,MIXED,ACTIVE,2026-05-29,2026-10-19
0.67,CONFIRMED,SUPPORTING,0.899,NORMAL,NONE,TRAIN,True,CRIMINAL,ACTIVE,2026-04-08,2026-07-19
0.346,SUSPECTED,SUPPORTING,0.651,NORMAL,POINT_ANOMALY,TRAIN,True,CRIMINAL,ACTIVE,2026-04-10,2026-09-25
0.619,SUSPECTED,SUPPORTING,0.795,NORMAL,NONE,TRAIN,True,CRIMINAL,ACTIVE,2026-02-14,2026-04-01
0.141,CONFIRMED,SUPPORTING,0.896,NORMAL,NONE,TRAIN,True,CRIMINAL,ACTIVE,2026-02-18,2026-05-17
0.16,SUSPECTED,SUPPORTING,0.613,NORMAL,NONE,TRAIN,True,CRIMINAL,ACTIVE,2026-04-26,2026-07-30
0.354,FALSE,CONTRADICTING,0.236,NORMAL,NONE,VALIDATION,True,LEGITIMATE,ACTIVE,2026-04-29,2026-10-09
0.327,FALSE,CONTRADICTING,0.403,NORMAL,COLLECTIVE_ANOMALY,TRAIN,True,CRIMINAL,ACTIVE,2026-05-12,2026-10-11
0.632,FALSE,CONTRADICTING,0.142,NORMAL,NONE,TRAIN,True,CRIMINAL,ACTIVE,2026-05-15,2026-09-03
0.148,UNKNOWN,NEUTRAL,0.368,NORMAL,NONE,VALIDATION,True,LEGITIMATE,ACTIVE,2026-06-14,2026-11-01
0.658,CONFIRMED,SUPPORTING,0.9,NORMAL,NONE,TRAIN,True,CRIMINAL,ACTIVE,2026-01-19,2026-05-22
0.493,UNKNOWN,NEUTRAL,0.474,NORMAL,TEMPORAL_ANOMALY,TRAIN,True,CRIMINAL,ACTIVE,2026-02-08,2026-08-02
0.443,UNKNOWN,NEUTRAL,0.536,NORMAL,NONE,VALIDATION,True,LEGITIMATE,ACTIVE,2026-04-25,2026-09-28
0.27,SUSPECTED,SUPPORTING,0.684,NORMAL,NONE,TRAIN,True,MIXED,ACTIVE,2026-03-23,2026-09-20
0.693,UNKNOWN,NEUTRAL,0.26,NORMAL,NONE,TRAIN,True,LEGITIMATE,ACTIVE,2026-05-19,2026-09-14
0.191,CONFIRMED,SUPPORTING,0.927,NORMAL,NONE,TRAIN,True,CRIMINAL,ACTIVE,2025-10-16,2026-04-07
0.445,FALSE,CONTRADICTING,0.16,NORMAL,NONE,VALIDATION,True,LEGITIMATE,ACTIVE,2026-06-26,2026-09-18
0.31,SUSPECTED,SUPPORTING,0.663,NORMAL,RELATIONAL_ANOMALY,TRAIN,True,CRIMINAL,ACTIVE,2026-04-26,2026-08-18
0.237,SUSPECTED,SUPPORTING,0.777,NORMAL,NONE,TRAIN,True,CRIMINAL,ACTIVE,2025-11-11,2026-03-17
0.235,UNKNOWN,NEUTRAL,0.487,NORMAL,POINT_ANOMALY,TRAIN,True,MIXED,ACTIVE,2026-05-24,2026-10-11
0.234,UNKNOWN,NEUTRAL,0.296,NORMAL,NONE,TRAIN,True,CRIMINAL,ACTIVE,2026-02-16,2026-05-19
0.594,SUSPECTED,SUPPORTING,0.707,NORMAL,NONE,TRAIN,True,MIXED,ACTIVE,2026-01-23,2026-04-08
0.444,CONFIRMED,SUPPORTING,0.88,NORMAL,NONE,TRAIN,True,MIXED,ACTIVE,2026-02-04,2026-05-05
0.755,UNKNOWN,NEUTRAL,0.521,NORMAL,NONE,TRAIN,True,MIXED,ACTIVE,2026-01-18,2026-06-03
0.295,SUSPECTED,SUPPORTING,0.659,NORMAL,NONE,TRAIN,True,MIXED,ACTIVE,2026-02-03,2026-06-13
0.227,CONFIRMED,SUPPORTING,0.845,NORMAL,NONE,TRAIN,True,CRIMINAL,ACTIVE,2026-01-10,2026-04-18
0.475,CONFIRMED,SUPPORTING,0.883,NORMAL,NONE,TRAIN,True,MIXED,ACTIVE,2025-12-14,2026-04-10
0.239,UNKNOWN,NEUTRAL,0.219,SHARED_DEVICE,NONE,TRAIN,True,MIXED,ACTIVE,2026-03-07,2026-09-14
0.476,CONFIRMED,SUPPORTING,0.927,NORMAL,POINT_ANOMALY,TRAIN,True,MIXED,ACTIVE,2025-12-10,2026-05-13
0.379,SUSPECTED,SUPPORTING,0.829,NORMAL,COLLECTIVE_ANOMALY,TRAIN,True,MIXED,ACTIVE,2026-06-16,2026-09-23
0.373,UNKNOWN,NEUTRAL,0.345,NORMAL,NONE,TEST,True,AMBIGUOUS,ACTIVE,2026-05-01,2026-07-27
0.579,UNKNOWN,NEUTRAL,0.386,STALE_DEVICE,NONE,VALIDATION,True,LEGITIMATE,ACTIVE,2025-12-24,2026-05-08
0.119,SUSPECTED,SUPPORTING,0.705,NORMAL,NONE,TRAIN,True,CRIMINAL,ACTIVE,2025-12-02,2026-03-29
0.272,SUSPECTED,SUPPORTING,0.752,NORMAL,NONE,VALIDATION,True,LEGITIMATE,ACTIVE,2026-04-29,2026-09-09
0.924,CONFIRMED,SUPPORTING,0.903,NORMAL,NONE,TRAIN,True,MIXED,ACTIVE,2026-05-18,2026-06-23
0.344,CONFIRMED,SUPPORTING,0.983,NORMAL,NONE,TRAIN,True,CRIMINAL,ACTIVE,2026-05-14,2026-08-27
0.445,UNKNOWN,NEUTRAL,0.542,NORMAL,NONE,TEST,True,AMBIGUOUS,ACTIVE,2026-03-28,2026-07-25
0.146,SUSPECTED,SUPPORTING,0.721,NORMAL,COLLECTIVE_ANOMALY,TEST,True,AMBIGUOUS,ACTIVE,2026-06-13,2026-09-27
0.072,UNKNOWN,NEUTRAL,0.472,NORMAL,NONE,TRAIN,True,MIXED,ACTIVE,2026-03-27,2026-09-08
0.137,SUSPECTED,SUPPORTING,0.633,NORMAL,NONE,VALIDATION,True,LEGITIMATE,ACTIVE,2026-01-01,2026-05-27
0.535,FALSE,CONTRADICTING,0.231,NORMAL,NONE,TRAIN,True,CRIMINAL,ACTIVE,2026-06-21,2026-09-23
0.708,SUSPECTED,SUPPORTING,0.859,NORMAL,NONE,TRAIN,True,MIXED,ACTIVE,2026-02-18,2026-06-17
0.74,FALSE,CONTRADICTING,0.34,NORMAL,NONE,TRAIN,True,MIXED,ACTIVE,2025-12-16,2026-05-02
0.838,UNKNOWN,NEUTRAL,0.213,NORMAL,COLLECTIVE_ANOMALY,TRAIN,True,MIXED,ACTIVE,2026-01-28,2026-05-18
0.417,SUSPECTED,SUPPORTING,0.619,NORMAL,NONE,TRAIN,True,MIXED,ACTIVE,2025-12-23,2026-05-29
0.529,SUSPECTED,SUPPORTING,0.785,NORMAL,NONE,VALIDATION,True,LEGITIMATE,ACTIVE,2026-02-03,2026-07-31
0.603,CONFIRMED,SUPPORTING,0.892,NORMAL,NONE,TRAIN,True,MIXED,ACTIVE,2026-04-15,2026-08-12
0.597,FALSE,CONTRADICTING,0.336,NORMAL,NONE,TEST,True,AMBIGUOUS,ACTIVE,2026-02-28,2026-06-05
0.233,UNKNOWN,NEUTRAL,0.367,NORMAL,NONE,TRAIN,True,LEGITIMATE,ACTIVE,2025-10-27,2026-03-07
0.254,SUSPECTED,SUPPORTING,0.675,NORMAL,NONE,TRAIN,True,MIXED,ACTIVE,2026-06-30,2026-09-09
0.593,CONFIRMED,SUPPORTING,0.933,NORMAL,NONE,TRAIN,True,MIXED,ACTIVE,2026-01-19,2026-07-03
0.171,CONFIRMED,SUPPORTING,0.824,NORMAL,NONE,TRAIN,True,CRIMINAL,ACTIVE,2026-02-02,2026-06-12
0.238,SUSPECTED,SUPPORTING,0.686,NORMAL,NONE,TRAIN,True,MIXED,ACTIVE,2026-06-23,2026-10-10
0.624,UNKNOWN,NEUTRAL,0.347,NORMAL,NONE,TRAIN,True,CRIMINAL,ACTIVE,2026-03-28,2026-08-06
0.632,CONFIRMED,SUPPORTING,0.985,NORMAL,NONE,TRAIN,True,CRIMINAL,ACTIVE,2025-09-23,2026-03-19
0.654,CONFIRMED,SUPPORTING,0.846,NORMAL,NONE,VALIDATION,True,LEGITIMATE,ACTIVE,2026-03-20,2026-05-26
0.45,SUSPECTED,SUPPORTING,0.719,NORMAL,NONE,TRAIN,True,CRIMINAL,ACTIVE,2026-03-30,2026-05-24
0.167,FALSE,CONTRADICTING,0.143,NORMAL,NONE,TRAIN,True,CRIMINAL,ACTIVE,2025-11-26,2026-04-08
0.61,UNKNOWN,NEUTRAL,0.341,NORMAL,NONE,TRAIN,True,CRIMINAL,ACTIVE,2026-05-11,2026-07-19
0.279,SUSPECTED,SUPPORTING,0.59,RECYCLED_SIM,NONE,VALIDATION,True,LEGITIMATE,ACTIVE,2026-03-03,2026-07-29
0.119,CONFIRMED,SUPPORTING,0.956,NORMAL,NONE,TRAIN,True,MIXED,ACTIVE,2025-12-21,2026-05-19
0.116,UNKNOWN,NEUTRAL,0.295,NORMAL,NONE,TRAIN,True,LEGITIMATE,ACTIVE,2026-01-17,2026-05-31
0.043,UNKNOWN,NEUTRAL,0.452,NORMAL,NONE,TRAIN,True,MIXED,ACTIVE,2026-02-05,2026-04-10
0.382,FALSE,CONTRADICTING,0.289,NORMAL,NONE,TEST,True,AMBIGUOUS,ACTIVE,2025-11-28,2026-04-21
0.318,CONFIRMED,SUPPORTING,0.852,NORMAL,NONE,TRAIN,True,CRIMINAL,ACTIVE,2026-04-02,2026-08-01
0.469,UNKNOWN,NEUTRAL,0.348,NORMAL,NONE,TRAIN,True,CRIMINAL,ACTIVE,2026-05-11,2026-06-10
0.134,SUSPECTED,SUPPORTING,0.795,NORMAL,CONTEXTUAL_ANOMALY,VALIDATION,True,LEGITIMATE,ACTIVE,2026-03-26,2026-06-23
0.576,FALSE,CONTRADICTING,0.166,NORMAL,NONE,TEST,True,AMBIGUOUS,ACTIVE,2026-01-27,2026-06-08
0.104,CONFIRMED,SUPPORTING,0.985,NORMAL,COLLECTIVE_ANOMALY,TRAIN,True,CRIMINAL,ACTIVE,2025-12-14,2026-04-28
0.502,CONFIRMED,SUPPORTING,0.972,NORMAL,NONE,TRAIN,True,MIXED,ACTIVE,2026-03-21,2026-07-08
0.327,SUSPECTED,SUPPORTING,0.628,NORMAL,POINT_ANOMALY,TRAIN,True,CRIMINAL,ACTIVE,2026-02-27,2026-06-09
0.643,UNKNOWN,NEUTRAL,0.217,NORMAL,NONE,TRAIN,True,MIXED,ACTIVE,2026-02-14,2026-08-21
0.257,SUSPECTED,SUPPORTING,0.728,NORMAL,NONE,VALIDATION,True,LEGITIMATE,ACTIVE,2026-03-12,2026-08-14
0.575,SUSPECTED,SUPPORTING,0.826,NORMAL,NONE,TRAIN,True,MIXED,ACTIVE,2026-01-18,2026-02-16
0.437,UNKNOWN,NEUTRAL,0.255,NORMAL,TEMPORAL_ANOMALY,VALIDATION,True,LEGITIMATE,ACTIVE,2026-06-11,2026-09-13
0.128,CONFIRMED,SUPPORTING,0.932,NORMAL,NONE,TRAIN,True,CRIMINAL,ACTIVE,2026-06-12,2026-10-17
0.241,SUSPECTED,SUPPORTING,0.714,NORMAL,NONE,TRAIN,True,MIXED,ACTIVE,2025-11-13,2026-04-24
0.301,CONFIRMED,SUPPORTING,0.865,NORMAL,NONE,TRAIN,True,CRIMINAL,ACTIVE,2026-03-24,2026-06-08
0.595,UNKNOWN,NEUTRAL,0.225,NORMAL,NONE,TRAIN,True,CRIMINAL,ACTIVE,2025-11-23,2026-03-03
0.287,UNKNOWN,NEUTRAL,0.475,NORMAL,NONE,TRAIN,True,MIXED,ACTIVE,2025-10-06,2026-03-26
0.552,SUSPECTED,SUPPORTING,0.626,NORMAL,NONE,TRAIN,True,CRIMINAL,ACTIVE,2026-06-20,2026-09-10
0.859,SUSPECTED,SUPPORTING,0.808,NORMAL,NONE,TEST,True,AMBIGUOUS,ACTIVE,2025-12-26,2026-06-25
0.342,SUSPECTED,SUPPORTING,0.705,NORMAL,NONE,TRAIN,True,CRIMINAL,ACTIVE,2025-11-06,2026-03-27
0.177,CONFIRMED,SUPPORTING,0.969,NORMAL,RELATIONAL_ANOMALY,TRAIN,True,CRIMINAL,ACTIVE,2026-01-19,2026-04-20
0.234,SUSPECTED,SUPPORTING,0.817,NORMAL,POINT_ANOMALY,TEST,True,AMBIGUOUS,ACTIVE,2025-10-27,2026-03-05
0.161,SUSPECTED,SUPPORTING,0.841,NORMAL,NONE,TRAIN,True,LEGITIMATE,ACTIVE,2025-10-09,2026-04-27
0.209,SUSPECTED,SUPPORTING,0.65,NORMAL,NONE,TRAIN,True,MIXED,ACTIVE,2026-05-31,2026-07-14
0.483,UNKNOWN,NEUTRAL,0.443,NORMAL,NONE,TEST,True,AMBIGUOUS,ACTIVE,2026-06-07,2026-10-29
0.358,SUSPECTED,SUPPORTING,0.678,NORMAL,NONE,TRAIN,True,MIXED,ACTIVE,2026-01-28,2026-05-05
0.595,CONFIRMED,SUPPORTING,0.957,NORMAL,NONE,TRAIN,True,CRIMINAL,ACTIVE,2026-05-27,2026-09-08
0.242,CONFIRMED,SUPPORTING,0.863,NORMAL,NONE,TRAIN,True,MIXED,ACTIVE,2026-03-12,2026-05-27
0.096,CONFIRMED,SUPPORTING,0.859,NORMAL,NONE,TRAIN,True,LEGITIMATE,ACTIVE,2026-01-23,2026-05-24
0.323,SUSPECTED,SUPPORTING,0.72,NORMAL,COLLECTIVE_ANOMALY,TEST,True,AMBIGUOUS,ACTIVE,2026-02-22,2026-06-09
0.14,FALSE,CONTRADICTING,0.398,NORMAL,NONE,VALIDATION,True,LEGITIMATE,ACTIVE,2026-02-11,2026-06-06
0.266,SUSPECTED,SUPPORTING,0.659,NORMAL,NONE,TEST,True,AMBIGUOUS,ACTIVE,2026-06-01,2026-08-22
0.374,SUSPECTED,SUPPORTING,0.702,NORMAL,NONE,TRAIN,True,CRIMINAL,ACTIVE,2025-10-28,2026-04-07
0.367,SUSPECTED,SUPPORTING,0.81,NORMAL,NONE,TEST,True,AMBIGUOUS,ACTIVE,2026-01-03,2026-05-02
0.432,SUSPECTED,SUPPORTING,0.691,NORMAL,NONE,VALIDATION,True,LEGITIMATE,ACTIVE,2026-07-04,2026-10-10
0.503,UNKNOWN,NEUTRAL,0.434,NORMAL,NONE,TEST,True,AMBIGUOUS,ACTIVE,2026-04-23,2026-09-12
0.526,CONFIRMED,SUPPORTING,0.981,NORMAL,COLLECTIVE_ANOMALY,TRAIN,True,MIXED,ACTIVE,2026-04-02,2026-08-27
0.268,FALSE,CONTRADICTING,0.175,RECYCLED_SIM,COLLECTIVE_ANOMALY,TRAIN,True,LEGITIMATE,ACTIVE,2025-10-16,2026-04-13
0.86,UNKNOWN,NEUTRAL,0.235,NORMAL,NONE,TRAIN,True,CRIMINAL,ACTIVE,2026-07-22,2026-10-27
0.237,FALSE,CONTRADICTING,0.41,NORMAL,NONE,VALIDATION,True,LEGITIMATE,ACTIVE,2026-02-16,2026-04-23
0.431,CONFIRMED,SUPPORTING,0.921,NORMAL,NONE,TRAIN,True,MIXED,ACTIVE,2026-06-24,2026-07-30
0.613,UNKNOWN,NEUTRAL,0.497,NORMAL,NONE,TEST,True,AMBIGUOUS,ACTIVE,2026-01-31,2026-07-08
0.884,CONFIRMED,SUPPORTING,0.934,NORMAL,CONTEXTUAL_ANOMALY,TRAIN,True,CRIMINAL,ACTIVE,2026-04-26,2026-08-16
0.26,SUSPECTED,SUPPORTING,0.685,NORMAL,NONE,TRAIN,True,MIXED,ACTIVE,2026-04-25,2026-10-19
0.612,FALSE,CONTRADICTING,0.177,NORMAL,NONE,TEST,True,AMBIGUOUS,ACTIVE,2026-02-01,2026-06-08
0.744,FALSE,CONTRADICTING,0.225,NORMAL,NONE,TRAIN,True,CRIMINAL,ACTIVE,2026-02-08,2026-07-07
0.058,FALSE,CONTRADICTING,0.168,SHARED_DEVICE,NONE,TRAIN,True,MIXED,ACTIVE,2026-03-19,2026-06-18
0.375,CONFIRMED,SUPPORTING,0.914,NORMAL,NONE,VALIDATION,True,LEGITIMATE,ACTIVE,2026-03-09,2026-06-05
0.612,SUSPECTED,SUPPORTING,0.624,NORMAL,RELATIONAL_ANOMALY,TRAIN,True,CRIMINAL,ACTIVE,2025-12-26,2026-05-04
0.476,CONFIRMED,SUPPORTING,0.857,NORMAL,NONE,TRAIN,True,MIXED,ACTIVE,2026-02-18,2026-06-08
0.604,UNKNOWN,NEUTRAL,0.233,NORMAL,NONE,TRAIN,True,CRIMINAL,ACTIVE,2025-12-19,2026-04-16
0.238,CONFIRMED,SUPPORTING,0.959,NORMAL,NONE,TRAIN,True,CRIMINAL,ACTIVE,2026-03-09,2026-08-22
0.346,CONFIRMED,SUPPORTING,0.907,NORMAL,NONE,TRAIN,True,CRIMINAL,ACTIVE,2026-03-23,2026-07-24
0.475,UNKNOWN,NEUTRAL,0.408,NORMAL,NONE,VALIDATION,True,LEGITIMATE,ACTIVE,2026-01-09,2026-05-25
0.123,SUSPECTED,SUPPORTING,0.797,DUPLICATE,NONE,TEST,True,AMBIGUOUS,ACTIVE,2025-12-14,2026-04-03
0.435,SUSPECTED,SUPPORTING,0.742,NORMAL,NONE,TRAIN,True,MIXED,ACTIVE,2026-04-19,2026-10-22
0.362,SUSPECTED,SUPPORTING,0.708,NORMAL,NONE,TRAIN,True,CRIMINAL,ACTIVE,2026-02-25,2026-07-30
0.573,SUSPECTED,SUPPORTING,0.667,NORMAL,NONE,TRAIN,True,CRIMINAL,ACTIVE,2026-05-02,2026-11-03
0.613,CONFIRMED,SUPPORTING,0.986,NORMAL,NONE,TRAIN,True,MIXED,ACTIVE,2025-11-01,2026-02-20
0.395,UNKNOWN,NEUTRAL,0.304,NORMAL,NONE,VALIDATION,True,LEGITIMATE,ACTIVE,2026-06-09,2026-09-25
0.282,FALSE,CONTRADICTING,0.41,NORMAL,NONE,TRAIN,True,CRIMINAL,ACTIVE,2025-12-14,2026-03-12
0.468,UNKNOWN,NEUTRAL,0.349,NORMAL,NONE,TRAIN,True,MIXED,ACTIVE,2026-05-20,2026-09-08
0.038,CONFIRMED,SUPPORTING,0.858,NORMAL,NONE,TRAIN,True,CRIMINAL,ACTIVE,2026-07-06,2026-09-12
0.308,SUSPECTED,SUPPORTING,0.582,NORMAL,NONE,TRAIN,True,CRIMINAL,ACTIVE,2025-12-20,2026-04-19
0.228,CONFIRMED,SUPPORTING,0.89,NORMAL,NONE,TRAIN,True,MIXED,ACTIVE,2026-05-05,2026-07-17
0.465,CONFIRMED,SUPPORTING,0.965,NORMAL,NONE,TRAIN,True,CRIMINAL,ACTIVE,2026-03-04,2026-07-30
0.501,CONFIRMED,SUPPORTING,0.897,NORMAL,NONE,TRAIN,True,CRIMINAL,ACTIVE,2026-03-10,2026-08-30
0.392,FALSE,CONTRADICTING,0.315,NORMAL,NONE,VALIDATION,True,LEGITIMATE,ACTIVE,2025-12-08,2026-04-11
0.679,CONFIRMED,SUPPORTING,0.873,STALE_DEVICE,RELATIONAL_ANOMALY,TRAIN,True,CRIMINAL,ACTIVE,2026-02-28,2026-08-16
0.105,FALSE,CONTRADICTING,0.348,NORMAL,NONE,VALIDATION,True,LEGITIMATE,ACTIVE,2026-01-25,2026-05-28
0.603,UNKNOWN,NEUTRAL,0.255,NORMAL,POINT_ANOMALY,TEST,True,AMBIGUOUS,ACTIVE,2026-07-12,2026-09-21
0.088,UNKNOWN,NEUTRAL,0.311,NORMAL,NONE,VALIDATION,True,LEGITIMATE,ACTIVE,2026-04-22,2026-09-14
0.369,FALSE,CONTRADICTING,0.285,NORMAL,COLLECTIVE_ANOMALY,TRAIN,True,CRIMINAL,ACTIVE,2026-02-15,2026-04-20
0.311,UNKNOWN,NEUTRAL,0.433,NORMAL,NONE,VALIDATION,True,LEGITIMATE,ACTIVE,2026-02-07,2026-04-17
0.214,UNKNOWN,NEUTRAL,0.419,NORMAL,NONE,TRAIN,True,LEGITIMATE,ACTIVE,2026-03-08,2026-07-31
0.462,CONFIRMED,SUPPORTING,0.829,NORMAL,POINT_ANOMALY,TRAIN,True,MIXED,ACTIVE,2025-09-30,2026-02-02
0.366,UNKNOWN,NEUTRAL,0.517,NORMAL,NONE,TRAIN,True,LEGITIMATE,ACTIVE,2026-06-05,2026-09-28
0.068,SUSPECTED,SUPPORTING,0.823,NORMAL,NONE,TRAIN,True,LEGITIMATE,ACTIVE,2026-01-07,2026-04-27
0.495,CONFIRMED,SUPPORTING,0.885,NORMAL,NONE,TRAIN,True,CRIMINAL,ACTIVE,2025-11-22,2026-05-10
0.407,CONFIRMED,SUPPORTING,0.942,NORMAL,NONE,TRAIN,True,MIXED,ACTIVE,2025-12-19,2026-06-06
0.504,FALSE,CONTRADICTING,0.385,NORMAL,NONE,TRAIN,True,MIXED,ACTIVE,2026-02-09,2026-07-05
0.829,FALSE,CONTRADICTING,0.155,NORMAL,NONE,VALIDATION,True,LEGITIMATE,ACTIVE,2026-01-06,2026-03-12
0.714,CONFIRMED,SUPPORTING,0.923,NORMAL,NONE,TRAIN,True,CRIMINAL,ACTIVE,2026-02-24,2026-08-10
0.386,SUSPECTED,SUPPORTING,0.771,NORMAL,NONE,TEST,True,AMBIGUOUS,ACTIVE,2026-04-18,2026-10-29
0.67,CONFIRMED,SUPPORTING,0.83,NORMAL,NONE,TRAIN,True,CRIMINAL,ACTIVE,2026-01-29,2026-06-02
0.479,SUSPECTED,SUPPORTING,0.598,NORMAL,COLLECTIVE_ANOMALY,TRAIN,True,MIXED,ACTIVE,2026-02-18,2026-04-28
0.152,SUSPECTED,SUPPORTING,0.703,NORMAL,NONE,TRAIN,True,CRIMINAL,ACTIVE,2026-02-22,2026-06-24
0.42,SUSPECTED,SUPPORTING,0.723,NORMAL,TEMPORAL_ANOMALY,TRAIN,True,CRIMINAL,ACTIVE,2026-04-04,2026-07-17
0.406,CONFIRMED,SUPPORTING,0.903,NORMAL,CONTEXTUAL_ANOMALY,VALIDATION,True,LEGITIMATE,ACTIVE,2025-11-24,2026-03-08
0.548,UNKNOWN,NEUTRAL,0.286,RECYCLED_SIM,NONE,TRAIN,True,MIXED,ACTIVE,2026-03-25,2026-07-20
0.622,UNKNOWN,NEUTRAL,0.353,NORMAL,RELATIONAL_ANOMALY,VALIDATION,True,LEGITIMATE,ACTIVE,2026-06-27,2026-10-25
0.218,FALSE,CONTRADICTING,0.363,NORMAL,RELATIONAL_ANOMALY,TRAIN,True,CRIMINAL,ACTIVE,2026-04-26,2026-06-02
0.266,UNKNOWN,NEUTRAL,0.24,NORMAL,NONE,VALIDATION,True,LEGITIMATE,ACTIVE,2025-11-08,2026-02-10
0.203,UNKNOWN,NEUTRAL,0.327,NORMAL,NONE,TEST,True,AMBIGUOUS,ACTIVE,2026-03-23,2026-06-25
0.552,SUSPECTED,SUPPORTING,0.833,NORMAL,NONE,TRAIN,True,MIXED,ACTIVE,2026-01-25,2026-06-30
0.411,FALSE,CONTRADICTING,0.31,NORMAL,NONE,TRAIN,True,MIXED,ACTIVE,2026-01-30,2026-06-01
0.703,CONFIRMED,SUPPORTING,0.863,NORMAL,NONE,TRAIN,True,LEGITIMATE,ACTIVE,2026-03-07,2026-07-09
0.438,SUSPECTED,SUPPORTING,0.857,NORMAL,NONE,TRAIN,True,CRIMINAL,ACTIVE,2026-01-20,2026-07-29
0.548,SUSPECTED,SUPPORTING,0.851,NORMAL,COLLECTIVE_ANOMALY,VALIDATION,True,LEGITIMATE,ACTIVE,2026-03-07,2026-05-10
0.277,UNKNOWN,NEUTRAL,0.229,NORMAL,RELATIONAL_ANOMALY,VALIDATION,True,LEGITIMATE,ACTIVE,2026-03-04,2026-09-17
0.578,CONFIRMED,SUPPORTING,0.963,NORMAL,NONE,TRAIN,True,MIXED,ACTIVE,2025-10-21,2026-03-19
0.493,FALSE,CONTRADICTING,0.134,NORMAL,TEMPORAL_ANOMALY,TEST,True,AMBIGUOUS,ACTIVE,2026-05-24,2026-09-19
0.262,SUSPECTED,SUPPORTING,0.669,NORMAL,NONE,TRAIN,True,CRIMINAL,ACTIVE,2026-08-01,2026-10-08
0.462,UNKNOWN,NEUTRAL,0.517,NORMAL,NONE,TRAIN,True,LEGITIMATE,ACTIVE,2026-02-28,2026-06-16
0.251,SUSPECTED,SUPPORTING,0.817,RECYCLED_SIM,TEMPORAL_ANOMALY,TRAIN,True,CRIMINAL,ACTIVE,2026-03-02,2026-07-07
0.318,SUSPECTED,SUPPORTING,0.814,NORMAL,NONE,TRAIN,True,LEGITIMATE,ACTIVE,2026-05-03,2026-09-18
0.505,SUSPECTED,SUPPORTING,0.587,NORMAL,NONE,TRAIN,True,MIXED,ACTIVE,2025-12-07,2026-04-08
0.184,SUSPECTED,SUPPORTING,0.806,NORMAL,NONE,TRAIN,True,CRIMINAL,ACTIVE,2025-11-16,2026-03-12
0.375,SUSPECTED,SUPPORTING,0.659,NORMAL,NONE,TRAIN,True,CRIMINAL,ACTIVE,2026-03-30,2026-07-05
0.349,SUSPECTED,SUPPORTING,0.738,NORMAL,RELATIONAL_ANOMALY,TRAIN,True,CRIMINAL,ACTIVE,2026-03-09,2026-05-11
0.213,SUSPECTED,SUPPORTING,0.846,NORMAL,NONE,TEST,True,AMBIGUOUS,ACTIVE,2026-01-20,2026-06-12
0.575,FALSE,CONTRADICTING,0.344,NORMAL,TEMPORAL_ANOMALY,TRAIN,True,CRIMINAL,ACTIVE,2026-01-05,2026-07-17
0.442,SUSPECTED,SUPPORTING,0.671,NORMAL,NONE,VALIDATION,True,LEGITIMATE,ACTIVE,2026-06-12,2026-08-28
0.421,CONFIRMED,SUPPORTING,0.9,NORMAL,RELATIONAL_ANOMALY,TRAIN,True,CRIMINAL,ACTIVE,2025-12-29,2026-04-28
0.389,FALSE,CONTRADICTING,0.254,NORMAL,CONTEXTUAL_ANOMALY,TRAIN,True,CRIMINAL,ACTIVE,2026-06-26,2026-10-05
0.325,CONFIRMED,SUPPORTING,0.875,NORMAL,NONE,TRAIN,True,CRIMINAL,ACTIVE,2026-03-11,2026-06-05
0.309,SUSPECTED,SUPPORTING,0.646,NORMAL,NONE,TEST,True,AMBIGUOUS,ACTIVE,2026-04-21,2026-09-26
0.088,UNKNOWN,NEUTRAL,0.417,NORMAL,NONE,TRAIN,True,CRIMINAL,ACTIVE,2026-04-15,2026-08-05
0.22,UNKNOWN,NEUTRAL,0.506,NORMAL,NONE,TRAIN,True,CRIMINAL,ACTIVE,2025-10-19,2026-03-27
0.815,CONFIRMED,SUPPORTING,0.988,NORMAL,NONE,TRAIN,True,CRIMINAL,ACTIVE,2026-03-17,2026-10-01
0.236,CONFIRMED,SUPPORTING,0.883,NORMAL,NONE,TRAIN,True,CRIMINAL,ACTIVE,2026-04-05,2026-07-26
0.237,UNKNOWN,NEUTRAL,0.386,NORMAL,NONE,TRAIN,True,CRIMINAL,ACTIVE,2026-05-13,2026-07-23
0.622,CONFIRMED,SUPPORTING,0.925,NORMAL,NONE,VALIDATION,True,LEGITIMATE,ACTIVE,2026-04-10,2026-07-30
0.179,SUSPECTED,SUPPORTING,0.643,NORMAL,NONE,TRAIN,True,CRIMINAL,ACTIVE,2025-09-26,2026-02-08
0.219,SUSPECTED,SUPPORTING,0.785,NORMAL,NONE,TRAIN,True,MIXED,ACTIVE,2026-03-31,2026-05-21
0.184,UNKNOWN,NEUTRAL,0.407,NORMAL,NONE,TRAIN,True,CRIMINAL,ACTIVE,2026-05-24,2026-08-01
0.088,CONFIRMED,SUPPORTING,0.869,STALE_DEVICE,RELATIONAL_ANOMALY,TRAIN,True,CRIMINAL,ACTIVE,2026-04-22,2026-09-07
0.426,SUSPECTED,SUPPORTING,0.821,NORMAL,NONE,TEST,True,AMBIGUOUS,ACTIVE,2026-02-12,2026-04-19
0.188,CONFIRMED,SUPPORTING,0.958,NORMAL,NONE,TRAIN,True,MIXED,ACTIVE,2026-06-05,2026-08-14
0.323,UNKNOWN,NEUTRAL,0.437,NORMAL,CONTEXTUAL_ANOMALY,TEST,True,AMBIGUOUS,ACTIVE,2026-01-20,2026-03-12
0.752,SUSPECTED,SUPPORTING,0.744,NORMAL,POINT_ANOMALY,TRAIN,True,MIXED,ACTIVE,2026-01-09,2026-03-12
0.555,SUSPECTED,SUPPORTING,0.638,SHARED_DEVICE,TEMPORAL_ANOMALY,TRAIN,True,MIXED,ACTIVE,2026-04-03,2026-07-25
0.164,UNKNOWN,NEUTRAL,0.481,NORMAL,NONE,TEST,True,AMBIGUOUS,ACTIVE,2026-03-14,2026-05-08
0.061,SUSPECTED,SUPPORTING,0.746,NORMAL,NONE,TEST,True,AMBIGUOUS,ACTIVE,2026-02-16,2026-07-28
0.16,SUSPECTED,SUPPORTING,0.837,NORMAL,NONE,TEST,True,AMBIGUOUS,ACTIVE,2026-02-13,2026-07-24
0.238,FALSE,CONTRADICTING,0.231,NORMAL,NONE,VALIDATION,True,LEGITIMATE,ACTIVE,2026-01-22,2026-07-26
0.228,CONFIRMED,SUPPORTING,0.882,NORMAL,NONE,TEST,True,AMBIGUOUS,ACTIVE,2026-04-29,2026-07-17
0.13,CONFIRMED,SUPPORTING,0.952,NORMAL,NONE,TRAIN,True,MIXED,ACTIVE,2026-05-03,2026-09-28
0.553,CONFIRMED,SUPPORTING,0.882,NORMAL,NONE,TEST,True,AMBIGUOUS,ACTIVE,2026-04-16,2026-06-18
0.724,CONFIRMED,SUPPORTING,0.986,NORMAL,NONE,TRAIN,True,MIXED,ACTIVE,2026-05-02,2026-10-08
0.35,UNKNOWN,NEUTRAL,0.359,NORMAL,NONE,TRAIN,True,CRIMINAL,ACTIVE,2025-12-26,2026-03-10
0.329,UNKNOWN,NEUTRAL,0.461,NORMAL,NONE,TRAIN,True,CRIMINAL,ACTIVE,2026-01-05,2026-03-27
0.113,FALSE,CONTRADICTING,0.283,NORMAL,NONE,TRAIN,True,CRIMINAL,ACTIVE,2026-04-04,2026-06-28
0.248,CONFIRMED,SUPPORTING,0.836,NORMAL,CONTEXTUAL_ANOMALY,TRAIN,True,CRIMINAL,ACTIVE,2025-10-25,2026-03-10
0.322,CONFIRMED,SUPPORTING,0.935,NORMAL,NONE,TRAIN,True,CRIMINAL,ACTIVE,2025-12-20,2026-04-05
0.698,SUSPECTED,SUPPORTING,0.849,NORMAL,NONE,TRAIN,True,CRIMINAL,ACTIVE,2025-12-14,2026-02-10
0.512,SUSPECTED,SUPPORTING,0.662,NORMAL,TEMPORAL_ANOMALY,TRAIN,True,CRIMINAL,ACTIVE,2026-03-25,2026-06-08
0.623,CONFIRMED,SUPPORTING,0.947,NORMAL,NONE,VALIDATION,True,LEGITIMATE,ACTIVE,2026-06-02,2026-10-31
0.672,FALSE,CONTRADICTING,0.181,NORMAL,POINT_ANOMALY,TRAIN,True,CRIMINAL,ACTIVE,2025-12-26,2026-04-27
0.341,FALSE,CONTRADICTING,0.292,NORMAL,NONE,VALIDATION,True,LEGITIMATE,ACTIVE,2026-06-08,2026-09-27
0.746,CONFIRMED,SUPPORTING,0.857,NORMAL,NONE,TRAIN,True,MIXED,ACTIVE,2026-01-31,2026-03-16
0.692,UNKNOWN,NEUTRAL,0.289,RECYCLED_SIM,NONE,TRAIN,True,CRIMINAL,ACTIVE,2026-03-09,2026-06-17
0.233,CONFIRMED,SUPPORTING,0.903,NORMAL,POINT_ANOMALY,TRAIN,True,CRIMINAL,ACTIVE,2026-03-11,2026-05-15
0.349,SUSPECTED,SUPPORTING,0.8,NORMAL,NONE,VALIDATION,True,LEGITIMATE,ACTIVE,2026-03-07,2026-07-14
0.245,SUSPECTED,SUPPORTING,0.792,NORMAL,RELATIONAL_ANOMALY,TRAIN,True,CRIMINAL,ACTIVE,2025-11-19,2026-02-27
0.159,FALSE,CONTRADICTING,0.384,NORMAL,NONE,TRAIN,True,CRIMINAL,ACTIVE,2026-06-07,2026-09-12
0.358,SUSPECTED,SUPPORTING,0.856,NORMAL,NONE,TEST,True,AMBIGUOUS,ACTIVE,2026-01-11,2026-04-10
0.166,CONFIRMED,SUPPORTING,0.84,NORMAL,POINT_ANOMALY,TRAIN,True,LEGITIMATE,ACTIVE,2026-02-21,2026-04-23
0.679,CONFIRMED,SUPPORTING,0.895,NORMAL,NONE,VALIDATION,True,LEGITIMATE,ACTIVE,2025-10-06,2026-02-14
0.46,UNKNOWN,NEUTRAL,0.527,NORMAL,NONE,TEST,True,AMBIGUOUS,ACTIVE,2026-04-29,2026-10-15
0.406,CONFIRMED,SUPPORTING,0.97,NORMAL,NONE,TRAIN,True,CRIMINAL,ACTIVE,2026-04-06,2026-07-19
0.302,UNKNOWN,NEUTRAL,0.53,NORMAL,NONE,TEST,True,AMBIGUOUS,ACTIVE,2026-04-02,2026-06-28
0.148,CONFIRMED,SUPPORTING,0.95,NORMAL,NONE,TRAIN,True,MIXED,ACTIVE,2026-05-19,2026-07-21
0.567,CONFIRMED,SUPPORTING,0.913,NORMAL,NONE,TRAIN,True,CRIMINAL,ACTIVE,2025-11-22,2026-04-02
0.466,CONFIRMED,SUPPORTING,0.967,NORMAL,CONTEXTUAL_ANOMALY,TRAIN,True,CRIMINAL,ACTIVE,2026-05-13,2026-09-02
0.728,SUSPECTED,SUPPORTING,0.854,NORMAL,CONTEXTUAL_ANOMALY,TRAIN,True,CRIMINAL,ACTIVE,2026-01-08,2026-06-22
0.349,UNKNOWN,NEUTRAL,0.419,NORMAL,NONE,TRAIN,True,MIXED,ACTIVE,2026-01-24,2026-05-22
0.266,UNKNOWN,NEUTRAL,0.341,NORMAL,NONE,TRAIN,True,CRIMINAL,ACTIVE,2025-10-29,2026-04-26
0.225,UNKNOWN,NEUTRAL,0.223,DUPLICATE,NONE,TRAIN,True,MIXED,ACTIVE,2026-01-02,2026-05-13
0.489,UNKNOWN,NEUTRAL,0.446,NORMAL,NONE,TEST,True,AMBIGUOUS,ACTIVE,2026-07-19,2026-09-08
0.237,FALSE,CONTRADICTING,0.225,NORMAL,NONE,VALIDATION,True,LEGITIMATE,ACTIVE,2026-02-01,2026-05-13
0.59,CONFIRMED,SUPPORTING,0.925,NORMAL,NONE,TRAIN,True,MIXED,ACTIVE,2025-12-13,2026-06-27
0.135,UNKNOWN,NEUTRAL,0.366,NORMAL,COLLECTIVE_ANOMALY,TRAIN,True,MIXED,ACTIVE,2026-04-02,2026-08-21
0.529,SUSPECTED,SUPPORTING,0.824,NORMAL,NONE,TEST,True,AMBIGUOUS,ACTIVE,2025-12-31,2026-03-27
0.127,FALSE,CONTRADICTING,0.193,NORMAL,TEMPORAL_ANOMALY,TRAIN,True,CRIMINAL,ACTIVE,2026-02-27,2026-08-08
0.844,CONFIRMED,SUPPORTING,0.937,NORMAL,NONE,TRAIN,True,MIXED,ACTIVE,2026-04-26,2026-09-05
0.28,UNKNOWN,NEUTRAL,0.231,NORMAL,NONE,TRAIN,True,CRIMINAL,ACTIVE,2025-10-25,2026-03-20
0.258,SUSPECTED,SUPPORTING,0.633,NORMAL,NONE,TRAIN,True,CRIMINAL,ACTIVE,2026-06-28,2026-09-27
0.445,CONFIRMED,SUPPORTING,0.828,NORMAL,NONE,VALIDATION,True,LEGITIMATE,ACTIVE,2026-02-28,2026-04-25
0.384,UNKNOWN,NEUTRAL,0.313,RECYCLED_SIM,NONE,TEST,True,AMBIGUOUS,ACTIVE,2025-12-24,2026-04-05
0.43,UNKNOWN,NEUTRAL,0.398,NORMAL,NONE,TRAIN,True,CRIMINAL,ACTIVE,2026-05-26,2026-08-30
0.462,FALSE,CONTRADICTING,0.307,NORMAL,NONE,TEST,True,AMBIGUOUS,ACTIVE,2026-01-30,2026-05-20
0.734,SUSPECTED,SUPPORTING,0.81,NORMAL,NONE,TRAIN,True,MIXED,ACTIVE,2026-01-18,2026-05-04
0.239,UNKNOWN,NEUTRAL,0.208,NORMAL,NONE,TRAIN,True,CRIMINAL,ACTIVE,2026-04-22,2026-08-03
0.269,FALSE,CONTRADICTING,0.164,NORMAL,NONE,TRAIN,True,CRIMINAL,ACTIVE,2026-05-29,2026-09-19
0.789,CONFIRMED,SUPPORTING,0.96,NORMAL,COLLECTIVE_ANOMALY,TRAIN,True,MIXED,ACTIVE,2026-07-23,2026-10-14
0.197,UNKNOWN,NEUTRAL,0.438,NORMAL,NONE,TRAIN,True,MIXED,ACTIVE,2025-12-22,2026-03-20
0.052,UNKNOWN,NEUTRAL,0.385,NORMAL,NONE,TEST,True,AMBIGUOUS,ACTIVE,2025-11-24,2026-05-30
0.458,FALSE,CONTRADICTING,0.122,NORMAL,TEMPORAL_ANOMALY,TEST,True,AMBIGUOUS,ACTIVE,2026-03-16,2026-07-09
0.563,CONFIRMED,SUPPORTING,0.97,NORMAL,NONE,VALIDATION,True,LEGITIMATE,ACTIVE,2026-06-10,2026-08-06
0.587,SUSPECTED,SUPPORTING,0.858,STALE_DEVICE,NONE,TRAIN,True,LEGITIMATE,ACTIVE,2026-03-30,2026-09-17
0.337,UNKNOWN,NEUTRAL,0.243,NORMAL,NONE,TRAIN,True,MIXED,ACTIVE,2026-04-17,2026-06-15
0.157,CONFIRMED,SUPPORTING,0.847,NORMAL,NONE,TRAIN,True,CRIMINAL,ACTIVE,2026-05-25,2026-07-08
0.129,SUSPECTED,SUPPORTING,0.626,NORMAL,NONE,TRAIN,True,MIXED,ACTIVE,2025-10-04,2026-03-13
0.247,CONFIRMED,SUPPORTING,0.907,NORMAL,TEMPORAL_ANOMALY,TRAIN,True,CRIMINAL,ACTIVE,2025-12-17,2026-03-06
0.754,CONFIRMED,SUPPORTING,0.882,NORMAL,NONE,TRAIN,True,CRIMINAL,ACTIVE,2026-01-26,2026-05-22
0.242,SUSPECTED,SUPPORTING,0.682,NORMAL,NONE,TRAIN,True,LEGITIMATE,ACTIVE,2026-05-08,2026-08-01
0.306,FALSE,CONTRADICTING,0.287,NORMAL,NONE,VALIDATION,True,LEGITIMATE,ACTIVE,2026-07-02,2026-10-05
0.351,SUSPECTED,SUPPORTING,0.772,NORMAL,NONE,TEST,True,AMBIGUOUS,ACTIVE,2026-04-14,2026-07-22
0.417,CONFIRMED,SUPPORTING,0.92,NORMAL,NONE,TEST,True,AMBIGUOUS,ACTIVE,2026-05-13,2026-09-04
0.628,SUSPECTED,SUPPORTING,0.678,NORMAL,COLLECTIVE_ANOMALY,TRAIN,True,MIXED,ACTIVE,2026-01-30,2026-03-20
0.263,FALSE,CONTRADICTING,0.394,NORMAL,TEMPORAL_ANOMALY,TRAIN,True,CRIMINAL,ACTIVE,2026-02-21,2026-07-25
0.581,CONFIRMED,SUPPORTING,0.969,NORMAL,NONE,TEST,True,AMBIGUOUS,ACTIVE,2026-01-05,2026-04-09
0.213,UNKNOWN,NEUTRAL,0.458,NORMAL,NONE,TRAIN,True,CRIMINAL,ACTIVE,2026-04-13,2026-09-16
0.097,FALSE,CONTRADICTING,0.393,NORMAL,NONE,TRAIN,True,CRIMINAL,ACTIVE,2025-11-26,2026-05-25
0.527,FALSE,CONTRADICTING,0.123,NORMAL,NONE,TEST,True,AMBIGUOUS,ACTIVE,2026-05-26,2026-06-29
0.472,FALSE,CONTRADICTING,0.356,NORMAL,NONE,TRAIN,True,MIXED,ACTIVE,2026-02-06,2026-08-09
0.605,CONFIRMED,SUPPORTING,0.973,NORMAL,NONE,TRAIN,True,CRIMINAL,ACTIVE,2025-11-24,2026-05-02
0.562,CONFIRMED,SUPPORTING,0.948,NORMAL,NONE,TRAIN,True,CRIMINAL,ACTIVE,2025-10-16,2026-01-28
0.719,CONFIRMED,SUPPORTING,0.865,NORMAL,NONE,TRAIN,True,CRIMINAL,ACTIVE,2025-12-30,2026-06-06
0.649,UNKNOWN,NEUTRAL,0.498,NORMAL,NONE,TRAIN,True,MIXED,ACTIVE,2025-11-11,2026-04-13
0.342,CONFIRMED,SUPPORTING,0.845,NORMAL,COLLECTIVE_ANOMALY,TRAIN,True,CRIMINAL,ACTIVE,2026-04-21,2026-08-21
0.215,UNKNOWN,NEUTRAL,0.463,NORMAL,NONE,VALIDATION,True,LEGITIMATE,ACTIVE,2025-12-12,2026-03-02
0.433,CONFIRMED,SUPPORTING,0.957,DUPLICATE,NONE,VALIDATION,True,LEGITIMATE,ACTIVE,2026-01-07,2026-04-03
0.353,UNKNOWN,NEUTRAL,0.344,NORMAL,NONE,VALIDATION,True,LEGITIMATE,ACTIVE,2025-12-29,2026-04-12
0.165,SUSPECTED,SUPPORTING,0.61,NORMAL,NONE,TRAIN,True,CRIMINAL,ACTIVE,2026-03-24,2026-04-29
0.361,UNKNOWN,NEUTRAL,0.392,NORMAL,NONE,TEST,True,AMBIGUOUS,ACTIVE,2025-12-09,2026-02-03
0.709,SUSPECTED,SUPPORTING,0.829,NORMAL,NONE,TRAIN,True,MIXED,ACTIVE,2025-12-15,2026-06-24
0.185,SUSPECTED,SUPPORTING,0.822,NORMAL,NONE,TRAIN,True,MIXED,ACTIVE,2026-03-01,2026-08-19
0.209,FALSE,CONTRADICTING,0.164,NORMAL,NONE,TRAIN,True,CRIMINAL,ACTIVE,2026-07-22,2026-09-25
0.587,FALSE,CONTRADICTING,0.124,NORMAL,COLLECTIVE_ANOMALY,TRAIN,True,LEGITIMATE,ACTIVE,2025-12-24,2026-07-01
0.484,UNKNOWN,NEUTRAL,0.463,NORMAL,TEMPORAL_ANOMALY,TRAIN,True,CRIMINAL,ACTIVE,2026-02-04,2026-04-22
0.286,CONFIRMED,SUPPORTING,0.952,NORMAL,NONE,TRAIN,True,CRIMINAL,ACTIVE,2025-10-17,2026-02-23
0.655,CONFIRMED,SUPPORTING,0.826,NORMAL,NONE,TRAIN,True,CRIMINAL,ACTIVE,2026-06-14,2026-10-26
0.633,FALSE,CONTRADICTING,0.281,NORMAL,COLLECTIVE_ANOMALY,VALIDATION,True,LEGITIMATE,ACTIVE,2025-12-27,2026-04-26
0.085,CONFIRMED,SUPPORTING,0.853,NORMAL,NONE,TRAIN,True,CRIMINAL,ACTIVE,2025-12-14,2026-05-05
0.636,FALSE,CONTRADICTING,0.317,NORMAL,CONTEXTUAL_ANOMALY,TRAIN,True,CRIMINAL,ACTIVE,2026-02-14,2026-08-26
0.251,UNKNOWN,NEUTRAL,0.244,NORMAL,NONE,TRAIN,True,CRIMINAL,ACTIVE,2026-01-24,2026-05-18
0.324,FALSE,CONTRADICTING,0.363,NORMAL,POINT_ANOMALY,TRAIN,True,LEGITIMATE,ACTIVE,2026-04-19,2026-08-11
0.155,UNKNOWN,NEUTRAL,0.217,NORMAL,NONE,TRAIN,True,CRIMINAL,ACTIVE,2026-03-07,2026-07-14
0.148,FALSE,CONTRADICTING,0.217,NORMAL,NONE,VALIDATION,True,LEGITIMATE,ACTIVE,2025-12-01,2026-05-06
0.167,SUSPECTED,SUPPORTING,0.835,NORMAL,NONE,TRAIN,True,CRIMINAL,ACTIVE,2026-04-07,2026-07-03
0.142,SUSPECTED,SUPPORTING,0.692,NORMAL,NONE,TRAIN,True,MIXED,ACTIVE,2026-02-12,2026-04-27
0.258,UNKNOWN,NEUTRAL,0.315,NORMAL,NONE,TRAIN,True,LEGITIMATE,ACTIVE,2026-06-27,2026-10-15
0.362,CONFIRMED,SUPPORTING,0.91,NORMAL,TEMPORAL_ANOMALY,TEST,True,AMBIGUOUS,ACTIVE,2025-12-05,2026-03-05
0.399,UNKNOWN,NEUTRAL,0.325,NORMAL,NONE,TRAIN,True,MIXED,ACTIVE,2025-12-08,2026-04-08
0.459,SUSPECTED,SUPPORTING,0.695,NORMAL,NONE,TRAIN,True,CRIMINAL,ACTIVE,2026-05-01,2026-06-25
0.389,CONFIRMED,SUPPORTING,0.954,NORMAL,NONE,VALIDATION,True,LEGITIMATE,ACTIVE,2026-02-10,2026-04-06
0.07,UNKNOWN,NEUTRAL,0.541,NORMAL,NONE,VALIDATION,True,LEGITIMATE,ACTIVE,2026-03-10,2026-05-12
0.514,FALSE,CONTRADICTING,0.306,STALE_DEVICE,NONE,TRAIN,True,LEGITIMATE,ACTIVE,2026-02-23,2026-05-31
0.359,SUSPECTED,SUPPORTING,0.591,NORMAL,NONE,TRAIN,True,CRIMINAL,ACTIVE,2025-11-25,2026-03-20
0.219,CONFIRMED,SUPPORTING,0.976,NORMAL,CONTEXTUAL_ANOMALY,TRAIN,True,CRIMINAL,ACTIVE,2026-06-06,2026-08-10
0.578,UNKNOWN,NEUTRAL,0.523,NORMAL,NONE,TRAIN,True,MIXED,ACTIVE,2026-02-03,2026-04-11
0.33,SUSPECTED,SUPPORTING,0.754,NORMAL,NONE,VALIDATION,True,LEGITIMATE,ACTIVE,2026-02-08,2026-06-20
0.599,FALSE,CONTRADICTING,0.344,NORMAL,NONE,TRAIN,True,LEGITIMATE,ACTIVE,2026-05-14,2026-07-30
0.467,UNKNOWN,NEUTRAL,0.35,NORMAL,NONE,TRAIN,True,MIXED,ACTIVE,2026-04-27,2026-08-13
0.459,SUSPECTED,SUPPORTING,0.589,NORMAL,NONE,TRAIN,True,MIXED,ACTIVE,2026-03-23,2026-07-17
0.195,CONFIRMED,SUPPORTING,0.829,NORMAL,NONE,TRAIN,True,CRIMINAL,ACTIVE,2026-05-06,2026-09-06
0.479,FALSE,CONTRADICTING,0.208,NORMAL,NONE,TRAIN,True,MIXED,ACTIVE,2025-12-15,2026-05-08
0.165,UNKNOWN,NEUTRAL,0.374,SHARED_DEVICE,NONE,TRAIN,True,CRIMINAL,ACTIVE,2025-11-08,2026-03-30
0.245,CONFIRMED,SUPPORTING,0.89,STALE_DEVICE,NONE,TRAIN,True,CRIMINAL,ACTIVE,2025-12-05,2026-06-16
0.719,SUSPECTED,SUPPORTING,0.783,SHARED_DEVICE,NONE,TRAIN,True,MIXED,ACTIVE,2025-09-17,2026-01-18
0.579,SUSPECTED,SUPPORTING,0.733,NORMAL,NONE,TRAIN,True,CRIMINAL,ACTIVE,2026-02-16,2026-07-03
0.932,CONFIRMED,SUPPORTING,0.84,NORMAL,NONE,TRAIN,True,CRIMINAL,ACTIVE,2026-05-30,2026-09-13
0.594,CONFIRMED,SUPPORTING,0.823,RECYCLED_SIM,NONE,TEST,True,AMBIGUOUS,ACTIVE,2025-10-17,2026-04-21
0.21,FALSE,CONTRADICTING,0.351,NORMAL,CONTEXTUAL_ANOMALY,TRAIN,True,MIXED,ACTIVE,2026-06-16,2026-09-23
0.375,SUSPECTED,SUPPORTING,0.662,NORMAL,NONE,TRAIN,True,CRIMINAL,ACTIVE,2025-11-12,2026-03-30
0.164,SUSPECTED,SUPPORTING,0.726,NORMAL,NONE,TRAIN,True,CRIMINAL,ACTIVE,2026-04-17,2026-09-05
0.102,SUSPECTED,SUPPORTING,0.79,NORMAL,NONE,VALIDATION,True,LEGITIMATE,ACTIVE,2026-02-02,2026-05-11
0.43,UNKNOWN,NEUTRAL,0.543,NORMAL,RELATIONAL_ANOMALY,TRAIN,True,MIXED,ACTIVE,2025-10-21,2026-04-24
0.431,UNKNOWN,NEUTRAL,0.381,NORMAL,NONE,TRAIN,True,CRIMINAL,ACTIVE,2025-11-10,2026-03-14
0.203,SUSPECTED,SUPPORTING,0.853,DUPLICATE,NONE,TRAIN,True,CRIMINAL,ACTIVE,2025-12-22,2026-02-17
0.408,CONFIRMED,SUPPORTING,0.834,NORMAL,COLLECTIVE_ANOMALY,TEST,True,AMBIGUOUS,ACTIVE,2026-05-15,2026-07-27
0.885,UNKNOWN,NEUTRAL,0.26,NORMAL,NONE,TRAIN,True,MIXED,ACTIVE,2026-04-02,2026-08-06
0.29,UNKNOWN,NEUTRAL,0.329,NORMAL,NONE,VALIDATION,True,LEGITIMATE,ACTIVE,2026-05-27,2026-09-02
0.281,CONFIRMED,SUPPORTING,0.88,NORMAL,NONE,TRAIN,True,MIXED,ACTIVE,2025-10-31,2026-04-14
0.095,UNKNOWN,NEUTRAL,0.476,STALE_DEVICE,NONE,TRAIN,True,CRIMINAL,ACTIVE,2026-03-24,2026-07-23
0.081,SUSPECTED,SUPPORTING,0.804,NORMAL,NONE,TRAIN,True,MIXED,ACTIVE,2026-04-03,2026-08-18
0.532,CONFIRMED,SUPPORTING,0.924,NORMAL,NONE,TRAIN,True,MIXED,ACTIVE,2026-06-13,2026-09-21
0.436,CONFIRMED,SUPPORTING,0.952,NORMAL,NONE,TRAIN,True,CRIMINAL,ACTIVE,2025-11-25,2026-04-01
0.444,FALSE,CONTRADICTING,0.242,NORMAL,NONE,TRAIN,True,CRIMINAL,ACTIVE,2026-04-29,2026-06-24
0.118,CONFIRMED,SUPPORTING,0.829,NORMAL,NONE,TEST,True,AMBIGUOUS,ACTIVE,2025-12-27,2026-07-03
0.434,CONFIRMED,SUPPORTING,0.929,NORMAL,NONE,TRAIN,True,CRIMINAL,ACTIVE,2026-04-04,2026-08-21
0.705,SUSPECTED,SUPPORTING,0.608,NORMAL,NONE,TRAIN,True,MIXED,ACTIVE,2026-02-08,2026-05-22
0.244,CONFIRMED,SUPPORTING,0.94,NORMAL,NONE,VALIDATION,True,LEGITIMATE,ACTIVE,2026-03-30,2026-07-09
0.542,SUSPECTED,SUPPORTING,0.592,NORMAL,NONE,TRAIN,True,CRIMINAL,ACTIVE,2026-03-19,2026-06-28
0.558,UNKNOWN,NEUTRAL,0.297,NORMAL,NONE,TRAIN,True,CRIMINAL,ACTIVE,2026-06-19,2026-09-11
0.475,UNKNOWN,NEUTRAL,0.453,NORMAL,NONE,TEST,True,AMBIGUOUS,ACTIVE,2026-01-29,2026-07-07
0.422,CONFIRMED,SUPPORTING,0.869,NORMAL,NONE,TRAIN,True,CRIMINAL,ACTIVE,2025-11-07,2026-03-28
0.427,FALSE,CONTRADICTING,0.299,NORMAL,NONE,TRAIN,True,CRIMINAL,ACTIVE,2026-04-24,2026-07-03
0.509,UNKNOWN,NEUTRAL,0.269,NORMAL,RELATIONAL_ANOMALY,VALIDATION,True,LEGITIMATE,ACTIVE,2026-06-10,2026-07-18
0.801,FALSE,CONTRADICTING,0.303,NORMAL,NONE,TRAIN,True,MIXED,ACTIVE,2026-08-03,2026-11-08
0.487,SUSPECTED,SUPPORTING,0.803,NORMAL,NONE,TRAIN,True,CRIMINAL,ACTIVE,2026-03-17,2026-09-12
0.259,SUSPECTED,SUPPORTING,0.617,NORMAL,CONTEXTUAL_ANOMALY,VALIDATION,True,LEGITIMATE,ACTIVE,2026-02-17,2026-06-02
0.541,FALSE,CONTRADICTING,0.243,NORMAL,NONE,TRAIN,True,CRIMINAL,ACTIVE,2026-04-17,2026-08-13
0.56,CONFIRMED,SUPPORTING,0.981,NORMAL,NONE,TRAIN,True,MIXED,ACTIVE,2026-05-02,2026-09-02
0.3,SUSPECTED,SUPPORTING,0.686,NORMAL,NONE,TRAIN,True,CRIMINAL,ACTIVE,2025-12-04,2026-04-16
0.193,SUSPECTED,SUPPORTING,0.85,NORMAL,NONE,TRAIN,True,MIXED,ACTIVE,2026-03-20,2026-04-19
0.208,FALSE,CONTRADICTING,0.323,NORMAL,NONE,TRAIN,True,CRIMINAL,ACTIVE,2026-04-07,2026-05-13
0.455,UNKNOWN,NEUTRAL,0.231,NORMAL,NONE,TRAIN,True,MIXED,ACTIVE,2026-05-17,2026-09-22
0.373,UNKNOWN,NEUTRAL,0.286,NORMAL,CONTEXTUAL_ANOMALY,TEST,True,AMBIGUOUS,ACTIVE,2026-01-30,2026-06-01
0.212,CONFIRMED,SUPPORTING,0.956,NORMAL,CONTEXTUAL_ANOMALY,TRAIN,True,CRIMINAL,ACTIVE,2026-02-10,2026-04-13
0.193,SUSPECTED,SUPPORTING,0.742,NORMAL,RELATIONAL_ANOMALY,TRAIN,True,CRIMINAL,ACTIVE,2025-09-21,2026-04-06
0.276,SUSPECTED,SUPPORTING,0.611,NORMAL,COLLECTIVE_ANOMALY,TRAIN,True,CRIMINAL,ACTIVE,2026-05-15,2026-08-10
0.103,SUSPECTED,SUPPORTING,0.791,RECYCLED_SIM,NONE,TEST,True,AMBIGUOUS,ACTIVE,2026-04-14,2026-07-25
0.042,SUSPECTED,SUPPORTING,0.625,NORMAL,NONE,TEST,True,AMBIGUOUS,ACTIVE,2025-12-28,2026-02-22
0.684,CONFIRMED,SUPPORTING,0.96,NORMAL,NONE,TRAIN,True,MIXED,ACTIVE,2026-03-18,2026-07-13
0.452,SUSPECTED,SUPPORTING,0.686,NORMAL,NONE,VALIDATION,True,LEGITIMATE,ACTIVE,2026-01-10,2026-05-28
0.349,UNKNOWN,NEUTRAL,0.234,NORMAL,CONTEXTUAL_ANOMALY,TRAIN,True,CRIMINAL,ACTIVE,2026-02-09,2026-04-03
0.414,SUSPECTED,SUPPORTING,0.592,NORMAL,NONE,TRAIN,True,CRIMINAL,ACTIVE,2026-06-22,2026-08-21
0.285,CONFIRMED,SUPPORTING,0.873,NORMAL,TEMPORAL_ANOMALY,TRAIN,True,CRIMINAL,ACTIVE,2026-06-10,2026-09-08
0.396,CONFIRMED,SUPPORTING,0.944,NORMAL,NONE,TRAIN,True,CRIMINAL,ACTIVE,2026-01-17,2026-07-10
0.562,UNKNOWN,NEUTRAL,0.371,NORMAL,CONTEXTUAL_ANOMALY,TEST,True,AMBIGUOUS,ACTIVE,2026-03-26,2026-06-19
0.771,CONFIRMED,SUPPORTING,0.884,NORMAL,NONE,TRAIN,True,CRIMINAL,ACTIVE,2026-05-10,2026-08-18
0.624,SUSPECTED,SUPPORTING,0.664,NORMAL,POINT_ANOMALY,TRAIN,True,MIXED,ACTIVE,2026-02-23,2026-06-06
0.449,FALSE,CONTRADICTING,0.263,NORMAL,NONE,TRAIN,True,CRIMINAL,ACTIVE,2026-02-15,2026-05-12
0.925,UNKNOWN,NEUTRAL,0.332,NORMAL,NONE,TRAIN,True,MIXED,ACTIVE,2026-01-26,2026-06-22
0.175,UNKNOWN,NEUTRAL,0.513,NORMAL,CONTEXTUAL_ANOMALY,TRAIN,True,CRIMINAL,ACTIVE,2025-12-18,2026-03-12
0.065,SUSPECTED,SUPPORTING,0.813,NORMAL,POINT_ANOMALY,VALIDATION,True,LEGITIMATE,ACTIVE,2026-03-27,2026-08-11
0.638,CONFIRMED,SUPPORTING,0.851,NORMAL,NONE,TEST,True,AMBIGUOUS,ACTIVE,2026-03-30,2026-08-17
0.551,UNKNOWN,NEUTRAL,0.203,NORMAL,NONE,TEST,True,AMBIGUOUS,ACTIVE,2026-03-19,2026-08-28
0.24,CONFIRMED,SUPPORTING,0.942,NORMAL,NONE,TRAIN,True,LEGITIMATE,ACTIVE,2026-04-26,2026-07-06
0.574,SUSPECTED,SUPPORTING,0.728,NORMAL,NONE,TRAIN,True,CRIMINAL,ACTIVE,2026-06-04,2026-10-17
0.488,CONFIRMED,SUPPORTING,0.878,NORMAL,NONE,TRAIN,True,CRIMINAL,ACTIVE,2026-07-31,2026-11-02
0.119,UNKNOWN,NEUTRAL,0.541,NORMAL,NONE,TRAIN,True,CRIMINAL,ACTIVE,2025-12-24,2026-02-07
0.678,FALSE,CONTRADICTING,0.165,NORMAL,NONE,TEST,True,AMBIGUOUS,ACTIVE,2026-04-11,2026-07-15
0.509,SUSPECTED,SUPPORTING,0.7,NORMAL,NONE,VALIDATION,True,LEGITIMATE,ACTIVE,2025-10-15,2026-04-20
0.408,CONFIRMED,SUPPORTING,0.936,NORMAL,NONE,VALIDATION,True,LEGITIMATE,ACTIVE,2026-06-03,2026-10-19
0.381,CONFIRMED,SUPPORTING,0.935,RECYCLED_SIM,POINT_ANOMALY,TRAIN,True,MIXED,ACTIVE,2026-05-14,2026-09-19
0.036,FALSE,CONTRADICTING,0.361,NORMAL,COLLECTIVE_ANOMALY,TEST,True,AMBIGUOUS,ACTIVE,2026-01-14,2026-04-11
0.731,CONFIRMED,SUPPORTING,0.944,NORMAL,NONE,TRAIN,True,CRIMINAL,ACTIVE,2026-06-14,2026-08-16
0.036,SUSPECTED,SUPPORTING,0.78,NORMAL,POINT_ANOMALY,TRAIN,True,MIXED,ACTIVE,2026-05-11,2026-08-21
0.784,SUSPECTED,SUPPORTING,0.613,SHARED_DEVICE,NONE,TRAIN,True,MIXED,ACTIVE,2026-03-24,2026-08-16
0.303,UNKNOWN,NEUTRAL,0.45,NORMAL,NONE,TRAIN,True,CRIMINAL,ACTIVE,2025-12-19,2026-05-20
0.246,CONFIRMED,SUPPORTING,0.97,NORMAL,NONE,TRAIN,True,CRIMINAL,ACTIVE,2026-04-21,2026-07-20
0.224,SUSPECTED,SUPPORTING,0.77,NORMAL,NONE,TRAIN,True,MIXED,ACTIVE,2026-01-15,2026-05-02
0.198,SUSPECTED,SUPPORTING,0.694,NORMAL,NONE,TRAIN,True,CRIMINAL,ACTIVE,2026-04-14,2026-06-30
0.287,SUSPECTED,SUPPORTING,0.637,NORMAL,NONE,VALIDATION,True,LEGITIMATE,ACTIVE,2025-10-22,2026-03-16
0.203,UNKNOWN,NEUTRAL,0.348,NORMAL,NONE,VALIDATION,True,LEGITIMATE,ACTIVE,2026-02-05,2026-05-31
0.362,UNKNOWN,NEUTRAL,0.257,NORMAL,NONE,TRAIN,True,CRIMINAL,ACTIVE,2026-07-03,2026-08-08
0.654,SUSPECTED,SUPPORTING,0.611,NORMAL,NONE,TRAIN,True,MIXED,ACTIVE,2025-09-23,2026-03-23
0.451,FALSE,CONTRADICTING,0.313,NORMAL,NONE,VALIDATION,True,LEGITIMATE,ACTIVE,2026-01-01,2026-05-08
0.256,SUSPECTED,SUPPORTING,0.605,NORMAL,NONE,TRAIN,True,MIXED,ACTIVE,2026-05-11,2026-09-01
0.672,SUSPECTED,SUPPORTING,0.735,NORMAL,NONE,TRAIN,True,CRIMINAL,ACTIVE,2026-03-23,2026-08-11
0.157,SUSPECTED,SUPPORTING,0.832,NORMAL,COLLECTIVE_ANOMALY,TRAIN,True,MIXED,ACTIVE,2025-12-26,2026-05-12
0.218,CONFIRMED,SUPPORTING,0.945,NORMAL,NONE,VALIDATION,True,LEGITIMATE,ACTIVE,2025-12-08,2026-04-25
0.535,CONFIRMED,SUPPORTING,0.852,NORMAL,NONE,TRAIN,True,MIXED,ACTIVE,2025-10-30,2026-02-24
0.446,SUSPECTED,SUPPORTING,0.704,NORMAL,NONE,TRAIN,True,MIXED,ACTIVE,2026-03-08,2026-08-08
0.259,SUSPECTED,SUPPORTING,0.716,NORMAL,NONE,TRAIN,True,CRIMINAL,ACTIVE,2026-04-17,2026-07-11
0.245,CONFIRMED,SUPPORTING,0.958,DUPLICATE,NONE,VALIDATION,True,LEGITIMATE,ACTIVE,2026-02-02,2026-04-01
0.873,SUSPECTED,SUPPORTING,0.75,NORMAL,NONE,VALIDATION,True,LEGITIMATE,ACTIVE,2025-09-26,2026-02-19
0.279,UNKNOWN,NEUTRAL,0.543,NORMAL,NONE,TEST,True,AMBIGUOUS,ACTIVE,2026-04-17,2026-08-25
0.65,CONFIRMED,SUPPORTING,0.955,NORMAL,COLLECTIVE_ANOMALY,TRAIN,True,CRIMINAL,ACTIVE,2026-03-09,2026-04-27
0.247,CONFIRMED,SUPPORTING,0.905,NORMAL,NONE,TRAIN,True,MIXED,ACTIVE,2026-03-29,2026-07-30
0.498,SUSPECTED,SUPPORTING,0.854,NORMAL,NONE,TRAIN,True,CRIMINAL,ACTIVE,2026-04-22,2026-07-02
0.127,CONFIRMED,SUPPORTING,0.97,NORMAL,NONE,TEST,True,AMBIGUOUS,ACTIVE,2026-04-22,2026-08-19
0.474,SUSPECTED,SUPPORTING,0.666,NORMAL,NONE,TRAIN,True,CRIMINAL,ACTIVE,2026-05-08,2026-10-23
0.272,SUSPECTED,SUPPORTING,0.824,NORMAL,NONE,TRAIN,True,CRIMINAL,ACTIVE,2026-06-16,2026-10-02
0.141,SUSPECTED,SUPPORTING,0.665,NORMAL,NONE,TEST,True,AMBIGUOUS,ACTIVE,2026-03-10,2026-06-29
0.759,UNKNOWN,NEUTRAL,0.536,NORMAL,NONE,VALIDATION,True,LEGITIMATE,ACTIVE,2025-11-29,2026-06-08
0.47,FALSE,CONTRADICTING,0.152,NORMAL,POINT_ANOMALY,TRAIN,True,CRIMINAL,ACTIVE,2026-04-30,2026-09-24
0.152,UNKNOWN,NEUTRAL,0.438,NORMAL,CONTEXTUAL_ANOMALY,TEST,True,AMBIGUOUS,ACTIVE,2026-02-23,2026-06-25
0.072,FALSE,CONTRADICTING,0.406,NORMAL,NONE,TRAIN,True,CRIMINAL,ACTIVE,2026-04-10,2026-08-10
0.688,CONFIRMED,SUPPORTING,0.94,STALE_DEVICE,NONE,TRAIN,True,MIXED,ACTIVE,2026-01-18,2026-03-26
0.423,UNKNOWN,NEUTRAL,0.465,NORMAL,NONE,VALIDATION,True,LEGITIMATE,ACTIVE,2026-03-07,2026-08-23
0.436,SUSPECTED,SUPPORTING,0.852,NORMAL,NONE,TRAIN,True,MIXED,ACTIVE,2026-04-16,2026-06-29
0.197,SUSPECTED,SUPPORTING,0.736,NORMAL,NONE,TRAIN,True,CRIMINAL,ACTIVE,2026-06-12,2026-08-02
0.567,SUSPECTED,SUPPORTING,0.715,NORMAL,NONE,TRAIN,True,CRIMINAL,ACTIVE,2025-12-07,2026-02-16
0.363,UNKNOWN,NEUTRAL,0.437,NORMAL,NONE,TRAIN,True,MIXED,ACTIVE,2026-07-21,2026-09-14
0.062,SUSPECTED,SUPPORTING,0.804,NORMAL,NONE,TRAIN,True,MIXED,ACTIVE,2025-09-06,2026-02-20
0.464,UNKNOWN,NEUTRAL,0.247,NORMAL,NONE,TEST,True,AMBIGUOUS,ACTIVE,2025-12-21,2026-06-11
0.4,SUSPECTED,SUPPORTING,0.816,NORMAL,NONE,TRAIN,True,MIXED,ACTIVE,2025-12-20,2026-05-02
0.442,SUSPECTED,SUPPORTING,0.588,NORMAL,NONE,TRAIN,True,CRIMINAL,ACTIVE,2026-02-28,2026-05-08
0.207,FALSE,CONTRADICTING,0.193,NORMAL,POINT_ANOMALY,TRAIN,True,MIXED,ACTIVE,2026-05-29,2026-11-11
0.663,SUSPECTED,SUPPORTING,0.693,NORMAL,NONE,TRAIN,True,MIXED,ACTIVE,2026-04-08,2026-09-13
0.357,FALSE,CONTRADICTING,0.377,NORMAL,NONE,VALIDATION,True,LEGITIMATE,ACTIVE,2026-04-23,2026-08-06
0.342,SUSPECTED,SUPPORTING,0.85,NORMAL,NONE,TRAIN,True,MIXED,ACTIVE,2025-10-29,2026-03-27
0.444,SUSPECTED,SUPPORTING,0.669,NORMAL,POINT_ANOMALY,VALIDATION,True,LEGITIMATE,ACTIVE,2026-03-04,2026-08-17
0.626,SUSPECTED,SUPPORTING,0.603,NORMAL,NONE,TRAIN,True,CRIMINAL,ACTIVE,2025-11-12,2026-02-10
0.374,UNKNOWN,NEUTRAL,0.23,NORMAL,NONE,TRAIN,True,MIXED,ACTIVE,2026-03-20,2026-07-15
0.472,UNKNOWN,NEUTRAL,0.273,NORMAL,NONE,TEST,True,AMBIGUOUS,ACTIVE,2026-05-24,2026-11-01
0.305,FALSE,CONTRADICTING,0.291,NORMAL,NONE,VALIDATION,True,LEGITIMATE,ACTIVE,2026-03-25,2026-07-30
0.586,UNKNOWN,NEUTRAL,0.412,NORMAL,NONE,TRAIN,True,CRIMINAL,ACTIVE,2026-04-08,2026-09-16
0.401,FALSE,CONTRADICTING,0.308,STALE_DEVICE,NONE,TRAIN,True,CRIMINAL,ACTIVE,2026-03-03,2026-05-20
0.673,UNKNOWN,NEUTRAL,0.339,NORMAL,RELATIONAL_ANOMALY,VALIDATION,True,LEGITIMATE,ACTIVE,2025-11-20,2026-03-06
0.764,FALSE,CONTRADICTING,0.176,NORMAL,NONE,TEST,True,AMBIGUOUS,ACTIVE,2026-04-08,2026-08-13
0.211,UNKNOWN,NEUTRAL,0.537,NORMAL,NONE,TRAIN,True,MIXED,ACTIVE,2026-02-15,2026-06-07
0.472,CONFIRMED,SUPPORTING,0.933,NORMAL,NONE,VALIDATION,True,LEGITIMATE,ACTIVE,2026-04-06,2026-09-07
0.567,CONFIRMED,SUPPORTING,0.873,NORMAL,NONE,TEST,True,AMBIGUOUS,ACTIVE,2025-12-24,2026-06-01
0.232,SUSPECTED,SUPPORTING,0.75,NORMAL,NONE,VALIDATION,True,LEGITIMATE,ACTIVE,2026-06-21,2026-09-25
0.654,FALSE,CONTRADICTING,0.215,NORMAL,POINT_ANOMALY,TRAIN,True,CRIMINAL,ACTIVE,2026-05-16,2026-08-15
0.381,CONFIRMED,SUPPORTING,0.969,NORMAL,NONE,TRAIN,True,MIXED,ACTIVE,2025-10-30,2026-03-14
0.382,SUSPECTED,SUPPORTING,0.679,NORMAL,NONE,TRAIN,True,MIXED,ACTIVE,2025-11-01,2026-03-04
0.622,SUSPECTED,SUPPORTING,0.708,NORMAL,NONE,TRAIN,True,MIXED,ACTIVE,2026-05-09,2026-09-30
0.15,UNKNOWN,NEUTRAL,0.312,NORMAL,NONE,TRAIN,True,MIXED,ACTIVE,2026-04-12,2026-06-12
0.05,UNKNOWN,NEUTRAL,0.465,NORMAL,NONE,TEST,True,AMBIGUOUS,ACTIVE,2025-10-02,2026-04-17
0.568,CONFIRMED,SUPPORTING,0.905,NORMAL,NONE,TRAIN,True,CRIMINAL,ACTIVE,2026-01-12,2026-06-23
0.351,UNKNOWN,NEUTRAL,0.234,NORMAL,NONE,TEST,True,AMBIGUOUS,ACTIVE,2026-01-18,2026-03-27
0.526,FALSE,CONTRADICTING,0.127,RECYCLED_SIM,NONE,TRAIN,True,MIXED,ACTIVE,2026-01-30,2026-04-23
0.598,CONFIRMED,SUPPORTING,0.85,NORMAL,NONE,TRAIN,True,CRIMINAL,ACTIVE,2026-01-26,2026-05-31
0.51,FALSE,CONTRADICTING,0.365,NORMAL,NONE,TEST,True,AMBIGUOUS,ACTIVE,2025-11-08,2026-04-15
0.794,SUSPECTED,SUPPORTING,0.738,NORMAL,NONE,TRAIN,True,CRIMINAL,ACTIVE,2026-05-20,2026-09-10
0.236,SUSPECTED,SUPPORTING,0.656,NORMAL,NONE,TEST,True,AMBIGUOUS,ACTIVE,2025-12-24,2026-06-12
0.263,UNKNOWN,NEUTRAL,0.407,NORMAL,NONE,TRAIN,True,MIXED,ACTIVE,2026-03-19,2026-08-04
0.05,CONFIRMED,SUPPORTING,0.932,NORMAL,NONE,TRAIN,True,MIXED,ACTIVE,2025-12-11,2026-06-01
0.495,SUSPECTED,SUPPORTING,0.596,NORMAL,NONE,VALIDATION,True,LEGITIMATE,ACTIVE,2026-06-06,2026-09-10
0.273,CONFIRMED,SUPPORTING,0.824,NORMAL,NONE,TRAIN,True,MIXED,ACTIVE,2026-05-23,2026-08-14
0.312,UNKNOWN,NEUTRAL,0.416,NORMAL,NONE,TRAIN,True,MIXED,ACTIVE,2025-11-09,2026-04-26
0.567,UNKNOWN,NEUTRAL,0.467,NORMAL,TEMPORAL_ANOMALY,TRAIN,True,CRIMINAL,ACTIVE,2026-04-04,2026-08-11
0.211,CONFIRMED,SUPPORTING,0.857,NORMAL,NONE,TRAIN,True,MIXED,ACTIVE,2026-06-25,2026-08-21
0.282,SUSPECTED,SUPPORTING,0.8,NORMAL,NONE,TRAIN,True,MIXED,ACTIVE,2026-01-19,2026-04-16
0.741,FALSE,CONTRADICTING,0.213,NORMAL,NONE,VALIDATION,True,LEGITIMATE,ACTIVE,2026-04-21,2026-10-01
0.176,SUSPECTED,SUPPORTING,0.608,NORMAL,NONE,TRAIN,True,MIXED,ACTIVE,2026-05-17,2026-08-02
0.288,SUSPECTED,SUPPORTING,0.654,NORMAL,NONE,TRAIN,True,CRIMINAL,ACTIVE,2025-11-26,2026-03-22
0.667,UNKNOWN,NEUTRAL,0.311,NORMAL,NONE,TRAIN,True,MIXED,ACTIVE,2025-12-26,2026-02-10
0.519,SUSPECTED,SUPPORTING,0.833,NORMAL,RELATIONAL_ANOMALY,TRAIN,True,CRIMINAL,ACTIVE,2026-02-28,2026-06-11
0.347,UNKNOWN,NEUTRAL,0.514,RECYCLED_SIM,NONE,VALIDATION,True,LEGITIMATE,ACTIVE,2025-12-21,2026-04-11
0.085,FALSE,CONTRADICTING,0.125,NORMAL,NONE,VALIDATION,True,LEGITIMATE,ACTIVE,2025-11-19,2026-05-14
0.162,CONFIRMED,SUPPORTING,0.9,NORMAL,NONE,TRAIN,True,MIXED,ACTIVE,2026-04-11,2026-06-24
0.44,SUSPECTED,SUPPORTING,0.721,NORMAL,NONE,TRAIN,True,CRIMINAL,ACTIVE,2026-02-10,2026-08-10
0.61,UNKNOWN,NEUTRAL,0.426,NORMAL,NONE,TRAIN,True,CRIMINAL,ACTIVE,2025-11-24,2026-03-31
0.32,SUSPECTED,SUPPORTING,0.833,NORMAL,NONE,VALIDATION,True,LEGITIMATE,ACTIVE,2026-05-14,2026-08-03
0.482,CONFIRMED,SUPPORTING,0.916,NORMAL,TEMPORAL_ANOMALY,TRAIN,True,MIXED,ACTIVE,2026-01-07,2026-05-20
0.478,UNKNOWN,NEUTRAL,0.541,NORMAL,NONE,TEST,True,AMBIGUOUS,ACTIVE,2026-05-05,2026-07-23
0.261,SUSPECTED,SUPPORTING,0.606,NORMAL,NONE,TRAIN,True,MIXED,ACTIVE,2026-06-30,2026-09-07
0.699,CONFIRMED,SUPPORTING,0.827,NORMAL,TEMPORAL_ANOMALY,TRAIN,True,CRIMINAL,ACTIVE,2026-01-23,2026-06-01
0.255,UNKNOWN,NEUTRAL,0.55,NORMAL,NONE,TRAIN,True,CRIMINAL,ACTIVE,2025-10-13,2026-03-04
0.301,FALSE,CONTRADICTING,0.128,NORMAL,NONE,TRAIN,True,CRIMINAL,ACTIVE,2026-01-03,2026-03-05
0.335,CONFIRMED,SUPPORTING,0.966,NORMAL,RELATIONAL_ANOMALY,TEST,True,AMBIGUOUS,ACTIVE,2026-05-27,2026-09-09
0.253,CONFIRMED,SUPPORTING,0.824,NORMAL,NONE,TRAIN,True,LEGITIMATE,ACTIVE,2026-01-12,2026-05-22
0.588,SUSPECTED,SUPPORTING,0.626,NORMAL,NONE,TRAIN,True,LEGITIMATE,ACTIVE,2026-05-03,2026-08-04
0.722,CONFIRMED,SUPPORTING,0.885,NORMAL,NONE,TRAIN,True,LEGITIMATE,ACTIVE,2026-04-20,2026-09-15
0.243,SUSPECTED,SUPPORTING,0.584,NORMAL,NONE,TRAIN,True,CRIMINAL,ACTIVE,2026-06-25,2026-11-04
0.338,FALSE,CONTRADICTING,0.406,NORMAL,NONE,TRAIN,True,MIXED,ACTIVE,2025-11-25,2026-05-24
0.777,CONFIRMED,SUPPORTING,0.941,NORMAL,NONE,TRAIN,True,MIXED,ACTIVE,2026-02-06,2026-06-25
0.219,SUSPECTED,SUPPORTING,0.61,NORMAL,NONE,VALIDATION,True,LEGITIMATE,ACTIVE,2026-06-10,2026-09-26
0.159,SUSPECTED,SUPPORTING,0.832,NORMAL,NONE,TEST,True,AMBIGUOUS,ACTIVE,2026-01-04,2026-03-05
0.14,CONFIRMED,SUPPORTING,0.977,NORMAL,NONE,VALIDATION,True,LEGITIMATE,ACTIVE,2026-03-22,2026-07-10
0.28,CONFIRMED,SUPPORTING,0.967,NORMAL,NONE,TRAIN,True,CRIMINAL,ACTIVE,2026-06-03,2026-09-15
0.381,SUSPECTED,SUPPORTING,0.763,NORMAL,NONE,TRAIN,True,CRIMINAL,ACTIVE,2026-02-06,2026-06-07
0.202,FALSE,CONTRADICTING,0.244,NORMAL,NONE,TRAIN,True,CRIMINAL,ACTIVE,2026-05-26,2026-07-07
0.56,FALSE,CONTRADICTING,0.208,NORMAL,NONE,TEST,True,AMBIGUOUS,ACTIVE,2026-02-11,2026-04-13
0.267,UNKNOWN,NEUTRAL,0.336,NORMAL,POINT_ANOMALY,VALIDATION,True,LEGITIMATE,ACTIVE,2026-04-14,2026-10-09
0.446,SUSPECTED,SUPPORTING,0.754,NORMAL,NONE,TEST,True,AMBIGUOUS,ACTIVE,2026-04-09,2026-08-26
0.106,SUSPECTED,SUPPORTING,0.747,NORMAL,NONE,TEST,True,AMBIGUOUS,ACTIVE,2026-03-19,2026-09-16
0.827,CONFIRMED,SUPPORTING,0.984,NORMAL,NONE,TRAIN,True,CRIMINAL,ACTIVE,2026-06-10,2026-09-11
0.118,UNKNOWN,NEUTRAL,0.345,NORMAL,NONE,TRAIN,True,CRIMINAL,ACTIVE,2026-03-06,2026-05-24
0.218,FALSE,CONTRADICTING,0.269,NORMAL,NONE,VALIDATION,True,LEGITIMATE,ACTIVE,2025-10-27,2026-03-29
0.517,UNKNOWN,NEUTRAL,0.209,NORMAL,NONE,TRAIN,True,CRIMINAL,ACTIVE,2026-02-18,2026-08-24
0.428,CONFIRMED,SUPPORTING,0.875,NORMAL,POINT_ANOMALY,TRAIN,True,CRIMINAL,ACTIVE,2026-03-18,2026-08-30
0.702,SUSPECTED,SUPPORTING,0.67,NORMAL,NONE,TEST,True,AMBIGUOUS,ACTIVE,2026-01-15,2026-04-29
0.248,UNKNOWN,NEUTRAL,0.33,NORMAL,NONE,TRAIN,True,CRIMINAL,ACTIVE,2026-03-13,2026-07-23
0.232,UNKNOWN,NEUTRAL,0.382,NORMAL,COLLECTIVE_ANOMALY,TRAIN,True,CRIMINAL,ACTIVE,2026-02-15,2026-07-02
0.239,UNKNOWN,NEUTRAL,0.325,NORMAL,POINT_ANOMALY,TRAIN,True,MIXED,ACTIVE,2026-03-28,2026-06-20
0.429,FALSE,CONTRADICTING,0.327,NORMAL,NONE,TRAIN,True,CRIMINAL,ACTIVE,2026-05-24,2026-10-28
0.118,SUSPECTED,SUPPORTING,0.65,NORMAL,TEMPORAL_ANOMALY,TRAIN,True,CRIMINAL,ACTIVE,2026-01-15,2026-06-08
0.418,SUSPECTED,SUPPORTING,0.788,NORMAL,POINT_ANOMALY,TRAIN,True,MIXED,ACTIVE,2026-03-07,2026-06-15
0.1,SUSPECTED,SUPPORTING,0.597,NORMAL,NONE,TRAIN,True,CRIMINAL,ACTIVE,2026-05-25,2026-07-14
0.053,UNKNOWN,NEUTRAL,0.469,NORMAL,NONE,TRAIN,True,MIXED,ACTIVE,2026-01-23,2026-07-07
0.522,UNKNOWN,NEUTRAL,0.521,NORMAL,NONE,TRAIN,True,CRIMINAL,ACTIVE,2026-04-05,2026-08-08
0.565,SUSPECTED,SUPPORTING,0.796,NORMAL,NONE,TRAIN,True,MIXED,ACTIVE,2026-03-14,2026-08-06
0.177,UNKNOWN,NEUTRAL,0.52,STALE_DEVICE,NONE,VALIDATION,True,LEGITIMATE,ACTIVE,2026-07-23,2026-08-22
0.321,CONFIRMED,SUPPORTING,0.893,NORMAL,NONE,TRAIN,True,CRIMINAL,ACTIVE,2026-05-24,2026-07-05
0.656,CONFIRMED,SUPPORTING,0.822,NORMAL,NONE,TRAIN,True,MIXED,ACTIVE,2026-01-19,2026-06-09
0.12,CONFIRMED,SUPPORTING,0.862,NORMAL,NONE,VALIDATION,True,LEGITIMATE,ACTIVE,2026-01-20,2026-06-12
0.251,UNKNOWN,NEUTRAL,0.28,NORMAL,NONE,TRAIN,True,MIXED,ACTIVE,2026-04-07,2026-08-23
0.17,UNKNOWN,NEUTRAL,0.317,NORMAL,NONE,TRAIN,True,MIXED,ACTIVE,2026-01-24,2026-06-26
0.304,FALSE,CONTRADICTING,0.349,NORMAL,NONE,VALIDATION,True,LEGITIMATE,ACTIVE,2026-06-24,2026-07-24
0.929,SUSPECTED,SUPPORTING,0.749,NORMAL,NONE,VALIDATION,True,LEGITIMATE,ACTIVE,2026-05-11,2026-10-08
0.79,CONFIRMED,SUPPORTING,0.908,NORMAL,NONE,TRAIN,True,MIXED,ACTIVE,2026-02-08,2026-08-20
0.308,CONFIRMED,SUPPORTING,0.835,NORMAL,NONE,TRAIN,True,MIXED,ACTIVE,2026-02-17,2026-09-08
0.236,CONFIRMED,SUPPORTING,0.905,NORMAL,NONE,TRAIN,True,CRIMINAL,ACTIVE,2025-12-21,2026-04-15
0.584,FALSE,CONTRADICTING,0.202,NORMAL,NONE,TEST,True,AMBIGUOUS,ACTIVE,2026-02-23,2026-07-15
0.32,CONFIRMED,SUPPORTING,0.959,DUPLICATE,POINT_ANOMALY,VALIDATION,True,LEGITIMATE,ACTIVE,2025-10-17,2026-03-10
0.414,CONFIRMED,SUPPORTING,0.898,NORMAL,NONE,TRAIN,True,CRIMINAL,ACTIVE,2025-11-05,2026-03-31
0.703,SUSPECTED,SUPPORTING,0.855,NORMAL,NONE,TEST,True,AMBIGUOUS,ACTIVE,2025-12-31,2026-04-13
0.418,UNKNOWN,NEUTRAL,0.235,NORMAL,NONE,VALIDATION,True,LEGITIMATE,ACTIVE,2025-09-14,2026-04-03
0.761,SUSPECTED,SUPPORTING,0.797,NORMAL,POINT_ANOMALY,TEST,True,AMBIGUOUS,ACTIVE,2026-01-06,2026-04-24
0.327,FALSE,CONTRADICTING,0.235,NORMAL,NONE,TRAIN,True,CRIMINAL,ACTIVE,2026-02-11,2026-03-17
0.576,SUSPECTED,SUPPORTING,0.762,NORMAL,NONE,TRAIN,True,CRIMINAL,ACTIVE,2026-01-15,2026-04-09
0.282,CONFIRMED,SUPPORTING,0.909,NORMAL,NONE,TRAIN,True,CRIMINAL,ACTIVE,2026-03-06,2026-06-07
0.292,CONFIRMED,SUPPORTING,0.86,NORMAL,TEMPORAL_ANOMALY,TRAIN,True,MIXED,ACTIVE,2026-05-15,2026-10-17
0.295,SUSPECTED,SUPPORTING,0.786,NORMAL,NONE,TEST,True,AMBIGUOUS,ACTIVE,2026-01-11,2026-04-15
0.673,SUSPECTED,SUPPORTING,0.649,NORMAL,NONE,TRAIN,True,MIXED,ACTIVE,2025-10-04,2026-02-02
0.262,UNKNOWN,NEUTRAL,0.338,NORMAL,NONE,VALIDATION,True,LEGITIMATE,ACTIVE,2026-01-09,2026-06-15
0.606,SUSPECTED,SUPPORTING,0.84,NORMAL,RELATIONAL_ANOMALY,TRAIN,True,CRIMINAL,ACTIVE,2026-06-06,2026-10-07
0.545,SUSPECTED,SUPPORTING,0.679,NORMAL,NONE,TEST,True,AMBIGUOUS,ACTIVE,2026-06-29,2026-11-09
0.542,SUSPECTED,SUPPORTING,0.689,NORMAL,NONE,VALIDATION,True,LEGITIMATE,ACTIVE,2025-10-24,2026-04-01
0.755,CONFIRMED,SUPPORTING,0.915,NORMAL,NONE,TRAIN,True,CRIMINAL,ACTIVE,2026-02-22,2026-07-16
0.501,UNKNOWN,NEUTRAL,0.312,NORMAL,NONE,VALIDATION,True,LEGITIMATE,ACTIVE,2025-10-21,2026-02-09
0.642,FALSE,CONTRADICTING,0.268,NORMAL,NONE,TRAIN,True,CRIMINAL,ACTIVE,2026-04-10,2026-06-05
0.367,SUSPECTED,SUPPORTING,0.61,NORMAL,NONE,TRAIN,True,MIXED,ACTIVE,2026-05-15,2026-08-26
0.184,UNKNOWN,NEUTRAL,0.495,NORMAL,RELATIONAL_ANOMALY,TEST,True,AMBIGUOUS,ACTIVE,2026-06-26,2026-10-13
0.818,CONFIRMED,SUPPORTING,0.952,NORMAL,RELATIONAL_ANOMALY,TRAIN,True,CRIMINAL,ACTIVE,2025-11-13,2026-04-01
0.189,UNKNOWN,NEUTRAL,0.336,NORMAL,NONE,TRAIN,True,CRIMINAL,ACTIVE,2025-12-16,2026-02-12
0.354,UNKNOWN,NEUTRAL,0.546,NORMAL,NONE,TRAIN,True,MIXED,ACTIVE,2025-12-05,2026-04-06
0.377,FALSE,CONTRADICTING,0.306,NORMAL,NONE,TRAIN,True,LEGITIMATE,ACTIVE,2026-03-24,2026-05-09
0.72,FALSE,CONTRADICTING,0.318,NORMAL,NONE,TRAIN,True,MIXED,ACTIVE,2026-01-17,2026-07-27
0.207,FALSE,CONTRADICTING,0.199,DUPLICATE,NONE,TRAIN,True,CRIMINAL,ACTIVE,2026-04-30,2026-06-30
0.314,CONFIRMED,SUPPORTING,0.897,NORMAL,NONE,VALIDATION,True,LEGITIMATE,ACTIVE,2026-04-26,2026-07-14
0.368,UNKNOWN,NEUTRAL,0.519,NORMAL,NONE,VALIDATION,True,LEGITIMATE,ACTIVE,2026-04-28,2026-07-23
0.268,UNKNOWN,NEUTRAL,0.427,NORMAL,NONE,VALIDATION,True,LEGITIMATE,ACTIVE,2026-03-29,2026-06-03
0.577,CONFIRMED,SUPPORTING,0.847,STALE_DEVICE,TEMPORAL_ANOMALY,TRAIN,True,CRIMINAL,ACTIVE,2026-04-28,2026-07-08
0.169,SUSPECTED,SUPPORTING,0.587,NORMAL,NONE,TRAIN,True,MIXED,ACTIVE,2025-11-20,2026-03-13
0.844,UNKNOWN,NEUTRAL,0.283,NORMAL,NONE,TRAIN,True,LEGITIMATE,ACTIVE,2025-12-18,2026-03-10
0.317,SUSPECTED,SUPPORTING,0.706,NORMAL,NONE,TRAIN,True,MIXED,ACTIVE,2026-03-20,2026-08-13
0.016,SUSPECTED,SUPPORTING,0.831,NORMAL,NONE,TRAIN,True,CRIMINAL,ACTIVE,2026-05-31,2026-09-29
0.356,CONFIRMED,SUPPORTING,0.949,NORMAL,NONE,TRAIN,True,CRIMINAL,ACTIVE,2026-03-30,2026-09-18
0.2,FALSE,CONTRADICTING,0.121,NORMAL,NONE,TRAIN,True,MIXED,ACTIVE,2026-06-25,2026-10-27
0.407,UNKNOWN,NEUTRAL,0.286,SHARED_DEVICE,NONE,TEST,True,AMBIGUOUS,ACTIVE,2026-03-17,2026-06-04
0.251,SUSPECTED,SUPPORTING,0.807,NORMAL,NONE,TRAIN,True,MIXED,ACTIVE,2026-03-31,2026-07-24
0.19,CONFIRMED,SUPPORTING,0.978,NORMAL,NONE,TEST,True,AMBIGUOUS,ACTIVE,2026-06-20,2026-09-17
0.127,SUSPECTED,SUPPORTING,0.676,NORMAL,NONE,TRAIN,True,CRIMINAL,ACTIVE,2026-05-21,2026-09-12
0.794,UNKNOWN,NEUTRAL,0.51,NORMAL,NONE,VALIDATION,True,LEGITIMATE,ACTIVE,2026-05-12,2026-09-10
0.114,UNKNOWN,NEUTRAL,0.34,NORMAL,COLLECTIVE_ANOMALY,TRAIN,True,CRIMINAL,ACTIVE,2025-12-31,2026-03-04
0.17,SUSPECTED,SUPPORTING,0.639,NORMAL,NONE,TRAIN,True,CRIMINAL,ACTIVE,2025-11-19,2026-04-07
0.317,CONFIRMED,SUPPORTING,0.935,NORMAL,NONE,TRAIN,True,MIXED,ACTIVE,2026-02-26,2026-06-30
0.591,SUSPECTED,SUPPORTING,0.822,NORMAL,COLLECTIVE_ANOMALY,TRAIN,True,CRIMINAL,ACTIVE,2025-10-11,2026-02-27
0.119,SUSPECTED,SUPPORTING,0.705,NORMAL,COLLECTIVE_ANOMALY,TRAIN,True,CRIMINAL,ACTIVE,2026-05-11,2026-08-08
0.39,UNKNOWN,NEUTRAL,0.526,NORMAL,NONE,TRAIN,True,CRIMINAL,ACTIVE,2025-10-11,2026-04-13
0.509,FALSE,CONTRADICTING,0.253,NORMAL,NONE,TRAIN,True,CRIMINAL,ACTIVE,2025-12-31,2026-05-20
0.27,SUSPECTED,SUPPORTING,0.827,NORMAL,NONE,TEST,True,AMBIGUOUS,ACTIVE,2025-09-11,2026-02-09
0.278,UNKNOWN,NEUTRAL,0.267,NORMAL,NONE,TEST,True,AMBIGUOUS,ACTIVE,2026-06-08,2026-09-30
0.188,SUSPECTED,SUPPORTING,0.594,NORMAL,NONE,TRAIN,True,MIXED,ACTIVE,2026-02-22,2026-07-19
0.195,FALSE,CONTRADICTING,0.153,NORMAL,NONE,VALIDATION,True,LEGITIMATE,ACTIVE,2026-04-04,2026-07-07
0.382,UNKNOWN,NEUTRAL,0.373,NORMAL,NONE,TEST,True,AMBIGUOUS,ACTIVE,2026-01-16,2026-05-25
0.843,FALSE,CONTRADICTING,0.183,NORMAL,RELATIONAL_ANOMALY,TEST,True,AMBIGUOUS,ACTIVE,2025-12-23,2026-03-23
0.377,SUSPECTED,SUPPORTING,0.755,NORMAL,CONTEXTUAL_ANOMALY,TEST,True,AMBIGUOUS,ACTIVE,2026-05-23,2026-09-07
0.561,SUSPECTED,SUPPORTING,0.712,RECYCLED_SIM,NONE,TRAIN,True,CRIMINAL,ACTIVE,2025-12-27,2026-03-03
0.2,UNKNOWN,NEUTRAL,0.261,RECYCLED_SIM,POINT_ANOMALY,TEST,True,AMBIGUOUS,ACTIVE,2026-05-11,2026-09-06
0.23,CONFIRMED,SUPPORTING,0.897,NORMAL,NONE,TRAIN,True,CRIMINAL,ACTIVE,2025-11-24,2026-04-25
0.512,UNKNOWN,NEUTRAL,0.52,NORMAL,NONE,TRAIN,True,CRIMINAL,ACTIVE,2026-04-27,2026-08-26
0.092,FALSE,CONTRADICTING,0.306,NORMAL,NONE,VALIDATION,True,LEGITIMATE,ACTIVE,2026-05-01,2026-07-20
0.798,UNKNOWN,NEUTRAL,0.266,NORMAL,NONE,TRAIN,True,MIXED,ACTIVE,2025-10-19,2026-02-19
0.534,UNKNOWN,NEUTRAL,0.362,NORMAL,NONE,TRAIN,True,MIXED,ACTIVE,2025-10-06,2026-03-04
0.142,CONFIRMED,SUPPORTING,0.93,RECYCLED_SIM,NONE,TRAIN,True,MIXED,ACTIVE,2025-12-19,2026-05-05
0.65,UNKNOWN,NEUTRAL,0.438,NORMAL,NONE,VALIDATION,True,LEGITIMATE,ACTIVE,2026-05-15,2026-08-28
0.499,CONFIRMED,SUPPORTING,0.976,NORMAL,NONE,TEST,True,AMBIGUOUS,ACTIVE,2026-02-09,2026-04-25
0.474,UNKNOWN,NEUTRAL,0.525,NORMAL,NONE,VALIDATION,True,LEGITIMATE,ACTIVE,2026-02-26,2026-04-16
0.539,CONFIRMED,SUPPORTING,0.821,NORMAL,NONE,TRAIN,True,LEGITIMATE,ACTIVE,2026-04-15,2026-08-06
0.477,FALSE,CONTRADICTING,0.192,NORMAL,NONE,TRAIN,True,CRIMINAL,ACTIVE,2026-03-09,2026-04-25
0.391,FALSE,CONTRADICTING,0.232,NORMAL,NONE,TEST,True,AMBIGUOUS,ACTIVE,2026-01-09,2026-03-19
0.58,SUSPECTED,SUPPORTING,0.675,NORMAL,NONE,TRAIN,True,CRIMINAL,ACTIVE,2025-11-18,2026-02-16
0.089,SUSPECTED,SUPPORTING,0.787,NORMAL,NONE,TRAIN,True,MIXED,ACTIVE,2026-05-12,2026-08-21
0.69,CONFIRMED,SUPPORTING,0.884,NORMAL,NONE,TRAIN,True,CRIMINAL,ACTIVE,2026-05-22,2026-10-17
0.7,SUSPECTED,SUPPORTING,0.605,NORMAL,NONE,TRAIN,True,CRIMINAL,ACTIVE,2025-12-18,2026-04-30
0.536,SUSPECTED,SUPPORTING,0.82,NORMAL,NONE,TRAIN,True,CRIMINAL,ACTIVE,2026-04-28,2026-09-03
0.471,SUSPECTED,SUPPORTING,0.851,DUPLICATE,TEMPORAL_ANOMALY,TRAIN,True,CRIMINAL,ACTIVE,2026-06-07,2026-08-14
0.592,FALSE,CONTRADICTING,0.21,NORMAL,POINT_ANOMALY,VALIDATION,True,LEGITIMATE,ACTIVE,2025-11-01,2026-04-28
0.88,FALSE,CONTRADICTING,0.36,NORMAL,NONE,TRAIN,True,CRIMINAL,ACTIVE,2026-05-04,2026-07-16
0.528,CONFIRMED,SUPPORTING,0.962,NORMAL,NONE,TRAIN,True,CRIMINAL,ACTIVE,2026-01-26,2026-05-19
0.675,CONFIRMED,SUPPORTING,0.853,NORMAL,NONE,TRAIN,True,MIXED,ACTIVE,2026-04-11,2026-08-16
0.475,SUSPECTED,SUPPORTING,0.592,NORMAL,NONE,TRAIN,True,CRIMINAL,ACTIVE,2025-11-08,2026-03-05
0.585,SUSPECTED,SUPPORTING,0.712,NORMAL,NONE,TEST,True,AMBIGUOUS,ACTIVE,2026-04-04,2026-08-27
0.573,CONFIRMED,SUPPORTING,0.94,NORMAL,CONTEXTUAL_ANOMALY,TRAIN,True,CRIMINAL,ACTIVE,2026-04-28,2026-07-27
0.219,SUSPECTED,SUPPORTING,0.786,NORMAL,NONE,VALIDATION,True,LEGITIMATE,ACTIVE,2026-01-30,2026-05-15
0.389,CONFIRMED,SUPPORTING,0.928,NORMAL,NONE,TRAIN,True,CRIMINAL,ACTIVE,2026-04-17,2026-09-20
0.392,FALSE,CONTRADICTING,0.374,NORMAL,NONE,TRAIN,True,CRIMINAL,ACTIVE,2026-03-11,2026-07-16
0.137,FALSE,CONTRADICTING,0.268,NORMAL,NONE,TRAIN,True,MIXED,ACTIVE,2026-04-12,2026-07-07
0.359,CONFIRMED,SUPPORTING,0.882,NORMAL,NONE,TRAIN,True,MIXED,ACTIVE,2026-01-28,2026-04-27
0.426,CONFIRMED,SUPPORTING,0.871,NORMAL,CONTEXTUAL_ANOMALY,TRAIN,True,CRIMINAL,ACTIVE,2026-05-19,2026-09-21
0.365,SUSPECTED,SUPPORTING,0.821,DUPLICATE,NONE,TRAIN,True,MIXED,ACTIVE,2026-04-16,2026-08-02
0.257,CONFIRMED,SUPPORTING,0.835,NORMAL,NONE,TRAIN,True,CRIMINAL,ACTIVE,2026-02-22,2026-05-09
0.379,UNKNOWN,NEUTRAL,0.417,NORMAL,NONE,TRAIN,True,CRIMINAL,ACTIVE,2026-06-12,2026-08-09
0.256,UNKNOWN,NEUTRAL,0.537,NORMAL,NONE,TRAIN,True,MIXED,ACTIVE,2025-12-28,2026-04-29
0.177,SUSPECTED,SUPPORTING,0.6,NORMAL,NONE,VALIDATION,True,LEGITIMATE,ACTIVE,2026-03-23,2026-08-31
0.806,UNKNOWN,NEUTRAL,0.382,NORMAL,NONE,TRAIN,True,MIXED,ACTIVE,2025-11-09,2026-03-28
0.685,CONFIRMED,SUPPORTING,0.854,NORMAL,NONE,TRAIN,True,MIXED,ACTIVE,2026-05-18,2026-08-07
0.394,CONFIRMED,SUPPORTING,0.856,NORMAL,NONE,TRAIN,True,CRIMINAL,ACTIVE,2026-01-19,2026-06-21
0.267,UNKNOWN,NEUTRAL,0.201,NORMAL,NONE,TRAIN,True,CRIMINAL,ACTIVE,2025-09-29,2026-02-20
0.166,UNKNOWN,NEUTRAL,0.544,NORMAL,NONE,TRAIN,True,CRIMINAL,ACTIVE,2026-02-10,2026-07-18
0.328,SUSPECTED,SUPPORTING,0.764,NORMAL,NONE,TRAIN,True,CRIMINAL,ACTIVE,2025-11-03,2026-03-24
0.167,CONFIRMED,SUPPORTING,0.871,NORMAL,NONE,VALIDATION,True,LEGITIMATE,ACTIVE,2026-06-03,2026-08-18
0.356,FALSE,CONTRADICTING,0.397,NORMAL,POINT_ANOMALY,TRAIN,True,MIXED,ACTIVE,2025-12-20,2026-05-27
0.375,CONFIRMED,SUPPORTING,0.965,NORMAL,NONE,TEST,True,AMBIGUOUS,ACTIVE,2025-12-03,2026-05-16
0.551,SUSPECTED,SUPPORTING,0.78,NORMAL,POINT_ANOMALY,TRAIN,True,MIXED,ACTIVE,2026-01-27,2026-03-17
0.476,CONFIRMED,SUPPORTING,0.9,NORMAL,NONE,TRAIN,True,MIXED,ACTIVE,2025-11-29,2026-06-03
0.641,CONFIRMED,SUPPORTING,0.836,NORMAL,NONE,TRAIN,True,CRIMINAL,ACTIVE,2026-06-10,2026-08-14
0.395,CONFIRMED,SUPPORTING,0.981,NORMAL,NONE,TRAIN,True,CRIMINAL,ACTIVE,2026-01-14,2026-04-18
0.559,FALSE,CONTRADICTING,0.32,NORMAL,CONTEXTUAL_ANOMALY,TRAIN,True,CRIMINAL,ACTIVE,2025-12-31,2026-03-16
0.41,FALSE,CONTRADICTING,0.199,NORMAL,NONE,TRAIN,True,CRIMINAL,ACTIVE,2026-06-30,2026-10-02
0.545,FALSE,CONTRADICTING,0.249,NORMAL,NONE,TRAIN,True,CRIMINAL,ACTIVE,2026-02-12,2026-06-16
0.155,UNKNOWN,NEUTRAL,0.355,NORMAL,POINT_ANOMALY,VALIDATION,True,LEGITIMATE,ACTIVE,2026-01-24,2026-07-16
0.09,SUSPECTED,SUPPORTING,0.805,NORMAL,NONE,TRAIN,True,MIXED,ACTIVE,2026-02-14,2026-08-17
0.561,CONFIRMED,SUPPORTING,0.82,NORMAL,NONE,TRAIN,True,CRIMINAL,ACTIVE,2026-04-07,2026-09-03
0.405,SUSPECTED,SUPPORTING,0.703,NORMAL,NONE,TEST,True,AMBIGUOUS,ACTIVE,2025-11-04,2026-05-15
0.294,UNKNOWN,NEUTRAL,0.508,NORMAL,NONE,VALIDATION,True,LEGITIMATE,ACTIVE,2026-04-24,2026-10-02
0.451,FALSE,CONTRADICTING,0.346,NORMAL,NONE,TRAIN,True,MIXED,ACTIVE,2025-12-20,2026-04-11
0.077,SUSPECTED,SUPPORTING,0.664,NORMAL,NONE,TRAIN,True,MIXED,ACTIVE,2025-12-02,2026-03-28
0.387,UNKNOWN,NEUTRAL,0.285,NORMAL,COLLECTIVE_ANOMALY,VALIDATION,True,LEGITIMATE,ACTIVE,2026-02-26,2026-09-04
0.289,CONFIRMED,SUPPORTING,0.835,NORMAL,NONE,TRAIN,True,MIXED,ACTIVE,2026-03-21,2026-09-26
0.224,SUSPECTED,SUPPORTING,0.787,NORMAL,NONE,TEST,True,AMBIGUOUS,ACTIVE,2025-11-30,2026-03-24
0.36,UNKNOWN,NEUTRAL,0.378,NORMAL,NONE,TRAIN,True,MIXED,ACTIVE,2026-06-05,2026-07-20
0.325,UNKNOWN,NEUTRAL,0.3,NORMAL,NONE,TRAIN,True,CRIMINAL,ACTIVE,2025-12-25,2026-06-11
0.595,UNKNOWN,NEUTRAL,0.436,NORMAL,NONE,TEST,True,AMBIGUOUS,ACTIVE,2026-04-01,2026-06-19
0.907,CONFIRMED,SUPPORTING,0.83,NORMAL,POINT_ANOMALY,VALIDATION,True,LEGITIMATE,ACTIVE,2026-01-19,2026-03-22
0.406,SUSPECTED,SUPPORTING,0.816,NORMAL,NONE,TRAIN,True,CRIMINAL,ACTIVE,2025-12-25,2026-03-13
0.161,UNKNOWN,NEUTRAL,0.532,NORMAL,TEMPORAL_ANOMALY,TEST,True,AMBIGUOUS,ACTIVE,2026-01-04,2026-06-18
0.653,UNKNOWN,NEUTRAL,0.459,NORMAL,NONE,VALIDATION,True,LEGITIMATE,ACTIVE,2025-12-27,2026-02-21
0.154,FALSE,CONTRADICTING,0.161,DUPLICATE,NONE,TRAIN,True,CRIMINAL,ACTIVE,2026-01-01,2026-04-16
0.251,UNKNOWN,NEUTRAL,0.355,NORMAL,NONE,VALIDATION,True,LEGITIMATE,ACTIVE,2025-11-23,2026-04-19
0.571,UNKNOWN,NEUTRAL,0.38,NORMAL,COLLECTIVE_ANOMALY,TRAIN,True,MIXED,ACTIVE,2025-11-10,2026-03-21
0.059,CONFIRMED,SUPPORTING,0.821,SHARED_DEVICE,NONE,TRAIN,True,CRIMINAL,ACTIVE,2026-02-12,2026-05-15
0.338,SUSPECTED,SUPPORTING,0.852,NORMAL,CONTEXTUAL_ANOMALY,VALIDATION,True,LEGITIMATE,ACTIVE,2026-01-09,2026-03-27
0.62,SUSPECTED,SUPPORTING,0.831,NORMAL,POINT_ANOMALY,TRAIN,True,CRIMINAL,ACTIVE,2026-07-01,2026-08-09
0.16,UNKNOWN,NEUTRAL,0.393,NORMAL,NONE,TRAIN,True,CRIMINAL,ACTIVE,2026-03-17,2026-05-16
0.19,FALSE,CONTRADICTING,0.207,DUPLICATE,NONE,TRAIN,True,MIXED,ACTIVE,2026-07-04,2026-09-05
0.34,FALSE,CONTRADICTING,0.171,NORMAL,NONE,TRAIN,True,CRIMINAL,ACTIVE,2026-04-09,2026-10-19
0.63,UNKNOWN,NEUTRAL,0.254,RECYCLED_SIM,RELATIONAL_ANOMALY,TRAIN,True,LEGITIMATE,ACTIVE,2026-01-04,2026-03-05
0.115,FALSE,CONTRADICTING,0.326,NORMAL,NONE,TEST,True,AMBIGUOUS,ACTIVE,2026-04-23,2026-09-07
0.404,UNKNOWN,NEUTRAL,0.527,NORMAL,NONE,TEST,True,AMBIGUOUS,ACTIVE,2026-05-02,2026-07-14
0.505,SUSPECTED,SUPPORTING,0.665,NORMAL,NONE,TRAIN,True,CRIMINAL,ACTIVE,2026-03-15,2026-05-29
0.828,UNKNOWN,NEUTRAL,0.203,NORMAL,NONE,TRAIN,True,MIXED,ACTIVE,2025-12-06,2026-03-25
0.497,CONFIRMED,SUPPORTING,0.95,NORMAL,RELATIONAL_ANOMALY,TEST,True,AMBIGUOUS,ACTIVE,2026-03-05,2026-06-08
0.06,UNKNOWN,NEUTRAL,0.401,NORMAL,POINT_ANOMALY,TRAIN,True,MIXED,ACTIVE,2026-05-21,2026-10-12
0.214,SUSPECTED,SUPPORTING,0.753,NORMAL,NONE,TRAIN,True,MIXED,ACTIVE,2026-04-26,2026-10-16
0.307,FALSE,CONTRADICTING,0.401,RECYCLED_SIM,NONE,TRAIN,True,MIXED,ACTIVE,2026-01-23,2026-06-03
0.523,FALSE,CONTRADICTING,0.378,NORMAL,NONE,TRAIN,True,MIXED,ACTIVE,2025-12-28,2026-05-05
0.355,CONFIRMED,SUPPORTING,0.881,NORMAL,NONE,TEST,True,AMBIGUOUS,ACTIVE,2025-10-12,2026-02-08
0.19,SUSPECTED,SUPPORTING,0.761,NORMAL,NONE,TEST,True,AMBIGUOUS,ACTIVE,2025-10-18,2026-02-14
0.442,UNKNOWN,NEUTRAL,0.405,NORMAL,NONE,TEST,True,AMBIGUOUS,ACTIVE,2026-01-09,2026-04-11
0.229,UNKNOWN,NEUTRAL,0.537,NORMAL,NONE,TRAIN,True,CRIMINAL,ACTIVE,2026-04-07,2026-05-21
0.502,CONFIRMED,SUPPORTING,0.864,NORMAL,POINT_ANOMALY,TRAIN,True,LEGITIMATE,ACTIVE,2026-01-01,2026-05-23
0.306,CONFIRMED,SUPPORTING,0.852,NORMAL,CONTEXTUAL_ANOMALY,TRAIN,True,MIXED,ACTIVE,2025-11-10,2026-04-22
0.359,UNKNOWN,NEUTRAL,0.531,NORMAL,NONE,TEST,True,AMBIGUOUS,ACTIVE,2026-01-12,2026-04-06
0.724,SUSPECTED,SUPPORTING,0.661,NORMAL,NONE,TRAIN,True,CRIMINAL,ACTIVE,2026-01-19,2026-06-28
0.24,CONFIRMED,SUPPORTING,0.938,NORMAL,CONTEXTUAL_ANOMALY,VALIDATION,True,LEGITIMATE,ACTIVE,2026-04-13,2026-10-07
0.068,CONFIRMED,SUPPORTING,0.983,NORMAL,NONE,TEST,True,AMBIGUOUS,ACTIVE,2026-05-10,2026-07-09
0.508,CONFIRMED,SUPPORTING,0.939,NORMAL,NONE,TRAIN,True,MIXED,ACTIVE,2026-01-12,2026-06-09
0.265,UNKNOWN,NEUTRAL,0.281,NORMAL,NONE,TEST,True,AMBIGUOUS,ACTIVE,2026-08-05,2026-09-28
0.152,FALSE,CONTRADICTING,0.193,NORMAL,RELATIONAL_ANOMALY,VALIDATION,True,LEGITIMATE,ACTIVE,2026-04-29,2026-07-28
0.571,CONFIRMED,SUPPORTING,0.852,NORMAL,NONE,TRAIN,True,CRIMINAL,ACTIVE,2025-10-30,2026-02-21
0.589,FALSE,CONTRADICTING,0.265,NORMAL,NONE,TRAIN,True,CRIMINAL,ACTIVE,2026-07-07,2026-09-09
0.352,CONFIRMED,SUPPORTING,0.955,NORMAL,NONE,TRAIN,True,CRIMINAL,ACTIVE,2026-03-30,2026-06-17
0.475,UNKNOWN,NEUTRAL,0.239,STALE_DEVICE,NONE,TRAIN,True,MIXED,ACTIVE,2026-02-20,2026-06-26
0.553,FALSE,CONTRADICTING,0.287,DUPLICATE,TEMPORAL_ANOMALY,TEST,True,AMBIGUOUS,ACTIVE,2025-12-09,2026-03-20
0.559,SUSPECTED,SUPPORTING,0.7,NORMAL,NONE,TRAIN,True,CRIMINAL,ACTIVE,2026-05-22,2026-07-06
0.346,SUSPECTED,SUPPORTING,0.724,NORMAL,NONE,TRAIN,True,CRIMINAL,ACTIVE,2026-02-19,2026-06-13
0.067,SUSPECTED,SUPPORTING,0.607,NORMAL,NONE,TRAIN,True,CRIMINAL,ACTIVE,2026-01-16,2026-03-15
0.304,CONFIRMED,SUPPORTING,0.982,NORMAL,POINT_ANOMALY,TRAIN,True,CRIMINAL,ACTIVE,2026-03-23,2026-06-10
0.666,CONFIRMED,SUPPORTING,0.869,NORMAL,NONE,TRAIN,True,CRIMINAL,ACTIVE,2026-04-19,2026-05-31
0.298,CONFIRMED,SUPPORTING,0.901,NORMAL,NONE,TRAIN,True,CRIMINAL,ACTIVE,2026-02-23,2026-05-03
0.131,SUSPECTED,SUPPORTING,0.591,NORMAL,NONE,TRAIN,True,CRIMINAL,ACTIVE,2026-03-02,2026-08-13
0.37,SUSPECTED,SUPPORTING,0.78,NORMAL,NONE,VALIDATION,True,LEGITIMATE,ACTIVE,2026-01-16,2026-03-19
0.604,FALSE,CONTRADICTING,0.238,NORMAL,NONE,TRAIN,True,CRIMINAL,ACTIVE,2026-06-01,2026-08-28
0.045,UNKNOWN,NEUTRAL,0.313,NORMAL,NONE,TRAIN,True,MIXED,ACTIVE,2026-05-30,2026-09-05
0.336,SUSPECTED,SUPPORTING,0.84,NORMAL,NONE,TRAIN,True,CRIMINAL,ACTIVE,2026-02-14,2026-06-25
0.636,CONFIRMED,SUPPORTING,0.916,NORMAL,NONE,TRAIN,True,MIXED,ACTIVE,2026-04-13,2026-09-16
0.104,SUSPECTED,SUPPORTING,0.765,NORMAL,NONE,VALIDATION,True,LEGITIMATE,ACTIVE,2026-03-29,2026-06-23
0.226,SUSPECTED,SUPPORTING,0.726,NORMAL,NONE,TRAIN,True,CRIMINAL,ACTIVE,2026-01-16,2026-06-25
0.143,FALSE,CONTRADICTING,0.34,DUPLICATE,COLLECTIVE_ANOMALY,TRAIN,True,MIXED,ACTIVE,2026-05-12,2026-09-20
0.292,FALSE,CONTRADICTING,0.341,NORMAL,NONE,VALIDATION,True,LEGITIMATE,ACTIVE,2025-11-04,2026-05-25
0.246,SUSPECTED,SUPPORTING,0.828,NORMAL,NONE,TRAIN,True,CRIMINAL,ACTIVE,2026-06-04,2026-07-18
0.326,CONFIRMED,SUPPORTING,0.986,DUPLICATE,TEMPORAL_ANOMALY,TRAIN,True,MIXED,ACTIVE,2025-12-29,2026-03-13
0.484,UNKNOWN,NEUTRAL,0.254,NORMAL,NONE,TRAIN,True,CRIMINAL,ACTIVE,2025-12-29,2026-04-28
0.127,SUSPECTED,SUPPORTING,0.647,NORMAL,NONE,TRAIN,True,MIXED,ACTIVE,2025-10-23,2026-03-06
0.467,CONFIRMED,SUPPORTING,0.861,NORMAL,NONE,TRAIN,True,CRIMINAL,ACTIVE,2025-12-07,2026-05-20
0.58,SUSPECTED,SUPPORTING,0.61,NORMAL,POINT_ANOMALY,TRAIN,True,MIXED,ACTIVE,2026-03-05,2026-04-06
0.764,SUSPECTED,SUPPORTING,0.826,NORMAL,NONE,TRAIN,True,CRIMINAL,ACTIVE,2026-03-22,2026-09-15
0.854,FALSE,CONTRADICTING,0.26,NORMAL,NONE,VALIDATION,True,LEGITIMATE,ACTIVE,2026-03-01,2026-05-08
0.146,SUSPECTED,SUPPORTING,0.636,NORMAL,COLLECTIVE_ANOMALY,TRAIN,True,MIXED,ACTIVE,2025-09-23,2026-04-03
0.386,UNKNOWN,NEUTRAL,0.354,NORMAL,NONE,TRAIN,True,MIXED,ACTIVE,2025-11-04,2026-03-30
0.129,SUSPECTED,SUPPORTING,0.695,NORMAL,NONE,TRAIN,True,MIXED,ACTIVE,2026-05-25,2026-10-16
0.516,SUSPECTED,SUPPORTING,0.736,NORMAL,CONTEXTUAL_ANOMALY,TRAIN,True,CRIMINAL,ACTIVE,2026-01-02,2026-07-18
0.442,SUSPECTED,SUPPORTING,0.834,NORMAL,TEMPORAL_ANOMALY,TRAIN,True,CRIMINAL,ACTIVE,2026-02-09,2026-05-29
0.211,SUSPECTED,SUPPORTING,0.639,NORMAL,NONE,TRAIN,True,MIXED,ACTIVE,2025-12-24,2026-04-25
0.344,SUSPECTED,SUPPORTING,0.701,NORMAL,NONE,TRAIN,True,MIXED,ACTIVE,2026-01-14,2026-04-28
0.721,SUSPECTED,SUPPORTING,0.582,NORMAL,NONE,TRAIN,True,CRIMINAL,ACTIVE,2026-01-19,2026-07-08
0.243,UNKNOWN,NEUTRAL,0.382,NORMAL,NONE,VALIDATION,True,LEGITIMATE,ACTIVE,2025-10-11,2026-04-12
0.476,UNKNOWN,NEUTRAL,0.271,NORMAL,CONTEXTUAL_ANOMALY,VALIDATION,True,LEGITIMATE,ACTIVE,2025-10-08,2026-02-14
0.263,CONFIRMED,SUPPORTING,0.938,NORMAL,NONE,TRAIN,True,MIXED,ACTIVE,2026-04-16,2026-08-08
0.286,CONFIRMED,SUPPORTING,0.924,NORMAL,NONE,TRAIN,True,CRIMINAL,ACTIVE,2026-06-18,2026-09-14
0.711,CONFIRMED,SUPPORTING,0.967,NORMAL,NONE,TRAIN,True,CRIMINAL,ACTIVE,2026-03-04,2026-04-09
0.313,CONFIRMED,SUPPORTING,0.977,NORMAL,NONE,TRAIN,True,CRIMINAL,ACTIVE,2026-01-13,2026-05-20
0.258,UNKNOWN,NEUTRAL,0.427,NORMAL,NONE,TRAIN,True,CRIMINAL,ACTIVE,2026-03-17,2026-08-01
0.26,SUSPECTED,SUPPORTING,0.725,NORMAL,NONE,TRAIN,True,MIXED,ACTIVE,2026-05-30,2026-07-19
0.628,CONFIRMED,SUPPORTING,0.953,NORMAL,NONE,TRAIN,True,LEGITIMATE,ACTIVE,2026-03-06,2026-07-19
0.578,CONFIRMED,SUPPORTING,0.827,NORMAL,CONTEXTUAL_ANOMALY,TRAIN,True,CRIMINAL,ACTIVE,2026-02-16,2026-05-26
0.416,SUSPECTED,SUPPORTING,0.7,NORMAL,POINT_ANOMALY,TRAIN,True,MIXED,ACTIVE,2026-03-18,2026-07-14
0.814,FALSE,CONTRADICTING,0.271,NORMAL,RELATIONAL_ANOMALY,TRAIN,True,CRIMINAL,ACTIVE,2026-03-16,2026-08-06
0.643,SUSPECTED,SUPPORTING,0.694,NORMAL,NONE,TRAIN,True,CRIMINAL,ACTIVE,2026-05-05,2026-07-30
0.445,FALSE,CONTRADICTING,0.197,NORMAL,NONE,TRAIN,True,CRIMINAL,ACTIVE,2026-01-15,2026-07-09
0.447,SUSPECTED,SUPPORTING,0.616,NORMAL,NONE,TRAIN,True,MIXED,ACTIVE,2026-04-22,2026-10-22
0.189,CONFIRMED,SUPPORTING,0.92,NORMAL,NONE,VALIDATION,True,LEGITIMATE,ACTIVE,2025-10-19,2026-03-20
0.378,UNKNOWN,NEUTRAL,0.25,NORMAL,CONTEXTUAL_ANOMALY,VALIDATION,True,LEGITIMATE,ACTIVE,2025-11-04,2026-03-13
0.523,SUSPECTED,SUPPORTING,0.638,NORMAL,NONE,TRAIN,True,MIXED,ACTIVE,2026-01-22,2026-05-19
0.4,CONFIRMED,SUPPORTING,0.899,NORMAL,NONE,TRAIN,True,CRIMINAL,ACTIVE,2026-02-26,2026-09-02
0.391,SUSPECTED,SUPPORTING,0.717,NORMAL,NONE,TRAIN,True,CRIMINAL,ACTIVE,2025-11-13,2026-03-21
0.238,CONFIRMED,SUPPORTING,0.915,NORMAL,RELATIONAL_ANOMALY,TRAIN,True,MIXED,ACTIVE,2026-06-01,2026-07-12
0.039,SUSPECTED,SUPPORTING,0.804,NORMAL,NONE,TRAIN,True,MIXED,ACTIVE,2026-03-30,2026-08-01
0.848,CONFIRMED,SUPPORTING,0.867,NORMAL,NONE,TRAIN,True,CRIMINAL,ACTIVE,2026-06-19,2026-10-30
0.259,CONFIRMED,SUPPORTING,0.945,NORMAL,CONTEXTUAL_ANOMALY,TRAIN,True,CRIMINAL,ACTIVE,2026-04-14,2026-08-20
0.797,CONFIRMED,SUPPORTING,0.98,NORMAL,NONE,TRAIN,True,CRIMINAL,ACTIVE,2026-01-06,2026-03-15
0.248,CONFIRMED,SUPPORTING,0.956,NORMAL,NONE,TRAIN,True,CRIMINAL,ACTIVE,2026-01-03,2026-04-02
0.063,SUSPECTED,SUPPORTING,0.73,NORMAL,NONE,TRAIN,True,MIXED,ACTIVE,2026-05-17,2026-08-21
0.516,CONFIRMED,SUPPORTING,0.938,NORMAL,NONE,TRAIN,True,CRIMINAL,ACTIVE,2026-05-01,2026-08-11
0.226,FALSE,CONTRADICTING,0.273,NORMAL,NONE,VALIDATION,True,LEGITIMATE,ACTIVE,2025-11-18,2026-03-01
0.381,FALSE,CONTRADICTING,0.318,NORMAL,RELATIONAL_ANOMALY,VALIDATION,True,LEGITIMATE,ACTIVE,2026-02-01,2026-05-21
0.648,UNKNOWN,NEUTRAL,0.334,NORMAL,NONE,VALIDATION,True,LEGITIMATE,ACTIVE,2026-01-21,2026-04-11
0.262,CONFIRMED,SUPPORTING,0.911,NORMAL,NONE,TRAIN,True,MIXED,ACTIVE,2026-04-20,2026-08-14
0.081,UNKNOWN,NEUTRAL,0.265,NORMAL,NONE,TRAIN,True,CRIMINAL,ACTIVE,2025-10-30,2026-03-03
0.169,UNKNOWN,NEUTRAL,0.447,NORMAL,COLLECTIVE_ANOMALY,TEST,True,AMBIGUOUS,ACTIVE,2025-11-07,2026-02-12
0.216,SUSPECTED,SUPPORTING,0.663,SHARED_DEVICE,NONE,TRAIN,True,MIXED,ACTIVE,2026-06-07,2026-09-08
0.036,CONFIRMED,SUPPORTING,0.927,NORMAL,NONE,TRAIN,True,MIXED,ACTIVE,2025-11-20,2026-03-10
0.149,CONFIRMED,SUPPORTING,0.976,NORMAL,POINT_ANOMALY,TRAIN,True,CRIMINAL,ACTIVE,2026-06-03,2026-08-09
0.29,SUSPECTED,SUPPORTING,0.769,NORMAL,RELATIONAL_ANOMALY,TRAIN,True,CRIMINAL,ACTIVE,2026-05-27,2026-08-19
0.857,SUSPECTED,SUPPORTING,0.633,NORMAL,NONE,TEST,True,AMBIGUOUS,ACTIVE,2025-12-12,2026-05-29
0.417,SUSPECTED,SUPPORTING,0.857,NORMAL,NONE,TRAIN,True,CRIMINAL,ACTIVE,2025-12-22,2026-06-09
0.166,UNKNOWN,NEUTRAL,0.388,NORMAL,NONE,TRAIN,True,LEGITIMATE,ACTIVE,2026-03-06,2026-08-16
0.128,FALSE,CONTRADICTING,0.226,NORMAL,NONE,TRAIN,True,MIXED,ACTIVE,2026-02-12,2026-07-11
0.42,FALSE,CONTRADICTING,0.128,NORMAL,NONE,TRAIN,True,CRIMINAL,ACTIVE,2026-05-07,2026-09-26
0.481,FALSE,CONTRADICTING,0.308,RECYCLED_SIM,NONE,TEST,True,AMBIGUOUS,ACTIVE,2025-10-05,2026-04-16
0.23,CONFIRMED,SUPPORTING,0.854,NORMAL,NONE,TRAIN,True,CRIMINAL,ACTIVE,2026-04-10,2026-10-05
0.302,FALSE,CONTRADICTING,0.202,NORMAL,NONE,TRAIN,True,MIXED,ACTIVE,2026-04-14,2026-08-18
0.39,CONFIRMED,SUPPORTING,0.975,NORMAL,NONE,TRAIN,True,CRIMINAL,ACTIVE,2026-04-12,2026-06-15
0.658,UNKNOWN,NEUTRAL,0.212,NORMAL,NONE,VALIDATION,True,LEGITIMATE,ACTIVE,2025-12-11,2026-03-14
0.574,CONFIRMED,SUPPORTING,0.923,NORMAL,NONE,TRAIN,True,CRIMINAL,ACTIVE,2026-04-08,2026-08-13
0.018,UNKNOWN,NEUTRAL,0.384,NORMAL,NONE,VALIDATION,True,LEGITIMATE,ACTIVE,2026-05-02,2026-06-19
0.375,UNKNOWN,NEUTRAL,0.532,NORMAL,NONE,TRAIN,True,MIXED,ACTIVE,2026-05-12,2026-10-10
0.279,CONFIRMED,SUPPORTING,0.877,NORMAL,NONE,TRAIN,True,MIXED,ACTIVE,2026-06-09,2026-08-04
0.576,FALSE,CONTRADICTING,0.172,NORMAL,NONE,TEST,True,AMBIGUOUS,ACTIVE,2026-05-05,2026-06-18
0.152,SUSPECTED,SUPPORTING,0.665,NORMAL,POINT_ANOMALY,VALIDATION,True,LEGITIMATE,ACTIVE,2026-02-09,2026-07-07
0.247,SUSPECTED,SUPPORTING,0.667,NORMAL,NONE,TRAIN,True,CRIMINAL,ACTIVE,2025-10-05,2026-03-19
0.426,UNKNOWN,NEUTRAL,0.485,NORMAL,COLLECTIVE_ANOMALY,TRAIN,True,CRIMINAL,ACTIVE,2026-03-18,2026-06-06
0.164,SUSPECTED,SUPPORTING,0.648,NORMAL,NONE,TRAIN,True,CRIMINAL,ACTIVE,2026-01-02,2026-05-12
0.441,UNKNOWN,NEUTRAL,0.207,NORMAL,NONE,TRAIN,True,LEGITIMATE,ACTIVE,2025-12-07,2026-04-07
0.801,UNKNOWN,NEUTRAL,0.462,NORMAL,NONE,TRAIN,True,MIXED,ACTIVE,2026-06-05,2026-09-23
0.393,CONFIRMED,SUPPORTING,0.948,DUPLICATE,NONE,TRAIN,True,MIXED,ACTIVE,2026-03-27,2026-08-16
0.398,CONFIRMED,SUPPORTING,0.845,NORMAL,NONE,TRAIN,True,MIXED,ACTIVE,2025-11-24,2026-02-16
0.164,SUSPECTED,SUPPORTING,0.616,NORMAL,NONE,TEST,True,AMBIGUOUS,ACTIVE,2026-02-05,2026-05-27
0.289,FALSE,CONTRADICTING,0.183,NORMAL,NONE,VALIDATION,True,LEGITIMATE,ACTIVE,2026-03-17,2026-08-09
0.25,UNKNOWN,NEUTRAL,0.276,NORMAL,NONE,TRAIN,True,MIXED,ACTIVE,2026-05-13,2026-09-12
0.543,UNKNOWN,NEUTRAL,0.508,NORMAL,NONE,TRAIN,True,MIXED,ACTIVE,2025-12-14,2026-04-03
0.017,UNKNOWN,NEUTRAL,0.509,NORMAL,NONE,TEST,True,AMBIGUOUS,ACTIVE,2025-12-20,2026-02-10
0.515,CONFIRMED,SUPPORTING,0.825,RECYCLED_SIM,NONE,TRAIN,True,MIXED,ACTIVE,2026-05-06,2026-08-22
0.602,SUSPECTED,SUPPORTING,0.612,NORMAL,CONTEXTUAL_ANOMALY,TRAIN,True,CRIMINAL,ACTIVE,2026-02-11,2026-07-19
0.401,UNKNOWN,NEUTRAL,0.311,NORMAL,NONE,VALIDATION,True,LEGITIMATE,ACTIVE,2026-04-14,2026-10-04
0.325,UNKNOWN,NEUTRAL,0.314,NORMAL,NONE,TEST,True,AMBIGUOUS,ACTIVE,2025-09-19,2026-04-02
0.115,FALSE,CONTRADICTING,0.2,NORMAL,NONE,VALIDATION,True,LEGITIMATE,ACTIVE,2026-05-23,2026-10-10
0.169,CONFIRMED,SUPPORTING,0.925,NORMAL,NONE,TRAIN,True,CRIMINAL,ACTIVE,2026-03-31,2026-09-11
0.416,UNKNOWN,NEUTRAL,0.509,NORMAL,COLLECTIVE_ANOMALY,TRAIN,True,MIXED,ACTIVE,2026-05-22,2026-08-16
0.39,UNKNOWN,NEUTRAL,0.328,NORMAL,NONE,VALIDATION,True,LEGITIMATE,ACTIVE,2026-03-18,2026-08-31
0.329,SUSPECTED,SUPPORTING,0.59,NORMAL,COLLECTIVE_ANOMALY,TRAIN,True,CRIMINAL,ACTIVE,2026-05-05,2026-07-22
0.532,FALSE,CONTRADICTING,0.324,NORMAL,NONE,TEST,True,AMBIGUOUS,ACTIVE,2026-01-20,2026-04-29
0.297,FALSE,CONTRADICTING,0.244,NORMAL,NONE,TEST,True,AMBIGUOUS,ACTIVE,2026-03-13,2026-05-28
0.194,CONFIRMED,SUPPORTING,0.821,NORMAL,NONE,TEST,True,AMBIGUOUS,ACTIVE,2025-12-07,2026-02-18
0.495,UNKNOWN,NEUTRAL,0.462,NORMAL,NONE,TRAIN,True,CRIMINAL,ACTIVE,2026-03-03,2026-08-17
0.061,UNKNOWN,NEUTRAL,0.219,NORMAL,NONE,TRAIN,True,MIXED,ACTIVE,2026-07-12,2026-10-01
0.462,CONFIRMED,SUPPORTING,0.951,NORMAL,RELATIONAL_ANOMALY,TRAIN,True,CRIMINAL,ACTIVE,2026-03-28,2026-07-16
0.233,UNKNOWN,NEUTRAL,0.458,NORMAL,NONE,TRAIN,True,CRIMINAL,ACTIVE,2025-12-07,2026-04-01
0.538,SUSPECTED,SUPPORTING,0.763,NORMAL,RELATIONAL_ANOMALY,TRAIN,True,MIXED,ACTIVE,2025-11-27,2026-04-12
0.827,FALSE,CONTRADICTING,0.263,NORMAL,TEMPORAL_ANOMALY,TRAIN,True,CRIMINAL,ACTIVE,2026-01-23,2026-04-03
0.319,CONFIRMED,SUPPORTING,0.825,NORMAL,NONE,TRAIN,True,CRIMINAL,ACTIVE,2026-05-30,2026-08-23
0.195,CONFIRMED,SUPPORTING,0.851,NORMAL,NONE,TRAIN,True,CRIMINAL,ACTIVE,2026-03-20,2026-08-08
0.172,FALSE,CONTRADICTING,0.253,NORMAL,NONE,TRAIN,True,MIXED,ACTIVE,2026-03-22,2026-06-16
0.341,CONFIRMED,SUPPORTING,0.919,NORMAL,NONE,TRAIN,True,MIXED,ACTIVE,2026-06-22,2026-07-21
0.367,UNKNOWN,NEUTRAL,0.473,NORMAL,NONE,TRAIN,True,MIXED,ACTIVE,2026-06-21,2026-10-22
0.621,UNKNOWN,NEUTRAL,0.425,NORMAL,TEMPORAL_ANOMALY,VALIDATION,True,LEGITIMATE,ACTIVE,2026-06-17,2026-10-17
0.33,CONFIRMED,SUPPORTING,0.97,NORMAL,NONE,TRAIN,True,CRIMINAL,ACTIVE,2026-05-21,2026-08-03
0.2,FALSE,CONTRADICTING,0.299,NORMAL,NONE,TRAIN,True,CRIMINAL,ACTIVE,2026-01-09,2026-05-13
0.349,CONFIRMED,SUPPORTING,0.869,NORMAL,NONE,TRAIN,True,CRIMINAL,ACTIVE,2026-04-10,2026-09-01
0.452,SUSPECTED,SUPPORTING,0.76,NORMAL,COLLECTIVE_ANOMALY,TRAIN,True,CRIMINAL,ACTIVE,2026-02-15,2026-05-27
0.502,CONFIRMED,SUPPORTING,0.851,NORMAL,RELATIONAL_ANOMALY,TRAIN,True,CRIMINAL,ACTIVE,2026-01-13,2026-05-12
0.051,UNKNOWN,NEUTRAL,0.472,NORMAL,NONE,TRAIN,True,CRIMINAL,ACTIVE,2026-04-06,2026-07-12
0.712,FALSE,CONTRADICTING,0.378,SHARED_DEVICE,NONE,TRAIN,True,CRIMINAL,ACTIVE,2026-03-24,2026-06-18
0.678,SUSPECTED,SUPPORTING,0.632,NORMAL,CONTEXTUAL_ANOMALY,TRAIN,True,MIXED,ACTIVE,2025-12-25,2026-04-11
0.541,SUSPECTED,SUPPORTING,0.741,NORMAL,NONE,TRAIN,True,MIXED,ACTIVE,2026-02-25,2026-07-06
0.384,UNKNOWN,NEUTRAL,0.474,NORMAL,NONE,TRAIN,True,MIXED,ACTIVE,2026-03-05,2026-07-06
0.437,UNKNOWN,NEUTRAL,0.304,NORMAL,NONE,TRAIN,True,MIXED,ACTIVE,2026-03-05,2026-07-08
0.671,SUSPECTED,SUPPORTING,0.642,NORMAL,NONE,TRAIN,True,MIXED,ACTIVE,2026-01-24,2026-05-06
0.257,SUSPECTED,SUPPORTING,0.627,NORMAL,POINT_ANOMALY,VALIDATION,True,LEGITIMATE,ACTIVE,2025-12-16,2026-04-26
0.204,SUSPECTED,SUPPORTING,0.774,NORMAL,TEMPORAL_ANOMALY,TRAIN,True,CRIMINAL,ACTIVE,2026-07-05,2026-09-19
0.846,SUSPECTED,SUPPORTING,0.775,NORMAL,NONE,TRAIN,True,CRIMINAL,ACTIVE,2026-03-15,2026-07-27
0.156,UNKNOWN,NEUTRAL,0.221,NORMAL,NONE,VALIDATION,True,LEGITIMATE,ACTIVE,2026-03-09,2026-04-17
0.289,SUSPECTED,SUPPORTING,0.664,NORMAL,NONE,TRAIN,True,CRIMINAL,ACTIVE,2026-03-17,2026-08-10
0.582,UNKNOWN,NEUTRAL,0.251,NORMAL,NONE,TRAIN,True,MIXED,ACTIVE,2026-02-20,2026-05-19
0.108,SUSPECTED,SUPPORTING,0.651,NORMAL,POINT_ANOMALY,TRAIN,True,CRIMINAL,ACTIVE,2026-05-02,2026-08-31
0.299,SUSPECTED,SUPPORTING,0.693,SHARED_DEVICE,NONE,TRAIN,True,CRIMINAL,ACTIVE,2025-11-10,2026-04-12
0.08,CONFIRMED,SUPPORTING,0.973,NORMAL,NONE,TRAIN,True,MIXED,ACTIVE,2026-06-01,2026-08-06
0.16,SUSPECTED,SUPPORTING,0.826,NORMAL,NONE,TRAIN,True,CRIMINAL,ACTIVE,2026-03-31,2026-08-06
0.744,UNKNOWN,NEUTRAL,0.471,NORMAL,NONE,VALIDATION,True,LEGITIMATE,ACTIVE,2025-11-15,2026-02-09
0.267,UNKNOWN,NEUTRAL,0.275,NORMAL,NONE,TRAIN,True,LEGITIMATE,ACTIVE,2026-01-09,2026-03-22
0.042,CONFIRMED,SUPPORTING,0.873,NORMAL,NONE,TRAIN,True,CRIMINAL,ACTIVE,2026-03-20,2026-05-21
0.215,CONFIRMED,SUPPORTING,0.975,NORMAL,NONE,VALIDATION,True,LEGITIMATE,ACTIVE,2025-12-06,2026-04-15
0.455,SUSPECTED,SUPPORTING,0.598,NORMAL,CONTEXTUAL_ANOMALY,TRAIN,True,CRIMINAL,ACTIVE,2025-12-30,2026-06-02
0.264,FALSE,CONTRADICTING,0.395,NORMAL,NONE,TRAIN,True,MIXED,ACTIVE,2026-06-21,2026-09-12
0.66,SUSPECTED,SUPPORTING,0.735,NORMAL,NONE,TRAIN,True,MIXED,ACTIVE,2026-06-10,2026-10-01
0.469,SUSPECTED,SUPPORTING,0.725,NORMAL,NONE,VALIDATION,True,LEGITIMATE,ACTIVE,2026-05-02,2026-07-31
0.23,FALSE,CONTRADICTING,0.254,NORMAL,NONE,TRAIN,True,MIXED,ACTIVE,2025-12-31,2026-04-05
0.376,SUSPECTED,SUPPORTING,0.602,NORMAL,NONE,TRAIN,True,CRIMINAL,ACTIVE,2025-12-04,2026-03-15
0.316,CONFIRMED,SUPPORTING,0.973,NORMAL,NONE,TRAIN,True,CRIMINAL,ACTIVE,2026-01-27,2026-05-31
0.369,SUSPECTED,SUPPORTING,0.806,NORMAL,COLLECTIVE_ANOMALY,TRAIN,True,CRIMINAL,ACTIVE,2026-01-16,2026-04-30
0.041,FALSE,CONTRADICTING,0.321,SHARED_DEVICE,NONE,VALIDATION,True,LEGITIMATE,ACTIVE,2025-11-21,2026-04-24
0.123,CONFIRMED,SUPPORTING,0.93,NORMAL,NONE,TRAIN,True,CRIMINAL,ACTIVE,2026-03-21,2026-07-06
0.532,UNKNOWN,NEUTRAL,0.211,NORMAL,COLLECTIVE_ANOMALY,TRAIN,True,MIXED,ACTIVE,2026-01-13,2026-07-15
0.236,SUSPECTED,SUPPORTING,0.784,NORMAL,POINT_ANOMALY,TRAIN,True,LEGITIMATE,ACTIVE,2026-04-10,2026-08-11
0.415,SUSPECTED,SUPPORTING,0.728,NORMAL,NONE,TRAIN,True,CRIMINAL,ACTIVE,2025-12-13,2026-04-22
0.22,SUSPECTED,SUPPORTING,0.652,NORMAL,NONE,TRAIN,True,CRIMINAL,ACTIVE,2026-01-30,2026-04-06
0.619,SUSPECTED,SUPPORTING,0.677,NORMAL,POINT_ANOMALY,TRAIN,True,MIXED,ACTIVE,2026-02-08,2026-06-12
0.577,CONFIRMED,SUPPORTING,0.862,NORMAL,COLLECTIVE_ANOMALY,VALIDATION,True,LEGITIMATE,ACTIVE,2026-01-25,2026-05-30
0.116,UNKNOWN,NEUTRAL,0.367,NORMAL,NONE,TRAIN,True,MIXED,ACTIVE,2026-01-12,2026-03-02
0.325,SUSPECTED,SUPPORTING,0.585,NORMAL,NONE,VALIDATION,True,LEGITIMATE,ACTIVE,2026-03-15,2026-08-14
0.462,CONFIRMED,SUPPORTING,0.863,NORMAL,NONE,VALIDATION,True,LEGITIMATE,ACTIVE,2026-04-03,2026-06-18
0.191,UNKNOWN,NEUTRAL,0.262,NORMAL,NONE,TRAIN,True,CRIMINAL,ACTIVE,2026-01-11,2026-03-27
0.537,CONFIRMED,SUPPORTING,0.862,NORMAL,NONE,VALIDATION,True,LEGITIMATE,ACTIVE,2026-01-05,2026-04-25
0.299,UNKNOWN,NEUTRAL,0.202,NORMAL,NONE,TEST,True,AMBIGUOUS,ACTIVE,2026-02-23,2026-05-30
0.423,UNKNOWN,NEUTRAL,0.235,RECYCLED_SIM,NONE,TRAIN,True,MIXED,ACTIVE,2025-11-25,2026-06-06
0.846,UNKNOWN,NEUTRAL,0.276,NORMAL,NONE,TEST,True,AMBIGUOUS,ACTIVE,2026-02-10,2026-05-26
0.586,SUSPECTED,SUPPORTING,0.581,NORMAL,NONE,TRAIN,True,CRIMINAL,ACTIVE,2026-04-05,2026-06-18
0.497,FALSE,CONTRADICTING,0.279,NORMAL,NONE,TRAIN,True,CRIMINAL,ACTIVE,2026-07-02,2026-08-23
0.611,FALSE,CONTRADICTING,0.282,NORMAL,NONE,TRAIN,True,CRIMINAL,ACTIVE,2026-06-10,2026-08-31
0.473,UNKNOWN,NEUTRAL,0.206,NORMAL,TEMPORAL_ANOMALY,TEST,True,AMBIGUOUS,ACTIVE,2026-03-20,2026-07-29
0.519,UNKNOWN,NEUTRAL,0.458,NORMAL,NONE,VALIDATION,True,LEGITIMATE,ACTIVE,2026-05-02,2026-09-04
0.685,CONFIRMED,SUPPORTING,0.897,NORMAL,NONE,TRAIN,True,CRIMINAL,ACTIVE,2025-12-02,2026-04-03
0.173,CONFIRMED,SUPPORTING,0.968,NORMAL,COLLECTIVE_ANOMALY,TRAIN,True,CRIMINAL,ACTIVE,2026-03-17,2026-06-24
0.371,UNKNOWN,NEUTRAL,0.466,NORMAL,NONE,TRAIN,True,MIXED,ACTIVE,2026-02-11,2026-06-22
0.597,SUSPECTED,SUPPORTING,0.856,NORMAL,NONE,TRAIN,True,MIXED,ACTIVE,2025-11-06,2026-04-17
0.124,UNKNOWN,NEUTRAL,0.425,NORMAL,NONE,TEST,True,AMBIGUOUS,ACTIVE,2026-06-04,2026-09-23
0.313,UNKNOWN,NEUTRAL,0.511,NORMAL,NONE,TRAIN,True,MIXED,ACTIVE,2026-02-10,2026-05-18
0.19,SUSPECTED,SUPPORTING,0.66,NORMAL,NONE,TRAIN,True,MIXED,ACTIVE,2025-12-05,2026-05-08
0.733,SUSPECTED,SUPPORTING,0.652,NORMAL,NONE,TRAIN,True,CRIMINAL,ACTIVE,2026-01-24,2026-05-13
0.351,SUSPECTED,SUPPORTING,0.64,NORMAL,NONE,TRAIN,True,MIXED,ACTIVE,2026-03-26,2026-08-19
0.469,FALSE,CONTRADICTING,0.286,NORMAL,NONE,TRAIN,True,LEGITIMATE,ACTIVE,2026-05-30,2026-09-12
0.313,SUSPECTED,SUPPORTING,0.675,DUPLICATE,RELATIONAL_ANOMALY,TRAIN,True,MIXED,ACTIVE,2026-05-23,2026-09-09
0.848,SUSPECTED,SUPPORTING,0.836,NORMAL,NONE,TRAIN,True,MIXED,ACTIVE,2026-03-24,2026-05-29
0.203,SUSPECTED,SUPPORTING,0.753,SHARED_DEVICE,NONE,TEST,True,AMBIGUOUS,ACTIVE,2026-01-03,2026-05-23
0.468,CONFIRMED,SUPPORTING,0.957,NORMAL,NONE,TRAIN,True,LEGITIMATE,ACTIVE,2025-11-16,2026-04-12
0.07,UNKNOWN,NEUTRAL,0.404,NORMAL,NONE,TRAIN,True,CRIMINAL,ACTIVE,2026-04-30,2026-09-27
0.112,CONFIRMED,SUPPORTING,0.842,NORMAL,TEMPORAL_ANOMALY,TRAIN,True,CRIMINAL,ACTIVE,2026-01-05,2026-04-19
0.572,UNKNOWN,NEUTRAL,0.384,NORMAL,NONE,TEST,True,AMBIGUOUS,ACTIVE,2025-12-17,2026-05-13
0.262,UNKNOWN,NEUTRAL,0.436,NORMAL,RELATIONAL_ANOMALY,TRAIN,True,MIXED,ACTIVE,2026-04-06,2026-09-18
0.35,UNKNOWN,NEUTRAL,0.539,NORMAL,CONTEXTUAL_ANOMALY,TRAIN,True,CRIMINAL,ACTIVE,2026-02-11,2026-06-23
0.539,SUSPECTED,SUPPORTING,0.697,RECYCLED_SIM,TEMPORAL_ANOMALY,TRAIN,True,MIXED,ACTIVE,2026-03-31,2026-08-05
0.369,UNKNOWN,NEUTRAL,0.455,RECYCLED_SIM,POINT_ANOMALY,TRAIN,True,CRIMINAL,ACTIVE,2026-04-26,2026-07-22
0.412,UNKNOWN,NEUTRAL,0.242,NORMAL,NONE,TRAIN,True,MIXED,ACTIVE,2026-02-18,2026-05-30
0.363,CONFIRMED,SUPPORTING,0.849,NORMAL,NONE,TRAIN,True,CRIMINAL,ACTIVE,2026-04-18,2026-10-17
0.244,CONFIRMED,SUPPORTING,0.894,NORMAL,NONE,TRAIN,True,CRIMINAL,ACTIVE,2026-02-11,2026-04-27
0.253,SUSPECTED,SUPPORTING,0.763,NORMAL,CONTEXTUAL_ANOMALY,TRAIN,True,MIXED,ACTIVE,2026-06-17,2026-10-26
0.319,CONFIRMED,SUPPORTING,0.83,NORMAL,NONE,TRAIN,True,LEGITIMATE,ACTIVE,2025-11-04,2026-03-24
0.432,UNKNOWN,NEUTRAL,0.53,NORMAL,CONTEXTUAL_ANOMALY,VALIDATION,True,LEGITIMATE,ACTIVE,2025-11-03,2026-03-02
0.105,SUSPECTED,SUPPORTING,0.767,NORMAL,NONE,TRAIN,True,CRIMINAL,ACTIVE,2025-12-10,2026-03-10
0.21,FALSE,CONTRADICTING,0.148,NORMAL,NONE,TRAIN,True,CRIMINAL,ACTIVE,2025-11-07,2026-04-10
0.761,CONFIRMED,SUPPORTING,0.829,NORMAL,NONE,TRAIN,True,CRIMINAL,ACTIVE,2026-02-06,2026-03-11
0.537,UNKNOWN,NEUTRAL,0.261,NORMAL,NONE,TRAIN,True,CRIMINAL,ACTIVE,2026-06-21,2026-09-03
0.644,SUSPECTED,SUPPORTING,0.693,NORMAL,POINT_ANOMALY,TRAIN,True,MIXED,ACTIVE,2025-09-21,2026-03-01
0.716,SUSPECTED,SUPPORTING,0.686,NORMAL,NONE,TRAIN,True,CRIMINAL,ACTIVE,2025-11-28,2026-03-03
0.606,SUSPECTED,SUPPORTING,0.602,NORMAL,NONE,TRAIN,True,CRIMINAL,ACTIVE,2025-11-03,2026-03-13
0.458,FALSE,CONTRADICTING,0.358,SHARED_DEVICE,RELATIONAL_ANOMALY,VALIDATION,True,LEGITIMATE,ACTIVE,2026-03-28,2026-07-25
0.279,SUSPECTED,SUPPORTING,0.637,NORMAL,NONE,TRAIN,True,CRIMINAL,ACTIVE,2026-03-02,2026-08-09
0.515,SUSPECTED,SUPPORTING,0.727,NORMAL,NONE,TRAIN,True,CRIMINAL,ACTIVE,2026-03-21,2026-07-27
0.188,UNKNOWN,NEUTRAL,0.341,NORMAL,NONE,TEST,True,AMBIGUOUS,ACTIVE,2026-05-21,2026-09-17
0.236,UNKNOWN,NEUTRAL,0.262,NORMAL,NONE,TRAIN,True,CRIMINAL,ACTIVE,2026-01-16,2026-04-10
0.764,CONFIRMED,SUPPORTING,0.875,NORMAL,NONE,TRAIN,True,CRIMINAL,ACTIVE,2026-05-02,2026-10-08
0.134,SUSPECTED,SUPPORTING,0.685,NORMAL,NONE,TRAIN,True,CRIMINAL,ACTIVE,2025-12-18,2026-04-23
0.58,UNKNOWN,NEUTRAL,0.288,NORMAL,TEMPORAL_ANOMALY,VALIDATION,True,LEGITIMATE,ACTIVE,2025-11-10,2026-03-08
0.879,SUSPECTED,SUPPORTING,0.839,NORMAL,NONE,TRAIN,True,LEGITIMATE,ACTIVE,2025-12-09,2026-07-03
0.17,SUSPECTED,SUPPORTING,0.77,DUPLICATE,NONE,TRAIN,True,CRIMINAL,ACTIVE,2026-01-20,2026-04-29
0.629,UNKNOWN,NEUTRAL,0.218,NORMAL,RELATIONAL_ANOMALY,TEST,True,AMBIGUOUS,ACTIVE,2026-02-12,2026-05-25
0.311,SUSPECTED,SUPPORTING,0.582,NORMAL,NONE,TRAIN,True,MIXED,ACTIVE,2026-04-29,2026-08-18
0.416,SUSPECTED,SUPPORTING,0.785,NORMAL,NONE,TRAIN,True,MIXED,ACTIVE,2025-11-09,2026-03-16
0.121,SUSPECTED,SUPPORTING,0.675,NORMAL,NONE,TRAIN,True,MIXED,ACTIVE,2025-10-12,2026-03-28
0.458,CONFIRMED,SUPPORTING,0.861,NORMAL,NONE,TRAIN,True,CRIMINAL,ACTIVE,2026-05-23,2026-08-19
0.062,SUSPECTED,SUPPORTING,0.857,NORMAL,COLLECTIVE_ANOMALY,TRAIN,True,CRIMINAL,ACTIVE,2026-04-08,2026-08-30
0.455,UNKNOWN,NEUTRAL,0.344,NORMAL,NONE,TRAIN,True,MIXED,ACTIVE,2026-06-10,2026-08-18
0.367,FALSE,CONTRADICTING,0.387,NORMAL,NONE,TRAIN,True,CRIMINAL,ACTIVE,2026-02-10,2026-07-26
0.702,SUSPECTED,SUPPORTING,0.699,NORMAL,NONE,TRAIN,True,CRIMINAL,ACTIVE,2026-06-08,2026-09-15
0.454,SUSPECTED,SUPPORTING,0.833,NORMAL,CONTEXTUAL_ANOMALY,TRAIN,True,MIXED,ACTIVE,2026-01-24,2026-03-21
0.472,CONFIRMED,SUPPORTING,0.932,NORMAL,NONE,TRAIN,True,CRIMINAL,ACTIVE,2026-04-26,2026-07-12
0.905,FALSE,CONTRADICTING,0.251,NORMAL,NONE,TRAIN,True,CRIMINAL,ACTIVE,2026-02-09,2026-05-19
0.268,SUSPECTED,SUPPORTING,0.703,NORMAL,NONE,TEST,True,AMBIGUOUS,ACTIVE,2025-11-07,2026-05-09
0.44,UNKNOWN,NEUTRAL,0.288,NORMAL,RELATIONAL_ANOMALY,TEST,True,AMBIGUOUS,ACTIVE,2026-02-27,2026-07-03
0.317,UNKNOWN,NEUTRAL,0.38,NORMAL,NONE,VALIDATION,True,LEGITIMATE,ACTIVE,2026-03-22,2026-05-30
0.27,UNKNOWN,NEUTRAL,0.429,NORMAL,COLLECTIVE_ANOMALY,TEST,True,AMBIGUOUS,ACTIVE,2026-01-01,2026-03-08
0.429,SUSPECTED,SUPPORTING,0.842,NORMAL,RELATIONAL_ANOMALY,TRAIN,True,CRIMINAL,ACTIVE,2026-05-23,2026-07-07
0.444,CONFIRMED,SUPPORTING,0.984,NORMAL,NONE,TRAIN,True,CRIMINAL,ACTIVE,2026-04-22,2026-06-02
0.663,SUSPECTED,SUPPORTING,0.725,NORMAL,COLLECTIVE_ANOMALY,TRAIN,True,MIXED,ACTIVE,2026-04-14,2026-09-20
0.386,FALSE,CONTRADICTING,0.239,STALE_DEVICE,NONE,VALIDATION,True,LEGITIMATE,ACTIVE,2026-02-26,2026-08-23
0.68,CONFIRMED,SUPPORTING,0.855,NORMAL,CONTEXTUAL_ANOMALY,TRAIN,True,CRIMINAL,ACTIVE,2025-09-30,2026-03-25
0.444,CONFIRMED,SUPPORTING,0.963,NORMAL,NONE,TRAIN,True,CRIMINAL,ACTIVE,2025-12-17,2026-03-10
0.233,CONFIRMED,SUPPORTING,0.879,NORMAL,NONE,TEST,True,AMBIGUOUS,ACTIVE,2026-03-30,2026-08-22
0.609,CONFIRMED,SUPPORTING,0.944,NORMAL,POINT_ANOMALY,TRAIN,True,MIXED,ACTIVE,2026-05-21,2026-06-26
0.397,UNKNOWN,NEUTRAL,0.331,NORMAL,NONE,TEST,True,AMBIGUOUS,ACTIVE,2026-04-04,2026-08-21
0.578,FALSE,CONTRADICTING,0.407,NORMAL,NONE,TRAIN,True,CRIMINAL,ACTIVE,2026-02-11,2026-06-26
0.512,FALSE,CONTRADICTING,0.291,SHARED_DEVICE,NONE,TRAIN,True,LEGITIMATE,ACTIVE,2026-01-17,2026-03-26
0.315,CONFIRMED,SUPPORTING,0.838,NORMAL,NONE,TRAIN,True,CRIMINAL,ACTIVE,2025-11-01,2026-04-10
0.153,CONFIRMED,SUPPORTING,0.902,NORMAL,NONE,VALIDATION,True,LEGITIMATE,ACTIVE,2026-06-11,2026-08-20
0.518,CONFIRMED,SUPPORTING,0.914,NORMAL,NONE,TRAIN,True,CRIMINAL,ACTIVE,2025-12-31,2026-03-18
0.603,SUSPECTED,SUPPORTING,0.731,NORMAL,NONE,TRAIN,True,CRIMINAL,ACTIVE,2026-05-12,2026-07-26
0.378,SUSPECTED,SUPPORTING,0.788,NORMAL,CONTEXTUAL_ANOMALY,TEST,True,AMBIGUOUS,ACTIVE,2026-01-28,2026-06-04
0.024,SUSPECTED,SUPPORTING,0.611,STALE_DEVICE,NONE,VALIDATION,True,LEGITIMATE,ACTIVE,2026-04-02,2026-09-05
0.653,UNKNOWN,NEUTRAL,0.381,NORMAL,NONE,VALIDATION,True,LEGITIMATE,ACTIVE,2026-01-29,2026-05-30
0.69,CONFIRMED,SUPPORTING,0.822,NORMAL,NONE,TRAIN,True,CRIMINAL,ACTIVE,2025-12-31,2026-04-06
0.589,FALSE,CONTRADICTING,0.333,NORMAL,NONE,TRAIN,True,LEGITIMATE,ACTIVE,2026-02-26,2026-06-08
0.326,CONFIRMED,SUPPORTING,0.821,NORMAL,NONE,TRAIN,True,CRIMINAL,ACTIVE,2026-01-01,2026-07-12
0.374,CONFIRMED,SUPPORTING,0.89,NORMAL,NONE,TRAIN,True,CRIMINAL,ACTIVE,2026-02-22,2026-08-03
0.158,FALSE,CONTRADICTING,0.23,NORMAL,NONE,TRAIN,True,CRIMINAL,ACTIVE,2026-06-17,2026-08-24
0.635,SUSPECTED,SUPPORTING,0.771,NORMAL,NONE,TRAIN,True,LEGITIMATE,ACTIVE,2026-05-22,2026-10-01
0.153,CONFIRMED,SUPPORTING,0.821,NORMAL,NONE,TRAIN,True,CRIMINAL,ACTIVE,2026-06-19,2026-07-30
0.25,CONFIRMED,SUPPORTING,0.97,NORMAL,NONE,TEST,True,AMBIGUOUS,ACTIVE,2026-05-01,2026-07-28
0.687,SUSPECTED,SUPPORTING,0.782,NORMAL,NONE,TRAIN,True,CRIMINAL,ACTIVE,2026-03-22,2026-06-16
0.491,CONFIRMED,SUPPORTING,0.98,NORMAL,NONE,TRAIN,True,CRIMINAL,ACTIVE,2026-05-31,2026-07-21
0.077,FALSE,CONTRADICTING,0.152,NORMAL,NONE,TRAIN,True,LEGITIMATE,ACTIVE,2026-03-24,2026-05-29
0.193,FALSE,CONTRADICTING,0.274,NORMAL,NONE,TRAIN,True,MIXED,ACTIVE,2026-06-01,2026-07-09
0.412,FALSE,CONTRADICTING,0.265,NORMAL,NONE,TRAIN,True,LEGITIMATE,ACTIVE,2025-12-11,2026-02-27
0.191,SUSPECTED,SUPPORTING,0.727,NORMAL,NONE,TRAIN,True,MIXED,ACTIVE,2026-05-15,2026-08-06
0.583,CONFIRMED,SUPPORTING,0.919,NORMAL,POINT_ANOMALY,TEST,True,AMBIGUOUS,ACTIVE,2026-06-26,2026-08-13
0.113,CONFIRMED,SUPPORTING,0.878,NORMAL,TEMPORAL_ANOMALY,TRAIN,True,CRIMINAL,ACTIVE,2026-02-12,2026-04-24
0.437,CONFIRMED,SUPPORTING,0.86,NORMAL,NONE,TRAIN,True,CRIMINAL,ACTIVE,2026-01-21,2026-07-02
0.413,SUSPECTED,SUPPORTING,0.662,NORMAL,TEMPORAL_ANOMALY,TRAIN,True,CRIMINAL,ACTIVE,2026-01-19,2026-05-10
0.307,FALSE,CONTRADICTING,0.245,NORMAL,CONTEXTUAL_ANOMALY,TRAIN,True,LEGITIMATE,ACTIVE,2026-02-04,2026-05-23
0.666,SUSPECTED,SUPPORTING,0.582,NORMAL,NONE,TRAIN,True,CRIMINAL,ACTIVE,2026-03-16,2026-06-12
0.622,SUSPECTED,SUPPORTING,0.808,NORMAL,NONE,TRAIN,True,CRIMINAL,ACTIVE,2026-02-09,2026-06-02
0.656,UNKNOWN,NEUTRAL,0.499,NORMAL,NONE,TRAIN,True,CRIMINAL,ACTIVE,2026-07-11,2026-10-11
0.273,FALSE,CONTRADICTING,0.301,NORMAL,NONE,VALIDATION,True,LEGITIMATE,ACTIVE,2026-06-18,2026-08-31
0.439,CONFIRMED,SUPPORTING,0.959,NORMAL,NONE,TRAIN,True,CRIMINAL,ACTIVE,2026-03-05,2026-05-30
0.237,UNKNOWN,NEUTRAL,0.355,NORMAL,NONE,TRAIN,True,CRIMINAL,ACTIVE,2026-04-11,2026-06-04
0.362,UNKNOWN,NEUTRAL,0.434,NORMAL,POINT_ANOMALY,TEST,True,AMBIGUOUS,ACTIVE,2025-11-24,2026-03-02
0.566,SUSPECTED,SUPPORTING,0.847,NORMAL,NONE,TRAIN,True,CRIMINAL,ACTIVE,2026-06-06,2026-07-31
0.293,UNKNOWN,NEUTRAL,0.366,NORMAL,NONE,TRAIN,True,CRIMINAL,ACTIVE,2026-04-19,2026-09-28
0.584,CONFIRMED,SUPPORTING,0.929,NORMAL,NONE,TRAIN,True,CRIMINAL,ACTIVE,2025-11-19,2026-04-21
0.788,CONFIRMED,SUPPORTING,0.963,NORMAL,NONE,TRAIN,True,CRIMINAL,ACTIVE,2026-06-28,2026-08-31
0.419,UNKNOWN,NEUTRAL,0.235,NORMAL,POINT_ANOMALY,TRAIN,True,CRIMINAL,ACTIVE,2026-04-01,2026-08-17
0.353,CONFIRMED,SUPPORTING,0.847,STALE_DEVICE,NONE,TRAIN,True,CRIMINAL,ACTIVE,2026-02-26,2026-07-12
0.812,CONFIRMED,SUPPORTING,0.875,NORMAL,NONE,TRAIN,True,CRIMINAL,ACTIVE,2026-03-25,2026-08-03
0.362,CONFIRMED,SUPPORTING,0.826,NORMAL,NONE,TRAIN,True,CRIMINAL,ACTIVE,2026-03-23,2026-09-10
0.526,CONFIRMED,SUPPORTING,0.823,NORMAL,NONE,TRAIN,True,CRIMINAL,ACTIVE,2025-11-03,2026-04-02
0.686,CONFIRMED,SUPPORTING,0.825,NORMAL,NONE,TRAIN,True,MIXED,ACTIVE,2026-07-15,2026-09-26
0.312,UNKNOWN,NEUTRAL,0.538,NORMAL,NONE,TRAIN,True,CRIMINAL,ACTIVE,2026-03-07,2026-05-13
0.11,FALSE,CONTRADICTING,0.309,NORMAL,NONE,TRAIN,True,LEGITIMATE,ACTIVE,2026-02-18,2026-06-08
0.476,UNKNOWN,NEUTRAL,0.322,NORMAL,TEMPORAL_ANOMALY,TRAIN,True,LEGITIMATE,ACTIVE,2026-03-28,2026-09-02
0.486,SUSPECTED,SUPPORTING,0.72,NORMAL,NONE,TRAIN,True,CRIMINAL,ACTIVE,2026-01-19,2026-03-23
0.484,CONFIRMED,SUPPORTING,0.9,NORMAL,RELATIONAL_ANOMALY,TRAIN,True,CRIMINAL,ACTIVE,2026-04-13,2026-08-05
0.256,UNKNOWN,NEUTRAL,0.496,NORMAL,NONE,TRAIN,True,LEGITIMATE,ACTIVE,2026-01-22,2026-05-18
0.814,UNKNOWN,NEUTRAL,0.403,NORMAL,NONE,TRAIN,True,CRIMINAL,ACTIVE,2025-10-04,2026-02-26
0.606,UNKNOWN,NEUTRAL,0.437,NORMAL,NONE,TRAIN,True,MIXED,ACTIVE,2026-04-23,2026-08-07
0.609,UNKNOWN,NEUTRAL,0.538,NORMAL,TEMPORAL_ANOMALY,VALIDATION,True,LEGITIMATE,ACTIVE,2026-02-12,2026-05-19
0.345,SUSPECTED,SUPPORTING,0.654,NORMAL,CONTEXTUAL_ANOMALY,TEST,True,AMBIGUOUS,ACTIVE,2026-04-23,2026-07-04
0.085,CONFIRMED,SUPPORTING,0.904,NORMAL,NONE,TEST,True,AMBIGUOUS,ACTIVE,2026-05-24,2026-09-22
0.692,SUSPECTED,SUPPORTING,0.619,NORMAL,NONE,TRAIN,True,CRIMINAL,ACTIVE,2025-12-02,2026-03-25
0.354,UNKNOWN,NEUTRAL,0.47,NORMAL,NONE,TRAIN,True,CRIMINAL,ACTIVE,2025-10-30,2026-04-13
0.509,SUSPECTED,SUPPORTING,0.821,NORMAL,NONE,TRAIN,True,CRIMINAL,ACTIVE,2025-12-23,2026-04-10
0.633,FALSE,CONTRADICTING,0.272,NORMAL,NONE,TRAIN,True,MIXED,ACTIVE,2026-01-01,2026-06-11
0.168,FALSE,CONTRADICTING,0.363,NORMAL,NONE,VALIDATION,True,LEGITIMATE,ACTIVE,2026-01-04,2026-05-01
0.202,UNKNOWN,NEUTRAL,0.443,NORMAL,NONE,TRAIN,True,CRIMINAL,ACTIVE,2026-01-25,2026-04-09
0.442,SUSPECTED,SUPPORTING,0.596,NORMAL,NONE,TRAIN,True,CRIMINAL,ACTIVE,2026-01-16,2026-04-20
0.091,SUSPECTED,SUPPORTING,0.662,NORMAL,CONTEXTUAL_ANOMALY,TRAIN,True,CRIMINAL,ACTIVE,2026-03-30,2026-06-07
0.187,SUSPECTED,SUPPORTING,0.83,NORMAL,NONE,VALIDATION,True,LEGITIMATE,ACTIVE,2025-10-05,2026-04-18
0.385,UNKNOWN,NEUTRAL,0.349,NORMAL,NONE,TRAIN,True,MIXED,ACTIVE,2026-07-16,2026-10-20
0.764,UNKNOWN,NEUTRAL,0.403,NORMAL,NONE,TRAIN,True,CRIMINAL,ACTIVE,2025-10-12,2026-04-07
0.249,UNKNOWN,NEUTRAL,0.528,NORMAL,NONE,TEST,True,AMBIGUOUS,ACTIVE,2026-03-08,2026-04-10
0.248,SUSPECTED,SUPPORTING,0.72,NORMAL,NONE,TRAIN,True,CRIMINAL,ACTIVE,2026-01-26,2026-04-30
0.145,CONFIRMED,SUPPORTING,0.91,NORMAL,NONE,TRAIN,True,CRIMINAL,ACTIVE,2026-02-18,2026-04-09
0.275,SUSPECTED,SUPPORTING,0.782,NORMAL,NONE,TRAIN,True,CRIMINAL,ACTIVE,2026-05-20,2026-08-25
0.399,FALSE,CONTRADICTING,0.243,NORMAL,NONE,TRAIN,True,LEGITIMATE,ACTIVE,2026-04-12,2026-06-22
0.36,SUSPECTED,SUPPORTING,0.774,NORMAL,NONE,VALIDATION,True,LEGITIMATE,ACTIVE,2026-05-27,2026-07-16
0.409,UNKNOWN,NEUTRAL,0.416,NORMAL,COLLECTIVE_ANOMALY,TEST,True,AMBIGUOUS,ACTIVE,2026-01-23,2026-07-27
0.017,CONFIRMED,SUPPORTING,0.882,NORMAL,NONE,TRAIN,True,MIXED,ACTIVE,2026-04-27,2026-08-30
0.431,FALSE,CONTRADICTING,0.24,DUPLICATE,NONE,VALIDATION,True,LEGITIMATE,ACTIVE,2026-05-04,2026-08-07
0.186,FALSE,CONTRADICTING,0.275,NORMAL,NONE,TRAIN,True,CRIMINAL,ACTIVE,2026-03-28,2026-09-18
0.6,CONFIRMED,SUPPORTING,0.831,NORMAL,NONE,TEST,True,AMBIGUOUS,ACTIVE,2026-01-15,2026-05-08
0.492,UNKNOWN,NEUTRAL,0.346,DUPLICATE,NONE,TRAIN,True,CRIMINAL,ACTIVE,2025-11-02,2026-03-13
0.373,FALSE,CONTRADICTING,0.289,NORMAL,NONE,TRAIN,True,MIXED,ACTIVE,2025-12-08,2026-03-06
0.583,UNKNOWN,NEUTRAL,0.323,NORMAL,NONE,VALIDATION,True,LEGITIMATE,ACTIVE,2026-01-19,2026-05-16
0.751,UNKNOWN,NEUTRAL,0.46,NORMAL,POINT_ANOMALY,TRAIN,True,CRIMINAL,ACTIVE,2026-01-15,2026-03-26
0.327,SUSPECTED,SUPPORTING,0.824,NORMAL,NONE,TRAIN,True,CRIMINAL,ACTIVE,2026-07-04,2026-08-27
0.435,FALSE,CONTRADICTING,0.197,NORMAL,NONE,TEST,True,AMBIGUOUS,ACTIVE,2025-11-17,2026-04-04
0.185,CONFIRMED,SUPPORTING,0.972,NORMAL,NONE,TRAIN,True,CRIMINAL,ACTIVE,2026-04-10,2026-09-10
0.355,FALSE,CONTRADICTING,0.317,NORMAL,NONE,VALIDATION,True,LEGITIMATE,ACTIVE,2026-06-05,2026-10-20
0.584,CONFIRMED,SUPPORTING,0.909,NORMAL,POINT_ANOMALY,TRAIN,True,CRIMINAL,ACTIVE,2026-05-09,2026-07-04
0.7,SUSPECTED,SUPPORTING,0.64,NORMAL,CONTEXTUAL_ANOMALY,TRAIN,True,CRIMINAL,ACTIVE,2026-05-12,2026-10-15
0.591,SUSPECTED,SUPPORTING,0.642,NORMAL,NONE,TEST,True,AMBIGUOUS,ACTIVE,2026-05-28,2026-09-18
0.593,CONFIRMED,SUPPORTING,0.974,NORMAL,NONE,TRAIN,True,LEGITIMATE,ACTIVE,2026-05-20,2026-09-22
0.415,FALSE,CONTRADICTING,0.175,NORMAL,NONE,TRAIN,True,MIXED,ACTIVE,2025-10-24,2026-05-01
0.251,UNKNOWN,NEUTRAL,0.392,NORMAL,NONE,TRAIN,True,MIXED,ACTIVE,2026-02-20,2026-07-06
0.641,FALSE,CONTRADICTING,0.187,NORMAL,COLLECTIVE_ANOMALY,VALIDATION,True,LEGITIMATE,ACTIVE,2026-05-30,2026-08-12
0.608,UNKNOWN,NEUTRAL,0.447,NORMAL,NONE,TEST,True,AMBIGUOUS,ACTIVE,2026-07-11,2026-08-31
0.402,SUSPECTED,SUPPORTING,0.662,NORMAL,NONE,VALIDATION,True,LEGITIMATE,ACTIVE,2026-05-14,2026-10-23
0.468,SUSPECTED,SUPPORTING,0.646,NORMAL,NONE,VALIDATION,True,LEGITIMATE,ACTIVE,2026-03-16,2026-09-03
0.433,FALSE,CONTRADICTING,0.275,NORMAL,POINT_ANOMALY,TRAIN,True,CRIMINAL,ACTIVE,2026-03-28,2026-08-04
0.746,FALSE,CONTRADICTING,0.283,NORMAL,NONE,VALIDATION,True,LEGITIMATE,ACTIVE,2026-03-13,2026-06-08
0.154,FALSE,CONTRADICTING,0.311,NORMAL,NONE,VALIDATION,True,LEGITIMATE,ACTIVE,2026-06-04,2026-10-18
0.339,CONFIRMED,SUPPORTING,0.972,NORMAL,NONE,TRAIN,True,CRIMINAL,ACTIVE,2026-06-26,2026-09-12
0.258,CONFIRMED,SUPPORTING,0.96,NORMAL,NONE,VALIDATION,True,LEGITIMATE,ACTIVE,2026-01-11,2026-03-24
0.676,CONFIRMED,SUPPORTING,0.856,NORMAL,TEMPORAL_ANOMALY,VALIDATION,True,LEGITIMATE,ACTIVE,2026-04-02,2026-05-25
0.446,UNKNOWN,NEUTRAL,0.421,NORMAL,NONE,TRAIN,True,CRIMINAL,ACTIVE,2026-01-21,2026-05-12
0.268,SUSPECTED,SUPPORTING,0.735,NORMAL,NONE,TRAIN,True,MIXED,ACTIVE,2026-02-17,2026-08-29
0.404,SUSPECTED,SUPPORTING,0.777,NORMAL,NONE,TRAIN,True,MIXED,ACTIVE,2026-01-23,2026-06-09
0.719,SUSPECTED,SUPPORTING,0.735,NORMAL,CONTEXTUAL_ANOMALY,TRAIN,True,MIXED,ACTIVE,2026-02-17,2026-05-26
0.322,UNKNOWN,NEUTRAL,0.337,NORMAL,NONE,TRAIN,True,LEGITIMATE,ACTIVE,2026-01-24,2026-03-29
0.59,UNKNOWN,NEUTRAL,0.236,NORMAL,COLLECTIVE_ANOMALY,TRAIN,True,CRIMINAL,ACTIVE,2026-01-04,2026-06-01
0.053,SUSPECTED,SUPPORTING,0.622,NORMAL,NONE,TRAIN,True,MIXED,ACTIVE,2025-12-27,2026-03-14
0.502,SUSPECTED,SUPPORTING,0.816,NORMAL,NONE,TRAIN,True,CRIMINAL,ACTIVE,2026-05-17,2026-06-29
0.474,SUSPECTED,SUPPORTING,0.757,NORMAL,NONE,TRAIN,True,MIXED,ACTIVE,2025-10-12,2026-02-18
0.462,UNKNOWN,NEUTRAL,0.368,NORMAL,NONE,TEST,True,AMBIGUOUS,ACTIVE,2026-02-19,2026-05-09
0.236,UNKNOWN,NEUTRAL,0.445,NORMAL,NONE,TRAIN,True,CRIMINAL,ACTIVE,2026-07-19,2026-10-22
0.368,UNKNOWN,NEUTRAL,0.431,NORMAL,NONE,TRAIN,True,CRIMINAL,ACTIVE,2026-04-02,2026-05-24
0.716,UNKNOWN,NEUTRAL,0.223,NORMAL,CONTEXTUAL_ANOMALY,TRAIN,True,CRIMINAL,ACTIVE,2025-10-16,2026-02-04
0.314,SUSPECTED,SUPPORTING,0.657,NORMAL,POINT_ANOMALY,TRAIN,True,CRIMINAL,ACTIVE,2025-12-29,2026-03-25
0.721,UNKNOWN,NEUTRAL,0.228,NORMAL,NONE,TEST,True,AMBIGUOUS,ACTIVE,2025-10-19,2026-03-08
0.592,FALSE,CONTRADICTING,0.307,NORMAL,NONE,TRAIN,True,MIXED,ACTIVE,2026-03-31,2026-09-02
0.654,SUSPECTED,SUPPORTING,0.665,NORMAL,NONE,TRAIN,True,MIXED,ACTIVE,2026-03-27,2026-08-31
0.09,UNKNOWN,NEUTRAL,0.529,NORMAL,NONE,TEST,True,AMBIGUOUS,ACTIVE,2026-01-15,2026-04-06
0.823,SUSPECTED,SUPPORTING,0.843,NORMAL,NONE,TRAIN,True,CRIMINAL,ACTIVE,2025-10-09,2026-02-19
0.688,CONFIRMED,SUPPORTING,0.939,NORMAL,NONE,TRAIN,True,CRIMINAL,ACTIVE,2026-01-16,2026-06-10
0.125,SUSPECTED,SUPPORTING,0.85,NORMAL,NONE,TRAIN,True,MIXED,ACTIVE,2026-06-08,2026-09-13
0.891,UNKNOWN,NEUTRAL,0.415,NORMAL,POINT_ANOMALY,VALIDATION,True,LEGITIMATE,ACTIVE,2026-03-28,2026-10-14
0.653,UNKNOWN,NEUTRAL,0.409,NORMAL,NONE,TEST,True,AMBIGUOUS,ACTIVE,2026-04-21,2026-06-16
0.416,SUSPECTED,SUPPORTING,0.691,NORMAL,NONE,TRAIN,True,CRIMINAL,ACTIVE,2026-03-25,2026-08-14
0.173,SUSPECTED,SUPPORTING,0.604,NORMAL,NONE,TEST,True,AMBIGUOUS,ACTIVE,2026-05-22,2026-11-09
0.075,FALSE,CONTRADICTING,0.305,NORMAL,NONE,TRAIN,True,MIXED,ACTIVE,2025-12-01,2026-03-20
0.158,SUSPECTED,SUPPORTING,0.833,STALE_DEVICE,CONTEXTUAL_ANOMALY,TRAIN,True,CRIMINAL,ACTIVE,2026-03-15,2026-09-11
0.444,UNKNOWN,NEUTRAL,0.521,NORMAL,POINT_ANOMALY,TRAIN,True,CRIMINAL,ACTIVE,2025-11-12,2026-02-25
0.721,SUSPECTED,SUPPORTING,0.852,NORMAL,NONE,TRAIN,True,LEGITIMATE,ACTIVE,2026-04-24,2026-07-01
0.854,CONFIRMED,SUPPORTING,0.879,NORMAL,NONE,TRAIN,True,CRIMINAL,ACTIVE,2026-02-12,2026-04-08
0.172,CONFIRMED,SUPPORTING,0.966,NORMAL,NONE,TRAIN,True,MIXED,ACTIVE,2025-12-16,2026-05-25
0.101,CONFIRMED,SUPPORTING,0.966,SHARED_DEVICE,NONE,TEST,True,AMBIGUOUS,ACTIVE,2026-01-11,2026-04-26
0.526,CONFIRMED,SUPPORTING,0.948,NORMAL,NONE,TRAIN,True,MIXED,ACTIVE,2026-03-12,2026-09-07
0.322,UNKNOWN,NEUTRAL,0.547,NORMAL,NONE,VALIDATION,True,LEGITIMATE,ACTIVE,2026-04-20,2026-09-01
0.191,SUSPECTED,SUPPORTING,0.804,NORMAL,NONE,TRAIN,True,MIXED,ACTIVE,2026-05-28,2026-08-19
0.585,SUSPECTED,SUPPORTING,0.656,NORMAL,NONE,TRAIN,True,CRIMINAL,ACTIVE,2025-11-23,2026-04-10
0.423,FALSE,CONTRADICTING,0.246,NORMAL,NONE,VALIDATION,True,LEGITIMATE,ACTIVE,2026-02-13,2026-08-22
0.355,CONFIRMED,SUPPORTING,0.876,NORMAL,NONE,TRAIN,True,CRIMINAL,ACTIVE,2026-05-31,2026-09-11
0.496,SUSPECTED,SUPPORTING,0.609,NORMAL,NONE,TRAIN,True,MIXED,ACTIVE,2026-07-14,2026-10-04
0.618,SUSPECTED,SUPPORTING,0.837,NORMAL,NONE,TRAIN,True,CRIMINAL,ACTIVE,2026-03-20,2026-06-05
0.29,SUSPECTED,SUPPORTING,0.685,NORMAL,CONTEXTUAL_ANOMALY,TRAIN,True,CRIMINAL,ACTIVE,2026-03-25,2026-05-24
0.286,UNKNOWN,NEUTRAL,0.483,NORMAL,NONE,TRAIN,True,MIXED,ACTIVE,2026-03-09,2026-06-13
0.362,SUSPECTED,SUPPORTING,0.789,NORMAL,NONE,TRAIN,True,CRIMINAL,ACTIVE,2026-01-05,2026-04-25
0.527,CONFIRMED,SUPPORTING,0.957,NORMAL,NONE,VALIDATION,True,LEGITIMATE,ACTIVE,2025-12-21,2026-05-19
0.459,UNKNOWN,NEUTRAL,0.43,NORMAL,NONE,TRAIN,True,LEGITIMATE,ACTIVE,2025-11-19,2026-02-20
0.794,FALSE,CONTRADICTING,0.198,NORMAL,NONE,TRAIN,True,CRIMINAL,ACTIVE,2026-07-29,2026-11-10
0.181,SUSPECTED,SUPPORTING,0.725,NORMAL,NONE,TRAIN,True,CRIMINAL,ACTIVE,2025-11-09,2026-03-02
0.312,SUSPECTED,SUPPORTING,0.601,NORMAL,NONE,TRAIN,True,CRIMINAL,ACTIVE,2026-03-16,2026-07-01
0.55,SUSPECTED,SUPPORTING,0.773,NORMAL,CONTEXTUAL_ANOMALY,TRAIN,True,MIXED,ACTIVE,2025-10-03,2026-04-12
0.539,SUSPECTED,SUPPORTING,0.753,NORMAL,NONE,TRAIN,True,CRIMINAL,ACTIVE,2025-10-18,2026-03-02
0.199,SUSPECTED,SUPPORTING,0.77,NORMAL,NONE,TEST,True,AMBIGUOUS,ACTIVE,2026-02-28,2026-06-17
0.078,SUSPECTED,SUPPORTING,0.738,NORMAL,NONE,VALIDATION,True,LEGITIMATE,ACTIVE,2026-04-25,2026-07-05
0.477,FALSE,CONTRADICTING,0.122,NORMAL,CONTEXTUAL_ANOMALY,TRAIN,True,MIXED,ACTIVE,2026-05-24,2026-11-06
0.073,SUSPECTED,SUPPORTING,0.62,NORMAL,NONE,TEST,True,AMBIGUOUS,ACTIVE,2025-10-19,2026-03-03
0.361,SUSPECTED,SUPPORTING,0.649,NORMAL,NONE,TEST,True,AMBIGUOUS,ACTIVE,2026-04-09,2026-08-08
0.477,SUSPECTED,SUPPORTING,0.779,NORMAL,NONE,TRAIN,True,MIXED,ACTIVE,2026-07-06,2026-09-25
0.256,CONFIRMED,SUPPORTING,0.827,NORMAL,NONE,VALIDATION,True,LEGITIMATE,ACTIVE,2025-11-29,2026-03-17
0.539,UNKNOWN,NEUTRAL,0.489,NORMAL,NONE,VALIDATION,True,LEGITIMATE,ACTIVE,2026-03-30,2026-05-13
0.297,SUSPECTED,SUPPORTING,0.68,NORMAL,NONE,TRAIN,True,MIXED,ACTIVE,2025-11-14,2026-04-04
0.3,SUSPECTED,SUPPORTING,0.807,NORMAL,TEMPORAL_ANOMALY,TRAIN,True,MIXED,ACTIVE,2026-03-31,2026-06-29
0.359,FALSE,CONTRADICTING,0.385,NORMAL,NONE,TEST,True,AMBIGUOUS,ACTIVE,2025-12-12,2026-02-21
0.429,CONFIRMED,SUPPORTING,0.938,DUPLICATE,NONE,TRAIN,True,CRIMINAL,ACTIVE,2025-12-30,2026-02-15
0.445,CONFIRMED,SUPPORTING,0.982,NORMAL,NONE,TRAIN,True,CRIMINAL,ACTIVE,2026-05-04,2026-10-31
0.253,SUSPECTED,SUPPORTING,0.821,NORMAL,COLLECTIVE_ANOMALY,TRAIN,True,CRIMINAL,ACTIVE,2026-05-05,2026-09-11
0.777,SUSPECTED,SUPPORTING,0.674,NORMAL,NONE,TEST,True,AMBIGUOUS,ACTIVE,2026-01-15,2026-04-11
0.513,SUSPECTED,SUPPORTING,0.639,NORMAL,NONE,TRAIN,True,CRIMINAL,ACTIVE,2026-05-04,2026-09-13
0.44,UNKNOWN,NEUTRAL,0.207,NORMAL,POINT_ANOMALY,TRAIN,True,MIXED,ACTIVE,2026-01-15,2026-05-12
0.416,FALSE,CONTRADICTING,0.137,NORMAL,POINT_ANOMALY,TEST,True,AMBIGUOUS,ACTIVE,2026-03-10,2026-07-15
0.564,UNKNOWN,NEUTRAL,0.429,NORMAL,NONE,TRAIN,True,MIXED,ACTIVE,2026-05-07,2026-08-03
0.152,SUSPECTED,SUPPORTING,0.832,NORMAL,CONTEXTUAL_ANOMALY,TRAIN,True,CRIMINAL,ACTIVE,2026-05-14,2026-08-28
0.227,FALSE,CONTRADICTING,0.38,NORMAL,NONE,TRAIN,True,MIXED,ACTIVE,2026-08-02,2026-10-31
0.562,UNKNOWN,NEUTRAL,0.21,NORMAL,NONE,TRAIN,True,MIXED,ACTIVE,2025-10-02,2026-02-13
0.45,SUSPECTED,SUPPORTING,0.728,NORMAL,TEMPORAL_ANOMALY,VALIDATION,True,LEGITIMATE,ACTIVE,2026-03-17,2026-08-27
0.449,SUSPECTED,SUPPORTING,0.754,NORMAL,CONTEXTUAL_ANOMALY,TRAIN,True,CRIMINAL,ACTIVE,2025-12-28,2026-05-23
0.22,CONFIRMED,SUPPORTING,0.96,NORMAL,NONE,TRAIN,True,LEGITIMATE,ACTIVE,2026-05-16,2026-08-24
0.454,CONFIRMED,SUPPORTING,0.919,NORMAL,NONE,TRAIN,True,MIXED,ACTIVE,2026-04-04,2026-07-03
0.464,CONFIRMED,SUPPORTING,0.99,NORMAL,NONE,TRAIN,True,CRIMINAL,ACTIVE,2026-02-19,2026-08-27
0.396,CONFIRMED,SUPPORTING,0.915,NORMAL,NONE,TRAIN,True,CRIMINAL,ACTIVE,2026-01-19,2026-06-13
0.565,UNKNOWN,NEUTRAL,0.534,NORMAL,NONE,TRAIN,True,CRIMINAL,ACTIVE,2026-06-01,2026-10-11
0.34,UNKNOWN,NEUTRAL,0.369,NORMAL,NONE,VALIDATION,True,LEGITIMATE,ACTIVE,2026-04-22,2026-06-07
0.357,CONFIRMED,SUPPORTING,0.854,NORMAL,NONE,TRAIN,True,CRIMINAL,ACTIVE,2025-11-05,2026-04-22
0.376,SUSPECTED,SUPPORTING,0.819,NORMAL,NONE,TEST,True,AMBIGUOUS,ACTIVE,2026-01-18,2026-05-17
0.539,CONFIRMED,SUPPORTING,0.821,NORMAL,NONE,VALIDATION,True,LEGITIMATE,ACTIVE,2025-12-08,2026-02-26
0.636,SUSPECTED,SUPPORTING,0.745,NORMAL,NONE,TRAIN,True,CRIMINAL,ACTIVE,2026-07-21,2026-10-01
0.243,SUSPECTED,SUPPORTING,0.698,NORMAL,CONTEXTUAL_ANOMALY,TEST,True,AMBIGUOUS,ACTIVE,2025-10-25,2026-04-04
0.463,SUSPECTED,SUPPORTING,0.691,NORMAL,RELATIONAL_ANOMALY,TRAIN,True,CRIMINAL,ACTIVE,2026-05-05,2026-07-04
0.882,FALSE,CONTRADICTING,0.297,NORMAL,NONE,VALIDATION,True,LEGITIMATE,ACTIVE,2026-03-06,2026-08-21
0.475,FALSE,CONTRADICTING,0.123,NORMAL,NONE,TRAIN,True,CRIMINAL,ACTIVE,2025-12-29,2026-02-21
0.576,FALSE,CONTRADICTING,0.217,NORMAL,NONE,TRAIN,True,MIXED,ACTIVE,2026-03-16,2026-06-22
0.295,SUSPECTED,SUPPORTING,0.706,NORMAL,NONE,TRAIN,True,MIXED,ACTIVE,2026-02-20,2026-08-05
0.537,FALSE,CONTRADICTING,0.236,NORMAL,NONE,TRAIN,True,CRIMINAL,ACTIVE,2026-04-11,2026-08-24
0.219,CONFIRMED,SUPPORTING,0.821,NORMAL,NONE,TRAIN,True,CRIMINAL,ACTIVE,2026-03-23,2026-06-17
0.563,FALSE,CONTRADICTING,0.256,NORMAL,NONE,TRAIN,True,CRIMINAL,ACTIVE,2026-05-20,2026-07-01
0.507,UNKNOWN,NEUTRAL,0.228,NORMAL,NONE,TRAIN,True,CRIMINAL,ACTIVE,2026-04-18,2026-07-20
0.434,FALSE,CONTRADICTING,0.288,NORMAL,POINT_ANOMALY,TRAIN,True,LEGITIMATE,ACTIVE,2026-04-17,2026-09-02
0.216,UNKNOWN,NEUTRAL,0.22,NORMAL,CONTEXTUAL_ANOMALY,VALIDATION,True,LEGITIMATE,ACTIVE,2025-12-05,2026-03-05
0.642,SUSPECTED,SUPPORTING,0.631,NORMAL,COLLECTIVE_ANOMALY,TRAIN,True,MIXED,ACTIVE,2026-01-30,2026-05-29
0.758,UNKNOWN,NEUTRAL,0.257,NORMAL,NONE,VALIDATION,True,LEGITIMATE,ACTIVE,2025-10-23,2026-02-22
0.104,SUSPECTED,SUPPORTING,0.757,NORMAL,NONE,VALIDATION,True,LEGITIMATE,ACTIVE,2026-05-13,2026-08-24
0.115,CONFIRMED,SUPPORTING,0.862,NORMAL,NONE,TRAIN,True,MIXED,ACTIVE,2026-01-01,2026-07-12
0.388,FALSE,CONTRADICTING,0.322,NORMAL,NONE,TRAIN,True,CRIMINAL,ACTIVE,2025-12-12,2026-02-18
0.615,FALSE,CONTRADICTING,0.398,NORMAL,NONE,TRAIN,True,LEGITIMATE,ACTIVE,2026-05-19,2026-09-09
0.479,UNKNOWN,NEUTRAL,0.227,NORMAL,NONE,TRAIN,True,CRIMINAL,ACTIVE,2026-02-23,2026-08-12
0.189,UNKNOWN,NEUTRAL,0.475,RECYCLED_SIM,NONE,VALIDATION,True,LEGITIMATE,ACTIVE,2025-11-18,2026-02-19
0.795,UNKNOWN,NEUTRAL,0.52,NORMAL,NONE,TRAIN,True,MIXED,ACTIVE,2026-03-21,2026-07-04
0.448,CONFIRMED,SUPPORTING,0.842,NORMAL,NONE,VALIDATION,True,LEGITIMATE,ACTIVE,2026-01-21,2026-07-01
0.467,SUSPECTED,SUPPORTING,0.822,NORMAL,NONE,TRAIN,True,LEGITIMATE,ACTIVE,2026-07-29,2026-10-31
0.254,SUSPECTED,SUPPORTING,0.704,NORMAL,POINT_ANOMALY,TRAIN,True,CRIMINAL,ACTIVE,2026-04-27,2026-06-07
0.226,UNKNOWN,NEUTRAL,0.465,NORMAL,NONE,TEST,True,AMBIGUOUS,ACTIVE,2026-03-17,2026-07-02
0.218,SUSPECTED,SUPPORTING,0.721,NORMAL,NONE,TRAIN,True,MIXED,ACTIVE,2026-02-03,2026-05-08
0.218,CONFIRMED,SUPPORTING,0.957,NORMAL,NONE,TRAIN,True,CRIMINAL,ACTIVE,2026-05-17,2026-07-14
0.205,FALSE,CONTRADICTING,0.315,NORMAL,NONE,TEST,True,AMBIGUOUS,ACTIVE,2026-02-06,2026-07-11
0.296,SUSPECTED,SUPPORTING,0.583,NORMAL,NONE,TEST,True,AMBIGUOUS,ACTIVE,2026-01-22,2026-08-02
0.565,SUSPECTED,SUPPORTING,0.825,NORMAL,NONE,TEST,True,AMBIGUOUS,ACTIVE,2025-11-04,2026-04-17
0.633,UNKNOWN,NEUTRAL,0.448,NORMAL,NONE,TEST,True,AMBIGUOUS,ACTIVE,2025-10-03,2026-04-05
0.709,SUSPECTED,SUPPORTING,0.602,NORMAL,NONE,TRAIN,True,LEGITIMATE,ACTIVE,2026-06-25,2026-08-13
0.274,CONFIRMED,SUPPORTING,0.882,NORMAL,CONTEXTUAL_ANOMALY,TRAIN,True,CRIMINAL,ACTIVE,2026-06-02,2026-10-20
0.388,UNKNOWN,NEUTRAL,0.335,NORMAL,NONE,TRAIN,True,MIXED,ACTIVE,2025-12-21,2026-02-18
0.445,SUSPECTED,SUPPORTING,0.613,NORMAL,NONE,TEST,True,AMBIGUOUS,ACTIVE,2025-10-15,2026-03-02
0.562,SUSPECTED,SUPPORTING,0.723,NORMAL,NONE,TRAIN,True,CRIMINAL,ACTIVE,2026-05-25,2026-09-23
0.26,FALSE,CONTRADICTING,0.388,NORMAL,NONE,TRAIN,True,MIXED,ACTIVE,2026-03-23,2026-06-30
0.252,CONFIRMED,SUPPORTING,0.836,STALE_DEVICE,NONE,TEST,True,AMBIGUOUS,ACTIVE,2026-02-27,2026-06-06
0.405,SUSPECTED,SUPPORTING,0.799,NORMAL,NONE,TRAIN,True,MIXED,ACTIVE,2026-02-07,2026-05-26
0.631,SUSPECTED,SUPPORTING,0.589,NORMAL,NONE,TEST,True,AMBIGUOUS,ACTIVE,2026-01-12,2026-06-24
0.469,SUSPECTED,SUPPORTING,0.645,NORMAL,NONE,TRAIN,True,MIXED,ACTIVE,2026-01-24,2026-05-02
0.27,CONFIRMED,SUPPORTING,0.899,NORMAL,NONE,TRAIN,True,MIXED,ACTIVE,2026-04-14,2026-09-08
0.275,UNKNOWN,NEUTRAL,0.342,RECYCLED_SIM,NONE,TRAIN,True,CRIMINAL,ACTIVE,2026-03-05,2026-05-05
0.092,UNKNOWN,NEUTRAL,0.328,NORMAL,TEMPORAL_ANOMALY,TRAIN,True,MIXED,ACTIVE,2026-02-04,2026-06-03
0.754,CONFIRMED,SUPPORTING,0.929,NORMAL,TEMPORAL_ANOMALY,TRAIN,True,LEGITIMATE,ACTIVE,2025-12-20,2026-05-22
0.214,UNKNOWN,NEUTRAL,0.292,NORMAL,NONE,TEST,True,AMBIGUOUS,ACTIVE,2026-06-30,2026-09-19
0.514,SUSPECTED,SUPPORTING,0.636,NORMAL,NONE,TRAIN,True,CRIMINAL,ACTIVE,2026-07-05,2026-10-12
0.313,SUSPECTED,SUPPORTING,0.855,NORMAL,NONE,TRAIN,True,MIXED,ACTIVE,2025-09-27,2026-01-21
0.176,UNKNOWN,NEUTRAL,0.261,NORMAL,NONE,TRAIN,True,CRIMINAL,ACTIVE,2026-06-01,2026-10-06
0.658,UNKNOWN,NEUTRAL,0.443,NORMAL,NONE,TRAIN,True,CRIMINAL,ACTIVE,2026-05-30,2026-10-13
0.344,UNKNOWN,NEUTRAL,0.386,NORMAL,NONE,VALIDATION,True,LEGITIMATE,ACTIVE,2026-02-18,2026-05-12
0.388,UNKNOWN,NEUTRAL,0.459,NORMAL,CONTEXTUAL_ANOMALY,TRAIN,True,MIXED,ACTIVE,2026-02-02,2026-05-19
0.193,FALSE,CONTRADICTING,0.194,NORMAL,NONE,TEST,True,AMBIGUOUS,ACTIVE,2025-12-17,2026-03-31
0.164,CONFIRMED,SUPPORTING,0.881,NORMAL,NONE,TRAIN,True,CRIMINAL,ACTIVE,2026-02-06,2026-06-30
0.552,SUSPECTED,SUPPORTING,0.844,NORMAL,NONE,VALIDATION,True,LEGITIMATE,ACTIVE,2026-04-19,2026-07-30
0.813,UNKNOWN,NEUTRAL,0.315,NORMAL,NONE,VALIDATION,True,LEGITIMATE,ACTIVE,2026-06-18,2026-09-29
0.414,CONFIRMED,SUPPORTING,0.951,NORMAL,COLLECTIVE_ANOMALY,TRAIN,True,CRIMINAL,ACTIVE,2026-03-29,2026-07-30
0.134,CONFIRMED,SUPPORTING,0.947,NORMAL,NONE,TRAIN,True,MIXED,ACTIVE,2026-06-08,2026-08-21
0.024,UNKNOWN,NEUTRAL,0.276,NORMAL,NONE,TRAIN,True,CRIMINAL,ACTIVE,2026-05-27,2026-10-29
0.539,SUSPECTED,SUPPORTING,0.633,NORMAL,TEMPORAL_ANOMALY,VALIDATION,True,LEGITIMATE,ACTIVE,2026-04-12,2026-09-16
0.223,CONFIRMED,SUPPORTING,0.92,NORMAL,NONE,TRAIN,True,CRIMINAL,ACTIVE,2025-11-10,2026-03-31
0.231,UNKNOWN,NEUTRAL,0.201,NORMAL,NONE,TEST,True,AMBIGUOUS,ACTIVE,2026-01-01,2026-05-13
0.154,UNKNOWN,NEUTRAL,0.28,NORMAL,NONE,VALIDATION,True,LEGITIMATE,ACTIVE,2026-01-29,2026-07-06
0.333,UNKNOWN,NEUTRAL,0.512,NORMAL,NONE,VALIDATION,True,LEGITIMATE,ACTIVE,2026-01-15,2026-04-18
0.489,UNKNOWN,NEUTRAL,0.492,NORMAL,NONE,TRAIN,True,MIXED,ACTIVE,2025-12-16,2026-04-10
0.428,SUSPECTED,SUPPORTING,0.667,NORMAL,NONE,TRAIN,True,MIXED,ACTIVE,2025-11-25,2026-03-12
0.216,CONFIRMED,SUPPORTING,0.857,NORMAL,NONE,TRAIN,True,LEGITIMATE,ACTIVE,2026-03-09,2026-08-05
0.802,FALSE,CONTRADICTING,0.154,NORMAL,NONE,VALIDATION,True,LEGITIMATE,ACTIVE,2025-11-08,2026-03-26
0.183,FALSE,CONTRADICTING,0.341,NORMAL,POINT_ANOMALY,TRAIN,True,CRIMINAL,ACTIVE,2026-05-11,2026-08-03
0.308,SUSPECTED,SUPPORTING,0.724,NORMAL,NONE,VALIDATION,True,LEGITIMATE,ACTIVE,2026-01-02,2026-04-09
0.231,FALSE,CONTRADICTING,0.228,NORMAL,NONE,TRAIN,True,MIXED,ACTIVE,2026-03-10,2026-07-10
0.347,UNKNOWN,NEUTRAL,0.225,NORMAL,NONE,TRAIN,True,CRIMINAL,ACTIVE,2026-01-29,2026-06-12
0.634,CONFIRMED,SUPPORTING,0.963,NORMAL,NONE,TRAIN,True,MIXED,ACTIVE,2025-12-28,2026-06-25
0.308,UNKNOWN,NEUTRAL,0.403,NORMAL,NONE,TRAIN,True,LEGITIMATE,ACTIVE,2026-01-04,2026-04-30
0.364,CONFIRMED,SUPPORTING,0.834,NORMAL,NONE,VALIDATION,True,LEGITIMATE,ACTIVE,2026-01-19,2026-03-23
0.021,CONFIRMED,SUPPORTING,0.938,SHARED_DEVICE,NONE,TEST,True,AMBIGUOUS,ACTIVE,2026-03-13,2026-07-22
0.577,SUSPECTED,SUPPORTING,0.592,NORMAL,NONE,TRAIN,True,MIXED,ACTIVE,2026-01-06,2026-04-10
0.188,UNKNOWN,NEUTRAL,0.443,NORMAL,NONE,TRAIN,True,CRIMINAL,ACTIVE,2026-01-09,2026-05-22
0.346,CONFIRMED,SUPPORTING,0.883,NORMAL,NONE,TRAIN,True,CRIMINAL,ACTIVE,2026-02-12,2026-07-09
0.628,CONFIRMED,SUPPORTING,0.855,NORMAL,NONE,VALIDATION,True,LEGITIMATE,ACTIVE,2026-01-22,2026-07-03
0.597,CONFIRMED,SUPPORTING,0.949,NORMAL,NONE,VALIDATION,True,LEGITIMATE,ACTIVE,2025-09-13,2026-02-02
0.24,SUSPECTED,SUPPORTING,0.609,NORMAL,NONE,TEST,True,AMBIGUOUS,ACTIVE,2025-12-05,2026-04-25
0.42,UNKNOWN,NEUTRAL,0.447,NORMAL,NONE,TRAIN,True,CRIMINAL,ACTIVE,2026-05-10,2026-07-28
0.471,SUSPECTED,SUPPORTING,0.652,NORMAL,NONE,TRAIN,True,CRIMINAL,ACTIVE,2026-02-28,2026-04-18
0.339,SUSPECTED,SUPPORTING,0.845,NORMAL,NONE,TRAIN,True,CRIMINAL,ACTIVE,2026-04-23,2026-08-12
0.439,UNKNOWN,NEUTRAL,0.355,NORMAL,NONE,TRAIN,True,CRIMINAL,ACTIVE,2026-01-21,2026-04-04
0.077,CONFIRMED,SUPPORTING,0.905,NORMAL,NONE,TRAIN,True,CRIMINAL,ACTIVE,2026-01-22,2026-03-27
0.535,CONFIRMED,SUPPORTING,0.958,NORMAL,NONE,TRAIN,True,MIXED,ACTIVE,2026-04-30,2026-08-13
0.273,SUSPECTED,SUPPORTING,0.798,NORMAL,NONE,VALIDATION,True,LEGITIMATE,ACTIVE,2026-06-18,2026-07-29
0.537,CONFIRMED,SUPPORTING,0.939,NORMAL,CONTEXTUAL_ANOMALY,TRAIN,True,CRIMINAL,ACTIVE,2025-10-19,2026-02-17
0.068,CONFIRMED,SUPPORTING,0.848,NORMAL,NONE,TRAIN,True,MIXED,ACTIVE,2025-12-21,2026-05-08
0.347,UNKNOWN,NEUTRAL,0.348,NORMAL,NONE,TRAIN,True,CRIMINAL,ACTIVE,2025-11-06,2026-02-10
0.38,FALSE,CONTRADICTING,0.369,NORMAL,POINT_ANOMALY,VALIDATION,True,LEGITIMATE,ACTIVE,2026-03-05,2026-08-13
0.635,FALSE,CONTRADICTING,0.17,NORMAL,NONE,TEST,True,AMBIGUOUS,ACTIVE,2026-04-10,2026-08-12
0.168,CONFIRMED,SUPPORTING,0.989,NORMAL,NONE,TRAIN,True,CRIMINAL,ACTIVE,2026-05-13,2026-07-29
0.539,CONFIRMED,SUPPORTING,0.93,NORMAL,COLLECTIVE_ANOMALY,TEST,True,AMBIGUOUS,ACTIVE,2026-02-07,2026-03-14
0.263,UNKNOWN,NEUTRAL,0.426,NORMAL,CONTEXTUAL_ANOMALY,TRAIN,True,CRIMINAL,ACTIVE,2026-01-27,2026-06-23
0.232,SUSPECTED,SUPPORTING,0.631,NORMAL,TEMPORAL_ANOMALY,TRAIN,True,CRIMINAL,ACTIVE,2026-04-30,2026-07-20
0.282,CONFIRMED,SUPPORTING,0.972,DUPLICATE,TEMPORAL_ANOMALY,TRAIN,True,CRIMINAL,ACTIVE,2025-12-05,2026-06-05
0.47,UNKNOWN,NEUTRAL,0.327,NORMAL,NONE,TRAIN,True,CRIMINAL,ACTIVE,2025-11-17,2026-02-15
0.06,UNKNOWN,NEUTRAL,0.305,NORMAL,CONTEXTUAL_ANOMALY,TRAIN,True,CRIMINAL,ACTIVE,2026-02-14,2026-05-20
0.224,SUSPECTED,SUPPORTING,0.841,NORMAL,NONE,TRAIN,True,MIXED,ACTIVE,2026-03-19,2026-07-21
0.148,FALSE,CONTRADICTING,0.237,NORMAL,NONE,TEST,True,AMBIGUOUS,ACTIVE,2026-05-11,2026-09-13
0.339,SUSPECTED,SUPPORTING,0.768,NORMAL,NONE,TRAIN,True,LEGITIMATE,ACTIVE,2026-04-17,2026-07-29
0.588,CONFIRMED,SUPPORTING,0.979,NORMAL,NONE,TRAIN,True,MIXED,ACTIVE,2026-01-01,2026-06-08
0.363,UNKNOWN,NEUTRAL,0.362,NORMAL,NONE,TRAIN,True,MIXED,ACTIVE,2026-02-14,2026-05-01
0.661,SUSPECTED,SUPPORTING,0.588,NORMAL,NONE,VALIDATION,True,LEGITIMATE,ACTIVE,2026-04-22,2026-08-13
0.234,FALSE,CONTRADICTING,0.246,NORMAL,TEMPORAL_ANOMALY,VALIDATION,True,LEGITIMATE,ACTIVE,2025-10-29,2026-04-21
0.342,UNKNOWN,NEUTRAL,0.386,NORMAL,NONE,TRAIN,True,LEGITIMATE,ACTIVE,2026-02-03,2026-07-02
0.16,UNKNOWN,NEUTRAL,0.328,NORMAL,NONE,TEST,True,AMBIGUOUS,ACTIVE,2026-03-11,2026-06-06
0.361,FALSE,CONTRADICTING,0.37,NORMAL,NONE,TRAIN,True,CRIMINAL,ACTIVE,2025-11-04,2026-03-20
0.273,SUSPECTED,SUPPORTING,0.847,NORMAL,NONE,TRAIN,True,CRIMINAL,ACTIVE,2026-02-04,2026-05-19
0.321,CONFIRMED,SUPPORTING,0.961,NORMAL,NONE,TRAIN,True,CRIMINAL,ACTIVE,2026-02-24,2026-05-29
0.372,FALSE,CONTRADICTING,0.155,NORMAL,NONE,TEST,True,AMBIGUOUS,ACTIVE,2026-05-21,2026-10-20
0.776,CONFIRMED,SUPPORTING,0.98,NORMAL,NONE,TRAIN,True,CRIMINAL,ACTIVE,2026-04-03,2026-07-20
0.177,CONFIRMED,SUPPORTING,0.979,NORMAL,NONE,TRAIN,True,CRIMINAL,ACTIVE,2026-06-25,2026-09-06
0.081,SUSPECTED,SUPPORTING,0.616,NORMAL,NONE,VALIDATION,True,LEGITIMATE,ACTIVE,2026-04-13,2026-07-08
0.339,FALSE,CONTRADICTING,0.357,NORMAL,COLLECTIVE_ANOMALY,TRAIN,True,CRIMINAL,ACTIVE,2026-02-13,2026-05-09
0.66,UNKNOWN,NEUTRAL,0.255,NORMAL,CONTEXTUAL_ANOMALY,VALIDATION,True,LEGITIMATE,ACTIVE,2026-04-23,2026-10-12
0.593,UNKNOWN,NEUTRAL,0.285,NORMAL,NONE,TRAIN,True,MIXED,ACTIVE,2026-01-11,2026-07-13
0.601,FALSE,CONTRADICTING,0.14,DUPLICATE,NONE,TRAIN,True,MIXED,ACTIVE,2025-12-20,2026-03-21
0.685,SUSPECTED,SUPPORTING,0.849,NORMAL,NONE,TRAIN,True,MIXED,ACTIVE,2026-04-11,2026-07-09
0.183,SUSPECTED,SUPPORTING,0.71,NORMAL,NONE,TRAIN,True,CRIMINAL,ACTIVE,2026-07-11,2026-09-27
0.095,UNKNOWN,NEUTRAL,0.344,DUPLICATE,NONE,TRAIN,True,CRIMINAL,ACTIVE,2025-10-03,2026-03-21
0.6,CONFIRMED,SUPPORTING,0.953,NORMAL,NONE,TRAIN,True,CRIMINAL,ACTIVE,2025-12-28,2026-04-16
0.717,FALSE,CONTRADICTING,0.269,NORMAL,NONE,TRAIN,True,CRIMINAL,ACTIVE,2025-11-11,2026-04-02
0.413,CONFIRMED,SUPPORTING,0.903,NORMAL,POINT_ANOMALY,TRAIN,True,MIXED,ACTIVE,2025-11-21,2026-03-20
0.764,SUSPECTED,SUPPORTING,0.726,NORMAL,NONE,TRAIN,True,MIXED,ACTIVE,2026-03-05,2026-07-29
0.31,UNKNOWN,NEUTRAL,0.316,NORMAL,NONE,TRAIN,True,MIXED,ACTIVE,2026-03-24,2026-07-17
0.178,FALSE,CONTRADICTING,0.309,NORMAL,COLLECTIVE_ANOMALY,TRAIN,True,CRIMINAL,ACTIVE,2025-12-01,2026-04-13
0.216,UNKNOWN,NEUTRAL,0.504,SHARED_DEVICE,NONE,TRAIN,True,MIXED,ACTIVE,2026-03-25,2026-08-29
0.234,FALSE,CONTRADICTING,0.125,NORMAL,NONE,TRAIN,True,CRIMINAL,ACTIVE,2026-03-15,2026-07-05
0.874,UNKNOWN,NEUTRAL,0.441,NORMAL,NONE,TRAIN,True,LEGITIMATE,ACTIVE,2025-12-16,2026-05-09
0.461,SUSPECTED,SUPPORTING,0.615,NORMAL,CONTEXTUAL_ANOMALY,TRAIN,True,CRIMINAL,ACTIVE,2025-11-26,2026-04-11
0.267,FALSE,CONTRADICTING,0.15,RECYCLED_SIM,NONE,TRAIN,True,LEGITIMATE,ACTIVE,2025-12-21,2026-04-17
0.086,UNKNOWN,NEUTRAL,0.249,NORMAL,NONE,TEST,True,AMBIGUOUS,ACTIVE,2026-02-15,2026-06-04
0.05,CONFIRMED,SUPPORTING,0.862,NORMAL,NONE,TRAIN,True,CRIMINAL,ACTIVE,2026-04-28,2026-06-20
0.398,UNKNOWN,NEUTRAL,0.459,NORMAL,NONE,TRAIN,True,MIXED,ACTIVE,2026-06-27,2026-10-31
0.352,FALSE,CONTRADICTING,0.395,NORMAL,COLLECTIVE_ANOMALY,VALIDATION,True,LEGITIMATE,ACTIVE,2025-12-28,2026-04-16
0.656,UNKNOWN,NEUTRAL,0.502,STALE_DEVICE,NONE,TRAIN,True,MIXED,ACTIVE,2025-11-21,2026-04-11
0.913,UNKNOWN,NEUTRAL,0.359,NORMAL,NONE,TEST,True,AMBIGUOUS,ACTIVE,2026-04-24,2026-09-06
0.225,SUSPECTED,SUPPORTING,0.65,NORMAL,POINT_ANOMALY,TRAIN,True,CRIMINAL,ACTIVE,2026-02-27,2026-07-20
0.13,CONFIRMED,SUPPORTING,0.861,NORMAL,NONE,TRAIN,True,CRIMINAL,ACTIVE,2025-11-24,2026-04-17
0.543,CONFIRMED,SUPPORTING,0.939,NORMAL,POINT_ANOMALY,TRAIN,True,MIXED,ACTIVE,2026-05-10,2026-09-05
0.361,FALSE,CONTRADICTING,0.32,NORMAL,NONE,TRAIN,True,CRIMINAL,ACTIVE,2026-03-23,2026-08-20
0.501,CONFIRMED,SUPPORTING,0.887,NORMAL,CONTEXTUAL_ANOMALY,VALIDATION,True,LEGITIMATE,ACTIVE,2025-12-14,2026-05-23
0.211,CONFIRMED,SUPPORTING,0.952,NORMAL,NONE,VALIDATION,True,LEGITIMATE,ACTIVE,2026-02-11,2026-04-20
0.207,SUSPECTED,SUPPORTING,0.734,NORMAL,NONE,TRAIN,True,MIXED,ACTIVE,2026-03-15,2026-05-28
0.5,FALSE,CONTRADICTING,0.228,NORMAL,NONE,TRAIN,True,CRIMINAL,ACTIVE,2026-05-26,2026-07-15
0.393,UNKNOWN,NEUTRAL,0.5,NORMAL,NONE,TRAIN,True,CRIMINAL,ACTIVE,2025-12-28,2026-05-17
0.223,CONFIRMED,SUPPORTING,0.928,NORMAL,RELATIONAL_ANOMALY,VALIDATION,True,LEGITIMATE,ACTIVE,2026-03-16,2026-07-06
0.281,SUSPECTED,SUPPORTING,0.79,STALE_DEVICE,NONE,VALIDATION,True,LEGITIMATE,ACTIVE,2026-05-06,2026-10-12
0.387,CONFIRMED,SUPPORTING,0.91,NORMAL,POINT_ANOMALY,TRAIN,True,CRIMINAL,ACTIVE,2026-01-19,2026-06-28
0.45,SUSPECTED,SUPPORTING,0.66,NORMAL,TEMPORAL_ANOMALY,VALIDATION,True,LEGITIMATE,ACTIVE,2026-01-03,2026-06-13
0.319,CONFIRMED,SUPPORTING,0.864,NORMAL,NONE,TEST,True,AMBIGUOUS,ACTIVE,2026-03-18,2026-08-11
0.228,SUSPECTED,SUPPORTING,0.799,NORMAL,NONE,TRAIN,True,MIXED,ACTIVE,2026-03-20,2026-07-17
0.354,SUSPECTED,SUPPORTING,0.632,NORMAL,RELATIONAL_ANOMALY,TRAIN,True,CRIMINAL,ACTIVE,2026-01-01,2026-05-02
0.503,SUSPECTED,SUPPORTING,0.744,NORMAL,TEMPORAL_ANOMALY,TRAIN,True,CRIMINAL,ACTIVE,2026-03-23,2026-08-03
0.267,CONFIRMED,SUPPORTING,0.914,NORMAL,NONE,TEST,True,AMBIGUOUS,ACTIVE,2026-05-06,2026-09-14
0.311,FALSE,CONTRADICTING,0.393,NORMAL,NONE,TRAIN,True,MIXED,ACTIVE,2026-01-18,2026-06-02
0.114,SUSPECTED,SUPPORTING,0.794,STALE_DEVICE,NONE,TEST,True,AMBIGUOUS,ACTIVE,2026-01-28,2026-06-18
0.624,FALSE,CONTRADICTING,0.191,NORMAL,TEMPORAL_ANOMALY,VALIDATION,True,LEGITIMATE,ACTIVE,2026-04-13,2026-09-19
0.377,SUSPECTED,SUPPORTING,0.762,NORMAL,NONE,TRAIN,True,MIXED,ACTIVE,2026-02-02,2026-05-01
0.552,SUSPECTED,SUPPORTING,0.636,NORMAL,NONE,TRAIN,True,CRIMINAL,ACTIVE,2026-03-31,2026-08-18
0.433,CONFIRMED,SUPPORTING,0.84,NORMAL,NONE,TRAIN,True,CRIMINAL,ACTIVE,2026-01-25,2026-04-13
0.123,SUSPECTED,SUPPORTING,0.643,NORMAL,NONE,TRAIN,True,LEGITIMATE,ACTIVE,2026-05-06,2026-08-26
0.402,CONFIRMED,SUPPORTING,0.848,NORMAL,NONE,TRAIN,True,CRIMINAL,ACTIVE,2026-01-18,2026-05-10
0.436,SUSPECTED,SUPPORTING,0.619,NORMAL,NONE,TRAIN,True,CRIMINAL,ACTIVE,2025-12-11,2026-04-19
0.073,UNKNOWN,NEUTRAL,0.347,NORMAL,POINT_ANOMALY,VALIDATION,True,LEGITIMATE,ACTIVE,2026-01-13,2026-06-24
0.415,CONFIRMED,SUPPORTING,0.868,NORMAL,TEMPORAL_ANOMALY,TRAIN,True,CRIMINAL,ACTIVE,2025-11-14,2026-03-28
0.616,SUSPECTED,SUPPORTING,0.756,NORMAL,NONE,TRAIN,True,LEGITIMATE,ACTIVE,2026-05-09,2026-08-30
0.684,FALSE,CONTRADICTING,0.392,NORMAL,POINT_ANOMALY,TRAIN,True,MIXED,ACTIVE,2025-12-26,2026-01-30
0.212,SUSPECTED,SUPPORTING,0.855,DUPLICATE,NONE,TRAIN,True,LEGITIMATE,ACTIVE,2026-07-16,2026-10-24
0.704,FALSE,CONTRADICTING,0.133,NORMAL,CONTEXTUAL_ANOMALY,TRAIN,True,MIXED,ACTIVE,2026-02-02,2026-05-07
0.191,CONFIRMED,SUPPORTING,0.935,NORMAL,NONE,VALIDATION,True,LEGITIMATE,ACTIVE,2026-01-26,2026-06-01
0.041,SUSPECTED,SUPPORTING,0.723,NORMAL,NONE,TRAIN,True,MIXED,ACTIVE,2026-02-24,2026-06-19
0.415,SUSPECTED,SUPPORTING,0.613,NORMAL,NONE,VALIDATION,True,LEGITIMATE,ACTIVE,2026-04-17,2026-09-03
0.71,SUSPECTED,SUPPORTING,0.639,NORMAL,CONTEXTUAL_ANOMALY,TEST,True,AMBIGUOUS,ACTIVE,2025-11-12,2026-04-18
0.02,UNKNOWN,NEUTRAL,0.241,DUPLICATE,RELATIONAL_ANOMALY,TRAIN,True,MIXED,ACTIVE,2026-02-21,2026-09-07
0.151,SUSPECTED,SUPPORTING,0.667,NORMAL,NONE,TEST,True,AMBIGUOUS,ACTIVE,2025-12-18,2026-03-11
0.828,SUSPECTED,SUPPORTING,0.62,NORMAL,NONE,TEST,True,AMBIGUOUS,ACTIVE,2026-06-10,2026-09-03
0.26,SUSPECTED,SUPPORTING,0.808,SHARED_DEVICE,NONE,TRAIN,True,CRIMINAL,ACTIVE,2025-11-17,2026-03-22
0.675,CONFIRMED,SUPPORTING,0.89,NORMAL,NONE,TRAIN,True,MIXED,ACTIVE,2025-12-26,2026-04-26
0.652,SUSPECTED,SUPPORTING,0.644,NORMAL,NONE,TRAIN,True,CRIMINAL,ACTIVE,2026-04-20,2026-07-30
0.198,CONFIRMED,SUPPORTING,0.834,NORMAL,NONE,TRAIN,True,CRIMINAL,ACTIVE,2025-12-30,2026-03-25
0.398,FALSE,CONTRADICTING,0.187,NORMAL,NONE,TRAIN,True,LEGITIMATE,ACTIVE,2026-03-07,2026-08-08
0.621,UNKNOWN,NEUTRAL,0.204,NORMAL,NONE,TRAIN,True,MIXED,ACTIVE,2025-11-18,2026-06-11
0.434,UNKNOWN,NEUTRAL,0.406,NORMAL,NONE,TEST,True,AMBIGUOUS,ACTIVE,2026-03-29,2026-05-25
0.081,FALSE,CONTRADICTING,0.259,NORMAL,NONE,TRAIN,True,CRIMINAL,ACTIVE,2026-02-19,2026-07-04
0.477,FALSE,CONTRADICTING,0.126,NORMAL,NONE,TRAIN,True,LEGITIMATE,ACTIVE,2025-11-24,2026-04-12
0.125,UNKNOWN,NEUTRAL,0.315,NORMAL,POINT_ANOMALY,VALIDATION,True,LEGITIMATE,ACTIVE,2026-05-05,2026-06-27
0.426,UNKNOWN,NEUTRAL,0.385,NORMAL,NONE,TRAIN,True,CRIMINAL,ACTIVE,2026-04-13,2026-07-04
0.038,UNKNOWN,NEUTRAL,0.222,NORMAL,NONE,TEST,True,AMBIGUOUS,ACTIVE,2025-11-27,2026-03-05
0.691,SUSPECTED,SUPPORTING,0.8,NORMAL,NONE,TEST,True,AMBIGUOUS,ACTIVE,2026-08-01,2026-11-02
0.736,UNKNOWN,NEUTRAL,0.201,NORMAL,CONTEXTUAL_ANOMALY,TRAIN,True,CRIMINAL,ACTIVE,2026-04-12,2026-09-21
0.285,UNKNOWN,NEUTRAL,0.471,NORMAL,NONE,TRAIN,True,CRIMINAL,ACTIVE,2025-12-25,2026-03-16
0.461,CONFIRMED,SUPPORTING,0.883,NORMAL,NONE,TRAIN,True,CRIMINAL,ACTIVE,2026-05-02,2026-08-19
0.491,SUSPECTED,SUPPORTING,0.804,NORMAL,NONE,VALIDATION,True,LEGITIMATE,ACTIVE,2026-02-13,2026-06-09
0.483,SUSPECTED,SUPPORTING,0.668,NORMAL,NONE,VALIDATION,True,LEGITIMATE,ACTIVE,2026-01-19,2026-06-22
0.692,SUSPECTED,SUPPORTING,0.824,NORMAL,RELATIONAL_ANOMALY,TEST,True,AMBIGUOUS,ACTIVE,2026-01-14,2026-06-03
0.297,CONFIRMED,SUPPORTING,0.886,NORMAL,NONE,TRAIN,True,CRIMINAL,ACTIVE,2026-04-03,2026-08-13
0.133,SUSPECTED,SUPPORTING,0.764,NORMAL,NONE,TRAIN,True,CRIMINAL,ACTIVE,2025-10-29,2026-04-09
0.512,SUSPECTED,SUPPORTING,0.749,NORMAL,NONE,TRAIN,True,CRIMINAL,ACTIVE,2025-11-16,2026-03-28
0.514,UNKNOWN,NEUTRAL,0.299,NORMAL,NONE,TRAIN,True,CRIMINAL,ACTIVE,2026-03-25,2026-09-08
0.377,SUSPECTED,SUPPORTING,0.714,NORMAL,POINT_ANOMALY,TEST,True,AMBIGUOUS,ACTIVE,2025-11-16,2026-05-13
0.585,UNKNOWN,NEUTRAL,0.403,NORMAL,NONE,TRAIN,True,MIXED,ACTIVE,2025-11-21,2026-04-18
0.691,CONFIRMED,SUPPORTING,0.87,NORMAL,NONE,TEST,True,AMBIGUOUS,ACTIVE,2026-05-05,2026-09-22
0.378,SUSPECTED,SUPPORTING,0.609,NORMAL,NONE,TRAIN,True,MIXED,ACTIVE,2026-05-07,2026-09-10
0.183,SUSPECTED,SUPPORTING,0.731,NORMAL,NONE,TRAIN,True,CRIMINAL,ACTIVE,2026-06-04,2026-09-28
0.465,UNKNOWN,NEUTRAL,0.314,NORMAL,NONE,TEST,True,AMBIGUOUS,ACTIVE,2026-01-10,2026-04-17
0.175,CONFIRMED,SUPPORTING,0.825,NORMAL,NONE,TRAIN,True,MIXED,ACTIVE,2025-10-19,2026-03-09
0.545,CONFIRMED,SUPPORTING,0.862,NORMAL,NONE,TRAIN,True,CRIMINAL,ACTIVE,2026-03-20,2026-07-13
0.56,SUSPECTED,SUPPORTING,0.736,NORMAL,POINT_ANOMALY,VALIDATION,True,LEGITIMATE,ACTIVE,2026-01-24,2026-04-16
0.356,CONFIRMED,SUPPORTING,0.832,NORMAL,NONE,VALIDATION,True,LEGITIMATE,ACTIVE,2026-03-23,2026-06-09
0.244,UNKNOWN,NEUTRAL,0.496,NORMAL,NONE,TRAIN,True,MIXED,ACTIVE,2025-12-16,2026-05-19
0.785,UNKNOWN,NEUTRAL,0.289,NORMAL,POINT_ANOMALY,TRAIN,True,CRIMINAL,ACTIVE,2026-04-13,2026-07-21
0.064,CONFIRMED,SUPPORTING,0.943,NORMAL,NONE,VALIDATION,True,LEGITIMATE,ACTIVE,2026-01-04,2026-04-26
0.532,UNKNOWN,NEUTRAL,0.287,NORMAL,NONE,TRAIN,True,CRIMINAL,ACTIVE,2026-04-02,2026-08-17
0.34,FALSE,CONTRADICTING,0.384,NORMAL,TEMPORAL_ANOMALY,VALIDATION,True,LEGITIMATE,ACTIVE,2026-02-23,2026-07-28
0.202,SUSPECTED,SUPPORTING,0.808,NORMAL,NONE,TRAIN,True,CRIMINAL,ACTIVE,2026-05-17,2026-10-23
0.066,CONFIRMED,SUPPORTING,0.875,NORMAL,NONE,TRAIN,True,CRIMINAL,ACTIVE,2026-04-19,2026-08-21
0.568,SUSPECTED,SUPPORTING,0.832,NORMAL,NONE,TRAIN,True,MIXED,ACTIVE,2026-01-01,2026-06-20
0.41,SUSPECTED,SUPPORTING,0.687,NORMAL,NONE,TRAIN,True,MIXED,ACTIVE,2026-02-02,2026-06-30
0.464,UNKNOWN,NEUTRAL,0.411,NORMAL,NONE,TRAIN,True,CRIMINAL,ACTIVE,2026-06-04,2026-07-23
0.266,SUSPECTED,SUPPORTING,0.712,NORMAL,POINT_ANOMALY,TRAIN,True,CRIMINAL,ACTIVE,2025-12-15,2026-05-11
0.129,CONFIRMED,SUPPORTING,0.964,NORMAL,NONE,TRAIN,True,CRIMINAL,ACTIVE,2026-05-23,2026-10-02
0.72,SUSPECTED,SUPPORTING,0.599,NORMAL,NONE,TRAIN,True,CRIMINAL,ACTIVE,2026-02-15,2026-04-03
0.812,CONFIRMED,SUPPORTING,0.882,NORMAL,NONE,TRAIN,True,LEGITIMATE,ACTIVE,2026-07-02,2026-10-30
0.382,CONFIRMED,SUPPORTING,0.942,NORMAL,COLLECTIVE_ANOMALY,TRAIN,True,MIXED,ACTIVE,2026-05-09,2026-07-20
0.323,CONFIRMED,SUPPORTING,0.921,DUPLICATE,NONE,TRAIN,True,MIXED,ACTIVE,2026-05-18,2026-10-13
0.23,SUSPECTED,SUPPORTING,0.649,NORMAL,NONE,TEST,True,AMBIGUOUS,ACTIVE,2026-01-06,2026-05-09
0.289,CONFIRMED,SUPPORTING,0.971,NORMAL,NONE,TEST,True,AMBIGUOUS,ACTIVE,2025-12-12,2026-04-29
0.51,CONFIRMED,SUPPORTING,0.958,NORMAL,RELATIONAL_ANOMALY,VALIDATION,True,LEGITIMATE,ACTIVE,2026-02-07,2026-06-08
0.259,CONFIRMED,SUPPORTING,0.981,NORMAL,POINT_ANOMALY,TEST,True,AMBIGUOUS,ACTIVE,2025-11-30,2026-05-01
0.353,CONFIRMED,SUPPORTING,0.941,NORMAL,NONE,TEST,True,AMBIGUOUS,ACTIVE,2026-02-18,2026-08-02
0.246,FALSE,CONTRADICTING,0.323,NORMAL,POINT_ANOMALY,TRAIN,True,CRIMINAL,ACTIVE,2026-02-02,2026-04-04
0.599,UNKNOWN,NEUTRAL,0.452,NORMAL,NONE,TEST,True,AMBIGUOUS,ACTIVE,2025-11-07,2026-02-25
0.431,UNKNOWN,NEUTRAL,0.234,NORMAL,NONE,TRAIN,True,CRIMINAL,ACTIVE,2026-05-21,2026-06-29
0.712,SUSPECTED,SUPPORTING,0.854,NORMAL,NONE,TRAIN,True,MIXED,ACTIVE,2026-06-03,2026-09-09
0.521,FALSE,CONTRADICTING,0.188,NORMAL,NONE,TRAIN,True,LEGITIMATE,ACTIVE,2026-04-25,2026-10-05
0.115,SUSPECTED,SUPPORTING,0.681,NORMAL,CONTEXTUAL_ANOMALY,TEST,True,AMBIGUOUS,ACTIVE,2026-06-23,2026-10-31
0.436,UNKNOWN,NEUTRAL,0.356,NORMAL,NONE,TRAIN,True,CRIMINAL,ACTIVE,2026-03-19,2026-06-15
0.394,UNKNOWN,NEUTRAL,0.483,NORMAL,NONE,TRAIN,True,CRIMINAL,ACTIVE,2026-04-03,2026-06-25
0.276,SUSPECTED,SUPPORTING,0.612,NORMAL,NONE,TRAIN,True,MIXED,ACTIVE,2026-03-27,2026-07-24
0.124,SUSPECTED,SUPPORTING,0.688,NORMAL,NONE,TRAIN,True,MIXED,ACTIVE,2026-05-24,2026-09-17
0.605,CONFIRMED,SUPPORTING,0.891,NORMAL,NONE,TRAIN,True,CRIMINAL,ACTIVE,2025-10-18,2026-03-17
0.564,CONFIRMED,SUPPORTING,0.842,NORMAL,CONTEXTUAL_ANOMALY,TRAIN,True,CRIMINAL,ACTIVE,2026-04-19,2026-07-13
0.726,FALSE,CONTRADICTING,0.303,NORMAL,NONE,TRAIN,True,MIXED,ACTIVE,2026-05-14,2026-09-21
0.719,SUSPECTED,SUPPORTING,0.756,NORMAL,NONE,TRAIN,True,CRIMINAL,ACTIVE,2026-06-06,2026-07-07
0.129,UNKNOWN,NEUTRAL,0.511,NORMAL,NONE,VALIDATION,True,LEGITIMATE,ACTIVE,2026-06-15,2026-09-09
0.227,FALSE,CONTRADICTING,0.265,NORMAL,NONE,VALIDATION,True,LEGITIMATE,ACTIVE,2025-12-26,2026-05-19
0.252,FALSE,CONTRADICTING,0.279,NORMAL,NONE,VALIDATION,True,LEGITIMATE,ACTIVE,2025-11-07,2026-04-20
0.342,CONFIRMED,SUPPORTING,0.977,NORMAL,NONE,TRAIN,True,CRIMINAL,ACTIVE,2026-02-24,2026-05-05
0.564,SUSPECTED,SUPPORTING,0.823,NORMAL,NONE,TRAIN,True,MIXED,ACTIVE,2026-03-12,2026-06-10
0.306,CONFIRMED,SUPPORTING,0.822,NORMAL,NONE,TEST,True,AMBIGUOUS,ACTIVE,2026-02-01,2026-05-03
0.299,CONFIRMED,SUPPORTING,0.879,NORMAL,CONTEXTUAL_ANOMALY,TRAIN,True,CRIMINAL,ACTIVE,2026-02-22,2026-07-14
0.583,UNKNOWN,NEUTRAL,0.498,NORMAL,NONE,TEST,True,AMBIGUOUS,ACTIVE,2025-10-30,2026-02-22
0.638,SUSPECTED,SUPPORTING,0.642,NORMAL,TEMPORAL_ANOMALY,TRAIN,True,MIXED,ACTIVE,2026-05-13,2026-10-11
0.745,CONFIRMED,SUPPORTING,0.947,NORMAL,NONE,TRAIN,True,CRIMINAL,ACTIVE,2026-04-08,2026-07-22
0.777,CONFIRMED,SUPPORTING,0.975,NORMAL,NONE,TEST,True,AMBIGUOUS,ACTIVE,2026-05-16,2026-10-04
0.355,SUSPECTED,SUPPORTING,0.719,NORMAL,POINT_ANOMALY,TRAIN,True,MIXED,ACTIVE,2025-10-05,2026-03-14
0.202,CONFIRMED,SUPPORTING,0.921,NORMAL,NONE,TRAIN,True,CRIMINAL,ACTIVE,2026-04-06,2026-07-30
0.4,SUSPECTED,SUPPORTING,0.817,NORMAL,COLLECTIVE_ANOMALY,TEST,True,AMBIGUOUS,ACTIVE,2026-06-01,2026-10-27
0.213,CONFIRMED,SUPPORTING,0.894,NORMAL,NONE,TEST,True,AMBIGUOUS,ACTIVE,2026-02-13,2026-07-23
0.43,SUSPECTED,SUPPORTING,0.777,NORMAL,NONE,TRAIN,True,CRIMINAL,ACTIVE,2026-03-24,2026-07-25
0.219,SUSPECTED,SUPPORTING,0.818,NORMAL,NONE,TRAIN,True,MIXED,ACTIVE,2026-05-18,2026-08-16
0.673,FALSE,CONTRADICTING,0.28,NORMAL,NONE,TRAIN,True,LEGITIMATE,ACTIVE,2026-05-28,2026-07-15
0.415,FALSE,CONTRADICTING,0.381,NORMAL,NONE,TRAIN,True,MIXED,ACTIVE,2026-02-15,2026-04-10
0.408,CONFIRMED,SUPPORTING,0.848,NORMAL,NONE,TEST,True,AMBIGUOUS,ACTIVE,2026-05-09,2026-10-09
0.761,SUSPECTED,SUPPORTING,0.807,NORMAL,NONE,TRAIN,True,CRIMINAL,ACTIVE,2026-03-26,2026-06-15
0.332,UNKNOWN,NEUTRAL,0.456,NORMAL,NONE,TRAIN,True,CRIMINAL,ACTIVE,2026-01-23,2026-07-10
0.374,UNKNOWN,NEUTRAL,0.333,NORMAL,NONE,TEST,True,AMBIGUOUS,ACTIVE,2025-11-24,2026-04-14
0.342,UNKNOWN,NEUTRAL,0.386,NORMAL,NONE,TEST,True,AMBIGUOUS,ACTIVE,2026-06-27,2026-10-07
0.284,UNKNOWN,NEUTRAL,0.357,NORMAL,NONE,TRAIN,True,MIXED,ACTIVE,2026-03-06,2026-07-05
0.383,CONFIRMED,SUPPORTING,0.965,NORMAL,TEMPORAL_ANOMALY,TRAIN,True,LEGITIMATE,ACTIVE,2026-05-20,2026-09-05
0.883,SUSPECTED,SUPPORTING,0.819,NORMAL,NONE,TRAIN,True,MIXED,ACTIVE,2026-04-26,2026-09-17
0.491,SUSPECTED,SUPPORTING,0.69,NORMAL,CONTEXTUAL_ANOMALY,TRAIN,True,CRIMINAL,ACTIVE,2026-01-20,2026-04-16
0.147,FALSE,CONTRADICTING,0.306,NORMAL,NONE,TRAIN,True,CRIMINAL,ACTIVE,2026-01-04,2026-04-19
0.514,CONFIRMED,SUPPORTING,0.965,NORMAL,COLLECTIVE_ANOMALY,TEST,True,AMBIGUOUS,ACTIVE,2026-07-03,2026-10-26
0.435,UNKNOWN,NEUTRAL,0.444,SHARED_DEVICE,NONE,TRAIN,True,MIXED,ACTIVE,2025-11-23,2026-02-09
0.348,CONFIRMED,SUPPORTING,0.853,RECYCLED_SIM,NONE,TRAIN,True,LEGITIMATE,ACTIVE,2026-02-19,2026-04-12
0.708,SUSPECTED,SUPPORTING,0.669,NORMAL,NONE,TRAIN,True,MIXED,ACTIVE,2026-03-11,2026-07-13
0.527,FALSE,CONTRADICTING,0.402,NORMAL,NONE,TEST,True,AMBIGUOUS,ACTIVE,2026-02-23,2026-06-27
0.11,SUSPECTED,SUPPORTING,0.837,NORMAL,NONE,TRAIN,True,CRIMINAL,ACTIVE,2026-03-16,2026-08-11
0.04,UNKNOWN,NEUTRAL,0.292,NORMAL,NONE,TRAIN,True,CRIMINAL,ACTIVE,2026-07-23,2026-10-28
0.337,CONFIRMED,SUPPORTING,0.935,NORMAL,NONE,VALIDATION,True,LEGITIMATE,ACTIVE,2026-04-05,2026-08-19
0.594,SUSPECTED,SUPPORTING,0.784,NORMAL,NONE,TEST,True,AMBIGUOUS,ACTIVE,2025-12-31,2026-03-04
0.242,SUSPECTED,SUPPORTING,0.766,NORMAL,NONE,TRAIN,True,CRIMINAL,ACTIVE,2025-11-11,2026-05-01
0.435,CONFIRMED,SUPPORTING,0.905,NORMAL,NONE,TRAIN,True,MIXED,ACTIVE,2026-06-02,2026-09-04
0.572,FALSE,CONTRADICTING,0.264,NORMAL,NONE,TEST,True,AMBIGUOUS,ACTIVE,2025-11-10,2026-04-07
0.434,SUSPECTED,SUPPORTING,0.844,NORMAL,NONE,TRAIN,True,MIXED,ACTIVE,2026-06-01,2026-09-14
0.354,CONFIRMED,SUPPORTING,0.893,NORMAL,RELATIONAL_ANOMALY,TRAIN,True,CRIMINAL,ACTIVE,2025-12-17,2026-05-04
0.832,UNKNOWN,NEUTRAL,0.326,NORMAL,NONE,TRAIN,True,CRIMINAL,ACTIVE,2026-04-04,2026-08-25
0.178,UNKNOWN,NEUTRAL,0.472,NORMAL,NONE,TRAIN,True,LEGITIMATE,ACTIVE,2026-07-15,2026-09-28
0.549,SUSPECTED,SUPPORTING,0.744,NORMAL,NONE,TRAIN,True,MIXED,ACTIVE,2026-01-29,2026-06-30
0.724,SUSPECTED,SUPPORTING,0.609,NORMAL,NONE,TRAIN,True,CRIMINAL,ACTIVE,2026-05-16,2026-09-10
0.481,SUSPECTED,SUPPORTING,0.646,NORMAL,NONE,TRAIN,True,MIXED,ACTIVE,2026-02-26,2026-07-24
0.432,SUSPECTED,SUPPORTING,0.706,NORMAL,NONE,VALIDATION,True,LEGITIMATE,ACTIVE,2026-01-05,2026-03-22
0.174,UNKNOWN,NEUTRAL,0.201,NORMAL,NONE,TRAIN,True,MIXED,ACTIVE,2026-02-12,2026-06-30
0.916,SUSPECTED,SUPPORTING,0.802,NORMAL,NONE,TRAIN,True,CRIMINAL,ACTIVE,2026-06-28,2026-08-12
0.133,FALSE,CONTRADICTING,0.123,NORMAL,TEMPORAL_ANOMALY,TRAIN,True,CRIMINAL,ACTIVE,2025-12-05,2026-03-25
0.311,FALSE,CONTRADICTING,0.388,NORMAL,NONE,TRAIN,True,LEGITIMATE,ACTIVE,2026-02-23,2026-05-28
0.262,FALSE,CONTRADICTING,0.181,NORMAL,NONE,VALIDATION,True,LEGITIMATE,ACTIVE,2025-12-15,2026-04-17
0.484,UNKNOWN,NEUTRAL,0.426,NORMAL,NONE,TRAIN,True,LEGITIMATE,ACTIVE,2026-01-29,2026-07-26
0.603,CONFIRMED,SUPPORTING,0.942,NORMAL,NONE,TEST,True,AMBIGUOUS,ACTIVE,2026-02-07,2026-06-09
0.32,CONFIRMED,SUPPORTING,0.856,NORMAL,NONE,VALIDATION,True,LEGITIMATE,ACTIVE,2026-02-27,2026-09-07
0.719,SUSPECTED,SUPPORTING,0.8,NORMAL,NONE,TEST,True,AMBIGUOUS,ACTIVE,2026-02-05,2026-06-13
0.372,FALSE,CONTRADICTING,0.152,NORMAL,NONE,TRAIN,True,MIXED,ACTIVE,2026-03-07,2026-08-20
0.467,CONFIRMED,SUPPORTING,0.936,NORMAL,NONE,TRAIN,True,MIXED,ACTIVE,2026-06-19,2026-10-24
0.528,SUSPECTED,SUPPORTING,0.691,NORMAL,NONE,TRAIN,True,CRIMINAL,ACTIVE,2025-10-14,2026-03-02
0.056,UNKNOWN,NEUTRAL,0.513,NORMAL,NONE,TRAIN,True,MIXED,ACTIVE,2026-04-24,2026-07-03
0.308,FALSE,CONTRADICTING,0.274,NORMAL,NONE,TRAIN,True,MIXED,ACTIVE,2026-01-21,2026-03-13
0.475,UNKNOWN,NEUTRAL,0.367,NORMAL,CONTEXTUAL_ANOMALY,TRAIN,True,CRIMINAL,ACTIVE,2026-01-05,2026-05-10
0.663,UNKNOWN,NEUTRAL,0.346,RECYCLED_SIM,NONE,TRAIN,True,MIXED,ACTIVE,2026-04-08,2026-08-30
0.419,FALSE,CONTRADICTING,0.246,NORMAL,NONE,TEST,True,AMBIGUOUS,ACTIVE,2026-03-19,2026-05-13
0.508,CONFIRMED,SUPPORTING,0.838,NORMAL,NONE,TRAIN,True,CRIMINAL,ACTIVE,2025-11-20,2026-02-07
0.12,SUSPECTED,SUPPORTING,0.599,NORMAL,NONE,TRAIN,True,CRIMINAL,ACTIVE,2025-10-25,2026-02-22
0.808,CONFIRMED,SUPPORTING,0.912,NORMAL,NONE,TRAIN,True,CRIMINAL,ACTIVE,2025-12-21,2026-03-18
0.768,UNKNOWN,NEUTRAL,0.343,NORMAL,NONE,TRAIN,True,CRIMINAL,ACTIVE,2025-12-24,2026-06-12
0.451,CONFIRMED,SUPPORTING,0.907,NORMAL,POINT_ANOMALY,TRAIN,True,CRIMINAL,ACTIVE,2026-01-16,2026-05-08
0.504,CONFIRMED,SUPPORTING,0.971,STALE_DEVICE,NONE,TRAIN,True,CRIMINAL,ACTIVE,2026-02-16,2026-08-20
0.644,SUSPECTED,SUPPORTING,0.647,NORMAL,NONE,TEST,True,AMBIGUOUS,ACTIVE,2026-05-21,2026-09-26
0.792,SUSPECTED,SUPPORTING,0.717,NORMAL,NONE,TEST,True,AMBIGUOUS,ACTIVE,2026-01-12,2026-04-09
0.65,SUSPECTED,SUPPORTING,0.855,NORMAL,NONE,TRAIN,True,CRIMINAL,ACTIVE,2026-02-13,2026-08-02
0.573,SUSPECTED,SUPPORTING,0.62,NORMAL,NONE,TEST,True,AMBIGUOUS,ACTIVE,2025-10-12,2026-04-23
0.797,SUSPECTED,SUPPORTING,0.643,NORMAL,NONE,TEST,True,AMBIGUOUS,ACTIVE,2025-09-15,2026-04-09
0.115,CONFIRMED,SUPPORTING,0.924,NORMAL,NONE,TRAIN,True,MIXED,ACTIVE,2026-03-10,2026-09-04
0.605,CONFIRMED,SUPPORTING,0.912,NORMAL,POINT_ANOMALY,TRAIN,True,CRIMINAL,ACTIVE,2026-03-22,2026-05-07
0.403,SUSPECTED,SUPPORTING,0.625,NORMAL,NONE,TRAIN,True,MIXED,ACTIVE,2026-03-07,2026-09-10
0.593,SUSPECTED,SUPPORTING,0.756,NORMAL,NONE,VALIDATION,True,LEGITIMATE,ACTIVE,2026-01-08,2026-03-29
0.732,SUSPECTED,SUPPORTING,0.757,NORMAL,NONE,TRAIN,True,CRIMINAL,ACTIVE,2026-01-18,2026-04-06
0.29,SUSPECTED,SUPPORTING,0.648,NORMAL,NONE,TRAIN,True,CRIMINAL,ACTIVE,2026-06-22,2026-10-03
0.756,SUSPECTED,SUPPORTING,0.753,NORMAL,NONE,TRAIN,True,MIXED,ACTIVE,2025-11-28,2026-05-05
0.678,UNKNOWN,NEUTRAL,0.43,NORMAL,CONTEXTUAL_ANOMALY,TEST,True,AMBIGUOUS,ACTIVE,2025-12-11,2026-04-23
0.471,CONFIRMED,SUPPORTING,0.876,NORMAL,NONE,VALIDATION,True,LEGITIMATE,ACTIVE,2026-04-17,2026-10-04
0.238,SUSPECTED,SUPPORTING,0.754,NORMAL,NONE,VALIDATION,True,LEGITIMATE,ACTIVE,2026-04-05,2026-06-14
0.485,CONFIRMED,SUPPORTING,0.901,NORMAL,NONE,TRAIN,True,CRIMINAL,ACTIVE,2026-04-15,2026-10-19
0.497,CONFIRMED,SUPPORTING,0.932,NORMAL,TEMPORAL_ANOMALY,TRAIN,True,CRIMINAL,ACTIVE,2026-01-04,2026-05-20
0.209,FALSE,CONTRADICTING,0.179,NORMAL,NONE,TEST,True,AMBIGUOUS,ACTIVE,2026-04-12,2026-06-12
0.382,CONFIRMED,SUPPORTING,0.84,NORMAL,NONE,TRAIN,True,CRIMINAL,ACTIVE,2025-09-29,2026-02-10
0.221,UNKNOWN,NEUTRAL,0.312,NORMAL,NONE,TRAIN,True,MIXED,ACTIVE,2026-04-02,2026-07-23
0.166,SUSPECTED,SUPPORTING,0.764,NORMAL,NONE,TRAIN,True,LEGITIMATE,ACTIVE,2025-12-01,2026-05-10
0.297,CONFIRMED,SUPPORTING,0.953,NORMAL,NONE,TRAIN,True,CRIMINAL,ACTIVE,2026-01-01,2026-06-28
0.368,FALSE,CONTRADICTING,0.17,NORMAL,CONTEXTUAL_ANOMALY,TRAIN,True,CRIMINAL,ACTIVE,2026-03-29,2026-07-21
0.215,CONFIRMED,SUPPORTING,0.843,NORMAL,TEMPORAL_ANOMALY,TRAIN,True,CRIMINAL,ACTIVE,2026-03-02,2026-08-25
0.062,UNKNOWN,NEUTRAL,0.319,DUPLICATE,NONE,TRAIN,True,CRIMINAL,ACTIVE,2026-03-30,2026-09-20
0.455,UNKNOWN,NEUTRAL,0.313,NORMAL,NONE,TRAIN,True,CRIMINAL,ACTIVE,2026-03-28,2026-10-06
0.41,FALSE,CONTRADICTING,0.387,NORMAL,NONE,TRAIN,True,CRIMINAL,ACTIVE,2026-05-20,2026-09-10
0.245,UNKNOWN,NEUTRAL,0.235,NORMAL,NONE,TEST,True,AMBIGUOUS,ACTIVE,2026-05-04,2026-09-08
0.698,CONFIRMED,SUPPORTING,0.983,NORMAL,NONE,TRAIN,True,CRIMINAL,ACTIVE,2026-03-09,2026-08-15
0.213,SUSPECTED,SUPPORTING,0.587,NORMAL,CONTEXTUAL_ANOMALY,TRAIN,True,MIXED,ACTIVE,2025-11-02,2026-02-24
0.459,SUSPECTED,SUPPORTING,0.86,NORMAL,NONE,TEST,True,AMBIGUOUS,ACTIVE,2026-01-15,2026-05-12
0.566,CONFIRMED,SUPPORTING,0.975,NORMAL,NONE,TRAIN,True,CRIMINAL,ACTIVE,2025-09-21,2026-04-09
0.17,FALSE,CONTRADICTING,0.134,NORMAL,NONE,TRAIN,True,CRIMINAL,ACTIVE,2025-10-16,2026-03-26
0.074,CONFIRMED,SUPPORTING,0.933,NORMAL,NONE,TRAIN,True,MIXED,ACTIVE,2026-01-07,2026-03-06
0.582,UNKNOWN,NEUTRAL,0.514,RECYCLED_SIM,COLLECTIVE_ANOMALY,TEST,True,AMBIGUOUS,ACTIVE,2026-03-28,2026-06-14
0.263,SUSPECTED,SUPPORTING,0.739,NORMAL,NONE,TEST,True,AMBIGUOUS,ACTIVE,2026-05-02,2026-08-23
0.729,CONFIRMED,SUPPORTING,0.882,NORMAL,NONE,TRAIN,True,CRIMINAL,ACTIVE,2026-04-17,2026-07-18
0.409,UNKNOWN,NEUTRAL,0.333,NORMAL,NONE,TRAIN,True,CRIMINAL,ACTIVE,2026-01-09,2026-05-29
0.64,CONFIRMED,SUPPORTING,0.889,NORMAL,NONE,TEST,True,AMBIGUOUS,ACTIVE,2026-01-20,2026-08-11
0.446,CONFIRMED,SUPPORTING,0.854,NORMAL,NONE,TRAIN,True,CRIMINAL,ACTIVE,2026-04-27,2026-06-07
0.326,UNKNOWN,NEUTRAL,0.451,NORMAL,NONE,TRAIN,True,LEGITIMATE,ACTIVE,2025-10-27,2026-04-03
0.047,SUSPECTED,SUPPORTING,0.615,NORMAL,NONE,TRAIN,True,CRIMINAL,ACTIVE,2025-12-26,2026-05-12
0.214,FALSE,CONTRADICTING,0.411,DUPLICATE,NONE,TRAIN,True,CRIMINAL,ACTIVE,2026-05-26,2026-10-01
0.539,SUSPECTED,SUPPORTING,0.786,NORMAL,RELATIONAL_ANOMALY,TRAIN,True,MIXED,ACTIVE,2026-03-24,2026-07-07
0.333,FALSE,CONTRADICTING,0.254,NORMAL,NONE,TEST,True,AMBIGUOUS,ACTIVE,2026-01-30,2026-05-07
0.12,UNKNOWN,NEUTRAL,0.236,SHARED_DEVICE,NONE,TRAIN,True,CRIMINAL,ACTIVE,2025-12-07,2026-04-05
0.83,UNKNOWN,NEUTRAL,0.208,NORMAL,NONE,TEST,True,AMBIGUOUS,ACTIVE,2025-12-26,2026-02-11
0.53,CONFIRMED,SUPPORTING,0.849,NORMAL,NONE,TRAIN,True,MIXED,ACTIVE,2025-11-08,2026-02-11
0.034,FALSE,CONTRADICTING,0.236,NORMAL,NONE,TRAIN,True,CRIMINAL,ACTIVE,2026-03-31,2026-05-13
0.56,SUSPECTED,SUPPORTING,0.786,NORMAL,TEMPORAL_ANOMALY,TRAIN,True,CRIMINAL,ACTIVE,2026-01-02,2026-05-13
0.653,CONFIRMED,SUPPORTING,0.96,NORMAL,NONE,TRAIN,True,CRIMINAL,ACTIVE,2025-10-25,2026-02-02
0.593,FALSE,CONTRADICTING,0.418,NORMAL,TEMPORAL_ANOMALY,TRAIN,True,LEGITIMATE,ACTIVE,2026-05-24,2026-09-15
0.064,SUSPECTED,SUPPORTING,0.826,NORMAL,NONE,TRAIN,True,MIXED,ACTIVE,2026-03-03,2026-06-01
0.669,CONFIRMED,SUPPORTING,0.855,NORMAL,NONE,TRAIN,True,CRIMINAL,ACTIVE,2026-05-26,2026-08-11
0.368,CONFIRMED,SUPPORTING,0.88,NORMAL,NONE,TRAIN,True,LEGITIMATE,ACTIVE,2026-02-08,2026-06-11
0.495,SUSPECTED,SUPPORTING,0.639,NORMAL,NONE,TRAIN,True,CRIMINAL,ACTIVE,2026-07-05,2026-10-30
0.643,SUSPECTED,SUPPORTING,0.634,NORMAL,NONE,TRAIN,True,CRIMINAL,ACTIVE,2026-01-21,2026-06-13
0.387,CONFIRMED,SUPPORTING,0.857,NORMAL,NONE,TRAIN,True,CRIMINAL,ACTIVE,2026-05-08,2026-08-29
0.516,SUSPECTED,SUPPORTING,0.764,RECYCLED_SIM,NONE,TRAIN,True,LEGITIMATE,ACTIVE,2026-04-05,2026-07-08
0.164,CONFIRMED,SUPPORTING,0.895,NORMAL,NONE,TRAIN,True,CRIMINAL,ACTIVE,2026-02-26,2026-05-20
0.685,SUSPECTED,SUPPORTING,0.841,NORMAL,CONTEXTUAL_ANOMALY,TRAIN,True,CRIMINAL,ACTIVE,2025-11-12,2026-02-26
0.298,FALSE,CONTRADICTING,0.357,NORMAL,NONE,TRAIN,True,MIXED,ACTIVE,2025-12-28,2026-05-21
0.514,SUSPECTED,SUPPORTING,0.656,NORMAL,NONE,VALIDATION,True,LEGITIMATE,ACTIVE,2026-04-20,2026-09-05
0.476,SUSPECTED,SUPPORTING,0.838,NORMAL,NONE,TRAIN,True,MIXED,ACTIVE,2026-01-14,2026-07-01
0.401,FALSE,CONTRADICTING,0.246,NORMAL,COLLECTIVE_ANOMALY,VALIDATION,True,LEGITIMATE,ACTIVE,2026-05-06,2026-06-26
0.534,SUSPECTED,SUPPORTING,0.713,NORMAL,CONTEXTUAL_ANOMALY,VALIDATION,True,LEGITIMATE,ACTIVE,2026-03-28,2026-10-13
0.139,SUSPECTED,SUPPORTING,0.842,NORMAL,NONE,TRAIN,True,CRIMINAL,ACTIVE,2026-04-18,2026-07-28
0.334,UNKNOWN,NEUTRAL,0.271,DUPLICATE,RELATIONAL_ANOMALY,TEST,True,AMBIGUOUS,ACTIVE,2025-11-22,2026-04-29
0.818,CONFIRMED,SUPPORTING,0.881,NORMAL,NONE,TRAIN,True,CRIMINAL,ACTIVE,2026-03-26,2026-06-29
0.29,CONFIRMED,SUPPORTING,0.842,NORMAL,NONE,TRAIN,True,CRIMINAL,ACTIVE,2026-01-11,2026-06-25
0.242,FALSE,CONTRADICTING,0.406,NORMAL,NONE,VALIDATION,True,LEGITIMATE,ACTIVE,2026-05-14,2026-09-15
0.271,UNKNOWN,NEUTRAL,0.421,NORMAL,POINT_ANOMALY,TRAIN,True,CRIMINAL,ACTIVE,2026-04-21,2026-07-15
0.398,FALSE,CONTRADICTING,0.303,NORMAL,NONE,TRAIN,True,CRIMINAL,ACTIVE,2026-06-13,2026-10-01
0.405,SUSPECTED,SUPPORTING,0.67,NORMAL,NONE,TRAIN,True,CRIMINAL,ACTIVE,2026-01-10,2026-05-12
0.6,UNKNOWN,NEUTRAL,0.296,NORMAL,NONE,TRAIN,True,CRIMINAL,ACTIVE,2026-03-10,2026-05-25
0.494,SUSPECTED,SUPPORTING,0.704,NORMAL,NONE,TRAIN,True,CRIMINAL,ACTIVE,2026-01-29,2026-06-01
0.438,CONFIRMED,SUPPORTING,0.861,NORMAL,NONE,TRAIN,True,CRIMINAL,ACTIVE,2026-03-23,2026-09-04
0.42,SUSPECTED,SUPPORTING,0.824,NORMAL,NONE,TRAIN,True,CRIMINAL,ACTIVE,2025-11-30,2026-03-08
0.571,CONFIRMED,SUPPORTING,0.96,NORMAL,NONE,TRAIN,True,MIXED,ACTIVE,2026-03-04,2026-06-30
0.234,SUSPECTED,SUPPORTING,0.654,NORMAL,NONE,TRAIN,True,CRIMINAL,ACTIVE,2026-03-24,2026-07-27
0.49,CONFIRMED,SUPPORTING,0.893,NORMAL,NONE,TEST,True,AMBIGUOUS,ACTIVE,2026-02-22,2026-06-04
0.335,UNKNOWN,NEUTRAL,0.453,NORMAL,NONE,TRAIN,True,CRIMINAL,ACTIVE,2025-11-11,2026-05-01
0.353,SUSPECTED,SUPPORTING,0.6,NORMAL,RELATIONAL_ANOMALY,TRAIN,True,CRIMINAL,ACTIVE,2026-06-27,2026-10-25
0.064,UNKNOWN,NEUTRAL,0.476,NORMAL,NONE,TRAIN,True,CRIMINAL,ACTIVE,2025-12-22,2026-03-20
0.058,CONFIRMED,SUPPORTING,0.89,NORMAL,NONE,TRAIN,True,CRIMINAL,ACTIVE,2026-06-11,2026-07-19
0.331,UNKNOWN,NEUTRAL,0.285,NORMAL,NONE,TRAIN,True,CRIMINAL,ACTIVE,2026-07-11,2026-11-06
0.219,CONFIRMED,SUPPORTING,0.982,NORMAL,NONE,TRAIN,True,CRIMINAL,ACTIVE,2026-01-05,2026-05-25
0.568,UNKNOWN,NEUTRAL,0.37,NORMAL,NONE,TRAIN,True,CRIMINAL,ACTIVE,2026-02-01,2026-04-07
0.051,SUSPECTED,SUPPORTING,0.729,NORMAL,NONE,TRAIN,True,MIXED,ACTIVE,2026-02-04,2026-06-20
0.459,FALSE,CONTRADICTING,0.122,NORMAL,NONE,VALIDATION,True,LEGITIMATE,ACTIVE,2025-12-07,2026-05-25
0.313,CONFIRMED,SUPPORTING,0.962,NORMAL,NONE,TRAIN,True,CRIMINAL,ACTIVE,2026-02-13,2026-05-22
0.199,FALSE,CONTRADICTING,0.195,NORMAL,NONE,VALIDATION,True,LEGITIMATE,ACTIVE,2026-05-07,2026-07-05
0.54,CONFIRMED,SUPPORTING,0.901,NORMAL,POINT_ANOMALY,TRAIN,True,CRIMINAL,ACTIVE,2026-03-03,2026-03-25
0.37,FALSE,CONTRADICTING,0.352,NORMAL,TEMPORAL_ANOMALY,VALIDATION,True,LEGITIMATE,ACTIVE,2026-03-14,2026-08-11
0.456,SUSPECTED,SUPPORTING,0.648,NORMAL,NONE,TRAIN,True,CRIMINAL,ACTIVE,2025-12-05,2026-03-25
0.341,SUSPECTED,SUPPORTING,0.767,NORMAL,NONE,VALIDATION,True,LEGITIMATE,ACTIVE,2025-12-23,2026-04-22
0.352,SUSPECTED,SUPPORTING,0.733,NORMAL,COLLECTIVE_ANOMALY,TRAIN,True,CRIMINAL,ACTIVE,2026-08-09,2026-10-05
0.161,SUSPECTED,SUPPORTING,0.677,NORMAL,NONE,TRAIN,True,MIXED,ACTIVE,2026-01-17,2026-06-13
0.197,UNKNOWN,NEUTRAL,0.379,NORMAL,NONE,TRAIN,True,CRIMINAL,ACTIVE,2026-04-03,2026-07-16
0.855,UNKNOWN,NEUTRAL,0.406,NORMAL,NONE,TRAIN,True,MIXED,ACTIVE,2025-10-07,2026-03-13
0.412,SUSPECTED,SUPPORTING,0.675,NORMAL,NONE,TRAIN,True,CRIMINAL,ACTIVE,2026-04-14,2026-07-14
0.589,CONFIRMED,SUPPORTING,0.917,NORMAL,NONE,TRAIN,True,MIXED,ACTIVE,2026-03-18,2026-05-31
0.653,CONFIRMED,SUPPORTING,0.88,NORMAL,NONE,TRAIN,True,CRIMINAL,ACTIVE,2025-10-26,2026-04-23
0.462,CONFIRMED,SUPPORTING,0.846,NORMAL,NONE,VALIDATION,True,LEGITIMATE,ACTIVE,2026-05-16,2026-08-05
0.417,CONFIRMED,SUPPORTING,0.876,NORMAL,POINT_ANOMALY,TRAIN,True,CRIMINAL,ACTIVE,2026-02-25,2026-07-05
0.493,CONFIRMED,SUPPORTING,0.826,NORMAL,TEMPORAL_ANOMALY,TRAIN,True,CRIMINAL,ACTIVE,2026-02-14,2026-06-28
0.333,UNKNOWN,NEUTRAL,0.404,NORMAL,NONE,VALIDATION,True,LEGITIMATE,ACTIVE,2026-04-08,2026-09-07
0.398,CONFIRMED,SUPPORTING,0.972,NORMAL,NONE,TRAIN,True,MIXED,ACTIVE,2026-01-24,2026-06-14
0.146,SUSPECTED,SUPPORTING,0.852,NORMAL,NONE,TRAIN,True,MIXED,ACTIVE,2026-03-02,2026-06-20
0.17,FALSE,CONTRADICTING,0.388,NORMAL,NONE,TRAIN,True,MIXED,ACTIVE,2026-04-01,2026-05-31
0.446,SUSPECTED,SUPPORTING,0.595,NORMAL,NONE,TRAIN,True,LEGITIMATE,ACTIVE,2026-06-11,2026-10-12
0.557,CONFIRMED,SUPPORTING,0.971,DUPLICATE,NONE,VALIDATION,True,LEGITIMATE,ACTIVE,2026-04-17,2026-10-21
0.489,FALSE,CONTRADICTING,0.415,NORMAL,NONE,TRAIN,True,CRIMINAL,ACTIVE,2026-04-17,2026-07-01
0.257,CONFIRMED,SUPPORTING,0.934,NORMAL,NONE,TRAIN,True,CRIMINAL,ACTIVE,2025-11-22,2026-04-04
0.199,SUSPECTED,SUPPORTING,0.653,NORMAL,NONE,VALIDATION,True,LEGITIMATE,ACTIVE,2026-02-16,2026-08-02
0.136,UNKNOWN,NEUTRAL,0.256,NORMAL,NONE,TEST,True,AMBIGUOUS,ACTIVE,2026-06-10,2026-10-21
0.413,CONFIRMED,SUPPORTING,0.939,NORMAL,NONE,TRAIN,True,CRIMINAL,ACTIVE,2026-01-28,2026-06-14
0.746,SUSPECTED,SUPPORTING,0.712,SHARED_DEVICE,RELATIONAL_ANOMALY,TRAIN,True,CRIMINAL,ACTIVE,2026-01-02,2026-06-15
0.228,SUSPECTED,SUPPORTING,0.815,NORMAL,NONE,TRAIN,True,MIXED,ACTIVE,2025-11-21,2026-05-07
0.674,CONFIRMED,SUPPORTING,0.972,NORMAL,NONE,TRAIN,True,CRIMINAL,ACTIVE,2026-06-21,2026-08-30
0.709,UNKNOWN,NEUTRAL,0.396,NORMAL,RELATIONAL_ANOMALY,VALIDATION,True,LEGITIMATE,ACTIVE,2026-04-23,2026-08-13
0.485,CONFIRMED,SUPPORTING,0.837,STALE_DEVICE,NONE,TRAIN,True,CRIMINAL,ACTIVE,2026-06-04,2026-08-05
0.232,CONFIRMED,SUPPORTING,0.832,NORMAL,NONE,TRAIN,True,MIXED,ACTIVE,2026-03-07,2026-07-19
0.384,UNKNOWN,NEUTRAL,0.289,NORMAL,NONE,TRAIN,True,CRIMINAL,ACTIVE,2025-11-08,2026-04-30
0.511,UNKNOWN,NEUTRAL,0.461,NORMAL,NONE,TRAIN,True,CRIMINAL,ACTIVE,2025-12-25,2026-04-18
0.336,CONFIRMED,SUPPORTING,0.864,NORMAL,CONTEXTUAL_ANOMALY,TEST,True,AMBIGUOUS,ACTIVE,2025-12-19,2026-05-03
0.23,SUSPECTED,SUPPORTING,0.661,NORMAL,NONE,TRAIN,True,MIXED,ACTIVE,2025-12-16,2026-04-15
0.372,CONFIRMED,SUPPORTING,0.915,NORMAL,NONE,TRAIN,True,CRIMINAL,ACTIVE,2026-02-27,2026-07-20
0.544,UNKNOWN,NEUTRAL,0.474,NORMAL,NONE,TRAIN,True,CRIMINAL,ACTIVE,2025-12-09,2026-06-01
0.242,CONFIRMED,SUPPORTING,0.898,NORMAL,NONE,TEST,True,AMBIGUOUS,ACTIVE,2026-05-01,2026-07-04
0.545,CONFIRMED,SUPPORTING,0.839,NORMAL,NONE,TRAIN,True,MIXED,ACTIVE,2026-05-07,2026-08-17
0.458,UNKNOWN,NEUTRAL,0.251,NORMAL,NONE,TEST,True,AMBIGUOUS,ACTIVE,2025-12-24,2026-04-02
0.489,CONFIRMED,SUPPORTING,0.929,NORMAL,NONE,TRAIN,True,CRIMINAL,ACTIVE,2026-07-06,2026-10-05
0.24,SUSPECTED,SUPPORTING,0.666,NORMAL,NONE,TRAIN,True,MIXED,ACTIVE,2026-07-28,2026-09-29
0.176,UNKNOWN,NEUTRAL,0.422,NORMAL,NONE,TRAIN,True,MIXED,ACTIVE,2025-12-04,2026-02-25
0.182,UNKNOWN,NEUTRAL,0.231,NORMAL,NONE,TRAIN,True,MIXED,ACTIVE,2025-10-07,2026-02-16
0.564,CONFIRMED,SUPPORTING,0.932,NORMAL,NONE,TRAIN,True,MIXED,ACTIVE,2026-02-20,2026-07-05
0.287,FALSE,CONTRADICTING,0.134,NORMAL,TEMPORAL_ANOMALY,TRAIN,True,MIXED,ACTIVE,2026-06-21,2026-08-22
0.591,FALSE,CONTRADICTING,0.194,NORMAL,NONE,TRAIN,True,MIXED,ACTIVE,2025-12-22,2026-06-10
0.608,CONFIRMED,SUPPORTING,0.891,NORMAL,NONE,TRAIN,True,MIXED,ACTIVE,2026-01-21,2026-06-01
0.316,SUSPECTED,SUPPORTING,0.623,NORMAL,NONE,TRAIN,True,MIXED,ACTIVE,2026-03-17,2026-05-02
0.69,UNKNOWN,NEUTRAL,0.441,NORMAL,NONE,TRAIN,True,MIXED,ACTIVE,2026-04-05,2026-07-30
0.016,FALSE,CONTRADICTING,0.249,NORMAL,NONE,TRAIN,True,MIXED,ACTIVE,2026-03-30,2026-05-06
0.121,UNKNOWN,NEUTRAL,0.495,NORMAL,NONE,TRAIN,True,MIXED,ACTIVE,2025-12-09,2026-02-22
0.28,SUSPECTED,SUPPORTING,0.748,NORMAL,COLLECTIVE_ANOMALY,VALIDATION,True,LEGITIMATE,ACTIVE,2026-03-03,2026-05-24
0.093,SUSPECTED,SUPPORTING,0.587,NORMAL,NONE,TRAIN,True,MIXED,ACTIVE,2025-12-24,2026-04-17
0.796,CONFIRMED,SUPPORTING,0.894,NORMAL,POINT_ANOMALY,TRAIN,True,MIXED,ACTIVE,2026-04-01,2026-05-30
0.164,UNKNOWN,NEUTRAL,0.348,NORMAL,NONE,TRAIN,True,CRIMINAL,ACTIVE,2026-05-30,2026-10-30
0.561,CONFIRMED,SUPPORTING,0.826,NORMAL,NONE,TRAIN,True,CRIMINAL,ACTIVE,2026-02-12,2026-05-24
0.696,CONFIRMED,SUPPORTING,0.895,NORMAL,POINT_ANOMALY,TRAIN,True,CRIMINAL,ACTIVE,2026-01-24,2026-04-17
0.197,SUSPECTED,SUPPORTING,0.685,RECYCLED_SIM,NONE,TRAIN,True,LEGITIMATE,ACTIVE,2026-01-12,2026-06-19
0.697,SUSPECTED,SUPPORTING,0.615,NORMAL,NONE,TRAIN,True,MIXED,ACTIVE,2025-10-22,2026-04-18
0.21,SUSPECTED,SUPPORTING,0.65,NORMAL,NONE,TRAIN,True,MIXED,ACTIVE,2026-04-25,2026-09-19
0.207,CONFIRMED,SUPPORTING,0.917,NORMAL,NONE,TRAIN,True,LEGITIMATE,ACTIVE,2025-12-27,2026-03-25
0.34,SUSPECTED,SUPPORTING,0.823,NORMAL,NONE,TRAIN,True,CRIMINAL,ACTIVE,2026-04-10,2026-08-09
0.122,SUSPECTED,SUPPORTING,0.666,NORMAL,NONE,TRAIN,True,MIXED,ACTIVE,2026-04-18,2026-11-04
0.652,SUSPECTED,SUPPORTING,0.611,NORMAL,NONE,VALIDATION,True,LEGITIMATE,ACTIVE,2026-02-28,2026-06-12
0.379,CONFIRMED,SUPPORTING,0.839,NORMAL,NONE,TEST,True,AMBIGUOUS,ACTIVE,2026-03-11,2026-07-17
0.742,UNKNOWN,NEUTRAL,0.319,NORMAL,NONE,VALIDATION,True,LEGITIMATE,ACTIVE,2026-05-25,2026-07-29
0.423,UNKNOWN,NEUTRAL,0.295,NORMAL,NONE,TRAIN,True,MIXED,ACTIVE,2025-11-12,2026-03-13
0.846,UNKNOWN,NEUTRAL,0.529,NORMAL,POINT_ANOMALY,TRAIN,True,CRIMINAL,ACTIVE,2026-02-08,2026-07-01
0.606,CONFIRMED,SUPPORTING,0.968,NORMAL,NONE,TRAIN,True,MIXED,ACTIVE,2026-01-26,2026-05-14
0.701,UNKNOWN,NEUTRAL,0.284,NORMAL,NONE,VALIDATION,True,LEGITIMATE,ACTIVE,2026-06-28,2026-09-10
0.472,SUSPECTED,SUPPORTING,0.723,NORMAL,NONE,TRAIN,True,LEGITIMATE,ACTIVE,2026-05-24,2026-07-26
0.062,UNKNOWN,NEUTRAL,0.227,NORMAL,CONTEXTUAL_ANOMALY,TRAIN,True,CRIMINAL,ACTIVE,2025-12-21,2026-04-07
0.375,SUSPECTED,SUPPORTING,0.831,NORMAL,TEMPORAL_ANOMALY,TRAIN,True,CRIMINAL,ACTIVE,2026-07-01,2026-09-24
0.25,CONFIRMED,SUPPORTING,0.971,NORMAL,NONE,TRAIN,True,CRIMINAL,ACTIVE,2026-02-02,2026-04-06
0.552,UNKNOWN,NEUTRAL,0.511,NORMAL,NONE,TRAIN,True,MIXED,ACTIVE,2025-09-20,2026-03-03
0.157,SUSPECTED,SUPPORTING,0.806,NORMAL,NONE,TRAIN,True,MIXED,ACTIVE,2025-09-15,2026-02-03
0.197,SUSPECTED,SUPPORTING,0.711,NORMAL,COLLECTIVE_ANOMALY,TRAIN,True,MIXED,ACTIVE,2025-12-21,2026-06-09
0.285,FALSE,CONTRADICTING,0.338,RECYCLED_SIM,NONE,TEST,True,AMBIGUOUS,ACTIVE,2026-03-31,2026-04-28
0.55,SUSPECTED,SUPPORTING,0.782,NORMAL,NONE,TRAIN,True,CRIMINAL,ACTIVE,2026-05-29,2026-08-26
0.181,SUSPECTED,SUPPORTING,0.787,NORMAL,NONE,TRAIN,True,MIXED,ACTIVE,2026-01-24,2026-08-03
0.416,SUSPECTED,SUPPORTING,0.704,NORMAL,TEMPORAL_ANOMALY,TRAIN,True,MIXED,ACTIVE,2025-12-07,2026-06-01
0.418,UNKNOWN,NEUTRAL,0.301,NORMAL,NONE,TRAIN,True,CRIMINAL,ACTIVE,2026-03-17,2026-06-24
0.111,FALSE,CONTRADICTING,0.18,NORMAL,NONE,TRAIN,True,MIXED,ACTIVE,2025-12-28,2026-06-13
0.258,SUSPECTED,SUPPORTING,0.809,NORMAL,NONE,TRAIN,True,MIXED,ACTIVE,2025-12-08,2026-05-28
0.802,UNKNOWN,NEUTRAL,0.495,NORMAL,NONE,TRAIN,True,CRIMINAL,ACTIVE,2026-06-12,2026-08-17
0.174,FALSE,CONTRADICTING,0.287,NORMAL,POINT_ANOMALY,VALIDATION,True,LEGITIMATE,ACTIVE,2026-06-01,2026-10-19
0.275,CONFIRMED,SUPPORTING,0.86,NORMAL,NONE,TEST,True,AMBIGUOUS,ACTIVE,2026-03-18,2026-09-10
0.18,SUSPECTED,SUPPORTING,0.714,NORMAL,NONE,TRAIN,True,CRIMINAL,ACTIVE,2026-01-24,2026-07-03
0.127,FALSE,CONTRADICTING,0.174,NORMAL,NONE,VALIDATION,True,LEGITIMATE,ACTIVE,2026-03-21,2026-07-07
0.485,CONFIRMED,SUPPORTING,0.929,NORMAL,NONE,TEST,True,AMBIGUOUS,ACTIVE,2026-04-03,2026-08-02
0.387,UNKNOWN,NEUTRAL,0.484,NORMAL,RELATIONAL_ANOMALY,TRAIN,True,MIXED,ACTIVE,2026-07-08,2026-10-15
0.364,SUSPECTED,SUPPORTING,0.782,NORMAL,NONE,TRAIN,True,MIXED,ACTIVE,2025-12-30,2026-03-19
0.625,SUSPECTED,SUPPORTING,0.697,NORMAL,NONE,TEST,True,AMBIGUOUS,ACTIVE,2025-10-25,2026-04-06
0.138,CONFIRMED,SUPPORTING,0.859,NORMAL,CONTEXTUAL_ANOMALY,TEST,True,AMBIGUOUS,ACTIVE,2026-01-03,2026-03-21
0.236,UNKNOWN,NEUTRAL,0.317,NORMAL,NONE,TRAIN,True,MIXED,ACTIVE,2025-12-30,2026-03-31
0.143,FALSE,CONTRADICTING,0.365,NORMAL,COLLECTIVE_ANOMALY,TRAIN,True,LEGITIMATE,ACTIVE,2026-01-20,2026-06-27
0.013,SUSPECTED,SUPPORTING,0.687,NORMAL,NONE,TEST,True,AMBIGUOUS,ACTIVE,2026-01-07,2026-03-13
0.293,CONFIRMED,SUPPORTING,0.823,NORMAL,NONE,TRAIN,True,CRIMINAL,ACTIVE,2026-02-07,2026-06-22
0.236,SUSPECTED,SUPPORTING,0.791,NORMAL,NONE,TRAIN,True,MIXED,ACTIVE,2025-12-05,2026-03-17
0.586,SUSPECTED,SUPPORTING,0.763,NORMAL,NONE,TRAIN,True,CRIMINAL,ACTIVE,2025-10-16,2026-03-25
0.498,SUSPECTED,SUPPORTING,0.62,NORMAL,NONE,TRAIN,True,LEGITIMATE,ACTIVE,2026-03-18,2026-06-06
0.452,SUSPECTED,SUPPORTING,0.789,NORMAL,NONE,TRAIN,True,MIXED,ACTIVE,2026-01-04,2026-05-24
0.651,FALSE,CONTRADICTING,0.412,NORMAL,RELATIONAL_ANOMALY,TRAIN,True,CRIMINAL,ACTIVE,2026-04-10,2026-08-22
0.185,CONFIRMED,SUPPORTING,0.967,NORMAL,NONE,TEST,True,AMBIGUOUS,ACTIVE,2026-03-25,2026-06-28
0.319,SUSPECTED,SUPPORTING,0.685,NORMAL,NONE,TRAIN,True,MIXED,ACTIVE,2026-04-19,2026-07-09
0.064,FALSE,CONTRADICTING,0.218,NORMAL,NONE,TRAIN,True,CRIMINAL,ACTIVE,2026-05-26,2026-08-29
0.56,CONFIRMED,SUPPORTING,0.879,NORMAL,NONE,TRAIN,True,CRIMINAL,ACTIVE,2026-02-18,2026-06-20
0.726,UNKNOWN,NEUTRAL,0.255,NORMAL,NONE,TRAIN,True,MIXED,ACTIVE,2026-07-19,2026-09-02
0.318,CONFIRMED,SUPPORTING,0.916,NORMAL,NONE,TRAIN,True,CRIMINAL,ACTIVE,2026-04-02,2026-09-15
0.349,UNKNOWN,NEUTRAL,0.394,NORMAL,CONTEXTUAL_ANOMALY,VALIDATION,True,LEGITIMATE,ACTIVE,2025-12-03,2026-02-17
0.508,SUSPECTED,SUPPORTING,0.786,NORMAL,NONE,TEST,True,AMBIGUOUS,ACTIVE,2026-04-29,2026-06-23
0.578,UNKNOWN,NEUTRAL,0.384,NORMAL,NONE,VALIDATION,True,LEGITIMATE,ACTIVE,2026-02-28,2026-05-18
0.102,CONFIRMED,SUPPORTING,0.926,NORMAL,NONE,TRAIN,True,MIXED,ACTIVE,2025-12-07,2026-03-19
0.433,SUSPECTED,SUPPORTING,0.628,NORMAL,NONE,TEST,True,AMBIGUOUS,ACTIVE,2026-05-06,2026-08-23
0.272,SUSPECTED,SUPPORTING,0.856,NORMAL,CONTEXTUAL_ANOMALY,TRAIN,True,CRIMINAL,ACTIVE,2026-02-04,2026-06-24
0.23,UNKNOWN,NEUTRAL,0.315,NORMAL,NONE,TRAIN,True,MIXED,ACTIVE,2025-11-05,2026-05-14
0.138,FALSE,CONTRADICTING,0.28,NORMAL,NONE,VALIDATION,True,LEGITIMATE,ACTIVE,2026-01-10,2026-05-03
0.558,FALSE,CONTRADICTING,0.411,NORMAL,NONE,TRAIN,True,MIXED,ACTIVE,2025-10-09,2026-04-04
0.272,SUSPECTED,SUPPORTING,0.617,NORMAL,NONE,VALIDATION,True,LEGITIMATE,ACTIVE,2025-10-19,2026-03-30
0.596,UNKNOWN,NEUTRAL,0.269,NORMAL,NONE,TRAIN,True,CRIMINAL,ACTIVE,2026-04-02,2026-06-30
0.527,SUSPECTED,SUPPORTING,0.746,NORMAL,COLLECTIVE_ANOMALY,TRAIN,True,MIXED,ACTIVE,2026-04-14,2026-08-14
0.197,SUSPECTED,SUPPORTING,0.797,NORMAL,NONE,VALIDATION,True,LEGITIMATE,ACTIVE,2026-04-24,2026-08-29
0.071,FALSE,CONTRADICTING,0.394,NORMAL,NONE,TRAIN,True,CRIMINAL,ACTIVE,2026-05-14,2026-09-19
0.592,SUSPECTED,SUPPORTING,0.733,NORMAL,NONE,TRAIN,True,LEGITIMATE,ACTIVE,2025-11-12,2026-02-10
0.27,SUSPECTED,SUPPORTING,0.782,RECYCLED_SIM,NONE,TRAIN,True,CRIMINAL,ACTIVE,2026-01-27,2026-03-26
0.427,CONFIRMED,SUPPORTING,0.945,NORMAL,NONE,TRAIN,True,CRIMINAL,ACTIVE,2025-12-29,2026-03-15
0.299,CONFIRMED,SUPPORTING,0.91,NORMAL,NONE,TRAIN,True,LEGITIMATE,ACTIVE,2025-11-29,2026-03-14
0.345,SUSPECTED,SUPPORTING,0.603,NORMAL,COLLECTIVE_ANOMALY,TRAIN,True,CRIMINAL,ACTIVE,2025-10-20,2026-02-26
0.553,SUSPECTED,SUPPORTING,0.683,NORMAL,NONE,TRAIN,True,MIXED,ACTIVE,2026-05-07,2026-07-05
0.13,SUSPECTED,SUPPORTING,0.85,NORMAL,NONE,TRAIN,True,MIXED,ACTIVE,2025-10-17,2026-02-10
0.22,CONFIRMED,SUPPORTING,0.851,NORMAL,NONE,TEST,True,AMBIGUOUS,ACTIVE,2026-03-26,2026-07-14
0.128,CONFIRMED,SUPPORTING,0.943,NORMAL,NONE,TRAIN,True,CRIMINAL,ACTIVE,2026-04-08,2026-08-22
0.651,CONFIRMED,SUPPORTING,0.951,NORMAL,NONE,TRAIN,True,MIXED,ACTIVE,2025-12-11,2026-03-06
0.722,FALSE,CONTRADICTING,0.404,NORMAL,POINT_ANOMALY,VALIDATION,True,LEGITIMATE,ACTIVE,2026-05-26,2026-07-28
0.341,FALSE,CONTRADICTING,0.177,NORMAL,NONE,TRAIN,True,CRIMINAL,ACTIVE,2026-06-13,2026-09-23
0.174,CONFIRMED,SUPPORTING,0.917,NORMAL,NONE,TRAIN,True,MIXED,ACTIVE,2025-11-03,2026-05-13
0.664,UNKNOWN,NEUTRAL,0.5,NORMAL,NONE,TRAIN,True,CRIMINAL,ACTIVE,2026-01-10,2026-03-11
0.497,FALSE,CONTRADICTING,0.322,NORMAL,NONE,VALIDATION,True,LEGITIMATE,ACTIVE,2026-01-06,2026-02-09
0.549,FALSE,CONTRADICTING,0.299,NORMAL,NONE,TRAIN,True,MIXED,ACTIVE,2025-12-05,2026-03-11
0.559,SUSPECTED,SUPPORTING,0.6,NORMAL,NONE,TRAIN,True,MIXED,ACTIVE,2026-01-28,2026-04-05
0.358,SUSPECTED,SUPPORTING,0.725,NORMAL,NONE,TRAIN,True,CRIMINAL,ACTIVE,2026-01-17,2026-04-26
0.146,CONFIRMED,SUPPORTING,0.948,NORMAL,NONE,TRAIN,True,CRIMINAL,ACTIVE,2026-04-27,2026-09-29
0.068,SUSPECTED,SUPPORTING,0.595,NORMAL,NONE,TEST,True,AMBIGUOUS,ACTIVE,2026-06-01,2026-09-30
0.094,CONFIRMED,SUPPORTING,0.904,NORMAL,NONE,TRAIN,True,CRIMINAL,ACTIVE,2026-05-20,2026-08-13
0.584,CONFIRMED,SUPPORTING,0.98,NORMAL,NONE,TRAIN,True,CRIMINAL,ACTIVE,2025-10-04,2026-02-06
0.047,UNKNOWN,NEUTRAL,0.523,NORMAL,NONE,TRAIN,True,LEGITIMATE,ACTIVE,2026-02-17,2026-05-01
0.677,SUSPECTED,SUPPORTING,0.631,NORMAL,CONTEXTUAL_ANOMALY,TEST,True,AMBIGUOUS,ACTIVE,2026-02-24,2026-04-20
0.463,CONFIRMED,SUPPORTING,0.928,NORMAL,NONE,TRAIN,True,CRIMINAL,ACTIVE,2026-02-26,2026-07-11
0.833,CONFIRMED,SUPPORTING,0.986,NORMAL,NONE,TRAIN,True,CRIMINAL,ACTIVE,2026-05-13,2026-07-12
0.442,UNKNOWN,NEUTRAL,0.282,NORMAL,TEMPORAL_ANOMALY,VALIDATION,True,LEGITIMATE,ACTIVE,2026-04-27,2026-09-25
0.518,UNKNOWN,NEUTRAL,0.452,NORMAL,NONE,TRAIN,True,CRIMINAL,ACTIVE,2025-12-26,2026-06-20
0.44,CONFIRMED,SUPPORTING,0.952,NORMAL,NONE,TRAIN,True,CRIMINAL,ACTIVE,2026-04-08,2026-08-26
0.254,SUSPECTED,SUPPORTING,0.693,NORMAL,NONE,VALIDATION,True,LEGITIMATE,ACTIVE,2025-11-09,2026-03-31
0.748,SUSPECTED,SUPPORTING,0.73,NORMAL,NONE,TRAIN,True,CRIMINAL,ACTIVE,2026-07-02,2026-08-08
0.667,CONFIRMED,SUPPORTING,0.989,NORMAL,NONE,TRAIN,True,MIXED,ACTIVE,2025-12-29,2026-01-25
0.161,CONFIRMED,SUPPORTING,0.859,NORMAL,NONE,TRAIN,True,CRIMINAL,ACTIVE,2026-02-13,2026-06-16
0.873,CONFIRMED,SUPPORTING,0.907,NORMAL,TEMPORAL_ANOMALY,TRAIN,True,CRIMINAL,ACTIVE,2026-05-27,2026-08-28
0.087,SUSPECTED,SUPPORTING,0.777,NORMAL,NONE,TEST,True,AMBIGUOUS,ACTIVE,2026-04-24,2026-08-29
0.254,UNKNOWN,NEUTRAL,0.217,NORMAL,NONE,TEST,True,AMBIGUOUS,ACTIVE,2026-06-20,2026-09-15
0.805,CONFIRMED,SUPPORTING,0.85,NORMAL,NONE,TRAIN,True,MIXED,ACTIVE,2026-05-04,2026-10-10
0.249,UNKNOWN,NEUTRAL,0.519,NORMAL,NONE,TRAIN,True,CRIMINAL,ACTIVE,2026-01-06,2026-04-22
0.456,CONFIRMED,SUPPORTING,0.956,NORMAL,NONE,VALIDATION,True,LEGITIMATE,ACTIVE,2025-11-03,2026-04-12
0.317,UNKNOWN,NEUTRAL,0.363,NORMAL,RELATIONAL_ANOMALY,VALIDATION,True,LEGITIMATE,ACTIVE,2026-02-09,2026-06-12
0.516,UNKNOWN,NEUTRAL,0.241,DUPLICATE,POINT_ANOMALY,TRAIN,True,CRIMINAL,ACTIVE,2026-02-07,2026-04-20
0.236,SUSPECTED,SUPPORTING,0.81,NORMAL,NONE,TRAIN,True,MIXED,ACTIVE,2025-11-28,2026-02-22
0.533,FALSE,CONTRADICTING,0.331,NORMAL,NONE,TEST,True,AMBIGUOUS,ACTIVE,2026-03-22,2026-08-17
0.391,CONFIRMED,SUPPORTING,0.938,NORMAL,NONE,TRAIN,True,CRIMINAL,ACTIVE,2026-06-03,2026-07-18
0.478,SUSPECTED,SUPPORTING,0.66,NORMAL,NONE,TRAIN,True,MIXED,ACTIVE,2025-10-06,2026-04-21
0.363,CONFIRMED,SUPPORTING,0.858,NORMAL,NONE,TRAIN,True,CRIMINAL,ACTIVE,2026-04-30,2026-08-25
0.364,FALSE,CONTRADICTING,0.37,NORMAL,NONE,TEST,True,AMBIGUOUS,ACTIVE,2025-11-24,2026-03-27
0.493,SUSPECTED,SUPPORTING,0.639,NORMAL,NONE,TEST,True,AMBIGUOUS,ACTIVE,2026-06-16,2026-08-06
0.646,UNKNOWN,NEUTRAL,0.212,NORMAL,NONE,TRAIN,True,CRIMINAL,ACTIVE,2025-11-03,2026-03-16
0.318,FALSE,CONTRADICTING,0.197,NORMAL,NONE,TRAIN,True,LEGITIMATE,ACTIVE,2026-06-24,2026-07-31
0.46,CONFIRMED,SUPPORTING,0.934,NORMAL,NONE,TRAIN,True,MIXED,ACTIVE,2025-12-14,2026-03-21
0.345,SUSPECTED,SUPPORTING,0.703,NORMAL,NONE,TEST,True,AMBIGUOUS,ACTIVE,2026-04-26,2026-06-09
0.586,SUSPECTED,SUPPORTING,0.674,NORMAL,NONE,TRAIN,True,MIXED,ACTIVE,2026-03-22,2026-09-01
0.451,SUSPECTED,SUPPORTING,0.756,SHARED_DEVICE,NONE,VALIDATION,True,LEGITIMATE,ACTIVE,2026-02-06,2026-05-16
0.198,FALSE,CONTRADICTING,0.372,NORMAL,NONE,TRAIN,True,MIXED,ACTIVE,2026-03-06,2026-07-25
0.558,FALSE,CONTRADICTING,0.358,RECYCLED_SIM,TEMPORAL_ANOMALY,TRAIN,True,MIXED,ACTIVE,2026-03-05,2026-07-11
0.331,CONFIRMED,SUPPORTING,0.982,NORMAL,NONE,TRAIN,True,MIXED,ACTIVE,2026-06-01,2026-07-13
0.203,CONFIRMED,SUPPORTING,0.85,NORMAL,NONE,VALIDATION,True,LEGITIMATE,ACTIVE,2026-01-20,2026-06-26
0.807,UNKNOWN,NEUTRAL,0.402,NORMAL,NONE,TEST,True,AMBIGUOUS,ACTIVE,2026-08-01,2026-11-05
0.588,CONFIRMED,SUPPORTING,0.937,NORMAL,NONE,TRAIN,True,MIXED,ACTIVE,2025-11-30,2026-03-28
0.104,FALSE,CONTRADICTING,0.397,NORMAL,NONE,TRAIN,True,CRIMINAL,ACTIVE,2026-06-21,2026-11-12
0.845,CONFIRMED,SUPPORTING,0.844,NORMAL,POINT_ANOMALY,TRAIN,True,MIXED,ACTIVE,2026-01-03,2026-04-21
0.819,SUSPECTED,SUPPORTING,0.683,NORMAL,RELATIONAL_ANOMALY,TEST,True,AMBIGUOUS,ACTIVE,2026-05-05,2026-09-28
0.587,SUSPECTED,SUPPORTING,0.644,NORMAL,NONE,TRAIN,True,CRIMINAL,ACTIVE,2025-11-15,2026-03-11
0.039,SUSPECTED,SUPPORTING,0.701,NORMAL,NONE,TRAIN,True,MIXED,ACTIVE,2026-03-05,2026-07-22
0.386,SUSPECTED,SUPPORTING,0.583,NORMAL,NONE,TRAIN,True,CRIMINAL,ACTIVE,2026-02-28,2026-06-15
0.734,SUSPECTED,SUPPORTING,0.703,NORMAL,NONE,TRAIN,True,CRIMINAL,ACTIVE,2026-06-03,2026-10-19
0.367,SUSPECTED,SUPPORTING,0.602,NORMAL,NONE,TRAIN,True,MIXED,ACTIVE,2026-01-03,2026-02-28
0.287,UNKNOWN,NEUTRAL,0.404,NORMAL,NONE,TRAIN,True,MIXED,ACTIVE,2026-04-24,2026-10-07
0.247,SUSPECTED,SUPPORTING,0.808,NORMAL,POINT_ANOMALY,TRAIN,True,CRIMINAL,ACTIVE,2026-01-05,2026-05-05
0.269,UNKNOWN,NEUTRAL,0.421,NORMAL,TEMPORAL_ANOMALY,TRAIN,True,MIXED,ACTIVE,2026-01-22,2026-05-08
0.071,CONFIRMED,SUPPORTING,0.857,NORMAL,CONTEXTUAL_ANOMALY,TRAIN,True,MIXED,ACTIVE,2026-02-22,2026-08-31
0.89,CONFIRMED,SUPPORTING,0.896,NORMAL,NONE,TRAIN,True,MIXED,ACTIVE,2026-05-19,2026-10-31
0.207,CONFIRMED,SUPPORTING,0.841,NORMAL,COLLECTIVE_ANOMALY,TRAIN,True,CRIMINAL,ACTIVE,2025-12-23,2026-02-22
0.387,UNKNOWN,NEUTRAL,0.514,NORMAL,NONE,TRAIN,True,MIXED,ACTIVE,2026-01-06,2026-06-18
0.484,SUSPECTED,SUPPORTING,0.762,NORMAL,CONTEXTUAL_ANOMALY,TRAIN,True,MIXED,ACTIVE,2025-12-09,2026-06-03
0.459,SUSPECTED,SUPPORTING,0.709,NORMAL,NONE,TRAIN,True,CRIMINAL,ACTIVE,2026-02-17,2026-09-11
0.473,UNKNOWN,NEUTRAL,0.542,NORMAL,POINT_ANOMALY,VALIDATION,True,LEGITIMATE,ACTIVE,2026-04-28,2026-09-21
0.604,FALSE,CONTRADICTING,0.376,NORMAL,NONE,TRAIN,True,MIXED,ACTIVE,2025-12-30,2026-03-01
0.609,CONFIRMED,SUPPORTING,0.869,NORMAL,NONE,VALIDATION,True,LEGITIMATE,ACTIVE,2026-06-24,2026-09-13
0.089,CONFIRMED,SUPPORTING,0.95,NORMAL,NONE,TRAIN,True,MIXED,ACTIVE,2026-03-05,2026-08-16
0.182,FALSE,CONTRADICTING,0.32,NORMAL,NONE,TRAIN,True,MIXED,ACTIVE,2026-02-01,2026-04-24
0.805,CONFIRMED,SUPPORTING,0.957,NORMAL,NONE,TRAIN,True,CRIMINAL,ACTIVE,2026-07-10,2026-10-11
0.434,SUSPECTED,SUPPORTING,0.651,NORMAL,NONE,VALIDATION,True,LEGITIMATE,ACTIVE,2026-01-24,2026-05-19
0.644,SUSPECTED,SUPPORTING,0.789,NORMAL,NONE,TRAIN,True,CRIMINAL,ACTIVE,2026-01-15,2026-03-24
0.332,SUSPECTED,SUPPORTING,0.858,RECYCLED_SIM,TEMPORAL_ANOMALY,TRAIN,True,LEGITIMATE,ACTIVE,2026-02-04,2026-05-31
0.442,CONFIRMED,SUPPORTING,0.852,NORMAL,NONE,TRAIN,True,MIXED,ACTIVE,2026-01-06,2026-05-19
0.67,SUSPECTED,SUPPORTING,0.751,NORMAL,NONE,TRAIN,True,CRIMINAL,ACTIVE,2026-04-09,2026-09-04
0.44,FALSE,CONTRADICTING,0.171,NORMAL,NONE,TEST,True,AMBIGUOUS,ACTIVE,2026-05-26,2026-09-01
0.425,CONFIRMED,SUPPORTING,0.847,NORMAL,NONE,TRAIN,True,CRIMINAL,ACTIVE,2025-12-07,2026-05-07
0.175,FALSE,CONTRADICTING,0.23,NORMAL,NONE,TEST,True,AMBIGUOUS,ACTIVE,2026-06-06,2026-09-23
0.81,FALSE,CONTRADICTING,0.368,NORMAL,NONE,TRAIN,True,CRIMINAL,ACTIVE,2026-02-15,2026-05-29
0.276,FALSE,CONTRADICTING,0.36,NORMAL,RELATIONAL_ANOMALY,TRAIN,True,CRIMINAL,ACTIVE,2025-10-27,2026-03-04
0.295,CONFIRMED,SUPPORTING,0.966,NORMAL,POINT_ANOMALY,TRAIN,True,CRIMINAL,ACTIVE,2025-11-20,2026-04-04
0.791,FALSE,CONTRADICTING,0.247,NORMAL,CONTEXTUAL_ANOMALY,TRAIN,True,MIXED,ACTIVE,2025-11-02,2026-02-20
0.584,SUSPECTED,SUPPORTING,0.685,NORMAL,NONE,TRAIN,True,MIXED,ACTIVE,2026-04-23,2026-08-25
0.397,CONFIRMED,SUPPORTING,0.865,NORMAL,POINT_ANOMALY,TRAIN,True,CRIMINAL,ACTIVE,2026-05-02,2026-06-22
0.588,SUSPECTED,SUPPORTING,0.588,NORMAL,NONE,TRAIN,True,CRIMINAL,ACTIVE,2026-04-16,2026-07-14
0.633,SUSPECTED,SUPPORTING,0.789,NORMAL,NONE,TRAIN,True,MIXED,ACTIVE,2026-01-08,2026-06-28
0.138,CONFIRMED,SUPPORTING,0.837,NORMAL,CONTEXTUAL_ANOMALY,TRAIN,True,MIXED,ACTIVE,2026-01-24,2026-06-16
0.378,CONFIRMED,SUPPORTING,0.981,NORMAL,NONE,TRAIN,True,CRIMINAL,ACTIVE,2026-01-16,2026-05-24
0.336,FALSE,CONTRADICTING,0.149,NORMAL,NONE,TEST,True,AMBIGUOUS,ACTIVE,2026-01-08,2026-05-19
0.543,CONFIRMED,SUPPORTING,0.932,NORMAL,COLLECTIVE_ANOMALY,TRAIN,True,LEGITIMATE,ACTIVE,2025-11-28,2026-04-01
0.369,UNKNOWN,NEUTRAL,0.331,NORMAL,NONE,TRAIN,True,MIXED,ACTIVE,2026-06-18,2026-10-05
0.262,FALSE,CONTRADICTING,0.182,NORMAL,POINT_ANOMALY,TEST,True,AMBIGUOUS,ACTIVE,2026-07-21,2026-08-19
0.704,UNKNOWN,NEUTRAL,0.543,NORMAL,NONE,VALIDATION,True,LEGITIMATE,ACTIVE,2026-01-11,2026-02-09
0.253,CONFIRMED,SUPPORTING,0.9,NORMAL,COLLECTIVE_ANOMALY,TRAIN,True,CRIMINAL,ACTIVE,2026-01-19,2026-07-13
0.314,FALSE,CONTRADICTING,0.122,NORMAL,NONE,TRAIN,True,CRIMINAL,ACTIVE,2026-02-12,2026-05-20
0.745,CONFIRMED,SUPPORTING,0.988,NORMAL,NONE,VALIDATION,True,LEGITIMATE,ACTIVE,2025-10-09,2026-03-19
0.594,SUSPECTED,SUPPORTING,0.729,NORMAL,NONE,TRAIN,True,MIXED,ACTIVE,2026-05-30,2026-07-25
0.241,CONFIRMED,SUPPORTING,0.985,NORMAL,NONE,TRAIN,True,CRIMINAL,ACTIVE,2025-11-05,2026-03-08
0.329,FALSE,CONTRADICTING,0.409,NORMAL,NONE,TRAIN,True,CRIMINAL,ACTIVE,2026-05-15,2026-09-24
0.452,CONFIRMED,SUPPORTING,0.968,NORMAL,NONE,TRAIN,True,CRIMINAL,ACTIVE,2026-01-28,2026-05-01
0.198,FALSE,CONTRADICTING,0.285,NORMAL,TEMPORAL_ANOMALY,TRAIN,True,CRIMINAL,ACTIVE,2025-11-27,2026-04-06
0.117,SUSPECTED,SUPPORTING,0.627,NORMAL,CONTEXTUAL_ANOMALY,TRAIN,True,CRIMINAL,ACTIVE,2026-04-09,2026-07-03
0.215,SUSPECTED,SUPPORTING,0.606,NORMAL,NONE,TRAIN,True,CRIMINAL,ACTIVE,2026-06-10,2026-09-27
0.192,SUSPECTED,SUPPORTING,0.799,NORMAL,NONE,VALIDATION,True,LEGITIMATE,ACTIVE,2026-06-16,2026-08-27
0.468,SUSPECTED,SUPPORTING,0.644,NORMAL,NONE,TRAIN,True,CRIMINAL,ACTIVE,2025-12-19,2026-05-09
0.257,FALSE,CONTRADICTING,0.216,NORMAL,NONE,TRAIN,True,MIXED,ACTIVE,2026-01-14,2026-05-14
0.246,UNKNOWN,NEUTRAL,0.258,NORMAL,NONE,TRAIN,True,MIXED,ACTIVE,2026-03-25,2026-08-15
0.68,FALSE,CONTRADICTING,0.347,NORMAL,NONE,TRAIN,True,CRIMINAL,ACTIVE,2025-12-24,2026-04-23
0.599,UNKNOWN,NEUTRAL,0.292,NORMAL,NONE,VALIDATION,True,LEGITIMATE,ACTIVE,2025-12-10,2026-04-27
0.661,FALSE,CONTRADICTING,0.263,NORMAL,NONE,VALIDATION,True,LEGITIMATE,ACTIVE,2025-12-06,2026-02-19
0.577,SUSPECTED,SUPPORTING,0.66,NORMAL,NONE,VALIDATION,True,LEGITIMATE,ACTIVE,2026-02-18,2026-06-04
0.603,CONFIRMED,SUPPORTING,0.866,NORMAL,NONE,TRAIN,True,CRIMINAL,ACTIVE,2026-02-05,2026-06-03
0.156,UNKNOWN,NEUTRAL,0.403,NORMAL,NONE,TRAIN,True,CRIMINAL,ACTIVE,2026-03-30,2026-08-04
0.529,UNKNOWN,NEUTRAL,0.369,NORMAL,NONE,TRAIN,True,MIXED,ACTIVE,2026-04-02,2026-08-05
0.097,SUSPECTED,SUPPORTING,0.646,NORMAL,NONE,TRAIN,True,CRIMINAL,ACTIVE,2025-12-31,2026-03-27
0.564,CONFIRMED,SUPPORTING,0.971,NORMAL,NONE,TRAIN,True,CRIMINAL,ACTIVE,2026-04-24,2026-10-05
0.401,UNKNOWN,NEUTRAL,0.262,NORMAL,NONE,TRAIN,True,MIXED,ACTIVE,2026-06-24,2026-09-18
0.585,CONFIRMED,SUPPORTING,0.892,NORMAL,TEMPORAL_ANOMALY,TRAIN,True,CRIMINAL,ACTIVE,2026-04-22,2026-08-06
0.485,SUSPECTED,SUPPORTING,0.791,NORMAL,NONE,TRAIN,True,MIXED,ACTIVE,2025-12-21,2026-05-06
0.126,FALSE,CONTRADICTING,0.333,NORMAL,NONE,TRAIN,True,CRIMINAL,ACTIVE,2026-06-14,2026-09-08
0.333,FALSE,CONTRADICTING,0.285,NORMAL,NONE,TRAIN,True,CRIMINAL,ACTIVE,2026-04-25,2026-11-10
0.196,SUSPECTED,SUPPORTING,0.686,NORMAL,RELATIONAL_ANOMALY,TRAIN,True,MIXED,ACTIVE,2026-08-02,2026-09-15
0.489,UNKNOWN,NEUTRAL,0.323,NORMAL,NONE,TRAIN,True,MIXED,ACTIVE,2026-02-18,2026-06-13
0.595,UNKNOWN,NEUTRAL,0.411,NORMAL,NONE,TRAIN,True,MIXED,ACTIVE,2026-07-24,2026-10-07
0.743,UNKNOWN,NEUTRAL,0.368,RECYCLED_SIM,NONE,VALIDATION,True,LEGITIMATE,ACTIVE,2026-03-18,2026-08-15
0.399,UNKNOWN,NEUTRAL,0.2,NORMAL,NONE,TRAIN,True,MIXED,ACTIVE,2026-01-06,2026-03-09
0.507,UNKNOWN,NEUTRAL,0.34,NORMAL,NONE,VALIDATION,True,LEGITIMATE,ACTIVE,2026-02-13,2026-05-05
0.494,UNKNOWN,NEUTRAL,0.407,NORMAL,NONE,TRAIN,True,LEGITIMATE,ACTIVE,2026-04-26,2026-08-21
0.682,FALSE,CONTRADICTING,0.14,NORMAL,NONE,VALIDATION,True,LEGITIMATE,ACTIVE,2026-02-25,2026-08-10
0.347,SUSPECTED,SUPPORTING,0.716,NORMAL,NONE,TRAIN,True,CRIMINAL,ACTIVE,2026-01-10,2026-03-17
0.081,CONFIRMED,SUPPORTING,0.844,NORMAL,NONE,VALIDATION,True,LEGITIMATE,ACTIVE,2026-01-29,2026-08-12
0.794,SUSPECTED,SUPPORTING,0.806,NORMAL,NONE,TRAIN,True,CRIMINAL,ACTIVE,2025-12-09,2026-05-04
0.829,UNKNOWN,NEUTRAL,0.265,DUPLICATE,NONE,TRAIN,True,MIXED,ACTIVE,2026-06-04,2026-07-26
0.324,UNKNOWN,NEUTRAL,0.44,NORMAL,CONTEXTUAL_ANOMALY,TRAIN,True,MIXED,ACTIVE,2026-07-05,2026-08-22
0.405,SUSPECTED,SUPPORTING,0.76,NORMAL,NONE,TRAIN,True,MIXED,ACTIVE,2026-06-29,2026-09-23
0.252,UNKNOWN,NEUTRAL,0.438,NORMAL,NONE,TRAIN,True,MIXED,ACTIVE,2026-04-17,2026-08-26
0.697,CONFIRMED,SUPPORTING,0.981,NORMAL,CONTEXTUAL_ANOMALY,TRAIN,True,CRIMINAL,ACTIVE,2026-01-12,2026-03-30
0.705,SUSPECTED,SUPPORTING,0.618,NORMAL,NONE,TEST,True,AMBIGUOUS,ACTIVE,2026-02-12,2026-06-29
0.49,CONFIRMED,SUPPORTING,0.853,NORMAL,COLLECTIVE_ANOMALY,TRAIN,True,MIXED,ACTIVE,2026-04-12,2026-10-26
0.584,FALSE,CONTRADICTING,0.284,NORMAL,NONE,TRAIN,True,MIXED,ACTIVE,2026-02-03,2026-05-11
0.15,SUSPECTED,SUPPORTING,0.834,NORMAL,NONE,VALIDATION,True,LEGITIMATE,ACTIVE,2025-10-08,2026-02-08
0.291,FALSE,CONTRADICTING,0.226,NORMAL,NONE,TRAIN,True,MIXED,ACTIVE,2025-12-06,2026-04-23
0.369,UNKNOWN,NEUTRAL,0.436,NORMAL,NONE,TEST,True,AMBIGUOUS,ACTIVE,2026-01-08,2026-05-10
0.849,FALSE,CONTRADICTING,0.15,NORMAL,NONE,TRAIN,True,CRIMINAL,ACTIVE,2026-04-02,2026-07-17
0.617,SUSPECTED,SUPPORTING,0.711,NORMAL,NONE,TRAIN,True,CRIMINAL,ACTIVE,2026-01-06,2026-05-09
0.456,UNKNOWN,NEUTRAL,0.281,NORMAL,NONE,VALIDATION,True,LEGITIMATE,ACTIVE,2026-01-10,2026-05-24
0.473,SUSPECTED,SUPPORTING,0.723,NORMAL,NONE,TEST,True,AMBIGUOUS,ACTIVE,2025-12-23,2026-02-03
0.233,SUSPECTED,SUPPORTING,0.831,NORMAL,NONE,TRAIN,True,MIXED,ACTIVE,2026-05-13,2026-11-01
0.252,CONFIRMED,SUPPORTING,0.872,NORMAL,NONE,TRAIN,True,CRIMINAL,ACTIVE,2026-06-08,2026-10-07
0.463,CONFIRMED,SUPPORTING,0.932,NORMAL,NONE,TEST,True,AMBIGUOUS,ACTIVE,2026-01-11,2026-06-01
0.301,FALSE,CONTRADICTING,0.298,NORMAL,NONE,TRAIN,True,CRIMINAL,ACTIVE,2025-11-18,2026-04-26
0.285,FALSE,CONTRADICTING,0.174,NORMAL,NONE,TRAIN,True,MIXED,ACTIVE,2025-10-21,2026-03-23
0.514,CONFIRMED,SUPPORTING,0.875,NORMAL,NONE,TRAIN,True,MIXED,ACTIVE,2026-06-22,2026-08-29
0.828,CONFIRMED,SUPPORTING,0.836,NORMAL,TEMPORAL_ANOMALY,TRAIN,True,CRIMINAL,ACTIVE,2026-04-09,2026-07-28
0.362,FALSE,CONTRADICTING,0.418,NORMAL,NONE,VALIDATION,True,LEGITIMATE,ACTIVE,2025-12-13,2026-04-25
0.687,FALSE,CONTRADICTING,0.405,NORMAL,NONE,TEST,True,AMBIGUOUS,ACTIVE,2026-01-07,2026-03-31
0.301,SUSPECTED,SUPPORTING,0.684,NORMAL,NONE,TEST,True,AMBIGUOUS,ACTIVE,2026-03-03,2026-07-04
0.59,SUSPECTED,SUPPORTING,0.769,NORMAL,COLLECTIVE_ANOMALY,TRAIN,True,LEGITIMATE,ACTIVE,2026-03-06,2026-06-09
0.444,FALSE,CONTRADICTING,0.197,NORMAL,NONE,TEST,True,AMBIGUOUS,ACTIVE,2025-09-24,2026-03-23
0.353,SUSPECTED,SUPPORTING,0.797,NORMAL,NONE,TRAIN,True,MIXED,ACTIVE,2026-04-27,2026-07-25
0.222,UNKNOWN,NEUTRAL,0.429,NORMAL,RELATIONAL_ANOMALY,TEST,True,AMBIGUOUS,ACTIVE,2026-06-19,2026-09-26
0.182,SUSPECTED,SUPPORTING,0.721,NORMAL,NONE,TRAIN,True,MIXED,ACTIVE,2026-06-13,2026-08-23
0.123,CONFIRMED,SUPPORTING,0.878,NORMAL,CONTEXTUAL_ANOMALY,TRAIN,True,MIXED,ACTIVE,2026-05-24,2026-09-09
0.74,CONFIRMED,SUPPORTING,0.843,NORMAL,NONE,TEST,True,AMBIGUOUS,ACTIVE,2026-04-30,2026-07-05
0.355,CONFIRMED,SUPPORTING,0.879,NORMAL,POINT_ANOMALY,TRAIN,True,CRIMINAL,ACTIVE,2025-12-11,2026-03-02
0.397,FALSE,CONTRADICTING,0.199,NORMAL,TEMPORAL_ANOMALY,TEST,True,AMBIGUOUS,ACTIVE,2026-06-28,2026-08-28
0.378,UNKNOWN,NEUTRAL,0.404,NORMAL,NONE,TRAIN,True,MIXED,ACTIVE,2025-12-27,2026-04-26
0.125,SUSPECTED,SUPPORTING,0.79,NORMAL,NONE,TRAIN,True,MIXED,ACTIVE,2026-02-03,2026-07-28
0.716,FALSE,CONTRADICTING,0.419,NORMAL,NONE,VALIDATION,True,LEGITIMATE,ACTIVE,2026-04-10,2026-10-06
0.339,FALSE,CONTRADICTING,0.213,NORMAL,TEMPORAL_ANOMALY,TRAIN,True,CRIMINAL,ACTIVE,2026-04-04,2026-08-10
0.07,FALSE,CONTRADICTING,0.215,NORMAL,COLLECTIVE_ANOMALY,VALIDATION,True,LEGITIMATE,ACTIVE,2025-10-20,2026-02-24
0.233,CONFIRMED,SUPPORTING,0.924,NORMAL,NONE,TRAIN,True,MIXED,ACTIVE,2025-11-27,2026-06-06
0.584,FALSE,CONTRADICTING,0.29,NORMAL,NONE,TRAIN,True,CRIMINAL,ACTIVE,2026-04-10,2026-08-22
0.533,SUSPECTED,SUPPORTING,0.753,NORMAL,NONE,VALIDATION,True,LEGITIMATE,ACTIVE,2025-10-14,2026-02-03
0.138,SUSPECTED,SUPPORTING,0.654,NORMAL,NONE,VALIDATION,True,LEGITIMATE,ACTIVE,2026-06-08,2026-09-16
0.142,CONFIRMED,SUPPORTING,0.977,NORMAL,CONTEXTUAL_ANOMALY,TRAIN,True,CRIMINAL,ACTIVE,2025-11-04,2026-03-12
0.461,CONFIRMED,SUPPORTING,0.989,NORMAL,NONE,TEST,True,AMBIGUOUS,ACTIVE,2026-02-20,2026-04-16
0.338,UNKNOWN,NEUTRAL,0.361,NORMAL,NONE,TEST,True,AMBIGUOUS,ACTIVE,2025-09-09,2026-02-14
0.267,SUSPECTED,SUPPORTING,0.636,NORMAL,NONE,TRAIN,True,CRIMINAL,ACTIVE,2025-09-09,2026-03-23
0.418,CONFIRMED,SUPPORTING,0.823,NORMAL,NONE,TRAIN,True,MIXED,ACTIVE,2026-03-12,2026-06-21
0.319,FALSE,CONTRADICTING,0.368,NORMAL,NONE,TEST,True,AMBIGUOUS,ACTIVE,2026-02-24,2026-04-06
0.28,FALSE,CONTRADICTING,0.377,NORMAL,NONE,TRAIN,True,LEGITIMATE,ACTIVE,2026-03-13,2026-06-25
0.345,CONFIRMED,SUPPORTING,0.888,NORMAL,NONE,TRAIN,True,CRIMINAL,ACTIVE,2025-12-05,2026-02-25
0.214,UNKNOWN,NEUTRAL,0.331,NORMAL,NONE,TEST,True,AMBIGUOUS,ACTIVE,2025-10-29,2026-02-13
0.084,CONFIRMED,SUPPORTING,0.927,NORMAL,NONE,VALIDATION,True,LEGITIMATE,ACTIVE,2026-02-04,2026-03-25
0.566,FALSE,CONTRADICTING,0.133,NORMAL,NONE,VALIDATION,True,LEGITIMATE,ACTIVE,2025-12-08,2026-04-03
0.087,FALSE,CONTRADICTING,0.167,NORMAL,NONE,TRAIN,True,MIXED,ACTIVE,2025-12-12,2026-04-11
0.558,SUSPECTED,SUPPORTING,0.624,NORMAL,NONE,TRAIN,True,CRIMINAL,ACTIVE,2026-02-25,2026-04-06
0.334,CONFIRMED,SUPPORTING,0.989,NORMAL,NONE,TRAIN,True,CRIMINAL,ACTIVE,2026-01-05,2026-04-09
0.407,UNKNOWN,NEUTRAL,0.517,NORMAL,NONE,VALIDATION,True,LEGITIMATE,ACTIVE,2026-05-03,2026-09-30
0.718,FALSE,CONTRADICTING,0.203,NORMAL,NONE,TRAIN,True,MIXED,ACTIVE,2026-01-24,2026-05-03
0.203,CONFIRMED,SUPPORTING,0.904,NORMAL,POINT_ANOMALY,TRAIN,True,CRIMINAL,ACTIVE,2026-03-12,2026-06-29
0.354,SUSPECTED,SUPPORTING,0.785,NORMAL,NONE,VALIDATION,True,LEGITIMATE,ACTIVE,2025-11-01,2026-03-15
0.339,CONFIRMED,SUPPORTING,0.857,NORMAL,NONE,TRAIN,True,MIXED,ACTIVE,2026-01-03,2026-06-18
0.05,UNKNOWN,NEUTRAL,0.546,NORMAL,NONE,TRAIN,True,MIXED,ACTIVE,2026-06-06,2026-09-16
0.215,CONFIRMED,SUPPORTING,0.932,STALE_DEVICE,NONE,TRAIN,True,CRIMINAL,ACTIVE,2025-11-26,2026-03-26
0.583,SUSPECTED,SUPPORTING,0.609,NORMAL,NONE,TRAIN,True,CRIMINAL,ACTIVE,2026-03-22,2026-06-05
0.299,SUSPECTED,SUPPORTING,0.613,NORMAL,NONE,TRAIN,True,CRIMINAL,ACTIVE,2026-05-03,2026-09-14
0.386,FALSE,CONTRADICTING,0.22,NORMAL,NONE,TEST,True,AMBIGUOUS,ACTIVE,2026-05-13,2026-08-06
0.389,SUSPECTED,SUPPORTING,0.669,NORMAL,NONE,TRAIN,True,CRIMINAL,ACTIVE,2026-04-23,2026-07-26
0.26,CONFIRMED,SUPPORTING,0.926,NORMAL,NONE,TRAIN,True,CRIMINAL,ACTIVE,2026-04-29,2026-06-19
0.205,UNKNOWN,NEUTRAL,0.364,NORMAL,COLLECTIVE_ANOMALY,TRAIN,True,CRIMINAL,ACTIVE,2026-02-04,2026-06-14
0.277,FALSE,CONTRADICTING,0.123,NORMAL,NONE,VALIDATION,True,LEGITIMATE,ACTIVE,2026-05-10,2026-09-22
0.474,FALSE,CONTRADICTING,0.249,NORMAL,CONTEXTUAL_ANOMALY,VALIDATION,True,LEGITIMATE,ACTIVE,2026-06-28,2026-09-07
0.253,UNKNOWN,NEUTRAL,0.242,RECYCLED_SIM,TEMPORAL_ANOMALY,TEST,True,AMBIGUOUS,ACTIVE,2025-12-21,2026-05-08
0.645,SUSPECTED,SUPPORTING,0.618,NORMAL,NONE,TEST,True,AMBIGUOUS,ACTIVE,2026-04-30,2026-07-17
0.713,SUSPECTED,SUPPORTING,0.794,NORMAL,TEMPORAL_ANOMALY,TEST,True,AMBIGUOUS,ACTIVE,2026-06-10,2026-10-17
0.255,SUSPECTED,SUPPORTING,0.676,NORMAL,NONE,VALIDATION,True,LEGITIMATE,ACTIVE,2026-03-17,2026-06-05
0.26,SUSPECTED,SUPPORTING,0.689,NORMAL,NONE,TRAIN,True,CRIMINAL,ACTIVE,2026-03-05,2026-06-20
0.337,UNKNOWN,NEUTRAL,0.31,NORMAL,NONE,TRAIN,True,CRIMINAL,ACTIVE,2026-01-01,2026-03-06
0.689,SUSPECTED,SUPPORTING,0.746,DUPLICATE,NONE,TRAIN,True,MIXED,ACTIVE,2026-02-24,2026-09-01
0.19,CONFIRMED,SUPPORTING,0.923,NORMAL,TEMPORAL_ANOMALY,TRAIN,True,CRIMINAL,ACTIVE,2026-02-23,2026-05-19
0.542,CONFIRMED,SUPPORTING,0.989,NORMAL,NONE,TRAIN,True,CRIMINAL,ACTIVE,2026-05-24,2026-07-13
0.46,UNKNOWN,NEUTRAL,0.224,NORMAL,NONE,TEST,True,AMBIGUOUS,ACTIVE,2026-04-21,2026-06-27
0.675,FALSE,CONTRADICTING,0.367,NORMAL,NONE,VALIDATION,True,LEGITIMATE,ACTIVE,2025-11-27,2026-03-31
0.572,CONFIRMED,SUPPORTING,0.964,NORMAL,NONE,TRAIN,True,CRIMINAL,ACTIVE,2026-06-24,2026-08-06
0.426,SUSPECTED,SUPPORTING,0.687,NORMAL,NONE,TRAIN,True,CRIMINAL,ACTIVE,2026-06-15,2026-10-28
0.466,SUSPECTED,SUPPORTING,0.58,NORMAL,NONE,TEST,True,AMBIGUOUS,ACTIVE,2026-01-06,2026-04-17
0.202,UNKNOWN,NEUTRAL,0.473,NORMAL,NONE,TEST,True,AMBIGUOUS,ACTIVE,2025-12-17,2026-07-09
0.571,CONFIRMED,SUPPORTING,0.832,NORMAL,NONE,TRAIN,True,MIXED,ACTIVE,2025-12-23,2026-04-04
0.701,CONFIRMED,SUPPORTING,0.879,NORMAL,NONE,TRAIN,True,CRIMINAL,ACTIVE,2026-01-26,2026-06-02
0.331,CONFIRMED,SUPPORTING,0.954,NORMAL,CONTEXTUAL_ANOMALY,TRAIN,True,CRIMINAL,ACTIVE,2026-05-07,2026-08-27
0.633,SUSPECTED,SUPPORTING,0.766,NORMAL,COLLECTIVE_ANOMALY,TEST,True,AMBIGUOUS,ACTIVE,2025-11-01,2026-03-11
0.129,SUSPECTED,SUPPORTING,0.71,NORMAL,COLLECTIVE_ANOMALY,TEST,True,AMBIGUOUS,ACTIVE,2026-04-26,2026-06-25
0.392,CONFIRMED,SUPPORTING,0.979,NORMAL,RELATIONAL_ANOMALY,TRAIN,True,LEGITIMATE,ACTIVE,2026-06-18,2026-09-15
0.295,UNKNOWN,NEUTRAL,0.235,NORMAL,NONE,TRAIN,True,LEGITIMATE,ACTIVE,2026-01-17,2026-03-23
0.594,FALSE,CONTRADICTING,0.198,STALE_DEVICE,NONE,VALIDATION,True,LEGITIMATE,ACTIVE,2026-01-02,2026-02-20
0.125,SUSPECTED,SUPPORTING,0.722,NORMAL,COLLECTIVE_ANOMALY,TRAIN,True,MIXED,ACTIVE,2026-02-08,2026-05-08
0.207,CONFIRMED,SUPPORTING,0.982,NORMAL,NONE,TRAIN,True,MIXED,ACTIVE,2026-03-02,2026-05-26
0.144,UNKNOWN,NEUTRAL,0.446,SHARED_DEVICE,NONE,VALIDATION,True,LEGITIMATE,ACTIVE,2026-04-25,2026-07-17
0.452,SUSPECTED,SUPPORTING,0.788,DUPLICATE,NONE,TRAIN,True,MIXED,ACTIVE,2026-01-04,2026-03-29
0.258,UNKNOWN,NEUTRAL,0.358,NORMAL,NONE,TRAIN,True,MIXED,ACTIVE,2026-01-22,2026-07-25
0.354,SUSPECTED,SUPPORTING,0.776,NORMAL,NONE,TRAIN,True,CRIMINAL,ACTIVE,2026-04-30,2026-09-18
0.245,CONFIRMED,SUPPORTING,0.903,NORMAL,NONE,VALIDATION,True,LEGITIMATE,ACTIVE,2026-07-16,2026-09-02
0.369,FALSE,CONTRADICTING,0.128,NORMAL,NONE,TRAIN,True,MIXED,ACTIVE,2026-02-17,2026-06-21
0.162,SUSPECTED,SUPPORTING,0.761,STALE_DEVICE,NONE,TRAIN,True,MIXED,ACTIVE,2026-06-02,2026-10-19
0.432,SUSPECTED,SUPPORTING,0.727,NORMAL,NONE,TRAIN,True,CRIMINAL,ACTIVE,2026-01-18,2026-06-17
0.159,CONFIRMED,SUPPORTING,0.899,NORMAL,NONE,TRAIN,True,CRIMINAL,ACTIVE,2026-03-10,2026-05-11
0.261,SUSPECTED,SUPPORTING,0.656,SHARED_DEVICE,NONE,TRAIN,True,CRIMINAL,ACTIVE,2026-01-03,2026-05-10
0.15,CONFIRMED,SUPPORTING,0.885,NORMAL,TEMPORAL_ANOMALY,TRAIN,True,CRIMINAL,ACTIVE,2026-02-11,2026-06-10
0.841,UNKNOWN,NEUTRAL,0.291,NORMAL,NONE,TRAIN,True,CRIMINAL,ACTIVE,2025-12-01,2026-03-19
0.498,SUSPECTED,SUPPORTING,0.592,NORMAL,COLLECTIVE_ANOMALY,TRAIN,True,CRIMINAL,ACTIVE,2026-01-13,2026-05-08
0.355,CONFIRMED,SUPPORTING,0.885,NORMAL,POINT_ANOMALY,TRAIN,True,MIXED,ACTIVE,2026-06-07,2026-10-30
0.171,UNKNOWN,NEUTRAL,0.453,NORMAL,POINT_ANOMALY,TRAIN,True,CRIMINAL,ACTIVE,2026-05-27,2026-09-04
0.1,UNKNOWN,NEUTRAL,0.293,NORMAL,CONTEXTUAL_ANOMALY,TRAIN,True,MIXED,ACTIVE,2025-12-12,2026-03-07
0.434,CONFIRMED,SUPPORTING,0.873,NORMAL,NONE,TRAIN,True,CRIMINAL,ACTIVE,2025-12-22,2026-02-20
0.531,UNKNOWN,NEUTRAL,0.45,NORMAL,NONE,TRAIN,True,CRIMINAL,ACTIVE,2026-01-30,2026-05-18
0.36,CONFIRMED,SUPPORTING,0.895,NORMAL,NONE,TRAIN,True,LEGITIMATE,ACTIVE,2026-02-09,2026-06-19
0.126,UNKNOWN,NEUTRAL,0.294,NORMAL,CONTEXTUAL_ANOMALY,TEST,True,AMBIGUOUS,ACTIVE,2025-12-07,2026-06-07
0.532,SUSPECTED,SUPPORTING,0.596,NORMAL,NONE,TRAIN,True,MIXED,ACTIVE,2025-12-05,2026-03-16
0.544,UNKNOWN,NEUTRAL,0.386,NORMAL,NONE,VALIDATION,True,LEGITIMATE,ACTIVE,2026-03-01,2026-07-25
0.669,UNKNOWN,NEUTRAL,0.297,NORMAL,NONE,TRAIN,True,MIXED,ACTIVE,2026-03-03,2026-07-10
0.407,SUSPECTED,SUPPORTING,0.643,NORMAL,CONTEXTUAL_ANOMALY,TEST,True,AMBIGUOUS,ACTIVE,2026-01-04,2026-03-22
0.216,CONFIRMED,SUPPORTING,0.898,NORMAL,NONE,TRAIN,True,CRIMINAL,ACTIVE,2026-02-25,2026-05-16
0.454,FALSE,CONTRADICTING,0.417,NORMAL,NONE,VALIDATION,True,LEGITIMATE,ACTIVE,2026-02-17,2026-07-10
0.159,UNKNOWN,NEUTRAL,0.287,NORMAL,NONE,TEST,True,AMBIGUOUS,ACTIVE,2025-10-27,2026-04-04
0.258,CONFIRMED,SUPPORTING,0.921,NORMAL,NONE,TRAIN,True,CRIMINAL,ACTIVE,2025-11-07,2026-03-23
0.551,SUSPECTED,SUPPORTING,0.644,NORMAL,NONE,TRAIN,True,CRIMINAL,ACTIVE,2025-12-17,2026-05-26
0.312,CONFIRMED,SUPPORTING,0.914,NORMAL,NONE,VALIDATION,True,LEGITIMATE,ACTIVE,2026-03-15,2026-08-20
0.237,CONFIRMED,SUPPORTING,0.883,NORMAL,NONE,VALIDATION,True,LEGITIMATE,ACTIVE,2025-12-31,2026-06-14
0.562,SUSPECTED,SUPPORTING,0.588,NORMAL,NONE,VALIDATION,True,LEGITIMATE,ACTIVE,2026-04-05,2026-07-22
0.189,SUSPECTED,SUPPORTING,0.853,NORMAL,POINT_ANOMALY,TEST,True,AMBIGUOUS,ACTIVE,2026-04-20,2026-07-30
0.443,CONFIRMED,SUPPORTING,0.847,NORMAL,NONE,TRAIN,True,MIXED,ACTIVE,2026-05-24,2026-10-08
0.681,UNKNOWN,NEUTRAL,0.33,RECYCLED_SIM,NONE,TEST,True,AMBIGUOUS,ACTIVE,2025-12-21,2026-07-03
0.128,CONFIRMED,SUPPORTING,0.906,NORMAL,NONE,TRAIN,True,LEGITIMATE,ACTIVE,2025-11-13,2026-03-15
0.151,CONFIRMED,SUPPORTING,0.851,NORMAL,NONE,TRAIN,True,CRIMINAL,ACTIVE,2026-02-15,2026-04-15
0.671,UNKNOWN,NEUTRAL,0.392,NORMAL,CONTEXTUAL_ANOMALY,TRAIN,True,CRIMINAL,ACTIVE,2026-02-04,2026-07-06
0.559,CONFIRMED,SUPPORTING,0.828,NORMAL,NONE,TRAIN,True,CRIMINAL,ACTIVE,2025-11-19,2026-05-20
0.348,CONFIRMED,SUPPORTING,0.945,NORMAL,NONE,TRAIN,True,CRIMINAL,ACTIVE,2026-04-27,2026-08-07
0.289,FALSE,CONTRADICTING,0.209,NORMAL,POINT_ANOMALY,TRAIN,True,CRIMINAL,ACTIVE,2025-11-27,2026-04-03
0.267,FALSE,CONTRADICTING,0.407,NORMAL,NONE,VALIDATION,True,LEGITIMATE,ACTIVE,2026-07-03,2026-09-30
0.056,SUSPECTED,SUPPORTING,0.661,NORMAL,NONE,TRAIN,True,MIXED,ACTIVE,2025-09-23,2026-04-05
0.154,UNKNOWN,NEUTRAL,0.298,NORMAL,NONE,TRAIN,True,CRIMINAL,ACTIVE,2026-05-16,2026-10-16
0.376,SUSPECTED,SUPPORTING,0.816,NORMAL,NONE,TRAIN,True,MIXED,ACTIVE,2025-11-15,2026-04-06
0.344,SUSPECTED,SUPPORTING,0.628,NORMAL,NONE,TRAIN,True,MIXED,ACTIVE,2025-12-25,2026-05-18
0.31,SUSPECTED,SUPPORTING,0.704,NORMAL,NONE,TRAIN,True,CRIMINAL,ACTIVE,2025-12-24,2026-07-08
0.529,UNKNOWN,NEUTRAL,0.277,NORMAL,NONE,TRAIN,True,MIXED,ACTIVE,2026-02-27,2026-05-21
0.378,SUSPECTED,SUPPORTING,0.767,NORMAL,NONE,TRAIN,True,CRIMINAL,ACTIVE,2026-04-10,2026-10-02
0.014,CONFIRMED,SUPPORTING,0.985,NORMAL,TEMPORAL_ANOMALY,TEST,True,AMBIGUOUS,ACTIVE,2026-07-05,2026-09-26
0.151,SUSPECTED,SUPPORTING,0.811,NORMAL,NONE,TRAIN,True,CRIMINAL,ACTIVE,2025-12-29,2026-06-06
0.852,CONFIRMED,SUPPORTING,0.945,NORMAL,NONE,TEST,True,AMBIGUOUS,ACTIVE,2025-10-19,2026-03-05
0.419,UNKNOWN,NEUTRAL,0.299,NORMAL,NONE,TRAIN,True,LEGITIMATE,ACTIVE,2026-05-09,2026-09-12
0.496,UNKNOWN,NEUTRAL,0.363,NORMAL,NONE,TEST,True,AMBIGUOUS,ACTIVE,2026-07-05,2026-10-29
0.645,CONFIRMED,SUPPORTING,0.96,NORMAL,NONE,TRAIN,True,CRIMINAL,ACTIVE,2026-05-29,2026-09-09
0.184,SUSPECTED,SUPPORTING,0.785,NORMAL,NONE,TRAIN,True,MIXED,ACTIVE,2026-06-06,2026-10-16
0.096,FALSE,CONTRADICTING,0.41,NORMAL,NONE,TRAIN,True,CRIMINAL,ACTIVE,2026-05-23,2026-09-22
0.514,SUSPECTED,SUPPORTING,0.704,NORMAL,NONE,TRAIN,True,CRIMINAL,ACTIVE,2026-01-27,2026-03-05
0.152,FALSE,CONTRADICTING,0.275,NORMAL,NONE,TRAIN,True,CRIMINAL,ACTIVE,2025-11-03,2026-02-26
0.415,FALSE,CONTRADICTING,0.193,RECYCLED_SIM,NONE,TRAIN,True,CRIMINAL,ACTIVE,2026-03-13,2026-05-09
0.285,FALSE,CONTRADICTING,0.156,NORMAL,NONE,VALIDATION,True,LEGITIMATE,ACTIVE,2026-02-26,2026-04-04
0.246,UNKNOWN,NEUTRAL,0.232,NORMAL,NONE,TRAIN,True,CRIMINAL,ACTIVE,2026-03-21,2026-08-11
0.18,SUSPECTED,SUPPORTING,0.603,NORMAL,NONE,TRAIN,True,CRIMINAL,ACTIVE,2026-04-07,2026-06-04
0.089,UNKNOWN,NEUTRAL,0.206,NORMAL,NONE,VALIDATION,True,LEGITIMATE,ACTIVE,2026-01-25,2026-07-20
0.17,UNKNOWN,NEUTRAL,0.244,NORMAL,NONE,TRAIN,True,CRIMINAL,ACTIVE,2026-02-23,2026-05-10
0.477,SUSPECTED,SUPPORTING,0.741,NORMAL,POINT_ANOMALY,TRAIN,True,CRIMINAL,ACTIVE,2025-11-24,2026-01-30
0.228,SUSPECTED,SUPPORTING,0.601,NORMAL,NONE,VALIDATION,True,LEGITIMATE,ACTIVE,2026-03-29,2026-09-04
0.161,UNKNOWN,NEUTRAL,0.309,NORMAL,NONE,TRAIN,True,CRIMINAL,ACTIVE,2026-07-15,2026-10-22
0.389,UNKNOWN,NEUTRAL,0.215,NORMAL,NONE,TRAIN,True,MIXED,ACTIVE,2026-04-19,2026-09-02
0.138,CONFIRMED,SUPPORTING,0.89,NORMAL,COLLECTIVE_ANOMALY,TRAIN,True,MIXED,ACTIVE,2026-02-03,2026-06-15
0.425,UNKNOWN,NEUTRAL,0.455,NORMAL,NONE,TRAIN,True,CRIMINAL,ACTIVE,2026-03-23,2026-08-06
0.409,CONFIRMED,SUPPORTING,0.926,NORMAL,NONE,TEST,True,AMBIGUOUS,ACTIVE,2025-11-26,2026-04-24
0.547,SUSPECTED,SUPPORTING,0.754,NORMAL,NONE,TRAIN,True,CRIMINAL,ACTIVE,2026-03-16,2026-08-24
0.432,UNKNOWN,NEUTRAL,0.362,NORMAL,NONE,TRAIN,True,MIXED,ACTIVE,2025-11-28,2026-03-29
0.639,FALSE,CONTRADICTING,0.407,NORMAL,NONE,TRAIN,True,CRIMINAL,ACTIVE,2026-03-25,2026-08-20
0.593,CONFIRMED,SUPPORTING,0.823,NORMAL,NONE,TRAIN,True,CRIMINAL,ACTIVE,2026-02-17,2026-05-29
0.115,SUSPECTED,SUPPORTING,0.853,NORMAL,COLLECTIVE_ANOMALY,TRAIN,True,CRIMINAL,ACTIVE,2025-12-10,2026-04-03
0.356,CONFIRMED,SUPPORTING,0.914,NORMAL,CONTEXTUAL_ANOMALY,TRAIN,True,CRIMINAL,ACTIVE,2026-02-03,2026-05-08
0.247,CONFIRMED,SUPPORTING,0.979,NORMAL,TEMPORAL_ANOMALY,TRAIN,True,CRIMINAL,ACTIVE,2026-04-17,2026-10-31
0.567,FALSE,CONTRADICTING,0.142,NORMAL,NONE,VALIDATION,True,LEGITIMATE,ACTIVE,2026-04-19,2026-08-04
0.875,SUSPECTED,SUPPORTING,0.617,NORMAL,NONE,TRAIN,True,CRIMINAL,ACTIVE,2025-10-04,2026-04-11
0.53,CONFIRMED,SUPPORTING,0.844,STALE_DEVICE,NONE,TRAIN,True,MIXED,ACTIVE,2026-05-11,2026-08-12
0.298,SUSPECTED,SUPPORTING,0.612,NORMAL,CONTEXTUAL_ANOMALY,VALIDATION,True,LEGITIMATE,ACTIVE,2025-12-27,2026-02-05
0.468,UNKNOWN,NEUTRAL,0.537,NORMAL,CONTEXTUAL_ANOMALY,TEST,True,AMBIGUOUS,ACTIVE,2026-01-01,2026-03-18
0.12,CONFIRMED,SUPPORTING,0.97,NORMAL,NONE,TRAIN,True,MIXED,ACTIVE,2025-12-19,2026-04-04
0.497,SUSPECTED,SUPPORTING,0.679,NORMAL,NONE,TRAIN,True,MIXED,ACTIVE,2026-03-31,2026-05-31
0.552,UNKNOWN,NEUTRAL,0.308,RECYCLED_SIM,TEMPORAL_ANOMALY,TEST,True,AMBIGUOUS,ACTIVE,2026-04-29,2026-09-20
0.151,SUSPECTED,SUPPORTING,0.83,NORMAL,NONE,VALIDATION,True,LEGITIMATE,ACTIVE,2025-10-11,2026-02-22
0.483,SUSPECTED,SUPPORTING,0.691,NORMAL,NONE,TRAIN,True,CRIMINAL,ACTIVE,2026-04-11,2026-10-15
0.359,SUSPECTED,SUPPORTING,0.639,NORMAL,RELATIONAL_ANOMALY,TRAIN,True,MIXED,ACTIVE,2026-02-12,2026-05-30
0.605,FALSE,CONTRADICTING,0.259,NORMAL,CONTEXTUAL_ANOMALY,TRAIN,True,CRIMINAL,ACTIVE,2026-02-07,2026-05-25
0.207,SUSPECTED,SUPPORTING,0.781,DUPLICATE,NONE,VALIDATION,True,LEGITIMATE,ACTIVE,2026-06-14,2026-10-30
0.598,FALSE,CONTRADICTING,0.368,NORMAL,NONE,TRAIN,True,MIXED,ACTIVE,2025-12-12,2026-02-22
0.337,SUSPECTED,SUPPORTING,0.735,NORMAL,NONE,TRAIN,True,MIXED,ACTIVE,2025-12-30,2026-04-13
0.856,SUSPECTED,SUPPORTING,0.664,NORMAL,NONE,TRAIN,True,MIXED,ACTIVE,2026-03-28,2026-08-22
0.363,CONFIRMED,SUPPORTING,0.856,NORMAL,TEMPORAL_ANOMALY,TRAIN,True,CRIMINAL,ACTIVE,2026-02-07,2026-05-31
0.041,UNKNOWN,NEUTRAL,0.269,RECYCLED_SIM,RELATIONAL_ANOMALY,VALIDATION,True,LEGITIMATE,ACTIVE,2026-03-27,2026-06-14
0.261,FALSE,CONTRADICTING,0.248,NORMAL,COLLECTIVE_ANOMALY,TRAIN,True,CRIMINAL,ACTIVE,2025-11-14,2026-03-24
0.58,SUSPECTED,SUPPORTING,0.777,NORMAL,NONE,TRAIN,True,CRIMINAL,ACTIVE,2026-05-31,2026-09-28
0.321,SUSPECTED,SUPPORTING,0.844,NORMAL,TEMPORAL_ANOMALY,VALIDATION,True,LEGITIMATE,ACTIVE,2026-01-16,2026-05-23
0.612,FALSE,CONTRADICTING,0.3,STALE_DEVICE,NONE,TRAIN,True,LEGITIMATE,ACTIVE,2026-03-03,2026-06-21
0.136,UNKNOWN,NEUTRAL,0.504,NORMAL,NONE,VALIDATION,True,LEGITIMATE,ACTIVE,2026-06-02,2026-10-01
0.439,FALSE,CONTRADICTING,0.373,NORMAL,NONE,VALIDATION,True,LEGITIMATE,ACTIVE,2026-02-15,2026-07-30
0.347,SUSPECTED,SUPPORTING,0.778,NORMAL,NONE,VALIDATION,True,LEGITIMATE,ACTIVE,2026-06-19,2026-10-18
0.066,FALSE,CONTRADICTING,0.155,STALE_DEVICE,NONE,TRAIN,True,CRIMINAL,ACTIVE,2026-01-21,2026-05-27
0.327,FALSE,CONTRADICTING,0.416,NORMAL,TEMPORAL_ANOMALY,TRAIN,True,CRIMINAL,ACTIVE,2026-05-05,2026-08-20
0.04,UNKNOWN,NEUTRAL,0.472,NORMAL,TEMPORAL_ANOMALY,VALIDATION,True,LEGITIMATE,ACTIVE,2026-03-27,2026-07-24
0.578,SUSPECTED,SUPPORTING,0.618,RECYCLED_SIM,NONE,TRAIN,True,MIXED,ACTIVE,2026-06-11,2026-08-29
0.355,FALSE,CONTRADICTING,0.23,NORMAL,POINT_ANOMALY,TEST,True,AMBIGUOUS,ACTIVE,2026-04-01,2026-09-19
0.48,FALSE,CONTRADICTING,0.183,NORMAL,RELATIONAL_ANOMALY,TRAIN,True,CRIMINAL,ACTIVE,2025-12-29,2026-04-28
0.334,CONFIRMED,SUPPORTING,0.957,NORMAL,NONE,TRAIN,True,MIXED,ACTIVE,2026-02-17,2026-08-07
0.262,SUSPECTED,SUPPORTING,0.61,NORMAL,NONE,TRAIN,True,LEGITIMATE,ACTIVE,2025-12-10,2026-05-21
0.774,UNKNOWN,NEUTRAL,0.342,NORMAL,NONE,TRAIN,True,CRIMINAL,ACTIVE,2026-03-03,2026-05-11
0.142,UNKNOWN,NEUTRAL,0.342,NORMAL,NONE,VALIDATION,True,LEGITIMATE,ACTIVE,2025-12-14,2026-05-23
0.149,CONFIRMED,SUPPORTING,0.949,NORMAL,COLLECTIVE_ANOMALY,TRAIN,True,CRIMINAL,ACTIVE,2026-03-06,2026-08-16
0.213,SUSPECTED,SUPPORTING,0.599,NORMAL,NONE,TRAIN,True,CRIMINAL,ACTIVE,2026-05-24,2026-08-29
0.696,UNKNOWN,NEUTRAL,0.542,NORMAL,POINT_ANOMALY,TRAIN,True,MIXED,ACTIVE,2026-06-05,2026-08-12
0.392,UNKNOWN,NEUTRAL,0.399,NORMAL,RELATIONAL_ANOMALY,VALIDATION,True,LEGITIMATE,ACTIVE,2026-08-03,2026-09-20
0.136,UNKNOWN,NEUTRAL,0.533,NORMAL,NONE,TRAIN,True,CRIMINAL,ACTIVE,2025-11-05,2026-05-03
0.362,UNKNOWN,NEUTRAL,0.315,NORMAL,NONE,TEST,True,AMBIGUOUS,ACTIVE,2025-11-05,2026-02-15
0.666,UNKNOWN,NEUTRAL,0.267,NORMAL,NONE,TRAIN,True,LEGITIMATE,ACTIVE,2025-09-27,2026-03-09
0.27,CONFIRMED,SUPPORTING,0.825,NORMAL,POINT_ANOMALY,TRAIN,True,MIXED,ACTIVE,2026-01-22,2026-04-28
0.309,FALSE,CONTRADICTING,0.186,NORMAL,NONE,VALIDATION,True,LEGITIMATE,ACTIVE,2026-05-13,2026-06-22
0.278,CONFIRMED,SUPPORTING,0.981,NORMAL,NONE,TRAIN,True,MIXED,ACTIVE,2026-02-02,2026-05-04
0.652,CONFIRMED,SUPPORTING,0.843,NORMAL,NONE,TRAIN,True,MIXED,ACTIVE,2026-07-31,2026-11-06
0.136,CONFIRMED,SUPPORTING,0.885,NORMAL,TEMPORAL_ANOMALY,TRAIN,True,CRIMINAL,ACTIVE,2026-06-03,2026-07-23
0.24,UNKNOWN,NEUTRAL,0.364,NORMAL,NONE,TRAIN,True,MIXED,ACTIVE,2026-03-20,2026-08-08
0.511,SUSPECTED,SUPPORTING,0.785,NORMAL,NONE,TRAIN,True,CRIMINAL,ACTIVE,2026-03-29,2026-07-09
0.363,CONFIRMED,SUPPORTING,0.96,NORMAL,NONE,TRAIN,True,CRIMINAL,ACTIVE,2026-04-28,2026-07-22
0.134,UNKNOWN,NEUTRAL,0.467,NORMAL,NONE,TRAIN,True,CRIMINAL,ACTIVE,2025-12-17,2026-05-12
0.443,UNKNOWN,NEUTRAL,0.464,NORMAL,CONTEXTUAL_ANOMALY,TRAIN,True,LEGITIMATE,ACTIVE,2026-01-06,2026-05-09
0.384,SUSPECTED,SUPPORTING,0.813,NORMAL,CONTEXTUAL_ANOMALY,TRAIN,True,CRIMINAL,ACTIVE,2026-02-20,2026-08-12
0.426,FALSE,CONTRADICTING,0.187,NORMAL,NONE,TRAIN,True,CRIMINAL,ACTIVE,2026-07-08,2026-09-27
0.585,SUSPECTED,SUPPORTING,0.642,NORMAL,NONE,TRAIN,True,MIXED,ACTIVE,2026-04-01,2026-09-08
0.695,UNKNOWN,NEUTRAL,0.534,NORMAL,CONTEXTUAL_ANOMALY,TRAIN,True,MIXED,ACTIVE,2026-01-14,2026-07-18
0.399,UNKNOWN,NEUTRAL,0.326,NORMAL,NONE,TEST,True,AMBIGUOUS,ACTIVE,2026-05-23,2026-09-07
0.674,FALSE,CONTRADICTING,0.315,NORMAL,NONE,TRAIN,True,CRIMINAL,ACTIVE,2026-05-16,2026-10-05
0.332,CONFIRMED,SUPPORTING,0.958,NORMAL,NONE,TRAIN,True,CRIMINAL,ACTIVE,2026-02-05,2026-06-29
0.528,CONFIRMED,SUPPORTING,0.974,NORMAL,NONE,TRAIN,True,MIXED,ACTIVE,2026-05-04,2026-09-26
0.386,UNKNOWN,NEUTRAL,0.413,NORMAL,NONE,TEST,True,AMBIGUOUS,ACTIVE,2026-05-22,2026-08-27
0.431,SUSPECTED,SUPPORTING,0.586,NORMAL,NONE,TRAIN,True,CRIMINAL,ACTIVE,2026-02-06,2026-08-21
0.491,FALSE,CONTRADICTING,0.253,NORMAL,NONE,TRAIN,True,MIXED,ACTIVE,2026-02-03,2026-05-01
0.699,UNKNOWN,NEUTRAL,0.411,NORMAL,NONE,TRAIN,True,MIXED,ACTIVE,2026-03-12,2026-07-22
0.406,UNKNOWN,NEUTRAL,0.246,NORMAL,COLLECTIVE_ANOMALY,TRAIN,True,CRIMINAL,ACTIVE,2026-02-13,2026-07-14
0.506,SUSPECTED,SUPPORTING,0.842,NORMAL,NONE,VALIDATION,True,LEGITIMATE,ACTIVE,2026-01-06,2026-05-10
0.574,SUSPECTED,SUPPORTING,0.778,STALE_DEVICE,NONE,VALIDATION,True,LEGITIMATE,ACTIVE,2025-12-28,2026-06-02
0.213,CONFIRMED,SUPPORTING,0.932,DUPLICATE,NONE,TRAIN,True,MIXED,ACTIVE,2026-03-11,2026-05-21
0.389,SUSPECTED,SUPPORTING,0.771,NORMAL,NONE,TRAIN,True,CRIMINAL,ACTIVE,2025-11-21,2026-04-16
0.112,FALSE,CONTRADICTING,0.148,NORMAL,CONTEXTUAL_ANOMALY,VALIDATION,True,LEGITIMATE,ACTIVE,2026-01-18,2026-05-19
0.852,UNKNOWN,NEUTRAL,0.424,NORMAL,NONE,TRAIN,True,CRIMINAL,ACTIVE,2025-10-01,2026-04-09
0.519,UNKNOWN,NEUTRAL,0.259,NORMAL,NONE,TRAIN,True,MIXED,ACTIVE,2026-01-08,2026-07-12
0.237,FALSE,CONTRADICTING,0.313,NORMAL,NONE,TEST,True,AMBIGUOUS,ACTIVE,2025-12-15,2026-05-14
0.663,UNKNOWN,NEUTRAL,0.261,NORMAL,NONE,TRAIN,True,CRIMINAL,ACTIVE,2026-06-06,2026-08-19
0.551,CONFIRMED,SUPPORTING,0.897,NORMAL,NONE,TRAIN,True,LEGITIMATE,ACTIVE,2025-12-17,2026-03-05
0.498,SUSPECTED,SUPPORTING,0.7,NORMAL,NONE,TEST,True,AMBIGUOUS,ACTIVE,2026-02-25,2026-05-03
0.162,UNKNOWN,NEUTRAL,0.524,NORMAL,COLLECTIVE_ANOMALY,TEST,True,AMBIGUOUS,ACTIVE,2026-03-03,2026-06-04
0.232,SUSPECTED,SUPPORTING,0.67,NORMAL,NONE,TRAIN,True,MIXED,ACTIVE,2025-10-19,2026-02-14
0.722,FALSE,CONTRADICTING,0.318,NORMAL,CONTEXTUAL_ANOMALY,TEST,True,AMBIGUOUS,ACTIVE,2026-05-06,2026-09-03
0.738,CONFIRMED,SUPPORTING,0.964,NORMAL,NONE,TRAIN,True,MIXED,ACTIVE,2025-10-07,2026-03-18
0.058,CONFIRMED,SUPPORTING,0.924,NORMAL,NONE,VALIDATION,True,LEGITIMATE,ACTIVE,2026-05-17,2026-10-21
0.105,UNKNOWN,NEUTRAL,0.261,NORMAL,NONE,TEST,True,AMBIGUOUS,ACTIVE,2026-07-07,2026-09-28
0.789,SUSPECTED,SUPPORTING,0.794,NORMAL,NONE,TRAIN,True,MIXED,ACTIVE,2026-01-25,2026-06-18
0.205,UNKNOWN,NEUTRAL,0.546,NORMAL,CONTEXTUAL_ANOMALY,TRAIN,True,MIXED,ACTIVE,2025-12-27,2026-07-15
0.337,FALSE,CONTRADICTING,0.237,NORMAL,NONE,TRAIN,True,LEGITIMATE,ACTIVE,2025-12-05,2026-03-23
0.637,CONFIRMED,SUPPORTING,0.969,NORMAL,NONE,TRAIN,True,CRIMINAL,ACTIVE,2026-07-03,2026-09-11
0.179,CONFIRMED,SUPPORTING,0.967,RECYCLED_SIM,CONTEXTUAL_ANOMALY,TRAIN,True,CRIMINAL,ACTIVE,2026-05-12,2026-09-21
0.138,CONFIRMED,SUPPORTING,0.875,NORMAL,TEMPORAL_ANOMALY,TRAIN,True,CRIMINAL,ACTIVE,2026-03-20,2026-05-01
0.462,SUSPECTED,SUPPORTING,0.778,NORMAL,TEMPORAL_ANOMALY,VALIDATION,True,LEGITIMATE,ACTIVE,2026-06-14,2026-08-04
0.423,UNKNOWN,NEUTRAL,0.473,NORMAL,NONE,TEST,True,AMBIGUOUS,ACTIVE,2025-12-15,2026-06-23
0.797,UNKNOWN,NEUTRAL,0.511,NORMAL,NONE,TRAIN,True,CRIMINAL,ACTIVE,2026-03-26,2026-07-23
0.46,SUSPECTED,SUPPORTING,0.778,NORMAL,NONE,VALIDATION,True,LEGITIMATE,ACTIVE,2026-04-10,2026-07-12
0.282,UNKNOWN,NEUTRAL,0.469,NORMAL,NONE,TRAIN,True,MIXED,ACTIVE,2025-10-25,2026-04-10
0.118,CONFIRMED,SUPPORTING,0.976,NORMAL,NONE,TRAIN,True,MIXED,ACTIVE,2026-07-06,2026-09-03
0.079,UNKNOWN,NEUTRAL,0.354,NORMAL,NONE,TRAIN,True,CRIMINAL,ACTIVE,2026-02-20,2026-05-08
0.497,SUSPECTED,SUPPORTING,0.857,NORMAL,NONE,TRAIN,True,CRIMINAL,ACTIVE,2026-02-18,2026-04-16
0.233,UNKNOWN,NEUTRAL,0.432,NORMAL,NONE,TRAIN,True,CRIMINAL,ACTIVE,2026-01-16,2026-04-06
0.206,UNKNOWN,NEUTRAL,0.366,NORMAL,NONE,TRAIN,True,MIXED,ACTIVE,2026-05-05,2026-08-26
0.662,CONFIRMED,SUPPORTING,0.866,NORMAL,NONE,TRAIN,True,CRIMINAL,ACTIVE,2026-03-07,2026-07-03
0.216,CONFIRMED,SUPPORTING,0.942,NORMAL,NONE,TRAIN,True,CRIMINAL,ACTIVE,2026-06-17,2026-10-31
0.576,FALSE,CONTRADICTING,0.382,NORMAL,NONE,VALIDATION,True,LEGITIMATE,ACTIVE,2025-12-28,2026-05-03
0.269,UNKNOWN,NEUTRAL,0.359,NORMAL,NONE,TEST,True,AMBIGUOUS,ACTIVE,2026-03-01,2026-03-30
0.145,SUSPECTED,SUPPORTING,0.626,NORMAL,NONE,TEST,True,AMBIGUOUS,ACTIVE,2026-02-09,2026-07-12
0.229,FALSE,CONTRADICTING,0.266,NORMAL,NONE,TRAIN,True,CRIMINAL,ACTIVE,2026-02-08,2026-04-15
0.403,SUSPECTED,SUPPORTING,0.822,NORMAL,RELATIONAL_ANOMALY,VALIDATION,True,LEGITIMATE,ACTIVE,2026-02-08,2026-05-24
0.699,CONFIRMED,SUPPORTING,0.85,RECYCLED_SIM,NONE,TRAIN,True,CRIMINAL,ACTIVE,2026-04-21,2026-06-16
0.639,SUSPECTED,SUPPORTING,0.681,NORMAL,NONE,TRAIN,True,MIXED,ACTIVE,2025-09-26,2026-02-27
0.33,CONFIRMED,SUPPORTING,0.863,NORMAL,NONE,TRAIN,True,MIXED,ACTIVE,2026-06-14,2026-10-20
0.859,FALSE,CONTRADICTING,0.224,NORMAL,NONE,TRAIN,True,MIXED,ACTIVE,2026-02-14,2026-04-03
0.545,SUSPECTED,SUPPORTING,0.644,NORMAL,RELATIONAL_ANOMALY,TRAIN,True,CRIMINAL,ACTIVE,2026-04-16,2026-06-09
0.3,UNKNOWN,NEUTRAL,0.326,NORMAL,NONE,VALIDATION,True,LEGITIMATE,ACTIVE,2026-02-24,2026-08-04
0.751,SUSPECTED,SUPPORTING,0.858,NORMAL,NONE,TRAIN,True,CRIMINAL,ACTIVE,2026-07-22,2026-09-09
0.264,SUSPECTED,SUPPORTING,0.665,NORMAL,NONE,TRAIN,True,LEGITIMATE,ACTIVE,2025-12-24,2026-04-25
0.243,SUSPECTED,SUPPORTING,0.805,RECYCLED_SIM,CONTEXTUAL_ANOMALY,TEST,True,AMBIGUOUS,ACTIVE,2026-02-08,2026-03-29
0.273,UNKNOWN,NEUTRAL,0.496,NORMAL,NONE,VALIDATION,True,LEGITIMATE,ACTIVE,2026-04-26,2026-07-26
0.435,CONFIRMED,SUPPORTING,0.895,NORMAL,NONE,TRAIN,True,MIXED,ACTIVE,2025-11-01,2026-01-24
0.434,FALSE,CONTRADICTING,0.173,NORMAL,COLLECTIVE_ANOMALY,TRAIN,True,MIXED,ACTIVE,2026-06-25,2026-08-22
0.537,FALSE,CONTRADICTING,0.165,NORMAL,NONE,VALIDATION,True,LEGITIMATE,ACTIVE,2026-05-27,2026-06-26
0.184,SUSPECTED,SUPPORTING,0.806,NORMAL,NONE,VALIDATION,True,LEGITIMATE,ACTIVE,2026-05-13,2026-10-13
0.541,CONFIRMED,SUPPORTING,0.966,NORMAL,COLLECTIVE_ANOMALY,TRAIN,True,CRIMINAL,ACTIVE,2026-01-18,2026-04-24
0.573,UNKNOWN,NEUTRAL,0.201,NORMAL,NONE,TRAIN,True,CRIMINAL,ACTIVE,2025-11-19,2026-03-08
0.194,CONFIRMED,SUPPORTING,0.899,NORMAL,NONE,TEST,True,AMBIGUOUS,ACTIVE,2026-02-03,2026-06-10
0.033,SUSPECTED,SUPPORTING,0.804,NORMAL,TEMPORAL_ANOMALY,TRAIN,True,CRIMINAL,ACTIVE,2026-02-18,2026-06-04
0.262,FALSE,CONTRADICTING,0.15,NORMAL,COLLECTIVE_ANOMALY,TRAIN,True,CRIMINAL,ACTIVE,2026-03-20,2026-05-16
0.083,CONFIRMED,SUPPORTING,0.956,NORMAL,NONE,TRAIN,True,MIXED,ACTIVE,2026-01-31,2026-06-25
0.182,UNKNOWN,NEUTRAL,0.324,NORMAL,NONE,TRAIN,True,LEGITIMATE,ACTIVE,2026-04-01,2026-09-01
0.532,CONFIRMED,SUPPORTING,0.875,NORMAL,TEMPORAL_ANOMALY,TRAIN,True,CRIMINAL,ACTIVE,2026-03-01,2026-05-09
0.266,CONFIRMED,SUPPORTING,0.875,NORMAL,NONE,TEST,True,AMBIGUOUS,ACTIVE,2026-05-21,2026-08-17
0.38,UNKNOWN,NEUTRAL,0.484,NORMAL,NONE,TRAIN,True,MIXED,ACTIVE,2026-02-05,2026-04-30
0.161,CONFIRMED,SUPPORTING,0.89,NORMAL,NONE,TEST,True,AMBIGUOUS,ACTIVE,2026-01-25,2026-05-30
0.276,FALSE,CONTRADICTING,0.148,NORMAL,NONE,TEST,True,AMBIGUOUS,ACTIVE,2026-01-07,2026-03-12
0.191,SUSPECTED,SUPPORTING,0.587,NORMAL,TEMPORAL_ANOMALY,TRAIN,True,MIXED,ACTIVE,2026-04-17,2026-10-12
0.597,SUSPECTED,SUPPORTING,0.674,NORMAL,NONE,TRAIN,True,CRIMINAL,ACTIVE,2026-02-09,2026-05-23
0.493,CONFIRMED,SUPPORTING,0.98,NORMAL,NONE,TRAIN,True,CRIMINAL,ACTIVE,2025-12-28,2026-05-08
0.515,SUSPECTED,SUPPORTING,0.64,NORMAL,NONE,TRAIN,True,LEGITIMATE,ACTIVE,2026-02-02,2026-08-06
0.696,UNKNOWN,NEUTRAL,0.234,NORMAL,NONE,VALIDATION,True,LEGITIMATE,ACTIVE,2025-12-21,2026-03-02
0.475,FALSE,CONTRADICTING,0.179,NORMAL,NONE,TRAIN,True,LEGITIMATE,ACTIVE,2026-04-03,2026-07-22
0.416,CONFIRMED,SUPPORTING,0.934,NORMAL,CONTEXTUAL_ANOMALY,TRAIN,True,CRIMINAL,ACTIVE,2026-01-02,2026-03-19
0.435,SUSPECTED,SUPPORTING,0.802,NORMAL,NONE,TEST,True,AMBIGUOUS,ACTIVE,2026-04-19,2026-08-13
0.391,SUSPECTED,SUPPORTING,0.798,NORMAL,NONE,TRAIN,True,MIXED,ACTIVE,2025-11-07,2026-04-14
0.154,SUSPECTED,SUPPORTING,0.689,NORMAL,NONE,TEST,True,AMBIGUOUS,ACTIVE,2026-06-09,2026-10-19
0.595,FALSE,CONTRADICTING,0.229,NORMAL,NONE,TRAIN,True,CRIMINAL,ACTIVE,2026-03-15,2026-08-12
0.077,CONFIRMED,SUPPORTING,0.977,NORMAL,NONE,TRAIN,True,CRIMINAL,ACTIVE,2026-05-19,2026-09-02
0.63,CONFIRMED,SUPPORTING,0.949,NORMAL,NONE,TRAIN,True,CRIMINAL,ACTIVE,2026-02-21,2026-07-13
0.681,FALSE,CONTRADICTING,0.41,NORMAL,NONE,TRAIN,True,MIXED,ACTIVE,2026-04-10,2026-09-29
0.69,CONFIRMED,SUPPORTING,0.853,NORMAL,NONE,TRAIN,True,MIXED,ACTIVE,2025-10-13,2026-03-05
0.41,SUSPECTED,SUPPORTING,0.584,NORMAL,NONE,TRAIN,True,MIXED,ACTIVE,2025-10-22,2026-05-02
0.613,CONFIRMED,SUPPORTING,0.898,STALE_DEVICE,NONE,TRAIN,True,CRIMINAL,ACTIVE,2026-03-03,2026-05-29
0.266,FALSE,CONTRADICTING,0.157,NORMAL,NONE,VALIDATION,True,LEGITIMATE,ACTIVE,2025-11-25,2026-05-30
0.679,SUSPECTED,SUPPORTING,0.809,NORMAL,NONE,TRAIN,True,CRIMINAL,ACTIVE,2025-12-11,2026-03-10
0.432,UNKNOWN,NEUTRAL,0.23,NORMAL,NONE,TRAIN,True,MIXED,ACTIVE,2026-04-03,2026-06-20
0.531,FALSE,CONTRADICTING,0.162,NORMAL,NONE,TRAIN,True,LEGITIMATE,ACTIVE,2026-03-14,2026-06-30
0.321,UNKNOWN,NEUTRAL,0.428,NORMAL,NONE,TRAIN,True,MIXED,ACTIVE,2026-04-02,2026-08-20
0.203,FALSE,CONTRADICTING,0.187,NORMAL,NONE,TRAIN,True,CRIMINAL,ACTIVE,2026-04-07,2026-06-14
0.21,SUSPECTED,SUPPORTING,0.742,NORMAL,NONE,TRAIN,True,MIXED,ACTIVE,2026-02-01,2026-06-22
0.018,SUSPECTED,SUPPORTING,0.745,NORMAL,NONE,TRAIN,True,CRIMINAL,ACTIVE,2026-01-21,2026-05-12
0.368,SUSPECTED,SUPPORTING,0.698,NORMAL,NONE,TRAIN,True,CRIMINAL,ACTIVE,2026-04-07,2026-06-20
0.421,SUSPECTED,SUPPORTING,0.717,NORMAL,NONE,TRAIN,True,CRIMINAL,ACTIVE,2026-03-29,2026-08-15
0.208,UNKNOWN,NEUTRAL,0.212,NORMAL,NONE,TRAIN,True,MIXED,ACTIVE,2025-11-18,2026-03-28
0.37,UNKNOWN,NEUTRAL,0.306,NORMAL,POINT_ANOMALY,TRAIN,True,MIXED,ACTIVE,2026-02-17,2026-05-11
0.352,SUSPECTED,SUPPORTING,0.749,NORMAL,NONE,VALIDATION,True,LEGITIMATE,ACTIVE,2026-06-01,2026-09-08
0.492,CONFIRMED,SUPPORTING,0.837,NORMAL,NONE,TRAIN,True,MIXED,ACTIVE,2026-02-25,2026-04-30
0.71,CONFIRMED,SUPPORTING,0.83,NORMAL,NONE,TRAIN,True,MIXED,ACTIVE,2025-11-16,2026-04-16
0.192,CONFIRMED,SUPPORTING,0.894,NORMAL,NONE,TRAIN,True,CRIMINAL,ACTIVE,2026-03-02,2026-05-24
0.471,UNKNOWN,NEUTRAL,0.228,NORMAL,CONTEXTUAL_ANOMALY,TRAIN,True,MIXED,ACTIVE,2026-03-21,2026-06-22
0.134,UNKNOWN,NEUTRAL,0.513,NORMAL,NONE,TEST,True,AMBIGUOUS,ACTIVE,2026-02-11,2026-03-23
0.29,UNKNOWN,NEUTRAL,0.306,NORMAL,CONTEXTUAL_ANOMALY,TEST,True,AMBIGUOUS,ACTIVE,2026-04-12,2026-07-15
0.124,SUSPECTED,SUPPORTING,0.835,NORMAL,NONE,VALIDATION,True,LEGITIMATE,ACTIVE,2026-04-22,2026-07-26
0.511,UNKNOWN,NEUTRAL,0.353,NORMAL,COLLECTIVE_ANOMALY,TRAIN,True,MIXED,ACTIVE,2026-01-14,2026-06-20
0.354,SUSPECTED,SUPPORTING,0.734,NORMAL,NONE,TRAIN,True,CRIMINAL,ACTIVE,2025-12-30,2026-05-29
0.619,SUSPECTED,SUPPORTING,0.715,NORMAL,NONE,TRAIN,True,CRIMINAL,ACTIVE,2026-02-01,2026-07-27
0.195,UNKNOWN,NEUTRAL,0.544,NORMAL,NONE,TRAIN,True,CRIMINAL,ACTIVE,2026-04-14,2026-07-21
0.486,CONFIRMED,SUPPORTING,0.85,NORMAL,NONE,TRAIN,True,CRIMINAL,ACTIVE,2026-01-24,2026-04-15
0.305,FALSE,CONTRADICTING,0.265,NORMAL,NONE,TRAIN,True,MIXED,ACTIVE,2025-11-24,2026-04-01
0.079,SUSPECTED,SUPPORTING,0.714,NORMAL,NONE,TRAIN,True,CRIMINAL,ACTIVE,2025-10-29,2026-05-20
0.089,CONFIRMED,SUPPORTING,0.955,NORMAL,NONE,TRAIN,True,MIXED,ACTIVE,2026-03-05,2026-08-18
0.163,UNKNOWN,NEUTRAL,0.458,NORMAL,NONE,TEST,True,AMBIGUOUS,ACTIVE,2026-07-07,2026-08-22
0.24,UNKNOWN,NEUTRAL,0.289,NORMAL,NONE,TRAIN,True,MIXED,ACTIVE,2026-01-01,2026-05-08
0.419,CONFIRMED,SUPPORTING,0.837,NORMAL,NONE,TRAIN,True,CRIMINAL,ACTIVE,2026-05-28,2026-10-01
0.51,UNKNOWN,NEUTRAL,0.219,NORMAL,NONE,TRAIN,True,CRIMINAL,ACTIVE,2025-10-29,2026-02-01
0.759,SUSPECTED,SUPPORTING,0.773,NORMAL,NONE,TEST,True,AMBIGUOUS,ACTIVE,2026-06-04,2026-09-11
0.313,FALSE,CONTRADICTING,0.393,NORMAL,NONE,TRAIN,True,MIXED,ACTIVE,2026-04-01,2026-07-23
0.505,SUSPECTED,SUPPORTING,0.687,NORMAL,NONE,TRAIN,True,CRIMINAL,ACTIVE,2026-02-14,2026-08-16
0.131,CONFIRMED,SUPPORTING,0.951,NORMAL,NONE,TRAIN,True,CRIMINAL,ACTIVE,2026-03-15,2026-04-23
0.749,CONFIRMED,SUPPORTING,0.905,NORMAL,POINT_ANOMALY,TRAIN,True,MIXED,ACTIVE,2026-06-19,2026-09-15
0.767,FALSE,CONTRADICTING,0.278,NORMAL,NONE,TRAIN,True,MIXED,ACTIVE,2026-06-07,2026-08-23
0.502,CONFIRMED,SUPPORTING,0.932,DUPLICATE,NONE,TRAIN,True,CRIMINAL,ACTIVE,2026-05-27,2026-09-11
0.216,SUSPECTED,SUPPORTING,0.644,NORMAL,NONE,VALIDATION,True,LEGITIMATE,ACTIVE,2025-12-24,2026-03-29
0.604,CONFIRMED,SUPPORTING,0.878,NORMAL,NONE,TRAIN,True,CRIMINAL,ACTIVE,2025-12-02,2026-05-25
0.506,SUSPECTED,SUPPORTING,0.587,NORMAL,NONE,TEST,True,AMBIGUOUS,ACTIVE,2026-04-08,2026-05-28
0.313,UNKNOWN,NEUTRAL,0.231,NORMAL,NONE,TEST,True,AMBIGUOUS,ACTIVE,2026-05-19,2026-09-05
0.142,CONFIRMED,SUPPORTING,0.826,NORMAL,NONE,TRAIN,True,MIXED,ACTIVE,2025-12-28,2026-03-16
0.591,UNKNOWN,NEUTRAL,0.47,NORMAL,NONE,TRAIN,True,CRIMINAL,ACTIVE,2026-07-02,2026-09-10
0.309,UNKNOWN,NEUTRAL,0.268,NORMAL,NONE,TEST,True,AMBIGUOUS,ACTIVE,2025-11-13,2026-05-27
0.216,SUSPECTED,SUPPORTING,0.702,NORMAL,NONE,TRAIN,True,MIXED,ACTIVE,2026-05-04,2026-08-14
0.462,CONFIRMED,SUPPORTING,0.952,NORMAL,NONE,TRAIN,True,LEGITIMATE,ACTIVE,2026-04-09,2026-08-15
0.432,SUSPECTED,SUPPORTING,0.802,NORMAL,NONE,TRAIN,True,CRIMINAL,ACTIVE,2026-05-21,2026-10-05
0.72,CONFIRMED,SUPPORTING,0.97,STALE_DEVICE,NONE,TEST,True,AMBIGUOUS,ACTIVE,2026-06-06,2026-07-03
0.327,UNKNOWN,NEUTRAL,0.529,NORMAL,CONTEXTUAL_ANOMALY,TRAIN,True,CRIMINAL,ACTIVE,2025-10-30,2026-03-21
0.243,SUSPECTED,SUPPORTING,0.688,NORMAL,NONE,TRAIN,True,CRIMINAL,ACTIVE,2025-10-08,2026-03-17
0.27,UNKNOWN,NEUTRAL,0.372,NORMAL,NONE,TEST,True,AMBIGUOUS,ACTIVE,2026-07-09,2026-09-28
0.164,UNKNOWN,NEUTRAL,0.517,NORMAL,NONE,TRAIN,True,CRIMINAL,ACTIVE,2025-10-30,2026-04-20
0.439,UNKNOWN,NEUTRAL,0.487,NORMAL,NONE,TRAIN,True,MIXED,ACTIVE,2026-03-19,2026-08-29
0.211,SUSPECTED,SUPPORTING,0.595,RECYCLED_SIM,NONE,TRAIN,True,CRIMINAL,ACTIVE,2025-10-23,2026-03-27
0.442,CONFIRMED,SUPPORTING,0.912,SHARED_DEVICE,NONE,TRAIN,True,CRIMINAL,ACTIVE,2026-06-21,2026-08-06
0.347,UNKNOWN,NEUTRAL,0.31,NORMAL,NONE,TRAIN,True,CRIMINAL,ACTIVE,2026-01-13,2026-03-20
0.302,FALSE,CONTRADICTING,0.339,NORMAL,NONE,VALIDATION,True,LEGITIMATE,ACTIVE,2026-04-24,2026-07-27
0.434,FALSE,CONTRADICTING,0.233,NORMAL,NONE,TRAIN,True,MIXED,ACTIVE,2025-12-21,2026-03-06
0.305,SUSPECTED,SUPPORTING,0.628,NORMAL,NONE,VALIDATION,True,LEGITIMATE,ACTIVE,2026-01-13,2026-03-18
0.479,FALSE,CONTRADICTING,0.25,NORMAL,NONE,TRAIN,True,CRIMINAL,ACTIVE,2026-02-06,2026-05-05
0.303,CONFIRMED,SUPPORTING,0.957,NORMAL,NONE,TEST,True,AMBIGUOUS,ACTIVE,2026-03-30,2026-06-10
0.041,UNKNOWN,NEUTRAL,0.371,NORMAL,NONE,TEST,True,AMBIGUOUS,ACTIVE,2026-08-03,2026-11-12
0.184,UNKNOWN,NEUTRAL,0.396,NORMAL,NONE,TRAIN,True,CRIMINAL,ACTIVE,2025-09-16,2026-02-23
0.051,FALSE,CONTRADICTING,0.294,NORMAL,NONE,TRAIN,True,MIXED,ACTIVE,2026-06-03,2026-09-10
0.664,CONFIRMED,SUPPORTING,0.904,NORMAL,NONE,TRAIN,True,CRIMINAL,ACTIVE,2026-05-09,2026-08-08
0.793,FALSE,CONTRADICTING,0.315,NORMAL,TEMPORAL_ANOMALY,TEST,True,AMBIGUOUS,ACTIVE,2025-10-19,2026-02-25
0.505,FALSE,CONTRADICTING,0.381,NORMAL,NONE,TRAIN,True,LEGITIMATE,ACTIVE,2026-04-18,2026-08-28
0.258,SUSPECTED,SUPPORTING,0.631,NORMAL,NONE,TEST,True,AMBIGUOUS,ACTIVE,2026-03-31,2026-05-29
0.562,UNKNOWN,NEUTRAL,0.504,NORMAL,NONE,TEST,True,AMBIGUOUS,ACTIVE,2026-02-25,2026-07-03
0.571,SUSPECTED,SUPPORTING,0.616,NORMAL,NONE,TRAIN,True,CRIMINAL,ACTIVE,2025-11-10,2026-05-08
0.829,SUSPECTED,SUPPORTING,0.76,NORMAL,NONE,TRAIN,True,CRIMINAL,ACTIVE,2026-03-13,2026-09-16
0.718,FALSE,CONTRADICTING,0.256,NORMAL,NONE,TRAIN,True,MIXED,ACTIVE,2025-10-27,2026-02-09
0.356,CONFIRMED,SUPPORTING,0.969,NORMAL,NONE,TRAIN,True,CRIMINAL,ACTIVE,2026-03-02,2026-07-28
0.327,UNKNOWN,NEUTRAL,0.312,NORMAL,NONE,TRAIN,True,MIXED,ACTIVE,2026-02-27,2026-05-19
0.639,CONFIRMED,SUPPORTING,0.887,NORMAL,NONE,VALIDATION,True,LEGITIMATE,ACTIVE,2025-11-19,2026-06-05
0.554,UNKNOWN,NEUTRAL,0.366,NORMAL,NONE,TRAIN,True,CRIMINAL,ACTIVE,2026-04-22,2026-10-19
0.16,FALSE,CONTRADICTING,0.2,NORMAL,NONE,TRAIN,True,LEGITIMATE,ACTIVE,2025-11-09,2026-01-20
0.253,CONFIRMED,SUPPORTING,0.92,NORMAL,NONE,VALIDATION,True,LEGITIMATE,ACTIVE,2025-11-14,2026-03-25
0.07,UNKNOWN,NEUTRAL,0.345,NORMAL,NONE,VALIDATION,True,LEGITIMATE,ACTIVE,2026-03-26,2026-07-05
0.224,SUSPECTED,SUPPORTING,0.669,NORMAL,NONE,TRAIN,True,CRIMINAL,ACTIVE,2025-11-19,2026-02-16
0.683,SUSPECTED,SUPPORTING,0.673,NORMAL,NONE,TRAIN,True,MIXED,ACTIVE,2025-11-07,2026-02-14
0.375,SUSPECTED,SUPPORTING,0.774,NORMAL,NONE,TRAIN,True,CRIMINAL,ACTIVE,2026-01-14,2026-06-24
0.261,CONFIRMED,SUPPORTING,0.953,NORMAL,NONE,TRAIN,True,CRIMINAL,ACTIVE,2026-03-12,2026-06-24
0.27,FALSE,CONTRADICTING,0.379,NORMAL,NONE,TRAIN,True,MIXED,ACTIVE,2026-02-08,2026-05-06
0.512,FALSE,CONTRADICTING,0.274,NORMAL,POINT_ANOMALY,TRAIN,True,MIXED,ACTIVE,2026-04-29,2026-07-09
0.774,UNKNOWN,NEUTRAL,0.409,NORMAL,NONE,TRAIN,True,CRIMINAL,ACTIVE,2026-02-05,2026-04-17
0.256,SUSPECTED,SUPPORTING,0.681,NORMAL,NONE,VALIDATION,True,LEGITIMATE,ACTIVE,2026-01-20,2026-04-19
0.312,UNKNOWN,NEUTRAL,0.258,NORMAL,NONE,TRAIN,True,CRIMINAL,ACTIVE,2025-09-05,2026-03-06
0.526,FALSE,CONTRADICTING,0.252,NORMAL,NONE,TRAIN,True,CRIMINAL,ACTIVE,2026-06-10,2026-09-08
0.289,UNKNOWN,NEUTRAL,0.23,NORMAL,NONE,TEST,True,AMBIGUOUS,ACTIVE,2026-01-23,2026-04-08
0.437,SUSPECTED,SUPPORTING,0.619,NORMAL,NONE,TRAIN,True,CRIMINAL,ACTIVE,2025-10-13,2026-02-06
0.78,CONFIRMED,SUPPORTING,0.969,DUPLICATE,NONE,TRAIN,True,CRIMINAL,ACTIVE,2026-05-10,2026-09-02
0.387,CONFIRMED,SUPPORTING,0.915,STALE_DEVICE,NONE,TRAIN,True,MIXED,ACTIVE,2026-02-11,2026-04-16
0.224,SUSPECTED,SUPPORTING,0.846,NORMAL,NONE,VALIDATION,True,LEGITIMATE,ACTIVE,2026-05-17,2026-07-28
0.223,CONFIRMED,SUPPORTING,0.848,NORMAL,NONE,TRAIN,True,CRIMINAL,ACTIVE,2026-05-27,2026-08-06
0.602,UNKNOWN,NEUTRAL,0.48,NORMAL,NONE,TRAIN,True,CRIMINAL,ACTIVE,2025-11-25,2026-04-12
0.209,FALSE,CONTRADICTING,0.374,NORMAL,CONTEXTUAL_ANOMALY,TEST,True,AMBIGUOUS,ACTIVE,2026-03-03,2026-08-05
0.172,FALSE,CONTRADICTING,0.403,NORMAL,NONE,VALIDATION,True,LEGITIMATE,ACTIVE,2025-12-02,2026-04-18
0.314,SUSPECTED,SUPPORTING,0.641,NORMAL,NONE,TRAIN,True,MIXED,ACTIVE,2026-05-06,2026-08-26
0.409,FALSE,CONTRADICTING,0.16,NORMAL,NONE,TRAIN,True,MIXED,ACTIVE,2026-01-31,2026-06-23
0.407,SUSPECTED,SUPPORTING,0.832,NORMAL,NONE,TEST,True,AMBIGUOUS,ACTIVE,2025-12-30,2026-02-07
0.793,SUSPECTED,SUPPORTING,0.634,NORMAL,NONE,TRAIN,True,MIXED,ACTIVE,2025-10-08,2026-03-04
0.13,FALSE,CONTRADICTING,0.41,NORMAL,NONE,TRAIN,True,MIXED,ACTIVE,2026-01-27,2026-06-06
0.793,FALSE,CONTRADICTING,0.319,NORMAL,TEMPORAL_ANOMALY,VALIDATION,True,LEGITIMATE,ACTIVE,2026-06-01,2026-10-02
0.696,SUSPECTED,SUPPORTING,0.76,NORMAL,NONE,TEST,True,AMBIGUOUS,ACTIVE,2026-02-05,2026-06-03
0.683,SUSPECTED,SUPPORTING,0.7,NORMAL,NONE,TRAIN,True,MIXED,ACTIVE,2025-11-24,2026-02-21
0.238,SUSPECTED,SUPPORTING,0.746,NORMAL,NONE,VALIDATION,True,LEGITIMATE,ACTIVE,2026-02-11,2026-05-02
0.323,SUSPECTED,SUPPORTING,0.63,NORMAL,NONE,TRAIN,True,MIXED,ACTIVE,2025-12-06,2026-06-11
0.634,UNKNOWN,NEUTRAL,0.521,NORMAL,NONE,TRAIN,True,MIXED,ACTIVE,2026-03-30,2026-09-07
0.421,UNKNOWN,NEUTRAL,0.547,NORMAL,NONE,TRAIN,True,CRIMINAL,ACTIVE,2026-07-24,2026-10-07
0.217,SUSPECTED,SUPPORTING,0.773,NORMAL,NONE,TRAIN,True,CRIMINAL,ACTIVE,2026-07-15,2026-10-19
0.226,UNKNOWN,NEUTRAL,0.334,NORMAL,NONE,TRAIN,True,MIXED,ACTIVE,2025-10-20,2026-03-18
0.284,UNKNOWN,NEUTRAL,0.383,NORMAL,NONE,TRAIN,True,MIXED,ACTIVE,2026-07-13,2026-08-20
0.616,SUSPECTED,SUPPORTING,0.628,NORMAL,NONE,TEST,True,AMBIGUOUS,ACTIVE,2026-02-17,2026-08-02
0.089,CONFIRMED,SUPPORTING,0.91,NORMAL,NONE,TRAIN,True,MIXED,ACTIVE,2026-03-18,2026-06-06
0.377,SUSPECTED,SUPPORTING,0.583,NORMAL,NONE,TRAIN,True,CRIMINAL,ACTIVE,2025-12-06,2026-04-17
0.441,UNKNOWN,NEUTRAL,0.352,NORMAL,NONE,TRAIN,True,MIXED,ACTIVE,2025-10-03,2026-01-22
0.194,UNKNOWN,NEUTRAL,0.422,NORMAL,NONE,TEST,True,AMBIGUOUS,ACTIVE,2026-07-20,2026-10-17
0.579,CONFIRMED,SUPPORTING,0.942,NORMAL,CONTEXTUAL_ANOMALY,TRAIN,True,MIXED,ACTIVE,2025-11-04,2026-03-29
0.523,UNKNOWN,NEUTRAL,0.544,NORMAL,TEMPORAL_ANOMALY,VALIDATION,True,LEGITIMATE,ACTIVE,2025-10-10,2026-04-22
0.482,CONFIRMED,SUPPORTING,0.853,NORMAL,NONE,TRAIN,True,CRIMINAL,ACTIVE,2026-03-28,2026-05-26
0.399,SUSPECTED,SUPPORTING,0.821,NORMAL,NONE,TRAIN,True,MIXED,ACTIVE,2026-03-04,2026-05-31
0.392,UNKNOWN,NEUTRAL,0.382,NORMAL,NONE,TRAIN,True,CRIMINAL,ACTIVE,2026-02-12,2026-08-06
0.635,FALSE,CONTRADICTING,0.351,NORMAL,COLLECTIVE_ANOMALY,TRAIN,True,MIXED,ACTIVE,2025-11-27,2026-03-11
0.286,UNKNOWN,NEUTRAL,0.365,NORMAL,NONE,TRAIN,True,CRIMINAL,ACTIVE,2026-02-14,2026-05-15
0.401,UNKNOWN,NEUTRAL,0.239,NORMAL,NONE,TRAIN,True,CRIMINAL,ACTIVE,2026-02-28,2026-06-25
0.86,SUSPECTED,SUPPORTING,0.772,NORMAL,NONE,TRAIN,True,MIXED,ACTIVE,2026-06-12,2026-11-02
0.914,SUSPECTED,SUPPORTING,0.64,NORMAL,NONE,TRAIN,True,MIXED,ACTIVE,2026-04-21,2026-07-31
0.305,UNKNOWN,NEUTRAL,0.294,NORMAL,NONE,TRAIN,True,LEGITIMATE,ACTIVE,2026-06-16,2026-08-24
0.639,SUSPECTED,SUPPORTING,0.8,NORMAL,POINT_ANOMALY,TRAIN,True,CRIMINAL,ACTIVE,2026-06-29,2026-09-17
0.233,FALSE,CONTRADICTING,0.189,NORMAL,NONE,TRAIN,True,MIXED,ACTIVE,2026-05-11,2026-07-16
0.608,FALSE,CONTRADICTING,0.184,NORMAL,NONE,VALIDATION,True,LEGITIMATE,ACTIVE,2026-02-04,2026-07-13
0.488,FALSE,CONTRADICTING,0.34,NORMAL,NONE,TRAIN,True,LEGITIMATE,ACTIVE,2026-01-18,2026-04-19
0.297,CONFIRMED,SUPPORTING,0.872,NORMAL,NONE,TEST,True,AMBIGUOUS,ACTIVE,2026-01-15,2026-06-23
0.572,SUSPECTED,SUPPORTING,0.794,NORMAL,NONE,TRAIN,True,CRIMINAL,ACTIVE,2026-05-16,2026-07-06
0.248,SUSPECTED,SUPPORTING,0.816,NORMAL,NONE,TRAIN,True,CRIMINAL,ACTIVE,2025-11-23,2026-05-09
0.125,UNKNOWN,NEUTRAL,0.416,NORMAL,NONE,TRAIN,True,CRIMINAL,ACTIVE,2025-11-21,2026-04-18
0.493,SUSPECTED,SUPPORTING,0.79,NORMAL,NONE,TRAIN,True,CRIMINAL,ACTIVE,2026-02-23,2026-07-25
0.21,CONFIRMED,SUPPORTING,0.911,SHARED_DEVICE,CONTEXTUAL_ANOMALY,TRAIN,True,MIXED,ACTIVE,2026-02-14,2026-05-13
0.242,FALSE,CONTRADICTING,0.375,NORMAL,NONE,TRAIN,True,CRIMINAL,ACTIVE,2026-02-11,2026-07-12
0.446,CONFIRMED,SUPPORTING,0.847,NORMAL,NONE,TRAIN,True,CRIMINAL,ACTIVE,2026-04-16,2026-10-11
0.504,SUSPECTED,SUPPORTING,0.695,NORMAL,POINT_ANOMALY,TRAIN,True,MIXED,ACTIVE,2026-06-07,2026-09-30
0.442,UNKNOWN,NEUTRAL,0.285,NORMAL,NONE,TRAIN,True,MIXED,ACTIVE,2026-06-10,2026-10-15
0.317,SUSPECTED,SUPPORTING,0.806,NORMAL,NONE,TRAIN,True,MIXED,ACTIVE,2026-02-14,2026-04-13
0.84,SUSPECTED,SUPPORTING,0.837,NORMAL,NONE,TRAIN,True,LEGITIMATE,ACTIVE,2025-12-16,2026-05-06
0.302,CONFIRMED,SUPPORTING,0.961,NORMAL,NONE,TRAIN,True,MIXED,ACTIVE,2026-02-09,2026-04-02
0.301,SUSPECTED,SUPPORTING,0.61,NORMAL,NONE,TRAIN,True,CRIMINAL,ACTIVE,2026-06-28,2026-08-12
0.77,UNKNOWN,NEUTRAL,0.451,NORMAL,NONE,TRAIN,True,CRIMINAL,ACTIVE,2026-03-24,2026-08-06
0.299,SUSPECTED,SUPPORTING,0.65,NORMAL,NONE,TEST,True,AMBIGUOUS,ACTIVE,2025-12-23,2026-03-17
0.483,SUSPECTED,SUPPORTING,0.755,NORMAL,NONE,TEST,True,AMBIGUOUS,ACTIVE,2026-05-27,2026-08-27
0.21,UNKNOWN,NEUTRAL,0.202,NORMAL,POINT_ANOMALY,TEST,True,AMBIGUOUS,ACTIVE,2025-12-14,2026-02-23
0.374,CONFIRMED,SUPPORTING,0.881,NORMAL,NONE,TRAIN,True,CRIMINAL,ACTIVE,2026-07-12,2026-10-31
0.295,UNKNOWN,NEUTRAL,0.516,NORMAL,NONE,TRAIN,True,CRIMINAL,ACTIVE,2026-05-20,2026-09-01
0.469,SUSPECTED,SUPPORTING,0.611,NORMAL,POINT_ANOMALY,TRAIN,True,CRIMINAL,ACTIVE,2026-05-01,2026-09-01
0.149,SUSPECTED,SUPPORTING,0.797,NORMAL,NONE,TRAIN,True,MIXED,ACTIVE,2026-04-28,2026-09-06
0.544,SUSPECTED,SUPPORTING,0.681,NORMAL,NONE,TRAIN,True,MIXED,ACTIVE,2026-06-11,2026-09-10
0.494,SUSPECTED,SUPPORTING,0.767,NORMAL,NONE,TRAIN,True,MIXED,ACTIVE,2026-06-15,2026-09-22
0.562,FALSE,CONTRADICTING,0.158,NORMAL,NONE,TRAIN,True,MIXED,ACTIVE,2026-01-07,2026-04-17
0.394,CONFIRMED,SUPPORTING,0.962,NORMAL,NONE,TRAIN,True,CRIMINAL,ACTIVE,2026-05-06,2026-10-06
0.318,FALSE,CONTRADICTING,0.363,NORMAL,NONE,TRAIN,True,CRIMINAL,ACTIVE,2026-02-16,2026-05-26
0.247,CONFIRMED,SUPPORTING,0.907,NORMAL,TEMPORAL_ANOMALY,TRAIN,True,CRIMINAL,ACTIVE,2026-04-19,2026-08-20
0.487,CONFIRMED,SUPPORTING,0.825,NORMAL,NONE,TRAIN,True,CRIMINAL,ACTIVE,2026-04-05,2026-07-14
0.34,UNKNOWN,NEUTRAL,0.372,NORMAL,RELATIONAL_ANOMALY,TEST,True,AMBIGUOUS,ACTIVE,2025-10-21,2026-04-11
0.293,SUSPECTED,SUPPORTING,0.705,NORMAL,NONE,VALIDATION,True,LEGITIMATE,ACTIVE,2026-05-01,2026-08-28
0.038,FALSE,CONTRADICTING,0.267,NORMAL,NONE,VALIDATION,True,LEGITIMATE,ACTIVE,2026-03-23,2026-05-25
0.689,FALSE,CONTRADICTING,0.323,NORMAL,NONE,TRAIN,True,MIXED,ACTIVE,2026-05-03,2026-09-20
0.309,CONFIRMED,SUPPORTING,0.92,NORMAL,NONE,TRAIN,True,CRIMINAL,ACTIVE,2026-04-24,2026-09-20
0.271,SUSPECTED,SUPPORTING,0.793,NORMAL,NONE,TRAIN,True,CRIMINAL,ACTIVE,2025-12-25,2026-05-04
0.128,SUSPECTED,SUPPORTING,0.843,NORMAL,CONTEXTUAL_ANOMALY,TRAIN,True,MIXED,ACTIVE,2026-02-09,2026-06-19
0.124,UNKNOWN,NEUTRAL,0.328,NORMAL,NONE,TRAIN,True,MIXED,ACTIVE,2026-02-07,2026-04-09
0.434,UNKNOWN,NEUTRAL,0.549,NORMAL,NONE,TRAIN,True,CRIMINAL,ACTIVE,2026-06-03,2026-08-04
0.213,CONFIRMED,SUPPORTING,0.925,DUPLICATE,NONE,TEST,True,AMBIGUOUS,ACTIVE,2025-11-02,2026-04-02
0.56,CONFIRMED,SUPPORTING,0.832,STALE_DEVICE,NONE,TEST,True,AMBIGUOUS,ACTIVE,2026-06-03,2026-09-05
0.26,SUSPECTED,SUPPORTING,0.764,NORMAL,POINT_ANOMALY,TRAIN,True,MIXED,ACTIVE,2026-01-18,2026-03-12
0.716,UNKNOWN,NEUTRAL,0.549,STALE_DEVICE,NONE,TRAIN,True,MIXED,ACTIVE,2026-03-27,2026-09-09
0.289,SUSPECTED,SUPPORTING,0.665,NORMAL,NONE,TRAIN,True,MIXED,ACTIVE,2026-02-19,2026-04-12
0.353,FALSE,CONTRADICTING,0.208,NORMAL,NONE,VALIDATION,True,LEGITIMATE,ACTIVE,2026-03-25,2026-09-17
0.531,UNKNOWN,NEUTRAL,0.22,NORMAL,COLLECTIVE_ANOMALY,TRAIN,True,CRIMINAL,ACTIVE,2026-04-08,2026-07-05
0.389,CONFIRMED,SUPPORTING,0.898,NORMAL,NONE,TEST,True,AMBIGUOUS,ACTIVE,2025-12-11,2026-04-19
0.257,UNKNOWN,NEUTRAL,0.214,NORMAL,NONE,VALIDATION,True,LEGITIMATE,ACTIVE,2025-12-31,2026-04-20
0.075,UNKNOWN,NEUTRAL,0.48,NORMAL,COLLECTIVE_ANOMALY,TRAIN,True,CRIMINAL,ACTIVE,2025-12-25,2026-03-04
0.026,SUSPECTED,SUPPORTING,0.802,DUPLICATE,NONE,TRAIN,True,CRIMINAL,ACTIVE,2026-03-02,2026-07-19
0.874,UNKNOWN,NEUTRAL,0.456,NORMAL,NONE,TEST,True,AMBIGUOUS,ACTIVE,2026-05-20,2026-07-20
0.543,FALSE,CONTRADICTING,0.396,NORMAL,NONE,TRAIN,True,MIXED,ACTIVE,2026-03-05,2026-08-29
0.56,CONFIRMED,SUPPORTING,0.854,NORMAL,NONE,TRAIN,True,CRIMINAL,ACTIVE,2026-04-04,2026-05-29
0.383,CONFIRMED,SUPPORTING,0.849,NORMAL,NONE,TRAIN,True,CRIMINAL,ACTIVE,2026-01-30,2026-06-07
0.44,SUSPECTED,SUPPORTING,0.728,NORMAL,NONE,TRAIN,True,MIXED,ACTIVE,2025-12-14,2026-05-24
0.385,FALSE,CONTRADICTING,0.326,NORMAL,NONE,TRAIN,True,CRIMINAL,ACTIVE,2026-04-01,2026-05-30
0.114,UNKNOWN,NEUTRAL,0.383,NORMAL,NONE,TRAIN,True,LEGITIMATE,ACTIVE,2026-02-23,2026-05-06
0.186,CONFIRMED,SUPPORTING,0.833,NORMAL,NONE,TRAIN,True,CRIMINAL,ACTIVE,2025-11-14,2026-03-18
0.214,CONFIRMED,SUPPORTING,0.945,NORMAL,NONE,VALIDATION,True,LEGITIMATE,ACTIVE,2025-12-09,2026-04-10
0.371,CONFIRMED,SUPPORTING,0.861,NORMAL,NONE,TRAIN,True,MIXED,ACTIVE,2026-05-23,2026-09-24
0.407,CONFIRMED,SUPPORTING,0.917,NORMAL,NONE,TEST,True,AMBIGUOUS,ACTIVE,2026-06-18,2026-10-26
0.213,FALSE,CONTRADICTING,0.275,NORMAL,NONE,TRAIN,True,MIXED,ACTIVE,2025-11-26,2026-03-10
0.331,UNKNOWN,NEUTRAL,0.208,NORMAL,RELATIONAL_ANOMALY,TRAIN,True,CRIMINAL,ACTIVE,2026-04-11,2026-09-22
0.236,CONFIRMED,SUPPORTING,0.989,NORMAL,NONE,VALIDATION,True,LEGITIMATE,ACTIVE,2026-02-06,2026-04-26
0.581,FALSE,CONTRADICTING,0.218,NORMAL,NONE,VALIDATION,True,LEGITIMATE,ACTIVE,2026-02-01,2026-08-05
0.372,SUSPECTED,SUPPORTING,0.665,NORMAL,NONE,TRAIN,True,CRIMINAL,ACTIVE,2025-11-21,2026-04-21
0.367,FALSE,CONTRADICTING,0.17,NORMAL,NONE,VALIDATION,True,LEGITIMATE,ACTIVE,2026-02-03,2026-05-27
0.557,UNKNOWN,NEUTRAL,0.395,NORMAL,CONTEXTUAL_ANOMALY,TRAIN,True,CRIMINAL,ACTIVE,2025-10-17,2026-04-09
0.853,CONFIRMED,SUPPORTING,0.863,NORMAL,NONE,TRAIN,True,MIXED,ACTIVE,2026-01-11,2026-05-19
0.433,FALSE,CONTRADICTING,0.378,NORMAL,NONE,TRAIN,True,MIXED,ACTIVE,2026-02-07,2026-03-24
0.499,UNKNOWN,NEUTRAL,0.242,NORMAL,NONE,TRAIN,True,MIXED,ACTIVE,2026-02-12,2026-03-15
0.141,CONFIRMED,SUPPORTING,0.967,NORMAL,NONE,TRAIN,True,CRIMINAL,ACTIVE,2026-05-10,2026-08-12
0.401,FALSE,CONTRADICTING,0.398,NORMAL,NONE,TRAIN,True,MIXED,ACTIVE,2026-02-28,2026-08-22
0.383,SUSPECTED,SUPPORTING,0.778,SHARED_DEVICE,CONTEXTUAL_ANOMALY,TRAIN,True,MIXED,ACTIVE,2026-06-05,2026-08-20
0.039,FALSE,CONTRADICTING,0.234,NORMAL,NONE,TEST,True,AMBIGUOUS,ACTIVE,2025-12-28,2026-05-20
0.445,FALSE,CONTRADICTING,0.276,NORMAL,NONE,TRAIN,True,MIXED,ACTIVE,2025-12-26,2026-03-24
0.467,FALSE,CONTRADICTING,0.167,NORMAL,CONTEXTUAL_ANOMALY,TEST,True,AMBIGUOUS,ACTIVE,2026-04-23,2026-08-24
0.453,SUSPECTED,SUPPORTING,0.718,NORMAL,NONE,TRAIN,True,CRIMINAL,ACTIVE,2025-12-26,2026-05-15
0.517,CONFIRMED,SUPPORTING,0.875,NORMAL,NONE,TRAIN,True,CRIMINAL,ACTIVE,2026-02-20,2026-05-20
0.377,UNKNOWN,NEUTRAL,0.238,NORMAL,NONE,VALIDATION,True,LEGITIMATE,ACTIVE,2025-10-12,2026-02-16
0.567,UNKNOWN,NEUTRAL,0.294,NORMAL,NONE,TRAIN,True,CRIMINAL,ACTIVE,2026-02-02,2026-06-26
0.229,SUSPECTED,SUPPORTING,0.806,SHARED_DEVICE,NONE,TRAIN,True,CRIMINAL,ACTIVE,2026-01-12,2026-06-15
0.632,UNKNOWN,NEUTRAL,0.469,NORMAL,NONE,TEST,True,AMBIGUOUS,ACTIVE,2026-04-16,2026-10-01
0.129,UNKNOWN,NEUTRAL,0.25,NORMAL,NONE,VALIDATION,True,LEGITIMATE,ACTIVE,2025-11-18,2026-02-22
0.169,SUSPECTED,SUPPORTING,0.583,NORMAL,NONE,TEST,True,AMBIGUOUS,ACTIVE,2025-12-06,2026-04-05
0.031,CONFIRMED,SUPPORTING,0.925,NORMAL,NONE,TRAIN,True,MIXED,ACTIVE,2026-02-26,2026-07-13
0.261,FALSE,CONTRADICTING,0.279,NORMAL,NONE,TRAIN,True,MIXED,ACTIVE,2025-12-17,2026-02-12
0.403,SUSPECTED,SUPPORTING,0.604,NORMAL,POINT_ANOMALY,VALIDATION,True,LEGITIMATE,ACTIVE,2026-06-16,2026-10-19
0.173,FALSE,CONTRADICTING,0.133,NORMAL,NONE,VALIDATION,True,LEGITIMATE,ACTIVE,2026-01-15,2026-04-25
0.123,SUSPECTED,SUPPORTING,0.628,NORMAL,NONE,TRAIN,True,CRIMINAL,ACTIVE,2026-03-22,2026-05-18
0.23,FALSE,CONTRADICTING,0.215,NORMAL,NONE,VALIDATION,True,LEGITIMATE,ACTIVE,2026-06-17,2026-07-24
0.132,SUSPECTED,SUPPORTING,0.593,NORMAL,NONE,TRAIN,True,CRIMINAL,ACTIVE,2025-12-30,2026-06-17
0.391,UNKNOWN,NEUTRAL,0.509,NORMAL,NONE,TRAIN,True,MIXED,ACTIVE,2026-04-18,2026-07-27
0.47,SUSPECTED,SUPPORTING,0.582,NORMAL,NONE,VALIDATION,True,LEGITIMATE,ACTIVE,2025-09-18,2026-03-27
0.553,CONFIRMED,SUPPORTING,0.831,NORMAL,NONE,TRAIN,True,CRIMINAL,ACTIVE,2026-01-21,2026-06-26
0.65,CONFIRMED,SUPPORTING,0.941,NORMAL,NONE,TRAIN,True,CRIMINAL,ACTIVE,2026-06-19,2026-10-03
0.577,CONFIRMED,SUPPORTING,0.955,NORMAL,NONE,TEST,True,AMBIGUOUS,ACTIVE,2026-04-30,2026-07-27
0.242,UNKNOWN,NEUTRAL,0.515,NORMAL,NONE,TEST,True,AMBIGUOUS,ACTIVE,2026-04-23,2026-06-21
0.441,SUSPECTED,SUPPORTING,0.842,NORMAL,NONE,TRAIN,True,CRIMINAL,ACTIVE,2026-01-10,2026-05-22
0.431,SUSPECTED,SUPPORTING,0.808,NORMAL,NONE,TRAIN,True,CRIMINAL,ACTIVE,2026-02-16,2026-07-11
0.037,UNKNOWN,NEUTRAL,0.356,NORMAL,NONE,VALIDATION,True,LEGITIMATE,ACTIVE,2025-09-24,2026-03-16
0.52,CONFIRMED,SUPPORTING,0.839,NORMAL,NONE,TEST,True,AMBIGUOUS,ACTIVE,2025-12-28,2026-05-23
0.174,UNKNOWN,NEUTRAL,0.362,NORMAL,NONE,TRAIN,True,CRIMINAL,ACTIVE,2026-01-20,2026-05-10
0.713,SUSPECTED,SUPPORTING,0.776,NORMAL,NONE,TRAIN,True,CRIMINAL,ACTIVE,2026-03-25,2026-08-05
0.407,CONFIRMED,SUPPORTING,0.87,NORMAL,NONE,TRAIN,True,CRIMINAL,ACTIVE,2026-03-31,2026-05-07
0.201,CONFIRMED,SUPPORTING,0.829,NORMAL,NONE,TRAIN,True,MIXED,ACTIVE,2026-01-03,2026-04-12
0.106,UNKNOWN,NEUTRAL,0.256,NORMAL,NONE,TRAIN,True,MIXED,ACTIVE,2026-02-13,2026-06-08
0.047,SUSPECTED,SUPPORTING,0.632,SHARED_DEVICE,NONE,TRAIN,True,MIXED,ACTIVE,2026-04-06,2026-06-14
0.077,UNKNOWN,NEUTRAL,0.265,NORMAL,NONE,TRAIN,True,MIXED,ACTIVE,2026-03-10,2026-07-20
0.521,SUSPECTED,SUPPORTING,0.584,NORMAL,NONE,TRAIN,True,MIXED,ACTIVE,2026-04-19,2026-09-28
0.226,FALSE,CONTRADICTING,0.362,NORMAL,NONE,TRAIN,True,CRIMINAL,ACTIVE,2025-09-29,2026-03-15
0.517,FALSE,CONTRADICTING,0.146,DUPLICATE,NONE,VALIDATION,True,LEGITIMATE,ACTIVE,2026-04-29,2026-08-10
0.463,SUSPECTED,SUPPORTING,0.844,NORMAL,NONE,TRAIN,True,CRIMINAL,ACTIVE,2026-02-14,2026-03-12
0.284,FALSE,CONTRADICTING,0.17,NORMAL,NONE,TRAIN,True,MIXED,ACTIVE,2026-02-24,2026-06-04
0.555,SUSPECTED,SUPPORTING,0.687,NORMAL,NONE,TRAIN,True,MIXED,ACTIVE,2026-01-31,2026-05-06
0.059,UNKNOWN,NEUTRAL,0.373,NORMAL,NONE,TRAIN,True,LEGITIMATE,ACTIVE,2026-02-02,2026-06-11
0.427,FALSE,CONTRADICTING,0.365,NORMAL,NONE,TRAIN,True,CRIMINAL,ACTIVE,2026-03-07,2026-06-10
0.554,SUSPECTED,SUPPORTING,0.621,NORMAL,NONE,VALIDATION,True,LEGITIMATE,ACTIVE,2025-12-22,2026-04-17
0.584,CONFIRMED,SUPPORTING,0.842,NORMAL,CONTEXTUAL_ANOMALY,TEST,True,AMBIGUOUS,ACTIVE,2026-02-15,2026-04-27
0.455,CONFIRMED,SUPPORTING,0.854,NORMAL,NONE,TRAIN,True,CRIMINAL,ACTIVE,2026-04-25,2026-10-20
0.341,FALSE,CONTRADICTING,0.376,NORMAL,NONE,VALIDATION,True,LEGITIMATE,ACTIVE,2026-05-31,2026-09-27
0.678,FALSE,CONTRADICTING,0.343,NORMAL,NONE,VALIDATION,True,LEGITIMATE,ACTIVE,2026-02-14,2026-07-12
0.182,CONFIRMED,SUPPORTING,0.97,NORMAL,NONE,TRAIN,True,CRIMINAL,ACTIVE,2026-02-06,2026-04-16
0.403,FALSE,CONTRADICTING,0.212,NORMAL,NONE,TRAIN,True,MIXED,ACTIVE,2025-11-20,2026-04-13
0.31,UNKNOWN,NEUTRAL,0.271,NORMAL,NONE,TRAIN,True,MIXED,ACTIVE,2025-12-08,2026-04-15
0.233,SUSPECTED,SUPPORTING,0.688,NORMAL,TEMPORAL_ANOMALY,TRAIN,True,CRIMINAL,ACTIVE,2026-07-20,2026-08-19
0.597,SUSPECTED,SUPPORTING,0.662,NORMAL,COLLECTIVE_ANOMALY,TRAIN,True,MIXED,ACTIVE,2026-01-15,2026-05-04
0.266,SUSPECTED,SUPPORTING,0.834,NORMAL,NONE,TRAIN,True,CRIMINAL,ACTIVE,2025-11-28,2026-04-05
0.198,FALSE,CONTRADICTING,0.2,NORMAL,COLLECTIVE_ANOMALY,TEST,True,AMBIGUOUS,ACTIVE,2026-03-27,2026-07-13
0.061,UNKNOWN,NEUTRAL,0.392,NORMAL,NONE,TRAIN,True,LEGITIMATE,ACTIVE,2025-10-21,2026-03-13
0.629,UNKNOWN,NEUTRAL,0.391,NORMAL,NONE,TRAIN,True,LEGITIMATE,ACTIVE,2026-06-23,2026-08-07
0.29,FALSE,CONTRADICTING,0.379,NORMAL,NONE,TRAIN,True,CRIMINAL,ACTIVE,2025-10-09,2026-01-27
0.643,SUSPECTED,SUPPORTING,0.653,NORMAL,NONE,TRAIN,True,CRIMINAL,ACTIVE,2026-01-03,2026-03-07
0.56,SUSPECTED,SUPPORTING,0.735,NORMAL,RELATIONAL_ANOMALY,TRAIN,True,MIXED,ACTIVE,2026-03-13,2026-07-09
0.121,FALSE,CONTRADICTING,0.391,NORMAL,NONE,VALIDATION,True,LEGITIMATE,ACTIVE,2025-10-24,2026-05-04
0.423,CONFIRMED,SUPPORTING,0.983,NORMAL,NONE,VALIDATION,True,LEGITIMATE,ACTIVE,2026-06-18,2026-08-22
0.104,SUSPECTED,SUPPORTING,0.729,NORMAL,NONE,TRAIN,True,MIXED,ACTIVE,2026-04-30,2026-07-01
0.096,CONFIRMED,SUPPORTING,0.971,NORMAL,NONE,TRAIN,True,CRIMINAL,ACTIVE,2026-01-22,2026-05-27
0.691,SUSPECTED,SUPPORTING,0.839,NORMAL,NONE,TRAIN,True,CRIMINAL,ACTIVE,2026-05-09,2026-07-29
0.648,SUSPECTED,SUPPORTING,0.835,NORMAL,NONE,TRAIN,True,CRIMINAL,ACTIVE,2026-04-20,2026-07-07
0.29,FALSE,CONTRADICTING,0.232,NORMAL,POINT_ANOMALY,TRAIN,True,MIXED,ACTIVE,2026-07-20,2026-10-11
0.683,UNKNOWN,NEUTRAL,0.263,SHARED_DEVICE,TEMPORAL_ANOMALY,TEST,True,AMBIGUOUS,ACTIVE,2026-06-05,2026-10-01
0.13,SUSPECTED,SUPPORTING,0.66,NORMAL,NONE,TRAIN,True,MIXED,ACTIVE,2026-07-16,2026-10-29
0.58,SUSPECTED,SUPPORTING,0.603,NORMAL,NONE,VALIDATION,True,LEGITIMATE,ACTIVE,2026-03-09,2026-04-19
0.702,SUSPECTED,SUPPORTING,0.628,NORMAL,NONE,TEST,True,AMBIGUOUS,ACTIVE,2026-03-03,2026-07-16
0.494,FALSE,CONTRADICTING,0.196,NORMAL,NONE,VALIDATION,True,LEGITIMATE,ACTIVE,2025-12-14,2026-04-06
0.396,CONFIRMED,SUPPORTING,0.829,NORMAL,NONE,TRAIN,True,CRIMINAL,ACTIVE,2026-04-11,2026-07-24
0.452,SUSPECTED,SUPPORTING,0.609,NORMAL,CONTEXTUAL_ANOMALY,TRAIN,True,MIXED,ACTIVE,2026-03-08,2026-08-26
0.715,UNKNOWN,NEUTRAL,0.445,NORMAL,NONE,VALIDATION,True,LEGITIMATE,ACTIVE,2025-10-03,2026-04-02
0.034,CONFIRMED,SUPPORTING,0.924,NORMAL,NONE,TRAIN,True,MIXED,ACTIVE,2026-02-04,2026-06-30
0.531,SUSPECTED,SUPPORTING,0.71,NORMAL,TEMPORAL_ANOMALY,TRAIN,True,CRIMINAL,ACTIVE,2026-02-18,2026-07-13
0.497,SUSPECTED,SUPPORTING,0.77,NORMAL,NONE,TRAIN,True,CRIMINAL,ACTIVE,2026-05-13,2026-09-10
0.175,CONFIRMED,SUPPORTING,0.989,NORMAL,NONE,TRAIN,True,CRIMINAL,ACTIVE,2026-05-06,2026-09-01
0.295,UNKNOWN,NEUTRAL,0.211,NORMAL,NONE,TRAIN,True,MIXED,ACTIVE,2026-01-19,2026-06-30
0.572,SUSPECTED,SUPPORTING,0.662,NORMAL,NONE,TRAIN,True,CRIMINAL,ACTIVE,2026-01-11,2026-04-26
0.379,UNKNOWN,NEUTRAL,0.29,NORMAL,NONE,TEST,True,AMBIGUOUS,ACTIVE,2026-05-03,2026-07-14
0.176,CONFIRMED,SUPPORTING,0.903,NORMAL,NONE,TRAIN,True,CRIMINAL,ACTIVE,2026-01-20,2026-08-03
0.213,SUSPECTED,SUPPORTING,0.71,NORMAL,NONE,TRAIN,True,CRIMINAL,ACTIVE,2026-02-06,2026-06-15
0.219,CONFIRMED,SUPPORTING,0.865,NORMAL,NONE,TRAIN,True,MIXED,ACTIVE,2026-06-04,2026-08-05
0.716,SUSPECTED,SUPPORTING,0.799,NORMAL,NONE,TRAIN,True,MIXED,ACTIVE,2026-02-10,2026-05-11
0.515,SUSPECTED,SUPPORTING,0.678,NORMAL,NONE,TRAIN,True,CRIMINAL,ACTIVE,2026-05-22,2026-08-26
0.493,SUSPECTED,SUPPORTING,0.749,NORMAL,NONE,TRAIN,True,MIXED,ACTIVE,2025-12-30,2026-07-01
0.169,SUSPECTED,SUPPORTING,0.79,NORMAL,NONE,TRAIN,True,CRIMINAL,ACTIVE,2026-07-02,2026-09-25
0.461,UNKNOWN,NEUTRAL,0.23,NORMAL,NONE,TRAIN,True,LEGITIMATE,ACTIVE,2025-09-23,2026-02-22
0.229,CONFIRMED,SUPPORTING,0.918,NORMAL,NONE,TRAIN,True,CRIMINAL,ACTIVE,2026-01-20,2026-04-03
0.683,SUSPECTED,SUPPORTING,0.793,NORMAL,NONE,TEST,True,AMBIGUOUS,ACTIVE,2026-05-24,2026-08-15
0.6,CONFIRMED,SUPPORTING,0.865,NORMAL,NONE,TRAIN,True,CRIMINAL,ACTIVE,2026-03-06,2026-08-01
0.365,CONFIRMED,SUPPORTING,0.889,NORMAL,NONE,TRAIN,True,MIXED,ACTIVE,2026-04-09,2026-07-20
0.34,FALSE,CONTRADICTING,0.148,NORMAL,NONE,TRAIN,True,MIXED,ACTIVE,2026-04-09,2026-07-23
0.336,CONFIRMED,SUPPORTING,0.978,NORMAL,TEMPORAL_ANOMALY,TRAIN,True,CRIMINAL,ACTIVE,2026-03-07,2026-07-29
0.448,SUSPECTED,SUPPORTING,0.642,NORMAL,NONE,TRAIN,True,CRIMINAL,ACTIVE,2026-06-08,2026-10-14
0.594,UNKNOWN,NEUTRAL,0.51,NORMAL,NONE,VALIDATION,True,LEGITIMATE,ACTIVE,2026-03-31,2026-06-27
0.729,FALSE,CONTRADICTING,0.289,NORMAL,NONE,TRAIN,True,MIXED,ACTIVE,2026-04-15,2026-08-12
0.198,FALSE,CONTRADICTING,0.191,NORMAL,NONE,VALIDATION,True,LEGITIMATE,ACTIVE,2026-03-22,2026-06-26
0.741,UNKNOWN,NEUTRAL,0.244,NORMAL,NONE,TRAIN,True,CRIMINAL,ACTIVE,2025-11-13,2026-03-27
0.148,CONFIRMED,SUPPORTING,0.882,NORMAL,NONE,TRAIN,True,LEGITIMATE,ACTIVE,2026-02-22,2026-07-24
0.44,SUSPECTED,SUPPORTING,0.688,NORMAL,NONE,TRAIN,True,CRIMINAL,ACTIVE,2026-05-24,2026-10-02
0.402,CONFIRMED,SUPPORTING,0.88,NORMAL,NONE,TEST,True,AMBIGUOUS,ACTIVE,2026-02-25,2026-05-23
0.199,SUSPECTED,SUPPORTING,0.826,NORMAL,NONE,VALIDATION,True,LEGITIMATE,ACTIVE,2026-05-24,2026-09-27
0.235,CONFIRMED,SUPPORTING,0.862,STALE_DEVICE,NONE,TRAIN,True,CRIMINAL,ACTIVE,2026-03-07,2026-05-16
0.611,UNKNOWN,NEUTRAL,0.343,STALE_DEVICE,NONE,VALIDATION,True,LEGITIMATE,ACTIVE,2026-01-15,2026-04-09
0.47,SUSPECTED,SUPPORTING,0.616,NORMAL,NONE,TRAIN,True,CRIMINAL,ACTIVE,2025-12-21,2026-05-10
0.509,CONFIRMED,SUPPORTING,0.903,NORMAL,NONE,TRAIN,True,CRIMINAL,ACTIVE,2026-01-30,2026-06-15
0.335,CONFIRMED,SUPPORTING,0.896,NORMAL,NONE,TRAIN,True,CRIMINAL,ACTIVE,2026-02-21,2026-05-28
0.912,UNKNOWN,NEUTRAL,0.328,NORMAL,NONE,TEST,True,AMBIGUOUS,ACTIVE,2025-12-23,2026-04-30
0.572,UNKNOWN,NEUTRAL,0.345,STALE_DEVICE,NONE,TEST,True,AMBIGUOUS,ACTIVE,2025-11-15,2026-03-04
0.483,CONFIRMED,SUPPORTING,0.826,NORMAL,TEMPORAL_ANOMALY,TRAIN,True,MIXED,ACTIVE,2025-12-08,2026-03-02
0.246,FALSE,CONTRADICTING,0.236,NORMAL,NONE,TRAIN,True,CRIMINAL,ACTIVE,2026-04-05,2026-09-07
0.261,UNKNOWN,NEUTRAL,0.205,NORMAL,NONE,VALIDATION,True,LEGITIMATE,ACTIVE,2025-11-08,2026-03-17
0.639,SUSPECTED,SUPPORTING,0.799,NORMAL,NONE,TRAIN,True,CRIMINAL,ACTIVE,2026-03-29,2026-08-02
0.848,SUSPECTED,SUPPORTING,0.859,NORMAL,NONE,TRAIN,True,LEGITIMATE,ACTIVE,2026-05-09,2026-06-20
0.544,CONFIRMED,SUPPORTING,0.841,NORMAL,RELATIONAL_ANOMALY,TEST,True,AMBIGUOUS,ACTIVE,2026-01-11,2026-04-15
0.46,SUSPECTED,SUPPORTING,0.747,NORMAL,NONE,TRAIN,True,MIXED,ACTIVE,2026-04-27,2026-07-15
0.694,UNKNOWN,NEUTRAL,0.4,RECYCLED_SIM,NONE,TEST,True,AMBIGUOUS,ACTIVE,2026-06-18,2026-10-02
0.518,UNKNOWN,NEUTRAL,0.421,NORMAL,NONE,TRAIN,True,MIXED,ACTIVE,2026-06-16,2026-10-23
0.309,CONFIRMED,SUPPORTING,0.974,NORMAL,NONE,TEST,True,AMBIGUOUS,ACTIVE,2026-03-08,2026-06-11
0.269,CONFIRMED,SUPPORTING,0.836,NORMAL,NONE,TRAIN,True,CRIMINAL,ACTIVE,2026-04-21,2026-07-30
0.585,FALSE,CONTRADICTING,0.321,NORMAL,NONE,TRAIN,True,CRIMINAL,ACTIVE,2026-07-01,2026-10-18
0.26,SUSPECTED,SUPPORTING,0.637,NORMAL,NONE,TRAIN,True,MIXED,ACTIVE,2026-05-18,2026-09-02
0.504,SUSPECTED,SUPPORTING,0.688,NORMAL,NONE,TEST,True,AMBIGUOUS,ACTIVE,2026-04-25,2026-08-29
0.254,CONFIRMED,SUPPORTING,0.946,NORMAL,CONTEXTUAL_ANOMALY,TRAIN,True,CRIMINAL,ACTIVE,2026-02-12,2026-03-24
0.196,FALSE,CONTRADICTING,0.347,NORMAL,NONE,TEST,True,AMBIGUOUS,ACTIVE,2026-02-05,2026-06-23
0.496,CONFIRMED,SUPPORTING,0.963,NORMAL,NONE,TRAIN,True,CRIMINAL,ACTIVE,2025-12-15,2026-05-19
0.416,UNKNOWN,NEUTRAL,0.269,NORMAL,NONE,TRAIN,True,CRIMINAL,ACTIVE,2026-03-26,2026-05-28
0.345,FALSE,CONTRADICTING,0.131,NORMAL,NONE,TEST,True,AMBIGUOUS,ACTIVE,2026-08-10,2026-09-10
0.673,UNKNOWN,NEUTRAL,0.36,NORMAL,NONE,TRAIN,True,MIXED,ACTIVE,2025-10-07,2026-04-09
0.362,FALSE,CONTRADICTING,0.207,NORMAL,NONE,TRAIN,True,CRIMINAL,ACTIVE,2026-03-10,2026-09-08
0.511,CONFIRMED,SUPPORTING,0.958,NORMAL,NONE,TRAIN,True,CRIMINAL,ACTIVE,2026-04-06,2026-06-26
0.56,CONFIRMED,SUPPORTING,0.95,NORMAL,CONTEXTUAL_ANOMALY,TEST,True,AMBIGUOUS,ACTIVE,2025-12-31,2026-05-11
0.336,FALSE,CONTRADICTING,0.137,NORMAL,COLLECTIVE_ANOMALY,TRAIN,True,MIXED,ACTIVE,2026-03-02,2026-05-14
0.331,FALSE,CONTRADICTING,0.276,NORMAL,COLLECTIVE_ANOMALY,TRAIN,True,CRIMINAL,ACTIVE,2026-03-30,2026-09-04
0.344,SUSPECTED,SUPPORTING,0.682,NORMAL,NONE,TRAIN,True,MIXED,ACTIVE,2025-12-28,2026-05-21
0.275,UNKNOWN,NEUTRAL,0.397,NORMAL,NONE,TRAIN,True,CRIMINAL,ACTIVE,2026-04-13,2026-09-14
0.312,SUSPECTED,SUPPORTING,0.838,NORMAL,CONTEXTUAL_ANOMALY,TRAIN,True,MIXED,ACTIVE,2026-06-13,2026-10-12
0.681,SUSPECTED,SUPPORTING,0.679,NORMAL,NONE,TRAIN,True,CRIMINAL,ACTIVE,2026-04-29,2026-07-28
0.073,SUSPECTED,SUPPORTING,0.737,NORMAL,NONE,TRAIN,True,CRIMINAL,ACTIVE,2026-01-31,2026-06-12
0.537,SUSPECTED,SUPPORTING,0.65,NORMAL,NONE,TEST,True,AMBIGUOUS,ACTIVE,2026-06-25,2026-10-04
0.424,SUSPECTED,SUPPORTING,0.694,RECYCLED_SIM,NONE,TRAIN,True,MIXED,ACTIVE,2025-12-20,2026-04-23
0.114,CONFIRMED,SUPPORTING,0.887,NORMAL,NONE,TRAIN,True,MIXED,ACTIVE,2025-11-26,2026-04-13
0.645,CONFIRMED,SUPPORTING,0.911,NORMAL,NONE,TRAIN,True,CRIMINAL,ACTIVE,2026-04-08,2026-06-25
0.651,SUSPECTED,SUPPORTING,0.671,NORMAL,NONE,TRAIN,True,MIXED,ACTIVE,2025-12-08,2026-05-07
0.706,SUSPECTED,SUPPORTING,0.613,NORMAL,NONE,TRAIN,True,CRIMINAL,ACTIVE,2026-04-12,2026-09-06
0.366,SUSPECTED,SUPPORTING,0.694,NORMAL,COLLECTIVE_ANOMALY,TRAIN,True,MIXED,ACTIVE,2026-02-26,2026-08-23
0.487,UNKNOWN,NEUTRAL,0.432,NORMAL,NONE,TRAIN,True,CRIMINAL,ACTIVE,2025-12-24,2026-05-18
0.248,SUSPECTED,SUPPORTING,0.731,NORMAL,NONE,TRAIN,True,CRIMINAL,ACTIVE,2026-01-08,2026-04-22
0.546,UNKNOWN,NEUTRAL,0.411,NORMAL,NONE,TRAIN,True,CRIMINAL,ACTIVE,2026-04-29,2026-08-18
0.564,UNKNOWN,NEUTRAL,0.434,NORMAL,NONE,TEST,True,AMBIGUOUS,ACTIVE,2026-03-26,2026-08-05
0.183,SUSPECTED,SUPPORTING,0.803,NORMAL,CONTEXTUAL_ANOMALY,TRAIN,True,CRIMINAL,ACTIVE,2026-02-05,2026-06-02
0.559,UNKNOWN,NEUTRAL,0.541,NORMAL,NONE,TRAIN,True,LEGITIMATE,ACTIVE,2025-10-22,2026-02-18
0.346,SUSPECTED,SUPPORTING,0.719,NORMAL,NONE,TRAIN,True,MIXED,ACTIVE,2026-05-28,2026-10-12
0.066,UNKNOWN,NEUTRAL,0.202,NORMAL,NONE,TEST,True,AMBIGUOUS,ACTIVE,2025-12-22,2026-03-21
0.822,UNKNOWN,NEUTRAL,0.202,NORMAL,COLLECTIVE_ANOMALY,TRAIN,True,MIXED,ACTIVE,2026-05-15,2026-08-16
0.4,CONFIRMED,SUPPORTING,0.933,NORMAL,NONE,TRAIN,True,CRIMINAL,ACTIVE,2025-12-19,2026-05-11
0.322,SUSPECTED,SUPPORTING,0.666,NORMAL,NONE,VALIDATION,True,LEGITIMATE,ACTIVE,2026-03-17,2026-07-02
0.575,CONFIRMED,SUPPORTING,0.95,NORMAL,NONE,TEST,True,AMBIGUOUS,ACTIVE,2026-05-10,2026-09-14
0.586,SUSPECTED,SUPPORTING,0.745,NORMAL,CONTEXTUAL_ANOMALY,TRAIN,True,CRIMINAL,ACTIVE,2025-12-13,2026-02-10
0.58,SUSPECTED,SUPPORTING,0.785,NORMAL,RELATIONAL_ANOMALY,VALIDATION,True,LEGITIMATE,ACTIVE,2026-05-03,2026-08-27
0.335,SUSPECTED,SUPPORTING,0.655,NORMAL,NONE,TRAIN,True,LEGITIMATE,ACTIVE,2026-01-05,2026-05-05
0.244,CONFIRMED,SUPPORTING,0.982,STALE_DEVICE,NONE,TRAIN,True,CRIMINAL,ACTIVE,2026-04-12,2026-06-01
0.358,FALSE,CONTRADICTING,0.253,NORMAL,NONE,TRAIN,True,CRIMINAL,ACTIVE,2026-03-20,2026-09-01
0.699,CONFIRMED,SUPPORTING,0.886,NORMAL,POINT_ANOMALY,TRAIN,True,CRIMINAL,ACTIVE,2026-01-10,2026-05-08
0.346,CONFIRMED,SUPPORTING,0.854,NORMAL,NONE,VALIDATION,True,LEGITIMATE,ACTIVE,2026-04-17,2026-08-26
0.077,CONFIRMED,SUPPORTING,0.833,NORMAL,NONE,TRAIN,True,CRIMINAL,ACTIVE,2026-01-29,2026-05-26
0.134,CONFIRMED,SUPPORTING,0.909,NORMAL,CONTEXTUAL_ANOMALY,TRAIN,True,CRIMINAL,ACTIVE,2026-01-16,2026-06-28
0.449,FALSE,CONTRADICTING,0.276,NORMAL,NONE,VALIDATION,True,LEGITIMATE,ACTIVE,2026-01-12,2026-06-20
0.267,UNKNOWN,NEUTRAL,0.446,SHARED_DEVICE,NONE,TRAIN,True,CRIMINAL,ACTIVE,2026-04-14,2026-07-18
0.296,UNKNOWN,NEUTRAL,0.453,NORMAL,TEMPORAL_ANOMALY,VALIDATION,True,LEGITIMATE,ACTIVE,2026-02-12,2026-07-30
0.29,SUSPECTED,SUPPORTING,0.696,NORMAL,COLLECTIVE_ANOMALY,TRAIN,True,CRIMINAL,ACTIVE,2026-07-10,2026-10-11
0.781,UNKNOWN,NEUTRAL,0.346,NORMAL,COLLECTIVE_ANOMALY,VALIDATION,True,LEGITIMATE,ACTIVE,2026-04-29,2026-06-22
0.082,SUSPECTED,SUPPORTING,0.724,NORMAL,CONTEXTUAL_ANOMALY,TRAIN,True,MIXED,ACTIVE,2025-12-12,2026-03-24
0.215,SUSPECTED,SUPPORTING,0.65,NORMAL,NONE,TEST,True,AMBIGUOUS,ACTIVE,2025-10-07,2026-04-02
0.509,SUSPECTED,SUPPORTING,0.663,NORMAL,NONE,TRAIN,True,CRIMINAL,ACTIVE,2026-02-07,2026-07-08
0.494,CONFIRMED,SUPPORTING,0.865,NORMAL,RELATIONAL_ANOMALY,TEST,True,AMBIGUOUS,ACTIVE,2026-01-05,2026-04-13
0.65,UNKNOWN,NEUTRAL,0.47,NORMAL,TEMPORAL_ANOMALY,TRAIN,True,CRIMINAL,ACTIVE,2026-06-16,2026-10-21
0.169,UNKNOWN,NEUTRAL,0.314,NORMAL,NONE,TRAIN,True,CRIMINAL,ACTIVE,2026-04-25,2026-07-07
0.57,CONFIRMED,SUPPORTING,0.868,NORMAL,NONE,TRAIN,True,CRIMINAL,ACTIVE,2025-12-14,2026-06-21
0.111,CONFIRMED,SUPPORTING,0.861,NORMAL,NONE,TEST,True,AMBIGUOUS,ACTIVE,2026-04-13,2026-09-25
0.126,CONFIRMED,SUPPORTING,0.853,NORMAL,NONE,TRAIN,True,MIXED,ACTIVE,2025-12-31,2026-07-13
0.206,FALSE,CONTRADICTING,0.248,NORMAL,NONE,TRAIN,True,CRIMINAL,ACTIVE,2026-02-28,2026-06-08
0.292,CONFIRMED,SUPPORTING,0.914,NORMAL,TEMPORAL_ANOMALY,TRAIN,True,CRIMINAL,ACTIVE,2026-02-26,2026-06-02
0.195,FALSE,CONTRADICTING,0.284,NORMAL,NONE,VALIDATION,True,LEGITIMATE,ACTIVE,2026-02-24,2026-05-27
0.113,SUSPECTED,SUPPORTING,0.637,NORMAL,NONE,TRAIN,True,MIXED,ACTIVE,2025-12-24,2026-04-21
0.292,UNKNOWN,NEUTRAL,0.409,NORMAL,NONE,TEST,True,AMBIGUOUS,ACTIVE,2025-11-10,2026-02-10
0.476,CONFIRMED,SUPPORTING,0.91,NORMAL,NONE,TRAIN,True,CRIMINAL,ACTIVE,2026-04-29,2026-08-01
0.624,UNKNOWN,NEUTRAL,0.294,NORMAL,NONE,TRAIN,True,MIXED,ACTIVE,2025-10-26,2026-02-02
0.291,CONFIRMED,SUPPORTING,0.846,NORMAL,NONE,TRAIN,True,CRIMINAL,ACTIVE,2026-05-26,2026-07-28
0.118,FALSE,CONTRADICTING,0.228,NORMAL,NONE,TRAIN,True,MIXED,ACTIVE,2026-03-25,2026-08-21
0.502,SUSPECTED,SUPPORTING,0.616,NORMAL,NONE,TRAIN,True,CRIMINAL,ACTIVE,2026-04-05,2026-08-08
0.605,FALSE,CONTRADICTING,0.136,NORMAL,NONE,TRAIN,True,MIXED,ACTIVE,2026-04-19,2026-06-06
0.615,CONFIRMED,SUPPORTING,0.967,STALE_DEVICE,NONE,TEST,True,AMBIGUOUS,ACTIVE,2026-04-26,2026-08-11
0.576,UNKNOWN,NEUTRAL,0.209,DUPLICATE,NONE,TRAIN,True,LEGITIMATE,ACTIVE,2025-11-16,2026-02-13
0.167,CONFIRMED,SUPPORTING,0.946,NORMAL,NONE,TRAIN,True,LEGITIMATE,ACTIVE,2026-04-12,2026-07-24
0.165,CONFIRMED,SUPPORTING,0.837,NORMAL,COLLECTIVE_ANOMALY,TRAIN,True,LEGITIMATE,ACTIVE,2026-03-29,2026-07-04
0.338,SUSPECTED,SUPPORTING,0.844,NORMAL,NONE,TEST,True,AMBIGUOUS,ACTIVE,2026-06-18,2026-09-29
0.189,SUSPECTED,SUPPORTING,0.799,DUPLICATE,NONE,TRAIN,True,CRIMINAL,ACTIVE,2025-11-06,2026-04-15
0.54,FALSE,CONTRADICTING,0.267,NORMAL,NONE,TRAIN,True,CRIMINAL,ACTIVE,2026-03-06,2026-06-07
0.624,UNKNOWN,NEUTRAL,0.448,NORMAL,NONE,TRAIN,True,CRIMINAL,ACTIVE,2026-01-24,2026-07-30
0.324,UNKNOWN,NEUTRAL,0.271,NORMAL,NONE,TRAIN,True,CRIMINAL,ACTIVE,2026-03-27,2026-10-08
0.359,FALSE,CONTRADICTING,0.348,NORMAL,NONE,TRAIN,True,LEGITIMATE,ACTIVE,2026-03-28,2026-08-08
0.143,SUSPECTED,SUPPORTING,0.73,RECYCLED_SIM,NONE,TEST,True,AMBIGUOUS,ACTIVE,2026-04-20,2026-09-04
0.168,FALSE,CONTRADICTING,0.395,NORMAL,NONE,VALIDATION,True,LEGITIMATE,ACTIVE,2026-04-30,2026-07-30
0.745,UNKNOWN,NEUTRAL,0.369,NORMAL,CONTEXTUAL_ANOMALY,TRAIN,True,MIXED,ACTIVE,2026-06-07,2026-08-31
0.287,SUSPECTED,SUPPORTING,0.59,NORMAL,NONE,TRAIN,True,MIXED,ACTIVE,2026-04-16,2026-05-20
0.818,FALSE,CONTRADICTING,0.148,NORMAL,RELATIONAL_ANOMALY,VALIDATION,True,LEGITIMATE,ACTIVE,2026-06-19,2026-10-15
0.637,SUSPECTED,SUPPORTING,0.789,NORMAL,NONE,TRAIN,True,MIXED,ACTIVE,2025-12-26,2026-04-24
0.214,CONFIRMED,SUPPORTING,0.901,NORMAL,CONTEXTUAL_ANOMALY,TRAIN,True,CRIMINAL,ACTIVE,2026-04-20,2026-09-30
0.37,SUSPECTED,SUPPORTING,0.603,DUPLICATE,POINT_ANOMALY,VALIDATION,True,LEGITIMATE,ACTIVE,2026-01-28,2026-06-24
0.587,CONFIRMED,SUPPORTING,0.885,NORMAL,NONE,TRAIN,True,CRIMINAL,ACTIVE,2026-03-06,2026-05-20
0.445,FALSE,CONTRADICTING,0.142,NORMAL,NONE,TRAIN,True,CRIMINAL,ACTIVE,2026-01-26,2026-07-17
0.156,CONFIRMED,SUPPORTING,0.823,NORMAL,NONE,TRAIN,True,CRIMINAL,ACTIVE,2026-01-24,2026-08-02
0.597,FALSE,CONTRADICTING,0.189,NORMAL,NONE,TRAIN,True,CRIMINAL,ACTIVE,2026-02-27,2026-05-16
0.613,FALSE,CONTRADICTING,0.168,NORMAL,NONE,VALIDATION,True,LEGITIMATE,ACTIVE,2026-01-21,2026-05-14
0.193,UNKNOWN,NEUTRAL,0.24,NORMAL,NONE,TRAIN,True,CRIMINAL,ACTIVE,2025-11-09,2026-02-06
0.455,CONFIRMED,SUPPORTING,0.882,NORMAL,CONTEXTUAL_ANOMALY,TRAIN,True,MIXED,ACTIVE,2025-10-10,2026-03-30
0.225,CONFIRMED,SUPPORTING,0.848,NORMAL,TEMPORAL_ANOMALY,VALIDATION,True,LEGITIMATE,ACTIVE,2025-11-16,2026-02-27
0.14,UNKNOWN,NEUTRAL,0.321,NORMAL,NONE,TRAIN,True,CRIMINAL,ACTIVE,2025-12-18,2026-04-22
0.344,FALSE,CONTRADICTING,0.165,NORMAL,NONE,TRAIN,True,CRIMINAL,ACTIVE,2026-04-29,2026-09-20
0.169,SUSPECTED,SUPPORTING,0.706,NORMAL,TEMPORAL_ANOMALY,TRAIN,True,MIXED,ACTIVE,2025-12-13,2026-05-26
0.663,FALSE,CONTRADICTING,0.132,NORMAL,CONTEXTUAL_ANOMALY,TRAIN,True,LEGITIMATE,ACTIVE,2025-11-30,2026-02-28
0.635,SUSPECTED,SUPPORTING,0.7,SHARED_DEVICE,NONE,TRAIN,True,CRIMINAL,ACTIVE,2026-02-12,2026-05-12
0.476,SUSPECTED,SUPPORTING,0.697,NORMAL,NONE,TRAIN,True,MIXED,ACTIVE,2026-05-29,2026-10-17
0.271,UNKNOWN,NEUTRAL,0.347,NORMAL,NONE,TRAIN,True,CRIMINAL,ACTIVE,2026-04-05,2026-09-04
0.459,UNKNOWN,NEUTRAL,0.531,NORMAL,CONTEXTUAL_ANOMALY,TRAIN,True,LEGITIMATE,ACTIVE,2026-02-11,2026-07-23
0.359,UNKNOWN,NEUTRAL,0.382,NORMAL,NONE,TEST,True,AMBIGUOUS,ACTIVE,2026-03-12,2026-09-07
0.416,SUSPECTED,SUPPORTING,0.664,NORMAL,NONE,TRAIN,True,CRIMINAL,ACTIVE,2026-01-28,2026-03-09
0.49,SUSPECTED,SUPPORTING,0.62,NORMAL,NONE,TRAIN,True,CRIMINAL,ACTIVE,2025-11-01,2026-03-16
0.377,SUSPECTED,SUPPORTING,0.802,NORMAL,NONE,TRAIN,True,MIXED,ACTIVE,2025-12-10,2026-03-08
0.086,FALSE,CONTRADICTING,0.38,NORMAL,NONE,VALIDATION,True,LEGITIMATE,ACTIVE,2026-03-17,2026-07-29
0.312,FALSE,CONTRADICTING,0.323,NORMAL,CONTEXTUAL_ANOMALY,TRAIN,True,MIXED,ACTIVE,2026-05-29,2026-08-11
0.069,UNKNOWN,NEUTRAL,0.357,NORMAL,NONE,TEST,True,AMBIGUOUS,ACTIVE,2025-12-27,2026-04-14
0.301,SUSPECTED,SUPPORTING,0.699,NORMAL,NONE,TRAIN,True,MIXED,ACTIVE,2026-04-04,2026-09-02
0.114,CONFIRMED,SUPPORTING,0.923,NORMAL,NONE,TRAIN,True,CRIMINAL,ACTIVE,2025-10-11,2026-03-22
0.387,SUSPECTED,SUPPORTING,0.848,NORMAL,NONE,VALIDATION,True,LEGITIMATE,ACTIVE,2026-01-21,2026-05-13
0.257,CONFIRMED,SUPPORTING,0.856,NORMAL,POINT_ANOMALY,TEST,True,AMBIGUOUS,ACTIVE,2026-02-04,2026-03-20
0.471,CONFIRMED,SUPPORTING,0.824,NORMAL,NONE,TRAIN,True,LEGITIMATE,ACTIVE,2026-04-15,2026-07-10
0.535,SUSPECTED,SUPPORTING,0.659,NORMAL,NONE,TEST,True,AMBIGUOUS,ACTIVE,2026-03-13,2026-05-21
0.903,FALSE,CONTRADICTING,0.375,NORMAL,NONE,VALIDATION,True,LEGITIMATE,ACTIVE,2026-01-04,2026-05-25
0.359,FALSE,CONTRADICTING,0.347,NORMAL,NONE,TEST,True,AMBIGUOUS,ACTIVE,2026-01-30,2026-04-02
0.3,CONFIRMED,SUPPORTING,0.868,NORMAL,NONE,TRAIN,True,CRIMINAL,ACTIVE,2026-01-17,2026-05-17
0.539,UNKNOWN,NEUTRAL,0.537,NORMAL,NONE,TRAIN,True,LEGITIMATE,ACTIVE,2026-04-07,2026-08-01
0.584,FALSE,CONTRADICTING,0.167,NORMAL,CONTEXTUAL_ANOMALY,VALIDATION,True,LEGITIMATE,ACTIVE,2026-03-22,2026-06-23
0.45,UNKNOWN,NEUTRAL,0.234,NORMAL,NONE,TRAIN,True,CRIMINAL,ACTIVE,2026-06-20,2026-08-25
0.792,FALSE,CONTRADICTING,0.161,NORMAL,NONE,TRAIN,True,MIXED,ACTIVE,2026-01-23,2026-06-07
0.401,UNKNOWN,NEUTRAL,0.348,NORMAL,NONE,TRAIN,True,MIXED,ACTIVE,2026-01-28,2026-05-25
0.768,SUSPECTED,SUPPORTING,0.848,NORMAL,NONE,TEST,True,AMBIGUOUS,ACTIVE,2026-01-04,2026-06-06
0.714,UNKNOWN,NEUTRAL,0.335,NORMAL,NONE,TRAIN,True,CRIMINAL,ACTIVE,2026-04-05,2026-08-18
0.319,UNKNOWN,NEUTRAL,0.493,NORMAL,NONE,TRAIN,True,CRIMINAL,ACTIVE,2026-02-01,2026-07-15
0.501,SUSPECTED,SUPPORTING,0.846,NORMAL,NONE,TRAIN,True,CRIMINAL,ACTIVE,2025-10-26,2026-04-10
0.389,FALSE,CONTRADICTING,0.198,NORMAL,POINT_ANOMALY,TRAIN,True,MIXED,ACTIVE,2026-03-17,2026-07-05
0.076,UNKNOWN,NEUTRAL,0.27,NORMAL,NONE,TRAIN,True,CRIMINAL,ACTIVE,2026-01-11,2026-03-30
0.498,SUSPECTED,SUPPORTING,0.818,NORMAL,CONTEXTUAL_ANOMALY,TEST,True,AMBIGUOUS,ACTIVE,2026-01-11,2026-04-03
0.834,SUSPECTED,SUPPORTING,0.739,NORMAL,NONE,TRAIN,True,CRIMINAL,ACTIVE,2025-12-01,2026-04-17
0.844,CONFIRMED,SUPPORTING,0.846,NORMAL,NONE,TRAIN,True,LEGITIMATE,ACTIVE,2026-01-12,2026-05-30
0.349,UNKNOWN,NEUTRAL,0.366,NORMAL,NONE,TEST,True,AMBIGUOUS,ACTIVE,2026-06-02,2026-09-27
0.586,SUSPECTED,SUPPORTING,0.849,NORMAL,NONE,TEST,True,AMBIGUOUS,ACTIVE,2026-04-08,2026-08-28
0.296,FALSE,CONTRADICTING,0.333,NORMAL,COLLECTIVE_ANOMALY,TRAIN,True,LEGITIMATE,ACTIVE,2025-12-18,2026-05-10
0.338,CONFIRMED,SUPPORTING,0.904,NORMAL,NONE,TRAIN,True,CRIMINAL,ACTIVE,2026-04-03,2026-09-05
0.304,UNKNOWN,NEUTRAL,0.482,SHARED_DEVICE,NONE,TEST,True,AMBIGUOUS,ACTIVE,2026-01-05,2026-05-23
0.45,SUSPECTED,SUPPORTING,0.841,NORMAL,TEMPORAL_ANOMALY,TRAIN,True,CRIMINAL,ACTIVE,2025-10-20,2026-02-15
0.681,CONFIRMED,SUPPORTING,0.84,NORMAL,NONE,TRAIN,True,CRIMINAL,ACTIVE,2026-02-21,2026-07-31
0.433,FALSE,CONTRADICTING,0.406,NORMAL,NONE,TRAIN,True,CRIMINAL,ACTIVE,2026-03-10,2026-05-21
0.48,SUSPECTED,SUPPORTING,0.844,NORMAL,NONE,TRAIN,True,CRIMINAL,ACTIVE,2026-02-16,2026-07-01
0.146,SUSPECTED,SUPPORTING,0.754,NORMAL,NONE,TRAIN,True,MIXED,ACTIVE,2026-06-29,2026-08-19
0.532,CONFIRMED,SUPPORTING,0.92,NORMAL,NONE,TRAIN,True,CRIMINAL,ACTIVE,2026-01-07,2026-04-19
0.076,FALSE,CONTRADICTING,0.372,NORMAL,NONE,TRAIN,True,LEGITIMATE,ACTIVE,2025-11-25,2026-04-02
0.122,UNKNOWN,NEUTRAL,0.201,NORMAL,CONTEXTUAL_ANOMALY,TEST,True,AMBIGUOUS,ACTIVE,2025-11-20,2026-01-29
0.631,UNKNOWN,NEUTRAL,0.427,NORMAL,NONE,TRAIN,True,CRIMINAL,ACTIVE,2026-04-22,2026-10-06
0.487,SUSPECTED,SUPPORTING,0.818,NORMAL,CONTEXTUAL_ANOMALY,TRAIN,True,MIXED,ACTIVE,2025-11-14,2026-03-14
0.594,UNKNOWN,NEUTRAL,0.464,SHARED_DEVICE,NONE,TRAIN,True,MIXED,ACTIVE,2025-12-31,2026-03-30
0.196,SUSPECTED,SUPPORTING,0.622,NORMAL,NONE,TRAIN,True,CRIMINAL,ACTIVE,2025-11-28,2026-03-27
0.236,UNKNOWN,NEUTRAL,0.549,NORMAL,NONE,TEST,True,AMBIGUOUS,ACTIVE,2026-04-08,2026-09-07
0.503,CONFIRMED,SUPPORTING,0.829,NORMAL,NONE,TRAIN,True,CRIMINAL,ACTIVE,2026-01-26,2026-05-05
0.519,FALSE,CONTRADICTING,0.4,NORMAL,CONTEXTUAL_ANOMALY,TEST,True,AMBIGUOUS,ACTIVE,2026-03-21,2026-07-11
0.659,UNKNOWN,NEUTRAL,0.537,NORMAL,RELATIONAL_ANOMALY,TEST,True,AMBIGUOUS,ACTIVE,2026-05-17,2026-09-04
0.284,UNKNOWN,NEUTRAL,0.254,NORMAL,NONE,TEST,True,AMBIGUOUS,ACTIVE,2026-01-09,2026-04-05
0.534,FALSE,CONTRADICTING,0.181,NORMAL,NONE,TEST,True,AMBIGUOUS,ACTIVE,2025-09-28,2026-03-17
0.169,SUSPECTED,SUPPORTING,0.7,NORMAL,TEMPORAL_ANOMALY,TRAIN,True,CRIMINAL,ACTIVE,2026-01-16,2026-03-07
0.035,SUSPECTED,SUPPORTING,0.722,NORMAL,NONE,VALIDATION,True,LEGITIMATE,ACTIVE,2025-12-04,2026-03-31
0.194,CONFIRMED,SUPPORTING,0.923,NORMAL,COLLECTIVE_ANOMALY,TRAIN,True,CRIMINAL,ACTIVE,2026-03-19,2026-09-10
0.484,CONFIRMED,SUPPORTING,0.868,NORMAL,NONE,VALIDATION,True,LEGITIMATE,ACTIVE,2026-02-12,2026-08-18
0.82,SUSPECTED,SUPPORTING,0.756,NORMAL,NONE,TRAIN,True,CRIMINAL,ACTIVE,2026-04-05,2026-10-15
0.146,UNKNOWN,NEUTRAL,0.28,NORMAL,NONE,TRAIN,True,MIXED,ACTIVE,2026-07-07,2026-10-19
0.403,UNKNOWN,NEUTRAL,0.454,NORMAL,NONE,VALIDATION,True,LEGITIMATE,ACTIVE,2026-04-18,2026-09-22
0.285,UNKNOWN,NEUTRAL,0.31,NORMAL,NONE,TRAIN,True,CRIMINAL,ACTIVE,2025-09-23,2026-04-16
0.553,FALSE,CONTRADICTING,0.152,NORMAL,NONE,TEST,True,AMBIGUOUS,ACTIVE,2026-01-16,2026-04-11
0.382,UNKNOWN,NEUTRAL,0.44,NORMAL,NONE,TRAIN,True,CRIMINAL,ACTIVE,2026-05-29,2026-10-21
0.324,SUSPECTED,SUPPORTING,0.669,NORMAL,NONE,TEST,True,AMBIGUOUS,ACTIVE,2025-12-19,2026-07-04
0.352,UNKNOWN,NEUTRAL,0.324,NORMAL,NONE,TRAIN,True,MIXED,ACTIVE,2026-03-28,2026-06-04
0.432,SUSPECTED,SUPPORTING,0.854,NORMAL,NONE,TEST,True,AMBIGUOUS,ACTIVE,2025-12-06,2026-02-28
0.219,CONFIRMED,SUPPORTING,0.844,NORMAL,NONE,TRAIN,True,CRIMINAL,ACTIVE,2026-05-09,2026-07-03
0.219,CONFIRMED,SUPPORTING,0.882,NORMAL,NONE,TRAIN,True,LEGITIMATE,ACTIVE,2025-10-10,2026-02-19
0.153,SUSPECTED,SUPPORTING,0.743,NORMAL,NONE,TRAIN,True,MIXED,ACTIVE,2026-06-26,2026-09-20
0.911,SUSPECTED,SUPPORTING,0.675,NORMAL,NONE,TEST,True,AMBIGUOUS,ACTIVE,2026-03-10,2026-06-26
0.59,FALSE,CONTRADICTING,0.415,NORMAL,NONE,TRAIN,True,MIXED,ACTIVE,2025-12-11,2026-06-04
0.275,SUSPECTED,SUPPORTING,0.825,NORMAL,NONE,VALIDATION,True,LEGITIMATE,ACTIVE,2026-02-08,2026-06-19
0.501,CONFIRMED,SUPPORTING,0.959,NORMAL,NONE,TRAIN,True,CRIMINAL,ACTIVE,2026-01-10,2026-07-25
0.233,SUSPECTED,SUPPORTING,0.82,NORMAL,NONE,TRAIN,True,MIXED,ACTIVE,2026-01-16,2026-03-24
0.254,UNKNOWN,NEUTRAL,0.46,NORMAL,CONTEXTUAL_ANOMALY,TRAIN,True,MIXED,ACTIVE,2026-06-24,2026-10-23
0.112,FALSE,CONTRADICTING,0.151,NORMAL,CONTEXTUAL_ANOMALY,TRAIN,True,CRIMINAL,ACTIVE,2025-11-21,2026-04-23
0.457,CONFIRMED,SUPPORTING,0.917,NORMAL,NONE,TRAIN,True,CRIMINAL,ACTIVE,2026-03-15,2026-06-14
0.605,UNKNOWN,NEUTRAL,0.242,NORMAL,NONE,TRAIN,True,MIXED,ACTIVE,2026-05-21,2026-09-14
0.246,SUSPECTED,SUPPORTING,0.764,NORMAL,NONE,TRAIN,True,LEGITIMATE,ACTIVE,2026-02-12,2026-06-21
0.775,SUSPECTED,SUPPORTING,0.637,NORMAL,TEMPORAL_ANOMALY,TRAIN,True,MIXED,ACTIVE,2026-03-11,2026-07-11
0.139,FALSE,CONTRADICTING,0.217,NORMAL,NONE,TRAIN,True,MIXED,ACTIVE,2025-11-18,2026-04-29
0.182,UNKNOWN,NEUTRAL,0.325,RECYCLED_SIM,NONE,TEST,True,AMBIGUOUS,ACTIVE,2026-05-29,2026-08-20
0.256,SUSPECTED,SUPPORTING,0.589,NORMAL,NONE,TRAIN,True,CRIMINAL,ACTIVE,2026-03-24,2026-07-01
0.703,SUSPECTED,SUPPORTING,0.796,NORMAL,NONE,VALIDATION,True,LEGITIMATE,ACTIVE,2025-11-14,2026-04-13
0.365,SUSPECTED,SUPPORTING,0.655,NORMAL,NONE,TRAIN,True,MIXED,ACTIVE,2026-06-12,2026-09-29
0.071,UNKNOWN,NEUTRAL,0.415,NORMAL,NONE,VALIDATION,True,LEGITIMATE,ACTIVE,2025-12-21,2026-06-05
0.36,SUSPECTED,SUPPORTING,0.814,NORMAL,NONE,TEST,True,AMBIGUOUS,ACTIVE,2026-04-30,2026-09-20
0.249,CONFIRMED,SUPPORTING,0.932,STALE_DEVICE,NONE,TRAIN,True,LEGITIMATE,ACTIVE,2026-02-28,2026-09-09
0.102,UNKNOWN,NEUTRAL,0.533,NORMAL,POINT_ANOMALY,TEST,True,AMBIGUOUS,ACTIVE,2026-05-19,2026-08-30
0.076,CONFIRMED,SUPPORTING,0.912,NORMAL,RELATIONAL_ANOMALY,TRAIN,True,CRIMINAL,ACTIVE,2026-02-17,2026-06-25
0.513,SUSPECTED,SUPPORTING,0.837,NORMAL,NONE,TEST,True,AMBIGUOUS,ACTIVE,2025-12-28,2026-03-29
0.223,SUSPECTED,SUPPORTING,0.786,NORMAL,NONE,VALIDATION,True,LEGITIMATE,ACTIVE,2025-10-16,2026-04-18
0.499,SUSPECTED,SUPPORTING,0.732,NORMAL,NONE,TRAIN,True,MIXED,ACTIVE,2026-03-02,2026-05-20
0.493,SUSPECTED,SUPPORTING,0.831,RECYCLED_SIM,NONE,TRAIN,True,CRIMINAL,ACTIVE,2025-11-27,2026-03-31
0.582,UNKNOWN,NEUTRAL,0.476,NORMAL,NONE,TEST,True,AMBIGUOUS,ACTIVE,2026-02-20,2026-07-02
0.052,SUSPECTED,SUPPORTING,0.795,NORMAL,NONE,TRAIN,True,MIXED,ACTIVE,2025-12-17,2026-04-26
0.63,CONFIRMED,SUPPORTING,0.88,NORMAL,NONE,TRAIN,True,MIXED,ACTIVE,2026-02-02,2026-05-23
0.472,SUSPECTED,SUPPORTING,0.787,NORMAL,NONE,TRAIN,True,MIXED,ACTIVE,2026-04-16,2026-09-24
0.265,SUSPECTED,SUPPORTING,0.661,NORMAL,NONE,TEST,True,AMBIGUOUS,ACTIVE,2025-12-18,2026-06-26
0.108,UNKNOWN,NEUTRAL,0.38,NORMAL,NONE,TRAIN,True,CRIMINAL,ACTIVE,2026-04-06,2026-08-03
0.739,CONFIRMED,SUPPORTING,0.886,NORMAL,NONE,TRAIN,True,MIXED,ACTIVE,2026-04-11,2026-06-09
0.303,CONFIRMED,SUPPORTING,0.947,NORMAL,NONE,TRAIN,True,CRIMINAL,ACTIVE,2026-05-01,2026-09-01
0.266,CONFIRMED,SUPPORTING,0.847,SHARED_DEVICE,CONTEXTUAL_ANOMALY,TRAIN,True,MIXED,ACTIVE,2026-05-31,2026-07-18
0.76,CONFIRMED,SUPPORTING,0.862,NORMAL,COLLECTIVE_ANOMALY,TRAIN,True,MIXED,ACTIVE,2026-02-13,2026-05-25
0.176,UNKNOWN,NEUTRAL,0.426,NORMAL,NONE,TRAIN,True,CRIMINAL,ACTIVE,2026-01-20,2026-05-12
0.328,CONFIRMED,SUPPORTING,0.822,DUPLICATE,NONE,TRAIN,True,MIXED,ACTIVE,2026-04-08,2026-06-06
0.069,SUSPECTED,SUPPORTING,0.71,NORMAL,NONE,TRAIN,True,MIXED,ACTIVE,2026-05-28,2026-10-09
0.319,SUSPECTED,SUPPORTING,0.6,NORMAL,NONE,VALIDATION,True,LEGITIMATE,ACTIVE,2026-06-01,2026-10-01
0.145,FALSE,CONTRADICTING,0.14,NORMAL,NONE,TRAIN,True,MIXED,ACTIVE,2026-03-22,2026-06-21
0.078,UNKNOWN,NEUTRAL,0.25,NORMAL,NONE,VALIDATION,True,LEGITIMATE,ACTIVE,2025-11-07,2026-05-01
0.514,CONFIRMED,SUPPORTING,0.914,NORMAL,NONE,VALIDATION,True,LEGITIMATE,ACTIVE,2025-09-27,2026-03-01
0.26,SUSPECTED,SUPPORTING,0.811,NORMAL,NONE,VALIDATION,True,LEGITIMATE,ACTIVE,2025-10-01,2026-04-01
0.321,FALSE,CONTRADICTING,0.195,NORMAL,NONE,TEST,True,AMBIGUOUS,ACTIVE,2026-04-01,2026-07-13
0.114,SUSPECTED,SUPPORTING,0.722,NORMAL,NONE,TRAIN,True,CRIMINAL,ACTIVE,2025-12-14,2026-04-22
0.176,CONFIRMED,SUPPORTING,0.924,NORMAL,NONE,TRAIN,True,CRIMINAL,ACTIVE,2025-10-30,2026-02-02
0.189,SUSPECTED,SUPPORTING,0.846,NORMAL,NONE,VALIDATION,True,LEGITIMATE,ACTIVE,2025-12-18,2026-04-09
0.272,SUSPECTED,SUPPORTING,0.638,NORMAL,COLLECTIVE_ANOMALY,TEST,True,AMBIGUOUS,ACTIVE,2026-05-31,2026-08-02
0.291,SUSPECTED,SUPPORTING,0.859,NORMAL,CONTEXTUAL_ANOMALY,TRAIN,True,CRIMINAL,ACTIVE,2025-11-02,2026-05-08
0.209,SUSPECTED,SUPPORTING,0.601,NORMAL,NONE,TRAIN,True,CRIMINAL,ACTIVE,2026-03-31,2026-07-29
0.167,CONFIRMED,SUPPORTING,0.914,NORMAL,NONE,TRAIN,True,CRIMINAL,ACTIVE,2025-11-21,2026-03-14
0.535,SUSPECTED,SUPPORTING,0.721,NORMAL,NONE,TRAIN,True,CRIMINAL,ACTIVE,2026-07-30,2026-10-27
0.572,UNKNOWN,NEUTRAL,0.507,SHARED_DEVICE,NONE,TRAIN,True,MIXED,ACTIVE,2026-05-22,2026-08-15
0.381,UNKNOWN,NEUTRAL,0.392,NORMAL,NONE,TRAIN,True,MIXED,ACTIVE,2026-04-07,2026-07-21
0.483,CONFIRMED,SUPPORTING,0.927,NORMAL,CONTEXTUAL_ANOMALY,TRAIN,True,CRIMINAL,ACTIVE,2025-11-07,2026-03-03
0.219,FALSE,CONTRADICTING,0.151,NORMAL,NONE,VALIDATION,True,LEGITIMATE,ACTIVE,2025-12-15,2026-06-25
0.271,UNKNOWN,NEUTRAL,0.534,NORMAL,NONE,TRAIN,True,CRIMINAL,ACTIVE,2025-12-30,2026-04-13
0.301,SUSPECTED,SUPPORTING,0.801,NORMAL,NONE,TRAIN,True,MIXED,ACTIVE,2026-02-24,2026-06-21
0.282,UNKNOWN,NEUTRAL,0.373,NORMAL,RELATIONAL_ANOMALY,VALIDATION,True,LEGITIMATE,ACTIVE,2026-04-25,2026-11-11
0.668,SUSPECTED,SUPPORTING,0.749,NORMAL,NONE,TRAIN,True,MIXED,ACTIVE,2026-06-16,2026-08-06
0.493,SUSPECTED,SUPPORTING,0.802,NORMAL,NONE,VALIDATION,True,LEGITIMATE,ACTIVE,2026-05-21,2026-08-03
0.264,UNKNOWN,NEUTRAL,0.265,NORMAL,NONE,VALIDATION,True,LEGITIMATE,ACTIVE,2026-04-13,2026-07-22
0.164,FALSE,CONTRADICTING,0.278,NORMAL,NONE,VALIDATION,True,LEGITIMATE,ACTIVE,2026-07-27,2026-10-14
0.204,FALSE,CONTRADICTING,0.342,NORMAL,NONE,TRAIN,True,CRIMINAL,ACTIVE,2026-06-17,2026-08-27
0.3,CONFIRMED,SUPPORTING,0.823,NORMAL,NONE,TRAIN,True,CRIMINAL,ACTIVE,2025-12-31,2026-05-19
0.173,SUSPECTED,SUPPORTING,0.637,NORMAL,NONE,TRAIN,True,CRIMINAL,ACTIVE,2026-06-18,2026-09-03
0.688,UNKNOWN,NEUTRAL,0.348,NORMAL,NONE,TRAIN,True,CRIMINAL,ACTIVE,2025-10-23,2026-02-11
0.457,UNKNOWN,NEUTRAL,0.536,NORMAL,NONE,TRAIN,True,LEGITIMATE,ACTIVE,2026-04-08,2026-09-20
0.102,FALSE,CONTRADICTING,0.134,NORMAL,NONE,TRAIN,True,MIXED,ACTIVE,2025-11-25,2026-03-06
0.584,FALSE,CONTRADICTING,0.35,NORMAL,NONE,TRAIN,True,CRIMINAL,ACTIVE,2026-04-10,2026-08-19
0.118,CONFIRMED,SUPPORTING,0.957,NORMAL,NONE,TRAIN,True,CRIMINAL,ACTIVE,2026-02-26,2026-07-10
0.484,UNKNOWN,NEUTRAL,0.279,NORMAL,NONE,TEST,True,AMBIGUOUS,ACTIVE,2026-01-03,2026-06-15
0.188,UNKNOWN,NEUTRAL,0.277,NORMAL,TEMPORAL_ANOMALY,TEST,True,AMBIGUOUS,ACTIVE,2025-11-12,2026-04-05
0.315,SUSPECTED,SUPPORTING,0.817,NORMAL,COLLECTIVE_ANOMALY,TEST,True,AMBIGUOUS,ACTIVE,2026-01-11,2026-03-02
0.447,UNKNOWN,NEUTRAL,0.287,NORMAL,NONE,TRAIN,True,LEGITIMATE,ACTIVE,2025-12-13,2026-04-21
0.17,SUSPECTED,SUPPORTING,0.641,NORMAL,NONE,VALIDATION,True,LEGITIMATE,ACTIVE,2026-04-02,2026-09-23
0.315,FALSE,CONTRADICTING,0.176,NORMAL,NONE,TRAIN,True,MIXED,ACTIVE,2025-11-19,2026-02-02
0.447,CONFIRMED,SUPPORTING,0.892,NORMAL,NONE,TRAIN,True,MIXED,ACTIVE,2025-12-04,2026-04-23
0.47,FALSE,CONTRADICTING,0.135,NORMAL,RELATIONAL_ANOMALY,TRAIN,True,MIXED,ACTIVE,2026-02-24,2026-04-15
0.354,FALSE,CONTRADICTING,0.36,NORMAL,NONE,TRAIN,True,MIXED,ACTIVE,2025-12-03,2026-04-16
0.706,CONFIRMED,SUPPORTING,0.878,NORMAL,NONE,TRAIN,True,CRIMINAL,ACTIVE,2026-01-28,2026-05-18
0.34,UNKNOWN,NEUTRAL,0.437,NORMAL,NONE,TRAIN,True,CRIMINAL,ACTIVE,2026-01-12,2026-04-03
0.308,CONFIRMED,SUPPORTING,0.926,NORMAL,NONE,TRAIN,True,CRIMINAL,ACTIVE,2026-05-16,2026-07-31
0.535,UNKNOWN,NEUTRAL,0.379,NORMAL,NONE,VALIDATION,True,LEGITIMATE,ACTIVE,2026-05-06,2026-09-13
0.492,SUSPECTED,SUPPORTING,0.673,NORMAL,NONE,TRAIN,True,CRIMINAL,ACTIVE,2026-03-05,2026-07-18
0.199,SUSPECTED,SUPPORTING,0.826,NORMAL,NONE,VALIDATION,True,LEGITIMATE,ACTIVE,2025-11-10,2026-02-12
0.229,CONFIRMED,SUPPORTING,0.834,NORMAL,NONE,TRAIN,True,MIXED,ACTIVE,2026-01-05,2026-05-17
0.237,SUSPECTED,SUPPORTING,0.612,NORMAL,NONE,TRAIN,True,MIXED,ACTIVE,2026-03-21,2026-09-17
0.488,UNKNOWN,NEUTRAL,0.525,NORMAL,NONE,VALIDATION,True,LEGITIMATE,ACTIVE,2026-05-25,2026-10-13
0.577,CONFIRMED,SUPPORTING,0.824,NORMAL,NONE,TRAIN,True,MIXED,ACTIVE,2026-02-02,2026-06-08
0.151,SUSPECTED,SUPPORTING,0.696,RECYCLED_SIM,RELATIONAL_ANOMALY,TRAIN,True,CRIMINAL,ACTIVE,2026-02-12,2026-05-12
0.536,CONFIRMED,SUPPORTING,0.839,NORMAL,NONE,TRAIN,True,MIXED,ACTIVE,2025-12-14,2026-02-15
0.223,FALSE,CONTRADICTING,0.232,NORMAL,NONE,TRAIN,True,CRIMINAL,ACTIVE,2025-12-20,2026-05-28
0.297,FALSE,CONTRADICTING,0.221,NORMAL,NONE,TRAIN,True,MIXED,ACTIVE,2026-04-21,2026-08-11
0.271,SUSPECTED,SUPPORTING,0.767,NORMAL,NONE,TRAIN,True,CRIMINAL,ACTIVE,2026-01-15,2026-04-16
0.255,CONFIRMED,SUPPORTING,0.872,NORMAL,NONE,VALIDATION,True,LEGITIMATE,ACTIVE,2026-02-14,2026-06-24
0.592,CONFIRMED,SUPPORTING,0.899,NORMAL,NONE,TEST,True,AMBIGUOUS,ACTIVE,2025-11-16,2026-03-17
0.558,SUSPECTED,SUPPORTING,0.697,NORMAL,NONE,TRAIN,True,MIXED,ACTIVE,2026-04-07,2026-06-29
0.415,FALSE,CONTRADICTING,0.14,NORMAL,RELATIONAL_ANOMALY,TRAIN,True,MIXED,ACTIVE,2026-05-27,2026-10-06
0.325,CONFIRMED,SUPPORTING,0.843,NORMAL,NONE,TRAIN,True,CRIMINAL,ACTIVE,2026-01-18,2026-05-17
0.52,UNKNOWN,NEUTRAL,0.508,NORMAL,NONE,TRAIN,True,CRIMINAL,ACTIVE,2026-04-10,2026-09-27
0.331,FALSE,CONTRADICTING,0.192,NORMAL,TEMPORAL_ANOMALY,VALIDATION,True,LEGITIMATE,ACTIVE,2025-12-28,2026-03-31
0.417,UNKNOWN,NEUTRAL,0.204,NORMAL,CONTEXTUAL_ANOMALY,TRAIN,True,CRIMINAL,ACTIVE,2026-02-22,2026-07-14
0.374,FALSE,CONTRADICTING,0.353,NORMAL,NONE,VALIDATION,True,LEGITIMATE,ACTIVE,2026-01-21,2026-05-11
0.144,UNKNOWN,NEUTRAL,0.205,NORMAL,NONE,TEST,True,AMBIGUOUS,ACTIVE,2026-04-30,2026-09-16
0.758,UNKNOWN,NEUTRAL,0.418,NORMAL,NONE,TEST,True,AMBIGUOUS,ACTIVE,2026-03-23,2026-04-25
0.209,SUSPECTED,SUPPORTING,0.643,NORMAL,NONE,TEST,True,AMBIGUOUS,ACTIVE,2026-01-04,2026-06-03
0.445,CONFIRMED,SUPPORTING,0.89,NORMAL,NONE,TRAIN,True,MIXED,ACTIVE,2026-05-29,2026-09-09
0.503,SUSPECTED,SUPPORTING,0.768,NORMAL,RELATIONAL_ANOMALY,TEST,True,AMBIGUOUS,ACTIVE,2026-02-08,2026-06-29
0.936,SUSPECTED,SUPPORTING,0.62,NORMAL,NONE,TEST,True,AMBIGUOUS,ACTIVE,2025-11-27,2026-02-24
0.337,CONFIRMED,SUPPORTING,0.837,NORMAL,NONE,TRAIN,True,MIXED,ACTIVE,2026-02-11,2026-07-06
0.199,SUSPECTED,SUPPORTING,0.807,NORMAL,NONE,TRAIN,True,CRIMINAL,ACTIVE,2026-05-01,2026-07-23
0.419,CONFIRMED,SUPPORTING,0.929,NORMAL,NONE,TRAIN,True,MIXED,ACTIVE,2026-01-11,2026-05-26
0.302,CONFIRMED,SUPPORTING,0.834,NORMAL,NONE,TRAIN,True,CRIMINAL,ACTIVE,2025-12-09,2026-03-17
0.322,FALSE,CONTRADICTING,0.149,NORMAL,NONE,TEST,True,AMBIGUOUS,ACTIVE,2025-10-02,2026-03-20
0.239,CONFIRMED,SUPPORTING,0.89,NORMAL,NONE,TRAIN,True,MIXED,ACTIVE,2026-05-04,2026-08-13
0.159,CONFIRMED,SUPPORTING,0.863,NORMAL,NONE,TEST,True,AMBIGUOUS,ACTIVE,2026-06-30,2026-10-03
0.364,SUSPECTED,SUPPORTING,0.656,NORMAL,NONE,VALIDATION,True,LEGITIMATE,ACTIVE,2025-12-05,2026-05-29
0.372,CONFIRMED,SUPPORTING,0.968,NORMAL,TEMPORAL_ANOMALY,TRAIN,True,CRIMINAL,ACTIVE,2025-10-21,2026-02-08
0.122,SUSPECTED,SUPPORTING,0.702,NORMAL,COLLECTIVE_ANOMALY,TRAIN,True,MIXED,ACTIVE,2026-02-12,2026-07-26
0.149,CONFIRMED,SUPPORTING,0.857,NORMAL,NONE,VALIDATION,True,LEGITIMATE,ACTIVE,2026-04-30,2026-08-09
0.702,CONFIRMED,SUPPORTING,0.865,NORMAL,NONE,TRAIN,True,MIXED,ACTIVE,2026-02-28,2026-07-28
0.568,CONFIRMED,SUPPORTING,0.835,NORMAL,TEMPORAL_ANOMALY,TRAIN,True,CRIMINAL,ACTIVE,2026-02-20,2026-07-01
0.244,SUSPECTED,SUPPORTING,0.664,NORMAL,NONE,TRAIN,True,CRIMINAL,ACTIVE,2025-12-27,2026-04-25
0.474,CONFIRMED,SUPPORTING,0.918,SHARED_DEVICE,NONE,VALIDATION,True,LEGITIMATE,ACTIVE,2026-01-24,2026-07-06
0.465,SUSPECTED,SUPPORTING,0.677,NORMAL,NONE,TRAIN,True,MIXED,ACTIVE,2026-03-01,2026-08-20
0.116,UNKNOWN,NEUTRAL,0.259,NORMAL,NONE,TRAIN,True,MIXED,ACTIVE,2026-05-06,2026-08-19
0.446,FALSE,CONTRADICTING,0.193,STALE_DEVICE,NONE,TRAIN,True,MIXED,ACTIVE,2026-02-04,2026-08-08
0.164,CONFIRMED,SUPPORTING,0.967,NORMAL,NONE,TRAIN,True,CRIMINAL,ACTIVE,2026-04-04,2026-08-06
0.186,CONFIRMED,SUPPORTING,0.956,NORMAL,NONE,TRAIN,True,CRIMINAL,ACTIVE,2026-03-21,2026-05-01
0.22,SUSPECTED,SUPPORTING,0.61,NORMAL,NONE,VALIDATION,True,LEGITIMATE,ACTIVE,2026-02-09,2026-06-28
0.203,SUSPECTED,SUPPORTING,0.79,NORMAL,NONE,VALIDATION,True,LEGITIMATE,ACTIVE,2026-08-04,2026-10-04
0.315,SUSPECTED,SUPPORTING,0.64,NORMAL,NONE,TRAIN,True,LEGITIMATE,ACTIVE,2025-09-30,2026-03-29
0.155,FALSE,CONTRADICTING,0.344,NORMAL,NONE,TRAIN,True,MIXED,ACTIVE,2026-03-13,2026-08-02
0.658,CONFIRMED,SUPPORTING,0.878,NORMAL,COLLECTIVE_ANOMALY,TRAIN,True,MIXED,ACTIVE,2025-09-28,2026-02-16
0.625,UNKNOWN,NEUTRAL,0.222,NORMAL,NONE,TRAIN,True,MIXED,ACTIVE,2026-06-03,2026-09-16
0.285,UNKNOWN,NEUTRAL,0.217,NORMAL,NONE,TRAIN,True,MIXED,ACTIVE,2025-12-03,2026-05-20
0.428,SUSPECTED,SUPPORTING,0.746,NORMAL,COLLECTIVE_ANOMALY,TRAIN,True,CRIMINAL,ACTIVE,2025-12-28,2026-07-05
0.236,CONFIRMED,SUPPORTING,0.882,NORMAL,RELATIONAL_ANOMALY,TRAIN,True,CRIMINAL,ACTIVE,2025-10-28,2026-04-03
0.094,SUSPECTED,SUPPORTING,0.855,NORMAL,NONE,TRAIN,True,CRIMINAL,ACTIVE,2026-04-24,2026-08-06
0.626,SUSPECTED,SUPPORTING,0.857,NORMAL,NONE,VALIDATION,True,LEGITIMATE,ACTIVE,2026-03-11,2026-08-24
0.166,SUSPECTED,SUPPORTING,0.835,NORMAL,NONE,TRAIN,True,CRIMINAL,ACTIVE,2025-12-24,2026-04-02
0.323,SUSPECTED,SUPPORTING,0.643,NORMAL,POINT_ANOMALY,TRAIN,True,CRIMINAL,ACTIVE,2026-01-23,2026-03-19
0.266,SUSPECTED,SUPPORTING,0.664,NORMAL,NONE,TEST,True,AMBIGUOUS,ACTIVE,2026-03-24,2026-09-09
0.49,UNKNOWN,NEUTRAL,0.404,NORMAL,NONE,TRAIN,True,MIXED,ACTIVE,2026-07-31,2026-09-30
0.51,SUSPECTED,SUPPORTING,0.738,NORMAL,NONE,TRAIN,True,MIXED,ACTIVE,2025-12-25,2026-04-09
0.485,CONFIRMED,SUPPORTING,0.874,NORMAL,NONE,TRAIN,True,CRIMINAL,ACTIVE,2026-05-27,2026-09-16
0.739,UNKNOWN,NEUTRAL,0.252,SHARED_DEVICE,NONE,TRAIN,True,MIXED,ACTIVE,2026-02-28,2026-05-09
0.742,FALSE,CONTRADICTING,0.189,NORMAL,NONE,VALIDATION,True,LEGITIMATE,ACTIVE,2026-07-05,2026-10-17
0.683,UNKNOWN,NEUTRAL,0.46,NORMAL,NONE,TRAIN,True,MIXED,ACTIVE,2026-06-15,2026-09-21
0.507,FALSE,CONTRADICTING,0.139,NORMAL,RELATIONAL_ANOMALY,VALIDATION,True,LEGITIMATE,ACTIVE,2026-02-10,2026-04-05
0.18,CONFIRMED,SUPPORTING,0.893,SHARED_DEVICE,NONE,TRAIN,True,CRIMINAL,ACTIVE,2026-05-22,2026-08-07
0.279,FALSE,CONTRADICTING,0.367,RECYCLED_SIM,NONE,TRAIN,True,LEGITIMATE,ACTIVE,2025-12-01,2026-04-19
0.449,CONFIRMED,SUPPORTING,0.918,NORMAL,CONTEXTUAL_ANOMALY,TRAIN,True,MIXED,ACTIVE,2026-01-20,2026-05-15
0.386,CONFIRMED,SUPPORTING,0.855,NORMAL,NONE,TRAIN,True,CRIMINAL,ACTIVE,2026-02-08,2026-07-11
0.663,FALSE,CONTRADICTING,0.173,NORMAL,NONE,TRAIN,True,CRIMINAL,ACTIVE,2026-01-23,2026-06-08
0.398,FALSE,CONTRADICTING,0.329,NORMAL,NONE,TRAIN,True,CRIMINAL,ACTIVE,2025-12-05,2026-03-12
0.36,SUSPECTED,SUPPORTING,0.627,NORMAL,CONTEXTUAL_ANOMALY,VALIDATION,True,LEGITIMATE,ACTIVE,2026-03-18,2026-07-06
0.456,CONFIRMED,SUPPORTING,0.841,SHARED_DEVICE,NONE,TRAIN,True,MIXED,ACTIVE,2026-02-04,2026-05-02
0.513,SUSPECTED,SUPPORTING,0.714,NORMAL,NONE,TRAIN,True,CRIMINAL,ACTIVE,2026-02-01,2026-04-09
0.167,CONFIRMED,SUPPORTING,0.826,NORMAL,NONE,TRAIN,True,MIXED,ACTIVE,2026-06-22,2026-08-26
0.939,UNKNOWN,NEUTRAL,0.425,NORMAL,NONE,TRAIN,True,CRIMINAL,ACTIVE,2025-11-25,2026-02-12
0.671,UNKNOWN,NEUTRAL,0.223,NORMAL,RELATIONAL_ANOMALY,TEST,True,AMBIGUOUS,ACTIVE,2026-01-31,2026-05-09
0.569,CONFIRMED,SUPPORTING,0.842,NORMAL,NONE,VALIDATION,True,LEGITIMATE,ACTIVE,2025-12-16,2026-04-20
0.605,SUSPECTED,SUPPORTING,0.659,NORMAL,TEMPORAL_ANOMALY,VALIDATION,True,LEGITIMATE,ACTIVE,2026-01-16,2026-05-02
0.311,SUSPECTED,SUPPORTING,0.583,NORMAL,NONE,TRAIN,True,CRIMINAL,ACTIVE,2026-04-02,2026-08-21
0.111,SUSPECTED,SUPPORTING,0.621,NORMAL,NONE,TEST,True,AMBIGUOUS,ACTIVE,2026-04-04,2026-05-17
0.341,FALSE,CONTRADICTING,0.227,NORMAL,NONE,TRAIN,True,CRIMINAL,ACTIVE,2025-12-24,2026-05-03
0.598,SUSPECTED,SUPPORTING,0.758,NORMAL,NONE,TEST,True,AMBIGUOUS,ACTIVE,2025-09-27,2026-04-06
0.209,CONFIRMED,SUPPORTING,0.895,NORMAL,NONE,TRAIN,True,MIXED,ACTIVE,2026-04-08,2026-08-27
0.707,CONFIRMED,SUPPORTING,0.978,NORMAL,NONE,TRAIN,True,CRIMINAL,ACTIVE,2025-12-05,2026-03-27
0.557,UNKNOWN,NEUTRAL,0.509,NORMAL,NONE,TEST,True,AMBIGUOUS,ACTIVE,2026-03-03,2026-05-06
0.193,SUSPECTED,SUPPORTING,0.804,NORMAL,NONE,TRAIN,True,CRIMINAL,ACTIVE,2025-10-04,2026-03-25
0.224,CONFIRMED,SUPPORTING,0.868,NORMAL,NONE,VALIDATION,True,LEGITIMATE,ACTIVE,2026-03-09,2026-06-23
0.461,FALSE,CONTRADICTING,0.332,NORMAL,NONE,TRAIN,True,MIXED,ACTIVE,2026-03-25,2026-09-14
0.517,SUSPECTED,SUPPORTING,0.825,NORMAL,NONE,TEST,True,AMBIGUOUS,ACTIVE,2026-04-16,2026-09-20
0.601,UNKNOWN,NEUTRAL,0.269,NORMAL,NONE,TRAIN,True,MIXED,ACTIVE,2025-12-04,2026-03-31
0.329,SUSPECTED,SUPPORTING,0.685,NORMAL,NONE,TRAIN,True,CRIMINAL,ACTIVE,2025-09-21,2026-01-28
0.357,UNKNOWN,NEUTRAL,0.247,NORMAL,POINT_ANOMALY,TEST,True,AMBIGUOUS,ACTIVE,2026-01-07,2026-06-15
0.591,SUSPECTED,SUPPORTING,0.726,NORMAL,POINT_ANOMALY,TRAIN,True,CRIMINAL,ACTIVE,2025-10-21,2026-05-07
0.203,SUSPECTED,SUPPORTING,0.696,NORMAL,NONE,TRAIN,True,CRIMINAL,ACTIVE,2025-12-01,2026-03-10
0.487,CONFIRMED,SUPPORTING,0.959,NORMAL,NONE,TEST,True,AMBIGUOUS,ACTIVE,2026-06-09,2026-08-16
0.379,CONFIRMED,SUPPORTING,0.871,NORMAL,NONE,TEST,True,AMBIGUOUS,ACTIVE,2026-03-16,2026-06-09
0.382,UNKNOWN,NEUTRAL,0.518,NORMAL,NONE,TRAIN,True,LEGITIMATE,ACTIVE,2026-02-18,2026-05-13
0.278,CONFIRMED,SUPPORTING,0.951,NORMAL,RELATIONAL_ANOMALY,TRAIN,True,CRIMINAL,ACTIVE,2026-01-11,2026-06-23
0.581,SUSPECTED,SUPPORTING,0.737,NORMAL,CONTEXTUAL_ANOMALY,TEST,True,AMBIGUOUS,ACTIVE,2025-09-27,2026-03-01
0.507,SUSPECTED,SUPPORTING,0.752,NORMAL,NONE,TRAIN,True,MIXED,ACTIVE,2026-03-02,2026-08-01
0.246,CONFIRMED,SUPPORTING,0.925,NORMAL,NONE,TEST,True,AMBIGUOUS,ACTIVE,2026-05-23,2026-09-29
0.3,CONFIRMED,SUPPORTING,0.927,NORMAL,NONE,TRAIN,True,CRIMINAL,ACTIVE,2025-12-12,2026-03-21
0.119,FALSE,CONTRADICTING,0.205,NORMAL,TEMPORAL_ANOMALY,TRAIN,True,MIXED,ACTIVE,2025-12-21,2026-06-11
0.202,FALSE,CONTRADICTING,0.219,NORMAL,NONE,TEST,True,AMBIGUOUS,ACTIVE,2025-10-16,2026-03-12
0.504,FALSE,CONTRADICTING,0.166,NORMAL,NONE,TRAIN,True,CRIMINAL,ACTIVE,2026-01-30,2026-03-27
0.281,SUSPECTED,SUPPORTING,0.681,NORMAL,NONE,TRAIN,True,MIXED,ACTIVE,2026-02-02,2026-07-10
0.644,CONFIRMED,SUPPORTING,0.823,NORMAL,NONE,TRAIN,True,MIXED,ACTIVE,2026-06-24,2026-09-12
0.766,FALSE,CONTRADICTING,0.301,NORMAL,NONE,VALIDATION,True,LEGITIMATE,ACTIVE,2026-02-26,2026-07-13
0.72,CONFIRMED,SUPPORTING,0.965,NORMAL,TEMPORAL_ANOMALY,TEST,True,AMBIGUOUS,ACTIVE,2025-10-05,2026-03-15
0.456,SUSPECTED,SUPPORTING,0.79,NORMAL,NONE,TEST,True,AMBIGUOUS,ACTIVE,2026-01-09,2026-04-02
0.513,SUSPECTED,SUPPORTING,0.789,NORMAL,NONE,TEST,True,AMBIGUOUS,ACTIVE,2025-12-07,2026-06-01
0.325,UNKNOWN,NEUTRAL,0.379,RECYCLED_SIM,CONTEXTUAL_ANOMALY,TRAIN,True,CRIMINAL,ACTIVE,2025-10-11,2026-03-05
0.232,SUSPECTED,SUPPORTING,0.636,NORMAL,NONE,TRAIN,True,CRIMINAL,ACTIVE,2026-05-05,2026-07-06
0.218,CONFIRMED,SUPPORTING,0.848,NORMAL,NONE,TRAIN,True,CRIMINAL,ACTIVE,2026-03-03,2026-05-09
0.604,CONFIRMED,SUPPORTING,0.877,NORMAL,NONE,TRAIN,True,MIXED,ACTIVE,2025-11-20,2026-05-08
0.183,SUSPECTED,SUPPORTING,0.77,NORMAL,NONE,TRAIN,True,CRIMINAL,ACTIVE,2026-02-07,2026-07-24
0.186,UNKNOWN,NEUTRAL,0.415,SHARED_DEVICE,RELATIONAL_ANOMALY,TRAIN,True,CRIMINAL,ACTIVE,2026-06-03,2026-08-26
0.468,SUSPECTED,SUPPORTING,0.671,NORMAL,NONE,VALIDATION,True,LEGITIMATE,ACTIVE,2026-01-06,2026-06-12
0.109,CONFIRMED,SUPPORTING,0.93,NORMAL,COLLECTIVE_ANOMALY,TRAIN,True,MIXED,ACTIVE,2026-01-20,2026-05-26
0.167,UNKNOWN,NEUTRAL,0.543,NORMAL,NONE,TRAIN,True,CRIMINAL,ACTIVE,2025-12-06,2026-04-20
0.207,UNKNOWN,NEUTRAL,0.316,NORMAL,NONE,TEST,True,AMBIGUOUS,ACTIVE,2025-12-04,2026-03-20
0.613,SUSPECTED,SUPPORTING,0.796,NORMAL,NONE,TRAIN,True,CRIMINAL,ACTIVE,2026-03-11,2026-07-27
0.404,UNKNOWN,NEUTRAL,0.498,NORMAL,NONE,TEST,True,AMBIGUOUS,ACTIVE,2026-04-02,2026-09-17
0.547,SUSPECTED,SUPPORTING,0.7,NORMAL,NONE,TRAIN,True,MIXED,ACTIVE,2026-02-16,2026-08-22
0.386,CONFIRMED,SUPPORTING,0.825,NORMAL,NONE,TEST,True,AMBIGUOUS,ACTIVE,2026-05-06,2026-07-17
0.201,UNKNOWN,NEUTRAL,0.472,NORMAL,NONE,VALIDATION,True,LEGITIMATE,ACTIVE,2026-04-26,2026-08-05
0.351,CONFIRMED,SUPPORTING,0.856,NORMAL,TEMPORAL_ANOMALY,TRAIN,True,MIXED,ACTIVE,2025-11-20,2026-03-22
0.532,UNKNOWN,NEUTRAL,0.228,NORMAL,NONE,TEST,True,AMBIGUOUS,ACTIVE,2026-03-29,2026-09-01
0.499,SUSPECTED,SUPPORTING,0.704,NORMAL,CONTEXTUAL_ANOMALY,VALIDATION,True,LEGITIMATE,ACTIVE,2026-04-18,2026-06-19
0.14,CONFIRMED,SUPPORTING,0.821,NORMAL,POINT_ANOMALY,TRAIN,True,CRIMINAL,ACTIVE,2026-03-23,2026-05-22
0.393,CONFIRMED,SUPPORTING,0.908,SHARED_DEVICE,NONE,TRAIN,True,CRIMINAL,ACTIVE,2026-02-02,2026-06-01
0.422,CONFIRMED,SUPPORTING,0.869,NORMAL,NONE,TRAIN,True,CRIMINAL,ACTIVE,2026-04-24,2026-10-08
0.5,UNKNOWN,NEUTRAL,0.529,NORMAL,NONE,TRAIN,True,CRIMINAL,ACTIVE,2026-01-12,2026-02-19
0.446,FALSE,CONTRADICTING,0.415,NORMAL,NONE,TRAIN,True,CRIMINAL,ACTIVE,2026-02-05,2026-05-05
0.162,SUSPECTED,SUPPORTING,0.677,NORMAL,NONE,TRAIN,True,MIXED,ACTIVE,2026-01-10,2026-05-29
0.324,UNKNOWN,NEUTRAL,0.394,NORMAL,NONE,TRAIN,True,CRIMINAL,ACTIVE,2026-04-07,2026-09-25
0.265,CONFIRMED,SUPPORTING,0.82,NORMAL,NONE,TRAIN,True,CRIMINAL,ACTIVE,2026-04-08,2026-06-15
0.485,UNKNOWN,NEUTRAL,0.268,NORMAL,NONE,TRAIN,True,CRIMINAL,ACTIVE,2026-04-18,2026-09-14
0.803,FALSE,CONTRADICTING,0.215,NORMAL,TEMPORAL_ANOMALY,VALIDATION,True,LEGITIMATE,ACTIVE,2026-06-16,2026-08-23
0.323,SUSPECTED,SUPPORTING,0.612,NORMAL,NONE,TRAIN,True,MIXED,ACTIVE,2025-12-16,2026-03-04
0.336,SUSPECTED,SUPPORTING,0.637,NORMAL,NONE,TRAIN,True,CRIMINAL,ACTIVE,2026-01-23,2026-06-19
0.64,CONFIRMED,SUPPORTING,0.907,NORMAL,NONE,TRAIN,True,MIXED,ACTIVE,2026-03-06,2026-06-16
0.703,CONFIRMED,SUPPORTING,0.829,NORMAL,NONE,TRAIN,True,CRIMINAL,ACTIVE,2026-04-24,2026-10-05
0.137,SUSPECTED,SUPPORTING,0.731,NORMAL,NONE,TRAIN,True,MIXED,ACTIVE,2025-12-06,2026-02-23
0.287,FALSE,CONTRADICTING,0.194,NORMAL,NONE,VALIDATION,True,LEGITIMATE,ACTIVE,2026-01-06,2026-04-01
0.316,SUSPECTED,SUPPORTING,0.673,NORMAL,NONE,TRAIN,True,CRIMINAL,ACTIVE,2026-06-17,2026-10-23
0.366,FALSE,CONTRADICTING,0.208,NORMAL,NONE,TRAIN,True,CRIMINAL,ACTIVE,2025-11-16,2026-03-06
0.276,SUSPECTED,SUPPORTING,0.859,NORMAL,NONE,TRAIN,True,CRIMINAL,ACTIVE,2026-04-17,2026-07-21
0.382,SUSPECTED,SUPPORTING,0.851,NORMAL,CONTEXTUAL_ANOMALY,TRAIN,True,CRIMINAL,ACTIVE,2025-11-13,2026-03-03
0.837,CONFIRMED,SUPPORTING,0.873,NORMAL,NONE,TRAIN,True,CRIMINAL,ACTIVE,2026-02-21,2026-07-30
0.192,FALSE,CONTRADICTING,0.224,NORMAL,NONE,TRAIN,True,CRIMINAL,ACTIVE,2025-12-01,2026-02-16
0.44,UNKNOWN,NEUTRAL,0.395,NORMAL,POINT_ANOMALY,TEST,True,AMBIGUOUS,ACTIVE,2026-04-17,2026-09-23
0.342,SUSPECTED,SUPPORTING,0.607,NORMAL,TEMPORAL_ANOMALY,TEST,True,AMBIGUOUS,ACTIVE,2026-04-18,2026-08-18
0.443,CONFIRMED,SUPPORTING,0.882,NORMAL,NONE,TRAIN,True,CRIMINAL,ACTIVE,2026-05-24,2026-08-18
0.189,UNKNOWN,NEUTRAL,0.228,NORMAL,NONE,VALIDATION,True,LEGITIMATE,ACTIVE,2025-12-02,2026-05-09
0.099,SUSPECTED,SUPPORTING,0.777,NORMAL,NONE,TRAIN,True,MIXED,ACTIVE,2026-01-28,2026-05-13
0.429,CONFIRMED,SUPPORTING,0.865,NORMAL,NONE,TRAIN,True,LEGITIMATE,ACTIVE,2026-01-25,2026-05-28
0.108,UNKNOWN,NEUTRAL,0.357,NORMAL,CONTEXTUAL_ANOMALY,TRAIN,True,LEGITIMATE,ACTIVE,2025-10-16,2026-03-03
0.278,SUSPECTED,SUPPORTING,0.765,NORMAL,NONE,TRAIN,True,CRIMINAL,ACTIVE,2026-05-06,2026-09-22
0.596,FALSE,CONTRADICTING,0.406,NORMAL,NONE,VALIDATION,True,LEGITIMATE,ACTIVE,2025-10-05,2026-04-05
0.442,UNKNOWN,NEUTRAL,0.362,NORMAL,NONE,TRAIN,True,MIXED,ACTIVE,2025-12-02,2026-04-01
0.493,SUSPECTED,SUPPORTING,0.841,NORMAL,NONE,TRAIN,True,MIXED,ACTIVE,2026-03-29,2026-06-14
0.22,CONFIRMED,SUPPORTING,0.892,NORMAL,NONE,TRAIN,True,MIXED,ACTIVE,2026-03-04,2026-07-15
0.475,UNKNOWN,NEUTRAL,0.536,NORMAL,NONE,TRAIN,True,CRIMINAL,ACTIVE,2026-06-03,2026-09-08
0.189,UNKNOWN,NEUTRAL,0.514,NORMAL,NONE,TRAIN,True,CRIMINAL,ACTIVE,2026-02-04,2026-03-01
0.29,FALSE,CONTRADICTING,0.132,SHARED_DEVICE,NONE,TRAIN,True,CRIMINAL,ACTIVE,2025-10-28,2026-04-20
0.385,CONFIRMED,SUPPORTING,0.942,NORMAL,TEMPORAL_ANOMALY,TRAIN,True,CRIMINAL,ACTIVE,2026-02-11,2026-07-04
0.417,CONFIRMED,SUPPORTING,0.947,NORMAL,NONE,TRAIN,True,MIXED,ACTIVE,2026-01-02,2026-03-12
0.723,FALSE,CONTRADICTING,0.168,NORMAL,NONE,VALIDATION,True,LEGITIMATE,ACTIVE,2026-05-18,2026-07-13
0.195,UNKNOWN,NEUTRAL,0.226,NORMAL,NONE,VALIDATION,True,LEGITIMATE,ACTIVE,2025-12-19,2026-03-21
0.458,CONFIRMED,SUPPORTING,0.854,STALE_DEVICE,TEMPORAL_ANOMALY,TRAIN,True,MIXED,ACTIVE,2026-08-02,2026-11-04
0.351,SUSPECTED,SUPPORTING,0.838,NORMAL,NONE,TRAIN,True,CRIMINAL,ACTIVE,2026-05-07,2026-09-08
0.753,FALSE,CONTRADICTING,0.337,NORMAL,NONE,TRAIN,True,CRIMINAL,ACTIVE,2026-04-22,2026-09-07
0.272,CONFIRMED,SUPPORTING,0.883,NORMAL,NONE,TRAIN,True,CRIMINAL,ACTIVE,2026-03-26,2026-08-28
0.916,UNKNOWN,NEUTRAL,0.426,NORMAL,NONE,TRAIN,True,LEGITIMATE,ACTIVE,2025-11-17,2026-05-31
0.139,CONFIRMED,SUPPORTING,0.921,NORMAL,NONE,TRAIN,True,MIXED,ACTIVE,2026-05-23,2026-07-06
0.047,CONFIRMED,SUPPORTING,0.987,NORMAL,NONE,TEST,True,AMBIGUOUS,ACTIVE,2026-04-17,2026-10-18
0.564,CONFIRMED,SUPPORTING,0.822,STALE_DEVICE,NONE,TRAIN,True,CRIMINAL,ACTIVE,2025-12-22,2026-04-14
0.367,CONFIRMED,SUPPORTING,0.895,NORMAL,NONE,TRAIN,True,CRIMINAL,ACTIVE,2026-06-05,2026-10-04
0.179,CONFIRMED,SUPPORTING,0.966,NORMAL,NONE,TRAIN,True,CRIMINAL,ACTIVE,2026-04-30,2026-09-22
0.231,SUSPECTED,SUPPORTING,0.656,NORMAL,NONE,TEST,True,AMBIGUOUS,ACTIVE,2026-06-20,2026-08-26
0.104,FALSE,CONTRADICTING,0.403,NORMAL,NONE,TRAIN,True,MIXED,ACTIVE,2026-05-01,2026-08-06
0.099,SUSPECTED,SUPPORTING,0.696,NORMAL,NONE,TRAIN,True,CRIMINAL,ACTIVE,2026-03-20,2026-09-29
0.185,SUSPECTED,SUPPORTING,0.723,NORMAL,POINT_ANOMALY,TRAIN,True,MIXED,ACTIVE,2026-05-12,2026-06-05
0.408,CONFIRMED,SUPPORTING,0.983,NORMAL,NONE,TRAIN,True,MIXED,ACTIVE,2025-11-09,2026-03-16
0.505,FALSE,CONTRADICTING,0.36,NORMAL,COLLECTIVE_ANOMALY,VALIDATION,True,LEGITIMATE,ACTIVE,2026-01-12,2026-05-15
0.538,UNKNOWN,NEUTRAL,0.508,NORMAL,NONE,TRAIN,True,MIXED,ACTIVE,2026-05-25,2026-08-25
0.158,UNKNOWN,NEUTRAL,0.424,RECYCLED_SIM,NONE,TEST,True,AMBIGUOUS,ACTIVE,2025-11-12,2026-04-10
0.256,UNKNOWN,NEUTRAL,0.453,NORMAL,POINT_ANOMALY,TRAIN,True,CRIMINAL,ACTIVE,2026-06-13,2026-09-15
0.794,UNKNOWN,NEUTRAL,0.315,NORMAL,NONE,TRAIN,True,CRIMINAL,ACTIVE,2026-01-05,2026-04-13
0.658,FALSE,CONTRADICTING,0.325,NORMAL,NONE,VALIDATION,True,LEGITIMATE,ACTIVE,2026-05-06,2026-08-06
0.217,SUSPECTED,SUPPORTING,0.598,NORMAL,NONE,TRAIN,True,CRIMINAL,ACTIVE,2025-10-28,2026-04-02
0.529,CONFIRMED,SUPPORTING,0.949,NORMAL,NONE,TRAIN,True,CRIMINAL,ACTIVE,2026-03-30,2026-07-23
0.382,FALSE,CONTRADICTING,0.401,NORMAL,NONE,TRAIN,True,CRIMINAL,ACTIVE,2025-12-23,2026-03-31
0.515,CONFIRMED,SUPPORTING,0.918,NORMAL,NONE,TEST,True,AMBIGUOUS,ACTIVE,2026-07-07,2026-09-25
0.192,FALSE,CONTRADICTING,0.152,NORMAL,NONE,TRAIN,True,CRIMINAL,ACTIVE,2025-12-11,2026-06-19
0.206,UNKNOWN,NEUTRAL,0.541,NORMAL,NONE,TEST,True,AMBIGUOUS,ACTIVE,2026-04-20,2026-05-21
0.268,FALSE,CONTRADICTING,0.306,NORMAL,RELATIONAL_ANOMALY,TRAIN,True,CRIMINAL,ACTIVE,2026-06-05,2026-09-29
0.473,CONFIRMED,SUPPORTING,0.956,NORMAL,NONE,TRAIN,True,CRIMINAL,ACTIVE,2026-02-12,2026-08-04
0.503,UNKNOWN,NEUTRAL,0.256,NORMAL,NONE,TRAIN,True,CRIMINAL,ACTIVE,2026-06-29,2026-08-24
0.473,CONFIRMED,SUPPORTING,0.922,NORMAL,NONE,VALIDATION,True,LEGITIMATE,ACTIVE,2026-03-06,2026-06-15
0.471,CONFIRMED,SUPPORTING,0.985,NORMAL,NONE,TRAIN,True,CRIMINAL,ACTIVE,2025-12-02,2026-04-07
0.035,FALSE,CONTRADICTING,0.413,NORMAL,NONE,VALIDATION,True,LEGITIMATE,ACTIVE,2025-11-25,2026-03-07
0.658,UNKNOWN,NEUTRAL,0.346,STALE_DEVICE,NONE,TRAIN,True,MIXED,ACTIVE,2025-12-14,2026-03-29
0.815,UNKNOWN,NEUTRAL,0.491,NORMAL,NONE,TRAIN,True,MIXED,ACTIVE,2026-06-30,2026-10-16
0.691,CONFIRMED,SUPPORTING,0.862,NORMAL,NONE,TRAIN,True,CRIMINAL,ACTIVE,2026-04-23,2026-07-28
0.623,SUSPECTED,SUPPORTING,0.635,NORMAL,POINT_ANOMALY,TRAIN,True,CRIMINAL,ACTIVE,2026-01-08,2026-06-03
0.394,FALSE,CONTRADICTING,0.222,NORMAL,NONE,VALIDATION,True,LEGITIMATE,ACTIVE,2025-12-16,2026-06-16
0.256,CONFIRMED,SUPPORTING,0.964,STALE_DEVICE,NONE,TRAIN,True,CRIMINAL,ACTIVE,2025-12-17,2026-06-03
0.228,CONFIRMED,SUPPORTING,0.944,NORMAL,NONE,TRAIN,True,MIXED,ACTIVE,2026-03-15,2026-06-16
0.27,UNKNOWN,NEUTRAL,0.438,NORMAL,NONE,TRAIN,True,CRIMINAL,ACTIVE,2025-11-12,2026-02-22
0.155,SUSPECTED,SUPPORTING,0.854,NORMAL,TEMPORAL_ANOMALY,TRAIN,True,LEGITIMATE,ACTIVE,2026-01-17,2026-05-26
0.091,FALSE,CONTRADICTING,0.351,NORMAL,NONE,TEST,True,AMBIGUOUS,ACTIVE,2026-04-30,2026-07-03
0.273,SUSPECTED,SUPPORTING,0.656,NORMAL,NONE,TRAIN,True,CRIMINAL,ACTIVE,2026-03-30,2026-06-21
0.645,UNKNOWN,NEUTRAL,0.489,NORMAL,NONE,TRAIN,True,MIXED,ACTIVE,2026-02-21,2026-05-16
0.177,UNKNOWN,NEUTRAL,0.55,NORMAL,NONE,TRAIN,True,MIXED,ACTIVE,2026-01-08,2026-04-08
0.481,UNKNOWN,NEUTRAL,0.473,NORMAL,NONE,TRAIN,True,CRIMINAL,ACTIVE,2026-04-16,2026-07-01
0.71,FALSE,CONTRADICTING,0.204,NORMAL,CONTEXTUAL_ANOMALY,TRAIN,True,CRIMINAL,ACTIVE,2025-12-27,2026-04-25
0.352,FALSE,CONTRADICTING,0.413,NORMAL,NONE,TEST,True,AMBIGUOUS,ACTIVE,2026-03-06,2026-06-11
0.27,SUSPECTED,SUPPORTING,0.754,SHARED_DEVICE,RELATIONAL_ANOMALY,TRAIN,True,CRIMINAL,ACTIVE,2025-11-07,2026-04-22
0.504,CONFIRMED,SUPPORTING,0.942,NORMAL,TEMPORAL_ANOMALY,TRAIN,True,CRIMINAL,ACTIVE,2026-04-23,2026-09-22
0.377,SUSPECTED,SUPPORTING,0.808,NORMAL,NONE,TRAIN,True,MIXED,ACTIVE,2026-03-13,2026-06-19
0.697,FALSE,CONTRADICTING,0.373,NORMAL,NONE,TRAIN,True,CRIMINAL,ACTIVE,2026-01-21,2026-04-29
0.444,UNKNOWN,NEUTRAL,0.245,NORMAL,NONE,TRAIN,True,MIXED,ACTIVE,2026-04-05,2026-07-20
0.192,SUSPECTED,SUPPORTING,0.679,NORMAL,NONE,TRAIN,True,CRIMINAL,ACTIVE,2026-08-02,2026-08-30
0.625,FALSE,CONTRADICTING,0.299,NORMAL,NONE,TRAIN,True,CRIMINAL,ACTIVE,2026-02-21,2026-05-12
0.189,SUSPECTED,SUPPORTING,0.667,NORMAL,POINT_ANOMALY,TRAIN,True,CRIMINAL,ACTIVE,2025-10-28,2026-04-08
0.362,CONFIRMED,SUPPORTING,0.841,NORMAL,NONE,TRAIN,True,CRIMINAL,ACTIVE,2026-02-19,2026-07-04
0.302,UNKNOWN,NEUTRAL,0.296,NORMAL,NONE,TRAIN,True,MIXED,ACTIVE,2026-03-13,2026-05-28
0.225,FALSE,CONTRADICTING,0.234,NORMAL,POINT_ANOMALY,TEST,True,AMBIGUOUS,ACTIVE,2026-03-21,2026-06-17
0.459,UNKNOWN,NEUTRAL,0.271,NORMAL,POINT_ANOMALY,VALIDATION,True,LEGITIMATE,ACTIVE,2025-11-21,2026-01-28
0.248,FALSE,CONTRADICTING,0.168,NORMAL,NONE,TRAIN,True,LEGITIMATE,ACTIVE,2025-11-19,2026-03-22
0.111,CONFIRMED,SUPPORTING,0.865,NORMAL,NONE,TEST,True,AMBIGUOUS,ACTIVE,2026-05-23,2026-09-13
0.395,CONFIRMED,SUPPORTING,0.862,NORMAL,NONE,TRAIN,True,MIXED,ACTIVE,2026-06-29,2026-09-28
0.295,UNKNOWN,NEUTRAL,0.4,NORMAL,NONE,TRAIN,True,CRIMINAL,ACTIVE,2026-04-30,2026-10-09
0.367,FALSE,CONTRADICTING,0.25,NORMAL,NONE,TRAIN,True,MIXED,ACTIVE,2025-11-23,2026-03-24
0.568,SUSPECTED,SUPPORTING,0.82,DUPLICATE,NONE,TRAIN,True,CRIMINAL,ACTIVE,2025-12-19,2026-03-17
0.443,UNKNOWN,NEUTRAL,0.231,NORMAL,NONE,TRAIN,True,CRIMINAL,ACTIVE,2025-10-01,2026-02-05
0.439,CONFIRMED,SUPPORTING,0.902,NORMAL,RELATIONAL_ANOMALY,TRAIN,True,LEGITIMATE,ACTIVE,2025-12-09,2026-03-15
0.16,UNKNOWN,NEUTRAL,0.377,NORMAL,CONTEXTUAL_ANOMALY,TRAIN,True,MIXED,ACTIVE,2025-12-12,2026-02-12
0.69,SUSPECTED,SUPPORTING,0.66,NORMAL,NONE,TRAIN,True,CRIMINAL,ACTIVE,2025-12-22,2026-02-03
0.182,UNKNOWN,NEUTRAL,0.474,NORMAL,NONE,VALIDATION,True,LEGITIMATE,ACTIVE,2026-02-04,2026-05-11
0.618,SUSPECTED,SUPPORTING,0.614,NORMAL,NONE,TRAIN,True,CRIMINAL,ACTIVE,2026-03-03,2026-08-12
0.544,FALSE,CONTRADICTING,0.142,NORMAL,NONE,TRAIN,True,MIXED,ACTIVE,2026-05-14,2026-08-26
0.329,CONFIRMED,SUPPORTING,0.981,NORMAL,NONE,VALIDATION,True,LEGITIMATE,ACTIVE,2026-02-22,2026-05-11
0.484,UNKNOWN,NEUTRAL,0.405,NORMAL,NONE,TRAIN,True,CRIMINAL,ACTIVE,2026-02-12,2026-06-24
0.165,CONFIRMED,SUPPORTING,0.874,NORMAL,POINT_ANOMALY,TRAIN,True,MIXED,ACTIVE,2026-03-01,2026-05-27
0.418,CONFIRMED,SUPPORTING,0.913,NORMAL,NONE,TEST,True,AMBIGUOUS,ACTIVE,2026-05-29,2026-09-02
0.88,SUSPECTED,SUPPORTING,0.683,NORMAL,NONE,TRAIN,True,MIXED,ACTIVE,2026-02-18,2026-07-22
0.364,SUSPECTED,SUPPORTING,0.621,STALE_DEVICE,CONTEXTUAL_ANOMALY,TEST,True,AMBIGUOUS,ACTIVE,2026-01-12,2026-02-24
0.84,UNKNOWN,NEUTRAL,0.336,NORMAL,NONE,TRAIN,True,CRIMINAL,ACTIVE,2026-03-25,2026-07-19
0.753,SUSPECTED,SUPPORTING,0.786,NORMAL,NONE,TRAIN,True,MIXED,ACTIVE,2025-10-06,2026-01-27
0.533,SUSPECTED,SUPPORTING,0.738,NORMAL,NONE,TRAIN,True,CRIMINAL,ACTIVE,2026-02-21,2026-05-17
0.912,SUSPECTED,SUPPORTING,0.852,NORMAL,NONE,TRAIN,True,CRIMINAL,ACTIVE,2026-04-30,2026-08-24
0.26,CONFIRMED,SUPPORTING,0.889,NORMAL,POINT_ANOMALY,TEST,True,AMBIGUOUS,ACTIVE,2026-05-27,2026-10-17
0.671,UNKNOWN,NEUTRAL,0.241,NORMAL,POINT_ANOMALY,TEST,True,AMBIGUOUS,ACTIVE,2026-02-19,2026-07-03
0.487,CONFIRMED,SUPPORTING,0.932,NORMAL,TEMPORAL_ANOMALY,TRAIN,True,CRIMINAL,ACTIVE,2026-06-24,2026-09-03
0.621,UNKNOWN,NEUTRAL,0.282,SHARED_DEVICE,NONE,TRAIN,True,CRIMINAL,ACTIVE,2026-02-15,2026-05-26
0.413,FALSE,CONTRADICTING,0.362,NORMAL,NONE,TRAIN,True,MIXED,ACTIVE,2025-12-06,2026-05-14
0.384,UNKNOWN,NEUTRAL,0.523,NORMAL,NONE,TRAIN,True,MIXED,ACTIVE,2026-06-07,2026-09-05
0.275,SUSPECTED,SUPPORTING,0.799,NORMAL,NONE,TRAIN,True,CRIMINAL,ACTIVE,2025-12-19,2026-04-04
0.542,SUSPECTED,SUPPORTING,0.764,NORMAL,RELATIONAL_ANOMALY,TRAIN,True,CRIMINAL,ACTIVE,2026-05-29,2026-08-13
0.672,UNKNOWN,NEUTRAL,0.281,NORMAL,NONE,TRAIN,True,MIXED,ACTIVE,2026-03-30,2026-07-28
0.301,FALSE,CONTRADICTING,0.28,NORMAL,NONE,TEST,True,AMBIGUOUS,ACTIVE,2025-12-06,2026-05-06
0.683,SUSPECTED,SUPPORTING,0.785,NORMAL,NONE,TEST,True,AMBIGUOUS,ACTIVE,2026-06-17,2026-09-21
0.419,CONFIRMED,SUPPORTING,0.923,NORMAL,NONE,TEST,True,AMBIGUOUS,ACTIVE,2026-05-19,2026-08-12
0.104,SUSPECTED,SUPPORTING,0.833,NORMAL,NONE,TEST,True,AMBIGUOUS,ACTIVE,2026-03-29,2026-08-16
0.542,UNKNOWN,NEUTRAL,0.355,NORMAL,NONE,TRAIN,True,CRIMINAL,ACTIVE,2025-12-18,2026-03-11
0.228,CONFIRMED,SUPPORTING,0.855,NORMAL,NONE,TRAIN,True,LEGITIMATE,ACTIVE,2026-02-16,2026-07-02
0.439,CONFIRMED,SUPPORTING,0.988,NORMAL,NONE,TRAIN,True,MIXED,ACTIVE,2026-05-16,2026-08-27
0.108,UNKNOWN,NEUTRAL,0.456,NORMAL,NONE,TEST,True,AMBIGUOUS,ACTIVE,2026-07-19,2026-09-28
0.361,UNKNOWN,NEUTRAL,0.343,NORMAL,NONE,VALIDATION,True,LEGITIMATE,ACTIVE,2025-12-14,2026-04-27
0.768,SUSPECTED,SUPPORTING,0.705,NORMAL,CONTEXTUAL_ANOMALY,TRAIN,True,CRIMINAL,ACTIVE,2025-11-01,2026-05-05
0.42,SUSPECTED,SUPPORTING,0.697,NORMAL,NONE,VALIDATION,True,LEGITIMATE,ACTIVE,2026-04-18,2026-06-06
0.296,CONFIRMED,SUPPORTING,0.909,NORMAL,NONE,TRAIN,True,CRIMINAL,ACTIVE,2026-04-16,2026-10-05
0.736,CONFIRMED,SUPPORTING,0.888,NORMAL,POINT_ANOMALY,TRAIN,True,MIXED,ACTIVE,2026-05-16,2026-07-12
0.246,CONFIRMED,SUPPORTING,0.837,NORMAL,NONE,TRAIN,True,CRIMINAL,ACTIVE,2026-05-09,2026-08-16
0.534,CONFIRMED,SUPPORTING,0.864,NORMAL,NONE,TEST,True,AMBIGUOUS,ACTIVE,2025-11-17,2026-02-24
0.047,UNKNOWN,NEUTRAL,0.26,NORMAL,NONE,TRAIN,True,MIXED,ACTIVE,2026-04-24,2026-08-31
0.278,SUSPECTED,SUPPORTING,0.797,NORMAL,CONTEXTUAL_ANOMALY,TRAIN,True,CRIMINAL,ACTIVE,2026-06-20,2026-10-11
0.803,CONFIRMED,SUPPORTING,0.858,NORMAL,NONE,TRAIN,True,CRIMINAL,ACTIVE,2026-01-23,2026-05-19
0.408,UNKNOWN,NEUTRAL,0.434,NORMAL,POINT_ANOMALY,TRAIN,True,CRIMINAL,ACTIVE,2026-05-26,2026-09-27
0.636,FALSE,CONTRADICTING,0.168,NORMAL,CONTEXTUAL_ANOMALY,TEST,True,AMBIGUOUS,ACTIVE,2026-06-07,2026-09-03
0.158,CONFIRMED,SUPPORTING,0.869,RECYCLED_SIM,NONE,TRAIN,True,CRIMINAL,ACTIVE,2025-11-15,2026-02-27
0.085,CONFIRMED,SUPPORTING,0.93,NORMAL,NONE,TRAIN,True,CRIMINAL,ACTIVE,2026-02-01,2026-07-25
0.125,UNKNOWN,NEUTRAL,0.381,NORMAL,NONE,TRAIN,True,MIXED,ACTIVE,2025-12-23,2026-05-31
0.716,SUSPECTED,SUPPORTING,0.65,NORMAL,NONE,VALIDATION,True,LEGITIMATE,ACTIVE,2026-01-16,2026-04-02
0.644,FALSE,CONTRADICTING,0.14,NORMAL,NONE,TRAIN,True,CRIMINAL,ACTIVE,2026-01-04,2026-06-23
0.309,UNKNOWN,NEUTRAL,0.401,RECYCLED_SIM,NONE,TEST,True,AMBIGUOUS,ACTIVE,2026-03-11,2026-07-15
0.603,FALSE,CONTRADICTING,0.263,NORMAL,NONE,TRAIN,True,MIXED,ACTIVE,2026-01-13,2026-06-13
0.383,CONFIRMED,SUPPORTING,0.836,NORMAL,NONE,TEST,True,AMBIGUOUS,ACTIVE,2026-06-03,2026-09-15
0.573,UNKNOWN,NEUTRAL,0.318,NORMAL,TEMPORAL_ANOMALY,TRAIN,True,MIXED,ACTIVE,2025-12-22,2026-05-04
0.178,CONFIRMED,SUPPORTING,0.917,NORMAL,NONE,TEST,True,AMBIGUOUS,ACTIVE,2026-05-28,2026-08-23
0.65,SUSPECTED,SUPPORTING,0.71,NORMAL,NONE,TRAIN,True,MIXED,ACTIVE,2026-03-28,2026-07-14
0.184,FALSE,CONTRADICTING,0.264,NORMAL,NONE,TRAIN,True,CRIMINAL,ACTIVE,2026-06-30,2026-10-20
0.406,SUSPECTED,SUPPORTING,0.704,NORMAL,NONE,TRAIN,True,MIXED,ACTIVE,2025-11-18,2026-03-25
0.141,FALSE,CONTRADICTING,0.201,NORMAL,NONE,TEST,True,AMBIGUOUS,ACTIVE,2026-05-03,2026-11-05
0.593,UNKNOWN,NEUTRAL,0.509,NORMAL,NONE,VALIDATION,True,LEGITIMATE,ACTIVE,2026-04-03,2026-05-29
0.899,FALSE,CONTRADICTING,0.26,NORMAL,NONE,TRAIN,True,LEGITIMATE,ACTIVE,2026-05-24,2026-10-14
0.761,SUSPECTED,SUPPORTING,0.649,NORMAL,NONE,TRAIN,True,LEGITIMATE,ACTIVE,2026-03-10,2026-06-03
0.559,SUSPECTED,SUPPORTING,0.821,NORMAL,NONE,TRAIN,True,CRIMINAL,ACTIVE,2026-03-19,2026-08-24
0.195,SUSPECTED,SUPPORTING,0.719,NORMAL,NONE,TRAIN,True,CRIMINAL,ACTIVE,2026-04-09,2026-09-18
0.265,SUSPECTED,SUPPORTING,0.65,NORMAL,NONE,TRAIN,True,MIXED,ACTIVE,2026-04-19,2026-08-27
0.094,UNKNOWN,NEUTRAL,0.465,NORMAL,NONE,TRAIN,True,MIXED,ACTIVE,2026-05-23,2026-10-29
0.253,FALSE,CONTRADICTING,0.413,NORMAL,NONE,TEST,True,AMBIGUOUS,ACTIVE,2026-03-17,2026-08-24
0.542,UNKNOWN,NEUTRAL,0.245,NORMAL,NONE,TRAIN,True,CRIMINAL,ACTIVE,2026-02-08,2026-06-25
0.131,UNKNOWN,NEUTRAL,0.38,NORMAL,NONE,TRAIN,True,MIXED,ACTIVE,2025-11-20,2026-05-05
0.117,UNKNOWN,NEUTRAL,0.229,NORMAL,TEMPORAL_ANOMALY,VALIDATION,True,LEGITIMATE,ACTIVE,2026-02-01,2026-03-16
0.18,FALSE,CONTRADICTING,0.338,NORMAL,NONE,TRAIN,True,MIXED,ACTIVE,2026-03-19,2026-06-24
0.408,UNKNOWN,NEUTRAL,0.502,NORMAL,TEMPORAL_ANOMALY,TRAIN,True,CRIMINAL,ACTIVE,2026-03-14,2026-07-24
0.116,FALSE,CONTRADICTING,0.339,NORMAL,RELATIONAL_ANOMALY,TEST,True,AMBIGUOUS,ACTIVE,2026-06-08,2026-10-12
0.026,UNKNOWN,NEUTRAL,0.344,NORMAL,NONE,VALIDATION,True,LEGITIMATE,ACTIVE,2026-03-31,2026-06-01
0.42,SUSPECTED,SUPPORTING,0.827,NORMAL,NONE,TRAIN,True,CRIMINAL,ACTIVE,2026-03-26,2026-07-10
0.281,CONFIRMED,SUPPORTING,0.902,NORMAL,TEMPORAL_ANOMALY,TRAIN,True,CRIMINAL,ACTIVE,2026-02-23,2026-06-14
0.21,FALSE,CONTRADICTING,0.211,NORMAL,CONTEXTUAL_ANOMALY,TRAIN,True,CRIMINAL,ACTIVE,2026-02-22,2026-04-08
0.048,UNKNOWN,NEUTRAL,0.444,NORMAL,POINT_ANOMALY,TRAIN,True,MIXED,ACTIVE,2025-11-01,2026-05-20
0.211,CONFIRMED,SUPPORTING,0.952,NORMAL,NONE,TRAIN,True,CRIMINAL,ACTIVE,2026-02-28,2026-07-01
0.319,FALSE,CONTRADICTING,0.376,NORMAL,NONE,TRAIN,True,MIXED,ACTIVE,2025-11-19,2026-02-25
0.495,SUSPECTED,SUPPORTING,0.755,STALE_DEVICE,NONE,TRAIN,True,MIXED,ACTIVE,2026-02-11,2026-07-27
0.337,SUSPECTED,SUPPORTING,0.607,NORMAL,NONE,TRAIN,True,MIXED,ACTIVE,2026-04-19,2026-08-07
0.477,UNKNOWN,NEUTRAL,0.386,NORMAL,NONE,TEST,True,AMBIGUOUS,ACTIVE,2025-12-28,2026-02-17
0.478,CONFIRMED,SUPPORTING,0.958,NORMAL,NONE,TRAIN,True,MIXED,ACTIVE,2026-04-20,2026-10-09
0.596,SUSPECTED,SUPPORTING,0.607,SHARED_DEVICE,NONE,TRAIN,True,MIXED,ACTIVE,2026-01-13,2026-04-17
0.505,UNKNOWN,NEUTRAL,0.287,NORMAL,NONE,TRAIN,True,CRIMINAL,ACTIVE,2026-05-18,2026-07-29
0.311,SUSPECTED,SUPPORTING,0.848,NORMAL,NONE,TRAIN,True,CRIMINAL,ACTIVE,2026-04-03,2026-07-03
0.61,UNKNOWN,NEUTRAL,0.54,NORMAL,NONE,TRAIN,True,CRIMINAL,ACTIVE,2026-02-21,2026-07-06
0.203,SUSPECTED,SUPPORTING,0.678,NORMAL,NONE,TEST,True,AMBIGUOUS,ACTIVE,2025-12-25,2026-04-20
0.707,UNKNOWN,NEUTRAL,0.365,NORMAL,NONE,TRAIN,True,CRIMINAL,ACTIVE,2026-01-17,2026-06-17
0.592,FALSE,CONTRADICTING,0.15,NORMAL,NONE,TRAIN,True,MIXED,ACTIVE,2025-11-18,2026-05-02
0.083,SUSPECTED,SUPPORTING,0.653,NORMAL,NONE,TRAIN,True,CRIMINAL,ACTIVE,2026-04-01,2026-05-30
0.365,CONFIRMED,SUPPORTING,0.904,NORMAL,NONE,TEST,True,AMBIGUOUS,ACTIVE,2026-02-21,2026-06-09
0.449,UNKNOWN,NEUTRAL,0.366,NORMAL,COLLECTIVE_ANOMALY,TRAIN,True,LEGITIMATE,ACTIVE,2026-03-21,2026-08-26
0.101,SUSPECTED,SUPPORTING,0.708,STALE_DEVICE,NONE,TRAIN,True,MIXED,ACTIVE,2026-05-28,2026-10-02
0.548,FALSE,CONTRADICTING,0.416,NORMAL,NONE,VALIDATION,True,LEGITIMATE,ACTIVE,2025-10-06,2026-01-27
0.294,CONFIRMED,SUPPORTING,0.83,NORMAL,COLLECTIVE_ANOMALY,TRAIN,True,CRIMINAL,ACTIVE,2025-11-21,2026-03-08
0.509,SUSPECTED,SUPPORTING,0.825,NORMAL,NONE,VALIDATION,True,LEGITIMATE,ACTIVE,2026-02-19,2026-05-07
0.094,FALSE,CONTRADICTING,0.371,SHARED_DEVICE,NONE,TRAIN,True,MIXED,ACTIVE,2026-07-03,2026-09-20
0.508,SUSPECTED,SUPPORTING,0.639,NORMAL,NONE,TRAIN,True,CRIMINAL,ACTIVE,2026-04-24,2026-08-08
0.512,CONFIRMED,SUPPORTING,0.896,NORMAL,COLLECTIVE_ANOMALY,TRAIN,True,MIXED,ACTIVE,2025-12-15,2026-03-21
0.348,SUSPECTED,SUPPORTING,0.605,NORMAL,TEMPORAL_ANOMALY,TEST,True,AMBIGUOUS,ACTIVE,2025-12-03,2026-03-12
0.095,CONFIRMED,SUPPORTING,0.935,NORMAL,NONE,TRAIN,True,CRIMINAL,ACTIVE,2026-05-28,2026-08-25
0.448,SUSPECTED,SUPPORTING,0.851,NORMAL,COLLECTIVE_ANOMALY,TRAIN,True,MIXED,ACTIVE,2025-11-26,2026-04-13
0.524,UNKNOWN,NEUTRAL,0.429,NORMAL,NONE,TRAIN,True,CRIMINAL,ACTIVE,2026-04-15,2026-09-09
0.264,UNKNOWN,NEUTRAL,0.436,NORMAL,NONE,TRAIN,True,CRIMINAL,ACTIVE,2026-04-11,2026-08-13
0.5,UNKNOWN,NEUTRAL,0.535,NORMAL,NONE,TEST,True,AMBIGUOUS,ACTIVE,2026-03-03,2026-05-29
0.245,UNKNOWN,NEUTRAL,0.449,NORMAL,NONE,TEST,True,AMBIGUOUS,ACTIVE,2026-02-23,2026-05-27
0.491,CONFIRMED,SUPPORTING,0.963,NORMAL,NONE,TRAIN,True,CRIMINAL,ACTIVE,2026-03-23,2026-07-19
0.233,SUSPECTED,SUPPORTING,0.751,NORMAL,NONE,TRAIN,True,CRIMINAL,ACTIVE,2026-01-22,2026-04-13
0.368,CONFIRMED,SUPPORTING,0.838,NORMAL,NONE,TRAIN,True,CRIMINAL,ACTIVE,2026-01-13,2026-03-12
0.558,CONFIRMED,SUPPORTING,0.909,NORMAL,NONE,TRAIN,True,CRIMINAL,ACTIVE,2025-10-30,2026-04-18
0.222,SUSPECTED,SUPPORTING,0.852,NORMAL,NONE,TRAIN,True,CRIMINAL,ACTIVE,2026-05-10,2026-09-29
0.558,CONFIRMED,SUPPORTING,0.937,NORMAL,NONE,TRAIN,True,MIXED,ACTIVE,2026-03-06,2026-06-29
0.339,SUSPECTED,SUPPORTING,0.854,NORMAL,NONE,TRAIN,True,MIXED,ACTIVE,2026-03-24,2026-05-03
0.582,FALSE,CONTRADICTING,0.355,NORMAL,NONE,VALIDATION,True,LEGITIMATE,ACTIVE,2026-01-03,2026-06-25
0.74,SUSPECTED,SUPPORTING,0.633,NORMAL,NONE,TEST,True,AMBIGUOUS,ACTIVE,2026-02-20,2026-06-08
0.179,SUSPECTED,SUPPORTING,0.603,NORMAL,NONE,TRAIN,True,CRIMINAL,ACTIVE,2025-11-26,2026-05-07
0.544,CONFIRMED,SUPPORTING,0.894,NORMAL,NONE,TRAIN,True,MIXED,ACTIVE,2026-03-20,2026-09-13
0.719,FALSE,CONTRADICTING,0.363,NORMAL,NONE,TRAIN,True,MIXED,ACTIVE,2025-10-02,2026-03-17
0.447,CONFIRMED,SUPPORTING,0.837,NORMAL,NONE,TRAIN,True,CRIMINAL,ACTIVE,2026-04-13,2026-07-22
0.618,CONFIRMED,SUPPORTING,0.844,NORMAL,NONE,TRAIN,True,MIXED,ACTIVE,2026-05-26,2026-08-03
0.341,CONFIRMED,SUPPORTING,0.963,NORMAL,NONE,TRAIN,True,MIXED,ACTIVE,2026-04-22,2026-05-25
0.309,SUSPECTED,SUPPORTING,0.727,NORMAL,NONE,TRAIN,True,MIXED,ACTIVE,2026-02-17,2026-04-19
0.222,SUSPECTED,SUPPORTING,0.724,NORMAL,NONE,TRAIN,True,CRIMINAL,ACTIVE,2025-12-16,2026-04-29
0.193,SUSPECTED,SUPPORTING,0.648,NORMAL,CONTEXTUAL_ANOMALY,TRAIN,True,CRIMINAL,ACTIVE,2025-12-01,2026-03-23
0.697,UNKNOWN,NEUTRAL,0.304,RECYCLED_SIM,TEMPORAL_ANOMALY,VALIDATION,True,LEGITIMATE,ACTIVE,2026-02-16,2026-05-25
0.09,CONFIRMED,SUPPORTING,0.869,NORMAL,NONE,TRAIN,True,CRIMINAL,ACTIVE,2025-12-19,2026-06-16
0.633,FALSE,CONTRADICTING,0.355,SHARED_DEVICE,NONE,VALIDATION,True,LEGITIMATE,ACTIVE,2025-11-13,2026-03-14
0.13,CONFIRMED,SUPPORTING,0.956,NORMAL,RELATIONAL_ANOMALY,TRAIN,True,CRIMINAL,ACTIVE,2025-09-23,2026-03-26
0.562,SUSPECTED,SUPPORTING,0.722,NORMAL,NONE,TRAIN,True,MIXED,ACTIVE,2025-10-18,2026-03-24
0.162,SUSPECTED,SUPPORTING,0.616,NORMAL,CONTEXTUAL_ANOMALY,TRAIN,True,CRIMINAL,ACTIVE,2026-05-27,2026-09-02
0.665,FALSE,CONTRADICTING,0.206,STALE_DEVICE,NONE,TRAIN,True,CRIMINAL,ACTIVE,2025-12-18,2026-05-16
0.348,UNKNOWN,NEUTRAL,0.227,NORMAL,NONE,TRAIN,True,MIXED,ACTIVE,2026-04-25,2026-08-10
0.367,FALSE,CONTRADICTING,0.18,NORMAL,NONE,TEST,True,AMBIGUOUS,ACTIVE,2026-05-26,2026-10-24
0.717,FALSE,CONTRADICTING,0.382,NORMAL,POINT_ANOMALY,TRAIN,True,CRIMINAL,ACTIVE,2026-02-26,2026-04-14
0.28,SUSPECTED,SUPPORTING,0.801,NORMAL,NONE,TRAIN,True,MIXED,ACTIVE,2026-04-27,2026-07-21
0.313,SUSPECTED,SUPPORTING,0.739,NORMAL,NONE,TRAIN,True,MIXED,ACTIVE,2025-11-25,2026-04-26
0.487,SUSPECTED,SUPPORTING,0.599,NORMAL,NONE,VALIDATION,True,LEGITIMATE,ACTIVE,2025-12-18,2026-03-25
0.766,CONFIRMED,SUPPORTING,0.948,NORMAL,NONE,TRAIN,True,CRIMINAL,ACTIVE,2025-12-24,2026-02-07
0.593,CONFIRMED,SUPPORTING,0.972,NORMAL,NONE,TRAIN,True,CRIMINAL,ACTIVE,2026-05-24,2026-09-26
0.334,UNKNOWN,NEUTRAL,0.354,NORMAL,NONE,TEST,True,AMBIGUOUS,ACTIVE,2026-03-10,2026-07-14
0.666,CONFIRMED,SUPPORTING,0.884,NORMAL,NONE,TEST,True,AMBIGUOUS,ACTIVE,2026-05-28,2026-08-23
0.72,UNKNOWN,NEUTRAL,0.3,NORMAL,NONE,TRAIN,True,CRIMINAL,ACTIVE,2026-02-16,2026-03-21
0.209,UNKNOWN,NEUTRAL,0.289,NORMAL,NONE,TRAIN,True,MIXED,ACTIVE,2025-12-08,2026-04-15
0.558,UNKNOWN,NEUTRAL,0.387,NORMAL,NONE,TRAIN,True,CRIMINAL,ACTIVE,2026-06-27,2026-09-29
0.287,FALSE,CONTRADICTING,0.255,NORMAL,NONE,TRAIN,True,MIXED,ACTIVE,2026-02-17,2026-05-17
0.117,FALSE,CONTRADICTING,0.198,NORMAL,NONE,TRAIN,True,CRIMINAL,ACTIVE,2026-06-04,2026-09-07
0.445,UNKNOWN,NEUTRAL,0.243,NORMAL,NONE,VALIDATION,True,LEGITIMATE,ACTIVE,2026-02-21,2026-06-30
0.259,CONFIRMED,SUPPORTING,0.987,NORMAL,NONE,TRAIN,True,MIXED,ACTIVE,2026-01-30,2026-06-19
0.292,SUSPECTED,SUPPORTING,0.661,NORMAL,NONE,TRAIN,True,MIXED,ACTIVE,2025-11-05,2026-02-07
0.554,FALSE,CONTRADICTING,0.329,NORMAL,NONE,TRAIN,True,CRIMINAL,ACTIVE,2026-05-05,2026-10-08
0.311,UNKNOWN,NEUTRAL,0.353,NORMAL,NONE,VALIDATION,True,LEGITIMATE,ACTIVE,2025-10-24,2026-02-06
0.112,FALSE,CONTRADICTING,0.3,NORMAL,NONE,VALIDATION,True,LEGITIMATE,ACTIVE,2025-12-08,2026-03-06
0.55,SUSPECTED,SUPPORTING,0.856,NORMAL,NONE,TRAIN,True,CRIMINAL,ACTIVE,2026-01-18,2026-04-27
0.663,UNKNOWN,NEUTRAL,0.372,NORMAL,NONE,TRAIN,True,MIXED,ACTIVE,2026-04-16,2026-06-10
0.212,SUSPECTED,SUPPORTING,0.792,NORMAL,CONTEXTUAL_ANOMALY,TRAIN,True,MIXED,ACTIVE,2026-06-07,2026-10-19
0.105,SUSPECTED,SUPPORTING,0.753,NORMAL,NONE,TEST,True,AMBIGUOUS,ACTIVE,2026-01-29,2026-07-07
0.388,CONFIRMED,SUPPORTING,0.965,NORMAL,NONE,TRAIN,True,MIXED,ACTIVE,2026-01-17,2026-05-10
0.805,UNKNOWN,NEUTRAL,0.305,NORMAL,NONE,TRAIN,True,CRIMINAL,ACTIVE,2025-12-14,2026-03-07
0.853,CONFIRMED,SUPPORTING,0.969,NORMAL,NONE,TRAIN,True,CRIMINAL,ACTIVE,2025-11-14,2026-03-07
0.316,UNKNOWN,NEUTRAL,0.434,NORMAL,NONE,TRAIN,True,CRIMINAL,ACTIVE,2026-04-26,2026-08-07
0.223,UNKNOWN,NEUTRAL,0.446,NORMAL,NONE,TEST,True,AMBIGUOUS,ACTIVE,2026-06-08,2026-09-11
0.376,SUSPECTED,SUPPORTING,0.73,NORMAL,NONE,TRAIN,True,CRIMINAL,ACTIVE,2026-05-05,2026-06-30
0.55,FALSE,CONTRADICTING,0.348,NORMAL,NONE,VALIDATION,True,LEGITIMATE,ACTIVE,2026-07-04,2026-09-06
0.778,CONFIRMED,SUPPORTING,0.903,NORMAL,NONE,TEST,True,AMBIGUOUS,ACTIVE,2026-07-17,2026-09-23
0.342,SUSPECTED,SUPPORTING,0.681,NORMAL,TEMPORAL_ANOMALY,TRAIN,True,MIXED,ACTIVE,2025-11-06,2026-02-11
0.757,UNKNOWN,NEUTRAL,0.324,NORMAL,CONTEXTUAL_ANOMALY,TRAIN,True,MIXED,ACTIVE,2025-09-21,2026-03-23
0.626,CONFIRMED,SUPPORTING,0.854,NORMAL,NONE,TRAIN,True,CRIMINAL,ACTIVE,2026-03-24,2026-08-23
0.143,SUSPECTED,SUPPORTING,0.595,NORMAL,NONE,TRAIN,True,CRIMINAL,ACTIVE,2026-04-22,2026-07-29
0.616,SUSPECTED,SUPPORTING,0.798,NORMAL,NONE,TRAIN,True,MIXED,ACTIVE,2026-01-07,2026-06-06
0.314,SUSPECTED,SUPPORTING,0.71,NORMAL,NONE,TEST,True,AMBIGUOUS,ACTIVE,2025-11-10,2026-04-19
0.411,SUSPECTED,SUPPORTING,0.65,NORMAL,NONE,TRAIN,True,MIXED,ACTIVE,2026-01-21,2026-05-14
0.61,UNKNOWN,NEUTRAL,0.258,NORMAL,NONE,TEST,True,AMBIGUOUS,ACTIVE,2025-12-08,2026-04-20
0.67,UNKNOWN,NEUTRAL,0.461,NORMAL,NONE,TEST,True,AMBIGUOUS,ACTIVE,2026-01-18,2026-03-30
0.471,CONFIRMED,SUPPORTING,0.841,NORMAL,NONE,TRAIN,True,MIXED,ACTIVE,2026-02-27,2026-09-02
0.356,CONFIRMED,SUPPORTING,0.961,NORMAL,NONE,TRAIN,True,CRIMINAL,ACTIVE,2026-05-24,2026-10-29
0.113,CONFIRMED,SUPPORTING,0.843,NORMAL,NONE,TRAIN,True,MIXED,ACTIVE,2026-02-23,2026-07-29
0.506,FALSE,CONTRADICTING,0.399,NORMAL,NONE,TRAIN,True,LEGITIMATE,ACTIVE,2026-01-31,2026-03-22
0.472,UNKNOWN,NEUTRAL,0.206,NORMAL,NONE,VALIDATION,True,LEGITIMATE,ACTIVE,2025-12-09,2026-05-17
0.53,SUSPECTED,SUPPORTING,0.824,NORMAL,NONE,TRAIN,True,MIXED,ACTIVE,2026-06-04,2026-09-29
0.237,CONFIRMED,SUPPORTING,0.871,NORMAL,NONE,TRAIN,True,LEGITIMATE,ACTIVE,2026-04-18,2026-09-23
0.157,FALSE,CONTRADICTING,0.361,NORMAL,NONE,TRAIN,True,CRIMINAL,ACTIVE,2026-02-10,2026-07-03
0.213,SUSPECTED,SUPPORTING,0.682,NORMAL,CONTEXTUAL_ANOMALY,TRAIN,True,CRIMINAL,ACTIVE,2026-01-07,2026-07-25
0.394,UNKNOWN,NEUTRAL,0.228,NORMAL,NONE,TEST,True,AMBIGUOUS,ACTIVE,2026-04-14,2026-10-16
0.43,FALSE,CONTRADICTING,0.264,NORMAL,CONTEXTUAL_ANOMALY,TRAIN,True,LEGITIMATE,ACTIVE,2026-04-06,2026-08-20
0.254,FALSE,CONTRADICTING,0.123,NORMAL,NONE,TRAIN,True,MIXED,ACTIVE,2026-05-22,2026-07-14
0.272,CONFIRMED,SUPPORTING,0.864,NORMAL,NONE,VALIDATION,True,LEGITIMATE,ACTIVE,2026-05-31,2026-08-26
0.365,SUSPECTED,SUPPORTING,0.846,NORMAL,CONTEXTUAL_ANOMALY,TRAIN,True,MIXED,ACTIVE,2026-01-21,2026-07-27
0.238,UNKNOWN,NEUTRAL,0.449,NORMAL,COLLECTIVE_ANOMALY,VALIDATION,True,LEGITIMATE,ACTIVE,2026-02-18,2026-09-05
0.433,FALSE,CONTRADICTING,0.131,NORMAL,RELATIONAL_ANOMALY,TRAIN,True,MIXED,ACTIVE,2026-04-19,2026-06-21
0.285,UNKNOWN,NEUTRAL,0.304,NORMAL,NONE,TEST,True,AMBIGUOUS,ACTIVE,2026-04-04,2026-07-14
0.348,SUSPECTED,SUPPORTING,0.627,NORMAL,NONE,TRAIN,True,CRIMINAL,ACTIVE,2025-12-15,2026-02-08
0.409,CONFIRMED,SUPPORTING,0.95,NORMAL,COLLECTIVE_ANOMALY,TEST,True,AMBIGUOUS,ACTIVE,2026-01-21,2026-06-30
0.188,FALSE,CONTRADICTING,0.222,NORMAL,TEMPORAL_ANOMALY,TRAIN,True,CRIMINAL,ACTIVE,2026-01-31,2026-06-26
0.892,SUSPECTED,SUPPORTING,0.772,NORMAL,NONE,TRAIN,True,CRIMINAL,ACTIVE,2025-10-21,2026-04-13
0.697,CONFIRMED,SUPPORTING,0.969,NORMAL,NONE,TRAIN,True,CRIMINAL,ACTIVE,2025-11-01,2026-04-26
0.235,FALSE,CONTRADICTING,0.38,NORMAL,NONE,TRAIN,True,CRIMINAL,ACTIVE,2026-03-23,2026-06-02
0.325,SUSPECTED,SUPPORTING,0.634,NORMAL,POINT_ANOMALY,TRAIN,True,CRIMINAL,ACTIVE,2025-11-27,2026-05-01
0.102,CONFIRMED,SUPPORTING,0.873,NORMAL,NONE,TEST,True,AMBIGUOUS,ACTIVE,2026-03-30,2026-06-30
0.347,CONFIRMED,SUPPORTING,0.984,NORMAL,NONE,TRAIN,True,MIXED,ACTIVE,2026-06-13,2026-08-19
0.45,SUSPECTED,SUPPORTING,0.738,NORMAL,NONE,TRAIN,True,CRIMINAL,ACTIVE,2025-11-27,2026-03-01
0.344,FALSE,CONTRADICTING,0.379,NORMAL,NONE,TRAIN,True,MIXED,ACTIVE,2026-05-20,2026-10-06
0.101,SUSPECTED,SUPPORTING,0.642,NORMAL,NONE,VALIDATION,True,LEGITIMATE,ACTIVE,2026-05-24,2026-08-26
0.645,CONFIRMED,SUPPORTING,0.969,NORMAL,NONE,TRAIN,True,CRIMINAL,ACTIVE,2026-02-10,2026-05-06
0.6,CONFIRMED,SUPPORTING,0.98,STALE_DEVICE,NONE,TRAIN,True,CRIMINAL,ACTIVE,2026-02-07,2026-07-02
0.681,FALSE,CONTRADICTING,0.336,NORMAL,NONE,TRAIN,True,CRIMINAL,ACTIVE,2026-06-17,2026-09-09
0.267,SUSPECTED,SUPPORTING,0.854,SHARED_DEVICE,NONE,TRAIN,True,CRIMINAL,ACTIVE,2025-10-10,2026-04-17
0.078,FALSE,CONTRADICTING,0.167,NORMAL,NONE,TEST,True,AMBIGUOUS,ACTIVE,2025-12-30,2026-05-07
0.283,CONFIRMED,SUPPORTING,0.884,NORMAL,NONE,TRAIN,True,MIXED,ACTIVE,2026-03-22,2026-06-13
0.647,SUSPECTED,SUPPORTING,0.61,STALE_DEVICE,NONE,TRAIN,True,CRIMINAL,ACTIVE,2026-05-26,2026-07-28
0.391,SUSPECTED,SUPPORTING,0.645,SHARED_DEVICE,NONE,TRAIN,True,CRIMINAL,ACTIVE,2026-05-06,2026-07-16
0.318,FALSE,CONTRADICTING,0.407,NORMAL,NONE,TRAIN,True,LEGITIMATE,ACTIVE,2025-11-14,2026-02-15
0.436,CONFIRMED,SUPPORTING,0.838,NORMAL,NONE,TRAIN,True,CRIMINAL,ACTIVE,2025-12-16,2026-05-09
0.356,FALSE,CONTRADICTING,0.278,NORMAL,NONE,VALIDATION,True,LEGITIMATE,ACTIVE,2026-01-15,2026-02-19
0.243,SUSPECTED,SUPPORTING,0.849,NORMAL,NONE,TRAIN,True,MIXED,ACTIVE,2026-02-22,2026-06-29
0.123,SUSPECTED,SUPPORTING,0.625,NORMAL,NONE,TRAIN,True,CRIMINAL,ACTIVE,2026-02-27,2026-04-10
0.49,UNKNOWN,NEUTRAL,0.305,NORMAL,NONE,TRAIN,True,MIXED,ACTIVE,2026-03-15,2026-06-05
0.23,CONFIRMED,SUPPORTING,0.824,NORMAL,NONE,TRAIN,True,CRIMINAL,ACTIVE,2026-02-16,2026-05-23
0.731,CONFIRMED,SUPPORTING,0.908,NORMAL,NONE,TRAIN,True,LEGITIMATE,ACTIVE,2026-05-16,2026-08-20
0.571,FALSE,CONTRADICTING,0.225,NORMAL,NONE,TRAIN,True,CRIMINAL,ACTIVE,2026-03-06,2026-07-21
0.241,SUSPECTED,SUPPORTING,0.853,NORMAL,NONE,TEST,True,AMBIGUOUS,ACTIVE,2026-02-04,2026-07-01
0.573,CONFIRMED,SUPPORTING,0.922,NORMAL,NONE,TRAIN,True,CRIMINAL,ACTIVE,2026-03-11,2026-05-21
0.272,CONFIRMED,SUPPORTING,0.896,NORMAL,NONE,TRAIN,True,CRIMINAL,ACTIVE,2026-06-10,2026-08-01
0.553,FALSE,CONTRADICTING,0.267,NORMAL,CONTEXTUAL_ANOMALY,TRAIN,True,MIXED,ACTIVE,2026-01-30,2026-05-13
0.522,CONFIRMED,SUPPORTING,0.898,NORMAL,NONE,TEST,True,AMBIGUOUS,ACTIVE,2026-03-15,2026-09-25
0.289,FALSE,CONTRADICTING,0.252,NORMAL,NONE,TRAIN,True,CRIMINAL,ACTIVE,2026-03-10,2026-06-19
0.476,CONFIRMED,SUPPORTING,0.972,NORMAL,NONE,TEST,True,AMBIGUOUS,ACTIVE,2026-05-29,2026-10-12
0.243,UNKNOWN,NEUTRAL,0.25,NORMAL,NONE,TRAIN,True,CRIMINAL,ACTIVE,2026-06-20,2026-11-04
0.223,SUSPECTED,SUPPORTING,0.657,NORMAL,NONE,TEST,True,AMBIGUOUS,ACTIVE,2025-12-05,2026-04-29
0.458,SUSPECTED,SUPPORTING,0.729,NORMAL,NONE,TRAIN,True,LEGITIMATE,ACTIVE,2026-02-19,2026-04-24
0.531,CONFIRMED,SUPPORTING,0.833,NORMAL,NONE,TRAIN,True,CRIMINAL,ACTIVE,2025-12-15,2026-04-25
0.324,SUSPECTED,SUPPORTING,0.764,NORMAL,NONE,TRAIN,True,MIXED,ACTIVE,2025-12-31,2026-04-07
0.878,UNKNOWN,NEUTRAL,0.298,NORMAL,NONE,TRAIN,True,CRIMINAL,ACTIVE,2026-01-29,2026-06-10
0.142,UNKNOWN,NEUTRAL,0.364,NORMAL,NONE,TRAIN,True,MIXED,ACTIVE,2026-06-24,2026-10-15
0.152,CONFIRMED,SUPPORTING,0.935,NORMAL,CONTEXTUAL_ANOMALY,TRAIN,True,CRIMINAL,ACTIVE,2026-04-18,2026-09-24
0.633,SUSPECTED,SUPPORTING,0.66,NORMAL,NONE,TRAIN,True,MIXED,ACTIVE,2026-05-23,2026-07-08
0.478,UNKNOWN,NEUTRAL,0.301,NORMAL,NONE,TRAIN,True,MIXED,ACTIVE,2025-12-24,2026-02-14
0.536,UNKNOWN,NEUTRAL,0.225,NORMAL,NONE,TRAIN,True,CRIMINAL,ACTIVE,2026-05-06,2026-09-12
0.446,CONFIRMED,SUPPORTING,0.903,NORMAL,RELATIONAL_ANOMALY,TRAIN,True,LEGITIMATE,ACTIVE,2026-04-15,2026-07-22
0.512,SUSPECTED,SUPPORTING,0.741,DUPLICATE,NONE,TRAIN,True,CRIMINAL,ACTIVE,2026-04-15,2026-08-26
0.327,UNKNOWN,NEUTRAL,0.218,NORMAL,NONE,TEST,True,AMBIGUOUS,ACTIVE,2026-01-04,2026-02-15
0.694,SUSPECTED,SUPPORTING,0.619,NORMAL,NONE,TRAIN,True,MIXED,ACTIVE,2026-03-07,2026-05-01
0.343,UNKNOWN,NEUTRAL,0.475,NORMAL,RELATIONAL_ANOMALY,TRAIN,True,MIXED,ACTIVE,2026-04-09,2026-09-05
0.245,CONFIRMED,SUPPORTING,0.948,NORMAL,NONE,TRAIN,True,CRIMINAL,ACTIVE,2026-06-26,2026-08-19
0.316,CONFIRMED,SUPPORTING,0.906,NORMAL,NONE,TRAIN,True,CRIMINAL,ACTIVE,2026-04-14,2026-10-13
0.072,UNKNOWN,NEUTRAL,0.485,NORMAL,NONE,TEST,True,AMBIGUOUS,ACTIVE,2025-12-17,2026-07-08
0.158,CONFIRMED,SUPPORTING,0.966,NORMAL,NONE,TRAIN,True,CRIMINAL,ACTIVE,2026-04-11,2026-08-01
0.332,CONFIRMED,SUPPORTING,0.971,NORMAL,NONE,TRAIN,True,CRIMINAL,ACTIVE,2026-06-08,2026-09-08
0.264,SUSPECTED,SUPPORTING,0.761,NORMAL,NONE,TRAIN,True,MIXED,ACTIVE,2025-12-12,2026-06-11
0.316,UNKNOWN,NEUTRAL,0.492,NORMAL,NONE,TRAIN,True,MIXED,ACTIVE,2025-12-26,2026-04-18
0.653,CONFIRMED,SUPPORTING,0.889,NORMAL,NONE,TRAIN,True,CRIMINAL,ACTIVE,2025-10-06,2026-04-02
0.334,FALSE,CONTRADICTING,0.137,NORMAL,NONE,VALIDATION,True,LEGITIMATE,ACTIVE,2026-04-10,2026-07-31
0.307,SUSPECTED,SUPPORTING,0.83,NORMAL,NONE,TEST,True,AMBIGUOUS,ACTIVE,2026-03-29,2026-06-18
0.175,CONFIRMED,SUPPORTING,0.893,NORMAL,CONTEXTUAL_ANOMALY,TRAIN,True,MIXED,ACTIVE,2025-11-03,2026-03-21
0.568,SUSPECTED,SUPPORTING,0.6,NORMAL,NONE,TRAIN,True,CRIMINAL,ACTIVE,2025-10-04,2026-03-17
0.433,CONFIRMED,SUPPORTING,0.883,NORMAL,NONE,TRAIN,True,CRIMINAL,ACTIVE,2026-05-05,2026-11-04
0.421,FALSE,CONTRADICTING,0.415,NORMAL,TEMPORAL_ANOMALY,VALIDATION,True,LEGITIMATE,ACTIVE,2026-02-26,2026-06-06
0.187,CONFIRMED,SUPPORTING,0.824,NORMAL,NONE,TRAIN,True,CRIMINAL,ACTIVE,2026-02-17,2026-07-31
0.185,CONFIRMED,SUPPORTING,0.897,NORMAL,NONE,TRAIN,True,MIXED,ACTIVE,2025-10-28,2026-04-07
0.182,UNKNOWN,NEUTRAL,0.222,NORMAL,NONE,TRAIN,True,MIXED,ACTIVE,2026-02-12,2026-06-14
0.1,UNKNOWN,NEUTRAL,0.506,NORMAL,POINT_ANOMALY,TRAIN,True,CRIMINAL,ACTIVE,2026-06-16,2026-08-29
0.247,FALSE,CONTRADICTING,0.127,NORMAL,NONE,VALIDATION,True,LEGITIMATE,ACTIVE,2026-05-21,2026-09-09
0.548,UNKNOWN,NEUTRAL,0.402,NORMAL,NONE,TRAIN,True,CRIMINAL,ACTIVE,2026-02-04,2026-05-10
0.565,UNKNOWN,NEUTRAL,0.343,NORMAL,NONE,VALIDATION,True,LEGITIMATE,ACTIVE,2026-03-11,2026-06-27
0.467,SUSPECTED,SUPPORTING,0.699,NORMAL,NONE,TRAIN,True,MIXED,ACTIVE,2026-02-21,2026-08-28
0.13,FALSE,CONTRADICTING,0.281,NORMAL,POINT_ANOMALY,TRAIN,True,CRIMINAL,ACTIVE,2026-01-27,2026-05-12
0.526,SUSPECTED,SUPPORTING,0.787,NORMAL,COLLECTIVE_ANOMALY,TEST,True,AMBIGUOUS,ACTIVE,2026-01-25,2026-03-14
0.603,CONFIRMED,SUPPORTING,0.983,NORMAL,NONE,TRAIN,True,CRIMINAL,ACTIVE,2025-10-19,2026-03-10
0.671,SUSPECTED,SUPPORTING,0.659,NORMAL,NONE,TRAIN,True,CRIMINAL,ACTIVE,2025-10-27,2026-04-20
0.617,UNKNOWN,NEUTRAL,0.259,NORMAL,NONE,TRAIN,True,CRIMINAL,ACTIVE,2026-01-03,2026-04-29
0.417,UNKNOWN,NEUTRAL,0.529,NORMAL,NONE,VALIDATION,True,LEGITIMATE,ACTIVE,2026-07-02,2026-08-30
0.579,FALSE,CONTRADICTING,0.408,NORMAL,TEMPORAL_ANOMALY,VALIDATION,True,LEGITIMATE,ACTIVE,2025-12-28,2026-05-17
0.128,CONFIRMED,SUPPORTING,0.868,NORMAL,NONE,TEST,True,AMBIGUOUS,ACTIVE,2026-01-31,2026-06-30
0.362,UNKNOWN,NEUTRAL,0.467,NORMAL,NONE,TEST,True,AMBIGUOUS,ACTIVE,2026-04-27,2026-08-03
0.238,FALSE,CONTRADICTING,0.286,NORMAL,NONE,TRAIN,True,MIXED,ACTIVE,2026-01-13,2026-05-18
0.571,FALSE,CONTRADICTING,0.346,NORMAL,NONE,TRAIN,True,LEGITIMATE,ACTIVE,2025-12-08,2026-04-24
0.369,SUSPECTED,SUPPORTING,0.631,NORMAL,NONE,TRAIN,True,LEGITIMATE,ACTIVE,2026-07-01,2026-08-20
0.157,UNKNOWN,NEUTRAL,0.501,RECYCLED_SIM,NONE,TRAIN,True,MIXED,ACTIVE,2025-12-15,2026-04-30
0.498,CONFIRMED,SUPPORTING,0.849,NORMAL,NONE,VALIDATION,True,LEGITIMATE,ACTIVE,2026-01-04,2026-05-18
0.223,UNKNOWN,NEUTRAL,0.256,NORMAL,POINT_ANOMALY,VALIDATION,True,LEGITIMATE,ACTIVE,2026-01-12,2026-04-19
0.542,FALSE,CONTRADICTING,0.413,NORMAL,NONE,TEST,True,AMBIGUOUS,ACTIVE,2026-02-23,2026-05-22
0.375,UNKNOWN,NEUTRAL,0.298,NORMAL,NONE,TRAIN,True,MIXED,ACTIVE,2026-01-21,2026-04-10
0.609,CONFIRMED,SUPPORTING,0.874,NORMAL,NONE,TEST,True,AMBIGUOUS,ACTIVE,2025-12-04,2026-04-12
0.332,SUSPECTED,SUPPORTING,0.718,NORMAL,NONE,TRAIN,True,CRIMINAL,ACTIVE,2025-12-26,2026-03-26
0.388,UNKNOWN,NEUTRAL,0.457,NORMAL,NONE,TRAIN,True,MIXED,ACTIVE,2025-10-26,2026-03-01
0.192,CONFIRMED,SUPPORTING,0.849,NORMAL,NONE,TRAIN,True,MIXED,ACTIVE,2026-04-28,2026-09-12
0.165,UNKNOWN,NEUTRAL,0.314,NORMAL,NONE,TRAIN,True,MIXED,ACTIVE,2026-07-02,2026-10-19
0.131,CONFIRMED,SUPPORTING,0.854,NORMAL,NONE,TRAIN,True,CRIMINAL,ACTIVE,2025-11-02,2026-03-30
0.332,CONFIRMED,SUPPORTING,0.899,SHARED_DEVICE,NONE,TRAIN,True,CRIMINAL,ACTIVE,2025-11-06,2026-03-24
0.295,SUSPECTED,SUPPORTING,0.814,NORMAL,NONE,VALIDATION,True,LEGITIMATE,ACTIVE,2026-05-02,2026-08-02
0.316,FALSE,CONTRADICTING,0.192,NORMAL,NONE,VALIDATION,True,LEGITIMATE,ACTIVE,2026-05-25,2026-09-10
0.553,FALSE,CONTRADICTING,0.263,NORMAL,NONE,TRAIN,True,LEGITIMATE,ACTIVE,2025-11-07,2026-02-25
0.278,UNKNOWN,NEUTRAL,0.447,RECYCLED_SIM,TEMPORAL_ANOMALY,VALIDATION,True,LEGITIMATE,ACTIVE,2026-05-01,2026-07-14
0.436,UNKNOWN,NEUTRAL,0.377,NORMAL,NONE,TRAIN,True,CRIMINAL,ACTIVE,2026-03-03,2026-05-23
0.511,CONFIRMED,SUPPORTING,0.895,NORMAL,NONE,TRAIN,True,CRIMINAL,ACTIVE,2025-12-05,2026-04-15
0.497,SUSPECTED,SUPPORTING,0.731,NORMAL,NONE,TRAIN,True,CRIMINAL,ACTIVE,2026-04-04,2026-09-08
0.497,SUSPECTED,SUPPORTING,0.797,NORMAL,NONE,TRAIN,True,CRIMINAL,ACTIVE,2026-05-08,2026-10-07
0.163,SUSPECTED,SUPPORTING,0.832,NORMAL,NONE,TRAIN,True,MIXED,ACTIVE,2025-11-19,2026-04-03
0.261,UNKNOWN,NEUTRAL,0.386,NORMAL,NONE,TRAIN,True,MIXED,ACTIVE,2026-04-10,2026-07-27
0.556,UNKNOWN,NEUTRAL,0.358,NORMAL,TEMPORAL_ANOMALY,TRAIN,True,CRIMINAL,ACTIVE,2025-12-10,2026-06-10
0.218,SUSPECTED,SUPPORTING,0.668,NORMAL,NONE,TRAIN,True,LEGITIMATE,ACTIVE,2026-02-03,2026-05-16
0.429,FALSE,CONTRADICTING,0.123,NORMAL,NONE,VALIDATION,True,LEGITIMATE,ACTIVE,2026-03-21,2026-08-06
0.598,CONFIRMED,SUPPORTING,0.923,NORMAL,NONE,TRAIN,True,CRIMINAL,ACTIVE,2026-03-24,2026-08-22
0.136,UNKNOWN,NEUTRAL,0.513,NORMAL,NONE,TRAIN,True,CRIMINAL,ACTIVE,2025-12-20,2026-03-13
0.385,SUSPECTED,SUPPORTING,0.6,NORMAL,NONE,TRAIN,True,CRIMINAL,ACTIVE,2026-07-20,2026-11-02
0.214,SUSPECTED,SUPPORTING,0.68,NORMAL,NONE,TRAIN,True,CRIMINAL,ACTIVE,2026-01-05,2026-03-08
0.213,UNKNOWN,NEUTRAL,0.442,NORMAL,NONE,VALIDATION,True,LEGITIMATE,ACTIVE,2026-03-23,2026-09-22
0.661,SUSPECTED,SUPPORTING,0.712,NORMAL,NONE,TRAIN,True,CRIMINAL,ACTIVE,2026-02-07,2026-04-16
0.622,UNKNOWN,NEUTRAL,0.498,NORMAL,NONE,TEST,True,AMBIGUOUS,ACTIVE,2026-06-03,2026-08-11
0.638,CONFIRMED,SUPPORTING,0.89,NORMAL,NONE,TRAIN,True,CRIMINAL,ACTIVE,2025-12-19,2026-05-29
0.652,SUSPECTED,SUPPORTING,0.797,RECYCLED_SIM,TEMPORAL_ANOMALY,TRAIN,True,CRIMINAL,ACTIVE,2025-12-05,2026-02-26
0.349,SUSPECTED,SUPPORTING,0.741,NORMAL,NONE,VALIDATION,True,LEGITIMATE,ACTIVE,2026-01-11,2026-07-11
0.285,SUSPECTED,SUPPORTING,0.668,STALE_DEVICE,NONE,TRAIN,True,CRIMINAL,ACTIVE,2026-03-01,2026-06-07
0.179,UNKNOWN,NEUTRAL,0.438,NORMAL,CONTEXTUAL_ANOMALY,VALIDATION,True,LEGITIMATE,ACTIVE,2025-11-23,2026-02-10
0.426,FALSE,CONTRADICTING,0.185,NORMAL,NONE,TRAIN,True,CRIMINAL,ACTIVE,2026-06-09,2026-09-03
0.478,UNKNOWN,NEUTRAL,0.336,NORMAL,NONE,TRAIN,True,MIXED,ACTIVE,2025-12-15,2026-03-02
0.338,UNKNOWN,NEUTRAL,0.47,NORMAL,NONE,TRAIN,True,MIXED,ACTIVE,2026-03-14,2026-05-23
0.544,FALSE,CONTRADICTING,0.261,NORMAL,NONE,TRAIN,True,CRIMINAL,ACTIVE,2026-02-01,2026-06-27
0.679,SUSPECTED,SUPPORTING,0.642,NORMAL,NONE,TRAIN,True,CRIMINAL,ACTIVE,2026-05-23,2026-09-13
0.684,FALSE,CONTRADICTING,0.164,NORMAL,NONE,TEST,True,AMBIGUOUS,ACTIVE,2026-05-25,2026-08-03
0.021,SUSPECTED,SUPPORTING,0.785,NORMAL,NONE,TRAIN,True,CRIMINAL,ACTIVE,2026-07-10,2026-09-06
0.43,CONFIRMED,SUPPORTING,0.897,NORMAL,NONE,TRAIN,True,MIXED,ACTIVE,2026-01-05,2026-07-29
0.729,FALSE,CONTRADICTING,0.186,NORMAL,NONE,TEST,True,AMBIGUOUS,ACTIVE,2026-05-27,2026-07-20
0.84,SUSPECTED,SUPPORTING,0.677,NORMAL,NONE,TRAIN,True,MIXED,ACTIVE,2026-03-12,2026-09-07
0.163,UNKNOWN,NEUTRAL,0.264,NORMAL,POINT_ANOMALY,TRAIN,True,MIXED,ACTIVE,2026-06-19,2026-08-31
0.112,SUSPECTED,SUPPORTING,0.766,NORMAL,NONE,TRAIN,True,CRIMINAL,ACTIVE,2026-05-31,2026-08-16
0.147,UNKNOWN,NEUTRAL,0.285,NORMAL,TEMPORAL_ANOMALY,TRAIN,True,MIXED,ACTIVE,2025-11-30,2026-05-21
0.795,CONFIRMED,SUPPORTING,0.945,NORMAL,NONE,TRAIN,True,CRIMINAL,ACTIVE,2025-11-20,2026-04-04
0.512,CONFIRMED,SUPPORTING,0.973,NORMAL,COLLECTIVE_ANOMALY,TRAIN,True,MIXED,ACTIVE,2026-02-26,2026-05-29
0.338,UNKNOWN,NEUTRAL,0.326,NORMAL,NONE,TRAIN,True,CRIMINAL,ACTIVE,2026-03-30,2026-06-01
0.524,CONFIRMED,SUPPORTING,0.829,NORMAL,NONE,TRAIN,True,MIXED,ACTIVE,2026-03-27,2026-07-04
0.264,FALSE,CONTRADICTING,0.135,NORMAL,TEMPORAL_ANOMALY,VALIDATION,True,LEGITIMATE,ACTIVE,2026-05-21,2026-10-25
0.512,SUSPECTED,SUPPORTING,0.633,NORMAL,NONE,TEST,True,AMBIGUOUS,ACTIVE,2026-02-26,2026-06-29
0.132,UNKNOWN,NEUTRAL,0.39,NORMAL,NONE,TEST,True,AMBIGUOUS,ACTIVE,2025-11-28,2026-04-07
0.485,FALSE,CONTRADICTING,0.237,NORMAL,NONE,TRAIN,True,LEGITIMATE,ACTIVE,2026-01-22,2026-05-04
0.675,UNKNOWN,NEUTRAL,0.227,NORMAL,NONE,TRAIN,True,CRIMINAL,ACTIVE,2026-04-17,2026-07-26
0.536,FALSE,CONTRADICTING,0.131,NORMAL,COLLECTIVE_ANOMALY,VALIDATION,True,LEGITIMATE,ACTIVE,2025-11-07,2026-01-27
0.351,SUSPECTED,SUPPORTING,0.72,NORMAL,NONE,TRAIN,True,CRIMINAL,ACTIVE,2026-03-21,2026-08-12
0.103,FALSE,CONTRADICTING,0.195,NORMAL,NONE,VALIDATION,True,LEGITIMATE,ACTIVE,2026-05-02,2026-09-13
0.342,FALSE,CONTRADICTING,0.123,NORMAL,NONE,VALIDATION,True,LEGITIMATE,ACTIVE,2026-02-19,2026-05-09
0.257,SUSPECTED,SUPPORTING,0.787,NORMAL,CONTEXTUAL_ANOMALY,VALIDATION,True,LEGITIMATE,ACTIVE,2026-05-17,2026-10-03
0.336,UNKNOWN,NEUTRAL,0.275,NORMAL,NONE,TEST,True,AMBIGUOUS,ACTIVE,2026-01-19,2026-05-06
0.203,CONFIRMED,SUPPORTING,0.914,NORMAL,NONE,TEST,True,AMBIGUOUS,ACTIVE,2026-04-23,2026-10-14
0.47,CONFIRMED,SUPPORTING,0.977,NORMAL,CONTEXTUAL_ANOMALY,TRAIN,True,CRIMINAL,ACTIVE,2026-05-05,2026-08-17
0.466,FALSE,CONTRADICTING,0.297,NORMAL,POINT_ANOMALY,TRAIN,True,CRIMINAL,ACTIVE,2026-07-05,2026-09-07
0.453,FALSE,CONTRADICTING,0.244,NORMAL,NONE,TRAIN,True,MIXED,ACTIVE,2026-03-21,2026-07-22
0.418,UNKNOWN,NEUTRAL,0.401,NORMAL,NONE,VALIDATION,True,LEGITIMATE,ACTIVE,2026-01-15,2026-05-29
0.266,UNKNOWN,NEUTRAL,0.444,NORMAL,NONE,TRAIN,True,CRIMINAL,ACTIVE,2026-04-29,2026-09-13
0.622,SUSPECTED,SUPPORTING,0.622,NORMAL,NONE,VALIDATION,True,LEGITIMATE,ACTIVE,2026-01-13,2026-06-19
0.208,SUSPECTED,SUPPORTING,0.713,NORMAL,NONE,TRAIN,True,MIXED,ACTIVE,2025-12-01,2026-04-18
0.334,CONFIRMED,SUPPORTING,0.946,NORMAL,NONE,TRAIN,True,CRIMINAL,ACTIVE,2026-03-08,2026-08-10
0.279,FALSE,CONTRADICTING,0.143,NORMAL,NONE,VALIDATION,True,LEGITIMATE,ACTIVE,2025-12-14,2026-06-01
0.252,SUSPECTED,SUPPORTING,0.687,NORMAL,TEMPORAL_ANOMALY,TRAIN,True,MIXED,ACTIVE,2026-03-21,2026-08-27
0.23,CONFIRMED,SUPPORTING,0.865,NORMAL,NONE,TRAIN,True,CRIMINAL,ACTIVE,2026-01-14,2026-03-03
0.626,FALSE,CONTRADICTING,0.221,NORMAL,NONE,VALIDATION,True,LEGITIMATE,ACTIVE,2026-03-14,2026-06-26
0.756,FALSE,CONTRADICTING,0.346,NORMAL,NONE,TRAIN,True,MIXED,ACTIVE,2026-03-16,2026-07-13
0.224,CONFIRMED,SUPPORTING,0.825,NORMAL,COLLECTIVE_ANOMALY,TRAIN,True,LEGITIMATE,ACTIVE,2025-12-26,2026-01-18
0.167,UNKNOWN,NEUTRAL,0.26,NORMAL,NONE,TRAIN,True,MIXED,ACTIVE,2026-01-24,2026-06-30
0.727,CONFIRMED,SUPPORTING,0.927,NORMAL,COLLECTIVE_ANOMALY,VALIDATION,True,LEGITIMATE,ACTIVE,2026-06-08,2026-09-26
0.498,SUSPECTED,SUPPORTING,0.607,NORMAL,NONE,TRAIN,True,MIXED,ACTIVE,2026-03-31,2026-05-26
0.881,UNKNOWN,NEUTRAL,0.473,NORMAL,NONE,TRAIN,True,CRIMINAL,ACTIVE,2025-12-09,2026-04-16
0.174,FALSE,CONTRADICTING,0.177,DUPLICATE,NONE,VALIDATION,True,LEGITIMATE,ACTIVE,2026-04-07,2026-10-02
0.803,FALSE,CONTRADICTING,0.284,NORMAL,NONE,TEST,True,AMBIGUOUS,ACTIVE,2026-01-03,2026-04-22
0.372,UNKNOWN,NEUTRAL,0.404,STALE_DEVICE,CONTEXTUAL_ANOMALY,TRAIN,True,CRIMINAL,ACTIVE,2026-04-02,2026-07-03
0.532,UNKNOWN,NEUTRAL,0.203,NORMAL,NONE,VALIDATION,True,LEGITIMATE,ACTIVE,2026-01-24,2026-04-28
0.637,CONFIRMED,SUPPORTING,0.961,NORMAL,CONTEXTUAL_ANOMALY,TRAIN,True,CRIMINAL,ACTIVE,2026-03-17,2026-06-27
0.394,CONFIRMED,SUPPORTING,0.945,NORMAL,NONE,TRAIN,True,CRIMINAL,ACTIVE,2026-05-09,2026-08-09
0.245,SUSPECTED,SUPPORTING,0.73,NORMAL,NONE,TRAIN,True,CRIMINAL,ACTIVE,2026-05-05,2026-07-06
0.381,SUSPECTED,SUPPORTING,0.854,NORMAL,NONE,TEST,True,AMBIGUOUS,ACTIVE,2026-01-26,2026-03-11
0.296,FALSE,CONTRADICTING,0.211,NORMAL,CONTEXTUAL_ANOMALY,TEST,True,AMBIGUOUS,ACTIVE,2026-05-13,2026-08-22
0.611,CONFIRMED,SUPPORTING,0.871,NORMAL,NONE,VALIDATION,True,LEGITIMATE,ACTIVE,2026-04-06,2026-08-21
0.144,SUSPECTED,SUPPORTING,0.601,NORMAL,RELATIONAL_ANOMALY,TRAIN,True,CRIMINAL,ACTIVE,2025-11-06,2026-03-07
0.338,UNKNOWN,NEUTRAL,0.489,NORMAL,NONE,VALIDATION,True,LEGITIMATE,ACTIVE,2025-11-12,2026-04-26
0.8,UNKNOWN,NEUTRAL,0.4,NORMAL,NONE,VALIDATION,True,LEGITIMATE,ACTIVE,2025-12-23,2026-07-07
0.727,FALSE,CONTRADICTING,0.177,NORMAL,NONE,VALIDATION,True,LEGITIMATE,ACTIVE,2026-07-12,2026-10-11
0.299,SUSPECTED,SUPPORTING,0.649,NORMAL,NONE,TRAIN,True,MIXED,ACTIVE,2026-02-16,2026-05-18
0.197,CONFIRMED,SUPPORTING,0.872,NORMAL,NONE,TRAIN,True,CRIMINAL,ACTIVE,2026-01-01,2026-04-17
0.452,FALSE,CONTRADICTING,0.352,NORMAL,NONE,TEST,True,AMBIGUOUS,ACTIVE,2025-11-16,2026-02-27
0.325,FALSE,CONTRADICTING,0.295,NORMAL,TEMPORAL_ANOMALY,TRAIN,True,CRIMINAL,ACTIVE,2026-07-15,2026-09-11
0.534,CONFIRMED,SUPPORTING,0.876,NORMAL,NONE,TRAIN,True,MIXED,ACTIVE,2026-01-24,2026-04-04
0.325,SUSPECTED,SUPPORTING,0.589,NORMAL,NONE,VALIDATION,True,LEGITIMATE,ACTIVE,2025-11-10,2026-03-22
0.238,UNKNOWN,NEUTRAL,0.36,NORMAL,NONE,TEST,True,AMBIGUOUS,ACTIVE,2026-02-12,2026-05-16
0.382,CONFIRMED,SUPPORTING,0.871,NORMAL,POINT_ANOMALY,TRAIN,True,CRIMINAL,ACTIVE,2026-01-21,2026-05-05
0.261,UNKNOWN,NEUTRAL,0.422,NORMAL,NONE,TRAIN,True,CRIMINAL,ACTIVE,2026-01-30,2026-07-24
0.339,SUSPECTED,SUPPORTING,0.754,NORMAL,CONTEXTUAL_ANOMALY,TRAIN,True,MIXED,ACTIVE,2026-05-17,2026-08-25
0.826,CONFIRMED,SUPPORTING,0.909,NORMAL,NONE,TRAIN,True,MIXED,ACTIVE,2025-10-18,2026-03-31
0.328,UNKNOWN,NEUTRAL,0.304,NORMAL,NONE,TEST,True,AMBIGUOUS,ACTIVE,2025-11-08,2026-05-17
0.226,SUSPECTED,SUPPORTING,0.645,NORMAL,NONE,TRAIN,True,CRIMINAL,ACTIVE,2026-05-15,2026-08-21
0.094,CONFIRMED,SUPPORTING,0.982,STALE_DEVICE,NONE,TEST,True,AMBIGUOUS,ACTIVE,2026-03-05,2026-07-16
0.404,CONFIRMED,SUPPORTING,0.847,NORMAL,NONE,TRAIN,True,LEGITIMATE,ACTIVE,2026-03-16,2026-07-27
0.177,CONFIRMED,SUPPORTING,0.97,NORMAL,NONE,TRAIN,True,MIXED,ACTIVE,2026-04-05,2026-09-11
0.755,UNKNOWN,NEUTRAL,0.468,NORMAL,NONE,VALIDATION,True,LEGITIMATE,ACTIVE,2026-06-11,2026-09-07
0.748,CONFIRMED,SUPPORTING,0.982,NORMAL,NONE,TRAIN,True,CRIMINAL,ACTIVE,2026-05-25,2026-08-26
0.2,SUSPECTED,SUPPORTING,0.6,NORMAL,NONE,TRAIN,True,CRIMINAL,ACTIVE,2026-01-26,2026-06-29
0.462,SUSPECTED,SUPPORTING,0.738,NORMAL,NONE,TRAIN,True,MIXED,ACTIVE,2026-01-07,2026-05-06
0.429,SUSPECTED,SUPPORTING,0.731,NORMAL,NONE,TRAIN,True,MIXED,ACTIVE,2026-04-23,2026-07-06
0.291,SUSPECTED,SUPPORTING,0.686,NORMAL,NONE,TEST,True,AMBIGUOUS,ACTIVE,2026-04-06,2026-07-17
0.543,SUSPECTED,SUPPORTING,0.84,NORMAL,TEMPORAL_ANOMALY,VALIDATION,True,LEGITIMATE,ACTIVE,2025-12-15,2026-05-03
0.233,SUSPECTED,SUPPORTING,0.714,NORMAL,NONE,TRAIN,True,CRIMINAL,ACTIVE,2026-01-24,2026-04-21
0.583,UNKNOWN,NEUTRAL,0.357,NORMAL,NONE,TRAIN,True,CRIMINAL,ACTIVE,2026-05-21,2026-09-21
0.526,CONFIRMED,SUPPORTING,0.967,NORMAL,NONE,TRAIN,True,CRIMINAL,ACTIVE,2026-01-17,2026-06-05
0.834,SUSPECTED,SUPPORTING,0.784,NORMAL,NONE,VALIDATION,True,LEGITIMATE,ACTIVE,2026-06-06,2026-10-26
0.407,UNKNOWN,NEUTRAL,0.315,NORMAL,NONE,TRAIN,True,MIXED,ACTIVE,2025-11-28,2026-03-12
0.205,UNKNOWN,NEUTRAL,0.275,NORMAL,COLLECTIVE_ANOMALY,TRAIN,True,LEGITIMATE,ACTIVE,2026-04-30,2026-07-28
0.392,CONFIRMED,SUPPORTING,0.911,NORMAL,NONE,TRAIN,True,MIXED,ACTIVE,2026-03-03,2026-05-30
0.315,FALSE,CONTRADICTING,0.199,NORMAL,NONE,TRAIN,True,CRIMINAL,ACTIVE,2025-10-13,2026-02-10
0.671,SUSPECTED,SUPPORTING,0.771,NORMAL,NONE,TRAIN,True,MIXED,ACTIVE,2026-06-22,2026-08-06
0.534,SUSPECTED,SUPPORTING,0.695,RECYCLED_SIM,NONE,TRAIN,True,CRIMINAL,ACTIVE,2025-12-03,2026-05-06
0.404,FALSE,CONTRADICTING,0.382,NORMAL,NONE,VALIDATION,True,LEGITIMATE,ACTIVE,2026-05-25,2026-08-17
0.473,SUSPECTED,SUPPORTING,0.839,NORMAL,NONE,TRAIN,True,MIXED,ACTIVE,2025-12-07,2026-05-25
0.516,FALSE,CONTRADICTING,0.132,NORMAL,NONE,TRAIN,True,CRIMINAL,ACTIVE,2025-10-26,2026-04-02
0.266,SUSPECTED,SUPPORTING,0.851,NORMAL,NONE,TRAIN,True,MIXED,ACTIVE,2026-03-03,2026-08-05
0.37,CONFIRMED,SUPPORTING,0.929,NORMAL,NONE,TRAIN,True,MIXED,ACTIVE,2026-03-26,2026-08-28
0.518,SUSPECTED,SUPPORTING,0.655,NORMAL,NONE,TEST,True,AMBIGUOUS,ACTIVE,2025-12-07,2026-04-13
0.163,SUSPECTED,SUPPORTING,0.689,NORMAL,RELATIONAL_ANOMALY,TRAIN,True,MIXED,ACTIVE,2026-02-14,2026-07-22
0.585,UNKNOWN,NEUTRAL,0.401,NORMAL,NONE,TEST,True,AMBIGUOUS,ACTIVE,2025-12-14,2026-02-07
0.598,SUSPECTED,SUPPORTING,0.784,NORMAL,NONE,TRAIN,True,MIXED,ACTIVE,2026-01-12,2026-05-21
0.724,UNKNOWN,NEUTRAL,0.274,NORMAL,NONE,TRAIN,True,CRIMINAL,ACTIVE,2025-12-18,2026-01-25
0.154,CONFIRMED,SUPPORTING,0.872,NORMAL,NONE,TEST,True,AMBIGUOUS,ACTIVE,2025-11-03,2026-02-03
0.499,UNKNOWN,NEUTRAL,0.292,NORMAL,NONE,TRAIN,True,CRIMINAL,ACTIVE,2026-06-14,2026-07-31
0.363,SUSPECTED,SUPPORTING,0.65,NORMAL,NONE,VALIDATION,True,LEGITIMATE,ACTIVE,2026-04-26,2026-10-15
0.333,CONFIRMED,SUPPORTING,0.894,NORMAL,NONE,TRAIN,True,CRIMINAL,ACTIVE,2026-05-01,2026-08-10
0.722,SUSPECTED,SUPPORTING,0.623,NORMAL,NONE,VALIDATION,True,LEGITIMATE,ACTIVE,2026-03-02,2026-07-21
0.364,SUSPECTED,SUPPORTING,0.693,NORMAL,NONE,TRAIN,True,LEGITIMATE,ACTIVE,2026-03-26,2026-07-05
0.471,SUSPECTED,SUPPORTING,0.797,NORMAL,RELATIONAL_ANOMALY,VALIDATION,True,LEGITIMATE,ACTIVE,2026-05-07,2026-08-20
0.47,SUSPECTED,SUPPORTING,0.805,NORMAL,NONE,TRAIN,True,CRIMINAL,ACTIVE,2026-01-11,2026-05-05
0.003,UNKNOWN,NEUTRAL,0.45,NORMAL,NONE,TEST,True,AMBIGUOUS,ACTIVE,2026-04-24,2026-08-09
0.44,CONFIRMED,SUPPORTING,0.935,NORMAL,NONE,TRAIN,True,CRIMINAL,ACTIVE,2026-02-24,2026-09-09
0.478,SUSPECTED,SUPPORTING,0.63,NORMAL,NONE,VALIDATION,True,LEGITIMATE,ACTIVE,2026-05-17,2026-09-09
0.357,CONFIRMED,SUPPORTING,0.939,NORMAL,NONE,TEST,True,AMBIGUOUS,ACTIVE,2025-11-19,2026-03-14
0.449,CONFIRMED,SUPPORTING,0.968,NORMAL,NONE,TRAIN,True,CRIMINAL,ACTIVE,2026-01-04,2026-05-04
0.075,SUSPECTED,SUPPORTING,0.648,NORMAL,NONE,TRAIN,True,CRIMINAL,ACTIVE,2025-11-18,2026-02-24
0.394,UNKNOWN,NEUTRAL,0.225,NORMAL,POINT_ANOMALY,VALIDATION,True,LEGITIMATE,ACTIVE,2026-06-30,2026-09-28
0.226,CONFIRMED,SUPPORTING,0.919,NORMAL,NONE,VALIDATION,True,LEGITIMATE,ACTIVE,2026-03-30,2026-07-08
0.275,UNKNOWN,NEUTRAL,0.294,NORMAL,NONE,TRAIN,True,MIXED,ACTIVE,2025-11-01,2026-01-28
0.265,CONFIRMED,SUPPORTING,0.937,NORMAL,TEMPORAL_ANOMALY,TRAIN,True,CRIMINAL,ACTIVE,2025-12-21,2026-03-02
0.658,SUSPECTED,SUPPORTING,0.757,NORMAL,NONE,TRAIN,True,CRIMINAL,ACTIVE,2025-11-12,2026-03-25
0.327,UNKNOWN,NEUTRAL,0.34,NORMAL,NONE,TRAIN,True,MIXED,ACTIVE,2026-04-29,2026-10-02
0.682,FALSE,CONTRADICTING,0.397,NORMAL,COLLECTIVE_ANOMALY,TRAIN,True,CRIMINAL,ACTIVE,2025-12-26,2026-03-21
0.335,FALSE,CONTRADICTING,0.342,NORMAL,POINT_ANOMALY,VALIDATION,True,LEGITIMATE,ACTIVE,2026-02-03,2026-05-29
0.384,CONFIRMED,SUPPORTING,0.824,NORMAL,NONE,TRAIN,True,CRIMINAL,ACTIVE,2026-03-06,2026-05-29
0.478,CONFIRMED,SUPPORTING,0.899,NORMAL,NONE,TRAIN,True,MIXED,ACTIVE,2026-02-14,2026-08-08
0.585,SUSPECTED,SUPPORTING,0.676,SHARED_DEVICE,NONE,TRAIN,True,MIXED,ACTIVE,2025-12-24,2026-04-11
0.317,SUSPECTED,SUPPORTING,0.63,NORMAL,RELATIONAL_ANOMALY,TRAIN,True,CRIMINAL,ACTIVE,2026-01-21,2026-05-16
0.261,FALSE,CONTRADICTING,0.212,NORMAL,NONE,VALIDATION,True,LEGITIMATE,ACTIVE,2026-05-07,2026-07-18
0.234,UNKNOWN,NEUTRAL,0.416,NORMAL,POINT_ANOMALY,TEST,True,AMBIGUOUS,ACTIVE,2026-03-06,2026-06-07
0.098,FALSE,CONTRADICTING,0.164,NORMAL,NONE,TRAIN,True,CRIMINAL,ACTIVE,2025-10-16,2026-04-05
0.235,CONFIRMED,SUPPORTING,0.921,NORMAL,NONE,TEST,True,AMBIGUOUS,ACTIVE,2025-12-08,2026-06-18
0.653,SUSPECTED,SUPPORTING,0.737,NORMAL,NONE,TRAIN,True,LEGITIMATE,ACTIVE,2026-05-03,2026-07-09
0.302,SUSPECTED,SUPPORTING,0.761,NORMAL,NONE,TRAIN,True,MIXED,ACTIVE,2026-03-27,2026-06-17
0.431,FALSE,CONTRADICTING,0.351,NORMAL,CONTEXTUAL_ANOMALY,VALIDATION,True,LEGITIMATE,ACTIVE,2026-01-05,2026-02-10
0.824,SUSPECTED,SUPPORTING,0.821,NORMAL,NONE,TRAIN,True,CRIMINAL,ACTIVE,2026-01-21,2026-04-10
0.648,UNKNOWN,NEUTRAL,0.387,NORMAL,NONE,TEST,True,AMBIGUOUS,ACTIVE,2025-09-30,2026-02-25
0.344,CONFIRMED,SUPPORTING,0.956,NORMAL,NONE,TRAIN,True,CRIMINAL,ACTIVE,2026-02-12,2026-07-19
0.265,CONFIRMED,SUPPORTING,0.864,NORMAL,NONE,TRAIN,True,CRIMINAL,ACTIVE,2026-01-09,2026-04-14
0.902,SUSPECTED,SUPPORTING,0.853,NORMAL,NONE,TRAIN,True,CRIMINAL,ACTIVE,2026-03-06,2026-06-08
0.441,SUSPECTED,SUPPORTING,0.625,NORMAL,TEMPORAL_ANOMALY,TRAIN,True,MIXED,ACTIVE,2026-02-03,2026-04-17
0.278,CONFIRMED,SUPPORTING,0.972,NORMAL,NONE,TRAIN,True,CRIMINAL,ACTIVE,2025-10-03,2026-02-19
0.363,CONFIRMED,SUPPORTING,0.82,NORMAL,POINT_ANOMALY,TEST,True,AMBIGUOUS,ACTIVE,2026-02-23,2026-08-27
0.35,UNKNOWN,NEUTRAL,0.422,NORMAL,NONE,TRAIN,True,CRIMINAL,ACTIVE,2026-03-21,2026-09-02
0.732,SUSPECTED,SUPPORTING,0.752,NORMAL,NONE,TRAIN,True,MIXED,ACTIVE,2026-05-18,2026-08-10
0.507,SUSPECTED,SUPPORTING,0.709,NORMAL,TEMPORAL_ANOMALY,TRAIN,True,LEGITIMATE,ACTIVE,2025-12-04,2026-04-08
0.627,CONFIRMED,SUPPORTING,0.952,NORMAL,NONE,TRAIN,True,CRIMINAL,ACTIVE,2026-04-02,2026-07-17
0.399,SUSPECTED,SUPPORTING,0.622,NORMAL,NONE,TEST,True,AMBIGUOUS,ACTIVE,2026-03-05,2026-09-08
0.131,SUSPECTED,SUPPORTING,0.855,NORMAL,RELATIONAL_ANOMALY,TRAIN,True,MIXED,ACTIVE,2026-04-25,2026-06-15
0.343,CONFIRMED,SUPPORTING,0.846,NORMAL,NONE,TRAIN,True,MIXED,ACTIVE,2026-02-09,2026-06-10
0.122,CONFIRMED,SUPPORTING,0.835,NORMAL,NONE,TRAIN,True,CRIMINAL,ACTIVE,2025-12-05,2026-04-07
0.346,CONFIRMED,SUPPORTING,0.827,NORMAL,COLLECTIVE_ANOMALY,TRAIN,True,MIXED,ACTIVE,2025-11-23,2026-03-02
0.453,CONFIRMED,SUPPORTING,0.862,NORMAL,NONE,TEST,True,AMBIGUOUS,ACTIVE,2025-12-02,2026-03-16
0.415,FALSE,CONTRADICTING,0.144,RECYCLED_SIM,NONE,VALIDATION,True,LEGITIMATE,ACTIVE,2025-09-13,2026-02-14
0.712,CONFIRMED,SUPPORTING,0.965,NORMAL,NONE,TEST,True,AMBIGUOUS,ACTIVE,2026-03-31,2026-07-24
0.44,CONFIRMED,SUPPORTING,0.886,NORMAL,NONE,TEST,True,AMBIGUOUS,ACTIVE,2025-12-28,2026-05-03
0.654,FALSE,CONTRADICTING,0.318,NORMAL,CONTEXTUAL_ANOMALY,TRAIN,True,MIXED,ACTIVE,2026-07-12,2026-09-02
0.574,UNKNOWN,NEUTRAL,0.489,NORMAL,NONE,TRAIN,True,LEGITIMATE,ACTIVE,2025-11-27,2026-03-05
0.466,SUSPECTED,SUPPORTING,0.653,NORMAL,NONE,TRAIN,True,CRIMINAL,ACTIVE,2026-03-11,2026-06-11
0.28,CONFIRMED,SUPPORTING,0.862,NORMAL,NONE,TRAIN,True,CRIMINAL,ACTIVE,2025-10-22,2026-04-13
0.357,FALSE,CONTRADICTING,0.183,NORMAL,NONE,TRAIN,True,CRIMINAL,ACTIVE,2026-02-28,2026-07-09
0.181,UNKNOWN,NEUTRAL,0.35,NORMAL,NONE,TRAIN,True,MIXED,ACTIVE,2026-05-07,2026-10-17
0.309,UNKNOWN,NEUTRAL,0.379,NORMAL,NONE,TRAIN,True,CRIMINAL,ACTIVE,2025-11-11,2026-04-21
0.771,CONFIRMED,SUPPORTING,0.831,NORMAL,CONTEXTUAL_ANOMALY,TRAIN,True,CRIMINAL,ACTIVE,2026-02-25,2026-07-25
0.658,SUSPECTED,SUPPORTING,0.806,NORMAL,NONE,TRAIN,True,MIXED,ACTIVE,2025-10-11,2026-02-25
0.48,CONFIRMED,SUPPORTING,0.962,NORMAL,NONE,TRAIN,True,CRIMINAL,ACTIVE,2026-05-28,2026-10-14
0.609,CONFIRMED,SUPPORTING,0.971,NORMAL,NONE,TEST,True,AMBIGUOUS,ACTIVE,2026-02-20,2026-06-21
0.33,SUSPECTED,SUPPORTING,0.612,NORMAL,POINT_ANOMALY,TRAIN,True,LEGITIMATE,ACTIVE,2026-03-17,2026-07-27
0.468,FALSE,CONTRADICTING,0.272,NORMAL,NONE,VALIDATION,True,LEGITIMATE,ACTIVE,2026-01-28,2026-04-28
0.446,UNKNOWN,NEUTRAL,0.444,NORMAL,NONE,TRAIN,True,CRIMINAL,ACTIVE,2026-04-04,2026-05-29
0.484,FALSE,CONTRADICTING,0.318,NORMAL,TEMPORAL_ANOMALY,TRAIN,True,LEGITIMATE,ACTIVE,2025-11-11,2026-03-19
0.412,UNKNOWN,NEUTRAL,0.347,NORMAL,NONE,TRAIN,True,CRIMINAL,ACTIVE,2026-02-02,2026-04-26
0.255,CONFIRMED,SUPPORTING,0.964,NORMAL,POINT_ANOMALY,VALIDATION,True,LEGITIMATE,ACTIVE,2026-04-19,2026-09-10
0.838,UNKNOWN,NEUTRAL,0.53,NORMAL,NONE,TRAIN,True,MIXED,ACTIVE,2026-07-26,2026-10-05
0.336,FALSE,CONTRADICTING,0.177,NORMAL,NONE,TRAIN,True,CRIMINAL,ACTIVE,2025-12-21,2026-06-14
0.291,FALSE,CONTRADICTING,0.229,NORMAL,NONE,VALIDATION,True,LEGITIMATE,ACTIVE,2026-02-23,2026-04-19
0.164,SUSPECTED,SUPPORTING,0.673,NORMAL,NONE,VALIDATION,True,LEGITIMATE,ACTIVE,2026-06-12,2026-10-18
0.664,CONFIRMED,SUPPORTING,0.904,RECYCLED_SIM,NONE,TRAIN,True,MIXED,ACTIVE,2026-06-22,2026-09-10
0.348,SUSPECTED,SUPPORTING,0.762,NORMAL,NONE,TRAIN,True,MIXED,ACTIVE,2026-01-27,2026-05-14
0.594,FALSE,CONTRADICTING,0.25,NORMAL,NONE,VALIDATION,True,LEGITIMATE,ACTIVE,2026-02-05,2026-08-18
0.123,UNKNOWN,NEUTRAL,0.276,DUPLICATE,NONE,TRAIN,True,CRIMINAL,ACTIVE,2026-01-04,2026-04-06
0.5,UNKNOWN,NEUTRAL,0.47,NORMAL,NONE,TRAIN,True,MIXED,ACTIVE,2026-07-24,2026-10-15
0.166,UNKNOWN,NEUTRAL,0.23,NORMAL,NONE,TRAIN,True,MIXED,ACTIVE,2026-03-04,2026-05-01
0.351,CONFIRMED,SUPPORTING,0.887,NORMAL,NONE,VALIDATION,True,LEGITIMATE,ACTIVE,2026-05-09,2026-09-09
0.482,UNKNOWN,NEUTRAL,0.497,NORMAL,NONE,TRAIN,True,CRIMINAL,ACTIVE,2026-04-15,2026-09-17
0.253,CONFIRMED,SUPPORTING,0.875,NORMAL,NONE,TRAIN,True,CRIMINAL,ACTIVE,2026-02-27,2026-05-23
0.679,CONFIRMED,SUPPORTING,0.938,NORMAL,NONE,TRAIN,True,CRIMINAL,ACTIVE,2026-03-02,2026-09-06
0.102,CONFIRMED,SUPPORTING,0.877,NORMAL,NONE,TRAIN,True,MIXED,ACTIVE,2026-03-20,2026-08-20
0.119,CONFIRMED,SUPPORTING,0.904,NORMAL,NONE,TRAIN,True,CRIMINAL,ACTIVE,2026-04-18,2026-08-20
0.145,UNKNOWN,NEUTRAL,0.41,NORMAL,NONE,TEST,True,AMBIGUOUS,ACTIVE,2026-04-05,2026-10-11
0.484,FALSE,CONTRADICTING,0.176,NORMAL,COLLECTIVE_ANOMALY,TEST,True,AMBIGUOUS,ACTIVE,2026-05-22,2026-08-20
0.126,SUSPECTED,SUPPORTING,0.628,NORMAL,NONE,TRAIN,True,MIXED,ACTIVE,2026-02-04,2026-07-10
0.457,SUSPECTED,SUPPORTING,0.833,NORMAL,NONE,TRAIN,True,CRIMINAL,ACTIVE,2025-10-06,2026-03-18
0.799,SUSPECTED,SUPPORTING,0.737,NORMAL,NONE,TRAIN,True,CRIMINAL,ACTIVE,2026-03-06,2026-08-26
0.296,UNKNOWN,NEUTRAL,0.32,NORMAL,NONE,TEST,True,AMBIGUOUS,ACTIVE,2026-03-19,2026-05-29
0.657,SUSPECTED,SUPPORTING,0.661,NORMAL,RELATIONAL_ANOMALY,TEST,True,AMBIGUOUS,ACTIVE,2026-05-23,2026-07-02
0.275,FALSE,CONTRADICTING,0.201,NORMAL,NONE,TRAIN,True,CRIMINAL,ACTIVE,2026-01-06,2026-04-26
0.461,FALSE,CONTRADICTING,0.414,NORMAL,RELATIONAL_ANOMALY,TRAIN,True,CRIMINAL,ACTIVE,2026-03-24,2026-07-30
0.452,SUSPECTED,SUPPORTING,0.7,NORMAL,NONE,TRAIN,True,CRIMINAL,ACTIVE,2026-01-03,2026-04-03
0.621,SUSPECTED,SUPPORTING,0.784,NORMAL,NONE,TRAIN,True,CRIMINAL,ACTIVE,2026-05-03,2026-10-18
0.635,SUSPECTED,SUPPORTING,0.598,NORMAL,NONE,TRAIN,True,CRIMINAL,ACTIVE,2026-04-21,2026-06-19
0.499,CONFIRMED,SUPPORTING,0.897,NORMAL,NONE,TRAIN,True,MIXED,ACTIVE,2026-03-04,2026-05-31
0.06,CONFIRMED,SUPPORTING,0.857,NORMAL,NONE,TRAIN,True,CRIMINAL,ACTIVE,2026-06-04,2026-10-01
0.345,FALSE,CONTRADICTING,0.398,NORMAL,NONE,TRAIN,True,CRIMINAL,ACTIVE,2026-01-09,2026-02-27
0.09,CONFIRMED,SUPPORTING,0.949,NORMAL,POINT_ANOMALY,VALIDATION,True,LEGITIMATE,ACTIVE,2026-01-30,2026-05-15
0.62,FALSE,CONTRADICTING,0.229,NORMAL,POINT_ANOMALY,TRAIN,True,CRIMINAL,ACTIVE,2026-04-13,2026-06-25
0.099,UNKNOWN,NEUTRAL,0.215,NORMAL,POINT_ANOMALY,TEST,True,AMBIGUOUS,ACTIVE,2025-11-27,2026-05-05
0.381,CONFIRMED,SUPPORTING,0.914,NORMAL,POINT_ANOMALY,TRAIN,True,LEGITIMATE,ACTIVE,2025-11-22,2026-03-28
0.604,SUSPECTED,SUPPORTING,0.755,NORMAL,NONE,TRAIN,True,CRIMINAL,ACTIVE,2025-09-11,2026-03-07
0.466,SUSPECTED,SUPPORTING,0.639,NORMAL,TEMPORAL_ANOMALY,TRAIN,True,CRIMINAL,ACTIVE,2026-02-19,2026-07-09
0.49,UNKNOWN,NEUTRAL,0.429,NORMAL,NONE,TRAIN,True,CRIMINAL,ACTIVE,2026-04-16,2026-07-12
0.608,CONFIRMED,SUPPORTING,0.957,NORMAL,CONTEXTUAL_ANOMALY,TEST,True,AMBIGUOUS,ACTIVE,2026-04-25,2026-10-13
0.418,UNKNOWN,NEUTRAL,0.305,NORMAL,NONE,VALIDATION,True,LEGITIMATE,ACTIVE,2025-12-01,2026-03-23
0.471,SUSPECTED,SUPPORTING,0.759,NORMAL,NONE,TEST,True,AMBIGUOUS,ACTIVE,2026-04-14,2026-06-17
0.021,UNKNOWN,NEUTRAL,0.459,NORMAL,NONE,TRAIN,True,MIXED,ACTIVE,2025-11-19,2026-03-06
0.591,UNKNOWN,NEUTRAL,0.238,NORMAL,NONE,TRAIN,True,CRIMINAL,ACTIVE,2026-05-28,2026-09-01
0.597,CONFIRMED,SUPPORTING,0.957,NORMAL,NONE,TRAIN,True,CRIMINAL,ACTIVE,2026-01-25,2026-04-27
0.321,CONFIRMED,SUPPORTING,0.827,NORMAL,NONE,VALIDATION,True,LEGITIMATE,ACTIVE,2026-06-06,2026-09-23
0.259,UNKNOWN,NEUTRAL,0.428,NORMAL,NONE,VALIDATION,True,LEGITIMATE,ACTIVE,2025-11-14,2026-03-07
0.647,FALSE,CONTRADICTING,0.32,NORMAL,POINT_ANOMALY,TEST,True,AMBIGUOUS,ACTIVE,2025-12-21,2026-04-01
0.254,UNKNOWN,NEUTRAL,0.413,NORMAL,NONE,TRAIN,True,CRIMINAL,ACTIVE,2026-05-08,2026-10-19
0.599,UNKNOWN,NEUTRAL,0.342,NORMAL,COLLECTIVE_ANOMALY,TRAIN,True,LEGITIMATE,ACTIVE,2026-01-14,2026-04-25
0.396,SUSPECTED,SUPPORTING,0.811,NORMAL,NONE,TRAIN,True,MIXED,ACTIVE,2026-02-21,2026-07-05
0.192,UNKNOWN,NEUTRAL,0.328,STALE_DEVICE,NONE,TRAIN,True,MIXED,ACTIVE,2026-01-13,2026-06-12
0.432,CONFIRMED,SUPPORTING,0.921,RECYCLED_SIM,TEMPORAL_ANOMALY,TRAIN,True,MIXED,ACTIVE,2025-12-14,2026-06-05
0.336,CONFIRMED,SUPPORTING,0.838,NORMAL,NONE,TRAIN,True,CRIMINAL,ACTIVE,2025-11-08,2026-02-23
0.282,UNKNOWN,NEUTRAL,0.401,NORMAL,NONE,TRAIN,True,MIXED,ACTIVE,2026-04-19,2026-11-01
0.136,CONFIRMED,SUPPORTING,0.888,NORMAL,CONTEXTUAL_ANOMALY,TRAIN,True,CRIMINAL,ACTIVE,2026-06-01,2026-08-07
0.462,SUSPECTED,SUPPORTING,0.853,DUPLICATE,NONE,TRAIN,True,MIXED,ACTIVE,2026-05-19,2026-09-12
0.694,SUSPECTED,SUPPORTING,0.854,NORMAL,NONE,TRAIN,True,CRIMINAL,ACTIVE,2025-09-11,2026-01-30
0.693,FALSE,CONTRADICTING,0.229,RECYCLED_SIM,NONE,VALIDATION,True,LEGITIMATE,ACTIVE,2025-12-20,2026-04-16
0.212,CONFIRMED,SUPPORTING,0.956,NORMAL,TEMPORAL_ANOMALY,TRAIN,True,CRIMINAL,ACTIVE,2026-05-31,2026-08-08
0.115,FALSE,CONTRADICTING,0.4,NORMAL,NONE,VALIDATION,True,LEGITIMATE,ACTIVE,2026-03-26,2026-06-23
0.223,CONFIRMED,SUPPORTING,0.939,NORMAL,NONE,TRAIN,True,MIXED,ACTIVE,2026-06-29,2026-08-24
0.49,UNKNOWN,NEUTRAL,0.417,NORMAL,RELATIONAL_ANOMALY,TRAIN,True,MIXED,ACTIVE,2026-03-20,2026-06-07
0.594,CONFIRMED,SUPPORTING,0.873,NORMAL,NONE,TRAIN,True,CRIMINAL,ACTIVE,2025-12-17,2026-04-13
0.533,FALSE,CONTRADICTING,0.243,NORMAL,NONE,TEST,True,AMBIGUOUS,ACTIVE,2025-11-17,2026-03-28
0.055,CONFIRMED,SUPPORTING,0.943,NORMAL,CONTEXTUAL_ANOMALY,TRAIN,True,MIXED,ACTIVE,2025-12-22,2026-05-10
0.117,CONFIRMED,SUPPORTING,0.912,NORMAL,NONE,TRAIN,True,CRIMINAL,ACTIVE,2026-02-23,2026-05-06
0.295,SUSPECTED,SUPPORTING,0.64,NORMAL,CONTEXTUAL_ANOMALY,TRAIN,True,CRIMINAL,ACTIVE,2026-05-20,2026-10-16
0.51,SUSPECTED,SUPPORTING,0.751,NORMAL,NONE,TRAIN,True,LEGITIMATE,ACTIVE,2026-03-15,2026-06-29
0.359,SUSPECTED,SUPPORTING,0.781,NORMAL,NONE,TRAIN,True,CRIMINAL,ACTIVE,2025-10-10,2026-02-25
0.322,UNKNOWN,NEUTRAL,0.347,DUPLICATE,RELATIONAL_ANOMALY,VALIDATION,True,LEGITIMATE,ACTIVE,2026-01-13,2026-07-11
0.56,FALSE,CONTRADICTING,0.144,RECYCLED_SIM,NONE,TEST,True,AMBIGUOUS,ACTIVE,2026-03-28,2026-09-11
0.354,FALSE,CONTRADICTING,0.284,NORMAL,NONE,VALIDATION,True,LEGITIMATE,ACTIVE,2025-10-06,2026-03-05
0.315,FALSE,CONTRADICTING,0.122,STALE_DEVICE,NONE,TRAIN,True,MIXED,ACTIVE,2025-12-08,2026-04-15
0.714,SUSPECTED,SUPPORTING,0.648,NORMAL,NONE,VALIDATION,True,LEGITIMATE,ACTIVE,2026-01-09,2026-04-08
0.679,UNKNOWN,NEUTRAL,0.296,NORMAL,NONE,TEST,True,AMBIGUOUS,ACTIVE,2026-03-20,2026-08-17
0.143,FALSE,CONTRADICTING,0.395,NORMAL,CONTEXTUAL_ANOMALY,TRAIN,True,CRIMINAL,ACTIVE,2026-05-20,2026-08-26
0.471,FALSE,CONTRADICTING,0.244,NORMAL,COLLECTIVE_ANOMALY,TEST,True,AMBIGUOUS,ACTIVE,2026-01-15,2026-06-27
0.786,UNKNOWN,NEUTRAL,0.301,STALE_DEVICE,NONE,VALIDATION,True,LEGITIMATE,ACTIVE,2026-06-09,2026-08-29
0.697,FALSE,CONTRADICTING,0.325,NORMAL,POINT_ANOMALY,VALIDATION,True,LEGITIMATE,ACTIVE,2026-05-03,2026-08-29
0.556,UNKNOWN,NEUTRAL,0.245,NORMAL,NONE,TRAIN,True,MIXED,ACTIVE,2026-04-03,2026-06-16
0.157,SUSPECTED,SUPPORTING,0.696,NORMAL,NONE,TRAIN,True,CRIMINAL,ACTIVE,2025-11-27,2026-03-04
0.692,CONFIRMED,SUPPORTING,0.896,NORMAL,NONE,TRAIN,True,CRIMINAL,ACTIVE,2026-04-26,2026-08-28
0.139,SUSPECTED,SUPPORTING,0.679,NORMAL,NONE,TRAIN,True,MIXED,ACTIVE,2026-02-15,2026-05-15
0.628,CONFIRMED,SUPPORTING,0.867,NORMAL,NONE,TRAIN,True,CRIMINAL,ACTIVE,2026-04-26,2026-08-31
0.512,UNKNOWN,NEUTRAL,0.461,NORMAL,NONE,TRAIN,True,MIXED,ACTIVE,2025-12-21,2026-05-26
0.622,FALSE,CONTRADICTING,0.276,NORMAL,NONE,TRAIN,True,CRIMINAL,ACTIVE,2025-11-28,2026-01-28
0.147,SUSPECTED,SUPPORTING,0.822,NORMAL,TEMPORAL_ANOMALY,TRAIN,True,MIXED,ACTIVE,2026-03-01,2026-07-03
0.661,CONFIRMED,SUPPORTING,0.977,NORMAL,NONE,TRAIN,True,MIXED,ACTIVE,2026-04-08,2026-07-16
0.165,FALSE,CONTRADICTING,0.204,DUPLICATE,NONE,TEST,True,AMBIGUOUS,ACTIVE,2026-03-10,2026-08-08
0.64,SUSPECTED,SUPPORTING,0.68,NORMAL,NONE,TRAIN,True,CRIMINAL,ACTIVE,2025-12-26,2026-05-20
0.412,UNKNOWN,NEUTRAL,0.224,NORMAL,POINT_ANOMALY,TRAIN,True,CRIMINAL,ACTIVE,2026-03-23,2026-08-19
0.354,UNKNOWN,NEUTRAL,0.38,NORMAL,NONE,TRAIN,True,MIXED,ACTIVE,2026-05-30,2026-10-16
0.245,UNKNOWN,NEUTRAL,0.26,NORMAL,POINT_ANOMALY,TRAIN,True,MIXED,ACTIVE,2026-02-05,2026-05-23
0.154,SUSPECTED,SUPPORTING,0.664,NORMAL,NONE,TRAIN,True,CRIMINAL,ACTIVE,2026-05-13,2026-09-02
0.783,FALSE,CONTRADICTING,0.164,NORMAL,NONE,TRAIN,True,CRIMINAL,ACTIVE,2025-10-19,2026-03-26
0.561,SUSPECTED,SUPPORTING,0.718,NORMAL,RELATIONAL_ANOMALY,TRAIN,True,CRIMINAL,ACTIVE,2025-12-25,2026-04-03
0.174,SUSPECTED,SUPPORTING,0.853,NORMAL,NONE,TRAIN,True,MIXED,ACTIVE,2026-05-27,2026-09-28
0.671,SUSPECTED,SUPPORTING,0.665,NORMAL,NONE,TRAIN,True,MIXED,ACTIVE,2026-03-10,2026-08-19
0.259,UNKNOWN,NEUTRAL,0.467,NORMAL,NONE,TEST,True,AMBIGUOUS,ACTIVE,2026-03-31,2026-09-04
0.495,FALSE,CONTRADICTING,0.13,NORMAL,NONE,VALIDATION,True,LEGITIMATE,ACTIVE,2026-02-09,2026-08-17
0.265,UNKNOWN,NEUTRAL,0.283,NORMAL,NONE,TEST,True,AMBIGUOUS,ACTIVE,2026-07-31,2026-09-20
0.133,UNKNOWN,NEUTRAL,0.352,NORMAL,NONE,TRAIN,True,CRIMINAL,ACTIVE,2026-02-14,2026-05-27
0.735,UNKNOWN,NEUTRAL,0.202,NORMAL,NONE,TEST,True,AMBIGUOUS,ACTIVE,2026-06-14,2026-09-21
0.149,SUSPECTED,SUPPORTING,0.648,NORMAL,NONE,TRAIN,True,MIXED,ACTIVE,2026-02-04,2026-04-15
0.406,CONFIRMED,SUPPORTING,0.962,NORMAL,CONTEXTUAL_ANOMALY,TRAIN,True,MIXED,ACTIVE,2026-03-05,2026-07-31
0.471,SUSPECTED,SUPPORTING,0.584,NORMAL,NONE,TRAIN,True,MIXED,ACTIVE,2026-04-02,2026-08-17
0.515,CONFIRMED,SUPPORTING,0.924,NORMAL,NONE,TRAIN,True,MIXED,ACTIVE,2026-03-02,2026-08-01
0.096,CONFIRMED,SUPPORTING,0.927,NORMAL,NONE,TRAIN,True,MIXED,ACTIVE,2026-06-06,2026-07-13
0.432,UNKNOWN,NEUTRAL,0.253,NORMAL,NONE,VALIDATION,True,LEGITIMATE,ACTIVE,2026-04-15,2026-11-01
0.379,CONFIRMED,SUPPORTING,0.822,NORMAL,NONE,TRAIN,True,MIXED,ACTIVE,2026-03-14,2026-07-30
0.346,SUSPECTED,SUPPORTING,0.596,NORMAL,COLLECTIVE_ANOMALY,TRAIN,True,MIXED,ACTIVE,2026-03-18,2026-05-20
0.497,SUSPECTED,SUPPORTING,0.714,NORMAL,NONE,TRAIN,True,CRIMINAL,ACTIVE,2025-11-25,2026-01-31
0.271,CONFIRMED,SUPPORTING,0.94,NORMAL,NONE,TEST,True,AMBIGUOUS,ACTIVE,2025-10-29,2026-02-24
0.128,SUSPECTED,SUPPORTING,0.598,NORMAL,COLLECTIVE_ANOMALY,TRAIN,True,LEGITIMATE,ACTIVE,2026-04-23,2026-08-01
0.757,SUSPECTED,SUPPORTING,0.732,NORMAL,NONE,TRAIN,True,CRIMINAL,ACTIVE,2026-05-13,2026-09-27
0.176,SUSPECTED,SUPPORTING,0.599,NORMAL,NONE,TRAIN,True,MIXED,ACTIVE,2026-02-09,2026-07-16
0.358,SUSPECTED,SUPPORTING,0.72,NORMAL,CONTEXTUAL_ANOMALY,TRAIN,True,CRIMINAL,ACTIVE,2026-02-14,2026-07-08
0.114,CONFIRMED,SUPPORTING,0.973,NORMAL,NONE,TRAIN,True,CRIMINAL,ACTIVE,2026-02-06,2026-06-23
0.272,SUSPECTED,SUPPORTING,0.606,NORMAL,NONE,TRAIN,True,CRIMINAL,ACTIVE,2026-01-01,2026-04-20
0.583,FALSE,CONTRADICTING,0.334,NORMAL,COLLECTIVE_ANOMALY,TRAIN,True,LEGITIMATE,ACTIVE,2026-06-29,2026-09-18
0.423,CONFIRMED,SUPPORTING,0.88,NORMAL,NONE,TEST,True,AMBIGUOUS,ACTIVE,2026-01-21,2026-05-12
0.15,CONFIRMED,SUPPORTING,0.925,NORMAL,NONE,TRAIN,True,CRIMINAL,ACTIVE,2025-10-05,2026-04-06
0.618,SUSPECTED,SUPPORTING,0.813,NORMAL,NONE,TRAIN,True,LEGITIMATE,ACTIVE,2026-03-03,2026-08-23
0.667,FALSE,CONTRADICTING,0.319,NORMAL,NONE,TRAIN,True,MIXED,ACTIVE,2025-12-31,2026-04-06
0.543,CONFIRMED,SUPPORTING,0.91,NORMAL,NONE,TRAIN,True,CRIMINAL,ACTIVE,2026-05-08,2026-10-05
0.104,CONFIRMED,SUPPORTING,0.927,NORMAL,NONE,TRAIN,True,MIXED,ACTIVE,2025-12-10,2026-03-19
0.243,SUSPECTED,SUPPORTING,0.769,NORMAL,RELATIONAL_ANOMALY,TRAIN,True,CRIMINAL,ACTIVE,2026-01-28,2026-03-02
0.438,CONFIRMED,SUPPORTING,0.848,NORMAL,NONE,TRAIN,True,CRIMINAL,ACTIVE,2026-01-01,2026-05-29
0.252,CONFIRMED,SUPPORTING,0.889,NORMAL,NONE,TRAIN,True,LEGITIMATE,ACTIVE,2026-04-24,2026-10-21
0.244,CONFIRMED,SUPPORTING,0.912,NORMAL,NONE,TRAIN,True,MIXED,ACTIVE,2026-06-03,2026-09-06
0.502,SUSPECTED,SUPPORTING,0.677,NORMAL,NONE,TRAIN,True,CRIMINAL,ACTIVE,2025-12-23,2026-03-15
0.14,UNKNOWN,NEUTRAL,0.226,NORMAL,NONE,TRAIN,True,LEGITIMATE,ACTIVE,2026-03-25,2026-08-20
0.435,CONFIRMED,SUPPORTING,0.85,NORMAL,TEMPORAL_ANOMALY,TRAIN,True,CRIMINAL,ACTIVE,2026-03-07,2026-08-13
0.47,UNKNOWN,NEUTRAL,0.253,NORMAL,NONE,TRAIN,True,MIXED,ACTIVE,2025-12-17,2026-03-31
0.264,UNKNOWN,NEUTRAL,0.436,NORMAL,NONE,TEST,True,AMBIGUOUS,ACTIVE,2025-10-14,2026-02-24
0.067,FALSE,CONTRADICTING,0.392,NORMAL,NONE,TEST,True,AMBIGUOUS,ACTIVE,2026-01-26,2026-05-12
0.619,CONFIRMED,SUPPORTING,0.856,NORMAL,NONE,VALIDATION,True,LEGITIMATE,ACTIVE,2026-03-25,2026-10-08
0.407,SUSPECTED,SUPPORTING,0.779,NORMAL,NONE,TEST,True,AMBIGUOUS,ACTIVE,2025-12-03,2026-04-16
0.531,SUSPECTED,SUPPORTING,0.76,NORMAL,NONE,TRAIN,True,MIXED,ACTIVE,2026-01-11,2026-06-02
0.282,SUSPECTED,SUPPORTING,0.755,NORMAL,NONE,TRAIN,True,MIXED,ACTIVE,2025-12-03,2026-04-09
0.302,SUSPECTED,SUPPORTING,0.597,NORMAL,CONTEXTUAL_ANOMALY,VALIDATION,True,LEGITIMATE,ACTIVE,2026-06-10,2026-09-16
0.435,UNKNOWN,NEUTRAL,0.241,NORMAL,NONE,TRAIN,True,CRIMINAL,ACTIVE,2025-12-06,2026-03-15
0.32,UNKNOWN,NEUTRAL,0.505,NORMAL,NONE,TRAIN,True,CRIMINAL,ACTIVE,2026-02-01,2026-03-24
0.639,FALSE,CONTRADICTING,0.149,NORMAL,NONE,VALIDATION,True,LEGITIMATE,ACTIVE,2026-01-02,2026-05-01
0.634,SUSPECTED,SUPPORTING,0.582,NORMAL,NONE,TEST,True,AMBIGUOUS,ACTIVE,2026-06-26,2026-10-01
0.609,CONFIRMED,SUPPORTING,0.948,NORMAL,NONE,TRAIN,True,CRIMINAL,ACTIVE,2026-01-28,2026-04-12
0.314,CONFIRMED,SUPPORTING,0.84,NORMAL,NONE,TRAIN,True,MIXED,ACTIVE,2026-05-11,2026-07-26
0.476,SUSPECTED,SUPPORTING,0.709,NORMAL,NONE,TRAIN,True,MIXED,ACTIVE,2026-07-10,2026-09-11
0.832,FALSE,CONTRADICTING,0.321,NORMAL,TEMPORAL_ANOMALY,TRAIN,True,CRIMINAL,ACTIVE,2026-01-06,2026-03-21
0.345,CONFIRMED,SUPPORTING,0.964,NORMAL,NONE,TRAIN,True,CRIMINAL,ACTIVE,2026-02-22,2026-05-30
0.402,SUSPECTED,SUPPORTING,0.635,NORMAL,CONTEXTUAL_ANOMALY,VALIDATION,True,LEGITIMATE,ACTIVE,2026-01-15,2026-07-23
0.099,UNKNOWN,NEUTRAL,0.296,NORMAL,TEMPORAL_ANOMALY,TRAIN,True,CRIMINAL,ACTIVE,2026-02-27,2026-07-07
0.496,CONFIRMED,SUPPORTING,0.951,DUPLICATE,NONE,TRAIN,True,MIXED,ACTIVE,2025-12-10,2026-03-12
0.137,UNKNOWN,NEUTRAL,0.475,NORMAL,NONE,TEST,True,AMBIGUOUS,ACTIVE,2026-02-21,2026-06-30
0.507,UNKNOWN,NEUTRAL,0.349,NORMAL,NONE,VALIDATION,True,LEGITIMATE,ACTIVE,2025-12-23,2026-03-26
0.296,CONFIRMED,SUPPORTING,0.869,NORMAL,NONE,TEST,True,AMBIGUOUS,ACTIVE,2025-09-23,2026-03-29
0.351,FALSE,CONTRADICTING,0.398,NORMAL,NONE,TRAIN,True,CRIMINAL,ACTIVE,2026-02-02,2026-07-01
0.44,SUSPECTED,SUPPORTING,0.775,NORMAL,NONE,TRAIN,True,MIXED,ACTIVE,2026-01-02,2026-03-29
0.447,UNKNOWN,NEUTRAL,0.522,NORMAL,NONE,TRAIN,True,MIXED,ACTIVE,2025-12-08,2026-04-25
0.134,CONFIRMED,SUPPORTING,0.853,NORMAL,TEMPORAL_ANOMALY,TEST,True,AMBIGUOUS,ACTIVE,2026-04-26,2026-08-05
0.257,CONFIRMED,SUPPORTING,0.985,NORMAL,NONE,TRAIN,True,CRIMINAL,ACTIVE,2026-03-05,2026-06-21
0.025,SUSPECTED,SUPPORTING,0.763,RECYCLED_SIM,POINT_ANOMALY,TRAIN,True,LEGITIMATE,ACTIVE,2025-12-04,2026-02-02
0.353,CONFIRMED,SUPPORTING,0.87,NORMAL,NONE,TRAIN,True,CRIMINAL,ACTIVE,2026-05-02,2026-10-11
0.198,SUSPECTED,SUPPORTING,0.817,NORMAL,NONE,TRAIN,True,MIXED,ACTIVE,2026-02-02,2026-07-10
0.259,FALSE,CONTRADICTING,0.141,NORMAL,NONE,TRAIN,True,LEGITIMATE,ACTIVE,2026-04-17,2026-08-22
0.566,CONFIRMED,SUPPORTING,0.988,NORMAL,NONE,TRAIN,True,CRIMINAL,ACTIVE,2026-01-18,2026-05-14
0.357,SUSPECTED,SUPPORTING,0.808,NORMAL,NONE,TEST,True,AMBIGUOUS,ACTIVE,2026-01-14,2026-05-04
0.766,CONFIRMED,SUPPORTING,0.967,NORMAL,NONE,TRAIN,True,CRIMINAL,ACTIVE,2025-12-12,2026-03-20
0.604,UNKNOWN,NEUTRAL,0.45,NORMAL,NONE,TRAIN,True,CRIMINAL,ACTIVE,2026-05-11,2026-10-04
0.378,UNKNOWN,NEUTRAL,0.227,NORMAL,NONE,TEST,True,AMBIGUOUS,ACTIVE,2026-01-17,2026-04-29
0.518,FALSE,CONTRADICTING,0.25,NORMAL,NONE,TRAIN,True,CRIMINAL,ACTIVE,2026-06-22,2026-08-30
0.484,SUSPECTED,SUPPORTING,0.844,NORMAL,NONE,TRAIN,True,LEGITIMATE,ACTIVE,2025-11-28,2026-04-30
0.108,SUSPECTED,SUPPORTING,0.655,NORMAL,NONE,TEST,True,AMBIGUOUS,ACTIVE,2026-07-06,2026-08-27
0.562,FALSE,CONTRADICTING,0.321,STALE_DEVICE,NONE,TRAIN,True,MIXED,ACTIVE,2025-12-24,2026-04-25
0.322,UNKNOWN,NEUTRAL,0.231,NORMAL,NONE,TRAIN,True,CRIMINAL,ACTIVE,2026-01-16,2026-04-18
0.774,FALSE,CONTRADICTING,0.315,NORMAL,NONE,TRAIN,True,CRIMINAL,ACTIVE,2026-05-04,2026-08-09
0.345,SUSPECTED,SUPPORTING,0.614,NORMAL,NONE,TRAIN,True,MIXED,ACTIVE,2026-02-08,2026-05-09
0.335,SUSPECTED,SUPPORTING,0.632,NORMAL,NONE,TRAIN,True,CRIMINAL,ACTIVE,2026-02-21,2026-05-05
0.461,CONFIRMED,SUPPORTING,0.966,NORMAL,NONE,TRAIN,True,CRIMINAL,ACTIVE,2026-04-01,2026-08-23
0.564,UNKNOWN,NEUTRAL,0.219,NORMAL,NONE,TRAIN,True,CRIMINAL,ACTIVE,2026-05-05,2026-09-07
0.24,SUSPECTED,SUPPORTING,0.814,NORMAL,NONE,TRAIN,True,MIXED,ACTIVE,2026-05-03,2026-10-13
0.738,CONFIRMED,SUPPORTING,0.908,NORMAL,NONE,TRAIN,True,MIXED,ACTIVE,2025-12-16,2026-06-05
0.351,UNKNOWN,NEUTRAL,0.322,NORMAL,TEMPORAL_ANOMALY,TRAIN,True,MIXED,ACTIVE,2025-12-20,2026-05-27
0.515,FALSE,CONTRADICTING,0.177,NORMAL,NONE,TEST,True,AMBIGUOUS,ACTIVE,2026-04-28,2026-06-17
0.539,SUSPECTED,SUPPORTING,0.725,NORMAL,NONE,TEST,True,AMBIGUOUS,ACTIVE,2026-02-11,2026-05-16
0.575,CONFIRMED,SUPPORTING,0.969,NORMAL,NONE,TRAIN,True,MIXED,ACTIVE,2026-01-27,2026-04-04
0.661,FALSE,CONTRADICTING,0.178,NORMAL,NONE,TRAIN,True,MIXED,ACTIVE,2026-03-16,2026-06-11
0.159,SUSPECTED,SUPPORTING,0.703,NORMAL,POINT_ANOMALY,TRAIN,True,CRIMINAL,ACTIVE,2026-02-15,2026-03-31
0.284,UNKNOWN,NEUTRAL,0.224,NORMAL,NONE,VALIDATION,True,LEGITIMATE,ACTIVE,2025-12-13,2026-03-31
0.734,SUSPECTED,SUPPORTING,0.857,NORMAL,TEMPORAL_ANOMALY,VALIDATION,True,LEGITIMATE,ACTIVE,2026-01-17,2026-04-23
0.239,FALSE,CONTRADICTING,0.391,NORMAL,NONE,TRAIN,True,MIXED,ACTIVE,2026-05-05,2026-06-19
0.171,SUSPECTED,SUPPORTING,0.619,NORMAL,NONE,TRAIN,True,MIXED,ACTIVE,2026-02-02,2026-04-07
0.706,CONFIRMED,SUPPORTING,0.87,NORMAL,NONE,TEST,True,AMBIGUOUS,ACTIVE,2025-12-31,2026-06-26
0.394,CONFIRMED,SUPPORTING,0.902,NORMAL,NONE,TRAIN,True,CRIMINAL,ACTIVE,2025-11-07,2026-03-15
0.385,CONFIRMED,SUPPORTING,0.855,NORMAL,POINT_ANOMALY,TRAIN,True,MIXED,ACTIVE,2026-04-25,2026-07-04
0.418,CONFIRMED,SUPPORTING,0.984,NORMAL,RELATIONAL_ANOMALY,TRAIN,True,MIXED,ACTIVE,2026-04-19,2026-06-01
0.08,CONFIRMED,SUPPORTING,0.863,NORMAL,NONE,TEST,True,AMBIGUOUS,ACTIVE,2026-01-24,2026-08-02
0.366,CONFIRMED,SUPPORTING,0.886,NORMAL,NONE,TRAIN,True,CRIMINAL,ACTIVE,2026-06-18,2026-07-17
0.078,SUSPECTED,SUPPORTING,0.763,NORMAL,NONE,VALIDATION,True,LEGITIMATE,ACTIVE,2026-03-29,2026-09-27
0.73,SUSPECTED,SUPPORTING,0.713,NORMAL,NONE,TRAIN,True,CRIMINAL,ACTIVE,2026-02-21,2026-07-25
0.031,FALSE,CONTRADICTING,0.337,NORMAL,NONE,TRAIN,True,CRIMINAL,ACTIVE,2026-01-14,2026-07-16
0.315,SUSPECTED,SUPPORTING,0.62,NORMAL,NONE,TRAIN,True,LEGITIMATE,ACTIVE,2026-02-09,2026-05-30
0.155,FALSE,CONTRADICTING,0.164,NORMAL,RELATIONAL_ANOMALY,VALIDATION,True,LEGITIMATE,ACTIVE,2026-04-11,2026-06-11
0.733,CONFIRMED,SUPPORTING,0.916,NORMAL,NONE,TRAIN,True,MIXED,ACTIVE,2026-02-26,2026-07-17
0.644,CONFIRMED,SUPPORTING,0.842,NORMAL,NONE,TRAIN,True,CRIMINAL,ACTIVE,2025-11-03,2026-04-17
0.537,SUSPECTED,SUPPORTING,0.662,NORMAL,NONE,TRAIN,True,CRIMINAL,ACTIVE,2025-12-22,2026-04-19
0.527,SUSPECTED,SUPPORTING,0.769,NORMAL,NONE,TRAIN,True,CRIMINAL,ACTIVE,2026-02-17,2026-06-16
0.285,CONFIRMED,SUPPORTING,0.912,NORMAL,NONE,VALIDATION,True,LEGITIMATE,ACTIVE,2026-06-03,2026-07-24
0.199,SUSPECTED,SUPPORTING,0.781,NORMAL,NONE,TRAIN,True,CRIMINAL,ACTIVE,2026-02-10,2026-06-14
0.611,CONFIRMED,SUPPORTING,0.853,NORMAL,COLLECTIVE_ANOMALY,TEST,True,AMBIGUOUS,ACTIVE,2026-03-12,2026-08-26
0.523,CONFIRMED,SUPPORTING,0.863,NORMAL,NONE,TRAIN,True,MIXED,ACTIVE,2026-03-02,2026-05-10
0.571,CONFIRMED,SUPPORTING,0.889,NORMAL,NONE,TRAIN,True,CRIMINAL,ACTIVE,2026-04-16,2026-09-25
0.776,FALSE,CONTRADICTING,0.343,NORMAL,NONE,TRAIN,True,CRIMINAL,ACTIVE,2026-04-17,2026-07-16
0.425,SUSPECTED,SUPPORTING,0.696,NORMAL,RELATIONAL_ANOMALY,TRAIN,True,CRIMINAL,ACTIVE,2026-02-06,2026-03-23
0.548,FALSE,CONTRADICTING,0.302,NORMAL,NONE,VALIDATION,True,LEGITIMATE,ACTIVE,2026-01-04,2026-02-13
0.195,FALSE,CONTRADICTING,0.128,NORMAL,TEMPORAL_ANOMALY,TRAIN,True,CRIMINAL,ACTIVE,2026-06-03,2026-09-08
0.647,CONFIRMED,SUPPORTING,0.857,NORMAL,NONE,TRAIN,True,CRIMINAL,ACTIVE,2026-01-15,2026-06-28
0.384,UNKNOWN,NEUTRAL,0.443,NORMAL,NONE,TRAIN,True,MIXED,ACTIVE,2026-01-15,2026-07-07
0.476,UNKNOWN,NEUTRAL,0.36,NORMAL,NONE,TRAIN,True,CRIMINAL,ACTIVE,2025-10-22,2026-04-28
0.647,CONFIRMED,SUPPORTING,0.908,NORMAL,COLLECTIVE_ANOMALY,VALIDATION,True,LEGITIMATE,ACTIVE,2026-02-21,2026-08-28
0.138,CONFIRMED,SUPPORTING,0.942,NORMAL,NONE,VALIDATION,True,LEGITIMATE,ACTIVE,2026-02-22,2026-05-04
0.517,FALSE,CONTRADICTING,0.27,NORMAL,NONE,TRAIN,True,MIXED,ACTIVE,2026-07-24,2026-09-24
0.646,CONFIRMED,SUPPORTING,0.875,NORMAL,NONE,VALIDATION,True,LEGITIMATE,ACTIVE,2026-01-03,2026-04-26
0.331,FALSE,CONTRADICTING,0.212,NORMAL,NONE,VALIDATION,True,LEGITIMATE,ACTIVE,2026-03-15,2026-06-21
0.701,UNKNOWN,NEUTRAL,0.382,NORMAL,TEMPORAL_ANOMALY,TRAIN,True,CRIMINAL,ACTIVE,2026-03-01,2026-06-08
0.519,SUSPECTED,SUPPORTING,0.682,NORMAL,RELATIONAL_ANOMALY,TRAIN,True,MIXED,ACTIVE,2026-05-12,2026-10-17
0.205,SUSPECTED,SUPPORTING,0.828,NORMAL,NONE,TRAIN,True,MIXED,ACTIVE,2025-11-02,2026-03-07
0.223,UNKNOWN,NEUTRAL,0.28,NORMAL,NONE,TRAIN,True,CRIMINAL,ACTIVE,2026-02-02,2026-06-13
0.402,UNKNOWN,NEUTRAL,0.291,NORMAL,NONE,TRAIN,True,CRIMINAL,ACTIVE,2026-04-03,2026-08-11
0.24,CONFIRMED,SUPPORTING,0.835,NORMAL,NONE,TRAIN,True,CRIMINAL,ACTIVE,2026-02-23,2026-06-25
0.607,FALSE,CONTRADICTING,0.417,NORMAL,NONE,TEST,True,AMBIGUOUS,ACTIVE,2026-06-21,2026-10-03
0.442,CONFIRMED,SUPPORTING,0.849,NORMAL,NONE,TRAIN,True,CRIMINAL,ACTIVE,2026-02-13,2026-04-10
0.65,UNKNOWN,NEUTRAL,0.409,NORMAL,NONE,VALIDATION,True,LEGITIMATE,ACTIVE,2026-03-17,2026-06-12
0.669,FALSE,CONTRADICTING,0.202,NORMAL,NONE,TRAIN,True,CRIMINAL,ACTIVE,2026-03-18,2026-07-18
0.21,SUSPECTED,SUPPORTING,0.699,NORMAL,NONE,TRAIN,True,CRIMINAL,ACTIVE,2026-03-05,2026-04-21
0.317,SUSPECTED,SUPPORTING,0.757,NORMAL,NONE,TRAIN,True,CRIMINAL,ACTIVE,2025-11-22,2026-05-05
0.417,CONFIRMED,SUPPORTING,0.857,NORMAL,NONE,TRAIN,True,MIXED,ACTIVE,2026-03-24,2026-07-28
0.375,UNKNOWN,NEUTRAL,0.304,NORMAL,CONTEXTUAL_ANOMALY,TRAIN,True,MIXED,ACTIVE,2026-05-20,2026-09-30
0.298,SUSPECTED,SUPPORTING,0.846,NORMAL,NONE,TRAIN,True,CRIMINAL,ACTIVE,2026-03-10,2026-09-01
0.419,FALSE,CONTRADICTING,0.335,NORMAL,TEMPORAL_ANOMALY,TEST,True,AMBIGUOUS,ACTIVE,2026-01-30,2026-07-31
0.475,SUSPECTED,SUPPORTING,0.798,NORMAL,NONE,TRAIN,True,CRIMINAL,ACTIVE,2026-04-07,2026-09-05
0.686,FALSE,CONTRADICTING,0.225,NORMAL,NONE,TEST,True,AMBIGUOUS,ACTIVE,2026-01-08,2026-06-08
0.575,FALSE,CONTRADICTING,0.263,NORMAL,NONE,VALIDATION,True,LEGITIMATE,ACTIVE,2025-12-26,2026-04-17
0.069,CONFIRMED,SUPPORTING,0.933,NORMAL,NONE,TRAIN,True,CRIMINAL,ACTIVE,2026-03-20,2026-05-04
0.423,CONFIRMED,SUPPORTING,0.825,NORMAL,NONE,TRAIN,True,MIXED,ACTIVE,2026-03-03,2026-07-08
0.114,CONFIRMED,SUPPORTING,0.868,NORMAL,NONE,TEST,True,AMBIGUOUS,ACTIVE,2026-04-23,2026-10-01
0.051,CONFIRMED,SUPPORTING,0.953,NORMAL,NONE,TRAIN,True,CRIMINAL,ACTIVE,2026-01-29,2026-04-28
0.524,CONFIRMED,SUPPORTING,0.863,NORMAL,NONE,TEST,True,AMBIGUOUS,ACTIVE,2026-01-14,2026-05-24
0.34,CONFIRMED,SUPPORTING,0.893,NORMAL,NONE,TRAIN,True,CRIMINAL,ACTIVE,2026-04-16,2026-09-06
0.351,CONFIRMED,SUPPORTING,0.867,NORMAL,NONE,TRAIN,True,CRIMINAL,ACTIVE,2025-10-31,2026-04-06
0.675,FALSE,CONTRADICTING,0.361,NORMAL,COLLECTIVE_ANOMALY,VALIDATION,True,LEGITIMATE,ACTIVE,2026-01-10,2026-04-29
0.495,CONFIRMED,SUPPORTING,0.935,NORMAL,CONTEXTUAL_ANOMALY,TRAIN,True,CRIMINAL,ACTIVE,2026-01-03,2026-04-10
0.577,UNKNOWN,NEUTRAL,0.381,NORMAL,NONE,TRAIN,True,CRIMINAL,ACTIVE,2025-12-29,2026-06-24
0.491,CONFIRMED,SUPPORTING,0.923,NORMAL,NONE,TRAIN,True,CRIMINAL,ACTIVE,2026-05-01,2026-08-19
0.25,SUSPECTED,SUPPORTING,0.749,NORMAL,NONE,TRAIN,True,CRIMINAL,ACTIVE,2026-03-01,2026-05-21
0.133,UNKNOWN,NEUTRAL,0.476,NORMAL,NONE,TRAIN,True,CRIMINAL,ACTIVE,2026-06-16,2026-07-31
0.271,CONFIRMED,SUPPORTING,0.864,NORMAL,NONE,TRAIN,True,CRIMINAL,ACTIVE,2025-11-06,2026-03-21
0.187,CONFIRMED,SUPPORTING,0.929,NORMAL,NONE,VALIDATION,True,LEGITIMATE,ACTIVE,2026-05-18,2026-10-18
0.488,FALSE,CONTRADICTING,0.17,NORMAL,NONE,TRAIN,True,CRIMINAL,ACTIVE,2026-01-03,2026-03-26
0.241,SUSPECTED,SUPPORTING,0.61,NORMAL,NONE,TRAIN,True,CRIMINAL,ACTIVE,2026-04-05,2026-08-07
0.622,UNKNOWN,NEUTRAL,0.275,NORMAL,NONE,VALIDATION,True,LEGITIMATE,ACTIVE,2026-03-07,2026-07-02
0.489,UNKNOWN,NEUTRAL,0.264,NORMAL,NONE,TRAIN,True,MIXED,ACTIVE,2025-10-23,2026-03-12
0.733,SUSPECTED,SUPPORTING,0.834,NORMAL,CONTEXTUAL_ANOMALY,TRAIN,True,CRIMINAL,ACTIVE,2026-01-04,2026-05-10
0.34,UNKNOWN,NEUTRAL,0.509,NORMAL,POINT_ANOMALY,TEST,True,AMBIGUOUS,ACTIVE,2026-01-18,2026-06-22
0.11,CONFIRMED,SUPPORTING,0.89,NORMAL,NONE,TRAIN,True,CRIMINAL,ACTIVE,2026-04-05,2026-08-21
0.373,UNKNOWN,NEUTRAL,0.22,NORMAL,NONE,TEST,True,AMBIGUOUS,ACTIVE,2026-01-05,2026-03-01
0.051,FALSE,CONTRADICTING,0.16,NORMAL,COLLECTIVE_ANOMALY,TRAIN,True,CRIMINAL,ACTIVE,2026-03-20,2026-07-16
0.749,SUSPECTED,SUPPORTING,0.695,NORMAL,NONE,TRAIN,True,MIXED,ACTIVE,2026-04-22,2026-06-01
0.692,SUSPECTED,SUPPORTING,0.705,NORMAL,NONE,TEST,True,AMBIGUOUS,ACTIVE,2025-10-14,2026-03-08
0.343,FALSE,CONTRADICTING,0.356,NORMAL,NONE,VALIDATION,True,LEGITIMATE,ACTIVE,2026-03-03,2026-06-10
0.362,CONFIRMED,SUPPORTING,0.985,NORMAL,NONE,VALIDATION,True,LEGITIMATE,ACTIVE,2026-05-04,2026-08-23
0.198,SUSPECTED,SUPPORTING,0.824,NORMAL,NONE,TRAIN,True,CRIMINAL,ACTIVE,2025-12-21,2026-04-04
0.279,SUSPECTED,SUPPORTING,0.738,RECYCLED_SIM,NONE,TRAIN,True,MIXED,ACTIVE,2026-02-15,2026-04-18
0.152,SUSPECTED,SUPPORTING,0.627,NORMAL,TEMPORAL_ANOMALY,VALIDATION,True,LEGITIMATE,ACTIVE,2025-12-26,2026-06-26
0.263,FALSE,CONTRADICTING,0.279,NORMAL,TEMPORAL_ANOMALY,TRAIN,True,MIXED,ACTIVE,2026-01-18,2026-06-16
0.243,CONFIRMED,SUPPORTING,0.9,NORMAL,NONE,TRAIN,True,CRIMINAL,ACTIVE,2026-03-18,2026-07-30
0.601,SUSPECTED,SUPPORTING,0.74,NORMAL,NONE,TRAIN,True,CRIMINAL,ACTIVE,2026-03-24,2026-08-19
0.52,UNKNOWN,NEUTRAL,0.257,NORMAL,NONE,TRAIN,True,MIXED,ACTIVE,2026-02-25,2026-07-06
0.35,SUSPECTED,SUPPORTING,0.71,NORMAL,NONE,VALIDATION,True,LEGITIMATE,ACTIVE,2026-01-29,2026-07-07
0.634,SUSPECTED,SUPPORTING,0.856,NORMAL,NONE,TRAIN,True,MIXED,ACTIVE,2026-03-23,2026-04-24
0.706,SUSPECTED,SUPPORTING,0.75,NORMAL,TEMPORAL_ANOMALY,TRAIN,True,MIXED,ACTIVE,2025-10-12,2026-03-06
0.344,UNKNOWN,NEUTRAL,0.478,NORMAL,POINT_ANOMALY,TRAIN,True,CRIMINAL,ACTIVE,2026-02-08,2026-06-30
0.413,SUSPECTED,SUPPORTING,0.833,NORMAL,NONE,TRAIN,True,CRIMINAL,ACTIVE,2026-04-19,2026-08-26
0.395,SUSPECTED,SUPPORTING,0.8,NORMAL,NONE,TRAIN,True,MIXED,ACTIVE,2025-11-26,2026-06-11
0.265,SUSPECTED,SUPPORTING,0.781,NORMAL,NONE,TRAIN,True,CRIMINAL,ACTIVE,2026-03-30,2026-09-30
0.309,CONFIRMED,SUPPORTING,0.9,NORMAL,NONE,TRAIN,True,CRIMINAL,ACTIVE,2026-01-25,2026-05-04
0.103,UNKNOWN,NEUTRAL,0.336,NORMAL,NONE,TEST,True,AMBIGUOUS,ACTIVE,2026-03-06,2026-08-07
0.223,CONFIRMED,SUPPORTING,0.842,NORMAL,RELATIONAL_ANOMALY,TRAIN,True,CRIMINAL,ACTIVE,2026-04-18,2026-08-25
0.015,FALSE,CONTRADICTING,0.191,NORMAL,NONE,TRAIN,True,MIXED,ACTIVE,2026-01-20,2026-06-06
0.227,CONFIRMED,SUPPORTING,0.9,NORMAL,NONE,TRAIN,True,MIXED,ACTIVE,2026-05-05,2026-06-24
0.489,FALSE,CONTRADICTING,0.187,NORMAL,TEMPORAL_ANOMALY,TEST,True,AMBIGUOUS,ACTIVE,2026-04-12,2026-09-26
0.606,UNKNOWN,NEUTRAL,0.32,DUPLICATE,NONE,VALIDATION,True,LEGITIMATE,ACTIVE,2025-11-25,2026-04-02
0.536,UNKNOWN,NEUTRAL,0.495,NORMAL,NONE,TRAIN,True,MIXED,ACTIVE,2025-11-13,2026-04-06
0.226,CONFIRMED,SUPPORTING,0.837,NORMAL,NONE,TRAIN,True,MIXED,ACTIVE,2025-12-12,2026-02-26
0.386,UNKNOWN,NEUTRAL,0.234,NORMAL,RELATIONAL_ANOMALY,TRAIN,True,CRIMINAL,ACTIVE,2026-01-09,2026-05-29
0.438,UNKNOWN,NEUTRAL,0.297,NORMAL,NONE,TRAIN,True,MIXED,ACTIVE,2026-05-29,2026-07-12
0.367,UNKNOWN,NEUTRAL,0.276,NORMAL,NONE,TEST,True,AMBIGUOUS,ACTIVE,2026-02-15,2026-05-07
0.601,CONFIRMED,SUPPORTING,0.882,NORMAL,NONE,VALIDATION,True,LEGITIMATE,ACTIVE,2026-02-17,2026-09-07
0.136,CONFIRMED,SUPPORTING,0.964,NORMAL,NONE,TRAIN,True,CRIMINAL,ACTIVE,2026-04-21,2026-08-27
0.23,CONFIRMED,SUPPORTING,0.856,NORMAL,NONE,TEST,True,AMBIGUOUS,ACTIVE,2025-12-20,2026-05-18
0.515,UNKNOWN,NEUTRAL,0.222,NORMAL,NONE,TRAIN,True,LEGITIMATE,ACTIVE,2026-03-16,2026-07-31
0.322,UNKNOWN,NEUTRAL,0.335,NORMAL,RELATIONAL_ANOMALY,TEST,True,AMBIGUOUS,ACTIVE,2026-02-18,2026-05-17
0.348,UNKNOWN,NEUTRAL,0.457,NORMAL,NONE,TRAIN,True,CRIMINAL,ACTIVE,2026-01-25,2026-06-03
0.202,CONFIRMED,SUPPORTING,0.947,NORMAL,TEMPORAL_ANOMALY,TRAIN,True,CRIMINAL,ACTIVE,2026-02-08,2026-06-28
0.473,CONFIRMED,SUPPORTING,0.899,NORMAL,NONE,TRAIN,True,CRIMINAL,ACTIVE,2025-12-19,2026-03-08
0.592,UNKNOWN,NEUTRAL,0.367,NORMAL,TEMPORAL_ANOMALY,VALIDATION,True,LEGITIMATE,ACTIVE,2026-02-26,2026-09-02
0.266,UNKNOWN,NEUTRAL,0.274,SHARED_DEVICE,NONE,TRAIN,True,MIXED,ACTIVE,2026-05-19,2026-08-19
0.546,UNKNOWN,NEUTRAL,0.541,NORMAL,POINT_ANOMALY,TEST,True,AMBIGUOUS,ACTIVE,2026-02-28,2026-05-01
0.297,SUSPECTED,SUPPORTING,0.69,NORMAL,NONE,TRAIN,True,CRIMINAL,ACTIVE,2026-07-04,2026-08-24
0.485,UNKNOWN,NEUTRAL,0.324,NORMAL,NONE,TRAIN,True,MIXED,ACTIVE,2025-12-07,2026-05-30
0.19,SUSPECTED,SUPPORTING,0.67,NORMAL,NONE,TRAIN,True,CRIMINAL,ACTIVE,2026-02-19,2026-06-29
0.679,CONFIRMED,SUPPORTING,0.938,NORMAL,POINT_ANOMALY,TRAIN,True,CRIMINAL,ACTIVE,2026-02-08,2026-06-26
0.49,SUSPECTED,SUPPORTING,0.765,NORMAL,POINT_ANOMALY,TRAIN,True,CRIMINAL,ACTIVE,2026-03-01,2026-07-06
0.194,CONFIRMED,SUPPORTING,0.879,NORMAL,NONE,TRAIN,True,CRIMINAL,ACTIVE,2026-03-01,2026-05-26
0.325,CONFIRMED,SUPPORTING,0.977,NORMAL,NONE,TRAIN,True,MIXED,ACTIVE,2026-04-22,2026-09-15
0.101,SUSPECTED,SUPPORTING,0.585,NORMAL,NONE,TRAIN,True,CRIMINAL,ACTIVE,2025-11-12,2026-03-08
0.352,FALSE,CONTRADICTING,0.164,NORMAL,NONE,TRAIN,True,CRIMINAL,ACTIVE,2026-03-18,2026-08-30
0.495,FALSE,CONTRADICTING,0.418,NORMAL,NONE,TRAIN,True,CRIMINAL,ACTIVE,2026-01-05,2026-06-16
0.451,SUSPECTED,SUPPORTING,0.766,NORMAL,NONE,VALIDATION,True,LEGITIMATE,ACTIVE,2025-12-25,2026-07-05
0.148,UNKNOWN,NEUTRAL,0.543,NORMAL,NONE,TRAIN,True,CRIMINAL,ACTIVE,2026-01-17,2026-04-07
0.322,UNKNOWN,NEUTRAL,0.541,NORMAL,NONE,TEST,True,AMBIGUOUS,ACTIVE,2025-10-26,2026-02-15
0.437,UNKNOWN,NEUTRAL,0.409,NORMAL,NONE,VALIDATION,True,LEGITIMATE,ACTIVE,2026-02-26,2026-06-20
0.342,UNKNOWN,NEUTRAL,0.222,NORMAL,NONE,TRAIN,True,MIXED,ACTIVE,2025-11-26,2026-04-13
0.41,CONFIRMED,SUPPORTING,0.853,NORMAL,NONE,TRAIN,True,MIXED,ACTIVE,2025-11-27,2026-04-25
0.451,UNKNOWN,NEUTRAL,0.302,NORMAL,NONE,TEST,True,AMBIGUOUS,ACTIVE,2026-05-17,2026-08-31
0.056,CONFIRMED,SUPPORTING,0.961,NORMAL,NONE,TRAIN,True,CRIMINAL,ACTIVE,2026-03-24,2026-07-14
0.411,SUSPECTED,SUPPORTING,0.855,NORMAL,NONE,TRAIN,True,MIXED,ACTIVE,2026-03-06,2026-05-29
0.327,SUSPECTED,SUPPORTING,0.815,NORMAL,TEMPORAL_ANOMALY,TEST,True,AMBIGUOUS,ACTIVE,2025-11-22,2026-04-15
0.453,SUSPECTED,SUPPORTING,0.75,NORMAL,NONE,TRAIN,True,CRIMINAL,ACTIVE,2026-01-30,2026-05-26
0.316,CONFIRMED,SUPPORTING,0.924,NORMAL,POINT_ANOMALY,TEST,True,AMBIGUOUS,ACTIVE,2026-01-15,2026-06-16
0.116,CONFIRMED,SUPPORTING,0.935,NORMAL,RELATIONAL_ANOMALY,TRAIN,True,CRIMINAL,ACTIVE,2026-04-25,2026-08-15
0.267,UNKNOWN,NEUTRAL,0.35,NORMAL,NONE,TRAIN,True,CRIMINAL,ACTIVE,2026-01-16,2026-05-06
0.27,SUSPECTED,SUPPORTING,0.621,NORMAL,NONE,VALIDATION,True,LEGITIMATE,ACTIVE,2026-05-04,2026-08-23
0.764,CONFIRMED,SUPPORTING,0.928,SHARED_DEVICE,NONE,VALIDATION,True,LEGITIMATE,ACTIVE,2026-03-08,2026-04-26
0.535,SUSPECTED,SUPPORTING,0.623,NORMAL,NONE,TRAIN,True,MIXED,ACTIVE,2026-05-14,2026-09-01
0.124,SUSPECTED,SUPPORTING,0.853,STALE_DEVICE,NONE,TRAIN,True,CRIMINAL,ACTIVE,2025-12-07,2026-05-21
0.236,UNKNOWN,NEUTRAL,0.303,NORMAL,NONE,TRAIN,True,MIXED,ACTIVE,2025-12-17,2026-03-21
0.068,CONFIRMED,SUPPORTING,0.925,NORMAL,NONE,TRAIN,True,CRIMINAL,ACTIVE,2025-11-14,2026-03-16
0.801,CONFIRMED,SUPPORTING,0.937,STALE_DEVICE,NONE,TRAIN,True,CRIMINAL,ACTIVE,2026-05-21,2026-08-29
0.579,CONFIRMED,SUPPORTING,0.948,NORMAL,NONE,TRAIN,True,CRIMINAL,ACTIVE,2026-05-30,2026-11-09
0.437,FALSE,CONTRADICTING,0.195,NORMAL,NONE,TRAIN,True,MIXED,ACTIVE,2026-06-06,2026-10-24
0.326,SUSPECTED,SUPPORTING,0.803,NORMAL,TEMPORAL_ANOMALY,TRAIN,True,CRIMINAL,ACTIVE,2026-05-29,2026-09-02
0.448,SUSPECTED,SUPPORTING,0.617,NORMAL,NONE,TRAIN,True,MIXED,ACTIVE,2026-07-09,2026-09-03
0.597,FALSE,CONTRADICTING,0.188,NORMAL,NONE,TRAIN,True,CRIMINAL,ACTIVE,2025-10-31,2026-03-23
0.108,FALSE,CONTRADICTING,0.127,NORMAL,NONE,TEST,True,AMBIGUOUS,ACTIVE,2026-04-29,2026-08-21
0.282,CONFIRMED,SUPPORTING,0.976,NORMAL,NONE,TRAIN,True,CRIMINAL,ACTIVE,2025-12-12,2026-02-04
0.347,UNKNOWN,NEUTRAL,0.515,NORMAL,NONE,TRAIN,True,MIXED,ACTIVE,2025-12-12,2026-04-28
0.508,UNKNOWN,NEUTRAL,0.394,NORMAL,NONE,TRAIN,True,CRIMINAL,ACTIVE,2026-05-27,2026-10-06
0.356,SUSPECTED,SUPPORTING,0.753,NORMAL,NONE,TEST,True,AMBIGUOUS,ACTIVE,2026-04-20,2026-06-14
0.247,CONFIRMED,SUPPORTING,0.959,NORMAL,NONE,TRAIN,True,MIXED,ACTIVE,2026-03-30,2026-08-04
0.352,CONFIRMED,SUPPORTING,0.866,NORMAL,NONE,TRAIN,True,CRIMINAL,ACTIVE,2026-02-12,2026-08-19
0.361,SUSPECTED,SUPPORTING,0.764,NORMAL,NONE,TRAIN,True,CRIMINAL,ACTIVE,2026-04-08,2026-08-10
0.644,UNKNOWN,NEUTRAL,0.389,NORMAL,NONE,VALIDATION,True,LEGITIMATE,ACTIVE,2026-06-25,2026-10-17
0.628,CONFIRMED,SUPPORTING,0.95,NORMAL,NONE,TRAIN,True,CRIMINAL,ACTIVE,2025-11-23,2026-03-10
0.415,UNKNOWN,NEUTRAL,0.38,NORMAL,NONE,TRAIN,True,CRIMINAL,ACTIVE,2026-05-29,2026-09-15
0.339,FALSE,CONTRADICTING,0.253,NORMAL,NONE,TRAIN,True,CRIMINAL,ACTIVE,2025-12-22,2026-04-27
0.57,SUSPECTED,SUPPORTING,0.729,NORMAL,CONTEXTUAL_ANOMALY,TRAIN,True,CRIMINAL,ACTIVE,2026-02-17,2026-04-29
0.205,UNKNOWN,NEUTRAL,0.519,NORMAL,COLLECTIVE_ANOMALY,TRAIN,True,MIXED,ACTIVE,2026-03-28,2026-06-05
0.142,SUSPECTED,SUPPORTING,0.741,NORMAL,NONE,TRAIN,True,CRIMINAL,ACTIVE,2026-01-18,2026-05-02
0.595,SUSPECTED,SUPPORTING,0.644,NORMAL,TEMPORAL_ANOMALY,VALIDATION,True,LEGITIMATE,ACTIVE,2026-01-12,2026-04-29
0.345,SUSPECTED,SUPPORTING,0.607,NORMAL,NONE,TRAIN,True,CRIMINAL,ACTIVE,2026-03-28,2026-05-18
0.552,CONFIRMED,SUPPORTING,0.936,NORMAL,CONTEXTUAL_ANOMALY,TRAIN,True,CRIMINAL,ACTIVE,2026-03-05,2026-04-13
0.683,SUSPECTED,SUPPORTING,0.702,NORMAL,NONE,TRAIN,True,MIXED,ACTIVE,2026-03-28,2026-08-18
0.203,FALSE,CONTRADICTING,0.123,NORMAL,NONE,TRAIN,True,LEGITIMATE,ACTIVE,2026-02-20,2026-06-04
0.64,FALSE,CONTRADICTING,0.217,NORMAL,TEMPORAL_ANOMALY,TRAIN,True,CRIMINAL,ACTIVE,2026-06-25,2026-09-29
0.294,SUSPECTED,SUPPORTING,0.697,NORMAL,NONE,TRAIN,True,CRIMINAL,ACTIVE,2026-01-22,2026-05-31
0.08,UNKNOWN,NEUTRAL,0.309,NORMAL,NONE,TRAIN,True,CRIMINAL,ACTIVE,2026-01-18,2026-06-28
0.309,UNKNOWN,NEUTRAL,0.523,NORMAL,NONE,VALIDATION,True,LEGITIMATE,ACTIVE,2026-01-27,2026-04-25
0.275,CONFIRMED,SUPPORTING,0.863,NORMAL,NONE,TRAIN,True,MIXED,ACTIVE,2026-07-13,2026-09-15
0.333,FALSE,CONTRADICTING,0.299,NORMAL,NONE,TRAIN,True,MIXED,ACTIVE,2026-02-25,2026-07-22
0.314,FALSE,CONTRADICTING,0.334,NORMAL,NONE,TRAIN,True,CRIMINAL,ACTIVE,2025-11-07,2026-04-09
0.411,FALSE,CONTRADICTING,0.301,NORMAL,NONE,TRAIN,True,MIXED,ACTIVE,2025-12-19,2026-06-27
0.146,CONFIRMED,SUPPORTING,0.892,NORMAL,NONE,TRAIN,True,CRIMINAL,ACTIVE,2026-02-13,2026-04-11
0.545,CONFIRMED,SUPPORTING,0.858,NORMAL,NONE,TRAIN,True,MIXED,ACTIVE,2026-05-04,2026-09-01
0.191,UNKNOWN,NEUTRAL,0.505,NORMAL,NONE,VALIDATION,True,LEGITIMATE,ACTIVE,2026-05-05,2026-11-04
0.48,CONFIRMED,SUPPORTING,0.961,NORMAL,RELATIONAL_ANOMALY,TRAIN,True,MIXED,ACTIVE,2026-06-18,2026-08-12
0.377,FALSE,CONTRADICTING,0.259,NORMAL,NONE,TRAIN,True,MIXED,ACTIVE,2026-03-17,2026-08-25
0.287,CONFIRMED,SUPPORTING,0.922,NORMAL,NONE,TEST,True,AMBIGUOUS,ACTIVE,2026-02-13,2026-07-28
0.327,UNKNOWN,NEUTRAL,0.268,NORMAL,CONTEXTUAL_ANOMALY,TRAIN,True,CRIMINAL,ACTIVE,2026-03-07,2026-05-14
0.341,SUSPECTED,SUPPORTING,0.725,NORMAL,NONE,TEST,True,AMBIGUOUS,ACTIVE,2026-04-19,2026-08-30
0.68,FALSE,CONTRADICTING,0.347,NORMAL,NONE,TRAIN,True,LEGITIMATE,ACTIVE,2026-02-22,2026-06-01
0.355,SUSPECTED,SUPPORTING,0.755,NORMAL,NONE,TRAIN,True,CRIMINAL,ACTIVE,2026-03-07,2026-06-13
0.264,CONFIRMED,SUPPORTING,0.925,NORMAL,NONE,TRAIN,True,CRIMINAL,ACTIVE,2026-06-16,2026-08-18
0.13,SUSPECTED,SUPPORTING,0.751,NORMAL,NONE,VALIDATION,True,LEGITIMATE,ACTIVE,2026-01-11,2026-03-12
0.371,SUSPECTED,SUPPORTING,0.604,NORMAL,NONE,TRAIN,True,CRIMINAL,ACTIVE,2026-04-16,2026-10-07
0.832,UNKNOWN,NEUTRAL,0.522,NORMAL,NONE,TRAIN,True,CRIMINAL,ACTIVE,2026-03-23,2026-08-17
0.166,CONFIRMED,SUPPORTING,0.853,STALE_DEVICE,NONE,TRAIN,True,MIXED,ACTIVE,2025-11-10,2026-03-22
0.377,SUSPECTED,SUPPORTING,0.841,NORMAL,COLLECTIVE_ANOMALY,TEST,True,AMBIGUOUS,ACTIVE,2025-12-28,2026-03-19
0.013,UNKNOWN,NEUTRAL,0.488,NORMAL,NONE,TRAIN,True,CRIMINAL,ACTIVE,2026-03-25,2026-09-10
0.293,SUSPECTED,SUPPORTING,0.647,NORMAL,NONE,TRAIN,True,CRIMINAL,ACTIVE,2026-03-27,2026-08-06
0.224,FALSE,CONTRADICTING,0.393,NORMAL,TEMPORAL_ANOMALY,TRAIN,True,CRIMINAL,ACTIVE,2026-02-13,2026-08-09
0.436,UNKNOWN,NEUTRAL,0.473,NORMAL,RELATIONAL_ANOMALY,TRAIN,True,CRIMINAL,ACTIVE,2026-05-31,2026-07-31
0.774,SUSPECTED,SUPPORTING,0.637,NORMAL,POINT_ANOMALY,TRAIN,True,CRIMINAL,ACTIVE,2026-02-26,2026-08-16
0.434,CONFIRMED,SUPPORTING,0.969,NORMAL,POINT_ANOMALY,TRAIN,True,CRIMINAL,ACTIVE,2026-01-15,2026-05-31
0.267,SUSPECTED,SUPPORTING,0.681,NORMAL,NONE,TRAIN,True,CRIMINAL,ACTIVE,2026-01-15,2026-05-07
0.348,SUSPECTED,SUPPORTING,0.611,NORMAL,NONE,TRAIN,True,MIXED,ACTIVE,2025-11-28,2026-05-27
0.274,SUSPECTED,SUPPORTING,0.86,NORMAL,NONE,TRAIN,True,MIXED,ACTIVE,2026-04-14,2026-05-24
0.333,FALSE,CONTRADICTING,0.379,NORMAL,NONE,TRAIN,True,CRIMINAL,ACTIVE,2025-10-23,2026-02-21
0.645,FALSE,CONTRADICTING,0.175,NORMAL,NONE,TRAIN,True,CRIMINAL,ACTIVE,2025-10-26,2026-05-19
0.526,FALSE,CONTRADICTING,0.364,NORMAL,NONE,VALIDATION,True,LEGITIMATE,ACTIVE,2026-03-09,2026-08-16
0.072,UNKNOWN,NEUTRAL,0.405,NORMAL,NONE,TRAIN,True,CRIMINAL,ACTIVE,2025-09-17,2026-01-28
0.265,CONFIRMED,SUPPORTING,0.857,STALE_DEVICE,NONE,TRAIN,True,CRIMINAL,ACTIVE,2025-10-26,2026-03-26
0.158,UNKNOWN,NEUTRAL,0.548,NORMAL,NONE,TRAIN,True,MIXED,ACTIVE,2025-09-17,2026-03-07
0.558,CONFIRMED,SUPPORTING,0.886,NORMAL,NONE,TEST,True,AMBIGUOUS,ACTIVE,2026-02-10,2026-05-24
0.223,CONFIRMED,SUPPORTING,0.854,NORMAL,NONE,TRAIN,True,CRIMINAL,ACTIVE,2026-03-28,2026-06-19
0.792,SUSPECTED,SUPPORTING,0.844,NORMAL,NONE,TRAIN,True,MIXED,ACTIVE,2026-04-03,2026-08-09
0.287,UNKNOWN,NEUTRAL,0.522,NORMAL,NONE,VALIDATION,True,LEGITIMATE,ACTIVE,2026-01-09,2026-03-14
0.451,SUSPECTED,SUPPORTING,0.748,NORMAL,NONE,TRAIN,True,MIXED,ACTIVE,2026-02-27,2026-06-05
0.341,SUSPECTED,SUPPORTING,0.613,NORMAL,NONE,TRAIN,True,CRIMINAL,ACTIVE,2025-12-07,2026-04-05
0.603,SUSPECTED,SUPPORTING,0.82,NORMAL,CONTEXTUAL_ANOMALY,TRAIN,True,MIXED,ACTIVE,2026-02-11,2026-06-07
0.454,UNKNOWN,NEUTRAL,0.526,NORMAL,NONE,TRAIN,True,CRIMINAL,ACTIVE,2026-03-16,2026-04-19
0.287,CONFIRMED,SUPPORTING,0.916,NORMAL,NONE,TRAIN,True,CRIMINAL,ACTIVE,2026-02-05,2026-06-10
0.266,FALSE,CONTRADICTING,0.417,RECYCLED_SIM,NONE,TRAIN,True,CRIMINAL,ACTIVE,2026-05-12,2026-08-24
0.23,SUSPECTED,SUPPORTING,0.762,NORMAL,NONE,TRAIN,True,CRIMINAL,ACTIVE,2026-07-25,2026-09-03
0.264,FALSE,CONTRADICTING,0.292,NORMAL,NONE,TEST,True,AMBIGUOUS,ACTIVE,2026-07-16,2026-10-10
0.36,SUSPECTED,SUPPORTING,0.802,NORMAL,NONE,TRAIN,True,MIXED,ACTIVE,2026-03-15,2026-07-18
0.519,SUSPECTED,SUPPORTING,0.723,NORMAL,NONE,TRAIN,True,MIXED,ACTIVE,2026-05-04,2026-08-07
0.424,SUSPECTED,SUPPORTING,0.646,NORMAL,NONE,TEST,True,AMBIGUOUS,ACTIVE,2025-12-10,2026-02-20
0.781,SUSPECTED,SUPPORTING,0.859,STALE_DEVICE,COLLECTIVE_ANOMALY,TRAIN,True,CRIMINAL,ACTIVE,2026-02-02,2026-05-19
0.147,CONFIRMED,SUPPORTING,0.943,NORMAL,COLLECTIVE_ANOMALY,TEST,True,AMBIGUOUS,ACTIVE,2025-11-26,2026-03-31
0.356,SUSPECTED,SUPPORTING,0.84,STALE_DEVICE,NONE,TRAIN,True,CRIMINAL,ACTIVE,2026-05-20,2026-10-21
0.383,FALSE,CONTRADICTING,0.361,NORMAL,NONE,VALIDATION,True,LEGITIMATE,ACTIVE,2026-05-05,2026-08-29
0.909,CONFIRMED,SUPPORTING,0.851,NORMAL,NONE,TRAIN,True,CRIMINAL,ACTIVE,2026-05-20,2026-09-11
0.341,SUSPECTED,SUPPORTING,0.775,NORMAL,NONE,VALIDATION,True,LEGITIMATE,ACTIVE,2025-12-04,2026-05-14
0.179,SUSPECTED,SUPPORTING,0.729,NORMAL,NONE,TEST,True,AMBIGUOUS,ACTIVE,2025-11-06,2026-02-11
0.481,SUSPECTED,SUPPORTING,0.606,NORMAL,NONE,TRAIN,True,MIXED,ACTIVE,2026-02-28,2026-06-20
0.255,UNKNOWN,NEUTRAL,0.274,NORMAL,NONE,TRAIN,True,LEGITIMATE,ACTIVE,2026-01-09,2026-05-23
0.697,UNKNOWN,NEUTRAL,0.297,NORMAL,NONE,TRAIN,True,LEGITIMATE,ACTIVE,2026-06-14,2026-09-10
0.354,CONFIRMED,SUPPORTING,0.893,NORMAL,CONTEXTUAL_ANOMALY,TRAIN,True,MIXED,ACTIVE,2026-03-11,2026-06-07
0.18,UNKNOWN,NEUTRAL,0.235,NORMAL,NONE,TRAIN,True,CRIMINAL,ACTIVE,2026-03-03,2026-07-05
0.537,CONFIRMED,SUPPORTING,0.874,NORMAL,NONE,TRAIN,True,MIXED,ACTIVE,2025-12-23,2026-04-09
0.399,CONFIRMED,SUPPORTING,0.974,RECYCLED_SIM,RELATIONAL_ANOMALY,TRAIN,True,CRIMINAL,ACTIVE,2026-02-04,2026-03-27
0.053,SUSPECTED,SUPPORTING,0.794,NORMAL,CONTEXTUAL_ANOMALY,TEST,True,AMBIGUOUS,ACTIVE,2025-11-01,2026-05-10
0.326,UNKNOWN,NEUTRAL,0.483,NORMAL,NONE,VALIDATION,True,LEGITIMATE,ACTIVE,2026-03-13,2026-07-01
0.739,FALSE,CONTRADICTING,0.337,NORMAL,NONE,TRAIN,True,MIXED,ACTIVE,2025-10-29,2026-03-15
0.548,SUSPECTED,SUPPORTING,0.834,SHARED_DEVICE,COLLECTIVE_ANOMALY,TRAIN,True,MIXED,ACTIVE,2025-09-08,2026-02-22
0.628,SUSPECTED,SUPPORTING,0.66,SHARED_DEVICE,NONE,TEST,True,AMBIGUOUS,ACTIVE,2026-02-21,2026-05-31
0.056,FALSE,CONTRADICTING,0.257,NORMAL,COLLECTIVE_ANOMALY,VALIDATION,True,LEGITIMATE,ACTIVE,2025-12-04,2026-03-08
0.661,CONFIRMED,SUPPORTING,0.87,NORMAL,COLLECTIVE_ANOMALY,TRAIN,True,CRIMINAL,ACTIVE,2026-01-08,2026-04-11
0.147,SUSPECTED,SUPPORTING,0.784,STALE_DEVICE,NONE,TEST,True,AMBIGUOUS,ACTIVE,2026-05-13,2026-09-30
0.467,CONFIRMED,SUPPORTING,0.851,SHARED_DEVICE,CONTEXTUAL_ANOMALY,TRAIN,True,CRIMINAL,ACTIVE,2025-11-08,2026-04-16
0.358,SUSPECTED,SUPPORTING,0.832,NORMAL,CONTEXTUAL_ANOMALY,VALIDATION,True,LEGITIMATE,ACTIVE,2026-05-28,2026-09-09
0.569,CONFIRMED,SUPPORTING,0.875,NORMAL,POINT_ANOMALY,TRAIN,True,CRIMINAL,ACTIVE,2026-01-19,2026-06-22
0.821,UNKNOWN,NEUTRAL,0.219,NORMAL,RELATIONAL_ANOMALY,TRAIN,True,LEGITIMATE,ACTIVE,2026-01-30,2026-05-07
0.162,UNKNOWN,NEUTRAL,0.442,NORMAL,RELATIONAL_ANOMALY,TRAIN,True,MIXED,ACTIVE,2026-05-11,2026-10-06
0.423,FALSE,CONTRADICTING,0.208,NORMAL,NONE,TRAIN,True,CRIMINAL,ACTIVE,2026-02-17,2026-07-10
0.058,CONFIRMED,SUPPORTING,0.879,NORMAL,NONE,TRAIN,True,MIXED,ACTIVE,2026-06-09,2026-09-28
0.15,SUSPECTED,SUPPORTING,0.598,NORMAL,NONE,TRAIN,True,MIXED,ACTIVE,2026-04-24,2026-07-26
0.417,FALSE,CONTRADICTING,0.169,NORMAL,NONE,TEST,True,AMBIGUOUS,ACTIVE,2026-02-09,2026-04-30
0.278,CONFIRMED,SUPPORTING,0.896,NORMAL,NONE,TRAIN,True,CRIMINAL,ACTIVE,2025-12-05,2026-04-27
0.161,UNKNOWN,NEUTRAL,0.444,SHARED_DEVICE,NONE,TRAIN,True,MIXED,ACTIVE,2025-11-26,2026-05-28
0.538,UNKNOWN,NEUTRAL,0.254,NORMAL,TEMPORAL_ANOMALY,TRAIN,True,MIXED,ACTIVE,2026-02-12,2026-04-13
0.277,SUSPECTED,SUPPORTING,0.801,NORMAL,NONE,TRAIN,True,MIXED,ACTIVE,2025-12-19,2026-04-30
0.599,CONFIRMED,SUPPORTING,0.946,NORMAL,NONE,TRAIN,True,CRIMINAL,ACTIVE,2025-10-11,2026-03-30
0.51,UNKNOWN,NEUTRAL,0.27,NORMAL,NONE,VALIDATION,True,LEGITIMATE,ACTIVE,2026-05-11,2026-09-02
0.168,CONFIRMED,SUPPORTING,0.834,DUPLICATE,NONE,TRAIN,True,CRIMINAL,ACTIVE,2026-03-21,2026-06-16
0.388,UNKNOWN,NEUTRAL,0.464,NORMAL,NONE,TEST,True,AMBIGUOUS,ACTIVE,2026-03-22,2026-07-12
0.266,FALSE,CONTRADICTING,0.227,NORMAL,NONE,TRAIN,True,CRIMINAL,ACTIVE,2026-01-04,2026-04-13
0.038,UNKNOWN,NEUTRAL,0.39,NORMAL,TEMPORAL_ANOMALY,TRAIN,True,CRIMINAL,ACTIVE,2026-02-07,2026-06-07
0.305,CONFIRMED,SUPPORTING,0.883,NORMAL,NONE,TRAIN,True,CRIMINAL,ACTIVE,2025-11-11,2026-04-26
0.313,CONFIRMED,SUPPORTING,0.934,NORMAL,NONE,TRAIN,True,CRIMINAL,ACTIVE,2025-10-28,2026-03-04
0.275,CONFIRMED,SUPPORTING,0.887,NORMAL,NONE,TRAIN,True,MIXED,ACTIVE,2026-06-04,2026-10-18
0.419,SUSPECTED,SUPPORTING,0.63,NORMAL,POINT_ANOMALY,TEST,True,AMBIGUOUS,ACTIVE,2026-04-01,2026-08-03
0.241,UNKNOWN,NEUTRAL,0.261,NORMAL,CONTEXTUAL_ANOMALY,TRAIN,True,CRIMINAL,ACTIVE,2026-05-11,2026-08-13
0.059,FALSE,CONTRADICTING,0.225,NORMAL,NONE,TRAIN,True,MIXED,ACTIVE,2026-02-03,2026-04-12
0.853,FALSE,CONTRADICTING,0.296,NORMAL,NONE,TRAIN,True,MIXED,ACTIVE,2026-06-24,2026-09-12
0.261,SUSPECTED,SUPPORTING,0.804,NORMAL,NONE,TRAIN,True,MIXED,ACTIVE,2025-12-21,2026-03-11
0.492,UNKNOWN,NEUTRAL,0.438,NORMAL,NONE,TEST,True,AMBIGUOUS,ACTIVE,2026-01-27,2026-08-03
0.106,SUSPECTED,SUPPORTING,0.694,NORMAL,CONTEXTUAL_ANOMALY,TRAIN,True,CRIMINAL,ACTIVE,2026-03-28,2026-09-25
0.434,CONFIRMED,SUPPORTING,0.943,NORMAL,NONE,TRAIN,True,CRIMINAL,ACTIVE,2026-01-16,2026-07-25
0.249,CONFIRMED,SUPPORTING,0.886,NORMAL,NONE,TRAIN,True,CRIMINAL,ACTIVE,2026-04-12,2026-07-21
0.175,UNKNOWN,NEUTRAL,0.238,STALE_DEVICE,NONE,VALIDATION,True,LEGITIMATE,ACTIVE,2026-02-11,2026-06-04
0.237,SUSPECTED,SUPPORTING,0.707,NORMAL,NONE,TRAIN,True,CRIMINAL,ACTIVE,2026-04-25,2026-07-06
0.384,UNKNOWN,NEUTRAL,0.233,NORMAL,NONE,VALIDATION,True,LEGITIMATE,ACTIVE,2026-02-20,2026-07-12
0.214,CONFIRMED,SUPPORTING,0.95,NORMAL,NONE,TRAIN,True,CRIMINAL,ACTIVE,2026-06-21,2026-08-27
0.067,UNKNOWN,NEUTRAL,0.519,NORMAL,NONE,VALIDATION,True,LEGITIMATE,ACTIVE,2026-04-20,2026-08-18
0.43,FALSE,CONTRADICTING,0.38,NORMAL,RELATIONAL_ANOMALY,TRAIN,True,CRIMINAL,ACTIVE,2025-12-15,2026-04-18
0.52,FALSE,CONTRADICTING,0.268,NORMAL,POINT_ANOMALY,TRAIN,True,CRIMINAL,ACTIVE,2025-12-18,2026-05-09
0.122,SUSPECTED,SUPPORTING,0.652,NORMAL,NONE,TRAIN,True,CRIMINAL,ACTIVE,2026-02-19,2026-04-11
0.215,SUSPECTED,SUPPORTING,0.67,NORMAL,COLLECTIVE_ANOMALY,TRAIN,True,CRIMINAL,ACTIVE,2026-03-14,2026-07-20
0.143,SUSPECTED,SUPPORTING,0.581,NORMAL,NONE,TRAIN,True,CRIMINAL,ACTIVE,2026-04-06,2026-06-04
0.233,FALSE,CONTRADICTING,0.352,NORMAL,NONE,TEST,True,AMBIGUOUS,ACTIVE,2025-09-25,2026-03-14
0.288,UNKNOWN,NEUTRAL,0.303,STALE_DEVICE,NONE,TEST,True,AMBIGUOUS,ACTIVE,2026-04-15,2026-08-25
0.247,SUSPECTED,SUPPORTING,0.795,NORMAL,NONE,VALIDATION,True,LEGITIMATE,ACTIVE,2026-05-22,2026-08-22
0.254,UNKNOWN,NEUTRAL,0.436,NORMAL,NONE,VALIDATION,True,LEGITIMATE,ACTIVE,2025-12-25,2026-02-24
0.239,FALSE,CONTRADICTING,0.339,NORMAL,NONE,TRAIN,True,CRIMINAL,ACTIVE,2025-10-17,2026-03-29
0.589,SUSPECTED,SUPPORTING,0.774,NORMAL,NONE,TRAIN,True,CRIMINAL,ACTIVE,2026-01-22,2026-05-04
0.482,FALSE,CONTRADICTING,0.196,NORMAL,NONE,TRAIN,True,LEGITIMATE,ACTIVE,2026-02-24,2026-06-26
0.72,FALSE,CONTRADICTING,0.248,NORMAL,COLLECTIVE_ANOMALY,TRAIN,True,CRIMINAL,ACTIVE,2026-01-06,2026-06-11
0.446,FALSE,CONTRADICTING,0.148,NORMAL,NONE,TRAIN,True,MIXED,ACTIVE,2026-04-04,2026-07-15
0.263,CONFIRMED,SUPPORTING,0.978,NORMAL,NONE,TRAIN,True,LEGITIMATE,ACTIVE,2026-05-11,2026-09-24
0.376,CONFIRMED,SUPPORTING,0.879,NORMAL,NONE,TRAIN,True,CRIMINAL,ACTIVE,2026-05-29,2026-08-02
0.119,UNKNOWN,NEUTRAL,0.408,NORMAL,NONE,TRAIN,True,CRIMINAL,ACTIVE,2026-02-10,2026-07-11
0.221,SUSPECTED,SUPPORTING,0.682,NORMAL,NONE,TRAIN,True,LEGITIMATE,ACTIVE,2026-04-15,2026-07-29
0.438,CONFIRMED,SUPPORTING,0.861,NORMAL,NONE,TRAIN,True,CRIMINAL,ACTIVE,2026-01-01,2026-04-06
0.288,UNKNOWN,NEUTRAL,0.233,NORMAL,NONE,TRAIN,True,CRIMINAL,ACTIVE,2026-01-13,2026-05-30
0.323,UNKNOWN,NEUTRAL,0.464,NORMAL,NONE,TRAIN,True,MIXED,ACTIVE,2026-06-24,2026-08-21
0.086,CONFIRMED,SUPPORTING,0.961,NORMAL,NONE,VALIDATION,True,LEGITIMATE,ACTIVE,2026-05-28,2026-07-08
0.291,SUSPECTED,SUPPORTING,0.661,NORMAL,COLLECTIVE_ANOMALY,TEST,True,AMBIGUOUS,ACTIVE,2026-04-27,2026-06-17
0.03,UNKNOWN,NEUTRAL,0.361,NORMAL,NONE,TEST,True,AMBIGUOUS,ACTIVE,2025-10-09,2026-02-22
0.827,CONFIRMED,SUPPORTING,0.933,NORMAL,NONE,TRAIN,True,CRIMINAL,ACTIVE,2026-05-20,2026-07-12
0.131,CONFIRMED,SUPPORTING,0.953,NORMAL,NONE,TRAIN,True,CRIMINAL,ACTIVE,2026-05-12,2026-09-26
0.325,SUSPECTED,SUPPORTING,0.796,NORMAL,CONTEXTUAL_ANOMALY,TRAIN,True,CRIMINAL,ACTIVE,2025-10-28,2026-03-25
0.182,SUSPECTED,SUPPORTING,0.808,NORMAL,NONE,TRAIN,True,CRIMINAL,ACTIVE,2026-03-06,2026-05-02
0.391,CONFIRMED,SUPPORTING,0.873,STALE_DEVICE,NONE,TEST,True,AMBIGUOUS,ACTIVE,2025-12-16,2026-02-26
0.287,FALSE,CONTRADICTING,0.393,NORMAL,CONTEXTUAL_ANOMALY,TRAIN,True,LEGITIMATE,ACTIVE,2026-04-30,2026-09-09
0.647,FALSE,CONTRADICTING,0.133,NORMAL,POINT_ANOMALY,TRAIN,True,MIXED,ACTIVE,2026-05-24,2026-10-03
0.176,CONFIRMED,SUPPORTING,0.871,NORMAL,NONE,TRAIN,True,CRIMINAL,ACTIVE,2026-02-03,2026-07-06
0.176,SUSPECTED,SUPPORTING,0.67,NORMAL,NONE,TEST,True,AMBIGUOUS,ACTIVE,2025-09-22,2026-03-30
0.238,UNKNOWN,NEUTRAL,0.513,NORMAL,NONE,TRAIN,True,CRIMINAL,ACTIVE,2026-02-15,2026-08-18
0.31,UNKNOWN,NEUTRAL,0.343,NORMAL,NONE,TRAIN,True,LEGITIMATE,ACTIVE,2025-10-31,2026-03-07
0.23,UNKNOWN,NEUTRAL,0.502,NORMAL,NONE,TRAIN,True,CRIMINAL,ACTIVE,2025-11-06,2026-04-13
0.562,SUSPECTED,SUPPORTING,0.636,NORMAL,NONE,TRAIN,True,CRIMINAL,ACTIVE,2025-11-26,2026-03-14
0.27,CONFIRMED,SUPPORTING,0.846,NORMAL,NONE,TEST,True,AMBIGUOUS,ACTIVE,2025-12-06,2026-03-27
0.449,FALSE,CONTRADICTING,0.223,NORMAL,NONE,TEST,True,AMBIGUOUS,ACTIVE,2025-12-27,2026-03-30
0.56,CONFIRMED,SUPPORTING,0.831,NORMAL,NONE,TRAIN,True,MIXED,ACTIVE,2026-02-10,2026-07-30
0.701,SUSPECTED,SUPPORTING,0.822,NORMAL,NONE,TEST,True,AMBIGUOUS,ACTIVE,2026-04-01,2026-07-18
0.58,SUSPECTED,SUPPORTING,0.768,NORMAL,NONE,TRAIN,True,CRIMINAL,ACTIVE,2026-01-31,2026-05-01
0.42,SUSPECTED,SUPPORTING,0.757,NORMAL,TEMPORAL_ANOMALY,TRAIN,True,MIXED,ACTIVE,2025-10-24,2026-03-13
0.279,UNKNOWN,NEUTRAL,0.531,NORMAL,NONE,TRAIN,True,MIXED,ACTIVE,2025-11-18,2026-03-15
0.191,FALSE,CONTRADICTING,0.244,NORMAL,CONTEXTUAL_ANOMALY,TRAIN,True,MIXED,ACTIVE,2026-02-04,2026-05-30
0.454,UNKNOWN,NEUTRAL,0.452,NORMAL,NONE,VALIDATION,True,LEGITIMATE,ACTIVE,2025-12-20,2026-03-23
0.353,FALSE,CONTRADICTING,0.291,NORMAL,NONE,VALIDATION,True,LEGITIMATE,ACTIVE,2026-02-19,2026-05-30
0.274,CONFIRMED,SUPPORTING,0.861,NORMAL,NONE,TRAIN,True,CRIMINAL,ACTIVE,2026-02-08,2026-06-21
0.115,UNKNOWN,NEUTRAL,0.485,NORMAL,NONE,TRAIN,True,CRIMINAL,ACTIVE,2026-01-13,2026-07-02
0.416,FALSE,CONTRADICTING,0.218,NORMAL,TEMPORAL_ANOMALY,TRAIN,True,LEGITIMATE,ACTIVE,2025-10-28,2026-05-05
0.223,SUSPECTED,SUPPORTING,0.753,NORMAL,NONE,TEST,True,AMBIGUOUS,ACTIVE,2026-03-11,2026-05-02
0.209,FALSE,CONTRADICTING,0.401,NORMAL,NONE,TRAIN,True,MIXED,ACTIVE,2026-01-29,2026-04-27
0.71,SUSPECTED,SUPPORTING,0.814,NORMAL,NONE,TRAIN,True,CRIMINAL,ACTIVE,2026-02-25,2026-06-04
0.511,SUSPECTED,SUPPORTING,0.664,NORMAL,NONE,TRAIN,True,CRIMINAL,ACTIVE,2026-01-14,2026-07-18
0.553,SUSPECTED,SUPPORTING,0.712,NORMAL,NONE,TRAIN,True,MIXED,ACTIVE,2026-06-13,2026-10-28
0.682,CONFIRMED,SUPPORTING,0.917,NORMAL,CONTEXTUAL_ANOMALY,TRAIN,True,CRIMINAL,ACTIVE,2026-03-15,2026-07-09
0.21,CONFIRMED,SUPPORTING,0.967,NORMAL,NONE,TEST,True,AMBIGUOUS,ACTIVE,2026-05-13,2026-06-26
0.408,UNKNOWN,NEUTRAL,0.429,NORMAL,NONE,TEST,True,AMBIGUOUS,ACTIVE,2026-01-09,2026-04-16
0.388,UNKNOWN,NEUTRAL,0.496,NORMAL,NONE,TRAIN,True,CRIMINAL,ACTIVE,2026-02-02,2026-04-21
0.38,SUSPECTED,SUPPORTING,0.832,NORMAL,NONE,TRAIN,True,CRIMINAL,ACTIVE,2025-12-24,2026-04-07
0.684,CONFIRMED,SUPPORTING,0.943,NORMAL,NONE,TRAIN,True,CRIMINAL,ACTIVE,2025-12-13,2026-02-05
0.514,UNKNOWN,NEUTRAL,0.457,NORMAL,NONE,VALIDATION,True,LEGITIMATE,ACTIVE,2025-12-03,2026-05-23
0.35,UNKNOWN,NEUTRAL,0.496,NORMAL,NONE,TRAIN,True,MIXED,ACTIVE,2026-02-22,2026-04-27
0.219,UNKNOWN,NEUTRAL,0.413,STALE_DEVICE,NONE,TRAIN,True,CRIMINAL,ACTIVE,2025-11-19,2026-05-23
0.139,CONFIRMED,SUPPORTING,0.97,NORMAL,NONE,TRAIN,True,CRIMINAL,ACTIVE,2025-12-19,2026-04-08
0.562,SUSPECTED,SUPPORTING,0.624,NORMAL,TEMPORAL_ANOMALY,TRAIN,True,CRIMINAL,ACTIVE,2026-03-14,2026-07-16
0.241,FALSE,CONTRADICTING,0.282,NORMAL,NONE,VALIDATION,True,LEGITIMATE,ACTIVE,2026-04-07,2026-10-09
0.232,CONFIRMED,SUPPORTING,0.941,NORMAL,POINT_ANOMALY,TEST,True,AMBIGUOUS,ACTIVE,2026-01-24,2026-06-13
0.105,SUSPECTED,SUPPORTING,0.777,NORMAL,NONE,TRAIN,True,LEGITIMATE,ACTIVE,2025-12-05,2026-02-08
0.475,FALSE,CONTRADICTING,0.372,NORMAL,NONE,VALIDATION,True,LEGITIMATE,ACTIVE,2025-10-30,2026-02-14
0.538,FALSE,CONTRADICTING,0.161,NORMAL,RELATIONAL_ANOMALY,TRAIN,True,CRIMINAL,ACTIVE,2026-03-30,2026-08-13
0.347,UNKNOWN,NEUTRAL,0.314,NORMAL,NONE,VALIDATION,True,LEGITIMATE,ACTIVE,2026-02-16,2026-06-11
0.893,SUSPECTED,SUPPORTING,0.589,NORMAL,NONE,TRAIN,True,MIXED,ACTIVE,2026-02-24,2026-07-11
0.542,FALSE,CONTRADICTING,0.376,NORMAL,CONTEXTUAL_ANOMALY,TEST,True,AMBIGUOUS,ACTIVE,2026-04-04,2026-08-02
0.493,SUSPECTED,SUPPORTING,0.693,NORMAL,NONE,TRAIN,True,CRIMINAL,ACTIVE,2026-04-19,2026-06-13
0.537,FALSE,CONTRADICTING,0.257,DUPLICATE,NONE,TRAIN,True,CRIMINAL,ACTIVE,2026-04-21,2026-07-06
0.6,FALSE,CONTRADICTING,0.172,NORMAL,TEMPORAL_ANOMALY,VALIDATION,True,LEGITIMATE,ACTIVE,2026-04-01,2026-10-01
0.367,CONFIRMED,SUPPORTING,0.962,NORMAL,COLLECTIVE_ANOMALY,TRAIN,True,MIXED,ACTIVE,2026-04-26,2026-05-22
0.189,CONFIRMED,SUPPORTING,0.863,NORMAL,NONE,TEST,True,AMBIGUOUS,ACTIVE,2025-11-11,2026-04-21
0.152,SUSPECTED,SUPPORTING,0.618,NORMAL,NONE,TRAIN,True,CRIMINAL,ACTIVE,2026-05-17,2026-08-16
0.917,UNKNOWN,NEUTRAL,0.464,NORMAL,NONE,TEST,True,AMBIGUOUS,ACTIVE,2025-12-19,2026-05-10
0.127,CONFIRMED,SUPPORTING,0.892,NORMAL,NONE,TRAIN,True,CRIMINAL,ACTIVE,2026-04-23,2026-08-05
0.396,SUSPECTED,SUPPORTING,0.757,NORMAL,NONE,TRAIN,True,MIXED,ACTIVE,2026-06-26,2026-11-09
0.696,UNKNOWN,NEUTRAL,0.32,NORMAL,NONE,VALIDATION,True,LEGITIMATE,ACTIVE,2025-10-03,2026-02-23
0.311,UNKNOWN,NEUTRAL,0.348,NORMAL,NONE,TEST,True,AMBIGUOUS,ACTIVE,2025-12-06,2026-02-17
0.483,CONFIRMED,SUPPORTING,0.896,NORMAL,RELATIONAL_ANOMALY,TRAIN,True,CRIMINAL,ACTIVE,2026-01-15,2026-04-22
0.157,CONFIRMED,SUPPORTING,0.873,NORMAL,NONE,VALIDATION,True,LEGITIMATE,ACTIVE,2026-02-20,2026-05-30
0.43,UNKNOWN,NEUTRAL,0.3,NORMAL,NONE,TEST,True,AMBIGUOUS,ACTIVE,2026-02-08,2026-04-25
0.886,UNKNOWN,NEUTRAL,0.349,NORMAL,RELATIONAL_ANOMALY,TRAIN,True,CRIMINAL,ACTIVE,2025-10-31,2026-04-30
0.159,CONFIRMED,SUPPORTING,0.834,NORMAL,NONE,TRAIN,True,CRIMINAL,ACTIVE,2026-06-09,2026-09-17
0.513,UNKNOWN,NEUTRAL,0.49,NORMAL,NONE,TRAIN,True,CRIMINAL,ACTIVE,2025-12-10,2026-02-21
0.504,SUSPECTED,SUPPORTING,0.691,NORMAL,NONE,TRAIN,True,CRIMINAL,ACTIVE,2026-06-25,2026-09-27
0.521,UNKNOWN,NEUTRAL,0.47,NORMAL,NONE,TEST,True,AMBIGUOUS,ACTIVE,2025-12-15,2026-06-26
0.231,SUSPECTED,SUPPORTING,0.763,NORMAL,NONE,TRAIN,True,MIXED,ACTIVE,2026-04-24,2026-08-27
0.532,UNKNOWN,NEUTRAL,0.449,NORMAL,NONE,TEST,True,AMBIGUOUS,ACTIVE,2025-09-24,2026-02-28
0.108,SUSPECTED,SUPPORTING,0.822,NORMAL,NONE,TRAIN,True,MIXED,ACTIVE,2026-04-25,2026-08-09
0.332,UNKNOWN,NEUTRAL,0.503,NORMAL,NONE,VALIDATION,True,LEGITIMATE,ACTIVE,2026-03-20,2026-05-22
0.27,SUSPECTED,SUPPORTING,0.581,NORMAL,NONE,TRAIN,True,MIXED,ACTIVE,2026-01-23,2026-04-26
0.201,UNKNOWN,NEUTRAL,0.378,NORMAL,NONE,TRAIN,True,CRIMINAL,ACTIVE,2026-04-03,2026-09-13
0.533,SUSPECTED,SUPPORTING,0.764,NORMAL,NONE,TRAIN,True,CRIMINAL,ACTIVE,2026-05-09,2026-10-05
0.432,FALSE,CONTRADICTING,0.343,NORMAL,NONE,TRAIN,True,CRIMINAL,ACTIVE,2026-03-25,2026-07-06
0.398,SUSPECTED,SUPPORTING,0.64,NORMAL,NONE,TRAIN,True,CRIMINAL,ACTIVE,2026-03-24,2026-04-23
0.218,FALSE,CONTRADICTING,0.239,NORMAL,CONTEXTUAL_ANOMALY,TEST,True,AMBIGUOUS,ACTIVE,2026-01-25,2026-05-21
0.341,FALSE,CONTRADICTING,0.343,NORMAL,NONE,TEST,True,AMBIGUOUS,ACTIVE,2026-02-01,2026-05-28
0.359,UNKNOWN,NEUTRAL,0.47,NORMAL,NONE,TRAIN,True,MIXED,ACTIVE,2025-11-11,2026-04-02
0.077,SUSPECTED,SUPPORTING,0.771,NORMAL,NONE,TEST,True,AMBIGUOUS,ACTIVE,2025-11-27,2026-05-03
0.249,CONFIRMED,SUPPORTING,0.858,NORMAL,NONE,TRAIN,True,MIXED,ACTIVE,2026-04-18,2026-08-25
0.699,UNKNOWN,NEUTRAL,0.252,SHARED_DEVICE,NONE,TRAIN,True,CRIMINAL,ACTIVE,2025-12-31,2026-04-11
0.567,CONFIRMED,SUPPORTING,0.937,NORMAL,POINT_ANOMALY,TRAIN,True,CRIMINAL,ACTIVE,2025-10-27,2026-04-12
0.43,CONFIRMED,SUPPORTING,0.862,NORMAL,CONTEXTUAL_ANOMALY,TRAIN,True,CRIMINAL,ACTIVE,2025-09-23,2026-01-21
0.635,FALSE,CONTRADICTING,0.288,NORMAL,NONE,TEST,True,AMBIGUOUS,ACTIVE,2025-12-16,2026-05-02
0.559,FALSE,CONTRADICTING,0.378,NORMAL,NONE,TRAIN,True,CRIMINAL,ACTIVE,2025-11-26,2026-05-15
0.31,FALSE,CONTRADICTING,0.17,NORMAL,NONE,TRAIN,True,LEGITIMATE,ACTIVE,2026-03-27,2026-09-01
0.227,SUSPECTED,SUPPORTING,0.79,NORMAL,NONE,TRAIN,True,MIXED,ACTIVE,2025-10-24,2026-03-22
0.293,FALSE,CONTRADICTING,0.42,NORMAL,NONE,VALIDATION,True,LEGITIMATE,ACTIVE,2025-11-27,2026-04-09
0.521,SUSPECTED,SUPPORTING,0.673,NORMAL,NONE,TRAIN,True,CRIMINAL,ACTIVE,2026-02-24,2026-05-06
0.535,SUSPECTED,SUPPORTING,0.764,NORMAL,NONE,TRAIN,True,CRIMINAL,ACTIVE,2026-02-09,2026-04-10
0.365,SUSPECTED,SUPPORTING,0.593,NORMAL,NONE,TEST,True,AMBIGUOUS,ACTIVE,2026-03-30,2026-06-07
0.529,CONFIRMED,SUPPORTING,0.91,NORMAL,COLLECTIVE_ANOMALY,TEST,True,AMBIGUOUS,ACTIVE,2026-06-25,2026-11-10
0.746,FALSE,CONTRADICTING,0.126,NORMAL,NONE,VALIDATION,True,LEGITIMATE,ACTIVE,2026-03-08,2026-06-26
0.483,CONFIRMED,SUPPORTING,0.927,NORMAL,NONE,TEST,True,AMBIGUOUS,ACTIVE,2026-04-19,2026-10-25
0.511,UNKNOWN,NEUTRAL,0.478,NORMAL,NONE,TRAIN,True,CRIMINAL,ACTIVE,2026-04-08,2026-08-15
0.201,SUSPECTED,SUPPORTING,0.772,SHARED_DEVICE,NONE,TEST,True,AMBIGUOUS,ACTIVE,2026-01-11,2026-07-01
0.651,SUSPECTED,SUPPORTING,0.647,NORMAL,NONE,TRAIN,True,CRIMINAL,ACTIVE,2025-11-12,2026-05-23
0.223,SUSPECTED,SUPPORTING,0.603,NORMAL,NONE,TRAIN,True,CRIMINAL,ACTIVE,2026-01-24,2026-04-25
0.265,UNKNOWN,NEUTRAL,0.453,NORMAL,NONE,VALIDATION,True,LEGITIMATE,ACTIVE,2025-10-20,2026-02-28
0.142,SUSPECTED,SUPPORTING,0.802,NORMAL,NONE,TRAIN,True,CRIMINAL,ACTIVE,2026-05-04,2026-10-07
0.167,UNKNOWN,NEUTRAL,0.445,NORMAL,NONE,TEST,True,AMBIGUOUS,ACTIVE,2026-01-28,2026-07-16
0.29,SUSPECTED,SUPPORTING,0.814,NORMAL,NONE,VALIDATION,True,LEGITIMATE,ACTIVE,2026-02-27,2026-08-03
0.371,CONFIRMED,SUPPORTING,0.952,NORMAL,NONE,TRAIN,True,CRIMINAL,ACTIVE,2026-01-23,2026-05-25
0.181,UNKNOWN,NEUTRAL,0.305,NORMAL,NONE,TEST,True,AMBIGUOUS,ACTIVE,2026-01-13,2026-02-19
0.642,UNKNOWN,NEUTRAL,0.473,NORMAL,NONE,TRAIN,True,CRIMINAL,ACTIVE,2026-06-16,2026-10-10
0.699,FALSE,CONTRADICTING,0.218,NORMAL,NONE,VALIDATION,True,LEGITIMATE,ACTIVE,2026-04-14,2026-07-17
0.341,FALSE,CONTRADICTING,0.303,NORMAL,NONE,VALIDATION,True,LEGITIMATE,ACTIVE,2026-03-22,2026-08-19
0.389,SUSPECTED,SUPPORTING,0.585,NORMAL,NONE,TRAIN,True,CRIMINAL,ACTIVE,2026-03-05,2026-06-24
0.677,UNKNOWN,NEUTRAL,0.365,NORMAL,COLLECTIVE_ANOMALY,VALIDATION,True,LEGITIMATE,ACTIVE,2026-06-28,2026-09-24
0.586,SUSPECTED,SUPPORTING,0.68,NORMAL,NONE,TRAIN,True,MIXED,ACTIVE,2025-10-19,2026-03-04
0.851,CONFIRMED,SUPPORTING,0.861,NORMAL,NONE,TRAIN,True,CRIMINAL,ACTIVE,2026-02-21,2026-05-17
0.556,CONFIRMED,SUPPORTING,0.936,NORMAL,NONE,TRAIN,True,CRIMINAL,ACTIVE,2026-01-16,2026-05-10
0.218,FALSE,CONTRADICTING,0.235,NORMAL,RELATIONAL_ANOMALY,VALIDATION,True,LEGITIMATE,ACTIVE,2026-06-23,2026-09-14
0.356,FALSE,CONTRADICTING,0.417,NORMAL,TEMPORAL_ANOMALY,TRAIN,True,MIXED,ACTIVE,2026-05-08,2026-08-03
0.237,SUSPECTED,SUPPORTING,0.616,NORMAL,NONE,TRAIN,True,MIXED,ACTIVE,2025-12-09,2026-05-15
0.541,UNKNOWN,NEUTRAL,0.47,NORMAL,NONE,TRAIN,True,CRIMINAL,ACTIVE,2026-03-29,2026-07-19
0.541,CONFIRMED,SUPPORTING,0.916,NORMAL,CONTEXTUAL_ANOMALY,VALIDATION,True,LEGITIMATE,ACTIVE,2026-02-20,2026-06-13
0.746,UNKNOWN,NEUTRAL,0.221,NORMAL,NONE,VALIDATION,True,LEGITIMATE,ACTIVE,2026-04-30,2026-10-17
0.26,CONFIRMED,SUPPORTING,0.952,NORMAL,NONE,VALIDATION,True,LEGITIMATE,ACTIVE,2026-01-03,2026-06-13
0.285,SUSPECTED,SUPPORTING,0.794,NORMAL,NONE,TRAIN,True,MIXED,ACTIVE,2026-05-09,2026-10-04
0.85,FALSE,CONTRADICTING,0.372,NORMAL,RELATIONAL_ANOMALY,VALIDATION,True,LEGITIMATE,ACTIVE,2026-01-07,2026-04-04
0.588,SUSPECTED,SUPPORTING,0.692,DUPLICATE,NONE,TEST,True,AMBIGUOUS,ACTIVE,2026-04-24,2026-09-17
0.473,CONFIRMED,SUPPORTING,0.842,NORMAL,NONE,TRAIN,True,MIXED,ACTIVE,2026-02-21,2026-05-11
0.262,SUSPECTED,SUPPORTING,0.823,NORMAL,NONE,TRAIN,True,CRIMINAL,ACTIVE,2025-11-08,2026-05-19
0.71,SUSPECTED,SUPPORTING,0.598,NORMAL,NONE,VALIDATION,True,LEGITIMATE,ACTIVE,2026-01-27,2026-07-04
0.213,CONFIRMED,SUPPORTING,0.887,NORMAL,NONE,TRAIN,True,CRIMINAL,ACTIVE,2025-12-18,2026-04-04
0.497,UNKNOWN,NEUTRAL,0.341,NORMAL,NONE,TEST,True,AMBIGUOUS,ACTIVE,2026-05-20,2026-09-10
0.661,SUSPECTED,SUPPORTING,0.787,NORMAL,NONE,TRAIN,True,MIXED,ACTIVE,2026-03-11,2026-06-11
0.126,CONFIRMED,SUPPORTING,0.922,NORMAL,NONE,TRAIN,True,MIXED,ACTIVE,2025-11-11,2026-03-06
0.524,UNKNOWN,NEUTRAL,0.305,NORMAL,NONE,TRAIN,True,CRIMINAL,ACTIVE,2025-12-26,2026-02-17
0.742,FALSE,CONTRADICTING,0.362,NORMAL,COLLECTIVE_ANOMALY,TEST,True,AMBIGUOUS,ACTIVE,2026-01-19,2026-05-29
0.707,CONFIRMED,SUPPORTING,0.909,NORMAL,NONE,TRAIN,True,CRIMINAL,ACTIVE,2026-06-08,2026-09-07
0.556,UNKNOWN,NEUTRAL,0.484,NORMAL,NONE,TRAIN,True,MIXED,ACTIVE,2026-01-27,2026-06-18
0.494,CONFIRMED,SUPPORTING,0.831,NORMAL,NONE,TRAIN,True,MIXED,ACTIVE,2026-01-29,2026-06-29
0.501,UNKNOWN,NEUTRAL,0.508,NORMAL,NONE,TEST,True,AMBIGUOUS,ACTIVE,2026-02-07,2026-06-30
0.306,UNKNOWN,NEUTRAL,0.461,NORMAL,NONE,TEST,True,AMBIGUOUS,ACTIVE,2026-02-12,2026-05-15
0.157,CONFIRMED,SUPPORTING,0.863,RECYCLED_SIM,NONE,TRAIN,True,CRIMINAL,ACTIVE,2026-04-21,2026-09-15
0.305,FALSE,CONTRADICTING,0.225,NORMAL,NONE,TRAIN,True,CRIMINAL,ACTIVE,2026-01-31,2026-03-07
0.062,SUSPECTED,SUPPORTING,0.72,NORMAL,NONE,VALIDATION,True,LEGITIMATE,ACTIVE,2025-10-26,2026-03-09
0.266,CONFIRMED,SUPPORTING,0.957,NORMAL,NONE,TRAIN,True,CRIMINAL,ACTIVE,2026-06-09,2026-09-06
0.445,UNKNOWN,NEUTRAL,0.54,NORMAL,CONTEXTUAL_ANOMALY,VALIDATION,True,LEGITIMATE,ACTIVE,2026-04-09,2026-06-26
0.05,FALSE,CONTRADICTING,0.192,NORMAL,NONE,TEST,True,AMBIGUOUS,ACTIVE,2026-06-25,2026-10-03
0.793,UNKNOWN,NEUTRAL,0.529,NORMAL,NONE,TEST,True,AMBIGUOUS,ACTIVE,2025-12-15,2026-03-23
0.21,FALSE,CONTRADICTING,0.383,NORMAL,NONE,VALIDATION,True,LEGITIMATE,ACTIVE,2026-01-28,2026-05-22
0.435,CONFIRMED,SUPPORTING,0.923,NORMAL,NONE,TRAIN,True,CRIMINAL,ACTIVE,2026-06-07,2026-07-27
0.456,SUSPECTED,SUPPORTING,0.796,NORMAL,NONE,TEST,True,AMBIGUOUS,ACTIVE,2026-05-27,2026-08-16
0.61,CONFIRMED,SUPPORTING,0.963,NORMAL,NONE,TEST,True,AMBIGUOUS,ACTIVE,2025-11-06,2026-05-11
0.284,FALSE,CONTRADICTING,0.213,NORMAL,NONE,VALIDATION,True,LEGITIMATE,ACTIVE,2026-03-31,2026-05-29
0.148,SUSPECTED,SUPPORTING,0.659,NORMAL,NONE,TRAIN,True,LEGITIMATE,ACTIVE,2026-01-19,2026-02-21
0.409,UNKNOWN,NEUTRAL,0.505,NORMAL,NONE,VALIDATION,True,LEGITIMATE,ACTIVE,2026-01-25,2026-06-19
0.464,SUSPECTED,SUPPORTING,0.843,NORMAL,NONE,TRAIN,True,MIXED,ACTIVE,2026-06-16,2026-08-01
0.221,UNKNOWN,NEUTRAL,0.448,STALE_DEVICE,NONE,TEST,True,AMBIGUOUS,ACTIVE,2025-12-17,2026-04-17
0.101,SUSPECTED,SUPPORTING,0.796,NORMAL,NONE,TRAIN,True,CRIMINAL,ACTIVE,2026-05-20,2026-09-24
0.293,SUSPECTED,SUPPORTING,0.594,NORMAL,TEMPORAL_ANOMALY,TRAIN,True,MIXED,ACTIVE,2025-12-10,2026-01-30
0.837,SUSPECTED,SUPPORTING,0.6,NORMAL,NONE,TRAIN,True,CRIMINAL,ACTIVE,2025-11-09,2026-05-02
0.724,SUSPECTED,SUPPORTING,0.726,NORMAL,NONE,VALIDATION,True,LEGITIMATE,ACTIVE,2026-06-27,2026-10-17
0.763,SUSPECTED,SUPPORTING,0.65,RECYCLED_SIM,NONE,TRAIN,True,MIXED,ACTIVE,2025-11-26,2026-04-28
0.402,CONFIRMED,SUPPORTING,0.833,NORMAL,NONE,TRAIN,True,MIXED,ACTIVE,2025-12-30,2026-03-11
0.281,SUSPECTED,SUPPORTING,0.583,NORMAL,NONE,TRAIN,True,CRIMINAL,ACTIVE,2026-01-29,2026-06-02
0.288,UNKNOWN,NEUTRAL,0.518,NORMAL,NONE,TRAIN,True,LEGITIMATE,ACTIVE,2026-03-27,2026-09-17
0.049,CONFIRMED,SUPPORTING,0.897,NORMAL,NONE,TRAIN,True,CRIMINAL,ACTIVE,2026-03-08,2026-05-28
0.3,UNKNOWN,NEUTRAL,0.37,NORMAL,COLLECTIVE_ANOMALY,TRAIN,True,CRIMINAL,ACTIVE,2026-01-25,2026-08-02
0.149,SUSPECTED,SUPPORTING,0.685,NORMAL,NONE,TRAIN,True,CRIMINAL,ACTIVE,2026-05-14,2026-10-04
0.376,CONFIRMED,SUPPORTING,0.959,NORMAL,POINT_ANOMALY,TRAIN,True,MIXED,ACTIVE,2026-03-29,2026-10-05
0.251,SUSPECTED,SUPPORTING,0.642,NORMAL,NONE,TRAIN,True,CRIMINAL,ACTIVE,2026-05-14,2026-08-29
0.643,UNKNOWN,NEUTRAL,0.45,NORMAL,NONE,TRAIN,True,MIXED,ACTIVE,2026-05-25,2026-08-09
0.811,FALSE,CONTRADICTING,0.287,NORMAL,POINT_ANOMALY,TRAIN,True,CRIMINAL,ACTIVE,2026-05-24,2026-08-09
0.257,FALSE,CONTRADICTING,0.261,NORMAL,COLLECTIVE_ANOMALY,TEST,True,AMBIGUOUS,ACTIVE,2026-06-17,2026-09-29
0.074,SUSPECTED,SUPPORTING,0.59,NORMAL,NONE,TRAIN,True,MIXED,ACTIVE,2025-10-10,2026-02-18
0.312,SUSPECTED,SUPPORTING,0.584,NORMAL,NONE,TRAIN,True,MIXED,ACTIVE,2026-04-05,2026-08-04
0.325,FALSE,CONTRADICTING,0.345,NORMAL,COLLECTIVE_ANOMALY,TRAIN,True,CRIMINAL,ACTIVE,2025-12-22,2026-05-24
0.191,CONFIRMED,SUPPORTING,0.861,RECYCLED_SIM,NONE,TRAIN,True,CRIMINAL,ACTIVE,2026-03-28,2026-06-27
0.61,CONFIRMED,SUPPORTING,0.859,NORMAL,NONE,TRAIN,True,CRIMINAL,ACTIVE,2026-04-15,2026-08-18
0.457,FALSE,CONTRADICTING,0.156,NORMAL,NONE,TEST,True,AMBIGUOUS,ACTIVE,2026-01-05,2026-06-05
0.251,FALSE,CONTRADICTING,0.37,NORMAL,NONE,TRAIN,True,MIXED,ACTIVE,2025-12-11,2026-05-02
0.498,SUSPECTED,SUPPORTING,0.585,NORMAL,NONE,TRAIN,True,MIXED,ACTIVE,2026-01-04,2026-05-17
0.384,SUSPECTED,SUPPORTING,0.644,NORMAL,NONE,TRAIN,True,CRIMINAL,ACTIVE,2026-03-03,2026-06-20
0.665,UNKNOWN,NEUTRAL,0.339,NORMAL,NONE,TRAIN,True,CRIMINAL,ACTIVE,2026-03-05,2026-09-08
0.363,UNKNOWN,NEUTRAL,0.341,NORMAL,NONE,VALIDATION,True,LEGITIMATE,ACTIVE,2026-03-27,2026-08-12
0.687,CONFIRMED,SUPPORTING,0.821,NORMAL,POINT_ANOMALY,TEST,True,AMBIGUOUS,ACTIVE,2025-12-29,2026-03-13
0.449,UNKNOWN,NEUTRAL,0.261,NORMAL,NONE,TRAIN,True,MIXED,ACTIVE,2025-10-16,2026-02-21
0.45,UNKNOWN,NEUTRAL,0.489,NORMAL,NONE,TEST,True,AMBIGUOUS,ACTIVE,2026-06-11,2026-11-04
0.609,SUSPECTED,SUPPORTING,0.8,NORMAL,NONE,TRAIN,True,CRIMINAL,ACTIVE,2026-02-20,2026-08-12
0.313,CONFIRMED,SUPPORTING,0.91,NORMAL,NONE,TRAIN,True,CRIMINAL,ACTIVE,2026-02-12,2026-04-02
0.528,FALSE,CONTRADICTING,0.299,NORMAL,NONE,VALIDATION,True,LEGITIMATE,ACTIVE,2026-05-03,2026-07-20
0.14,SUSPECTED,SUPPORTING,0.836,NORMAL,NONE,TRAIN,True,CRIMINAL,ACTIVE,2025-09-26,2026-03-09
0.532,UNKNOWN,NEUTRAL,0.505,NORMAL,NONE,VALIDATION,True,LEGITIMATE,ACTIVE,2026-04-12,2026-07-28
0.255,CONFIRMED,SUPPORTING,0.967,NORMAL,RELATIONAL_ANOMALY,TEST,True,AMBIGUOUS,ACTIVE,2026-05-13,2026-07-22
0.024,CONFIRMED,SUPPORTING,0.969,NORMAL,TEMPORAL_ANOMALY,TEST,True,AMBIGUOUS,ACTIVE,2026-02-20,2026-08-08
0.523,CONFIRMED,SUPPORTING,0.894,NORMAL,TEMPORAL_ANOMALY,TRAIN,True,CRIMINAL,ACTIVE,2026-01-05,2026-06-10
0.576,FALSE,CONTRADICTING,0.16,NORMAL,RELATIONAL_ANOMALY,TRAIN,True,MIXED,ACTIVE,2026-03-07,2026-08-02
0.54,UNKNOWN,NEUTRAL,0.409,NORMAL,NONE,VALIDATION,True,LEGITIMATE,ACTIVE,2026-02-24,2026-07-28
0.542,CONFIRMED,SUPPORTING,0.905,NORMAL,NONE,TRAIN,True,CRIMINAL,ACTIVE,2026-05-01,2026-08-03
0.31,FALSE,CONTRADICTING,0.374,NORMAL,NONE,VALIDATION,True,LEGITIMATE,ACTIVE,2025-12-06,2026-04-16
0.436,UNKNOWN,NEUTRAL,0.213,NORMAL,NONE,TRAIN,True,MIXED,ACTIVE,2025-12-26,2026-04-02
0.529,UNKNOWN,NEUTRAL,0.522,NORMAL,NONE,TEST,True,AMBIGUOUS,ACTIVE,2026-01-03,2026-04-01
0.266,SUSPECTED,SUPPORTING,0.755,NORMAL,NONE,TEST,True,AMBIGUOUS,ACTIVE,2026-06-05,2026-08-05
0.225,CONFIRMED,SUPPORTING,0.984,NORMAL,NONE,TRAIN,True,CRIMINAL,ACTIVE,2025-11-09,2026-05-26
0.506,UNKNOWN,NEUTRAL,0.393,NORMAL,NONE,TRAIN,True,MIXED,ACTIVE,2025-12-31,2026-05-09
0.67,SUSPECTED,SUPPORTING,0.801,NORMAL,NONE,TRAIN,True,CRIMINAL,ACTIVE,2026-03-23,2026-09-10
0.524,SUSPECTED,SUPPORTING,0.849,NORMAL,NONE,TRAIN,True,CRIMINAL,ACTIVE,2026-04-03,2026-06-23
0.456,CONFIRMED,SUPPORTING,0.848,NORMAL,NONE,TRAIN,True,LEGITIMATE,ACTIVE,2026-02-22,2026-07-31
0.372,UNKNOWN,NEUTRAL,0.549,NORMAL,RELATIONAL_ANOMALY,TRAIN,True,MIXED,ACTIVE,2026-06-10,2026-09-15
0.501,SUSPECTED,SUPPORTING,0.802,NORMAL,NONE,TRAIN,True,CRIMINAL,ACTIVE,2025-12-06,2026-04-28
0.616,CONFIRMED,SUPPORTING,0.948,NORMAL,NONE,TRAIN,True,MIXED,ACTIVE,2026-01-29,2026-04-05
0.358,CONFIRMED,SUPPORTING,0.979,NORMAL,NONE,TRAIN,True,CRIMINAL,ACTIVE,2026-04-21,2026-07-30
0.714,CONFIRMED,SUPPORTING,0.887,NORMAL,RELATIONAL_ANOMALY,TRAIN,True,CRIMINAL,ACTIVE,2025-12-01,2026-02-20
0.355,SUSPECTED,SUPPORTING,0.613,RECYCLED_SIM,RELATIONAL_ANOMALY,TRAIN,True,MIXED,ACTIVE,2026-04-14,2026-07-27
0.788,SUSPECTED,SUPPORTING,0.679,NORMAL,NONE,TEST,True,AMBIGUOUS,ACTIVE,2026-06-05,2026-08-01
0.125,CONFIRMED,SUPPORTING,0.9,NORMAL,NONE,TRAIN,True,CRIMINAL,ACTIVE,2025-11-26,2026-03-18
0.376,FALSE,CONTRADICTING,0.412,NORMAL,NONE,VALIDATION,True,LEGITIMATE,ACTIVE,2026-05-22,2026-09-19
0.409,SUSPECTED,SUPPORTING,0.836,NORMAL,NONE,VALIDATION,True,LEGITIMATE,ACTIVE,2026-04-23,2026-06-16
0.612,FALSE,CONTRADICTING,0.232,NORMAL,NONE,TRAIN,True,CRIMINAL,ACTIVE,2026-05-04,2026-07-09
0.411,FALSE,CONTRADICTING,0.167,NORMAL,TEMPORAL_ANOMALY,TRAIN,True,CRIMINAL,ACTIVE,2026-04-22,2026-07-16
0.419,CONFIRMED,SUPPORTING,0.954,NORMAL,NONE,TRAIN,True,MIXED,ACTIVE,2026-05-24,2026-10-04
0.028,FALSE,CONTRADICTING,0.254,NORMAL,NONE,VALIDATION,True,LEGITIMATE,ACTIVE,2026-02-24,2026-07-18
0.231,CONFIRMED,SUPPORTING,0.91,NORMAL,POINT_ANOMALY,TRAIN,True,CRIMINAL,ACTIVE,2026-02-13,2026-03-31
0.379,FALSE,CONTRADICTING,0.279,NORMAL,POINT_ANOMALY,TRAIN,True,MIXED,ACTIVE,2026-01-07,2026-05-11
0.536,SUSPECTED,SUPPORTING,0.589,NORMAL,NONE,TRAIN,True,CRIMINAL,ACTIVE,2025-12-28,2026-05-05
0.222,CONFIRMED,SUPPORTING,0.925,NORMAL,NONE,TRAIN,True,CRIMINAL,ACTIVE,2026-05-17,2026-07-22
0.222,UNKNOWN,NEUTRAL,0.292,NORMAL,CONTEXTUAL_ANOMALY,VALIDATION,True,LEGITIMATE,ACTIVE,2026-03-08,2026-05-19
0.58,UNKNOWN,NEUTRAL,0.374,NORMAL,POINT_ANOMALY,TRAIN,True,MIXED,ACTIVE,2026-04-19,2026-09-14
0.291,SUSPECTED,SUPPORTING,0.633,NORMAL,NONE,TEST,True,AMBIGUOUS,ACTIVE,2026-06-26,2026-10-03
0.083,FALSE,CONTRADICTING,0.165,NORMAL,NONE,TRAIN,True,LEGITIMATE,ACTIVE,2025-11-30,2026-02-08
0.213,SUSPECTED,SUPPORTING,0.658,SHARED_DEVICE,NONE,TRAIN,True,CRIMINAL,ACTIVE,2025-12-25,2026-05-31
0.545,CONFIRMED,SUPPORTING,0.99,NORMAL,NONE,TRAIN,True,MIXED,ACTIVE,2025-12-17,2026-02-06
0.323,SUSPECTED,SUPPORTING,0.649,NORMAL,NONE,TRAIN,True,CRIMINAL,ACTIVE,2025-12-12,2026-05-11
0.289,UNKNOWN,NEUTRAL,0.506,NORMAL,POINT_ANOMALY,VALIDATION,True,LEGITIMATE,ACTIVE,2026-01-09,2026-07-22
0.15,UNKNOWN,NEUTRAL,0.459,NORMAL,NONE,TRAIN,True,CRIMINAL,ACTIVE,2026-01-17,2026-07-01
0.319,SUSPECTED,SUPPORTING,0.69,NORMAL,NONE,TEST,True,AMBIGUOUS,ACTIVE,2026-07-15,2026-09-14
0.206,CONFIRMED,SUPPORTING,0.823,NORMAL,TEMPORAL_ANOMALY,TRAIN,True,MIXED,ACTIVE,2025-10-02,2026-04-21
0.408,FALSE,CONTRADICTING,0.352,NORMAL,NONE,VALIDATION,True,LEGITIMATE,ACTIVE,2026-01-11,2026-05-08
0.458,CONFIRMED,SUPPORTING,0.918,NORMAL,NONE,TRAIN,True,MIXED,ACTIVE,2026-01-15,2026-04-19
0.247,CONFIRMED,SUPPORTING,0.982,NORMAL,NONE,TRAIN,True,MIXED,ACTIVE,2026-02-25,2026-06-05
0.838,CONFIRMED,SUPPORTING,0.978,NORMAL,NONE,TEST,True,AMBIGUOUS,ACTIVE,2026-05-30,2026-10-17
0.299,CONFIRMED,SUPPORTING,0.926,NORMAL,NONE,TEST,True,AMBIGUOUS,ACTIVE,2025-11-07,2026-03-28
0.201,UNKNOWN,NEUTRAL,0.368,NORMAL,NONE,VALIDATION,True,LEGITIMATE,ACTIVE,2026-02-03,2026-05-19
0.435,UNKNOWN,NEUTRAL,0.415,NORMAL,NONE,TRAIN,True,CRIMINAL,ACTIVE,2026-05-06,2026-06-11
0.317,CONFIRMED,SUPPORTING,0.895,NORMAL,NONE,TRAIN,True,CRIMINAL,ACTIVE,2026-06-28,2026-09-26
0.647,CONFIRMED,SUPPORTING,0.875,NORMAL,COLLECTIVE_ANOMALY,VALIDATION,True,LEGITIMATE,ACTIVE,2026-04-09,2026-09-05
0.691,UNKNOWN,NEUTRAL,0.326,NORMAL,NONE,TEST,True,AMBIGUOUS,ACTIVE,2026-01-06,2026-03-18
0.283,SUSPECTED,SUPPORTING,0.71,NORMAL,NONE,TRAIN,True,MIXED,ACTIVE,2026-04-17,2026-08-31
0.424,SUSPECTED,SUPPORTING,0.798,NORMAL,NONE,TRAIN,True,CRIMINAL,ACTIVE,2025-11-18,2026-02-25
0.035,CONFIRMED,SUPPORTING,0.952,NORMAL,COLLECTIVE_ANOMALY,TEST,True,AMBIGUOUS,ACTIVE,2026-03-22,2026-09-11
0.484,CONFIRMED,SUPPORTING,0.941,NORMAL,NONE,TRAIN,True,CRIMINAL,ACTIVE,2026-04-15,2026-09-10
0.238,CONFIRMED,SUPPORTING,0.957,NORMAL,NONE,TRAIN,True,CRIMINAL,ACTIVE,2026-04-23,2026-08-04
0.035,UNKNOWN,NEUTRAL,0.506,NORMAL,NONE,TRAIN,True,CRIMINAL,ACTIVE,2026-03-02,2026-06-12
0.411,FALSE,CONTRADICTING,0.295,NORMAL,NONE,TEST,True,AMBIGUOUS,ACTIVE,2026-06-02,2026-09-26
0.692,UNKNOWN,NEUTRAL,0.549,NORMAL,NONE,TRAIN,True,MIXED,ACTIVE,2026-03-29,2026-09-15
0.357,CONFIRMED,SUPPORTING,0.954,NORMAL,NONE,TRAIN,True,CRIMINAL,ACTIVE,2025-11-03,2026-03-20
0.749,FALSE,CONTRADICTING,0.317,NORMAL,NONE,VALIDATION,True,LEGITIMATE,ACTIVE,2026-01-09,2026-04-09
0.776,UNKNOWN,NEUTRAL,0.349,NORMAL,NONE,TRAIN,True,CRIMINAL,ACTIVE,2026-07-27,2026-08-24
0.274,CONFIRMED,SUPPORTING,0.986,NORMAL,NONE,TRAIN,True,CRIMINAL,ACTIVE,2026-07-26,2026-10-20
0.299,SUSPECTED,SUPPORTING,0.818,NORMAL,NONE,TRAIN,True,CRIMINAL,ACTIVE,2026-06-14,2026-08-17
0.563,CONFIRMED,SUPPORTING,0.843,NORMAL,NONE,TRAIN,True,CRIMINAL,ACTIVE,2026-01-16,2026-03-26
0.592,CONFIRMED,SUPPORTING,0.945,NORMAL,NONE,TRAIN,True,CRIMINAL,ACTIVE,2026-05-25,2026-08-28
0.351,SUSPECTED,SUPPORTING,0.623,NORMAL,NONE,TRAIN,True,CRIMINAL,ACTIVE,2026-04-13,2026-05-08
0.425,SUSPECTED,SUPPORTING,0.588,SHARED_DEVICE,NONE,TRAIN,True,CRIMINAL,ACTIVE,2025-10-29,2026-03-07
0.452,UNKNOWN,NEUTRAL,0.416,NORMAL,NONE,TRAIN,True,LEGITIMATE,ACTIVE,2026-02-23,2026-07-27
0.228,SUSPECTED,SUPPORTING,0.671,NORMAL,NONE,TRAIN,True,CRIMINAL,ACTIVE,2026-06-04,2026-10-13
0.353,CONFIRMED,SUPPORTING,0.898,NORMAL,NONE,VALIDATION,True,LEGITIMATE,ACTIVE,2026-05-17,2026-08-21
0.43,SUSPECTED,SUPPORTING,0.765,NORMAL,NONE,VALIDATION,True,LEGITIMATE,ACTIVE,2026-02-07,2026-05-15
0.718,CONFIRMED,SUPPORTING,0.924,STALE_DEVICE,POINT_ANOMALY,TRAIN,True,MIXED,ACTIVE,2026-02-04,2026-07-17
0.299,FALSE,CONTRADICTING,0.292,NORMAL,NONE,TRAIN,True,CRIMINAL,ACTIVE,2026-01-13,2026-07-01
0.393,CONFIRMED,SUPPORTING,0.894,NORMAL,NONE,TRAIN,True,MIXED,ACTIVE,2026-01-11,2026-07-31
0.434,FALSE,CONTRADICTING,0.413,NORMAL,NONE,TRAIN,True,LEGITIMATE,ACTIVE,2026-03-12,2026-07-25
0.344,CONFIRMED,SUPPORTING,0.832,NORMAL,NONE,TRAIN,True,MIXED,ACTIVE,2026-05-01,2026-08-04
0.084,CONFIRMED,SUPPORTING,0.963,NORMAL,NONE,TRAIN,True,CRIMINAL,ACTIVE,2026-05-17,2026-10-29
0.167,UNKNOWN,NEUTRAL,0.35,NORMAL,NONE,TRAIN,True,MIXED,ACTIVE,2026-02-15,2026-06-08
0.335,CONFIRMED,SUPPORTING,0.843,NORMAL,NONE,TRAIN,True,MIXED,ACTIVE,2026-07-22,2026-10-31
0.633,UNKNOWN,NEUTRAL,0.385,NORMAL,NONE,TRAIN,True,CRIMINAL,ACTIVE,2026-07-07,2026-09-02
0.529,CONFIRMED,SUPPORTING,0.966,NORMAL,NONE,TRAIN,True,CRIMINAL,ACTIVE,2025-12-07,2026-05-26
0.586,SUSPECTED,SUPPORTING,0.753,NORMAL,NONE,VALIDATION,True,LEGITIMATE,ACTIVE,2025-12-24,2026-03-23
0.644,CONFIRMED,SUPPORTING,0.919,NORMAL,NONE,TRAIN,True,CRIMINAL,ACTIVE,2025-11-19,2026-02-12
0.079,UNKNOWN,NEUTRAL,0.395,NORMAL,NONE,TRAIN,True,CRIMINAL,ACTIVE,2025-12-23,2026-05-02
0.647,CONFIRMED,SUPPORTING,0.969,NORMAL,NONE,TRAIN,True,MIXED,ACTIVE,2025-12-02,2026-05-20
0.765,CONFIRMED,SUPPORTING,0.945,NORMAL,NONE,TRAIN,True,CRIMINAL,ACTIVE,2026-05-25,2026-10-17
0.067,SUSPECTED,SUPPORTING,0.732,NORMAL,COLLECTIVE_ANOMALY,TEST,True,AMBIGUOUS,ACTIVE,2026-01-23,2026-03-08
0.355,SUSPECTED,SUPPORTING,0.81,NORMAL,NONE,TRAIN,True,CRIMINAL,ACTIVE,2026-01-31,2026-05-12
0.526,FALSE,CONTRADICTING,0.383,NORMAL,NONE,VALIDATION,True,LEGITIMATE,ACTIVE,2026-05-15,2026-08-16
0.582,SUSPECTED,SUPPORTING,0.719,NORMAL,NONE,VALIDATION,True,LEGITIMATE,ACTIVE,2026-01-19,2026-06-30
0.927,CONFIRMED,SUPPORTING,0.954,NORMAL,COLLECTIVE_ANOMALY,TRAIN,True,MIXED,ACTIVE,2025-12-22,2026-05-03
0.519,SUSPECTED,SUPPORTING,0.831,NORMAL,NONE,TRAIN,True,CRIMINAL,ACTIVE,2026-03-31,2026-06-21
0.398,SUSPECTED,SUPPORTING,0.639,NORMAL,NONE,TRAIN,True,CRIMINAL,ACTIVE,2026-06-16,2026-08-11
0.862,CONFIRMED,SUPPORTING,0.944,NORMAL,NONE,TEST,True,AMBIGUOUS,ACTIVE,2026-02-21,2026-06-25
0.094,UNKNOWN,NEUTRAL,0.502,NORMAL,NONE,VALIDATION,True,LEGITIMATE,ACTIVE,2025-12-11,2026-02-23
0.689,UNKNOWN,NEUTRAL,0.374,NORMAL,NONE,TRAIN,True,MIXED,ACTIVE,2026-01-05,2026-05-25
0.14,SUSPECTED,SUPPORTING,0.618,NORMAL,NONE,TRAIN,True,MIXED,ACTIVE,2026-01-09,2026-05-15
0.213,UNKNOWN,NEUTRAL,0.318,NORMAL,CONTEXTUAL_ANOMALY,TEST,True,AMBIGUOUS,ACTIVE,2025-10-09,2026-04-07
0.732,UNKNOWN,NEUTRAL,0.367,NORMAL,NONE,VALIDATION,True,LEGITIMATE,ACTIVE,2025-12-14,2026-03-07
0.566,UNKNOWN,NEUTRAL,0.213,NORMAL,NONE,VALIDATION,True,LEGITIMATE,ACTIVE,2026-02-11,2026-07-05
0.24,SUSPECTED,SUPPORTING,0.795,NORMAL,NONE,TRAIN,True,CRIMINAL,ACTIVE,2026-04-10,2026-06-26
0.322,CONFIRMED,SUPPORTING,0.836,NORMAL,NONE,TEST,True,AMBIGUOUS,ACTIVE,2026-01-23,2026-06-20
0.441,SUSPECTED,SUPPORTING,0.641,NORMAL,NONE,TEST,True,AMBIGUOUS,ACTIVE,2025-11-10,2026-05-09
0.362,CONFIRMED,SUPPORTING,0.875,RECYCLED_SIM,NONE,TRAIN,True,CRIMINAL,ACTIVE,2026-05-19,2026-08-21
0.163,CONFIRMED,SUPPORTING,0.849,NORMAL,COLLECTIVE_ANOMALY,TRAIN,True,CRIMINAL,ACTIVE,2026-01-27,2026-06-17
0.216,UNKNOWN,NEUTRAL,0.432,NORMAL,TEMPORAL_ANOMALY,TRAIN,True,CRIMINAL,ACTIVE,2026-03-05,2026-07-05
0.172,CONFIRMED,SUPPORTING,0.827,NORMAL,COLLECTIVE_ANOMALY,VALIDATION,True,LEGITIMATE,ACTIVE,2026-06-23,2026-09-03
0.527,SUSPECTED,SUPPORTING,0.636,NORMAL,NONE,TEST,True,AMBIGUOUS,ACTIVE,2026-02-27,2026-06-13
0.602,UNKNOWN,NEUTRAL,0.443,NORMAL,NONE,TRAIN,True,MIXED,ACTIVE,2026-01-11,2026-04-16
0.529,UNKNOWN,NEUTRAL,0.438,NORMAL,NONE,TRAIN,True,CRIMINAL,ACTIVE,2026-03-25,2026-05-27
0.445,FALSE,CONTRADICTING,0.264,NORMAL,COLLECTIVE_ANOMALY,VALIDATION,True,LEGITIMATE,ACTIVE,2025-11-24,2026-03-07
0.651,CONFIRMED,SUPPORTING,0.873,NORMAL,CONTEXTUAL_ANOMALY,TRAIN,True,CRIMINAL,ACTIVE,2026-01-30,2026-04-23
0.372,FALSE,CONTRADICTING,0.189,NORMAL,NONE,TRAIN,True,CRIMINAL,ACTIVE,2025-10-10,2026-04-06
0.201,SUSPECTED,SUPPORTING,0.847,NORMAL,NONE,TRAIN,True,CRIMINAL,ACTIVE,2026-03-21,2026-05-19
0.377,SUSPECTED,SUPPORTING,0.708,NORMAL,NONE,TEST,True,AMBIGUOUS,ACTIVE,2026-02-17,2026-08-07
0.514,SUSPECTED,SUPPORTING,0.707,NORMAL,NONE,TRAIN,True,CRIMINAL,ACTIVE,2026-03-07,2026-08-15
0.842,UNKNOWN,NEUTRAL,0.516,NORMAL,CONTEXTUAL_ANOMALY,TRAIN,True,LEGITIMATE,ACTIVE,2026-07-21,2026-09-05
0.497,FALSE,CONTRADICTING,0.258,NORMAL,NONE,VALIDATION,True,LEGITIMATE,ACTIVE,2026-05-19,2026-07-24
0.745,SUSPECTED,SUPPORTING,0.698,NORMAL,NONE,TRAIN,True,CRIMINAL,ACTIVE,2026-02-09,2026-04-04
0.652,CONFIRMED,SUPPORTING,0.927,NORMAL,NONE,TEST,True,AMBIGUOUS,ACTIVE,2026-03-30,2026-08-05
0.592,FALSE,CONTRADICTING,0.352,NORMAL,COLLECTIVE_ANOMALY,TRAIN,True,MIXED,ACTIVE,2026-02-27,2026-06-01
0.399,CONFIRMED,SUPPORTING,0.885,NORMAL,CONTEXTUAL_ANOMALY,TRAIN,True,CRIMINAL,ACTIVE,2026-05-18,2026-10-16
0.562,CONFIRMED,SUPPORTING,0.886,NORMAL,NONE,TRAIN,True,CRIMINAL,ACTIVE,2026-06-02,2026-08-23
0.689,SUSPECTED,SUPPORTING,0.599,NORMAL,NONE,TEST,True,AMBIGUOUS,ACTIVE,2025-12-27,2026-06-19
0.149,CONFIRMED,SUPPORTING,0.825,NORMAL,NONE,TRAIN,True,CRIMINAL,ACTIVE,2026-01-12,2026-06-16
0.707,CONFIRMED,SUPPORTING,0.883,NORMAL,NONE,TRAIN,True,MIXED,ACTIVE,2026-04-09,2026-07-10
0.44,FALSE,CONTRADICTING,0.409,NORMAL,NONE,TRAIN,True,CRIMINAL,ACTIVE,2025-11-13,2026-03-10
0.327,UNKNOWN,NEUTRAL,0.314,NORMAL,NONE,TEST,True,AMBIGUOUS,ACTIVE,2026-02-26,2026-09-08
0.663,SUSPECTED,SUPPORTING,0.794,NORMAL,NONE,TRAIN,True,CRIMINAL,ACTIVE,2026-02-12,2026-04-15
0.549,UNKNOWN,NEUTRAL,0.378,NORMAL,POINT_ANOMALY,VALIDATION,True,LEGITIMATE,ACTIVE,2026-03-23,2026-07-29
0.429,CONFIRMED,SUPPORTING,0.903,NORMAL,NONE,TRAIN,True,MIXED,ACTIVE,2026-01-22,2026-04-19
0.11,CONFIRMED,SUPPORTING,0.987,NORMAL,NONE,TRAIN,True,MIXED,ACTIVE,2026-04-01,2026-05-10
0.575,SUSPECTED,SUPPORTING,0.634,NORMAL,NONE,TRAIN,True,CRIMINAL,ACTIVE,2026-03-31,2026-07-12
0.385,CONFIRMED,SUPPORTING,0.913,NORMAL,NONE,TEST,True,AMBIGUOUS,ACTIVE,2026-02-01,2026-07-02
0.178,UNKNOWN,NEUTRAL,0.445,RECYCLED_SIM,NONE,VALIDATION,True,LEGITIMATE,ACTIVE,2026-03-12,2026-06-11
0.548,FALSE,CONTRADICTING,0.144,NORMAL,NONE,TRAIN,True,CRIMINAL,ACTIVE,2026-02-13,2026-05-10
0.726,SUSPECTED,SUPPORTING,0.817,NORMAL,COLLECTIVE_ANOMALY,TRAIN,True,CRIMINAL,ACTIVE,2026-04-22,2026-07-03
0.076,UNKNOWN,NEUTRAL,0.371,NORMAL,NONE,TRAIN,True,MIXED,ACTIVE,2026-03-03,2026-08-22
0.296,FALSE,CONTRADICTING,0.146,NORMAL,NONE,TEST,True,AMBIGUOUS,ACTIVE,2025-11-04,2026-04-03
0.562,UNKNOWN,NEUTRAL,0.206,NORMAL,NONE,VALIDATION,True,LEGITIMATE,ACTIVE,2025-12-24,2026-04-27
0.201,FALSE,CONTRADICTING,0.197,NORMAL,NONE,VALIDATION,True,LEGITIMATE,ACTIVE,2026-01-22,2026-03-09
0.469,FALSE,CONTRADICTING,0.3,NORMAL,NONE,TRAIN,True,MIXED,ACTIVE,2026-04-29,2026-09-15
0.43,SUSPECTED,SUPPORTING,0.813,NORMAL,NONE,TRAIN,True,CRIMINAL,ACTIVE,2026-06-23,2026-09-28
0.238,SUSPECTED,SUPPORTING,0.776,NORMAL,NONE,TRAIN,True,CRIMINAL,ACTIVE,2026-01-03,2026-05-01
0.149,SUSPECTED,SUPPORTING,0.854,NORMAL,TEMPORAL_ANOMALY,TRAIN,True,CRIMINAL,ACTIVE,2026-06-29,2026-09-25
0.179,FALSE,CONTRADICTING,0.213,NORMAL,RELATIONAL_ANOMALY,TRAIN,True,MIXED,ACTIVE,2025-12-04,2026-05-27
0.279,SUSPECTED,SUPPORTING,0.763,NORMAL,NONE,TEST,True,AMBIGUOUS,ACTIVE,2026-02-03,2026-06-12
0.597,CONFIRMED,SUPPORTING,0.917,RECYCLED_SIM,NONE,TRAIN,True,CRIMINAL,ACTIVE,2026-03-31,2026-06-29
0.526,CONFIRMED,SUPPORTING,0.936,NORMAL,NONE,TRAIN,True,CRIMINAL,ACTIVE,2025-12-31,2026-04-24
0.094,FALSE,CONTRADICTING,0.352,NORMAL,COLLECTIVE_ANOMALY,TEST,True,AMBIGUOUS,ACTIVE,2026-05-30,2026-09-10
0.12,FALSE,CONTRADICTING,0.332,NORMAL,NONE,TRAIN,True,MIXED,ACTIVE,2026-04-13,2026-09-25
0.59,UNKNOWN,NEUTRAL,0.465,NORMAL,POINT_ANOMALY,TRAIN,True,MIXED,ACTIVE,2026-07-29,2026-11-11
0.352,CONFIRMED,SUPPORTING,0.889,NORMAL,NONE,TRAIN,True,CRIMINAL,ACTIVE,2026-05-18,2026-09-19
0.705,UNKNOWN,NEUTRAL,0.288,NORMAL,NONE,TEST,True,AMBIGUOUS,ACTIVE,2026-06-08,2026-09-19
0.549,UNKNOWN,NEUTRAL,0.211,NORMAL,NONE,TRAIN,True,MIXED,ACTIVE,2025-11-25,2026-03-08
0.466,FALSE,CONTRADICTING,0.331,NORMAL,POINT_ANOMALY,TRAIN,True,CRIMINAL,ACTIVE,2026-01-21,2026-05-01
0.343,SUSPECTED,SUPPORTING,0.685,STALE_DEVICE,NONE,TRAIN,True,MIXED,ACTIVE,2025-12-30,2026-04-19
0.311,UNKNOWN,NEUTRAL,0.367,NORMAL,NONE,VALIDATION,True,LEGITIMATE,ACTIVE,2026-01-18,2026-04-23
0.636,FALSE,CONTRADICTING,0.199,STALE_DEVICE,NONE,VALIDATION,True,LEGITIMATE,ACTIVE,2026-05-24,2026-10-14
0.254,UNKNOWN,NEUTRAL,0.364,NORMAL,COLLECTIVE_ANOMALY,TRAIN,True,CRIMINAL,ACTIVE,2026-03-01,2026-07-27
0.322,CONFIRMED,SUPPORTING,0.921,SHARED_DEVICE,NONE,TRAIN,True,MIXED,ACTIVE,2025-11-04,2026-04-09
0.671,UNKNOWN,NEUTRAL,0.231,NORMAL,NONE,TRAIN,True,CRIMINAL,ACTIVE,2025-12-01,2026-03-31
0.31,SUSPECTED,SUPPORTING,0.857,NORMAL,NONE,TRAIN,True,CRIMINAL,ACTIVE,2026-03-15,2026-08-18
0.383,UNKNOWN,NEUTRAL,0.38,NORMAL,POINT_ANOMALY,TRAIN,True,CRIMINAL,ACTIVE,2026-01-19,2026-04-28
0.345,CONFIRMED,SUPPORTING,0.937,NORMAL,NONE,TRAIN,True,MIXED,ACTIVE,2026-03-08,2026-07-17
0.272,CONFIRMED,SUPPORTING,0.847,NORMAL,TEMPORAL_ANOMALY,TRAIN,True,MIXED,ACTIVE,2026-04-12,2026-09-01
0.251,CONFIRMED,SUPPORTING,0.833,NORMAL,NONE,TRAIN,True,MIXED,ACTIVE,2026-03-26,2026-08-02
0.49,FALSE,CONTRADICTING,0.41,NORMAL,NONE,TRAIN,True,MIXED,ACTIVE,2025-12-10,2026-04-21
0.582,FALSE,CONTRADICTING,0.399,NORMAL,NONE,TRAIN,True,CRIMINAL,ACTIVE,2026-04-08,2026-06-09
0.46,UNKNOWN,NEUTRAL,0.441,RECYCLED_SIM,NONE,TEST,True,AMBIGUOUS,ACTIVE,2026-04-17,2026-08-07
0.55,FALSE,CONTRADICTING,0.349,NORMAL,NONE,TRAIN,True,CRIMINAL,ACTIVE,2026-05-02,2026-08-23
0.788,UNKNOWN,NEUTRAL,0.313,NORMAL,NONE,VALIDATION,True,LEGITIMATE,ACTIVE,2025-11-21,2026-06-06
0.423,SUSPECTED,SUPPORTING,0.771,NORMAL,COLLECTIVE_ANOMALY,TRAIN,True,MIXED,ACTIVE,2026-04-28,2026-07-16
0.68,UNKNOWN,NEUTRAL,0.516,NORMAL,NONE,TRAIN,True,CRIMINAL,ACTIVE,2026-03-01,2026-05-24
0.731,SUSPECTED,SUPPORTING,0.702,NORMAL,POINT_ANOMALY,VALIDATION,True,LEGITIMATE,ACTIVE,2025-12-13,2026-06-18
0.116,CONFIRMED,SUPPORTING,0.964,NORMAL,CONTEXTUAL_ANOMALY,TRAIN,True,CRIMINAL,ACTIVE,2026-05-26,2026-08-16
0.15,SUSPECTED,SUPPORTING,0.849,STALE_DEVICE,COLLECTIVE_ANOMALY,TRAIN,True,MIXED,ACTIVE,2026-07-11,2026-09-17
0.396,SUSPECTED,SUPPORTING,0.635,NORMAL,NONE,TEST,True,AMBIGUOUS,ACTIVE,2026-04-18,2026-08-27
0.475,SUSPECTED,SUPPORTING,0.733,NORMAL,POINT_ANOMALY,TRAIN,True,CRIMINAL,ACTIVE,2025-12-06,2026-05-30
0.711,SUSPECTED,SUPPORTING,0.673,NORMAL,NONE,TRAIN,True,MIXED,ACTIVE,2026-06-05,2026-09-01
0.166,UNKNOWN,NEUTRAL,0.524,NORMAL,COLLECTIVE_ANOMALY,TEST,True,AMBIGUOUS,ACTIVE,2026-03-13,2026-07-21
0.185,SUSPECTED,SUPPORTING,0.724,NORMAL,NONE,VALIDATION,True,LEGITIMATE,ACTIVE,2026-07-01,2026-09-17
0.488,CONFIRMED,SUPPORTING,0.95,NORMAL,RELATIONAL_ANOMALY,TRAIN,True,MIXED,ACTIVE,2026-04-26,2026-08-09
0.345,FALSE,CONTRADICTING,0.149,NORMAL,NONE,TRAIN,True,MIXED,ACTIVE,2026-03-29,2026-06-15
0.462,SUSPECTED,SUPPORTING,0.799,NORMAL,NONE,VALIDATION,True,LEGITIMATE,ACTIVE,2025-12-27,2026-04-18
0.311,UNKNOWN,NEUTRAL,0.385,NORMAL,NONE,TRAIN,True,MIXED,ACTIVE,2026-05-19,2026-10-27
0.352,CONFIRMED,SUPPORTING,0.929,NORMAL,NONE,TRAIN,True,CRIMINAL,ACTIVE,2025-11-23,2026-05-08
0.439,UNKNOWN,NEUTRAL,0.278,NORMAL,NONE,VALIDATION,True,LEGITIMATE,ACTIVE,2025-11-25,2026-03-28
0.205,SUSPECTED,SUPPORTING,0.792,NORMAL,NONE,TRAIN,True,CRIMINAL,ACTIVE,2026-05-16,2026-10-19
0.352,UNKNOWN,NEUTRAL,0.317,NORMAL,NONE,VALIDATION,True,LEGITIMATE,ACTIVE,2025-11-26,2026-04-23
0.034,SUSPECTED,SUPPORTING,0.731,NORMAL,NONE,TEST,True,AMBIGUOUS,ACTIVE,2026-03-17,2026-07-23
0.145,FALSE,CONTRADICTING,0.145,NORMAL,NONE,TRAIN,True,MIXED,ACTIVE,2026-02-02,2026-08-15
0.276,UNKNOWN,NEUTRAL,0.224,NORMAL,NONE,TRAIN,True,MIXED,ACTIVE,2026-04-05,2026-07-30
0.358,FALSE,CONTRADICTING,0.373,NORMAL,NONE,TRAIN,True,CRIMINAL,ACTIVE,2025-12-05,2026-06-13
0.863,UNKNOWN,NEUTRAL,0.221,NORMAL,RELATIONAL_ANOMALY,TRAIN,True,CRIMINAL,ACTIVE,2026-03-06,2026-06-08
0.636,UNKNOWN,NEUTRAL,0.327,NORMAL,NONE,TRAIN,True,CRIMINAL,ACTIVE,2026-02-25,2026-07-05
0.05,UNKNOWN,NEUTRAL,0.327,NORMAL,NONE,TEST,True,AMBIGUOUS,ACTIVE,2026-08-01,2026-10-25
0.632,SUSPECTED,SUPPORTING,0.854,NORMAL,NONE,VALIDATION,True,LEGITIMATE,ACTIVE,2026-06-26,2026-09-25
0.241,UNKNOWN,NEUTRAL,0.217,NORMAL,CONTEXTUAL_ANOMALY,TEST,True,AMBIGUOUS,ACTIVE,2026-02-10,2026-04-29
0.365,SUSPECTED,SUPPORTING,0.815,NORMAL,NONE,TRAIN,True,MIXED,ACTIVE,2026-07-14,2026-10-15
0.406,CONFIRMED,SUPPORTING,0.97,NORMAL,NONE,TRAIN,True,CRIMINAL,ACTIVE,2025-12-01,2026-03-08
0.4,SUSPECTED,SUPPORTING,0.619,NORMAL,NONE,TEST,True,AMBIGUOUS,ACTIVE,2026-02-05,2026-05-23
0.401,SUSPECTED,SUPPORTING,0.845,NORMAL,NONE,TEST,True,AMBIGUOUS,ACTIVE,2026-02-05,2026-06-23
0.228,CONFIRMED,SUPPORTING,0.879,NORMAL,NONE,TRAIN,True,MIXED,ACTIVE,2026-01-06,2026-05-29
0.267,SUSPECTED,SUPPORTING,0.667,NORMAL,POINT_ANOMALY,TRAIN,True,CRIMINAL,ACTIVE,2026-05-18,2026-08-19
0.228,SUSPECTED,SUPPORTING,0.668,NORMAL,NONE,TEST,True,AMBIGUOUS,ACTIVE,2026-05-11,2026-10-03
0.272,UNKNOWN,NEUTRAL,0.461,NORMAL,NONE,TRAIN,True,MIXED,ACTIVE,2026-01-07,2026-06-25
0.072,CONFIRMED,SUPPORTING,0.989,NORMAL,NONE,TRAIN,True,MIXED,ACTIVE,2025-10-12,2026-03-01
0.161,CONFIRMED,SUPPORTING,0.861,NORMAL,NONE,TRAIN,True,CRIMINAL,ACTIVE,2026-05-11,2026-10-25
0.159,CONFIRMED,SUPPORTING,0.965,NORMAL,NONE,TEST,True,AMBIGUOUS,ACTIVE,2026-06-25,2026-07-25
0.225,CONFIRMED,SUPPORTING,0.902,NORMAL,NONE,TRAIN,True,CRIMINAL,ACTIVE,2025-12-03,2026-02-23
0.339,CONFIRMED,SUPPORTING,0.929,NORMAL,NONE,TRAIN,True,CRIMINAL,ACTIVE,2025-12-28,2026-04-18
0.383,UNKNOWN,NEUTRAL,0.414,NORMAL,RELATIONAL_ANOMALY,TEST,True,AMBIGUOUS,ACTIVE,2026-04-16,2026-11-07
0.32,CONFIRMED,SUPPORTING,0.826,NORMAL,NONE,VALIDATION,True,LEGITIMATE,ACTIVE,2025-12-29,2026-03-02
0.281,SUSPECTED,SUPPORTING,0.596,NORMAL,NONE,TRAIN,True,CRIMINAL,ACTIVE,2026-02-18,2026-04-10
0.337,SUSPECTED,SUPPORTING,0.828,NORMAL,NONE,VALIDATION,True,LEGITIMATE,ACTIVE,2026-04-30,2026-07-28
0.59,FALSE,CONTRADICTING,0.287,NORMAL,NONE,TRAIN,True,CRIMINAL,ACTIVE,2026-07-11,2026-08-18
0.653,FALSE,CONTRADICTING,0.209,NORMAL,NONE,TRAIN,True,MIXED,ACTIVE,2026-04-24,2026-08-24
0.277,UNKNOWN,NEUTRAL,0.398,NORMAL,NONE,TRAIN,True,CRIMINAL,ACTIVE,2026-06-02,2026-08-06
0.279,SUSPECTED,SUPPORTING,0.754,NORMAL,NONE,TRAIN,True,CRIMINAL,ACTIVE,2026-02-01,2026-08-06
0.204,SUSPECTED,SUPPORTING,0.692,NORMAL,NONE,TRAIN,True,CRIMINAL,ACTIVE,2026-02-25,2026-08-10
0.327,CONFIRMED,SUPPORTING,0.846,NORMAL,NONE,TRAIN,True,CRIMINAL,ACTIVE,2026-03-31,2026-07-01
0.072,SUSPECTED,SUPPORTING,0.619,NORMAL,NONE,TRAIN,True,MIXED,ACTIVE,2025-10-29,2026-02-14
0.188,CONFIRMED,SUPPORTING,0.924,NORMAL,NONE,TRAIN,True,MIXED,ACTIVE,2026-07-12,2026-08-30
0.251,UNKNOWN,NEUTRAL,0.403,NORMAL,NONE,TEST,True,AMBIGUOUS,ACTIVE,2026-07-02,2026-08-07
0.188,FALSE,CONTRADICTING,0.228,NORMAL,NONE,VALIDATION,True,LEGITIMATE,ACTIVE,2026-02-27,2026-07-22
0.502,FALSE,CONTRADICTING,0.344,STALE_DEVICE,NONE,TRAIN,True,MIXED,ACTIVE,2026-06-20,2026-09-16
0.355,CONFIRMED,SUPPORTING,0.876,NORMAL,NONE,TRAIN,True,CRIMINAL,ACTIVE,2025-12-25,2026-05-05
0.466,UNKNOWN,NEUTRAL,0.464,NORMAL,TEMPORAL_ANOMALY,TEST,True,AMBIGUOUS,ACTIVE,2025-10-13,2026-03-16
0.271,CONFIRMED,SUPPORTING,0.877,NORMAL,NONE,TRAIN,True,CRIMINAL,ACTIVE,2025-12-02,2026-03-31
0.579,FALSE,CONTRADICTING,0.294,NORMAL,NONE,VALIDATION,True,LEGITIMATE,ACTIVE,2026-07-02,2026-09-14
0.325,SUSPECTED,SUPPORTING,0.795,NORMAL,NONE,TRAIN,True,CRIMINAL,ACTIVE,2026-02-27,2026-07-11
0.3,FALSE,CONTRADICTING,0.289,NORMAL,NONE,TEST,True,AMBIGUOUS,ACTIVE,2026-03-26,2026-07-29
0.495,UNKNOWN,NEUTRAL,0.492,SHARED_DEVICE,COLLECTIVE_ANOMALY,TRAIN,True,MIXED,ACTIVE,2025-12-11,2026-03-27
0.692,FALSE,CONTRADICTING,0.125,NORMAL,NONE,TRAIN,True,MIXED,ACTIVE,2026-01-07,2026-04-25
0.327,UNKNOWN,NEUTRAL,0.282,NORMAL,NONE,VALIDATION,True,LEGITIMATE,ACTIVE,2025-09-25,2026-02-14
0.559,CONFIRMED,SUPPORTING,0.859,NORMAL,COLLECTIVE_ANOMALY,TRAIN,True,LEGITIMATE,ACTIVE,2026-04-06,2026-08-13
0.023,SUSPECTED,SUPPORTING,0.822,NORMAL,NONE,VALIDATION,True,LEGITIMATE,ACTIVE,2025-10-23,2026-03-03
0.734,UNKNOWN,NEUTRAL,0.488,NORMAL,NONE,TRAIN,True,MIXED,ACTIVE,2026-05-29,2026-08-18
0.444,SUSPECTED,SUPPORTING,0.849,NORMAL,NONE,TRAIN,True,MIXED,ACTIVE,2026-07-24,2026-10-09
0.398,UNKNOWN,NEUTRAL,0.493,NORMAL,NONE,TRAIN,True,CRIMINAL,ACTIVE,2025-12-15,2026-03-29
0.111,SUSPECTED,SUPPORTING,0.721,NORMAL,NONE,TEST,True,AMBIGUOUS,ACTIVE,2026-01-01,2026-03-06
0.528,CONFIRMED,SUPPORTING,0.869,NORMAL,NONE,VALIDATION,True,LEGITIMATE,ACTIVE,2026-01-17,2026-06-02
0.129,UNKNOWN,NEUTRAL,0.227,NORMAL,NONE,TRAIN,True,CRIMINAL,ACTIVE,2025-12-09,2026-02-23
0.207,SUSPECTED,SUPPORTING,0.709,NORMAL,NONE,TRAIN,True,LEGITIMATE,ACTIVE,2025-11-25,2026-03-10
0.281,CONFIRMED,SUPPORTING,0.929,NORMAL,NONE,TRAIN,True,CRIMINAL,ACTIVE,2026-02-23,2026-07-15
0.245,FALSE,CONTRADICTING,0.132,NORMAL,NONE,TRAIN,True,CRIMINAL,ACTIVE,2025-11-11,2026-04-25
0.489,SUSPECTED,SUPPORTING,0.657,NORMAL,NONE,TRAIN,True,CRIMINAL,ACTIVE,2026-02-13,2026-06-03
0.085,FALSE,CONTRADICTING,0.158,NORMAL,POINT_ANOMALY,TRAIN,True,CRIMINAL,ACTIVE,2026-04-23,2026-09-13
0.155,SUSPECTED,SUPPORTING,0.847,NORMAL,NONE,VALIDATION,True,LEGITIMATE,ACTIVE,2025-10-12,2026-03-10
0.285,SUSPECTED,SUPPORTING,0.623,NORMAL,NONE,TRAIN,True,CRIMINAL,ACTIVE,2026-02-04,2026-08-15
0.363,CONFIRMED,SUPPORTING,0.879,NORMAL,NONE,TRAIN,True,CRIMINAL,ACTIVE,2025-09-24,2026-02-13
0.389,FALSE,CONTRADICTING,0.305,NORMAL,NONE,TRAIN,True,CRIMINAL,ACTIVE,2025-12-02,2026-03-11
0.363,CONFIRMED,SUPPORTING,0.883,NORMAL,NONE,TRAIN,True,MIXED,ACTIVE,2026-02-21,2026-07-04
0.101,SUSPECTED,SUPPORTING,0.785,NORMAL,NONE,TRAIN,True,CRIMINAL,ACTIVE,2026-01-27,2026-05-11
0.644,FALSE,CONTRADICTING,0.221,NORMAL,NONE,VALIDATION,True,LEGITIMATE,ACTIVE,2025-12-24,2026-02-13
0.403,SUSPECTED,SUPPORTING,0.657,NORMAL,NONE,TEST,True,AMBIGUOUS,ACTIVE,2026-02-24,2026-06-11
0.268,CONFIRMED,SUPPORTING,0.921,NORMAL,NONE,TRAIN,True,CRIMINAL,ACTIVE,2026-04-14,2026-05-29
0.525,UNKNOWN,NEUTRAL,0.508,NORMAL,NONE,TRAIN,True,CRIMINAL,ACTIVE,2025-12-28,2026-04-25
0.142,SUSPECTED,SUPPORTING,0.782,NORMAL,NONE,TRAIN,True,CRIMINAL,ACTIVE,2026-04-09,2026-08-15
0.223,SUSPECTED,SUPPORTING,0.763,NORMAL,NONE,TRAIN,True,MIXED,ACTIVE,2026-01-20,2026-07-11
0.251,SUSPECTED,SUPPORTING,0.838,NORMAL,NONE,TEST,True,AMBIGUOUS,ACTIVE,2026-07-10,2026-08-11
0.291,CONFIRMED,SUPPORTING,0.851,NORMAL,NONE,TRAIN,True,CRIMINAL,ACTIVE,2025-12-03,2026-03-28
0.585,SUSPECTED,SUPPORTING,0.668,NORMAL,NONE,TRAIN,True,MIXED,ACTIVE,2026-06-15,2026-10-23
0.782,UNKNOWN,NEUTRAL,0.496,NORMAL,NONE,TRAIN,True,MIXED,ACTIVE,2026-04-01,2026-05-30
0.44,CONFIRMED,SUPPORTING,0.831,NORMAL,NONE,TRAIN,True,MIXED,ACTIVE,2025-09-19,2026-03-24
0.017,UNKNOWN,NEUTRAL,0.413,NORMAL,NONE,VALIDATION,True,LEGITIMATE,ACTIVE,2026-03-17,2026-08-29
0.198,FALSE,CONTRADICTING,0.274,NORMAL,NONE,TRAIN,True,CRIMINAL,ACTIVE,2026-03-02,2026-09-18
0.506,UNKNOWN,NEUTRAL,0.419,NORMAL,NONE,TRAIN,True,CRIMINAL,ACTIVE,2026-01-22,2026-03-27
0.568,FALSE,CONTRADICTING,0.184,NORMAL,NONE,TRAIN,True,CRIMINAL,ACTIVE,2026-02-19,2026-05-13
0.149,CONFIRMED,SUPPORTING,0.919,NORMAL,NONE,TRAIN,True,CRIMINAL,ACTIVE,2026-03-07,2026-06-29
0.625,CONFIRMED,SUPPORTING,0.909,NORMAL,TEMPORAL_ANOMALY,VALIDATION,True,LEGITIMATE,ACTIVE,2026-04-27,2026-07-30
0.604,FALSE,CONTRADICTING,0.367,NORMAL,NONE,TRAIN,True,LEGITIMATE,ACTIVE,2025-10-17,2026-04-16
0.217,CONFIRMED,SUPPORTING,0.844,NORMAL,NONE,TRAIN,True,CRIMINAL,ACTIVE,2026-01-12,2026-02-18
0.457,UNKNOWN,NEUTRAL,0.468,NORMAL,CONTEXTUAL_ANOMALY,TEST,True,AMBIGUOUS,ACTIVE,2026-07-19,2026-10-01
0.33,SUSPECTED,SUPPORTING,0.598,DUPLICATE,NONE,TRAIN,True,CRIMINAL,ACTIVE,2026-05-03,2026-09-03
0.361,SUSPECTED,SUPPORTING,0.628,NORMAL,NONE,TEST,True,AMBIGUOUS,ACTIVE,2026-07-04,2026-10-06
0.45,CONFIRMED,SUPPORTING,0.956,NORMAL,NONE,VALIDATION,True,LEGITIMATE,ACTIVE,2025-12-12,2026-01-20
0.605,FALSE,CONTRADICTING,0.31,NORMAL,NONE,TRAIN,True,CRIMINAL,ACTIVE,2025-11-18,2026-04-17
0.337,SUSPECTED,SUPPORTING,0.623,NORMAL,NONE,TRAIN,True,CRIMINAL,ACTIVE,2026-03-02,2026-06-12
0.333,CONFIRMED,SUPPORTING,0.91,SHARED_DEVICE,TEMPORAL_ANOMALY,TRAIN,True,MIXED,ACTIVE,2025-12-03,2026-03-02
0.214,FALSE,CONTRADICTING,0.2,NORMAL,NONE,VALIDATION,True,LEGITIMATE,ACTIVE,2026-01-25,2026-04-13
0.916,SUSPECTED,SUPPORTING,0.643,NORMAL,NONE,TRAIN,True,CRIMINAL,ACTIVE,2026-01-20,2026-06-27
0.549,UNKNOWN,NEUTRAL,0.403,NORMAL,NONE,TRAIN,True,CRIMINAL,ACTIVE,2026-01-04,2026-05-13
0.196,SUSPECTED,SUPPORTING,0.758,NORMAL,NONE,TRAIN,True,CRIMINAL,ACTIVE,2025-12-16,2026-06-23
0.317,SUSPECTED,SUPPORTING,0.783,NORMAL,NONE,VALIDATION,True,LEGITIMATE,ACTIVE,2025-12-29,2026-02-27
0.458,UNKNOWN,NEUTRAL,0.253,NORMAL,NONE,TEST,True,AMBIGUOUS,ACTIVE,2026-04-28,2026-08-27
0.212,FALSE,CONTRADICTING,0.225,NORMAL,NONE,TRAIN,True,LEGITIMATE,ACTIVE,2026-04-23,2026-06-30
0.772,CONFIRMED,SUPPORTING,0.973,NORMAL,POINT_ANOMALY,TRAIN,True,CRIMINAL,ACTIVE,2025-12-04,2026-05-07
0.322,UNKNOWN,NEUTRAL,0.472,NORMAL,NONE,TRAIN,True,MIXED,ACTIVE,2026-07-22,2026-10-18
0.5,SUSPECTED,SUPPORTING,0.712,NORMAL,NONE,TRAIN,True,CRIMINAL,ACTIVE,2026-05-02,2026-08-06
0.481,SUSPECTED,SUPPORTING,0.826,NORMAL,NONE,TEST,True,AMBIGUOUS,ACTIVE,2026-07-16,2026-09-23
0.544,CONFIRMED,SUPPORTING,0.97,NORMAL,CONTEXTUAL_ANOMALY,TRAIN,True,CRIMINAL,ACTIVE,2025-10-18,2026-03-26
0.491,SUSPECTED,SUPPORTING,0.652,NORMAL,NONE,TRAIN,True,MIXED,ACTIVE,2026-05-08,2026-09-04
0.489,CONFIRMED,SUPPORTING,0.928,NORMAL,COLLECTIVE_ANOMALY,TRAIN,True,CRIMINAL,ACTIVE,2026-05-07,2026-07-16
0.242,SUSPECTED,SUPPORTING,0.824,NORMAL,NONE,TEST,True,AMBIGUOUS,ACTIVE,2026-03-21,2026-06-07
0.745,UNKNOWN,NEUTRAL,0.34,NORMAL,NONE,VALIDATION,True,LEGITIMATE,ACTIVE,2026-05-22,2026-08-15
0.579,FALSE,CONTRADICTING,0.384,NORMAL,NONE,VALIDATION,True,LEGITIMATE,ACTIVE,2026-03-29,2026-07-20
0.21,FALSE,CONTRADICTING,0.326,NORMAL,NONE,TRAIN,True,LEGITIMATE,ACTIVE,2026-03-31,2026-08-03
0.336,UNKNOWN,NEUTRAL,0.341,NORMAL,NONE,VALIDATION,True,LEGITIMATE,ACTIVE,2026-05-08,2026-08-31
0.153,UNKNOWN,NEUTRAL,0.347,NORMAL,CONTEXTUAL_ANOMALY,TRAIN,True,LEGITIMATE,ACTIVE,2026-05-01,2026-08-27
0.105,CONFIRMED,SUPPORTING,0.937,NORMAL,NONE,TRAIN,True,CRIMINAL,ACTIVE,2026-03-01,2026-09-15
0.431,UNKNOWN,NEUTRAL,0.379,NORMAL,CONTEXTUAL_ANOMALY,TRAIN,True,CRIMINAL,ACTIVE,2025-11-06,2026-02-27
0.468,SUSPECTED,SUPPORTING,0.655,NORMAL,NONE,TRAIN,True,MIXED,ACTIVE,2026-02-17,2026-07-16
0.383,UNKNOWN,NEUTRAL,0.355,NORMAL,NONE,TEST,True,AMBIGUOUS,ACTIVE,2025-12-10,2026-02-16
0.141,FALSE,CONTRADICTING,0.388,NORMAL,CONTEXTUAL_ANOMALY,TRAIN,True,CRIMINAL,ACTIVE,2025-12-12,2026-05-05
0.168,FALSE,CONTRADICTING,0.254,NORMAL,NONE,TRAIN,True,CRIMINAL,ACTIVE,2025-09-15,2026-04-08
0.309,SUSPECTED,SUPPORTING,0.829,NORMAL,NONE,TEST,True,AMBIGUOUS,ACTIVE,2026-02-20,2026-04-17
0.322,CONFIRMED,SUPPORTING,0.899,DUPLICATE,NONE,TRAIN,True,MIXED,ACTIVE,2026-04-24,2026-07-04
0.658,SUSPECTED,SUPPORTING,0.6,NORMAL,NONE,VALIDATION,True,LEGITIMATE,ACTIVE,2026-01-28,2026-07-27
0.079,UNKNOWN,NEUTRAL,0.384,NORMAL,NONE,VALIDATION,True,LEGITIMATE,ACTIVE,2026-01-07,2026-06-27
0.375,CONFIRMED,SUPPORTING,0.981,NORMAL,NONE,VALIDATION,True,LEGITIMATE,ACTIVE,2026-03-22,2026-09-29
0.131,SUSPECTED,SUPPORTING,0.66,STALE_DEVICE,NONE,TRAIN,True,CRIMINAL,ACTIVE,2026-04-29,2026-10-10
0.472,SUSPECTED,SUPPORTING,0.643,NORMAL,NONE,TEST,True,AMBIGUOUS,ACTIVE,2026-03-28,2026-08-13
0.11,SUSPECTED,SUPPORTING,0.582,NORMAL,RELATIONAL_ANOMALY,TEST,True,AMBIGUOUS,ACTIVE,2025-12-28,2026-04-02
0.497,CONFIRMED,SUPPORTING,0.909,NORMAL,NONE,TRAIN,True,MIXED,ACTIVE,2026-05-17,2026-07-27
0.326,SUSPECTED,SUPPORTING,0.748,NORMAL,NONE,TRAIN,True,CRIMINAL,ACTIVE,2026-04-19,2026-08-03
0.395,CONFIRMED,SUPPORTING,0.943,NORMAL,NONE,TRAIN,True,CRIMINAL,ACTIVE,2026-04-11,2026-08-14
0.437,SUSPECTED,SUPPORTING,0.702,NORMAL,NONE,TRAIN,True,CRIMINAL,ACTIVE,2026-01-29,2026-07-04
0.607,FALSE,CONTRADICTING,0.198,NORMAL,CONTEXTUAL_ANOMALY,TRAIN,True,CRIMINAL,ACTIVE,2025-12-17,2026-04-19
0.312,CONFIRMED,SUPPORTING,0.925,NORMAL,NONE,TRAIN,True,MIXED,ACTIVE,2026-01-07,2026-05-23
0.38,CONFIRMED,SUPPORTING,0.854,NORMAL,COLLECTIVE_ANOMALY,TRAIN,True,CRIMINAL,ACTIVE,2026-04-06,2026-06-06
0.188,FALSE,CONTRADICTING,0.202,NORMAL,POINT_ANOMALY,TRAIN,True,CRIMINAL,ACTIVE,2025-11-01,2026-02-05
0.527,UNKNOWN,NEUTRAL,0.396,NORMAL,NONE,VALIDATION,True,LEGITIMATE,ACTIVE,2026-03-29,2026-06-26
0.35,UNKNOWN,NEUTRAL,0.337,NORMAL,NONE,TRAIN,True,CRIMINAL,ACTIVE,2026-02-16,2026-04-24
0.493,SUSPECTED,SUPPORTING,0.83,NORMAL,NONE,TRAIN,True,CRIMINAL,ACTIVE,2026-01-12,2026-05-18
0.141,SUSPECTED,SUPPORTING,0.821,NORMAL,NONE,TRAIN,True,CRIMINAL,ACTIVE,2026-01-26,2026-05-04
0.607,SUSPECTED,SUPPORTING,0.636,NORMAL,NONE,TEST,True,AMBIGUOUS,ACTIVE,2026-01-09,2026-06-02
0.285,FALSE,CONTRADICTING,0.33,NORMAL,NONE,TRAIN,True,MIXED,ACTIVE,2026-07-20,2026-10-26
0.524,CONFIRMED,SUPPORTING,0.838,NORMAL,NONE,TEST,True,AMBIGUOUS,ACTIVE,2025-12-11,2026-04-23
0.536,UNKNOWN,NEUTRAL,0.451,NORMAL,NONE,VALIDATION,True,LEGITIMATE,ACTIVE,2026-01-17,2026-04-28
0.761,SUSPECTED,SUPPORTING,0.768,NORMAL,NONE,TEST,True,AMBIGUOUS,ACTIVE,2025-11-03,2026-02-05
0.418,SUSPECTED,SUPPORTING,0.836,NORMAL,NONE,TRAIN,True,CRIMINAL,ACTIVE,2026-02-03,2026-07-20
0.26,CONFIRMED,SUPPORTING,0.865,NORMAL,NONE,TRAIN,True,CRIMINAL,ACTIVE,2025-12-05,2026-05-07
0.882,FALSE,CONTRADICTING,0.162,NORMAL,NONE,TRAIN,True,MIXED,ACTIVE,2025-10-19,2026-02-12
0.653,CONFIRMED,SUPPORTING,0.887,NORMAL,NONE,TRAIN,True,LEGITIMATE,ACTIVE,2026-01-06,2026-05-20
0.299,UNKNOWN,NEUTRAL,0.453,SHARED_DEVICE,COLLECTIVE_ANOMALY,VALIDATION,True,LEGITIMATE,ACTIVE,2026-03-12,2026-07-13
0.121,CONFIRMED,SUPPORTING,0.845,NORMAL,NONE,TRAIN,True,CRIMINAL,ACTIVE,2025-11-22,2026-03-07
0.375,CONFIRMED,SUPPORTING,0.895,NORMAL,NONE,TRAIN,True,CRIMINAL,ACTIVE,2026-04-11,2026-06-16
0.326,FALSE,CONTRADICTING,0.148,NORMAL,NONE,VALIDATION,True,LEGITIMATE,ACTIVE,2025-12-12,2026-04-17
0.317,UNKNOWN,NEUTRAL,0.448,NORMAL,NONE,TRAIN,True,MIXED,ACTIVE,2026-06-25,2026-09-27
0.599,UNKNOWN,NEUTRAL,0.219,NORMAL,NONE,TRAIN,True,MIXED,ACTIVE,2026-01-25,2026-07-04
0.612,FALSE,CONTRADICTING,0.386,NORMAL,NONE,TEST,True,AMBIGUOUS,ACTIVE,2025-11-13,2026-04-29
0.521,CONFIRMED,SUPPORTING,0.879,NORMAL,CONTEXTUAL_ANOMALY,TRAIN,True,MIXED,ACTIVE,2026-01-16,2026-06-11
0.565,SUSPECTED,SUPPORTING,0.766,NORMAL,NONE,VALIDATION,True,LEGITIMATE,ACTIVE,2025-11-17,2026-05-23
0.319,FALSE,CONTRADICTING,0.409,NORMAL,NONE,TRAIN,True,MIXED,ACTIVE,2026-03-09,2026-08-15
0.725,CONFIRMED,SUPPORTING,0.962,NORMAL,NONE,VALIDATION,True,LEGITIMATE,ACTIVE,2026-06-26,2026-09-14
0.259,SUSPECTED,SUPPORTING,0.748,NORMAL,NONE,TRAIN,True,LEGITIMATE,ACTIVE,2026-01-24,2026-06-18
0.229,SUSPECTED,SUPPORTING,0.598,NORMAL,NONE,TRAIN,True,CRIMINAL,ACTIVE,2026-02-18,2026-05-09
0.841,SUSPECTED,SUPPORTING,0.832,NORMAL,NONE,TRAIN,True,MIXED,ACTIVE,2026-04-12,2026-07-20
0.677,CONFIRMED,SUPPORTING,0.882,NORMAL,COLLECTIVE_ANOMALY,TEST,True,AMBIGUOUS,ACTIVE,2026-05-04,2026-09-08
0.385,CONFIRMED,SUPPORTING,0.941,NORMAL,NONE,TRAIN,True,CRIMINAL,ACTIVE,2025-12-28,2026-05-01
0.147,UNKNOWN,NEUTRAL,0.224,NORMAL,CONTEXTUAL_ANOMALY,TRAIN,True,MIXED,ACTIVE,2026-04-15,2026-07-27
0.671,UNKNOWN,NEUTRAL,0.314,SHARED_DEVICE,NONE,TRAIN,True,CRIMINAL,ACTIVE,2025-12-22,2026-07-04
0.306,CONFIRMED,SUPPORTING,0.951,NORMAL,NONE,TRAIN,True,CRIMINAL,ACTIVE,2026-05-11,2026-06-30
0.516,UNKNOWN,NEUTRAL,0.534,DUPLICATE,NONE,VALIDATION,True,LEGITIMATE,ACTIVE,2025-10-25,2026-04-14
0.112,UNKNOWN,NEUTRAL,0.272,RECYCLED_SIM,NONE,TRAIN,True,CRIMINAL,ACTIVE,2026-05-26,2026-10-21
0.119,CONFIRMED,SUPPORTING,0.861,NORMAL,NONE,TRAIN,True,CRIMINAL,ACTIVE,2026-03-22,2026-06-26
0.565,FALSE,CONTRADICTING,0.342,NORMAL,NONE,TRAIN,True,CRIMINAL,ACTIVE,2025-11-02,2026-02-07
0.294,UNKNOWN,NEUTRAL,0.396,NORMAL,TEMPORAL_ANOMALY,TEST,True,AMBIGUOUS,ACTIVE,2026-02-28,2026-06-18
0.61,SUSPECTED,SUPPORTING,0.757,DUPLICATE,NONE,TRAIN,True,CRIMINAL,ACTIVE,2025-12-19,2026-04-04
0.508,SUSPECTED,SUPPORTING,0.645,NORMAL,NONE,VALIDATION,True,LEGITIMATE,ACTIVE,2026-06-18,2026-08-28
0.201,SUSPECTED,SUPPORTING,0.845,NORMAL,NONE,TEST,True,AMBIGUOUS,ACTIVE,2025-10-03,2026-04-25
0.751,SUSPECTED,SUPPORTING,0.827,NORMAL,CONTEXTUAL_ANOMALY,TRAIN,True,CRIMINAL,ACTIVE,2026-02-12,2026-05-01
0.113,CONFIRMED,SUPPORTING,0.896,NORMAL,NONE,TRAIN,True,CRIMINAL,ACTIVE,2026-01-20,2026-04-15
0.172,CONFIRMED,SUPPORTING,0.97,NORMAL,RELATIONAL_ANOMALY,TRAIN,True,CRIMINAL,ACTIVE,2026-02-11,2026-06-15
0.409,CONFIRMED,SUPPORTING,0.949,NORMAL,NONE,TRAIN,True,MIXED,ACTIVE,2025-10-26,2026-04-03
0.303,SUSPECTED,SUPPORTING,0.674,NORMAL,NONE,VALIDATION,True,LEGITIMATE,ACTIVE,2026-04-28,2026-08-01
0.397,UNKNOWN,NEUTRAL,0.268,NORMAL,NONE,TRAIN,True,MIXED,ACTIVE,2026-04-26,2026-06-30
0.333,UNKNOWN,NEUTRAL,0.428,NORMAL,NONE,TRAIN,True,MIXED,ACTIVE,2025-11-20,2026-04-29
0.117,SUSPECTED,SUPPORTING,0.801,RECYCLED_SIM,NONE,TRAIN,True,CRIMINAL,ACTIVE,2026-03-15,2026-06-12
0.132,FALSE,CONTRADICTING,0.293,NORMAL,POINT_ANOMALY,TRAIN,True,CRIMINAL,ACTIVE,2026-06-09,2026-07-21
0.783,FALSE,CONTRADICTING,0.387,NORMAL,NONE,TRAIN,True,CRIMINAL,ACTIVE,2026-03-29,2026-09-17
0.637,UNKNOWN,NEUTRAL,0.252,NORMAL,NONE,TEST,True,AMBIGUOUS,ACTIVE,2025-11-08,2026-02-28
0.351,FALSE,CONTRADICTING,0.401,NORMAL,NONE,TEST,True,AMBIGUOUS,ACTIVE,2025-12-02,2026-04-08
0.505,FALSE,CONTRADICTING,0.173,NORMAL,NONE,TRAIN,True,MIXED,ACTIVE,2026-04-06,2026-10-04
0.364,SUSPECTED,SUPPORTING,0.694,NORMAL,NONE,TRAIN,True,CRIMINAL,ACTIVE,2026-02-04,2026-06-22
0.325,SUSPECTED,SUPPORTING,0.717,NORMAL,NONE,TRAIN,True,CRIMINAL,ACTIVE,2026-05-05,2026-08-11
0.518,SUSPECTED,SUPPORTING,0.69,NORMAL,NONE,TRAIN,True,MIXED,ACTIVE,2025-12-20,2026-04-22
0.288,SUSPECTED,SUPPORTING,0.766,NORMAL,NONE,TEST,True,AMBIGUOUS,ACTIVE,2026-02-19,2026-06-18
0.348,UNKNOWN,NEUTRAL,0.492,NORMAL,NONE,VALIDATION,True,LEGITIMATE,ACTIVE,2026-04-21,2026-08-04
0.12,FALSE,CONTRADICTING,0.382,NORMAL,TEMPORAL_ANOMALY,TEST,True,AMBIGUOUS,ACTIVE,2026-05-31,2026-07-24
0.431,CONFIRMED,SUPPORTING,0.927,RECYCLED_SIM,NONE,TRAIN,True,CRIMINAL,ACTIVE,2026-03-04,2026-07-18
0.352,CONFIRMED,SUPPORTING,0.945,NORMAL,NONE,TRAIN,True,CRIMINAL,ACTIVE,2026-03-15,2026-07-08
0.458,UNKNOWN,NEUTRAL,0.428,NORMAL,NONE,VALIDATION,True,LEGITIMATE,ACTIVE,2026-06-23,2026-09-27
0.79,UNKNOWN,NEUTRAL,0.252,NORMAL,TEMPORAL_ANOMALY,TRAIN,True,CRIMINAL,ACTIVE,2026-05-03,2026-08-26
0.439,SUSPECTED,SUPPORTING,0.716,NORMAL,RELATIONAL_ANOMALY,TRAIN,True,CRIMINAL,ACTIVE,2025-09-28,2026-02-10
0.227,CONFIRMED,SUPPORTING,0.965,NORMAL,NONE,TRAIN,True,MIXED,ACTIVE,2026-04-17,2026-08-08
0.225,CONFIRMED,SUPPORTING,0.848,NORMAL,NONE,TEST,True,AMBIGUOUS,ACTIVE,2026-01-16,2026-06-15
0.059,FALSE,CONTRADICTING,0.402,NORMAL,NONE,TRAIN,True,LEGITIMATE,ACTIVE,2026-01-02,2026-05-10
0.249,UNKNOWN,NEUTRAL,0.369,NORMAL,NONE,TRAIN,True,CRIMINAL,ACTIVE,2025-12-17,2026-04-11
0.368,UNKNOWN,NEUTRAL,0.413,NORMAL,NONE,TEST,True,AMBIGUOUS,ACTIVE,2026-03-14,2026-08-22
0.263,SUSPECTED,SUPPORTING,0.728,NORMAL,NONE,TRAIN,True,CRIMINAL,ACTIVE,2025-12-29,2026-04-28
0.303,CONFIRMED,SUPPORTING,0.988,STALE_DEVICE,NONE,TRAIN,True,CRIMINAL,ACTIVE,2025-11-29,2026-04-04
0.479,SUSPECTED,SUPPORTING,0.852,NORMAL,NONE,TRAIN,True,MIXED,ACTIVE,2026-03-18,2026-05-12
0.217,UNKNOWN,NEUTRAL,0.484,NORMAL,NONE,TRAIN,True,CRIMINAL,ACTIVE,2025-12-05,2026-04-14
0.364,UNKNOWN,NEUTRAL,0.489,NORMAL,NONE,TEST,True,AMBIGUOUS,ACTIVE,2025-09-16,2026-02-17
0.329,CONFIRMED,SUPPORTING,0.862,NORMAL,NONE,TRAIN,True,CRIMINAL,ACTIVE,2026-02-10,2026-04-11
0.402,SUSPECTED,SUPPORTING,0.626,NORMAL,NONE,TRAIN,True,CRIMINAL,ACTIVE,2026-01-31,2026-04-09
0.213,SUSPECTED,SUPPORTING,0.794,NORMAL,NONE,TRAIN,True,CRIMINAL,ACTIVE,2026-01-02,2026-04-12
0.335,FALSE,CONTRADICTING,0.376,NORMAL,NONE,VALIDATION,True,LEGITIMATE,ACTIVE,2026-05-21,2026-09-01
0.648,SUSPECTED,SUPPORTING,0.738,NORMAL,NONE,TRAIN,True,CRIMINAL,ACTIVE,2026-06-05,2026-10-07
0.504,FALSE,CONTRADICTING,0.258,NORMAL,NONE,VALIDATION,True,LEGITIMATE,ACTIVE,2025-12-29,2026-04-11
0.772,FALSE,CONTRADICTING,0.16,NORMAL,POINT_ANOMALY,TRAIN,True,MIXED,ACTIVE,2026-05-29,2026-07-31
0.474,SUSPECTED,SUPPORTING,0.65,NORMAL,NONE,TEST,True,AMBIGUOUS,ACTIVE,2026-03-21,2026-07-22
0.499,CONFIRMED,SUPPORTING,0.837,NORMAL,NONE,TEST,True,AMBIGUOUS,ACTIVE,2026-01-16,2026-04-19
0.286,CONFIRMED,SUPPORTING,0.915,NORMAL,NONE,TRAIN,True,CRIMINAL,ACTIVE,2026-08-07,2026-10-03
0.657,FALSE,CONTRADICTING,0.277,RECYCLED_SIM,RELATIONAL_ANOMALY,TRAIN,True,LEGITIMATE,ACTIVE,2026-01-12,2026-07-13
0.421,UNKNOWN,NEUTRAL,0.453,NORMAL,NONE,VALIDATION,True,LEGITIMATE,ACTIVE,2025-11-01,2026-04-18
0.383,FALSE,CONTRADICTING,0.17,NORMAL,NONE,TRAIN,True,CRIMINAL,ACTIVE,2026-05-26,2026-10-04
0.232,CONFIRMED,SUPPORTING,0.895,NORMAL,POINT_ANOMALY,TEST,True,AMBIGUOUS,ACTIVE,2026-03-04,2026-09-09
0.168,FALSE,CONTRADICTING,0.14,NORMAL,NONE,TRAIN,True,MIXED,ACTIVE,2025-11-04,2026-02-27
0.842,SUSPECTED,SUPPORTING,0.824,DUPLICATE,NONE,TRAIN,True,CRIMINAL,ACTIVE,2026-01-08,2026-05-04
0.314,FALSE,CONTRADICTING,0.199,NORMAL,NONE,TEST,True,AMBIGUOUS,ACTIVE,2026-04-28,2026-07-23
0.447,SUSPECTED,SUPPORTING,0.846,NORMAL,POINT_ANOMALY,TRAIN,True,CRIMINAL,ACTIVE,2026-01-19,2026-03-11
0.335,FALSE,CONTRADICTING,0.308,NORMAL,NONE,TRAIN,True,MIXED,ACTIVE,2025-11-23,2026-04-10
0.331,SUSPECTED,SUPPORTING,0.607,NORMAL,NONE,TRAIN,True,CRIMINAL,ACTIVE,2025-10-22,2026-02-13
0.003,UNKNOWN,NEUTRAL,0.286,NORMAL,NONE,TRAIN,True,MIXED,ACTIVE,2025-10-31,2026-04-03
0.25,FALSE,CONTRADICTING,0.129,NORMAL,NONE,TRAIN,True,MIXED,ACTIVE,2026-01-29,2026-05-01
0.292,CONFIRMED,SUPPORTING,0.82,NORMAL,NONE,TRAIN,True,CRIMINAL,ACTIVE,2026-02-12,2026-05-10
0.281,SUSPECTED,SUPPORTING,0.71,NORMAL,NONE,TRAIN,True,CRIMINAL,ACTIVE,2026-02-27,2026-07-13
0.188,SUSPECTED,SUPPORTING,0.74,NORMAL,NONE,TRAIN,True,CRIMINAL,ACTIVE,2025-10-23,2026-03-01
0.552,SUSPECTED,SUPPORTING,0.725,NORMAL,NONE,TRAIN,True,MIXED,ACTIVE,2026-02-25,2026-05-05
0.307,UNKNOWN,NEUTRAL,0.436,NORMAL,NONE,TRAIN,True,LEGITIMATE,ACTIVE,2025-11-11,2026-03-27
0.442,CONFIRMED,SUPPORTING,0.951,NORMAL,RELATIONAL_ANOMALY,TRAIN,True,CRIMINAL,ACTIVE,2026-06-24,2026-10-08
0.692,UNKNOWN,NEUTRAL,0.32,NORMAL,NONE,TRAIN,True,CRIMINAL,ACTIVE,2025-12-31,2026-03-14
0.513,CONFIRMED,SUPPORTING,0.895,NORMAL,NONE,TRAIN,True,CRIMINAL,ACTIVE,2025-12-27,2026-06-01
0.215,CONFIRMED,SUPPORTING,0.86,NORMAL,NONE,TEST,True,AMBIGUOUS,ACTIVE,2026-01-13,2026-07-03
0.142,SUSPECTED,SUPPORTING,0.829,NORMAL,NONE,TRAIN,True,MIXED,ACTIVE,2026-03-12,2026-06-14
0.495,CONFIRMED,SUPPORTING,0.845,NORMAL,NONE,TRAIN,True,CRIMINAL,ACTIVE,2026-03-27,2026-08-08
0.252,CONFIRMED,SUPPORTING,0.852,NORMAL,CONTEXTUAL_ANOMALY,TRAIN,True,MIXED,ACTIVE,2025-12-26,2026-04-09
0.441,FALSE,CONTRADICTING,0.385,NORMAL,NONE,TRAIN,True,MIXED,ACTIVE,2026-05-07,2026-08-15
0.038,UNKNOWN,NEUTRAL,0.444,NORMAL,NONE,TRAIN,True,CRIMINAL,ACTIVE,2026-04-28,2026-07-11
0.61,SUSPECTED,SUPPORTING,0.669,NORMAL,NONE,TRAIN,True,MIXED,ACTIVE,2026-06-06,2026-08-19
0.517,SUSPECTED,SUPPORTING,0.619,NORMAL,NONE,VALIDATION,True,LEGITIMATE,ACTIVE,2025-10-27,2026-03-15
0.13,SUSPECTED,SUPPORTING,0.847,NORMAL,NONE,TEST,True,AMBIGUOUS,ACTIVE,2026-06-27,2026-09-13
0.15,CONFIRMED,SUPPORTING,0.93,RECYCLED_SIM,NONE,TRAIN,True,CRIMINAL,ACTIVE,2026-02-13,2026-06-13
0.458,UNKNOWN,NEUTRAL,0.373,NORMAL,NONE,TRAIN,True,MIXED,ACTIVE,2025-09-23,2026-04-07
0.246,CONFIRMED,SUPPORTING,0.857,NORMAL,NONE,VALIDATION,True,LEGITIMATE,ACTIVE,2025-11-26,2026-04-18
0.177,SUSPECTED,SUPPORTING,0.614,NORMAL,NONE,VALIDATION,True,LEGITIMATE,ACTIVE,2026-03-11,2026-04-24
0.846,UNKNOWN,NEUTRAL,0.345,NORMAL,NONE,TEST,True,AMBIGUOUS,ACTIVE,2026-01-11,2026-06-30
0.1,UNKNOWN,NEUTRAL,0.535,NORMAL,NONE,TEST,True,AMBIGUOUS,ACTIVE,2026-01-07,2026-03-05
0.414,CONFIRMED,SUPPORTING,0.872,NORMAL,NONE,TRAIN,True,CRIMINAL,ACTIVE,2025-11-21,2026-03-31
0.519,CONFIRMED,SUPPORTING,0.881,NORMAL,NONE,TRAIN,True,CRIMINAL,ACTIVE,2026-04-15,2026-07-01
0.422,UNKNOWN,NEUTRAL,0.322,NORMAL,NONE,TRAIN,True,CRIMINAL,ACTIVE,2025-12-01,2026-06-01
0.6,SUSPECTED,SUPPORTING,0.796,NORMAL,NONE,TRAIN,True,CRIMINAL,ACTIVE,2025-11-01,2026-04-21
0.754,FALSE,CONTRADICTING,0.361,NORMAL,NONE,TEST,True,AMBIGUOUS,ACTIVE,2026-07-04,2026-10-01
0.626,SUSPECTED,SUPPORTING,0.666,NORMAL,NONE,TRAIN,True,CRIMINAL,ACTIVE,2026-01-06,2026-05-21
0.553,FALSE,CONTRADICTING,0.138,NORMAL,CONTEXTUAL_ANOMALY,VALIDATION,True,LEGITIMATE,ACTIVE,2026-05-03,2026-08-15
0.377,SUSPECTED,SUPPORTING,0.598,NORMAL,TEMPORAL_ANOMALY,TRAIN,True,CRIMINAL,ACTIVE,2026-03-24,2026-06-14
0.224,CONFIRMED,SUPPORTING,0.896,NORMAL,NONE,TEST,True,AMBIGUOUS,ACTIVE,2026-02-14,2026-06-01
0.252,SUSPECTED,SUPPORTING,0.676,NORMAL,NONE,TRAIN,True,CRIMINAL,ACTIVE,2026-02-16,2026-08-04
0.65,SUSPECTED,SUPPORTING,0.719,NORMAL,NONE,TRAIN,True,CRIMINAL,ACTIVE,2026-06-18,2026-08-26
0.252,UNKNOWN,NEUTRAL,0.293,NORMAL,NONE,TRAIN,True,LEGITIMATE,ACTIVE,2026-03-09,2026-06-28
0.27,CONFIRMED,SUPPORTING,0.894,NORMAL,NONE,TRAIN,True,LEGITIMATE,ACTIVE,2026-01-11,2026-03-08
0.528,SUSPECTED,SUPPORTING,0.822,NORMAL,NONE,TRAIN,True,LEGITIMATE,ACTIVE,2025-10-21,2026-03-20
0.218,UNKNOWN,NEUTRAL,0.224,NORMAL,NONE,TRAIN,True,CRIMINAL,ACTIVE,2026-04-13,2026-07-10
0.058,FALSE,CONTRADICTING,0.181,NORMAL,NONE,TRAIN,True,MIXED,ACTIVE,2026-04-04,2026-07-03
0.731,SUSPECTED,SUPPORTING,0.764,NORMAL,NONE,TRAIN,True,MIXED,ACTIVE,2026-03-14,2026-06-27
0.525,UNKNOWN,NEUTRAL,0.295,NORMAL,NONE,TRAIN,True,CRIMINAL,ACTIVE,2026-03-24,2026-05-03
0.196,UNKNOWN,NEUTRAL,0.293,NORMAL,NONE,TEST,True,AMBIGUOUS,ACTIVE,2026-06-10,2026-07-19
0.493,SUSPECTED,SUPPORTING,0.733,NORMAL,NONE,TRAIN,True,CRIMINAL,ACTIVE,2026-02-06,2026-08-14
0.235,SUSPECTED,SUPPORTING,0.811,NORMAL,NONE,TRAIN,True,CRIMINAL,ACTIVE,2026-03-29,2026-08-27
0.27,FALSE,CONTRADICTING,0.122,NORMAL,NONE,TEST,True,AMBIGUOUS,ACTIVE,2025-12-31,2026-06-02
0.364,FALSE,CONTRADICTING,0.221,NORMAL,COLLECTIVE_ANOMALY,TRAIN,True,CRIMINAL,ACTIVE,2026-01-30,2026-06-22
0.849,FALSE,CONTRADICTING,0.272,NORMAL,NONE,TRAIN,True,MIXED,ACTIVE,2025-12-09,2026-02-24
0.264,SUSPECTED,SUPPORTING,0.806,NORMAL,NONE,TRAIN,True,CRIMINAL,ACTIVE,2026-07-15,2026-08-20
0.499,SUSPECTED,SUPPORTING,0.837,NORMAL,NONE,TRAIN,True,MIXED,ACTIVE,2026-03-08,2026-05-25
0.121,CONFIRMED,SUPPORTING,0.894,NORMAL,NONE,TRAIN,True,CRIMINAL,ACTIVE,2026-01-12,2026-06-25
0.131,SUSPECTED,SUPPORTING,0.639,NORMAL,NONE,TRAIN,True,MIXED,ACTIVE,2026-01-11,2026-06-19
0.444,SUSPECTED,SUPPORTING,0.721,NORMAL,TEMPORAL_ANOMALY,TEST,True,AMBIGUOUS,ACTIVE,2026-06-20,2026-09-12
0.482,FALSE,CONTRADICTING,0.185,NORMAL,NONE,TRAIN,True,MIXED,ACTIVE,2026-04-27,2026-09-11
0.246,CONFIRMED,SUPPORTING,0.955,NORMAL,NONE,TRAIN,True,MIXED,ACTIVE,2025-10-25,2026-03-04
0.61,CONFIRMED,SUPPORTING,0.913,NORMAL,NONE,TRAIN,True,CRIMINAL,ACTIVE,2026-05-10,2026-10-19
0.214,CONFIRMED,SUPPORTING,0.967,NORMAL,NONE,TRAIN,True,CRIMINAL,ACTIVE,2025-12-30,2026-04-15
0.46,FALSE,CONTRADICTING,0.273,NORMAL,NONE,TRAIN,True,MIXED,ACTIVE,2026-04-23,2026-08-06
0.23,SUSPECTED,SUPPORTING,0.672,NORMAL,NONE,TRAIN,True,CRIMINAL,ACTIVE,2026-02-15,2026-03-10
0.407,CONFIRMED,SUPPORTING,0.845,NORMAL,NONE,TRAIN,True,MIXED,ACTIVE,2026-06-21,2026-08-08
0.597,UNKNOWN,NEUTRAL,0.512,NORMAL,NONE,TRAIN,True,MIXED,ACTIVE,2025-11-29,2026-02-10
0.551,FALSE,CONTRADICTING,0.327,NORMAL,NONE,TRAIN,True,MIXED,ACTIVE,2026-04-14,2026-08-19
0.438,FALSE,CONTRADICTING,0.332,NORMAL,NONE,TRAIN,True,CRIMINAL,ACTIVE,2025-12-31,2026-03-26
0.195,UNKNOWN,NEUTRAL,0.515,SHARED_DEVICE,NONE,TEST,True,AMBIGUOUS,ACTIVE,2026-02-13,2026-05-13
0.377,UNKNOWN,NEUTRAL,0.271,NORMAL,NONE,TEST,True,AMBIGUOUS,ACTIVE,2026-02-09,2026-08-08
0.079,CONFIRMED,SUPPORTING,0.867,NORMAL,NONE,TRAIN,True,CRIMINAL,ACTIVE,2026-06-26,2026-09-05
0.229,FALSE,CONTRADICTING,0.142,NORMAL,CONTEXTUAL_ANOMALY,TRAIN,True,LEGITIMATE,ACTIVE,2026-02-20,2026-05-10
0.331,FALSE,CONTRADICTING,0.398,NORMAL,NONE,VALIDATION,True,LEGITIMATE,ACTIVE,2026-04-07,2026-10-19
0.148,SUSPECTED,SUPPORTING,0.683,NORMAL,TEMPORAL_ANOMALY,TRAIN,True,CRIMINAL,ACTIVE,2026-02-15,2026-04-15
0.163,CONFIRMED,SUPPORTING,0.97,NORMAL,NONE,TRAIN,True,CRIMINAL,ACTIVE,2026-06-28,2026-10-09
0.378,CONFIRMED,SUPPORTING,0.831,NORMAL,NONE,TRAIN,True,CRIMINAL,ACTIVE,2026-06-19,2026-09-16
0.323,UNKNOWN,NEUTRAL,0.209,NORMAL,NONE,TRAIN,True,MIXED,ACTIVE,2026-03-03,2026-05-11
0.357,SUSPECTED,SUPPORTING,0.641,NORMAL,NONE,TRAIN,True,CRIMINAL,ACTIVE,2026-06-01,2026-08-20
0.388,UNKNOWN,NEUTRAL,0.468,NORMAL,NONE,TEST,True,AMBIGUOUS,ACTIVE,2026-05-25,2026-10-16
0.635,CONFIRMED,SUPPORTING,0.881,NORMAL,NONE,TRAIN,True,CRIMINAL,ACTIVE,2026-04-19,2026-07-08
0.071,SUSPECTED,SUPPORTING,0.695,NORMAL,NONE,TRAIN,True,MIXED,ACTIVE,2026-02-13,2026-07-07
0.433,SUSPECTED,SUPPORTING,0.857,NORMAL,NONE,TRAIN,True,LEGITIMATE,ACTIVE,2026-06-12,2026-09-10
0.387,FALSE,CONTRADICTING,0.262,NORMAL,NONE,VALIDATION,True,LEGITIMATE,ACTIVE,2026-01-19,2026-06-20
0.223,CONFIRMED,SUPPORTING,0.869,NORMAL,NONE,TRAIN,True,CRIMINAL,ACTIVE,2025-12-20,2026-04-10
0.119,SUSPECTED,SUPPORTING,0.737,NORMAL,NONE,TEST,True,AMBIGUOUS,ACTIVE,2026-02-09,2026-04-17
0.603,FALSE,CONTRADICTING,0.151,NORMAL,NONE,TRAIN,True,CRIMINAL,ACTIVE,2025-12-18,2026-04-18
0.526,CONFIRMED,SUPPORTING,0.88,NORMAL,NONE,TRAIN,True,CRIMINAL,ACTIVE,2026-04-29,2026-09-23
0.017,CONFIRMED,SUPPORTING,0.842,NORMAL,NONE,TRAIN,True,CRIMINAL,ACTIVE,2026-04-23,2026-07-02
0.793,SUSPECTED,SUPPORTING,0.626,NORMAL,NONE,VALIDATION,True,LEGITIMATE,ACTIVE,2025-12-06,2026-02-17
0.424,SUSPECTED,SUPPORTING,0.651,NORMAL,NONE,TEST,True,AMBIGUOUS,ACTIVE,2025-12-15,2026-02-22
0.161,FALSE,CONTRADICTING,0.212,NORMAL,NONE,VALIDATION,True,LEGITIMATE,ACTIVE,2026-04-04,2026-07-22
0.363,UNKNOWN,NEUTRAL,0.225,NORMAL,TEMPORAL_ANOMALY,TRAIN,True,LEGITIMATE,ACTIVE,2026-01-15,2026-05-19
0.304,CONFIRMED,SUPPORTING,0.942,NORMAL,NONE,TRAIN,True,CRIMINAL,ACTIVE,2026-02-08,2026-07-09
0.37,CONFIRMED,SUPPORTING,0.87,NORMAL,NONE,TRAIN,True,MIXED,ACTIVE,2025-11-30,2026-03-10
0.335,UNKNOWN,NEUTRAL,0.335,NORMAL,NONE,TEST,True,AMBIGUOUS,ACTIVE,2025-11-28,2026-03-31
0.431,SUSPECTED,SUPPORTING,0.769,NORMAL,NONE,TRAIN,True,LEGITIMATE,ACTIVE,2026-04-11,2026-08-07
0.175,UNKNOWN,NEUTRAL,0.529,NORMAL,NONE,TEST,True,AMBIGUOUS,ACTIVE,2026-05-30,2026-10-24
0.396,CONFIRMED,SUPPORTING,0.858,NORMAL,TEMPORAL_ANOMALY,TRAIN,True,CRIMINAL,ACTIVE,2026-01-05,2026-06-01
0.442,CONFIRMED,SUPPORTING,0.883,NORMAL,NONE,TRAIN,True,MIXED,ACTIVE,2025-12-13,2026-04-03
0.505,UNKNOWN,NEUTRAL,0.513,NORMAL,NONE,VALIDATION,True,LEGITIMATE,ACTIVE,2026-03-30,2026-07-13
0.059,SUSPECTED,SUPPORTING,0.784,NORMAL,NONE,VALIDATION,True,LEGITIMATE,ACTIVE,2026-01-30,2026-06-17
0.798,CONFIRMED,SUPPORTING,0.924,NORMAL,NONE,TRAIN,True,MIXED,ACTIVE,2026-04-04,2026-06-02
0.471,SUSPECTED,SUPPORTING,0.633,NORMAL,NONE,VALIDATION,True,LEGITIMATE,ACTIVE,2026-03-07,2026-07-17
0.395,UNKNOWN,NEUTRAL,0.518,NORMAL,NONE,TRAIN,True,CRIMINAL,ACTIVE,2026-02-28,2026-06-15
0.327,CONFIRMED,SUPPORTING,0.962,NORMAL,NONE,TRAIN,True,CRIMINAL,ACTIVE,2025-12-18,2026-04-08
0.454,UNKNOWN,NEUTRAL,0.427,NORMAL,TEMPORAL_ANOMALY,VALIDATION,True,LEGITIMATE,ACTIVE,2026-02-04,2026-06-28
0.014,UNKNOWN,NEUTRAL,0.484,NORMAL,NONE,TRAIN,True,CRIMINAL,ACTIVE,2025-12-31,2026-07-21
0.233,UNKNOWN,NEUTRAL,0.252,NORMAL,POINT_ANOMALY,TRAIN,True,MIXED,ACTIVE,2025-11-10,2026-05-17
0.716,CONFIRMED,SUPPORTING,0.914,NORMAL,NONE,TRAIN,True,CRIMINAL,ACTIVE,2026-02-10,2026-06-23
0.692,FALSE,CONTRADICTING,0.266,NORMAL,NONE,TRAIN,True,MIXED,ACTIVE,2025-10-20,2026-02-23
0.023,SUSPECTED,SUPPORTING,0.684,NORMAL,NONE,TRAIN,True,CRIMINAL,ACTIVE,2026-03-19,2026-08-12
0.576,SUSPECTED,SUPPORTING,0.842,NORMAL,TEMPORAL_ANOMALY,TRAIN,True,MIXED,ACTIVE,2026-01-07,2026-03-24
0.292,CONFIRMED,SUPPORTING,0.849,NORMAL,NONE,TRAIN,True,MIXED,ACTIVE,2026-05-10,2026-08-21
0.1,FALSE,CONTRADICTING,0.216,NORMAL,RELATIONAL_ANOMALY,TRAIN,True,CRIMINAL,ACTIVE,2025-12-16,2026-06-06
0.135,CONFIRMED,SUPPORTING,0.989,NORMAL,NONE,TEST,True,AMBIGUOUS,ACTIVE,2026-04-21,2026-06-12
0.204,SUSPECTED,SUPPORTING,0.757,NORMAL,NONE,TRAIN,True,CRIMINAL,ACTIVE,2026-01-21,2026-05-12
0.447,UNKNOWN,NEUTRAL,0.317,NORMAL,NONE,VALIDATION,True,LEGITIMATE,ACTIVE,2025-11-06,2026-04-20
0.27,CONFIRMED,SUPPORTING,0.864,NORMAL,NONE,TRAIN,True,MIXED,ACTIVE,2026-02-03,2026-03-25
0.455,FALSE,CONTRADICTING,0.398,NORMAL,NONE,VALIDATION,True,LEGITIMATE,ACTIVE,2025-11-16,2026-03-17
0.239,SUSPECTED,SUPPORTING,0.837,NORMAL,NONE,TRAIN,True,CRIMINAL,ACTIVE,2025-12-27,2026-05-27
0.346,UNKNOWN,NEUTRAL,0.475,NORMAL,NONE,TRAIN,True,CRIMINAL,ACTIVE,2026-01-27,2026-05-08
0.357,UNKNOWN,NEUTRAL,0.414,NORMAL,NONE,TRAIN,True,CRIMINAL,ACTIVE,2025-12-20,2026-02-27
0.702,FALSE,CONTRADICTING,0.265,RECYCLED_SIM,NONE,TRAIN,True,MIXED,ACTIVE,2026-01-30,2026-04-25
0.543,FALSE,CONTRADICTING,0.24,NORMAL,NONE,TRAIN,True,CRIMINAL,ACTIVE,2026-01-30,2026-07-23
0.252,CONFIRMED,SUPPORTING,0.861,NORMAL,NONE,TRAIN,True,CRIMINAL,ACTIVE,2025-12-29,2026-05-20
0.244,CONFIRMED,SUPPORTING,0.942,NORMAL,NONE,TRAIN,True,CRIMINAL,ACTIVE,2026-01-10,2026-05-09
0.488,CONFIRMED,SUPPORTING,0.858,NORMAL,NONE,TRAIN,True,CRIMINAL,ACTIVE,2026-06-16,2026-08-16
0.444,UNKNOWN,NEUTRAL,0.536,NORMAL,NONE,TEST,True,AMBIGUOUS,ACTIVE,2026-05-17,2026-08-27
0.273,UNKNOWN,NEUTRAL,0.232,NORMAL,NONE,TRAIN,True,CRIMINAL,ACTIVE,2026-03-21,2026-04-27
0.243,FALSE,CONTRADICTING,0.317,NORMAL,NONE,TEST,True,AMBIGUOUS,ACTIVE,2026-03-19,2026-06-27
0.51,SUSPECTED,SUPPORTING,0.688,NORMAL,NONE,TRAIN,True,CRIMINAL,ACTIVE,2025-12-02,2026-02-28
0.237,UNKNOWN,NEUTRAL,0.371,NORMAL,NONE,VALIDATION,True,LEGITIMATE,ACTIVE,2026-04-02,2026-07-23
0.638,SUSPECTED,SUPPORTING,0.672,NORMAL,NONE,TRAIN,True,MIXED,ACTIVE,2026-02-14,2026-07-14
0.564,SUSPECTED,SUPPORTING,0.59,NORMAL,NONE,TRAIN,True,LEGITIMATE,ACTIVE,2026-04-20,2026-08-12
0.775,CONFIRMED,SUPPORTING,0.94,NORMAL,NONE,VALIDATION,True,LEGITIMATE,ACTIVE,2026-06-01,2026-08-25
0.397,FALSE,CONTRADICTING,0.177,NORMAL,NONE,VALIDATION,True,LEGITIMATE,ACTIVE,2026-04-14,2026-07-24
0.496,FALSE,CONTRADICTING,0.192,NORMAL,COLLECTIVE_ANOMALY,TRAIN,True,LEGITIMATE,ACTIVE,2026-05-29,2026-10-21
0.242,FALSE,CONTRADICTING,0.327,NORMAL,NONE,TEST,True,AMBIGUOUS,ACTIVE,2025-10-20,2026-02-19
0.711,SUSPECTED,SUPPORTING,0.738,NORMAL,NONE,TRAIN,True,MIXED,ACTIVE,2025-11-02,2026-03-03
0.292,SUSPECTED,SUPPORTING,0.738,NORMAL,NONE,TRAIN,True,MIXED,ACTIVE,2026-07-17,2026-09-05
0.304,CONFIRMED,SUPPORTING,0.821,NORMAL,NONE,TRAIN,True,CRIMINAL,ACTIVE,2025-09-22,2026-03-09
0.59,SUSPECTED,SUPPORTING,0.822,NORMAL,NONE,TRAIN,True,MIXED,ACTIVE,2026-06-25,2026-09-10
0.481,CONFIRMED,SUPPORTING,0.947,RECYCLED_SIM,COLLECTIVE_ANOMALY,TRAIN,True,CRIMINAL,ACTIVE,2026-05-29,2026-08-22
0.651,CONFIRMED,SUPPORTING,0.89,NORMAL,NONE,TRAIN,True,CRIMINAL,ACTIVE,2025-11-03,2026-04-25
0.417,CONFIRMED,SUPPORTING,0.872,NORMAL,POINT_ANOMALY,TEST,True,AMBIGUOUS,ACTIVE,2026-03-01,2026-06-23
0.148,UNKNOWN,NEUTRAL,0.508,NORMAL,NONE,TRAIN,True,MIXED,ACTIVE,2026-06-04,2026-08-27
0.173,CONFIRMED,SUPPORTING,0.847,RECYCLED_SIM,NONE,VALIDATION,True,LEGITIMATE,ACTIVE,2025-11-19,2026-03-23
0.531,FALSE,CONTRADICTING,0.296,NORMAL,NONE,TRAIN,True,CRIMINAL,ACTIVE,2026-01-21,2026-06-13
0.141,UNKNOWN,NEUTRAL,0.541,NORMAL,CONTEXTUAL_ANOMALY,TRAIN,True,LEGITIMATE,ACTIVE,2026-04-14,2026-08-24
0.637,SUSPECTED,SUPPORTING,0.791,NORMAL,NONE,TEST,True,AMBIGUOUS,ACTIVE,2026-02-23,2026-06-10
0.506,UNKNOWN,NEUTRAL,0.218,STALE_DEVICE,NONE,TRAIN,True,CRIMINAL,ACTIVE,2026-04-19,2026-05-29
0.118,CONFIRMED,SUPPORTING,0.871,NORMAL,NONE,TRAIN,True,CRIMINAL,ACTIVE,2026-03-31,2026-07-09
0.413,FALSE,CONTRADICTING,0.234,NORMAL,RELATIONAL_ANOMALY,TRAIN,True,CRIMINAL,ACTIVE,2025-11-21,2026-04-10
0.248,SUSPECTED,SUPPORTING,0.607,NORMAL,NONE,TRAIN,True,CRIMINAL,ACTIVE,2026-01-24,2026-06-05
0.176,UNKNOWN,NEUTRAL,0.412,NORMAL,NONE,TRAIN,True,CRIMINAL,ACTIVE,2026-03-27,2026-07-10
0.473,FALSE,CONTRADICTING,0.399,NORMAL,NONE,TRAIN,True,LEGITIMATE,ACTIVE,2026-03-22,2026-09-12
0.641,UNKNOWN,NEUTRAL,0.272,NORMAL,NONE,TRAIN,True,CRIMINAL,ACTIVE,2026-01-06,2026-05-06
0.533,UNKNOWN,NEUTRAL,0.518,NORMAL,NONE,VALIDATION,True,LEGITIMATE,ACTIVE,2026-01-26,2026-06-12
0.521,UNKNOWN,NEUTRAL,0.39,NORMAL,CONTEXTUAL_ANOMALY,TEST,True,AMBIGUOUS,ACTIVE,2026-06-14,2026-10-16
0.074,UNKNOWN,NEUTRAL,0.213,NORMAL,NONE,TRAIN,True,MIXED,ACTIVE,2026-06-04,2026-07-28
0.823,SUSPECTED,SUPPORTING,0.611,NORMAL,NONE,TRAIN,True,MIXED,ACTIVE,2026-05-23,2026-08-26
0.522,UNKNOWN,NEUTRAL,0.215,NORMAL,NONE,TRAIN,True,LEGITIMATE,ACTIVE,2025-11-29,2026-05-11
0.315,UNKNOWN,NEUTRAL,0.503,NORMAL,NONE,TRAIN,True,CRIMINAL,ACTIVE,2025-12-23,2026-05-05
0.475,SUSPECTED,SUPPORTING,0.809,NORMAL,CONTEXTUAL_ANOMALY,TRAIN,True,CRIMINAL,ACTIVE,2026-07-04,2026-09-27
0.2,CONFIRMED,SUPPORTING,0.868,NORMAL,NONE,TRAIN,True,CRIMINAL,ACTIVE,2026-03-31,2026-06-16
0.473,CONFIRMED,SUPPORTING,0.926,NORMAL,CONTEXTUAL_ANOMALY,TRAIN,True,CRIMINAL,ACTIVE,2025-09-29,2026-03-18
0.386,FALSE,CONTRADICTING,0.397,NORMAL,NONE,TRAIN,True,CRIMINAL,ACTIVE,2025-12-16,2026-04-27
0.305,SUSPECTED,SUPPORTING,0.665,NORMAL,TEMPORAL_ANOMALY,TEST,True,AMBIGUOUS,ACTIVE,2026-03-22,2026-08-16
0.284,FALSE,CONTRADICTING,0.136,NORMAL,NONE,TRAIN,True,MIXED,ACTIVE,2026-04-29,2026-09-12
0.57,SUSPECTED,SUPPORTING,0.627,NORMAL,POINT_ANOMALY,TRAIN,True,CRIMINAL,ACTIVE,2026-04-09,2026-09-20
0.574,SUSPECTED,SUPPORTING,0.702,NORMAL,NONE,VALIDATION,True,LEGITIMATE,ACTIVE,2026-02-13,2026-06-28
0.374,CONFIRMED,SUPPORTING,0.85,NORMAL,NONE,TEST,True,AMBIGUOUS,ACTIVE,2026-01-24,2026-04-10
0.259,FALSE,CONTRADICTING,0.23,NORMAL,NONE,TRAIN,True,CRIMINAL,ACTIVE,2026-01-01,2026-05-02
0.164,SUSPECTED,SUPPORTING,0.638,NORMAL,NONE,TRAIN,True,MIXED,ACTIVE,2026-03-04,2026-08-24
0.751,UNKNOWN,NEUTRAL,0.251,NORMAL,TEMPORAL_ANOMALY,TRAIN,True,LEGITIMATE,ACTIVE,2026-04-05,2026-09-04
0.709,FALSE,CONTRADICTING,0.215,NORMAL,NONE,VALIDATION,True,LEGITIMATE,ACTIVE,2026-04-28,2026-08-08
0.107,SUSPECTED,SUPPORTING,0.728,NORMAL,NONE,TRAIN,True,CRIMINAL,ACTIVE,2026-03-17,2026-08-18
0.55,UNKNOWN,NEUTRAL,0.205,NORMAL,NONE,TEST,True,AMBIGUOUS,ACTIVE,2025-11-21,2026-01-22
0.397,FALSE,CONTRADICTING,0.369,NORMAL,CONTEXTUAL_ANOMALY,VALIDATION,True,LEGITIMATE,ACTIVE,2025-12-07,2026-01-28
0.349,UNKNOWN,NEUTRAL,0.461,NORMAL,NONE,TRAIN,True,MIXED,ACTIVE,2025-11-21,2026-05-05
0.359,SUSPECTED,SUPPORTING,0.755,STALE_DEVICE,NONE,TRAIN,True,MIXED,ACTIVE,2026-03-06,2026-06-17
0.758,SUSPECTED,SUPPORTING,0.758,NORMAL,NONE,TRAIN,True,MIXED,ACTIVE,2026-05-09,2026-08-19
0.69,CONFIRMED,SUPPORTING,0.846,NORMAL,NONE,TRAIN,True,CRIMINAL,ACTIVE,2026-03-09,2026-06-16
0.382,SUSPECTED,SUPPORTING,0.634,NORMAL,NONE,TRAIN,True,MIXED,ACTIVE,2025-12-22,2026-05-14
0.399,SUSPECTED,SUPPORTING,0.676,NORMAL,NONE,TRAIN,True,CRIMINAL,ACTIVE,2026-03-12,2026-09-05
0.708,SUSPECTED,SUPPORTING,0.723,NORMAL,TEMPORAL_ANOMALY,TRAIN,True,MIXED,ACTIVE,2026-04-04,2026-07-07
0.33,FALSE,CONTRADICTING,0.144,NORMAL,NONE,TRAIN,True,LEGITIMATE,ACTIVE,2026-04-11,2026-08-18
0.274,FALSE,CONTRADICTING,0.238,NORMAL,NONE,VALIDATION,True,LEGITIMATE,ACTIVE,2026-05-12,2026-09-21
0.501,UNKNOWN,NEUTRAL,0.267,NORMAL,NONE,TRAIN,True,MIXED,ACTIVE,2025-12-08,2026-03-27
0.687,FALSE,CONTRADICTING,0.173,NORMAL,NONE,TRAIN,True,CRIMINAL,ACTIVE,2026-01-30,2026-05-21
0.292,CONFIRMED,SUPPORTING,0.856,NORMAL,NONE,TRAIN,True,CRIMINAL,ACTIVE,2025-12-28,2026-05-18
0.158,FALSE,CONTRADICTING,0.288,NORMAL,NONE,TRAIN,True,CRIMINAL,ACTIVE,2026-04-04,2026-09-19
0.299,SUSPECTED,SUPPORTING,0.632,NORMAL,RELATIONAL_ANOMALY,TRAIN,True,MIXED,ACTIVE,2026-02-10,2026-07-21
0.777,CONFIRMED,SUPPORTING,0.923,NORMAL,NONE,TRAIN,True,MIXED,ACTIVE,2025-11-15,2026-03-22
0.151,SUSPECTED,SUPPORTING,0.731,NORMAL,NONE,TRAIN,True,CRIMINAL,ACTIVE,2026-04-27,2026-09-07
0.512,CONFIRMED,SUPPORTING,0.846,NORMAL,NONE,TEST,True,AMBIGUOUS,ACTIVE,2026-06-14,2026-08-12
0.355,SUSPECTED,SUPPORTING,0.692,NORMAL,TEMPORAL_ANOMALY,TRAIN,True,MIXED,ACTIVE,2026-02-28,2026-05-26
0.538,UNKNOWN,NEUTRAL,0.399,NORMAL,NONE,TEST,True,AMBIGUOUS,ACTIVE,2025-12-21,2026-03-26
0.723,SUSPECTED,SUPPORTING,0.616,NORMAL,RELATIONAL_ANOMALY,TRAIN,True,CRIMINAL,ACTIVE,2025-10-12,2026-03-30
0.194,FALSE,CONTRADICTING,0.252,NORMAL,NONE,TRAIN,True,CRIMINAL,ACTIVE,2026-01-03,2026-03-20
0.098,UNKNOWN,NEUTRAL,0.253,NORMAL,NONE,TRAIN,True,MIXED,ACTIVE,2026-01-03,2026-07-10
0.119,UNKNOWN,NEUTRAL,0.416,NORMAL,NONE,VALIDATION,True,LEGITIMATE,ACTIVE,2026-04-13,2026-07-16
0.218,UNKNOWN,NEUTRAL,0.209,NORMAL,NONE,TRAIN,True,CRIMINAL,ACTIVE,2026-05-04,2026-08-29
0.442,SUSPECTED,SUPPORTING,0.833,NORMAL,NONE,TRAIN,True,MIXED,ACTIVE,2026-03-20,2026-06-22
0.088,SUSPECTED,SUPPORTING,0.624,NORMAL,RELATIONAL_ANOMALY,TRAIN,True,CRIMINAL,ACTIVE,2026-04-13,2026-06-25
0.181,CONFIRMED,SUPPORTING,0.824,NORMAL,NONE,TRAIN,True,CRIMINAL,ACTIVE,2026-05-27,2026-08-17
0.528,UNKNOWN,NEUTRAL,0.225,NORMAL,TEMPORAL_ANOMALY,TEST,True,AMBIGUOUS,ACTIVE,2025-12-03,2026-03-09
0.592,FALSE,CONTRADICTING,0.152,NORMAL,NONE,TRAIN,True,MIXED,ACTIVE,2026-04-17,2026-08-09
0.787,UNKNOWN,NEUTRAL,0.344,NORMAL,CONTEXTUAL_ANOMALY,TRAIN,True,MIXED,ACTIVE,2025-11-10,2026-04-26
0.334,UNKNOWN,NEUTRAL,0.253,NORMAL,NONE,TEST,True,AMBIGUOUS,ACTIVE,2026-02-05,2026-08-17
0.078,UNKNOWN,NEUTRAL,0.43,NORMAL,COLLECTIVE_ANOMALY,TEST,True,AMBIGUOUS,ACTIVE,2026-05-05,2026-10-16
0.475,FALSE,CONTRADICTING,0.286,NORMAL,NONE,TRAIN,True,LEGITIMATE,ACTIVE,2025-12-02,2026-06-02
0.261,CONFIRMED,SUPPORTING,0.837,NORMAL,NONE,TRAIN,True,CRIMINAL,ACTIVE,2026-01-19,2026-05-02
0.298,UNKNOWN,NEUTRAL,0.246,NORMAL,NONE,TEST,True,AMBIGUOUS,ACTIVE,2026-05-28,2026-08-30
0.427,UNKNOWN,NEUTRAL,0.445,NORMAL,NONE,TEST,True,AMBIGUOUS,ACTIVE,2026-03-22,2026-06-14
0.145,FALSE,CONTRADICTING,0.165,RECYCLED_SIM,NONE,TRAIN,True,CRIMINAL,ACTIVE,2026-05-21,2026-08-21
0.228,UNKNOWN,NEUTRAL,0.405,NORMAL,NONE,TEST,True,AMBIGUOUS,ACTIVE,2025-12-28,2026-03-06
0.184,CONFIRMED,SUPPORTING,0.914,NORMAL,NONE,TEST,True,AMBIGUOUS,ACTIVE,2026-03-26,2026-09-07
0.322,FALSE,CONTRADICTING,0.41,RECYCLED_SIM,NONE,TRAIN,True,LEGITIMATE,ACTIVE,2026-02-18,2026-09-05
0.054,SUSPECTED,SUPPORTING,0.807,NORMAL,NONE,TRAIN,True,CRIMINAL,ACTIVE,2025-10-23,2026-03-02
0.088,UNKNOWN,NEUTRAL,0.545,NORMAL,NONE,TRAIN,True,CRIMINAL,ACTIVE,2026-06-07,2026-10-15
0.114,SUSPECTED,SUPPORTING,0.686,NORMAL,CONTEXTUAL_ANOMALY,TRAIN,True,MIXED,ACTIVE,2025-11-29,2026-03-06
0.267,SUSPECTED,SUPPORTING,0.673,NORMAL,NONE,TRAIN,True,CRIMINAL,ACTIVE,2026-03-18,2026-06-20
0.413,SUSPECTED,SUPPORTING,0.677,NORMAL,NONE,VALIDATION,True,LEGITIMATE,ACTIVE,2026-03-18,2026-08-27
0.773,CONFIRMED,SUPPORTING,0.972,NORMAL,NONE,VALIDATION,True,LEGITIMATE,ACTIVE,2026-02-19,2026-07-29
0.886,SUSPECTED,SUPPORTING,0.701,NORMAL,NONE,TRAIN,True,CRIMINAL,ACTIVE,2025-11-02,2026-04-17
0.259,SUSPECTED,SUPPORTING,0.606,NORMAL,NONE,VALIDATION,True,LEGITIMATE,ACTIVE,2026-02-27,2026-07-02
0.604,CONFIRMED,SUPPORTING,0.828,NORMAL,NONE,TRAIN,True,MIXED,ACTIVE,2026-04-22,2026-06-16
0.487,UNKNOWN,NEUTRAL,0.515,NORMAL,NONE,TRAIN,True,CRIMINAL,ACTIVE,2026-04-03,2026-07-13
0.484,SUSPECTED,SUPPORTING,0.639,DUPLICATE,NONE,TRAIN,True,CRIMINAL,ACTIVE,2026-05-02,2026-08-05
0.762,SUSPECTED,SUPPORTING,0.735,NORMAL,NONE,TRAIN,True,MIXED,ACTIVE,2026-03-22,2026-08-04
0.51,CONFIRMED,SUPPORTING,0.888,NORMAL,NONE,TRAIN,True,CRIMINAL,ACTIVE,2026-06-24,2026-10-31
0.287,UNKNOWN,NEUTRAL,0.274,NORMAL,NONE,TRAIN,True,CRIMINAL,ACTIVE,2025-12-12,2026-04-17
0.231,SUSPECTED,SUPPORTING,0.802,NORMAL,NONE,TRAIN,True,CRIMINAL,ACTIVE,2025-11-25,2026-03-18
0.127,FALSE,CONTRADICTING,0.238,NORMAL,NONE,VALIDATION,True,LEGITIMATE,ACTIVE,2026-05-11,2026-08-06
0.416,UNKNOWN,NEUTRAL,0.256,DUPLICATE,RELATIONAL_ANOMALY,TRAIN,True,MIXED,ACTIVE,2026-03-29,2026-07-29
0.674,UNKNOWN,NEUTRAL,0.406,NORMAL,NONE,TEST,True,AMBIGUOUS,ACTIVE,2025-11-29,2026-04-07
0.143,CONFIRMED,SUPPORTING,0.887,NORMAL,NONE,TRAIN,True,CRIMINAL,ACTIVE,2025-12-28,2026-05-25
0.456,FALSE,CONTRADICTING,0.261,NORMAL,NONE,TRAIN,True,LEGITIMATE,ACTIVE,2025-12-13,2026-05-09
0.24,CONFIRMED,SUPPORTING,0.855,NORMAL,NONE,VALIDATION,True,LEGITIMATE,ACTIVE,2025-10-19,2026-02-10
0.302,CONFIRMED,SUPPORTING,0.935,NORMAL,NONE,TRAIN,True,MIXED,ACTIVE,2026-03-10,2026-08-09
0.754,UNKNOWN,NEUTRAL,0.461,NORMAL,NONE,TEST,True,AMBIGUOUS,ACTIVE,2026-06-20,2026-09-17
0.214,SUSPECTED,SUPPORTING,0.815,RECYCLED_SIM,CONTEXTUAL_ANOMALY,TRAIN,True,MIXED,ACTIVE,2025-09-21,2026-04-10
0.136,FALSE,CONTRADICTING,0.384,NORMAL,NONE,TRAIN,True,MIXED,ACTIVE,2026-02-23,2026-07-19
0.17,SUSPECTED,SUPPORTING,0.593,NORMAL,RELATIONAL_ANOMALY,TRAIN,True,MIXED,ACTIVE,2026-01-13,2026-07-09
0.223,SUSPECTED,SUPPORTING,0.619,NORMAL,TEMPORAL_ANOMALY,TRAIN,True,MIXED,ACTIVE,2025-12-13,2026-03-02
0.324,SUSPECTED,SUPPORTING,0.852,NORMAL,NONE,TRAIN,True,CRIMINAL,ACTIVE,2026-02-17,2026-04-07
0.419,FALSE,CONTRADICTING,0.241,NORMAL,NONE,VALIDATION,True,LEGITIMATE,ACTIVE,2025-11-24,2026-04-02
0.228,SUSPECTED,SUPPORTING,0.717,NORMAL,POINT_ANOMALY,TRAIN,True,CRIMINAL,ACTIVE,2025-11-03,2026-05-16
0.35,UNKNOWN,NEUTRAL,0.321,NORMAL,NONE,TRAIN,True,LEGITIMATE,ACTIVE,2026-02-28,2026-07-10
0.456,SUSPECTED,SUPPORTING,0.669,NORMAL,NONE,TRAIN,True,MIXED,ACTIVE,2026-02-07,2026-05-29
0.298,FALSE,CONTRADICTING,0.303,NORMAL,NONE,TRAIN,True,LEGITIMATE,ACTIVE,2026-01-22,2026-07-10
0.312,SUSPECTED,SUPPORTING,0.74,NORMAL,NONE,TRAIN,True,CRIMINAL,ACTIVE,2026-01-07,2026-06-12
0.426,CONFIRMED,SUPPORTING,0.839,NORMAL,NONE,TRAIN,True,MIXED,ACTIVE,2026-04-02,2026-07-07
0.193,CONFIRMED,SUPPORTING,0.834,NORMAL,NONE,TRAIN,True,CRIMINAL,ACTIVE,2025-12-15,2026-02-17
0.423,CONFIRMED,SUPPORTING,0.932,NORMAL,CONTEXTUAL_ANOMALY,TRAIN,True,MIXED,ACTIVE,2026-06-04,2026-09-30
0.387,CONFIRMED,SUPPORTING,0.916,NORMAL,NONE,TRAIN,True,CRIMINAL,ACTIVE,2025-09-10,2026-02-04
0.198,FALSE,CONTRADICTING,0.315,NORMAL,TEMPORAL_ANOMALY,TEST,True,AMBIGUOUS,ACTIVE,2026-04-23,2026-07-24
0.622,CONFIRMED,SUPPORTING,0.977,NORMAL,NONE,VALIDATION,True,LEGITIMATE,ACTIVE,2026-04-19,2026-08-17
0.227,UNKNOWN,NEUTRAL,0.234,NORMAL,NONE,TRAIN,True,LEGITIMATE,ACTIVE,2026-01-01,2026-03-24
0.095,FALSE,CONTRADICTING,0.347,NORMAL,NONE,TRAIN,True,MIXED,ACTIVE,2026-08-01,2026-09-26
0.232,UNKNOWN,NEUTRAL,0.434,NORMAL,TEMPORAL_ANOMALY,TEST,True,AMBIGUOUS,ACTIVE,2026-06-03,2026-07-31
0.361,CONFIRMED,SUPPORTING,0.987,NORMAL,NONE,TRAIN,True,CRIMINAL,ACTIVE,2026-05-17,2026-06-27
0.519,SUSPECTED,SUPPORTING,0.667,NORMAL,NONE,TRAIN,True,CRIMINAL,ACTIVE,2026-02-17,2026-07-25
0.483,SUSPECTED,SUPPORTING,0.708,NORMAL,NONE,TRAIN,True,CRIMINAL,ACTIVE,2026-04-07,2026-05-17
0.198,FALSE,CONTRADICTING,0.401,NORMAL,NONE,TRAIN,True,MIXED,ACTIVE,2026-05-08,2026-09-23
0.274,SUSPECTED,SUPPORTING,0.622,NORMAL,NONE,TRAIN,True,MIXED,ACTIVE,2026-06-11,2026-10-05
0.21,FALSE,CONTRADICTING,0.375,NORMAL,NONE,TRAIN,True,CRIMINAL,ACTIVE,2025-09-15,2026-02-14
0.193,UNKNOWN,NEUTRAL,0.508,NORMAL,NONE,TRAIN,True,CRIMINAL,ACTIVE,2026-05-16,2026-08-29
0.736,CONFIRMED,SUPPORTING,0.869,NORMAL,NONE,TRAIN,True,CRIMINAL,ACTIVE,2026-07-29,2026-09-10
0.665,CONFIRMED,SUPPORTING,0.912,NORMAL,NONE,VALIDATION,True,LEGITIMATE,ACTIVE,2026-01-14,2026-05-20
0.094,FALSE,CONTRADICTING,0.175,NORMAL,POINT_ANOMALY,TRAIN,True,LEGITIMATE,ACTIVE,2025-11-01,2026-04-21
0.157,CONFIRMED,SUPPORTING,0.895,NORMAL,COLLECTIVE_ANOMALY,TEST,True,AMBIGUOUS,ACTIVE,2026-02-19,2026-05-27
0.59,CONFIRMED,SUPPORTING,0.958,NORMAL,NONE,TRAIN,True,CRIMINAL,ACTIVE,2025-11-19,2026-04-18
0.536,SUSPECTED,SUPPORTING,0.81,NORMAL,NONE,TRAIN,True,MIXED,ACTIVE,2025-09-30,2026-01-22
0.306,CONFIRMED,SUPPORTING,0.909,NORMAL,NONE,TEST,True,AMBIGUOUS,ACTIVE,2025-11-22,2026-02-04
0.165,SUSPECTED,SUPPORTING,0.638,SHARED_DEVICE,NONE,TRAIN,True,MIXED,ACTIVE,2026-01-19,2026-05-11
0.401,UNKNOWN,NEUTRAL,0.282,NORMAL,NONE,TRAIN,True,CRIMINAL,ACTIVE,2026-01-28,2026-04-03
0.366,UNKNOWN,NEUTRAL,0.427,NORMAL,NONE,TRAIN,True,MIXED,ACTIVE,2026-07-17,2026-10-29
0.404,UNKNOWN,NEUTRAL,0.237,NORMAL,NONE,VALIDATION,True,LEGITIMATE,ACTIVE,2026-04-29,2026-06-04
0.178,SUSPECTED,SUPPORTING,0.639,NORMAL,NONE,TRAIN,True,CRIMINAL,ACTIVE,2025-12-06,2026-05-13
0.497,SUSPECTED,SUPPORTING,0.643,NORMAL,NONE,VALIDATION,True,LEGITIMATE,ACTIVE,2025-11-07,2026-02-26
0.572,UNKNOWN,NEUTRAL,0.476,NORMAL,NONE,TRAIN,True,MIXED,ACTIVE,2026-01-09,2026-06-07
0.416,FALSE,CONTRADICTING,0.197,NORMAL,NONE,TRAIN,True,CRIMINAL,ACTIVE,2025-12-31,2026-03-08
0.367,CONFIRMED,SUPPORTING,0.921,NORMAL,NONE,TRAIN,True,CRIMINAL,ACTIVE,2026-02-13,2026-05-22
0.531,FALSE,CONTRADICTING,0.18,NORMAL,RELATIONAL_ANOMALY,VALIDATION,True,LEGITIMATE,ACTIVE,2025-11-11,2026-04-05
0.04,SUSPECTED,SUPPORTING,0.804,NORMAL,NONE,TRAIN,True,LEGITIMATE,ACTIVE,2026-07-12,2026-10-07
0.348,UNKNOWN,NEUTRAL,0.299,NORMAL,NONE,TEST,True,AMBIGUOUS,ACTIVE,2026-01-13,2026-03-01
0.848,CONFIRMED,SUPPORTING,0.981,NORMAL,NONE,VALIDATION,True,LEGITIMATE,ACTIVE,2025-12-10,2026-05-29
0.228,SUSPECTED,SUPPORTING,0.737,NORMAL,NONE,TRAIN,True,CRIMINAL,ACTIVE,2025-12-24,2026-05-22
0.442,CONFIRMED,SUPPORTING,0.842,NORMAL,TEMPORAL_ANOMALY,TRAIN,True,CRIMINAL,ACTIVE,2026-02-09,2026-05-19
0.071,FALSE,CONTRADICTING,0.2,NORMAL,CONTEXTUAL_ANOMALY,TEST,True,AMBIGUOUS,ACTIVE,2026-06-20,2026-08-31
0.247,SUSPECTED,SUPPORTING,0.855,NORMAL,NONE,TRAIN,True,MIXED,ACTIVE,2026-01-21,2026-06-20
0.227,FALSE,CONTRADICTING,0.287,NORMAL,NONE,TEST,True,AMBIGUOUS,ACTIVE,2025-11-17,2026-04-23
0.762,CONFIRMED,SUPPORTING,0.933,NORMAL,NONE,TEST,True,AMBIGUOUS,ACTIVE,2025-09-26,2026-02-20
0.539,SUSPECTED,SUPPORTING,0.829,NORMAL,TEMPORAL_ANOMALY,TEST,True,AMBIGUOUS,ACTIVE,2026-03-22,2026-05-25
0.477,CONFIRMED,SUPPORTING,0.925,NORMAL,NONE,TRAIN,True,CRIMINAL,ACTIVE,2026-06-10,2026-07-13
0.746,CONFIRMED,SUPPORTING,0.865,NORMAL,NONE,TRAIN,True,CRIMINAL,ACTIVE,2025-12-09,2026-03-12
0.204,FALSE,CONTRADICTING,0.144,NORMAL,NONE,TRAIN,True,MIXED,ACTIVE,2026-02-15,2026-03-20
0.125,FALSE,CONTRADICTING,0.288,NORMAL,NONE,TRAIN,True,CRIMINAL,ACTIVE,2026-05-27,2026-09-25
0.544,FALSE,CONTRADICTING,0.296,NORMAL,NONE,TRAIN,True,CRIMINAL,ACTIVE,2026-04-30,2026-09-04
0.659,CONFIRMED,SUPPORTING,0.855,RECYCLED_SIM,NONE,TRAIN,True,CRIMINAL,ACTIVE,2026-01-26,2026-05-13
0.292,CONFIRMED,SUPPORTING,0.962,RECYCLED_SIM,NONE,TRAIN,True,CRIMINAL,ACTIVE,2026-03-23,2026-07-05
0.196,CONFIRMED,SUPPORTING,0.96,NORMAL,NONE,TRAIN,True,CRIMINAL,ACTIVE,2026-04-02,2026-08-22
0.383,SUSPECTED,SUPPORTING,0.653,NORMAL,COLLECTIVE_ANOMALY,TRAIN,True,MIXED,ACTIVE,2026-03-18,2026-05-12
0.564,SUSPECTED,SUPPORTING,0.596,NORMAL,NONE,TRAIN,True,CRIMINAL,ACTIVE,2025-12-03,2026-05-21
0.417,UNKNOWN,NEUTRAL,0.432,NORMAL,NONE,TRAIN,True,MIXED,ACTIVE,2026-02-11,2026-06-17
0.431,FALSE,CONTRADICTING,0.342,NORMAL,NONE,TRAIN,True,CRIMINAL,ACTIVE,2026-07-25,2026-09-20
0.214,CONFIRMED,SUPPORTING,0.952,NORMAL,NONE,TRAIN,True,MIXED,ACTIVE,2026-07-30,2026-09-10
0.466,SUSPECTED,SUPPORTING,0.829,NORMAL,NONE,TRAIN,True,CRIMINAL,ACTIVE,2026-04-21,2026-05-21
0.671,SUSPECTED,SUPPORTING,0.684,NORMAL,NONE,TRAIN,True,MIXED,ACTIVE,2026-03-28,2026-06-06
0.209,FALSE,CONTRADICTING,0.305,NORMAL,NONE,TRAIN,True,CRIMINAL,ACTIVE,2025-12-08,2026-01-22
0.112,CONFIRMED,SUPPORTING,0.825,NORMAL,NONE,TEST,True,AMBIGUOUS,ACTIVE,2026-02-16,2026-07-16
0.811,FALSE,CONTRADICTING,0.397,NORMAL,NONE,TRAIN,True,MIXED,ACTIVE,2026-01-05,2026-05-29
0.19,UNKNOWN,NEUTRAL,0.301,NORMAL,NONE,VALIDATION,True,LEGITIMATE,ACTIVE,2025-11-26,2026-04-11
0.167,UNKNOWN,NEUTRAL,0.409,NORMAL,POINT_ANOMALY,TRAIN,True,CRIMINAL,ACTIVE,2026-03-29,2026-09-14
0.284,SUSPECTED,SUPPORTING,0.605,NORMAL,NONE,TRAIN,True,CRIMINAL,ACTIVE,2026-01-26,2026-04-13
0.344,SUSPECTED,SUPPORTING,0.841,NORMAL,NONE,TRAIN,True,CRIMINAL,ACTIVE,2026-01-12,2026-07-24
0.277,CONFIRMED,SUPPORTING,0.838,NORMAL,NONE,TRAIN,True,CRIMINAL,ACTIVE,2026-04-05,2026-09-01
0.428,UNKNOWN,NEUTRAL,0.417,NORMAL,NONE,TRAIN,True,MIXED,ACTIVE,2026-04-02,2026-08-18
0.302,UNKNOWN,NEUTRAL,0.408,NORMAL,NONE,TRAIN,True,MIXED,ACTIVE,2026-02-05,2026-06-13
0.03,CONFIRMED,SUPPORTING,0.875,NORMAL,NONE,TRAIN,True,CRIMINAL,ACTIVE,2026-05-10,2026-09-27
0.359,FALSE,CONTRADICTING,0.315,NORMAL,NONE,TRAIN,True,CRIMINAL,ACTIVE,2026-05-20,2026-07-15
0.64,CONFIRMED,SUPPORTING,0.84,NORMAL,NONE,TRAIN,True,CRIMINAL,ACTIVE,2025-12-26,2026-05-05
0.235,SUSPECTED,SUPPORTING,0.722,NORMAL,NONE,TRAIN,True,CRIMINAL,ACTIVE,2025-12-17,2026-06-15
0.314,FALSE,CONTRADICTING,0.277,NORMAL,NONE,VALIDATION,True,LEGITIMATE,ACTIVE,2026-01-10,2026-05-20
0.066,SUSPECTED,SUPPORTING,0.736,NORMAL,NONE,TRAIN,True,CRIMINAL,ACTIVE,2026-05-27,2026-09-24
0.597,UNKNOWN,NEUTRAL,0.269,NORMAL,NONE,TRAIN,True,MIXED,ACTIVE,2026-01-14,2026-06-25
0.141,FALSE,CONTRADICTING,0.268,NORMAL,NONE,TRAIN,True,CRIMINAL,ACTIVE,2026-01-17,2026-06-03
0.443,UNKNOWN,NEUTRAL,0.549,NORMAL,CONTEXTUAL_ANOMALY,TRAIN,True,CRIMINAL,ACTIVE,2026-06-09,2026-07-25
0.416,SUSPECTED,SUPPORTING,0.809,NORMAL,NONE,TRAIN,True,MIXED,ACTIVE,2026-06-03,2026-09-09
0.219,CONFIRMED,SUPPORTING,0.874,NORMAL,NONE,TRAIN,True,MIXED,ACTIVE,2026-05-23,2026-08-20
0.313,SUSPECTED,SUPPORTING,0.618,NORMAL,POINT_ANOMALY,TRAIN,True,CRIMINAL,ACTIVE,2026-05-16,2026-08-25
0.243,SUSPECTED,SUPPORTING,0.746,NORMAL,NONE,TRAIN,True,CRIMINAL,ACTIVE,2025-12-11,2026-03-30
0.332,CONFIRMED,SUPPORTING,0.909,NORMAL,TEMPORAL_ANOMALY,TRAIN,True,CRIMINAL,ACTIVE,2025-09-25,2026-03-09
0.587,SUSPECTED,SUPPORTING,0.603,NORMAL,NONE,VALIDATION,True,LEGITIMATE,ACTIVE,2025-10-30,2026-03-30
0.277,FALSE,CONTRADICTING,0.254,NORMAL,NONE,TRAIN,True,CRIMINAL,ACTIVE,2026-02-22,2026-08-21
0.371,UNKNOWN,NEUTRAL,0.546,NORMAL,NONE,TRAIN,True,CRIMINAL,ACTIVE,2025-12-23,2026-04-20
0.481,UNKNOWN,NEUTRAL,0.481,NORMAL,NONE,TRAIN,True,MIXED,ACTIVE,2026-05-26,2026-08-13
0.331,CONFIRMED,SUPPORTING,0.842,NORMAL,NONE,VALIDATION,True,LEGITIMATE,ACTIVE,2026-01-11,2026-07-16
0.57,SUSPECTED,SUPPORTING,0.743,NORMAL,NONE,TEST,True,AMBIGUOUS,ACTIVE,2025-10-28,2026-01-27
0.845,SUSPECTED,SUPPORTING,0.582,NORMAL,POINT_ANOMALY,TRAIN,True,MIXED,ACTIVE,2026-03-14,2026-07-23
0.415,CONFIRMED,SUPPORTING,0.931,NORMAL,NONE,TRAIN,True,MIXED,ACTIVE,2026-07-02,2026-09-15
0.457,UNKNOWN,NEUTRAL,0.255,NORMAL,NONE,TEST,True,AMBIGUOUS,ACTIVE,2026-05-13,2026-08-30
0.604,CONFIRMED,SUPPORTING,0.85,NORMAL,NONE,TRAIN,True,CRIMINAL,ACTIVE,2026-03-10,2026-04-30
0.574,SUSPECTED,SUPPORTING,0.629,NORMAL,NONE,TRAIN,True,MIXED,ACTIVE,2026-05-29,2026-09-22
0.188,SUSPECTED,SUPPORTING,0.851,NORMAL,NONE,TRAIN,True,CRIMINAL,ACTIVE,2026-06-25,2026-09-14
0.332,FALSE,CONTRADICTING,0.284,NORMAL,NONE,TRAIN,True,MIXED,ACTIVE,2025-12-04,2026-04-09
0.237,SUSPECTED,SUPPORTING,0.801,NORMAL,RELATIONAL_ANOMALY,TRAIN,True,CRIMINAL,ACTIVE,2025-11-19,2026-03-19
0.155,UNKNOWN,NEUTRAL,0.28,NORMAL,NONE,TRAIN,True,MIXED,ACTIVE,2026-01-20,2026-05-19
0.248,FALSE,CONTRADICTING,0.286,NORMAL,NONE,TRAIN,True,CRIMINAL,ACTIVE,2025-11-23,2026-04-14
0.733,FALSE,CONTRADICTING,0.215,NORMAL,NONE,TEST,True,AMBIGUOUS,ACTIVE,2026-05-06,2026-09-02
0.34,UNKNOWN,NEUTRAL,0.331,NORMAL,NONE,TRAIN,True,CRIMINAL,ACTIVE,2025-11-27,2026-04-06
0.338,UNKNOWN,NEUTRAL,0.268,NORMAL,NONE,VALIDATION,True,LEGITIMATE,ACTIVE,2026-03-24,2026-07-29
0.198,SUSPECTED,SUPPORTING,0.807,NORMAL,NONE,VALIDATION,True,LEGITIMATE,ACTIVE,2026-06-01,2026-08-19
0.64,SUSPECTED,SUPPORTING,0.738,NORMAL,COLLECTIVE_ANOMALY,TRAIN,True,CRIMINAL,ACTIVE,2026-03-05,2026-05-26
0.698,SUSPECTED,SUPPORTING,0.806,NORMAL,NONE,VALIDATION,True,LEGITIMATE,ACTIVE,2026-02-09,2026-05-07
0.358,SUSPECTED,SUPPORTING,0.669,NORMAL,NONE,TRAIN,True,CRIMINAL,ACTIVE,2026-01-29,2026-05-15
0.514,SUSPECTED,SUPPORTING,0.771,NORMAL,NONE,TRAIN,True,CRIMINAL,ACTIVE,2026-02-28,2026-07-31
0.644,UNKNOWN,NEUTRAL,0.428,NORMAL,NONE,TRAIN,True,CRIMINAL,ACTIVE,2026-05-01,2026-08-10
0.382,FALSE,CONTRADICTING,0.319,NORMAL,NONE,VALIDATION,True,LEGITIMATE,ACTIVE,2025-11-04,2026-04-02
0.34,SUSPECTED,SUPPORTING,0.753,SHARED_DEVICE,NONE,VALIDATION,True,LEGITIMATE,ACTIVE,2026-03-07,2026-05-18
0.165,FALSE,CONTRADICTING,0.397,NORMAL,NONE,TRAIN,True,LEGITIMATE,ACTIVE,2026-01-16,2026-04-10
0.186,UNKNOWN,NEUTRAL,0.395,NORMAL,RELATIONAL_ANOMALY,VALIDATION,True,LEGITIMATE,ACTIVE,2025-12-22,2026-04-11
0.545,SUSPECTED,SUPPORTING,0.834,SHARED_DEVICE,NONE,TRAIN,True,MIXED,ACTIVE,2026-04-02,2026-07-15
0.749,CONFIRMED,SUPPORTING,0.893,NORMAL,NONE,VALIDATION,True,LEGITIMATE,ACTIVE,2026-05-19,2026-07-20
0.742,CONFIRMED,SUPPORTING,0.842,NORMAL,NONE,TRAIN,True,CRIMINAL,ACTIVE,2026-02-02,2026-03-05
0.476,UNKNOWN,NEUTRAL,0.374,NORMAL,POINT_ANOMALY,TEST,True,AMBIGUOUS,ACTIVE,2026-02-11,2026-07-23
0.625,CONFIRMED,SUPPORTING,0.847,NORMAL,TEMPORAL_ANOMALY,TRAIN,True,MIXED,ACTIVE,2026-04-20,2026-08-12
0.156,UNKNOWN,NEUTRAL,0.359,NORMAL,RELATIONAL_ANOMALY,TEST,True,AMBIGUOUS,ACTIVE,2026-05-29,2026-08-20
0.383,UNKNOWN,NEUTRAL,0.37,NORMAL,NONE,TRAIN,True,MIXED,ACTIVE,2026-05-03,2026-07-23
0.314,FALSE,CONTRADICTING,0.417,NORMAL,NONE,TRAIN,True,CRIMINAL,ACTIVE,2025-12-08,2026-03-01
0.32,SUSPECTED,SUPPORTING,0.705,NORMAL,NONE,TRAIN,True,CRIMINAL,ACTIVE,2026-02-19,2026-07-03
0.132,SUSPECTED,SUPPORTING,0.78,NORMAL,NONE,TRAIN,True,MIXED,ACTIVE,2025-12-01,2026-03-16
0.481,CONFIRMED,SUPPORTING,0.912,NORMAL,NONE,TRAIN,True,CRIMINAL,ACTIVE,2026-06-06,2026-10-04
0.181,FALSE,CONTRADICTING,0.222,NORMAL,NONE,TRAIN,True,CRIMINAL,ACTIVE,2026-03-21,2026-05-14
0.534,UNKNOWN,NEUTRAL,0.414,NORMAL,NONE,TRAIN,True,CRIMINAL,ACTIVE,2026-04-29,2026-08-07
0.237,FALSE,CONTRADICTING,0.41,NORMAL,POINT_ANOMALY,VALIDATION,True,LEGITIMATE,ACTIVE,2026-03-09,2026-07-02
0.774,FALSE,CONTRADICTING,0.28,NORMAL,NONE,TRAIN,True,CRIMINAL,ACTIVE,2026-04-30,2026-06-29
0.557,CONFIRMED,SUPPORTING,0.935,NORMAL,NONE,TRAIN,True,MIXED,ACTIVE,2025-11-21,2026-02-20
0.684,FALSE,CONTRADICTING,0.295,NORMAL,NONE,TEST,True,AMBIGUOUS,ACTIVE,2026-03-06,2026-07-11
0.738,UNKNOWN,NEUTRAL,0.372,NORMAL,NONE,TRAIN,True,CRIMINAL,ACTIVE,2026-04-17,2026-08-23
0.269,FALSE,CONTRADICTING,0.246,NORMAL,NONE,TRAIN,True,MIXED,ACTIVE,2025-12-22,2026-02-18
0.567,CONFIRMED,SUPPORTING,0.989,NORMAL,NONE,TRAIN,True,MIXED,ACTIVE,2026-06-01,2026-09-24
0.063,UNKNOWN,NEUTRAL,0.512,NORMAL,NONE,TRAIN,True,LEGITIMATE,ACTIVE,2026-04-21,2026-08-09
0.166,FALSE,CONTRADICTING,0.415,NORMAL,NONE,TEST,True,AMBIGUOUS,ACTIVE,2026-05-20,2026-07-20
0.272,UNKNOWN,NEUTRAL,0.352,SHARED_DEVICE,NONE,TEST,True,AMBIGUOUS,ACTIVE,2026-04-19,2026-07-17
0.63,SUSPECTED,SUPPORTING,0.705,NORMAL,NONE,TEST,True,AMBIGUOUS,ACTIVE,2026-02-27,2026-04-19
0.777,SUSPECTED,SUPPORTING,0.758,NORMAL,NONE,TRAIN,True,LEGITIMATE,ACTIVE,2025-11-29,2026-02-14
0.215,SUSPECTED,SUPPORTING,0.674,NORMAL,NONE,TRAIN,True,LEGITIMATE,ACTIVE,2026-01-09,2026-06-06
0.584,FALSE,CONTRADICTING,0.343,NORMAL,NONE,TRAIN,True,CRIMINAL,ACTIVE,2026-01-08,2026-02-08
0.487,SUSPECTED,SUPPORTING,0.694,NORMAL,NONE,VALIDATION,True,LEGITIMATE,ACTIVE,2026-03-07,2026-08-18
0.556,UNKNOWN,NEUTRAL,0.281,SHARED_DEVICE,NONE,TRAIN,True,LEGITIMATE,ACTIVE,2026-01-04,2026-05-22
0.571,SUSPECTED,SUPPORTING,0.735,NORMAL,NONE,TRAIN,True,CRIMINAL,ACTIVE,2025-12-05,2026-06-14
0.268,FALSE,CONTRADICTING,0.411,NORMAL,COLLECTIVE_ANOMALY,TRAIN,True,CRIMINAL,ACTIVE,2026-05-30,2026-10-27
0.472,CONFIRMED,SUPPORTING,0.949,NORMAL,NONE,TRAIN,True,CRIMINAL,ACTIVE,2026-07-04,2026-11-04
0.502,CONFIRMED,SUPPORTING,0.847,NORMAL,NONE,TRAIN,True,CRIMINAL,ACTIVE,2026-01-30,2026-06-11
0.382,SUSPECTED,SUPPORTING,0.584,SHARED_DEVICE,POINT_ANOMALY,TRAIN,True,MIXED,ACTIVE,2026-04-02,2026-09-15
0.33,CONFIRMED,SUPPORTING,0.929,NORMAL,NONE,TRAIN,True,CRIMINAL,ACTIVE,2026-04-16,2026-08-22
0.253,UNKNOWN,NEUTRAL,0.321,NORMAL,NONE,VALIDATION,True,LEGITIMATE,ACTIVE,2025-10-21,2026-04-13
0.349,CONFIRMED,SUPPORTING,0.842,NORMAL,COLLECTIVE_ANOMALY,TRAIN,True,CRIMINAL,ACTIVE,2025-12-14,2026-02-08
0.531,UNKNOWN,NEUTRAL,0.251,NORMAL,NONE,TRAIN,True,CRIMINAL,ACTIVE,2026-03-20,2026-08-26
0.547,CONFIRMED,SUPPORTING,0.967,NORMAL,NONE,VALIDATION,True,LEGITIMATE,ACTIVE,2026-04-27,2026-07-18
0.634,SUSPECTED,SUPPORTING,0.653,NORMAL,NONE,VALIDATION,True,LEGITIMATE,ACTIVE,2026-01-27,2026-04-16
0.108,SUSPECTED,SUPPORTING,0.74,NORMAL,NONE,TRAIN,True,CRIMINAL,ACTIVE,2026-01-26,2026-04-13
0.65,SUSPECTED,SUPPORTING,0.651,NORMAL,NONE,TRAIN,True,CRIMINAL,ACTIVE,2025-11-01,2026-05-06
0.599,SUSPECTED,SUPPORTING,0.77,NORMAL,NONE,TRAIN,True,MIXED,ACTIVE,2026-01-13,2026-02-16
0.66,CONFIRMED,SUPPORTING,0.962,NORMAL,NONE,TRAIN,True,CRIMINAL,ACTIVE,2026-02-07,2026-08-08
0.015,UNKNOWN,NEUTRAL,0.211,NORMAL,NONE,VALIDATION,True,LEGITIMATE,ACTIVE,2026-04-20,2026-08-12
0.287,SUSPECTED,SUPPORTING,0.746,NORMAL,NONE,TRAIN,True,LEGITIMATE,ACTIVE,2026-04-25,2026-08-13
0.085,CONFIRMED,SUPPORTING,0.86,NORMAL,CONTEXTUAL_ANOMALY,TRAIN,True,CRIMINAL,ACTIVE,2025-12-03,2026-05-07
0.448,FALSE,CONTRADICTING,0.311,NORMAL,NONE,VALIDATION,True,LEGITIMATE,ACTIVE,2025-10-28,2026-02-22
0.395,CONFIRMED,SUPPORTING,0.823,NORMAL,CONTEXTUAL_ANOMALY,VALIDATION,True,LEGITIMATE,ACTIVE,2025-12-23,2026-03-21
0.748,SUSPECTED,SUPPORTING,0.799,NORMAL,CONTEXTUAL_ANOMALY,TRAIN,True,MIXED,ACTIVE,2025-10-13,2026-04-10
0.189,FALSE,CONTRADICTING,0.384,NORMAL,NONE,TRAIN,True,LEGITIMATE,ACTIVE,2025-12-05,2026-05-29
0.174,FALSE,CONTRADICTING,0.391,NORMAL,NONE,TRAIN,True,LEGITIMATE,ACTIVE,2025-10-01,2026-04-18
0.225,FALSE,CONTRADICTING,0.394,NORMAL,NONE,TRAIN,True,CRIMINAL,ACTIVE,2025-12-17,2026-03-22
0.621,CONFIRMED,SUPPORTING,0.91,NORMAL,NONE,TRAIN,True,CRIMINAL,ACTIVE,2026-01-23,2026-05-29
0.543,UNKNOWN,NEUTRAL,0.318,NORMAL,CONTEXTUAL_ANOMALY,TRAIN,True,MIXED,ACTIVE,2025-12-16,2026-04-14
0.519,FALSE,CONTRADICTING,0.316,NORMAL,NONE,TRAIN,True,CRIMINAL,ACTIVE,2026-06-19,2026-08-23
0.085,CONFIRMED,SUPPORTING,0.979,NORMAL,COLLECTIVE_ANOMALY,TRAIN,True,CRIMINAL,ACTIVE,2026-01-30,2026-06-29
0.582,CONFIRMED,SUPPORTING,0.879,NORMAL,NONE,TRAIN,True,CRIMINAL,ACTIVE,2025-12-10,2026-03-21
0.317,CONFIRMED,SUPPORTING,0.965,NORMAL,NONE,TRAIN,True,CRIMINAL,ACTIVE,2026-02-20,2026-04-30
0.38,UNKNOWN,NEUTRAL,0.393,NORMAL,NONE,VALIDATION,True,LEGITIMATE,ACTIVE,2026-03-30,2026-09-01
0.397,SUSPECTED,SUPPORTING,0.85,NORMAL,COLLECTIVE_ANOMALY,TRAIN,True,MIXED,ACTIVE,2026-01-26,2026-07-28
0.698,SUSPECTED,SUPPORTING,0.647,NORMAL,NONE,TRAIN,True,CRIMINAL,ACTIVE,2026-02-08,2026-03-27
0.563,CONFIRMED,SUPPORTING,0.969,NORMAL,NONE,TRAIN,True,CRIMINAL,ACTIVE,2026-02-13,2026-05-21
0.223,SUSPECTED,SUPPORTING,0.736,NORMAL,NONE,TRAIN,True,MIXED,ACTIVE,2026-04-25,2026-06-30
0.507,FALSE,CONTRADICTING,0.128,NORMAL,NONE,TEST,True,AMBIGUOUS,ACTIVE,2025-12-15,2026-02-28
0.619,FALSE,CONTRADICTING,0.205,NORMAL,NONE,TRAIN,True,MIXED,ACTIVE,2026-03-24,2026-10-07
0.564,SUSPECTED,SUPPORTING,0.82,NORMAL,NONE,TRAIN,True,CRIMINAL,ACTIVE,2026-05-07,2026-09-06
0.285,SUSPECTED,SUPPORTING,0.706,NORMAL,NONE,TEST,True,AMBIGUOUS,ACTIVE,2025-12-22,2026-05-11
0.891,UNKNOWN,NEUTRAL,0.513,NORMAL,NONE,TRAIN,True,MIXED,ACTIVE,2026-04-20,2026-07-06
0.293,SUSPECTED,SUPPORTING,0.851,NORMAL,NONE,TEST,True,AMBIGUOUS,ACTIVE,2025-12-24,2026-02-22
0.471,CONFIRMED,SUPPORTING,0.863,DUPLICATE,NONE,TEST,True,AMBIGUOUS,ACTIVE,2025-09-27,2026-02-04
0.503,CONFIRMED,SUPPORTING,0.905,NORMAL,COLLECTIVE_ANOMALY,TRAIN,True,CRIMINAL,ACTIVE,2026-01-16,2026-05-26
0.375,UNKNOWN,NEUTRAL,0.348,NORMAL,NONE,TRAIN,True,CRIMINAL,ACTIVE,2025-12-16,2026-05-14
0.875,UNKNOWN,NEUTRAL,0.337,NORMAL,NONE,TRAIN,True,MIXED,ACTIVE,2026-03-01,2026-05-06
0.128,CONFIRMED,SUPPORTING,0.83,NORMAL,NONE,TRAIN,True,CRIMINAL,ACTIVE,2025-11-05,2026-04-21
0.437,SUSPECTED,SUPPORTING,0.832,NORMAL,NONE,VALIDATION,True,LEGITIMATE,ACTIVE,2026-01-07,2026-07-04
0.77,CONFIRMED,SUPPORTING,0.882,NORMAL,NONE,TRAIN,True,CRIMINAL,ACTIVE,2026-03-01,2026-06-01
0.124,FALSE,CONTRADICTING,0.256,NORMAL,NONE,VALIDATION,True,LEGITIMATE,ACTIVE,2026-04-11,2026-08-20
0.176,UNKNOWN,NEUTRAL,0.266,NORMAL,NONE,TRAIN,True,LEGITIMATE,ACTIVE,2025-10-03,2026-03-14
0.383,SUSPECTED,SUPPORTING,0.663,NORMAL,NONE,TEST,True,AMBIGUOUS,ACTIVE,2026-03-07,2026-07-13
0.328,UNKNOWN,NEUTRAL,0.355,NORMAL,NONE,VALIDATION,True,LEGITIMATE,ACTIVE,2026-04-14,2026-08-08
0.568,FALSE,CONTRADICTING,0.389,NORMAL,NONE,VALIDATION,True,LEGITIMATE,ACTIVE,2026-01-15,2026-05-28
0.789,SUSPECTED,SUPPORTING,0.745,NORMAL,NONE,TRAIN,True,CRIMINAL,ACTIVE,2026-06-11,2026-09-07
0.379,CONFIRMED,SUPPORTING,0.953,NORMAL,COLLECTIVE_ANOMALY,TRAIN,True,CRIMINAL,ACTIVE,2025-10-14,2026-02-26
0.109,SUSPECTED,SUPPORTING,0.708,NORMAL,NONE,TRAIN,True,CRIMINAL,ACTIVE,2026-01-28,2026-05-14
0.284,SUSPECTED,SUPPORTING,0.672,NORMAL,POINT_ANOMALY,TRAIN,True,CRIMINAL,ACTIVE,2026-06-12,2026-08-10
0.157,FALSE,CONTRADICTING,0.304,NORMAL,NONE,TRAIN,True,CRIMINAL,ACTIVE,2026-01-16,2026-04-28
0.206,UNKNOWN,NEUTRAL,0.459,NORMAL,NONE,VALIDATION,True,LEGITIMATE,ACTIVE,2025-11-04,2026-04-17
0.474,SUSPECTED,SUPPORTING,0.794,NORMAL,POINT_ANOMALY,TRAIN,True,CRIMINAL,ACTIVE,2025-11-28,2026-03-22
0.31,FALSE,CONTRADICTING,0.258,NORMAL,RELATIONAL_ANOMALY,TRAIN,True,MIXED,ACTIVE,2026-05-04,2026-07-13
0.091,SUSPECTED,SUPPORTING,0.68,NORMAL,NONE,TRAIN,True,CRIMINAL,ACTIVE,2026-01-17,2026-06-01
0.377,SUSPECTED,SUPPORTING,0.824,NORMAL,NONE,VALIDATION,True,LEGITIMATE,ACTIVE,2026-05-08,2026-10-03
0.915,CONFIRMED,SUPPORTING,0.962,NORMAL,NONE,TRAIN,True,CRIMINAL,ACTIVE,2026-04-03,2026-09-25
0.212,CONFIRMED,SUPPORTING,0.932,NORMAL,RELATIONAL_ANOMALY,TRAIN,True,CRIMINAL,ACTIVE,2026-02-27,2026-05-04
0.646,FALSE,CONTRADICTING,0.244,NORMAL,RELATIONAL_ANOMALY,VALIDATION,True,LEGITIMATE,ACTIVE,2026-03-21,2026-08-25
0.865,CONFIRMED,SUPPORTING,0.968,NORMAL,NONE,TRAIN,True,CRIMINAL,ACTIVE,2026-02-14,2026-05-21
0.031,FALSE,CONTRADICTING,0.374,DUPLICATE,NONE,TRAIN,True,CRIMINAL,ACTIVE,2026-02-16,2026-06-19
0.205,SUSPECTED,SUPPORTING,0.753,NORMAL,NONE,TEST,True,AMBIGUOUS,ACTIVE,2026-01-03,2026-04-20
0.207,UNKNOWN,NEUTRAL,0.415,NORMAL,NONE,TRAIN,True,LEGITIMATE,ACTIVE,2026-06-15,2026-10-30
0.369,SUSPECTED,SUPPORTING,0.775,NORMAL,NONE,TRAIN,True,CRIMINAL,ACTIVE,2026-04-30,2026-10-23
0.523,UNKNOWN,NEUTRAL,0.516,NORMAL,NONE,TEST,True,AMBIGUOUS,ACTIVE,2026-04-18,2026-07-16
0.177,SUSPECTED,SUPPORTING,0.65,NORMAL,NONE,TRAIN,True,CRIMINAL,ACTIVE,2025-10-14,2026-03-08
0.495,SUSPECTED,SUPPORTING,0.655,NORMAL,NONE,TEST,True,AMBIGUOUS,ACTIVE,2025-09-29,2026-03-24
0.68,SUSPECTED,SUPPORTING,0.629,NORMAL,NONE,TRAIN,True,MIXED,ACTIVE,2025-12-17,2026-06-14
0.335,SUSPECTED,SUPPORTING,0.657,NORMAL,NONE,TRAIN,True,CRIMINAL,ACTIVE,2026-07-04,2026-09-17
0.56,UNKNOWN,NEUTRAL,0.228,NORMAL,NONE,TEST,True,AMBIGUOUS,ACTIVE,2026-01-04,2026-02-27
0.514,FALSE,CONTRADICTING,0.127,NORMAL,POINT_ANOMALY,TRAIN,True,CRIMINAL,ACTIVE,2025-12-18,2026-05-03
0.4,SUSPECTED,SUPPORTING,0.686,NORMAL,NONE,TRAIN,True,MIXED,ACTIVE,2026-05-31,2026-08-19
0.577,UNKNOWN,NEUTRAL,0.359,NORMAL,NONE,TRAIN,True,LEGITIMATE,ACTIVE,2026-06-11,2026-08-27
0.18,CONFIRMED,SUPPORTING,0.82,NORMAL,NONE,TRAIN,True,CRIMINAL,ACTIVE,2026-04-02,2026-08-23
0.233,SUSPECTED,SUPPORTING,0.718,NORMAL,CONTEXTUAL_ANOMALY,VALIDATION,True,LEGITIMATE,ACTIVE,2025-11-04,2026-03-22
0.241,CONFIRMED,SUPPORTING,0.869,NORMAL,NONE,TRAIN,True,CRIMINAL,ACTIVE,2025-12-21,2026-04-29
0.414,SUSPECTED,SUPPORTING,0.628,NORMAL,NONE,TEST,True,AMBIGUOUS,ACTIVE,2025-11-12,2026-02-03
0.713,UNKNOWN,NEUTRAL,0.398,NORMAL,TEMPORAL_ANOMALY,VALIDATION,True,LEGITIMATE,ACTIVE,2026-03-07,2026-07-09
0.361,UNKNOWN,NEUTRAL,0.314,NORMAL,NONE,VALIDATION,True,LEGITIMATE,ACTIVE,2025-09-23,2026-03-29
0.276,SUSPECTED,SUPPORTING,0.819,NORMAL,NONE,TRAIN,True,CRIMINAL,ACTIVE,2026-02-20,2026-06-11
0.323,CONFIRMED,SUPPORTING,0.946,NORMAL,NONE,TRAIN,True,CRIMINAL,ACTIVE,2026-03-30,2026-10-18
0.194,FALSE,CONTRADICTING,0.319,NORMAL,NONE,TRAIN,True,MIXED,ACTIVE,2025-12-19,2026-02-09
0.113,FALSE,CONTRADICTING,0.268,NORMAL,NONE,VALIDATION,True,LEGITIMATE,ACTIVE,2026-02-11,2026-04-30
0.118,SUSPECTED,SUPPORTING,0.614,SHARED_DEVICE,TEMPORAL_ANOMALY,TRAIN,True,MIXED,ACTIVE,2026-01-05,2026-06-13
0.486,FALSE,CONTRADICTING,0.351,NORMAL,NONE,TRAIN,True,CRIMINAL,ACTIVE,2025-12-22,2026-03-22
0.639,UNKNOWN,NEUTRAL,0.353,NORMAL,TEMPORAL_ANOMALY,TRAIN,True,CRIMINAL,ACTIVE,2026-05-07,2026-07-28
0.81,SUSPECTED,SUPPORTING,0.771,NORMAL,NONE,TEST,True,AMBIGUOUS,ACTIVE,2026-03-19,2026-04-27
0.51,SUSPECTED,SUPPORTING,0.751,NORMAL,COLLECTIVE_ANOMALY,VALIDATION,True,LEGITIMATE,ACTIVE,2025-12-01,2026-04-29
0.494,CONFIRMED,SUPPORTING,0.846,NORMAL,POINT_ANOMALY,VALIDATION,True,LEGITIMATE,ACTIVE,2026-05-04,2026-08-05
0.684,FALSE,CONTRADICTING,0.321,NORMAL,NONE,TRAIN,True,CRIMINAL,ACTIVE,2026-01-29,2026-06-13
0.178,SUSPECTED,SUPPORTING,0.632,NORMAL,NONE,TEST,True,AMBIGUOUS,ACTIVE,2026-03-01,2026-06-03
0.655,SUSPECTED,SUPPORTING,0.643,NORMAL,NONE,TRAIN,True,MIXED,ACTIVE,2026-07-12,2026-10-24
0.356,UNKNOWN,NEUTRAL,0.508,NORMAL,COLLECTIVE_ANOMALY,TEST,True,AMBIGUOUS,ACTIVE,2025-12-11,2026-06-06
0.362,SUSPECTED,SUPPORTING,0.672,NORMAL,TEMPORAL_ANOMALY,VALIDATION,True,LEGITIMATE,ACTIVE,2025-12-28,2026-05-20
0.322,CONFIRMED,SUPPORTING,0.841,NORMAL,NONE,TRAIN,True,CRIMINAL,ACTIVE,2026-01-18,2026-07-10
0.387,FALSE,CONTRADICTING,0.195,NORMAL,TEMPORAL_ANOMALY,TRAIN,True,CRIMINAL,ACTIVE,2025-11-06,2026-04-23
0.51,UNKNOWN,NEUTRAL,0.364,NORMAL,NONE,TEST,True,AMBIGUOUS,ACTIVE,2025-12-04,2026-05-03
0.823,UNKNOWN,NEUTRAL,0.281,NORMAL,NONE,TEST,True,AMBIGUOUS,ACTIVE,2026-05-08,2026-07-01
0.507,SUSPECTED,SUPPORTING,0.647,NORMAL,NONE,TRAIN,True,CRIMINAL,ACTIVE,2026-03-20,2026-09-10
0.459,FALSE,CONTRADICTING,0.319,NORMAL,NONE,TRAIN,True,LEGITIMATE,ACTIVE,2025-11-26,2026-04-21
0.643,UNKNOWN,NEUTRAL,0.491,NORMAL,NONE,TEST,True,AMBIGUOUS,ACTIVE,2026-03-08,2026-08-20
0.478,UNKNOWN,NEUTRAL,0.459,NORMAL,NONE,VALIDATION,True,LEGITIMATE,ACTIVE,2026-06-21,2026-09-24
0.267,FALSE,CONTRADICTING,0.344,NORMAL,NONE,TRAIN,True,CRIMINAL,ACTIVE,2026-01-09,2026-03-15
0.495,SUSPECTED,SUPPORTING,0.857,NORMAL,RELATIONAL_ANOMALY,VALIDATION,True,LEGITIMATE,ACTIVE,2026-05-16,2026-07-02
0.09,UNKNOWN,NEUTRAL,0.418,NORMAL,NONE,TRAIN,True,LEGITIMATE,ACTIVE,2026-01-24,2026-03-30
0.353,CONFIRMED,SUPPORTING,0.946,NORMAL,NONE,TRAIN,True,CRIMINAL,ACTIVE,2026-04-14,2026-06-07
0.367,CONFIRMED,SUPPORTING,0.827,NORMAL,NONE,TEST,True,AMBIGUOUS,ACTIVE,2026-01-01,2026-05-07
0.078,CONFIRMED,SUPPORTING,0.939,NORMAL,NONE,TEST,True,AMBIGUOUS,ACTIVE,2026-01-16,2026-05-16
0.563,CONFIRMED,SUPPORTING,0.841,NORMAL,NONE,TRAIN,True,CRIMINAL,ACTIVE,2026-01-17,2026-06-29
0.144,UNKNOWN,NEUTRAL,0.32,NORMAL,NONE,TRAIN,True,CRIMINAL,ACTIVE,2026-03-03,2026-07-10
0.468,SUSPECTED,SUPPORTING,0.654,NORMAL,NONE,VALIDATION,True,LEGITIMATE,ACTIVE,2026-05-21,2026-09-03
0.099,FALSE,CONTRADICTING,0.379,NORMAL,NONE,TRAIN,True,MIXED,ACTIVE,2026-03-06,2026-05-08
0.145,SUSPECTED,SUPPORTING,0.699,NORMAL,NONE,TRAIN,True,CRIMINAL,ACTIVE,2026-08-05,2026-09-11
0.18,UNKNOWN,NEUTRAL,0.367,NORMAL,NONE,TRAIN,True,CRIMINAL,ACTIVE,2025-12-15,2026-04-27
0.531,UNKNOWN,NEUTRAL,0.325,STALE_DEVICE,NONE,TRAIN,True,CRIMINAL,ACTIVE,2026-03-31,2026-06-11
0.372,SUSPECTED,SUPPORTING,0.712,NORMAL,NONE,TRAIN,True,CRIMINAL,ACTIVE,2026-04-13,2026-08-14
0.514,SUSPECTED,SUPPORTING,0.697,SHARED_DEVICE,CONTEXTUAL_ANOMALY,VALIDATION,True,LEGITIMATE,ACTIVE,2026-03-18,2026-05-13
0.549,SUSPECTED,SUPPORTING,0.671,NORMAL,COLLECTIVE_ANOMALY,TRAIN,True,CRIMINAL,ACTIVE,2026-05-04,2026-09-27
0.413,FALSE,CONTRADICTING,0.196,NORMAL,NONE,VALIDATION,True,LEGITIMATE,ACTIVE,2025-12-08,2026-05-08
0.413,CONFIRMED,SUPPORTING,0.822,NORMAL,NONE,VALIDATION,True,LEGITIMATE,ACTIVE,2025-09-23,2026-01-27
0.085,SUSPECTED,SUPPORTING,0.801,NORMAL,NONE,TRAIN,True,CRIMINAL,ACTIVE,2026-01-06,2026-05-21
0.633,UNKNOWN,NEUTRAL,0.321,NORMAL,NONE,TRAIN,True,LEGITIMATE,ACTIVE,2026-04-03,2026-07-23
0.345,SUSPECTED,SUPPORTING,0.584,NORMAL,NONE,TRAIN,True,CRIMINAL,ACTIVE,2026-03-10,2026-06-23
0.68,CONFIRMED,SUPPORTING,0.888,NORMAL,RELATIONAL_ANOMALY,VALIDATION,True,LEGITIMATE,ACTIVE,2026-02-24,2026-07-05
0.31,FALSE,CONTRADICTING,0.156,NORMAL,NONE,TRAIN,True,MIXED,ACTIVE,2025-12-30,2026-07-25
0.499,FALSE,CONTRADICTING,0.157,DUPLICATE,NONE,VALIDATION,True,LEGITIMATE,ACTIVE,2026-05-04,2026-09-20
0.266,SUSPECTED,SUPPORTING,0.608,NORMAL,NONE,TRAIN,True,MIXED,ACTIVE,2026-06-05,2026-09-15
0.514,SUSPECTED,SUPPORTING,0.599,NORMAL,RELATIONAL_ANOMALY,TRAIN,True,LEGITIMATE,ACTIVE,2026-04-26,2026-10-03
0.206,UNKNOWN,NEUTRAL,0.536,NORMAL,NONE,TEST,True,AMBIGUOUS,ACTIVE,2026-01-25,2026-02-19
0.458,CONFIRMED,SUPPORTING,0.875,NORMAL,NONE,TRAIN,True,MIXED,ACTIVE,2026-05-05,2026-09-28
0.123,SUSPECTED,SUPPORTING,0.648,NORMAL,NONE,VALIDATION,True,LEGITIMATE,ACTIVE,2026-05-08,2026-09-18
0.357,UNKNOWN,NEUTRAL,0.422,NORMAL,NONE,TRAIN,True,CRIMINAL,ACTIVE,2026-06-10,2026-07-25
0.219,CONFIRMED,SUPPORTING,0.939,NORMAL,NONE,VALIDATION,True,LEGITIMATE,ACTIVE,2026-03-26,2026-05-29
0.523,SUSPECTED,SUPPORTING,0.857,RECYCLED_SIM,NONE,TRAIN,True,MIXED,ACTIVE,2025-12-13,2026-03-22
0.657,CONFIRMED,SUPPORTING,0.903,NORMAL,NONE,TRAIN,True,MIXED,ACTIVE,2026-01-08,2026-06-12
0.342,SUSPECTED,SUPPORTING,0.787,NORMAL,NONE,TEST,True,AMBIGUOUS,ACTIVE,2026-01-08,2026-05-16
0.444,SUSPECTED,SUPPORTING,0.666,NORMAL,NONE,TRAIN,True,MIXED,ACTIVE,2026-05-09,2026-08-15
0.715,CONFIRMED,SUPPORTING,0.86,NORMAL,NONE,TRAIN,True,MIXED,ACTIVE,2026-03-25,2026-10-10
0.782,FALSE,CONTRADICTING,0.287,NORMAL,NONE,TRAIN,True,CRIMINAL,ACTIVE,2026-04-26,2026-10-06
0.429,UNKNOWN,NEUTRAL,0.217,NORMAL,NONE,TRAIN,True,CRIMINAL,ACTIVE,2026-01-08,2026-05-12
0.143,CONFIRMED,SUPPORTING,0.823,NORMAL,NONE,TRAIN,True,CRIMINAL,ACTIVE,2025-11-10,2026-02-19
0.461,CONFIRMED,SUPPORTING,0.899,NORMAL,NONE,TEST,True,AMBIGUOUS,ACTIVE,2026-02-16,2026-07-11
0.382,UNKNOWN,NEUTRAL,0.225,NORMAL,NONE,TRAIN,True,MIXED,ACTIVE,2025-09-20,2026-01-22
0.274,FALSE,CONTRADICTING,0.301,NORMAL,COLLECTIVE_ANOMALY,VALIDATION,True,LEGITIMATE,ACTIVE,2026-03-20,2026-07-06
0.219,FALSE,CONTRADICTING,0.176,NORMAL,NONE,TEST,True,AMBIGUOUS,ACTIVE,2026-01-23,2026-06-06
0.39,FALSE,CONTRADICTING,0.225,NORMAL,NONE,VALIDATION,True,LEGITIMATE,ACTIVE,2025-12-04,2026-03-25
0.494,CONFIRMED,SUPPORTING,0.836,NORMAL,NONE,TRAIN,True,CRIMINAL,ACTIVE,2026-03-22,2026-09-11
0.708,SUSPECTED,SUPPORTING,0.645,NORMAL,POINT_ANOMALY,VALIDATION,True,LEGITIMATE,ACTIVE,2025-11-30,2026-02-21
0.167,CONFIRMED,SUPPORTING,0.88,NORMAL,NONE,TRAIN,True,CRIMINAL,ACTIVE,2026-03-22,2026-07-03
0.168,SUSPECTED,SUPPORTING,0.663,RECYCLED_SIM,CONTEXTUAL_ANOMALY,TRAIN,True,CRIMINAL,ACTIVE,2025-12-18,2026-05-06
0.579,UNKNOWN,NEUTRAL,0.469,NORMAL,NONE,TEST,True,AMBIGUOUS,ACTIVE,2025-10-07,2026-03-07
0.135,UNKNOWN,NEUTRAL,0.367,NORMAL,RELATIONAL_ANOMALY,TRAIN,True,LEGITIMATE,ACTIVE,2025-12-14,2026-04-06
0.394,UNKNOWN,NEUTRAL,0.437,NORMAL,NONE,VALIDATION,True,LEGITIMATE,ACTIVE,2025-12-17,2026-05-27
0.227,UNKNOWN,NEUTRAL,0.296,NORMAL,NONE,TEST,True,AMBIGUOUS,ACTIVE,2026-02-08,2026-06-17
0.242,SUSPECTED,SUPPORTING,0.638,NORMAL,NONE,VALIDATION,True,LEGITIMATE,ACTIVE,2025-09-21,2026-02-03
0.402,FALSE,CONTRADICTING,0.277,NORMAL,NONE,TRAIN,True,CRIMINAL,ACTIVE,2025-10-25,2026-03-07
0.569,SUSPECTED,SUPPORTING,0.703,NORMAL,POINT_ANOMALY,TRAIN,True,CRIMINAL,ACTIVE,2025-09-07,2026-01-20
0.316,UNKNOWN,NEUTRAL,0.286,NORMAL,CONTEXTUAL_ANOMALY,TEST,True,AMBIGUOUS,ACTIVE,2026-06-10,2026-07-23
0.101,CONFIRMED,SUPPORTING,0.889,NORMAL,NONE,TRAIN,True,MIXED,ACTIVE,2026-02-13,2026-05-28
0.351,FALSE,CONTRADICTING,0.201,NORMAL,NONE,TRAIN,True,MIXED,ACTIVE,2026-03-07,2026-07-13
0.223,FALSE,CONTRADICTING,0.2,NORMAL,NONE,VALIDATION,True,LEGITIMATE,ACTIVE,2026-02-09,2026-07-09
0.334,SUSPECTED,SUPPORTING,0.725,NORMAL,POINT_ANOMALY,TRAIN,True,MIXED,ACTIVE,2025-10-26,2026-04-06
0.5,FALSE,CONTRADICTING,0.314,NORMAL,NONE,TRAIN,True,MIXED,ACTIVE,2025-09-16,2026-03-09
0.728,SUSPECTED,SUPPORTING,0.727,NORMAL,NONE,VALIDATION,True,LEGITIMATE,ACTIVE,2026-01-13,2026-05-01
0.023,SUSPECTED,SUPPORTING,0.615,NORMAL,NONE,TEST,True,AMBIGUOUS,ACTIVE,2026-03-30,2026-05-18
0.35,FALSE,CONTRADICTING,0.336,NORMAL,NONE,VALIDATION,True,LEGITIMATE,ACTIVE,2026-02-14,2026-04-22
0.552,UNKNOWN,NEUTRAL,0.396,NORMAL,NONE,TRAIN,True,CRIMINAL,ACTIVE,2025-11-19,2026-02-04
0.536,FALSE,CONTRADICTING,0.281,NORMAL,NONE,TRAIN,True,MIXED,ACTIVE,2026-01-07,2026-04-29
0.565,CONFIRMED,SUPPORTING,0.864,NORMAL,POINT_ANOMALY,TRAIN,True,CRIMINAL,ACTIVE,2025-09-30,2026-02-27
0.426,UNKNOWN,NEUTRAL,0.53,NORMAL,NONE,VALIDATION,True,LEGITIMATE,ACTIVE,2026-02-21,2026-06-12
0.326,FALSE,CONTRADICTING,0.157,DUPLICATE,NONE,VALIDATION,True,LEGITIMATE,ACTIVE,2026-02-15,2026-09-09
0.389,SUSPECTED,SUPPORTING,0.604,NORMAL,NONE,TRAIN,True,MIXED,ACTIVE,2026-04-15,2026-07-08
0.295,FALSE,CONTRADICTING,0.399,NORMAL,NONE,TEST,True,AMBIGUOUS,ACTIVE,2025-12-10,2026-06-19
0.262,UNKNOWN,NEUTRAL,0.519,NORMAL,NONE,TRAIN,True,LEGITIMATE,ACTIVE,2026-03-16,2026-07-17
0.504,SUSPECTED,SUPPORTING,0.74,NORMAL,CONTEXTUAL_ANOMALY,VALIDATION,True,LEGITIMATE,ACTIVE,2026-04-26,2026-09-28
0.269,SUSPECTED,SUPPORTING,0.809,NORMAL,NONE,TRAIN,True,CRIMINAL,ACTIVE,2026-03-04,2026-05-06
0.3,SUSPECTED,SUPPORTING,0.628,NORMAL,NONE,TRAIN,True,CRIMINAL,ACTIVE,2026-01-31,2026-05-12
0.287,FALSE,CONTRADICTING,0.21,NORMAL,NONE,TRAIN,True,CRIMINAL,ACTIVE,2026-04-08,2026-08-14
0.664,UNKNOWN,NEUTRAL,0.244,NORMAL,COLLECTIVE_ANOMALY,TRAIN,True,MIXED,ACTIVE,2026-01-04,2026-06-24
0.476,CONFIRMED,SUPPORTING,0.844,NORMAL,COLLECTIVE_ANOMALY,TRAIN,True,CRIMINAL,ACTIVE,2026-01-05,2026-03-17
0.657,UNKNOWN,NEUTRAL,0.371,NORMAL,NONE,TRAIN,True,MIXED,ACTIVE,2025-11-28,2026-05-22
0.74,CONFIRMED,SUPPORTING,0.831,NORMAL,NONE,TEST,True,AMBIGUOUS,ACTIVE,2026-02-25,2026-06-24
0.217,CONFIRMED,SUPPORTING,0.883,NORMAL,NONE,TRAIN,True,CRIMINAL,ACTIVE,2026-01-11,2026-06-30
0.744,FALSE,CONTRADICTING,0.383,NORMAL,POINT_ANOMALY,TRAIN,True,MIXED,ACTIVE,2025-10-17,2026-02-04
0.386,UNKNOWN,NEUTRAL,0.427,NORMAL,CONTEXTUAL_ANOMALY,TRAIN,True,CRIMINAL,ACTIVE,2026-04-02,2026-08-18
0.255,SUSPECTED,SUPPORTING,0.859,NORMAL,NONE,TRAIN,True,MIXED,ACTIVE,2026-06-07,2026-11-03
0.248,FALSE,CONTRADICTING,0.41,NORMAL,TEMPORAL_ANOMALY,TRAIN,True,CRIMINAL,ACTIVE,2026-01-22,2026-06-07
0.269,CONFIRMED,SUPPORTING,0.858,NORMAL,NONE,VALIDATION,True,LEGITIMATE,ACTIVE,2026-07-03,2026-09-09
0.252,FALSE,CONTRADICTING,0.166,NORMAL,NONE,TRAIN,True,MIXED,ACTIVE,2026-02-08,2026-05-19
0.558,CONFIRMED,SUPPORTING,0.879,NORMAL,NONE,TRAIN,True,CRIMINAL,ACTIVE,2025-12-05,2026-03-02
0.351,UNKNOWN,NEUTRAL,0.43,NORMAL,TEMPORAL_ANOMALY,TEST,True,AMBIGUOUS,ACTIVE,2026-04-09,2026-08-11
0.327,FALSE,CONTRADICTING,0.241,NORMAL,CONTEXTUAL_ANOMALY,TRAIN,True,MIXED,ACTIVE,2025-10-04,2026-04-21
0.07,CONFIRMED,SUPPORTING,0.876,NORMAL,NONE,TRAIN,True,CRIMINAL,ACTIVE,2026-02-15,2026-09-09
0.452,SUSPECTED,SUPPORTING,0.8,NORMAL,NONE,TRAIN,True,CRIMINAL,ACTIVE,2026-03-23,2026-09-07
0.391,CONFIRMED,SUPPORTING,0.868,NORMAL,POINT_ANOMALY,TRAIN,True,CRIMINAL,ACTIVE,2026-04-29,2026-08-14
0.591,CONFIRMED,SUPPORTING,0.867,NORMAL,NONE,TRAIN,True,CRIMINAL,ACTIVE,2025-11-10,2026-04-14
0.148,UNKNOWN,NEUTRAL,0.389,NORMAL,TEMPORAL_ANOMALY,TRAIN,True,CRIMINAL,ACTIVE,2026-02-02,2026-04-03
0.401,SUSPECTED,SUPPORTING,0.62,NORMAL,NONE,TRAIN,True,CRIMINAL,ACTIVE,2026-01-21,2026-04-22
0.411,UNKNOWN,NEUTRAL,0.448,NORMAL,CONTEXTUAL_ANOMALY,TEST,True,AMBIGUOUS,ACTIVE,2026-05-22,2026-09-08
0.549,SUSPECTED,SUPPORTING,0.624,NORMAL,TEMPORAL_ANOMALY,TEST,True,AMBIGUOUS,ACTIVE,2026-03-06,2026-05-13
0.26,SUSPECTED,SUPPORTING,0.614,NORMAL,NONE,TRAIN,True,LEGITIMATE,ACTIVE,2026-02-05,2026-07-17
0.456,UNKNOWN,NEUTRAL,0.247,NORMAL,NONE,TRAIN,True,CRIMINAL,ACTIVE,2025-09-28,2026-02-20
0.705,SUSPECTED,SUPPORTING,0.802,DUPLICATE,NONE,TRAIN,True,CRIMINAL,ACTIVE,2026-01-29,2026-06-17
0.325,CONFIRMED,SUPPORTING,0.943,NORMAL,NONE,TRAIN,True,LEGITIMATE,ACTIVE,2025-11-15,2026-01-27
0.457,FALSE,CONTRADICTING,0.246,NORMAL,NONE,VALIDATION,True,LEGITIMATE,ACTIVE,2026-02-08,2026-04-14
0.531,SUSPECTED,SUPPORTING,0.787,NORMAL,POINT_ANOMALY,VALIDATION,True,LEGITIMATE,ACTIVE,2026-05-21,2026-07-31
0.462,FALSE,CONTRADICTING,0.127,NORMAL,POINT_ANOMALY,TEST,True,AMBIGUOUS,ACTIVE,2026-01-21,2026-03-13
0.572,CONFIRMED,SUPPORTING,0.954,NORMAL,NONE,TRAIN,True,CRIMINAL,ACTIVE,2026-03-01,2026-05-30
0.342,CONFIRMED,SUPPORTING,0.867,NORMAL,NONE,TRAIN,True,CRIMINAL,ACTIVE,2025-12-27,2026-05-09
0.318,UNKNOWN,NEUTRAL,0.286,NORMAL,NONE,VALIDATION,True,LEGITIMATE,ACTIVE,2026-02-04,2026-06-21
0.567,UNKNOWN,NEUTRAL,0.488,NORMAL,TEMPORAL_ANOMALY,TRAIN,True,MIXED,ACTIVE,2025-12-28,2026-06-02
0.258,UNKNOWN,NEUTRAL,0.235,NORMAL,NONE,TRAIN,True,CRIMINAL,ACTIVE,2026-02-04,2026-07-13
0.636,SUSPECTED,SUPPORTING,0.687,NORMAL,NONE,VALIDATION,True,LEGITIMATE,ACTIVE,2026-01-04,2026-06-15
0.28,SUSPECTED,SUPPORTING,0.851,NORMAL,NONE,TRAIN,True,CRIMINAL,ACTIVE,2026-02-11,2026-04-30
0.386,UNKNOWN,NEUTRAL,0.491,NORMAL,NONE,TRAIN,True,CRIMINAL,ACTIVE,2026-01-01,2026-04-05
0.438,CONFIRMED,SUPPORTING,0.884,NORMAL,NONE,TRAIN,True,CRIMINAL,ACTIVE,2025-10-25,2026-03-24
0.601,SUSPECTED,SUPPORTING,0.782,NORMAL,NONE,TRAIN,True,LEGITIMATE,ACTIVE,2026-04-11,2026-06-03
0.399,UNKNOWN,NEUTRAL,0.548,NORMAL,POINT_ANOMALY,TRAIN,True,CRIMINAL,ACTIVE,2026-05-29,2026-11-08
0.207,UNKNOWN,NEUTRAL,0.342,NORMAL,NONE,TRAIN,True,CRIMINAL,ACTIVE,2026-04-23,2026-10-22
0.266,UNKNOWN,NEUTRAL,0.548,NORMAL,TEMPORAL_ANOMALY,TRAIN,True,MIXED,ACTIVE,2026-02-04,2026-07-08
0.145,SUSPECTED,SUPPORTING,0.722,NORMAL,NONE,VALIDATION,True,LEGITIMATE,ACTIVE,2025-11-27,2026-04-26
0.058,CONFIRMED,SUPPORTING,0.871,NORMAL,TEMPORAL_ANOMALY,TRAIN,True,MIXED,ACTIVE,2025-12-06,2026-04-18
0.341,UNKNOWN,NEUTRAL,0.386,NORMAL,NONE,TEST,True,AMBIGUOUS,ACTIVE,2025-11-22,2026-04-02
0.583,CONFIRMED,SUPPORTING,0.913,NORMAL,NONE,TRAIN,True,MIXED,ACTIVE,2026-04-09,2026-06-12
0.311,SUSPECTED,SUPPORTING,0.846,NORMAL,NONE,TRAIN,True,CRIMINAL,ACTIVE,2025-09-16,2026-03-19
0.205,UNKNOWN,NEUTRAL,0.345,NORMAL,NONE,TRAIN,True,MIXED,ACTIVE,2025-12-17,2026-03-03
0.425,UNKNOWN,NEUTRAL,0.306,NORMAL,NONE,TRAIN,True,MIXED,ACTIVE,2025-10-13,2026-04-17
0.548,CONFIRMED,SUPPORTING,0.894,NORMAL,TEMPORAL_ANOMALY,TRAIN,True,CRIMINAL,ACTIVE,2026-01-05,2026-06-02
0.563,SUSPECTED,SUPPORTING,0.764,NORMAL,NONE,TRAIN,True,CRIMINAL,ACTIVE,2025-12-29,2026-04-06
0.115,FALSE,CONTRADICTING,0.22,NORMAL,CONTEXTUAL_ANOMALY,TEST,True,AMBIGUOUS,ACTIVE,2026-04-15,2026-08-25
0.276,FALSE,CONTRADICTING,0.398,NORMAL,COLLECTIVE_ANOMALY,TEST,True,AMBIGUOUS,ACTIVE,2026-04-25,2026-07-21
0.326,FALSE,CONTRADICTING,0.398,NORMAL,NONE,TRAIN,True,MIXED,ACTIVE,2026-06-15,2026-09-24
0.397,UNKNOWN,NEUTRAL,0.413,SHARED_DEVICE,TEMPORAL_ANOMALY,TRAIN,True,MIXED,ACTIVE,2026-02-19,2026-08-14
0.519,FALSE,CONTRADICTING,0.411,NORMAL,NONE,TRAIN,True,CRIMINAL,ACTIVE,2026-03-09,2026-05-26
0.538,UNKNOWN,NEUTRAL,0.533,NORMAL,NONE,TRAIN,True,LEGITIMATE,ACTIVE,2025-12-12,2026-05-01
0.343,CONFIRMED,SUPPORTING,0.973,NORMAL,NONE,TRAIN,True,CRIMINAL,ACTIVE,2026-03-30,2026-07-12
0.065,UNKNOWN,NEUTRAL,0.315,NORMAL,NONE,TEST,True,AMBIGUOUS,ACTIVE,2026-04-09,2026-07-10
0.708,SUSPECTED,SUPPORTING,0.821,NORMAL,NONE,TEST,True,AMBIGUOUS,ACTIVE,2026-02-13,2026-06-16
0.373,SUSPECTED,SUPPORTING,0.807,NORMAL,NONE,TRAIN,True,CRIMINAL,ACTIVE,2026-04-15,2026-10-12
0.689,SUSPECTED,SUPPORTING,0.822,NORMAL,NONE,TRAIN,True,CRIMINAL,ACTIVE,2026-03-29,2026-08-03
0.247,CONFIRMED,SUPPORTING,0.93,NORMAL,NONE,TRAIN,True,CRIMINAL,ACTIVE,2025-11-10,2026-04-09
0.849,SUSPECTED,SUPPORTING,0.834,NORMAL,NONE,TRAIN,True,CRIMINAL,ACTIVE,2026-06-21,2026-10-18
0.532,FALSE,CONTRADICTING,0.171,RECYCLED_SIM,NONE,TEST,True,AMBIGUOUS,ACTIVE,2026-06-02,2026-07-18
0.524,UNKNOWN,NEUTRAL,0.356,NORMAL,CONTEXTUAL_ANOMALY,TRAIN,True,CRIMINAL,ACTIVE,2026-02-06,2026-05-14
0.611,SUSPECTED,SUPPORTING,0.758,NORMAL,NONE,TRAIN,True,MIXED,ACTIVE,2026-05-17,2026-08-15
0.515,UNKNOWN,NEUTRAL,0.313,NORMAL,NONE,TRAIN,True,CRIMINAL,ACTIVE,2026-02-27,2026-06-07
0.254,SUSPECTED,SUPPORTING,0.678,NORMAL,CONTEXTUAL_ANOMALY,TRAIN,True,LEGITIMATE,ACTIVE,2026-01-22,2026-04-13
0.294,UNKNOWN,NEUTRAL,0.469,RECYCLED_SIM,NONE,TEST,True,AMBIGUOUS,ACTIVE,2026-07-08,2026-10-26
0.569,CONFIRMED,SUPPORTING,0.841,RECYCLED_SIM,NONE,VALIDATION,True,LEGITIMATE,ACTIVE,2026-05-23,2026-07-26
0.463,UNKNOWN,NEUTRAL,0.229,NORMAL,NONE,TRAIN,True,MIXED,ACTIVE,2025-12-09,2026-03-28
0.187,CONFIRMED,SUPPORTING,0.981,NORMAL,CONTEXTUAL_ANOMALY,TRAIN,True,CRIMINAL,ACTIVE,2025-12-04,2026-05-20
0.327,CONFIRMED,SUPPORTING,0.984,NORMAL,NONE,TRAIN,True,CRIMINAL,ACTIVE,2026-01-25,2026-05-27
0.635,UNKNOWN,NEUTRAL,0.545,NORMAL,NONE,TRAIN,True,CRIMINAL,ACTIVE,2026-01-26,2026-05-02
0.305,SUSPECTED,SUPPORTING,0.618,NORMAL,CONTEXTUAL_ANOMALY,TRAIN,True,MIXED,ACTIVE,2026-05-19,2026-09-14
0.512,CONFIRMED,SUPPORTING,0.841,NORMAL,NONE,TRAIN,True,CRIMINAL,ACTIVE,2026-02-13,2026-08-03
0.576,UNKNOWN,NEUTRAL,0.242,NORMAL,NONE,TEST,True,AMBIGUOUS,ACTIVE,2026-03-08,2026-08-20
0.331,SUSPECTED,SUPPORTING,0.854,DUPLICATE,NONE,TRAIN,True,CRIMINAL,ACTIVE,2026-01-27,2026-03-02
0.305,UNKNOWN,NEUTRAL,0.384,NORMAL,NONE,TRAIN,True,CRIMINAL,ACTIVE,2026-02-25,2026-06-13
0.258,FALSE,CONTRADICTING,0.302,DUPLICATE,NONE,TRAIN,True,MIXED,ACTIVE,2026-02-17,2026-08-30
0.67,UNKNOWN,NEUTRAL,0.213,SHARED_DEVICE,NONE,TRAIN,True,CRIMINAL,ACTIVE,2026-04-15,2026-08-05
0.207,SUSPECTED,SUPPORTING,0.792,NORMAL,NONE,VALIDATION,True,LEGITIMATE,ACTIVE,2025-12-02,2026-04-02
0.124,FALSE,CONTRADICTING,0.311,NORMAL,NONE,TEST,True,AMBIGUOUS,ACTIVE,2026-03-07,2026-09-11
0.181,UNKNOWN,NEUTRAL,0.377,NORMAL,NONE,VALIDATION,True,LEGITIMATE,ACTIVE,2025-12-27,2026-04-02
0.653,CONFIRMED,SUPPORTING,0.968,NORMAL,NONE,TRAIN,True,CRIMINAL,ACTIVE,2025-12-02,2026-04-04
0.262,SUSPECTED,SUPPORTING,0.766,NORMAL,NONE,TRAIN,True,MIXED,ACTIVE,2026-04-19,2026-10-27
0.135,UNKNOWN,NEUTRAL,0.268,NORMAL,NONE,TRAIN,True,CRIMINAL,ACTIVE,2026-01-30,2026-05-04
0.4,FALSE,CONTRADICTING,0.178,NORMAL,NONE,VALIDATION,True,LEGITIMATE,ACTIVE,2026-05-10,2026-09-16
0.191,SUSPECTED,SUPPORTING,0.699,NORMAL,NONE,TRAIN,True,CRIMINAL,ACTIVE,2025-10-14,2026-02-20
0.516,UNKNOWN,NEUTRAL,0.338,NORMAL,NONE,TRAIN,True,CRIMINAL,ACTIVE,2026-01-22,2026-04-16
0.301,CONFIRMED,SUPPORTING,0.918,SHARED_DEVICE,NONE,TRAIN,True,CRIMINAL,ACTIVE,2026-04-25,2026-06-15
0.527,FALSE,CONTRADICTING,0.135,NORMAL,POINT_ANOMALY,TEST,True,AMBIGUOUS,ACTIVE,2025-12-21,2026-04-19
0.1,SUSPECTED,SUPPORTING,0.762,NORMAL,NONE,TRAIN,True,MIXED,ACTIVE,2025-12-17,2026-02-01
0.363,CONFIRMED,SUPPORTING,0.917,NORMAL,NONE,VALIDATION,True,LEGITIMATE,ACTIVE,2026-04-13,2026-08-26
0.389,CONFIRMED,SUPPORTING,0.872,NORMAL,POINT_ANOMALY,TRAIN,True,MIXED,ACTIVE,2026-04-16,2026-09-21
0.366,FALSE,CONTRADICTING,0.312,NORMAL,NONE,TEST,True,AMBIGUOUS,ACTIVE,2026-03-05,2026-08-02
0.632,UNKNOWN,NEUTRAL,0.478,NORMAL,NONE,VALIDATION,True,LEGITIMATE,ACTIVE,2026-02-03,2026-05-12
0.628,SUSPECTED,SUPPORTING,0.638,NORMAL,NONE,TEST,True,AMBIGUOUS,ACTIVE,2026-04-05,2026-08-20
0.539,FALSE,CONTRADICTING,0.204,NORMAL,NONE,TEST,True,AMBIGUOUS,ACTIVE,2026-05-26,2026-08-04
0.647,SUSPECTED,SUPPORTING,0.817,NORMAL,NONE,TRAIN,True,MIXED,ACTIVE,2025-11-14,2026-05-29
0.233,SUSPECTED,SUPPORTING,0.7,NORMAL,NONE,TRAIN,True,CRIMINAL,ACTIVE,2026-03-28,2026-08-26
0.2,SUSPECTED,SUPPORTING,0.69,NORMAL,NONE,VALIDATION,True,LEGITIMATE,ACTIVE,2026-02-01,2026-05-21
0.523,CONFIRMED,SUPPORTING,0.983,NORMAL,COLLECTIVE_ANOMALY,TRAIN,True,CRIMINAL,ACTIVE,2026-06-01,2026-08-15
0.87,UNKNOWN,NEUTRAL,0.297,NORMAL,NONE,TRAIN,True,CRIMINAL,ACTIVE,2026-04-08,2026-08-19
0.456,FALSE,CONTRADICTING,0.152,NORMAL,NONE,TRAIN,True,MIXED,ACTIVE,2026-01-08,2026-03-05
0.276,SUSPECTED,SUPPORTING,0.858,NORMAL,NONE,TRAIN,True,MIXED,ACTIVE,2026-04-03,2026-07-19
0.596,UNKNOWN,NEUTRAL,0.363,NORMAL,NONE,TRAIN,True,MIXED,ACTIVE,2026-04-20,2026-10-01
0.478,FALSE,CONTRADICTING,0.271,NORMAL,NONE,VALIDATION,True,LEGITIMATE,ACTIVE,2025-11-17,2026-03-22
0.476,UNKNOWN,NEUTRAL,0.537,NORMAL,NONE,TRAIN,True,MIXED,ACTIVE,2025-12-14,2026-07-04
0.449,FALSE,CONTRADICTING,0.345,NORMAL,NONE,TRAIN,True,CRIMINAL,ACTIVE,2026-01-05,2026-05-03
0.209,SUSPECTED,SUPPORTING,0.634,NORMAL,NONE,TRAIN,True,LEGITIMATE,ACTIVE,2025-11-14,2026-04-04
0.382,CONFIRMED,SUPPORTING,0.877,NORMAL,NONE,TRAIN,True,CRIMINAL,ACTIVE,2026-02-18,2026-04-09
0.47,FALSE,CONTRADICTING,0.257,NORMAL,NONE,TEST,True,AMBIGUOUS,ACTIVE,2025-10-04,2026-03-13
0.187,UNKNOWN,NEUTRAL,0.475,NORMAL,NONE,TRAIN,True,MIXED,ACTIVE,2026-06-11,2026-09-26
0.231,FALSE,CONTRADICTING,0.141,NORMAL,CONTEXTUAL_ANOMALY,TRAIN,True,CRIMINAL,ACTIVE,2026-04-24,2026-06-01
0.303,CONFIRMED,SUPPORTING,0.984,NORMAL,NONE,TRAIN,True,CRIMINAL,ACTIVE,2026-01-16,2026-04-10
0.875,CONFIRMED,SUPPORTING,0.977,RECYCLED_SIM,NONE,TRAIN,True,CRIMINAL,ACTIVE,2026-04-09,2026-06-08
0.589,CONFIRMED,SUPPORTING,0.858,NORMAL,NONE,TRAIN,True,CRIMINAL,ACTIVE,2026-04-29,2026-07-21
0.492,UNKNOWN,NEUTRAL,0.491,NORMAL,NONE,TEST,True,AMBIGUOUS,ACTIVE,2026-02-19,2026-04-27
0.126,UNKNOWN,NEUTRAL,0.429,NORMAL,NONE,TEST,True,AMBIGUOUS,ACTIVE,2026-03-22,2026-08-05
0.218,SUSPECTED,SUPPORTING,0.819,NORMAL,NONE,TRAIN,True,MIXED,ACTIVE,2025-11-28,2026-05-06
0.513,UNKNOWN,NEUTRAL,0.485,NORMAL,POINT_ANOMALY,VALIDATION,True,LEGITIMATE,ACTIVE,2026-01-19,2026-05-26
0.316,FALSE,CONTRADICTING,0.198,NORMAL,NONE,VALIDATION,True,LEGITIMATE,ACTIVE,2026-01-29,2026-07-06
0.078,UNKNOWN,NEUTRAL,0.406,NORMAL,NONE,TEST,True,AMBIGUOUS,ACTIVE,2026-02-06,2026-06-06
0.709,UNKNOWN,NEUTRAL,0.432,NORMAL,NONE,TRAIN,True,MIXED,ACTIVE,2026-06-09,2026-09-02
0.592,CONFIRMED,SUPPORTING,0.917,NORMAL,NONE,TRAIN,True,CRIMINAL,ACTIVE,2025-11-04,2026-03-17
0.59,FALSE,CONTRADICTING,0.354,NORMAL,NONE,TEST,True,AMBIGUOUS,ACTIVE,2026-02-19,2026-07-18
0.678,FALSE,CONTRADICTING,0.129,NORMAL,NONE,TRAIN,True,MIXED,ACTIVE,2026-01-25,2026-05-16
0.363,CONFIRMED,SUPPORTING,0.866,NORMAL,NONE,TRAIN,True,CRIMINAL,ACTIVE,2026-02-11,2026-05-21
0.282,SUSPECTED,SUPPORTING,0.754,NORMAL,NONE,TRAIN,True,CRIMINAL,ACTIVE,2025-10-22,2026-05-07
0.097,CONFIRMED,SUPPORTING,0.821,NORMAL,NONE,VALIDATION,True,LEGITIMATE,ACTIVE,2026-04-16,2026-08-14
0.488,SUSPECTED,SUPPORTING,0.855,NORMAL,NONE,TRAIN,True,CRIMINAL,ACTIVE,2025-12-08,2026-02-07
0.571,SUSPECTED,SUPPORTING,0.749,NORMAL,NONE,TRAIN,True,MIXED,ACTIVE,2026-01-04,2026-06-21
0.041,SUSPECTED,SUPPORTING,0.782,SHARED_DEVICE,NONE,TRAIN,True,CRIMINAL,ACTIVE,2026-04-30,2026-09-15
0.396,UNKNOWN,NEUTRAL,0.367,NORMAL,NONE,TEST,True,AMBIGUOUS,ACTIVE,2025-10-03,2026-03-29
0.366,SUSPECTED,SUPPORTING,0.748,NORMAL,NONE,TRAIN,True,MIXED,ACTIVE,2026-03-16,2026-08-26
0.302,SUSPECTED,SUPPORTING,0.668,NORMAL,NONE,TEST,True,AMBIGUOUS,ACTIVE,2026-05-31,2026-10-16
0.548,UNKNOWN,NEUTRAL,0.22,NORMAL,NONE,TRAIN,True,CRIMINAL,ACTIVE,2026-05-19,2026-09-23
0.455,CONFIRMED,SUPPORTING,0.935,NORMAL,NONE,TRAIN,True,CRIMINAL,ACTIVE,2025-11-18,2026-03-13
0.572,FALSE,CONTRADICTING,0.364,NORMAL,NONE,VALIDATION,True,LEGITIMATE,ACTIVE,2026-03-23,2026-06-26
0.604,FALSE,CONTRADICTING,0.24,NORMAL,POINT_ANOMALY,TRAIN,True,CRIMINAL,ACTIVE,2026-02-06,2026-07-05
0.144,UNKNOWN,NEUTRAL,0.419,NORMAL,NONE,TRAIN,True,CRIMINAL,ACTIVE,2026-02-15,2026-08-07
0.208,CONFIRMED,SUPPORTING,0.854,NORMAL,RELATIONAL_ANOMALY,TRAIN,True,CRIMINAL,ACTIVE,2026-06-25,2026-08-31
0.525,SUSPECTED,SUPPORTING,0.797,NORMAL,NONE,VALIDATION,True,LEGITIMATE,ACTIVE,2026-03-08,2026-06-04
0.368,FALSE,CONTRADICTING,0.189,RECYCLED_SIM,NONE,TRAIN,True,LEGITIMATE,ACTIVE,2026-01-04,2026-04-27
0.76,CONFIRMED,SUPPORTING,0.822,NORMAL,NONE,TRAIN,True,CRIMINAL,ACTIVE,2026-04-29,2026-08-22
0.101,CONFIRMED,SUPPORTING,0.874,NORMAL,NONE,TRAIN,True,MIXED,ACTIVE,2026-04-15,2026-06-23
0.317,CONFIRMED,SUPPORTING,0.884,NORMAL,NONE,TRAIN,True,CRIMINAL,ACTIVE,2026-06-21,2026-09-28
0.364,UNKNOWN,NEUTRAL,0.417,NORMAL,NONE,TRAIN,True,CRIMINAL,ACTIVE,2026-01-17,2026-04-21
0.505,CONFIRMED,SUPPORTING,0.858,NORMAL,NONE,TRAIN,True,MIXED,ACTIVE,2025-12-29,2026-03-10
0.232,UNKNOWN,NEUTRAL,0.549,NORMAL,NONE,TRAIN,True,MIXED,ACTIVE,2026-04-18,2026-07-17
0.524,SUSPECTED,SUPPORTING,0.635,NORMAL,NONE,TRAIN,True,CRIMINAL,ACTIVE,2025-11-26,2026-06-06
0.533,FALSE,CONTRADICTING,0.257,NORMAL,NONE,VALIDATION,True,LEGITIMATE,ACTIVE,2026-03-23,2026-06-26
0.487,CONFIRMED,SUPPORTING,0.977,NORMAL,NONE,TRAIN,True,CRIMINAL,ACTIVE,2026-05-23,2026-09-10
0.216,FALSE,CONTRADICTING,0.2,NORMAL,RELATIONAL_ANOMALY,TRAIN,True,CRIMINAL,ACTIVE,2026-03-20,2026-06-09
0.414,SUSPECTED,SUPPORTING,0.828,NORMAL,NONE,TRAIN,True,MIXED,ACTIVE,2026-03-02,2026-06-25
0.275,SUSPECTED,SUPPORTING,0.804,DUPLICATE,NONE,TRAIN,True,CRIMINAL,ACTIVE,2026-03-25,2026-07-09
0.274,CONFIRMED,SUPPORTING,0.972,NORMAL,NONE,TRAIN,True,MIXED,ACTIVE,2026-01-31,2026-05-19
0.229,UNKNOWN,NEUTRAL,0.331,NORMAL,NONE,TRAIN,True,MIXED,ACTIVE,2026-03-10,2026-06-04
0.663,CONFIRMED,SUPPORTING,0.854,NORMAL,NONE,TRAIN,True,CRIMINAL,ACTIVE,2025-11-16,2026-05-19
0.398,FALSE,CONTRADICTING,0.244,NORMAL,NONE,VALIDATION,True,LEGITIMATE,ACTIVE,2026-01-20,2026-05-15
0.364,CONFIRMED,SUPPORTING,0.831,NORMAL,NONE,TRAIN,True,CRIMINAL,ACTIVE,2026-05-13,2026-10-01
0.142,SUSPECTED,SUPPORTING,0.62,NORMAL,NONE,TRAIN,True,MIXED,ACTIVE,2026-01-23,2026-04-25
0.344,CONFIRMED,SUPPORTING,0.95,NORMAL,NONE,TRAIN,True,CRIMINAL,ACTIVE,2025-12-11,2026-05-04
0.14,SUSPECTED,SUPPORTING,0.69,NORMAL,NONE,TEST,True,AMBIGUOUS,ACTIVE,2026-05-28,2026-08-05
0.18,UNKNOWN,NEUTRAL,0.511,NORMAL,NONE,TRAIN,True,CRIMINAL,ACTIVE,2026-04-29,2026-10-02
0.252,UNKNOWN,NEUTRAL,0.451,NORMAL,NONE,TRAIN,True,CRIMINAL,ACTIVE,2026-03-13,2026-08-18
0.35,SUSPECTED,SUPPORTING,0.644,DUPLICATE,NONE,VALIDATION,True,LEGITIMATE,ACTIVE,2026-05-27,2026-08-17
0.193,CONFIRMED,SUPPORTING,0.824,NORMAL,NONE,VALIDATION,True,LEGITIMATE,ACTIVE,2025-12-29,2026-04-09
0.293,UNKNOWN,NEUTRAL,0.452,NORMAL,NONE,TRAIN,True,CRIMINAL,ACTIVE,2025-12-03,2026-04-19
0.596,FALSE,CONTRADICTING,0.188,NORMAL,CONTEXTUAL_ANOMALY,TRAIN,True,CRIMINAL,ACTIVE,2026-04-13,2026-07-31
0.709,FALSE,CONTRADICTING,0.387,NORMAL,POINT_ANOMALY,TRAIN,True,CRIMINAL,ACTIVE,2025-10-02,2026-02-14
0.605,SUSPECTED,SUPPORTING,0.604,NORMAL,NONE,TEST,True,AMBIGUOUS,ACTIVE,2026-02-16,2026-06-14
0.41,UNKNOWN,NEUTRAL,0.273,NORMAL,NONE,TRAIN,True,MIXED,ACTIVE,2026-06-29,2026-08-19
0.364,FALSE,CONTRADICTING,0.284,NORMAL,NONE,TRAIN,True,MIXED,ACTIVE,2026-01-27,2026-06-19
0.637,CONFIRMED,SUPPORTING,0.9,NORMAL,NONE,TRAIN,True,CRIMINAL,ACTIVE,2025-11-17,2026-03-23
0.168,FALSE,CONTRADICTING,0.123,NORMAL,NONE,TRAIN,True,LEGITIMATE,ACTIVE,2026-03-09,2026-07-31
0.341,SUSPECTED,SUPPORTING,0.597,NORMAL,NONE,TRAIN,True,CRIMINAL,ACTIVE,2026-05-02,2026-08-30
0.104,FALSE,CONTRADICTING,0.296,NORMAL,NONE,TEST,True,AMBIGUOUS,ACTIVE,2026-03-19,2026-05-11
0.302,FALSE,CONTRADICTING,0.309,NORMAL,COLLECTIVE_ANOMALY,TRAIN,True,CRIMINAL,ACTIVE,2026-03-10,2026-04-21
0.72,FALSE,CONTRADICTING,0.41,NORMAL,NONE,TRAIN,True,MIXED,ACTIVE,2026-03-20,2026-08-05
0.315,UNKNOWN,NEUTRAL,0.474,NORMAL,NONE,TRAIN,True,LEGITIMATE,ACTIVE,2026-02-17,2026-06-14
0.404,SUSPECTED,SUPPORTING,0.736,NORMAL,NONE,TRAIN,True,CRIMINAL,ACTIVE,2025-12-27,2026-04-27
0.262,UNKNOWN,NEUTRAL,0.299,NORMAL,NONE,TRAIN,True,MIXED,ACTIVE,2025-10-28,2026-03-28
0.168,UNKNOWN,NEUTRAL,0.324,NORMAL,NONE,TRAIN,True,MIXED,ACTIVE,2026-01-09,2026-03-23
0.227,CONFIRMED,SUPPORTING,0.837,NORMAL,NONE,VALIDATION,True,LEGITIMATE,ACTIVE,2026-05-09,2026-09-30
0.591,UNKNOWN,NEUTRAL,0.224,NORMAL,NONE,TEST,True,AMBIGUOUS,ACTIVE,2025-12-28,2026-03-01
0.516,CONFIRMED,SUPPORTING,0.942,NORMAL,NONE,TRAIN,True,CRIMINAL,ACTIVE,2026-05-03,2026-10-20
0.22,CONFIRMED,SUPPORTING,0.965,NORMAL,CONTEXTUAL_ANOMALY,TRAIN,True,CRIMINAL,ACTIVE,2026-03-05,2026-06-10
0.636,SUSPECTED,SUPPORTING,0.589,NORMAL,NONE,TRAIN,True,CRIMINAL,ACTIVE,2025-12-23,2026-04-23
0.69,SUSPECTED,SUPPORTING,0.632,NORMAL,NONE,TRAIN,True,CRIMINAL,ACTIVE,2026-04-23,2026-06-17
0.036,SUSPECTED,SUPPORTING,0.67,NORMAL,NONE,VALIDATION,True,LEGITIMATE,ACTIVE,2025-11-19,2026-04-26
0.49,UNKNOWN,NEUTRAL,0.208,NORMAL,NONE,TRAIN,True,MIXED,ACTIVE,2026-05-12,2026-08-01
0.459,UNKNOWN,NEUTRAL,0.309,NORMAL,CONTEXTUAL_ANOMALY,TEST,True,AMBIGUOUS,ACTIVE,2026-03-13,2026-08-19
0.164,SUSPECTED,SUPPORTING,0.696,NORMAL,NONE,TRAIN,True,CRIMINAL,ACTIVE,2025-11-26,2026-03-17
0.408,UNKNOWN,NEUTRAL,0.482,NORMAL,NONE,TRAIN,True,CRIMINAL,ACTIVE,2026-04-16,2026-07-26
0.192,SUSPECTED,SUPPORTING,0.649,NORMAL,CONTEXTUAL_ANOMALY,VALIDATION,True,LEGITIMATE,ACTIVE,2025-12-03,2026-02-08
0.495,CONFIRMED,SUPPORTING,0.839,NORMAL,NONE,TRAIN,True,CRIMINAL,ACTIVE,2026-01-19,2026-07-04
0.428,SUSPECTED,SUPPORTING,0.84,STALE_DEVICE,NONE,TRAIN,True,MIXED,ACTIVE,2025-10-02,2026-02-22
0.326,FALSE,CONTRADICTING,0.28,NORMAL,NONE,TRAIN,True,LEGITIMATE,ACTIVE,2026-01-26,2026-04-24
0.559,UNKNOWN,NEUTRAL,0.287,NORMAL,NONE,TRAIN,True,MIXED,ACTIVE,2025-12-27,2026-06-15
0.182,SUSPECTED,SUPPORTING,0.823,NORMAL,NONE,TEST,True,AMBIGUOUS,ACTIVE,2026-03-14,2026-06-14
0.829,SUSPECTED,SUPPORTING,0.674,NORMAL,NONE,TRAIN,True,CRIMINAL,ACTIVE,2026-07-14,2026-08-28
0.037,FALSE,CONTRADICTING,0.341,NORMAL,NONE,TRAIN,True,LEGITIMATE,ACTIVE,2026-03-11,2026-06-22
0.299,UNKNOWN,NEUTRAL,0.247,NORMAL,NONE,TEST,True,AMBIGUOUS,ACTIVE,2026-02-15,2026-05-19
0.344,CONFIRMED,SUPPORTING,0.905,NORMAL,POINT_ANOMALY,VALIDATION,True,LEGITIMATE,ACTIVE,2026-01-22,2026-07-09
0.618,SUSPECTED,SUPPORTING,0.714,NORMAL,COLLECTIVE_ANOMALY,TRAIN,True,MIXED,ACTIVE,2026-02-17,2026-05-10
0.111,FALSE,CONTRADICTING,0.399,NORMAL,NONE,TRAIN,True,CRIMINAL,ACTIVE,2025-10-29,2026-02-26
0.56,SUSPECTED,SUPPORTING,0.696,NORMAL,NONE,TRAIN,True,MIXED,ACTIVE,2026-01-12,2026-05-10
0.394,CONFIRMED,SUPPORTING,0.988,NORMAL,NONE,VALIDATION,True,LEGITIMATE,ACTIVE,2025-11-20,2026-05-20
0.418,CONFIRMED,SUPPORTING,0.957,NORMAL,NONE,VALIDATION,True,LEGITIMATE,ACTIVE,2025-11-11,2026-04-29
0.257,UNKNOWN,NEUTRAL,0.467,NORMAL,TEMPORAL_ANOMALY,VALIDATION,True,LEGITIMATE,ACTIVE,2025-12-04,2026-02-22
0.738,UNKNOWN,NEUTRAL,0.454,RECYCLED_SIM,NONE,TEST,True,AMBIGUOUS,ACTIVE,2025-10-22,2026-04-06
0.472,CONFIRMED,SUPPORTING,0.97,NORMAL,NONE,TRAIN,True,CRIMINAL,ACTIVE,2026-01-02,2026-03-31
0.351,SUSPECTED,SUPPORTING,0.839,NORMAL,NONE,TRAIN,True,MIXED,ACTIVE,2026-03-29,2026-08-21
0.093,CONFIRMED,SUPPORTING,0.946,NORMAL,RELATIONAL_ANOMALY,TRAIN,True,CRIMINAL,ACTIVE,2026-01-22,2026-03-05
0.199,UNKNOWN,NEUTRAL,0.354,NORMAL,NONE,TRAIN,True,MIXED,ACTIVE,2025-11-23,2026-03-13
0.211,FALSE,CONTRADICTING,0.178,NORMAL,NONE,TRAIN,True,CRIMINAL,ACTIVE,2025-11-28,2026-04-11
0.746,CONFIRMED,SUPPORTING,0.913,NORMAL,NONE,TRAIN,True,CRIMINAL,ACTIVE,2026-07-26,2026-10-16
0.532,SUSPECTED,SUPPORTING,0.704,NORMAL,NONE,TRAIN,True,CRIMINAL,ACTIVE,2025-10-29,2026-05-04
0.711,CONFIRMED,SUPPORTING,0.843,NORMAL,NONE,TRAIN,True,CRIMINAL,ACTIVE,2025-12-30,2026-03-08
0.201,SUSPECTED,SUPPORTING,0.859,NORMAL,NONE,TRAIN,True,CRIMINAL,ACTIVE,2026-05-13,2026-08-23
0.041,CONFIRMED,SUPPORTING,0.884,NORMAL,NONE,TRAIN,True,CRIMINAL,ACTIVE,2026-03-08,2026-05-01
0.322,FALSE,CONTRADICTING,0.389,NORMAL,NONE,TRAIN,True,CRIMINAL,ACTIVE,2026-05-29,2026-07-21
0.387,UNKNOWN,NEUTRAL,0.255,NORMAL,NONE,TRAIN,True,LEGITIMATE,ACTIVE,2026-04-09,2026-09-06
0.32,UNKNOWN,NEUTRAL,0.207,NORMAL,NONE,TRAIN,True,CRIMINAL,ACTIVE,2026-02-12,2026-05-07
0.403,CONFIRMED,SUPPORTING,0.882,NORMAL,NONE,VALIDATION,True,LEGITIMATE,ACTIVE,2026-04-04,2026-06-06
0.348,SUSPECTED,SUPPORTING,0.83,DUPLICATE,NONE,TRAIN,True,MIXED,ACTIVE,2025-11-25,2026-04-03
0.495,SUSPECTED,SUPPORTING,0.772,NORMAL,NONE,TRAIN,True,MIXED,ACTIVE,2026-01-07,2026-03-12
0.453,UNKNOWN,NEUTRAL,0.45,NORMAL,CONTEXTUAL_ANOMALY,TRAIN,True,CRIMINAL,ACTIVE,2025-12-12,2026-03-17
0.112,SUSPECTED,SUPPORTING,0.831,NORMAL,NONE,TEST,True,AMBIGUOUS,ACTIVE,2026-03-26,2026-06-18
0.856,UNKNOWN,NEUTRAL,0.242,NORMAL,NONE,TEST,True,AMBIGUOUS,ACTIVE,2025-12-12,2026-05-19
0.083,SUSPECTED,SUPPORTING,0.701,RECYCLED_SIM,NONE,TRAIN,True,LEGITIMATE,ACTIVE,2026-05-05,2026-10-11
0.162,FALSE,CONTRADICTING,0.125,NORMAL,NONE,TEST,True,AMBIGUOUS,ACTIVE,2026-04-28,2026-10-07
0.332,UNKNOWN,NEUTRAL,0.481,NORMAL,NONE,TRAIN,True,MIXED,ACTIVE,2026-02-12,2026-04-14
0.392,CONFIRMED,SUPPORTING,0.941,NORMAL,NONE,TRAIN,True,CRIMINAL,ACTIVE,2025-10-31,2026-04-24
0.812,CONFIRMED,SUPPORTING,0.821,NORMAL,NONE,VALIDATION,True,LEGITIMATE,ACTIVE,2025-10-28,2026-03-23
0.283,CONFIRMED,SUPPORTING,0.92,NORMAL,NONE,TRAIN,True,MIXED,ACTIVE,2025-12-31,2026-03-31
0.152,FALSE,CONTRADICTING,0.193,NORMAL,NONE,VALIDATION,True,LEGITIMATE,ACTIVE,2026-03-29,2026-07-22
0.597,UNKNOWN,NEUTRAL,0.373,NORMAL,NONE,TRAIN,True,MIXED,ACTIVE,2026-02-15,2026-08-11
0.28,SUSPECTED,SUPPORTING,0.793,NORMAL,NONE,TRAIN,True,MIXED,ACTIVE,2026-03-15,2026-06-22
0.261,SUSPECTED,SUPPORTING,0.617,NORMAL,NONE,TRAIN,True,CRIMINAL,ACTIVE,2025-12-17,2026-06-02
0.692,SUSPECTED,SUPPORTING,0.586,NORMAL,NONE,TEST,True,AMBIGUOUS,ACTIVE,2026-04-18,2026-09-16
0.196,CONFIRMED,SUPPORTING,0.924,NORMAL,NONE,TRAIN,True,CRIMINAL,ACTIVE,2026-01-19,2026-02-28
0.904,UNKNOWN,NEUTRAL,0.342,NORMAL,NONE,TEST,True,AMBIGUOUS,ACTIVE,2025-12-19,2026-02-19
0.763,SUSPECTED,SUPPORTING,0.754,NORMAL,NONE,VALIDATION,True,LEGITIMATE,ACTIVE,2026-05-19,2026-08-06
0.339,UNKNOWN,NEUTRAL,0.22,NORMAL,NONE,TEST,True,AMBIGUOUS,ACTIVE,2026-02-02,2026-04-29
0.608,UNKNOWN,NEUTRAL,0.291,NORMAL,NONE,VALIDATION,True,LEGITIMATE,ACTIVE,2026-01-04,2026-06-28
0.137,FALSE,CONTRADICTING,0.259,NORMAL,NONE,TEST,True,AMBIGUOUS,ACTIVE,2026-02-24,2026-06-19
0.234,SUSPECTED,SUPPORTING,0.601,NORMAL,COLLECTIVE_ANOMALY,TRAIN,True,CRIMINAL,ACTIVE,2025-11-22,2026-03-08
0.3,FALSE,CONTRADICTING,0.387,DUPLICATE,NONE,VALIDATION,True,LEGITIMATE,ACTIVE,2026-01-08,2026-05-27
0.468,UNKNOWN,NEUTRAL,0.485,NORMAL,NONE,TRAIN,True,CRIMINAL,ACTIVE,2026-01-12,2026-07-26
0.281,UNKNOWN,NEUTRAL,0.215,NORMAL,NONE,TEST,True,AMBIGUOUS,ACTIVE,2026-05-19,2026-08-12
0.704,SUSPECTED,SUPPORTING,0.62,NORMAL,NONE,TRAIN,True,CRIMINAL,ACTIVE,2026-04-13,2026-06-16
0.549,CONFIRMED,SUPPORTING,0.959,NORMAL,CONTEXTUAL_ANOMALY,TRAIN,True,MIXED,ACTIVE,2026-02-18,2026-06-04
0.33,CONFIRMED,SUPPORTING,0.835,NORMAL,POINT_ANOMALY,TRAIN,True,CRIMINAL,ACTIVE,2026-04-28,2026-08-22
0.479,CONFIRMED,SUPPORTING,0.861,NORMAL,TEMPORAL_ANOMALY,VALIDATION,True,LEGITIMATE,ACTIVE,2026-01-07,2026-04-16
0.603,CONFIRMED,SUPPORTING,0.962,NORMAL,NONE,TRAIN,True,CRIMINAL,ACTIVE,2026-03-11,2026-05-23
0.468,SUSPECTED,SUPPORTING,0.663,NORMAL,CONTEXTUAL_ANOMALY,TRAIN,True,MIXED,ACTIVE,2026-06-01,2026-08-24
0.311,FALSE,CONTRADICTING,0.374,NORMAL,NONE,TRAIN,True,CRIMINAL,ACTIVE,2026-01-12,2026-04-25
0.25,FALSE,CONTRADICTING,0.246,NORMAL,NONE,VALIDATION,True,LEGITIMATE,ACTIVE,2026-08-05,2026-10-09
0.77,SUSPECTED,SUPPORTING,0.794,NORMAL,POINT_ANOMALY,TRAIN,True,CRIMINAL,ACTIVE,2026-04-03,2026-09-19
0.333,CONFIRMED,SUPPORTING,0.822,NORMAL,NONE,TRAIN,True,CRIMINAL,ACTIVE,2025-12-24,2026-07-05
0.359,SUSPECTED,SUPPORTING,0.69,NORMAL,NONE,TEST,True,AMBIGUOUS,ACTIVE,2025-11-04,2026-03-24
0.072,SUSPECTED,SUPPORTING,0.676,NORMAL,NONE,TRAIN,True,MIXED,ACTIVE,2026-02-05,2026-07-01
0.123,SUSPECTED,SUPPORTING,0.844,NORMAL,COLLECTIVE_ANOMALY,TRAIN,True,CRIMINAL,ACTIVE,2026-02-08,2026-05-09
0.721,SUSPECTED,SUPPORTING,0.595,NORMAL,NONE,TRAIN,True,CRIMINAL,ACTIVE,2026-04-07,2026-10-19
0.308,CONFIRMED,SUPPORTING,0.85,NORMAL,NONE,TRAIN,True,CRIMINAL,ACTIVE,2025-09-11,2026-03-20
0.717,FALSE,CONTRADICTING,0.151,NORMAL,NONE,TRAIN,True,CRIMINAL,ACTIVE,2026-01-16,2026-04-21
0.336,SUSPECTED,SUPPORTING,0.689,NORMAL,NONE,VALIDATION,True,LEGITIMATE,ACTIVE,2025-11-18,2026-05-18
0.533,SUSPECTED,SUPPORTING,0.593,NORMAL,NONE,TRAIN,True,CRIMINAL,ACTIVE,2026-02-27,2026-04-27
0.353,SUSPECTED,SUPPORTING,0.643,NORMAL,NONE,TRAIN,True,MIXED,ACTIVE,2025-10-30,2026-04-12
0.17,UNKNOWN,NEUTRAL,0.229,NORMAL,NONE,TRAIN,True,CRIMINAL,ACTIVE,2025-11-27,2026-05-06
0.629,SUSPECTED,SUPPORTING,0.715,NORMAL,NONE,TRAIN,True,CRIMINAL,ACTIVE,2026-02-18,2026-06-21
0.243,CONFIRMED,SUPPORTING,0.99,NORMAL,NONE,TRAIN,True,MIXED,ACTIVE,2026-04-02,2026-05-17
0.453,SUSPECTED,SUPPORTING,0.683,NORMAL,NONE,VALIDATION,True,LEGITIMATE,ACTIVE,2026-03-04,2026-07-03
0.481,UNKNOWN,NEUTRAL,0.308,NORMAL,NONE,TRAIN,True,MIXED,ACTIVE,2026-02-07,2026-05-03
0.651,UNKNOWN,NEUTRAL,0.533,NORMAL,RELATIONAL_ANOMALY,VALIDATION,True,LEGITIMATE,ACTIVE,2026-05-10,2026-08-17
0.308,CONFIRMED,SUPPORTING,0.906,NORMAL,NONE,TRAIN,True,MIXED,ACTIVE,2025-12-29,2026-04-24
0.559,CONFIRMED,SUPPORTING,0.906,NORMAL,NONE,TRAIN,True,MIXED,ACTIVE,2025-12-01,2026-05-14
0.593,UNKNOWN,NEUTRAL,0.344,NORMAL,TEMPORAL_ANOMALY,TEST,True,AMBIGUOUS,ACTIVE,2025-12-03,2026-03-28
0.256,UNKNOWN,NEUTRAL,0.355,NORMAL,NONE,TRAIN,True,MIXED,ACTIVE,2025-12-26,2026-06-16
0.457,FALSE,CONTRADICTING,0.259,NORMAL,NONE,TRAIN,True,MIXED,ACTIVE,2026-01-01,2026-03-08
0.09,UNKNOWN,NEUTRAL,0.279,NORMAL,NONE,VALIDATION,True,LEGITIMATE,ACTIVE,2026-03-17,2026-05-12
0.748,FALSE,CONTRADICTING,0.277,NORMAL,NONE,TRAIN,True,MIXED,ACTIVE,2025-12-29,2026-03-18
0.379,UNKNOWN,NEUTRAL,0.312,NORMAL,NONE,VALIDATION,True,LEGITIMATE,ACTIVE,2026-04-04,2026-07-02
0.454,FALSE,CONTRADICTING,0.221,NORMAL,NONE,VALIDATION,True,LEGITIMATE,ACTIVE,2026-01-04,2026-04-21
0.717,CONFIRMED,SUPPORTING,0.987,NORMAL,NONE,TRAIN,True,CRIMINAL,ACTIVE,2026-02-12,2026-09-01
0.308,SUSPECTED,SUPPORTING,0.6,NORMAL,NONE,TEST,True,AMBIGUOUS,ACTIVE,2026-01-06,2026-06-26
0.414,SUSPECTED,SUPPORTING,0.745,NORMAL,RELATIONAL_ANOMALY,TEST,True,AMBIGUOUS,ACTIVE,2026-07-10,2026-10-31
0.11,SUSPECTED,SUPPORTING,0.841,NORMAL,NONE,TRAIN,True,LEGITIMATE,ACTIVE,2025-11-25,2026-04-15
0.691,CONFIRMED,SUPPORTING,0.885,NORMAL,NONE,VALIDATION,True,LEGITIMATE,ACTIVE,2026-07-12,2026-08-19
0.239,UNKNOWN,NEUTRAL,0.528,NORMAL,COLLECTIVE_ANOMALY,TEST,True,AMBIGUOUS,ACTIVE,2026-05-17,2026-07-28
0.427,CONFIRMED,SUPPORTING,0.87,NORMAL,NONE,TRAIN,True,CRIMINAL,ACTIVE,2025-11-23,2026-03-25
0.532,UNKNOWN,NEUTRAL,0.496,NORMAL,NONE,TRAIN,True,LEGITIMATE,ACTIVE,2026-07-16,2026-11-01
0.75,UNKNOWN,NEUTRAL,0.474,NORMAL,NONE,TRAIN,True,MIXED,ACTIVE,2025-12-08,2026-04-06
0.594,SUSPECTED,SUPPORTING,0.725,NORMAL,NONE,TRAIN,True,CRIMINAL,ACTIVE,2025-12-25,2026-04-02
0.325,CONFIRMED,SUPPORTING,0.932,NORMAL,COLLECTIVE_ANOMALY,TRAIN,True,CRIMINAL,ACTIVE,2026-06-26,2026-10-29
0.572,SUSPECTED,SUPPORTING,0.621,NORMAL,NONE,TRAIN,True,CRIMINAL,ACTIVE,2026-07-15,2026-08-14
0.126,CONFIRMED,SUPPORTING,0.97,NORMAL,NONE,VALIDATION,True,LEGITIMATE,ACTIVE,2026-06-26,2026-08-31
0.243,SUSPECTED,SUPPORTING,0.642,NORMAL,NONE,TRAIN,True,CRIMINAL,ACTIVE,2026-03-01,2026-06-01
0.327,FALSE,CONTRADICTING,0.169,NORMAL,TEMPORAL_ANOMALY,TEST,True,AMBIGUOUS,ACTIVE,2026-03-31,2026-06-30
0.698,SUSPECTED,SUPPORTING,0.804,NORMAL,NONE,TRAIN,True,CRIMINAL,ACTIVE,2026-04-28,2026-08-23
0.359,SUSPECTED,SUPPORTING,0.83,RECYCLED_SIM,NONE,TEST,True,AMBIGUOUS,ACTIVE,2026-01-29,2026-05-05
0.208,UNKNOWN,NEUTRAL,0.473,NORMAL,NONE,TRAIN,True,MIXED,ACTIVE,2026-02-21,2026-06-20
0.612,UNKNOWN,NEUTRAL,0.323,NORMAL,NONE,TRAIN,True,MIXED,ACTIVE,2026-06-22,2026-07-29
0.757,UNKNOWN,NEUTRAL,0.431,NORMAL,NONE,TEST,True,AMBIGUOUS,ACTIVE,2026-04-08,2026-08-26
0.428,UNKNOWN,NEUTRAL,0.245,NORMAL,CONTEXTUAL_ANOMALY,VALIDATION,True,LEGITIMATE,ACTIVE,2025-09-25,2026-03-15
0.434,UNKNOWN,NEUTRAL,0.338,NORMAL,COLLECTIVE_ANOMALY,TRAIN,True,MIXED,ACTIVE,2026-01-02,2026-05-26
0.182,UNKNOWN,NEUTRAL,0.529,NORMAL,NONE,TRAIN,True,LEGITIMATE,ACTIVE,2026-06-04,2026-08-23
0.392,FALSE,CONTRADICTING,0.229,NORMAL,NONE,VALIDATION,True,LEGITIMATE,ACTIVE,2026-06-01,2026-10-15
0.119,UNKNOWN,NEUTRAL,0.386,NORMAL,NONE,TRAIN,True,CRIMINAL,ACTIVE,2026-06-14,2026-07-26
0.311,CONFIRMED,SUPPORTING,0.873,NORMAL,NONE,TRAIN,True,CRIMINAL,ACTIVE,2026-01-14,2026-03-29
0.608,CONFIRMED,SUPPORTING,0.933,NORMAL,TEMPORAL_ANOMALY,TRAIN,True,CRIMINAL,ACTIVE,2026-05-03,2026-08-28
0.315,SUSPECTED,SUPPORTING,0.731,NORMAL,NONE,TRAIN,True,CRIMINAL,ACTIVE,2026-04-13,2026-09-30
0.06,FALSE,CONTRADICTING,0.151,NORMAL,NONE,VALIDATION,True,LEGITIMATE,ACTIVE,2025-11-09,2026-03-23
0.287,SUSPECTED,SUPPORTING,0.851,NORMAL,NONE,TRAIN,True,MIXED,ACTIVE,2026-03-04,2026-05-17
0.529,CONFIRMED,SUPPORTING,0.861,NORMAL,TEMPORAL_ANOMALY,TRAIN,True,CRIMINAL,ACTIVE,2026-01-31,2026-07-02
0.641,FALSE,CONTRADICTING,0.286,NORMAL,NONE,VALIDATION,True,LEGITIMATE,ACTIVE,2026-04-11,2026-08-29
0.4,FALSE,CONTRADICTING,0.21,NORMAL,RELATIONAL_ANOMALY,TRAIN,True,MIXED,ACTIVE,2025-12-07,2026-02-09
0.494,CONFIRMED,SUPPORTING,0.946,NORMAL,NONE,TRAIN,True,LEGITIMATE,ACTIVE,2026-03-21,2026-08-11
0.396,SUSPECTED,SUPPORTING,0.778,NORMAL,COLLECTIVE_ANOMALY,TRAIN,True,MIXED,ACTIVE,2025-12-07,2026-04-12
0.366,UNKNOWN,NEUTRAL,0.223,NORMAL,NONE,TRAIN,True,CRIMINAL,ACTIVE,2026-02-10,2026-05-16
0.22,UNKNOWN,NEUTRAL,0.297,NORMAL,NONE,TRAIN,True,MIXED,ACTIVE,2026-06-01,2026-07-22
0.242,UNKNOWN,NEUTRAL,0.466,STALE_DEVICE,NONE,TRAIN,True,MIXED,ACTIVE,2025-10-08,2026-04-01
0.491,UNKNOWN,NEUTRAL,0.449,NORMAL,NONE,TRAIN,True,CRIMINAL,ACTIVE,2026-03-15,2026-08-05
0.308,UNKNOWN,NEUTRAL,0.304,NORMAL,NONE,TRAIN,True,MIXED,ACTIVE,2026-01-22,2026-04-29
0.062,SUSPECTED,SUPPORTING,0.802,NORMAL,NONE,TRAIN,True,MIXED,ACTIVE,2026-02-25,2026-05-13
0.208,CONFIRMED,SUPPORTING,0.874,NORMAL,NONE,TRAIN,True,CRIMINAL,ACTIVE,2026-05-12,2026-08-26
0.38,UNKNOWN,NEUTRAL,0.401,NORMAL,NONE,TRAIN,True,MIXED,ACTIVE,2025-12-18,2026-04-25
0.732,UNKNOWN,NEUTRAL,0.548,NORMAL,NONE,VALIDATION,True,LEGITIMATE,ACTIVE,2026-03-14,2026-07-06
0.043,UNKNOWN,NEUTRAL,0.207,NORMAL,NONE,TRAIN,True,CRIMINAL,ACTIVE,2025-09-14,2026-02-11
0.34,UNKNOWN,NEUTRAL,0.499,NORMAL,NONE,TRAIN,True,CRIMINAL,ACTIVE,2026-04-29,2026-07-26
0.268,CONFIRMED,SUPPORTING,0.891,NORMAL,NONE,TRAIN,True,CRIMINAL,ACTIVE,2025-12-20,2026-03-13
0.459,UNKNOWN,NEUTRAL,0.363,NORMAL,POINT_ANOMALY,TRAIN,True,LEGITIMATE,ACTIVE,2025-11-15,2026-03-03
0.432,SUSPECTED,SUPPORTING,0.828,STALE_DEVICE,NONE,TEST,True,AMBIGUOUS,ACTIVE,2026-01-18,2026-05-30
0.55,CONFIRMED,SUPPORTING,0.889,NORMAL,NONE,TEST,True,AMBIGUOUS,ACTIVE,2026-03-21,2026-07-23
0.386,SUSPECTED,SUPPORTING,0.783,NORMAL,TEMPORAL_ANOMALY,VALIDATION,True,LEGITIMATE,ACTIVE,2026-03-24,2026-07-04
0.702,CONFIRMED,SUPPORTING,0.955,NORMAL,NONE,TRAIN,True,CRIMINAL,ACTIVE,2026-04-13,2026-09-15
0.695,CONFIRMED,SUPPORTING,0.842,NORMAL,NONE,VALIDATION,True,LEGITIMATE,ACTIVE,2026-03-31,2026-07-11
0.569,SUSPECTED,SUPPORTING,0.762,NORMAL,COLLECTIVE_ANOMALY,TRAIN,True,CRIMINAL,ACTIVE,2025-10-23,2026-02-06
0.224,UNKNOWN,NEUTRAL,0.205,NORMAL,COLLECTIVE_ANOMALY,TEST,True,AMBIGUOUS,ACTIVE,2026-02-05,2026-06-10
0.21,FALSE,CONTRADICTING,0.389,NORMAL,NONE,VALIDATION,True,LEGITIMATE,ACTIVE,2026-02-10,2026-06-21
0.551,CONFIRMED,SUPPORTING,0.914,NORMAL,NONE,TRAIN,True,MIXED,ACTIVE,2025-12-28,2026-04-14
0.734,FALSE,CONTRADICTING,0.315,NORMAL,NONE,TRAIN,True,CRIMINAL,ACTIVE,2026-01-09,2026-05-06
0.388,SUSPECTED,SUPPORTING,0.813,NORMAL,NONE,TRAIN,True,CRIMINAL,ACTIVE,2026-05-20,2026-08-19
0.415,FALSE,CONTRADICTING,0.156,NORMAL,NONE,TRAIN,True,CRIMINAL,ACTIVE,2026-04-14,2026-08-29
0.179,SUSPECTED,SUPPORTING,0.795,NORMAL,COLLECTIVE_ANOMALY,TEST,True,AMBIGUOUS,ACTIVE,2025-12-24,2026-04-13
0.449,CONFIRMED,SUPPORTING,0.985,NORMAL,POINT_ANOMALY,TRAIN,True,MIXED,ACTIVE,2026-07-12,2026-09-15
0.244,UNKNOWN,NEUTRAL,0.362,NORMAL,NONE,TRAIN,True,MIXED,ACTIVE,2026-07-01,2026-10-09
0.26,UNKNOWN,NEUTRAL,0.475,NORMAL,TEMPORAL_ANOMALY,VALIDATION,True,LEGITIMATE,ACTIVE,2026-07-10,2026-09-30
0.582,SUSPECTED,SUPPORTING,0.598,NORMAL,NONE,TRAIN,True,CRIMINAL,ACTIVE,2026-04-30,2026-10-24
0.333,CONFIRMED,SUPPORTING,0.942,NORMAL,NONE,TRAIN,True,MIXED,ACTIVE,2025-12-17,2026-04-07
0.462,FALSE,CONTRADICTING,0.144,NORMAL,NONE,TRAIN,True,LEGITIMATE,ACTIVE,2026-05-01,2026-08-25
0.801,UNKNOWN,NEUTRAL,0.344,NORMAL,NONE,VALIDATION,True,LEGITIMATE,ACTIVE,2026-03-10,2026-07-26
0.638,SUSPECTED,SUPPORTING,0.764,NORMAL,POINT_ANOMALY,TRAIN,True,MIXED,ACTIVE,2025-11-30,2026-05-11
0.404,FALSE,CONTRADICTING,0.262,NORMAL,NONE,TRAIN,True,CRIMINAL,ACTIVE,2026-01-30,2026-06-21
0.209,UNKNOWN,NEUTRAL,0.545,NORMAL,NONE,TEST,True,AMBIGUOUS,ACTIVE,2026-02-10,2026-08-16
