case_status,case_outcome,case_difficulty,relationship_truth,evidence_role,evidence_strength,ground_truth_split,dataset_split,case_network_type,person_ground_truth_summary
UNDER_INVESTIGATION,INVESTIGATION,EASY,SUSPECTED,SUPPORTING,0.72,TRAIN,TRAIN,CRIMINAL,P00299:SUSPECT;P00350:SUSPECT;P00384:SUSPECT
UNDER_INVESTIGATION,INVESTIGATION,EASY,CONFIRMED,SUPPORTING,0.904,TRAIN,TRAIN,CRIMINAL,P00238:SUSPECT;P00350:SUSPECT;P00118:SUSPECT;P00299:SUSPECT
UNDER_INVESTIGATION,INVESTIGATION,EASY,SUSPECTED,SUPPORTING,0.853,TRAIN,TRAIN,CRIMINAL,P00120:SUSPECT;P00384:SUSPECT;P00098:SUSPECT;P00299:SUSPECT
UNDER_INVESTIGATION,INVESTIGATION,EASY,SUSPECTED,SUPPORTING,0.633,TRAIN,TRAIN,CRIMINAL,P00350:SUSPECT;P00046:SUSPECT;P00299:SUSPECT;P00024:SUSPECT
UNDER_INVESTIGATION,INVESTIGATION,EASY,CONFIRMED,SUPPORTING,0.962,TRAIN,TRAIN,CRIMINAL,P00384:SUSPECT;P00024:SUSPECT;P00046:SUSPECT;P00253:SUSPECT
UNDER_INVESTIGATION,INVESTIGATION,EASY,CONFIRMED,SUPPORTING,0.883,TRAIN,TRAIN,CRIMINAL,P00024:SUSPECT;P00253:SUSPECT;P00098:SUSPECT;P00120:SUSPECT
UNDER_INVESTIGATION,INVESTIGATION,EASY,CONFIRMED,SUPPORTING,0.86,TRAIN,TRAIN,CRIMINAL,P00384:SUSPECT;P00299:SUSPECT;P00253:SUSPECT;P00120:SUSPECT
UNDER_INVESTIGATION,INVESTIGATION,EASY,CONFIRMED,SUPPORTING,0.906,TRAIN,TRAIN,CRIMINAL,P00046:SUSPECT;P00350:SUSPECT
UNDER_INVESTIGATION,INVESTIGATION,EASY,CONFIRMED,SUPPORTING,0.92,TRAIN,TRAIN,CRIMINAL,P00118:SUSPECT;P00098:SUSPECT;P00093:SUSPECT;P00046:SUSPECT
UNDER_INVESTIGATION,INVESTIGATION,EASY,CONFIRMED,SUPPORTING,0.863,TRAIN,TRAIN,CRIMINAL,P00350:SUSPECT;P00238:SUSPECT;P00118:SUSPECT;P00024:SUSPECT
CONVICTED,CONVICTED,MEDIUM,CONFIRMED,SUPPORTING,0.982,TRAIN,TRAIN,CRIMINAL,P00017:SUSPECT;P00197:SUSPECT;P00133:SUSPECT
CONVICTED,CONVICTED,MEDIUM,CONFIRMED,SUPPORTING,0.82,TRAIN,TRAIN,CRIMINAL,P00163:SUSPECT;P00462:SUSPECT;P00007:SUSPECT
CONVICTED,CONVICTED,MEDIUM,CONFIRMED,SUPPORTING,0.959,TRAIN,TRAIN,CRIMINAL,P00133:SUSPECT;P00163:SUSPECT
CONVICTED,CONVICTED,MEDIUM,UNKNOWN,NEUTRAL,0.414,TRAIN,TRAIN,CRIMINAL,P00462:UNRESOLVED;P00163:UNRESOLVED;P00007:UNRESOLVED
CONVICTED,CONVICTED,MEDIUM,CONFIRMED,SUPPORTING,0.893,TRAIN,TRAIN,CRIMINAL,P00113:SUSPECT;P00286:SUSPECT
CONVICTED,CONVICTED,MEDIUM,CONFIRMED,SUPPORTING,0.862,TRAIN,TRAIN,CRIMINAL,P00117:SUSPECT;P00172:SUSPECT
CONVICTED,CONVICTED,MEDIUM,CONFIRMED,SUPPORTING,0.835,TRAIN,TRAIN,CRIMINAL,P00007:SUSPECT;P00462:SUSPECT
CONVICTED,CONVICTED,MEDIUM,SUSPECTED,SUPPORTING,0.649,TRAIN,TRAIN,CRIMINAL,P00286:SUSPECT;P00133:SUSPECT;P00462:SUSPECT
CONVICTED,CONVICTED,MEDIUM,SUSPECTED,SUPPORTING,0.741,TRAIN,TRAIN,CRIMINAL,P00117:SUSPECT;P00310:SUSPECT;P00113:SUSPECT;P00021:SUSPECT
CONVICTED,CONVICTED,MEDIUM,CONFIRMED,SUPPORTING,0.859,TRAIN,TRAIN,CRIMINAL,P00286:SUSPECT;P00172:SUSPECT;P00021:SUSPECT
ACQUITTED,ACQUITTED,HARD,CONFIRMED,SUPPORTING,0.901,TRAIN,TRAIN,CRIMINAL,P00255:SUSPECT;P00329:SUSPECT
ACQUITTED,ACQUITTED,HARD,CONFIRMED,SUPPORTING,0.956,TRAIN,TRAIN,CRIMINAL,P00099:SUSPECT;P00035:SUSPECT;P00372:SUSPECT
ACQUITTED,ACQUITTED,HARD,CONFIRMED,SUPPORTING,0.908,TRAIN,TRAIN,CRIMINAL,P00073:SUSPECT;P00391:SUSPECT
ACQUITTED,ACQUITTED,HARD,CONFIRMED,SUPPORTING,0.951,TRAIN,TRAIN,CRIMINAL,P00226:SUSPECT;P00329:SUSPECT
ACQUITTED,ACQUITTED,HARD,CONFIRMED,SUPPORTING,0.824,TRAIN,TRAIN,CRIMINAL,P00226:SUSPECT;P00391:SUSPECT;P00101:SUSPECT
ACQUITTED,ACQUITTED,HARD,CONFIRMED,SUPPORTING,0.982,TRAIN,TRAIN,CRIMINAL,P00226:SUSPECT;P00459:SUSPECT;P00329:SUSPECT
ACQUITTED,ACQUITTED,HARD,FALSE,CONTRADICTING,0.193,TRAIN,TRAIN,CRIMINAL,P00372:INNOCENT;P00313:INNOCENT
ACQUITTED,ACQUITTED,HARD,UNKNOWN,NEUTRAL,0.387,TRAIN,TRAIN,CRIMINAL,P00255:UNRESOLVED;P00099:UNRESOLVED;P00491:UNRESOLVED
ACQUITTED,ACQUITTED,HARD,CONFIRMED,SUPPORTING,0.859,TRAIN,TRAIN,CRIMINAL,P00320:SUSPECT;P00459:SUSPECT;P00382:SUSPECT;P00213:SUSPECT
ACQUITTED,ACQUITTED,HARD,UNKNOWN,NEUTRAL,0.238,TRAIN,TRAIN,CRIMINAL,P00491:UNRESOLVED;P00035:UNRESOLVED;P00213:UNRESOLVED
EXONERATED,EXONERATED,ADVERSARIAL,UNKNOWN,NEUTRAL,0.345,TRAIN,TRAIN,CRIMINAL,P00136:UNRESOLVED;P00193:UNRESOLVED
EXONERATED,EXONERATED,ADVERSARIAL,FALSE,CONTRADICTING,0.375,TRAIN,TRAIN,CRIMINAL,P00096:INNOCENT;P00193:INNOCENT
EXONERATED,EXONERATED,ADVERSARIAL,FALSE,CONTRADICTING,0.15,TRAIN,TRAIN,CRIMINAL,P00464:INNOCENT;P00030:INNOCENT;P00324:INNOCENT;P00136:INNOCENT
EXONERATED,EXONERATED,ADVERSARIAL,UNKNOWN,NEUTRAL,0.323,TRAIN,TRAIN,CRIMINAL,P00136:UNRESOLVED;P00491:UNRESOLVED;P00245:UNRESOLVED
EXONERATED,EXONERATED,ADVERSARIAL,SUSPECTED,SUPPORTING,0.612,TRAIN,TRAIN,CRIMINAL,P00491:SUSPECT;P00193:SUSPECT
EXONERATED,EXONERATED,ADVERSARIAL,CONFIRMED,SUPPORTING,0.953,TRAIN,TRAIN,CRIMINAL,P00491:SUSPECT;P00096:SUSPECT;P00030:SUSPECT
EXONERATED,EXONERATED,ADVERSARIAL,CONFIRMED,SUPPORTING,0.931,TRAIN,TRAIN,CRIMINAL,P00015:SUSPECT;P00245:SUSPECT;P00136:SUSPECT;P00464:SUSPECT
EXONERATED,EXONERATED,ADVERSARIAL,CONFIRMED,SUPPORTING,0.864,TRAIN,TRAIN,CRIMINAL,P00464:SUSPECT;P00324:SUSPECT;P00449:SUSPECT
EXONERATED,EXONERATED,ADVERSARIAL,FALSE,CONTRADICTING,0.157,TRAIN,TRAIN,CRIMINAL,P00136:INNOCENT;P00449:INNOCENT;P00324:INNOCENT;P00245:INNOCENT
EXONERATED,EXONERATED,ADVERSARIAL,CONFIRMED,SUPPORTING,0.901,TRAIN,TRAIN,CRIMINAL,P00491:SUSPECT;P00136:SUSPECT
INSUFFICIENT_EVIDENCE,INSUFFICIENT_EVIDENCE,UNKNOWN,FALSE,CONTRADICTING,0.144,TRAIN,TRAIN,CRIMINAL,P00176:INNOCENT;P00475:INNOCENT;P00031:INNOCENT;P00418:INNOCENT
INSUFFICIENT_EVIDENCE,INSUFFICIENT_EVIDENCE,UNKNOWN,SUSPECTED,SUPPORTING,0.772,TRAIN,TRAIN,CRIMINAL,P00055:SUSPECT;P00250:SUSPECT
INSUFFICIENT_EVIDENCE,INSUFFICIENT_EVIDENCE,UNKNOWN,CONFIRMED,SUPPORTING,0.936,TRAIN,TRAIN,CRIMINAL,P00112:SUSPECT;P00418:SUSPECT;P00312:SUSPECT
INSUFFICIENT_EVIDENCE,INSUFFICIENT_EVIDENCE,UNKNOWN,SUSPECTED,SUPPORTING,0.809,TRAIN,TRAIN,CRIMINAL,P00085:SUSPECT;P00201:SUSPECT;P00331:SUSPECT
INSUFFICIENT_EVIDENCE,INSUFFICIENT_EVIDENCE,UNKNOWN,FALSE,CONTRADICTING,0.322,TRAIN,TRAIN,CRIMINAL,P00418:INNOCENT;P00176:INNOCENT;P00055:INNOCENT;P00090:INNOCENT
INSUFFICIENT_EVIDENCE,INSUFFICIENT_EVIDENCE,UNKNOWN,SUSPECTED,SUPPORTING,0.698,TRAIN,TRAIN,CRIMINAL,P00055:SUSPECT;P00031:SUSPECT;P00475:SUSPECT
INSUFFICIENT_EVIDENCE,INSUFFICIENT_EVIDENCE,UNKNOWN,CONFIRMED,SUPPORTING,0.848,TRAIN,TRAIN,CRIMINAL,P00250:SUSPECT;P00134:SUSPECT;P00475:SUSPECT;P00090:SUSPECT
INSUFFICIENT_EVIDENCE,INSUFFICIENT_EVIDENCE,UNKNOWN,UNKNOWN,NEUTRAL,0.515,TRAIN,TRAIN,CRIMINAL,P00331:UNRESOLVED;P00055:UNRESOLVED;P00015:UNRESOLVED
INSUFFICIENT_EVIDENCE,INSUFFICIENT_EVIDENCE,UNKNOWN,CONFIRMED,SUPPORTING,0.964,TRAIN,TRAIN,CRIMINAL,P00003:SUSPECT;P00418:SUSPECT;P00055:SUSPECT
INSUFFICIENT_EVIDENCE,INSUFFICIENT_EVIDENCE,UNKNOWN,UNKNOWN,NEUTRAL,0.419,TRAIN,TRAIN,CRIMINAL,P00450:UNRESOLVED;P00312:UNRESOLVED
FALSE_COMPLAINT,FALSE_COMPLAINT,EASY,CONFIRMED,SUPPORTING,0.909,TRAIN,TRAIN,CRIMINAL,P00076:SUSPECT;P00456:SUSPECT;P00329:SUSPECT
FALSE_COMPLAINT,FALSE_COMPLAINT,EASY,SUSPECTED,SUPPORTING,0.771,TRAIN,TRAIN,CRIMINAL,P00442:SUSPECT;P00268:SUSPECT
FALSE_COMPLAINT,FALSE_COMPLAINT,EASY,FALSE,CONTRADICTING,0.4,TRAIN,TRAIN,CRIMINAL,P00329:INNOCENT;P00442:INNOCENT
FALSE_COMPLAINT,FALSE_COMPLAINT,EASY,FALSE,CONTRADICTING,0.301,TRAIN,TRAIN,CRIMINAL,P00372:INNOCENT;P00329:INNOCENT
FALSE_COMPLAINT,FALSE_COMPLAINT,EASY,CONFIRMED,SUPPORTING,0.895,TRAIN,TRAIN,CRIMINAL,P00286:SUSPECT;P00372:SUSPECT
FALSE_COMPLAINT,FALSE_COMPLAINT,EASY,CONFIRMED,SUPPORTING,0.838,TRAIN,TRAIN,CRIMINAL,P00496:SUSPECT;P00286:SUSPECT
FALSE_COMPLAINT,FALSE_COMPLAINT,EASY,SUSPECTED,SUPPORTING,0.671,TRAIN,TRAIN,CRIMINAL,P00496:SUSPECT;P00268:SUSPECT;P00456:SUSPECT
FALSE_COMPLAINT,FALSE_COMPLAINT,EASY,SUSPECTED,SUPPORTING,0.753,TRAIN,TRAIN,CRIMINAL,P00372:SUSPECT;P00442:SUSPECT;P00286:SUSPECT
FALSE_COMPLAINT,FALSE_COMPLAINT,EASY,CONFIRMED,SUPPORTING,0.985,TRAIN,TRAIN,CRIMINAL,P00268:SUSPECT;P00076:SUSPECT;P00145:SUSPECT;P00372:SUSPECT
FALSE_COMPLAINT,FALSE_COMPLAINT,EASY,CONFIRMED,SUPPORTING,0.868,TRAIN,TRAIN,CRIMINAL,P00372:SUSPECT;P00268:SUSPECT;P00329:SUSPECT
CLOSED,CLOSED,MEDIUM,CONFIRMED,SUPPORTING,0.902,TRAIN,TRAIN,CRIMINAL,P00015:SUSPECT;P00220:SUSPECT;P00026:SUSPECT
CLOSED,CLOSED,MEDIUM,CONFIRMED,SUPPORTING,0.914,TRAIN,TRAIN,CRIMINAL,P00327:SUSPECT;P00139:SUSPECT
CLOSED,CLOSED,MEDIUM,CONFIRMED,SUPPORTING,0.941,TRAIN,TRAIN,CRIMINAL,P00360:SUSPECT;P00203:SUSPECT;P00220:SUSPECT;P00327:SUSPECT
CLOSED,CLOSED,MEDIUM,SUSPECTED,SUPPORTING,0.753,TRAIN,TRAIN,CRIMINAL,P00026:SUSPECT;P00327:SUSPECT;P00203:SUSPECT
CLOSED,CLOSED,MEDIUM,CONFIRMED,SUPPORTING,0.903,TRAIN,TRAIN,CRIMINAL,P00324:SUSPECT;P00026:SUSPECT
CLOSED,CLOSED,MEDIUM,SUSPECTED,SUPPORTING,0.674,TRAIN,TRAIN,CRIMINAL,P00139:SUSPECT;P00099:SUSPECT
CLOSED,CLOSED,MEDIUM,CONFIRMED,SUPPORTING,0.841,TRAIN,TRAIN,CRIMINAL,P00139:SUSPECT;P00327:SUSPECT;P00015:SUSPECT;P00485:SUSPECT
CLOSED,CLOSED,MEDIUM,CONFIRMED,SUPPORTING,0.893,TRAIN,TRAIN,CRIMINAL,P00026:SUSPECT;P00099:SUSPECT;P00360:SUSPECT
CLOSED,CLOSED,MEDIUM,CONFIRMED,SUPPORTING,0.944,TRAIN,TRAIN,CRIMINAL,P00015:SUSPECT;P00237:SUSPECT;P00485:SUSPECT
CLOSED,CLOSED,MEDIUM,SUSPECTED,SUPPORTING,0.762,TRAIN,TRAIN,CRIMINAL,P00485:SUSPECT;P00203:SUSPECT;P00099:SUSPECT
UNDER_INVESTIGATION,INVESTIGATION,HARD,SUSPECTED,SUPPORTING,0.796,TRAIN,TRAIN,CRIMINAL,P00022:SUSPECT;P00469:SUSPECT
UNDER_INVESTIGATION,INVESTIGATION,HARD,CONFIRMED,SUPPORTING,0.876,TRAIN,TRAIN,CRIMINAL,P00469:SUSPECT;P00237:SUSPECT;P00443:SUSPECT;P00067:SUSPECT
UNDER_INVESTIGATION,INVESTIGATION,HARD,CONFIRMED,SUPPORTING,0.896,TRAIN,TRAIN,CRIMINAL,P00237:SUSPECT;P00121:SUSPECT;P00469:SUSPECT
UNDER_INVESTIGATION,INVESTIGATION,HARD,FALSE,CONTRADICTING,0.398,TRAIN,TRAIN,CRIMINAL,P00237:INNOCENT;P00443:INNOCENT;P00003:INNOCENT;P00067:INNOCENT
UNDER_INVESTIGATION,INVESTIGATION,HARD,SUSPECTED,SUPPORTING,0.85,TRAIN,TRAIN,CRIMINAL,P00003:SUSPECT;P00397:SUSPECT;P00121:SUSPECT
UNDER_INVESTIGATION,INVESTIGATION,HARD,CONFIRMED,SUPPORTING,0.909,TRAIN,TRAIN,CRIMINAL,P00469:SUSPECT;P00034:SUSPECT
UNDER_INVESTIGATION,INVESTIGATION,HARD,CONFIRMED,SUPPORTING,0.857,TRAIN,TRAIN,CRIMINAL,P00443:SUSPECT;P00062:SUSPECT
UNDER_INVESTIGATION,INVESTIGATION,HARD,UNKNOWN,NEUTRAL,0.243,TRAIN,TRAIN,CRIMINAL,P00062:UNRESOLVED;P00121:UNRESOLVED;P00008:UNRESOLVED
UNDER_INVESTIGATION,INVESTIGATION,HARD,UNKNOWN,NEUTRAL,0.389,TRAIN,TRAIN,CRIMINAL,P00121:UNRESOLVED;P00469:UNRESOLVED;P00443:UNRESOLVED
UNDER_INVESTIGATION,INVESTIGATION,HARD,SUSPECTED,SUPPORTING,0.734,TRAIN,TRAIN,CRIMINAL,P00388:SUSPECT;P00469:SUSPECT
CONVICTED,CONVICTED,ADVERSARIAL,CONFIRMED,SUPPORTING,0.903,TRAIN,TRAIN,CRIMINAL,P00476:SUSPECT;P00404:SUSPECT;P00188:SUSPECT;P00177:SUSPECT
CONVICTED,CONVICTED,ADVERSARIAL,CONFIRMED,SUPPORTING,0.95,TRAIN,TRAIN,CRIMINAL,P00456:SUSPECT;P00188:SUSPECT;P00036:SUSPECT;P00177:SUSPECT
CONVICTED,CONVICTED,ADVERSARIAL,CONFIRMED,SUPPORTING,0.893,TRAIN,TRAIN,CRIMINAL,P00188:SUSPECT;P00404:SUSPECT;P00178:SUSPECT
CONVICTED,CONVICTED,ADVERSARIAL,CONFIRMED,SUPPORTING,0.852,TRAIN,TRAIN,CRIMINAL,P00298:SUSPECT;P00330:SUSPECT;P00178:SUSPECT
CONVICTED,CONVICTED,ADVERSARIAL,CONFIRMED,SUPPORTING,0.918,TRAIN,TRAIN,CRIMINAL,P00330:SUSPECT;P00101:SUSPECT;P00177:SUSPECT
CONVICTED,CONVICTED,ADVERSARIAL,CONFIRMED,SUPPORTING,0.989,TRAIN,TRAIN,CRIMINAL,P00476:SUSPECT;P00188:SUSPECT;P00298:SUSPECT
CONVICTED,CONVICTED,ADVERSARIAL,CONFIRMED,SUPPORTING,0.949,TRAIN,TRAIN,CRIMINAL,P00101:SUSPECT;P00298:SUSPECT
CONVICTED,CONVICTED,ADVERSARIAL,SUSPECTED,SUPPORTING,0.847,TRAIN,TRAIN,CRIMINAL,P00298:SUSPECT;P00188:SUSPECT;P00410:SUSPECT;P00488:SUSPECT
CONVICTED,CONVICTED,ADVERSARIAL,SUSPECTED,SUPPORTING,0.757,TRAIN,TRAIN,CRIMINAL,P00177:SUSPECT;P00488:SUSPECT;P00499:SUSPECT
CONVICTED,CONVICTED,ADVERSARIAL,FALSE,CONTRADICTING,0.254,TRAIN,TRAIN,CRIMINAL,P00488:INNOCENT;P00330:INNOCENT;P00177:INNOCENT
ACQUITTED,ACQUITTED,UNKNOWN,CONFIRMED,SUPPORTING,0.963,TRAIN,TRAIN,CRIMINAL,P00151:SUSPECT;P00263:SUSPECT
ACQUITTED,ACQUITTED,UNKNOWN,CONFIRMED,SUPPORTING,0.964,TRAIN,TRAIN,CRIMINAL,P00009:SUSPECT;P00466:SUSPECT;P00351:SUSPECT;P00387:SUSPECT
ACQUITTED,ACQUITTED,UNKNOWN,CONFIRMED,SUPPORTING,0.932,TRAIN,TRAIN,CRIMINAL,P00263:SUSPECT;P00208:SUSPECT
ACQUITTED,ACQUITTED,UNKNOWN,CONFIRMED,SUPPORTING,0.831,TRAIN,TRAIN,CRIMINAL,P00151:SUSPECT;P00369:SUSPECT;P00095:SUSPECT;P00275:SUSPECT
ACQUITTED,ACQUITTED,UNKNOWN,FALSE,CONTRADICTING,0.208,TRAIN,TRAIN,CRIMINAL,P00369:INNOCENT;P00447:INNOCENT
ACQUITTED,ACQUITTED,UNKNOWN,UNKNOWN,NEUTRAL,0.262,TRAIN,TRAIN,CRIMINAL,P00095:UNRESOLVED;P00009:UNRESOLVED;P00287:UNRESOLVED;P00100:UNRESOLVED
ACQUITTED,ACQUITTED,UNKNOWN,CONFIRMED,SUPPORTING,0.975,TRAIN,TRAIN,CRIMINAL,P00387:SUSPECT;P00287:SUSPECT;P00057:SUSPECT;P00098:SUSPECT
ACQUITTED,ACQUITTED,UNKNOWN,CONFIRMED,SUPPORTING,0.889,TRAIN,TRAIN,CRIMINAL,P00208:SUSPECT;P00016:SUSPECT;P00100:SUSPECT
ACQUITTED,ACQUITTED,UNKNOWN,SUSPECTED,SUPPORTING,0.756,TRAIN,TRAIN,CRIMINAL,P00009:SUSPECT;P00447:SUSPECT
ACQUITTED,ACQUITTED,UNKNOWN,CONFIRMED,SUPPORTING,0.948,TRAIN,TRAIN,CRIMINAL,P00447:SUSPECT;P00417:SUSPECT;P00098:SUSPECT;P00400:SUSPECT
EXONERATED,EXONERATED,EASY,CONFIRMED,SUPPORTING,0.96,TRAIN,TRAIN,CRIMINAL,P00253:SUSPECT;P00381:SUSPECT;P00462:SUSPECT;P00356:SUSPECT
EXONERATED,EXONERATED,EASY,SUSPECTED,SUPPORTING,0.61,TRAIN,TRAIN,CRIMINAL,P00253:SUSPECT;P00462:SUSPECT
EXONERATED,EXONERATED,EASY,CONFIRMED,SUPPORTING,0.896,TRAIN,TRAIN,CRIMINAL,P00009:SUSPECT;P00316:SUSPECT
EXONERATED,EXONERATED,EASY,UNKNOWN,NEUTRAL,0.328,TRAIN,TRAIN,CRIMINAL,P00006:UNRESOLVED;P00221:UNRESOLVED;P00316:UNRESOLVED
EXONERATED,EXONERATED,EASY,CONFIRMED,SUPPORTING,0.974,TRAIN,TRAIN,CRIMINAL,P00253:SUSPECT;P00221:SUSPECT;P00316:SUSPECT;P00006:SUSPECT
EXONERATED,EXONERATED,EASY,UNKNOWN,NEUTRAL,0.414,TRAIN,TRAIN,CRIMINAL,P00356:UNRESOLVED;P00009:UNRESOLVED;P00381:UNRESOLVED;P00462:UNRESOLVED
EXONERATED,EXONERATED,EASY,CONFIRMED,SUPPORTING,0.857,TRAIN,TRAIN,CRIMINAL,P00462:SUSPECT;P00009:SUSPECT
EXONERATED,EXONERATED,EASY,UNKNOWN,NEUTRAL,0.502,TRAIN,TRAIN,CRIMINAL,P00253:UNRESOLVED;P00381:UNRESOLVED;P00462:UNRESOLVED;P00221:UNRESOLVED
EXONERATED,EXONERATED,EASY,SUSPECTED,SUPPORTING,0.817,TRAIN,TRAIN,CRIMINAL,P00009:SUSPECT;P00356:SUSPECT;P00006:SUSPECT
EXONERATED,EXONERATED,EASY,CONFIRMED,SUPPORTING,0.978,TRAIN,TRAIN,CRIMINAL,P00006:SUSPECT;P00253:SUSPECT;P00356:SUSPECT;P00381:SUSPECT
INSUFFICIENT_EVIDENCE,INSUFFICIENT_EVIDENCE,MEDIUM,CONFIRMED,SUPPORTING,0.911,TRAIN,TRAIN,CRIMINAL,P00040:SUSPECT;P00325:SUSPECT;P00089:SUSPECT;P00028:SUSPECT
INSUFFICIENT_EVIDENCE,INSUFFICIENT_EVIDENCE,MEDIUM,SUSPECTED,SUPPORTING,0.749,TRAIN,TRAIN,CRIMINAL,P00182:SUSPECT;P00393:SUSPECT;P00028:SUSPECT
INSUFFICIENT_EVIDENCE,INSUFFICIENT_EVIDENCE,MEDIUM,FALSE,CONTRADICTING,0.369,TRAIN,TRAIN,CRIMINAL,P00028:INNOCENT;P00441:INNOCENT
INSUFFICIENT_EVIDENCE,INSUFFICIENT_EVIDENCE,MEDIUM,UNKNOWN,NEUTRAL,0.488,TRAIN,TRAIN,CRIMINAL,P00393:UNRESOLVED;P00441:UNRESOLVED
INSUFFICIENT_EVIDENCE,INSUFFICIENT_EVIDENCE,MEDIUM,CONFIRMED,SUPPORTING,0.9,TRAIN,TRAIN,CRIMINAL,P00038:SUSPECT;P00040:SUSPECT;P00258:SUSPECT
INSUFFICIENT_EVIDENCE,INSUFFICIENT_EVIDENCE,MEDIUM,FALSE,CONTRADICTING,0.419,TRAIN,TRAIN,CRIMINAL,P00258:INNOCENT;P00325:INNOCENT
INSUFFICIENT_EVIDENCE,INSUFFICIENT_EVIDENCE,MEDIUM,CONFIRMED,SUPPORTING,0.939,TRAIN,TRAIN,CRIMINAL,P00089:SUSPECT;P00441:SUSPECT;P00038:SUSPECT
INSUFFICIENT_EVIDENCE,INSUFFICIENT_EVIDENCE,MEDIUM,FALSE,CONTRADICTING,0.27,TRAIN,TRAIN,CRIMINAL,P00005:INNOCENT;P00038:INNOCENT;P00028:INNOCENT;P00204:INNOCENT
INSUFFICIENT_EVIDENCE,INSUFFICIENT_EVIDENCE,MEDIUM,UNKNOWN,NEUTRAL,0.535,TRAIN,TRAIN,CRIMINAL,P00325:UNRESOLVED;P00028:UNRESOLVED
INSUFFICIENT_EVIDENCE,INSUFFICIENT_EVIDENCE,MEDIUM,CONFIRMED,SUPPORTING,0.925,TRAIN,TRAIN,CRIMINAL,P00038:SUSPECT;P00441:SUSPECT;P00258:SUSPECT
FALSE_COMPLAINT,FALSE_COMPLAINT,HARD,UNKNOWN,NEUTRAL,0.514,TRAIN,TRAIN,CRIMINAL,P00222:UNRESOLVED;P00177:UNRESOLVED
FALSE_COMPLAINT,FALSE_COMPLAINT,HARD,SUSPECTED,SUPPORTING,0.74,TRAIN,TRAIN,CRIMINAL,P00415:SUSPECT;P00138:SUSPECT;P00274:SUSPECT;P00358:SUSPECT
FALSE_COMPLAINT,FALSE_COMPLAINT,HARD,CONFIRMED,SUPPORTING,0.925,TRAIN,TRAIN,CRIMINAL,P00204:SUSPECT;P00230:SUSPECT;P00007:SUSPECT
FALSE_COMPLAINT,FALSE_COMPLAINT,HARD,CONFIRMED,SUPPORTING,0.954,TRAIN,TRAIN,CRIMINAL,P00135:SUSPECT;P00230:SUSPECT;P00204:SUSPECT
FALSE_COMPLAINT,FALSE_COMPLAINT,HARD,CONFIRMED,SUPPORTING,0.832,TRAIN,TRAIN,CRIMINAL,P00415:SUSPECT;P00492:SUSPECT;P00291:SUSPECT;P00007:SUSPECT
FALSE_COMPLAINT,FALSE_COMPLAINT,HARD,CONFIRMED,SUPPORTING,0.827,TRAIN,TRAIN,CRIMINAL,P00177:SUSPECT;P00492:SUSPECT
FALSE_COMPLAINT,FALSE_COMPLAINT,HARD,SUSPECTED,SUPPORTING,0.783,TRAIN,TRAIN,CRIMINAL,P00274:SUSPECT;P00050:SUSPECT;P00222:SUSPECT;P00007:SUSPECT
FALSE_COMPLAINT,FALSE_COMPLAINT,HARD,SUSPECTED,SUPPORTING,0.772,TRAIN,TRAIN,CRIMINAL,P00177:SUSPECT;P00108:SUSPECT
FALSE_COMPLAINT,FALSE_COMPLAINT,HARD,UNKNOWN,NEUTRAL,0.275,TRAIN,TRAIN,CRIMINAL,P00222:UNRESOLVED;P00204:UNRESOLVED;P00413:UNRESOLVED;P00492:UNRESOLVED
FALSE_COMPLAINT,FALSE_COMPLAINT,HARD,UNKNOWN,NEUTRAL,0.437,TRAIN,TRAIN,CRIMINAL,P00108:UNRESOLVED;P00415:UNRESOLVED
CLOSED,CLOSED,ADVERSARIAL,CONFIRMED,SUPPORTING,0.838,TRAIN,TRAIN,CRIMINAL,P00378:SUSPECT;P00348:SUSPECT;P00485:SUSPECT;P00422:SUSPECT
CLOSED,CLOSED,ADVERSARIAL,UNKNOWN,NEUTRAL,0.265,TRAIN,TRAIN,CRIMINAL,P00446:UNRESOLVED;P00198:UNRESOLVED
CLOSED,CLOSED,ADVERSARIAL,FALSE,CONTRADICTING,0.205,TRAIN,TRAIN,CRIMINAL,P00074:INNOCENT;P00378:INNOCENT
CLOSED,CLOSED,ADVERSARIAL,SUSPECTED,SUPPORTING,0.72,TRAIN,TRAIN,CRIMINAL,P00226:SUSPECT;P00007:SUSPECT;P00422:SUSPECT;P00045:SUSPECT
CLOSED,CLOSED,ADVERSARIAL,CONFIRMED,SUPPORTING,0.867,TRAIN,TRAIN,CRIMINAL,P00422:SUSPECT;P00485:SUSPECT;P00007:SUSPECT;P00348:SUSPECT
CLOSED,CLOSED,ADVERSARIAL,CONFIRMED,SUPPORTING,0.94,TRAIN,TRAIN,CRIMINAL,P00226:SUSPECT;P00074:SUSPECT
CLOSED,CLOSED,ADVERSARIAL,CONFIRMED,SUPPORTING,0.918,TRAIN,TRAIN,CRIMINAL,P00485:SUSPECT;P00348:SUSPECT
CLOSED,CLOSED,ADVERSARIAL,FALSE,CONTRADICTING,0.194,TRAIN,TRAIN,CRIMINAL,P00378:INNOCENT;P00045:INNOCENT
CLOSED,CLOSED,ADVERSARIAL,SUSPECTED,SUPPORTING,0.705,TRAIN,TRAIN,CRIMINAL,P00007:SUSPECT;P00045:SUSPECT
CLOSED,CLOSED,ADVERSARIAL,CONFIRMED,SUPPORTING,0.84,TRAIN,TRAIN,CRIMINAL,P00198:SUSPECT;P00045:SUSPECT;P00007:SUSPECT;P00378:SUSPECT
UNDER_INVESTIGATION,INVESTIGATION,UNKNOWN,CONFIRMED,SUPPORTING,0.884,TRAIN,TRAIN,CRIMINAL,P00185:SUSPECT;P00438:SUSPECT
UNDER_INVESTIGATION,INVESTIGATION,UNKNOWN,SUSPECTED,SUPPORTING,0.811,TRAIN,TRAIN,CRIMINAL,P00212:SUSPECT;P00438:SUSPECT
UNDER_INVESTIGATION,INVESTIGATION,UNKNOWN,FALSE,CONTRADICTING,0.306,TRAIN,TRAIN,CRIMINAL,P00137:INNOCENT;P00028:INNOCENT;P00438:INNOCENT
UNDER_INVESTIGATION,INVESTIGATION,UNKNOWN,UNKNOWN,NEUTRAL,0.438,TRAIN,TRAIN,CRIMINAL,P00212:UNRESOLVED;P00404:UNRESOLVED;P00430:UNRESOLVED
UNDER_INVESTIGATION,INVESTIGATION,UNKNOWN,CONFIRMED,SUPPORTING,0.83,TRAIN,TRAIN,CRIMINAL,P00212:SUSPECT;P00404:SUSPECT
UNDER_INVESTIGATION,INVESTIGATION,UNKNOWN,FALSE,CONTRADICTING,0.417,TRAIN,TRAIN,CRIMINAL,P00125:INNOCENT;P00430:INNOCENT;P00028:INNOCENT
UNDER_INVESTIGATION,INVESTIGATION,UNKNOWN,CONFIRMED,SUPPORTING,0.956,TRAIN,TRAIN,CRIMINAL,P00439:SUSPECT;P00185:SUSPECT;P00212:SUSPECT;P00072:SUSPECT
UNDER_INVESTIGATION,INVESTIGATION,UNKNOWN,CONFIRMED,SUPPORTING,0.908,TRAIN,TRAIN,CRIMINAL,P00125:SUSPECT;P00326:SUSPECT;P00028:SUSPECT;P00299:SUSPECT
UNDER_INVESTIGATION,INVESTIGATION,UNKNOWN,CONFIRMED,SUPPORTING,0.916,TRAIN,TRAIN,CRIMINAL,P00438:SUSPECT;P00430:SUSPECT;P00137:SUSPECT
UNDER_INVESTIGATION,INVESTIGATION,UNKNOWN,SUSPECTED,SUPPORTING,0.817,TRAIN,TRAIN,CRIMINAL,P00137:SUSPECT;P00212:SUSPECT;P00326:SUSPECT;P00439:SUSPECT
CONVICTED,CONVICTED,EASY,CONFIRMED,SUPPORTING,0.927,TRAIN,TRAIN,CRIMINAL,P00095:SUSPECT;P00110:SUSPECT
CONVICTED,CONVICTED,EASY,CONFIRMED,SUPPORTING,0.908,TRAIN,TRAIN,CRIMINAL,P00394:SUSPECT;P00095:SUSPECT;P00357:SUSPECT
CONVICTED,CONVICTED,EASY,CONFIRMED,SUPPORTING,0.979,TRAIN,TRAIN,CRIMINAL,P00241:SUSPECT;P00357:SUSPECT
CONVICTED,CONVICTED,EASY,UNKNOWN,NEUTRAL,0.269,TRAIN,TRAIN,CRIMINAL,P00023:UNRESOLVED;P00110:UNRESOLVED
CONVICTED,CONVICTED,EASY,CONFIRMED,SUPPORTING,0.887,TRAIN,TRAIN,CRIMINAL,P00394:SUSPECT;P00110:SUSPECT;P00023:SUSPECT
CONVICTED,CONVICTED,EASY,SUSPECTED,SUPPORTING,0.599,TRAIN,TRAIN,CRIMINAL,P00095:SUSPECT;P00255:SUSPECT;P00394:SUSPECT;P00023:SUSPECT
CONVICTED,CONVICTED,EASY,CONFIRMED,SUPPORTING,0.968,TRAIN,TRAIN,CRIMINAL,P00394:SUSPECT;P00023:SUSPECT;P00095:SUSPECT;P00241:SUSPECT
CONVICTED,CONVICTED,EASY,SUSPECTED,SUPPORTING,0.827,TRAIN,TRAIN,CRIMINAL,P00110:SUSPECT;P00023:SUSPECT;P00255:SUSPECT
CONVICTED,CONVICTED,EASY,SUSPECTED,SUPPORTING,0.779,TRAIN,TRAIN,CRIMINAL,P00255:SUSPECT;P00023:SUSPECT;P00095:SUSPECT;P00241:SUSPECT
CONVICTED,CONVICTED,EASY,CONFIRMED,SUPPORTING,0.989,TRAIN,TRAIN,CRIMINAL,P00110:SUSPECT;P00023:SUSPECT;P00357:SUSPECT;P00255:SUSPECT
ACQUITTED,ACQUITTED,MEDIUM,SUSPECTED,SUPPORTING,0.77,TRAIN,TRAIN,CRIMINAL,P00488:SUSPECT;P00279:SUSPECT
ACQUITTED,ACQUITTED,MEDIUM,CONFIRMED,SUPPORTING,0.911,TRAIN,TRAIN,CRIMINAL,P00474:SUSPECT;P00364:SUSPECT;P00020:SUSPECT
ACQUITTED,ACQUITTED,MEDIUM,CONFIRMED,SUPPORTING,0.953,TRAIN,TRAIN,CRIMINAL,P00132:SUSPECT;P00214:SUSPECT
ACQUITTED,ACQUITTED,MEDIUM,CONFIRMED,SUPPORTING,0.923,TRAIN,TRAIN,CRIMINAL,P00364:SUSPECT;P00474:SUSPECT;P00132:SUSPECT
ACQUITTED,ACQUITTED,MEDIUM,SUSPECTED,SUPPORTING,0.809,TRAIN,TRAIN,CRIMINAL,P00132:SUSPECT;P00324:SUSPECT;P00175:SUSPECT;P00214:SUSPECT
ACQUITTED,ACQUITTED,MEDIUM,FALSE,CONTRADICTING,0.27,TRAIN,TRAIN,CRIMINAL,P00175:INNOCENT;P00020:INNOCENT
ACQUITTED,ACQUITTED,MEDIUM,CONFIRMED,SUPPORTING,0.893,TRAIN,TRAIN,CRIMINAL,P00132:SUSPECT;P00324:SUSPECT
ACQUITTED,ACQUITTED,MEDIUM,CONFIRMED,SUPPORTING,0.896,TRAIN,TRAIN,CRIMINAL,P00059:SUSPECT;P00474:SUSPECT
ACQUITTED,ACQUITTED,MEDIUM,CONFIRMED,SUPPORTING,0.911,TRAIN,TRAIN,CRIMINAL,P00488:SUSPECT;P00008:SUSPECT;P00059:SUSPECT;P00474:SUSPECT
ACQUITTED,ACQUITTED,MEDIUM,SUSPECTED,SUPPORTING,0.655,TRAIN,TRAIN,CRIMINAL,P00008:SUSPECT;P00324:SUSPECT;P00020:SUSPECT
EXONERATED,EXONERATED,HARD,SUSPECTED,SUPPORTING,0.648,TRAIN,TRAIN,CRIMINAL,P00258:SUSPECT;P00027:SUSPECT
EXONERATED,EXONERATED,HARD,UNKNOWN,NEUTRAL,0.365,TRAIN,TRAIN,CRIMINAL,P00027:UNRESOLVED;P00391:UNRESOLVED;P00258:UNRESOLVED;P00430:UNRESOLVED
EXONERATED,EXONERATED,HARD,SUSPECTED,SUPPORTING,0.806,TRAIN,TRAIN,CRIMINAL,P00133:SUSPECT;P00205:SUSPECT;P00157:SUSPECT;P00391:SUSPECT
EXONERATED,EXONERATED,HARD,SUSPECTED,SUPPORTING,0.854,TRAIN,TRAIN,CRIMINAL,P00205:SUSPECT;P00391:SUSPECT;P00374:SUSPECT
EXONERATED,EXONERATED,HARD,CONFIRMED,SUPPORTING,0.851,TRAIN,TRAIN,CRIMINAL,P00157:SUSPECT;P00205:SUSPECT;P00133:SUSPECT
EXONERATED,EXONERATED,HARD,SUSPECTED,SUPPORTING,0.639,TRAIN,TRAIN,CRIMINAL,P00027:SUSPECT;P00157:SUSPECT;P00374:SUSPECT;P00430:SUSPECT
EXONERATED,EXONERATED,HARD,SUSPECTED,SUPPORTING,0.659,TRAIN,TRAIN,CRIMINAL,P00205:SUSPECT;P00391:SUSPECT;P00157:SUSPECT
EXONERATED,EXONERATED,HARD,UNKNOWN,NEUTRAL,0.332,TRAIN,TRAIN,CRIMINAL,P00086:UNRESOLVED;P00374:UNRESOLVED;P00201:UNRESOLVED;P00133:UNRESOLVED
EXONERATED,EXONERATED,HARD,CONFIRMED,SUPPORTING,0.894,TRAIN,TRAIN,CRIMINAL,P00086:SUSPECT;P00430:SUSPECT
EXONERATED,EXONERATED,HARD,CONFIRMED,SUPPORTING,0.984,TRAIN,TRAIN,CRIMINAL,P00430:SUSPECT;P00086:SUSPECT;P00391:SUSPECT
INSUFFICIENT_EVIDENCE,INSUFFICIENT_EVIDENCE,ADVERSARIAL,CONFIRMED,SUPPORTING,0.872,TRAIN,TRAIN,CRIMINAL,P00295:SUSPECT;P00381:SUSPECT;P00200:SUSPECT;P00169:SUSPECT
INSUFFICIENT_EVIDENCE,INSUFFICIENT_EVIDENCE,ADVERSARIAL,SUSPECTED,SUPPORTING,0.739,TRAIN,TRAIN,CRIMINAL,P00065:SUSPECT;P00169:SUSPECT;P00017:SUSPECT
INSUFFICIENT_EVIDENCE,INSUFFICIENT_EVIDENCE,ADVERSARIAL,FALSE,CONTRADICTING,0.248,TRAIN,TRAIN,CRIMINAL,P00109:INNOCENT;P00017:INNOCENT;P00167:INNOCENT;P00200:INNOCENT
INSUFFICIENT_EVIDENCE,INSUFFICIENT_EVIDENCE,ADVERSARIAL,SUSPECTED,SUPPORTING,0.61,TRAIN,TRAIN,CRIMINAL,P00017:SUSPECT;P00295:SUSPECT;P00063:SUSPECT
INSUFFICIENT_EVIDENCE,INSUFFICIENT_EVIDENCE,ADVERSARIAL,CONFIRMED,SUPPORTING,0.928,TRAIN,TRAIN,CRIMINAL,P00295:SUSPECT;P00065:SUSPECT
INSUFFICIENT_EVIDENCE,INSUFFICIENT_EVIDENCE,ADVERSARIAL,CONFIRMED,SUPPORTING,0.908,TRAIN,TRAIN,CRIMINAL,P00167:SUSPECT;P00073:SUSPECT;P00414:SUSPECT;P00381:SUSPECT
INSUFFICIENT_EVIDENCE,INSUFFICIENT_EVIDENCE,ADVERSARIAL,FALSE,CONTRADICTING,0.222,TRAIN,TRAIN,CRIMINAL,P00295:INNOCENT;P00109:INNOCENT;P00414:INNOCENT
INSUFFICIENT_EVIDENCE,INSUFFICIENT_EVIDENCE,ADVERSARIAL,UNKNOWN,NEUTRAL,0.402,TRAIN,TRAIN,CRIMINAL,P00073:UNRESOLVED;P00017:UNRESOLVED;P00381:UNRESOLVED;P00312:UNRESOLVED
INSUFFICIENT_EVIDENCE,INSUFFICIENT_EVIDENCE,ADVERSARIAL,CONFIRMED,SUPPORTING,0.926,TRAIN,TRAIN,CRIMINAL,P00109:SUSPECT;P00312:SUSPECT;P00414:SUSPECT
INSUFFICIENT_EVIDENCE,INSUFFICIENT_EVIDENCE,ADVERSARIAL,SUSPECTED,SUPPORTING,0.808,TRAIN,TRAIN,CRIMINAL,P00169:SUSPECT;P00381:SUSPECT
FALSE_COMPLAINT,FALSE_COMPLAINT,UNKNOWN,UNKNOWN,NEUTRAL,0.217,TRAIN,TRAIN,CRIMINAL,P00004:UNRESOLVED;P00171:UNRESOLVED;P00283:UNRESOLVED;P00455:UNRESOLVED
FALSE_COMPLAINT,FALSE_COMPLAINT,UNKNOWN,CONFIRMED,SUPPORTING,0.969,TRAIN,TRAIN,CRIMINAL,P00131:SUSPECT;P00283:SUSPECT;P00455:SUSPECT;P00006:SUSPECT
FALSE_COMPLAINT,FALSE_COMPLAINT,UNKNOWN,SUSPECTED,SUPPORTING,0.644,TRAIN,TRAIN,CRIMINAL,P00171:SUSPECT;P00015:SUSPECT;P00131:SUSPECT;P00455:SUSPECT
FALSE_COMPLAINT,FALSE_COMPLAINT,UNKNOWN,CONFIRMED,SUPPORTING,0.905,TRAIN,TRAIN,CRIMINAL,P00015:SUSPECT;P00006:SUSPECT
FALSE_COMPLAINT,FALSE_COMPLAINT,UNKNOWN,CONFIRMED,SUPPORTING,0.82,TRAIN,TRAIN,CRIMINAL,P00171:SUSPECT;P00203:SUSPECT;P00004:SUSPECT
FALSE_COMPLAINT,FALSE_COMPLAINT,UNKNOWN,CONFIRMED,SUPPORTING,0.821,TRAIN,TRAIN,CRIMINAL,P00004:SUSPECT;P00015:SUSPECT;P00203:SUSPECT;P00006:SUSPECT
FALSE_COMPLAINT,FALSE_COMPLAINT,UNKNOWN,CONFIRMED,SUPPORTING,0.88,TRAIN,TRAIN,CRIMINAL,P00203:SUSPECT;P00131:SUSPECT;P00004:SUSPECT
FALSE_COMPLAINT,FALSE_COMPLAINT,UNKNOWN,CONFIRMED,SUPPORTING,0.93,TRAIN,TRAIN,CRIMINAL,P00283:SUSPECT;P00203:SUSPECT;P00455:SUSPECT;P00171:SUSPECT
FALSE_COMPLAINT,FALSE_COMPLAINT,UNKNOWN,UNKNOWN,NEUTRAL,0.299,TRAIN,TRAIN,CRIMINAL,P00131:UNRESOLVED;P00004:UNRESOLVED
FALSE_COMPLAINT,FALSE_COMPLAINT,UNKNOWN,CONFIRMED,SUPPORTING,0.98,TRAIN,TRAIN,CRIMINAL,P00131:SUSPECT;P00015:SUSPECT
CLOSED,CLOSED,EASY,UNKNOWN,NEUTRAL,0.282,TRAIN,TRAIN,CRIMINAL,P00458:UNRESOLVED;P00237:UNRESOLVED;P00127:UNRESOLVED;P00037:UNRESOLVED
CLOSED,CLOSED,EASY,UNKNOWN,NEUTRAL,0.36,TRAIN,TRAIN,CRIMINAL,P00468:UNRESOLVED;P00237:UNRESOLVED
CLOSED,CLOSED,EASY,CONFIRMED,SUPPORTING,0.905,TRAIN,TRAIN,CRIMINAL,P00029:SUSPECT;P00237:SUSPECT
CLOSED,CLOSED,EASY,FALSE,CONTRADICTING,0.226,TRAIN,TRAIN,CRIMINAL,P00029:INNOCENT;P00127:INNOCENT
CLOSED,CLOSED,EASY,SUSPECTED,SUPPORTING,0.703,TRAIN,TRAIN,CRIMINAL,P00035:SUSPECT;P00037:SUSPECT;P00127:SUSPECT;P00029:SUSPECT
CLOSED,CLOSED,EASY,CONFIRMED,SUPPORTING,0.969,TRAIN,TRAIN,CRIMINAL,P00037:SUSPECT;P00029:SUSPECT;P00127:SUSPECT
CLOSED,CLOSED,EASY,SUSPECTED,SUPPORTING,0.801,TRAIN,TRAIN,CRIMINAL,P00029:SUSPECT;P00035:SUSPECT;P00484:SUSPECT;P00458:SUSPECT
CLOSED,CLOSED,EASY,CONFIRMED,SUPPORTING,0.981,TRAIN,TRAIN,CRIMINAL,P00035:SUSPECT;P00468:SUSPECT;P00237:SUSPECT
CLOSED,CLOSED,EASY,CONFIRMED,SUPPORTING,0.972,TRAIN,TRAIN,CRIMINAL,P00237:SUSPECT;P00291:SUSPECT;P00037:SUSPECT
CLOSED,CLOSED,EASY,CONFIRMED,SUPPORTING,0.868,TRAIN,TRAIN,CRIMINAL,P00127:SUSPECT;P00237:SUSPECT
UNDER_INVESTIGATION,INVESTIGATION,MEDIUM,CONFIRMED,SUPPORTING,0.82,TRAIN,TRAIN,CRIMINAL,P00255:SUSPECT;P00020:SUSPECT;P00193:SUSPECT
UNDER_INVESTIGATION,INVESTIGATION,MEDIUM,CONFIRMED,SUPPORTING,0.944,TRAIN,TRAIN,CRIMINAL,P00282:SUSPECT;P00277:SUSPECT;P00216:SUSPECT
UNDER_INVESTIGATION,INVESTIGATION,MEDIUM,UNKNOWN,NEUTRAL,0.463,TRAIN,TRAIN,CRIMINAL,P00020:UNRESOLVED;P00363:UNRESOLVED;P00308:UNRESOLVED
UNDER_INVESTIGATION,INVESTIGATION,MEDIUM,CONFIRMED,SUPPORTING,0.892,TRAIN,TRAIN,CRIMINAL,P00039:SUSPECT;P00216:SUSPECT;P00308:SUSPECT;P00193:SUSPECT
UNDER_INVESTIGATION,INVESTIGATION,MEDIUM,SUSPECTED,SUPPORTING,0.617,TRAIN,TRAIN,CRIMINAL,P00386:SUSPECT;P00039:SUSPECT;P00326:SUSPECT;P00153:SUSPECT
UNDER_INVESTIGATION,INVESTIGATION,MEDIUM,FALSE,CONTRADICTING,0.395,TRAIN,TRAIN,CRIMINAL,P00180:INNOCENT;P00380:INNOCENT;P00386:INNOCENT
UNDER_INVESTIGATION,INVESTIGATION,MEDIUM,CONFIRMED,SUPPORTING,0.946,TRAIN,TRAIN,CRIMINAL,P00193:SUSPECT;P00255:SUSPECT;P00020:SUSPECT;P00031:SUSPECT
UNDER_INVESTIGATION,INVESTIGATION,MEDIUM,SUSPECTED,SUPPORTING,0.811,TRAIN,TRAIN,CRIMINAL,P00363:SUSPECT;P00193:SUSPECT
UNDER_INVESTIGATION,INVESTIGATION,MEDIUM,UNKNOWN,NEUTRAL,0.203,TRAIN,TRAIN,CRIMINAL,P00308:UNRESOLVED;P00326:UNRESOLVED;P00386:UNRESOLVED
UNDER_INVESTIGATION,INVESTIGATION,MEDIUM,SUSPECTED,SUPPORTING,0.711,TRAIN,TRAIN,CRIMINAL,P00326:SUSPECT;P00232:SUSPECT
CONVICTED,CONVICTED,HARD,UNKNOWN,NEUTRAL,0.502,TRAIN,TRAIN,CRIMINAL,P00378:UNRESOLVED;P00446:UNRESOLVED;P00451:UNRESOLVED
CONVICTED,CONVICTED,HARD,CONFIRMED,SUPPORTING,0.936,TRAIN,TRAIN,CRIMINAL,P00237:SUSPECT;P00378:SUSPECT;P00372:SUSPECT
CONVICTED,CONVICTED,HARD,CONFIRMED,SUPPORTING,0.982,TRAIN,TRAIN,CRIMINAL,P00322:SUSPECT;P00241:SUSPECT
CONVICTED,CONVICTED,HARD,UNKNOWN,NEUTRAL,0.539,TRAIN,TRAIN,CRIMINAL,P00279:UNRESOLVED;P00266:UNRESOLVED
CONVICTED,CONVICTED,HARD,CONFIRMED,SUPPORTING,0.883,TRAIN,TRAIN,CRIMINAL,P00017:SUSPECT;P00275:SUSPECT;P00279:SUSPECT
CONVICTED,CONVICTED,HARD,CONFIRMED,SUPPORTING,0.954,TRAIN,TRAIN,CRIMINAL,P00322:SUSPECT;P00446:SUSPECT;P00378:SUSPECT;P00219:SUSPECT
CONVICTED,CONVICTED,HARD,CONFIRMED,SUPPORTING,0.85,TRAIN,TRAIN,CRIMINAL,P00030:SUSPECT;P00237:SUSPECT
CONVICTED,CONVICTED,HARD,SUSPECTED,SUPPORTING,0.716,TRAIN,TRAIN,CRIMINAL,P00241:SUSPECT;P00237:SUSPECT;P00030:SUSPECT
CONVICTED,CONVICTED,HARD,CONFIRMED,SUPPORTING,0.956,TRAIN,TRAIN,CRIMINAL,P00241:SUSPECT;P00219:SUSPECT;P00372:SUSPECT
CONVICTED,CONVICTED,HARD,CONFIRMED,SUPPORTING,0.93,TRAIN,TRAIN,CRIMINAL,P00030:SUSPECT;P00275:SUSPECT
ACQUITTED,ACQUITTED,ADVERSARIAL,CONFIRMED,SUPPORTING,0.939,TRAIN,TRAIN,CRIMINAL,P00045:SUSPECT;P00414:SUSPECT
ACQUITTED,ACQUITTED,ADVERSARIAL,UNKNOWN,NEUTRAL,0.249,TRAIN,TRAIN,CRIMINAL,P00483:UNRESOLVED;P00045:UNRESOLVED;P00323:UNRESOLVED;P00060:UNRESOLVED
ACQUITTED,ACQUITTED,ADVERSARIAL,UNKNOWN,NEUTRAL,0.201,TRAIN,TRAIN,CRIMINAL,P00479:UNRESOLVED;P00229:UNRESOLVED
ACQUITTED,ACQUITTED,ADVERSARIAL,FALSE,CONTRADICTING,0.412,TRAIN,TRAIN,CRIMINAL,P00108:INNOCENT;P00060:INNOCENT;P00479:INNOCENT;P00171:INNOCENT
ACQUITTED,ACQUITTED,ADVERSARIAL,UNKNOWN,NEUTRAL,0.508,TRAIN,TRAIN,CRIMINAL,P00010:UNRESOLVED;P00414:UNRESOLVED;P00060:UNRESOLVED;P00483:UNRESOLVED
ACQUITTED,ACQUITTED,ADVERSARIAL,FALSE,CONTRADICTING,0.372,TRAIN,TRAIN,CRIMINAL,P00060:INNOCENT;P00108:INNOCENT;P00479:INNOCENT
ACQUITTED,ACQUITTED,ADVERSARIAL,CONFIRMED,SUPPORTING,0.951,TRAIN,TRAIN,CRIMINAL,P00108:SUSPECT;P00229:SUSPECT;P00414:SUSPECT
ACQUITTED,ACQUITTED,ADVERSARIAL,CONFIRMED,SUPPORTING,0.971,TRAIN,TRAIN,CRIMINAL,P00377:SUSPECT;P00010:SUSPECT;P00241:SUSPECT
ACQUITTED,ACQUITTED,ADVERSARIAL,CONFIRMED,SUPPORTING,0.834,TRAIN,TRAIN,CRIMINAL,P00414:SUSPECT;P00171:SUSPECT;P00377:SUSPECT
ACQUITTED,ACQUITTED,ADVERSARIAL,CONFIRMED,SUPPORTING,0.831,TRAIN,TRAIN,CRIMINAL,P00108:SUSPECT;P00323:SUSPECT;P00241:SUSPECT;P00060:SUSPECT
EXONERATED,EXONERATED,UNKNOWN,CONFIRMED,SUPPORTING,0.95,TRAIN,TRAIN,CRIMINAL,P00288:SUSPECT;P00322:SUSPECT
EXONERATED,EXONERATED,UNKNOWN,SUSPECTED,SUPPORTING,0.803,TRAIN,TRAIN,CRIMINAL,P00422:SUSPECT;P00493:SUSPECT;P00470:SUSPECT
EXONERATED,EXONERATED,UNKNOWN,SUSPECTED,SUPPORTING,0.604,TRAIN,TRAIN,CRIMINAL,P00322:SUSPECT;P00215:SUSPECT;P00033:SUSPECT
EXONERATED,EXONERATED,UNKNOWN,CONFIRMED,SUPPORTING,0.983,TRAIN,TRAIN,CRIMINAL,P00422:SUSPECT;P00265:SUSPECT;P00215:SUSPECT
EXONERATED,EXONERATED,UNKNOWN,UNKNOWN,NEUTRAL,0.265,TRAIN,TRAIN,CRIMINAL,P00033:UNRESOLVED;P00448:UNRESOLVED;P00053:UNRESOLVED
EXONERATED,EXONERATED,UNKNOWN,UNKNOWN,NEUTRAL,0.291,TRAIN,TRAIN,CRIMINAL,P00076:UNRESOLVED;P00265:UNRESOLVED;P00201:UNRESOLVED;P00077:UNRESOLVED
EXONERATED,EXONERATED,UNKNOWN,CONFIRMED,SUPPORTING,0.833,TRAIN,TRAIN,CRIMINAL,P00288:SUSPECT;P00033:SUSPECT;P00470:SUSPECT;P00493:SUSPECT
EXONERATED,EXONERATED,UNKNOWN,FALSE,CONTRADICTING,0.282,TRAIN,TRAIN,CRIMINAL,P00422:INNOCENT;P00167:INNOCENT
EXONERATED,EXONERATED,UNKNOWN,FALSE,CONTRADICTING,0.157,TRAIN,TRAIN,CRIMINAL,P00115:INNOCENT;P00493:INNOCENT
EXONERATED,EXONERATED,UNKNOWN,UNKNOWN,NEUTRAL,0.297,TRAIN,TRAIN,CRIMINAL,P00215:UNRESOLVED;P00053:UNRESOLVED
INSUFFICIENT_EVIDENCE,INSUFFICIENT_EVIDENCE,EASY,CONFIRMED,SUPPORTING,0.898,TRAIN,TRAIN,CRIMINAL,P00204:SUSPECT;P00018:SUSPECT;P00175:SUSPECT;P00054:SUSPECT
INSUFFICIENT_EVIDENCE,INSUFFICIENT_EVIDENCE,EASY,CONFIRMED,SUPPORTING,0.975,TRAIN,TRAIN,CRIMINAL,P00294:SUSPECT;P00300:SUSPECT
INSUFFICIENT_EVIDENCE,INSUFFICIENT_EVIDENCE,EASY,SUSPECTED,SUPPORTING,0.838,TRAIN,TRAIN,CRIMINAL,P00006:SUSPECT;P00263:SUSPECT
INSUFFICIENT_EVIDENCE,INSUFFICIENT_EVIDENCE,EASY,SUSPECTED,SUPPORTING,0.71,TRAIN,TRAIN,CRIMINAL,P00475:SUSPECT;P00407:SUSPECT;P00300:SUSPECT;P00018:SUSPECT
INSUFFICIENT_EVIDENCE,INSUFFICIENT_EVIDENCE,EASY,UNKNOWN,NEUTRAL,0.336,TRAIN,TRAIN,CRIMINAL,P00204:UNRESOLVED;P00018:UNRESOLVED;P00175:UNRESOLVED;P00300:UNRESOLVED
INSUFFICIENT_EVIDENCE,INSUFFICIENT_EVIDENCE,EASY,CONFIRMED,SUPPORTING,0.843,TRAIN,TRAIN,CRIMINAL,P00475:SUSPECT;P00054:SUSPECT;P00263:SUSPECT;P00432:SUSPECT
INSUFFICIENT_EVIDENCE,INSUFFICIENT_EVIDENCE,EASY,UNKNOWN,NEUTRAL,0.289,TRAIN,TRAIN,CRIMINAL,P00204:UNRESOLVED;P00054:UNRESOLVED;P00446:UNRESOLVED
INSUFFICIENT_EVIDENCE,INSUFFICIENT_EVIDENCE,EASY,CONFIRMED,SUPPORTING,0.882,TRAIN,TRAIN,CRIMINAL,P00204:SUSPECT;P00006:SUSPECT;P00305:SUSPECT
INSUFFICIENT_EVIDENCE,INSUFFICIENT_EVIDENCE,EASY,CONFIRMED,SUPPORTING,0.954,TRAIN,TRAIN,CRIMINAL,P00475:SUSPECT;P00305:SUSPECT;P00432:SUSPECT
INSUFFICIENT_EVIDENCE,INSUFFICIENT_EVIDENCE,EASY,CONFIRMED,SUPPORTING,0.878,TRAIN,TRAIN,CRIMINAL,P00294:SUSPECT;P00006:SUSPECT
FALSE_COMPLAINT,FALSE_COMPLAINT,MEDIUM,CONFIRMED,SUPPORTING,0.948,TRAIN,TRAIN,CRIMINAL,P00022:SUSPECT;P00050:SUSPECT;P00038:SUSPECT;P00242:SUSPECT
FALSE_COMPLAINT,FALSE_COMPLAINT,MEDIUM,CONFIRMED,SUPPORTING,0.954,TRAIN,TRAIN,CRIMINAL,P00159:SUSPECT;P00242:SUSPECT
FALSE_COMPLAINT,FALSE_COMPLAINT,MEDIUM,CONFIRMED,SUPPORTING,0.892,TRAIN,TRAIN,CRIMINAL,P00038:SUSPECT;P00326:SUSPECT;P00238:SUSPECT;P00159:SUSPECT
FALSE_COMPLAINT,FALSE_COMPLAINT,MEDIUM,CONFIRMED,SUPPORTING,0.956,TRAIN,TRAIN,CRIMINAL,P00386:SUSPECT;P00238:SUSPECT;P00326:SUSPECT
FALSE_COMPLAINT,FALSE_COMPLAINT,MEDIUM,CONFIRMED,SUPPORTING,0.821,TRAIN,TRAIN,CRIMINAL,P00083:SUSPECT;P00022:SUSPECT;P00044:SUSPECT;P00074:SUSPECT
FALSE_COMPLAINT,FALSE_COMPLAINT,MEDIUM,FALSE,CONTRADICTING,0.15,TRAIN,TRAIN,CRIMINAL,P00074:INNOCENT;P00044:INNOCENT;P00326:INNOCENT
FALSE_COMPLAINT,FALSE_COMPLAINT,MEDIUM,CONFIRMED,SUPPORTING,0.972,TRAIN,TRAIN,CRIMINAL,P00018:SUSPECT;P00050:SUSPECT;P00191:SUSPECT
FALSE_COMPLAINT,FALSE_COMPLAINT,MEDIUM,UNKNOWN,NEUTRAL,0.273,TRAIN,TRAIN,CRIMINAL,P00114:UNRESOLVED;P00018:UNRESOLVED;P00386:UNRESOLVED;P00044:UNRESOLVED
FALSE_COMPLAINT,FALSE_COMPLAINT,MEDIUM,SUSPECTED,SUPPORTING,0.645,TRAIN,TRAIN,CRIMINAL,P00022:SUSPECT;P00038:SUSPECT;P00018:SUSPECT;P00159:SUSPECT
FALSE_COMPLAINT,FALSE_COMPLAINT,MEDIUM,SUSPECTED,SUPPORTING,0.715,TRAIN,TRAIN,CRIMINAL,P00044:SUSPECT;P00159:SUSPECT;P00050:SUSPECT
CLOSED,CLOSED,HARD,CONFIRMED,SUPPORTING,0.827,TRAIN,TRAIN,CRIMINAL,P00156:SUSPECT;P00435:SUSPECT
CLOSED,CLOSED,HARD,UNKNOWN,NEUTRAL,0.543,TRAIN,TRAIN,CRIMINAL,P00375:UNRESOLVED;P00435:UNRESOLVED;P00014:UNRESOLVED;P00463:UNRESOLVED
CLOSED,CLOSED,HARD,CONFIRMED,SUPPORTING,0.85,TRAIN,TRAIN,CRIMINAL,P00375:SUSPECT;P00497:SUSPECT;P00156:SUSPECT
CLOSED,CLOSED,HARD,CONFIRMED,SUPPORTING,0.926,TRAIN,TRAIN,CRIMINAL,P00156:SUSPECT;P00014:SUSPECT
CLOSED,CLOSED,HARD,CONFIRMED,SUPPORTING,0.933,TRAIN,TRAIN,CRIMINAL,P00435:SUSPECT;P00014:SUSPECT;P00156:SUSPECT;P00375:SUSPECT
CLOSED,CLOSED,HARD,CONFIRMED,SUPPORTING,0.951,TRAIN,TRAIN,CRIMINAL,P00156:SUSPECT;P00316:SUSPECT;P00244:SUSPECT
CLOSED,CLOSED,HARD,CONFIRMED,SUPPORTING,0.966,TRAIN,TRAIN,CRIMINAL,P00375:SUSPECT;P00463:SUSPECT;P00316:SUSPECT
CLOSED,CLOSED,HARD,UNKNOWN,NEUTRAL,0.478,TRAIN,TRAIN,CRIMINAL,P00244:UNRESOLVED;P00463:UNRESOLVED
CLOSED,CLOSED,HARD,FALSE,CONTRADICTING,0.156,TRAIN,TRAIN,CRIMINAL,P00156:INNOCENT;P00014:INNOCENT;P00435:INNOCENT
CLOSED,CLOSED,HARD,CONFIRMED,SUPPORTING,0.932,TRAIN,TRAIN,CRIMINAL,P00435:SUSPECT;P00014:SUSPECT
UNDER_INVESTIGATION,INVESTIGATION,ADVERSARIAL,UNKNOWN,NEUTRAL,0.281,TRAIN,TRAIN,CRIMINAL,P00373:UNRESOLVED;P00289:UNRESOLVED;P00124:UNRESOLVED
UNDER_INVESTIGATION,INVESTIGATION,ADVERSARIAL,CONFIRMED,SUPPORTING,0.975,TRAIN,TRAIN,CRIMINAL,P00019:SUSPECT;P00100:SUSPECT;P00212:SUSPECT
UNDER_INVESTIGATION,INVESTIGATION,ADVERSARIAL,SUSPECTED,SUPPORTING,0.798,TRAIN,TRAIN,CRIMINAL,P00413:SUSPECT;P00373:SUSPECT
UNDER_INVESTIGATION,INVESTIGATION,ADVERSARIAL,CONFIRMED,SUPPORTING,0.968,TRAIN,TRAIN,CRIMINAL,P00225:SUSPECT;P00413:SUSPECT
UNDER_INVESTIGATION,INVESTIGATION,ADVERSARIAL,CONFIRMED,SUPPORTING,0.912,TRAIN,TRAIN,CRIMINAL,P00316:SUSPECT;P00034:SUSPECT
UNDER_INVESTIGATION,INVESTIGATION,ADVERSARIAL,CONFIRMED,SUPPORTING,0.895,TRAIN,TRAIN,CRIMINAL,P00034:SUSPECT;P00316:SUSPECT;P00019:SUSPECT;P00073:SUSPECT
UNDER_INVESTIGATION,INVESTIGATION,ADVERSARIAL,SUSPECTED,SUPPORTING,0.671,TRAIN,TRAIN,CRIMINAL,P00033:SUSPECT;P00212:SUSPECT;P00023:SUSPECT
UNDER_INVESTIGATION,INVESTIGATION,ADVERSARIAL,CONFIRMED,SUPPORTING,0.893,TRAIN,TRAIN,CRIMINAL,P00124:SUSPECT;P00225:SUSPECT;P00019:SUSPECT
UNDER_INVESTIGATION,INVESTIGATION,ADVERSARIAL,CONFIRMED,SUPPORTING,0.836,TRAIN,TRAIN,CRIMINAL,P00034:SUSPECT;P00373:SUSPECT;P00124:SUSPECT
UNDER_INVESTIGATION,INVESTIGATION,ADVERSARIAL,CONFIRMED,SUPPORTING,0.872,TRAIN,TRAIN,CRIMINAL,P00100:SUSPECT;P00413:SUSPECT
CONVICTED,CONVICTED,UNKNOWN,SUSPECTED,SUPPORTING,0.657,TRAIN,TRAIN,CRIMINAL,P00044:SUSPECT;P00261:SUSPECT;P00323:SUSPECT
CONVICTED,CONVICTED,UNKNOWN,CONFIRMED,SUPPORTING,0.897,TRAIN,TRAIN,CRIMINAL,P00240:SUSPECT;P00164:SUSPECT
CONVICTED,CONVICTED,UNKNOWN,CONFIRMED,SUPPORTING,0.837,TRAIN,TRAIN,CRIMINAL,P00261:SUSPECT;P00172:SUSPECT;P00044:SUSPECT;P00164:SUSPECT
CONVICTED,CONVICTED,UNKNOWN,CONFIRMED,SUPPORTING,0.919,TRAIN,TRAIN,CRIMINAL,P00122:SUSPECT;P00020:SUSPECT;P00058:SUSPECT;P00044:SUSPECT
CONVICTED,CONVICTED,UNKNOWN,UNKNOWN,NEUTRAL,0.279,TRAIN,TRAIN,CRIMINAL,P00122:UNRESOLVED;P00044:UNRESOLVED;P00240:UNRESOLVED
CONVICTED,CONVICTED,UNKNOWN,SUSPECTED,SUPPORTING,0.609,TRAIN,TRAIN,CRIMINAL,P00352:SUSPECT;P00330:SUSPECT
CONVICTED,CONVICTED,UNKNOWN,CONFIRMED,SUPPORTING,0.89,TRAIN,TRAIN,CRIMINAL,P00261:SUSPECT;P00164:SUSPECT
CONVICTED,CONVICTED,UNKNOWN,CONFIRMED,SUPPORTING,0.976,TRAIN,TRAIN,CRIMINAL,P00425:SUSPECT;P00323:SUSPECT
CONVICTED,CONVICTED,UNKNOWN,SUSPECTED,SUPPORTING,0.671,TRAIN,TRAIN,CRIMINAL,P00044:SUSPECT;P00122:SUSPECT;P00425:SUSPECT;P00330:SUSPECT
CONVICTED,CONVICTED,UNKNOWN,CONFIRMED,SUPPORTING,0.966,TRAIN,TRAIN,CRIMINAL,P00164:SUSPECT;P00330:SUSPECT;P00020:SUSPECT
ACQUITTED,ACQUITTED,EASY,UNKNOWN,NEUTRAL,0.271,TRAIN,TRAIN,CRIMINAL,P00364:UNRESOLVED;P00498:UNRESOLVED;P00071:UNRESOLVED
ACQUITTED,ACQUITTED,EASY,SUSPECTED,SUPPORTING,0.671,TRAIN,TRAIN,CRIMINAL,P00260:SUSPECT;P00498:SUSPECT;P00082:SUSPECT;P00127:SUSPECT
ACQUITTED,ACQUITTED,EASY,FALSE,CONTRADICTING,0.411,TRAIN,TRAIN,CRIMINAL,P00071:INNOCENT;P00306:INNOCENT;P00082:INNOCENT;P00063:INNOCENT
ACQUITTED,ACQUITTED,EASY,CONFIRMED,SUPPORTING,0.939,TRAIN,TRAIN,CRIMINAL,P00364:SUSPECT;P00260:SUSPECT;P00071:SUSPECT;P00082:SUSPECT
ACQUITTED,ACQUITTED,EASY,UNKNOWN,NEUTRAL,0.388,TRAIN,TRAIN,CRIMINAL,P00071:UNRESOLVED;P00260:UNRESOLVED;P00319:UNRESOLVED;P00127:UNRESOLVED
ACQUITTED,ACQUITTED,EASY,FALSE,CONTRADICTING,0.255,TRAIN,TRAIN,CRIMINAL,P00498:INNOCENT;P00364:INNOCENT
ACQUITTED,ACQUITTED,EASY,CONFIRMED,SUPPORTING,0.971,TRAIN,TRAIN,CRIMINAL,P00364:SUSPECT;P00498:SUSPECT;P00082:SUSPECT;P00153:SUSPECT
ACQUITTED,ACQUITTED,EASY,CONFIRMED,SUPPORTING,0.967,TRAIN,TRAIN,CRIMINAL,P00364:SUSPECT;P00260:SUSPECT;P00063:SUSPECT;P00082:SUSPECT
ACQUITTED,ACQUITTED,EASY,UNKNOWN,NEUTRAL,0.32,TRAIN,TRAIN,CRIMINAL,P00498:UNRESOLVED;P00364:UNRESOLVED
ACQUITTED,ACQUITTED,EASY,UNKNOWN,NEUTRAL,0.441,TRAIN,TRAIN,CRIMINAL,P00082:UNRESOLVED;P00306:UNRESOLVED;P00063:UNRESOLVED;P00260:UNRESOLVED
EXONERATED,EXONERATED,MEDIUM,CONFIRMED,SUPPORTING,0.932,TRAIN,TRAIN,CRIMINAL,P00117:SUSPECT;P00318:SUSPECT
EXONERATED,EXONERATED,MEDIUM,CONFIRMED,SUPPORTING,0.93,TRAIN,TRAIN,CRIMINAL,P00030:SUSPECT;P00318:SUSPECT;P00123:SUSPECT
EXONERATED,EXONERATED,MEDIUM,CONFIRMED,SUPPORTING,0.889,TRAIN,TRAIN,CRIMINAL,P00117:SUSPECT;P00318:SUSPECT;P00405:SUSPECT;P00028:SUSPECT
EXONERATED,EXONERATED,MEDIUM,UNKNOWN,NEUTRAL,0.25,TRAIN,TRAIN,CRIMINAL,P00011:UNRESOLVED;P00405:UNRESOLVED;P00117:UNRESOLVED
EXONERATED,EXONERATED,MEDIUM,SUSPECTED,SUPPORTING,0.8,TRAIN,TRAIN,CRIMINAL,P00030:SUSPECT;P00011:SUSPECT
EXONERATED,EXONERATED,MEDIUM,UNKNOWN,NEUTRAL,0.228,TRAIN,TRAIN,CRIMINAL,P00318:UNRESOLVED;P00142:UNRESOLVED;P00030:UNRESOLVED;P00123:UNRESOLVED
EXONERATED,EXONERATED,MEDIUM,CONFIRMED,SUPPORTING,0.919,TRAIN,TRAIN,CRIMINAL,P00405:SUSPECT;P00318:SUSPECT;P00123:SUSPECT;P00117:SUSPECT
EXONERATED,EXONERATED,MEDIUM,CONFIRMED,SUPPORTING,0.921,TRAIN,TRAIN,CRIMINAL,P00142:SUSPECT;P00405:SUSPECT;P00117:SUSPECT;P00030:SUSPECT
EXONERATED,EXONERATED,MEDIUM,CONFIRMED,SUPPORTING,0.908,TRAIN,TRAIN,CRIMINAL,P00117:SUSPECT;P00123:SUSPECT
EXONERATED,EXONERATED,MEDIUM,UNKNOWN,NEUTRAL,0.374,TRAIN,TRAIN,CRIMINAL,P00123:UNRESOLVED;P00117:UNRESOLVED
INSUFFICIENT_EVIDENCE,INSUFFICIENT_EVIDENCE,HARD,UNKNOWN,NEUTRAL,0.42,TRAIN,TRAIN,CRIMINAL,P00318:UNRESOLVED;P00167:UNRESOLVED
INSUFFICIENT_EVIDENCE,INSUFFICIENT_EVIDENCE,HARD,CONFIRMED,SUPPORTING,0.843,TRAIN,TRAIN,CRIMINAL,P00318:SUSPECT;P00167:SUSPECT;P00237:SUSPECT
INSUFFICIENT_EVIDENCE,INSUFFICIENT_EVIDENCE,HARD,CONFIRMED,SUPPORTING,0.847,TRAIN,TRAIN,CRIMINAL,P00045:SUSPECT;P00129:SUSPECT
INSUFFICIENT_EVIDENCE,INSUFFICIENT_EVIDENCE,HARD,CONFIRMED,SUPPORTING,0.83,TRAIN,TRAIN,CRIMINAL,P00351:SUSPECT;P00167:SUSPECT;P00045:SUSPECT;P00318:SUSPECT
INSUFFICIENT_EVIDENCE,INSUFFICIENT_EVIDENCE,HARD,CONFIRMED,SUPPORTING,0.971,TRAIN,TRAIN,CRIMINAL,P00101:SUSPECT;P00351:SUSPECT
INSUFFICIENT_EVIDENCE,INSUFFICIENT_EVIDENCE,HARD,CONFIRMED,SUPPORTING,0.931,TRAIN,TRAIN,CRIMINAL,P00045:SUSPECT;P00351:SUSPECT
INSUFFICIENT_EVIDENCE,INSUFFICIENT_EVIDENCE,HARD,CONFIRMED,SUPPORTING,0.968,TRAIN,TRAIN,CRIMINAL,P00101:SUSPECT;P00167:SUSPECT;P00318:SUSPECT
INSUFFICIENT_EVIDENCE,INSUFFICIENT_EVIDENCE,HARD,CONFIRMED,SUPPORTING,0.882,TRAIN,TRAIN,CRIMINAL,P00129:SUSPECT;P00237:SUSPECT;P00318:SUSPECT;P00045:SUSPECT
INSUFFICIENT_EVIDENCE,INSUFFICIENT_EVIDENCE,HARD,CONFIRMED,SUPPORTING,0.889,TRAIN,TRAIN,CRIMINAL,P00351:SUSPECT;P00318:SUSPECT
INSUFFICIENT_EVIDENCE,INSUFFICIENT_EVIDENCE,HARD,FALSE,CONTRADICTING,0.415,TRAIN,TRAIN,CRIMINAL,P00351:INNOCENT;P00167:INNOCENT;P00237:INNOCENT;P00101:INNOCENT
FALSE_COMPLAINT,FALSE_COMPLAINT,ADVERSARIAL,CONFIRMED,SUPPORTING,0.831,TRAIN,TRAIN,CRIMINAL,P00464:SUSPECT;P00102:SUSPECT;P00071:SUSPECT
FALSE_COMPLAINT,FALSE_COMPLAINT,ADVERSARIAL,CONFIRMED,SUPPORTING,0.922,TRAIN,TRAIN,CRIMINAL,P00102:SUSPECT;P00263:SUSPECT
FALSE_COMPLAINT,FALSE_COMPLAINT,ADVERSARIAL,CONFIRMED,SUPPORTING,0.919,TRAIN,TRAIN,CRIMINAL,P00156:SUSPECT;P00263:SUSPECT;P00414:SUSPECT
FALSE_COMPLAINT,FALSE_COMPLAINT,ADVERSARIAL,SUSPECTED,SUPPORTING,0.763,TRAIN,TRAIN,CRIMINAL,P00263:SUSPECT;P00055:SUSPECT;P00069:SUSPECT
FALSE_COMPLAINT,FALSE_COMPLAINT,ADVERSARIAL,CONFIRMED,SUPPORTING,0.953,TRAIN,TRAIN,CRIMINAL,P00414:SUSPECT;P00069:SUSPECT;P00156:SUSPECT
FALSE_COMPLAINT,FALSE_COMPLAINT,ADVERSARIAL,CONFIRMED,SUPPORTING,0.86,TRAIN,TRAIN,CRIMINAL,P00061:SUSPECT;P00342:SUSPECT;P00233:SUSPECT;P00069:SUSPECT
FALSE_COMPLAINT,FALSE_COMPLAINT,ADVERSARIAL,CONFIRMED,SUPPORTING,0.943,TRAIN,TRAIN,CRIMINAL,P00414:SUSPECT;P00071:SUSPECT;P00061:SUSPECT
FALSE_COMPLAINT,FALSE_COMPLAINT,ADVERSARIAL,CONFIRMED,SUPPORTING,0.961,TRAIN,TRAIN,CRIMINAL,P00102:SUSPECT;P00055:SUSPECT
FALSE_COMPLAINT,FALSE_COMPLAINT,ADVERSARIAL,UNKNOWN,NEUTRAL,0.247,TRAIN,TRAIN,CRIMINAL,P00102:UNRESOLVED;P00414:UNRESOLVED
FALSE_COMPLAINT,FALSE_COMPLAINT,ADVERSARIAL,CONFIRMED,SUPPORTING,0.828,TRAIN,TRAIN,CRIMINAL,P00102:SUSPECT;P00156:SUSPECT;P00055:SUSPECT;P00071:SUSPECT
CLOSED,CLOSED,UNKNOWN,CONFIRMED,SUPPORTING,0.922,TRAIN,TRAIN,CRIMINAL,P00454:SUSPECT;P00031:SUSPECT;P00221:SUSPECT;P00397:SUSPECT
CLOSED,CLOSED,UNKNOWN,CONFIRMED,SUPPORTING,0.915,TRAIN,TRAIN,CRIMINAL,P00108:SUSPECT;P00221:SUSPECT;P00408:SUSPECT;P00031:SUSPECT
CLOSED,CLOSED,UNKNOWN,CONFIRMED,SUPPORTING,0.89,TRAIN,TRAIN,CRIMINAL,P00397:SUSPECT;P00108:SUSPECT;P00221:SUSPECT;P00478:SUSPECT
CLOSED,CLOSED,UNKNOWN,CONFIRMED,SUPPORTING,0.824,TRAIN,TRAIN,CRIMINAL,P00221:SUSPECT;P00397:SUSPECT;P00478:SUSPECT
CLOSED,CLOSED,UNKNOWN,CONFIRMED,SUPPORTING,0.974,TRAIN,TRAIN,CRIMINAL,P00221:SUSPECT;P00454:SUSPECT;P00031:SUSPECT;P00408:SUSPECT
CLOSED,CLOSED,UNKNOWN,FALSE,CONTRADICTING,0.394,TRAIN,TRAIN,CRIMINAL,P00478:INNOCENT;P00031:INNOCENT;P00397:INNOCENT;P00408:INNOCENT
CLOSED,CLOSED,UNKNOWN,CONFIRMED,SUPPORTING,0.94,TRAIN,TRAIN,CRIMINAL,P00408:SUSPECT;P00454:SUSPECT
CLOSED,CLOSED,UNKNOWN,SUSPECTED,SUPPORTING,0.823,TRAIN,TRAIN,CRIMINAL,P00408:SUSPECT;P00454:SUSPECT
CLOSED,CLOSED,UNKNOWN,CONFIRMED,SUPPORTING,0.924,TRAIN,TRAIN,CRIMINAL,P00397:SUSPECT;P00408:SUSPECT
CLOSED,CLOSED,UNKNOWN,CONFIRMED,SUPPORTING,0.939,TRAIN,TRAIN,CRIMINAL,P00454:SUSPECT;P00108:SUSPECT;P00397:SUSPECT
UNDER_INVESTIGATION,INVESTIGATION,EASY,FALSE,CONTRADICTING,0.357,TRAIN,TRAIN,CRIMINAL,P00067:INNOCENT;P00297:INNOCENT
UNDER_INVESTIGATION,INVESTIGATION,EASY,SUSPECTED,SUPPORTING,0.819,TRAIN,TRAIN,CRIMINAL,P00267:SUSPECT;P00370:SUSPECT;P00431:SUSPECT;P00297:SUSPECT
UNDER_INVESTIGATION,INVESTIGATION,EASY,UNKNOWN,NEUTRAL,0.217,TRAIN,TRAIN,CRIMINAL,P00267:UNRESOLVED;P00350:UNRESOLVED;P00244:UNRESOLVED
UNDER_INVESTIGATION,INVESTIGATION,EASY,SUSPECTED,SUPPORTING,0.594,TRAIN,TRAIN,CRIMINAL,P00498:SUSPECT;P00297:SUSPECT
UNDER_INVESTIGATION,INVESTIGATION,EASY,UNKNOWN,NEUTRAL,0.275,TRAIN,TRAIN,CRIMINAL,P00297:UNRESOLVED;P00434:UNRESOLVED;P00498:UNRESOLVED;P00370:UNRESOLVED
UNDER_INVESTIGATION,INVESTIGATION,EASY,UNKNOWN,NEUTRAL,0.292,TRAIN,TRAIN,CRIMINAL,P00403:UNRESOLVED;P00370:UNRESOLVED
UNDER_INVESTIGATION,INVESTIGATION,EASY,CONFIRMED,SUPPORTING,0.906,TRAIN,TRAIN,CRIMINAL,P00267:SUSPECT;P00499:SUSPECT;P00135:SUSPECT;P00102:SUSPECT
UNDER_INVESTIGATION,INVESTIGATION,EASY,CONFIRMED,SUPPORTING,0.98,TRAIN,TRAIN,CRIMINAL,P00498:SUSPECT;P00267:SUSPECT;P00403:SUSPECT
UNDER_INVESTIGATION,INVESTIGATION,EASY,CONFIRMED,SUPPORTING,0.939,TRAIN,TRAIN,CRIMINAL,P00431:SUSPECT;P00350:SUSPECT;P00297:SUSPECT
UNDER_INVESTIGATION,INVESTIGATION,EASY,SUSPECTED,SUPPORTING,0.725,TRAIN,TRAIN,CRIMINAL,P00135:SUSPECT;P00370:SUSPECT;P00499:SUSPECT;P00297:SUSPECT
CONVICTED,CONVICTED,MEDIUM,CONFIRMED,SUPPORTING,0.837,TRAIN,TRAIN,CRIMINAL,P00308:SUSPECT;P00258:SUSPECT;P00363:SUSPECT;P00055:SUSPECT
CONVICTED,CONVICTED,MEDIUM,CONFIRMED,SUPPORTING,0.846,TRAIN,TRAIN,CRIMINAL,P00055:SUSPECT;P00308:SUSPECT;P00238:SUSPECT;P00384:SUSPECT
CONVICTED,CONVICTED,MEDIUM,UNKNOWN,NEUTRAL,0.207,TRAIN,TRAIN,CRIMINAL,P00425:UNRESOLVED;P00055:UNRESOLVED
CONVICTED,CONVICTED,MEDIUM,UNKNOWN,NEUTRAL,0.42,TRAIN,TRAIN,CRIMINAL,P00258:UNRESOLVED;P00324:UNRESOLVED
CONVICTED,CONVICTED,MEDIUM,CONFIRMED,SUPPORTING,0.902,TRAIN,TRAIN,CRIMINAL,P00324:SUSPECT;P00492:SUSPECT
CONVICTED,CONVICTED,MEDIUM,CONFIRMED,SUPPORTING,0.824,TRAIN,TRAIN,CRIMINAL,P00055:SUSPECT;P00308:SUSPECT;P00363:SUSPECT;P00492:SUSPECT
CONVICTED,CONVICTED,MEDIUM,FALSE,CONTRADICTING,0.389,TRAIN,TRAIN,CRIMINAL,P00494:INNOCENT;P00324:INNOCENT;P00483:INNOCENT
CONVICTED,CONVICTED,MEDIUM,FALSE,CONTRADICTING,0.363,TRAIN,TRAIN,CRIMINAL,P00072:INNOCENT;P00003:INNOCENT;P00494:INNOCENT;P00055:INNOCENT
CONVICTED,CONVICTED,MEDIUM,CONFIRMED,SUPPORTING,0.867,TRAIN,TRAIN,CRIMINAL,P00055:SUSPECT;P00374:SUSPECT
CONVICTED,CONVICTED,MEDIUM,CONFIRMED,SUPPORTING,0.861,TRAIN,TRAIN,CRIMINAL,P00483:SUSPECT;P00166:SUSPECT;P00384:SUSPECT
ACQUITTED,ACQUITTED,HARD,UNKNOWN,NEUTRAL,0.331,TRAIN,TRAIN,CRIMINAL,P00307:UNRESOLVED;P00032:UNRESOLVED;P00265:UNRESOLVED
ACQUITTED,ACQUITTED,HARD,CONFIRMED,SUPPORTING,0.824,TRAIN,TRAIN,CRIMINAL,P00307:SUSPECT;P00148:SUSPECT
ACQUITTED,ACQUITTED,HARD,CONFIRMED,SUPPORTING,0.979,TRAIN,TRAIN,CRIMINAL,P00265:SUSPECT;P00143:SUSPECT;P00329:SUSPECT;P00305:SUSPECT
ACQUITTED,ACQUITTED,HARD,CONFIRMED,SUPPORTING,0.99,TRAIN,TRAIN,CRIMINAL,P00372:SUSPECT;P00032:SUSPECT
ACQUITTED,ACQUITTED,HARD,UNKNOWN,NEUTRAL,0.462,TRAIN,TRAIN,CRIMINAL,P00143:UNRESOLVED;P00329:UNRESOLVED
ACQUITTED,ACQUITTED,HARD,CONFIRMED,SUPPORTING,0.905,TRAIN,TRAIN,CRIMINAL,P00329:SUSPECT;P00305:SUSPECT;P00288:SUSPECT
ACQUITTED,ACQUITTED,HARD,CONFIRMED,SUPPORTING,0.821,TRAIN,TRAIN,CRIMINAL,P00032:SUSPECT;P00143:SUSPECT;P00329:SUSPECT
ACQUITTED,ACQUITTED,HARD,SUSPECTED,SUPPORTING,0.658,TRAIN,TRAIN,CRIMINAL,P00143:SUSPECT;P00329:SUSPECT;P00288:SUSPECT
ACQUITTED,ACQUITTED,HARD,CONFIRMED,SUPPORTING,0.857,TRAIN,TRAIN,CRIMINAL,P00288:SUSPECT;P00148:SUSPECT
ACQUITTED,ACQUITTED,HARD,CONFIRMED,SUPPORTING,0.972,TRAIN,TRAIN,CRIMINAL,P00307:SUSPECT;P00265:SUSPECT;P00488:SUSPECT
EXONERATED,EXONERATED,ADVERSARIAL,CONFIRMED,SUPPORTING,0.945,TRAIN,TRAIN,CRIMINAL,P00238:SUSPECT;P00239:SUSPECT;P00174:SUSPECT
EXONERATED,EXONERATED,ADVERSARIAL,SUSPECTED,SUPPORTING,0.728,TRAIN,TRAIN,CRIMINAL,P00289:SUSPECT;P00278:SUSPECT;P00033:SUSPECT;P00290:SUSPECT
EXONERATED,EXONERATED,ADVERSARIAL,SUSPECTED,SUPPORTING,0.788,TRAIN,TRAIN,CRIMINAL,P00310:SUSPECT;P00473:SUSPECT;P00318:SUSPECT
EXONERATED,EXONERATED,ADVERSARIAL,CONFIRMED,SUPPORTING,0.853,TRAIN,TRAIN,CRIMINAL,P00310:SUSPECT;P00289:SUSPECT
EXONERATED,EXONERATED,ADVERSARIAL,SUSPECTED,SUPPORTING,0.668,TRAIN,TRAIN,CRIMINAL,P00500:SUSPECT;P00128:SUSPECT
EXONERATED,EXONERATED,ADVERSARIAL,CONFIRMED,SUPPORTING,0.848,TRAIN,TRAIN,CRIMINAL,P00445:SUSPECT;P00318:SUSPECT;P00033:SUSPECT
EXONERATED,EXONERATED,ADVERSARIAL,FALSE,CONTRADICTING,0.251,TRAIN,TRAIN,CRIMINAL,P00484:INNOCENT;P00500:INNOCENT;P00290:INNOCENT;P00473:INNOCENT
EXONERATED,EXONERATED,ADVERSARIAL,SUSPECTED,SUPPORTING,0.64,TRAIN,TRAIN,CRIMINAL,P00318:SUSPECT;P00278:SUSPECT
EXONERATED,EXONERATED,ADVERSARIAL,SUSPECTED,SUPPORTING,0.623,TRAIN,TRAIN,CRIMINAL,P00278:SUSPECT;P00290:SUSPECT
EXONERATED,EXONERATED,ADVERSARIAL,CONFIRMED,SUPPORTING,0.977,TRAIN,TRAIN,CRIMINAL,P00500:SUSPECT;P00290:SUSPECT;P00415:SUSPECT
INSUFFICIENT_EVIDENCE,INSUFFICIENT_EVIDENCE,UNKNOWN,UNKNOWN,NEUTRAL,0.456,TRAIN,TRAIN,CRIMINAL,P00272:UNRESOLVED;P00246:UNRESOLVED;P00305:UNRESOLVED;P00281:UNRESOLVED
INSUFFICIENT_EVIDENCE,INSUFFICIENT_EVIDENCE,UNKNOWN,SUSPECTED,SUPPORTING,0.655,TRAIN,TRAIN,CRIMINAL,P00246:SUSPECT;P00398:SUSPECT;P00048:SUSPECT;P00260:SUSPECT
INSUFFICIENT_EVIDENCE,INSUFFICIENT_EVIDENCE,UNKNOWN,SUSPECTED,SUPPORTING,0.849,TRAIN,TRAIN,CRIMINAL,P00305:SUSPECT;P00007:SUSPECT;P00365:SUSPECT;P00398:SUSPECT
INSUFFICIENT_EVIDENCE,INSUFFICIENT_EVIDENCE,UNKNOWN,CONFIRMED,SUPPORTING,0.89,TRAIN,TRAIN,CRIMINAL,P00365:SUSPECT;P00305:SUSPECT;P00246:SUSPECT
INSUFFICIENT_EVIDENCE,INSUFFICIENT_EVIDENCE,UNKNOWN,CONFIRMED,SUPPORTING,0.918,TRAIN,TRAIN,CRIMINAL,P00281:SUSPECT;P00007:SUSPECT
INSUFFICIENT_EVIDENCE,INSUFFICIENT_EVIDENCE,UNKNOWN,SUSPECTED,SUPPORTING,0.728,TRAIN,TRAIN,CRIMINAL,P00285:SUSPECT;P00048:SUSPECT;P00007:SUSPECT;P00272:SUSPECT
INSUFFICIENT_EVIDENCE,INSUFFICIENT_EVIDENCE,UNKNOWN,CONFIRMED,SUPPORTING,0.883,TRAIN,TRAIN,CRIMINAL,P00398:SUSPECT;P00272:SUSPECT;P00305:SUSPECT;P00365:SUSPECT
INSUFFICIENT_EVIDENCE,INSUFFICIENT_EVIDENCE,UNKNOWN,CONFIRMED,SUPPORTING,0.937,TRAIN,TRAIN,CRIMINAL,P00289:SUSPECT;P00285:SUSPECT;P00007:SUSPECT
INSUFFICIENT_EVIDENCE,INSUFFICIENT_EVIDENCE,UNKNOWN,CONFIRMED,SUPPORTING,0.957,TRAIN,TRAIN,CRIMINAL,P00281:SUSPECT;P00289:SUSPECT
INSUFFICIENT_EVIDENCE,INSUFFICIENT_EVIDENCE,UNKNOWN,CONFIRMED,SUPPORTING,0.898,TRAIN,TRAIN,CRIMINAL,P00048:SUSPECT;P00272:SUSPECT;P00365:SUSPECT
FALSE_COMPLAINT,FALSE_COMPLAINT,EASY,UNKNOWN,NEUTRAL,0.439,TRAIN,TRAIN,MIXED,P00052:UNRESOLVED;P00089:UNRESOLVED;P00113:UNRESOLVED
FALSE_COMPLAINT,FALSE_COMPLAINT,EASY,CONFIRMED,SUPPORTING,0.939,TRAIN,TRAIN,MIXED,P00033:SUSPECT;P00475:SUSPECT
FALSE_COMPLAINT,FALSE_COMPLAINT,EASY,SUSPECTED,SUPPORTING,0.815,TRAIN,TRAIN,MIXED,P00292:SUSPECT;P00113:SUSPECT;P00333:SUSPECT
FALSE_COMPLAINT,FALSE_COMPLAINT,EASY,CONFIRMED,SUPPORTING,0.847,TRAIN,TRAIN,MIXED,P00386:SUSPECT;P00292:SUSPECT
FALSE_COMPLAINT,FALSE_COMPLAINT,EASY,FALSE,CONTRADICTING,0.14,TRAIN,TRAIN,MIXED,P00292:INNOCENT;P00195:INNOCENT;P00069:INNOCENT;P00475:INNOCENT
FALSE_COMPLAINT,FALSE_COMPLAINT,EASY,CONFIRMED,SUPPORTING,0.932,TRAIN,TRAIN,MIXED,P00464:SUSPECT;P00203:SUSPECT;P00052:SUSPECT;P00069:SUSPECT
FALSE_COMPLAINT,FALSE_COMPLAINT,EASY,CONFIRMED,SUPPORTING,0.974,TRAIN,TRAIN,MIXED,P00089:SUSPECT;P00333:SUSPECT
FALSE_COMPLAINT,FALSE_COMPLAINT,EASY,CONFIRMED,SUPPORTING,0.966,TRAIN,TRAIN,MIXED,P00195:SUSPECT;P00292:SUSPECT;P00029:SUSPECT;P00203:SUSPECT
FALSE_COMPLAINT,FALSE_COMPLAINT,EASY,CONFIRMED,SUPPORTING,0.891,TRAIN,TRAIN,MIXED,P00333:SUSPECT;P00203:SUSPECT
FALSE_COMPLAINT,FALSE_COMPLAINT,EASY,CONFIRMED,SUPPORTING,0.928,TRAIN,TRAIN,MIXED,P00421:SUSPECT;P00402:SUSPECT;P00333:SUSPECT;P00069:SUSPECT
CLOSED,CLOSED,MEDIUM,CONFIRMED,SUPPORTING,0.891,TRAIN,TRAIN,MIXED,P00458:SUSPECT;P00288:SUSPECT
CLOSED,CLOSED,MEDIUM,CONFIRMED,SUPPORTING,0.862,TRAIN,TRAIN,MIXED,P00378:SUSPECT;P00162:SUSPECT;P00204:SUSPECT
CLOSED,CLOSED,MEDIUM,CONFIRMED,SUPPORTING,0.964,TRAIN,TRAIN,MIXED,P00372:SUSPECT;P00218:SUSPECT
CLOSED,CLOSED,MEDIUM,SUSPECTED,SUPPORTING,0.77,TRAIN,TRAIN,MIXED,P00378:SUSPECT;P00032:SUSPECT;P00027:SUSPECT;P00418:SUSPECT
CLOSED,CLOSED,MEDIUM,CONFIRMED,SUPPORTING,0.918,TRAIN,TRAIN,MIXED,P00372:SUSPECT;P00162:SUSPECT;P00027:SUSPECT;P00272:SUSPECT
CLOSED,CLOSED,MEDIUM,CONFIRMED,SUPPORTING,0.893,TRAIN,TRAIN,MIXED,P00060:SUSPECT;P00452:SUSPECT;P00386:SUSPECT
CLOSED,CLOSED,MEDIUM,CONFIRMED,SUPPORTING,0.913,TRAIN,TRAIN,MIXED,P00032:SUSPECT;P00204:SUSPECT;P00162:SUSPECT;P00297:SUSPECT
CLOSED,CLOSED,MEDIUM,CONFIRMED,SUPPORTING,0.903,TRAIN,TRAIN,MIXED,P00354:SUSPECT;P00060:SUSPECT;P00418:SUSPECT
CLOSED,CLOSED,MEDIUM,FALSE,CONTRADICTING,0.138,TRAIN,TRAIN,MIXED,P00297:INNOCENT;P00249:INNOCENT
CLOSED,CLOSED,MEDIUM,SUSPECTED,SUPPORTING,0.66,TRAIN,TRAIN,MIXED,P00162:SUSPECT;P00354:SUSPECT;P00272:SUSPECT;P00060:SUSPECT
UNDER_INVESTIGATION,INVESTIGATION,HARD,SUSPECTED,SUPPORTING,0.819,TRAIN,TRAIN,MIXED,P00393:SUSPECT;P00111:SUSPECT;P00220:SUSPECT;P00180:SUSPECT
UNDER_INVESTIGATION,INVESTIGATION,HARD,CONFIRMED,SUPPORTING,0.826,TRAIN,TRAIN,MIXED,P00054:SUSPECT;P00150:SUSPECT;P00446:SUSPECT;P00338:SUSPECT
UNDER_INVESTIGATION,INVESTIGATION,HARD,FALSE,CONTRADICTING,0.315,TRAIN,TRAIN,MIXED,P00446:INNOCENT;P00054:INNOCENT;P00068:INNOCENT;P00190:INNOCENT
UNDER_INVESTIGATION,INVESTIGATION,HARD,CONFIRMED,SUPPORTING,0.978,TRAIN,TRAIN,MIXED,P00271:SUSPECT;P00220:SUSPECT;P00100:SUSPECT;P00393:SUSPECT
UNDER_INVESTIGATION,INVESTIGATION,HARD,CONFIRMED,SUPPORTING,0.865,TRAIN,TRAIN,MIXED,P00137:SUSPECT;P00393:SUSPECT;P00180:SUSPECT
UNDER_INVESTIGATION,INVESTIGATION,HARD,UNKNOWN,NEUTRAL,0.273,TRAIN,TRAIN,MIXED,P00179:UNRESOLVED;P00185:UNRESOLVED
UNDER_INVESTIGATION,INVESTIGATION,HARD,CONFIRMED,SUPPORTING,0.927,TRAIN,TRAIN,MIXED,P00446:SUSPECT;P00086:SUSPECT
UNDER_INVESTIGATION,INVESTIGATION,HARD,CONFIRMED,SUPPORTING,0.893,TRAIN,TRAIN,MIXED,P00275:SUSPECT;P00150:SUSPECT
UNDER_INVESTIGATION,INVESTIGATION,HARD,CONFIRMED,SUPPORTING,0.986,TRAIN,TRAIN,MIXED,P00100:SUSPECT;P00111:SUSPECT
UNDER_INVESTIGATION,INVESTIGATION,HARD,SUSPECTED,SUPPORTING,0.693,TRAIN,TRAIN,MIXED,P00275:SUSPECT;P00086:SUSPECT;P00446:SUSPECT
CONVICTED,CONVICTED,ADVERSARIAL,CONFIRMED,SUPPORTING,0.906,TRAIN,TRAIN,MIXED,P00383:SUSPECT;P00213:SUSPECT;P00160:SUSPECT
CONVICTED,CONVICTED,ADVERSARIAL,CONFIRMED,SUPPORTING,0.874,TRAIN,TRAIN,MIXED,P00213:SUSPECT;P00272:SUSPECT
CONVICTED,CONVICTED,ADVERSARIAL,SUSPECTED,SUPPORTING,0.712,TRAIN,TRAIN,MIXED,P00113:SUSPECT;P00137:SUSPECT
CONVICTED,CONVICTED,ADVERSARIAL,CONFIRMED,SUPPORTING,0.865,TRAIN,TRAIN,MIXED,P00383:SUSPECT;P00213:SUSPECT;P00125:SUSPECT;P00467:SUSPECT
CONVICTED,CONVICTED,ADVERSARIAL,FALSE,CONTRADICTING,0.214,TRAIN,TRAIN,MIXED,P00418:INNOCENT;P00272:INNOCENT;P00113:INNOCENT
CONVICTED,CONVICTED,ADVERSARIAL,UNKNOWN,NEUTRAL,0.317,TRAIN,TRAIN,MIXED,P00213:UNRESOLVED;P00113:UNRESOLVED;P00160:UNRESOLVED
CONVICTED,CONVICTED,ADVERSARIAL,SUSPECTED,SUPPORTING,0.823,TRAIN,TRAIN,MIXED,P00423:SUSPECT;P00137:SUSPECT
CONVICTED,CONVICTED,ADVERSARIAL,FALSE,CONTRADICTING,0.286,TRAIN,TRAIN,MIXED,P00136:INNOCENT;P00392:INNOCENT;P00272:INNOCENT
CONVICTED,CONVICTED,ADVERSARIAL,CONFIRMED,SUPPORTING,0.837,TRAIN,TRAIN,MIXED,P00036:SUSPECT;P00137:SUSPECT
CONVICTED,CONVICTED,ADVERSARIAL,UNKNOWN,NEUTRAL,0.384,TRAIN,TRAIN,MIXED,P00213:UNRESOLVED;P00423:UNRESOLVED;P00113:UNRESOLVED
ACQUITTED,ACQUITTED,UNKNOWN,CONFIRMED,SUPPORTING,0.894,TRAIN,TRAIN,MIXED,P00007:SUSPECT;P00474:SUSPECT;P00134:SUSPECT;P00370:SUSPECT
ACQUITTED,ACQUITTED,UNKNOWN,UNKNOWN,NEUTRAL,0.5,TRAIN,TRAIN,MIXED,P00059:UNRESOLVED;P00392:UNRESOLVED;P00250:UNRESOLVED
ACQUITTED,ACQUITTED,UNKNOWN,CONFIRMED,SUPPORTING,0.865,TRAIN,TRAIN,MIXED,P00250:SUSPECT;P00328:SUSPECT;P00474:SUSPECT
ACQUITTED,ACQUITTED,UNKNOWN,CONFIRMED,SUPPORTING,0.901,TRAIN,TRAIN,MIXED,P00250:SUSPECT;P00328:SUSPECT;P00474:SUSPECT
ACQUITTED,ACQUITTED,UNKNOWN,SUSPECTED,SUPPORTING,0.635,TRAIN,TRAIN,MIXED,P00250:SUSPECT;P00474:SUSPECT
ACQUITTED,ACQUITTED,UNKNOWN,SUSPECTED,SUPPORTING,0.725,TRAIN,TRAIN,MIXED,P00250:SUSPECT;P00474:SUSPECT;P00304:SUSPECT
ACQUITTED,ACQUITTED,UNKNOWN,CONFIRMED,SUPPORTING,0.928,TRAIN,TRAIN,MIXED,P00304:SUSPECT;P00133:SUSPECT;P00250:SUSPECT;P00282:SUSPECT
ACQUITTED,ACQUITTED,UNKNOWN,UNKNOWN,NEUTRAL,0.518,TRAIN,TRAIN,MIXED,P00250:UNRESOLVED;P00282:UNRESOLVED
ACQUITTED,ACQUITTED,UNKNOWN,SUSPECTED,SUPPORTING,0.589,TRAIN,TRAIN,MIXED,P00328:SUSPECT;P00007:SUSPECT;P00304:SUSPECT
ACQUITTED,ACQUITTED,UNKNOWN,CONFIRMED,SUPPORTING,0.894,TRAIN,TRAIN,MIXED,P00392:SUSPECT;P00007:SUSPECT;P00133:SUSPECT;P00474:SUSPECT
EXONERATED,EXONERATED,EASY,SUSPECTED,SUPPORTING,0.818,TRAIN,TRAIN,MIXED,P00428:SUSPECT;P00019:SUSPECT;P00233:SUSPECT
EXONERATED,EXONERATED,EASY,UNKNOWN,NEUTRAL,0.389,TRAIN,TRAIN,MIXED,P00401:UNRESOLVED;P00469:UNRESOLVED
EXONERATED,EXONERATED,EASY,CONFIRMED,SUPPORTING,0.845,TRAIN,TRAIN,MIXED,P00469:SUSPECT;P00234:SUSPECT;P00401:SUSPECT;P00428:SUSPECT
EXONERATED,EXONERATED,EASY,CONFIRMED,SUPPORTING,0.857,TRAIN,TRAIN,MIXED,P00428:SUSPECT;P00401:SUSPECT
EXONERATED,EXONERATED,EASY,FALSE,CONTRADICTING,0.133,TRAIN,TRAIN,MIXED,P00428:INNOCENT;P00469:INNOCENT;P00356:INNOCENT;P00233:INNOCENT
EXONERATED,EXONERATED,EASY,CONFIRMED,SUPPORTING,0.866,TRAIN,TRAIN,MIXED,P00401:SUSPECT;P00469:SUSPECT;P00356:SUSPECT;P00428:SUSPECT
EXONERATED,EXONERATED,EASY,CONFIRMED,SUPPORTING,0.939,TRAIN,TRAIN,MIXED,P00469:SUSPECT;P00234:SUSPECT
EXONERATED,EXONERATED,EASY,CONFIRMED,SUPPORTING,0.902,TRAIN,TRAIN,MIXED,P00469:SUSPECT;P00428:SUSPECT;P00233:SUSPECT
EXONERATED,EXONERATED,EASY,FALSE,CONTRADICTING,0.39,TRAIN,TRAIN,MIXED,P00469:INNOCENT;P00401:INNOCENT
EXONERATED,EXONERATED,EASY,CONFIRMED,SUPPORTING,0.878,TRAIN,TRAIN,MIXED,P00019:SUSPECT;P00401:SUSPECT;P00233:SUSPECT;P00428:SUSPECT
INSUFFICIENT_EVIDENCE,INSUFFICIENT_EVIDENCE,MEDIUM,CONFIRMED,SUPPORTING,0.92,TRAIN,TRAIN,MIXED,P00460:SUSPECT;P00024:SUSPECT;P00176:SUSPECT
INSUFFICIENT_EVIDENCE,INSUFFICIENT_EVIDENCE,MEDIUM,CONFIRMED,SUPPORTING,0.94,TRAIN,TRAIN,MIXED,P00433:SUSPECT;P00176:SUSPECT;P00160:SUSPECT;P00351:SUSPECT
INSUFFICIENT_EVIDENCE,INSUFFICIENT_EVIDENCE,MEDIUM,UNKNOWN,NEUTRAL,0.401,TRAIN,TRAIN,MIXED,P00460:UNRESOLVED;P00404:UNRESOLVED;P00067:UNRESOLVED;P00381:UNRESOLVED
INSUFFICIENT_EVIDENCE,INSUFFICIENT_EVIDENCE,MEDIUM,SUSPECTED,SUPPORTING,0.77,TRAIN,TRAIN,MIXED,P00195:SUSPECT;P00415:SUSPECT
INSUFFICIENT_EVIDENCE,INSUFFICIENT_EVIDENCE,MEDIUM,CONFIRMED,SUPPORTING,0.825,TRAIN,TRAIN,MIXED,P00247:SUSPECT;P00023:SUSPECT
INSUFFICIENT_EVIDENCE,INSUFFICIENT_EVIDENCE,MEDIUM,CONFIRMED,SUPPORTING,0.841,TRAIN,TRAIN,MIXED,P00351:SUSPECT;P00456:SUSPECT;P00381:SUSPECT;P00136:SUSPECT
INSUFFICIENT_EVIDENCE,INSUFFICIENT_EVIDENCE,MEDIUM,CONFIRMED,SUPPORTING,0.85,TRAIN,TRAIN,MIXED,P00456:SUSPECT;P00247:SUSPECT;P00195:SUSPECT;P00404:SUSPECT
INSUFFICIENT_EVIDENCE,INSUFFICIENT_EVIDENCE,MEDIUM,UNKNOWN,NEUTRAL,0.224,TRAIN,TRAIN,MIXED,P00456:UNRESOLVED;P00351:UNRESOLVED
INSUFFICIENT_EVIDENCE,INSUFFICIENT_EVIDENCE,MEDIUM,CONFIRMED,SUPPORTING,0.906,TRAIN,TRAIN,MIXED,P00039:SUSPECT;P00415:SUSPECT;P00351:SUSPECT
INSUFFICIENT_EVIDENCE,INSUFFICIENT_EVIDENCE,MEDIUM,CONFIRMED,SUPPORTING,0.989,TRAIN,TRAIN,MIXED,P00456:SUSPECT;P00136:SUSPECT;P00024:SUSPECT;P00247:SUSPECT
FALSE_COMPLAINT,FALSE_COMPLAINT,HARD,FALSE,CONTRADICTING,0.127,TRAIN,TRAIN,MIXED,P00040:INNOCENT;P00221:INNOCENT;P00231:INNOCENT;P00379:INNOCENT
FALSE_COMPLAINT,FALSE_COMPLAINT,HARD,FALSE,CONTRADICTING,0.312,TRAIN,TRAIN,MIXED,P00237:INNOCENT;P00352:INNOCENT
FALSE_COMPLAINT,FALSE_COMPLAINT,HARD,UNKNOWN,NEUTRAL,0.504,TRAIN,TRAIN,MIXED,P00013:UNRESOLVED;P00065:UNRESOLVED;P00490:UNRESOLVED
FALSE_COMPLAINT,FALSE_COMPLAINT,HARD,SUSPECTED,SUPPORTING,0.769,TRAIN,TRAIN,MIXED,P00030:SUSPECT;P00352:SUSPECT;P00072:SUSPECT
FALSE_COMPLAINT,FALSE_COMPLAINT,HARD,UNKNOWN,NEUTRAL,0.375,TRAIN,TRAIN,MIXED,P00040:UNRESOLVED;P00047:UNRESOLVED
FALSE_COMPLAINT,FALSE_COMPLAINT,HARD,CONFIRMED,SUPPORTING,0.858,TRAIN,TRAIN,MIXED,P00379:SUSPECT;P00490:SUSPECT;P00231:SUSPECT;P00477:SUSPECT
FALSE_COMPLAINT,FALSE_COMPLAINT,HARD,CONFIRMED,SUPPORTING,0.824,TRAIN,TRAIN,MIXED,P00059:SUSPECT;P00237:SUSPECT;P00294:SUSPECT;P00490:SUSPECT
FALSE_COMPLAINT,FALSE_COMPLAINT,HARD,SUSPECTED,SUPPORTING,0.686,TRAIN,TRAIN,MIXED,P00352:SUSPECT;P00237:SUSPECT;P00047:SUSPECT;P00379:SUSPECT
FALSE_COMPLAINT,FALSE_COMPLAINT,HARD,CONFIRMED,SUPPORTING,0.968,TRAIN,TRAIN,MIXED,P00237:SUSPECT;P00013:SUSPECT;P00477:SUSPECT
FALSE_COMPLAINT,FALSE_COMPLAINT,HARD,CONFIRMED,SUPPORTING,0.823,TRAIN,TRAIN,MIXED,P00030:SUSPECT;P00237:SUSPECT
CLOSED,CLOSED,ADVERSARIAL,CONFIRMED,SUPPORTING,0.982,TRAIN,TRAIN,MIXED,P00107:SUSPECT;P00134:SUSPECT;P00196:SUSPECT
CLOSED,CLOSED,ADVERSARIAL,CONFIRMED,SUPPORTING,0.988,TRAIN,TRAIN,MIXED,P00393:SUSPECT;P00258:SUSPECT;P00196:SUSPECT
CLOSED,CLOSED,ADVERSARIAL,CONFIRMED,SUPPORTING,0.86,TRAIN,TRAIN,MIXED,P00034:SUSPECT;P00134:SUSPECT;P00264:SUSPECT;P00107:SUSPECT
CLOSED,CLOSED,ADVERSARIAL,UNKNOWN,NEUTRAL,0.43,TRAIN,TRAIN,MIXED,P00134:UNRESOLVED;P00105:UNRESOLVED;P00258:UNRESOLVED
CLOSED,CLOSED,ADVERSARIAL,SUSPECTED,SUPPORTING,0.78,TRAIN,TRAIN,MIXED,P00258:SUSPECT;P00393:SUSPECT;P00196:SUSPECT;P00378:SUSPECT
CLOSED,CLOSED,ADVERSARIAL,UNKNOWN,NEUTRAL,0.43,TRAIN,TRAIN,MIXED,P00196:UNRESOLVED;P00105:UNRESOLVED;P00034:UNRESOLVED
CLOSED,CLOSED,ADVERSARIAL,CONFIRMED,SUPPORTING,0.895,TRAIN,TRAIN,MIXED,P00034:SUSPECT;P00196:SUSPECT;P00258:SUSPECT;P00105:SUSPECT
CLOSED,CLOSED,ADVERSARIAL,CONFIRMED,SUPPORTING,0.87,TRAIN,TRAIN,MIXED,P00112:SUSPECT;P00196:SUSPECT;P00378:SUSPECT;P00034:SUSPECT
CLOSED,CLOSED,ADVERSARIAL,CONFIRMED,SUPPORTING,0.869,TRAIN,TRAIN,MIXED,P00107:SUSPECT;P00134:SUSPECT;P00393:SUSPECT
CLOSED,CLOSED,ADVERSARIAL,FALSE,CONTRADICTING,0.376,TRAIN,TRAIN,MIXED,P00264:INNOCENT;P00034:INNOCENT;P00393:INNOCENT;P00196:INNOCENT
UNDER_INVESTIGATION,INVESTIGATION,UNKNOWN,CONFIRMED,SUPPORTING,0.861,TRAIN,TRAIN,MIXED,P00418:SUSPECT;P00417:SUSPECT;P00429:SUSPECT
UNDER_INVESTIGATION,INVESTIGATION,UNKNOWN,CONFIRMED,SUPPORTING,0.901,TRAIN,TRAIN,MIXED,P00457:SUSPECT;P00051:SUSPECT;P00189:SUSPECT;P00095:SUSPECT
UNDER_INVESTIGATION,INVESTIGATION,UNKNOWN,CONFIRMED,SUPPORTING,0.892,TRAIN,TRAIN,MIXED,P00418:SUSPECT;P00241:SUSPECT
UNDER_INVESTIGATION,INVESTIGATION,UNKNOWN,UNKNOWN,NEUTRAL,0.243,TRAIN,TRAIN,MIXED,P00319:UNRESOLVED;P00418:UNRESOLVED
UNDER_INVESTIGATION,INVESTIGATION,UNKNOWN,CONFIRMED,SUPPORTING,0.823,TRAIN,TRAIN,MIXED,P00461:SUSPECT;P00242:SUSPECT;P00417:SUSPECT;P00429:SUSPECT
UNDER_INVESTIGATION,INVESTIGATION,UNKNOWN,CONFIRMED,SUPPORTING,0.893,TRAIN,TRAIN,MIXED,P00429:SUSPECT;P00461:SUSPECT
UNDER_INVESTIGATION,INVESTIGATION,UNKNOWN,SUSPECTED,SUPPORTING,0.645,TRAIN,TRAIN,MIXED,P00418:SUSPECT;P00189:SUSPECT
UNDER_INVESTIGATION,INVESTIGATION,UNKNOWN,CONFIRMED,SUPPORTING,0.891,TRAIN,TRAIN,MIXED,P00418:SUSPECT;P00457:SUSPECT;P00417:SUSPECT;P00066:SUSPECT
UNDER_INVESTIGATION,INVESTIGATION,UNKNOWN,CONFIRMED,SUPPORTING,0.851,TRAIN,TRAIN,MIXED,P00241:SUSPECT;P00066:SUSPECT;P00457:SUSPECT
UNDER_INVESTIGATION,INVESTIGATION,UNKNOWN,CONFIRMED,SUPPORTING,0.859,TRAIN,TRAIN,MIXED,P00417:SUSPECT;P00066:SUSPECT
CONVICTED,CONVICTED,EASY,CONFIRMED,SUPPORTING,0.938,TRAIN,TRAIN,MIXED,P00352:SUSPECT;P00376:SUSPECT
CONVICTED,CONVICTED,EASY,FALSE,CONTRADICTING,0.392,TRAIN,TRAIN,MIXED,P00196:INNOCENT;P00329:INNOCENT;P00376:INNOCENT;P00045:INNOCENT
CONVICTED,CONVICTED,EASY,CONFIRMED,SUPPORTING,0.876,TRAIN,TRAIN,MIXED,P00196:SUSPECT;P00286:SUSPECT
CONVICTED,CONVICTED,EASY,CONFIRMED,SUPPORTING,0.966,TRAIN,TRAIN,MIXED,P00352:SUSPECT;P00290:SUSPECT;P00007:SUSPECT
CONVICTED,CONVICTED,EASY,FALSE,CONTRADICTING,0.226,TRAIN,TRAIN,MIXED,P00352:INNOCENT;P00290:INNOCENT
CONVICTED,CONVICTED,EASY,CONFIRMED,SUPPORTING,0.981,TRAIN,TRAIN,MIXED,P00290:SUSPECT;P00352:SUSPECT;P00329:SUSPECT
CONVICTED,CONVICTED,EASY,UNKNOWN,NEUTRAL,0.52,TRAIN,TRAIN,MIXED,P00112:UNRESOLVED;P00196:UNRESOLVED;P00324:UNRESOLVED
CONVICTED,CONVICTED,EASY,CONFIRMED,SUPPORTING,0.845,TRAIN,TRAIN,MIXED,P00329:SUSPECT;P00376:SUSPECT;P00004:SUSPECT;P00324:SUSPECT
CONVICTED,CONVICTED,EASY,CONFIRMED,SUPPORTING,0.928,TRAIN,TRAIN,MIXED,P00196:SUSPECT;P00004:SUSPECT;P00112:SUSPECT;P00324:SUSPECT
CONVICTED,CONVICTED,EASY,CONFIRMED,SUPPORTING,0.949,TRAIN,TRAIN,MIXED,P00352:SUSPECT;P00376:SUSPECT;P00290:SUSPECT
ACQUITTED,ACQUITTED,MEDIUM,SUSPECTED,SUPPORTING,0.785,TRAIN,TRAIN,MIXED,P00340:SUSPECT;P00456:SUSPECT
ACQUITTED,ACQUITTED,MEDIUM,CONFIRMED,SUPPORTING,0.875,TRAIN,TRAIN,MIXED,P00456:SUSPECT;P00094:SUSPECT;P00124:SUSPECT;P00220:SUSPECT
ACQUITTED,ACQUITTED,MEDIUM,CONFIRMED,SUPPORTING,0.904,TRAIN,TRAIN,MIXED,P00094:SUSPECT;P00053:SUSPECT;P00470:SUSPECT;P00384:SUSPECT
ACQUITTED,ACQUITTED,MEDIUM,SUSPECTED,SUPPORTING,0.779,TRAIN,TRAIN,MIXED,P00257:SUSPECT;P00458:SUSPECT;P00124:SUSPECT
ACQUITTED,ACQUITTED,MEDIUM,CONFIRMED,SUPPORTING,0.899,TRAIN,TRAIN,MIXED,P00020:SUSPECT;P00174:SUSPECT
ACQUITTED,ACQUITTED,MEDIUM,CONFIRMED,SUPPORTING,0.944,TRAIN,TRAIN,MIXED,P00252:SUSPECT;P00456:SUSPECT
ACQUITTED,ACQUITTED,MEDIUM,CONFIRMED,SUPPORTING,0.886,TRAIN,TRAIN,MIXED,P00174:SUSPECT;P00020:SUSPECT
ACQUITTED,ACQUITTED,MEDIUM,CONFIRMED,SUPPORTING,0.893,TRAIN,TRAIN,MIXED,P00053:SUSPECT;P00456:SUSPECT;P00257:SUSPECT
ACQUITTED,ACQUITTED,MEDIUM,SUSPECTED,SUPPORTING,0.647,TRAIN,TRAIN,MIXED,P00257:SUSPECT;P00456:SUSPECT;P00340:SUSPECT;P00094:SUSPECT
ACQUITTED,ACQUITTED,MEDIUM,CONFIRMED,SUPPORTING,0.883,TRAIN,TRAIN,MIXED,P00124:SUSPECT;P00290:SUSPECT
EXONERATED,EXONERATED,HARD,UNKNOWN,NEUTRAL,0.369,TRAIN,TRAIN,MIXED,P00056:UNRESOLVED;P00031:UNRESOLVED;P00406:UNRESOLVED;P00001:UNRESOLVED
EXONERATED,EXONERATED,HARD,CONFIRMED,SUPPORTING,0.864,TRAIN,TRAIN,MIXED,P00001:SUSPECT;P00056:SUSPECT;P00093:SUSPECT;P00226:SUSPECT
EXONERATED,EXONERATED,HARD,CONFIRMED,SUPPORTING,0.923,TRAIN,TRAIN,MIXED,P00406:SUSPECT;P00222:SUSPECT;P00031:SUSPECT;P00093:SUSPECT
EXONERATED,EXONERATED,HARD,CONFIRMED,SUPPORTING,0.873,TRAIN,TRAIN,MIXED,P00136:SUSPECT;P00020:SUSPECT
EXONERATED,EXONERATED,HARD,CONFIRMED,SUPPORTING,0.935,TRAIN,TRAIN,MIXED,P00031:SUSPECT;P00042:SUSPECT
EXONERATED,EXONERATED,HARD,CONFIRMED,SUPPORTING,0.91,TRAIN,TRAIN,MIXED,P00406:SUSPECT;P00031:SUSPECT
EXONERATED,EXONERATED,HARD,SUSPECTED,SUPPORTING,0.591,TRAIN,TRAIN,MIXED,P00031:SUSPECT;P00001:SUSPECT;P00056:SUSPECT
EXONERATED,EXONERATED,HARD,FALSE,CONTRADICTING,0.291,TRAIN,TRAIN,MIXED,P00305:INNOCENT;P00136:INNOCENT
EXONERATED,EXONERATED,HARD,CONFIRMED,SUPPORTING,0.967,TRAIN,TRAIN,MIXED,P00222:SUSPECT;P00305:SUSPECT
EXONERATED,EXONERATED,HARD,UNKNOWN,NEUTRAL,0.495,TRAIN,TRAIN,MIXED,P00136:UNRESOLVED;P00497:UNRESOLVED;P00406:UNRESOLVED
INSUFFICIENT_EVIDENCE,INSUFFICIENT_EVIDENCE,ADVERSARIAL,UNKNOWN,NEUTRAL,0.421,TRAIN,TRAIN,MIXED,P00058:UNRESOLVED;P00258:UNRESOLVED
INSUFFICIENT_EVIDENCE,INSUFFICIENT_EVIDENCE,ADVERSARIAL,CONFIRMED,SUPPORTING,0.893,TRAIN,TRAIN,MIXED,P00258:SUSPECT;P00058:SUSPECT;P00109:SUSPECT
INSUFFICIENT_EVIDENCE,INSUFFICIENT_EVIDENCE,ADVERSARIAL,CONFIRMED,SUPPORTING,0.986,TRAIN,TRAIN,MIXED,P00234:SUSPECT;P00058:SUSPECT;P00489:SUSPECT;P00258:SUSPECT
INSUFFICIENT_EVIDENCE,INSUFFICIENT_EVIDENCE,ADVERSARIAL,CONFIRMED,SUPPORTING,0.95,TRAIN,TRAIN,MIXED,P00291:SUSPECT;P00056:SUSPECT;P00216:SUSPECT;P00114:SUSPECT
INSUFFICIENT_EVIDENCE,INSUFFICIENT_EVIDENCE,ADVERSARIAL,FALSE,CONTRADICTING,0.358,TRAIN,TRAIN,MIXED,P00114:INNOCENT;P00489:INNOCENT;P00058:INNOCENT
INSUFFICIENT_EVIDENCE,INSUFFICIENT_EVIDENCE,ADVERSARIAL,CONFIRMED,SUPPORTING,0.839,TRAIN,TRAIN,MIXED,P00114:SUSPECT;P00258:SUSPECT;P00109:SUSPECT;P00234:SUSPECT
INSUFFICIENT_EVIDENCE,INSUFFICIENT_EVIDENCE,ADVERSARIAL,CONFIRMED,SUPPORTING,0.965,TRAIN,TRAIN,MIXED,P00489:SUSPECT;P00186:SUSPECT
INSUFFICIENT_EVIDENCE,INSUFFICIENT_EVIDENCE,ADVERSARIAL,CONFIRMED,SUPPORTING,0.946,TRAIN,TRAIN,MIXED,P00489:SUSPECT;P00291:SUSPECT;P00186:SUSPECT;P00216:SUSPECT
INSUFFICIENT_EVIDENCE,INSUFFICIENT_EVIDENCE,ADVERSARIAL,CONFIRMED,SUPPORTING,0.951,TRAIN,TRAIN,MIXED,P00058:SUSPECT;P00299:SUSPECT;P00489:SUSPECT;P00272:SUSPECT
INSUFFICIENT_EVIDENCE,INSUFFICIENT_EVIDENCE,ADVERSARIAL,UNKNOWN,NEUTRAL,0.297,TRAIN,TRAIN,MIXED,P00258:UNRESOLVED;P00269:UNRESOLVED;P00109:UNRESOLVED;P00272:UNRESOLVED
FALSE_COMPLAINT,FALSE_COMPLAINT,UNKNOWN,UNKNOWN,NEUTRAL,0.539,TRAIN,TRAIN,MIXED,P00375:UNRESOLVED;P00114:UNRESOLVED;P00197:UNRESOLVED
FALSE_COMPLAINT,FALSE_COMPLAINT,UNKNOWN,CONFIRMED,SUPPORTING,0.975,TRAIN,TRAIN,MIXED,P00328:SUSPECT;P00239:SUSPECT
FALSE_COMPLAINT,FALSE_COMPLAINT,UNKNOWN,CONFIRMED,SUPPORTING,0.918,TRAIN,TRAIN,MIXED,P00289:SUSPECT;P00453:SUSPECT
FALSE_COMPLAINT,FALSE_COMPLAINT,UNKNOWN,CONFIRMED,SUPPORTING,0.867,TRAIN,TRAIN,MIXED,P00328:SUSPECT;P00050:SUSPECT;P00114:SUSPECT
FALSE_COMPLAINT,FALSE_COMPLAINT,UNKNOWN,SUSPECTED,SUPPORTING,0.588,TRAIN,TRAIN,MIXED,P00316:SUSPECT;P00498:SUSPECT
FALSE_COMPLAINT,FALSE_COMPLAINT,UNKNOWN,UNKNOWN,NEUTRAL,0.513,TRAIN,TRAIN,MIXED,P00019:UNRESOLVED;P00375:UNRESOLVED;P00239:UNRESOLVED
FALSE_COMPLAINT,FALSE_COMPLAINT,UNKNOWN,CONFIRMED,SUPPORTING,0.984,TRAIN,TRAIN,MIXED,P00495:SUSPECT;P00438:SUSPECT;P00019:SUSPECT
FALSE_COMPLAINT,FALSE_COMPLAINT,UNKNOWN,SUSPECTED,SUPPORTING,0.741,TRAIN,TRAIN,MIXED,P00495:SUSPECT;P00019:SUSPECT
FALSE_COMPLAINT,FALSE_COMPLAINT,UNKNOWN,SUSPECTED,SUPPORTING,0.639,TRAIN,TRAIN,MIXED,P00197:SUSPECT;P00289:SUSPECT
FALSE_COMPLAINT,FALSE_COMPLAINT,UNKNOWN,CONFIRMED,SUPPORTING,0.83,TRAIN,TRAIN,MIXED,P00438:SUSPECT;P00019:SUSPECT;P00498:SUSPECT
CLOSED,CLOSED,EASY,FALSE,CONTRADICTING,0.31,TRAIN,TRAIN,MIXED,P00342:INNOCENT;P00047:INNOCENT;P00027:INNOCENT
CLOSED,CLOSED,EASY,FALSE,CONTRADICTING,0.161,TRAIN,TRAIN,MIXED,P00472:INNOCENT;P00380:INNOCENT
CLOSED,CLOSED,EASY,UNKNOWN,NEUTRAL,0.541,TRAIN,TRAIN,MIXED,P00103:UNRESOLVED;P00047:UNRESOLVED;P00380:UNRESOLVED
CLOSED,CLOSED,EASY,CONFIRMED,SUPPORTING,0.985,TRAIN,TRAIN,MIXED,P00284:SUSPECT;P00342:SUSPECT
CLOSED,CLOSED,EASY,CONFIRMED,SUPPORTING,0.873,TRAIN,TRAIN,MIXED,P00103:SUSPECT;P00284:SUSPECT;P00328:SUSPECT
CLOSED,CLOSED,EASY,CONFIRMED,SUPPORTING,0.824,TRAIN,TRAIN,MIXED,P00472:SUSPECT;P00047:SUSPECT;P00342:SUSPECT
CLOSED,CLOSED,EASY,UNKNOWN,NEUTRAL,0.259,TRAIN,TRAIN,MIXED,P00284:UNRESOLVED;P00047:UNRESOLVED;P00027:UNRESOLVED;P00472:UNRESOLVED
CLOSED,CLOSED,EASY,FALSE,CONTRADICTING,0.188,TRAIN,TRAIN,MIXED,P00342:INNOCENT;P00380:INNOCENT;P00472:INNOCENT
CLOSED,CLOSED,EASY,CONFIRMED,SUPPORTING,0.906,TRAIN,TRAIN,MIXED,P00103:SUSPECT;P00328:SUSPECT
CLOSED,CLOSED,EASY,FALSE,CONTRADICTING,0.121,TRAIN,TRAIN,MIXED,P00027:INNOCENT;P00103:INNOCENT
UNDER_INVESTIGATION,INVESTIGATION,MEDIUM,CONFIRMED,SUPPORTING,0.896,TRAIN,TRAIN,MIXED,P00018:SUSPECT;P00334:SUSPECT;P00424:SUSPECT;P00156:SUSPECT
UNDER_INVESTIGATION,INVESTIGATION,MEDIUM,FALSE,CONTRADICTING,0.157,TRAIN,TRAIN,MIXED,P00345:INNOCENT;P00292:INNOCENT;P00455:INNOCENT;P00156:INNOCENT
UNDER_INVESTIGATION,INVESTIGATION,MEDIUM,UNKNOWN,NEUTRAL,0.414,TRAIN,TRAIN,MIXED,P00378:UNRESOLVED;P00334:UNRESOLVED
UNDER_INVESTIGATION,INVESTIGATION,MEDIUM,CONFIRMED,SUPPORTING,0.986,TRAIN,TRAIN,MIXED,P00378:SUSPECT;P00156:SUSPECT
UNDER_INVESTIGATION,INVESTIGATION,MEDIUM,CONFIRMED,SUPPORTING,0.893,TRAIN,TRAIN,MIXED,P00212:SUSPECT;P00292:SUSPECT
UNDER_INVESTIGATION,INVESTIGATION,MEDIUM,CONFIRMED,SUPPORTING,0.839,TRAIN,TRAIN,MIXED,P00212:SUSPECT;P00378:SUSPECT;P00018:SUSPECT;P00014:SUSPECT
UNDER_INVESTIGATION,INVESTIGATION,MEDIUM,SUSPECTED,SUPPORTING,0.672,TRAIN,TRAIN,MIXED,P00018:SUSPECT;P00198:SUSPECT
UNDER_INVESTIGATION,INVESTIGATION,MEDIUM,UNKNOWN,NEUTRAL,0.454,TRAIN,TRAIN,MIXED,P00212:UNRESOLVED;P00292:UNRESOLVED;P00424:UNRESOLVED;P00018:UNRESOLVED
UNDER_INVESTIGATION,INVESTIGATION,MEDIUM,SUSPECTED,SUPPORTING,0.693,TRAIN,TRAIN,MIXED,P00455:SUSPECT;P00014:SUSPECT;P00156:SUSPECT;P00334:SUSPECT
UNDER_INVESTIGATION,INVESTIGATION,MEDIUM,CONFIRMED,SUPPORTING,0.834,TRAIN,TRAIN,MIXED,P00018:SUSPECT;P00345:SUSPECT;P00455:SUSPECT;P00424:SUSPECT
CONVICTED,CONVICTED,HARD,SUSPECTED,SUPPORTING,0.835,TRAIN,TRAIN,MIXED,P00116:SUSPECT;P00134:SUSPECT;P00440:SUSPECT
CONVICTED,CONVICTED,HARD,FALSE,CONTRADICTING,0.14,TRAIN,TRAIN,MIXED,P00366:INNOCENT;P00015:INNOCENT;P00469:INNOCENT
CONVICTED,CONVICTED,HARD,CONFIRMED,SUPPORTING,0.902,TRAIN,TRAIN,MIXED,P00132:SUSPECT;P00366:SUSPECT;P00362:SUSPECT;P00071:SUSPECT
CONVICTED,CONVICTED,HARD,SUSPECTED,SUPPORTING,0.805,TRAIN,TRAIN,MIXED,P00071:SUSPECT;P00362:SUSPECT
CONVICTED,CONVICTED,HARD,CONFIRMED,SUPPORTING,0.917,TRAIN,TRAIN,MIXED,P00492:SUSPECT;P00134:SUSPECT;P00366:SUSPECT;P00329:SUSPECT
CONVICTED,CONVICTED,HARD,UNKNOWN,NEUTRAL,0.369,TRAIN,TRAIN,MIXED,P00071:UNRESOLVED;P00015:UNRESOLVED
CONVICTED,CONVICTED,HARD,UNKNOWN,NEUTRAL,0.222,TRAIN,TRAIN,MIXED,P00440:UNRESOLVED;P00493:UNRESOLVED;P00366:UNRESOLVED;P00116:UNRESOLVED
CONVICTED,CONVICTED,HARD,SUSPECTED,SUPPORTING,0.824,TRAIN,TRAIN,MIXED,P00129:SUSPECT;P00440:SUSPECT;P00308:SUSPECT;P00469:SUSPECT
CONVICTED,CONVICTED,HARD,SUSPECTED,SUPPORTING,0.74,TRAIN,TRAIN,MIXED,P00440:SUSPECT;P00362:SUSPECT;P00308:SUSPECT;P00134:SUSPECT
CONVICTED,CONVICTED,HARD,UNKNOWN,NEUTRAL,0.455,TRAIN,TRAIN,MIXED,P00014:UNRESOLVED;P00116:UNRESOLVED;P00308:UNRESOLVED;P00366:UNRESOLVED
ACQUITTED,ACQUITTED,ADVERSARIAL,SUSPECTED,SUPPORTING,0.625,TRAIN,TRAIN,MIXED,P00382:SUSPECT;P00037:SUSPECT
ACQUITTED,ACQUITTED,ADVERSARIAL,CONFIRMED,SUPPORTING,0.847,TRAIN,TRAIN,MIXED,P00385:SUSPECT;P00166:SUSPECT;P00180:SUSPECT;P00138:SUSPECT
ACQUITTED,ACQUITTED,ADVERSARIAL,CONFIRMED,SUPPORTING,0.964,TRAIN,TRAIN,MIXED,P00332:SUSPECT;P00286:SUSPECT
ACQUITTED,ACQUITTED,ADVERSARIAL,CONFIRMED,SUPPORTING,0.984,TRAIN,TRAIN,MIXED,P00313:SUSPECT;P00301:SUSPECT;P00467:SUSPECT;P00138:SUSPECT
ACQUITTED,ACQUITTED,ADVERSARIAL,CONFIRMED,SUPPORTING,0.981,TRAIN,TRAIN,MIXED,P00372:SUSPECT;P00037:SUSPECT;P00286:SUSPECT
ACQUITTED,ACQUITTED,ADVERSARIAL,UNKNOWN,NEUTRAL,0.413,TRAIN,TRAIN,MIXED,P00037:UNRESOLVED;P00372:UNRESOLVED;P00332:UNRESOLVED;P00180:UNRESOLVED
ACQUITTED,ACQUITTED,ADVERSARIAL,CONFIRMED,SUPPORTING,0.904,TRAIN,TRAIN,MIXED,P00075:SUSPECT;P00382:SUSPECT;P00372:SUSPECT
ACQUITTED,ACQUITTED,ADVERSARIAL,SUSPECTED,SUPPORTING,0.802,TRAIN,TRAIN,MIXED,P00467:SUSPECT;P00215:SUSPECT;P00180:SUSPECT;P00075:SUSPECT
ACQUITTED,ACQUITTED,ADVERSARIAL,CONFIRMED,SUPPORTING,0.944,TRAIN,TRAIN,MIXED,P00301:SUSPECT;P00048:SUSPECT
ACQUITTED,ACQUITTED,ADVERSARIAL,CONFIRMED,SUPPORTING,0.886,TRAIN,TRAIN,MIXED,P00215:SUSPECT;P00037:SUSPECT
EXONERATED,EXONERATED,UNKNOWN,FALSE,CONTRADICTING,0.23,TRAIN,TRAIN,MIXED,P00012:INNOCENT;P00313:INNOCENT;P00478:INNOCENT;P00082:INNOCENT
EXONERATED,EXONERATED,UNKNOWN,CONFIRMED,SUPPORTING,0.946,TRAIN,TRAIN,MIXED,P00134:SUSPECT;P00105:SUSPECT;P00050:SUSPECT;P00228:SUSPECT
EXONERATED,EXONERATED,UNKNOWN,CONFIRMED,SUPPORTING,0.867,TRAIN,TRAIN,MIXED,P00360:SUSPECT;P00100:SUSPECT
EXONERATED,EXONERATED,UNKNOWN,SUSPECTED,SUPPORTING,0.641,TRAIN,TRAIN,MIXED,P00105:SUSPECT;P00067:SUSPECT
EXONERATED,EXONERATED,UNKNOWN,UNKNOWN,NEUTRAL,0.275,TRAIN,TRAIN,MIXED,P00014:UNRESOLVED;P00082:UNRESOLVED
EXONERATED,EXONERATED,UNKNOWN,CONFIRMED,SUPPORTING,0.918,TRAIN,TRAIN,MIXED,P00360:SUSPECT;P00012:SUSPECT;P00082:SUSPECT
EXONERATED,EXONERATED,UNKNOWN,SUSPECTED,SUPPORTING,0.859,TRAIN,TRAIN,MIXED,P00441:SUSPECT;P00134:SUSPECT;P00228:SUSPECT;P00313:SUSPECT
EXONERATED,EXONERATED,UNKNOWN,UNKNOWN,NEUTRAL,0.281,TRAIN,TRAIN,MIXED,P00012:UNRESOLVED;P00067:UNRESOLVED
EXONERATED,EXONERATED,UNKNOWN,CONFIRMED,SUPPORTING,0.9,TRAIN,TRAIN,MIXED,P00134:SUSPECT;P00082:SUSPECT
EXONERATED,EXONERATED,UNKNOWN,CONFIRMED,SUPPORTING,0.85,TRAIN,TRAIN,MIXED,P00228:SUSPECT;P00134:SUSPECT
INSUFFICIENT_EVIDENCE,INSUFFICIENT_EVIDENCE,EASY,CONFIRMED,SUPPORTING,0.98,TRAIN,TRAIN,MIXED,P00464:SUSPECT;P00250:SUSPECT
INSUFFICIENT_EVIDENCE,INSUFFICIENT_EVIDENCE,EASY,CONFIRMED,SUPPORTING,0.861,TRAIN,TRAIN,MIXED,P00250:SUSPECT;P00336:SUSPECT;P00464:SUSPECT;P00277:SUSPECT
INSUFFICIENT_EVIDENCE,INSUFFICIENT_EVIDENCE,EASY,CONFIRMED,SUPPORTING,0.849,TRAIN,TRAIN,MIXED,P00250:SUSPECT;P00464:SUSPECT;P00282:SUSPECT;P00295:SUSPECT
INSUFFICIENT_EVIDENCE,INSUFFICIENT_EVIDENCE,EASY,CONFIRMED,SUPPORTING,0.976,TRAIN,TRAIN,MIXED,P00336:SUSPECT;P00464:SUSPECT
INSUFFICIENT_EVIDENCE,INSUFFICIENT_EVIDENCE,EASY,SUSPECTED,SUPPORTING,0.764,TRAIN,TRAIN,MIXED,P00250:SUSPECT;P00282:SUSPECT;P00277:SUSPECT;P00464:SUSPECT
INSUFFICIENT_EVIDENCE,INSUFFICIENT_EVIDENCE,EASY,CONFIRMED,SUPPORTING,0.891,TRAIN,TRAIN,MIXED,P00464:SUSPECT;P00277:SUSPECT;P00336:SUSPECT;P00282:SUSPECT
INSUFFICIENT_EVIDENCE,INSUFFICIENT_EVIDENCE,EASY,CONFIRMED,SUPPORTING,0.89,TRAIN,TRAIN,MIXED,P00336:SUSPECT;P00295:SUSPECT;P00464:SUSPECT;P00277:SUSPECT
INSUFFICIENT_EVIDENCE,INSUFFICIENT_EVIDENCE,EASY,UNKNOWN,NEUTRAL,0.413,TRAIN,TRAIN,MIXED,P00295:UNRESOLVED;P00464:UNRESOLVED;P00277:UNRESOLVED
INSUFFICIENT_EVIDENCE,INSUFFICIENT_EVIDENCE,EASY,UNKNOWN,NEUTRAL,0.304,TRAIN,TRAIN,MIXED,P00250:UNRESOLVED;P00277:UNRESOLVED
INSUFFICIENT_EVIDENCE,INSUFFICIENT_EVIDENCE,EASY,CONFIRMED,SUPPORTING,0.945,TRAIN,TRAIN,MIXED,P00336:SUSPECT;P00295:SUSPECT;P00250:SUSPECT;P00464:SUSPECT
FALSE_COMPLAINT,FALSE_COMPLAINT,MEDIUM,UNKNOWN,NEUTRAL,0.352,TRAIN,TRAIN,MIXED,P00456:UNRESOLVED;P00264:UNRESOLVED;P00392:UNRESOLVED
FALSE_COMPLAINT,FALSE_COMPLAINT,MEDIUM,CONFIRMED,SUPPORTING,0.865,TRAIN,TRAIN,MIXED,P00051:SUSPECT;P00456:SUSPECT;P00258:SUSPECT
FALSE_COMPLAINT,FALSE_COMPLAINT,MEDIUM,FALSE,CONTRADICTING,0.188,TRAIN,TRAIN,MIXED,P00320:INNOCENT;P00451:INNOCENT
FALSE_COMPLAINT,FALSE_COMPLAINT,MEDIUM,CONFIRMED,SUPPORTING,0.926,TRAIN,TRAIN,MIXED,P00451:SUSPECT;P00380:SUSPECT;P00009:SUSPECT
FALSE_COMPLAINT,FALSE_COMPLAINT,MEDIUM,CONFIRMED,SUPPORTING,0.955,TRAIN,TRAIN,MIXED,P00320:SUSPECT;P00107:SUSPECT
FALSE_COMPLAINT,FALSE_COMPLAINT,MEDIUM,CONFIRMED,SUPPORTING,0.978,TRAIN,TRAIN,MIXED,P00009:SUSPECT;P00493:SUSPECT;P00380:SUSPECT;P00264:SUSPECT
FALSE_COMPLAINT,FALSE_COMPLAINT,MEDIUM,CONFIRMED,SUPPORTING,0.866,TRAIN,TRAIN,MIXED,P00320:SUSPECT;P00051:SUSPECT;P00059:SUSPECT
FALSE_COMPLAINT,FALSE_COMPLAINT,MEDIUM,CONFIRMED,SUPPORTING,0.918,TRAIN,TRAIN,MIXED,P00107:SUSPECT;P00493:SUSPECT
FALSE_COMPLAINT,FALSE_COMPLAINT,MEDIUM,CONFIRMED,SUPPORTING,0.928,TRAIN,TRAIN,MIXED,P00051:SUSPECT;P00456:SUSPECT;P00380:SUSPECT;P00258:SUSPECT
FALSE_COMPLAINT,FALSE_COMPLAINT,MEDIUM,UNKNOWN,NEUTRAL,0.529,TRAIN,TRAIN,MIXED,P00431:UNRESOLVED;P00320:UNRESOLVED
CLOSED,CLOSED,HARD,CONFIRMED,SUPPORTING,0.954,TRAIN,TRAIN,MIXED,P00225:SUSPECT;P00398:SUSPECT;P00374:SUSPECT
CLOSED,CLOSED,HARD,SUSPECTED,SUPPORTING,0.646,TRAIN,TRAIN,MIXED,P00031:SUSPECT;P00374:SUSPECT;P00256:SUSPECT
CLOSED,CLOSED,HARD,SUSPECTED,SUPPORTING,0.789,TRAIN,TRAIN,MIXED,P00206:SUSPECT;P00031:SUSPECT;P00225:SUSPECT;P00272:SUSPECT
CLOSED,CLOSED,HARD,CONFIRMED,SUPPORTING,0.874,TRAIN,TRAIN,MIXED,P00031:SUSPECT;P00004:SUSPECT;P00225:SUSPECT
CLOSED,CLOSED,HARD,CONFIRMED,SUPPORTING,0.939,TRAIN,TRAIN,MIXED,P00374:SUSPECT;P00272:SUSPECT;P00031:SUSPECT;P00004:SUSPECT
CLOSED,CLOSED,HARD,CONFIRMED,SUPPORTING,0.902,TRAIN,TRAIN,MIXED,P00266:SUSPECT;P00256:SUSPECT;P00004:SUSPECT
CLOSED,CLOSED,HARD,CONFIRMED,SUPPORTING,0.957,TRAIN,TRAIN,MIXED,P00272:SUSPECT;P00004:SUSPECT;P00398:SUSPECT
CLOSED,CLOSED,HARD,UNKNOWN,NEUTRAL,0.26,TRAIN,TRAIN,MIXED,P00272:UNRESOLVED;P00374:UNRESOLVED
CLOSED,CLOSED,HARD,CONFIRMED,SUPPORTING,0.862,TRAIN,TRAIN,MIXED,P00031:SUSPECT;P00206:SUSPECT
CLOSED,CLOSED,HARD,CONFIRMED,SUPPORTING,0.875,TRAIN,TRAIN,MIXED,P00272:SUSPECT;P00398:SUSPECT
UNDER_INVESTIGATION,INVESTIGATION,ADVERSARIAL,CONFIRMED,SUPPORTING,0.968,TRAIN,TRAIN,MIXED,P00466:SUSPECT;P00423:SUSPECT
UNDER_INVESTIGATION,INVESTIGATION,ADVERSARIAL,CONFIRMED,SUPPORTING,0.841,TRAIN,TRAIN,MIXED,P00302:SUSPECT;P00073:SUSPECT;P00466:SUSPECT;P00423:SUSPECT
UNDER_INVESTIGATION,INVESTIGATION,ADVERSARIAL,CONFIRMED,SUPPORTING,0.979,TRAIN,TRAIN,MIXED,P00073:SUSPECT;P00277:SUSPECT;P00372:SUSPECT
UNDER_INVESTIGATION,INVESTIGATION,ADVERSARIAL,UNKNOWN,NEUTRAL,0.483,TRAIN,TRAIN,MIXED,P00003:UNRESOLVED;P00277:UNRESOLVED;P00423:UNRESOLVED
UNDER_INVESTIGATION,INVESTIGATION,ADVERSARIAL,FALSE,CONTRADICTING,0.13,TRAIN,TRAIN,MIXED,P00003:INNOCENT;P00396:INNOCENT;P00439:INNOCENT;P00276:INNOCENT
UNDER_INVESTIGATION,INVESTIGATION,ADVERSARIAL,SUSPECTED,SUPPORTING,0.812,TRAIN,TRAIN,MIXED,P00439:SUSPECT;P00423:SUSPECT;P00073:SUSPECT
UNDER_INVESTIGATION,INVESTIGATION,ADVERSARIAL,FALSE,CONTRADICTING,0.232,TRAIN,TRAIN,MIXED,P00466:INNOCENT;P00423:INNOCENT;P00396:INNOCENT
UNDER_INVESTIGATION,INVESTIGATION,ADVERSARIAL,CONFIRMED,SUPPORTING,0.987,TRAIN,TRAIN,MIXED,P00466:SUSPECT;P00036:SUSPECT;P00276:SUSPECT
UNDER_INVESTIGATION,INVESTIGATION,ADVERSARIAL,CONFIRMED,SUPPORTING,0.858,TRAIN,TRAIN,MIXED,P00466:SUSPECT;P00277:SUSPECT;P00003:SUSPECT
UNDER_INVESTIGATION,INVESTIGATION,ADVERSARIAL,CONFIRMED,SUPPORTING,0.91,TRAIN,TRAIN,MIXED,P00073:SUSPECT;P00036:SUSPECT;P00466:SUSPECT;P00396:SUSPECT
CONVICTED,CONVICTED,UNKNOWN,CONFIRMED,SUPPORTING,0.986,TRAIN,TRAIN,MIXED,P00052:SUSPECT;P00192:SUSPECT;P00473:SUSPECT;P00120:SUSPECT
CONVICTED,CONVICTED,UNKNOWN,CONFIRMED,SUPPORTING,0.898,TRAIN,TRAIN,MIXED,P00473:SUSPECT;P00052:SUSPECT;P00192:SUSPECT
CONVICTED,CONVICTED,UNKNOWN,SUSPECTED,SUPPORTING,0.799,TRAIN,TRAIN,MIXED,P00294:SUSPECT;P00245:SUSPECT
CONVICTED,CONVICTED,UNKNOWN,CONFIRMED,SUPPORTING,0.917,TRAIN,TRAIN,MIXED,P00192:SUSPECT;P00052:SUSPECT;P00120:SUSPECT
CONVICTED,CONVICTED,UNKNOWN,CONFIRMED,SUPPORTING,0.931,TRAIN,TRAIN,MIXED,P00288:SUSPECT;P00473:SUSPECT;P00261:SUSPECT
CONVICTED,CONVICTED,UNKNOWN,SUSPECTED,SUPPORTING,0.585,TRAIN,TRAIN,MIXED,P00169:SUSPECT;P00294:SUSPECT
CONVICTED,CONVICTED,UNKNOWN,CONFIRMED,SUPPORTING,0.919,TRAIN,TRAIN,MIXED,P00249:SUSPECT;P00052:SUSPECT;P00239:SUSPECT
CONVICTED,CONVICTED,UNKNOWN,SUSPECTED,SUPPORTING,0.652,TRAIN,TRAIN,MIXED,P00245:SUSPECT;P00249:SUSPECT;P00374:SUSPECT;P00473:SUSPECT
CONVICTED,CONVICTED,UNKNOWN,CONFIRMED,SUPPORTING,0.834,TRAIN,TRAIN,MIXED,P00261:SUSPECT;P00249:SUSPECT
CONVICTED,CONVICTED,UNKNOWN,CONFIRMED,SUPPORTING,0.847,TRAIN,TRAIN,MIXED,P00473:SUSPECT;P00261:SUSPECT;P00288:SUSPECT
ACQUITTED,ACQUITTED,EASY,CONFIRMED,SUPPORTING,0.881,TRAIN,TRAIN,LEGITIMATE,P00482:SUSPECT;P00473:SUSPECT;P00368:SUSPECT;P00384:SUSPECT
ACQUITTED,ACQUITTED,EASY,CONFIRMED,SUPPORTING,0.864,TRAIN,TRAIN,LEGITIMATE,P00410:SUSPECT;P00384:SUSPECT;P00473:SUSPECT
ACQUITTED,ACQUITTED,EASY,FALSE,CONTRADICTING,0.166,TRAIN,TRAIN,LEGITIMATE,P00384:INNOCENT;P00410:INNOCENT;P00360:INNOCENT;P00001:INNOCENT
ACQUITTED,ACQUITTED,EASY,UNKNOWN,NEUTRAL,0.328,TRAIN,TRAIN,LEGITIMATE,P00473:UNRESOLVED;P00368:UNRESOLVED;P00360:UNRESOLVED
ACQUITTED,ACQUITTED,EASY,SUSPECTED,SUPPORTING,0.61,TRAIN,TRAIN,LEGITIMATE,P00088:SUSPECT;P00056:SUSPECT;P00001:SUSPECT
ACQUITTED,ACQUITTED,EASY,CONFIRMED,SUPPORTING,0.826,TRAIN,TRAIN,LEGITIMATE,P00056:SUSPECT;P00410:SUSPECT;P00001:SUSPECT;P00125:SUSPECT
ACQUITTED,ACQUITTED,EASY,CONFIRMED,SUPPORTING,0.968,TRAIN,TRAIN,LEGITIMATE,P00056:SUSPECT;P00384:SUSPECT;P00472:SUSPECT
ACQUITTED,ACQUITTED,EASY,CONFIRMED,SUPPORTING,0.921,TRAIN,TRAIN,LEGITIMATE,P00001:SUSPECT;P00125:SUSPECT;P00473:SUSPECT;P00360:SUSPECT
ACQUITTED,ACQUITTED,EASY,CONFIRMED,SUPPORTING,0.972,TRAIN,TRAIN,LEGITIMATE,P00248:SUSPECT;P00482:SUSPECT;P00473:SUSPECT;P00472:SUSPECT
ACQUITTED,ACQUITTED,EASY,CONFIRMED,SUPPORTING,0.906,TRAIN,TRAIN,LEGITIMATE,P00248:SUSPECT;P00368:SUSPECT;P00473:SUSPECT
EXONERATED,EXONERATED,MEDIUM,CONFIRMED,SUPPORTING,0.828,TRAIN,TRAIN,LEGITIMATE,P00205:SUSPECT;P00359:SUSPECT;P00328:SUSPECT
EXONERATED,EXONERATED,MEDIUM,CONFIRMED,SUPPORTING,0.868,TRAIN,TRAIN,LEGITIMATE,P00415:SUSPECT;P00357:SUSPECT;P00339:SUSPECT;P00328:SUSPECT
EXONERATED,EXONERATED,MEDIUM,CONFIRMED,SUPPORTING,0.984,TRAIN,TRAIN,LEGITIMATE,P00110:SUSPECT;P00282:SUSPECT;P00359:SUSPECT;P00060:SUSPECT
EXONERATED,EXONERATED,MEDIUM,SUSPECTED,SUPPORTING,0.828,TRAIN,TRAIN,LEGITIMATE,P00110:SUSPECT;P00328:SUSPECT;P00359:SUSPECT
EXONERATED,EXONERATED,MEDIUM,CONFIRMED,SUPPORTING,0.826,TRAIN,TRAIN,LEGITIMATE,P00339:SUSPECT;P00065:SUSPECT
EXONERATED,EXONERATED,MEDIUM,UNKNOWN,NEUTRAL,0.301,TRAIN,TRAIN,LEGITIMATE,P00205:UNRESOLVED;P00282:UNRESOLVED;P00449:UNRESOLVED
EXONERATED,EXONERATED,MEDIUM,CONFIRMED,SUPPORTING,0.964,TRAIN,TRAIN,LEGITIMATE,P00339:SUSPECT;P00357:SUSPECT;P00324:SUSPECT
EXONERATED,EXONERATED,MEDIUM,CONFIRMED,SUPPORTING,0.847,TRAIN,TRAIN,LEGITIMATE,P00339:SUSPECT;P00328:SUSPECT;P00104:SUSPECT
EXONERATED,EXONERATED,MEDIUM,CONFIRMED,SUPPORTING,0.833,TRAIN,TRAIN,LEGITIMATE,P00328:SUSPECT;P00282:SUSPECT
EXONERATED,EXONERATED,MEDIUM,CONFIRMED,SUPPORTING,0.903,TRAIN,TRAIN,LEGITIMATE,P00339:SUSPECT;P00415:SUSPECT;P00357:SUSPECT
INSUFFICIENT_EVIDENCE,INSUFFICIENT_EVIDENCE,HARD,CONFIRMED,SUPPORTING,0.967,TRAIN,TRAIN,LEGITIMATE,P00254:SUSPECT;P00094:SUSPECT;P00214:SUSPECT;P00195:SUSPECT
INSUFFICIENT_EVIDENCE,INSUFFICIENT_EVIDENCE,HARD,CONFIRMED,SUPPORTING,0.941,TRAIN,TRAIN,LEGITIMATE,P00415:SUSPECT;P00214:SUSPECT
INSUFFICIENT_EVIDENCE,INSUFFICIENT_EVIDENCE,HARD,CONFIRMED,SUPPORTING,0.935,TRAIN,TRAIN,LEGITIMATE,P00055:SUSPECT;P00295:SUSPECT
INSUFFICIENT_EVIDENCE,INSUFFICIENT_EVIDENCE,HARD,CONFIRMED,SUPPORTING,0.886,TRAIN,TRAIN,LEGITIMATE,P00389:SUSPECT;P00209:SUSPECT
INSUFFICIENT_EVIDENCE,INSUFFICIENT_EVIDENCE,HARD,CONFIRMED,SUPPORTING,0.865,TRAIN,TRAIN,LEGITIMATE,P00177:SUSPECT;P00491:SUSPECT;P00254:SUSPECT;P00295:SUSPECT
INSUFFICIENT_EVIDENCE,INSUFFICIENT_EVIDENCE,HARD,FALSE,CONTRADICTING,0.395,TRAIN,TRAIN,LEGITIMATE,P00055:INNOCENT;P00221:INNOCENT;P00389:INNOCENT;P00415:INNOCENT
INSUFFICIENT_EVIDENCE,INSUFFICIENT_EVIDENCE,HARD,CONFIRMED,SUPPORTING,0.908,TRAIN,TRAIN,LEGITIMATE,P00055:SUSPECT;P00177:SUSPECT;P00195:SUSPECT
INSUFFICIENT_EVIDENCE,INSUFFICIENT_EVIDENCE,HARD,CONFIRMED,SUPPORTING,0.844,TRAIN,TRAIN,LEGITIMATE,P00491:SUSPECT;P00389:SUSPECT;P00254:SUSPECT
INSUFFICIENT_EVIDENCE,INSUFFICIENT_EVIDENCE,HARD,UNKNOWN,NEUTRAL,0.303,TRAIN,TRAIN,LEGITIMATE,P00177:UNRESOLVED;P00094:UNRESOLVED;P00221:UNRESOLVED
INSUFFICIENT_EVIDENCE,INSUFFICIENT_EVIDENCE,HARD,SUSPECTED,SUPPORTING,0.708,TRAIN,TRAIN,LEGITIMATE,P00221:SUSPECT;P00415:SUSPECT
FALSE_COMPLAINT,FALSE_COMPLAINT,ADVERSARIAL,CONFIRMED,SUPPORTING,0.898,TRAIN,TRAIN,LEGITIMATE,P00138:SUSPECT;P00403:SUSPECT;P00190:SUSPECT;P00087:SUSPECT
FALSE_COMPLAINT,FALSE_COMPLAINT,ADVERSARIAL,CONFIRMED,SUPPORTING,0.967,TRAIN,TRAIN,LEGITIMATE,P00357:SUSPECT;P00190:SUSPECT
FALSE_COMPLAINT,FALSE_COMPLAINT,ADVERSARIAL,CONFIRMED,SUPPORTING,0.852,TRAIN,TRAIN,LEGITIMATE,P00138:SUSPECT;P00051:SUSPECT;P00403:SUSPECT;P00357:SUSPECT
FALSE_COMPLAINT,FALSE_COMPLAINT,ADVERSARIAL,SUSPECTED,SUPPORTING,0.608,TRAIN,TRAIN,LEGITIMATE,P00357:SUSPECT;P00190:SUSPECT;P00403:SUSPECT
FALSE_COMPLAINT,FALSE_COMPLAINT,ADVERSARIAL,UNKNOWN,NEUTRAL,0.488,TRAIN,TRAIN,LEGITIMATE,P00410:UNRESOLVED;P00051:UNRESOLVED;P00190:UNRESOLVED
FALSE_COMPLAINT,FALSE_COMPLAINT,ADVERSARIAL,CONFIRMED,SUPPORTING,0.955,TRAIN,TRAIN,LEGITIMATE,P00190:SUSPECT;P00403:SUSPECT;P00087:SUSPECT;P00138:SUSPECT
FALSE_COMPLAINT,FALSE_COMPLAINT,ADVERSARIAL,CONFIRMED,SUPPORTING,0.824,TRAIN,TRAIN,LEGITIMATE,P00357:SUSPECT;P00190:SUSPECT;P00051:SUSPECT;P00403:SUSPECT
FALSE_COMPLAINT,FALSE_COMPLAINT,ADVERSARIAL,CONFIRMED,SUPPORTING,0.957,TRAIN,TRAIN,LEGITIMATE,P00051:SUSPECT;P00190:SUSPECT
FALSE_COMPLAINT,FALSE_COMPLAINT,ADVERSARIAL,CONFIRMED,SUPPORTING,0.938,TRAIN,TRAIN,LEGITIMATE,P00190:SUSPECT;P00087:SUSPECT;P00138:SUSPECT;P00357:SUSPECT
FALSE_COMPLAINT,FALSE_COMPLAINT,ADVERSARIAL,CONFIRMED,SUPPORTING,0.857,TRAIN,TRAIN,LEGITIMATE,P00410:SUSPECT;P00087:SUSPECT
CLOSED,CLOSED,UNKNOWN,CONFIRMED,SUPPORTING,0.875,TRAIN,TRAIN,LEGITIMATE,P00238:SUSPECT;P00218:SUSPECT
CLOSED,CLOSED,UNKNOWN,CONFIRMED,SUPPORTING,0.87,TRAIN,TRAIN,LEGITIMATE,P00002:SUSPECT;P00427:SUSPECT;P00424:SUSPECT
CLOSED,CLOSED,UNKNOWN,CONFIRMED,SUPPORTING,0.972,TRAIN,TRAIN,LEGITIMATE,P00031:SUSPECT;P00491:SUSPECT
CLOSED,CLOSED,UNKNOWN,CONFIRMED,SUPPORTING,0.839,TRAIN,TRAIN,LEGITIMATE,P00410:SUSPECT;P00276:SUSPECT;P00427:SUSPECT
CLOSED,CLOSED,UNKNOWN,SUSPECTED,SUPPORTING,0.648,TRAIN,TRAIN,LEGITIMATE,P00114:SUSPECT;P00378:SUSPECT;P00265:SUSPECT
CLOSED,CLOSED,UNKNOWN,CONFIRMED,SUPPORTING,0.932,TRAIN,TRAIN,LEGITIMATE,P00114:SUSPECT;P00027:SUSPECT;P00218:SUSPECT;P00491:SUSPECT
CLOSED,CLOSED,UNKNOWN,CONFIRMED,SUPPORTING,0.841,TRAIN,TRAIN,LEGITIMATE,P00191:SUSPECT;P00427:SUSPECT
CLOSED,CLOSED,UNKNOWN,CONFIRMED,SUPPORTING,0.951,TRAIN,TRAIN,LEGITIMATE,P00410:SUSPECT;P00378:SUSPECT
CLOSED,CLOSED,UNKNOWN,CONFIRMED,SUPPORTING,0.985,TRAIN,TRAIN,LEGITIMATE,P00218:SUSPECT;P00378:SUSPECT;P00389:SUSPECT;P00027:SUSPECT
CLOSED,CLOSED,UNKNOWN,CONFIRMED,SUPPORTING,0.982,TRAIN,TRAIN,LEGITIMATE,P00410:SUSPECT;P00329:SUSPECT;P00250:SUSPECT;P00424:SUSPECT
UNDER_INVESTIGATION,INVESTIGATION,EASY,SUSPECTED,SUPPORTING,0.696,VALIDATION,VALIDATION,LEGITIMATE,P00774:SUSPECT;P00833:SUSPECT
UNDER_INVESTIGATION,INVESTIGATION,EASY,SUSPECTED,SUPPORTING,0.791,VALIDATION,VALIDATION,LEGITIMATE,P00557:SUSPECT;P00532:SUSPECT;P00933:SUSPECT;P00833:SUSPECT
UNDER_INVESTIGATION,INVESTIGATION,EASY,UNKNOWN,NEUTRAL,0.245,VALIDATION,VALIDATION,LEGITIMATE,P00556:UNRESOLVED;P00637:UNRESOLVED
UNDER_INVESTIGATION,INVESTIGATION,EASY,SUSPECTED,SUPPORTING,0.646,VALIDATION,VALIDATION,LEGITIMATE,P00609:SUSPECT;P00741:SUSPECT;P00527:SUSPECT
UNDER_INVESTIGATION,INVESTIGATION,EASY,CONFIRMED,SUPPORTING,0.851,VALIDATION,VALIDATION,LEGITIMATE,P00933:SUSPECT;P00724:SUSPECT;P00741:SUSPECT;P00759:SUSPECT
UNDER_INVESTIGATION,INVESTIGATION,EASY,UNKNOWN,NEUTRAL,0.242,VALIDATION,VALIDATION,LEGITIMATE,P00556:UNRESOLVED;P00666:UNRESOLVED;P00741:UNRESOLVED;P00609:UNRESOLVED
UNDER_INVESTIGATION,INVESTIGATION,EASY,CONFIRMED,SUPPORTING,0.838,VALIDATION,VALIDATION,LEGITIMATE,P00557:SUSPECT;P00907:SUSPECT;P00637:SUSPECT
UNDER_INVESTIGATION,INVESTIGATION,EASY,UNKNOWN,NEUTRAL,0.376,VALIDATION,VALIDATION,LEGITIMATE,P00908:UNRESOLVED;P00724:UNRESOLVED;P00532:UNRESOLVED;P00689:UNRESOLVED
UNDER_INVESTIGATION,INVESTIGATION,EASY,CONFIRMED,SUPPORTING,0.864,VALIDATION,VALIDATION,LEGITIMATE,P00724:SUSPECT;P00933:SUSPECT;P00666:SUSPECT;P00833:SUSPECT
UNDER_INVESTIGATION,INVESTIGATION,EASY,CONFIRMED,SUPPORTING,0.88,VALIDATION,VALIDATION,LEGITIMATE,P00696:SUSPECT;P00702:SUSPECT;P00908:SUSPECT;P00666:SUSPECT
CONVICTED,CONVICTED,MEDIUM,SUSPECTED,SUPPORTING,0.792,VALIDATION,VALIDATION,LEGITIMATE,P00767:SUSPECT;P00795:SUSPECT;P00793:SUSPECT;P00623:SUSPECT
CONVICTED,CONVICTED,MEDIUM,CONFIRMED,SUPPORTING,0.837,VALIDATION,VALIDATION,LEGITIMATE,P00795:SUSPECT;P00642:SUSPECT
CONVICTED,CONVICTED,MEDIUM,FALSE,CONTRADICTING,0.349,VALIDATION,VALIDATION,LEGITIMATE,P00642:INNOCENT;P00767:INNOCENT;P00698:INNOCENT;P00795:INNOCENT
CONVICTED,CONVICTED,MEDIUM,CONFIRMED,SUPPORTING,0.961,VALIDATION,VALIDATION,LEGITIMATE,P00561:SUSPECT;P00623:SUSPECT
CONVICTED,CONVICTED,MEDIUM,CONFIRMED,SUPPORTING,0.936,VALIDATION,VALIDATION,LEGITIMATE,P00795:SUSPECT;P00502:SUSPECT;P00623:SUSPECT
CONVICTED,CONVICTED,MEDIUM,SUSPECTED,SUPPORTING,0.597,VALIDATION,VALIDATION,LEGITIMATE,P00795:SUSPECT;P00793:SUSPECT
CONVICTED,CONVICTED,MEDIUM,CONFIRMED,SUPPORTING,0.885,VALIDATION,VALIDATION,LEGITIMATE,P00914:SUSPECT;P00502:SUSPECT;P00793:SUSPECT
CONVICTED,CONVICTED,MEDIUM,CONFIRMED,SUPPORTING,0.934,VALIDATION,VALIDATION,LEGITIMATE,P00623:SUSPECT;P00561:SUSPECT;P00502:SUSPECT
CONVICTED,CONVICTED,MEDIUM,SUSPECTED,SUPPORTING,0.67,VALIDATION,VALIDATION,LEGITIMATE,P00617:SUSPECT;P00733:SUSPECT;P00795:SUSPECT
CONVICTED,CONVICTED,MEDIUM,UNKNOWN,NEUTRAL,0.542,VALIDATION,VALIDATION,LEGITIMATE,P00793:UNRESOLVED;P00795:UNRESOLVED
ACQUITTED,ACQUITTED,HARD,FALSE,CONTRADICTING,0.214,VALIDATION,VALIDATION,LEGITIMATE,P00578:INNOCENT;P00627:INNOCENT;P00626:INNOCENT
ACQUITTED,ACQUITTED,HARD,CONFIRMED,SUPPORTING,0.904,VALIDATION,VALIDATION,LEGITIMATE,P00547:SUSPECT;P00578:SUSPECT;P00626:SUSPECT;P00627:SUSPECT
ACQUITTED,ACQUITTED,HARD,UNKNOWN,NEUTRAL,0.327,VALIDATION,VALIDATION,LEGITIMATE,P00627:UNRESOLVED;P00547:UNRESOLVED;P00578:UNRESOLVED;P00937:UNRESOLVED
ACQUITTED,ACQUITTED,HARD,CONFIRMED,SUPPORTING,0.962,VALIDATION,VALIDATION,LEGITIMATE,P00547:SUSPECT;P00578:SUSPECT;P00626:SUSPECT;P00627:SUSPECT
ACQUITTED,ACQUITTED,HARD,CONFIRMED,SUPPORTING,0.987,VALIDATION,VALIDATION,LEGITIMATE,P00627:SUSPECT;P00578:SUSPECT;P00547:SUSPECT
ACQUITTED,ACQUITTED,HARD,CONFIRMED,SUPPORTING,0.863,VALIDATION,VALIDATION,LEGITIMATE,P00937:SUSPECT;P00627:SUSPECT;P00578:SUSPECT
ACQUITTED,ACQUITTED,HARD,CONFIRMED,SUPPORTING,0.892,VALIDATION,VALIDATION,LEGITIMATE,P00920:SUSPECT;P00547:SUSPECT;P00627:SUSPECT;P00578:SUSPECT
ACQUITTED,ACQUITTED,HARD,CONFIRMED,SUPPORTING,0.857,VALIDATION,VALIDATION,LEGITIMATE,P00920:SUSPECT;P00627:SUSPECT;P00547:SUSPECT
ACQUITTED,ACQUITTED,HARD,UNKNOWN,NEUTRAL,0.274,VALIDATION,VALIDATION,LEGITIMATE,P00627:UNRESOLVED;P00920:UNRESOLVED;P00626:UNRESOLVED;P00578:UNRESOLVED
ACQUITTED,ACQUITTED,HARD,SUSPECTED,SUPPORTING,0.787,VALIDATION,VALIDATION,LEGITIMATE,P00627:SUSPECT;P00626:SUSPECT;P00578:SUSPECT;P00547:SUSPECT
EXONERATED,EXONERATED,ADVERSARIAL,CONFIRMED,SUPPORTING,0.921,VALIDATION,VALIDATION,LEGITIMATE,P00523:SUSPECT;P00865:SUSPECT;P00792:SUSPECT;P00777:SUSPECT
EXONERATED,EXONERATED,ADVERSARIAL,UNKNOWN,NEUTRAL,0.253,VALIDATION,VALIDATION,LEGITIMATE,P00535:UNRESOLVED;P00563:UNRESOLVED;P00937:UNRESOLVED;P00761:UNRESOLVED
EXONERATED,EXONERATED,ADVERSARIAL,FALSE,CONTRADICTING,0.346,VALIDATION,VALIDATION,LEGITIMATE,P00861:INNOCENT;P00793:INNOCENT;P00715:INNOCENT;P00865:INNOCENT
EXONERATED,EXONERATED,ADVERSARIAL,UNKNOWN,NEUTRAL,0.202,VALIDATION,VALIDATION,LEGITIMATE,P00616:UNRESOLVED;P00861:UNRESOLVED
EXONERATED,EXONERATED,ADVERSARIAL,CONFIRMED,SUPPORTING,0.857,VALIDATION,VALIDATION,LEGITIMATE,P00937:SUSPECT;P00777:SUSPECT;P00616:SUSPECT
EXONERATED,EXONERATED,ADVERSARIAL,CONFIRMED,SUPPORTING,0.966,VALIDATION,VALIDATION,LEGITIMATE,P00882:SUSPECT;P00563:SUSPECT;P00777:SUSPECT;P00535:SUSPECT
EXONERATED,EXONERATED,ADVERSARIAL,CONFIRMED,SUPPORTING,0.846,VALIDATION,VALIDATION,LEGITIMATE,P00937:SUSPECT;P00711:SUSPECT
EXONERATED,EXONERATED,ADVERSARIAL,CONFIRMED,SUPPORTING,0.883,VALIDATION,VALIDATION,LEGITIMATE,P00777:SUSPECT;P00882:SUSPECT;P00902:SUSPECT
EXONERATED,EXONERATED,ADVERSARIAL,UNKNOWN,NEUTRAL,0.481,VALIDATION,VALIDATION,LEGITIMATE,P00535:UNRESOLVED;P00937:UNRESOLVED;P00761:UNRESOLVED
EXONERATED,EXONERATED,ADVERSARIAL,CONFIRMED,SUPPORTING,0.918,VALIDATION,VALIDATION,LEGITIMATE,P00741:SUSPECT;P00943:SUSPECT
INSUFFICIENT_EVIDENCE,INSUFFICIENT_EVIDENCE,UNKNOWN,SUSPECTED,SUPPORTING,0.82,VALIDATION,VALIDATION,LEGITIMATE,P00577:SUSPECT;P00525:SUSPECT;P00641:SUSPECT;P00614:SUSPECT
INSUFFICIENT_EVIDENCE,INSUFFICIENT_EVIDENCE,UNKNOWN,SUSPECTED,SUPPORTING,0.725,VALIDATION,VALIDATION,LEGITIMATE,P00571:SUSPECT;P00614:SUSPECT;P00508:SUSPECT;P00762:SUSPECT
INSUFFICIENT_EVIDENCE,INSUFFICIENT_EVIDENCE,UNKNOWN,CONFIRMED,SUPPORTING,0.901,VALIDATION,VALIDATION,LEGITIMATE,P00571:SUSPECT;P00614:SUSPECT;P00583:SUSPECT
INSUFFICIENT_EVIDENCE,INSUFFICIENT_EVIDENCE,UNKNOWN,CONFIRMED,SUPPORTING,0.873,VALIDATION,VALIDATION,LEGITIMATE,P00505:SUSPECT;P00538:SUSPECT
INSUFFICIENT_EVIDENCE,INSUFFICIENT_EVIDENCE,UNKNOWN,UNKNOWN,NEUTRAL,0.296,VALIDATION,VALIDATION,LEGITIMATE,P00508:UNRESOLVED;P00577:UNRESOLVED
INSUFFICIENT_EVIDENCE,INSUFFICIENT_EVIDENCE,UNKNOWN,CONFIRMED,SUPPORTING,0.875,VALIDATION,VALIDATION,LEGITIMATE,P00583:SUSPECT;P00538:SUSPECT;P00762:SUSPECT
INSUFFICIENT_EVIDENCE,INSUFFICIENT_EVIDENCE,UNKNOWN,CONFIRMED,SUPPORTING,0.933,VALIDATION,VALIDATION,LEGITIMATE,P00583:SUSPECT;P00844:SUSPECT
INSUFFICIENT_EVIDENCE,INSUFFICIENT_EVIDENCE,UNKNOWN,UNKNOWN,NEUTRAL,0.296,VALIDATION,VALIDATION,LEGITIMATE,P00541:UNRESOLVED;P00762:UNRESOLVED;P00844:UNRESOLVED;P00560:UNRESOLVED
INSUFFICIENT_EVIDENCE,INSUFFICIENT_EVIDENCE,UNKNOWN,CONFIRMED,SUPPORTING,0.888,VALIDATION,VALIDATION,LEGITIMATE,P00508:SUSPECT;P00541:SUSPECT;P00583:SUSPECT
INSUFFICIENT_EVIDENCE,INSUFFICIENT_EVIDENCE,UNKNOWN,SUSPECTED,SUPPORTING,0.734,VALIDATION,VALIDATION,LEGITIMATE,P00762:SUSPECT;P00641:SUSPECT;P00541:SUSPECT
FALSE_COMPLAINT,FALSE_COMPLAINT,EASY,CONFIRMED,SUPPORTING,0.837,VALIDATION,VALIDATION,LEGITIMATE,P00701:SUSPECT;P00948:SUSPECT;P00776:SUSPECT
FALSE_COMPLAINT,FALSE_COMPLAINT,EASY,CONFIRMED,SUPPORTING,0.893,VALIDATION,VALIDATION,LEGITIMATE,P00922:SUSPECT;P00701:SUSPECT;P00641:SUSPECT
FALSE_COMPLAINT,FALSE_COMPLAINT,EASY,UNKNOWN,NEUTRAL,0.396,VALIDATION,VALIDATION,LEGITIMATE,P00701:UNRESOLVED;P00641:UNRESOLVED;P00936:UNRESOLVED
FALSE_COMPLAINT,FALSE_COMPLAINT,EASY,CONFIRMED,SUPPORTING,0.937,VALIDATION,VALIDATION,LEGITIMATE,P00641:SUSPECT;P00922:SUSPECT;P00936:SUSPECT;P00701:SUSPECT
FALSE_COMPLAINT,FALSE_COMPLAINT,EASY,CONFIRMED,SUPPORTING,0.925,VALIDATION,VALIDATION,LEGITIMATE,P00936:SUSPECT;P00922:SUSPECT;P00641:SUSPECT;P00776:SUSPECT
FALSE_COMPLAINT,FALSE_COMPLAINT,EASY,SUSPECTED,SUPPORTING,0.729,VALIDATION,VALIDATION,LEGITIMATE,P00936:SUSPECT;P00776:SUSPECT;P00641:SUSPECT;P00922:SUSPECT
FALSE_COMPLAINT,FALSE_COMPLAINT,EASY,SUSPECTED,SUPPORTING,0.847,VALIDATION,VALIDATION,LEGITIMATE,P00641:SUSPECT;P00936:SUSPECT;P00776:SUSPECT;P00948:SUSPECT
FALSE_COMPLAINT,FALSE_COMPLAINT,EASY,CONFIRMED,SUPPORTING,0.948,VALIDATION,VALIDATION,LEGITIMATE,P00776:SUSPECT;P00922:SUSPECT;P00701:SUSPECT;P00948:SUSPECT
FALSE_COMPLAINT,FALSE_COMPLAINT,EASY,CONFIRMED,SUPPORTING,0.848,VALIDATION,VALIDATION,LEGITIMATE,P00936:SUSPECT;P00948:SUSPECT;P00701:SUSPECT
FALSE_COMPLAINT,FALSE_COMPLAINT,EASY,CONFIRMED,SUPPORTING,0.975,VALIDATION,VALIDATION,LEGITIMATE,P00936:SUSPECT;P00641:SUSPECT;P00776:SUSPECT
CLOSED,CLOSED,MEDIUM,CONFIRMED,SUPPORTING,0.866,VALIDATION,VALIDATION,LEGITIMATE,P00510:SUSPECT;P00883:SUSPECT;P00564:SUSPECT;P00668:SUSPECT
CLOSED,CLOSED,MEDIUM,UNKNOWN,NEUTRAL,0.377,VALIDATION,VALIDATION,LEGITIMATE,P00883:UNRESOLVED;P00889:UNRESOLVED
CLOSED,CLOSED,MEDIUM,CONFIRMED,SUPPORTING,0.862,VALIDATION,VALIDATION,LEGITIMATE,P00883:SUSPECT;P00668:SUSPECT;P00889:SUSPECT
CLOSED,CLOSED,MEDIUM,UNKNOWN,NEUTRAL,0.242,VALIDATION,VALIDATION,LEGITIMATE,P00668:UNRESOLVED;P00736:UNRESOLVED;P00827:UNRESOLVED
CLOSED,CLOSED,MEDIUM,CONFIRMED,SUPPORTING,0.934,VALIDATION,VALIDATION,LEGITIMATE,P00736:SUSPECT;P00668:SUSPECT;P00827:SUSPECT;P00513:SUSPECT
CLOSED,CLOSED,MEDIUM,SUSPECTED,SUPPORTING,0.596,VALIDATION,VALIDATION,LEGITIMATE,P00520:SUSPECT;P00510:SUSPECT;P00736:SUSPECT
CLOSED,CLOSED,MEDIUM,CONFIRMED,SUPPORTING,0.981,VALIDATION,VALIDATION,LEGITIMATE,P00668:SUSPECT;P00520:SUSPECT;P00883:SUSPECT;P00510:SUSPECT
CLOSED,CLOSED,MEDIUM,CONFIRMED,SUPPORTING,0.952,VALIDATION,VALIDATION,LEGITIMATE,P00609:SUSPECT;P00564:SUSPECT
CLOSED,CLOSED,MEDIUM,FALSE,CONTRADICTING,0.174,VALIDATION,VALIDATION,LEGITIMATE,P00564:INNOCENT;P00668:INNOCENT
CLOSED,CLOSED,MEDIUM,CONFIRMED,SUPPORTING,0.903,VALIDATION,VALIDATION,LEGITIMATE,P00520:SUSPECT;P00668:SUSPECT
UNDER_INVESTIGATION,INVESTIGATION,HARD,SUSPECTED,SUPPORTING,0.695,VALIDATION,VALIDATION,LEGITIMATE,P00685:SUSPECT;P00929:SUSPECT;P00832:SUSPECT;P00520:SUSPECT
UNDER_INVESTIGATION,INVESTIGATION,HARD,FALSE,CONTRADICTING,0.368,VALIDATION,VALIDATION,LEGITIMATE,P00737:INNOCENT;P00956:INNOCENT;P00646:INNOCENT;P00801:INNOCENT
UNDER_INVESTIGATION,INVESTIGATION,HARD,CONFIRMED,SUPPORTING,0.941,VALIDATION,VALIDATION,LEGITIMATE,P00929:SUSPECT;P00685:SUSPECT
UNDER_INVESTIGATION,INVESTIGATION,HARD,CONFIRMED,SUPPORTING,0.882,VALIDATION,VALIDATION,LEGITIMATE,P00801:SUSPECT;P00956:SUSPECT;P00929:SUSPECT;P00832:SUSPECT
UNDER_INVESTIGATION,INVESTIGATION,HARD,CONFIRMED,SUPPORTING,0.949,VALIDATION,VALIDATION,LEGITIMATE,P00801:SUSPECT;P00832:SUSPECT
UNDER_INVESTIGATION,INVESTIGATION,HARD,CONFIRMED,SUPPORTING,0.886,VALIDATION,VALIDATION,LEGITIMATE,P00832:SUSPECT;P00520:SUSPECT;P00956:SUSPECT;P00929:SUSPECT
UNDER_INVESTIGATION,INVESTIGATION,HARD,UNKNOWN,NEUTRAL,0.509,VALIDATION,VALIDATION,LEGITIMATE,P00646:UNRESOLVED;P00956:UNRESOLVED
UNDER_INVESTIGATION,INVESTIGATION,HARD,CONFIRMED,SUPPORTING,0.986,VALIDATION,VALIDATION,LEGITIMATE,P00956:SUSPECT;P00801:SUSPECT
UNDER_INVESTIGATION,INVESTIGATION,HARD,CONFIRMED,SUPPORTING,0.872,VALIDATION,VALIDATION,LEGITIMATE,P00737:SUSPECT;P00832:SUSPECT
UNDER_INVESTIGATION,INVESTIGATION,HARD,CONFIRMED,SUPPORTING,0.885,VALIDATION,VALIDATION,LEGITIMATE,P00929:SUSPECT;P00685:SUSPECT;P00737:SUSPECT
CONVICTED,CONVICTED,ADVERSARIAL,UNKNOWN,NEUTRAL,0.278,VALIDATION,VALIDATION,LEGITIMATE,P00703:UNRESOLVED;P00773:UNRESOLVED;P00853:UNRESOLVED;P00613:UNRESOLVED
CONVICTED,CONVICTED,ADVERSARIAL,SUSPECTED,SUPPORTING,0.844,VALIDATION,VALIDATION,LEGITIMATE,P00773:SUSPECT;P00717:SUSPECT;P00613:SUSPECT;P00999:SUSPECT
CONVICTED,CONVICTED,ADVERSARIAL,SUSPECTED,SUPPORTING,0.768,VALIDATION,VALIDATION,LEGITIMATE,P00560:SUSPECT;P00698:SUSPECT;P00853:SUSPECT;P00703:SUSPECT
CONVICTED,CONVICTED,ADVERSARIAL,CONFIRMED,SUPPORTING,0.847,VALIDATION,VALIDATION,LEGITIMATE,P00563:SUSPECT;P00999:SUSPECT;P00773:SUSPECT
CONVICTED,CONVICTED,ADVERSARIAL,CONFIRMED,SUPPORTING,0.855,VALIDATION,VALIDATION,LEGITIMATE,P00807:SUSPECT;P00698:SUSPECT;P00999:SUSPECT
CONVICTED,CONVICTED,ADVERSARIAL,CONFIRMED,SUPPORTING,0.938,VALIDATION,VALIDATION,LEGITIMATE,P00807:SUSPECT;P00668:SUSPECT
CONVICTED,CONVICTED,ADVERSARIAL,CONFIRMED,SUPPORTING,0.821,VALIDATION,VALIDATION,LEGITIMATE,P00563:SUSPECT;P00720:SUSPECT;P00999:SUSPECT
CONVICTED,CONVICTED,ADVERSARIAL,CONFIRMED,SUPPORTING,0.9,VALIDATION,VALIDATION,LEGITIMATE,P00853:SUSPECT;P00668:SUSPECT;P00541:SUSPECT
CONVICTED,CONVICTED,ADVERSARIAL,CONFIRMED,SUPPORTING,0.956,VALIDATION,VALIDATION,LEGITIMATE,P00853:SUSPECT;P00936:SUSPECT
CONVICTED,CONVICTED,ADVERSARIAL,CONFIRMED,SUPPORTING,0.844,VALIDATION,VALIDATION,LEGITIMATE,P00668:SUSPECT;P00999:SUSPECT;P00560:SUSPECT;P00541:SUSPECT
ACQUITTED,ACQUITTED,UNKNOWN,CONFIRMED,SUPPORTING,0.925,VALIDATION,VALIDATION,LEGITIMATE,P00742:SUSPECT;P00756:SUSPECT;P00975:SUSPECT
ACQUITTED,ACQUITTED,UNKNOWN,UNKNOWN,NEUTRAL,0.533,VALIDATION,VALIDATION,LEGITIMATE,P00627:UNRESOLVED;P00916:UNRESOLVED
ACQUITTED,ACQUITTED,UNKNOWN,CONFIRMED,SUPPORTING,0.961,VALIDATION,VALIDATION,LEGITIMATE,P00756:SUSPECT;P00627:SUSPECT;P00988:SUSPECT
ACQUITTED,ACQUITTED,UNKNOWN,CONFIRMED,SUPPORTING,0.93,VALIDATION,VALIDATION,LEGITIMATE,P00563:SUSPECT;P00518:SUSPECT;P00756:SUSPECT;P00916:SUSPECT
ACQUITTED,ACQUITTED,UNKNOWN,CONFIRMED,SUPPORTING,0.938,VALIDATION,VALIDATION,LEGITIMATE,P00975:SUSPECT;P00576:SUSPECT
ACQUITTED,ACQUITTED,UNKNOWN,CONFIRMED,SUPPORTING,0.875,VALIDATION,VALIDATION,LEGITIMATE,P00771:SUSPECT;P00627:SUSPECT;P00988:SUSPECT;P00756:SUSPECT
ACQUITTED,ACQUITTED,UNKNOWN,CONFIRMED,SUPPORTING,0.949,VALIDATION,VALIDATION,LEGITIMATE,P00697:SUSPECT;P00651:SUSPECT
ACQUITTED,ACQUITTED,UNKNOWN,CONFIRMED,SUPPORTING,0.904,VALIDATION,VALIDATION,LEGITIMATE,P00716:SUSPECT;P00563:SUSPECT;P00991:SUSPECT
ACQUITTED,ACQUITTED,UNKNOWN,SUSPECTED,SUPPORTING,0.717,VALIDATION,VALIDATION,LEGITIMATE,P00576:SUSPECT;P00975:SUSPECT
ACQUITTED,ACQUITTED,UNKNOWN,SUSPECTED,SUPPORTING,0.786,VALIDATION,VALIDATION,LEGITIMATE,P00943:SUSPECT;P00991:SUSPECT;P00771:SUSPECT
EXONERATED,EXONERATED,EASY,CONFIRMED,SUPPORTING,0.946,VALIDATION,VALIDATION,LEGITIMATE,P00539:SUSPECT;P00535:SUSPECT;P00670:SUSPECT;P00846:SUSPECT
EXONERATED,EXONERATED,EASY,SUSPECTED,SUPPORTING,0.628,VALIDATION,VALIDATION,LEGITIMATE,P00732:SUSPECT;P00535:SUSPECT;P00665:SUSPECT;P00532:SUSPECT
EXONERATED,EXONERATED,EASY,CONFIRMED,SUPPORTING,0.828,VALIDATION,VALIDATION,LEGITIMATE,P00732:SUSPECT;P00535:SUSPECT
EXONERATED,EXONERATED,EASY,UNKNOWN,NEUTRAL,0.364,VALIDATION,VALIDATION,LEGITIMATE,P00717:UNRESOLVED;P00532:UNRESOLVED
EXONERATED,EXONERATED,EASY,CONFIRMED,SUPPORTING,0.906,VALIDATION,VALIDATION,LEGITIMATE,P00535:SUSPECT;P00665:SUSPECT;P00509:SUSPECT
EXONERATED,EXONERATED,EASY,FALSE,CONTRADICTING,0.217,VALIDATION,VALIDATION,LEGITIMATE,P00846:INNOCENT;P00732:INNOCENT
EXONERATED,EXONERATED,EASY,CONFIRMED,SUPPORTING,0.85,VALIDATION,VALIDATION,LEGITIMATE,P00584:SUSPECT;P00846:SUSPECT;P00532:SUSPECT
EXONERATED,EXONERATED,EASY,FALSE,CONTRADICTING,0.41,VALIDATION,VALIDATION,LEGITIMATE,P00732:INNOCENT;P00584:INNOCENT
EXONERATED,EXONERATED,EASY,UNKNOWN,NEUTRAL,0.549,VALIDATION,VALIDATION,LEGITIMATE,P00717:UNRESOLVED;P00670:UNRESOLVED
EXONERATED,EXONERATED,EASY,CONFIRMED,SUPPORTING,0.966,VALIDATION,VALIDATION,LEGITIMATE,P00670:SUSPECT;P00539:SUSPECT
INSUFFICIENT_EVIDENCE,INSUFFICIENT_EVIDENCE,MEDIUM,CONFIRMED,SUPPORTING,0.838,VALIDATION,VALIDATION,LEGITIMATE,P00695:SUSPECT;P00585:SUSPECT;P00727:SUSPECT;P00948:SUSPECT
INSUFFICIENT_EVIDENCE,INSUFFICIENT_EVIDENCE,MEDIUM,CONFIRMED,SUPPORTING,0.938,VALIDATION,VALIDATION,LEGITIMATE,P00625:SUSPECT;P00539:SUSPECT
INSUFFICIENT_EVIDENCE,INSUFFICIENT_EVIDENCE,MEDIUM,CONFIRMED,SUPPORTING,0.835,VALIDATION,VALIDATION,LEGITIMATE,P00625:SUSPECT;P00948:SUSPECT;P00695:SUSPECT;P00906:SUSPECT
INSUFFICIENT_EVIDENCE,INSUFFICIENT_EVIDENCE,MEDIUM,CONFIRMED,SUPPORTING,0.845,VALIDATION,VALIDATION,LEGITIMATE,P00788:SUSPECT;P00625:SUSPECT;P00547:SUSPECT;P00667:SUSPECT
INSUFFICIENT_EVIDENCE,INSUFFICIENT_EVIDENCE,MEDIUM,UNKNOWN,NEUTRAL,0.405,VALIDATION,VALIDATION,LEGITIMATE,P00547:UNRESOLVED;P00695:UNRESOLVED
INSUFFICIENT_EVIDENCE,INSUFFICIENT_EVIDENCE,MEDIUM,CONFIRMED,SUPPORTING,0.873,VALIDATION,VALIDATION,LEGITIMATE,P00780:SUSPECT;P00547:SUSPECT;P00948:SUSPECT
INSUFFICIENT_EVIDENCE,INSUFFICIENT_EVIDENCE,MEDIUM,CONFIRMED,SUPPORTING,0.905,VALIDATION,VALIDATION,LEGITIMATE,P00948:SUSPECT;P00667:SUSPECT
INSUFFICIENT_EVIDENCE,INSUFFICIENT_EVIDENCE,MEDIUM,CONFIRMED,SUPPORTING,0.829,VALIDATION,VALIDATION,LEGITIMATE,P00727:SUSPECT;P00568:SUSPECT;P00933:SUSPECT
INSUFFICIENT_EVIDENCE,INSUFFICIENT_EVIDENCE,MEDIUM,CONFIRMED,SUPPORTING,0.974,VALIDATION,VALIDATION,LEGITIMATE,P00933:SUSPECT;P00695:SUSPECT
INSUFFICIENT_EVIDENCE,INSUFFICIENT_EVIDENCE,MEDIUM,CONFIRMED,SUPPORTING,0.827,VALIDATION,VALIDATION,LEGITIMATE,P00948:SUSPECT;P00568:SUSPECT;P00788:SUSPECT
FALSE_COMPLAINT,FALSE_COMPLAINT,HARD,CONFIRMED,SUPPORTING,0.89,VALIDATION,VALIDATION,LEGITIMATE,P00552:SUSPECT;P00688:SUSPECT
FALSE_COMPLAINT,FALSE_COMPLAINT,HARD,SUSPECTED,SUPPORTING,0.768,VALIDATION,VALIDATION,LEGITIMATE,P00595:SUSPECT;P00688:SUSPECT
FALSE_COMPLAINT,FALSE_COMPLAINT,HARD,CONFIRMED,SUPPORTING,0.909,VALIDATION,VALIDATION,LEGITIMATE,P00564:SUSPECT;P00552:SUSPECT;P00523:SUSPECT;P00700:SUSPECT
FALSE_COMPLAINT,FALSE_COMPLAINT,HARD,SUSPECTED,SUPPORTING,0.77,VALIDATION,VALIDATION,LEGITIMATE,P00523:SUSPECT;P00552:SUSPECT;P00989:SUSPECT
FALSE_COMPLAINT,FALSE_COMPLAINT,HARD,CONFIRMED,SUPPORTING,0.907,VALIDATION,VALIDATION,LEGITIMATE,P00552:SUSPECT;P00595:SUSPECT
FALSE_COMPLAINT,FALSE_COMPLAINT,HARD,CONFIRMED,SUPPORTING,0.898,VALIDATION,VALIDATION,LEGITIMATE,P00645:SUSPECT;P00523:SUSPECT;P00731:SUSPECT;P00601:SUSPECT
FALSE_COMPLAINT,FALSE_COMPLAINT,HARD,CONFIRMED,SUPPORTING,0.946,VALIDATION,VALIDATION,LEGITIMATE,P00844:SUSPECT;P00688:SUSPECT
FALSE_COMPLAINT,FALSE_COMPLAINT,HARD,SUSPECTED,SUPPORTING,0.59,VALIDATION,VALIDATION,LEGITIMATE,P00844:SUSPECT;P00595:SUSPECT
FALSE_COMPLAINT,FALSE_COMPLAINT,HARD,CONFIRMED,SUPPORTING,0.948,VALIDATION,VALIDATION,LEGITIMATE,P00700:SUSPECT;P00579:SUSPECT;P00595:SUSPECT;P00645:SUSPECT
FALSE_COMPLAINT,FALSE_COMPLAINT,HARD,CONFIRMED,SUPPORTING,0.879,VALIDATION,VALIDATION,LEGITIMATE,P00523:SUSPECT;P00700:SUSPECT;P00731:SUSPECT
CLOSED,CLOSED,ADVERSARIAL,SUSPECTED,SUPPORTING,0.747,VALIDATION,VALIDATION,LEGITIMATE,P00998:SUSPECT;P00774:SUSPECT;P00639:SUSPECT;P00949:SUSPECT
CLOSED,CLOSED,ADVERSARIAL,UNKNOWN,NEUTRAL,0.447,VALIDATION,VALIDATION,LEGITIMATE,P00882:UNRESOLVED;P00639:UNRESOLVED
CLOSED,CLOSED,ADVERSARIAL,CONFIRMED,SUPPORTING,0.941,VALIDATION,VALIDATION,LEGITIMATE,P00782:SUSPECT;P00882:SUSPECT
CLOSED,CLOSED,ADVERSARIAL,CONFIRMED,SUPPORTING,0.933,VALIDATION,VALIDATION,LEGITIMATE,P00639:SUSPECT;P00949:SUSPECT;P00774:SUSPECT;P00998:SUSPECT
CLOSED,CLOSED,ADVERSARIAL,CONFIRMED,SUPPORTING,0.96,VALIDATION,VALIDATION,LEGITIMATE,P00882:SUSPECT;P00949:SUSPECT;P00998:SUSPECT;P00782:SUSPECT
CLOSED,CLOSED,ADVERSARIAL,CONFIRMED,SUPPORTING,0.825,VALIDATION,VALIDATION,LEGITIMATE,P00774:SUSPECT;P00998:SUSPECT;P00949:SUSPECT
CLOSED,CLOSED,ADVERSARIAL,UNKNOWN,NEUTRAL,0.508,VALIDATION,VALIDATION,LEGITIMATE,P00882:UNRESOLVED;P00998:UNRESOLVED;P00774:UNRESOLVED;P00782:UNRESOLVED
CLOSED,CLOSED,ADVERSARIAL,UNKNOWN,NEUTRAL,0.315,VALIDATION,VALIDATION,LEGITIMATE,P00774:UNRESOLVED;P00639:UNRESOLVED;P00949:UNRESOLVED
CLOSED,CLOSED,ADVERSARIAL,UNKNOWN,NEUTRAL,0.342,VALIDATION,VALIDATION,LEGITIMATE,P00782:UNRESOLVED;P00639:UNRESOLVED
CLOSED,CLOSED,ADVERSARIAL,CONFIRMED,SUPPORTING,0.843,VALIDATION,VALIDATION,LEGITIMATE,P00639:SUSPECT;P00782:SUSPECT;P00998:SUSPECT;P00882:SUSPECT
UNDER_INVESTIGATION,INVESTIGATION,UNKNOWN,FALSE,CONTRADICTING,0.149,VALIDATION,VALIDATION,LEGITIMATE,P00825:INNOCENT;P00606:INNOCENT;P00975:INNOCENT;P00647:INNOCENT
UNDER_INVESTIGATION,INVESTIGATION,UNKNOWN,SUSPECTED,SUPPORTING,0.604,VALIDATION,VALIDATION,LEGITIMATE,P00533:SUSPECT;P00974:SUSPECT;P00825:SUSPECT
UNDER_INVESTIGATION,INVESTIGATION,UNKNOWN,CONFIRMED,SUPPORTING,0.919,VALIDATION,VALIDATION,LEGITIMATE,P00975:SUSPECT;P00654:SUSPECT
UNDER_INVESTIGATION,INVESTIGATION,UNKNOWN,SUSPECTED,SUPPORTING,0.794,VALIDATION,VALIDATION,LEGITIMATE,P00556:SUSPECT;P00975:SUSPECT;P00799:SUSPECT
UNDER_INVESTIGATION,INVESTIGATION,UNKNOWN,FALSE,CONTRADICTING,0.338,VALIDATION,VALIDATION,LEGITIMATE,P00962:INNOCENT;P00654:INNOCENT
UNDER_INVESTIGATION,INVESTIGATION,UNKNOWN,UNKNOWN,NEUTRAL,0.399,VALIDATION,VALIDATION,LEGITIMATE,P00975:UNRESOLVED;P00825:UNRESOLVED;P00873:UNRESOLVED;P00556:UNRESOLVED
UNDER_INVESTIGATION,INVESTIGATION,UNKNOWN,CONFIRMED,SUPPORTING,0.957,VALIDATION,VALIDATION,LEGITIMATE,P00508:SUSPECT;P00533:SUSPECT;P00962:SUSPECT;P00556:SUSPECT
UNDER_INVESTIGATION,INVESTIGATION,UNKNOWN,UNKNOWN,NEUTRAL,0.522,VALIDATION,VALIDATION,LEGITIMATE,P00962:UNRESOLVED;P00825:UNRESOLVED;P00974:UNRESOLVED;P00533:UNRESOLVED
UNDER_INVESTIGATION,INVESTIGATION,UNKNOWN,CONFIRMED,SUPPORTING,0.964,VALIDATION,VALIDATION,LEGITIMATE,P00533:SUSPECT;P00647:SUSPECT;P00975:SUSPECT;P00575:SUSPECT
UNDER_INVESTIGATION,INVESTIGATION,UNKNOWN,SUSPECTED,SUPPORTING,0.767,VALIDATION,VALIDATION,LEGITIMATE,P00820:SUSPECT;P00647:SUSPECT;P00533:SUSPECT;P00975:SUSPECT
CONVICTED,CONVICTED,EASY,CONFIRMED,SUPPORTING,0.847,TEST,TEST,AMBIGUOUS,P01238:SUSPECT;P01130:SUSPECT;P01370:SUSPECT
CONVICTED,CONVICTED,EASY,CONFIRMED,SUPPORTING,0.986,TEST,TEST,AMBIGUOUS,P01001:SUSPECT;P01053:SUSPECT
CONVICTED,CONVICTED,EASY,CONFIRMED,SUPPORTING,0.871,TEST,TEST,AMBIGUOUS,P01446:SUSPECT;P01302:SUSPECT;P01130:SUSPECT
CONVICTED,CONVICTED,EASY,CONFIRMED,SUPPORTING,0.968,TEST,TEST,AMBIGUOUS,P01446:SUSPECT;P01370:SUSPECT;P01053:SUSPECT
CONVICTED,CONVICTED,EASY,FALSE,CONTRADICTING,0.179,TEST,TEST,AMBIGUOUS,P01130:INNOCENT;P01001:INNOCENT;P01238:INNOCENT;P01370:INNOCENT
CONVICTED,CONVICTED,EASY,SUSPECTED,SUPPORTING,0.582,TEST,TEST,AMBIGUOUS,P01446:SUSPECT;P01186:SUSPECT;P01137:SUSPECT
CONVICTED,CONVICTED,EASY,CONFIRMED,SUPPORTING,0.835,TEST,TEST,AMBIGUOUS,P01081:SUSPECT;P01238:SUSPECT;P01302:SUSPECT;P01370:SUSPECT
CONVICTED,CONVICTED,EASY,SUSPECTED,SUPPORTING,0.713,TEST,TEST,AMBIGUOUS,P01081:SUSPECT;P01302:SUSPECT;P01446:SUSPECT
CONVICTED,CONVICTED,EASY,CONFIRMED,SUPPORTING,0.838,TEST,TEST,AMBIGUOUS,P01302:SUSPECT;P01137:SUSPECT;P01186:SUSPECT
CONVICTED,CONVICTED,EASY,SUSPECTED,SUPPORTING,0.791,TEST,TEST,AMBIGUOUS,P01370:SUSPECT;P01446:SUSPECT
ACQUITTED,ACQUITTED,MEDIUM,SUSPECTED,SUPPORTING,0.702,TEST,TEST,AMBIGUOUS,P01389:SUSPECT;P01015:SUSPECT;P01406:SUSPECT
ACQUITTED,ACQUITTED,MEDIUM,SUSPECTED,SUPPORTING,0.616,TEST,TEST,AMBIGUOUS,P01393:SUSPECT;P01493:SUSPECT;P01406:SUSPECT;P01015:SUSPECT
ACQUITTED,ACQUITTED,MEDIUM,UNKNOWN,NEUTRAL,0.461,TEST,TEST,AMBIGUOUS,P01015:UNRESOLVED;P01104:UNRESOLVED;P01231:UNRESOLVED;P01393:UNRESOLVED
ACQUITTED,ACQUITTED,MEDIUM,SUSPECTED,SUPPORTING,0.662,TEST,TEST,AMBIGUOUS,P01021:SUSPECT;P01231:SUSPECT;P01104:SUSPECT
ACQUITTED,ACQUITTED,MEDIUM,CONFIRMED,SUPPORTING,0.914,TEST,TEST,AMBIGUOUS,P01015:SUSPECT;P01406:SUSPECT
ACQUITTED,ACQUITTED,MEDIUM,CONFIRMED,SUPPORTING,0.836,TEST,TEST,AMBIGUOUS,P01389:SUSPECT;P01406:SUSPECT;P01015:SUSPECT
ACQUITTED,ACQUITTED,MEDIUM,FALSE,CONTRADICTING,0.4,TEST,TEST,AMBIGUOUS,P01021:INNOCENT;P01493:INNOCENT;P01406:INNOCENT;P01104:INNOCENT
ACQUITTED,ACQUITTED,MEDIUM,CONFIRMED,SUPPORTING,0.953,TEST,TEST,AMBIGUOUS,P01493:SUSPECT;P01015:SUSPECT;P01021:SUSPECT
ACQUITTED,ACQUITTED,MEDIUM,CONFIRMED,SUPPORTING,0.87,TEST,TEST,AMBIGUOUS,P01231:SUSPECT;P01389:SUSPECT;P01406:SUSPECT;P01393:SUSPECT
ACQUITTED,ACQUITTED,MEDIUM,UNKNOWN,NEUTRAL,0.468,TEST,TEST,AMBIGUOUS,P01015:UNRESOLVED;P01104:UNRESOLVED;P01406:UNRESOLVED;P01021:UNRESOLVED
EXONERATED,EXONERATED,HARD,CONFIRMED,SUPPORTING,0.89,TEST,TEST,AMBIGUOUS,P01191:SUSPECT;P01033:SUSPECT;P01385:SUSPECT
EXONERATED,EXONERATED,HARD,CONFIRMED,SUPPORTING,0.928,TEST,TEST,AMBIGUOUS,P01033:SUSPECT;P01479:SUSPECT;P01412:SUSPECT
EXONERATED,EXONERATED,HARD,CONFIRMED,SUPPORTING,0.822,TEST,TEST,AMBIGUOUS,P01027:SUSPECT;P01094:SUSPECT
EXONERATED,EXONERATED,HARD,CONFIRMED,SUPPORTING,0.931,TEST,TEST,AMBIGUOUS,P01191:SUSPECT;P01479:SUSPECT;P01127:SUSPECT
EXONERATED,EXONERATED,HARD,CONFIRMED,SUPPORTING,0.938,TEST,TEST,AMBIGUOUS,P01035:SUSPECT;P01027:SUSPECT;P01033:SUSPECT;P01127:SUSPECT
EXONERATED,EXONERATED,HARD,CONFIRMED,SUPPORTING,0.845,TEST,TEST,AMBIGUOUS,P01033:SUSPECT;P01018:SUSPECT;P01412:SUSPECT
EXONERATED,EXONERATED,HARD,CONFIRMED,SUPPORTING,0.841,TEST,TEST,AMBIGUOUS,P01035:SUSPECT;P01479:SUSPECT
EXONERATED,EXONERATED,HARD,CONFIRMED,SUPPORTING,0.924,TEST,TEST,AMBIGUOUS,P01018:SUSPECT;P01191:SUSPECT;P01035:SUSPECT;P01479:SUSPECT
EXONERATED,EXONERATED,HARD,CONFIRMED,SUPPORTING,0.857,TEST,TEST,AMBIGUOUS,P01479:SUSPECT;P01127:SUSPECT;P01018:SUSPECT;P01035:SUSPECT
EXONERATED,EXONERATED,HARD,CONFIRMED,SUPPORTING,0.982,TEST,TEST,AMBIGUOUS,P01035:SUSPECT;P01479:SUSPECT
INSUFFICIENT_EVIDENCE,INSUFFICIENT_EVIDENCE,ADVERSARIAL,CONFIRMED,SUPPORTING,0.826,TEST,TEST,AMBIGUOUS,P01084:SUSPECT;P01366:SUSPECT;P01067:SUSPECT;P01055:SUSPECT
INSUFFICIENT_EVIDENCE,INSUFFICIENT_EVIDENCE,ADVERSARIAL,CONFIRMED,SUPPORTING,0.836,TEST,TEST,AMBIGUOUS,P01055:SUSPECT;P01109:SUSPECT;P01029:SUSPECT
INSUFFICIENT_EVIDENCE,INSUFFICIENT_EVIDENCE,ADVERSARIAL,UNKNOWN,NEUTRAL,0.495,TEST,TEST,AMBIGUOUS,P01366:UNRESOLVED;P01029:UNRESOLVED;P01132:UNRESOLVED;P01055:UNRESOLVED
INSUFFICIENT_EVIDENCE,INSUFFICIENT_EVIDENCE,ADVERSARIAL,CONFIRMED,SUPPORTING,0.867,TEST,TEST,AMBIGUOUS,P01067:SUSPECT;P01132:SUSPECT;P01486:SUSPECT
INSUFFICIENT_EVIDENCE,INSUFFICIENT_EVIDENCE,ADVERSARIAL,SUSPECTED,SUPPORTING,0.74,TEST,TEST,AMBIGUOUS,P01132:SUSPECT;P01109:SUSPECT;P01084:SUSPECT
INSUFFICIENT_EVIDENCE,INSUFFICIENT_EVIDENCE,ADVERSARIAL,UNKNOWN,NEUTRAL,0.302,TEST,TEST,AMBIGUOUS,P01486:UNRESOLVED;P01067:UNRESOLVED;P01263:UNRESOLVED
INSUFFICIENT_EVIDENCE,INSUFFICIENT_EVIDENCE,ADVERSARIAL,UNKNOWN,NEUTRAL,0.39,TEST,TEST,AMBIGUOUS,P01067:UNRESOLVED;P01486:UNRESOLVED;P01366:UNRESOLVED;P01263:UNRESOLVED
INSUFFICIENT_EVIDENCE,INSUFFICIENT_EVIDENCE,ADVERSARIAL,CONFIRMED,SUPPORTING,0.931,TEST,TEST,AMBIGUOUS,P01109:SUSPECT;P01263:SUSPECT;P01055:SUSPECT
INSUFFICIENT_EVIDENCE,INSUFFICIENT_EVIDENCE,ADVERSARIAL,FALSE,CONTRADICTING,0.373,TEST,TEST,AMBIGUOUS,P01366:INNOCENT;P01084:INNOCENT;P01263:INNOCENT;P01109:INNOCENT
INSUFFICIENT_EVIDENCE,INSUFFICIENT_EVIDENCE,ADVERSARIAL,FALSE,CONTRADICTING,0.184,TEST,TEST,AMBIGUOUS,P01366:INNOCENT;P01084:INNOCENT;P01067:INNOCENT
FALSE_COMPLAINT,FALSE_COMPLAINT,UNKNOWN,CONFIRMED,SUPPORTING,0.845,TEST,TEST,AMBIGUOUS,P01413:SUSPECT;P01331:SUSPECT;P01492:SUSPECT;P01221:SUSPECT
FALSE_COMPLAINT,FALSE_COMPLAINT,UNKNOWN,CONFIRMED,SUPPORTING,0.954,TEST,TEST,AMBIGUOUS,P01413:SUSPECT;P01021:SUSPECT
FALSE_COMPLAINT,FALSE_COMPLAINT,UNKNOWN,CONFIRMED,SUPPORTING,0.93,TEST,TEST,AMBIGUOUS,P01492:SUSPECT;P01021:SUSPECT;P01151:SUSPECT
FALSE_COMPLAINT,FALSE_COMPLAINT,UNKNOWN,FALSE,CONTRADICTING,0.179,TEST,TEST,AMBIGUOUS,P01151:INNOCENT;P01492:INNOCENT;P01021:INNOCENT;P01331:INNOCENT
FALSE_COMPLAINT,FALSE_COMPLAINT,UNKNOWN,CONFIRMED,SUPPORTING,0.824,TEST,TEST,AMBIGUOUS,P01492:SUSPECT;P01331:SUSPECT;P01413:SUSPECT
FALSE_COMPLAINT,FALSE_COMPLAINT,UNKNOWN,CONFIRMED,SUPPORTING,0.893,TEST,TEST,AMBIGUOUS,P01021:SUSPECT;P01151:SUSPECT
FALSE_COMPLAINT,FALSE_COMPLAINT,UNKNOWN,FALSE,CONTRADICTING,0.139,TEST,TEST,AMBIGUOUS,P01331:INNOCENT;P01413:INNOCENT
FALSE_COMPLAINT,FALSE_COMPLAINT,UNKNOWN,UNKNOWN,NEUTRAL,0.231,TEST,TEST,AMBIGUOUS,P01413:UNRESOLVED;P01492:UNRESOLVED;P01331:UNRESOLVED;P01021:UNRESOLVED
FALSE_COMPLAINT,FALSE_COMPLAINT,UNKNOWN,UNKNOWN,NEUTRAL,0.545,TEST,TEST,AMBIGUOUS,P01331:UNRESOLVED;P01221:UNRESOLVED;P01413:UNRESOLVED
FALSE_COMPLAINT,FALSE_COMPLAINT,UNKNOWN,CONFIRMED,SUPPORTING,0.861,TEST,TEST,AMBIGUOUS,P01221:SUSPECT;P01151:SUSPECT;P01492:SUSPECT;P01413:SUSPECT
CLOSED,CLOSED,EASY,CONFIRMED,SUPPORTING,0.985,TEST,TEST,AMBIGUOUS,P01425:SUSPECT;P01448:SUSPECT;P01394:SUSPECT
CLOSED,CLOSED,EASY,SUSPECTED,SUPPORTING,0.614,TEST,TEST,AMBIGUOUS,P01189:SUSPECT;P01448:SUSPECT;P01171:SUSPECT;P01391:SUSPECT
CLOSED,CLOSED,EASY,UNKNOWN,NEUTRAL,0.222,TEST,TEST,AMBIGUOUS,P01065:UNRESOLVED;P01171:UNRESOLVED;P01320:UNRESOLVED;P01476:UNRESOLVED
CLOSED,CLOSED,EASY,UNKNOWN,NEUTRAL,0.216,TEST,TEST,AMBIGUOUS,P01448:UNRESOLVED;P01394:UNRESOLVED;P01476:UNRESOLVED;P01171:UNRESOLVED
CLOSED,CLOSED,EASY,CONFIRMED,SUPPORTING,0.872,TEST,TEST,AMBIGUOUS,P01189:SUSPECT;P01448:SUSPECT;P01311:SUSPECT;P01171:SUSPECT
CLOSED,CLOSED,EASY,UNKNOWN,NEUTRAL,0.258,TEST,TEST,AMBIGUOUS,P01171:UNRESOLVED;P01311:UNRESOLVED;P01425:UNRESOLVED;P01476:UNRESOLVED
CLOSED,CLOSED,EASY,CONFIRMED,SUPPORTING,0.847,TEST,TEST,AMBIGUOUS,P01425:SUSPECT;P01171:SUSPECT
CLOSED,CLOSED,EASY,CONFIRMED,SUPPORTING,0.912,TEST,TEST,AMBIGUOUS,P01425:SUSPECT;P01391:SUSPECT;P01476:SUSPECT
CLOSED,CLOSED,EASY,CONFIRMED,SUPPORTING,0.967,TEST,TEST,AMBIGUOUS,P01171:SUSPECT;P01391:SUSPECT;P01189:SUSPECT
CLOSED,CLOSED,EASY,SUSPECTED,SUPPORTING,0.645,TEST,TEST,AMBIGUOUS,P01425:SUSPECT;P01320:SUSPECT;P01407:SUSPECT
UNDER_INVESTIGATION,INVESTIGATION,MEDIUM,CONFIRMED,SUPPORTING,0.86,TEST,TEST,AMBIGUOUS,P01079:SUSPECT;P01434:SUSPECT
UNDER_INVESTIGATION,INVESTIGATION,MEDIUM,UNKNOWN,NEUTRAL,0.349,TEST,TEST,AMBIGUOUS,P01229:UNRESOLVED;P01330:UNRESOLVED;P01142:UNRESOLVED;P01232:UNRESOLVED
UNDER_INVESTIGATION,INVESTIGATION,MEDIUM,CONFIRMED,SUPPORTING,0.937,TEST,TEST,AMBIGUOUS,P01296:SUSPECT;P01073:SUSPECT
UNDER_INVESTIGATION,INVESTIGATION,MEDIUM,CONFIRMED,SUPPORTING,0.898,TEST,TEST,AMBIGUOUS,P01073:SUSPECT;P01406:SUSPECT;P01229:SUSPECT
UNDER_INVESTIGATION,INVESTIGATION,MEDIUM,CONFIRMED,SUPPORTING,0.965,TEST,TEST,AMBIGUOUS,P01229:SUSPECT;P01434:SUSPECT;P01232:SUSPECT;P01079:SUSPECT
UNDER_INVESTIGATION,INVESTIGATION,MEDIUM,CONFIRMED,SUPPORTING,0.921,TEST,TEST,AMBIGUOUS,P01073:SUSPECT;P01232:SUSPECT;P01328:SUSPECT
UNDER_INVESTIGATION,INVESTIGATION,MEDIUM,SUSPECTED,SUPPORTING,0.592,TEST,TEST,AMBIGUOUS,P01229:SUSPECT;P01260:SUSPECT;P01073:SUSPECT
UNDER_INVESTIGATION,INVESTIGATION,MEDIUM,SUSPECTED,SUPPORTING,0.628,TEST,TEST,AMBIGUOUS,P01434:SUSPECT;P01088:SUSPECT;P01328:SUSPECT
UNDER_INVESTIGATION,INVESTIGATION,MEDIUM,CONFIRMED,SUPPORTING,0.959,TEST,TEST,AMBIGUOUS,P01296:SUSPECT;P01380:SUSPECT;P01260:SUSPECT
UNDER_INVESTIGATION,INVESTIGATION,MEDIUM,CONFIRMED,SUPPORTING,0.976,TEST,TEST,AMBIGUOUS,P01406:SUSPECT;P01087:SUSPECT
CONVICTED,CONVICTED,HARD,SUSPECTED,SUPPORTING,0.842,TEST,TEST,AMBIGUOUS,P01404:SUSPECT;P01166:SUSPECT;P01047:SUSPECT
CONVICTED,CONVICTED,HARD,SUSPECTED,SUPPORTING,0.598,TEST,TEST,AMBIGUOUS,P01446:SUSPECT;P01206:SUSPECT
CONVICTED,CONVICTED,HARD,UNKNOWN,NEUTRAL,0.542,TEST,TEST,AMBIGUOUS,P01206:UNRESOLVED;P01404:UNRESOLVED;P01047:UNRESOLVED;P01166:UNRESOLVED
CONVICTED,CONVICTED,HARD,SUSPECTED,SUPPORTING,0.694,TEST,TEST,AMBIGUOUS,P01410:SUSPECT;P01047:SUSPECT
CONVICTED,CONVICTED,HARD,CONFIRMED,SUPPORTING,0.871,TEST,TEST,AMBIGUOUS,P01047:SUSPECT;P01485:SUSPECT;P01200:SUSPECT;P01404:SUSPECT
CONVICTED,CONVICTED,HARD,CONFIRMED,SUPPORTING,0.878,TEST,TEST,AMBIGUOUS,P01047:SUSPECT;P01490:SUSPECT
CONVICTED,CONVICTED,HARD,FALSE,CONTRADICTING,0.123,TEST,TEST,AMBIGUOUS,P01490:INNOCENT;P01200:INNOCENT;P01404:INNOCENT;P01206:INNOCENT
CONVICTED,CONVICTED,HARD,SUSPECTED,SUPPORTING,0.757,TEST,TEST,AMBIGUOUS,P01490:SUSPECT;P01206:SUSPECT;P01047:SUSPECT
CONVICTED,CONVICTED,HARD,SUSPECTED,SUPPORTING,0.71,TEST,TEST,AMBIGUOUS,P01047:SUSPECT;P01410:SUSPECT;P01206:SUSPECT;P01166:SUSPECT
CONVICTED,CONVICTED,HARD,CONFIRMED,SUPPORTING,0.916,TEST,TEST,AMBIGUOUS,P01047:SUSPECT;P01410:SUSPECT
ACQUITTED,ACQUITTED,ADVERSARIAL,CONFIRMED,SUPPORTING,0.886,TEST,TEST,AMBIGUOUS,P01493:SUSPECT;P01470:SUSPECT;P01411:SUSPECT;P01134:SUSPECT
ACQUITTED,ACQUITTED,ADVERSARIAL,CONFIRMED,SUPPORTING,0.856,TEST,TEST,AMBIGUOUS,P01493:SUSPECT;P01134:SUSPECT;P01148:SUSPECT;P01269:SUSPECT
ACQUITTED,ACQUITTED,ADVERSARIAL,CONFIRMED,SUPPORTING,0.824,TEST,TEST,AMBIGUOUS,P01493:SUSPECT;P01470:SUSPECT
ACQUITTED,ACQUITTED,ADVERSARIAL,UNKNOWN,NEUTRAL,0.446,TEST,TEST,AMBIGUOUS,P01438:UNRESOLVED;P01493:UNRESOLVED
ACQUITTED,ACQUITTED,ADVERSARIAL,CONFIRMED,SUPPORTING,0.828,TEST,TEST,AMBIGUOUS,P01223:SUSPECT;P01134:SUSPECT;P01148:SUSPECT
ACQUITTED,ACQUITTED,ADVERSARIAL,SUSPECTED,SUPPORTING,0.678,TEST,TEST,AMBIGUOUS,P01438:SUSPECT;P01411:SUSPECT;P01269:SUSPECT
ACQUITTED,ACQUITTED,ADVERSARIAL,CONFIRMED,SUPPORTING,0.886,TEST,TEST,AMBIGUOUS,P01113:SUSPECT;P01269:SUSPECT;P01411:SUSPECT
ACQUITTED,ACQUITTED,ADVERSARIAL,CONFIRMED,SUPPORTING,0.989,TEST,TEST,AMBIGUOUS,P01438:SUSPECT;P01412:SUSPECT;P01180:SUSPECT
ACQUITTED,ACQUITTED,ADVERSARIAL,CONFIRMED,SUPPORTING,0.903,TEST,TEST,AMBIGUOUS,P01412:SUSPECT;P01269:SUSPECT;P01134:SUSPECT
ACQUITTED,ACQUITTED,ADVERSARIAL,CONFIRMED,SUPPORTING,0.912,TEST,TEST,AMBIGUOUS,P01148:SUSPECT;P01113:SUSPECT
EXONERATED,EXONERATED,UNKNOWN,CONFIRMED,SUPPORTING,0.828,TEST,TEST,AMBIGUOUS,P01350:SUSPECT;P01425:SUSPECT;P01366:SUSPECT;P01038:SUSPECT
EXONERATED,EXONERATED,UNKNOWN,SUSPECTED,SUPPORTING,0.844,TEST,TEST,AMBIGUOUS,P01366:SUSPECT;P01141:SUSPECT;P01154:SUSPECT;P01351:SUSPECT
EXONERATED,EXONERATED,UNKNOWN,FALSE,CONTRADICTING,0.25,TEST,TEST,AMBIGUOUS,P01062:INNOCENT;P01138:INNOCENT
EXONERATED,EXONERATED,UNKNOWN,CONFIRMED,SUPPORTING,0.934,TEST,TEST,AMBIGUOUS,P01062:SUSPECT;P01425:SUSPECT
EXONERATED,EXONERATED,UNKNOWN,CONFIRMED,SUPPORTING,0.973,TEST,TEST,AMBIGUOUS,P01425:SUSPECT;P01350:SUSPECT;P01395:SUSPECT;P01141:SUSPECT
EXONERATED,EXONERATED,UNKNOWN,CONFIRMED,SUPPORTING,0.831,TEST,TEST,AMBIGUOUS,P01089:SUSPECT;P01159:SUSPECT;P01351:SUSPECT
EXONERATED,EXONERATED,UNKNOWN,CONFIRMED,SUPPORTING,0.944,TEST,TEST,AMBIGUOUS,P01089:SUSPECT;P01366:SUSPECT;P01141:SUSPECT;P01425:SUSPECT
EXONERATED,EXONERATED,UNKNOWN,FALSE,CONTRADICTING,0.382,TEST,TEST,AMBIGUOUS,P01366:INNOCENT;P01089:INNOCENT;P01138:INNOCENT;P01141:INNOCENT
EXONERATED,EXONERATED,UNKNOWN,UNKNOWN,NEUTRAL,0.357,TEST,TEST,AMBIGUOUS,P01141:UNRESOLVED;P01062:UNRESOLVED;P01038:UNRESOLVED;P01355:UNRESOLVED
EXONERATED,EXONERATED,UNKNOWN,UNKNOWN,NEUTRAL,0.255,TEST,TEST,AMBIGUOUS,P01425:UNRESOLVED;P01355:UNRESOLVED;P01351:UNRESOLVED
INSUFFICIENT_EVIDENCE,INSUFFICIENT_EVIDENCE,EASY,CONFIRMED,SUPPORTING,0.863,TEST,TEST,AMBIGUOUS,P01441:SUSPECT;P01293:SUSPECT
INSUFFICIENT_EVIDENCE,INSUFFICIENT_EVIDENCE,EASY,SUSPECTED,SUPPORTING,0.852,TEST,TEST,AMBIGUOUS,P01213:SUSPECT;P01152:SUSPECT;P01360:SUSPECT
INSUFFICIENT_EVIDENCE,INSUFFICIENT_EVIDENCE,EASY,CONFIRMED,SUPPORTING,0.856,TEST,TEST,AMBIGUOUS,P01152:SUSPECT;P01213:SUSPECT;P01360:SUSPECT;P01441:SUSPECT
INSUFFICIENT_EVIDENCE,INSUFFICIENT_EVIDENCE,EASY,SUSPECTED,SUPPORTING,0.712,TEST,TEST,AMBIGUOUS,P01293:SUSPECT;P01213:SUSPECT;P01441:SUSPECT
INSUFFICIENT_EVIDENCE,INSUFFICIENT_EVIDENCE,EASY,UNKNOWN,NEUTRAL,0.231,TEST,TEST,AMBIGUOUS,P01441:UNRESOLVED;P01293:UNRESOLVED
INSUFFICIENT_EVIDENCE,INSUFFICIENT_EVIDENCE,EASY,CONFIRMED,SUPPORTING,0.859,TEST,TEST,AMBIGUOUS,P01293:SUSPECT;P01213:SUSPECT;P01152:SUSPECT;P01441:SUSPECT
INSUFFICIENT_EVIDENCE,INSUFFICIENT_EVIDENCE,EASY,UNKNOWN,NEUTRAL,0.27,TEST,TEST,AMBIGUOUS,P01152:UNRESOLVED;P01293:UNRESOLVED;P01213:UNRESOLVED
INSUFFICIENT_EVIDENCE,INSUFFICIENT_EVIDENCE,EASY,SUSPECTED,SUPPORTING,0.792,TEST,TEST,AMBIGUOUS,P01152:SUSPECT;P01293:SUSPECT;P01441:SUSPECT;P01475:SUSPECT
INSUFFICIENT_EVIDENCE,INSUFFICIENT_EVIDENCE,EASY,CONFIRMED,SUPPORTING,0.85,TEST,TEST,AMBIGUOUS,P01475:SUSPECT;P01293:SUSPECT
INSUFFICIENT_EVIDENCE,INSUFFICIENT_EVIDENCE,EASY,UNKNOWN,NEUTRAL,0.38,TEST,TEST,AMBIGUOUS,P01213:UNRESOLVED;P01441:UNRESOLVED;P01152:UNRESOLVED
FALSE_COMPLAINT,FALSE_COMPLAINT,MEDIUM,SUSPECTED,SUPPORTING,0.788,TEST,TEST,AMBIGUOUS,P01384:SUSPECT;P01329:SUSPECT;P01430:SUSPECT
FALSE_COMPLAINT,FALSE_COMPLAINT,MEDIUM,CONFIRMED,SUPPORTING,0.936,TEST,TEST,AMBIGUOUS,P01129:SUSPECT;P01329:SUSPECT;P01220:SUSPECT;P01420:SUSPECT
FALSE_COMPLAINT,FALSE_COMPLAINT,MEDIUM,CONFIRMED,SUPPORTING,0.869,TEST,TEST,AMBIGUOUS,P01220:SUSPECT;P01069:SUSPECT;P01143:SUSPECT;P01156:SUSPECT
FALSE_COMPLAINT,FALSE_COMPLAINT,MEDIUM,FALSE,CONTRADICTING,0.286,TEST,TEST,AMBIGUOUS,P01329:INNOCENT;P01154:INNOCENT
FALSE_COMPLAINT,FALSE_COMPLAINT,MEDIUM,CONFIRMED,SUPPORTING,0.943,TEST,TEST,AMBIGUOUS,P01420:SUSPECT;P01455:SUSPECT
FALSE_COMPLAINT,FALSE_COMPLAINT,MEDIUM,FALSE,CONTRADICTING,0.181,TEST,TEST,AMBIGUOUS,P01143:INNOCENT;P01154:INNOCENT;P01156:INNOCENT;P01420:INNOCENT
FALSE_COMPLAINT,FALSE_COMPLAINT,MEDIUM,CONFIRMED,SUPPORTING,0.943,TEST,TEST,AMBIGUOUS,P01143:SUSPECT;P01156:SUSPECT
FALSE_COMPLAINT,FALSE_COMPLAINT,MEDIUM,SUSPECTED,SUPPORTING,0.654,TEST,TEST,AMBIGUOUS,P01156:SUSPECT;P01329:SUSPECT;P01129:SUSPECT
FALSE_COMPLAINT,FALSE_COMPLAINT,MEDIUM,CONFIRMED,SUPPORTING,0.952,TEST,TEST,AMBIGUOUS,P01420:SUSPECT;P01156:SUSPECT
FALSE_COMPLAINT,FALSE_COMPLAINT,MEDIUM,SUSPECTED,SUPPORTING,0.762,TEST,TEST,AMBIGUOUS,P01384:SUSPECT;P01129:SUSPECT
CLOSED,CLOSED,HARD,CONFIRMED,SUPPORTING,0.936,TEST,TEST,AMBIGUOUS,P01390:SUSPECT;P01298:SUSPECT;P01450:SUSPECT
CLOSED,CLOSED,HARD,FALSE,CONTRADICTING,0.222,TEST,TEST,AMBIGUOUS,P01004:INNOCENT;P01306:INNOCENT;P01228:INNOCENT;P01146:INNOCENT
CLOSED,CLOSED,HARD,SUSPECTED,SUPPORTING,0.623,TEST,TEST,AMBIGUOUS,P01306:SUSPECT;P01004:SUSPECT;P01298:SUSPECT
CLOSED,CLOSED,HARD,CONFIRMED,SUPPORTING,0.957,TEST,TEST,AMBIGUOUS,P01390:SUSPECT;P01450:SUSPECT;P01092:SUSPECT;P01228:SUSPECT
CLOSED,CLOSED,HARD,SUSPECTED,SUPPORTING,0.79,TEST,TEST,AMBIGUOUS,P01306:SUSPECT;P01146:SUSPECT;P01228:SUSPECT
CLOSED,CLOSED,HARD,CONFIRMED,SUPPORTING,0.842,TEST,TEST,AMBIGUOUS,P01306:SUSPECT;P01298:SUSPECT;P01092:SUSPECT
CLOSED,CLOSED,HARD,CONFIRMED,SUPPORTING,0.825,TEST,TEST,AMBIGUOUS,P01298:SUSPECT;P01146:SUSPECT;P01092:SUSPECT;P01228:SUSPECT
CLOSED,CLOSED,HARD,UNKNOWN,NEUTRAL,0.481,TEST,TEST,AMBIGUOUS,P01092:UNRESOLVED;P01390:UNRESOLVED;P01298:UNRESOLVED
CLOSED,CLOSED,HARD,CONFIRMED,SUPPORTING,0.942,TEST,TEST,AMBIGUOUS,P01390:SUSPECT;P01450:SUSPECT;P01004:SUSPECT;P01092:SUSPECT
CLOSED,CLOSED,HARD,CONFIRMED,SUPPORTING,0.971,TEST,TEST,AMBIGUOUS,P01146:SUSPECT;P01092:SUSPECT;P01004:SUSPECT;P01306:SUSPECT
UNDER_INVESTIGATION,INVESTIGATION,ADVERSARIAL,SUSPECTED,SUPPORTING,0.617,TEST,TEST,AMBIGUOUS,P01483:SUSPECT;P01357:SUSPECT;P01023:SUSPECT
UNDER_INVESTIGATION,INVESTIGATION,ADVERSARIAL,CONFIRMED,SUPPORTING,0.983,TEST,TEST,AMBIGUOUS,P01221:SUSPECT;P01040:SUSPECT;P01357:SUSPECT
UNDER_INVESTIGATION,INVESTIGATION,ADVERSARIAL,UNKNOWN,NEUTRAL,0.234,TEST,TEST,AMBIGUOUS,P01067:UNRESOLVED;P01040:UNRESOLVED
UNDER_INVESTIGATION,INVESTIGATION,ADVERSARIAL,SUSPECTED,SUPPORTING,0.823,TEST,TEST,AMBIGUOUS,P01087:SUSPECT;P01020:SUSPECT;P01253:SUSPECT;P01270:SUSPECT
UNDER_INVESTIGATION,INVESTIGATION,ADVERSARIAL,UNKNOWN,NEUTRAL,0.508,TEST,TEST,AMBIGUOUS,P01030:UNRESOLVED;P01023:UNRESOLVED
UNDER_INVESTIGATION,INVESTIGATION,ADVERSARIAL,SUSPECTED,SUPPORTING,0.757,TEST,TEST,AMBIGUOUS,P01297:SUSPECT;P01040:SUSPECT
UNDER_INVESTIGATION,INVESTIGATION,ADVERSARIAL,CONFIRMED,SUPPORTING,0.898,TEST,TEST,AMBIGUOUS,P01040:SUSPECT;P01357:SUSPECT;P01023:SUSPECT;P01067:SUSPECT
UNDER_INVESTIGATION,INVESTIGATION,ADVERSARIAL,FALSE,CONTRADICTING,0.128,TEST,TEST,AMBIGUOUS,P01357:INNOCENT;P01040:INNOCENT;P01297:INNOCENT
UNDER_INVESTIGATION,INVESTIGATION,ADVERSARIAL,CONFIRMED,SUPPORTING,0.905,TEST,TEST,AMBIGUOUS,P01253:SUSPECT;P01040:SUSPECT;P01339:SUSPECT
UNDER_INVESTIGATION,INVESTIGATION,ADVERSARIAL,CONFIRMED,SUPPORTING,0.874,TEST,TEST,AMBIGUOUS,P01270:SUSPECT;P01067:SUSPECT;P01483:SUSPECT;P01221:SUSPECT
CONVICTED,CONVICTED,UNKNOWN,CONFIRMED,SUPPORTING,0.986,TEST,TEST,AMBIGUOUS,P01237:SUSPECT;P01219:SUSPECT;P01110:SUSPECT;P01385:SUSPECT
CONVICTED,CONVICTED,UNKNOWN,CONFIRMED,SUPPORTING,0.918,TEST,TEST,AMBIGUOUS,P01169:SUSPECT;P01110:SUSPECT;P01015:SUSPECT
CONVICTED,CONVICTED,UNKNOWN,SUSPECTED,SUPPORTING,0.8,TEST,TEST,AMBIGUOUS,P01169:SUSPECT;P01385:SUSPECT;P01110:SUSPECT
CONVICTED,CONVICTED,UNKNOWN,SUSPECTED,SUPPORTING,0.602,TEST,TEST,AMBIGUOUS,P01110:SUSPECT;P01237:SUSPECT
CONVICTED,CONVICTED,UNKNOWN,CONFIRMED,SUPPORTING,0.882,TEST,TEST,AMBIGUOUS,P01015:SUSPECT;P01110:SUSPECT;P01219:SUSPECT
CONVICTED,CONVICTED,UNKNOWN,CONFIRMED,SUPPORTING,0.915,TEST,TEST,AMBIGUOUS,P01110:SUSPECT;P01219:SUSPECT;P01169:SUSPECT;P01237:SUSPECT
CONVICTED,CONVICTED,UNKNOWN,SUSPECTED,SUPPORTING,0.71,TEST,TEST,AMBIGUOUS,P01110:SUSPECT;P01385:SUSPECT;P01015:SUSPECT
CONVICTED,CONVICTED,UNKNOWN,FALSE,CONTRADICTING,0.274,TEST,TEST,AMBIGUOUS,P01015:INNOCENT;P01385:INNOCENT
CONVICTED,CONVICTED,UNKNOWN,CONFIRMED,SUPPORTING,0.873,TEST,TEST,AMBIGUOUS,P01219:SUSPECT;P01237:SUSPECT
CONVICTED,CONVICTED,UNKNOWN,UNKNOWN,NEUTRAL,0.529,TEST,TEST,AMBIGUOUS,P01110:UNRESOLVED;P01169:UNRESOLVED
