relationship_strength,relationship_truth,evidence_role,evidence_strength,anomaly_type,data_quality_flag,dataset_split,ground_truth_available_for_evaluation,case_network_type,relationship_active,relationship_start_date,relationship_end_date
0.168,UNKNOWN,NEUTRAL,0.258,NONE,NORMAL,TRAIN,True,CRIMINAL,ACTIVE,2026-04-17,2026-12-10
0.693,UNKNOWN,NEUTRAL,0.296,NONE,NORMAL,TRAIN,True,CRIMINAL,ACTIVE,2025-09-08,2026-03-17
0.19,CONFIRMED,SUPPORTING,0.829,NONE,NORMAL,TRAIN,True,CRIMINAL,ACTIVE,2025-10-30,2026-06-02
0.587,SUSPECTED,SUPPORTING,0.738,TEMPORAL_ANOMALY,NORMAL,TRAIN,True,CRIMINAL,ACTIVE,2025-12-30,2026-04-25
0.492,CONFIRMED,SUPPORTING,0.877,COLLECTIVE_ANOMALY,NORMAL,TRAIN,True,CRIMINAL,ACTIVE,2025-12-28,2026-05-31
0.377,SUSPECTED,SUPPORTING,0.749,NONE,NORMAL,TRAIN,True,CRIMINAL,ACTIVE,2026-04-19,2026-12-10
0.341,CONFIRMED,SUPPORTING,0.874,NONE,NORMAL,TRAIN,True,CRIMINAL,ACTIVE,2025-08-21,2026-03-07
0.152,CONFIRMED,SUPPORTING,0.916,CRIMINAL_ANOMALY,NORMAL,TRAIN,True,CRIMINAL,INACTIVE,2025-09-05,2025-12-28
0.587,CONFIRMED,SUPPORTING,0.889,COLLECTIVE_ANOMALY,NORMAL,TRAIN,True,CRIMINAL,ACTIVE,2026-01-02,2026-09-25
0.039,SUSPECTED,SUPPORTING,0.625,CONTEXTUAL_ANOMALY,NORMAL,TRAIN,True,CRIMINAL,UNKNOWN,2026-02-03,2026-06-11
0.55,SUSPECTED,SUPPORTING,0.696,NONE,NORMAL,TRAIN,True,CRIMINAL,UNKNOWN,2025-11-15,2026-06-14
0.356,SUSPECTED,SUPPORTING,0.601,NONE,MISSING_COUNTERPARTY,TRAIN,True,CRIMINAL,UNKNOWN,2025-11-14,2026-05-30
0.231,CONFIRMED,SUPPORTING,0.928,NONE,NORMAL,TRAIN,True,CRIMINAL,ACTIVE,2026-04-10,2026-11-10
0.272,CONFIRMED,SUPPORTING,0.931,NONE,NORMAL,TRAIN,True,CRIMINAL,ACTIVE,2026-02-11,2026-11-01
0.483,CONFIRMED,SUPPORTING,0.966,NONE,NORMAL,TRAIN,True,CRIMINAL,ACTIVE,2025-09-29,2026-05-31
0.554,SUSPECTED,SUPPORTING,0.853,TEMPORAL_ANOMALY,NORMAL,TRAIN,True,CRIMINAL,ACTIVE,2026-03-12,2026-11-16
0.43,CONFIRMED,SUPPORTING,0.845,NONE,NORMAL,TRAIN,True,CRIMINAL,ACTIVE,2026-01-22,2026-07-30
0.362,CONFIRMED,SUPPORTING,0.964,NONE,NORMAL,TRAIN,True,CRIMINAL,INACTIVE,2025-08-16,2026-01-05
0.385,SUSPECTED,SUPPORTING,0.784,NONE,NORMAL,TRAIN,True,CRIMINAL,ACTIVE,2026-01-24,2026-09-21
0.932,CONFIRMED,SUPPORTING,0.869,NONE,NORMAL,TRAIN,True,CRIMINAL,ACTIVE,2025-12-05,2026-09-12
0.275,FALSE,CONTRADICTING,0.205,NONE,NORMAL,TRAIN,True,CRIMINAL,ACTIVE,2026-06-01,2026-11-23
0.463,FALSE,CONTRADICTING,0.29,NONE,NORMAL,TRAIN,True,CRIMINAL,ACTIVE,2025-11-20,2026-03-23
0.111,CONFIRMED,SUPPORTING,0.989,NONE,MISSING_COUNTERPARTY,TRAIN,True,CRIMINAL,ACTIVE,2026-01-07,2026-04-29
0.364,CONFIRMED,SUPPORTING,0.91,NONE,NORMAL,TRAIN,True,CRIMINAL,ACTIVE,2026-03-05,2026-07-12
0.406,SUSPECTED,SUPPORTING,0.69,NONE,NORMAL,TRAIN,True,CRIMINAL,UNKNOWN,2026-05-02,2026-10-05
0.651,UNKNOWN,NEUTRAL,0.419,NONE,NORMAL,TRAIN,True,CRIMINAL,UNKNOWN,2026-01-20,2026-06-18
0.715,CONFIRMED,SUPPORTING,0.843,COLLECTIVE_ANOMALY,NORMAL,TRAIN,True,CRIMINAL,UNKNOWN,2026-01-03,2026-05-08
0.356,CONFIRMED,SUPPORTING,0.926,NONE,NORMAL,TRAIN,True,CRIMINAL,ACTIVE,2025-10-27,2026-08-04
0.474,SUSPECTED,SUPPORTING,0.789,NONE,REVERSED_RECORD,TRAIN,True,CRIMINAL,ACTIVE,2025-11-12,2026-08-07
0.083,CONFIRMED,SUPPORTING,0.899,NONE,NORMAL,TRAIN,True,CRIMINAL,ACTIVE,2026-02-04,2026-07-21
0.561,SUSPECTED,SUPPORTING,0.782,NONE,NORMAL,TRAIN,True,CRIMINAL,ACTIVE,2025-12-19,2026-05-28
0.608,CONFIRMED,SUPPORTING,0.839,NONE,NORMAL,TRAIN,True,CRIMINAL,UNKNOWN,2026-01-22,2026-03-26
0.558,CONFIRMED,SUPPORTING,0.986,CRIMINAL_ANOMALY,FORMATTING_VARIATION,TRAIN,True,CRIMINAL,INACTIVE,2026-01-12,2026-05-31
0.441,UNKNOWN,NEUTRAL,0.27,NONE,NORMAL,TRAIN,True,CRIMINAL,ACTIVE,2026-01-11,2026-06-24
0.638,FALSE,CONTRADICTING,0.164,NONE,NORMAL,TRAIN,True,CRIMINAL,ACTIVE,2026-01-25,2026-05-27
0.36,FALSE,CONTRADICTING,0.26,NONE,NORMAL,TRAIN,True,CRIMINAL,ACTIVE,2026-02-24,2026-12-08
0.768,SUSPECTED,SUPPORTING,0.756,NONE,NORMAL,TRAIN,True,CRIMINAL,UNKNOWN,2026-05-31,2026-09-07
0.117,CONFIRMED,SUPPORTING,0.837,NONE,NORMAL,TRAIN,True,CRIMINAL,INACTIVE,2025-09-27,2026-01-05
0.07,FALSE,CONTRADICTING,0.126,NONE,NORMAL,TRAIN,True,CRIMINAL,ACTIVE,2026-05-25,2026-10-09
0.108,CONFIRMED,SUPPORTING,0.827,NONE,NORMAL,TRAIN,True,CRIMINAL,INACTIVE,2026-04-24,2026-07-27
0.501,FALSE,CONTRADICTING,0.158,NONE,NORMAL,TRAIN,True,MIXED,ACTIVE,2025-12-20,2026-07-16
0.642,CONFIRMED,SUPPORTING,0.982,NONE,MISSING_COUNTERPARTY,TRAIN,True,MIXED,INACTIVE,2025-08-26,2026-01-28
0.227,FALSE,CONTRADICTING,0.204,LEGITIMATE_ANOMALY,NORMAL,TRAIN,True,MIXED,ACTIVE,2026-04-18,2026-07-29
0.543,UNKNOWN,NEUTRAL,0.494,NONE,REVERSED_RECORD,TRAIN,True,MIXED,INACTIVE,2025-10-08,2026-01-24
0.133,SUSPECTED,SUPPORTING,0.794,NONE,NORMAL,TRAIN,True,MIXED,ACTIVE,2025-09-28,2026-04-17
0.643,FALSE,CONTRADICTING,0.152,NONE,NORMAL,TRAIN,True,MIXED,ACTIVE,2026-02-25,2026-06-06
0.177,UNKNOWN,NEUTRAL,0.274,LEGITIMATE_ANOMALY,NORMAL,TRAIN,True,MIXED,UNKNOWN,2026-04-07,2026-09-04
0.286,CONFIRMED,SUPPORTING,0.95,NONE,NORMAL,TRAIN,True,MIXED,UNKNOWN,2026-02-09,2026-07-23
0.303,CONFIRMED,SUPPORTING,0.849,NONE,NORMAL,TRAIN,True,MIXED,ACTIVE,2026-02-27,2026-09-18
0.291,FALSE,CONTRADICTING,0.407,NONE,NORMAL,TRAIN,True,MIXED,ACTIVE,2026-01-27,2026-08-13
0.518,CONFIRMED,SUPPORTING,0.982,NONE,NORMAL,TRAIN,True,MIXED,ACTIVE,2025-09-22,2026-07-13
0.858,SUSPECTED,SUPPORTING,0.823,NONE,NORMAL,TRAIN,True,MIXED,ACTIVE,2025-12-30,2026-09-18
0.79,UNKNOWN,NEUTRAL,0.416,NONE,NORMAL,TRAIN,True,MIXED,ACTIVE,2025-11-11,2026-05-06
0.559,FALSE,CONTRADICTING,0.328,NONE,NORMAL,TRAIN,True,MIXED,ACTIVE,2025-11-21,2026-04-08
0.283,CONFIRMED,SUPPORTING,0.913,NONE,NORMAL,TRAIN,True,MIXED,UNKNOWN,2026-03-03,2026-07-23
0.378,UNKNOWN,NEUTRAL,0.305,NONE,NORMAL,TRAIN,True,MIXED,INACTIVE,2025-10-14,2026-04-01
0.55,UNKNOWN,NEUTRAL,0.335,LEGITIMATE_ANOMALY,REVERSED_RECORD,TRAIN,True,MIXED,ACTIVE,2026-05-15,2026-08-09
0.595,SUSPECTED,SUPPORTING,0.721,NONE,NORMAL,TRAIN,True,MIXED,ACTIVE,2026-03-31,2026-08-22
0.252,SUSPECTED,SUPPORTING,0.759,NONE,NORMAL,TRAIN,True,MIXED,INACTIVE,2025-12-14,2026-03-03
0.404,CONFIRMED,SUPPORTING,0.852,NONE,NORMAL,TRAIN,True,MIXED,ACTIVE,2025-09-22,2026-04-13
0.326,SUSPECTED,SUPPORTING,0.605,NONE,NORMAL,TRAIN,True,MIXED,ACTIVE,2025-10-28,2026-06-10
0.898,UNKNOWN,NEUTRAL,0.425,NONE,NORMAL,TRAIN,True,MIXED,UNKNOWN,2026-05-01,2026-10-03
0.571,CONFIRMED,SUPPORTING,0.927,NONE,NORMAL,TRAIN,True,MIXED,UNKNOWN,2026-04-26,2026-09-06
0.325,SUSPECTED,SUPPORTING,0.631,LEGITIMATE_ANOMALY,FORMATTING_VARIATION,TRAIN,True,MIXED,ACTIVE,2026-05-30,2026-09-01
0.222,UNKNOWN,NEUTRAL,0.48,LEGITIMATE_ANOMALY,NORMAL,TRAIN,True,MIXED,ACTIVE,2026-05-31,2026-10-12
0.237,CONFIRMED,SUPPORTING,0.976,NONE,NORMAL,TRAIN,True,LEGITIMATE,ACTIVE,2026-03-01,2026-11-05
0.337,UNKNOWN,NEUTRAL,0.501,COLLECTIVE_ANOMALY,NORMAL,TRAIN,True,LEGITIMATE,UNKNOWN,2025-11-12,2026-03-29
0.47,UNKNOWN,NEUTRAL,0.321,COLLECTIVE_ANOMALY,NORMAL,TRAIN,True,LEGITIMATE,ACTIVE,2026-03-26,2026-12-18
0.23,UNKNOWN,NEUTRAL,0.418,NONE,NORMAL,TRAIN,True,LEGITIMATE,ACTIVE,2026-01-25,2026-08-27
0.478,UNKNOWN,NEUTRAL,0.467,LEGITIMATE_ANOMALY,NORMAL,TRAIN,True,LEGITIMATE,UNKNOWN,2026-01-21,2026-05-10
0.729,FALSE,CONTRADICTING,0.328,CRIMINAL_ANOMALY,NORMAL,VALIDATION,True,LEGITIMATE,ACTIVE,2025-11-23,2026-04-20
0.575,UNKNOWN,NEUTRAL,0.323,NONE,NORMAL,VALIDATION,True,LEGITIMATE,UNKNOWN,2026-01-28,2026-05-10
0.657,SUSPECTED,SUPPORTING,0.668,NONE,NORMAL,VALIDATION,True,LEGITIMATE,ACTIVE,2026-04-12,2026-12-18
0.345,CONFIRMED,SUPPORTING,0.838,COLLECTIVE_ANOMALY,NORMAL,VALIDATION,True,LEGITIMATE,ACTIVE,2025-09-26,2026-05-17
0.4,FALSE,CONTRADICTING,0.222,LEGITIMATE_ANOMALY,NORMAL,VALIDATION,True,LEGITIMATE,UNKNOWN,2026-01-27,2026-07-19
0.62,FALSE,CONTRADICTING,0.379,NONE,NORMAL,VALIDATION,True,LEGITIMATE,ACTIVE,2025-08-11,2026-03-01
0.194,UNKNOWN,NEUTRAL,0.291,NONE,NORMAL,VALIDATION,True,LEGITIMATE,UNKNOWN,2025-09-26,2026-03-12
0.553,UNKNOWN,NEUTRAL,0.301,NONE,NORMAL,VALIDATION,True,LEGITIMATE,ACTIVE,2026-02-23,2026-08-14
0.153,SUSPECTED,SUPPORTING,0.744,NONE,NORMAL,VALIDATION,True,LEGITIMATE,ACTIVE,2026-02-20,2026-10-10
0.22,UNKNOWN,NEUTRAL,0.27,LEGITIMATE_ANOMALY,NORMAL,VALIDATION,True,LEGITIMATE,UNKNOWN,2026-01-24,2026-07-29
0.264,FALSE,CONTRADICTING,0.182,NONE,NORMAL,VALIDATION,True,LEGITIMATE,ACTIVE,2025-12-08,2026-06-14
0.669,FALSE,CONTRADICTING,0.26,NONE,NORMAL,VALIDATION,True,LEGITIMATE,ACTIVE,2026-01-28,2026-11-22
0.673,FALSE,CONTRADICTING,0.274,COLLECTIVE_ANOMALY,NORMAL,VALIDATION,True,LEGITIMATE,ACTIVE,2026-03-12,2026-09-25
0.588,FALSE,CONTRADICTING,0.285,NONE,NORMAL,VALIDATION,True,LEGITIMATE,ACTIVE,2026-02-28,2026-08-24
0.578,FALSE,CONTRADICTING,0.171,COLLECTIVE_ANOMALY,NORMAL,VALIDATION,True,LEGITIMATE,ACTIVE,2025-11-26,2026-05-22
0.256,FALSE,CONTRADICTING,0.287,NONE,NORMAL,TEST,True,AMBIGUOUS,ACTIVE,2026-05-25,2026-12-11
0.828,CONFIRMED,SUPPORTING,0.986,NONE,NORMAL,TEST,True,AMBIGUOUS,ACTIVE,2026-04-12,2026-10-03
0.672,UNKNOWN,NEUTRAL,0.544,NONE,NORMAL,TEST,True,AMBIGUOUS,ACTIVE,2026-02-26,2026-08-05
0.482,UNKNOWN,NEUTRAL,0.367,NONE,NORMAL,TEST,True,AMBIGUOUS,ACTIVE,2026-05-09,2026-08-18
0.272,UNKNOWN,NEUTRAL,0.533,NONE,NORMAL,TEST,True,AMBIGUOUS,UNKNOWN,2026-02-18,2026-05-13
0.427,UNKNOWN,NEUTRAL,0.343,NONE,NORMAL,TEST,True,AMBIGUOUS,INACTIVE,2025-09-20,2026-01-31
0.695,CONFIRMED,SUPPORTING,0.855,LEGITIMATE_ANOMALY,NORMAL,TEST,True,AMBIGUOUS,ACTIVE,2026-05-21,2026-09-28
0.313,SUSPECTED,SUPPORTING,0.629,NONE,NORMAL,TEST,True,AMBIGUOUS,ACTIVE,2026-04-14,2026-12-09
0.415,SUSPECTED,SUPPORTING,0.747,NONE,NORMAL,TEST,True,AMBIGUOUS,UNKNOWN,2025-12-22,2026-05-04
0.582,UNKNOWN,NEUTRAL,0.271,NONE,NORMAL,TEST,True,AMBIGUOUS,ACTIVE,2025-09-18,2026-06-20
0.415,UNKNOWN,NEUTRAL,0.502,NONE,NORMAL,TEST,True,AMBIGUOUS,ACTIVE,2026-04-03,2026-11-02
0.658,UNKNOWN,NEUTRAL,0.401,NONE,NORMAL,TEST,True,AMBIGUOUS,ACTIVE,2025-11-25,2026-07-08
0.38,FALSE,CONTRADICTING,0.331,NONE,MISSING_COUNTERPARTY,TEST,True,AMBIGUOUS,ACTIVE,2026-05-28,2026-10-03
0.219,UNKNOWN,NEUTRAL,0.484,NONE,NORMAL,TEST,True,AMBIGUOUS,ACTIVE,2026-05-09,2026-12-14
0.13,FALSE,CONTRADICTING,0.273,NONE,NORMAL,TEST,True,AMBIGUOUS,ACTIVE,2025-08-26,2026-05-26
0.591,SUSPECTED,SUPPORTING,0.825,CRIMINAL_ANOMALY,NORMAL,TRAIN,True,CRIMINAL,ACTIVE,2026-02-27,2026-09-15
0.439,CONFIRMED,SUPPORTING,0.962,NONE,NORMAL,TRAIN,True,CRIMINAL,ACTIVE,2025-11-23,2026-06-04
0.142,FALSE,CONTRADICTING,0.218,NONE,NORMAL,TRAIN,True,CRIMINAL,ACTIVE,2025-11-06,2026-07-25
0.37,CONFIRMED,SUPPORTING,0.959,NONE,NORMAL,TRAIN,True,CRIMINAL,ACTIVE,2025-10-25,2026-06-17
0.558,CONFIRMED,SUPPORTING,0.832,LEGITIMATE_ANOMALY,NORMAL,TRAIN,True,CRIMINAL,ACTIVE,2025-10-25,2026-07-21
0.597,SUSPECTED,SUPPORTING,0.66,NONE,NORMAL,TRAIN,True,CRIMINAL,ACTIVE,2026-04-24,2026-11-22
0.723,CONFIRMED,SUPPORTING,0.947,NONE,NORMAL,TRAIN,True,CRIMINAL,UNKNOWN,2025-10-28,2026-03-27
0.42,CONFIRMED,SUPPORTING,0.84,NONE,NORMAL,TRAIN,True,CRIMINAL,UNKNOWN,2025-12-04,2026-03-21
0.734,CONFIRMED,SUPPORTING,0.979,LEGITIMATE_ANOMALY,NORMAL,TRAIN,True,CRIMINAL,ACTIVE,2026-02-19,2026-07-26
0.307,UNKNOWN,NEUTRAL,0.37,CONTEXTUAL_ANOMALY,NORMAL,TRAIN,True,CRIMINAL,INACTIVE,2025-11-20,2026-03-14
0.317,SUSPECTED,SUPPORTING,0.778,NONE,DUPLICATE,TRAIN,True,CRIMINAL,INACTIVE,2025-09-10,2026-01-22
0.206,SUSPECTED,SUPPORTING,0.853,NONE,NORMAL,TRAIN,True,CRIMINAL,ACTIVE,2025-12-12,2026-07-20
0.443,SUSPECTED,SUPPORTING,0.748,NONE,NORMAL,TRAIN,True,CRIMINAL,ACTIVE,2026-02-11,2026-11-24
0.45,SUSPECTED,SUPPORTING,0.613,NONE,NORMAL,TRAIN,True,CRIMINAL,ACTIVE,2026-03-28,2026-08-29
0.176,UNKNOWN,NEUTRAL,0.545,NONE,NORMAL,TRAIN,True,CRIMINAL,ACTIVE,2025-10-26,2026-03-27
0.505,SUSPECTED,SUPPORTING,0.813,NONE,NORMAL,TRAIN,True,CRIMINAL,INACTIVE,2026-03-05,2026-07-15
0.512,SUSPECTED,SUPPORTING,0.818,NONE,NORMAL,TRAIN,True,CRIMINAL,ACTIVE,2026-03-01,2026-08-08
0.397,SUSPECTED,SUPPORTING,0.736,NONE,NORMAL,TRAIN,True,CRIMINAL,ACTIVE,2025-10-02,2026-05-17
0.214,CONFIRMED,SUPPORTING,0.875,COLLECTIVE_ANOMALY,NORMAL,TRAIN,True,CRIMINAL,ACTIVE,2026-01-05,2026-09-24
0.29,FALSE,CONTRADICTING,0.339,NONE,NORMAL,TRAIN,True,CRIMINAL,INACTIVE,2025-12-01,2026-03-22
0.828,CONFIRMED,SUPPORTING,0.835,NONE,NORMAL,TRAIN,True,CRIMINAL,ACTIVE,2026-03-22,2026-09-16
0.34,CONFIRMED,SUPPORTING,0.856,NONE,NORMAL,TRAIN,True,CRIMINAL,UNKNOWN,2025-10-09,2026-05-20
0.526,SUSPECTED,SUPPORTING,0.632,CRIMINAL_ANOMALY,NORMAL,TRAIN,True,CRIMINAL,ACTIVE,2025-10-12,2026-05-25
0.092,CONFIRMED,SUPPORTING,0.941,NONE,NORMAL,TRAIN,True,CRIMINAL,ACTIVE,2026-02-26,2026-08-18
0.108,CONFIRMED,SUPPORTING,0.941,NONE,NORMAL,TRAIN,True,CRIMINAL,ACTIVE,2026-04-10,2026-12-14
0.567,CONFIRMED,SUPPORTING,0.902,NONE,NORMAL,TRAIN,True,CRIMINAL,INACTIVE,2025-10-31,2026-04-15
0.374,UNKNOWN,NEUTRAL,0.247,NONE,NORMAL,TRAIN,True,CRIMINAL,ACTIVE,2025-10-13,2026-05-03
0.266,UNKNOWN,NEUTRAL,0.233,NONE,MISSING_COUNTERPARTY,TRAIN,True,CRIMINAL,INACTIVE,2025-12-14,2026-03-07
0.429,FALSE,CONTRADICTING,0.251,NONE,NORMAL,TRAIN,True,CRIMINAL,ACTIVE,2025-11-17,2026-05-31
0.613,CONFIRMED,SUPPORTING,0.913,NONE,NORMAL,TRAIN,True,CRIMINAL,ACTIVE,2026-01-19,2026-09-27
0.398,SUSPECTED,SUPPORTING,0.617,CRIMINAL_ANOMALY,NORMAL,TRAIN,True,CRIMINAL,ACTIVE,2025-09-22,2026-05-06
0.232,FALSE,CONTRADICTING,0.155,NONE,NORMAL,TRAIN,True,CRIMINAL,ACTIVE,2026-01-04,2026-03-31
0.444,SUSPECTED,SUPPORTING,0.639,CONTEXTUAL_ANOMALY,NORMAL,TRAIN,True,CRIMINAL,ACTIVE,2026-04-07,2026-09-23
0.729,CONFIRMED,SUPPORTING,0.901,CONTEXTUAL_ANOMALY,NORMAL,TRAIN,True,CRIMINAL,ACTIVE,2025-12-21,2026-08-22
0.595,SUSPECTED,SUPPORTING,0.664,NONE,NORMAL,TRAIN,True,CRIMINAL,ACTIVE,2025-11-21,2026-08-30
0.611,UNKNOWN,NEUTRAL,0.238,NONE,NORMAL,TRAIN,True,CRIMINAL,ACTIVE,2026-02-14,2026-12-09
0.472,SUSPECTED,SUPPORTING,0.605,NONE,NORMAL,TRAIN,True,CRIMINAL,ACTIVE,2026-02-28,2026-10-28
0.474,CONFIRMED,SUPPORTING,0.876,NONE,NORMAL,TRAIN,True,CRIMINAL,ACTIVE,2025-11-17,2026-04-07
0.521,UNKNOWN,NEUTRAL,0.273,NONE,NORMAL,TRAIN,True,CRIMINAL,ACTIVE,2026-03-07,2026-11-15
0.46,CONFIRMED,SUPPORTING,0.924,NONE,NORMAL,TRAIN,True,CRIMINAL,ACTIVE,2026-04-23,2026-12-09
0.519,CONFIRMED,SUPPORTING,0.975,NONE,NORMAL,TRAIN,True,MIXED,ACTIVE,2025-11-02,2026-06-25
0.591,FALSE,CONTRADICTING,0.129,COLLECTIVE_ANOMALY,NORMAL,TRAIN,True,MIXED,ACTIVE,2025-12-19,2026-04-16
0.763,SUSPECTED,SUPPORTING,0.817,NONE,NORMAL,TRAIN,True,MIXED,ACTIVE,2026-04-25,2026-10-03
0.396,SUSPECTED,SUPPORTING,0.742,NONE,NORMAL,TRAIN,True,MIXED,ACTIVE,2025-10-27,2026-06-04
0.177,SUSPECTED,SUPPORTING,0.771,NONE,NORMAL,TRAIN,True,MIXED,ACTIVE,2025-09-27,2026-04-19
0.3,SUSPECTED,SUPPORTING,0.856,NONE,NORMAL,TRAIN,True,MIXED,ACTIVE,2025-12-18,2026-08-19
0.796,SUSPECTED,SUPPORTING,0.773,NONE,NORMAL,TRAIN,True,MIXED,ACTIVE,2026-03-20,2026-08-24
0.535,CONFIRMED,SUPPORTING,0.901,NONE,NORMAL,TRAIN,True,MIXED,ACTIVE,2026-01-29,2026-09-01
0.67,SUSPECTED,SUPPORTING,0.752,LEGITIMATE_ANOMALY,NORMAL,TRAIN,True,MIXED,ACTIVE,2026-04-01,2026-09-24
0.177,UNKNOWN,NEUTRAL,0.384,NONE,NORMAL,TRAIN,True,MIXED,ACTIVE,2026-02-13,2026-11-29
0.788,FALSE,CONTRADICTING,0.15,NONE,DUPLICATE,TRAIN,True,MIXED,ACTIVE,2026-01-04,2026-06-10
0.388,SUSPECTED,SUPPORTING,0.79,CONTEXTUAL_ANOMALY,NORMAL,TRAIN,True,MIXED,INACTIVE,2025-10-14,2026-04-06
0.582,UNKNOWN,NEUTRAL,0.41,NONE,NORMAL,TRAIN,True,MIXED,ACTIVE,2025-12-20,2026-07-05
0.598,SUSPECTED,SUPPORTING,0.732,NONE,NORMAL,TRAIN,True,MIXED,ACTIVE,2025-11-09,2026-04-06
0.153,CONFIRMED,SUPPORTING,0.827,TEMPORAL_ANOMALY,NORMAL,TRAIN,True,MIXED,UNKNOWN,2026-02-02,2026-08-11
0.219,SUSPECTED,SUPPORTING,0.637,NONE,NORMAL,TRAIN,True,MIXED,ACTIVE,2026-01-23,2026-09-07
0.19,CONFIRMED,SUPPORTING,0.969,NONE,FORMATTING_VARIATION,TRAIN,True,MIXED,ACTIVE,2026-03-31,2026-10-06
0.629,SUSPECTED,SUPPORTING,0.749,NONE,NORMAL,TRAIN,True,MIXED,INACTIVE,2025-11-26,2026-04-24
0.284,UNKNOWN,NEUTRAL,0.48,NONE,NORMAL,TRAIN,True,MIXED,ACTIVE,2025-12-01,2026-07-03
0.731,SUSPECTED,SUPPORTING,0.822,NONE,NORMAL,TRAIN,True,MIXED,ACTIVE,2025-09-22,2026-05-06
0.546,CONFIRMED,SUPPORTING,0.981,NONE,NORMAL,TRAIN,True,MIXED,ACTIVE,2025-11-19,2026-05-28
0.236,FALSE,CONTRADICTING,0.124,NONE,NORMAL,TRAIN,True,MIXED,UNKNOWN,2026-05-07,2026-11-02
0.358,FALSE,CONTRADICTING,0.145,LEGITIMATE_ANOMALY,NORMAL,TRAIN,True,MIXED,ACTIVE,2026-04-22,2026-11-20
0.729,CONFIRMED,SUPPORTING,0.942,NONE,NORMAL,TRAIN,True,MIXED,ACTIVE,2026-04-13,2026-11-28
0.241,UNKNOWN,NEUTRAL,0.219,CRIMINAL_ANOMALY,NORMAL,TRAIN,True,MIXED,UNKNOWN,2026-04-09,2026-11-24
0.252,FALSE,CONTRADICTING,0.132,COLLECTIVE_ANOMALY,NORMAL,TRAIN,True,LEGITIMATE,ACTIVE,2026-03-11,2026-10-16
0.255,UNKNOWN,NEUTRAL,0.249,COLLECTIVE_ANOMALY,NORMAL,TRAIN,True,LEGITIMATE,INACTIVE,2025-09-06,2025-12-23
0.522,UNKNOWN,NEUTRAL,0.449,NONE,NORMAL,TRAIN,True,LEGITIMATE,ACTIVE,2026-05-16,2026-09-30
0.142,FALSE,CONTRADICTING,0.365,NONE,NORMAL,TRAIN,True,LEGITIMATE,ACTIVE,2026-01-25,2026-10-16
0.207,FALSE,CONTRADICTING,0.284,CONTEXTUAL_ANOMALY,NORMAL,TRAIN,True,LEGITIMATE,ACTIVE,2025-11-03,2026-05-05
0.169,FALSE,CONTRADICTING,0.273,NONE,NORMAL,VALIDATION,True,LEGITIMATE,ACTIVE,2025-08-30,2026-05-21
0.506,UNKNOWN,NEUTRAL,0.222,NONE,NORMAL,VALIDATION,True,LEGITIMATE,ACTIVE,2025-12-16,2026-05-11
0.435,FALSE,CONTRADICTING,0.314,NONE,NORMAL,VALIDATION,True,LEGITIMATE,UNKNOWN,2026-05-17,2026-09-21
0.313,FALSE,CONTRADICTING,0.302,NONE,NORMAL,VALIDATION,True,LEGITIMATE,INACTIVE,2025-07-06,2025-12-31
0.099,SUSPECTED,SUPPORTING,0.716,NONE,NORMAL,VALIDATION,True,LEGITIMATE,ACTIVE,2026-02-23,2026-06-12
0.235,FALSE,CONTRADICTING,0.333,NONE,REVERSED_RECORD,VALIDATION,True,LEGITIMATE,ACTIVE,2025-08-01,2026-05-28
0.167,UNKNOWN,NEUTRAL,0.256,TEMPORAL_ANOMALY,NORMAL,VALIDATION,True,LEGITIMATE,ACTIVE,2025-11-03,2026-05-10
0.534,UNKNOWN,NEUTRAL,0.328,NONE,NORMAL,VALIDATION,True,LEGITIMATE,ACTIVE,2026-02-21,2026-07-31
0.284,UNKNOWN,NEUTRAL,0.216,NONE,NORMAL,VALIDATION,True,LEGITIMATE,ACTIVE,2026-03-20,2026-07-25
0.634,UNKNOWN,NEUTRAL,0.434,NONE,FORMATTING_VARIATION,VALIDATION,True,LEGITIMATE,UNKNOWN,2026-03-10,2026-07-29
0.89,UNKNOWN,NEUTRAL,0.52,NONE,NORMAL,VALIDATION,True,LEGITIMATE,INACTIVE,2025-12-19,2026-03-13
0.351,UNKNOWN,NEUTRAL,0.34,NONE,NORMAL,VALIDATION,True,LEGITIMATE,ACTIVE,2026-02-02,2026-09-08
0.281,FALSE,CONTRADICTING,0.238,LEGITIMATE_ANOMALY,NORMAL,VALIDATION,True,LEGITIMATE,ACTIVE,2026-05-27,2026-11-13
0.299,FALSE,CONTRADICTING,0.216,NONE,NORMAL,VALIDATION,True,LEGITIMATE,ACTIVE,2025-12-09,2026-09-22
0.798,SUSPECTED,SUPPORTING,0.757,NONE,NORMAL,VALIDATION,True,LEGITIMATE,ACTIVE,2025-09-20,2026-03-27
0.314,UNKNOWN,NEUTRAL,0.506,NONE,NORMAL,TEST,True,AMBIGUOUS,ACTIVE,2026-04-24,2026-12-10
0.201,SUSPECTED,SUPPORTING,0.609,NONE,NORMAL,TEST,True,AMBIGUOUS,UNKNOWN,2026-06-05,2026-11-25
0.718,SUSPECTED,SUPPORTING,0.735,NONE,NORMAL,TEST,True,AMBIGUOUS,ACTIVE,2026-01-06,2026-08-28
0.487,CONFIRMED,SUPPORTING,0.908,NONE,NORMAL,TEST,True,AMBIGUOUS,ACTIVE,2026-03-26,2026-10-10
0.278,UNKNOWN,NEUTRAL,0.333,NONE,NORMAL,TEST,True,AMBIGUOUS,ACTIVE,2025-12-21,2026-06-22
0.211,SUSPECTED,SUPPORTING,0.633,NONE,NORMAL,TEST,True,AMBIGUOUS,INACTIVE,2025-09-21,2026-01-24
0.204,FALSE,CONTRADICTING,0.271,TEMPORAL_ANOMALY,NORMAL,TEST,True,AMBIGUOUS,ACTIVE,2026-06-07,2026-11-16
0.845,UNKNOWN,NEUTRAL,0.403,TEMPORAL_ANOMALY,NORMAL,TEST,True,AMBIGUOUS,ACTIVE,2026-03-28,2026-09-08
0.476,SUSPECTED,SUPPORTING,0.687,NONE,NORMAL,TEST,True,AMBIGUOUS,ACTIVE,2026-01-30,2026-06-04
0.451,FALSE,CONTRADICTING,0.314,TEMPORAL_ANOMALY,NORMAL,TEST,True,AMBIGUOUS,ACTIVE,2025-10-28,2026-05-30
0.395,UNKNOWN,NEUTRAL,0.402,LEGITIMATE_ANOMALY,NORMAL,TEST,True,AMBIGUOUS,INACTIVE,2026-03-02,2026-07-11
0.353,FALSE,CONTRADICTING,0.287,LEGITIMATE_ANOMALY,NORMAL,TEST,True,AMBIGUOUS,ACTIVE,2026-02-09,2026-06-07
0.432,CONFIRMED,SUPPORTING,0.969,NONE,NORMAL,TEST,True,AMBIGUOUS,ACTIVE,2026-03-16,2027-01-01
0.446,CONFIRMED,SUPPORTING,0.903,LEGITIMATE_ANOMALY,NORMAL,TEST,True,AMBIGUOUS,ACTIVE,2026-05-25,2026-09-24
0.981,UNKNOWN,NEUTRAL,0.32,NONE,NORMAL,TEST,True,AMBIGUOUS,ACTIVE,2025-10-28,2026-05-28
0.274,SUSPECTED,SUPPORTING,0.745,NONE,NORMAL,TRAIN,True,CRIMINAL,ACTIVE,2026-06-05,2026-11-10
0.56,CONFIRMED,SUPPORTING,0.964,NONE,NORMAL,TRAIN,True,CRIMINAL,UNKNOWN,2025-10-02,2026-02-22
0.627,CONFIRMED,SUPPORTING,0.941,NONE,NORMAL,TRAIN,True,CRIMINAL,ACTIVE,2026-01-17,2026-05-15
0.365,CONFIRMED,SUPPORTING,0.944,NONE,NORMAL,TRAIN,True,CRIMINAL,ACTIVE,2025-11-23,2026-07-10
0.418,CONFIRMED,SUPPORTING,0.951,NONE,NORMAL,TRAIN,True,CRIMINAL,ACTIVE,2026-01-23,2026-08-12
0.683,CONFIRMED,SUPPORTING,0.874,COLLECTIVE_ANOMALY,NORMAL,TRAIN,True,CRIMINAL,ACTIVE,2026-04-11,2026-10-19
0.686,FALSE,CONTRADICTING,0.384,LEGITIMATE_ANOMALY,NORMAL,TRAIN,True,CRIMINAL,UNKNOWN,2025-11-29,2026-02-15
0.448,SUSPECTED,SUPPORTING,0.601,NONE,NORMAL,TRAIN,True,CRIMINAL,ACTIVE,2025-11-30,2026-04-17
0.641,SUSPECTED,SUPPORTING,0.62,NONE,NORMAL,TRAIN,True,CRIMINAL,ACTIVE,2026-04-08,2026-08-25
0.618,SUSPECTED,SUPPORTING,0.753,NONE,NORMAL,TRAIN,True,CRIMINAL,INACTIVE,2025-10-11,2026-03-10
0.7,UNKNOWN,NEUTRAL,0.218,NONE,NORMAL,TRAIN,True,CRIMINAL,UNKNOWN,2026-01-10,2026-06-07
0.537,CONFIRMED,SUPPORTING,0.847,NONE,NORMAL,TRAIN,True,CRIMINAL,ACTIVE,2025-11-06,2026-05-31
0.723,CONFIRMED,SUPPORTING,0.874,CRIMINAL_ANOMALY,NORMAL,TRAIN,True,CRIMINAL,ACTIVE,2026-04-02,2026-09-05
0.347,CONFIRMED,SUPPORTING,0.884,NONE,NORMAL,TRAIN,True,CRIMINAL,ACTIVE,2026-05-22,2026-10-31
0.392,CONFIRMED,SUPPORTING,0.94,NONE,NORMAL,TRAIN,True,CRIMINAL,INACTIVE,2025-11-15,2026-01-16
0.289,CONFIRMED,SUPPORTING,0.985,NONE,NORMAL,TRAIN,True,CRIMINAL,INACTIVE,2026-04-23,2026-07-06
0.41,UNKNOWN,NEUTRAL,0.209,NONE,NORMAL,TRAIN,True,CRIMINAL,ACTIVE,2026-02-12,2026-09-02
0.38,UNKNOWN,NEUTRAL,0.388,NONE,NORMAL,TRAIN,True,CRIMINAL,ACTIVE,2025-10-23,2026-05-28
0.553,SUSPECTED,SUPPORTING,0.712,TEMPORAL_ANOMALY,NORMAL,TRAIN,True,CRIMINAL,ACTIVE,2026-02-22,2026-06-07
0.221,UNKNOWN,NEUTRAL,0.339,NONE,NORMAL,TRAIN,True,CRIMINAL,ACTIVE,2026-01-18,2026-08-22
0.4,CONFIRMED,SUPPORTING,0.911,NONE,NORMAL,TRAIN,True,CRIMINAL,ACTIVE,2026-03-09,2026-12-11
0.562,SUSPECTED,SUPPORTING,0.809,NONE,NORMAL,TRAIN,True,CRIMINAL,ACTIVE,2025-11-30,2026-05-24
0.225,CONFIRMED,SUPPORTING,0.859,NONE,NORMAL,TRAIN,True,CRIMINAL,INACTIVE,2025-08-27,2026-02-08
0.749,SUSPECTED,SUPPORTING,0.799,NONE,MISSING_COUNTERPARTY,TRAIN,True,CRIMINAL,ACTIVE,2025-12-18,2026-08-30
0.433,SUSPECTED,SUPPORTING,0.838,NONE,NORMAL,TRAIN,True,CRIMINAL,ACTIVE,2026-06-22,2026-09-22
0.475,SUSPECTED,SUPPORTING,0.636,NONE,NORMAL,TRAIN,True,CRIMINAL,ACTIVE,2026-01-10,2026-07-07
0.323,CONFIRMED,SUPPORTING,0.942,NONE,NORMAL,TRAIN,True,CRIMINAL,INACTIVE,2026-01-11,2026-03-12
0.475,SUSPECTED,SUPPORTING,0.699,NONE,NORMAL,TRAIN,True,CRIMINAL,ACTIVE,2025-10-15,2026-05-27
0.742,CONFIRMED,SUPPORTING,0.83,TEMPORAL_ANOMALY,NORMAL,TRAIN,True,CRIMINAL,UNKNOWN,2026-02-16,2026-06-03
0.257,SUSPECTED,SUPPORTING,0.636,NONE,NORMAL,TRAIN,True,CRIMINAL,UNKNOWN,2026-02-16,2026-07-03
0.368,CONFIRMED,SUPPORTING,0.903,NONE,NORMAL,TRAIN,True,CRIMINAL,ACTIVE,2026-01-07,2026-05-23
0.725,CONFIRMED,SUPPORTING,0.84,NONE,NORMAL,TRAIN,True,CRIMINAL,ACTIVE,2025-10-15,2026-07-20
0.486,CONFIRMED,SUPPORTING,0.956,NONE,NORMAL,TRAIN,True,CRIMINAL,ACTIVE,2026-04-03,2026-09-12
0.622,UNKNOWN,NEUTRAL,0.259,LEGITIMATE_ANOMALY,NORMAL,TRAIN,True,CRIMINAL,ACTIVE,2025-12-27,2026-09-02
0.479,CONFIRMED,SUPPORTING,0.882,COLLECTIVE_ANOMALY,NORMAL,TRAIN,True,CRIMINAL,ACTIVE,2026-02-15,2026-06-26
0.094,CONFIRMED,SUPPORTING,0.984,TEMPORAL_ANOMALY,NORMAL,TRAIN,True,CRIMINAL,ACTIVE,2026-05-10,2026-10-06
0.651,UNKNOWN,NEUTRAL,0.288,NONE,NORMAL,TRAIN,True,CRIMINAL,UNKNOWN,2026-04-08,2026-10-12
0.221,CONFIRMED,SUPPORTING,0.847,NONE,NORMAL,TRAIN,True,CRIMINAL,INACTIVE,2025-11-21,2026-01-24
0.384,CONFIRMED,SUPPORTING,0.833,NONE,NORMAL,TRAIN,True,CRIMINAL,ACTIVE,2026-02-24,2026-10-09
0.135,CONFIRMED,SUPPORTING,0.967,NONE,NORMAL,TRAIN,True,CRIMINAL,ACTIVE,2026-06-06,2027-01-05
0.483,FALSE,CONTRADICTING,0.419,NONE,NORMAL,TRAIN,True,MIXED,ACTIVE,2025-10-16,2026-05-16
0.13,FALSE,CONTRADICTING,0.284,NONE,NORMAL,TRAIN,True,MIXED,ACTIVE,2025-11-13,2026-04-20
0.35,CONFIRMED,SUPPORTING,0.931,COLLECTIVE_ANOMALY,NORMAL,TRAIN,True,MIXED,INACTIVE,2026-03-15,2026-05-25
0.439,SUSPECTED,SUPPORTING,0.753,LEGITIMATE_ANOMALY,NORMAL,TRAIN,True,MIXED,INACTIVE,2025-10-19,2026-01-11
0.45,UNKNOWN,NEUTRAL,0.515,NONE,FORMATTING_VARIATION,TRAIN,True,MIXED,ACTIVE,2025-09-05,2026-05-06
0.665,UNKNOWN,NEUTRAL,0.509,NONE,NORMAL,TRAIN,True,MIXED,UNKNOWN,2026-01-25,2026-06-08
0.835,FALSE,CONTRADICTING,0.22,NONE,NORMAL,TRAIN,True,MIXED,ACTIVE,2025-12-15,2026-09-20
0.424,CONFIRMED,SUPPORTING,0.882,NONE,NORMAL,TRAIN,True,MIXED,ACTIVE,2025-12-06,2026-05-30
0.319,FALSE,CONTRADICTING,0.172,NONE,NORMAL,TRAIN,True,MIXED,ACTIVE,2026-03-05,2026-09-18
0.496,FALSE,CONTRADICTING,0.124,NONE,NORMAL,TRAIN,True,MIXED,ACTIVE,2026-05-01,2026-09-04
0.283,CONFIRMED,SUPPORTING,0.827,NONE,NORMAL,TRAIN,True,MIXED,ACTIVE,2025-12-21,2026-05-13
0.182,CONFIRMED,SUPPORTING,0.836,NONE,REVERSED_RECORD,TRAIN,True,MIXED,ACTIVE,2026-03-03,2026-08-31
0.327,CONFIRMED,SUPPORTING,0.971,NONE,NORMAL,TRAIN,True,MIXED,ACTIVE,2025-11-23,2026-07-07
0.224,CONFIRMED,SUPPORTING,0.821,NONE,NORMAL,TRAIN,True,MIXED,ACTIVE,2025-11-27,2026-03-01
0.513,FALSE,CONTRADICTING,0.164,NONE,NORMAL,TRAIN,True,MIXED,ACTIVE,2026-01-12,2026-09-05
0.542,UNKNOWN,NEUTRAL,0.384,NONE,NORMAL,TRAIN,True,MIXED,ACTIVE,2025-12-08,2026-07-12
0.206,UNKNOWN,NEUTRAL,0.494,NONE,NORMAL,TRAIN,True,MIXED,INACTIVE,2026-03-02,2026-07-02
0.691,SUSPECTED,SUPPORTING,0.633,NONE,NORMAL,TRAIN,True,MIXED,ACTIVE,2026-03-21,2026-10-02
0.37,CONFIRMED,SUPPORTING,0.842,NONE,NORMAL,TRAIN,True,MIXED,ACTIVE,2025-12-05,2026-06-11
0.451,SUSPECTED,SUPPORTING,0.758,NONE,NORMAL,TRAIN,True,MIXED,ACTIVE,2025-10-22,2026-04-21
0.341,SUSPECTED,SUPPORTING,0.739,LEGITIMATE_ANOMALY,NORMAL,TRAIN,True,MIXED,ACTIVE,2025-09-19,2026-03-28
0.794,SUSPECTED,SUPPORTING,0.687,NONE,NORMAL,TRAIN,True,MIXED,INACTIVE,2026-03-16,2026-07-08
0.692,FALSE,CONTRADICTING,0.188,NONE,NORMAL,TRAIN,True,MIXED,ACTIVE,2026-02-26,2026-08-31
0.688,SUSPECTED,SUPPORTING,0.591,NONE,NORMAL,TRAIN,True,MIXED,UNKNOWN,2026-04-08,2026-11-28
0.186,SUSPECTED,SUPPORTING,0.849,TEMPORAL_ANOMALY,NORMAL,TRAIN,True,MIXED,ACTIVE,2026-04-16,2026-12-21
0.356,UNKNOWN,NEUTRAL,0.518,NONE,REVERSED_RECORD,TRAIN,True,LEGITIMATE,ACTIVE,2026-03-15,2026-12-02
0.722,UNKNOWN,NEUTRAL,0.423,NONE,NORMAL,TRAIN,True,LEGITIMATE,INACTIVE,2025-08-14,2025-12-08
0.56,CONFIRMED,SUPPORTING,0.881,NONE,NORMAL,TRAIN,True,LEGITIMATE,ACTIVE,2026-05-16,2026-10-18
0.275,FALSE,CONTRADICTING,0.258,NONE,NORMAL,TRAIN,True,LEGITIMATE,ACTIVE,2026-04-27,2026-10-28
0.131,UNKNOWN,NEUTRAL,0.492,NONE,NORMAL,TRAIN,True,LEGITIMATE,ACTIVE,2026-01-16,2026-05-03
0.517,UNKNOWN,NEUTRAL,0.256,NONE,DUPLICATE,VALIDATION,True,LEGITIMATE,ACTIVE,2025-10-17,2026-05-29
0.672,UNKNOWN,NEUTRAL,0.213,NONE,NORMAL,VALIDATION,True,LEGITIMATE,UNKNOWN,2026-02-25,2026-05-19
0.521,UNKNOWN,NEUTRAL,0.235,CRIMINAL_ANOMALY,NORMAL,VALIDATION,True,LEGITIMATE,ACTIVE,2026-05-07,2027-01-01
0.107,FALSE,CONTRADICTING,0.411,NONE,NORMAL,VALIDATION,True,LEGITIMATE,INACTIVE,2025-10-24,2026-01-12
0.348,UNKNOWN,NEUTRAL,0.422,LEGITIMATE_ANOMALY,FORMATTING_VARIATION,VALIDATION,True,LEGITIMATE,UNKNOWN,2026-03-10,2026-08-22
0.482,UNKNOWN,NEUTRAL,0.363,NONE,NORMAL,VALIDATION,True,LEGITIMATE,ACTIVE,2025-10-07,2026-04-11
0.38,FALSE,CONTRADICTING,0.132,NONE,NORMAL,VALIDATION,True,LEGITIMATE,ACTIVE,2025-10-27,2026-05-20
0.19,FALSE,CONTRADICTING,0.243,NONE,NORMAL,VALIDATION,True,LEGITIMATE,ACTIVE,2026-02-21,2026-06-14
0.281,UNKNOWN,NEUTRAL,0.35,NONE,NORMAL,VALIDATION,True,LEGITIMATE,ACTIVE,2026-03-17,2026-07-15
0.294,FALSE,CONTRADICTING,0.13,NONE,NORMAL,VALIDATION,True,LEGITIMATE,INACTIVE,2026-01-16,2026-04-16
0.582,FALSE,CONTRADICTING,0.13,NONE,NORMAL,VALIDATION,True,LEGITIMATE,INACTIVE,2025-11-07,2026-04-02
0.509,FALSE,CONTRADICTING,0.25,NONE,NORMAL,VALIDATION,True,LEGITIMATE,ACTIVE,2026-04-13,2026-12-05
0.512,UNKNOWN,NEUTRAL,0.54,NONE,NORMAL,VALIDATION,True,LEGITIMATE,ACTIVE,2026-04-09,2026-11-24
0.365,CONFIRMED,SUPPORTING,0.898,NONE,NORMAL,VALIDATION,True,LEGITIMATE,ACTIVE,2026-03-27,2026-08-19
0.162,SUSPECTED,SUPPORTING,0.794,NONE,NORMAL,VALIDATION,True,LEGITIMATE,INACTIVE,2025-09-19,2026-01-25
0.402,UNKNOWN,NEUTRAL,0.351,COLLECTIVE_ANOMALY,NORMAL,TEST,True,AMBIGUOUS,UNKNOWN,2026-06-10,2026-12-02
0.415,SUSPECTED,SUPPORTING,0.848,NONE,NORMAL,TEST,True,AMBIGUOUS,ACTIVE,2026-06-19,2026-10-26
0.576,UNKNOWN,NEUTRAL,0.546,TEMPORAL_ANOMALY,NORMAL,TEST,True,AMBIGUOUS,ACTIVE,2026-02-25,2026-06-20
0.534,SUSPECTED,SUPPORTING,0.73,NONE,NORMAL,TEST,True,AMBIGUOUS,ACTIVE,2026-04-22,2026-11-04
0.117,FALSE,CONTRADICTING,0.176,LEGITIMATE_ANOMALY,NORMAL,TEST,True,AMBIGUOUS,UNKNOWN,2026-02-25,2026-07-31
0.244,UNKNOWN,NEUTRAL,0.518,NONE,NORMAL,TEST,True,AMBIGUOUS,ACTIVE,2025-12-08,2026-03-25
0.649,SUSPECTED,SUPPORTING,0.82,NONE,NORMAL,TEST,True,AMBIGUOUS,ACTIVE,2026-06-03,2026-10-27
0.664,FALSE,CONTRADICTING,0.401,NONE,NORMAL,TEST,True,AMBIGUOUS,ACTIVE,2026-04-04,2026-10-03
0.043,UNKNOWN,NEUTRAL,0.245,NONE,NORMAL,TEST,True,AMBIGUOUS,UNKNOWN,2026-01-18,2026-07-09
0.045,CONFIRMED,SUPPORTING,0.866,NONE,NORMAL,TEST,True,AMBIGUOUS,ACTIVE,2025-09-28,2026-05-10
0.146,UNKNOWN,NEUTRAL,0.433,NONE,NORMAL,TEST,True,AMBIGUOUS,INACTIVE,2026-03-14,2026-08-06
0.554,UNKNOWN,NEUTRAL,0.345,NONE,NORMAL,TEST,True,AMBIGUOUS,ACTIVE,2026-01-04,2026-08-23
0.511,SUSPECTED,SUPPORTING,0.667,NONE,NORMAL,TEST,True,AMBIGUOUS,ACTIVE,2026-03-06,2026-12-16
0.77,UNKNOWN,NEUTRAL,0.322,NONE,NORMAL,TEST,True,AMBIGUOUS,ACTIVE,2026-05-31,2026-12-11
0.224,UNKNOWN,NEUTRAL,0.479,NONE,NORMAL,TEST,True,AMBIGUOUS,ACTIVE,2025-09-21,2026-06-27
0.29,SUSPECTED,SUPPORTING,0.736,LEGITIMATE_ANOMALY,NORMAL,TRAIN,True,CRIMINAL,ACTIVE,2026-05-30,2026-10-08
0.284,SUSPECTED,SUPPORTING,0.851,NONE,NORMAL,TRAIN,True,CRIMINAL,ACTIVE,2025-08-27,2026-05-04
0.433,CONFIRMED,SUPPORTING,0.907,NONE,NORMAL,TRAIN,True,CRIMINAL,INACTIVE,2025-12-13,2026-02-15
0.425,UNKNOWN,NEUTRAL,0.217,LEGITIMATE_ANOMALY,NORMAL,TRAIN,True,CRIMINAL,ACTIVE,2026-01-03,2026-05-27
0.234,CONFIRMED,SUPPORTING,0.892,NONE,NORMAL,TRAIN,True,CRIMINAL,ACTIVE,2025-12-12,2026-05-07
0.869,SUSPECTED,SUPPORTING,0.659,COLLECTIVE_ANOMALY,NORMAL,TRAIN,True,CRIMINAL,UNKNOWN,2026-05-16,2026-08-18
0.852,CONFIRMED,SUPPORTING,0.943,CRIMINAL_ANOMALY,NORMAL,TRAIN,True,CRIMINAL,ACTIVE,2025-10-11,2026-04-06
0.521,CONFIRMED,SUPPORTING,0.968,NONE,NORMAL,TRAIN,True,CRIMINAL,UNKNOWN,2025-09-18,2026-05-14
0.53,SUSPECTED,SUPPORTING,0.582,NONE,NORMAL,TRAIN,True,CRIMINAL,ACTIVE,2026-03-28,2026-07-09
0.311,SUSPECTED,SUPPORTING,0.697,NONE,NORMAL,TRAIN,True,CRIMINAL,ACTIVE,2026-01-09,2026-05-23
0.292,CONFIRMED,SUPPORTING,0.935,TEMPORAL_ANOMALY,NORMAL,TRAIN,True,CRIMINAL,UNKNOWN,2025-10-24,2026-03-29
0.564,SUSPECTED,SUPPORTING,0.823,TEMPORAL_ANOMALY,NORMAL,TRAIN,True,CRIMINAL,UNKNOWN,2025-11-20,2026-04-02
0.239,SUSPECTED,SUPPORTING,0.754,NONE,NORMAL,TRAIN,True,CRIMINAL,ACTIVE,2026-03-17,2026-10-12
0.413,FALSE,CONTRADICTING,0.316,NONE,NORMAL,TRAIN,True,CRIMINAL,INACTIVE,2025-12-21,2026-06-09
0.286,CONFIRMED,SUPPORTING,0.846,NONE,NORMAL,TRAIN,True,CRIMINAL,UNKNOWN,2025-12-02,2026-03-17
0.71,CONFIRMED,SUPPORTING,0.844,NONE,NORMAL,TRAIN,True,CRIMINAL,ACTIVE,2026-03-29,2026-11-01
0.527,CONFIRMED,SUPPORTING,0.94,LEGITIMATE_ANOMALY,NORMAL,TRAIN,True,CRIMINAL,ACTIVE,2026-02-11,2026-08-02
0.575,SUSPECTED,SUPPORTING,0.736,NONE,NORMAL,TRAIN,True,CRIMINAL,ACTIVE,2025-12-02,2026-05-29
0.449,UNKNOWN,NEUTRAL,0.487,NONE,NORMAL,TRAIN,True,CRIMINAL,ACTIVE,2025-12-09,2026-10-03
0.27,CONFIRMED,SUPPORTING,0.886,NONE,NORMAL,TRAIN,True,CRIMINAL,ACTIVE,2026-02-28,2026-07-20
0.333,FALSE,CONTRADICTING,0.323,NONE,NORMAL,TRAIN,True,CRIMINAL,UNKNOWN,2026-05-17,2026-09-22
0.111,CONFIRMED,SUPPORTING,0.99,NONE,NORMAL,TRAIN,True,CRIMINAL,INACTIVE,2025-10-20,2026-01-06
0.35,CONFIRMED,SUPPORTING,0.905,NONE,NORMAL,TRAIN,True,CRIMINAL,ACTIVE,2025-11-14,2026-06-14
0.237,SUSPECTED,SUPPORTING,0.592,NONE,NORMAL,TRAIN,True,CRIMINAL,ACTIVE,2026-03-11,2026-08-31
0.438,SUSPECTED,SUPPORTING,0.718,TEMPORAL_ANOMALY,NORMAL,TRAIN,True,CRIMINAL,ACTIVE,2026-05-21,2027-01-09
0.487,FALSE,CONTRADICTING,0.259,NONE,NORMAL,TRAIN,True,CRIMINAL,ACTIVE,2026-02-16,2026-07-09
0.269,SUSPECTED,SUPPORTING,0.835,NONE,NORMAL,TRAIN,True,CRIMINAL,ACTIVE,2026-01-07,2026-07-06
0.451,CONFIRMED,SUPPORTING,0.917,NONE,NORMAL,TRAIN,True,CRIMINAL,ACTIVE,2025-11-01,2026-06-30
0.386,UNKNOWN,NEUTRAL,0.271,NONE,NORMAL,TRAIN,True,CRIMINAL,INACTIVE,2025-12-08,2026-03-25
0.612,SUSPECTED,SUPPORTING,0.748,NONE,NORMAL,TRAIN,True,CRIMINAL,UNKNOWN,2026-02-08,2026-08-07
0.604,CONFIRMED,SUPPORTING,0.949,NONE,NORMAL,TRAIN,True,CRIMINAL,ACTIVE,2025-10-07,2026-05-30
0.423,SUSPECTED,SUPPORTING,0.593,NONE,NORMAL,TRAIN,True,CRIMINAL,ACTIVE,2025-10-23,2026-04-18
0.64,CONFIRMED,SUPPORTING,0.867,NONE,NORMAL,TRAIN,True,CRIMINAL,ACTIVE,2026-02-19,2026-09-13
0.566,SUSPECTED,SUPPORTING,0.704,NONE,NORMAL,TRAIN,True,CRIMINAL,ACTIVE,2025-11-23,2026-09-12
0.069,CONFIRMED,SUPPORTING,0.942,NONE,NORMAL,TRAIN,True,CRIMINAL,INACTIVE,2025-10-27,2026-03-30
0.205,SUSPECTED,SUPPORTING,0.795,NONE,NORMAL,TRAIN,True,CRIMINAL,ACTIVE,2026-03-25,2026-08-16
0.582,SUSPECTED,SUPPORTING,0.719,NONE,NORMAL,TRAIN,True,CRIMINAL,ACTIVE,2026-03-24,2026-11-22
0.18,CONFIRMED,SUPPORTING,0.861,NONE,NORMAL,TRAIN,True,CRIMINAL,ACTIVE,2025-10-22,2026-03-13
0.174,CONFIRMED,SUPPORTING,0.949,NONE,NORMAL,TRAIN,True,CRIMINAL,INACTIVE,2026-04-26,2026-07-21
0.144,CONFIRMED,SUPPORTING,0.873,NONE,NORMAL,TRAIN,True,CRIMINAL,ACTIVE,2026-06-05,2026-12-17
0.312,FALSE,CONTRADICTING,0.312,NONE,NORMAL,TRAIN,True,MIXED,ACTIVE,2026-01-16,2026-06-21
0.28,UNKNOWN,NEUTRAL,0.305,COLLECTIVE_ANOMALY,NORMAL,TRAIN,True,MIXED,ACTIVE,2025-09-09,2026-03-26
0.421,UNKNOWN,NEUTRAL,0.309,NONE,NORMAL,TRAIN,True,MIXED,INACTIVE,2026-03-14,2026-05-30
0.767,UNKNOWN,NEUTRAL,0.549,NONE,NORMAL,TRAIN,True,MIXED,INACTIVE,2025-11-30,2026-01-31
0.636,UNKNOWN,NEUTRAL,0.398,NONE,NORMAL,TRAIN,True,MIXED,ACTIVE,2025-10-26,2026-04-26
0.32,FALSE,CONTRADICTING,0.185,NONE,NORMAL,TRAIN,True,MIXED,INACTIVE,2025-12-26,2026-04-30
0.17,SUSPECTED,SUPPORTING,0.647,CRIMINAL_ANOMALY,NORMAL,TRAIN,True,MIXED,ACTIVE,2026-01-22,2026-07-27
0.679,SUSPECTED,SUPPORTING,0.681,NONE,NORMAL,TRAIN,True,MIXED,ACTIVE,2025-11-22,2026-05-22
0.607,CONFIRMED,SUPPORTING,0.866,NONE,NORMAL,TRAIN,True,MIXED,ACTIVE,2026-03-18,2026-08-12
0.362,FALSE,CONTRADICTING,0.393,NONE,NORMAL,TRAIN,True,MIXED,ACTIVE,2026-02-03,2026-09-30
0.724,UNKNOWN,NEUTRAL,0.351,NONE,NORMAL,TRAIN,True,MIXED,ACTIVE,2025-09-07,2026-04-22
0.416,SUSPECTED,SUPPORTING,0.735,NONE,NORMAL,TRAIN,True,MIXED,UNKNOWN,2026-01-06,2026-07-27
0.318,FALSE,CONTRADICTING,0.261,NONE,NORMAL,TRAIN,True,MIXED,UNKNOWN,2025-12-15,2026-04-19
0.083,CONFIRMED,SUPPORTING,0.895,NONE,NORMAL,TRAIN,True,MIXED,ACTIVE,2025-11-03,2026-03-22
0.437,FALSE,CONTRADICTING,0.34,NONE,NORMAL,TRAIN,True,MIXED,UNKNOWN,2026-04-13,2026-06-21
0.543,SUSPECTED,SUPPORTING,0.789,NONE,NORMAL,TRAIN,True,MIXED,ACTIVE,2026-01-23,2026-07-21
0.244,FALSE,CONTRADICTING,0.332,NONE,NORMAL,TRAIN,True,MIXED,ACTIVE,2026-04-26,2026-10-11
0.458,CONFIRMED,SUPPORTING,0.884,NONE,NORMAL,TRAIN,True,MIXED,INACTIVE,2025-11-24,2026-05-03
0.177,CONFIRMED,SUPPORTING,0.879,NONE,NORMAL,TRAIN,True,MIXED,ACTIVE,2025-11-24,2026-05-28
0.38,SUSPECTED,SUPPORTING,0.612,NONE,NORMAL,TRAIN,True,MIXED,INACTIVE,2025-10-21,2026-02-18
0.775,SUSPECTED,SUPPORTING,0.682,NONE,NORMAL,TRAIN,True,MIXED,ACTIVE,2025-10-07,2026-05-13
0.465,SUSPECTED,SUPPORTING,0.854,NONE,NORMAL,TRAIN,True,MIXED,ACTIVE,2026-03-24,2026-10-01
0.258,CONFIRMED,SUPPORTING,0.906,NONE,NORMAL,TRAIN,True,MIXED,INACTIVE,2026-01-19,2026-07-11
0.332,CONFIRMED,SUPPORTING,0.948,NONE,NORMAL,TRAIN,True,MIXED,INACTIVE,2026-04-26,2026-07-10
0.532,UNKNOWN,NEUTRAL,0.371,NONE,NORMAL,TRAIN,True,MIXED,ACTIVE,2026-05-26,2026-11-10
0.738,FALSE,CONTRADICTING,0.21,NONE,NORMAL,TRAIN,True,LEGITIMATE,ACTIVE,2026-04-02,2026-10-05
0.619,SUSPECTED,SUPPORTING,0.734,CRIMINAL_ANOMALY,NORMAL,TRAIN,True,LEGITIMATE,UNKNOWN,2025-11-30,2026-03-10
0.341,UNKNOWN,NEUTRAL,0.229,NONE,NORMAL,TRAIN,True,LEGITIMATE,ACTIVE,2026-05-13,2026-12-22
0.101,UNKNOWN,NEUTRAL,0.372,NONE,NORMAL,TRAIN,True,LEGITIMATE,ACTIVE,2026-04-06,2026-10-02
0.611,FALSE,CONTRADICTING,0.245,NONE,NORMAL,TRAIN,True,LEGITIMATE,ACTIVE,2025-10-25,2026-05-14
0.59,FALSE,CONTRADICTING,0.199,NONE,NORMAL,VALIDATION,True,LEGITIMATE,ACTIVE,2025-08-07,2026-05-06
0.247,CONFIRMED,SUPPORTING,0.973,NONE,NORMAL,VALIDATION,True,LEGITIMATE,ACTIVE,2025-12-11,2026-08-05
0.157,UNKNOWN,NEUTRAL,0.419,NONE,NORMAL,VALIDATION,True,LEGITIMATE,ACTIVE,2026-04-08,2026-10-29
0.701,FALSE,CONTRADICTING,0.148,NONE,NORMAL,VALIDATION,True,LEGITIMATE,UNKNOWN,2025-11-05,2026-04-09
0.277,CONFIRMED,SUPPORTING,0.873,NONE,NORMAL,VALIDATION,True,LEGITIMATE,ACTIVE,2026-03-13,2026-07-03
0.843,CONFIRMED,SUPPORTING,0.882,COLLECTIVE_ANOMALY,FORMATTING_VARIATION,VALIDATION,True,LEGITIMATE,ACTIVE,2025-11-08,2026-03-11
0.262,FALSE,CONTRADICTING,0.236,LEGITIMATE_ANOMALY,NORMAL,VALIDATION,True,LEGITIMATE,UNKNOWN,2025-11-16,2026-02-16
0.45,CONFIRMED,SUPPORTING,0.95,NONE,NORMAL,VALIDATION,True,LEGITIMATE,UNKNOWN,2026-02-09,2026-06-07
0.224,FALSE,CONTRADICTING,0.3,TEMPORAL_ANOMALY,NORMAL,VALIDATION,True,LEGITIMATE,ACTIVE,2026-02-27,2026-08-19
0.052,FALSE,CONTRADICTING,0.306,NONE,NORMAL,VALIDATION,True,LEGITIMATE,ACTIVE,2025-11-27,2026-09-22
0.627,UNKNOWN,NEUTRAL,0.275,NONE,NORMAL,VALIDATION,True,LEGITIMATE,ACTIVE,2025-12-27,2026-06-09
0.338,SUSPECTED,SUPPORTING,0.78,NONE,NORMAL,VALIDATION,True,LEGITIMATE,INACTIVE,2026-02-04,2026-06-23
0.64,UNKNOWN,NEUTRAL,0.254,CONTEXTUAL_ANOMALY,NORMAL,VALIDATION,True,LEGITIMATE,ACTIVE,2026-05-08,2026-09-20
0.262,SUSPECTED,SUPPORTING,0.641,NONE,NORMAL,VALIDATION,True,LEGITIMATE,UNKNOWN,2026-03-22,2026-06-24
0.914,UNKNOWN,NEUTRAL,0.548,NONE,NORMAL,VALIDATION,True,LEGITIMATE,ACTIVE,2025-09-12,2026-03-07
0.189,FALSE,CONTRADICTING,0.284,NONE,REVERSED_RECORD,TEST,True,AMBIGUOUS,ACTIVE,2026-04-10,2026-09-09
0.304,SUSPECTED,SUPPORTING,0.795,NONE,DUPLICATE,TEST,True,AMBIGUOUS,ACTIVE,2026-04-26,2027-01-13
0.445,UNKNOWN,NEUTRAL,0.427,NONE,NORMAL,TEST,True,AMBIGUOUS,INACTIVE,2025-10-20,2026-04-12
0.291,FALSE,CONTRADICTING,0.233,NONE,NORMAL,TEST,True,AMBIGUOUS,UNKNOWN,2026-03-06,2026-10-05
0.324,UNKNOWN,NEUTRAL,0.238,NONE,NORMAL,TEST,True,AMBIGUOUS,UNKNOWN,2026-01-02,2026-06-04
0.584,UNKNOWN,NEUTRAL,0.205,NONE,NORMAL,TEST,True,AMBIGUOUS,ACTIVE,2025-10-06,2026-05-18
0.168,UNKNOWN,NEUTRAL,0.34,NONE,NORMAL,TEST,True,AMBIGUOUS,UNKNOWN,2026-05-29,2026-10-14
0.726,UNKNOWN,NEUTRAL,0.267,NONE,NORMAL,TEST,True,AMBIGUOUS,ACTIVE,2026-05-31,2026-11-26
0.393,UNKNOWN,NEUTRAL,0.212,TEMPORAL_ANOMALY,NORMAL,TEST,True,AMBIGUOUS,ACTIVE,2025-11-27,2026-05-13
0.176,UNKNOWN,NEUTRAL,0.546,NONE,NORMAL,TEST,True,AMBIGUOUS,UNKNOWN,2025-11-21,2026-05-31
0.196,UNKNOWN,NEUTRAL,0.522,CRIMINAL_ANOMALY,NORMAL,TEST,True,AMBIGUOUS,INACTIVE,2026-04-08,2026-07-27
0.195,SUSPECTED,SUPPORTING,0.811,LEGITIMATE_ANOMALY,NORMAL,TEST,True,AMBIGUOUS,ACTIVE,2025-11-29,2026-09-02
0.503,SUSPECTED,SUPPORTING,0.623,NONE,NORMAL,TEST,True,AMBIGUOUS,INACTIVE,2026-03-20,2026-08-15
0.161,UNKNOWN,NEUTRAL,0.24,NONE,NORMAL,TEST,True,AMBIGUOUS,ACTIVE,2026-04-20,2026-11-13
0.709,UNKNOWN,NEUTRAL,0.491,NONE,NORMAL,TEST,True,AMBIGUOUS,UNKNOWN,2025-11-03,2026-05-09
0.397,CONFIRMED,SUPPORTING,0.874,NONE,NORMAL,TRAIN,True,CRIMINAL,ACTIVE,2026-05-09,2026-11-25
0.459,CONFIRMED,SUPPORTING,0.834,NONE,NORMAL,TRAIN,True,CRIMINAL,ACTIVE,2025-09-30,2026-04-23
0.235,SUSPECTED,SUPPORTING,0.705,NONE,NORMAL,TRAIN,True,CRIMINAL,ACTIVE,2025-10-21,2026-06-05
0.527,SUSPECTED,SUPPORTING,0.795,NONE,NORMAL,TRAIN,True,CRIMINAL,ACTIVE,2025-12-07,2026-06-23
0.656,SUSPECTED,SUPPORTING,0.858,NONE,NORMAL,TRAIN,True,CRIMINAL,ACTIVE,2025-10-22,2026-06-01
0.639,SUSPECTED,SUPPORTING,0.591,NONE,NORMAL,TRAIN,True,CRIMINAL,INACTIVE,2026-03-06,2026-06-28
0.418,CONFIRMED,SUPPORTING,0.891,NONE,NORMAL,TRAIN,True,CRIMINAL,UNKNOWN,2025-09-23,2026-03-03
0.104,SUSPECTED,SUPPORTING,0.792,NONE,NORMAL,TRAIN,True,CRIMINAL,UNKNOWN,2025-10-03,2026-03-22
0.269,UNKNOWN,NEUTRAL,0.407,NONE,NORMAL,TRAIN,True,CRIMINAL,ACTIVE,2026-02-02,2026-10-18
0.451,SUSPECTED,SUPPORTING,0.672,NONE,NORMAL,TRAIN,True,CRIMINAL,ACTIVE,2025-12-18,2026-07-03
0.573,CONFIRMED,SUPPORTING,0.982,NONE,NORMAL,TRAIN,True,CRIMINAL,ACTIVE,2025-09-12,2026-06-13
0.573,CONFIRMED,SUPPORTING,0.852,NONE,NORMAL,TRAIN,True,CRIMINAL,ACTIVE,2026-01-03,2026-04-21
0.21,CONFIRMED,SUPPORTING,0.928,NONE,NORMAL,TRAIN,True,CRIMINAL,ACTIVE,2026-03-27,2026-08-29
0.267,CONFIRMED,SUPPORTING,0.94,CONTEXTUAL_ANOMALY,NORMAL,TRAIN,True,CRIMINAL,ACTIVE,2026-04-02,2026-09-14
0.297,CONFIRMED,SUPPORTING,0.949,NONE,NORMAL,TRAIN,True,CRIMINAL,ACTIVE,2025-08-17,2026-03-18
0.585,FALSE,CONTRADICTING,0.259,TEMPORAL_ANOMALY,NORMAL,TRAIN,True,CRIMINAL,ACTIVE,2026-02-21,2026-09-27
0.581,SUSPECTED,SUPPORTING,0.765,NONE,NORMAL,TRAIN,True,CRIMINAL,ACTIVE,2026-03-07,2026-10-26
0.105,FALSE,CONTRADICTING,0.415,LEGITIMATE_ANOMALY,NORMAL,TRAIN,True,CRIMINAL,UNKNOWN,2025-11-23,2026-04-23
0.387,FALSE,CONTRADICTING,0.399,NONE,NORMAL,TRAIN,True,CRIMINAL,ACTIVE,2026-01-24,2026-09-11
0.514,CONFIRMED,SUPPORTING,0.837,NONE,NORMAL,TRAIN,True,CRIMINAL,ACTIVE,2026-02-01,2026-07-16
0.273,CONFIRMED,SUPPORTING,0.837,NONE,NORMAL,TRAIN,True,CRIMINAL,ACTIVE,2026-03-05,2026-10-01
0.587,SUSPECTED,SUPPORTING,0.714,NONE,REVERSED_RECORD,TRAIN,True,CRIMINAL,ACTIVE,2025-11-02,2026-04-21
0.308,SUSPECTED,SUPPORTING,0.589,NONE,NORMAL,TRAIN,True,CRIMINAL,UNKNOWN,2025-11-17,2026-04-01
0.708,FALSE,CONTRADICTING,0.248,NONE,REVERSED_RECORD,TRAIN,True,CRIMINAL,ACTIVE,2026-03-16,2026-10-04
0.643,SUSPECTED,SUPPORTING,0.804,NONE,NORMAL,TRAIN,True,CRIMINAL,ACTIVE,2026-06-18,2026-10-26
0.594,SUSPECTED,SUPPORTING,0.631,NONE,NORMAL,TRAIN,True,CRIMINAL,UNKNOWN,2026-03-27,2026-07-06
0.615,CONFIRMED,SUPPORTING,0.971,NONE,NORMAL,TRAIN,True,CRIMINAL,ACTIVE,2026-01-14,2026-06-27
0.552,UNKNOWN,NEUTRAL,0.329,NONE,REVERSED_RECORD,TRAIN,True,CRIMINAL,ACTIVE,2025-10-19,2026-07-11
0.121,FALSE,CONTRADICTING,0.18,NONE,NORMAL,TRAIN,True,CRIMINAL,ACTIVE,2025-12-11,2026-06-05
0.9,CONFIRMED,SUPPORTING,0.943,NONE,NORMAL,TRAIN,True,CRIMINAL,ACTIVE,2025-12-17,2026-06-25
0.446,SUSPECTED,SUPPORTING,0.735,NONE,NORMAL,TRAIN,True,CRIMINAL,ACTIVE,2026-01-06,2026-05-14
0.109,CONFIRMED,SUPPORTING,0.968,NONE,NORMAL,TRAIN,True,CRIMINAL,INACTIVE,2025-09-19,2026-02-10
0.69,SUSPECTED,SUPPORTING,0.675,NONE,NORMAL,TRAIN,True,CRIMINAL,ACTIVE,2026-01-12,2026-07-31
0.224,UNKNOWN,NEUTRAL,0.249,NONE,NORMAL,TRAIN,True,CRIMINAL,ACTIVE,2025-12-27,2026-09-06
0.359,SUSPECTED,SUPPORTING,0.592,NONE,NORMAL,TRAIN,True,CRIMINAL,ACTIVE,2025-11-23,2026-07-15
0.14,SUSPECTED,SUPPORTING,0.729,NONE,NORMAL,TRAIN,True,CRIMINAL,ACTIVE,2026-04-06,2026-11-01
0.283,CONFIRMED,SUPPORTING,0.885,NONE,MISSING_COUNTERPARTY,TRAIN,True,CRIMINAL,ACTIVE,2026-03-01,2026-12-02
0.127,SUSPECTED,SUPPORTING,0.757,NONE,NORMAL,TRAIN,True,CRIMINAL,UNKNOWN,2025-11-24,2026-04-04
0.351,UNKNOWN,NEUTRAL,0.525,NONE,NORMAL,TRAIN,True,CRIMINAL,ACTIVE,2026-05-05,2026-10-09
0.283,FALSE,CONTRADICTING,0.245,NONE,NORMAL,TRAIN,True,CRIMINAL,INACTIVE,2026-02-21,2026-08-04
0.577,SUSPECTED,SUPPORTING,0.736,NONE,NORMAL,TRAIN,True,MIXED,ACTIVE,2025-11-05,2026-05-16
0.306,SUSPECTED,SUPPORTING,0.813,NONE,NORMAL,TRAIN,True,MIXED,ACTIVE,2025-10-28,2026-04-15
0.483,CONFIRMED,SUPPORTING,0.964,TEMPORAL_ANOMALY,NORMAL,TRAIN,True,MIXED,ACTIVE,2026-02-06,2026-11-10
0.678,UNKNOWN,NEUTRAL,0.348,NONE,NORMAL,TRAIN,True,MIXED,ACTIVE,2025-11-16,2026-03-16
0.437,SUSPECTED,SUPPORTING,0.679,NONE,NORMAL,TRAIN,True,MIXED,ACTIVE,2025-12-10,2026-07-04
0.524,CONFIRMED,SUPPORTING,0.877,NONE,NORMAL,TRAIN,True,MIXED,ACTIVE,2025-11-19,2026-08-15
0.643,SUSPECTED,SUPPORTING,0.72,CONTEXTUAL_ANOMALY,NORMAL,TRAIN,True,MIXED,ACTIVE,2026-01-10,2026-06-27
0.201,UNKNOWN,NEUTRAL,0.237,NONE,NORMAL,TRAIN,True,MIXED,ACTIVE,2026-02-21,2026-06-08
0.508,SUSPECTED,SUPPORTING,0.765,CONTEXTUAL_ANOMALY,NORMAL,TRAIN,True,MIXED,ACTIVE,2026-03-13,2026-07-03
0.812,SUSPECTED,SUPPORTING,0.621,NONE,NORMAL,TRAIN,True,MIXED,ACTIVE,2026-04-04,2026-11-28
0.472,CONFIRMED,SUPPORTING,0.949,NONE,NORMAL,TRAIN,True,MIXED,UNKNOWN,2026-01-08,2026-06-10
0.52,CONFIRMED,SUPPORTING,0.948,NONE,NORMAL,TRAIN,True,MIXED,INACTIVE,2025-11-09,2026-04-25
0.405,UNKNOWN,NEUTRAL,0.295,NONE,NORMAL,TRAIN,True,MIXED,ACTIVE,2025-12-13,2026-06-25
0.626,FALSE,CONTRADICTING,0.31,NONE,NORMAL,TRAIN,True,MIXED,ACTIVE,2025-09-04,2026-04-27
0.563,CONFIRMED,SUPPORTING,0.93,NONE,NORMAL,TRAIN,True,MIXED,ACTIVE,2025-12-17,2026-06-29
0.569,SUSPECTED,SUPPORTING,0.859,NONE,NORMAL,TRAIN,True,MIXED,UNKNOWN,2026-01-29,2026-07-06
0.373,CONFIRMED,SUPPORTING,0.877,CRIMINAL_ANOMALY,NORMAL,TRAIN,True,MIXED,ACTIVE,2026-05-15,2026-10-04
0.176,UNKNOWN,NEUTRAL,0.207,NONE,NORMAL,TRAIN,True,MIXED,ACTIVE,2026-03-16,2026-09-17
0.62,SUSPECTED,SUPPORTING,0.688,TEMPORAL_ANOMALY,NORMAL,TRAIN,True,MIXED,ACTIVE,2025-11-16,2026-04-12
0.31,UNKNOWN,NEUTRAL,0.393,NONE,NORMAL,TRAIN,True,MIXED,ACTIVE,2025-10-13,2026-06-03
0.714,FALSE,CONTRADICTING,0.306,CONTEXTUAL_ANOMALY,NORMAL,TRAIN,True,MIXED,INACTIVE,2025-07-13,2025-12-30
0.383,SUSPECTED,SUPPORTING,0.784,NONE,NORMAL,TRAIN,True,MIXED,UNKNOWN,2026-06-02,2026-10-13
0.303,SUSPECTED,SUPPORTING,0.755,CONTEXTUAL_ANOMALY,DUPLICATE,TRAIN,True,MIXED,ACTIVE,2026-04-25,2026-12-16
0.622,SUSPECTED,SUPPORTING,0.704,NONE,NORMAL,TRAIN,True,MIXED,ACTIVE,2026-05-31,2026-11-09
0.566,SUSPECTED,SUPPORTING,0.835,NONE,NORMAL,TRAIN,True,MIXED,UNKNOWN,2026-04-14,2026-10-04
0.265,FALSE,CONTRADICTING,0.131,NONE,NORMAL,TRAIN,True,LEGITIMATE,UNKNOWN,2026-05-06,2026-09-10
0.759,UNKNOWN,NEUTRAL,0.251,NONE,NORMAL,TRAIN,True,LEGITIMATE,ACTIVE,2025-08-25,2026-04-20
0.176,FALSE,CONTRADICTING,0.162,NONE,DUPLICATE,TRAIN,True,LEGITIMATE,ACTIVE,2026-03-28,2026-11-09
0.17,FALSE,CONTRADICTING,0.251,NONE,NORMAL,TRAIN,True,LEGITIMATE,ACTIVE,2026-03-25,2026-07-28
0.361,FALSE,CONTRADICTING,0.249,NONE,NORMAL,TRAIN,True,LEGITIMATE,ACTIVE,2026-01-01,2026-07-27
0.347,UNKNOWN,NEUTRAL,0.425,NONE,NORMAL,VALIDATION,True,LEGITIMATE,INACTIVE,2025-06-28,2025-12-21
0.441,UNKNOWN,NEUTRAL,0.268,NONE,NORMAL,VALIDATION,True,LEGITIMATE,ACTIVE,2026-01-24,2026-07-28
0.783,FALSE,CONTRADICTING,0.237,NONE,NORMAL,VALIDATION,True,LEGITIMATE,ACTIVE,2026-03-03,2026-12-01
0.356,UNKNOWN,NEUTRAL,0.418,NONE,NORMAL,VALIDATION,True,LEGITIMATE,UNKNOWN,2025-12-10,2026-04-03
0.378,UNKNOWN,NEUTRAL,0.473,NONE,NORMAL,VALIDATION,True,LEGITIMATE,ACTIVE,2025-11-19,2026-06-06
0.86,UNKNOWN,NEUTRAL,0.228,NONE,NORMAL,VALIDATION,True,LEGITIMATE,ACTIVE,2025-09-22,2026-02-28
0.308,SUSPECTED,SUPPORTING,0.635,TEMPORAL_ANOMALY,NORMAL,VALIDATION,True,LEGITIMATE,ACTIVE,2025-08-30,2026-03-01
0.291,FALSE,CONTRADICTING,0.352,NONE,NORMAL,VALIDATION,True,LEGITIMATE,ACTIVE,2026-02-18,2026-07-07
0.455,FALSE,CONTRADICTING,0.211,NONE,NORMAL,VALIDATION,True,LEGITIMATE,ACTIVE,2026-01-20,2026-09-25
0.115,UNKNOWN,NEUTRAL,0.455,NONE,NORMAL,VALIDATION,True,LEGITIMATE,ACTIVE,2025-12-01,2026-09-03
0.102,UNKNOWN,NEUTRAL,0.447,CRIMINAL_ANOMALY,NORMAL,VALIDATION,True,LEGITIMATE,INACTIVE,2025-11-02,2026-04-07
0.268,SUSPECTED,SUPPORTING,0.585,NONE,NORMAL,VALIDATION,True,LEGITIMATE,ACTIVE,2026-02-27,2026-10-07
0.497,FALSE,CONTRADICTING,0.166,NONE,FORMATTING_VARIATION,VALIDATION,True,LEGITIMATE,ACTIVE,2026-05-20,2026-11-24
0.243,FALSE,CONTRADICTING,0.138,NONE,NORMAL,VALIDATION,True,LEGITIMATE,UNKNOWN,2026-03-24,2026-07-02
0.688,UNKNOWN,NEUTRAL,0.367,NONE,NORMAL,VALIDATION,True,LEGITIMATE,ACTIVE,2025-11-06,2026-04-07
0.432,UNKNOWN,NEUTRAL,0.269,NONE,NORMAL,TEST,True,AMBIGUOUS,ACTIVE,2026-06-11,2026-09-19
0.618,UNKNOWN,NEUTRAL,0.37,NONE,NORMAL,TEST,True,AMBIGUOUS,ACTIVE,2026-06-24,2026-12-31
0.263,SUSPECTED,SUPPORTING,0.6,NONE,NORMAL,TEST,True,AMBIGUOUS,ACTIVE,2025-12-07,2026-06-18
0.296,SUSPECTED,SUPPORTING,0.774,NONE,NORMAL,TEST,True,AMBIGUOUS,ACTIVE,2026-03-29,2026-11-22
0.492,SUSPECTED,SUPPORTING,0.728,NONE,NORMAL,TEST,True,AMBIGUOUS,ACTIVE,2025-11-15,2026-07-05
0.307,UNKNOWN,NEUTRAL,0.242,COLLECTIVE_ANOMALY,NORMAL,TEST,True,AMBIGUOUS,ACTIVE,2025-10-13,2026-05-12
0.276,UNKNOWN,NEUTRAL,0.505,NONE,NORMAL,TEST,True,AMBIGUOUS,UNKNOWN,2026-06-09,2026-11-15
0.366,CONFIRMED,SUPPORTING,0.945,LEGITIMATE_ANOMALY,MISSING_COUNTERPARTY,TEST,True,AMBIGUOUS,ACTIVE,2026-05-23,2026-10-28
0.298,SUSPECTED,SUPPORTING,0.775,NONE,NORMAL,TEST,True,AMBIGUOUS,ACTIVE,2025-10-28,2026-05-08
0.535,UNKNOWN,NEUTRAL,0.3,NONE,NORMAL,TEST,True,AMBIGUOUS,UNKNOWN,2025-11-16,2026-04-06
0.425,UNKNOWN,NEUTRAL,0.285,NONE,NORMAL,TEST,True,AMBIGUOUS,ACTIVE,2026-03-09,2026-10-07
0.396,FALSE,CONTRADICTING,0.405,NONE,NORMAL,TEST,True,AMBIGUOUS,INACTIVE,2026-01-08,2026-03-22
0.568,UNKNOWN,NEUTRAL,0.469,CONTEXTUAL_ANOMALY,NORMAL,TEST,True,AMBIGUOUS,ACTIVE,2026-03-22,2026-10-01
0.745,UNKNOWN,NEUTRAL,0.319,NONE,NORMAL,TEST,True,AMBIGUOUS,ACTIVE,2026-04-28,2026-11-04
0.687,SUSPECTED,SUPPORTING,0.745,NONE,NORMAL,TEST,True,AMBIGUOUS,ACTIVE,2025-11-23,2026-04-26
0.208,SUSPECTED,SUPPORTING,0.711,NONE,NORMAL,TRAIN,True,CRIMINAL,ACTIVE,2026-05-10,2026-12-11
0.564,SUSPECTED,SUPPORTING,0.775,NONE,NORMAL,TRAIN,True,CRIMINAL,ACTIVE,2025-10-03,2026-03-21
0.582,FALSE,CONTRADICTING,0.168,NONE,NORMAL,TRAIN,True,CRIMINAL,ACTIVE,2025-12-10,2026-06-18
0.248,SUSPECTED,SUPPORTING,0.68,NONE,NORMAL,TRAIN,True,CRIMINAL,INACTIVE,2025-09-09,2026-02-05
0.651,SUSPECTED,SUPPORTING,0.742,NONE,NORMAL,TRAIN,True,CRIMINAL,UNKNOWN,2025-11-30,2026-06-20
0.625,SUSPECTED,SUPPORTING,0.829,NONE,NORMAL,TRAIN,True,CRIMINAL,ACTIVE,2026-04-08,2026-09-23
0.748,CONFIRMED,SUPPORTING,0.926,NONE,NORMAL,TRAIN,True,CRIMINAL,ACTIVE,2025-09-17,2026-05-30
0.46,SUSPECTED,SUPPORTING,0.588,NONE,NORMAL,TRAIN,True,CRIMINAL,ACTIVE,2025-10-23,2026-05-18
0.733,UNKNOWN,NEUTRAL,0.444,NONE,NORMAL,TRAIN,True,CRIMINAL,ACTIVE,2026-04-16,2026-09-29
0.492,CONFIRMED,SUPPORTING,0.986,NONE,NORMAL,TRAIN,True,CRIMINAL,UNKNOWN,2025-12-18,2026-06-14
0.264,CONFIRMED,SUPPORTING,0.904,NONE,NORMAL,TRAIN,True,CRIMINAL,ACTIVE,2026-01-02,2026-05-14
0.81,FALSE,CONTRADICTING,0.205,NONE,NORMAL,TRAIN,True,CRIMINAL,ACTIVE,2025-12-07,2026-04-09
0.798,SUSPECTED,SUPPORTING,0.834,NONE,NORMAL,TRAIN,True,CRIMINAL,ACTIVE,2026-02-13,2026-08-08
0.349,CONFIRMED,SUPPORTING,0.982,NONE,NORMAL,TRAIN,True,CRIMINAL,ACTIVE,2026-02-21,2026-11-03
0.157,SUSPECTED,SUPPORTING,0.595,NONE,NORMAL,TRAIN,True,CRIMINAL,ACTIVE,2025-11-15,2026-06-07
0.31,CONFIRMED,SUPPORTING,0.938,COLLECTIVE_ANOMALY,NORMAL,TRAIN,True,CRIMINAL,ACTIVE,2026-03-11,2026-10-15
0.466,CONFIRMED,SUPPORTING,0.979,CONTEXTUAL_ANOMALY,NORMAL,TRAIN,True,CRIMINAL,ACTIVE,2026-03-10,2026-09-20
0.898,CONFIRMED,SUPPORTING,0.829,NONE,NORMAL,TRAIN,True,CRIMINAL,ACTIVE,2025-11-02,2026-05-21
0.538,CONFIRMED,SUPPORTING,0.894,NONE,NORMAL,TRAIN,True,CRIMINAL,INACTIVE,2025-11-19,2026-04-17
0.219,CONFIRMED,SUPPORTING,0.909,NONE,NORMAL,TRAIN,True,CRIMINAL,ACTIVE,2026-02-19,2026-06-16
0.472,SUSPECTED,SUPPORTING,0.793,CONTEXTUAL_ANOMALY,NORMAL,TRAIN,True,CRIMINAL,INACTIVE,2026-05-01,2026-08-05
0.207,SUSPECTED,SUPPORTING,0.821,NONE,NORMAL,TRAIN,True,CRIMINAL,ACTIVE,2025-09-19,2026-03-19
0.526,SUSPECTED,SUPPORTING,0.793,NONE,NORMAL,TRAIN,True,CRIMINAL,ACTIVE,2025-11-26,2026-05-29
0.436,CONFIRMED,SUPPORTING,0.919,NONE,NORMAL,TRAIN,True,CRIMINAL,UNKNOWN,2026-04-06,2026-08-02
0.362,CONFIRMED,SUPPORTING,0.975,NONE,NORMAL,TRAIN,True,CRIMINAL,ACTIVE,2026-03-12,2026-10-05
0.335,CONFIRMED,SUPPORTING,0.899,NONE,NORMAL,TRAIN,True,CRIMINAL,ACTIVE,2026-03-02,2026-06-15
0.239,FALSE,CONTRADICTING,0.276,LEGITIMATE_ANOMALY,NORMAL,TRAIN,True,CRIMINAL,ACTIVE,2025-11-26,2026-06-29
0.295,SUSPECTED,SUPPORTING,0.771,NONE,NORMAL,TRAIN,True,CRIMINAL,UNKNOWN,2025-11-29,2026-06-28
0.714,CONFIRMED,SUPPORTING,0.939,NONE,FORMATTING_VARIATION,TRAIN,True,CRIMINAL,ACTIVE,2026-02-06,2026-06-02
0.346,CONFIRMED,SUPPORTING,0.909,NONE,NORMAL,TRAIN,True,CRIMINAL,ACTIVE,2026-01-22,2026-07-23
0.587,CONFIRMED,SUPPORTING,0.885,NONE,NORMAL,TRAIN,True,CRIMINAL,ACTIVE,2025-12-19,2026-07-21
0.543,CONFIRMED,SUPPORTING,0.86,NONE,NORMAL,TRAIN,True,CRIMINAL,UNKNOWN,2026-01-07,2026-05-12
0.609,CONFIRMED,SUPPORTING,0.829,NONE,NORMAL,TRAIN,True,CRIMINAL,ACTIVE,2026-02-19,2026-08-11
0.521,CONFIRMED,SUPPORTING,0.853,NONE,DUPLICATE,TRAIN,True,CRIMINAL,UNKNOWN,2026-03-20,2026-06-22
0.206,CONFIRMED,SUPPORTING,0.947,NONE,NORMAL,TRAIN,True,CRIMINAL,INACTIVE,2026-02-08,2026-04-12
0.455,UNKNOWN,NEUTRAL,0.293,NONE,NORMAL,TRAIN,True,CRIMINAL,ACTIVE,2026-03-29,2026-09-06
0.307,SUSPECTED,SUPPORTING,0.682,NONE,NORMAL,TRAIN,True,CRIMINAL,ACTIVE,2026-06-11,2026-10-09
0.458,UNKNOWN,NEUTRAL,0.442,NONE,NORMAL,TRAIN,True,CRIMINAL,ACTIVE,2025-12-06,2026-06-20
0.707,SUSPECTED,SUPPORTING,0.75,LEGITIMATE_ANOMALY,NORMAL,TRAIN,True,CRIMINAL,ACTIVE,2026-03-19,2026-11-27
0.595,FALSE,CONTRADICTING,0.126,NONE,NORMAL,TRAIN,True,CRIMINAL,UNKNOWN,2026-06-18,2026-11-04
0.561,UNKNOWN,NEUTRAL,0.405,NONE,NORMAL,TRAIN,True,MIXED,ACTIVE,2026-01-14,2026-04-21
0.728,SUSPECTED,SUPPORTING,0.709,TEMPORAL_ANOMALY,NORMAL,TRAIN,True,MIXED,ACTIVE,2025-11-14,2026-04-13
0.438,SUSPECTED,SUPPORTING,0.771,NONE,NORMAL,TRAIN,True,MIXED,UNKNOWN,2026-04-06,2026-07-30
0.207,UNKNOWN,NEUTRAL,0.462,NONE,NORMAL,TRAIN,True,MIXED,UNKNOWN,2025-12-15,2026-05-10
0.496,CONFIRMED,SUPPORTING,0.985,NONE,NORMAL,TRAIN,True,MIXED,UNKNOWN,2025-10-14,2026-04-26
0.316,UNKNOWN,NEUTRAL,0.475,NONE,NORMAL,TRAIN,True,MIXED,ACTIVE,2025-12-19,2026-07-30
0.039,CONFIRMED,SUPPORTING,0.922,NONE,NORMAL,TRAIN,True,MIXED,ACTIVE,2026-02-13,2026-08-09
0.654,SUSPECTED,SUPPORTING,0.725,NONE,NORMAL,TRAIN,True,MIXED,ACTIVE,2026-01-22,2026-06-15
0.608,UNKNOWN,NEUTRAL,0.331,NONE,NORMAL,TRAIN,True,MIXED,ACTIVE,2025-12-25,2026-08-06
0.179,SUSPECTED,SUPPORTING,0.779,NONE,NORMAL,TRAIN,True,MIXED,ACTIVE,2026-02-24,2026-11-05
0.397,CONFIRMED,SUPPORTING,0.944,NONE,NORMAL,TRAIN,True,MIXED,ACTIVE,2025-12-17,2026-05-09
0.812,CONFIRMED,SUPPORTING,0.856,NONE,NORMAL,TRAIN,True,MIXED,ACTIVE,2026-03-02,2026-06-11
0.668,CONFIRMED,SUPPORTING,0.863,NONE,REVERSED_RECORD,TRAIN,True,MIXED,ACTIVE,2025-12-13,2026-05-31
0.72,CONFIRMED,SUPPORTING,0.858,NONE,NORMAL,TRAIN,True,MIXED,ACTIVE,2025-10-08,2026-04-10
0.333,CONFIRMED,SUPPORTING,0.956,COLLECTIVE_ANOMALY,NORMAL,TRAIN,True,MIXED,ACTIVE,2026-03-28,2026-08-01
0.499,CONFIRMED,SUPPORTING,0.831,NONE,NORMAL,TRAIN,True,MIXED,ACTIVE,2025-12-17,2026-07-07
0.806,UNKNOWN,NEUTRAL,0.322,COLLECTIVE_ANOMALY,NORMAL,TRAIN,True,MIXED,INACTIVE,2026-03-22,2026-06-12
0.508,CONFIRMED,SUPPORTING,0.859,NONE,NORMAL,TRAIN,True,MIXED,INACTIVE,2025-12-02,2026-04-24
0.338,CONFIRMED,SUPPORTING,0.83,NONE,NORMAL,TRAIN,True,MIXED,INACTIVE,2025-08-25,2026-02-09
0.196,FALSE,CONTRADICTING,0.268,NONE,NORMAL,TRAIN,True,MIXED,ACTIVE,2025-09-20,2026-04-17
0.223,UNKNOWN,NEUTRAL,0.509,NONE,NORMAL,TRAIN,True,MIXED,UNKNOWN,2025-10-09,2026-04-12
0.353,SUSPECTED,SUPPORTING,0.844,COLLECTIVE_ANOMALY,DUPLICATE,TRAIN,True,MIXED,ACTIVE,2026-03-28,2026-08-20
0.5,SUSPECTED,SUPPORTING,0.638,NONE,NORMAL,TRAIN,True,MIXED,INACTIVE,2026-02-26,2026-07-20
0.095,SUSPECTED,SUPPORTING,0.731,NONE,NORMAL,TRAIN,True,MIXED,ACTIVE,2026-04-20,2026-10-22
0.218,UNKNOWN,NEUTRAL,0.541,NONE,NORMAL,TRAIN,True,MIXED,ACTIVE,2026-04-11,2026-09-29
0.255,FALSE,CONTRADICTING,0.377,COLLECTIVE_ANOMALY,NORMAL,TRAIN,True,LEGITIMATE,ACTIVE,2026-03-20,2026-09-19
0.524,CONFIRMED,SUPPORTING,0.83,NONE,NORMAL,TRAIN,True,LEGITIMATE,ACTIVE,2025-09-05,2026-04-18
0.265,FALSE,CONTRADICTING,0.392,NONE,NORMAL,TRAIN,True,LEGITIMATE,ACTIVE,2026-04-07,2026-11-01
0.301,UNKNOWN,NEUTRAL,0.394,NONE,NORMAL,TRAIN,True,LEGITIMATE,INACTIVE,2026-02-23,2026-06-11
0.27,UNKNOWN,NEUTRAL,0.394,NONE,NORMAL,TRAIN,True,LEGITIMATE,ACTIVE,2026-01-14,2026-08-15
0.238,FALSE,CONTRADICTING,0.336,NONE,NORMAL,VALIDATION,True,LEGITIMATE,INACTIVE,2025-10-21,2025-12-21
0.709,FALSE,CONTRADICTING,0.306,CRIMINAL_ANOMALY,NORMAL,VALIDATION,True,LEGITIMATE,ACTIVE,2025-12-29,2026-07-15
0.397,FALSE,CONTRADICTING,0.128,NONE,NORMAL,VALIDATION,True,LEGITIMATE,ACTIVE,2026-02-26,2026-09-10
0.238,UNKNOWN,NEUTRAL,0.391,CONTEXTUAL_ANOMALY,NORMAL,VALIDATION,True,LEGITIMATE,ACTIVE,2025-08-22,2026-04-06
0.359,FALSE,CONTRADICTING,0.302,LEGITIMATE_ANOMALY,NORMAL,VALIDATION,True,LEGITIMATE,ACTIVE,2026-01-26,2026-07-13
0.459,UNKNOWN,NEUTRAL,0.472,COLLECTIVE_ANOMALY,NORMAL,VALIDATION,True,LEGITIMATE,ACTIVE,2025-08-12,2026-04-23
0.788,FALSE,CONTRADICTING,0.268,NONE,NORMAL,VALIDATION,True,LEGITIMATE,ACTIVE,2025-11-22,2026-02-27
0.535,SUSPECTED,SUPPORTING,0.711,NONE,NORMAL,VALIDATION,True,LEGITIMATE,ACTIVE,2025-11-10,2026-08-07
0.532,FALSE,CONTRADICTING,0.401,NONE,NORMAL,VALIDATION,True,LEGITIMATE,INACTIVE,2026-03-07,2026-05-25
0.719,FALSE,CONTRADICTING,0.346,NONE,NORMAL,VALIDATION,True,LEGITIMATE,ACTIVE,2026-03-12,2026-06-02
0.274,UNKNOWN,NEUTRAL,0.284,NONE,NORMAL,VALIDATION,True,LEGITIMATE,UNKNOWN,2026-02-01,2026-06-16
0.602,UNKNOWN,NEUTRAL,0.214,NONE,NORMAL,VALIDATION,True,LEGITIMATE,INACTIVE,2026-04-03,2026-06-25
0.405,FALSE,CONTRADICTING,0.399,NONE,NORMAL,VALIDATION,True,LEGITIMATE,ACTIVE,2026-05-13,2026-10-09
0.3,FALSE,CONTRADICTING,0.121,NONE,NORMAL,VALIDATION,True,LEGITIMATE,ACTIVE,2026-01-26,2026-08-17
0.421,CONFIRMED,SUPPORTING,0.966,NONE,NORMAL,VALIDATION,True,LEGITIMATE,ACTIVE,2025-10-28,2026-04-27
0.376,UNKNOWN,NEUTRAL,0.487,NONE,NORMAL,TEST,True,AMBIGUOUS,ACTIVE,2026-04-23,2026-10-22
0.389,SUSPECTED,SUPPORTING,0.674,NONE,NORMAL,TEST,True,AMBIGUOUS,ACTIVE,2026-06-07,2026-11-16
0.578,UNKNOWN,NEUTRAL,0.396,NONE,NORMAL,TEST,True,AMBIGUOUS,ACTIVE,2026-01-25,2026-05-25
0.312,UNKNOWN,NEUTRAL,0.419,NONE,NORMAL,TEST,True,AMBIGUOUS,ACTIVE,2026-01-16,2026-10-03
0.298,UNKNOWN,NEUTRAL,0.357,NONE,NORMAL,TEST,True,AMBIGUOUS,ACTIVE,2026-01-17,2026-06-26
0.504,UNKNOWN,NEUTRAL,0.238,NONE,NORMAL,TEST,True,AMBIGUOUS,UNKNOWN,2025-12-17,2026-05-07
0.123,UNKNOWN,NEUTRAL,0.212,NONE,NORMAL,TEST,True,AMBIGUOUS,ACTIVE,2026-03-28,2026-10-23
0.194,SUSPECTED,SUPPORTING,0.729,NONE,NORMAL,TEST,True,AMBIGUOUS,ACTIVE,2026-05-31,2026-12-02
0.447,UNKNOWN,NEUTRAL,0.329,NONE,NORMAL,TEST,True,AMBIGUOUS,INACTIVE,2025-10-30,2026-03-01
0.547,CONFIRMED,SUPPORTING,0.886,NONE,NORMAL,TEST,True,AMBIGUOUS,ACTIVE,2025-09-18,2026-05-12
0.557,FALSE,CONTRADICTING,0.257,NONE,NORMAL,TEST,True,AMBIGUOUS,INACTIVE,2026-02-05,2026-07-20
0.191,UNKNOWN,NEUTRAL,0.467,NONE,NORMAL,TEST,True,AMBIGUOUS,UNKNOWN,2026-02-17,2026-07-08
0.771,UNKNOWN,NEUTRAL,0.226,NONE,NORMAL,TEST,True,AMBIGUOUS,INACTIVE,2026-02-03,2026-07-28
0.468,SUSPECTED,SUPPORTING,0.658,NONE,NORMAL,TEST,True,AMBIGUOUS,ACTIVE,2026-02-10,2026-10-22
0.452,UNKNOWN,NEUTRAL,0.452,CRIMINAL_ANOMALY,NORMAL,TEST,True,AMBIGUOUS,INACTIVE,2025-10-07,2026-01-10
0.228,CONFIRMED,SUPPORTING,0.958,NONE,NORMAL,TRAIN,True,CRIMINAL,ACTIVE,2026-04-02,2026-10-22
0.716,UNKNOWN,NEUTRAL,0.239,NONE,NORMAL,TRAIN,True,CRIMINAL,ACTIVE,2025-09-09,2026-06-14
0.313,CONFIRMED,SUPPORTING,0.916,NONE,MISSING_COUNTERPARTY,TRAIN,True,CRIMINAL,ACTIVE,2025-11-29,2026-04-19
0.628,SUSPECTED,SUPPORTING,0.742,NONE,NORMAL,TRAIN,True,CRIMINAL,ACTIVE,2025-10-06,2026-04-27
0.713,SUSPECTED,SUPPORTING,0.74,NONE,NORMAL,TRAIN,True,CRIMINAL,INACTIVE,2025-12-27,2026-03-04
0.363,SUSPECTED,SUPPORTING,0.582,NONE,NORMAL,TRAIN,True,CRIMINAL,UNKNOWN,2026-05-25,2026-09-08
0.26,CONFIRMED,SUPPORTING,0.892,NONE,NORMAL,TRAIN,True,CRIMINAL,UNKNOWN,2025-10-08,2026-03-08
0.626,CONFIRMED,SUPPORTING,0.876,CONTEXTUAL_ANOMALY,NORMAL,TRAIN,True,CRIMINAL,INACTIVE,2025-08-02,2026-01-05
0.328,CONFIRMED,SUPPORTING,0.839,NONE,NORMAL,TRAIN,True,CRIMINAL,ACTIVE,2026-01-19,2026-09-30
0.139,CONFIRMED,SUPPORTING,0.943,NONE,NORMAL,TRAIN,True,CRIMINAL,UNKNOWN,2025-12-05,2026-05-16
0.072,SUSPECTED,SUPPORTING,0.764,NONE,NORMAL,TRAIN,True,CRIMINAL,INACTIVE,2025-09-11,2026-02-04
0.404,SUSPECTED,SUPPORTING,0.656,NONE,NORMAL,TRAIN,True,CRIMINAL,INACTIVE,2025-09-18,2026-02-01
0.633,CONFIRMED,SUPPORTING,0.945,NONE,NORMAL,TRAIN,True,CRIMINAL,ACTIVE,2026-04-02,2026-11-03
0.331,CONFIRMED,SUPPORTING,0.907,NONE,NORMAL,TRAIN,True,CRIMINAL,UNKNOWN,2026-05-27,2026-10-08
0.388,SUSPECTED,SUPPORTING,0.62,NONE,NORMAL,TRAIN,True,CRIMINAL,ACTIVE,2025-08-16,2026-02-26
0.533,UNKNOWN,NEUTRAL,0.337,NONE,NORMAL,TRAIN,True,CRIMINAL,ACTIVE,2026-04-06,2026-11-18
0.601,CONFIRMED,SUPPORTING,0.854,NONE,NORMAL,TRAIN,True,CRIMINAL,INACTIVE,2026-03-31,2026-06-06
0.065,CONFIRMED,SUPPORTING,0.947,NONE,NORMAL,TRAIN,True,CRIMINAL,ACTIVE,2025-11-30,2026-06-02
0.376,SUSPECTED,SUPPORTING,0.732,TEMPORAL_ANOMALY,NORMAL,TRAIN,True,CRIMINAL,ACTIVE,2025-12-16,2026-07-24
0.657,CONFIRMED,SUPPORTING,0.861,NONE,NORMAL,TRAIN,True,CRIMINAL,ACTIVE,2025-12-28,2026-07-15
0.554,CONFIRMED,SUPPORTING,0.875,NONE,NORMAL,TRAIN,True,CRIMINAL,INACTIVE,2026-03-25,2026-07-19
0.539,CONFIRMED,SUPPORTING,0.881,NONE,NORMAL,TRAIN,True,CRIMINAL,INACTIVE,2025-07-29,2026-01-16
0.148,CONFIRMED,SUPPORTING,0.928,NONE,NORMAL,TRAIN,True,CRIMINAL,UNKNOWN,2026-01-02,2026-04-04
0.417,SUSPECTED,SUPPORTING,0.68,LEGITIMATE_ANOMALY,NORMAL,TRAIN,True,CRIMINAL,ACTIVE,2025-12-06,2026-07-30
0.558,UNKNOWN,NEUTRAL,0.224,LEGITIMATE_ANOMALY,NORMAL,TRAIN,True,CRIMINAL,INACTIVE,2026-03-20,2026-08-03
0.206,SUSPECTED,SUPPORTING,0.761,NONE,NORMAL,TRAIN,True,CRIMINAL,INACTIVE,2025-12-05,2026-04-09
0.397,FALSE,CONTRADICTING,0.276,NONE,NORMAL,TRAIN,True,CRIMINAL,UNKNOWN,2025-12-29,2026-07-17
0.189,SUSPECTED,SUPPORTING,0.581,CONTEXTUAL_ANOMALY,NORMAL,TRAIN,True,CRIMINAL,ACTIVE,2025-10-30,2026-04-29
0.477,FALSE,CONTRADICTING,0.27,CRIMINAL_ANOMALY,FORMATTING_VARIATION,TRAIN,True,CRIMINAL,ACTIVE,2025-12-09,2026-05-04
0.522,CONFIRMED,SUPPORTING,0.905,NONE,NORMAL,TRAIN,True,CRIMINAL,INACTIVE,2025-12-18,2026-05-15
0.442,SUSPECTED,SUPPORTING,0.854,TEMPORAL_ANOMALY,NORMAL,TRAIN,True,CRIMINAL,ACTIVE,2025-12-18,2026-04-25
0.539,CONFIRMED,SUPPORTING,0.857,NONE,NORMAL,TRAIN,True,CRIMINAL,ACTIVE,2025-12-18,2026-07-12
0.049,CONFIRMED,SUPPORTING,0.849,NONE,NORMAL,TRAIN,True,CRIMINAL,INACTIVE,2025-12-06,2026-05-29
0.55,CONFIRMED,SUPPORTING,0.898,NONE,NORMAL,TRAIN,True,CRIMINAL,ACTIVE,2026-02-20,2026-05-23
0.161,SUSPECTED,SUPPORTING,0.74,NONE,NORMAL,TRAIN,True,CRIMINAL,ACTIVE,2026-02-18,2026-08-11
0.129,CONFIRMED,SUPPORTING,0.927,CRIMINAL_ANOMALY,NORMAL,TRAIN,True,CRIMINAL,UNKNOWN,2026-05-15,2026-10-29
0.531,FALSE,CONTRADICTING,0.15,NONE,NORMAL,TRAIN,True,CRIMINAL,ACTIVE,2026-03-16,2026-09-20
0.589,CONFIRMED,SUPPORTING,0.885,NONE,NORMAL,TRAIN,True,CRIMINAL,ACTIVE,2025-08-18,2026-03-03
0.574,CONFIRMED,SUPPORTING,0.911,NONE,NORMAL,TRAIN,True,CRIMINAL,ACTIVE,2026-03-11,2026-10-11
0.312,FALSE,CONTRADICTING,0.376,NONE,NORMAL,TRAIN,True,CRIMINAL,ACTIVE,2026-05-19,2027-01-01
0.377,SUSPECTED,SUPPORTING,0.83,NONE,NORMAL,TRAIN,True,MIXED,ACTIVE,2025-11-29,2026-07-03
0.431,CONFIRMED,SUPPORTING,0.879,NONE,NORMAL,TRAIN,True,MIXED,ACTIVE,2025-09-29,2026-03-18
0.725,UNKNOWN,NEUTRAL,0.249,NONE,NORMAL,TRAIN,True,MIXED,INACTIVE,2025-12-30,2026-05-31
0.465,UNKNOWN,NEUTRAL,0.416,CRIMINAL_ANOMALY,NORMAL,TRAIN,True,MIXED,INACTIVE,2025-08-07,2026-01-23
0.116,CONFIRMED,SUPPORTING,0.877,NONE,NORMAL,TRAIN,True,MIXED,ACTIVE,2025-11-19,2026-03-26
0.332,CONFIRMED,SUPPORTING,0.958,NONE,NORMAL,TRAIN,True,MIXED,INACTIVE,2025-12-02,2026-04-13
0.584,UNKNOWN,NEUTRAL,0.477,NONE,NORMAL,TRAIN,True,MIXED,ACTIVE,2025-12-23,2026-09-07
0.253,UNKNOWN,NEUTRAL,0.294,NONE,NORMAL,TRAIN,True,MIXED,UNKNOWN,2026-02-28,2026-07-26
0.509,FALSE,CONTRADICTING,0.248,NONE,NORMAL,TRAIN,True,MIXED,ACTIVE,2026-04-02,2026-09-18
0.734,CONFIRMED,SUPPORTING,0.838,NONE,NORMAL,TRAIN,True,MIXED,ACTIVE,2026-05-13,2026-08-19
0.215,SUSPECTED,SUPPORTING,0.841,NONE,NORMAL,TRAIN,True,MIXED,ACTIVE,2025-11-06,2026-05-02
0.275,SUSPECTED,SUPPORTING,0.817,CONTEXTUAL_ANOMALY,NORMAL,TRAIN,True,MIXED,ACTIVE,2026-02-01,2026-08-23
0.247,FALSE,CONTRADICTING,0.126,NONE,NORMAL,TRAIN,True,MIXED,ACTIVE,2026-01-10,2026-06-20
0.85,SUSPECTED,SUPPORTING,0.625,COLLECTIVE_ANOMALY,NORMAL,TRAIN,True,MIXED,INACTIVE,2025-07-31,2026-01-07
0.226,CONFIRMED,SUPPORTING,0.897,NONE,NORMAL,TRAIN,True,MIXED,ACTIVE,2026-01-08,2026-07-18
0.198,CONFIRMED,SUPPORTING,0.851,NONE,NORMAL,TRAIN,True,MIXED,ACTIVE,2026-01-09,2026-05-24
0.576,FALSE,CONTRADICTING,0.22,NONE,NORMAL,TRAIN,True,MIXED,INACTIVE,2026-01-20,2026-06-28
0.098,UNKNOWN,NEUTRAL,0.292,NONE,MISSING_COUNTERPARTY,TRAIN,True,MIXED,ACTIVE,2025-12-16,2026-07-11
0.685,CONFIRMED,SUPPORTING,0.941,NONE,NORMAL,TRAIN,True,MIXED,ACTIVE,2025-11-04,2026-07-03
0.218,UNKNOWN,NEUTRAL,0.332,NONE,NORMAL,TRAIN,True,MIXED,ACTIVE,2025-12-12,2026-04-21
0.227,CONFIRMED,SUPPORTING,0.951,NONE,DUPLICATE,TRAIN,True,MIXED,ACTIVE,2025-11-26,2026-04-22
0.454,SUSPECTED,SUPPORTING,0.822,NONE,NORMAL,TRAIN,True,MIXED,ACTIVE,2026-02-11,2026-08-23
0.784,UNKNOWN,NEUTRAL,0.435,NONE,NORMAL,TRAIN,True,MIXED,ACTIVE,2026-04-18,2026-09-17
0.606,SUSPECTED,SUPPORTING,0.599,NONE,NORMAL,TRAIN,True,MIXED,ACTIVE,2026-02-21,2026-10-02
0.823,SUSPECTED,SUPPORTING,0.772,NONE,DUPLICATE,TRAIN,True,MIXED,ACTIVE,2026-03-22,2026-12-27
0.507,UNKNOWN,NEUTRAL,0.338,CRIMINAL_ANOMALY,NORMAL,TRAIN,True,LEGITIMATE,ACTIVE,2026-05-14,2026-08-08
0.256,UNKNOWN,NEUTRAL,0.266,NONE,NORMAL,TRAIN,True,LEGITIMATE,ACTIVE,2025-10-09,2026-02-13
0.519,UNKNOWN,NEUTRAL,0.499,NONE,NORMAL,TRAIN,True,LEGITIMATE,ACTIVE,2026-02-26,2026-11-03
0.203,UNKNOWN,NEUTRAL,0.307,NONE,NORMAL,TRAIN,True,LEGITIMATE,ACTIVE,2026-01-09,2026-10-01
0.37,UNKNOWN,NEUTRAL,0.27,NONE,NORMAL,TRAIN,True,LEGITIMATE,ACTIVE,2025-11-17,2026-07-11
0.688,FALSE,CONTRADICTING,0.17,NONE,NORMAL,VALIDATION,True,LEGITIMATE,INACTIVE,2025-10-14,2025-12-24
0.275,FALSE,CONTRADICTING,0.29,NONE,NORMAL,VALIDATION,True,LEGITIMATE,ACTIVE,2025-11-26,2026-05-16
0.39,SUSPECTED,SUPPORTING,0.809,CONTEXTUAL_ANOMALY,NORMAL,VALIDATION,True,LEGITIMATE,ACTIVE,2026-04-21,2026-10-14
0.731,SUSPECTED,SUPPORTING,0.686,CONTEXTUAL_ANOMALY,NORMAL,VALIDATION,True,LEGITIMATE,INACTIVE,2025-11-03,2026-01-21
0.553,FALSE,CONTRADICTING,0.215,COLLECTIVE_ANOMALY,NORMAL,VALIDATION,True,LEGITIMATE,ACTIVE,2026-01-08,2026-06-30
0.217,FALSE,CONTRADICTING,0.134,NONE,NORMAL,VALIDATION,True,LEGITIMATE,ACTIVE,2025-09-20,2026-03-11
0.579,SUSPECTED,SUPPORTING,0.66,NONE,NORMAL,VALIDATION,True,LEGITIMATE,ACTIVE,2025-10-28,2026-02-28
0.734,UNKNOWN,NEUTRAL,0.421,NONE,NORMAL,VALIDATION,True,LEGITIMATE,INACTIVE,2025-11-15,2026-03-20
0.893,FALSE,CONTRADICTING,0.313,NONE,NORMAL,VALIDATION,True,LEGITIMATE,ACTIVE,2026-02-03,2026-08-15
0.151,FALSE,CONTRADICTING,0.303,NONE,NORMAL,VALIDATION,True,LEGITIMATE,INACTIVE,2025-12-01,2026-04-20
0.231,UNKNOWN,NEUTRAL,0.537,NONE,NORMAL,VALIDATION,True,LEGITIMATE,ACTIVE,2025-10-28,2026-07-21
0.72,UNKNOWN,NEUTRAL,0.333,NONE,NORMAL,VALIDATION,True,LEGITIMATE,UNKNOWN,2026-06-05,2026-10-05
0.188,FALSE,CONTRADICTING,0.292,NONE,NORMAL,VALIDATION,True,LEGITIMATE,ACTIVE,2026-04-17,2026-10-01
0.293,FALSE,CONTRADICTING,0.203,NONE,NORMAL,VALIDATION,True,LEGITIMATE,ACTIVE,2025-12-30,2026-06-29
0.19,UNKNOWN,NEUTRAL,0.248,CONTEXTUAL_ANOMALY,NORMAL,VALIDATION,True,LEGITIMATE,ACTIVE,2025-08-21,2026-03-27
0.39,SUSPECTED,SUPPORTING,0.582,LEGITIMATE_ANOMALY,NORMAL,TEST,True,AMBIGUOUS,UNKNOWN,2026-06-24,2026-10-17
0.906,UNKNOWN,NEUTRAL,0.359,CRIMINAL_ANOMALY,NORMAL,TEST,True,AMBIGUOUS,ACTIVE,2026-06-25,2026-10-12
0.371,UNKNOWN,NEUTRAL,0.492,NONE,NORMAL,TEST,True,AMBIGUOUS,UNKNOWN,2026-03-12,2026-06-16
0.406,UNKNOWN,NEUTRAL,0.463,NONE,NORMAL,TEST,True,AMBIGUOUS,ACTIVE,2026-02-27,2026-10-19
0.235,UNKNOWN,NEUTRAL,0.269,LEGITIMATE_ANOMALY,NORMAL,TEST,True,AMBIGUOUS,UNKNOWN,2026-01-03,2026-07-19
0.18,UNKNOWN,NEUTRAL,0.404,NONE,NORMAL,TEST,True,AMBIGUOUS,ACTIVE,2025-10-25,2026-06-03
0.742,UNKNOWN,NEUTRAL,0.263,NONE,NORMAL,TEST,True,AMBIGUOUS,INACTIVE,2026-03-14,2026-07-30
0.446,FALSE,CONTRADICTING,0.356,NONE,NORMAL,TEST,True,AMBIGUOUS,INACTIVE,2026-04-04,2026-07-02
0.057,UNKNOWN,NEUTRAL,0.447,NONE,NORMAL,TEST,True,AMBIGUOUS,ACTIVE,2025-12-11,2026-05-23
0.465,UNKNOWN,NEUTRAL,0.519,NONE,MISSING_COUNTERPARTY,TEST,True,AMBIGUOUS,ACTIVE,2026-01-02,2026-05-05
0.345,UNKNOWN,NEUTRAL,0.326,NONE,NORMAL,TEST,True,AMBIGUOUS,UNKNOWN,2026-04-26,2026-10-31
0.385,UNKNOWN,NEUTRAL,0.36,CRIMINAL_ANOMALY,NORMAL,TEST,True,AMBIGUOUS,UNKNOWN,2026-03-07,2026-07-17
0.516,FALSE,CONTRADICTING,0.315,NONE,NORMAL,TEST,True,AMBIGUOUS,UNKNOWN,2026-05-05,2026-09-18
0.532,SUSPECTED,SUPPORTING,0.608,NONE,NORMAL,TEST,True,AMBIGUOUS,ACTIVE,2026-03-23,2026-08-25
0.714,CONFIRMED,SUPPORTING,0.969,NONE,NORMAL,TEST,True,AMBIGUOUS,ACTIVE,2025-12-04,2026-06-08
0.77,CONFIRMED,SUPPORTING,0.955,NONE,NORMAL,TRAIN,True,CRIMINAL,ACTIVE,2026-06-07,2026-09-02
0.713,CONFIRMED,SUPPORTING,0.945,NONE,NORMAL,TRAIN,True,CRIMINAL,ACTIVE,2025-08-12,2026-02-17
0.388,CONFIRMED,SUPPORTING,0.976,CRIMINAL_ANOMALY,NORMAL,TRAIN,True,CRIMINAL,UNKNOWN,2025-12-22,2026-06-24
0.903,CONFIRMED,SUPPORTING,0.822,NONE,NORMAL,TRAIN,True,CRIMINAL,UNKNOWN,2025-11-21,2026-06-20
0.107,SUSPECTED,SUPPORTING,0.832,NONE,NORMAL,TRAIN,True,CRIMINAL,INACTIVE,2025-12-08,2026-03-01
0.669,CONFIRMED,SUPPORTING,0.972,NONE,NORMAL,TRAIN,True,CRIMINAL,INACTIVE,2026-03-06,2026-07-07
0.377,SUSPECTED,SUPPORTING,0.8,COLLECTIVE_ANOMALY,NORMAL,TRAIN,True,CRIMINAL,ACTIVE,2025-08-19,2026-03-07
0.122,CONFIRMED,SUPPORTING,0.956,NONE,DUPLICATE,TRAIN,True,CRIMINAL,ACTIVE,2025-08-04,2026-06-10
0.672,CONFIRMED,SUPPORTING,0.932,CRIMINAL_ANOMALY,NORMAL,TRAIN,True,CRIMINAL,INACTIVE,2025-12-10,2026-06-02
0.133,SUSPECTED,SUPPORTING,0.589,NONE,NORMAL,TRAIN,True,CRIMINAL,ACTIVE,2025-10-15,2026-06-28
0.649,CONFIRMED,SUPPORTING,0.989,TEMPORAL_ANOMALY,NORMAL,TRAIN,True,CRIMINAL,ACTIVE,2025-11-07,2026-04-14
0.314,SUSPECTED,SUPPORTING,0.6,NONE,FORMATTING_VARIATION,TRAIN,True,CRIMINAL,ACTIVE,2025-09-27,2026-05-28
0.476,SUSPECTED,SUPPORTING,0.723,CONTEXTUAL_ANOMALY,NORMAL,TRAIN,True,CRIMINAL,ACTIVE,2026-04-02,2026-08-12
0.4,CONFIRMED,SUPPORTING,0.91,NONE,REVERSED_RECORD,TRAIN,True,CRIMINAL,ACTIVE,2026-05-04,2026-09-04
0.348,SUSPECTED,SUPPORTING,0.671,NONE,NORMAL,TRAIN,True,CRIMINAL,ACTIVE,2025-09-21,2026-06-22
0.467,CONFIRMED,SUPPORTING,0.95,NONE,NORMAL,TRAIN,True,CRIMINAL,ACTIVE,2026-03-27,2026-11-29
0.496,CONFIRMED,SUPPORTING,0.845,NONE,FORMATTING_VARIATION,TRAIN,True,CRIMINAL,UNKNOWN,2026-03-05,2026-08-16
0.521,CONFIRMED,SUPPORTING,0.963,NONE,REVERSED_RECORD,TRAIN,True,CRIMINAL,ACTIVE,2025-10-02,2026-03-25
0.236,CONFIRMED,SUPPORTING,0.87,NONE,NORMAL,TRAIN,True,CRIMINAL,ACTIVE,2026-03-14,2026-08-03
0.013,SUSPECTED,SUPPORTING,0.711,NONE,NORMAL,TRAIN,True,CRIMINAL,ACTIVE,2025-11-18,2026-07-02
0.168,UNKNOWN,NEUTRAL,0.487,NONE,DUPLICATE,TRAIN,True,CRIMINAL,UNKNOWN,2026-05-13,2026-09-12
0.587,UNKNOWN,NEUTRAL,0.339,NONE,NORMAL,TRAIN,True,CRIMINAL,UNKNOWN,2025-11-07,2026-05-19
0.087,CONFIRMED,SUPPORTING,0.865,NONE,NORMAL,TRAIN,True,CRIMINAL,ACTIVE,2025-12-16,2026-07-06
0.608,FALSE,CONTRADICTING,0.191,LEGITIMATE_ANOMALY,NORMAL,TRAIN,True,CRIMINAL,ACTIVE,2026-01-17,2026-07-04
0.462,UNKNOWN,NEUTRAL,0.285,NONE,NORMAL,TRAIN,True,CRIMINAL,ACTIVE,2026-06-09,2026-11-30
0.689,CONFIRMED,SUPPORTING,0.86,NONE,NORMAL,TRAIN,True,CRIMINAL,ACTIVE,2026-03-18,2026-06-23
0.174,SUSPECTED,SUPPORTING,0.84,NONE,NORMAL,TRAIN,True,CRIMINAL,ACTIVE,2026-01-31,2026-04-24
0.476,CONFIRMED,SUPPORTING,0.922,NONE,NORMAL,TRAIN,True,CRIMINAL,ACTIVE,2025-10-17,2026-07-14
0.866,CONFIRMED,SUPPORTING,0.925,NONE,NORMAL,TRAIN,True,CRIMINAL,ACTIVE,2025-12-02,2026-06-07
0.494,UNKNOWN,NEUTRAL,0.517,NONE,NORMAL,TRAIN,True,CRIMINAL,ACTIVE,2025-12-19,2026-08-07
0.451,SUSPECTED,SUPPORTING,0.72,CRIMINAL_ANOMALY,NORMAL,TRAIN,True,CRIMINAL,ACTIVE,2025-12-06,2026-07-03
0.847,SUSPECTED,SUPPORTING,0.839,NONE,NORMAL,TRAIN,True,CRIMINAL,ACTIVE,2025-11-23,2026-07-17
0.602,CONFIRMED,SUPPORTING,0.868,NONE,NORMAL,TRAIN,True,CRIMINAL,ACTIVE,2026-03-20,2026-08-03
0.327,FALSE,CONTRADICTING,0.373,NONE,NORMAL,TRAIN,True,CRIMINAL,ACTIVE,2026-01-21,2026-08-22
0.84,SUSPECTED,SUPPORTING,0.8,NONE,NORMAL,TRAIN,True,CRIMINAL,ACTIVE,2026-02-22,2026-08-20
0.34,CONFIRMED,SUPPORTING,0.98,CONTEXTUAL_ANOMALY,NORMAL,TRAIN,True,CRIMINAL,ACTIVE,2026-03-17,2026-08-25
0.537,CONFIRMED,SUPPORTING,0.836,LEGITIMATE_ANOMALY,NORMAL,TRAIN,True,CRIMINAL,UNKNOWN,2026-05-11,2026-11-13
0.337,SUSPECTED,SUPPORTING,0.634,NONE,NORMAL,TRAIN,True,CRIMINAL,ACTIVE,2025-11-03,2026-04-02
0.589,CONFIRMED,SUPPORTING,0.827,NONE,NORMAL,TRAIN,True,CRIMINAL,ACTIVE,2026-03-24,2026-11-07
0.221,CONFIRMED,SUPPORTING,0.893,CONTEXTUAL_ANOMALY,NORMAL,TRAIN,True,CRIMINAL,INACTIVE,2026-03-06,2026-07-17
0.365,FALSE,CONTRADICTING,0.143,NONE,NORMAL,TRAIN,True,MIXED,ACTIVE,2025-10-20,2026-05-21
0.313,FALSE,CONTRADICTING,0.294,LEGITIMATE_ANOMALY,NORMAL,TRAIN,True,MIXED,INACTIVE,2025-11-28,2026-02-02
0.529,CONFIRMED,SUPPORTING,0.875,NONE,NORMAL,TRAIN,True,MIXED,ACTIVE,2026-01-11,2026-10-10
0.662,SUSPECTED,SUPPORTING,0.758,COLLECTIVE_ANOMALY,NORMAL,TRAIN,True,MIXED,ACTIVE,2025-10-09,2026-06-08
0.342,FALSE,CONTRADICTING,0.339,LEGITIMATE_ANOMALY,NORMAL,TRAIN,True,MIXED,ACTIVE,2025-09-19,2026-04-10
0.766,CONFIRMED,SUPPORTING,0.973,NONE,NORMAL,TRAIN,True,MIXED,ACTIVE,2026-01-06,2026-08-29
0.368,SUSPECTED,SUPPORTING,0.728,NONE,NORMAL,TRAIN,True,MIXED,ACTIVE,2026-02-26,2026-09-26
0.654,CONFIRMED,SUPPORTING,0.945,NONE,NORMAL,TRAIN,True,MIXED,ACTIVE,2025-11-01,2026-07-11
0.757,CONFIRMED,SUPPORTING,0.914,NONE,NORMAL,TRAIN,True,MIXED,UNKNOWN,2026-03-02,2026-09-29
0.67,SUSPECTED,SUPPORTING,0.762,NONE,NORMAL,TRAIN,True,MIXED,INACTIVE,2026-02-26,2026-06-25
0.489,FALSE,CONTRADICTING,0.269,NONE,NORMAL,TRAIN,True,MIXED,INACTIVE,2025-09-07,2026-01-19
0.332,SUSPECTED,SUPPORTING,0.79,NONE,NORMAL,TRAIN,True,MIXED,ACTIVE,2025-12-14,2026-09-20
0.617,SUSPECTED,SUPPORTING,0.633,NONE,NORMAL,TRAIN,True,MIXED,ACTIVE,2025-11-30,2026-05-15
0.365,CONFIRMED,SUPPORTING,0.879,NONE,REVERSED_RECORD,TRAIN,True,MIXED,ACTIVE,2025-08-26,2026-04-07
0.36,CONFIRMED,SUPPORTING,0.982,NONE,NORMAL,TRAIN,True,MIXED,ACTIVE,2026-01-16,2026-08-22
0.223,UNKNOWN,NEUTRAL,0.239,NONE,NORMAL,TRAIN,True,MIXED,ACTIVE,2025-12-21,2026-08-07
0.478,CONFIRMED,SUPPORTING,0.902,NONE,NORMAL,TRAIN,True,MIXED,UNKNOWN,2026-06-04,2026-09-20
0.682,CONFIRMED,SUPPORTING,0.967,LEGITIMATE_ANOMALY,NORMAL,TRAIN,True,MIXED,ACTIVE,2026-03-26,2026-10-15
0.214,SUSPECTED,SUPPORTING,0.798,TEMPORAL_ANOMALY,MISSING_COUNTERPARTY,TRAIN,True,MIXED,ACTIVE,2026-01-20,2026-07-20
0.049,SUSPECTED,SUPPORTING,0.623,NONE,NORMAL,TRAIN,True,MIXED,UNKNOWN,2025-12-26,2026-06-21
0.837,CONFIRMED,SUPPORTING,0.849,NONE,NORMAL,TRAIN,True,MIXED,ACTIVE,2025-09-08,2026-04-27
0.534,SUSPECTED,SUPPORTING,0.752,NONE,NORMAL,TRAIN,True,MIXED,ACTIVE,2026-04-24,2026-09-16
0.712,FALSE,CONTRADICTING,0.277,NONE,NORMAL,TRAIN,True,MIXED,ACTIVE,2026-06-14,2026-12-10
0.229,CONFIRMED,SUPPORTING,0.849,NONE,NORMAL,TRAIN,True,MIXED,ACTIVE,2026-03-12,2026-12-27
0.847,SUSPECTED,SUPPORTING,0.83,NONE,NORMAL,TRAIN,True,MIXED,UNKNOWN,2026-04-29,2026-09-01
0.454,FALSE,CONTRADICTING,0.258,NONE,NORMAL,TRAIN,True,LEGITIMATE,ACTIVE,2026-02-12,2026-10-20
0.193,FALSE,CONTRADICTING,0.209,NONE,NORMAL,TRAIN,True,LEGITIMATE,ACTIVE,2025-08-19,2026-05-12
0.38,FALSE,CONTRADICTING,0.281,LEGITIMATE_ANOMALY,NORMAL,TRAIN,True,LEGITIMATE,ACTIVE,2026-04-04,2026-10-10
0.436,FALSE,CONTRADICTING,0.209,LEGITIMATE_ANOMALY,NORMAL,TRAIN,True,LEGITIMATE,ACTIVE,2026-04-30,2026-08-21
0.573,FALSE,CONTRADICTING,0.203,NONE,NORMAL,TRAIN,True,LEGITIMATE,UNKNOWN,2025-12-11,2026-05-11
0.49,FALSE,CONTRADICTING,0.318,NONE,NORMAL,VALIDATION,True,LEGITIMATE,ACTIVE,2025-11-19,2026-03-05
0.592,FALSE,CONTRADICTING,0.133,NONE,NORMAL,VALIDATION,True,LEGITIMATE,ACTIVE,2026-01-25,2026-07-07
0.559,FALSE,CONTRADICTING,0.192,NONE,NORMAL,VALIDATION,True,LEGITIMATE,UNKNOWN,2026-06-25,2026-09-16
0.427,FALSE,CONTRADICTING,0.201,NONE,NORMAL,VALIDATION,True,LEGITIMATE,ACTIVE,2025-12-08,2026-02-26
0.7,UNKNOWN,NEUTRAL,0.358,NONE,NORMAL,VALIDATION,True,LEGITIMATE,ACTIVE,2026-01-29,2026-08-02
0.089,UNKNOWN,NEUTRAL,0.313,TEMPORAL_ANOMALY,NORMAL,VALIDATION,True,LEGITIMATE,ACTIVE,2025-08-04,2026-03-29
0.524,UNKNOWN,NEUTRAL,0.473,NONE,NORMAL,VALIDATION,True,LEGITIMATE,ACTIVE,2025-08-11,2026-04-13
0.237,SUSPECTED,SUPPORTING,0.788,NONE,NORMAL,VALIDATION,True,LEGITIMATE,UNKNOWN,2026-01-20,2026-07-21
0.415,UNKNOWN,NEUTRAL,0.307,NONE,NORMAL,VALIDATION,True,LEGITIMATE,ACTIVE,2026-03-15,2026-10-17
0.882,UNKNOWN,NEUTRAL,0.542,NONE,NORMAL,VALIDATION,True,LEGITIMATE,INACTIVE,2025-12-23,2026-04-22
0.242,FALSE,CONTRADICTING,0.171,NONE,NORMAL,VALIDATION,True,LEGITIMATE,ACTIVE,2025-12-28,2026-08-30
0.25,UNKNOWN,NEUTRAL,0.282,LEGITIMATE_ANOMALY,NORMAL,VALIDATION,True,LEGITIMATE,ACTIVE,2026-02-12,2026-09-28
0.579,UNKNOWN,NEUTRAL,0.534,TEMPORAL_ANOMALY,NORMAL,VALIDATION,True,LEGITIMATE,INACTIVE,2026-03-09,2026-07-07
0.977,FALSE,CONTRADICTING,0.325,NONE,NORMAL,VALIDATION,True,LEGITIMATE,ACTIVE,2026-03-17,2026-10-13
0.252,FALSE,CONTRADICTING,0.271,NONE,NORMAL,VALIDATION,True,LEGITIMATE,UNKNOWN,2025-10-13,2026-03-14
0.235,UNKNOWN,NEUTRAL,0.267,NONE,NORMAL,TEST,True,AMBIGUOUS,ACTIVE,2026-03-12,2026-10-26
0.339,CONFIRMED,SUPPORTING,0.825,NONE,NORMAL,TEST,True,AMBIGUOUS,ACTIVE,2026-04-25,2026-12-30
0.936,FALSE,CONTRADICTING,0.355,NONE,REVERSED_RECORD,TEST,True,AMBIGUOUS,ACTIVE,2025-12-09,2026-06-06
0.619,UNKNOWN,NEUTRAL,0.422,TEMPORAL_ANOMALY,NORMAL,TEST,True,AMBIGUOUS,ACTIVE,2026-04-15,2026-07-29
0.363,SUSPECTED,SUPPORTING,0.704,NONE,NORMAL,TEST,True,AMBIGUOUS,INACTIVE,2026-01-20,2026-04-10
0.632,UNKNOWN,NEUTRAL,0.446,NONE,NORMAL,TEST,True,AMBIGUOUS,ACTIVE,2025-11-04,2026-04-12
0.223,UNKNOWN,NEUTRAL,0.319,NONE,NORMAL,TEST,True,AMBIGUOUS,INACTIVE,2026-05-20,2026-07-20
0.452,UNKNOWN,NEUTRAL,0.332,NONE,NORMAL,TEST,True,AMBIGUOUS,ACTIVE,2026-02-21,2026-08-26
0.693,CONFIRMED,SUPPORTING,0.884,NONE,NORMAL,TEST,True,AMBIGUOUS,ACTIVE,2026-01-12,2026-08-23
0.39,FALSE,CONTRADICTING,0.222,NONE,NORMAL,TEST,True,AMBIGUOUS,ACTIVE,2025-10-26,2026-06-20
0.494,CONFIRMED,SUPPORTING,0.929,NONE,NORMAL,TEST,True,AMBIGUOUS,ACTIVE,2026-04-28,2026-12-25
0.321,FALSE,CONTRADICTING,0.376,CONTEXTUAL_ANOMALY,NORMAL,TEST,True,AMBIGUOUS,UNKNOWN,2026-03-04,2026-06-03
0.537,UNKNOWN,NEUTRAL,0.224,CRIMINAL_ANOMALY,NORMAL,TEST,True,AMBIGUOUS,UNKNOWN,2026-06-20,2026-10-06
0.192,UNKNOWN,NEUTRAL,0.418,NONE,NORMAL,TEST,True,AMBIGUOUS,ACTIVE,2026-02-18,2026-10-16
0.446,SUSPECTED,SUPPORTING,0.767,NONE,DUPLICATE,TEST,True,AMBIGUOUS,ACTIVE,2025-11-19,2026-04-08
0.542,SUSPECTED,SUPPORTING,0.693,LEGITIMATE_ANOMALY,NORMAL,TRAIN,True,CRIMINAL,ACTIVE,2026-05-26,2026-12-13
0.558,SUSPECTED,SUPPORTING,0.719,NONE,NORMAL,TRAIN,True,CRIMINAL,ACTIVE,2025-11-12,2026-04-11
0.583,CONFIRMED,SUPPORTING,0.87,NONE,NORMAL,TRAIN,True,CRIMINAL,ACTIVE,2025-12-11,2026-04-21
0.597,CONFIRMED,SUPPORTING,0.967,NONE,NORMAL,TRAIN,True,CRIMINAL,ACTIVE,2026-01-03,2026-06-15
0.259,CONFIRMED,SUPPORTING,0.934,NONE,NORMAL,TRAIN,True,CRIMINAL,ACTIVE,2026-01-30,2026-08-06
0.47,CONFIRMED,SUPPORTING,0.822,NONE,NORMAL,TRAIN,True,CRIMINAL,ACTIVE,2026-02-18,2026-09-17
0.829,UNKNOWN,NEUTRAL,0.415,NONE,NORMAL,TRAIN,True,CRIMINAL,ACTIVE,2025-08-29,2026-04-09
0.712,UNKNOWN,NEUTRAL,0.251,NONE,NORMAL,TRAIN,True,CRIMINAL,ACTIVE,2025-11-23,2026-03-10
0.873,CONFIRMED,SUPPORTING,0.919,NONE,NORMAL,TRAIN,True,CRIMINAL,ACTIVE,2025-12-29,2026-09-19
0.205,CONFIRMED,SUPPORTING,0.871,COLLECTIVE_ANOMALY,NORMAL,TRAIN,True,CRIMINAL,ACTIVE,2025-10-28,2026-05-28
0.475,CONFIRMED,SUPPORTING,0.964,NONE,REVERSED_RECORD,TRAIN,True,CRIMINAL,ACTIVE,2025-09-23,2026-05-11
0.366,CONFIRMED,SUPPORTING,0.86,NONE,NORMAL,TRAIN,True,CRIMINAL,ACTIVE,2025-11-16,2026-05-22
0.664,SUSPECTED,SUPPORTING,0.646,NONE,NORMAL,TRAIN,True,CRIMINAL,ACTIVE,2026-01-19,2026-11-17
0.304,SUSPECTED,SUPPORTING,0.685,NONE,NORMAL,TRAIN,True,CRIMINAL,ACTIVE,2026-03-06,2026-08-15
0.155,CONFIRMED,SUPPORTING,0.915,NONE,NORMAL,TRAIN,True,CRIMINAL,ACTIVE,2025-09-29,2026-03-01
0.478,SUSPECTED,SUPPORTING,0.631,NONE,NORMAL,TRAIN,True,CRIMINAL,ACTIVE,2026-02-25,2026-08-23
0.082,UNKNOWN,NEUTRAL,0.454,COLLECTIVE_ANOMALY,NORMAL,TRAIN,True,CRIMINAL,ACTIVE,2026-04-20,2026-08-14
0.228,CONFIRMED,SUPPORTING,0.861,COLLECTIVE_ANOMALY,NORMAL,TRAIN,True,CRIMINAL,INACTIVE,2025-08-16,2026-01-21
0.173,CONFIRMED,SUPPORTING,0.866,NONE,NORMAL,TRAIN,True,CRIMINAL,INACTIVE,2025-12-09,2026-04-19
0.112,CONFIRMED,SUPPORTING,0.883,LEGITIMATE_ANOMALY,NORMAL,TRAIN,True,CRIMINAL,ACTIVE,2026-01-08,2026-07-20
0.048,CONFIRMED,SUPPORTING,0.861,NONE,NORMAL,TRAIN,True,CRIMINAL,ACTIVE,2026-06-16,2026-12-05
0.622,SUSPECTED,SUPPORTING,0.843,NONE,NORMAL,TRAIN,True,CRIMINAL,ACTIVE,2025-10-31,2026-03-16
0.348,CONFIRMED,SUPPORTING,0.931,NONE,NORMAL,TRAIN,True,CRIMINAL,UNKNOWN,2025-12-07,2026-04-11
0.588,CONFIRMED,SUPPORTING,0.94,CRIMINAL_ANOMALY,NORMAL,TRAIN,True,CRIMINAL,ACTIVE,2026-02-28,2026-09-11
0.138,SUSPECTED,SUPPORTING,0.673,NONE,NORMAL,TRAIN,True,CRIMINAL,ACTIVE,2026-03-15,2026-11-25
0.23,SUSPECTED,SUPPORTING,0.746,NONE,NORMAL,TRAIN,True,CRIMINAL,UNKNOWN,2026-01-26,2026-06-24
0.397,SUSPECTED,SUPPORTING,0.717,NONE,NORMAL,TRAIN,True,CRIMINAL,UNKNOWN,2026-01-18,2026-04-27
0.698,SUSPECTED,SUPPORTING,0.744,NONE,NORMAL,TRAIN,True,CRIMINAL,INACTIVE,2025-10-30,2026-03-03
0.755,SUSPECTED,SUPPORTING,0.807,CRIMINAL_ANOMALY,NORMAL,TRAIN,True,CRIMINAL,INACTIVE,2025-11-26,2026-03-15
0.553,CONFIRMED,SUPPORTING,0.838,NONE,NORMAL,TRAIN,True,CRIMINAL,ACTIVE,2026-02-07,2026-07-27
0.358,CONFIRMED,SUPPORTING,0.829,NONE,NORMAL,TRAIN,True,CRIMINAL,INACTIVE,2025-11-03,2026-01-27
0.049,CONFIRMED,SUPPORTING,0.828,CRIMINAL_ANOMALY,NORMAL,TRAIN,True,CRIMINAL,ACTIVE,2025-12-06,2026-07-17
0.36,SUSPECTED,SUPPORTING,0.686,NONE,NORMAL,TRAIN,True,CRIMINAL,INACTIVE,2026-01-14,2026-06-15
0.931,SUSPECTED,SUPPORTING,0.826,NONE,NORMAL,TRAIN,True,CRIMINAL,UNKNOWN,2026-01-20,2026-07-06
0.892,CONFIRMED,SUPPORTING,0.892,NONE,NORMAL,TRAIN,True,CRIMINAL,ACTIVE,2026-02-24,2026-08-01
0.733,SUSPECTED,SUPPORTING,0.648,LEGITIMATE_ANOMALY,NORMAL,TRAIN,True,CRIMINAL,ACTIVE,2026-02-24,2026-11-29
0.103,SUSPECTED,SUPPORTING,0.667,NONE,NORMAL,TRAIN,True,CRIMINAL,ACTIVE,2026-02-26,2026-10-26
0.195,CONFIRMED,SUPPORTING,0.856,NONE,NORMAL,TRAIN,True,CRIMINAL,UNKNOWN,2025-12-06,2026-05-22
0.201,CONFIRMED,SUPPORTING,0.89,NONE,NORMAL,TRAIN,True,CRIMINAL,ACTIVE,2026-03-20,2026-10-01
0.013,CONFIRMED,SUPPORTING,0.861,NONE,FORMATTING_VARIATION,TRAIN,True,CRIMINAL,ACTIVE,2026-03-29,2026-12-08
0.537,CONFIRMED,SUPPORTING,0.879,NONE,NORMAL,TRAIN,True,MIXED,ACTIVE,2025-12-21,2026-07-19
0.403,UNKNOWN,NEUTRAL,0.395,COLLECTIVE_ANOMALY,NORMAL,TRAIN,True,MIXED,ACTIVE,2025-12-09,2026-04-22
0.145,CONFIRMED,SUPPORTING,0.912,NONE,NORMAL,TRAIN,True,MIXED,ACTIVE,2026-01-17,2026-11-08
0.315,FALSE,CONTRADICTING,0.27,LEGITIMATE_ANOMALY,NORMAL,TRAIN,True,MIXED,UNKNOWN,2025-11-11,2026-05-31
0.423,FALSE,CONTRADICTING,0.147,NONE,NORMAL,TRAIN,True,MIXED,ACTIVE,2025-09-15,2026-05-19
0.343,UNKNOWN,NEUTRAL,0.33,NONE,NORMAL,TRAIN,True,MIXED,INACTIVE,2026-02-10,2026-04-12
0.088,SUSPECTED,SUPPORTING,0.647,NONE,NORMAL,TRAIN,True,MIXED,ACTIVE,2025-12-18,2026-07-27
0.236,UNKNOWN,NEUTRAL,0.341,NONE,NORMAL,TRAIN,True,MIXED,INACTIVE,2025-10-18,2026-03-09
0.69,UNKNOWN,NEUTRAL,0.3,NONE,NORMAL,TRAIN,True,MIXED,UNKNOWN,2026-03-21,2026-08-01
0.765,FALSE,CONTRADICTING,0.233,NONE,NORMAL,TRAIN,True,MIXED,ACTIVE,2026-02-28,2026-11-11
0.601,UNKNOWN,NEUTRAL,0.496,NONE,NORMAL,TRAIN,True,MIXED,ACTIVE,2025-09-13,2026-05-24
0.478,CONFIRMED,SUPPORTING,0.954,NONE,NORMAL,TRAIN,True,MIXED,INACTIVE,2026-01-11,2026-04-08
0.636,CONFIRMED,SUPPORTING,0.905,NONE,NORMAL,TRAIN,True,MIXED,ACTIVE,2025-11-16,2026-07-15
0.452,CONFIRMED,SUPPORTING,0.851,CONTEXTUAL_ANOMALY,NORMAL,TRAIN,True,MIXED,ACTIVE,2025-09-15,2026-06-01
0.332,FALSE,CONTRADICTING,0.266,NONE,NORMAL,TRAIN,True,MIXED,INACTIVE,2025-12-07,2026-05-10
0.67,CONFIRMED,SUPPORTING,0.963,NONE,NORMAL,TRAIN,True,MIXED,ACTIVE,2025-11-17,2026-09-06
0.225,CONFIRMED,SUPPORTING,0.903,NONE,NORMAL,TRAIN,True,MIXED,ACTIVE,2026-02-20,2026-08-09
0.42,CONFIRMED,SUPPORTING,0.915,NONE,NORMAL,TRAIN,True,MIXED,ACTIVE,2026-03-20,2026-08-06
0.412,CONFIRMED,SUPPORTING,0.952,NONE,NORMAL,TRAIN,True,MIXED,ACTIVE,2025-11-27,2026-06-17
0.322,SUSPECTED,SUPPORTING,0.789,NONE,NORMAL,TRAIN,True,MIXED,UNKNOWN,2025-12-02,2026-04-03
0.128,UNKNOWN,NEUTRAL,0.537,NONE,NORMAL,TRAIN,True,MIXED,ACTIVE,2025-11-20,2026-05-01
0.425,CONFIRMED,SUPPORTING,0.825,NONE,NORMAL,TRAIN,True,MIXED,ACTIVE,2026-05-18,2026-09-13
0.293,SUSPECTED,SUPPORTING,0.7,NONE,NORMAL,TRAIN,True,MIXED,ACTIVE,2026-05-21,2026-12-13
0.752,CONFIRMED,SUPPORTING,0.926,NONE,NORMAL,TRAIN,True,MIXED,ACTIVE,2026-05-08,2026-12-19
0.565,CONFIRMED,SUPPORTING,0.832,NONE,NORMAL,TRAIN,True,MIXED,ACTIVE,2026-04-04,2026-10-04
0.123,UNKNOWN,NEUTRAL,0.278,NONE,NORMAL,TRAIN,True,LEGITIMATE,ACTIVE,2026-04-18,2026-08-19
0.408,UNKNOWN,NEUTRAL,0.302,NONE,NORMAL,TRAIN,True,LEGITIMATE,ACTIVE,2025-10-07,2026-02-24
0.641,UNKNOWN,NEUTRAL,0.492,NONE,NORMAL,TRAIN,True,LEGITIMATE,ACTIVE,2026-02-15,2026-12-23
0.644,FALSE,CONTRADICTING,0.176,NONE,NORMAL,TRAIN,True,LEGITIMATE,UNKNOWN,2026-05-19,2026-10-07
0.297,FALSE,CONTRADICTING,0.336,NONE,NORMAL,TRAIN,True,LEGITIMATE,ACTIVE,2025-12-25,2026-04-28
0.139,FALSE,CONTRADICTING,0.41,NONE,NORMAL,VALIDATION,True,LEGITIMATE,UNKNOWN,2025-12-03,2026-02-27
0.533,FALSE,CONTRADICTING,0.393,NONE,NORMAL,VALIDATION,True,LEGITIMATE,INACTIVE,2025-12-02,2026-03-04
0.585,UNKNOWN,NEUTRAL,0.296,COLLECTIVE_ANOMALY,NORMAL,VALIDATION,True,LEGITIMATE,ACTIVE,2026-05-08,2026-10-11
0.17,SUSPECTED,SUPPORTING,0.711,NONE,NORMAL,VALIDATION,True,LEGITIMATE,UNKNOWN,2025-12-17,2026-04-14
0.361,UNKNOWN,NEUTRAL,0.474,NONE,NORMAL,VALIDATION,True,LEGITIMATE,INACTIVE,2025-10-29,2026-04-10
0.449,UNKNOWN,NEUTRAL,0.449,NONE,REVERSED_RECORD,VALIDATION,True,LEGITIMATE,ACTIVE,2025-08-01,2026-05-24
0.188,UNKNOWN,NEUTRAL,0.254,NONE,NORMAL,VALIDATION,True,LEGITIMATE,ACTIVE,2025-09-21,2026-05-08
0.452,FALSE,CONTRADICTING,0.133,NONE,NORMAL,VALIDATION,True,LEGITIMATE,ACTIVE,2025-12-23,2026-09-02
0.76,FALSE,CONTRADICTING,0.181,NONE,NORMAL,VALIDATION,True,LEGITIMATE,ACTIVE,2026-02-23,2026-09-08
0.495,UNKNOWN,NEUTRAL,0.459,NONE,NORMAL,VALIDATION,True,LEGITIMATE,ACTIVE,2025-12-29,2026-08-28
0.337,FALSE,CONTRADICTING,0.12,NONE,NORMAL,VALIDATION,True,LEGITIMATE,ACTIVE,2025-11-10,2026-08-09
0.222,UNKNOWN,NEUTRAL,0.514,NONE,MISSING_COUNTERPARTY,VALIDATION,True,LEGITIMATE,ACTIVE,2026-05-12,2026-09-02
0.774,UNKNOWN,NEUTRAL,0.435,NONE,NORMAL,VALIDATION,True,LEGITIMATE,ACTIVE,2026-05-22,2026-09-08
0.023,FALSE,CONTRADICTING,0.144,NONE,NORMAL,VALIDATION,True,LEGITIMATE,INACTIVE,2026-02-07,2026-04-25
0.474,FALSE,CONTRADICTING,0.324,NONE,NORMAL,VALIDATION,True,LEGITIMATE,INACTIVE,2025-10-21,2026-01-06
0.235,SUSPECTED,SUPPORTING,0.758,NONE,NORMAL,TEST,True,AMBIGUOUS,INACTIVE,2026-03-11,2026-07-22
0.393,SUSPECTED,SUPPORTING,0.642,NONE,NORMAL,TEST,True,AMBIGUOUS,ACTIVE,2026-04-18,2026-09-29
0.498,UNKNOWN,NEUTRAL,0.231,COLLECTIVE_ANOMALY,NORMAL,TEST,True,AMBIGUOUS,ACTIVE,2025-12-03,2026-09-06
0.632,UNKNOWN,NEUTRAL,0.542,NONE,NORMAL,TEST,True,AMBIGUOUS,UNKNOWN,2026-05-26,2026-10-13
0.348,SUSPECTED,SUPPORTING,0.69,NONE,NORMAL,TEST,True,AMBIGUOUS,ACTIVE,2025-11-01,2026-08-04
0.305,UNKNOWN,NEUTRAL,0.266,TEMPORAL_ANOMALY,NORMAL,TEST,True,AMBIGUOUS,INACTIVE,2025-09-15,2026-01-31
0.509,FALSE,CONTRADICTING,0.365,NONE,NORMAL,TEST,True,AMBIGUOUS,ACTIVE,2026-06-14,2026-11-28
0.408,SUSPECTED,SUPPORTING,0.665,NONE,NORMAL,TEST,True,AMBIGUOUS,INACTIVE,2026-04-12,2026-06-23
0.213,FALSE,CONTRADICTING,0.199,NONE,NORMAL,TEST,True,AMBIGUOUS,UNKNOWN,2026-02-12,2026-06-25
0.635,UNKNOWN,NEUTRAL,0.281,NONE,NORMAL,TEST,True,AMBIGUOUS,ACTIVE,2025-12-26,2026-05-08
0.123,SUSPECTED,SUPPORTING,0.775,NONE,NORMAL,TEST,True,AMBIGUOUS,ACTIVE,2026-03-01,2026-10-15
0.697,CONFIRMED,SUPPORTING,0.869,NONE,NORMAL,TEST,True,AMBIGUOUS,ACTIVE,2026-02-10,2026-06-15
0.821,UNKNOWN,NEUTRAL,0.217,NONE,NORMAL,TEST,True,AMBIGUOUS,UNKNOWN,2026-05-23,2026-09-23
0.454,CONFIRMED,SUPPORTING,0.87,NONE,NORMAL,TEST,True,AMBIGUOUS,INACTIVE,2026-01-21,2026-06-29
0.211,CONFIRMED,SUPPORTING,0.903,NONE,NORMAL,TEST,True,AMBIGUOUS,UNKNOWN,2025-11-29,2026-05-07
0.411,CONFIRMED,SUPPORTING,0.821,NONE,NORMAL,TRAIN,True,CRIMINAL,INACTIVE,2026-05-05,2026-07-16
0.664,SUSPECTED,SUPPORTING,0.641,NONE,NORMAL,TRAIN,True,CRIMINAL,INACTIVE,2025-08-08,2025-12-22
0.139,CONFIRMED,SUPPORTING,0.923,LEGITIMATE_ANOMALY,NORMAL,TRAIN,True,CRIMINAL,INACTIVE,2025-11-12,2026-02-17
0.361,SUSPECTED,SUPPORTING,0.619,NONE,NORMAL,TRAIN,True,CRIMINAL,INACTIVE,2025-10-27,2026-02-22
0.742,UNKNOWN,NEUTRAL,0.388,NONE,NORMAL,TRAIN,True,CRIMINAL,UNKNOWN,2026-01-07,2026-07-10
0.753,UNKNOWN,NEUTRAL,0.514,TEMPORAL_ANOMALY,NORMAL,TRAIN,True,CRIMINAL,ACTIVE,2026-04-30,2026-11-29
0.518,CONFIRMED,SUPPORTING,0.949,NONE,NORMAL,TRAIN,True,CRIMINAL,ACTIVE,2025-11-03,2026-05-25
0.162,SUSPECTED,SUPPORTING,0.715,NONE,NORMAL,TRAIN,True,CRIMINAL,INACTIVE,2025-10-11,2025-12-16
0.549,SUSPECTED,SUPPORTING,0.696,CONTEXTUAL_ANOMALY,NORMAL,TRAIN,True,CRIMINAL,ACTIVE,2026-03-18,2026-08-14
0.272,SUSPECTED,SUPPORTING,0.626,LEGITIMATE_ANOMALY,NORMAL,TRAIN,True,CRIMINAL,ACTIVE,2025-11-22,2026-06-20
0.294,SUSPECTED,SUPPORTING,0.662,NONE,NORMAL,TRAIN,True,CRIMINAL,ACTIVE,2025-10-25,2026-06-23
0.645,SUSPECTED,SUPPORTING,0.693,NONE,NORMAL,TRAIN,True,CRIMINAL,ACTIVE,2025-10-13,2026-07-17
0.358,SUSPECTED,SUPPORTING,0.777,LEGITIMATE_ANOMALY,NORMAL,TRAIN,True,CRIMINAL,ACTIVE,2026-01-30,2026-10-25
0.361,CONFIRMED,SUPPORTING,0.875,NONE,NORMAL,TRAIN,True,CRIMINAL,ACTIVE,2026-03-08,2026-09-11
0.431,CONFIRMED,SUPPORTING,0.973,LEGITIMATE_ANOMALY,NORMAL,TRAIN,True,CRIMINAL,ACTIVE,2025-11-26,2026-05-26
0.396,CONFIRMED,SUPPORTING,0.88,NONE,NORMAL,TRAIN,True,CRIMINAL,ACTIVE,2026-04-29,2026-08-22
0.594,SUSPECTED,SUPPORTING,0.782,NONE,NORMAL,TRAIN,True,CRIMINAL,ACTIVE,2026-04-30,2026-08-12
0.327,CONFIRMED,SUPPORTING,0.925,NONE,NORMAL,TRAIN,True,CRIMINAL,ACTIVE,2025-10-02,2026-04-21
0.185,SUSPECTED,SUPPORTING,0.844,NONE,NORMAL,TRAIN,True,CRIMINAL,ACTIVE,2025-12-17,2026-06-28
0.15,CONFIRMED,SUPPORTING,0.842,NONE,NORMAL,TRAIN,True,CRIMINAL,INACTIVE,2026-01-13,2026-04-16
0.93,SUSPECTED,SUPPORTING,0.817,CRIMINAL_ANOMALY,NORMAL,TRAIN,True,CRIMINAL,ACTIVE,2026-04-02,2026-11-21
0.434,FALSE,CONTRADICTING,0.181,NONE,NORMAL,TRAIN,True,CRIMINAL,ACTIVE,2025-11-26,2026-04-11
0.487,SUSPECTED,SUPPORTING,0.701,NONE,NORMAL,TRAIN,True,CRIMINAL,ACTIVE,2025-12-23,2026-07-17
0.431,CONFIRMED,SUPPORTING,0.965,NONE,NORMAL,TRAIN,True,CRIMINAL,ACTIVE,2026-03-04,2026-07-22
0.44,SUSPECTED,SUPPORTING,0.597,NONE,NORMAL,TRAIN,True,CRIMINAL,ACTIVE,2026-05-31,2026-12-27
0.565,CONFIRMED,SUPPORTING,0.943,NONE,NORMAL,TRAIN,True,CRIMINAL,ACTIVE,2026-01-09,2026-09-01
0.547,SUSPECTED,SUPPORTING,0.804,NONE,NORMAL,TRAIN,True,CRIMINAL,ACTIVE,2026-01-18,2026-05-13
0.073,CONFIRMED,SUPPORTING,0.918,COLLECTIVE_ANOMALY,NORMAL,TRAIN,True,CRIMINAL,UNKNOWN,2025-12-26,2026-05-04
0.311,CONFIRMED,SUPPORTING,0.911,NONE,NORMAL,TRAIN,True,CRIMINAL,ACTIVE,2025-10-22,2026-08-03
0.517,SUSPECTED,SUPPORTING,0.841,NONE,NORMAL,TRAIN,True,CRIMINAL,ACTIVE,2026-04-02,2026-08-24
0.009,SUSPECTED,SUPPORTING,0.856,NONE,NORMAL,TRAIN,True,CRIMINAL,ACTIVE,2025-11-02,2026-06-09
0.679,UNKNOWN,NEUTRAL,0.27,NONE,NORMAL,TRAIN,True,CRIMINAL,UNKNOWN,2025-11-01,2026-06-06
0.399,CONFIRMED,SUPPORTING,0.945,NONE,NORMAL,TRAIN,True,CRIMINAL,ACTIVE,2026-03-12,2026-07-25
0.343,SUSPECTED,SUPPORTING,0.583,NONE,REVERSED_RECORD,TRAIN,True,CRIMINAL,ACTIVE,2026-02-26,2026-08-27
0.173,UNKNOWN,NEUTRAL,0.37,NONE,NORMAL,TRAIN,True,CRIMINAL,UNKNOWN,2026-01-20,2026-05-26
0.772,SUSPECTED,SUPPORTING,0.813,NONE,NORMAL,TRAIN,True,CRIMINAL,ACTIVE,2026-04-15,2026-09-17
0.335,CONFIRMED,SUPPORTING,0.901,LEGITIMATE_ANOMALY,NORMAL,TRAIN,True,CRIMINAL,INACTIVE,2026-01-27,2026-07-13
0.739,UNKNOWN,NEUTRAL,0.221,NONE,NORMAL,TRAIN,True,CRIMINAL,ACTIVE,2025-09-30,2026-05-13
0.364,FALSE,CONTRADICTING,0.377,NONE,NORMAL,TRAIN,True,CRIMINAL,ACTIVE,2026-05-30,2026-10-29
0.349,CONFIRMED,SUPPORTING,0.9,NONE,NORMAL,TRAIN,True,CRIMINAL,UNKNOWN,2026-07-02,2026-12-04
0.676,UNKNOWN,NEUTRAL,0.338,NONE,NORMAL,TRAIN,True,MIXED,ACTIVE,2025-10-13,2026-06-07
0.189,FALSE,CONTRADICTING,0.279,CONTEXTUAL_ANOMALY,NORMAL,TRAIN,True,MIXED,ACTIVE,2025-10-14,2026-05-19
0.858,CONFIRMED,SUPPORTING,0.853,NONE,NORMAL,TRAIN,True,MIXED,ACTIVE,2026-01-21,2026-08-18
0.289,SUSPECTED,SUPPORTING,0.812,NONE,NORMAL,TRAIN,True,MIXED,UNKNOWN,2025-11-26,2026-05-26
0.518,SUSPECTED,SUPPORTING,0.785,NONE,NORMAL,TRAIN,True,MIXED,ACTIVE,2025-11-27,2026-06-02
0.598,SUSPECTED,SUPPORTING,0.75,NONE,NORMAL,TRAIN,True,MIXED,ACTIVE,2026-01-13,2026-07-19
0.249,UNKNOWN,NEUTRAL,0.287,NONE,NORMAL,TRAIN,True,MIXED,UNKNOWN,2026-01-14,2026-08-30
0.348,UNKNOWN,NEUTRAL,0.338,NONE,REVERSED_RECORD,TRAIN,True,MIXED,UNKNOWN,2026-02-06,2026-07-04
0.639,CONFIRMED,SUPPORTING,0.914,NONE,NORMAL,TRAIN,True,MIXED,UNKNOWN,2026-02-28,2026-09-27
0.695,CONFIRMED,SUPPORTING,0.932,CRIMINAL_ANOMALY,NORMAL,TRAIN,True,MIXED,UNKNOWN,2026-05-17,2026-09-21
0.279,CONFIRMED,SUPPORTING,0.965,NONE,NORMAL,TRAIN,True,MIXED,INACTIVE,2025-10-23,2026-02-11
0.577,SUSPECTED,SUPPORTING,0.688,COLLECTIVE_ANOMALY,NORMAL,TRAIN,True,MIXED,ACTIVE,2026-02-23,2026-07-14
0.252,CONFIRMED,SUPPORTING,0.898,NONE,NORMAL,TRAIN,True,MIXED,ACTIVE,2025-11-10,2026-04-10
0.238,CONFIRMED,SUPPORTING,0.945,NONE,NORMAL,TRAIN,True,MIXED,ACTIVE,2025-11-02,2026-05-16
0.507,SUSPECTED,SUPPORTING,0.623,NONE,NORMAL,TRAIN,True,MIXED,ACTIVE,2025-12-29,2026-07-21
0.451,UNKNOWN,NEUTRAL,0.366,CONTEXTUAL_ANOMALY,NORMAL,TRAIN,True,MIXED,ACTIVE,2025-12-29,2026-09-02
0.159,UNKNOWN,NEUTRAL,0.397,COLLECTIVE_ANOMALY,NORMAL,TRAIN,True,MIXED,UNKNOWN,2026-04-21,2026-09-24
0.265,UNKNOWN,NEUTRAL,0.362,NONE,NORMAL,TRAIN,True,MIXED,ACTIVE,2026-01-09,2026-08-28
0.297,SUSPECTED,SUPPORTING,0.835,LEGITIMATE_ANOMALY,NORMAL,TRAIN,True,MIXED,ACTIVE,2025-11-27,2026-05-17
0.801,SUSPECTED,SUPPORTING,0.676,NONE,NORMAL,TRAIN,True,MIXED,ACTIVE,2025-11-14,2026-04-21
0.363,UNKNOWN,NEUTRAL,0.529,CRIMINAL_ANOMALY,NORMAL,TRAIN,True,MIXED,UNKNOWN,2025-11-16,2026-04-26
0.694,UNKNOWN,NEUTRAL,0.483,NONE,NORMAL,TRAIN,True,MIXED,ACTIVE,2026-04-23,2026-09-22
0.114,SUSPECTED,SUPPORTING,0.84,NONE,REVERSED_RECORD,TRAIN,True,MIXED,ACTIVE,2026-04-07,2026-12-01
0.322,SUSPECTED,SUPPORTING,0.784,NONE,NORMAL,TRAIN,True,MIXED,ACTIVE,2026-04-25,2026-12-23
0.143,CONFIRMED,SUPPORTING,0.83,CRIMINAL_ANOMALY,NORMAL,TRAIN,True,MIXED,INACTIVE,2026-01-16,2026-07-02
0.325,FALSE,CONTRADICTING,0.241,NONE,NORMAL,TRAIN,True,LEGITIMATE,INACTIVE,2026-01-19,2026-06-25
0.582,FALSE,CONTRADICTING,0.329,NONE,NORMAL,TRAIN,True,LEGITIMATE,ACTIVE,2025-11-04,2026-02-22
0.451,FALSE,CONTRADICTING,0.333,NONE,NORMAL,TRAIN,True,LEGITIMATE,ACTIVE,2026-03-27,2026-09-28
0.724,UNKNOWN,NEUTRAL,0.47,NONE,NORMAL,TRAIN,True,LEGITIMATE,ACTIVE,2026-02-06,2026-10-02
0.389,UNKNOWN,NEUTRAL,0.333,CONTEXTUAL_ANOMALY,NORMAL,TRAIN,True,LEGITIMATE,ACTIVE,2025-10-21,2026-05-02
0.084,FALSE,CONTRADICTING,0.323,CRIMINAL_ANOMALY,NORMAL,VALIDATION,True,LEGITIMATE,INACTIVE,2025-09-05,2026-01-03
0.738,UNKNOWN,NEUTRAL,0.231,CONTEXTUAL_ANOMALY,NORMAL,VALIDATION,True,LEGITIMATE,UNKNOWN,2026-01-30,2026-07-20
0.613,UNKNOWN,NEUTRAL,0.505,NONE,NORMAL,VALIDATION,True,LEGITIMATE,ACTIVE,2026-06-14,2026-12-22
0.352,SUSPECTED,SUPPORTING,0.625,CONTEXTUAL_ANOMALY,NORMAL,VALIDATION,True,LEGITIMATE,UNKNOWN,2025-11-21,2026-03-19
0.842,FALSE,CONTRADICTING,0.335,NONE,NORMAL,VALIDATION,True,LEGITIMATE,ACTIVE,2025-12-06,2026-07-19
0.668,CONFIRMED,SUPPORTING,0.924,NONE,NORMAL,VALIDATION,True,LEGITIMATE,UNKNOWN,2025-09-29,2026-02-11
0.234,FALSE,CONTRADICTING,0.402,NONE,NORMAL,VALIDATION,True,LEGITIMATE,ACTIVE,2025-09-15,2026-03-29
0.386,FALSE,CONTRADICTING,0.293,NONE,NORMAL,VALIDATION,True,LEGITIMATE,ACTIVE,2025-12-30,2026-07-11
0.303,FALSE,CONTRADICTING,0.272,NONE,NORMAL,VALIDATION,True,LEGITIMATE,ACTIVE,2026-02-04,2026-07-22
0.64,FALSE,CONTRADICTING,0.184,NONE,NORMAL,VALIDATION,True,LEGITIMATE,ACTIVE,2026-01-03,2026-07-28
0.082,UNKNOWN,NEUTRAL,0.326,NONE,NORMAL,VALIDATION,True,LEGITIMATE,ACTIVE,2026-01-19,2026-07-01
0.841,FALSE,CONTRADICTING,0.249,COLLECTIVE_ANOMALY,NORMAL,VALIDATION,True,LEGITIMATE,UNKNOWN,2026-04-11,2026-09-23
0.796,UNKNOWN,NEUTRAL,0.252,NONE,NORMAL,VALIDATION,True,LEGITIMATE,UNKNOWN,2026-03-20,2026-08-15
0.441,UNKNOWN,NEUTRAL,0.428,NONE,NORMAL,VALIDATION,True,LEGITIMATE,ACTIVE,2026-02-11,2026-07-13
0.566,UNKNOWN,NEUTRAL,0.245,NONE,NORMAL,VALIDATION,True,LEGITIMATE,ACTIVE,2025-09-09,2026-05-04
0.457,UNKNOWN,NEUTRAL,0.535,NONE,NORMAL,TEST,True,AMBIGUOUS,UNKNOWN,2026-06-23,2026-11-09
0.33,FALSE,CONTRADICTING,0.324,NONE,NORMAL,TEST,True,AMBIGUOUS,ACTIVE,2026-05-26,2026-10-18
0.593,UNKNOWN,NEUTRAL,0.496,NONE,NORMAL,TEST,True,AMBIGUOUS,ACTIVE,2026-01-30,2026-07-18
0.114,FALSE,CONTRADICTING,0.123,TEMPORAL_ANOMALY,NORMAL,TEST,True,AMBIGUOUS,ACTIVE,2026-05-10,2026-08-26
0.341,FALSE,CONTRADICTING,0.225,NONE,NORMAL,TEST,True,AMBIGUOUS,ACTIVE,2025-11-07,2026-06-09
0.719,UNKNOWN,NEUTRAL,0.281,NONE,NORMAL,TEST,True,AMBIGUOUS,ACTIVE,2025-10-10,2026-06-28
0.128,FALSE,CONTRADICTING,0.248,NONE,NORMAL,TEST,True,AMBIGUOUS,ACTIVE,2026-04-27,2026-12-29
0.596,SUSPECTED,SUPPORTING,0.809,NONE,NORMAL,TEST,True,AMBIGUOUS,ACTIVE,2026-04-25,2026-12-02
0.286,SUSPECTED,SUPPORTING,0.665,NONE,NORMAL,TEST,True,AMBIGUOUS,ACTIVE,2026-02-03,2026-05-16
0.177,UNKNOWN,NEUTRAL,0.524,NONE,NORMAL,TEST,True,AMBIGUOUS,INACTIVE,2025-09-03,2026-01-25
0.524,UNKNOWN,NEUTRAL,0.508,NONE,NORMAL,TEST,True,AMBIGUOUS,ACTIVE,2026-06-05,2026-10-26
0.292,CONFIRMED,SUPPORTING,0.859,NONE,NORMAL,TEST,True,AMBIGUOUS,ACTIVE,2026-01-18,2026-08-30
0.486,UNKNOWN,NEUTRAL,0.369,NONE,NORMAL,TEST,True,AMBIGUOUS,ACTIVE,2026-05-08,2026-10-02
0.58,FALSE,CONTRADICTING,0.156,CONTEXTUAL_ANOMALY,NORMAL,TEST,True,AMBIGUOUS,INACTIVE,2026-05-08,2026-07-07
0.455,UNKNOWN,NEUTRAL,0.208,NONE,NORMAL,TEST,True,AMBIGUOUS,ACTIVE,2025-09-11,2026-05-14
0.506,CONFIRMED,SUPPORTING,0.847,NONE,NORMAL,TRAIN,True,CRIMINAL,ACTIVE,2026-01-28,2026-08-05
0.11,SUSPECTED,SUPPORTING,0.773,NONE,NORMAL,TRAIN,True,CRIMINAL,ACTIVE,2026-03-10,2026-08-22
0.329,SUSPECTED,SUPPORTING,0.745,LEGITIMATE_ANOMALY,NORMAL,VALIDATION,True,LEGITIMATE,ACTIVE,2026-06-25,2026-10-09
0.332,FALSE,CONTRADICTING,0.15,NONE,NORMAL,TRAIN,True,CRIMINAL,ACTIVE,2026-01-06,2026-04-26
0.609,UNKNOWN,NEUTRAL,0.325,NONE,NORMAL,TRAIN,True,LEGITIMATE,ACTIVE,2026-03-09,2026-07-19
0.852,CONFIRMED,SUPPORTING,0.97,NONE,NORMAL,TEST,True,AMBIGUOUS,ACTIVE,2026-02-22,2026-07-30
0.47,SUSPECTED,SUPPORTING,0.859,NONE,NORMAL,TRAIN,True,CRIMINAL,ACTIVE,2026-04-01,2026-07-15
0.86,UNKNOWN,NEUTRAL,0.239,NONE,NORMAL,TRAIN,True,CRIMINAL,ACTIVE,2025-11-07,2026-04-06
0.114,UNKNOWN,NEUTRAL,0.203,LEGITIMATE_ANOMALY,NORMAL,TRAIN,True,CRIMINAL,ACTIVE,2025-12-31,2026-06-22
0.377,CONFIRMED,SUPPORTING,0.933,NONE,NORMAL,TRAIN,True,MIXED,ACTIVE,2026-01-08,2026-05-10
0.399,SUSPECTED,SUPPORTING,0.719,NONE,NORMAL,TRAIN,True,CRIMINAL,ACTIVE,2026-06-19,2026-08-31
0.43,SUSPECTED,SUPPORTING,0.639,NONE,NORMAL,TRAIN,True,MIXED,ACTIVE,2025-10-20,2026-04-21
0.552,SUSPECTED,SUPPORTING,0.745,TEMPORAL_ANOMALY,NORMAL,TRAIN,True,MIXED,ACTIVE,2026-03-25,2026-08-07
0.673,UNKNOWN,NEUTRAL,0.297,NONE,NORMAL,VALIDATION,True,LEGITIMATE,ACTIVE,2026-03-28,2026-05-27
0.122,FALSE,CONTRADICTING,0.284,NONE,NORMAL,VALIDATION,True,LEGITIMATE,ACTIVE,2026-05-04,2026-07-08
0.36,SUSPECTED,SUPPORTING,0.81,NONE,NORMAL,TRAIN,True,CRIMINAL,ACTIVE,2025-09-11,2026-03-31
0.531,CONFIRMED,SUPPORTING,0.954,NONE,NORMAL,VALIDATION,True,LEGITIMATE,ACTIVE,2026-01-23,2026-04-04
0.377,FALSE,CONTRADICTING,0.31,NONE,NORMAL,TRAIN,True,LEGITIMATE,ACTIVE,2026-05-06,2026-07-08
0.582,UNKNOWN,NEUTRAL,0.287,NONE,NORMAL,TEST,True,AMBIGUOUS,ACTIVE,2026-06-12,2026-10-27
0.391,SUSPECTED,SUPPORTING,0.695,NONE,NORMAL,TRAIN,True,CRIMINAL,ACTIVE,2026-03-14,2026-05-09
0.645,CONFIRMED,SUPPORTING,0.92,NONE,NORMAL,TEST,True,AMBIGUOUS,ACTIVE,2026-05-14,2026-10-11
0.12,CONFIRMED,SUPPORTING,0.911,CRIMINAL_ANOMALY,NORMAL,TRAIN,True,CRIMINAL,ACTIVE,2026-05-07,2026-09-23
0.344,FALSE,CONTRADICTING,0.214,NONE,NORMAL,TRAIN,True,CRIMINAL,ACTIVE,2026-04-24,2026-10-31
0.689,FALSE,CONTRADICTING,0.36,CONTEXTUAL_ANOMALY,NORMAL,TRAIN,True,CRIMINAL,ACTIVE,2026-05-30,2026-10-01
0.186,SUSPECTED,SUPPORTING,0.628,NONE,FORMATTING_VARIATION,TRAIN,True,CRIMINAL,ACTIVE,2026-05-09,2026-08-24
0.42,SUSPECTED,SUPPORTING,0.839,NONE,NORMAL,TRAIN,True,MIXED,ACTIVE,2026-06-10,2026-09-25
0.589,CONFIRMED,SUPPORTING,0.839,NONE,NORMAL,VALIDATION,True,LEGITIMATE,ACTIVE,2026-06-30,2026-11-04
0.759,SUSPECTED,SUPPORTING,0.66,NONE,NORMAL,TRAIN,True,CRIMINAL,ACTIVE,2026-02-03,2026-06-05
0.417,CONFIRMED,SUPPORTING,0.918,NONE,NORMAL,TRAIN,True,MIXED,ACTIVE,2026-01-17,2026-04-29
0.721,UNKNOWN,NEUTRAL,0.393,NONE,NORMAL,TRAIN,True,CRIMINAL,ACTIVE,2026-03-17,2026-08-15
0.507,SUSPECTED,SUPPORTING,0.716,NONE,NORMAL,TRAIN,True,CRIMINAL,ACTIVE,2026-04-16,2026-08-31
0.117,FALSE,CONTRADICTING,0.239,NONE,NORMAL,TRAIN,True,CRIMINAL,ACTIVE,2025-10-12,2026-01-27
0.448,UNKNOWN,NEUTRAL,0.332,NONE,NORMAL,TRAIN,True,MIXED,ACTIVE,2026-05-21,2026-08-24
0.473,SUSPECTED,SUPPORTING,0.606,NONE,FORMATTING_VARIATION,TEST,True,AMBIGUOUS,ACTIVE,2026-01-25,2026-04-23
0.56,FALSE,CONTRADICTING,0.343,NONE,NORMAL,TRAIN,True,MIXED,ACTIVE,2026-05-23,2026-06-29
0.145,UNKNOWN,NEUTRAL,0.221,NONE,NORMAL,TRAIN,True,CRIMINAL,ACTIVE,2026-03-15,2026-06-30
0.443,UNKNOWN,NEUTRAL,0.308,NONE,NORMAL,TEST,True,AMBIGUOUS,ACTIVE,2025-12-31,2026-05-04
0.598,UNKNOWN,NEUTRAL,0.466,NONE,NORMAL,TRAIN,True,MIXED,ACTIVE,2025-12-04,2026-04-04
0.663,CONFIRMED,SUPPORTING,0.893,NONE,NORMAL,TRAIN,True,MIXED,ACTIVE,2026-02-03,2026-03-23
0.518,SUSPECTED,SUPPORTING,0.745,NONE,NORMAL,TRAIN,True,MIXED,ACTIVE,2026-01-09,2026-06-23
0.082,FALSE,CONTRADICTING,0.302,CRIMINAL_ANOMALY,NORMAL,VALIDATION,True,LEGITIMATE,ACTIVE,2026-07-03,2026-09-21
0.697,SUSPECTED,SUPPORTING,0.648,NONE,NORMAL,TRAIN,True,CRIMINAL,ACTIVE,2026-02-08,2026-07-08
0.282,CONFIRMED,SUPPORTING,0.971,NONE,NORMAL,TRAIN,True,CRIMINAL,ACTIVE,2026-01-24,2026-03-11
0.239,UNKNOWN,NEUTRAL,0.345,TEMPORAL_ANOMALY,NORMAL,TRAIN,True,LEGITIMATE,ACTIVE,2026-01-23,2026-07-03
0.677,UNKNOWN,NEUTRAL,0.223,CRIMINAL_ANOMALY,NORMAL,VALIDATION,True,LEGITIMATE,ACTIVE,2026-02-20,2026-08-24
0.491,SUSPECTED,SUPPORTING,0.816,NONE,NORMAL,VALIDATION,True,LEGITIMATE,ACTIVE,2026-07-08,2026-11-06
0.581,UNKNOWN,NEUTRAL,0.3,CRIMINAL_ANOMALY,NORMAL,TRAIN,True,CRIMINAL,ACTIVE,2025-11-08,2026-02-05
0.695,UNKNOWN,NEUTRAL,0.261,NONE,NORMAL,TRAIN,True,CRIMINAL,ACTIVE,2025-11-25,2026-04-18
0.46,UNKNOWN,NEUTRAL,0.469,NONE,NORMAL,TRAIN,True,MIXED,ACTIVE,2026-06-18,2026-10-12
0.433,SUSPECTED,SUPPORTING,0.768,NONE,NORMAL,TRAIN,True,CRIMINAL,ACTIVE,2026-03-11,2026-04-23
0.78,SUSPECTED,SUPPORTING,0.836,NONE,NORMAL,TRAIN,True,CRIMINAL,ACTIVE,2026-03-14,2026-06-23
0.799,CONFIRMED,SUPPORTING,0.858,NONE,REVERSED_RECORD,TRAIN,True,MIXED,ACTIVE,2026-01-09,2026-06-10
0.669,SUSPECTED,SUPPORTING,0.793,NONE,NORMAL,VALIDATION,True,LEGITIMATE,ACTIVE,2026-03-14,2026-06-18
0.486,UNKNOWN,NEUTRAL,0.461,LEGITIMATE_ANOMALY,NORMAL,VALIDATION,True,LEGITIMATE,ACTIVE,2026-07-25,2026-09-14
0.207,CONFIRMED,SUPPORTING,0.828,NONE,NORMAL,TRAIN,True,CRIMINAL,ACTIVE,2026-01-17,2026-04-24
0.412,SUSPECTED,SUPPORTING,0.653,NONE,DUPLICATE,TRAIN,True,MIXED,ACTIVE,2026-02-21,2026-07-23
0.315,SUSPECTED,SUPPORTING,0.775,NONE,NORMAL,VALIDATION,True,LEGITIMATE,ACTIVE,2026-05-26,2026-10-07
0.627,UNKNOWN,NEUTRAL,0.313,NONE,NORMAL,TRAIN,True,LEGITIMATE,ACTIVE,2026-01-01,2026-03-27
0.225,UNKNOWN,NEUTRAL,0.444,NONE,NORMAL,TRAIN,True,MIXED,ACTIVE,2025-12-25,2026-03-01
0.726,UNKNOWN,NEUTRAL,0.36,NONE,NORMAL,TEST,True,AMBIGUOUS,ACTIVE,2026-04-24,2026-09-01
0.305,FALSE,CONTRADICTING,0.239,NONE,NORMAL,TRAIN,True,LEGITIMATE,ACTIVE,2026-03-31,2026-09-01
0.353,CONFIRMED,SUPPORTING,0.894,NONE,NORMAL,TRAIN,True,CRIMINAL,ACTIVE,2025-10-20,2026-02-06
0.196,CONFIRMED,SUPPORTING,0.855,NONE,NORMAL,TRAIN,True,CRIMINAL,ACTIVE,2026-06-03,2026-08-19
0.769,FALSE,CONTRADICTING,0.22,NONE,NORMAL,VALIDATION,True,LEGITIMATE,ACTIVE,2026-01-06,2026-06-06
0.496,SUSPECTED,SUPPORTING,0.602,NONE,NORMAL,TRAIN,True,CRIMINAL,ACTIVE,2026-02-08,2026-03-26
0.688,CONFIRMED,SUPPORTING,0.835,NONE,NORMAL,TRAIN,True,LEGITIMATE,ACTIVE,2026-01-01,2026-07-10
0.419,CONFIRMED,SUPPORTING,0.844,CRIMINAL_ANOMALY,NORMAL,TRAIN,True,CRIMINAL,ACTIVE,2025-11-27,2026-03-21
0.394,UNKNOWN,NEUTRAL,0.328,LEGITIMATE_ANOMALY,NORMAL,TRAIN,True,MIXED,ACTIVE,2026-01-18,2026-04-20
0.796,FALSE,CONTRADICTING,0.152,NONE,NORMAL,TEST,True,AMBIGUOUS,ACTIVE,2025-12-04,2026-03-03
0.523,CONFIRMED,SUPPORTING,0.899,NONE,MISSING_COUNTERPARTY,TEST,True,AMBIGUOUS,ACTIVE,2026-03-02,2026-05-26
0.304,FALSE,CONTRADICTING,0.26,NONE,NORMAL,TRAIN,True,CRIMINAL,ACTIVE,2025-12-03,2026-01-24
0.063,SUSPECTED,SUPPORTING,0.595,CRIMINAL_ANOMALY,NORMAL,TRAIN,True,CRIMINAL,ACTIVE,2026-03-19,2026-07-29
0.587,FALSE,CONTRADICTING,0.368,NONE,NORMAL,TRAIN,True,MIXED,ACTIVE,2026-05-19,2026-08-01
0.052,SUSPECTED,SUPPORTING,0.835,NONE,NORMAL,TRAIN,True,MIXED,ACTIVE,2026-01-30,2026-06-04
0.543,UNKNOWN,NEUTRAL,0.237,NONE,MISSING_COUNTERPARTY,TRAIN,True,MIXED,ACTIVE,2025-12-16,2026-06-04
0.215,UNKNOWN,NEUTRAL,0.379,NONE,NORMAL,TRAIN,True,CRIMINAL,ACTIVE,2026-02-15,2026-05-01
0.39,CONFIRMED,SUPPORTING,0.954,NONE,NORMAL,TRAIN,True,CRIMINAL,ACTIVE,2025-11-15,2026-04-08
0.158,FALSE,CONTRADICTING,0.245,COLLECTIVE_ANOMALY,NORMAL,TRAIN,True,MIXED,ACTIVE,2026-05-10,2026-10-20
0.761,SUSPECTED,SUPPORTING,0.82,LEGITIMATE_ANOMALY,NORMAL,VALIDATION,True,LEGITIMATE,ACTIVE,2025-12-24,2026-05-12
0.422,CONFIRMED,SUPPORTING,0.893,CONTEXTUAL_ANOMALY,NORMAL,VALIDATION,True,LEGITIMATE,ACTIVE,2025-10-18,2026-04-04
0.35,UNKNOWN,NEUTRAL,0.53,NONE,NORMAL,VALIDATION,True,LEGITIMATE,ACTIVE,2026-05-07,2026-07-15
0.659,SUSPECTED,SUPPORTING,0.84,NONE,NORMAL,TEST,True,AMBIGUOUS,ACTIVE,2026-05-03,2026-06-30
0.613,CONFIRMED,SUPPORTING,0.951,TEMPORAL_ANOMALY,NORMAL,TRAIN,True,MIXED,ACTIVE,2026-01-06,2026-04-06
0.519,SUSPECTED,SUPPORTING,0.672,NONE,NORMAL,TRAIN,True,CRIMINAL,ACTIVE,2026-04-09,2026-09-30
0.254,SUSPECTED,SUPPORTING,0.831,NONE,NORMAL,TRAIN,True,MIXED,ACTIVE,2026-01-23,2026-07-23
0.489,FALSE,CONTRADICTING,0.126,NONE,NORMAL,TRAIN,True,LEGITIMATE,ACTIVE,2025-12-12,2026-04-25
0.504,CONFIRMED,SUPPORTING,0.934,NONE,NORMAL,TRAIN,True,CRIMINAL,ACTIVE,2026-06-21,2026-10-09
0.222,CONFIRMED,SUPPORTING,0.947,NONE,NORMAL,TRAIN,True,CRIMINAL,ACTIVE,2025-11-30,2026-02-16
0.615,UNKNOWN,NEUTRAL,0.502,NONE,NORMAL,VALIDATION,True,LEGITIMATE,ACTIVE,2025-11-20,2026-03-06
0.551,SUSPECTED,SUPPORTING,0.77,NONE,NORMAL,TRAIN,True,CRIMINAL,ACTIVE,2026-01-29,2026-06-04
0.247,CONFIRMED,SUPPORTING,0.919,NONE,NORMAL,TEST,True,AMBIGUOUS,ACTIVE,2025-12-22,2026-02-23
0.583,CONFIRMED,SUPPORTING,0.943,NONE,NORMAL,TRAIN,True,CRIMINAL,ACTIVE,2025-10-24,2026-04-29
0.808,FALSE,CONTRADICTING,0.222,NONE,NORMAL,VALIDATION,True,LEGITIMATE,ACTIVE,2026-04-21,2026-09-22
0.191,SUSPECTED,SUPPORTING,0.627,NONE,NORMAL,TRAIN,True,CRIMINAL,ACTIVE,2026-02-08,2026-03-08
0.657,CONFIRMED,SUPPORTING,0.896,CRIMINAL_ANOMALY,NORMAL,TRAIN,True,MIXED,ACTIVE,2025-12-06,2026-05-02
0.616,CONFIRMED,SUPPORTING,0.885,NONE,NORMAL,TRAIN,True,CRIMINAL,ACTIVE,2025-12-28,2026-04-14
0.108,CONFIRMED,SUPPORTING,0.929,TEMPORAL_ANOMALY,NORMAL,TRAIN,True,CRIMINAL,ACTIVE,2026-03-07,2026-08-21
0.714,FALSE,CONTRADICTING,0.301,NONE,NORMAL,VALIDATION,True,LEGITIMATE,ACTIVE,2026-04-30,2026-10-06
0.378,SUSPECTED,SUPPORTING,0.83,NONE,NORMAL,TRAIN,True,CRIMINAL,ACTIVE,2026-05-13,2026-09-03
0.614,CONFIRMED,SUPPORTING,0.892,LEGITIMATE_ANOMALY,NORMAL,TRAIN,True,CRIMINAL,ACTIVE,2025-11-22,2026-03-29
0.566,UNKNOWN,NEUTRAL,0.4,NONE,NORMAL,TRAIN,True,CRIMINAL,ACTIVE,2026-04-03,2026-06-06
0.63,CONFIRMED,SUPPORTING,0.857,NONE,FORMATTING_VARIATION,TRAIN,True,CRIMINAL,ACTIVE,2025-11-23,2026-04-15
0.361,SUSPECTED,SUPPORTING,0.814,LEGITIMATE_ANOMALY,NORMAL,VALIDATION,True,LEGITIMATE,ACTIVE,2025-10-19,2026-04-07
0.128,SUSPECTED,SUPPORTING,0.678,NONE,NORMAL,VALIDATION,True,LEGITIMATE,ACTIVE,2026-05-23,2026-10-30
0.794,FALSE,CONTRADICTING,0.256,NONE,NORMAL,TRAIN,True,MIXED,ACTIVE,2025-10-14,2026-02-19
0.484,SUSPECTED,SUPPORTING,0.762,NONE,NORMAL,TRAIN,True,CRIMINAL,ACTIVE,2026-03-09,2026-09-20
0.271,UNKNOWN,NEUTRAL,0.452,CRIMINAL_ANOMALY,NORMAL,VALIDATION,True,LEGITIMATE,ACTIVE,2025-12-21,2026-04-11
0.369,FALSE,CONTRADICTING,0.41,TEMPORAL_ANOMALY,NORMAL,TRAIN,True,CRIMINAL,ACTIVE,2026-04-12,2026-10-07
0.578,CONFIRMED,SUPPORTING,0.948,NONE,NORMAL,TRAIN,True,LEGITIMATE,ACTIVE,2026-03-21,2026-04-18
0.43,SUSPECTED,SUPPORTING,0.598,NONE,NORMAL,TRAIN,True,MIXED,ACTIVE,2026-03-03,2026-04-20
0.613,SUSPECTED,SUPPORTING,0.836,NONE,NORMAL,TEST,True,AMBIGUOUS,ACTIVE,2026-06-25,2026-08-26
0.917,UNKNOWN,NEUTRAL,0.499,NONE,NORMAL,VALIDATION,True,LEGITIMATE,ACTIVE,2026-01-24,2026-04-18
0.231,FALSE,CONTRADICTING,0.4,NONE,NORMAL,VALIDATION,True,LEGITIMATE,ACTIVE,2026-01-27,2026-05-22
0.18,SUSPECTED,SUPPORTING,0.679,NONE,NORMAL,TRAIN,True,CRIMINAL,ACTIVE,2026-04-08,2026-10-14
0.143,CONFIRMED,SUPPORTING,0.946,NONE,NORMAL,TRAIN,True,MIXED,ACTIVE,2025-10-14,2026-02-18
0.146,UNKNOWN,NEUTRAL,0.346,NONE,NORMAL,TRAIN,True,MIXED,ACTIVE,2025-09-23,2026-03-03
0.393,SUSPECTED,SUPPORTING,0.764,LEGITIMATE_ANOMALY,NORMAL,TRAIN,True,MIXED,ACTIVE,2026-05-10,2026-07-13
0.261,UNKNOWN,NEUTRAL,0.221,NONE,NORMAL,TRAIN,True,MIXED,ACTIVE,2026-02-06,2026-05-19
0.431,FALSE,CONTRADICTING,0.14,NONE,NORMAL,TRAIN,True,LEGITIMATE,ACTIVE,2026-01-19,2026-07-28
0.272,FALSE,CONTRADICTING,0.325,NONE,NORMAL,TRAIN,True,CRIMINAL,ACTIVE,2025-10-20,2026-04-14
0.558,SUSPECTED,SUPPORTING,0.797,NONE,NORMAL,TRAIN,True,LEGITIMATE,ACTIVE,2026-04-20,2026-08-05
0.21,SUSPECTED,SUPPORTING,0.859,NONE,NORMAL,TEST,True,AMBIGUOUS,ACTIVE,2026-01-22,2026-07-02
0.672,UNKNOWN,NEUTRAL,0.424,LEGITIMATE_ANOMALY,NORMAL,TRAIN,True,CRIMINAL,ACTIVE,2026-02-14,2026-07-15
0.134,SUSPECTED,SUPPORTING,0.628,NONE,NORMAL,TRAIN,True,MIXED,ACTIVE,2026-03-09,2026-08-21
0.312,FALSE,CONTRADICTING,0.133,CONTEXTUAL_ANOMALY,NORMAL,VALIDATION,True,LEGITIMATE,ACTIVE,2026-01-15,2026-07-21
0.208,UNKNOWN,NEUTRAL,0.387,NONE,NORMAL,VALIDATION,True,LEGITIMATE,ACTIVE,2025-11-18,2026-03-21
0.64,UNKNOWN,NEUTRAL,0.441,NONE,REVERSED_RECORD,TRAIN,True,MIXED,ACTIVE,2026-04-14,2026-07-17
0.235,FALSE,CONTRADICTING,0.171,NONE,NORMAL,VALIDATION,True,LEGITIMATE,ACTIVE,2026-02-28,2026-05-27
0.229,FALSE,CONTRADICTING,0.266,NONE,NORMAL,TRAIN,True,MIXED,ACTIVE,2025-10-19,2026-04-03
0.197,FALSE,CONTRADICTING,0.348,NONE,NORMAL,TRAIN,True,MIXED,ACTIVE,2026-04-16,2026-09-10
0.564,CONFIRMED,SUPPORTING,0.839,NONE,NORMAL,TRAIN,True,CRIMINAL,ACTIVE,2026-01-19,2026-05-05
0.176,CONFIRMED,SUPPORTING,0.901,NONE,NORMAL,TRAIN,True,CRIMINAL,ACTIVE,2026-02-20,2026-05-10
0.871,UNKNOWN,NEUTRAL,0.36,NONE,NORMAL,TRAIN,True,MIXED,ACTIVE,2025-10-29,2026-03-26
0.376,CONFIRMED,SUPPORTING,0.912,TEMPORAL_ANOMALY,NORMAL,TRAIN,True,MIXED,ACTIVE,2026-04-20,2026-07-04
0.437,SUSPECTED,SUPPORTING,0.631,NONE,NORMAL,TRAIN,True,MIXED,ACTIVE,2026-03-31,2026-08-02
0.043,SUSPECTED,SUPPORTING,0.652,CONTEXTUAL_ANOMALY,NORMAL,TRAIN,True,MIXED,ACTIVE,2026-07-24,2026-09-10
0.332,UNKNOWN,NEUTRAL,0.219,NONE,NORMAL,TRAIN,True,CRIMINAL,ACTIVE,2026-04-06,2026-07-03
0.634,SUSPECTED,SUPPORTING,0.717,NONE,NORMAL,TRAIN,True,CRIMINAL,ACTIVE,2026-01-29,2026-03-27
0.308,UNKNOWN,NEUTRAL,0.323,NONE,NORMAL,VALIDATION,True,LEGITIMATE,ACTIVE,2026-01-26,2026-03-21
0.109,SUSPECTED,SUPPORTING,0.676,NONE,NORMAL,TRAIN,True,MIXED,ACTIVE,2025-10-30,2026-01-29
0.592,UNKNOWN,NEUTRAL,0.507,NONE,NORMAL,TEST,True,AMBIGUOUS,ACTIVE,2026-03-15,2026-07-14
0.315,UNKNOWN,NEUTRAL,0.254,TEMPORAL_ANOMALY,NORMAL,TRAIN,True,MIXED,ACTIVE,2026-05-07,2026-07-18
0.233,CONFIRMED,SUPPORTING,0.937,NONE,NORMAL,TRAIN,True,MIXED,ACTIVE,2026-04-24,2026-08-16
0.463,UNKNOWN,NEUTRAL,0.443,NONE,NORMAL,TRAIN,True,CRIMINAL,ACTIVE,2026-01-26,2026-05-05
0.543,CONFIRMED,SUPPORTING,0.858,NONE,REVERSED_RECORD,TRAIN,True,CRIMINAL,ACTIVE,2026-02-26,2026-08-11
0.737,UNKNOWN,NEUTRAL,0.226,NONE,NORMAL,TEST,True,AMBIGUOUS,ACTIVE,2026-02-24,2026-06-09
0.146,CONFIRMED,SUPPORTING,0.988,NONE,NORMAL,TRAIN,True,CRIMINAL,ACTIVE,2026-05-12,2026-10-21
0.695,SUSPECTED,SUPPORTING,0.745,TEMPORAL_ANOMALY,NORMAL,TRAIN,True,MIXED,ACTIVE,2026-04-01,2026-06-13
0.822,SUSPECTED,SUPPORTING,0.583,NONE,NORMAL,TRAIN,True,CRIMINAL,ACTIVE,2026-03-24,2026-07-08
0.504,SUSPECTED,SUPPORTING,0.671,NONE,NORMAL,TRAIN,True,CRIMINAL,ACTIVE,2025-12-18,2026-05-10
0.303,CONFIRMED,SUPPORTING,0.901,NONE,NORMAL,TRAIN,True,CRIMINAL,ACTIVE,2025-11-20,2026-03-26
0.544,CONFIRMED,SUPPORTING,0.864,CONTEXTUAL_ANOMALY,NORMAL,TRAIN,True,CRIMINAL,ACTIVE,2026-04-03,2026-09-13
0.299,CONFIRMED,SUPPORTING,0.982,LEGITIMATE_ANOMALY,NORMAL,TRAIN,True,MIXED,ACTIVE,2026-03-12,2026-07-02
0.836,CONFIRMED,SUPPORTING,0.914,NONE,NORMAL,VALIDATION,True,LEGITIMATE,ACTIVE,2026-04-15,2026-08-21
0.315,CONFIRMED,SUPPORTING,0.875,NONE,NORMAL,TRAIN,True,MIXED,ACTIVE,2026-03-20,2026-06-30
0.093,SUSPECTED,SUPPORTING,0.694,NONE,NORMAL,VALIDATION,True,LEGITIMATE,ACTIVE,2026-04-12,2026-07-21
0.293,CONFIRMED,SUPPORTING,0.828,NONE,NORMAL,TRAIN,True,CRIMINAL,ACTIVE,2025-12-02,2026-02-04
0.152,UNKNOWN,NEUTRAL,0.323,NONE,NORMAL,TRAIN,True,CRIMINAL,ACTIVE,2026-05-29,2026-07-01
0.386,UNKNOWN,NEUTRAL,0.261,NONE,MISSING_COUNTERPARTY,TEST,True,AMBIGUOUS,ACTIVE,2026-03-30,2026-06-01
0.139,SUSPECTED,SUPPORTING,0.744,NONE,NORMAL,TRAIN,True,CRIMINAL,ACTIVE,2026-03-04,2026-07-02
0.115,FALSE,CONTRADICTING,0.236,NONE,NORMAL,TRAIN,True,MIXED,ACTIVE,2026-06-15,2026-08-11
0.46,SUSPECTED,SUPPORTING,0.63,NONE,NORMAL,VALIDATION,True,LEGITIMATE,ACTIVE,2026-06-03,2026-09-28
0.675,SUSPECTED,SUPPORTING,0.823,NONE,NORMAL,TRAIN,True,MIXED,ACTIVE,2026-05-05,2026-08-13
0.374,SUSPECTED,SUPPORTING,0.855,NONE,NORMAL,TRAIN,True,MIXED,ACTIVE,2025-11-30,2026-03-31
0.473,UNKNOWN,NEUTRAL,0.443,NONE,NORMAL,TRAIN,True,MIXED,ACTIVE,2025-11-11,2026-04-13
0.7,SUSPECTED,SUPPORTING,0.702,NONE,NORMAL,TRAIN,True,CRIMINAL,ACTIVE,2026-03-19,2026-06-28
0.388,SUSPECTED,SUPPORTING,0.787,NONE,FORMATTING_VARIATION,TRAIN,True,CRIMINAL,ACTIVE,2026-06-28,2026-09-27
0.657,SUSPECTED,SUPPORTING,0.804,NONE,NORMAL,TRAIN,True,MIXED,ACTIVE,2026-01-02,2026-03-14
0.576,UNKNOWN,NEUTRAL,0.219,LEGITIMATE_ANOMALY,NORMAL,TEST,True,AMBIGUOUS,ACTIVE,2026-06-08,2026-08-11
0.3,UNKNOWN,NEUTRAL,0.485,CRIMINAL_ANOMALY,NORMAL,VALIDATION,True,LEGITIMATE,ACTIVE,2026-05-08,2026-07-22
0.217,CONFIRMED,SUPPORTING,0.938,NONE,NORMAL,TRAIN,True,MIXED,ACTIVE,2026-03-29,2026-09-29
0.679,CONFIRMED,SUPPORTING,0.862,NONE,NORMAL,TRAIN,True,CRIMINAL,ACTIVE,2026-02-27,2026-09-12
0.637,SUSPECTED,SUPPORTING,0.725,NONE,DUPLICATE,TRAIN,True,MIXED,ACTIVE,2026-01-12,2026-06-26
0.541,SUSPECTED,SUPPORTING,0.641,NONE,NORMAL,TEST,True,AMBIGUOUS,ACTIVE,2025-12-17,2026-03-10
0.548,CONFIRMED,SUPPORTING,0.871,NONE,NORMAL,TEST,True,AMBIGUOUS,ACTIVE,2026-02-02,2026-06-11
0.153,UNKNOWN,NEUTRAL,0.535,NONE,NORMAL,VALIDATION,True,LEGITIMATE,ACTIVE,2025-12-20,2026-04-08
0.011,CONFIRMED,SUPPORTING,0.891,NONE,NORMAL,TRAIN,True,CRIMINAL,ACTIVE,2026-05-05,2026-10-08
0.479,CONFIRMED,SUPPORTING,0.844,NONE,NORMAL,TEST,True,AMBIGUOUS,ACTIVE,2026-02-12,2026-05-25
0.233,FALSE,CONTRADICTING,0.315,NONE,NORMAL,TRAIN,True,MIXED,ACTIVE,2026-06-14,2026-09-07
0.583,CONFIRMED,SUPPORTING,0.926,TEMPORAL_ANOMALY,NORMAL,TRAIN,True,CRIMINAL,ACTIVE,2026-05-18,2026-08-27
0.828,FALSE,CONTRADICTING,0.235,NONE,NORMAL,VALIDATION,True,LEGITIMATE,ACTIVE,2025-10-29,2026-02-11
0.874,SUSPECTED,SUPPORTING,0.674,NONE,NORMAL,TEST,True,AMBIGUOUS,ACTIVE,2026-04-02,2026-06-27
0.809,UNKNOWN,NEUTRAL,0.214,NONE,MISSING_COUNTERPARTY,TRAIN,True,CRIMINAL,ACTIVE,2026-05-28,2026-09-20
0.467,CONFIRMED,SUPPORTING,0.972,NONE,NORMAL,TRAIN,True,CRIMINAL,ACTIVE,2026-03-11,2026-05-21
0.34,CONFIRMED,SUPPORTING,0.934,NONE,NORMAL,TEST,True,AMBIGUOUS,ACTIVE,2025-11-30,2026-04-25
0.345,SUSPECTED,SUPPORTING,0.596,NONE,NORMAL,TRAIN,True,CRIMINAL,ACTIVE,2025-10-19,2026-04-01
0.106,SUSPECTED,SUPPORTING,0.751,NONE,NORMAL,TRAIN,True,MIXED,ACTIVE,2026-04-09,2026-07-02
0.298,CONFIRMED,SUPPORTING,0.883,NONE,NORMAL,TRAIN,True,MIXED,ACTIVE,2025-10-05,2026-02-06
0.22,CONFIRMED,SUPPORTING,0.95,NONE,NORMAL,TRAIN,True,CRIMINAL,ACTIVE,2026-03-26,2026-07-20
0.059,FALSE,CONTRADICTING,0.371,NONE,NORMAL,TRAIN,True,MIXED,ACTIVE,2026-01-27,2026-05-24
0.532,FALSE,CONTRADICTING,0.208,NONE,NORMAL,TRAIN,True,MIXED,ACTIVE,2026-03-15,2026-08-19
0.867,SUSPECTED,SUPPORTING,0.681,LEGITIMATE_ANOMALY,NORMAL,TRAIN,True,MIXED,ACTIVE,2026-02-02,2026-08-26
0.648,FALSE,CONTRADICTING,0.145,NONE,NORMAL,TRAIN,True,LEGITIMATE,ACTIVE,2025-12-22,2026-04-16
0.431,CONFIRMED,SUPPORTING,0.879,NONE,DUPLICATE,TRAIN,True,CRIMINAL,ACTIVE,2025-11-27,2026-05-11
0.239,CONFIRMED,SUPPORTING,0.975,NONE,NORMAL,TRAIN,True,MIXED,ACTIVE,2026-04-28,2026-10-18
0.313,UNKNOWN,NEUTRAL,0.273,NONE,NORMAL,TRAIN,True,CRIMINAL,ACTIVE,2026-03-21,2026-07-30
0.622,FALSE,CONTRADICTING,0.141,LEGITIMATE_ANOMALY,NORMAL,TRAIN,True,MIXED,ACTIVE,2025-12-22,2026-05-08
0.887,CONFIRMED,SUPPORTING,0.988,NONE,FORMATTING_VARIATION,TRAIN,True,CRIMINAL,ACTIVE,2026-03-03,2026-06-19
0.441,UNKNOWN,NEUTRAL,0.37,NONE,NORMAL,TRAIN,True,MIXED,ACTIVE,2026-01-10,2026-05-25
0.317,CONFIRMED,SUPPORTING,0.952,NONE,NORMAL,TRAIN,True,MIXED,ACTIVE,2026-01-22,2026-05-25
0.904,CONFIRMED,SUPPORTING,0.983,NONE,NORMAL,TRAIN,True,MIXED,ACTIVE,2025-12-15,2026-03-29
0.924,SUSPECTED,SUPPORTING,0.783,NONE,NORMAL,TRAIN,True,MIXED,ACTIVE,2025-12-27,2026-05-22
0.654,CONFIRMED,SUPPORTING,0.888,COLLECTIVE_ANOMALY,NORMAL,TRAIN,True,CRIMINAL,ACTIVE,2026-04-12,2026-07-31
0.489,UNKNOWN,NEUTRAL,0.409,NONE,NORMAL,TRAIN,True,CRIMINAL,ACTIVE,2026-03-10,2026-06-02
0.324,CONFIRMED,SUPPORTING,0.871,NONE,NORMAL,TRAIN,True,CRIMINAL,ACTIVE,2026-06-09,2026-10-02
0.863,SUSPECTED,SUPPORTING,0.598,NONE,NORMAL,TRAIN,True,MIXED,ACTIVE,2025-12-23,2026-04-17
0.296,CONFIRMED,SUPPORTING,0.88,NONE,NORMAL,TRAIN,True,CRIMINAL,ACTIVE,2026-04-13,2026-06-18
0.554,UNKNOWN,NEUTRAL,0.338,NONE,NORMAL,TEST,True,AMBIGUOUS,ACTIVE,2026-06-26,2026-10-08
0.541,CONFIRMED,SUPPORTING,0.911,NONE,NORMAL,VALIDATION,True,LEGITIMATE,ACTIVE,2026-04-01,2026-09-30
0.339,UNKNOWN,NEUTRAL,0.442,COLLECTIVE_ANOMALY,NORMAL,TRAIN,True,MIXED,ACTIVE,2026-03-06,2026-06-08
0.106,FALSE,CONTRADICTING,0.205,NONE,NORMAL,TEST,True,AMBIGUOUS,ACTIVE,2026-03-19,2026-09-09
0.503,UNKNOWN,NEUTRAL,0.524,LEGITIMATE_ANOMALY,NORMAL,VALIDATION,True,LEGITIMATE,ACTIVE,2025-10-26,2026-02-27
0.262,SUSPECTED,SUPPORTING,0.639,NONE,NORMAL,TRAIN,True,MIXED,ACTIVE,2025-12-13,2026-06-11
0.586,FALSE,CONTRADICTING,0.325,NONE,DUPLICATE,TRAIN,True,LEGITIMATE,ACTIVE,2026-03-06,2026-07-27
0.515,SUSPECTED,SUPPORTING,0.667,LEGITIMATE_ANOMALY,NORMAL,TEST,True,AMBIGUOUS,ACTIVE,2026-03-12,2026-07-26
0.52,SUSPECTED,SUPPORTING,0.624,LEGITIMATE_ANOMALY,NORMAL,TRAIN,True,CRIMINAL,ACTIVE,2026-02-03,2026-06-16
0.374,CONFIRMED,SUPPORTING,0.872,NONE,NORMAL,TRAIN,True,CRIMINAL,ACTIVE,2026-07-24,2026-09-14
0.223,SUSPECTED,SUPPORTING,0.666,NONE,NORMAL,TRAIN,True,CRIMINAL,ACTIVE,2026-07-27,2026-10-27
0.156,CONFIRMED,SUPPORTING,0.889,NONE,NORMAL,TRAIN,True,CRIMINAL,ACTIVE,2025-12-25,2026-06-07
0.248,UNKNOWN,NEUTRAL,0.338,NONE,NORMAL,TEST,True,AMBIGUOUS,ACTIVE,2026-03-24,2026-07-07
0.429,CONFIRMED,SUPPORTING,0.902,NONE,NORMAL,TRAIN,True,MIXED,ACTIVE,2026-04-20,2026-07-08
0.391,CONFIRMED,SUPPORTING,0.873,NONE,NORMAL,TRAIN,True,CRIMINAL,ACTIVE,2025-12-24,2026-03-28
0.574,UNKNOWN,NEUTRAL,0.333,LEGITIMATE_ANOMALY,NORMAL,TRAIN,True,MIXED,ACTIVE,2026-03-10,2026-05-06
0.317,CONFIRMED,SUPPORTING,0.879,NONE,NORMAL,TRAIN,True,CRIMINAL,ACTIVE,2026-01-17,2026-07-24
0.197,SUSPECTED,SUPPORTING,0.731,NONE,NORMAL,TRAIN,True,CRIMINAL,ACTIVE,2026-06-04,2026-09-21
0.428,SUSPECTED,SUPPORTING,0.833,CRIMINAL_ANOMALY,NORMAL,TRAIN,True,MIXED,ACTIVE,2026-07-17,2026-10-11
0.333,CONFIRMED,SUPPORTING,0.94,NONE,NORMAL,TRAIN,True,CRIMINAL,ACTIVE,2026-03-18,2026-07-19
0.225,SUSPECTED,SUPPORTING,0.774,NONE,FORMATTING_VARIATION,TRAIN,True,CRIMINAL,ACTIVE,2026-04-18,2026-07-15
0.168,SUSPECTED,SUPPORTING,0.798,NONE,NORMAL,VALIDATION,True,LEGITIMATE,ACTIVE,2026-04-25,2026-10-15
0.176,CONFIRMED,SUPPORTING,0.911,LEGITIMATE_ANOMALY,NORMAL,TRAIN,True,LEGITIMATE,ACTIVE,2026-06-14,2026-08-27
0.374,FALSE,CONTRADICTING,0.39,CONTEXTUAL_ANOMALY,NORMAL,VALIDATION,True,LEGITIMATE,ACTIVE,2026-01-16,2026-05-03
0.664,UNKNOWN,NEUTRAL,0.352,NONE,NORMAL,VALIDATION,True,LEGITIMATE,ACTIVE,2026-04-22,2026-09-30
0.753,CONFIRMED,SUPPORTING,0.888,NONE,NORMAL,TRAIN,True,CRIMINAL,ACTIVE,2026-04-20,2026-10-05
0.482,CONFIRMED,SUPPORTING,0.834,NONE,NORMAL,TRAIN,True,CRIMINAL,ACTIVE,2026-01-26,2026-05-07
0.122,UNKNOWN,NEUTRAL,0.434,NONE,NORMAL,TRAIN,True,MIXED,ACTIVE,2025-09-14,2026-03-28
0.668,CONFIRMED,SUPPORTING,0.847,NONE,FORMATTING_VARIATION,TRAIN,True,MIXED,ACTIVE,2026-03-15,2026-09-01
0.436,UNKNOWN,NEUTRAL,0.376,LEGITIMATE_ANOMALY,NORMAL,TRAIN,True,MIXED,ACTIVE,2026-01-20,2026-04-17
0.105,CONFIRMED,SUPPORTING,0.969,NONE,NORMAL,TRAIN,True,MIXED,ACTIVE,2026-04-29,2026-08-16
0.432,SUSPECTED,SUPPORTING,0.726,NONE,NORMAL,TRAIN,True,MIXED,ACTIVE,2026-01-15,2026-03-31
0.896,UNKNOWN,NEUTRAL,0.315,NONE,NORMAL,TEST,True,AMBIGUOUS,ACTIVE,2026-03-28,2026-08-30
0.696,CONFIRMED,SUPPORTING,0.908,NONE,NORMAL,TRAIN,True,CRIMINAL,ACTIVE,2026-01-05,2026-06-07
0.637,CONFIRMED,SUPPORTING,0.917,NONE,NORMAL,TRAIN,True,CRIMINAL,ACTIVE,2025-10-08,2026-03-01
0.344,CONFIRMED,SUPPORTING,0.92,NONE,NORMAL,TRAIN,True,MIXED,ACTIVE,2026-05-09,2026-09-20
0.498,SUSPECTED,SUPPORTING,0.647,LEGITIMATE_ANOMALY,NORMAL,TRAIN,True,CRIMINAL,ACTIVE,2025-12-19,2026-04-19
0.492,UNKNOWN,NEUTRAL,0.335,LEGITIMATE_ANOMALY,NORMAL,VALIDATION,True,LEGITIMATE,ACTIVE,2025-10-04,2026-03-08
0.411,CONFIRMED,SUPPORTING,0.885,NONE,NORMAL,TEST,True,AMBIGUOUS,ACTIVE,2026-01-25,2026-04-06
0.03,SUSPECTED,SUPPORTING,0.755,NONE,NORMAL,TRAIN,True,CRIMINAL,ACTIVE,2026-02-16,2026-06-14
0.387,SUSPECTED,SUPPORTING,0.828,NONE,NORMAL,TRAIN,True,MIXED,ACTIVE,2026-02-09,2026-09-04
0.625,UNKNOWN,NEUTRAL,0.369,NONE,NORMAL,TEST,True,AMBIGUOUS,ACTIVE,2026-03-17,2026-07-17
0.43,CONFIRMED,SUPPORTING,0.943,NONE,NORMAL,TRAIN,True,CRIMINAL,ACTIVE,2026-08-02,2026-09-27
0.358,CONFIRMED,SUPPORTING,0.961,NONE,NORMAL,TRAIN,True,MIXED,ACTIVE,2026-03-31,2026-07-03
0.476,SUSPECTED,SUPPORTING,0.808,NONE,NORMAL,TRAIN,True,CRIMINAL,ACTIVE,2026-05-28,2026-09-26
0.617,FALSE,CONTRADICTING,0.182,NONE,NORMAL,TRAIN,True,CRIMINAL,ACTIVE,2026-04-11,2026-07-24
0.473,SUSPECTED,SUPPORTING,0.746,NONE,NORMAL,TEST,True,AMBIGUOUS,ACTIVE,2025-12-04,2026-05-07
0.561,UNKNOWN,NEUTRAL,0.312,NONE,NORMAL,TRAIN,True,MIXED,ACTIVE,2025-11-20,2026-04-08
0.4,SUSPECTED,SUPPORTING,0.696,COLLECTIVE_ANOMALY,MISSING_COUNTERPARTY,TRAIN,True,CRIMINAL,ACTIVE,2025-11-30,2026-05-23
0.47,CONFIRMED,SUPPORTING,0.979,CONTEXTUAL_ANOMALY,NORMAL,TRAIN,True,CRIMINAL,ACTIVE,2025-11-24,2026-03-11
0.259,SUSPECTED,SUPPORTING,0.746,NONE,NORMAL,TRAIN,True,CRIMINAL,ACTIVE,2025-09-22,2026-03-19
0.474,CONFIRMED,SUPPORTING,0.841,NONE,NORMAL,TRAIN,True,MIXED,ACTIVE,2025-11-06,2026-04-03
0.823,CONFIRMED,SUPPORTING,0.831,NONE,NORMAL,TRAIN,True,MIXED,ACTIVE,2026-07-10,2026-10-07
0.863,SUSPECTED,SUPPORTING,0.643,NONE,NORMAL,TRAIN,True,CRIMINAL,ACTIVE,2026-03-24,2026-09-22
0.422,CONFIRMED,SUPPORTING,0.892,NONE,NORMAL,TEST,True,AMBIGUOUS,ACTIVE,2026-03-03,2026-05-21
0.612,CONFIRMED,SUPPORTING,0.855,NONE,NORMAL,TRAIN,True,CRIMINAL,ACTIVE,2026-02-04,2026-06-01
0.363,UNKNOWN,NEUTRAL,0.545,NONE,NORMAL,TRAIN,True,CRIMINAL,ACTIVE,2025-09-20,2026-03-10
0.453,UNKNOWN,NEUTRAL,0.45,NONE,NORMAL,TEST,True,AMBIGUOUS,ACTIVE,2025-12-23,2026-02-20
0.43,CONFIRMED,SUPPORTING,0.843,NONE,NORMAL,TRAIN,True,CRIMINAL,ACTIVE,2026-02-16,2026-07-10
0.253,FALSE,CONTRADICTING,0.276,LEGITIMATE_ANOMALY,NORMAL,TRAIN,True,MIXED,ACTIVE,2026-03-23,2026-09-03
0.439,SUSPECTED,SUPPORTING,0.598,NONE,NORMAL,VALIDATION,True,LEGITIMATE,ACTIVE,2026-05-30,2026-09-04
0.136,CONFIRMED,SUPPORTING,0.958,NONE,NORMAL,VALIDATION,True,LEGITIMATE,ACTIVE,2025-12-10,2026-06-14
0.517,UNKNOWN,NEUTRAL,0.27,NONE,NORMAL,TRAIN,True,CRIMINAL,ACTIVE,2026-06-05,2026-08-31
0.683,SUSPECTED,SUPPORTING,0.596,NONE,DUPLICATE,VALIDATION,True,LEGITIMATE,ACTIVE,2026-02-21,2026-08-03
0.291,FALSE,CONTRADICTING,0.264,NONE,NORMAL,TRAIN,True,CRIMINAL,ACTIVE,2025-11-20,2026-04-26
0.625,CONFIRMED,SUPPORTING,0.886,NONE,NORMAL,TRAIN,True,CRIMINAL,ACTIVE,2025-09-21,2026-03-11
0.364,CONFIRMED,SUPPORTING,0.837,NONE,NORMAL,VALIDATION,True,LEGITIMATE,ACTIVE,2026-01-27,2026-04-20
0.62,SUSPECTED,SUPPORTING,0.771,NONE,NORMAL,TRAIN,True,MIXED,ACTIVE,2026-01-27,2026-05-27
0.187,UNKNOWN,NEUTRAL,0.302,COLLECTIVE_ANOMALY,NORMAL,TRAIN,True,CRIMINAL,ACTIVE,2026-05-11,2026-06-28
0.725,SUSPECTED,SUPPORTING,0.718,NONE,NORMAL,TRAIN,True,CRIMINAL,ACTIVE,2025-11-19,2026-03-04
0.445,UNKNOWN,NEUTRAL,0.267,NONE,NORMAL,TRAIN,True,CRIMINAL,ACTIVE,2026-05-25,2026-07-10
0.577,SUSPECTED,SUPPORTING,0.846,NONE,NORMAL,TRAIN,True,MIXED,ACTIVE,2026-04-23,2026-07-11
0.203,SUSPECTED,SUPPORTING,0.618,NONE,NORMAL,VALIDATION,True,LEGITIMATE,ACTIVE,2025-12-07,2026-04-08
0.758,FALSE,CONTRADICTING,0.335,NONE,NORMAL,VALIDATION,True,LEGITIMATE,ACTIVE,2026-02-18,2026-05-21
0.578,UNKNOWN,NEUTRAL,0.204,NONE,MISSING_COUNTERPARTY,TEST,True,AMBIGUOUS,ACTIVE,2025-12-07,2026-04-08
0.098,SUSPECTED,SUPPORTING,0.588,NONE,REVERSED_RECORD,TRAIN,True,MIXED,ACTIVE,2025-09-22,2026-03-30
0.615,SUSPECTED,SUPPORTING,0.83,NONE,NORMAL,TRAIN,True,MIXED,ACTIVE,2025-10-03,2026-02-01
0.863,SUSPECTED,SUPPORTING,0.646,NONE,DUPLICATE,TRAIN,True,CRIMINAL,ACTIVE,2026-05-09,2026-09-12
0.478,UNKNOWN,NEUTRAL,0.499,NONE,NORMAL,TRAIN,True,MIXED,ACTIVE,2026-01-04,2026-04-24
0.368,CONFIRMED,SUPPORTING,0.969,NONE,NORMAL,TRAIN,True,CRIMINAL,ACTIVE,2026-04-05,2026-07-13
0.325,FALSE,CONTRADICTING,0.391,NONE,NORMAL,TRAIN,True,MIXED,ACTIVE,2026-03-11,2026-08-11
0.772,UNKNOWN,NEUTRAL,0.481,NONE,NORMAL,TRAIN,True,MIXED,ACTIVE,2026-02-21,2026-05-12
0.6,FALSE,CONTRADICTING,0.295,CRIMINAL_ANOMALY,MISSING_COUNTERPARTY,TRAIN,True,MIXED,ACTIVE,2026-03-26,2026-08-13
0.568,FALSE,CONTRADICTING,0.284,LEGITIMATE_ANOMALY,NORMAL,TRAIN,True,MIXED,ACTIVE,2026-05-30,2026-08-10
0.59,UNKNOWN,NEUTRAL,0.419,LEGITIMATE_ANOMALY,NORMAL,TRAIN,True,MIXED,ACTIVE,2026-04-19,2026-08-14
0.749,FALSE,CONTRADICTING,0.411,NONE,NORMAL,TRAIN,True,CRIMINAL,ACTIVE,2026-06-16,2026-08-20
0.425,SUSPECTED,SUPPORTING,0.696,NONE,NORMAL,TEST,True,AMBIGUOUS,ACTIVE,2026-04-08,2026-08-11
0.576,SUSPECTED,SUPPORTING,0.688,LEGITIMATE_ANOMALY,NORMAL,VALIDATION,True,LEGITIMATE,ACTIVE,2025-11-28,2026-03-03
0.242,CONFIRMED,SUPPORTING,0.948,NONE,NORMAL,TRAIN,True,CRIMINAL,ACTIVE,2026-03-15,2026-06-20
0.471,CONFIRMED,SUPPORTING,0.841,TEMPORAL_ANOMALY,NORMAL,TRAIN,True,MIXED,ACTIVE,2026-04-26,2026-08-15
0.068,UNKNOWN,NEUTRAL,0.488,NONE,NORMAL,TRAIN,True,CRIMINAL,ACTIVE,2026-03-24,2026-06-03
0.594,FALSE,CONTRADICTING,0.402,NONE,NORMAL,TEST,True,AMBIGUOUS,ACTIVE,2026-05-06,2026-10-14
0.375,SUSPECTED,SUPPORTING,0.584,NONE,NORMAL,TRAIN,True,MIXED,ACTIVE,2026-02-11,2026-04-03
0.077,CONFIRMED,SUPPORTING,0.828,NONE,NORMAL,TRAIN,True,CRIMINAL,ACTIVE,2026-03-06,2026-07-22
0.148,CONFIRMED,SUPPORTING,0.903,NONE,NORMAL,TRAIN,True,CRIMINAL,ACTIVE,2026-03-06,2026-08-15
0.759,SUSPECTED,SUPPORTING,0.851,NONE,NORMAL,TRAIN,True,CRIMINAL,ACTIVE,2026-02-02,2026-07-13
0.657,CONFIRMED,SUPPORTING,0.913,NONE,NORMAL,TRAIN,True,CRIMINAL,ACTIVE,2026-01-30,2026-05-04
0.033,SUSPECTED,SUPPORTING,0.809,NONE,NORMAL,TRAIN,True,CRIMINAL,ACTIVE,2026-03-10,2026-09-06
0.645,SUSPECTED,SUPPORTING,0.629,NONE,NORMAL,TRAIN,True,MIXED,ACTIVE,2026-03-07,2026-06-25
0.27,SUSPECTED,SUPPORTING,0.654,NONE,DUPLICATE,TRAIN,True,MIXED,ACTIVE,2025-11-15,2026-03-12
0.295,SUSPECTED,SUPPORTING,0.827,NONE,NORMAL,TEST,True,AMBIGUOUS,ACTIVE,2025-09-21,2026-01-29
0.655,UNKNOWN,NEUTRAL,0.44,NONE,NORMAL,TRAIN,True,CRIMINAL,ACTIVE,2026-03-23,2026-09-13
0.523,CONFIRMED,SUPPORTING,0.822,NONE,NORMAL,TRAIN,True,MIXED,ACTIVE,2025-10-10,2026-04-09
0.294,UNKNOWN,NEUTRAL,0.495,NONE,NORMAL,TEST,True,AMBIGUOUS,ACTIVE,2026-04-24,2026-09-21
0.367,FALSE,CONTRADICTING,0.201,LEGITIMATE_ANOMALY,NORMAL,TEST,True,AMBIGUOUS,ACTIVE,2026-06-18,2026-08-04
0.758,SUSPECTED,SUPPORTING,0.677,NONE,NORMAL,TRAIN,True,MIXED,ACTIVE,2026-03-26,2026-07-24
0.25,SUSPECTED,SUPPORTING,0.591,NONE,NORMAL,VALIDATION,True,LEGITIMATE,ACTIVE,2025-11-02,2026-03-17
0.547,CONFIRMED,SUPPORTING,0.879,TEMPORAL_ANOMALY,NORMAL,TRAIN,True,CRIMINAL,ACTIVE,2026-03-21,2026-09-08
0.25,CONFIRMED,SUPPORTING,0.973,NONE,NORMAL,TRAIN,True,CRIMINAL,ACTIVE,2026-01-10,2026-05-14
0.235,UNKNOWN,NEUTRAL,0.54,CRIMINAL_ANOMALY,MISSING_COUNTERPARTY,TRAIN,True,MIXED,ACTIVE,2026-07-06,2026-10-03
0.239,FALSE,CONTRADICTING,0.407,CRIMINAL_ANOMALY,DUPLICATE,TEST,True,AMBIGUOUS,ACTIVE,2025-12-01,2026-02-24
0.323,FALSE,CONTRADICTING,0.213,NONE,NORMAL,VALIDATION,True,LEGITIMATE,ACTIVE,2026-02-12,2026-08-26
0.187,SUSPECTED,SUPPORTING,0.66,NONE,NORMAL,TRAIN,True,CRIMINAL,ACTIVE,2025-12-28,2026-06-12
0.633,FALSE,CONTRADICTING,0.173,NONE,NORMAL,TRAIN,True,MIXED,ACTIVE,2025-10-08,2026-03-18
0.629,UNKNOWN,NEUTRAL,0.387,NONE,DUPLICATE,TRAIN,True,CRIMINAL,ACTIVE,2026-02-08,2026-08-16
0.661,SUSPECTED,SUPPORTING,0.822,NONE,MISSING_COUNTERPARTY,TRAIN,True,CRIMINAL,ACTIVE,2026-02-15,2026-06-13
0.564,CONFIRMED,SUPPORTING,0.951,NONE,NORMAL,VALIDATION,True,LEGITIMATE,ACTIVE,2026-05-12,2026-08-16
0.66,SUSPECTED,SUPPORTING,0.775,TEMPORAL_ANOMALY,NORMAL,TRAIN,True,MIXED,ACTIVE,2025-11-26,2026-03-20
0.728,FALSE,CONTRADICTING,0.409,NONE,NORMAL,TRAIN,True,LEGITIMATE,ACTIVE,2026-07-07,2026-10-03
0.532,UNKNOWN,NEUTRAL,0.538,NONE,NORMAL,TRAIN,True,MIXED,ACTIVE,2026-03-09,2026-04-27
0.274,UNKNOWN,NEUTRAL,0.466,CRIMINAL_ANOMALY,NORMAL,TEST,True,AMBIGUOUS,ACTIVE,2025-12-26,2026-02-18
0.608,UNKNOWN,NEUTRAL,0.503,NONE,NORMAL,VALIDATION,True,LEGITIMATE,ACTIVE,2026-05-05,2026-07-25
0.633,FALSE,CONTRADICTING,0.135,NONE,NORMAL,VALIDATION,True,LEGITIMATE,ACTIVE,2025-09-22,2026-03-18
0.5,UNKNOWN,NEUTRAL,0.223,NONE,NORMAL,VALIDATION,True,LEGITIMATE,ACTIVE,2026-06-18,2026-09-23
0.299,UNKNOWN,NEUTRAL,0.205,NONE,NORMAL,TRAIN,True,CRIMINAL,ACTIVE,2025-11-25,2026-03-16
0.213,CONFIRMED,SUPPORTING,0.84,NONE,NORMAL,TRAIN,True,MIXED,ACTIVE,2026-04-07,2026-08-22
0.154,FALSE,CONTRADICTING,0.258,NONE,FORMATTING_VARIATION,VALIDATION,True,LEGITIMATE,ACTIVE,2025-11-24,2026-05-17
0.338,CONFIRMED,SUPPORTING,0.842,NONE,NORMAL,TRAIN,True,CRIMINAL,ACTIVE,2026-04-05,2026-08-03
0.841,SUSPECTED,SUPPORTING,0.747,NONE,DUPLICATE,TRAIN,True,CRIMINAL,ACTIVE,2026-01-17,2026-06-25
0.337,FALSE,CONTRADICTING,0.213,NONE,NORMAL,TRAIN,True,MIXED,ACTIVE,2026-03-13,2026-09-01
0.371,UNKNOWN,NEUTRAL,0.518,NONE,NORMAL,TRAIN,True,MIXED,ACTIVE,2025-11-14,2026-04-19
0.135,CONFIRMED,SUPPORTING,0.931,NONE,NORMAL,TRAIN,True,CRIMINAL,ACTIVE,2025-12-22,2026-04-11
0.261,UNKNOWN,NEUTRAL,0.529,NONE,DUPLICATE,VALIDATION,True,LEGITIMATE,ACTIVE,2026-06-28,2026-10-10
0.347,SUSPECTED,SUPPORTING,0.62,NONE,NORMAL,TRAIN,True,CRIMINAL,ACTIVE,2026-04-29,2026-07-04
0.64,SUSPECTED,SUPPORTING,0.781,CONTEXTUAL_ANOMALY,NORMAL,TRAIN,True,CRIMINAL,ACTIVE,2025-11-20,2026-05-30
0.501,SUSPECTED,SUPPORTING,0.859,CRIMINAL_ANOMALY,NORMAL,TRAIN,True,CRIMINAL,ACTIVE,2026-06-20,2026-09-02
0.854,UNKNOWN,NEUTRAL,0.458,NONE,NORMAL,TRAIN,True,CRIMINAL,ACTIVE,2025-09-28,2026-02-11
0.211,CONFIRMED,SUPPORTING,0.87,NONE,NORMAL,TRAIN,True,CRIMINAL,ACTIVE,2026-03-29,2026-06-24
0.175,CONFIRMED,SUPPORTING,0.887,NONE,NORMAL,TRAIN,True,CRIMINAL,ACTIVE,2025-12-15,2026-04-01
0.463,CONFIRMED,SUPPORTING,0.851,NONE,NORMAL,TRAIN,True,MIXED,ACTIVE,2026-04-26,2026-10-06
0.373,UNKNOWN,NEUTRAL,0.513,COLLECTIVE_ANOMALY,NORMAL,VALIDATION,True,LEGITIMATE,ACTIVE,2025-12-06,2026-03-24
0.816,FALSE,CONTRADICTING,0.192,NONE,NORMAL,TEST,True,AMBIGUOUS,ACTIVE,2026-04-14,2026-07-26
0.5,FALSE,CONTRADICTING,0.41,NONE,NORMAL,VALIDATION,True,LEGITIMATE,ACTIVE,2026-05-16,2026-09-12
0.051,SUSPECTED,SUPPORTING,0.819,COLLECTIVE_ANOMALY,NORMAL,TRAIN,True,CRIMINAL,ACTIVE,2025-12-10,2026-06-15
0.479,FALSE,CONTRADICTING,0.243,NONE,NORMAL,TEST,True,AMBIGUOUS,ACTIVE,2026-03-10,2026-05-13
0.647,UNKNOWN,NEUTRAL,0.447,NONE,NORMAL,TRAIN,True,MIXED,ACTIVE,2025-10-11,2026-03-18
0.103,FALSE,CONTRADICTING,0.246,NONE,NORMAL,TRAIN,True,MIXED,ACTIVE,2026-06-16,2026-10-30
0.062,FALSE,CONTRADICTING,0.185,NONE,NORMAL,TRAIN,True,CRIMINAL,ACTIVE,2025-11-01,2026-04-22
0.603,UNKNOWN,NEUTRAL,0.334,NONE,NORMAL,TRAIN,True,MIXED,ACTIVE,2026-02-18,2026-08-28
0.588,CONFIRMED,SUPPORTING,0.872,NONE,NORMAL,TRAIN,True,LEGITIMATE,ACTIVE,2026-04-09,2026-08-05
0.242,SUSPECTED,SUPPORTING,0.728,NONE,NORMAL,VALIDATION,True,LEGITIMATE,ACTIVE,2026-04-19,2026-08-12
0.662,CONFIRMED,SUPPORTING,0.833,CRIMINAL_ANOMALY,NORMAL,TRAIN,True,CRIMINAL,ACTIVE,2026-03-08,2026-08-04
0.648,CONFIRMED,SUPPORTING,0.963,NONE,NORMAL,TRAIN,True,CRIMINAL,ACTIVE,2025-12-17,2026-03-20
0.362,CONFIRMED,SUPPORTING,0.866,NONE,NORMAL,TRAIN,True,CRIMINAL,ACTIVE,2026-06-21,2026-07-31
0.309,FALSE,CONTRADICTING,0.231,NONE,NORMAL,TRAIN,True,CRIMINAL,ACTIVE,2026-03-27,2026-08-02
0.613,UNKNOWN,NEUTRAL,0.246,NONE,NORMAL,VALIDATION,True,LEGITIMATE,ACTIVE,2025-09-27,2026-02-11
0.348,CONFIRMED,SUPPORTING,0.863,NONE,NORMAL,TRAIN,True,LEGITIMATE,ACTIVE,2025-09-07,2026-04-04
0.626,UNKNOWN,NEUTRAL,0.316,LEGITIMATE_ANOMALY,NORMAL,TRAIN,True,CRIMINAL,ACTIVE,2026-05-05,2026-10-03
0.55,UNKNOWN,NEUTRAL,0.26,NONE,NORMAL,TRAIN,True,MIXED,ACTIVE,2025-09-21,2026-04-01
0.827,FALSE,CONTRADICTING,0.414,NONE,NORMAL,TEST,True,AMBIGUOUS,ACTIVE,2026-04-23,2026-08-10
0.296,FALSE,CONTRADICTING,0.328,NONE,NORMAL,TRAIN,True,CRIMINAL,ACTIVE,2026-01-22,2026-05-13
0.296,CONFIRMED,SUPPORTING,0.888,TEMPORAL_ANOMALY,NORMAL,TRAIN,True,MIXED,ACTIVE,2026-05-16,2026-08-03
0.32,SUSPECTED,SUPPORTING,0.85,NONE,NORMAL,TRAIN,True,CRIMINAL,ACTIVE,2026-02-23,2026-04-20
0.799,CONFIRMED,SUPPORTING,0.972,NONE,NORMAL,TRAIN,True,CRIMINAL,ACTIVE,2026-05-15,2026-09-30
0.508,SUSPECTED,SUPPORTING,0.789,NONE,NORMAL,TRAIN,True,CRIMINAL,ACTIVE,2026-06-29,2026-07-31
0.252,FALSE,CONTRADICTING,0.339,NONE,FORMATTING_VARIATION,VALIDATION,True,LEGITIMATE,ACTIVE,2026-04-01,2026-09-17
0.485,CONFIRMED,SUPPORTING,0.978,NONE,NORMAL,TRAIN,True,CRIMINAL,ACTIVE,2025-11-02,2026-05-03
0.238,FALSE,CONTRADICTING,0.259,NONE,NORMAL,VALIDATION,True,LEGITIMATE,ACTIVE,2026-06-02,2026-10-17
0.486,UNKNOWN,NEUTRAL,0.53,NONE,NORMAL,VALIDATION,True,LEGITIMATE,ACTIVE,2025-12-07,2026-04-23
0.24,SUSPECTED,SUPPORTING,0.833,NONE,NORMAL,TRAIN,True,CRIMINAL,ACTIVE,2026-02-28,2026-04-30
0.612,SUSPECTED,SUPPORTING,0.839,NONE,MISSING_COUNTERPARTY,TEST,True,AMBIGUOUS,ACTIVE,2026-07-02,2026-09-14
0.215,UNKNOWN,NEUTRAL,0.267,CRIMINAL_ANOMALY,NORMAL,TRAIN,True,CRIMINAL,ACTIVE,2026-06-19,2026-10-04
0.598,CONFIRMED,SUPPORTING,0.842,NONE,NORMAL,TRAIN,True,CRIMINAL,ACTIVE,2026-01-22,2026-07-06
0.775,CONFIRMED,SUPPORTING,0.916,NONE,NORMAL,TRAIN,True,MIXED,ACTIVE,2026-01-16,2026-06-09
0.303,FALSE,CONTRADICTING,0.256,NONE,NORMAL,VALIDATION,True,LEGITIMATE,ACTIVE,2026-07-02,2026-09-08
0.369,SUSPECTED,SUPPORTING,0.648,LEGITIMATE_ANOMALY,NORMAL,VALIDATION,True,LEGITIMATE,ACTIVE,2026-06-21,2026-09-22
0.762,SUSPECTED,SUPPORTING,0.657,NONE,NORMAL,VALIDATION,True,LEGITIMATE,ACTIVE,2026-06-03,2026-06-26
0.832,CONFIRMED,SUPPORTING,0.945,NONE,NORMAL,TRAIN,True,CRIMINAL,ACTIVE,2026-03-26,2026-06-22
0.651,CONFIRMED,SUPPORTING,0.881,NONE,NORMAL,TRAIN,True,MIXED,ACTIVE,2025-12-28,2026-02-26
0.565,SUSPECTED,SUPPORTING,0.779,NONE,NORMAL,TRAIN,True,CRIMINAL,ACTIVE,2026-06-28,2026-09-04
0.296,UNKNOWN,NEUTRAL,0.449,NONE,NORMAL,TRAIN,True,CRIMINAL,ACTIVE,2025-12-05,2026-04-10
0.37,CONFIRMED,SUPPORTING,0.825,NONE,NORMAL,TRAIN,True,CRIMINAL,ACTIVE,2026-05-27,2026-09-01
0.486,UNKNOWN,NEUTRAL,0.22,NONE,NORMAL,VALIDATION,True,LEGITIMATE,ACTIVE,2026-02-04,2026-05-28
0.169,SUSPECTED,SUPPORTING,0.622,NONE,NORMAL,TRAIN,True,LEGITIMATE,ACTIVE,2025-12-06,2026-04-22
0.535,UNKNOWN,NEUTRAL,0.282,NONE,NORMAL,TRAIN,True,CRIMINAL,ACTIVE,2025-12-22,2026-06-19
0.767,UNKNOWN,NEUTRAL,0.363,NONE,NORMAL,TEST,True,AMBIGUOUS,ACTIVE,2026-05-14,2026-09-17
0.536,CONFIRMED,SUPPORTING,0.891,NONE,NORMAL,TRAIN,True,CRIMINAL,ACTIVE,2025-12-26,2026-06-22
0.234,UNKNOWN,NEUTRAL,0.202,NONE,NORMAL,TRAIN,True,LEGITIMATE,ACTIVE,2026-01-28,2026-07-19
0.252,UNKNOWN,NEUTRAL,0.338,NONE,NORMAL,VALIDATION,True,LEGITIMATE,ACTIVE,2026-04-11,2026-08-28
0.592,UNKNOWN,NEUTRAL,0.221,NONE,NORMAL,TRAIN,True,MIXED,ACTIVE,2025-10-18,2026-03-01
0.845,CONFIRMED,SUPPORTING,0.958,NONE,NORMAL,TRAIN,True,MIXED,ACTIVE,2026-03-29,2026-08-01
0.714,CONFIRMED,SUPPORTING,0.843,NONE,DUPLICATE,TRAIN,True,CRIMINAL,ACTIVE,2025-12-08,2026-06-01
0.643,SUSPECTED,SUPPORTING,0.771,COLLECTIVE_ANOMALY,NORMAL,TRAIN,True,MIXED,ACTIVE,2025-11-16,2026-05-05
0.225,SUSPECTED,SUPPORTING,0.827,NONE,NORMAL,TRAIN,True,LEGITIMATE,ACTIVE,2026-04-02,2026-09-29
0.58,CONFIRMED,SUPPORTING,0.969,LEGITIMATE_ANOMALY,NORMAL,TRAIN,True,MIXED,ACTIVE,2026-05-12,2026-09-13
0.416,UNKNOWN,NEUTRAL,0.257,NONE,NORMAL,TRAIN,True,CRIMINAL,ACTIVE,2026-06-18,2026-09-01
0.474,FALSE,CONTRADICTING,0.124,CRIMINAL_ANOMALY,NORMAL,TEST,True,AMBIGUOUS,ACTIVE,2026-03-28,2026-07-16
0.385,UNKNOWN,NEUTRAL,0.474,NONE,NORMAL,VALIDATION,True,LEGITIMATE,ACTIVE,2026-05-04,2026-08-19
0.299,UNKNOWN,NEUTRAL,0.47,NONE,NORMAL,TEST,True,AMBIGUOUS,ACTIVE,2025-12-01,2026-04-24
0.681,UNKNOWN,NEUTRAL,0.532,CONTEXTUAL_ANOMALY,NORMAL,TEST,True,AMBIGUOUS,ACTIVE,2025-12-18,2026-03-03
0.452,FALSE,CONTRADICTING,0.127,NONE,NORMAL,TEST,True,AMBIGUOUS,ACTIVE,2026-05-23,2026-08-10
0.13,UNKNOWN,NEUTRAL,0.265,NONE,NORMAL,TRAIN,True,MIXED,ACTIVE,2026-06-24,2026-09-01
0.372,UNKNOWN,NEUTRAL,0.542,NONE,NORMAL,TRAIN,True,MIXED,ACTIVE,2025-12-09,2026-04-19
0.37,SUSPECTED,SUPPORTING,0.828,NONE,NORMAL,TRAIN,True,MIXED,ACTIVE,2026-05-16,2026-10-03
0.665,CONFIRMED,SUPPORTING,0.915,NONE,NORMAL,TEST,True,AMBIGUOUS,ACTIVE,2026-03-22,2026-07-25
0.275,UNKNOWN,NEUTRAL,0.301,NONE,NORMAL,TRAIN,True,MIXED,ACTIVE,2026-07-10,2026-09-23
0.318,SUSPECTED,SUPPORTING,0.749,TEMPORAL_ANOMALY,NORMAL,TRAIN,True,CRIMINAL,ACTIVE,2025-12-07,2026-03-24
0.145,UNKNOWN,NEUTRAL,0.317,NONE,NORMAL,TRAIN,True,CRIMINAL,ACTIVE,2026-03-15,2026-06-16
0.595,FALSE,CONTRADICTING,0.251,CRIMINAL_ANOMALY,NORMAL,VALIDATION,True,LEGITIMATE,ACTIVE,2026-04-30,2026-09-02
0.166,FALSE,CONTRADICTING,0.361,NONE,NORMAL,TRAIN,True,LEGITIMATE,ACTIVE,2026-05-26,2026-10-02
0.096,CONFIRMED,SUPPORTING,0.824,NONE,NORMAL,TRAIN,True,CRIMINAL,ACTIVE,2026-04-14,2026-07-22
0.279,CONFIRMED,SUPPORTING,0.947,NONE,NORMAL,TRAIN,True,LEGITIMATE,ACTIVE,2025-11-02,2026-04-01
0.728,SUSPECTED,SUPPORTING,0.64,NONE,NORMAL,TRAIN,True,CRIMINAL,ACTIVE,2025-11-13,2026-04-06
0.403,CONFIRMED,SUPPORTING,0.864,NONE,DUPLICATE,TRAIN,True,CRIMINAL,ACTIVE,2026-03-28,2026-07-28
0.63,FALSE,CONTRADICTING,0.249,NONE,NORMAL,VALIDATION,True,LEGITIMATE,ACTIVE,2025-10-19,2026-04-16
0.292,CONFIRMED,SUPPORTING,0.851,NONE,NORMAL,TRAIN,True,CRIMINAL,ACTIVE,2026-02-28,2026-08-01
0.404,SUSPECTED,SUPPORTING,0.701,NONE,NORMAL,TRAIN,True,MIXED,ACTIVE,2025-11-18,2026-05-13
0.436,SUSPECTED,SUPPORTING,0.804,NONE,NORMAL,TRAIN,True,MIXED,ACTIVE,2026-07-03,2026-08-07
0.12,CONFIRMED,SUPPORTING,0.893,NONE,NORMAL,TRAIN,True,CRIMINAL,ACTIVE,2026-04-01,2026-08-21
0.413,UNKNOWN,NEUTRAL,0.448,NONE,NORMAL,VALIDATION,True,LEGITIMATE,ACTIVE,2025-12-22,2026-06-30
0.6,SUSPECTED,SUPPORTING,0.808,LEGITIMATE_ANOMALY,NORMAL,TRAIN,True,CRIMINAL,ACTIVE,2026-06-22,2026-10-07
0.537,SUSPECTED,SUPPORTING,0.706,NONE,NORMAL,TEST,True,AMBIGUOUS,ACTIVE,2026-03-08,2026-06-26
0.309,CONFIRMED,SUPPORTING,0.891,NONE,NORMAL,VALIDATION,True,LEGITIMATE,ACTIVE,2026-01-19,2026-05-12
0.362,UNKNOWN,NEUTRAL,0.504,NONE,NORMAL,VALIDATION,True,LEGITIMATE,ACTIVE,2025-11-07,2026-03-07
0.546,SUSPECTED,SUPPORTING,0.778,NONE,NORMAL,TEST,True,AMBIGUOUS,ACTIVE,2026-06-25,2026-08-21
0.583,UNKNOWN,NEUTRAL,0.478,NONE,NORMAL,TRAIN,True,LEGITIMATE,ACTIVE,2025-12-22,2026-06-05
0.671,UNKNOWN,NEUTRAL,0.487,NONE,NORMAL,TRAIN,True,CRIMINAL,ACTIVE,2026-04-16,2026-07-21
0.41,FALSE,CONTRADICTING,0.342,TEMPORAL_ANOMALY,NORMAL,TRAIN,True,MIXED,ACTIVE,2026-01-17,2026-05-11
0.503,SUSPECTED,SUPPORTING,0.613,NONE,NORMAL,TRAIN,True,CRIMINAL,ACTIVE,2026-01-20,2026-05-26
0.287,UNKNOWN,NEUTRAL,0.538,NONE,NORMAL,TRAIN,True,MIXED,ACTIVE,2026-02-23,2026-08-24
0.32,SUSPECTED,SUPPORTING,0.726,NONE,NORMAL,TRAIN,True,CRIMINAL,ACTIVE,2025-12-23,2026-03-26
0.636,SUSPECTED,SUPPORTING,0.72,NONE,NORMAL,TEST,True,AMBIGUOUS,ACTIVE,2026-06-08,2026-10-27
0.72,CONFIRMED,SUPPORTING,0.889,NONE,NORMAL,TRAIN,True,CRIMINAL,ACTIVE,2025-12-25,2026-03-20
0.794,UNKNOWN,NEUTRAL,0.483,NONE,NORMAL,TRAIN,True,MIXED,ACTIVE,2026-01-31,2026-04-04
0.277,CONFIRMED,SUPPORTING,0.986,NONE,NORMAL,TRAIN,True,CRIMINAL,ACTIVE,2026-02-03,2026-05-16
0.532,FALSE,CONTRADICTING,0.17,NONE,NORMAL,TRAIN,True,CRIMINAL,ACTIVE,2026-02-04,2026-04-20
0.436,UNKNOWN,NEUTRAL,0.536,LEGITIMATE_ANOMALY,NORMAL,TRAIN,True,MIXED,ACTIVE,2026-03-16,2026-08-12
0.634,SUSPECTED,SUPPORTING,0.73,NONE,NORMAL,TRAIN,True,MIXED,ACTIVE,2026-03-31,2026-06-17
0.335,SUSPECTED,SUPPORTING,0.719,NONE,NORMAL,VALIDATION,True,LEGITIMATE,ACTIVE,2025-11-28,2026-05-20
0.488,UNKNOWN,NEUTRAL,0.393,NONE,NORMAL,VALIDATION,True,LEGITIMATE,ACTIVE,2025-10-14,2026-01-31
0.373,FALSE,CONTRADICTING,0.399,NONE,NORMAL,TRAIN,True,CRIMINAL,ACTIVE,2026-05-30,2026-06-27
0.434,UNKNOWN,NEUTRAL,0.226,LEGITIMATE_ANOMALY,NORMAL,TRAIN,True,MIXED,ACTIVE,2026-02-11,2026-07-19
0.54,UNKNOWN,NEUTRAL,0.212,NONE,NORMAL,TRAIN,True,CRIMINAL,ACTIVE,2026-05-09,2026-08-26
0.146,UNKNOWN,NEUTRAL,0.209,CRIMINAL_ANOMALY,NORMAL,TRAIN,True,MIXED,ACTIVE,2025-11-17,2026-03-28
0.432,SUSPECTED,SUPPORTING,0.648,NONE,NORMAL,TRAIN,True,CRIMINAL,ACTIVE,2026-01-13,2026-03-14
0.677,CONFIRMED,SUPPORTING,0.877,NONE,NORMAL,TRAIN,True,MIXED,ACTIVE,2026-06-07,2026-07-27
0.233,SUSPECTED,SUPPORTING,0.658,NONE,NORMAL,TRAIN,True,CRIMINAL,ACTIVE,2026-06-10,2026-11-01
0.586,SUSPECTED,SUPPORTING,0.585,NONE,NORMAL,TRAIN,True,CRIMINAL,ACTIVE,2026-05-29,2026-07-22
0.629,SUSPECTED,SUPPORTING,0.663,NONE,NORMAL,TRAIN,True,MIXED,ACTIVE,2025-12-22,2026-01-22
0.516,CONFIRMED,SUPPORTING,0.943,NONE,NORMAL,TRAIN,True,CRIMINAL,ACTIVE,2026-02-01,2026-05-20
0.3,UNKNOWN,NEUTRAL,0.504,NONE,NORMAL,VALIDATION,True,LEGITIMATE,ACTIVE,2026-03-21,2026-08-20
0.42,UNKNOWN,NEUTRAL,0.23,NONE,NORMAL,TRAIN,True,MIXED,ACTIVE,2026-01-02,2026-03-23
0.468,CONFIRMED,SUPPORTING,0.823,NONE,NORMAL,VALIDATION,True,LEGITIMATE,ACTIVE,2026-05-25,2026-08-15
0.375,SUSPECTED,SUPPORTING,0.73,NONE,NORMAL,TRAIN,True,CRIMINAL,ACTIVE,2026-03-30,2026-10-04
0.528,UNKNOWN,NEUTRAL,0.32,LEGITIMATE_ANOMALY,NORMAL,TRAIN,True,MIXED,ACTIVE,2026-01-08,2026-04-18
0.699,UNKNOWN,NEUTRAL,0.206,NONE,NORMAL,TRAIN,True,MIXED,ACTIVE,2026-06-11,2026-08-28
0.538,SUSPECTED,SUPPORTING,0.797,NONE,NORMAL,TRAIN,True,CRIMINAL,ACTIVE,2025-09-14,2026-02-14
0.355,FALSE,CONTRADICTING,0.376,NONE,NORMAL,VALIDATION,True,LEGITIMATE,ACTIVE,2026-03-25,2026-07-15
0.586,FALSE,CONTRADICTING,0.385,NONE,NORMAL,TRAIN,True,MIXED,ACTIVE,2026-01-23,2026-07-02
0.75,FALSE,CONTRADICTING,0.182,NONE,NORMAL,TRAIN,True,MIXED,ACTIVE,2025-10-24,2026-04-11
0.333,UNKNOWN,NEUTRAL,0.469,NONE,NORMAL,TRAIN,True,CRIMINAL,ACTIVE,2025-12-23,2026-03-10
0.464,SUSPECTED,SUPPORTING,0.786,NONE,NORMAL,TRAIN,True,CRIMINAL,ACTIVE,2025-12-13,2026-04-26
0.436,FALSE,CONTRADICTING,0.217,LEGITIMATE_ANOMALY,NORMAL,TEST,True,AMBIGUOUS,ACTIVE,2025-12-07,2026-04-22
0.12,FALSE,CONTRADICTING,0.418,NONE,MISSING_COUNTERPARTY,TRAIN,True,CRIMINAL,ACTIVE,2026-03-04,2026-07-05
0.878,SUSPECTED,SUPPORTING,0.701,LEGITIMATE_ANOMALY,NORMAL,TRAIN,True,CRIMINAL,ACTIVE,2026-07-21,2026-10-10
0.159,UNKNOWN,NEUTRAL,0.358,NONE,DUPLICATE,TRAIN,True,MIXED,ACTIVE,2026-03-27,2026-06-30
0.103,SUSPECTED,SUPPORTING,0.684,NONE,NORMAL,TRAIN,True,CRIMINAL,ACTIVE,2026-05-07,2026-07-11
0.192,FALSE,CONTRADICTING,0.313,NONE,NORMAL,VALIDATION,True,LEGITIMATE,ACTIVE,2026-01-09,2026-05-24
0.505,UNKNOWN,NEUTRAL,0.255,NONE,NORMAL,TRAIN,True,CRIMINAL,ACTIVE,2026-02-18,2026-05-09
0.799,UNKNOWN,NEUTRAL,0.526,NONE,NORMAL,TRAIN,True,MIXED,ACTIVE,2026-07-04,2026-09-18
0.494,SUSPECTED,SUPPORTING,0.655,NONE,NORMAL,TRAIN,True,MIXED,ACTIVE,2026-01-11,2026-04-18
0.827,SUSPECTED,SUPPORTING,0.671,NONE,NORMAL,VALIDATION,True,LEGITIMATE,ACTIVE,2026-07-03,2026-10-30
0.563,CONFIRMED,SUPPORTING,0.872,NONE,NORMAL,TRAIN,True,CRIMINAL,ACTIVE,2025-12-10,2026-07-02
0.687,UNKNOWN,NEUTRAL,0.308,NONE,NORMAL,TRAIN,True,CRIMINAL,ACTIVE,2026-05-20,2026-09-01
0.333,UNKNOWN,NEUTRAL,0.466,NONE,NORMAL,TEST,True,AMBIGUOUS,ACTIVE,2026-05-22,2026-09-12
0.535,CONFIRMED,SUPPORTING,0.867,NONE,NORMAL,TRAIN,True,CRIMINAL,ACTIVE,2026-01-16,2026-07-01
0.152,SUSPECTED,SUPPORTING,0.735,NONE,NORMAL,TRAIN,True,MIXED,ACTIVE,2025-12-21,2026-01-26
0.428,SUSPECTED,SUPPORTING,0.845,NONE,NORMAL,TRAIN,True,CRIMINAL,ACTIVE,2026-04-21,2026-10-13
0.343,SUSPECTED,SUPPORTING,0.642,NONE,NORMAL,TRAIN,True,CRIMINAL,ACTIVE,2026-04-01,2026-09-19
0.393,UNKNOWN,NEUTRAL,0.353,NONE,NORMAL,VALIDATION,True,LEGITIMATE,ACTIVE,2026-07-04,2026-09-30
0.406,FALSE,CONTRADICTING,0.227,NONE,NORMAL,VALIDATION,True,LEGITIMATE,ACTIVE,2026-07-08,2026-08-31
0.37,SUSPECTED,SUPPORTING,0.586,NONE,NORMAL,TEST,True,AMBIGUOUS,ACTIVE,2026-03-30,2026-05-14
0.301,SUSPECTED,SUPPORTING,0.68,NONE,NORMAL,TRAIN,True,CRIMINAL,ACTIVE,2026-01-09,2026-06-22
0.076,UNKNOWN,NEUTRAL,0.306,NONE,NORMAL,TRAIN,True,MIXED,ACTIVE,2025-11-19,2026-02-17
0.101,SUSPECTED,SUPPORTING,0.672,NONE,NORMAL,TRAIN,True,CRIMINAL,ACTIVE,2026-01-04,2026-05-15
0.066,SUSPECTED,SUPPORTING,0.581,NONE,NORMAL,TEST,True,AMBIGUOUS,ACTIVE,2025-12-14,2026-05-01
0.898,CONFIRMED,SUPPORTING,0.916,NONE,NORMAL,TRAIN,True,CRIMINAL,ACTIVE,2026-01-24,2026-03-30
0.442,FALSE,CONTRADICTING,0.17,NONE,NORMAL,TRAIN,True,LEGITIMATE,ACTIVE,2026-04-01,2026-06-09
0.281,CONFIRMED,SUPPORTING,0.828,NONE,NORMAL,TRAIN,True,CRIMINAL,ACTIVE,2026-05-27,2026-08-06
0.369,CONFIRMED,SUPPORTING,0.919,NONE,NORMAL,TRAIN,True,LEGITIMATE,ACTIVE,2026-06-01,2026-08-04
0.277,CONFIRMED,SUPPORTING,0.985,NONE,NORMAL,TRAIN,True,MIXED,ACTIVE,2025-09-30,2026-02-24
0.785,SUSPECTED,SUPPORTING,0.748,LEGITIMATE_ANOMALY,NORMAL,TRAIN,True,CRIMINAL,ACTIVE,2026-04-10,2026-08-15
0.275,SUSPECTED,SUPPORTING,0.854,NONE,NORMAL,TRAIN,True,CRIMINAL,ACTIVE,2026-05-14,2026-08-09
0.461,UNKNOWN,NEUTRAL,0.333,NONE,NORMAL,TRAIN,True,CRIMINAL,ACTIVE,2025-11-04,2026-03-19
0.214,FALSE,CONTRADICTING,0.241,NONE,NORMAL,TRAIN,True,MIXED,ACTIVE,2025-10-03,2026-02-13
0.673,SUSPECTED,SUPPORTING,0.778,NONE,NORMAL,TRAIN,True,CRIMINAL,ACTIVE,2026-01-30,2026-06-18
0.261,UNKNOWN,NEUTRAL,0.367,NONE,NORMAL,VALIDATION,True,LEGITIMATE,ACTIVE,2026-05-22,2026-09-07
0.394,SUSPECTED,SUPPORTING,0.698,NONE,NORMAL,TRAIN,True,CRIMINAL,ACTIVE,2026-03-05,2026-09-21
0.445,CONFIRMED,SUPPORTING,0.846,CONTEXTUAL_ANOMALY,NORMAL,TRAIN,True,CRIMINAL,ACTIVE,2026-03-26,2026-08-18
0.192,FALSE,CONTRADICTING,0.406,NONE,NORMAL,VALIDATION,True,LEGITIMATE,ACTIVE,2025-12-24,2026-05-29
0.681,SUSPECTED,SUPPORTING,0.843,NONE,NORMAL,TRAIN,True,CRIMINAL,ACTIVE,2026-01-17,2026-05-18
0.096,FALSE,CONTRADICTING,0.321,TEMPORAL_ANOMALY,NORMAL,TEST,True,AMBIGUOUS,ACTIVE,2026-03-03,2026-05-19
0.669,SUSPECTED,SUPPORTING,0.796,LEGITIMATE_ANOMALY,DUPLICATE,TRAIN,True,CRIMINAL,ACTIVE,2026-04-03,2026-07-11
0.137,UNKNOWN,NEUTRAL,0.265,NONE,NORMAL,TEST,True,AMBIGUOUS,ACTIVE,2025-12-13,2026-03-26
0.648,CONFIRMED,SUPPORTING,0.881,NONE,NORMAL,TRAIN,True,CRIMINAL,ACTIVE,2026-06-17,2026-07-24
0.482,FALSE,CONTRADICTING,0.162,CONTEXTUAL_ANOMALY,NORMAL,TRAIN,True,CRIMINAL,ACTIVE,2026-04-25,2026-09-13
0.139,SUSPECTED,SUPPORTING,0.666,NONE,NORMAL,TRAIN,True,MIXED,ACTIVE,2026-03-16,2026-05-24
0.253,SUSPECTED,SUPPORTING,0.752,LEGITIMATE_ANOMALY,NORMAL,TRAIN,True,CRIMINAL,ACTIVE,2025-10-28,2026-04-30
0.647,SUSPECTED,SUPPORTING,0.743,NONE,NORMAL,TRAIN,True,CRIMINAL,ACTIVE,2025-12-17,2026-05-05
0.236,SUSPECTED,SUPPORTING,0.84,NONE,NORMAL,TRAIN,True,MIXED,ACTIVE,2026-01-10,2026-05-06
0.22,FALSE,CONTRADICTING,0.258,CONTEXTUAL_ANOMALY,NORMAL,TRAIN,True,CRIMINAL,ACTIVE,2026-01-17,2026-03-11
0.37,FALSE,CONTRADICTING,0.244,NONE,NORMAL,TEST,True,AMBIGUOUS,ACTIVE,2026-02-14,2026-07-07
0.123,SUSPECTED,SUPPORTING,0.823,NONE,NORMAL,TRAIN,True,MIXED,ACTIVE,2026-05-23,2026-11-15
0.265,CONFIRMED,SUPPORTING,0.978,NONE,NORMAL,TRAIN,True,MIXED,ACTIVE,2026-01-31,2026-03-30
0.388,SUSPECTED,SUPPORTING,0.79,NONE,NORMAL,TEST,True,AMBIGUOUS,ACTIVE,2025-12-29,2026-04-12
0.693,SUSPECTED,SUPPORTING,0.691,NONE,NORMAL,TRAIN,True,MIXED,ACTIVE,2025-11-25,2026-05-21
0.319,FALSE,CONTRADICTING,0.148,NONE,NORMAL,TRAIN,True,LEGITIMATE,ACTIVE,2026-03-27,2026-09-06
0.176,CONFIRMED,SUPPORTING,0.833,TEMPORAL_ANOMALY,NORMAL,TRAIN,True,MIXED,ACTIVE,2025-11-08,2026-05-14
0.266,UNKNOWN,NEUTRAL,0.515,NONE,NORMAL,TEST,True,AMBIGUOUS,ACTIVE,2026-01-06,2026-07-28
0.501,CONFIRMED,SUPPORTING,0.978,NONE,NORMAL,TRAIN,True,LEGITIMATE,ACTIVE,2025-11-02,2026-04-18
0.341,SUSPECTED,SUPPORTING,0.658,CRIMINAL_ANOMALY,NORMAL,VALIDATION,True,LEGITIMATE,ACTIVE,2026-07-01,2026-09-11
0.362,CONFIRMED,SUPPORTING,0.878,NONE,NORMAL,TRAIN,True,CRIMINAL,ACTIVE,2026-03-11,2026-07-10
0.285,FALSE,CONTRADICTING,0.319,NONE,NORMAL,TRAIN,True,CRIMINAL,ACTIVE,2026-06-06,2026-08-30
0.305,UNKNOWN,NEUTRAL,0.503,NONE,NORMAL,TRAIN,True,MIXED,ACTIVE,2025-12-27,2026-03-16
0.086,CONFIRMED,SUPPORTING,0.949,NONE,NORMAL,TRAIN,True,CRIMINAL,ACTIVE,2026-04-21,2026-07-29
0.491,SUSPECTED,SUPPORTING,0.611,NONE,NORMAL,TRAIN,True,CRIMINAL,ACTIVE,2026-05-12,2026-09-17
0.252,CONFIRMED,SUPPORTING,0.871,NONE,NORMAL,TRAIN,True,MIXED,ACTIVE,2025-12-22,2026-04-04
0.08,UNKNOWN,NEUTRAL,0.472,NONE,NORMAL,TRAIN,True,MIXED,ACTIVE,2025-11-17,2026-04-08
0.505,UNKNOWN,NEUTRAL,0.225,LEGITIMATE_ANOMALY,NORMAL,TEST,True,AMBIGUOUS,ACTIVE,2025-11-18,2026-05-29
0.322,SUSPECTED,SUPPORTING,0.627,NONE,NORMAL,TRAIN,True,MIXED,ACTIVE,2026-01-31,2026-07-02
0.466,CONFIRMED,SUPPORTING,0.979,COLLECTIVE_ANOMALY,NORMAL,TRAIN,True,CRIMINAL,ACTIVE,2026-02-11,2026-06-04
0.303,SUSPECTED,SUPPORTING,0.708,CRIMINAL_ANOMALY,NORMAL,VALIDATION,True,LEGITIMATE,ACTIVE,2025-10-28,2026-03-23
0.631,SUSPECTED,SUPPORTING,0.653,CONTEXTUAL_ANOMALY,NORMAL,VALIDATION,True,LEGITIMATE,ACTIVE,2026-01-07,2026-04-04
0.2,FALSE,CONTRADICTING,0.277,NONE,NORMAL,TRAIN,True,CRIMINAL,ACTIVE,2026-02-14,2026-06-25
0.413,CONFIRMED,SUPPORTING,0.977,NONE,NORMAL,TRAIN,True,MIXED,ACTIVE,2026-01-03,2026-02-13
0.552,FALSE,CONTRADICTING,0.184,NONE,NORMAL,VALIDATION,True,LEGITIMATE,ACTIVE,2025-11-05,2026-04-15
0.662,CONFIRMED,SUPPORTING,0.94,LEGITIMATE_ANOMALY,NORMAL,TEST,True,AMBIGUOUS,ACTIVE,2025-11-07,2026-02-05
0.183,SUSPECTED,SUPPORTING,0.771,TEMPORAL_ANOMALY,NORMAL,TRAIN,True,CRIMINAL,ACTIVE,2026-02-10,2026-05-31
0.382,FALSE,CONTRADICTING,0.243,NONE,NORMAL,TEST,True,AMBIGUOUS,ACTIVE,2025-12-30,2026-05-01
0.239,UNKNOWN,NEUTRAL,0.291,NONE,NORMAL,VALIDATION,True,LEGITIMATE,ACTIVE,2025-10-18,2026-02-27
0.543,FALSE,CONTRADICTING,0.329,COLLECTIVE_ANOMALY,NORMAL,TRAIN,True,MIXED,ACTIVE,2026-04-08,2026-09-11
0.571,UNKNOWN,NEUTRAL,0.253,NONE,NORMAL,TRAIN,True,MIXED,ACTIVE,2026-04-05,2026-09-09
0.825,UNKNOWN,NEUTRAL,0.504,NONE,NORMAL,TRAIN,True,CRIMINAL,ACTIVE,2026-02-01,2026-08-21
0.331,CONFIRMED,SUPPORTING,0.988,NONE,NORMAL,TRAIN,True,CRIMINAL,ACTIVE,2026-03-06,2026-07-19
0.647,UNKNOWN,NEUTRAL,0.289,NONE,NORMAL,TEST,True,AMBIGUOUS,ACTIVE,2026-04-04,2026-08-14
0.089,UNKNOWN,NEUTRAL,0.302,NONE,NORMAL,TRAIN,True,MIXED,ACTIVE,2026-02-19,2026-05-04
0.749,UNKNOWN,NEUTRAL,0.398,NONE,DUPLICATE,TRAIN,True,CRIMINAL,ACTIVE,2026-04-11,2026-05-21
0.124,SUSPECTED,SUPPORTING,0.739,NONE,REVERSED_RECORD,TRAIN,True,CRIMINAL,ACTIVE,2026-01-27,2026-06-07
0.345,FALSE,CONTRADICTING,0.304,NONE,NORMAL,VALIDATION,True,LEGITIMATE,ACTIVE,2026-07-15,2026-09-09
0.424,SUSPECTED,SUPPORTING,0.847,NONE,NORMAL,TRAIN,True,CRIMINAL,ACTIVE,2025-12-19,2026-04-05
0.602,SUSPECTED,SUPPORTING,0.747,NONE,NORMAL,TRAIN,True,CRIMINAL,ACTIVE,2026-06-22,2026-09-27
0.29,CONFIRMED,SUPPORTING,0.904,NONE,NORMAL,TRAIN,True,CRIMINAL,ACTIVE,2026-03-09,2026-08-09
0.547,UNKNOWN,NEUTRAL,0.493,NONE,NORMAL,TRAIN,True,CRIMINAL,ACTIVE,2025-12-14,2026-06-04
0.43,UNKNOWN,NEUTRAL,0.516,NONE,NORMAL,VALIDATION,True,LEGITIMATE,ACTIVE,2026-04-19,2026-08-02
0.423,CONFIRMED,SUPPORTING,0.985,NONE,NORMAL,TRAIN,True,CRIMINAL,ACTIVE,2026-05-23,2026-08-17
0.103,UNKNOWN,NEUTRAL,0.426,NONE,NORMAL,TRAIN,True,CRIMINAL,ACTIVE,2026-05-14,2026-06-28
0.581,UNKNOWN,NEUTRAL,0.216,NONE,NORMAL,TRAIN,True,LEGITIMATE,ACTIVE,2026-05-16,2026-08-20
0.449,CONFIRMED,SUPPORTING,0.965,NONE,NORMAL,TRAIN,True,CRIMINAL,ACTIVE,2026-03-18,2026-08-23
0.237,FALSE,CONTRADICTING,0.138,NONE,NORMAL,TRAIN,True,LEGITIMATE,ACTIVE,2025-11-28,2026-01-29
0.341,SUSPECTED,SUPPORTING,0.811,NONE,NORMAL,TRAIN,True,CRIMINAL,ACTIVE,2025-11-24,2026-02-15
0.231,SUSPECTED,SUPPORTING,0.654,NONE,NORMAL,VALIDATION,True,LEGITIMATE,ACTIVE,2026-05-24,2026-08-31
0.528,UNKNOWN,NEUTRAL,0.416,NONE,NORMAL,TRAIN,True,MIXED,ACTIVE,2026-04-22,2026-07-19
0.42,FALSE,CONTRADICTING,0.13,NONE,NORMAL,TRAIN,True,MIXED,ACTIVE,2026-03-02,2026-04-26
0.464,UNKNOWN,NEUTRAL,0.437,NONE,NORMAL,TRAIN,True,MIXED,ACTIVE,2026-03-14,2026-07-23
0.833,FALSE,CONTRADICTING,0.173,NONE,NORMAL,TRAIN,True,MIXED,ACTIVE,2025-12-27,2026-03-05
0.501,CONFIRMED,SUPPORTING,0.835,NONE,NORMAL,TRAIN,True,CRIMINAL,ACTIVE,2026-04-11,2026-08-21
0.315,SUSPECTED,SUPPORTING,0.624,NONE,NORMAL,VALIDATION,True,LEGITIMATE,ACTIVE,2026-02-21,2026-06-28
0.565,SUSPECTED,SUPPORTING,0.79,CONTEXTUAL_ANOMALY,NORMAL,TRAIN,True,MIXED,ACTIVE,2026-04-29,2026-10-16
0.533,UNKNOWN,NEUTRAL,0.217,NONE,NORMAL,TRAIN,True,CRIMINAL,ACTIVE,2026-01-01,2026-05-20
0.51,CONFIRMED,SUPPORTING,0.89,NONE,NORMAL,TRAIN,True,CRIMINAL,ACTIVE,2026-06-07,2026-08-31
0.857,UNKNOWN,NEUTRAL,0.321,NONE,NORMAL,TRAIN,True,MIXED,ACTIVE,2026-01-07,2026-05-21
0.51,CONFIRMED,SUPPORTING,0.941,NONE,NORMAL,VALIDATION,True,LEGITIMATE,ACTIVE,2026-02-02,2026-06-24
0.674,SUSPECTED,SUPPORTING,0.764,NONE,NORMAL,TRAIN,True,CRIMINAL,ACTIVE,2026-04-09,2026-05-25
0.098,CONFIRMED,SUPPORTING,0.872,NONE,NORMAL,TRAIN,True,CRIMINAL,ACTIVE,2025-10-12,2026-02-22
0.321,SUSPECTED,SUPPORTING,0.748,COLLECTIVE_ANOMALY,NORMAL,TRAIN,True,CRIMINAL,ACTIVE,2025-12-01,2026-05-06
0.038,SUSPECTED,SUPPORTING,0.708,LEGITIMATE_ANOMALY,NORMAL,VALIDATION,True,LEGITIMATE,ACTIVE,2026-02-01,2026-03-17
0.323,UNKNOWN,NEUTRAL,0.319,CRIMINAL_ANOMALY,NORMAL,TRAIN,True,CRIMINAL,ACTIVE,2026-04-11,2026-08-03
0.534,CONFIRMED,SUPPORTING,0.825,NONE,NORMAL,TRAIN,True,MIXED,ACTIVE,2025-12-31,2026-07-05
0.541,UNKNOWN,NEUTRAL,0.379,CONTEXTUAL_ANOMALY,NORMAL,VALIDATION,True,LEGITIMATE,ACTIVE,2026-05-20,2026-09-06
0.117,FALSE,CONTRADICTING,0.284,NONE,NORMAL,VALIDATION,True,LEGITIMATE,ACTIVE,2026-07-23,2026-10-20
0.562,CONFIRMED,SUPPORTING,0.913,NONE,NORMAL,TRAIN,True,MIXED,ACTIVE,2026-04-03,2026-08-28
0.545,SUSPECTED,SUPPORTING,0.606,NONE,NORMAL,TRAIN,True,CRIMINAL,ACTIVE,2026-02-21,2026-05-31
0.395,FALSE,CONTRADICTING,0.378,COLLECTIVE_ANOMALY,NORMAL,TRAIN,True,CRIMINAL,ACTIVE,2025-12-07,2026-04-06
0.718,CONFIRMED,SUPPORTING,0.865,NONE,NORMAL,TRAIN,True,CRIMINAL,ACTIVE,2026-02-12,2026-06-16
0.166,UNKNOWN,NEUTRAL,0.466,NONE,NORMAL,TRAIN,True,MIXED,ACTIVE,2025-12-20,2026-03-17
0.604,UNKNOWN,NEUTRAL,0.427,NONE,NORMAL,TRAIN,True,LEGITIMATE,ACTIVE,2026-05-05,2026-08-26
0.279,SUSPECTED,SUPPORTING,0.763,CONTEXTUAL_ANOMALY,NORMAL,TRAIN,True,CRIMINAL,ACTIVE,2026-01-09,2026-02-12
0.599,SUSPECTED,SUPPORTING,0.854,NONE,NORMAL,TRAIN,True,CRIMINAL,ACTIVE,2025-12-30,2026-05-08
0.19,CONFIRMED,SUPPORTING,0.925,NONE,NORMAL,TRAIN,True,CRIMINAL,ACTIVE,2026-02-11,2026-05-25
0.195,FALSE,CONTRADICTING,0.388,LEGITIMATE_ANOMALY,NORMAL,TRAIN,True,MIXED,ACTIVE,2025-12-30,2026-03-24
0.552,SUSPECTED,SUPPORTING,0.693,NONE,NORMAL,TRAIN,True,CRIMINAL,ACTIVE,2026-04-02,2026-06-07
0.579,CONFIRMED,SUPPORTING,0.94,NONE,NORMAL,VALIDATION,True,LEGITIMATE,ACTIVE,2026-06-08,2026-10-27
0.302,FALSE,CONTRADICTING,0.185,NONE,NORMAL,TRAIN,True,MIXED,ACTIVE,2026-01-21,2026-07-25
0.524,CONFIRMED,SUPPORTING,0.969,LEGITIMATE_ANOMALY,NORMAL,VALIDATION,True,LEGITIMATE,ACTIVE,2026-01-11,2026-05-10
0.792,CONFIRMED,SUPPORTING,0.836,NONE,NORMAL,TRAIN,True,CRIMINAL,ACTIVE,2026-04-30,2026-09-09
0.557,UNKNOWN,NEUTRAL,0.397,TEMPORAL_ANOMALY,NORMAL,TRAIN,True,CRIMINAL,ACTIVE,2025-11-24,2026-02-12
0.216,UNKNOWN,NEUTRAL,0.496,CRIMINAL_ANOMALY,NORMAL,VALIDATION,True,LEGITIMATE,ACTIVE,2025-12-27,2026-02-24
0.486,CONFIRMED,SUPPORTING,0.933,NONE,NORMAL,TRAIN,True,CRIMINAL,ACTIVE,2026-02-04,2026-05-24
0.503,UNKNOWN,NEUTRAL,0.312,COLLECTIVE_ANOMALY,NORMAL,TRAIN,True,CRIMINAL,ACTIVE,2026-01-11,2026-05-11
0.491,UNKNOWN,NEUTRAL,0.41,NONE,NORMAL,TRAIN,True,CRIMINAL,ACTIVE,2025-12-12,2026-05-03
0.589,CONFIRMED,SUPPORTING,0.889,NONE,NORMAL,TRAIN,True,CRIMINAL,ACTIVE,2026-03-12,2026-05-01
0.066,SUSPECTED,SUPPORTING,0.762,NONE,NORMAL,TRAIN,True,MIXED,ACTIVE,2025-11-03,2026-02-17
0.565,FALSE,CONTRADICTING,0.308,NONE,NORMAL,VALIDATION,True,LEGITIMATE,ACTIVE,2026-05-01,2026-07-01
0.615,SUSPECTED,SUPPORTING,0.858,TEMPORAL_ANOMALY,NORMAL,TRAIN,True,CRIMINAL,ACTIVE,2026-03-29,2026-08-27
0.043,CONFIRMED,SUPPORTING,0.927,NONE,NORMAL,TRAIN,True,CRIMINAL,ACTIVE,2025-10-13,2026-02-11
0.427,CONFIRMED,SUPPORTING,0.911,COLLECTIVE_ANOMALY,NORMAL,TRAIN,True,CRIMINAL,ACTIVE,2025-09-24,2026-04-16
0.417,CONFIRMED,SUPPORTING,0.979,NONE,NORMAL,TRAIN,True,CRIMINAL,ACTIVE,2026-02-09,2026-06-19
0.272,UNKNOWN,NEUTRAL,0.365,TEMPORAL_ANOMALY,NORMAL,TRAIN,True,MIXED,ACTIVE,2026-01-16,2026-07-02
0.655,FALSE,CONTRADICTING,0.303,CONTEXTUAL_ANOMALY,NORMAL,TEST,True,AMBIGUOUS,ACTIVE,2026-02-27,2026-07-27
0.642,CONFIRMED,SUPPORTING,0.939,CONTEXTUAL_ANOMALY,NORMAL,TRAIN,True,CRIMINAL,ACTIVE,2026-04-17,2026-07-26
0.637,SUSPECTED,SUPPORTING,0.812,NONE,NORMAL,TRAIN,True,CRIMINAL,ACTIVE,2026-01-04,2026-04-17
0.601,FALSE,CONTRADICTING,0.219,NONE,NORMAL,TRAIN,True,CRIMINAL,ACTIVE,2026-07-22,2026-08-17
0.382,SUSPECTED,SUPPORTING,0.788,COLLECTIVE_ANOMALY,NORMAL,TEST,True,AMBIGUOUS,ACTIVE,2026-03-17,2026-09-22
0.222,FALSE,CONTRADICTING,0.389,NONE,NORMAL,VALIDATION,True,LEGITIMATE,ACTIVE,2026-04-18,2026-07-28
0.617,SUSPECTED,SUPPORTING,0.688,NONE,NORMAL,TRAIN,True,CRIMINAL,ACTIVE,2026-01-05,2026-05-07
0.422,UNKNOWN,NEUTRAL,0.336,NONE,NORMAL,VALIDATION,True,LEGITIMATE,ACTIVE,2025-10-01,2026-03-31
0.394,CONFIRMED,SUPPORTING,0.92,NONE,NORMAL,TRAIN,True,CRIMINAL,ACTIVE,2026-01-10,2026-05-11
0.334,CONFIRMED,SUPPORTING,0.925,NONE,NORMAL,TEST,True,AMBIGUOUS,ACTIVE,2026-04-14,2026-08-05
0.72,CONFIRMED,SUPPORTING,0.853,NONE,NORMAL,TRAIN,True,CRIMINAL,ACTIVE,2026-04-22,2026-09-03
0.2,CONFIRMED,SUPPORTING,0.99,NONE,NORMAL,TRAIN,True,CRIMINAL,ACTIVE,2026-07-04,2026-10-19
0.655,SUSPECTED,SUPPORTING,0.714,NONE,NORMAL,TRAIN,True,LEGITIMATE,ACTIVE,2026-02-10,2026-06-11
0.146,UNKNOWN,NEUTRAL,0.419,NONE,NORMAL,TEST,True,AMBIGUOUS,ACTIVE,2026-04-20,2026-09-24
0.617,UNKNOWN,NEUTRAL,0.466,NONE,NORMAL,TRAIN,True,MIXED,ACTIVE,2026-04-28,2026-10-30
0.191,CONFIRMED,SUPPORTING,0.893,NONE,NORMAL,TRAIN,True,MIXED,ACTIVE,2026-02-02,2026-07-14
0.687,SUSPECTED,SUPPORTING,0.736,NONE,NORMAL,TRAIN,True,MIXED,ACTIVE,2026-04-20,2026-09-10
0.69,UNKNOWN,NEUTRAL,0.3,NONE,NORMAL,TEST,True,AMBIGUOUS,ACTIVE,2025-12-21,2026-03-31
0.468,UNKNOWN,NEUTRAL,0.231,NONE,NORMAL,TRAIN,True,MIXED,ACTIVE,2025-12-01,2026-06-26
0.172,CONFIRMED,SUPPORTING,0.907,NONE,NORMAL,TRAIN,True,MIXED,ACTIVE,2025-11-22,2026-03-14
0.239,SUSPECTED,SUPPORTING,0.659,NONE,NORMAL,TRAIN,True,MIXED,ACTIVE,2026-05-20,2026-11-01
0.803,UNKNOWN,NEUTRAL,0.516,NONE,NORMAL,TRAIN,True,MIXED,ACTIVE,2026-02-08,2026-05-12
0.634,SUSPECTED,SUPPORTING,0.853,NONE,NORMAL,TEST,True,AMBIGUOUS,ACTIVE,2025-12-28,2026-04-18
0.612,SUSPECTED,SUPPORTING,0.705,CONTEXTUAL_ANOMALY,NORMAL,VALIDATION,True,LEGITIMATE,ACTIVE,2026-01-24,2026-06-08
0.519,CONFIRMED,SUPPORTING,0.972,NONE,NORMAL,VALIDATION,True,LEGITIMATE,ACTIVE,2026-05-09,2026-09-28
0.59,SUSPECTED,SUPPORTING,0.787,NONE,NORMAL,TRAIN,True,MIXED,ACTIVE,2026-05-02,2026-09-03
0.716,SUSPECTED,SUPPORTING,0.659,NONE,NORMAL,TEST,True,AMBIGUOUS,ACTIVE,2026-02-06,2026-05-07
0.345,SUSPECTED,SUPPORTING,0.712,NONE,NORMAL,TRAIN,True,CRIMINAL,ACTIVE,2026-01-26,2026-05-12
0.438,SUSPECTED,SUPPORTING,0.719,NONE,NORMAL,TRAIN,True,CRIMINAL,ACTIVE,2026-02-20,2026-06-19
0.133,UNKNOWN,NEUTRAL,0.293,NONE,NORMAL,TRAIN,True,CRIMINAL,ACTIVE,2026-03-21,2026-06-26
0.777,FALSE,CONTRADICTING,0.257,NONE,NORMAL,VALIDATION,True,LEGITIMATE,ACTIVE,2025-12-21,2026-06-27
0.313,SUSPECTED,SUPPORTING,0.655,TEMPORAL_ANOMALY,NORMAL,TRAIN,True,CRIMINAL,ACTIVE,2026-05-31,2026-08-29
0.499,CONFIRMED,SUPPORTING,0.965,CONTEXTUAL_ANOMALY,NORMAL,TRAIN,True,CRIMINAL,ACTIVE,2026-01-28,2026-05-07
0.48,FALSE,CONTRADICTING,0.308,NONE,NORMAL,TRAIN,True,CRIMINAL,ACTIVE,2026-06-28,2026-11-07
0.314,FALSE,CONTRADICTING,0.28,NONE,NORMAL,TEST,True,AMBIGUOUS,ACTIVE,2026-06-15,2026-09-14
0.229,UNKNOWN,NEUTRAL,0.514,NONE,NORMAL,TRAIN,True,CRIMINAL,ACTIVE,2026-03-12,2026-06-09
0.19,SUSPECTED,SUPPORTING,0.749,NONE,FORMATTING_VARIATION,TRAIN,True,MIXED,ACTIVE,2025-12-15,2026-04-03
0.306,UNKNOWN,NEUTRAL,0.268,NONE,NORMAL,TEST,True,AMBIGUOUS,ACTIVE,2026-02-18,2026-07-09
0.636,CONFIRMED,SUPPORTING,0.959,NONE,NORMAL,TRAIN,True,CRIMINAL,ACTIVE,2025-10-23,2026-04-11
0.689,SUSPECTED,SUPPORTING,0.712,LEGITIMATE_ANOMALY,NORMAL,TRAIN,True,CRIMINAL,ACTIVE,2026-01-29,2026-05-27
0.195,UNKNOWN,NEUTRAL,0.352,NONE,DUPLICATE,VALIDATION,True,LEGITIMATE,ACTIVE,2025-12-15,2026-04-25
0.535,CONFIRMED,SUPPORTING,0.835,NONE,NORMAL,TRAIN,True,LEGITIMATE,ACTIVE,2026-04-27,2026-10-26
0.395,CONFIRMED,SUPPORTING,0.986,NONE,NORMAL,TRAIN,True,CRIMINAL,ACTIVE,2025-11-06,2026-04-01
0.789,UNKNOWN,NEUTRAL,0.269,NONE,NORMAL,TRAIN,True,CRIMINAL,ACTIVE,2026-01-19,2026-06-23
0.51,UNKNOWN,NEUTRAL,0.486,LEGITIMATE_ANOMALY,NORMAL,TRAIN,True,CRIMINAL,ACTIVE,2026-01-14,2026-07-25
0.221,CONFIRMED,SUPPORTING,0.885,NONE,NORMAL,TRAIN,True,CRIMINAL,ACTIVE,2025-09-06,2026-03-31
0.555,SUSPECTED,SUPPORTING,0.688,NONE,NORMAL,TRAIN,True,CRIMINAL,ACTIVE,2026-03-31,2026-07-13
0.221,CONFIRMED,SUPPORTING,0.92,COLLECTIVE_ANOMALY,NORMAL,TRAIN,True,CRIMINAL,ACTIVE,2026-02-02,2026-05-28
0.151,CONFIRMED,SUPPORTING,0.93,NONE,NORMAL,VALIDATION,True,LEGITIMATE,ACTIVE,2026-01-12,2026-04-03
0.387,CONFIRMED,SUPPORTING,0.868,NONE,NORMAL,TEST,True,AMBIGUOUS,ACTIVE,2025-12-29,2026-04-14
0.598,UNKNOWN,NEUTRAL,0.466,NONE,NORMAL,TRAIN,True,CRIMINAL,ACTIVE,2026-07-07,2026-11-09
0.465,CONFIRMED,SUPPORTING,0.892,NONE,NORMAL,VALIDATION,True,LEGITIMATE,ACTIVE,2026-05-01,2026-08-22
0.138,CONFIRMED,SUPPORTING,0.927,CONTEXTUAL_ANOMALY,NORMAL,TRAIN,True,MIXED,ACTIVE,2026-03-21,2026-06-16
0.7,SUSPECTED,SUPPORTING,0.785,NONE,NORMAL,TEST,True,AMBIGUOUS,ACTIVE,2026-02-26,2026-08-02
0.615,SUSPECTED,SUPPORTING,0.683,NONE,NORMAL,TRAIN,True,CRIMINAL,ACTIVE,2026-01-18,2026-06-16
0.344,SUSPECTED,SUPPORTING,0.671,NONE,NORMAL,VALIDATION,True,LEGITIMATE,ACTIVE,2025-11-26,2026-02-03
0.414,UNKNOWN,NEUTRAL,0.27,NONE,NORMAL,TEST,True,AMBIGUOUS,ACTIVE,2025-12-21,2026-06-16
0.606,SUSPECTED,SUPPORTING,0.638,NONE,NORMAL,TRAIN,True,CRIMINAL,ACTIVE,2026-04-17,2026-09-03
0.225,UNKNOWN,NEUTRAL,0.414,NONE,NORMAL,TRAIN,True,MIXED,ACTIVE,2026-05-31,2026-07-24
0.594,SUSPECTED,SUPPORTING,0.681,NONE,NORMAL,TRAIN,True,MIXED,ACTIVE,2026-01-09,2026-03-11
0.114,CONFIRMED,SUPPORTING,0.929,NONE,NORMAL,VALIDATION,True,LEGITIMATE,ACTIVE,2025-12-06,2026-04-02
0.551,CONFIRMED,SUPPORTING,0.953,NONE,NORMAL,TRAIN,True,MIXED,ACTIVE,2026-06-16,2026-10-11
0.488,FALSE,CONTRADICTING,0.284,TEMPORAL_ANOMALY,NORMAL,TRAIN,True,CRIMINAL,ACTIVE,2026-01-02,2026-05-23
0.505,UNKNOWN,NEUTRAL,0.417,NONE,NORMAL,TRAIN,True,CRIMINAL,ACTIVE,2026-04-27,2026-06-28
0.299,SUSPECTED,SUPPORTING,0.622,NONE,NORMAL,TRAIN,True,CRIMINAL,ACTIVE,2026-05-11,2026-07-01
0.369,CONFIRMED,SUPPORTING,0.886,NONE,REVERSED_RECORD,TRAIN,True,MIXED,ACTIVE,2026-02-20,2026-06-15
0.459,FALSE,CONTRADICTING,0.371,NONE,NORMAL,TEST,True,AMBIGUOUS,ACTIVE,2026-06-03,2026-08-30
0.649,CONFIRMED,SUPPORTING,0.95,NONE,NORMAL,TEST,True,AMBIGUOUS,ACTIVE,2026-07-05,2026-09-09
0.529,FALSE,CONTRADICTING,0.248,NONE,NORMAL,TRAIN,True,MIXED,ACTIVE,2026-06-21,2026-09-06
0.408,CONFIRMED,SUPPORTING,0.949,NONE,NORMAL,TRAIN,True,MIXED,ACTIVE,2025-10-31,2026-02-23
0.35,FALSE,CONTRADICTING,0.189,NONE,NORMAL,TRAIN,True,CRIMINAL,ACTIVE,2026-02-13,2026-05-27
0.464,FALSE,CONTRADICTING,0.194,NONE,NORMAL,TRAIN,True,MIXED,ACTIVE,2026-04-05,2026-08-11
0.699,FALSE,CONTRADICTING,0.18,CRIMINAL_ANOMALY,NORMAL,VALIDATION,True,LEGITIMATE,ACTIVE,2026-01-20,2026-03-12
0.617,FALSE,CONTRADICTING,0.224,NONE,NORMAL,TRAIN,True,MIXED,ACTIVE,2026-01-27,2026-03-24
0.224,FALSE,CONTRADICTING,0.398,NONE,FORMATTING_VARIATION,TEST,True,AMBIGUOUS,ACTIVE,2026-03-08,2026-05-22
0.379,UNKNOWN,NEUTRAL,0.419,CRIMINAL_ANOMALY,NORMAL,TRAIN,True,MIXED,ACTIVE,2025-10-05,2026-02-27
0.08,SUSPECTED,SUPPORTING,0.688,NONE,NORMAL,TRAIN,True,LEGITIMATE,ACTIVE,2026-04-18,2026-09-16
0.765,UNKNOWN,NEUTRAL,0.299,NONE,NORMAL,TRAIN,True,CRIMINAL,ACTIVE,2026-05-10,2026-09-28
0.474,CONFIRMED,SUPPORTING,0.862,NONE,NORMAL,TRAIN,True,CRIMINAL,ACTIVE,2026-05-01,2026-07-17
0.326,UNKNOWN,NEUTRAL,0.317,NONE,NORMAL,TEST,True,AMBIGUOUS,ACTIVE,2025-12-13,2026-05-11
0.531,UNKNOWN,NEUTRAL,0.526,NONE,NORMAL,VALIDATION,True,LEGITIMATE,ACTIVE,2026-01-24,2026-05-03
0.779,SUSPECTED,SUPPORTING,0.678,CONTEXTUAL_ANOMALY,NORMAL,TEST,True,AMBIGUOUS,ACTIVE,2026-06-14,2026-09-03
0.215,CONFIRMED,SUPPORTING,0.952,NONE,NORMAL,TRAIN,True,CRIMINAL,ACTIVE,2025-12-28,2026-05-22
0.349,CONFIRMED,SUPPORTING,0.925,NONE,NORMAL,TRAIN,True,CRIMINAL,ACTIVE,2026-05-01,2026-08-10
0.458,UNKNOWN,NEUTRAL,0.398,NONE,NORMAL,TRAIN,True,CRIMINAL,ACTIVE,2025-12-09,2026-05-16
0.385,CONFIRMED,SUPPORTING,0.84,NONE,NORMAL,TRAIN,True,CRIMINAL,ACTIVE,2025-11-22,2026-02-21
0.149,CONFIRMED,SUPPORTING,0.938,LEGITIMATE_ANOMALY,NORMAL,TRAIN,True,CRIMINAL,ACTIVE,2026-06-26,2026-09-28
0.114,FALSE,CONTRADICTING,0.379,NONE,NORMAL,VALIDATION,True,LEGITIMATE,ACTIVE,2026-05-02,2026-08-09
0.474,FALSE,CONTRADICTING,0.301,NONE,NORMAL,TRAIN,True,MIXED,ACTIVE,2025-10-08,2026-02-01
0.83,FALSE,CONTRADICTING,0.291,NONE,NORMAL,TEST,True,AMBIGUOUS,ACTIVE,2026-04-21,2026-08-01
0.808,SUSPECTED,SUPPORTING,0.791,NONE,NORMAL,TRAIN,True,CRIMINAL,ACTIVE,2026-05-04,2026-09-08
0.261,SUSPECTED,SUPPORTING,0.602,NONE,NORMAL,TEST,True,AMBIGUOUS,ACTIVE,2026-03-22,2026-06-08
0.653,CONFIRMED,SUPPORTING,0.962,NONE,NORMAL,TRAIN,True,LEGITIMATE,ACTIVE,2026-04-01,2026-09-16
0.619,SUSPECTED,SUPPORTING,0.616,NONE,NORMAL,TRAIN,True,CRIMINAL,ACTIVE,2025-12-19,2026-06-29
0.523,CONFIRMED,SUPPORTING,0.928,LEGITIMATE_ANOMALY,NORMAL,TRAIN,True,CRIMINAL,ACTIVE,2026-03-23,2026-06-07
0.305,SUSPECTED,SUPPORTING,0.745,NONE,NORMAL,TRAIN,True,CRIMINAL,ACTIVE,2025-12-08,2026-05-04
0.481,UNKNOWN,NEUTRAL,0.457,NONE,NORMAL,TRAIN,True,LEGITIMATE,ACTIVE,2025-09-19,2026-02-25
0.131,SUSPECTED,SUPPORTING,0.839,NONE,NORMAL,TRAIN,True,CRIMINAL,ACTIVE,2025-12-07,2026-04-28
0.186,UNKNOWN,NEUTRAL,0.417,NONE,NORMAL,TRAIN,True,CRIMINAL,ACTIVE,2025-09-24,2026-03-21
0.306,CONFIRMED,SUPPORTING,0.855,NONE,NORMAL,TRAIN,True,CRIMINAL,ACTIVE,2025-12-19,2026-05-03
0.416,UNKNOWN,NEUTRAL,0.283,LEGITIMATE_ANOMALY,NORMAL,TRAIN,True,CRIMINAL,ACTIVE,2026-04-19,2026-09-19
0.311,SUSPECTED,SUPPORTING,0.584,NONE,NORMAL,TRAIN,True,CRIMINAL,ACTIVE,2026-03-03,2026-08-07
0.849,CONFIRMED,SUPPORTING,0.9,NONE,NORMAL,VALIDATION,True,LEGITIMATE,ACTIVE,2026-05-16,2026-08-14
0.416,UNKNOWN,NEUTRAL,0.321,NONE,NORMAL,TRAIN,True,CRIMINAL,ACTIVE,2026-01-29,2026-06-21
0.526,CONFIRMED,SUPPORTING,0.953,NONE,NORMAL,VALIDATION,True,LEGITIMATE,ACTIVE,2026-05-14,2026-10-08
0.314,CONFIRMED,SUPPORTING,0.97,NONE,FORMATTING_VARIATION,TRAIN,True,CRIMINAL,ACTIVE,2025-11-23,2026-03-28
0.09,CONFIRMED,SUPPORTING,0.969,NONE,NORMAL,TRAIN,True,CRIMINAL,ACTIVE,2026-02-08,2026-07-07
0.487,UNKNOWN,NEUTRAL,0.357,NONE,NORMAL,TRAIN,True,CRIMINAL,ACTIVE,2025-11-25,2026-03-27
0.392,CONFIRMED,SUPPORTING,0.857,NONE,MISSING_COUNTERPARTY,TRAIN,True,MIXED,ACTIVE,2026-04-06,2026-05-16
0.522,FALSE,CONTRADICTING,0.322,NONE,NORMAL,VALIDATION,True,LEGITIMATE,ACTIVE,2025-12-18,2026-04-29
0.358,SUSPECTED,SUPPORTING,0.79,CONTEXTUAL_ANOMALY,NORMAL,VALIDATION,True,LEGITIMATE,ACTIVE,2026-05-24,2026-08-13
0.746,UNKNOWN,NEUTRAL,0.538,NONE,NORMAL,TRAIN,True,LEGITIMATE,ACTIVE,2026-03-11,2026-08-05
0.574,SUSPECTED,SUPPORTING,0.652,NONE,NORMAL,TRAIN,True,MIXED,ACTIVE,2026-06-24,2026-09-06
0.239,CONFIRMED,SUPPORTING,0.937,NONE,NORMAL,TRAIN,True,CRIMINAL,ACTIVE,2025-10-07,2026-03-03
0.298,CONFIRMED,SUPPORTING,0.846,NONE,NORMAL,TRAIN,True,CRIMINAL,ACTIVE,2025-11-10,2026-04-26
0.189,UNKNOWN,NEUTRAL,0.453,NONE,NORMAL,TRAIN,True,MIXED,ACTIVE,2026-07-30,2026-10-26
0.418,UNKNOWN,NEUTRAL,0.258,NONE,NORMAL,VALIDATION,True,LEGITIMATE,ACTIVE,2026-01-31,2026-07-01
0.285,CONFIRMED,SUPPORTING,0.936,NONE,NORMAL,TRAIN,True,CRIMINAL,ACTIVE,2026-03-11,2026-05-12
0.844,UNKNOWN,NEUTRAL,0.209,NONE,NORMAL,TRAIN,True,MIXED,ACTIVE,2025-12-21,2026-03-22
0.36,SUSPECTED,SUPPORTING,0.668,NONE,NORMAL,VALIDATION,True,LEGITIMATE,ACTIVE,2026-03-21,2026-07-06
0.272,FALSE,CONTRADICTING,0.354,COLLECTIVE_ANOMALY,NORMAL,TRAIN,True,CRIMINAL,ACTIVE,2026-02-11,2026-06-06
0.707,CONFIRMED,SUPPORTING,0.893,NONE,NORMAL,TRAIN,True,CRIMINAL,ACTIVE,2025-11-18,2026-04-12
0.208,SUSPECTED,SUPPORTING,0.833,NONE,NORMAL,TRAIN,True,CRIMINAL,ACTIVE,2026-04-22,2026-07-13
0.377,SUSPECTED,SUPPORTING,0.718,NONE,NORMAL,TEST,True,AMBIGUOUS,ACTIVE,2026-01-06,2026-04-11
0.852,CONFIRMED,SUPPORTING,0.855,NONE,NORMAL,TRAIN,True,MIXED,ACTIVE,2025-12-27,2026-03-19
0.042,UNKNOWN,NEUTRAL,0.408,NONE,NORMAL,TEST,True,AMBIGUOUS,ACTIVE,2026-02-09,2026-07-27
0.778,CONFIRMED,SUPPORTING,0.866,NONE,NORMAL,TRAIN,True,MIXED,ACTIVE,2025-09-24,2026-02-12
0.82,UNKNOWN,NEUTRAL,0.281,NONE,NORMAL,TEST,True,AMBIGUOUS,ACTIVE,2026-05-31,2026-09-20
0.851,FALSE,CONTRADICTING,0.209,NONE,NORMAL,TRAIN,True,CRIMINAL,ACTIVE,2026-03-27,2026-08-14
0.698,SUSPECTED,SUPPORTING,0.839,NONE,NORMAL,TRAIN,True,CRIMINAL,ACTIVE,2026-04-25,2026-07-11
0.389,CONFIRMED,SUPPORTING,0.865,NONE,NORMAL,TRAIN,True,MIXED,ACTIVE,2026-05-06,2026-07-12
0.663,UNKNOWN,NEUTRAL,0.384,NONE,NORMAL,TRAIN,True,CRIMINAL,ACTIVE,2026-07-11,2026-10-22
0.476,UNKNOWN,NEUTRAL,0.326,NONE,NORMAL,TRAIN,True,CRIMINAL,ACTIVE,2026-05-04,2026-10-02
0.079,CONFIRMED,SUPPORTING,0.892,NONE,NORMAL,TRAIN,True,CRIMINAL,ACTIVE,2026-03-07,2026-07-13
0.486,SUSPECTED,SUPPORTING,0.786,NONE,NORMAL,TRAIN,True,CRIMINAL,ACTIVE,2025-10-22,2026-04-05
0.577,FALSE,CONTRADICTING,0.302,NONE,NORMAL,VALIDATION,True,LEGITIMATE,ACTIVE,2026-04-10,2026-09-20
0.665,UNKNOWN,NEUTRAL,0.464,NONE,NORMAL,TRAIN,True,CRIMINAL,ACTIVE,2026-04-21,2026-07-22
0.377,SUSPECTED,SUPPORTING,0.768,NONE,NORMAL,TRAIN,True,MIXED,ACTIVE,2025-11-13,2026-02-26
0.439,SUSPECTED,SUPPORTING,0.794,NONE,DUPLICATE,VALIDATION,True,LEGITIMATE,ACTIVE,2026-04-07,2026-10-01
0.279,CONFIRMED,SUPPORTING,0.952,NONE,NORMAL,TRAIN,True,CRIMINAL,ACTIVE,2025-11-09,2026-05-19
0.323,FALSE,CONTRADICTING,0.15,NONE,NORMAL,TRAIN,True,CRIMINAL,ACTIVE,2025-11-14,2026-01-29
0.877,CONFIRMED,SUPPORTING,0.937,CRIMINAL_ANOMALY,NORMAL,TRAIN,True,LEGITIMATE,ACTIVE,2026-05-26,2026-07-28
0.427,UNKNOWN,NEUTRAL,0.509,NONE,NORMAL,TRAIN,True,MIXED,ACTIVE,2026-04-14,2026-07-25
0.715,CONFIRMED,SUPPORTING,0.902,NONE,NORMAL,TRAIN,True,CRIMINAL,ACTIVE,2025-09-23,2026-03-27
0.212,FALSE,CONTRADICTING,0.142,COLLECTIVE_ANOMALY,NORMAL,TRAIN,True,CRIMINAL,ACTIVE,2025-11-13,2026-04-14
0.203,UNKNOWN,NEUTRAL,0.545,CONTEXTUAL_ANOMALY,NORMAL,TEST,True,AMBIGUOUS,ACTIVE,2025-10-18,2026-03-15
0.494,SUSPECTED,SUPPORTING,0.618,NONE,NORMAL,VALIDATION,True,LEGITIMATE,ACTIVE,2026-02-02,2026-04-29
0.666,FALSE,CONTRADICTING,0.288,NONE,NORMAL,VALIDATION,True,LEGITIMATE,ACTIVE,2026-01-14,2026-04-10
0.391,CONFIRMED,SUPPORTING,0.884,CONTEXTUAL_ANOMALY,NORMAL,TRAIN,True,CRIMINAL,ACTIVE,2026-01-07,2026-04-09
0.678,CONFIRMED,SUPPORTING,0.916,NONE,NORMAL,TRAIN,True,CRIMINAL,ACTIVE,2026-02-28,2026-05-19
0.356,SUSPECTED,SUPPORTING,0.599,NONE,NORMAL,TRAIN,True,MIXED,ACTIVE,2025-12-06,2026-03-30
0.786,UNKNOWN,NEUTRAL,0.327,NONE,NORMAL,VALIDATION,True,LEGITIMATE,ACTIVE,2026-04-01,2026-07-05
0.347,UNKNOWN,NEUTRAL,0.217,NONE,NORMAL,TRAIN,True,CRIMINAL,ACTIVE,2026-04-01,2026-08-18
0.554,CONFIRMED,SUPPORTING,0.863,LEGITIMATE_ANOMALY,NORMAL,TRAIN,True,CRIMINAL,ACTIVE,2026-05-10,2026-09-03
0.263,FALSE,CONTRADICTING,0.256,NONE,NORMAL,VALIDATION,True,LEGITIMATE,ACTIVE,2025-12-03,2026-03-22
0.436,SUSPECTED,SUPPORTING,0.747,COLLECTIVE_ANOMALY,NORMAL,TRAIN,True,MIXED,ACTIVE,2026-05-11,2026-08-14
0.247,CONFIRMED,SUPPORTING,0.849,CONTEXTUAL_ANOMALY,NORMAL,TRAIN,True,MIXED,ACTIVE,2026-03-10,2026-07-01
0.274,UNKNOWN,NEUTRAL,0.345,NONE,NORMAL,TRAIN,True,CRIMINAL,ACTIVE,2026-06-04,2026-09-09
0.615,SUSPECTED,SUPPORTING,0.815,NONE,NORMAL,VALIDATION,True,LEGITIMATE,ACTIVE,2025-09-25,2026-03-04
0.177,FALSE,CONTRADICTING,0.207,NONE,NORMAL,VALIDATION,True,LEGITIMATE,ACTIVE,2025-12-20,2026-03-05
0.501,SUSPECTED,SUPPORTING,0.782,NONE,NORMAL,TRAIN,True,CRIMINAL,ACTIVE,2025-11-14,2026-04-03
0.888,CONFIRMED,SUPPORTING,0.943,LEGITIMATE_ANOMALY,NORMAL,TRAIN,True,CRIMINAL,ACTIVE,2026-03-17,2026-09-22
0.698,SUSPECTED,SUPPORTING,0.707,NONE,NORMAL,TRAIN,True,LEGITIMATE,ACTIVE,2026-02-06,2026-05-26
0.866,SUSPECTED,SUPPORTING,0.638,NONE,NORMAL,TRAIN,True,MIXED,ACTIVE,2025-09-06,2026-02-19
0.728,SUSPECTED,SUPPORTING,0.647,NONE,NORMAL,VALIDATION,True,LEGITIMATE,ACTIVE,2026-02-07,2026-05-08
0.791,UNKNOWN,NEUTRAL,0.234,TEMPORAL_ANOMALY,NORMAL,VALIDATION,True,LEGITIMATE,ACTIVE,2026-03-14,2026-07-05
0.148,UNKNOWN,NEUTRAL,0.549,NONE,NORMAL,TEST,True,AMBIGUOUS,ACTIVE,2025-09-27,2026-03-13
0.326,CONFIRMED,SUPPORTING,0.913,TEMPORAL_ANOMALY,NORMAL,TRAIN,True,MIXED,ACTIVE,2025-11-15,2026-04-09
0.481,FALSE,CONTRADICTING,0.339,NONE,NORMAL,VALIDATION,True,LEGITIMATE,ACTIVE,2026-04-05,2026-09-27
0.262,CONFIRMED,SUPPORTING,0.977,CONTEXTUAL_ANOMALY,NORMAL,VALIDATION,True,LEGITIMATE,ACTIVE,2026-01-12,2026-03-28
0.208,CONFIRMED,SUPPORTING,0.869,NONE,NORMAL,TRAIN,True,MIXED,ACTIVE,2025-10-22,2026-03-16
0.213,CONFIRMED,SUPPORTING,0.953,CONTEXTUAL_ANOMALY,NORMAL,TRAIN,True,CRIMINAL,ACTIVE,2026-05-15,2026-09-22
0.628,FALSE,CONTRADICTING,0.346,NONE,NORMAL,VALIDATION,True,LEGITIMATE,ACTIVE,2025-10-19,2026-03-30
0.322,FALSE,CONTRADICTING,0.315,NONE,NORMAL,TEST,True,AMBIGUOUS,ACTIVE,2026-04-08,2026-07-30
0.401,SUSPECTED,SUPPORTING,0.668,NONE,NORMAL,TRAIN,True,CRIMINAL,ACTIVE,2026-05-24,2026-07-16
0.198,UNKNOWN,NEUTRAL,0.204,NONE,MISSING_COUNTERPARTY,TRAIN,True,CRIMINAL,ACTIVE,2026-02-20,2026-05-24
0.846,CONFIRMED,SUPPORTING,0.859,NONE,NORMAL,TRAIN,True,CRIMINAL,ACTIVE,2026-01-10,2026-04-15
0.189,SUSPECTED,SUPPORTING,0.599,NONE,NORMAL,TRAIN,True,MIXED,ACTIVE,2026-03-05,2026-09-17
0.817,CONFIRMED,SUPPORTING,0.942,NONE,NORMAL,VALIDATION,True,LEGITIMATE,ACTIVE,2026-04-02,2026-07-30
0.784,SUSPECTED,SUPPORTING,0.788,NONE,REVERSED_RECORD,TRAIN,True,CRIMINAL,ACTIVE,2026-01-20,2026-06-30
0.868,FALSE,CONTRADICTING,0.304,NONE,NORMAL,TRAIN,True,CRIMINAL,ACTIVE,2026-05-25,2026-09-02
0.067,SUSPECTED,SUPPORTING,0.701,NONE,NORMAL,TEST,True,AMBIGUOUS,ACTIVE,2026-03-16,2026-06-17
0.844,UNKNOWN,NEUTRAL,0.379,NONE,NORMAL,TRAIN,True,MIXED,ACTIVE,2026-02-07,2026-06-14
0.237,CONFIRMED,SUPPORTING,0.912,NONE,NORMAL,TRAIN,True,CRIMINAL,ACTIVE,2026-04-20,2026-08-09
0.102,SUSPECTED,SUPPORTING,0.654,NONE,NORMAL,TRAIN,True,CRIMINAL,ACTIVE,2025-12-08,2026-05-18
0.363,SUSPECTED,SUPPORTING,0.809,NONE,NORMAL,TRAIN,True,CRIMINAL,ACTIVE,2026-05-13,2026-09-08
0.632,FALSE,CONTRADICTING,0.412,NONE,NORMAL,TEST,True,AMBIGUOUS,ACTIVE,2026-05-07,2026-06-30
0.502,SUSPECTED,SUPPORTING,0.758,NONE,NORMAL,TEST,True,AMBIGUOUS,ACTIVE,2026-07-30,2026-09-21
0.53,SUSPECTED,SUPPORTING,0.844,NONE,NORMAL,TRAIN,True,CRIMINAL,ACTIVE,2026-02-04,2026-04-15
0.623,FALSE,CONTRADICTING,0.165,NONE,NORMAL,VALIDATION,True,LEGITIMATE,ACTIVE,2026-05-27,2026-10-21
0.407,UNKNOWN,NEUTRAL,0.342,NONE,NORMAL,TRAIN,True,MIXED,ACTIVE,2025-10-05,2026-02-02
0.38,CONFIRMED,SUPPORTING,0.967,TEMPORAL_ANOMALY,NORMAL,TRAIN,True,MIXED,ACTIVE,2026-04-03,2026-06-22
0.503,SUSPECTED,SUPPORTING,0.791,NONE,NORMAL,TEST,True,AMBIGUOUS,ACTIVE,2026-05-19,2026-09-12
0.586,UNKNOWN,NEUTRAL,0.528,LEGITIMATE_ANOMALY,NORMAL,TRAIN,True,MIXED,ACTIVE,2026-06-19,2026-08-26
0.345,CONFIRMED,SUPPORTING,0.871,NONE,NORMAL,TRAIN,True,MIXED,ACTIVE,2026-04-25,2026-07-29
0.381,FALSE,CONTRADICTING,0.151,LEGITIMATE_ANOMALY,NORMAL,VALIDATION,True,LEGITIMATE,ACTIVE,2026-01-23,2026-06-07
0.601,SUSPECTED,SUPPORTING,0.595,NONE,NORMAL,VALIDATION,True,LEGITIMATE,ACTIVE,2026-01-17,2026-04-14
0.445,CONFIRMED,SUPPORTING,0.915,NONE,NORMAL,TRAIN,True,CRIMINAL,ACTIVE,2026-01-02,2026-07-06
0.202,SUSPECTED,SUPPORTING,0.699,NONE,NORMAL,TRAIN,True,CRIMINAL,ACTIVE,2026-06-03,2026-10-24
0.522,UNKNOWN,NEUTRAL,0.497,NONE,NORMAL,TEST,True,AMBIGUOUS,ACTIVE,2026-05-28,2026-09-15
0.311,UNKNOWN,NEUTRAL,0.272,CRIMINAL_ANOMALY,NORMAL,TRAIN,True,CRIMINAL,ACTIVE,2025-11-17,2026-02-14
0.343,UNKNOWN,NEUTRAL,0.327,LEGITIMATE_ANOMALY,NORMAL,TRAIN,True,CRIMINAL,ACTIVE,2026-04-08,2026-09-14
0.062,SUSPECTED,SUPPORTING,0.713,NONE,NORMAL,TRAIN,True,LEGITIMATE,ACTIVE,2026-03-19,2026-07-04
0.493,SUSPECTED,SUPPORTING,0.645,NONE,NORMAL,VALIDATION,True,LEGITIMATE,ACTIVE,2026-01-08,2026-04-13
0.386,FALSE,CONTRADICTING,0.308,NONE,NORMAL,TRAIN,True,MIXED,ACTIVE,2026-06-26,2026-10-04
0.447,CONFIRMED,SUPPORTING,0.989,LEGITIMATE_ANOMALY,NORMAL,TRAIN,True,CRIMINAL,ACTIVE,2026-05-02,2026-06-17
0.23,FALSE,CONTRADICTING,0.341,NONE,NORMAL,TRAIN,True,CRIMINAL,ACTIVE,2025-10-01,2026-02-03
0.511,SUSPECTED,SUPPORTING,0.725,CONTEXTUAL_ANOMALY,NORMAL,VALIDATION,True,LEGITIMATE,ACTIVE,2025-12-26,2026-02-25
0.338,CONFIRMED,SUPPORTING,0.887,NONE,NORMAL,TRAIN,True,CRIMINAL,ACTIVE,2026-01-26,2026-06-15
0.24,SUSPECTED,SUPPORTING,0.671,LEGITIMATE_ANOMALY,NORMAL,TRAIN,True,CRIMINAL,ACTIVE,2026-03-01,2026-06-09
0.585,CONFIRMED,SUPPORTING,0.834,CRIMINAL_ANOMALY,NORMAL,TEST,True,AMBIGUOUS,ACTIVE,2026-04-30,2026-08-13
0.126,SUSPECTED,SUPPORTING,0.836,NONE,NORMAL,TEST,True,AMBIGUOUS,ACTIVE,2026-01-27,2026-05-16
0.852,CONFIRMED,SUPPORTING,0.896,NONE,NORMAL,TRAIN,True,MIXED,ACTIVE,2026-04-03,2026-07-17
0.599,SUSPECTED,SUPPORTING,0.637,LEGITIMATE_ANOMALY,NORMAL,TRAIN,True,CRIMINAL,ACTIVE,2026-01-25,2026-03-25
0.34,SUSPECTED,SUPPORTING,0.818,NONE,NORMAL,TRAIN,True,MIXED,ACTIVE,2026-04-27,2026-10-02
0.337,SUSPECTED,SUPPORTING,0.763,NONE,NORMAL,TEST,True,AMBIGUOUS,ACTIVE,2025-10-17,2026-03-26
0.074,CONFIRMED,SUPPORTING,0.859,NONE,NORMAL,TEST,True,AMBIGUOUS,ACTIVE,2026-02-04,2026-05-03
0.431,FALSE,CONTRADICTING,0.396,NONE,NORMAL,VALIDATION,True,LEGITIMATE,ACTIVE,2026-02-24,2026-07-24
0.322,UNKNOWN,NEUTRAL,0.509,NONE,NORMAL,TEST,True,AMBIGUOUS,ACTIVE,2026-02-19,2026-08-08
0.212,SUSPECTED,SUPPORTING,0.585,NONE,NORMAL,TRAIN,True,CRIMINAL,ACTIVE,2026-02-13,2026-08-12
0.152,FALSE,CONTRADICTING,0.395,NONE,MISSING_COUNTERPARTY,TRAIN,True,MIXED,ACTIVE,2025-12-04,2026-04-15
0.785,UNKNOWN,NEUTRAL,0.289,NONE,NORMAL,VALIDATION,True,LEGITIMATE,ACTIVE,2025-11-03,2026-03-24
0.545,CONFIRMED,SUPPORTING,0.833,NONE,NORMAL,TRAIN,True,MIXED,ACTIVE,2026-03-12,2026-07-20
0.198,UNKNOWN,NEUTRAL,0.495,NONE,NORMAL,TRAIN,True,MIXED,ACTIVE,2026-04-15,2026-10-13
0.251,UNKNOWN,NEUTRAL,0.328,COLLECTIVE_ANOMALY,NORMAL,TRAIN,True,CRIMINAL,ACTIVE,2026-07-21,2026-09-20
0.614,SUSPECTED,SUPPORTING,0.71,NONE,NORMAL,TRAIN,True,LEGITIMATE,ACTIVE,2026-01-06,2026-06-10
0.586,SUSPECTED,SUPPORTING,0.615,NONE,NORMAL,TEST,True,AMBIGUOUS,ACTIVE,2025-10-17,2026-04-01
0.515,CONFIRMED,SUPPORTING,0.828,NONE,NORMAL,TRAIN,True,CRIMINAL,ACTIVE,2026-03-15,2026-08-10
0.639,SUSPECTED,SUPPORTING,0.632,CONTEXTUAL_ANOMALY,NORMAL,TRAIN,True,CRIMINAL,ACTIVE,2026-04-04,2026-07-01
0.801,SUSPECTED,SUPPORTING,0.599,NONE,NORMAL,TRAIN,True,CRIMINAL,ACTIVE,2026-04-09,2026-07-06
0.227,FALSE,CONTRADICTING,0.269,NONE,NORMAL,TRAIN,True,LEGITIMATE,ACTIVE,2026-03-06,2026-07-28
0.856,CONFIRMED,SUPPORTING,0.922,NONE,NORMAL,TRAIN,True,CRIMINAL,ACTIVE,2026-06-02,2026-08-20
0.639,SUSPECTED,SUPPORTING,0.793,TEMPORAL_ANOMALY,NORMAL,TRAIN,True,MIXED,ACTIVE,2026-01-26,2026-06-10
0.238,UNKNOWN,NEUTRAL,0.319,NONE,NORMAL,TRAIN,True,MIXED,ACTIVE,2025-10-29,2026-03-12
0.545,UNKNOWN,NEUTRAL,0.461,NONE,NORMAL,VALIDATION,True,LEGITIMATE,ACTIVE,2026-01-07,2026-03-31
0.289,UNKNOWN,NEUTRAL,0.543,NONE,NORMAL,TRAIN,True,CRIMINAL,ACTIVE,2025-12-04,2026-04-05
0.625,SUSPECTED,SUPPORTING,0.672,NONE,FORMATTING_VARIATION,TRAIN,True,CRIMINAL,ACTIVE,2026-03-10,2026-06-22
0.146,CONFIRMED,SUPPORTING,0.836,NONE,NORMAL,TRAIN,True,MIXED,ACTIVE,2025-11-26,2026-03-30
0.563,CONFIRMED,SUPPORTING,0.913,NONE,NORMAL,VALIDATION,True,LEGITIMATE,ACTIVE,2026-04-28,2026-08-20
0.485,CONFIRMED,SUPPORTING,0.911,NONE,DUPLICATE,TRAIN,True,CRIMINAL,ACTIVE,2026-03-06,2026-08-10
0.631,SUSPECTED,SUPPORTING,0.632,NONE,REVERSED_RECORD,TRAIN,True,MIXED,ACTIVE,2026-04-22,2026-06-21
0.599,FALSE,CONTRADICTING,0.293,NONE,NORMAL,TRAIN,True,CRIMINAL,ACTIVE,2026-06-18,2026-07-20
0.728,SUSPECTED,SUPPORTING,0.847,NONE,NORMAL,TRAIN,True,CRIMINAL,ACTIVE,2026-07-30,2026-10-26
0.468,SUSPECTED,SUPPORTING,0.67,CRIMINAL_ANOMALY,FORMATTING_VARIATION,TRAIN,True,CRIMINAL,ACTIVE,2026-07-06,2026-08-30
0.399,SUSPECTED,SUPPORTING,0.696,TEMPORAL_ANOMALY,NORMAL,TRAIN,True,CRIMINAL,ACTIVE,2026-05-04,2026-10-24
0.285,CONFIRMED,SUPPORTING,0.887,NONE,NORMAL,TRAIN,True,MIXED,ACTIVE,2026-02-25,2026-08-31
0.22,SUSPECTED,SUPPORTING,0.713,NONE,NORMAL,TRAIN,True,CRIMINAL,ACTIVE,2026-02-09,2026-06-11
0.582,SUSPECTED,SUPPORTING,0.856,NONE,NORMAL,TRAIN,True,LEGITIMATE,ACTIVE,2026-02-02,2026-06-15
0.743,UNKNOWN,NEUTRAL,0.26,NONE,NORMAL,TRAIN,True,CRIMINAL,ACTIVE,2026-05-12,2026-08-18
0.32,UNKNOWN,NEUTRAL,0.408,NONE,NORMAL,VALIDATION,True,LEGITIMATE,ACTIVE,2026-01-28,2026-05-13
0.506,FALSE,CONTRADICTING,0.155,COLLECTIVE_ANOMALY,NORMAL,TRAIN,True,CRIMINAL,ACTIVE,2026-07-01,2026-10-09
0.597,FALSE,CONTRADICTING,0.416,NONE,NORMAL,TRAIN,True,CRIMINAL,ACTIVE,2026-02-28,2026-05-29
0.66,CONFIRMED,SUPPORTING,0.908,NONE,NORMAL,TEST,True,AMBIGUOUS,ACTIVE,2026-02-19,2026-07-20
0.701,FALSE,CONTRADICTING,0.267,TEMPORAL_ANOMALY,NORMAL,TRAIN,True,CRIMINAL,ACTIVE,2026-04-05,2026-09-10
0.818,FALSE,CONTRADICTING,0.149,NONE,NORMAL,TRAIN,True,CRIMINAL,ACTIVE,2026-04-26,2026-07-02
0.254,UNKNOWN,NEUTRAL,0.257,NONE,NORMAL,TRAIN,True,MIXED,ACTIVE,2026-05-21,2026-09-02
0.247,SUSPECTED,SUPPORTING,0.721,NONE,NORMAL,TRAIN,True,LEGITIMATE,ACTIVE,2026-01-23,2026-06-02
0.13,UNKNOWN,NEUTRAL,0.249,TEMPORAL_ANOMALY,NORMAL,TRAIN,True,CRIMINAL,ACTIVE,2026-03-07,2026-06-16
0.131,CONFIRMED,SUPPORTING,0.902,CONTEXTUAL_ANOMALY,NORMAL,TEST,True,AMBIGUOUS,ACTIVE,2026-02-26,2026-05-31
0.36,UNKNOWN,NEUTRAL,0.372,NONE,NORMAL,TEST,True,AMBIGUOUS,ACTIVE,2026-03-11,2026-06-28
0.338,UNKNOWN,NEUTRAL,0.465,NONE,NORMAL,TEST,True,AMBIGUOUS,ACTIVE,2026-05-22,2026-08-29
0.549,CONFIRMED,SUPPORTING,0.908,TEMPORAL_ANOMALY,NORMAL,TRAIN,True,MIXED,ACTIVE,2026-06-10,2026-10-20
0.486,UNKNOWN,NEUTRAL,0.34,NONE,NORMAL,VALIDATION,True,LEGITIMATE,ACTIVE,2026-06-17,2026-08-29
0.629,FALSE,CONTRADICTING,0.249,NONE,NORMAL,VALIDATION,True,LEGITIMATE,ACTIVE,2026-04-23,2026-09-01
0.164,UNKNOWN,NEUTRAL,0.446,NONE,NORMAL,TRAIN,True,CRIMINAL,ACTIVE,2025-12-25,2026-05-26
0.022,UNKNOWN,NEUTRAL,0.247,LEGITIMATE_ANOMALY,MISSING_COUNTERPARTY,TRAIN,True,LEGITIMATE,ACTIVE,2026-05-14,2026-07-31
0.384,CONFIRMED,SUPPORTING,0.97,NONE,NORMAL,TRAIN,True,CRIMINAL,ACTIVE,2026-01-12,2026-06-15
0.292,CONFIRMED,SUPPORTING,0.844,NONE,NORMAL,TEST,True,AMBIGUOUS,ACTIVE,2026-03-02,2026-05-12
0.477,CONFIRMED,SUPPORTING,0.942,NONE,FORMATTING_VARIATION,TRAIN,True,CRIMINAL,ACTIVE,2026-06-07,2026-08-30
0.51,SUSPECTED,SUPPORTING,0.833,NONE,NORMAL,TRAIN,True,CRIMINAL,ACTIVE,2026-06-06,2026-07-12
0.225,UNKNOWN,NEUTRAL,0.261,NONE,NORMAL,VALIDATION,True,LEGITIMATE,ACTIVE,2025-09-18,2026-03-20
0.419,CONFIRMED,SUPPORTING,0.927,NONE,NORMAL,TRAIN,True,CRIMINAL,ACTIVE,2026-05-18,2026-07-18
0.455,SUSPECTED,SUPPORTING,0.719,NONE,NORMAL,TRAIN,True,MIXED,ACTIVE,2026-02-07,2026-03-07
0.05,SUSPECTED,SUPPORTING,0.674,TEMPORAL_ANOMALY,NORMAL,TRAIN,True,LEGITIMATE,ACTIVE,2025-11-14,2026-02-13
0.567,CONFIRMED,SUPPORTING,0.853,NONE,NORMAL,TRAIN,True,CRIMINAL,ACTIVE,2026-01-17,2026-03-26
0.316,SUSPECTED,SUPPORTING,0.652,NONE,NORMAL,TEST,True,AMBIGUOUS,ACTIVE,2026-06-19,2026-10-02
0.104,UNKNOWN,NEUTRAL,0.29,NONE,NORMAL,TRAIN,True,LEGITIMATE,ACTIVE,2026-02-18,2026-06-25
0.857,UNKNOWN,NEUTRAL,0.429,NONE,NORMAL,TEST,True,AMBIGUOUS,ACTIVE,2026-07-01,2026-10-04
0.672,SUSPECTED,SUPPORTING,0.842,NONE,NORMAL,VALIDATION,True,LEGITIMATE,ACTIVE,2026-03-24,2026-06-26
0.377,SUSPECTED,SUPPORTING,0.644,NONE,NORMAL,TEST,True,AMBIGUOUS,ACTIVE,2026-06-02,2026-09-17
0.85,FALSE,CONTRADICTING,0.352,NONE,NORMAL,TEST,True,AMBIGUOUS,ACTIVE,2026-03-15,2026-05-28
0.32,UNKNOWN,NEUTRAL,0.541,NONE,NORMAL,TRAIN,True,MIXED,ACTIVE,2025-09-20,2026-03-06
0.792,CONFIRMED,SUPPORTING,0.851,NONE,NORMAL,TRAIN,True,CRIMINAL,ACTIVE,2026-04-27,2026-07-11
0.489,FALSE,CONTRADICTING,0.143,LEGITIMATE_ANOMALY,NORMAL,TRAIN,True,MIXED,ACTIVE,2026-01-30,2026-06-03
0.392,FALSE,CONTRADICTING,0.264,NONE,NORMAL,VALIDATION,True,LEGITIMATE,ACTIVE,2025-12-22,2026-03-27
0.577,FALSE,CONTRADICTING,0.256,NONE,NORMAL,TEST,True,AMBIGUOUS,ACTIVE,2026-02-19,2026-05-19
0.236,UNKNOWN,NEUTRAL,0.251,NONE,MISSING_COUNTERPARTY,TRAIN,True,CRIMINAL,ACTIVE,2026-04-16,2026-08-04
0.117,CONFIRMED,SUPPORTING,0.874,NONE,NORMAL,TRAIN,True,MIXED,ACTIVE,2026-05-02,2026-06-26
0.14,CONFIRMED,SUPPORTING,0.822,NONE,NORMAL,TRAIN,True,CRIMINAL,ACTIVE,2026-05-04,2026-09-20
0.56,SUSPECTED,SUPPORTING,0.597,NONE,NORMAL,TRAIN,True,MIXED,ACTIVE,2026-01-06,2026-05-17
0.132,CONFIRMED,SUPPORTING,0.845,NONE,NORMAL,TRAIN,True,CRIMINAL,ACTIVE,2026-03-10,2026-07-23
0.497,UNKNOWN,NEUTRAL,0.388,COLLECTIVE_ANOMALY,NORMAL,TRAIN,True,MIXED,ACTIVE,2026-02-13,2026-04-14
0.22,CONFIRMED,SUPPORTING,0.83,CONTEXTUAL_ANOMALY,NORMAL,TRAIN,True,CRIMINAL,ACTIVE,2026-05-11,2026-07-22
0.797,UNKNOWN,NEUTRAL,0.259,NONE,NORMAL,TRAIN,True,MIXED,ACTIVE,2026-03-24,2026-06-28
0.63,CONFIRMED,SUPPORTING,0.946,NONE,NORMAL,TRAIN,True,CRIMINAL,ACTIVE,2026-03-17,2026-06-28
0.52,SUSPECTED,SUPPORTING,0.636,NONE,NORMAL,TEST,True,AMBIGUOUS,ACTIVE,2025-11-29,2026-04-13
0.562,CONFIRMED,SUPPORTING,0.856,NONE,NORMAL,TRAIN,True,MIXED,ACTIVE,2025-12-15,2026-04-14
0.074,SUSPECTED,SUPPORTING,0.744,CRIMINAL_ANOMALY,NORMAL,TRAIN,True,CRIMINAL,ACTIVE,2026-02-18,2026-06-26
0.253,SUSPECTED,SUPPORTING,0.642,COLLECTIVE_ANOMALY,NORMAL,TRAIN,True,MIXED,ACTIVE,2026-06-19,2026-07-27
0.495,UNKNOWN,NEUTRAL,0.307,NONE,NORMAL,VALIDATION,True,LEGITIMATE,ACTIVE,2026-01-20,2026-05-06
0.621,FALSE,CONTRADICTING,0.297,LEGITIMATE_ANOMALY,NORMAL,TRAIN,True,MIXED,ACTIVE,2025-12-01,2026-02-12
0.222,CONFIRMED,SUPPORTING,0.949,NONE,NORMAL,TRAIN,True,MIXED,ACTIVE,2026-04-20,2026-09-07
0.648,UNKNOWN,NEUTRAL,0.421,NONE,NORMAL,TEST,True,AMBIGUOUS,ACTIVE,2025-12-09,2026-04-02
0.644,CONFIRMED,SUPPORTING,0.822,NONE,NORMAL,TRAIN,True,CRIMINAL,ACTIVE,2025-10-27,2026-05-02
0.103,UNKNOWN,NEUTRAL,0.266,NONE,NORMAL,TRAIN,True,CRIMINAL,ACTIVE,2025-10-15,2026-04-28
0.299,SUSPECTED,SUPPORTING,0.596,NONE,DUPLICATE,TRAIN,True,CRIMINAL,ACTIVE,2026-07-06,2026-09-19
0.13,CONFIRMED,SUPPORTING,0.898,COLLECTIVE_ANOMALY,NORMAL,TRAIN,True,MIXED,ACTIVE,2026-03-03,2026-07-20
0.445,FALSE,CONTRADICTING,0.162,NONE,NORMAL,TEST,True,AMBIGUOUS,ACTIVE,2025-10-28,2026-05-07
0.526,CONFIRMED,SUPPORTING,0.943,NONE,NORMAL,TRAIN,True,CRIMINAL,ACTIVE,2026-03-02,2026-07-27
0.217,CONFIRMED,SUPPORTING,0.866,NONE,NORMAL,TRAIN,True,MIXED,ACTIVE,2025-11-21,2026-02-17
0.342,SUSPECTED,SUPPORTING,0.762,NONE,NORMAL,TEST,True,AMBIGUOUS,ACTIVE,2026-04-23,2026-09-06
0.217,CONFIRMED,SUPPORTING,0.874,NONE,NORMAL,TRAIN,True,MIXED,ACTIVE,2026-01-09,2026-06-15
0.096,SUSPECTED,SUPPORTING,0.609,NONE,NORMAL,TRAIN,True,CRIMINAL,ACTIVE,2026-04-03,2026-06-15
0.248,UNKNOWN,NEUTRAL,0.439,NONE,NORMAL,TEST,True,AMBIGUOUS,ACTIVE,2026-02-26,2026-03-29
0.825,SUSPECTED,SUPPORTING,0.651,NONE,NORMAL,TRAIN,True,CRIMINAL,ACTIVE,2026-04-09,2026-06-24
0.502,SUSPECTED,SUPPORTING,0.602,NONE,NORMAL,TRAIN,True,CRIMINAL,ACTIVE,2026-02-07,2026-06-16
0.332,SUSPECTED,SUPPORTING,0.745,NONE,NORMAL,VALIDATION,True,LEGITIMATE,ACTIVE,2026-04-29,2026-07-15
0.333,SUSPECTED,SUPPORTING,0.674,NONE,NORMAL,TRAIN,True,CRIMINAL,ACTIVE,2025-12-30,2026-04-07
0.308,UNKNOWN,NEUTRAL,0.421,NONE,NORMAL,TRAIN,True,LEGITIMATE,ACTIVE,2026-03-21,2026-07-10
0.606,FALSE,CONTRADICTING,0.209,NONE,NORMAL,VALIDATION,True,LEGITIMATE,ACTIVE,2026-03-20,2026-07-25
0.149,CONFIRMED,SUPPORTING,0.881,NONE,NORMAL,VALIDATION,True,LEGITIMATE,ACTIVE,2026-06-02,2026-09-16
0.15,CONFIRMED,SUPPORTING,0.907,LEGITIMATE_ANOMALY,NORMAL,TRAIN,True,CRIMINAL,ACTIVE,2025-09-26,2026-02-22
0.6,UNKNOWN,NEUTRAL,0.437,LEGITIMATE_ANOMALY,NORMAL,VALIDATION,True,LEGITIMATE,ACTIVE,2026-02-08,2026-05-07
0.637,SUSPECTED,SUPPORTING,0.656,NONE,NORMAL,VALIDATION,True,LEGITIMATE,ACTIVE,2025-10-21,2026-02-06
0.631,UNKNOWN,NEUTRAL,0.549,COLLECTIVE_ANOMALY,NORMAL,VALIDATION,True,LEGITIMATE,ACTIVE,2026-07-05,2026-10-07
0.54,UNKNOWN,NEUTRAL,0.217,TEMPORAL_ANOMALY,NORMAL,TRAIN,True,MIXED,ACTIVE,2025-12-31,2026-06-08
0.665,CONFIRMED,SUPPORTING,0.888,NONE,NORMAL,TRAIN,True,CRIMINAL,ACTIVE,2025-12-30,2026-02-15
0.133,SUSPECTED,SUPPORTING,0.657,NONE,NORMAL,TRAIN,True,CRIMINAL,ACTIVE,2026-02-14,2026-04-23
0.316,FALSE,CONTRADICTING,0.37,NONE,NORMAL,VALIDATION,True,LEGITIMATE,ACTIVE,2026-04-01,2026-09-07
0.38,SUSPECTED,SUPPORTING,0.856,NONE,NORMAL,TRAIN,True,MIXED,ACTIVE,2026-05-07,2026-09-21
0.584,FALSE,CONTRADICTING,0.387,NONE,NORMAL,TRAIN,True,MIXED,ACTIVE,2026-06-07,2026-08-08
0.829,UNKNOWN,NEUTRAL,0.368,NONE,NORMAL,TEST,True,AMBIGUOUS,ACTIVE,2026-04-27,2026-09-29
0.979,SUSPECTED,SUPPORTING,0.617,NONE,NORMAL,TRAIN,True,CRIMINAL,ACTIVE,2025-11-27,2026-03-06
0.444,UNKNOWN,NEUTRAL,0.281,NONE,NORMAL,VALIDATION,True,LEGITIMATE,ACTIVE,2026-04-23,2026-07-18
0.568,UNKNOWN,NEUTRAL,0.477,NONE,NORMAL,TRAIN,True,LEGITIMATE,ACTIVE,2026-02-19,2026-05-13
0.745,UNKNOWN,NEUTRAL,0.402,NONE,NORMAL,TEST,True,AMBIGUOUS,ACTIVE,2026-02-20,2026-05-25
0.674,SUSPECTED,SUPPORTING,0.674,NONE,NORMAL,TRAIN,True,MIXED,ACTIVE,2026-04-04,2026-07-10
0.434,CONFIRMED,SUPPORTING,0.99,CONTEXTUAL_ANOMALY,NORMAL,TRAIN,True,CRIMINAL,ACTIVE,2026-01-26,2026-03-20
0.722,SUSPECTED,SUPPORTING,0.807,NONE,NORMAL,TRAIN,True,LEGITIMATE,ACTIVE,2025-10-09,2026-02-04
0.382,CONFIRMED,SUPPORTING,0.96,NONE,NORMAL,TRAIN,True,CRIMINAL,ACTIVE,2026-05-01,2026-09-19
0.565,CONFIRMED,SUPPORTING,0.856,NONE,NORMAL,TRAIN,True,CRIMINAL,ACTIVE,2026-05-04,2026-09-03
0.267,FALSE,CONTRADICTING,0.125,NONE,NORMAL,TRAIN,True,CRIMINAL,ACTIVE,2025-12-30,2026-03-16
0.098,SUSPECTED,SUPPORTING,0.705,NONE,NORMAL,TRAIN,True,CRIMINAL,ACTIVE,2026-03-15,2026-08-11
0.301,UNKNOWN,NEUTRAL,0.532,CRIMINAL_ANOMALY,NORMAL,TEST,True,AMBIGUOUS,ACTIVE,2025-11-20,2026-04-03
0.163,FALSE,CONTRADICTING,0.404,NONE,NORMAL,TRAIN,True,LEGITIMATE,ACTIVE,2025-11-09,2026-03-20
0.38,SUSPECTED,SUPPORTING,0.706,NONE,NORMAL,TRAIN,True,CRIMINAL,ACTIVE,2026-06-19,2026-09-07
0.319,SUSPECTED,SUPPORTING,0.751,NONE,MISSING_COUNTERPARTY,TRAIN,True,CRIMINAL,ACTIVE,2026-05-27,2026-08-18
0.343,CONFIRMED,SUPPORTING,0.876,NONE,NORMAL,TRAIN,True,CRIMINAL,ACTIVE,2026-04-21,2026-06-26
0.703,CONFIRMED,SUPPORTING,0.876,TEMPORAL_ANOMALY,NORMAL,TEST,True,AMBIGUOUS,ACTIVE,2026-02-06,2026-05-28
0.625,CONFIRMED,SUPPORTING,0.845,NONE,NORMAL,TRAIN,True,CRIMINAL,ACTIVE,2026-04-11,2026-06-22
0.332,CONFIRMED,SUPPORTING,0.879,NONE,NORMAL,TRAIN,True,CRIMINAL,ACTIVE,2026-02-28,2026-08-24
0.303,CONFIRMED,SUPPORTING,0.969,NONE,NORMAL,TRAIN,True,MIXED,ACTIVE,2026-05-07,2026-08-18
0.709,UNKNOWN,NEUTRAL,0.345,NONE,NORMAL,TRAIN,True,CRIMINAL,ACTIVE,2026-06-14,2026-08-11
0.608,FALSE,CONTRADICTING,0.3,NONE,FORMATTING_VARIATION,VALIDATION,True,LEGITIMATE,ACTIVE,2026-03-10,2026-06-02
0.273,UNKNOWN,NEUTRAL,0.238,NONE,NORMAL,TRAIN,True,CRIMINAL,ACTIVE,2026-01-01,2026-04-29
0.448,FALSE,CONTRADICTING,0.167,CONTEXTUAL_ANOMALY,NORMAL,TEST,True,AMBIGUOUS,ACTIVE,2025-11-13,2026-05-14
0.468,CONFIRMED,SUPPORTING,0.987,CRIMINAL_ANOMALY,NORMAL,TRAIN,True,CRIMINAL,ACTIVE,2026-03-22,2026-05-03
0.813,FALSE,CONTRADICTING,0.378,NONE,NORMAL,TRAIN,True,CRIMINAL,ACTIVE,2026-01-30,2026-05-12
0.235,CONFIRMED,SUPPORTING,0.867,NONE,NORMAL,TRAIN,True,CRIMINAL,ACTIVE,2026-01-09,2026-07-26
0.313,CONFIRMED,SUPPORTING,0.915,NONE,NORMAL,VALIDATION,True,LEGITIMATE,ACTIVE,2026-03-23,2026-06-03
0.712,UNKNOWN,NEUTRAL,0.499,NONE,NORMAL,TEST,True,AMBIGUOUS,ACTIVE,2026-05-22,2026-08-23
0.274,CONFIRMED,SUPPORTING,0.895,NONE,NORMAL,TRAIN,True,CRIMINAL,ACTIVE,2025-12-16,2026-05-07
0.488,FALSE,CONTRADICTING,0.29,NONE,NORMAL,TRAIN,True,LEGITIMATE,ACTIVE,2026-03-17,2026-08-05
0.551,UNKNOWN,NEUTRAL,0.372,CONTEXTUAL_ANOMALY,NORMAL,TEST,True,AMBIGUOUS,ACTIVE,2026-04-08,2026-08-01
0.82,CONFIRMED,SUPPORTING,0.954,CRIMINAL_ANOMALY,REVERSED_RECORD,TRAIN,True,MIXED,ACTIVE,2026-05-22,2026-08-09
0.748,UNKNOWN,NEUTRAL,0.288,NONE,NORMAL,TRAIN,True,MIXED,ACTIVE,2025-12-06,2026-03-17
0.432,SUSPECTED,SUPPORTING,0.582,NONE,NORMAL,VALIDATION,True,LEGITIMATE,ACTIVE,2025-11-15,2026-03-29
0.218,SUSPECTED,SUPPORTING,0.627,NONE,NORMAL,TRAIN,True,MIXED,ACTIVE,2026-04-07,2026-10-13
0.786,CONFIRMED,SUPPORTING,0.952,NONE,NORMAL,TRAIN,True,CRIMINAL,ACTIVE,2026-04-10,2026-08-07
0.203,CONFIRMED,SUPPORTING,0.969,NONE,NORMAL,VALIDATION,True,LEGITIMATE,ACTIVE,2025-11-08,2026-05-04
0.299,SUSPECTED,SUPPORTING,0.75,LEGITIMATE_ANOMALY,NORMAL,TRAIN,True,CRIMINAL,ACTIVE,2026-05-31,2026-07-18
0.659,SUSPECTED,SUPPORTING,0.605,NONE,NORMAL,VALIDATION,True,LEGITIMATE,ACTIVE,2025-09-10,2026-03-03
0.394,SUSPECTED,SUPPORTING,0.803,NONE,NORMAL,TRAIN,True,CRIMINAL,ACTIVE,2025-12-23,2026-06-10
0.413,UNKNOWN,NEUTRAL,0.261,NONE,NORMAL,TEST,True,AMBIGUOUS,ACTIVE,2025-10-08,2026-04-11
0.853,CONFIRMED,SUPPORTING,0.984,NONE,NORMAL,TRAIN,True,CRIMINAL,ACTIVE,2026-04-22,2026-08-03
0.309,FALSE,CONTRADICTING,0.265,NONE,NORMAL,TRAIN,True,MIXED,ACTIVE,2026-01-29,2026-06-25
0.562,FALSE,CONTRADICTING,0.299,NONE,NORMAL,TRAIN,True,CRIMINAL,ACTIVE,2025-12-19,2026-03-18
0.215,FALSE,CONTRADICTING,0.296,NONE,NORMAL,VALIDATION,True,LEGITIMATE,ACTIVE,2026-07-02,2026-09-13
0.253,CONFIRMED,SUPPORTING,0.898,TEMPORAL_ANOMALY,NORMAL,TRAIN,True,CRIMINAL,ACTIVE,2026-06-09,2026-10-04
0.428,CONFIRMED,SUPPORTING,0.912,NONE,FORMATTING_VARIATION,TRAIN,True,MIXED,ACTIVE,2026-02-28,2026-07-05
0.555,FALSE,CONTRADICTING,0.377,NONE,NORMAL,TRAIN,True,CRIMINAL,ACTIVE,2025-11-30,2026-06-06
0.309,UNKNOWN,NEUTRAL,0.265,NONE,NORMAL,TRAIN,True,MIXED,ACTIVE,2025-11-02,2026-02-15
0.486,CONFIRMED,SUPPORTING,0.95,NONE,NORMAL,TRAIN,True,MIXED,ACTIVE,2026-02-25,2026-06-11
0.563,FALSE,CONTRADICTING,0.307,TEMPORAL_ANOMALY,NORMAL,TRAIN,True,CRIMINAL,ACTIVE,2025-12-27,2026-03-25
0.221,UNKNOWN,NEUTRAL,0.424,NONE,NORMAL,VALIDATION,True,LEGITIMATE,ACTIVE,2026-03-15,2026-09-15
0.168,CONFIRMED,SUPPORTING,0.985,NONE,NORMAL,TRAIN,True,CRIMINAL,ACTIVE,2026-05-18,2026-09-11
0.174,SUSPECTED,SUPPORTING,0.642,NONE,REVERSED_RECORD,TRAIN,True,CRIMINAL,ACTIVE,2025-10-26,2026-03-02
0.506,SUSPECTED,SUPPORTING,0.722,NONE,NORMAL,VALIDATION,True,LEGITIMATE,ACTIVE,2025-11-18,2026-02-01
0.367,FALSE,CONTRADICTING,0.333,NONE,NORMAL,TRAIN,True,CRIMINAL,ACTIVE,2026-02-06,2026-05-16
0.441,UNKNOWN,NEUTRAL,0.278,NONE,NORMAL,TRAIN,True,MIXED,ACTIVE,2025-10-14,2026-04-17
0.773,UNKNOWN,NEUTRAL,0.461,NONE,NORMAL,TRAIN,True,LEGITIMATE,ACTIVE,2026-01-01,2026-05-04
0.202,CONFIRMED,SUPPORTING,0.853,NONE,NORMAL,TRAIN,True,MIXED,ACTIVE,2025-12-19,2026-04-13
0.731,UNKNOWN,NEUTRAL,0.325,NONE,NORMAL,TEST,True,AMBIGUOUS,ACTIVE,2026-06-04,2026-09-08
0.494,SUSPECTED,SUPPORTING,0.711,NONE,NORMAL,TRAIN,True,CRIMINAL,ACTIVE,2025-12-02,2026-04-05
0.554,SUSPECTED,SUPPORTING,0.594,NONE,NORMAL,TRAIN,True,CRIMINAL,ACTIVE,2026-01-27,2026-05-27
0.568,UNKNOWN,NEUTRAL,0.357,NONE,NORMAL,TEST,True,AMBIGUOUS,ACTIVE,2025-12-22,2026-03-17
0.289,SUSPECTED,SUPPORTING,0.752,COLLECTIVE_ANOMALY,NORMAL,TRAIN,True,MIXED,ACTIVE,2026-01-22,2026-06-12
0.135,SUSPECTED,SUPPORTING,0.715,NONE,NORMAL,TRAIN,True,CRIMINAL,ACTIVE,2025-10-05,2026-01-24
0.253,FALSE,CONTRADICTING,0.219,NONE,NORMAL,TRAIN,True,CRIMINAL,ACTIVE,2026-01-31,2026-04-06
0.77,CONFIRMED,SUPPORTING,0.826,NONE,NORMAL,TRAIN,True,MIXED,ACTIVE,2026-02-24,2026-04-19
0.713,SUSPECTED,SUPPORTING,0.753,NONE,REVERSED_RECORD,TRAIN,True,CRIMINAL,ACTIVE,2026-04-30,2026-08-19
0.654,UNKNOWN,NEUTRAL,0.425,NONE,NORMAL,TEST,True,AMBIGUOUS,ACTIVE,2025-11-18,2026-03-05
0.188,CONFIRMED,SUPPORTING,0.895,NONE,NORMAL,TRAIN,True,MIXED,ACTIVE,2025-11-15,2026-03-19
0.363,SUSPECTED,SUPPORTING,0.644,NONE,REVERSED_RECORD,TRAIN,True,CRIMINAL,ACTIVE,2026-02-27,2026-06-18
0.842,CONFIRMED,SUPPORTING,0.983,NONE,NORMAL,TRAIN,True,CRIMINAL,ACTIVE,2026-06-14,2026-08-22
0.369,SUSPECTED,SUPPORTING,0.687,NONE,NORMAL,TRAIN,True,CRIMINAL,ACTIVE,2026-01-19,2026-07-05
0.508,FALSE,CONTRADICTING,0.143,NONE,NORMAL,TRAIN,True,CRIMINAL,ACTIVE,2026-03-05,2026-08-05
0.207,SUSPECTED,SUPPORTING,0.755,NONE,NORMAL,TRAIN,True,CRIMINAL,ACTIVE,2026-01-05,2026-04-27
0.698,CONFIRMED,SUPPORTING,0.927,CRIMINAL_ANOMALY,NORMAL,TRAIN,True,CRIMINAL,ACTIVE,2025-11-30,2026-04-06
0.616,UNKNOWN,NEUTRAL,0.406,NONE,REVERSED_RECORD,TRAIN,True,CRIMINAL,ACTIVE,2026-05-22,2026-10-08
0.725,CONFIRMED,SUPPORTING,0.924,NONE,NORMAL,TRAIN,True,MIXED,ACTIVE,2026-01-08,2026-05-22
0.313,UNKNOWN,NEUTRAL,0.201,NONE,NORMAL,TRAIN,True,MIXED,ACTIVE,2026-05-26,2026-08-31
0.342,FALSE,CONTRADICTING,0.322,NONE,NORMAL,TRAIN,True,LEGITIMATE,ACTIVE,2025-12-19,2026-04-07
0.463,CONFIRMED,SUPPORTING,0.834,NONE,NORMAL,TRAIN,True,CRIMINAL,ACTIVE,2026-07-09,2026-08-20
0.245,UNKNOWN,NEUTRAL,0.348,NONE,NORMAL,TRAIN,True,MIXED,ACTIVE,2026-06-17,2026-08-21
0.229,FALSE,CONTRADICTING,0.352,NONE,DUPLICATE,TRAIN,True,CRIMINAL,ACTIVE,2026-02-13,2026-04-15
0.389,SUSPECTED,SUPPORTING,0.658,LEGITIMATE_ANOMALY,NORMAL,TRAIN,True,MIXED,ACTIVE,2026-03-07,2026-08-22
0.03,UNKNOWN,NEUTRAL,0.478,NONE,NORMAL,TEST,True,AMBIGUOUS,ACTIVE,2026-06-15,2026-09-13
0.209,SUSPECTED,SUPPORTING,0.767,NONE,NORMAL,VALIDATION,True,LEGITIMATE,ACTIVE,2025-11-28,2026-04-23
0.843,CONFIRMED,SUPPORTING,0.836,CONTEXTUAL_ANOMALY,NORMAL,TRAIN,True,MIXED,ACTIVE,2025-12-07,2026-03-29
0.452,CONFIRMED,SUPPORTING,0.973,NONE,NORMAL,TRAIN,True,MIXED,ACTIVE,2025-11-19,2026-03-02
0.546,SUSPECTED,SUPPORTING,0.672,NONE,NORMAL,TRAIN,True,MIXED,ACTIVE,2026-03-29,2026-10-10
0.42,SUSPECTED,SUPPORTING,0.834,NONE,NORMAL,TRAIN,True,CRIMINAL,ACTIVE,2025-11-24,2026-02-23
0.345,UNKNOWN,NEUTRAL,0.461,NONE,NORMAL,TRAIN,True,CRIMINAL,ACTIVE,2026-03-15,2026-05-24
0.255,SUSPECTED,SUPPORTING,0.838,NONE,NORMAL,TEST,True,AMBIGUOUS,ACTIVE,2025-11-06,2026-04-03
0.394,UNKNOWN,NEUTRAL,0.431,NONE,NORMAL,VALIDATION,True,LEGITIMATE,ACTIVE,2026-04-21,2026-08-07
0.095,CONFIRMED,SUPPORTING,0.92,NONE,NORMAL,VALIDATION,True,LEGITIMATE,ACTIVE,2025-11-24,2026-03-15
0.518,CONFIRMED,SUPPORTING,0.847,NONE,REVERSED_RECORD,VALIDATION,True,LEGITIMATE,ACTIVE,2026-06-18,2026-10-03
0.272,SUSPECTED,SUPPORTING,0.664,NONE,NORMAL,VALIDATION,True,LEGITIMATE,ACTIVE,2026-03-07,2026-05-02
0.627,FALSE,CONTRADICTING,0.384,NONE,DUPLICATE,TRAIN,True,CRIMINAL,ACTIVE,2025-12-30,2026-03-24
0.386,SUSPECTED,SUPPORTING,0.718,NONE,NORMAL,TRAIN,True,CRIMINAL,ACTIVE,2025-12-13,2026-04-20
0.324,FALSE,CONTRADICTING,0.341,NONE,NORMAL,VALIDATION,True,LEGITIMATE,ACTIVE,2025-12-05,2026-03-02
0.281,SUSPECTED,SUPPORTING,0.632,NONE,NORMAL,TRAIN,True,MIXED,ACTIVE,2026-04-23,2026-11-09
0.583,SUSPECTED,SUPPORTING,0.854,NONE,NORMAL,TRAIN,True,CRIMINAL,ACTIVE,2026-07-01,2026-10-13
0.458,FALSE,CONTRADICTING,0.225,NONE,NORMAL,TRAIN,True,LEGITIMATE,ACTIVE,2026-04-23,2026-11-04
0.095,FALSE,CONTRADICTING,0.219,NONE,NORMAL,VALIDATION,True,LEGITIMATE,ACTIVE,2025-10-18,2026-03-17
0.36,UNKNOWN,NEUTRAL,0.542,LEGITIMATE_ANOMALY,NORMAL,TRAIN,True,MIXED,ACTIVE,2026-05-20,2026-08-28
0.216,UNKNOWN,NEUTRAL,0.288,NONE,REVERSED_RECORD,TRAIN,True,CRIMINAL,ACTIVE,2026-02-19,2026-07-10
0.203,CONFIRMED,SUPPORTING,0.968,NONE,NORMAL,TRAIN,True,CRIMINAL,ACTIVE,2026-04-01,2026-08-17
0.63,FALSE,CONTRADICTING,0.356,NONE,NORMAL,TRAIN,True,CRIMINAL,ACTIVE,2026-02-15,2026-06-15
0.56,SUSPECTED,SUPPORTING,0.787,NONE,NORMAL,TRAIN,True,MIXED,ACTIVE,2026-04-26,2026-07-12
0.407,CONFIRMED,SUPPORTING,0.97,NONE,NORMAL,TRAIN,True,CRIMINAL,ACTIVE,2025-10-28,2026-03-10
0.748,SUSPECTED,SUPPORTING,0.813,COLLECTIVE_ANOMALY,NORMAL,TRAIN,True,MIXED,ACTIVE,2025-11-20,2026-06-02
0.361,CONFIRMED,SUPPORTING,0.953,NONE,NORMAL,TRAIN,True,CRIMINAL,ACTIVE,2026-05-14,2026-09-14
0.661,CONFIRMED,SUPPORTING,0.96,NONE,NORMAL,TRAIN,True,CRIMINAL,ACTIVE,2026-02-10,2026-05-06
0.615,FALSE,CONTRADICTING,0.247,NONE,NORMAL,TEST,True,AMBIGUOUS,ACTIVE,2026-07-03,2026-10-08
0.712,CONFIRMED,SUPPORTING,0.844,NONE,NORMAL,TRAIN,True,CRIMINAL,ACTIVE,2025-10-11,2026-02-16
0.443,SUSPECTED,SUPPORTING,0.826,NONE,NORMAL,TEST,True,AMBIGUOUS,ACTIVE,2025-10-30,2026-03-21
0.596,FALSE,CONTRADICTING,0.324,NONE,NORMAL,TRAIN,True,LEGITIMATE,ACTIVE,2026-03-11,2026-06-24
0.083,UNKNOWN,NEUTRAL,0.343,NONE,NORMAL,TRAIN,True,CRIMINAL,ACTIVE,2026-06-24,2026-10-31
0.258,SUSPECTED,SUPPORTING,0.658,NONE,NORMAL,VALIDATION,True,LEGITIMATE,ACTIVE,2026-01-06,2026-05-01
0.161,SUSPECTED,SUPPORTING,0.67,NONE,NORMAL,TEST,True,AMBIGUOUS,ACTIVE,2026-04-29,2026-09-29
0.678,FALSE,CONTRADICTING,0.212,TEMPORAL_ANOMALY,NORMAL,TEST,True,AMBIGUOUS,ACTIVE,2026-02-24,2026-06-02
0.234,CONFIRMED,SUPPORTING,0.825,NONE,MISSING_COUNTERPARTY,TRAIN,True,CRIMINAL,ACTIVE,2025-10-26,2026-03-13
0.518,FALSE,CONTRADICTING,0.22,NONE,NORMAL,TRAIN,True,LEGITIMATE,ACTIVE,2026-01-11,2026-06-29
0.715,CONFIRMED,SUPPORTING,0.852,NONE,NORMAL,TRAIN,True,CRIMINAL,ACTIVE,2025-12-21,2026-06-08
0.539,UNKNOWN,NEUTRAL,0.325,COLLECTIVE_ANOMALY,NORMAL,TRAIN,True,CRIMINAL,ACTIVE,2026-05-23,2026-10-04
0.467,FALSE,CONTRADICTING,0.273,NONE,NORMAL,VALIDATION,True,LEGITIMATE,ACTIVE,2026-04-19,2026-07-28
0.368,CONFIRMED,SUPPORTING,0.859,NONE,NORMAL,TRAIN,True,CRIMINAL,ACTIVE,2026-02-01,2026-07-11
0.255,FALSE,CONTRADICTING,0.398,NONE,NORMAL,TRAIN,True,CRIMINAL,ACTIVE,2026-03-20,2026-08-11
0.376,UNKNOWN,NEUTRAL,0.4,NONE,NORMAL,VALIDATION,True,LEGITIMATE,ACTIVE,2025-11-02,2026-05-16
0.133,SUSPECTED,SUPPORTING,0.804,NONE,NORMAL,TRAIN,True,LEGITIMATE,ACTIVE,2026-05-09,2026-08-08
0.187,FALSE,CONTRADICTING,0.189,NONE,NORMAL,TRAIN,True,MIXED,ACTIVE,2026-05-18,2026-08-13
0.33,FALSE,CONTRADICTING,0.175,NONE,NORMAL,TRAIN,True,CRIMINAL,ACTIVE,2026-02-14,2026-04-17
0.215,UNKNOWN,NEUTRAL,0.235,NONE,NORMAL,TRAIN,True,MIXED,ACTIVE,2025-09-30,2026-01-27
0.376,UNKNOWN,NEUTRAL,0.24,NONE,NORMAL,VALIDATION,True,LEGITIMATE,ACTIVE,2026-05-13,2026-09-11
0.118,UNKNOWN,NEUTRAL,0.462,NONE,NORMAL,TEST,True,AMBIGUOUS,ACTIVE,2025-11-06,2026-04-09
0.582,UNKNOWN,NEUTRAL,0.252,NONE,NORMAL,VALIDATION,True,LEGITIMATE,ACTIVE,2026-02-12,2026-07-06
0.061,FALSE,CONTRADICTING,0.225,NONE,NORMAL,TRAIN,True,MIXED,ACTIVE,2026-05-26,2026-10-24
0.159,CONFIRMED,SUPPORTING,0.888,TEMPORAL_ANOMALY,NORMAL,TRAIN,True,LEGITIMATE,ACTIVE,2026-04-02,2026-07-10
0.512,UNKNOWN,NEUTRAL,0.27,NONE,NORMAL,TRAIN,True,CRIMINAL,ACTIVE,2026-05-04,2026-08-12
0.675,FALSE,CONTRADICTING,0.29,NONE,NORMAL,TRAIN,True,LEGITIMATE,ACTIVE,2026-01-28,2026-07-01
0.312,FALSE,CONTRADICTING,0.287,NONE,NORMAL,VALIDATION,True,LEGITIMATE,ACTIVE,2026-02-28,2026-07-10
0.399,FALSE,CONTRADICTING,0.244,NONE,NORMAL,TRAIN,True,MIXED,ACTIVE,2025-11-14,2026-02-23
0.548,SUSPECTED,SUPPORTING,0.662,NONE,NORMAL,TEST,True,AMBIGUOUS,ACTIVE,2026-03-26,2026-05-01
0.233,FALSE,CONTRADICTING,0.129,NONE,NORMAL,TRAIN,True,CRIMINAL,ACTIVE,2026-03-21,2026-06-18
0.471,SUSPECTED,SUPPORTING,0.699,NONE,NORMAL,TEST,True,AMBIGUOUS,ACTIVE,2026-02-04,2026-05-28
0.488,FALSE,CONTRADICTING,0.41,CRIMINAL_ANOMALY,NORMAL,TRAIN,True,CRIMINAL,ACTIVE,2025-10-07,2026-02-26
0.559,UNKNOWN,NEUTRAL,0.244,NONE,NORMAL,TRAIN,True,MIXED,ACTIVE,2026-01-09,2026-05-13
0.344,SUSPECTED,SUPPORTING,0.603,NONE,NORMAL,TRAIN,True,CRIMINAL,ACTIVE,2026-03-05,2026-07-27
0.435,CONFIRMED,SUPPORTING,0.926,NONE,NORMAL,TRAIN,True,CRIMINAL,ACTIVE,2026-03-21,2026-06-20
0.337,FALSE,CONTRADICTING,0.355,NONE,NORMAL,TRAIN,True,MIXED,ACTIVE,2026-03-28,2026-07-31
0.725,SUSPECTED,SUPPORTING,0.713,NONE,NORMAL,TRAIN,True,CRIMINAL,ACTIVE,2026-02-06,2026-04-28
0.82,UNKNOWN,NEUTRAL,0.218,NONE,NORMAL,TRAIN,True,CRIMINAL,ACTIVE,2026-03-07,2026-06-06
0.505,SUSPECTED,SUPPORTING,0.787,NONE,NORMAL,TRAIN,True,MIXED,ACTIVE,2026-02-10,2026-08-02
0.696,FALSE,CONTRADICTING,0.338,NONE,NORMAL,TEST,True,AMBIGUOUS,ACTIVE,2026-03-17,2026-07-09
0.735,UNKNOWN,NEUTRAL,0.435,NONE,NORMAL,TRAIN,True,LEGITIMATE,ACTIVE,2026-05-02,2026-09-20
0.43,UNKNOWN,NEUTRAL,0.479,CONTEXTUAL_ANOMALY,NORMAL,TEST,True,AMBIGUOUS,ACTIVE,2026-04-22,2026-08-06
0.369,SUSPECTED,SUPPORTING,0.849,CRIMINAL_ANOMALY,NORMAL,TRAIN,True,LEGITIMATE,ACTIVE,2026-05-27,2026-08-24
0.399,FALSE,CONTRADICTING,0.315,NONE,NORMAL,TRAIN,True,CRIMINAL,ACTIVE,2026-04-10,2026-06-22
0.514,FALSE,CONTRADICTING,0.372,CRIMINAL_ANOMALY,NORMAL,TRAIN,True,MIXED,ACTIVE,2026-03-03,2026-05-06
0.179,UNKNOWN,NEUTRAL,0.423,CONTEXTUAL_ANOMALY,NORMAL,TRAIN,True,CRIMINAL,ACTIVE,2026-02-03,2026-06-17
0.397,SUSPECTED,SUPPORTING,0.731,NONE,NORMAL,TRAIN,True,MIXED,ACTIVE,2026-02-21,2026-08-15
0.635,UNKNOWN,NEUTRAL,0.295,NONE,NORMAL,TEST,True,AMBIGUOUS,ACTIVE,2026-03-22,2026-08-09
0.297,CONFIRMED,SUPPORTING,0.871,NONE,NORMAL,TRAIN,True,CRIMINAL,ACTIVE,2026-02-21,2026-07-10
0.441,SUSPECTED,SUPPORTING,0.73,NONE,NORMAL,TRAIN,True,CRIMINAL,ACTIVE,2025-12-12,2026-03-27
0.148,SUSPECTED,SUPPORTING,0.654,NONE,NORMAL,TRAIN,True,CRIMINAL,ACTIVE,2026-05-14,2026-08-25
0.32,UNKNOWN,NEUTRAL,0.508,NONE,NORMAL,TRAIN,True,CRIMINAL,ACTIVE,2026-03-08,2026-06-03
0.451,UNKNOWN,NEUTRAL,0.335,NONE,NORMAL,TEST,True,AMBIGUOUS,ACTIVE,2026-03-30,2026-06-19
0.452,CONFIRMED,SUPPORTING,0.895,NONE,NORMAL,TRAIN,True,CRIMINAL,ACTIVE,2026-06-07,2026-09-08
0.546,UNKNOWN,NEUTRAL,0.425,NONE,DUPLICATE,VALIDATION,True,LEGITIMATE,ACTIVE,2026-02-21,2026-06-27
0.449,SUSPECTED,SUPPORTING,0.745,NONE,NORMAL,TRAIN,True,CRIMINAL,ACTIVE,2026-04-22,2026-08-28
0.419,UNKNOWN,NEUTRAL,0.44,NONE,NORMAL,TRAIN,True,CRIMINAL,ACTIVE,2025-12-31,2026-04-23
0.475,CONFIRMED,SUPPORTING,0.904,NONE,NORMAL,TRAIN,True,MIXED,ACTIVE,2025-12-20,2026-03-31
0.512,CONFIRMED,SUPPORTING,0.968,NONE,NORMAL,TRAIN,True,CRIMINAL,ACTIVE,2026-07-12,2026-08-22
0.524,UNKNOWN,NEUTRAL,0.363,NONE,NORMAL,TRAIN,True,MIXED,ACTIVE,2026-04-30,2026-09-26
0.149,SUSPECTED,SUPPORTING,0.726,NONE,NORMAL,TEST,True,AMBIGUOUS,ACTIVE,2026-03-20,2026-07-11
0.313,UNKNOWN,NEUTRAL,0.373,CONTEXTUAL_ANOMALY,NORMAL,TRAIN,True,MIXED,ACTIVE,2026-04-17,2026-08-30
0.43,UNKNOWN,NEUTRAL,0.471,NONE,NORMAL,VALIDATION,True,LEGITIMATE,ACTIVE,2026-06-09,2026-10-30
0.676,UNKNOWN,NEUTRAL,0.346,NONE,NORMAL,TRAIN,True,CRIMINAL,ACTIVE,2025-11-29,2026-05-16
0.561,SUSPECTED,SUPPORTING,0.676,COLLECTIVE_ANOMALY,NORMAL,TEST,True,AMBIGUOUS,ACTIVE,2026-04-26,2026-06-14
0.486,SUSPECTED,SUPPORTING,0.6,NONE,NORMAL,TRAIN,True,MIXED,ACTIVE,2026-01-23,2026-06-13
0.221,SUSPECTED,SUPPORTING,0.818,NONE,NORMAL,TRAIN,True,MIXED,ACTIVE,2026-06-07,2026-09-28
0.413,CONFIRMED,SUPPORTING,0.902,NONE,NORMAL,TRAIN,True,MIXED,ACTIVE,2026-05-17,2026-10-11
0.671,FALSE,CONTRADICTING,0.174,NONE,NORMAL,TRAIN,True,MIXED,ACTIVE,2026-06-04,2026-08-22
0.625,CONFIRMED,SUPPORTING,0.838,NONE,NORMAL,TRAIN,True,MIXED,ACTIVE,2025-11-29,2026-04-08
0.421,CONFIRMED,SUPPORTING,0.887,CRIMINAL_ANOMALY,NORMAL,TEST,True,AMBIGUOUS,ACTIVE,2025-12-02,2026-02-26
0.621,SUSPECTED,SUPPORTING,0.679,NONE,NORMAL,TRAIN,True,MIXED,ACTIVE,2025-10-04,2026-04-15
0.787,CONFIRMED,SUPPORTING,0.924,NONE,NORMAL,TRAIN,True,CRIMINAL,ACTIVE,2026-03-07,2026-07-11
0.524,CONFIRMED,SUPPORTING,0.944,LEGITIMATE_ANOMALY,NORMAL,TRAIN,True,CRIMINAL,ACTIVE,2026-02-23,2026-07-25
0.616,CONFIRMED,SUPPORTING,0.916,NONE,NORMAL,VALIDATION,True,LEGITIMATE,ACTIVE,2026-04-06,2026-08-27
0.634,UNKNOWN,NEUTRAL,0.484,CONTEXTUAL_ANOMALY,NORMAL,TRAIN,True,MIXED,ACTIVE,2026-07-08,2026-09-25
0.305,UNKNOWN,NEUTRAL,0.256,CONTEXTUAL_ANOMALY,NORMAL,TEST,True,AMBIGUOUS,ACTIVE,2026-02-11,2026-05-06
0.653,UNKNOWN,NEUTRAL,0.449,NONE,NORMAL,TRAIN,True,MIXED,ACTIVE,2026-06-26,2026-10-06
0.15,UNKNOWN,NEUTRAL,0.32,NONE,NORMAL,TRAIN,True,CRIMINAL,ACTIVE,2026-07-02,2026-09-18
0.122,CONFIRMED,SUPPORTING,0.975,NONE,NORMAL,TRAIN,True,CRIMINAL,ACTIVE,2026-08-05,2026-09-27
0.207,CONFIRMED,SUPPORTING,0.989,NONE,NORMAL,TRAIN,True,CRIMINAL,ACTIVE,2026-02-17,2026-09-01
0.813,SUSPECTED,SUPPORTING,0.7,LEGITIMATE_ANOMALY,NORMAL,VALIDATION,True,LEGITIMATE,ACTIVE,2026-01-27,2026-07-11
0.456,FALSE,CONTRADICTING,0.206,NONE,NORMAL,TRAIN,True,MIXED,ACTIVE,2025-10-23,2026-02-14
0.131,CONFIRMED,SUPPORTING,0.822,NONE,NORMAL,VALIDATION,True,LEGITIMATE,ACTIVE,2025-12-10,2026-03-27
0.238,SUSPECTED,SUPPORTING,0.592,NONE,NORMAL,TRAIN,True,CRIMINAL,ACTIVE,2026-05-15,2026-09-02
0.123,CONFIRMED,SUPPORTING,0.926,NONE,DUPLICATE,TRAIN,True,CRIMINAL,ACTIVE,2026-02-09,2026-06-05
0.546,SUSPECTED,SUPPORTING,0.743,NONE,NORMAL,TRAIN,True,MIXED,ACTIVE,2026-02-03,2026-04-01
0.325,FALSE,CONTRADICTING,0.399,NONE,NORMAL,TRAIN,True,MIXED,ACTIVE,2026-07-10,2026-10-15
0.654,UNKNOWN,NEUTRAL,0.282,NONE,NORMAL,TRAIN,True,CRIMINAL,ACTIVE,2025-10-23,2026-04-11
0.033,SUSPECTED,SUPPORTING,0.647,NONE,NORMAL,TRAIN,True,CRIMINAL,ACTIVE,2025-12-27,2026-07-15
0.603,CONFIRMED,SUPPORTING,0.913,TEMPORAL_ANOMALY,NORMAL,TRAIN,True,CRIMINAL,ACTIVE,2025-12-22,2026-06-03
0.573,FALSE,CONTRADICTING,0.391,NONE,NORMAL,TRAIN,True,CRIMINAL,ACTIVE,2025-10-22,2026-04-20
0.163,CONFIRMED,SUPPORTING,0.973,NONE,NORMAL,VALIDATION,True,LEGITIMATE,ACTIVE,2025-11-30,2026-03-04
0.57,SUSPECTED,SUPPORTING,0.723,NONE,NORMAL,TRAIN,True,MIXED,ACTIVE,2025-11-15,2026-04-05
0.446,SUSPECTED,SUPPORTING,0.622,COLLECTIVE_ANOMALY,NORMAL,TRAIN,True,CRIMINAL,ACTIVE,2026-07-19,2026-09-11
0.558,SUSPECTED,SUPPORTING,0.583,LEGITIMATE_ANOMALY,FORMATTING_VARIATION,TRAIN,True,CRIMINAL,ACTIVE,2026-07-05,2026-10-13
0.287,CONFIRMED,SUPPORTING,0.92,NONE,NORMAL,TEST,True,AMBIGUOUS,ACTIVE,2026-01-12,2026-06-20
0.285,UNKNOWN,NEUTRAL,0.324,NONE,NORMAL,TRAIN,True,CRIMINAL,ACTIVE,2026-06-24,2026-10-01
0.743,UNKNOWN,NEUTRAL,0.469,NONE,NORMAL,TEST,True,AMBIGUOUS,ACTIVE,2026-01-01,2026-05-03
0.778,CONFIRMED,SUPPORTING,0.929,LEGITIMATE_ANOMALY,NORMAL,TRAIN,True,MIXED,ACTIVE,2026-06-18,2026-10-12
0.336,UNKNOWN,NEUTRAL,0.426,NONE,NORMAL,TRAIN,True,MIXED,ACTIVE,2026-05-15,2026-09-22
0.342,CONFIRMED,SUPPORTING,0.958,NONE,NORMAL,TRAIN,True,CRIMINAL,ACTIVE,2026-05-21,2026-08-08
0.674,CONFIRMED,SUPPORTING,0.988,NONE,NORMAL,TRAIN,True,CRIMINAL,ACTIVE,2026-06-12,2026-10-07
0.623,FALSE,CONTRADICTING,0.343,NONE,NORMAL,TRAIN,True,LEGITIMATE,ACTIVE,2026-06-03,2026-08-28
0.211,SUSPECTED,SUPPORTING,0.609,NONE,NORMAL,TEST,True,AMBIGUOUS,ACTIVE,2025-12-14,2026-04-27
0.601,UNKNOWN,NEUTRAL,0.312,LEGITIMATE_ANOMALY,NORMAL,TRAIN,True,MIXED,ACTIVE,2026-02-19,2026-07-23
0.573,FALSE,CONTRADICTING,0.204,NONE,NORMAL,TEST,True,AMBIGUOUS,ACTIVE,2026-03-16,2026-09-14
0.234,UNKNOWN,NEUTRAL,0.389,NONE,FORMATTING_VARIATION,TRAIN,True,MIXED,ACTIVE,2025-12-20,2026-04-26
0.415,CONFIRMED,SUPPORTING,0.903,NONE,NORMAL,TRAIN,True,MIXED,ACTIVE,2026-04-19,2026-07-02
0.612,SUSPECTED,SUPPORTING,0.649,NONE,NORMAL,VALIDATION,True,LEGITIMATE,ACTIVE,2026-01-27,2026-03-10
0.748,CONFIRMED,SUPPORTING,0.918,CONTEXTUAL_ANOMALY,NORMAL,TRAIN,True,MIXED,ACTIVE,2026-02-22,2026-07-18
0.359,SUSPECTED,SUPPORTING,0.694,NONE,NORMAL,TEST,True,AMBIGUOUS,ACTIVE,2025-11-27,2026-04-14
0.23,UNKNOWN,NEUTRAL,0.419,NONE,NORMAL,VALIDATION,True,LEGITIMATE,ACTIVE,2026-04-04,2026-07-05
0.104,UNKNOWN,NEUTRAL,0.319,NONE,NORMAL,TRAIN,True,CRIMINAL,ACTIVE,2026-02-18,2026-05-26
0.478,SUSPECTED,SUPPORTING,0.718,NONE,NORMAL,TRAIN,True,CRIMINAL,ACTIVE,2026-05-10,2026-06-28
0.535,SUSPECTED,SUPPORTING,0.796,NONE,NORMAL,TRAIN,True,MIXED,ACTIVE,2026-03-18,2026-05-17
0.643,FALSE,CONTRADICTING,0.328,NONE,DUPLICATE,TRAIN,True,CRIMINAL,ACTIVE,2026-02-11,2026-05-23
0.636,CONFIRMED,SUPPORTING,0.884,NONE,NORMAL,TRAIN,True,CRIMINAL,ACTIVE,2026-01-20,2026-06-03
0.162,FALSE,CONTRADICTING,0.393,NONE,NORMAL,TRAIN,True,CRIMINAL,ACTIVE,2025-11-27,2026-02-21
0.738,UNKNOWN,NEUTRAL,0.374,COLLECTIVE_ANOMALY,NORMAL,TRAIN,True,MIXED,ACTIVE,2026-02-14,2026-04-20
0.77,FALSE,CONTRADICTING,0.352,LEGITIMATE_ANOMALY,NORMAL,TRAIN,True,MIXED,ACTIVE,2026-05-12,2026-08-18
0.339,CONFIRMED,SUPPORTING,0.828,NONE,NORMAL,TEST,True,AMBIGUOUS,ACTIVE,2025-12-16,2026-03-22
0.539,SUSPECTED,SUPPORTING,0.84,NONE,NORMAL,TRAIN,True,CRIMINAL,ACTIVE,2025-11-30,2026-01-24
0.794,SUSPECTED,SUPPORTING,0.799,LEGITIMATE_ANOMALY,NORMAL,TRAIN,True,CRIMINAL,ACTIVE,2026-02-27,2026-07-26
0.703,CONFIRMED,SUPPORTING,0.935,NONE,NORMAL,TRAIN,True,CRIMINAL,ACTIVE,2026-04-25,2026-08-24
0.581,FALSE,CONTRADICTING,0.217,NONE,NORMAL,VALIDATION,True,LEGITIMATE,ACTIVE,2026-02-27,2026-05-01
0.934,CONFIRMED,SUPPORTING,0.86,LEGITIMATE_ANOMALY,NORMAL,TRAIN,True,MIXED,ACTIVE,2026-04-24,2026-08-24
0.208,CONFIRMED,SUPPORTING,0.936,LEGITIMATE_ANOMALY,NORMAL,TRAIN,True,CRIMINAL,ACTIVE,2025-12-21,2026-05-30
0.384,FALSE,CONTRADICTING,0.147,TEMPORAL_ANOMALY,NORMAL,TRAIN,True,CRIMINAL,ACTIVE,2026-01-16,2026-04-14
0.688,SUSPECTED,SUPPORTING,0.821,NONE,NORMAL,TRAIN,True,CRIMINAL,ACTIVE,2026-04-08,2026-07-23
0.366,SUSPECTED,SUPPORTING,0.833,NONE,MISSING_COUNTERPARTY,TEST,True,AMBIGUOUS,ACTIVE,2025-10-05,2026-03-05
0.733,FALSE,CONTRADICTING,0.208,NONE,NORMAL,TRAIN,True,MIXED,ACTIVE,2026-05-30,2026-08-30
0.733,UNKNOWN,NEUTRAL,0.397,CRIMINAL_ANOMALY,NORMAL,TRAIN,True,MIXED,ACTIVE,2026-02-04,2026-05-29
0.747,FALSE,CONTRADICTING,0.227,LEGITIMATE_ANOMALY,FORMATTING_VARIATION,TRAIN,True,LEGITIMATE,ACTIVE,2025-12-09,2026-02-10
0.48,CONFIRMED,SUPPORTING,0.97,CONTEXTUAL_ANOMALY,NORMAL,TRAIN,True,MIXED,ACTIVE,2025-12-23,2026-05-07
0.56,CONFIRMED,SUPPORTING,0.892,NONE,MISSING_COUNTERPARTY,TRAIN,True,CRIMINAL,ACTIVE,2025-12-26,2026-06-16
0.443,CONFIRMED,SUPPORTING,0.969,NONE,NORMAL,TRAIN,True,MIXED,ACTIVE,2026-02-13,2026-08-15
0.602,CONFIRMED,SUPPORTING,0.924,NONE,NORMAL,TRAIN,True,CRIMINAL,ACTIVE,2026-04-28,2026-09-23
0.416,SUSPECTED,SUPPORTING,0.712,NONE,NORMAL,TRAIN,True,CRIMINAL,ACTIVE,2026-03-26,2026-09-06
0.616,SUSPECTED,SUPPORTING,0.668,NONE,NORMAL,TRAIN,True,MIXED,ACTIVE,2026-04-02,2026-08-25
0.547,SUSPECTED,SUPPORTING,0.848,NONE,NORMAL,TEST,True,AMBIGUOUS,ACTIVE,2026-01-17,2026-06-01
0.709,SUSPECTED,SUPPORTING,0.691,NONE,NORMAL,TRAIN,True,MIXED,ACTIVE,2026-04-28,2026-10-13
0.637,UNKNOWN,NEUTRAL,0.368,LEGITIMATE_ANOMALY,NORMAL,TRAIN,True,CRIMINAL,ACTIVE,2026-01-19,2026-03-09
0.599,CONFIRMED,SUPPORTING,0.985,CRIMINAL_ANOMALY,NORMAL,VALIDATION,True,LEGITIMATE,ACTIVE,2026-04-10,2026-07-02
0.786,CONFIRMED,SUPPORTING,0.986,NONE,NORMAL,TEST,True,AMBIGUOUS,ACTIVE,2026-04-10,2026-07-24
0.524,SUSPECTED,SUPPORTING,0.677,NONE,NORMAL,VALIDATION,True,LEGITIMATE,ACTIVE,2025-10-13,2026-04-24
0.438,SUSPECTED,SUPPORTING,0.708,NONE,DUPLICATE,TRAIN,True,CRIMINAL,ACTIVE,2026-03-17,2026-07-20
0.532,UNKNOWN,NEUTRAL,0.335,NONE,NORMAL,TRAIN,True,LEGITIMATE,ACTIVE,2026-01-29,2026-07-18
0.458,UNKNOWN,NEUTRAL,0.214,NONE,NORMAL,TRAIN,True,CRIMINAL,ACTIVE,2025-11-25,2026-02-20
0.327,UNKNOWN,NEUTRAL,0.497,NONE,NORMAL,TEST,True,AMBIGUOUS,ACTIVE,2025-11-08,2026-04-18
0.895,UNKNOWN,NEUTRAL,0.345,NONE,NORMAL,TRAIN,True,CRIMINAL,ACTIVE,2025-11-17,2026-02-12
0.746,UNKNOWN,NEUTRAL,0.375,NONE,NORMAL,TEST,True,AMBIGUOUS,ACTIVE,2026-03-15,2026-07-22
0.788,UNKNOWN,NEUTRAL,0.497,NONE,NORMAL,TEST,True,AMBIGUOUS,ACTIVE,2026-05-29,2026-08-28
0.732,FALSE,CONTRADICTING,0.36,NONE,NORMAL,VALIDATION,True,LEGITIMATE,ACTIVE,2026-01-07,2026-05-20
0.452,UNKNOWN,NEUTRAL,0.289,NONE,NORMAL,TRAIN,True,CRIMINAL,ACTIVE,2026-06-11,2026-08-09
0.075,CONFIRMED,SUPPORTING,0.844,NONE,NORMAL,TRAIN,True,CRIMINAL,ACTIVE,2026-04-21,2026-11-11
0.687,UNKNOWN,NEUTRAL,0.246,NONE,NORMAL,TRAIN,True,MIXED,ACTIVE,2025-10-18,2026-01-25
0.103,FALSE,CONTRADICTING,0.359,NONE,NORMAL,TRAIN,True,MIXED,ACTIVE,2026-01-23,2026-05-22
0.448,SUSPECTED,SUPPORTING,0.588,TEMPORAL_ANOMALY,NORMAL,TRAIN,True,CRIMINAL,ACTIVE,2025-10-04,2026-01-28
0.036,UNKNOWN,NEUTRAL,0.476,NONE,NORMAL,TRAIN,True,CRIMINAL,ACTIVE,2026-01-06,2026-03-30
0.822,UNKNOWN,NEUTRAL,0.408,NONE,NORMAL,TRAIN,True,MIXED,ACTIVE,2026-05-15,2026-10-07
0.304,SUSPECTED,SUPPORTING,0.63,NONE,DUPLICATE,TRAIN,True,MIXED,ACTIVE,2025-12-18,2026-05-08
0.2,FALSE,CONTRADICTING,0.151,NONE,NORMAL,TRAIN,True,MIXED,ACTIVE,2026-04-05,2026-06-26
0.011,UNKNOWN,NEUTRAL,0.394,NONE,NORMAL,VALIDATION,True,LEGITIMATE,ACTIVE,2026-03-31,2026-08-18
0.649,UNKNOWN,NEUTRAL,0.403,NONE,NORMAL,TRAIN,True,MIXED,ACTIVE,2025-11-17,2026-03-31
0.752,SUSPECTED,SUPPORTING,0.743,LEGITIMATE_ANOMALY,NORMAL,TRAIN,True,CRIMINAL,ACTIVE,2025-12-31,2026-03-17
0.297,FALSE,CONTRADICTING,0.3,NONE,NORMAL,TRAIN,True,MIXED,ACTIVE,2026-06-21,2026-09-24
0.73,UNKNOWN,NEUTRAL,0.239,NONE,NORMAL,TRAIN,True,LEGITIMATE,ACTIVE,2025-09-16,2026-03-04
0.659,UNKNOWN,NEUTRAL,0.206,CRIMINAL_ANOMALY,NORMAL,VALIDATION,True,LEGITIMATE,ACTIVE,2026-04-02,2026-08-22
0.574,SUSPECTED,SUPPORTING,0.793,NONE,NORMAL,TRAIN,True,MIXED,ACTIVE,2026-01-28,2026-04-06
0.108,CONFIRMED,SUPPORTING,0.956,NONE,NORMAL,TRAIN,True,LEGITIMATE,ACTIVE,2025-11-09,2026-03-31
0.702,UNKNOWN,NEUTRAL,0.222,NONE,NORMAL,TRAIN,True,LEGITIMATE,ACTIVE,2026-02-22,2026-06-23
0.312,FALSE,CONTRADICTING,0.273,NONE,NORMAL,TRAIN,True,CRIMINAL,ACTIVE,2025-12-19,2026-05-06
0.857,CONFIRMED,SUPPORTING,0.928,NONE,NORMAL,TRAIN,True,MIXED,ACTIVE,2026-05-20,2026-10-24
0.083,CONFIRMED,SUPPORTING,0.952,NONE,NORMAL,TEST,True,AMBIGUOUS,ACTIVE,2026-03-13,2026-07-11
0.092,SUSPECTED,SUPPORTING,0.649,NONE,NORMAL,TRAIN,True,MIXED,ACTIVE,2026-02-09,2026-06-01
0.363,CONFIRMED,SUPPORTING,0.879,LEGITIMATE_ANOMALY,NORMAL,TRAIN,True,CRIMINAL,ACTIVE,2025-11-01,2026-03-28
0.132,SUSPECTED,SUPPORTING,0.846,NONE,NORMAL,TRAIN,True,CRIMINAL,ACTIVE,2026-01-10,2026-04-17
0.078,SUSPECTED,SUPPORTING,0.679,LEGITIMATE_ANOMALY,NORMAL,TRAIN,True,CRIMINAL,ACTIVE,2025-11-02,2026-03-17
0.59,SUSPECTED,SUPPORTING,0.672,NONE,NORMAL,TRAIN,True,CRIMINAL,ACTIVE,2025-12-20,2026-06-21
0.205,UNKNOWN,NEUTRAL,0.479,NONE,NORMAL,VALIDATION,True,LEGITIMATE,ACTIVE,2026-01-19,2026-05-31
0.041,CONFIRMED,SUPPORTING,0.863,NONE,NORMAL,TRAIN,True,CRIMINAL,ACTIVE,2026-02-10,2026-05-22
0.289,SUSPECTED,SUPPORTING,0.752,NONE,NORMAL,TEST,True,AMBIGUOUS,ACTIVE,2026-07-02,2026-09-28
0.251,UNKNOWN,NEUTRAL,0.44,NONE,NORMAL,TRAIN,True,MIXED,ACTIVE,2026-05-29,2026-07-12
0.266,CONFIRMED,SUPPORTING,0.878,NONE,NORMAL,TEST,True,AMBIGUOUS,ACTIVE,2026-07-18,2026-10-06
0.105,CONFIRMED,SUPPORTING,0.957,NONE,NORMAL,TRAIN,True,MIXED,ACTIVE,2026-03-31,2026-07-11
0.341,CONFIRMED,SUPPORTING,0.889,NONE,NORMAL,VALIDATION,True,LEGITIMATE,ACTIVE,2026-02-10,2026-07-02
0.484,FALSE,CONTRADICTING,0.237,NONE,NORMAL,TRAIN,True,CRIMINAL,ACTIVE,2025-10-29,2026-03-20
0.827,SUSPECTED,SUPPORTING,0.719,NONE,NORMAL,TEST,True,AMBIGUOUS,ACTIVE,2026-02-28,2026-08-13
0.489,SUSPECTED,SUPPORTING,0.686,NONE,NORMAL,VALIDATION,True,LEGITIMATE,ACTIVE,2025-10-01,2026-02-16
0.716,SUSPECTED,SUPPORTING,0.828,CRIMINAL_ANOMALY,NORMAL,TEST,True,AMBIGUOUS,ACTIVE,2026-02-14,2026-04-26
0.206,SUSPECTED,SUPPORTING,0.86,NONE,NORMAL,TEST,True,AMBIGUOUS,ACTIVE,2025-11-19,2026-04-18
0.348,UNKNOWN,NEUTRAL,0.259,NONE,NORMAL,TRAIN,True,MIXED,ACTIVE,2026-05-19,2026-07-30
0.716,UNKNOWN,NEUTRAL,0.272,COLLECTIVE_ANOMALY,NORMAL,TEST,True,AMBIGUOUS,ACTIVE,2025-12-18,2026-04-21
0.463,FALSE,CONTRADICTING,0.248,NONE,NORMAL,TRAIN,True,MIXED,ACTIVE,2025-12-04,2026-05-05
0.354,UNKNOWN,NEUTRAL,0.379,NONE,NORMAL,TEST,True,AMBIGUOUS,ACTIVE,2026-01-16,2026-04-09
0.491,CONFIRMED,SUPPORTING,0.944,NONE,NORMAL,VALIDATION,True,LEGITIMATE,ACTIVE,2026-04-04,2026-08-15
0.526,FALSE,CONTRADICTING,0.251,NONE,NORMAL,TRAIN,True,LEGITIMATE,ACTIVE,2026-06-24,2026-09-02
0.309,CONFIRMED,SUPPORTING,0.917,NONE,NORMAL,TEST,True,AMBIGUOUS,ACTIVE,2025-12-09,2026-03-12
0.589,FALSE,CONTRADICTING,0.121,TEMPORAL_ANOMALY,NORMAL,VALIDATION,True,LEGITIMATE,ACTIVE,2026-03-03,2026-07-24
0.361,CONFIRMED,SUPPORTING,0.97,NONE,NORMAL,TRAIN,True,CRIMINAL,ACTIVE,2026-03-13,2026-08-14
0.469,CONFIRMED,SUPPORTING,0.916,NONE,NORMAL,TRAIN,True,CRIMINAL,ACTIVE,2026-03-19,2026-06-13
0.563,UNKNOWN,NEUTRAL,0.526,NONE,NORMAL,TRAIN,True,CRIMINAL,ACTIVE,2026-05-03,2026-08-28
0.647,UNKNOWN,NEUTRAL,0.359,CONTEXTUAL_ANOMALY,NORMAL,VALIDATION,True,LEGITIMATE,ACTIVE,2026-01-04,2026-03-20
0.86,CONFIRMED,SUPPORTING,0.95,TEMPORAL_ANOMALY,NORMAL,TRAIN,True,CRIMINAL,ACTIVE,2025-12-13,2026-04-20
0.199,CONFIRMED,SUPPORTING,0.856,NONE,NORMAL,TEST,True,AMBIGUOUS,ACTIVE,2026-02-11,2026-05-11
0.264,FALSE,CONTRADICTING,0.129,NONE,NORMAL,VALIDATION,True,LEGITIMATE,ACTIVE,2026-04-19,2026-08-20
0.495,SUSPECTED,SUPPORTING,0.585,COLLECTIVE_ANOMALY,DUPLICATE,TRAIN,True,CRIMINAL,ACTIVE,2026-05-07,2026-08-02
0.65,FALSE,CONTRADICTING,0.176,LEGITIMATE_ANOMALY,DUPLICATE,TRAIN,True,CRIMINAL,ACTIVE,2026-03-04,2026-06-24
0.321,SUSPECTED,SUPPORTING,0.599,NONE,NORMAL,TRAIN,True,CRIMINAL,ACTIVE,2025-10-03,2026-02-27
0.748,SUSPECTED,SUPPORTING,0.737,NONE,NORMAL,TRAIN,True,MIXED,ACTIVE,2026-05-23,2026-09-07
0.59,SUSPECTED,SUPPORTING,0.701,NONE,NORMAL,VALIDATION,True,LEGITIMATE,ACTIVE,2026-01-08,2026-04-21
0.197,SUSPECTED,SUPPORTING,0.793,NONE,NORMAL,TRAIN,True,CRIMINAL,ACTIVE,2026-04-01,2026-06-04
0.228,FALSE,CONTRADICTING,0.253,TEMPORAL_ANOMALY,NORMAL,TEST,True,AMBIGUOUS,ACTIVE,2025-10-29,2026-02-10
0.345,SUSPECTED,SUPPORTING,0.721,NONE,NORMAL,TRAIN,True,CRIMINAL,ACTIVE,2025-10-07,2026-03-30
0.136,FALSE,CONTRADICTING,0.345,NONE,NORMAL,TRAIN,True,CRIMINAL,ACTIVE,2025-10-17,2026-03-27
0.224,CONFIRMED,SUPPORTING,0.85,NONE,NORMAL,VALIDATION,True,LEGITIMATE,ACTIVE,2025-09-22,2026-03-26
0.449,SUSPECTED,SUPPORTING,0.586,NONE,NORMAL,TRAIN,True,CRIMINAL,ACTIVE,2026-01-07,2026-03-22
0.448,FALSE,CONTRADICTING,0.299,NONE,NORMAL,VALIDATION,True,LEGITIMATE,ACTIVE,2026-07-26,2026-09-08
0.564,UNKNOWN,NEUTRAL,0.443,COLLECTIVE_ANOMALY,MISSING_COUNTERPARTY,TRAIN,True,MIXED,ACTIVE,2025-10-18,2026-01-30
0.674,CONFIRMED,SUPPORTING,0.854,CONTEXTUAL_ANOMALY,NORMAL,VALIDATION,True,LEGITIMATE,ACTIVE,2026-02-12,2026-04-22
0.402,SUSPECTED,SUPPORTING,0.612,NONE,NORMAL,TRAIN,True,CRIMINAL,ACTIVE,2025-11-06,2026-03-27
0.524,SUSPECTED,SUPPORTING,0.764,LEGITIMATE_ANOMALY,NORMAL,TRAIN,True,MIXED,ACTIVE,2026-03-05,2026-05-28
0.291,SUSPECTED,SUPPORTING,0.588,NONE,NORMAL,VALIDATION,True,LEGITIMATE,ACTIVE,2026-02-14,2026-07-02
0.329,SUSPECTED,SUPPORTING,0.776,NONE,NORMAL,TRAIN,True,CRIMINAL,ACTIVE,2026-03-19,2026-05-29
0.493,UNKNOWN,NEUTRAL,0.491,NONE,NORMAL,TRAIN,True,CRIMINAL,ACTIVE,2025-11-29,2026-02-02
0.229,CONFIRMED,SUPPORTING,0.873,NONE,NORMAL,TRAIN,True,MIXED,ACTIVE,2026-06-13,2026-09-04
0.539,UNKNOWN,NEUTRAL,0.36,NONE,NORMAL,TRAIN,True,LEGITIMATE,ACTIVE,2025-11-28,2026-01-28
0.433,SUSPECTED,SUPPORTING,0.728,NONE,NORMAL,TRAIN,True,CRIMINAL,ACTIVE,2026-02-21,2026-05-29
0.556,CONFIRMED,SUPPORTING,0.884,LEGITIMATE_ANOMALY,NORMAL,TRAIN,True,CRIMINAL,ACTIVE,2026-02-13,2026-05-15
0.3,FALSE,CONTRADICTING,0.239,COLLECTIVE_ANOMALY,NORMAL,TRAIN,True,CRIMINAL,ACTIVE,2026-05-18,2026-10-02
0.457,UNKNOWN,NEUTRAL,0.472,NONE,NORMAL,VALIDATION,True,LEGITIMATE,ACTIVE,2026-01-21,2026-05-17
0.727,UNKNOWN,NEUTRAL,0.323,NONE,NORMAL,TRAIN,True,CRIMINAL,ACTIVE,2026-04-20,2026-10-10
0.387,SUSPECTED,SUPPORTING,0.593,CONTEXTUAL_ANOMALY,NORMAL,VALIDATION,True,LEGITIMATE,ACTIVE,2026-01-22,2026-06-13
0.34,UNKNOWN,NEUTRAL,0.28,NONE,NORMAL,TRAIN,True,MIXED,ACTIVE,2025-11-14,2026-05-28
0.48,UNKNOWN,NEUTRAL,0.221,CONTEXTUAL_ANOMALY,NORMAL,TRAIN,True,CRIMINAL,ACTIVE,2026-02-11,2026-07-13
0.566,CONFIRMED,SUPPORTING,0.899,CRIMINAL_ANOMALY,NORMAL,TRAIN,True,CRIMINAL,ACTIVE,2025-11-30,2026-05-01
0.202,SUSPECTED,SUPPORTING,0.785,NONE,NORMAL,TRAIN,True,CRIMINAL,ACTIVE,2026-04-24,2026-09-11
0.738,SUSPECTED,SUPPORTING,0.851,NONE,NORMAL,TEST,True,AMBIGUOUS,ACTIVE,2026-01-27,2026-06-26
0.448,FALSE,CONTRADICTING,0.141,NONE,NORMAL,TRAIN,True,CRIMINAL,ACTIVE,2026-01-11,2026-06-04
0.225,CONFIRMED,SUPPORTING,0.951,NONE,NORMAL,TRAIN,True,CRIMINAL,ACTIVE,2026-03-02,2026-05-28
0.298,CONFIRMED,SUPPORTING,0.861,NONE,NORMAL,TRAIN,True,CRIMINAL,ACTIVE,2026-04-07,2026-07-09
0.438,SUSPECTED,SUPPORTING,0.727,NONE,NORMAL,TRAIN,True,MIXED,ACTIVE,2025-11-12,2026-04-05
0.253,SUSPECTED,SUPPORTING,0.648,NONE,NORMAL,TEST,True,AMBIGUOUS,ACTIVE,2025-11-04,2026-03-25
0.328,SUSPECTED,SUPPORTING,0.771,NONE,NORMAL,VALIDATION,True,LEGITIMATE,ACTIVE,2025-12-03,2026-02-19
0.487,SUSPECTED,SUPPORTING,0.847,NONE,NORMAL,TEST,True,AMBIGUOUS,ACTIVE,2026-02-16,2026-06-02
0.843,CONFIRMED,SUPPORTING,0.967,CONTEXTUAL_ANOMALY,NORMAL,TRAIN,True,CRIMINAL,ACTIVE,2025-12-05,2026-05-18
0.796,SUSPECTED,SUPPORTING,0.802,NONE,NORMAL,TRAIN,True,CRIMINAL,ACTIVE,2026-01-21,2026-03-26
0.429,UNKNOWN,NEUTRAL,0.234,NONE,NORMAL,TRAIN,True,CRIMINAL,ACTIVE,2026-04-13,2026-09-13
0.524,UNKNOWN,NEUTRAL,0.268,NONE,NORMAL,TRAIN,True,MIXED,ACTIVE,2025-10-18,2026-03-08
0.645,SUSPECTED,SUPPORTING,0.708,NONE,NORMAL,TRAIN,True,MIXED,ACTIVE,2026-05-08,2026-11-03
0.38,FALSE,CONTRADICTING,0.248,NONE,NORMAL,TRAIN,True,LEGITIMATE,ACTIVE,2026-01-07,2026-04-04
0.237,UNKNOWN,NEUTRAL,0.206,NONE,NORMAL,TEST,True,AMBIGUOUS,ACTIVE,2026-03-17,2026-06-02
0.702,CONFIRMED,SUPPORTING,0.985,NONE,NORMAL,TRAIN,True,CRIMINAL,ACTIVE,2025-11-23,2026-04-06
0.433,CONFIRMED,SUPPORTING,0.933,NONE,NORMAL,TRAIN,True,MIXED,ACTIVE,2026-01-19,2026-04-29
0.7,SUSPECTED,SUPPORTING,0.806,CONTEXTUAL_ANOMALY,NORMAL,TRAIN,True,CRIMINAL,ACTIVE,2026-04-17,2026-07-28
0.398,SUSPECTED,SUPPORTING,0.709,NONE,NORMAL,TRAIN,True,LEGITIMATE,ACTIVE,2026-06-13,2026-09-28
0.548,UNKNOWN,NEUTRAL,0.468,NONE,NORMAL,TEST,True,AMBIGUOUS,ACTIVE,2026-02-18,2026-08-19
0.934,CONFIRMED,SUPPORTING,0.874,NONE,NORMAL,VALIDATION,True,LEGITIMATE,ACTIVE,2026-04-21,2026-09-23
0.57,SUSPECTED,SUPPORTING,0.796,NONE,NORMAL,TRAIN,True,CRIMINAL,ACTIVE,2026-01-10,2026-03-17
0.389,CONFIRMED,SUPPORTING,0.841,NONE,NORMAL,TRAIN,True,MIXED,ACTIVE,2025-12-15,2026-03-19
0.501,SUSPECTED,SUPPORTING,0.806,NONE,NORMAL,VALIDATION,True,LEGITIMATE,ACTIVE,2026-03-02,2026-09-04
0.541,SUSPECTED,SUPPORTING,0.624,NONE,NORMAL,TRAIN,True,CRIMINAL,ACTIVE,2025-12-08,2026-04-07
0.34,SUSPECTED,SUPPORTING,0.617,COLLECTIVE_ANOMALY,NORMAL,TRAIN,True,MIXED,ACTIVE,2026-03-03,2026-08-01
0.775,UNKNOWN,NEUTRAL,0.268,NONE,NORMAL,VALIDATION,True,LEGITIMATE,ACTIVE,2026-03-06,2026-07-13
0.5,CONFIRMED,SUPPORTING,0.868,NONE,NORMAL,TRAIN,True,CRIMINAL,ACTIVE,2025-11-08,2026-03-22
0.924,SUSPECTED,SUPPORTING,0.727,COLLECTIVE_ANOMALY,NORMAL,TRAIN,True,CRIMINAL,ACTIVE,2026-01-27,2026-07-20
0.463,SUSPECTED,SUPPORTING,0.747,NONE,NORMAL,TRAIN,True,MIXED,ACTIVE,2026-07-18,2026-10-20
0.655,CONFIRMED,SUPPORTING,0.939,COLLECTIVE_ANOMALY,NORMAL,TRAIN,True,CRIMINAL,ACTIVE,2026-05-25,2026-09-08
0.306,CONFIRMED,SUPPORTING,0.82,NONE,NORMAL,TEST,True,AMBIGUOUS,ACTIVE,2026-02-23,2026-04-04
0.282,SUSPECTED,SUPPORTING,0.609,NONE,NORMAL,TRAIN,True,CRIMINAL,ACTIVE,2026-01-08,2026-06-08
0.555,SUSPECTED,SUPPORTING,0.819,CONTEXTUAL_ANOMALY,NORMAL,TRAIN,True,CRIMINAL,ACTIVE,2026-04-28,2026-07-06
0.289,SUSPECTED,SUPPORTING,0.698,NONE,FORMATTING_VARIATION,TRAIN,True,CRIMINAL,ACTIVE,2026-01-05,2026-06-10
0.702,CONFIRMED,SUPPORTING,0.913,CRIMINAL_ANOMALY,NORMAL,TRAIN,True,CRIMINAL,ACTIVE,2026-03-10,2026-09-14
0.163,CONFIRMED,SUPPORTING,0.904,NONE,NORMAL,TRAIN,True,CRIMINAL,ACTIVE,2025-10-23,2026-03-15
0.824,SUSPECTED,SUPPORTING,0.806,NONE,NORMAL,TRAIN,True,MIXED,ACTIVE,2025-10-11,2026-02-21
0.634,CONFIRMED,SUPPORTING,0.903,LEGITIMATE_ANOMALY,NORMAL,TRAIN,True,CRIMINAL,ACTIVE,2026-01-23,2026-06-26
0.348,UNKNOWN,NEUTRAL,0.414,NONE,NORMAL,VALIDATION,True,LEGITIMATE,ACTIVE,2026-01-17,2026-04-25
0.132,CONFIRMED,SUPPORTING,0.85,NONE,NORMAL,VALIDATION,True,LEGITIMATE,ACTIVE,2025-09-19,2026-02-24
0.496,SUSPECTED,SUPPORTING,0.628,NONE,NORMAL,TRAIN,True,CRIMINAL,ACTIVE,2026-06-11,2026-09-27
0.684,CONFIRMED,SUPPORTING,0.925,COLLECTIVE_ANOMALY,NORMAL,TEST,True,AMBIGUOUS,ACTIVE,2026-04-16,2026-08-06
0.209,CONFIRMED,SUPPORTING,0.86,CONTEXTUAL_ANOMALY,NORMAL,TRAIN,True,CRIMINAL,ACTIVE,2026-06-01,2026-10-15
0.286,SUSPECTED,SUPPORTING,0.625,LEGITIMATE_ANOMALY,NORMAL,TRAIN,True,CRIMINAL,ACTIVE,2026-05-12,2026-08-27
0.424,CONFIRMED,SUPPORTING,0.876,NONE,NORMAL,TRAIN,True,CRIMINAL,ACTIVE,2026-03-08,2026-07-18
0.417,SUSPECTED,SUPPORTING,0.796,NONE,NORMAL,TRAIN,True,MIXED,ACTIVE,2026-01-04,2026-03-01
0.641,UNKNOWN,NEUTRAL,0.291,NONE,NORMAL,VALIDATION,True,LEGITIMATE,ACTIVE,2026-01-04,2026-06-17
0.564,SUSPECTED,SUPPORTING,0.777,NONE,REVERSED_RECORD,TRAIN,True,CRIMINAL,ACTIVE,2026-05-30,2026-10-05
0.423,UNKNOWN,NEUTRAL,0.393,NONE,NORMAL,TRAIN,True,MIXED,ACTIVE,2026-03-07,2026-07-02
0.167,UNKNOWN,NEUTRAL,0.491,CRIMINAL_ANOMALY,NORMAL,TRAIN,True,LEGITIMATE,ACTIVE,2026-04-05,2026-08-15
0.734,SUSPECTED,SUPPORTING,0.828,COLLECTIVE_ANOMALY,NORMAL,VALIDATION,True,LEGITIMATE,ACTIVE,2025-10-05,2026-02-11
0.637,SUSPECTED,SUPPORTING,0.73,NONE,NORMAL,TRAIN,True,MIXED,ACTIVE,2026-02-01,2026-04-16
0.167,UNKNOWN,NEUTRAL,0.273,NONE,NORMAL,TRAIN,True,CRIMINAL,ACTIVE,2026-04-12,2026-05-29
0.042,SUSPECTED,SUPPORTING,0.711,NONE,NORMAL,TEST,True,AMBIGUOUS,ACTIVE,2026-01-20,2026-05-27
0.184,FALSE,CONTRADICTING,0.178,NONE,NORMAL,TRAIN,True,CRIMINAL,ACTIVE,2026-05-17,2026-09-09
0.642,SUSPECTED,SUPPORTING,0.804,NONE,NORMAL,TRAIN,True,CRIMINAL,ACTIVE,2026-01-20,2026-05-07
0.71,FALSE,CONTRADICTING,0.223,CRIMINAL_ANOMALY,NORMAL,VALIDATION,True,LEGITIMATE,ACTIVE,2026-01-18,2026-04-17
0.559,UNKNOWN,NEUTRAL,0.22,NONE,NORMAL,VALIDATION,True,LEGITIMATE,ACTIVE,2026-05-02,2026-11-02
0.109,CONFIRMED,SUPPORTING,0.89,NONE,DUPLICATE,TRAIN,True,CRIMINAL,ACTIVE,2026-02-19,2026-08-22
0.073,SUSPECTED,SUPPORTING,0.669,NONE,NORMAL,TRAIN,True,MIXED,ACTIVE,2026-05-22,2026-08-17
0.521,CONFIRMED,SUPPORTING,0.899,NONE,NORMAL,TRAIN,True,CRIMINAL,ACTIVE,2025-11-28,2026-04-27
0.743,SUSPECTED,SUPPORTING,0.796,NONE,NORMAL,TRAIN,True,MIXED,ACTIVE,2025-10-18,2026-03-16
0.133,UNKNOWN,NEUTRAL,0.362,NONE,NORMAL,TEST,True,AMBIGUOUS,ACTIVE,2026-01-26,2026-04-05
0.412,FALSE,CONTRADICTING,0.393,NONE,NORMAL,TRAIN,True,MIXED,ACTIVE,2026-03-04,2026-08-07
0.425,CONFIRMED,SUPPORTING,0.939,NONE,NORMAL,TRAIN,True,MIXED,ACTIVE,2026-02-02,2026-06-23
0.097,UNKNOWN,NEUTRAL,0.539,NONE,NORMAL,TRAIN,True,MIXED,ACTIVE,2025-11-24,2026-06-03
0.604,CONFIRMED,SUPPORTING,0.894,LEGITIMATE_ANOMALY,NORMAL,TRAIN,True,CRIMINAL,ACTIVE,2026-04-05,2026-06-17
0.296,CONFIRMED,SUPPORTING,0.928,NONE,NORMAL,TRAIN,True,CRIMINAL,ACTIVE,2026-04-02,2026-06-29
0.283,CONFIRMED,SUPPORTING,0.844,NONE,DUPLICATE,TRAIN,True,CRIMINAL,ACTIVE,2026-05-30,2026-09-05
0.875,UNKNOWN,NEUTRAL,0.344,NONE,NORMAL,TRAIN,True,CRIMINAL,ACTIVE,2025-11-15,2026-04-12
0.172,SUSPECTED,SUPPORTING,0.702,NONE,NORMAL,TRAIN,True,CRIMINAL,ACTIVE,2026-04-15,2026-09-02
0.404,CONFIRMED,SUPPORTING,0.932,NONE,NORMAL,TRAIN,True,CRIMINAL,ACTIVE,2026-01-07,2026-04-15
0.406,UNKNOWN,NEUTRAL,0.381,NONE,NORMAL,VALIDATION,True,LEGITIMATE,ACTIVE,2026-05-21,2026-08-04
0.201,UNKNOWN,NEUTRAL,0.254,NONE,NORMAL,TEST,True,AMBIGUOUS,ACTIVE,2026-06-12,2026-10-23
0.27,CONFIRMED,SUPPORTING,0.863,NONE,NORMAL,TRAIN,True,MIXED,ACTIVE,2026-03-25,2026-05-09
0.331,CONFIRMED,SUPPORTING,0.903,NONE,NORMAL,TEST,True,AMBIGUOUS,ACTIVE,2025-12-06,2026-04-12
0.259,SUSPECTED,SUPPORTING,0.637,NONE,NORMAL,TRAIN,True,CRIMINAL,ACTIVE,2026-02-01,2026-06-30
0.49,SUSPECTED,SUPPORTING,0.823,LEGITIMATE_ANOMALY,NORMAL,TRAIN,True,CRIMINAL,ACTIVE,2026-06-03,2026-08-17
0.544,SUSPECTED,SUPPORTING,0.656,CRIMINAL_ANOMALY,FORMATTING_VARIATION,TRAIN,True,LEGITIMATE,ACTIVE,2026-04-08,2026-06-26
0.155,CONFIRMED,SUPPORTING,0.957,COLLECTIVE_ANOMALY,NORMAL,TRAIN,True,CRIMINAL,ACTIVE,2026-02-15,2026-04-07
0.697,FALSE,CONTRADICTING,0.191,NONE,NORMAL,VALIDATION,True,LEGITIMATE,ACTIVE,2026-02-16,2026-08-02
0.545,CONFIRMED,SUPPORTING,0.887,NONE,NORMAL,TRAIN,True,CRIMINAL,ACTIVE,2025-12-28,2026-05-14
0.374,SUSPECTED,SUPPORTING,0.736,NONE,NORMAL,TRAIN,True,CRIMINAL,ACTIVE,2026-06-29,2026-10-18
0.515,CONFIRMED,SUPPORTING,0.861,NONE,NORMAL,VALIDATION,True,LEGITIMATE,ACTIVE,2025-10-15,2026-01-22
0.389,UNKNOWN,NEUTRAL,0.242,NONE,NORMAL,TRAIN,True,CRIMINAL,ACTIVE,2026-04-18,2026-08-02
0.867,FALSE,CONTRADICTING,0.237,NONE,NORMAL,TEST,True,AMBIGUOUS,ACTIVE,2026-06-20,2026-10-07
0.142,FALSE,CONTRADICTING,0.336,NONE,NORMAL,VALIDATION,True,LEGITIMATE,ACTIVE,2026-01-18,2026-03-05
0.596,SUSPECTED,SUPPORTING,0.629,NONE,NORMAL,TRAIN,True,LEGITIMATE,ACTIVE,2025-09-19,2026-02-07
0.426,SUSPECTED,SUPPORTING,0.761,NONE,NORMAL,TRAIN,True,MIXED,ACTIVE,2026-01-23,2026-04-20
0.225,FALSE,CONTRADICTING,0.326,NONE,NORMAL,TRAIN,True,LEGITIMATE,ACTIVE,2025-11-12,2026-02-22
0.804,SUSPECTED,SUPPORTING,0.774,NONE,NORMAL,TRAIN,True,CRIMINAL,ACTIVE,2026-07-11,2026-09-04
0.399,CONFIRMED,SUPPORTING,0.985,NONE,NORMAL,TRAIN,True,MIXED,ACTIVE,2026-03-09,2026-06-18
0.562,UNKNOWN,NEUTRAL,0.251,NONE,NORMAL,TRAIN,True,CRIMINAL,ACTIVE,2026-05-12,2026-09-12
0.044,CONFIRMED,SUPPORTING,0.944,NONE,NORMAL,TRAIN,True,LEGITIMATE,ACTIVE,2026-03-22,2026-07-23
0.656,CONFIRMED,SUPPORTING,0.911,NONE,NORMAL,TRAIN,True,CRIMINAL,ACTIVE,2026-03-22,2026-07-26
0.651,SUSPECTED,SUPPORTING,0.639,LEGITIMATE_ANOMALY,NORMAL,TRAIN,True,CRIMINAL,ACTIVE,2026-01-25,2026-06-06
0.322,SUSPECTED,SUPPORTING,0.59,NONE,NORMAL,VALIDATION,True,LEGITIMATE,ACTIVE,2026-04-12,2026-07-15
0.575,SUSPECTED,SUPPORTING,0.763,COLLECTIVE_ANOMALY,NORMAL,TRAIN,True,CRIMINAL,ACTIVE,2025-11-30,2026-04-26
0.441,SUSPECTED,SUPPORTING,0.814,NONE,NORMAL,TRAIN,True,MIXED,ACTIVE,2025-10-20,2026-03-11
0.149,SUSPECTED,SUPPORTING,0.815,NONE,NORMAL,TRAIN,True,CRIMINAL,ACTIVE,2026-01-15,2026-06-07
0.273,SUSPECTED,SUPPORTING,0.61,NONE,NORMAL,TEST,True,AMBIGUOUS,ACTIVE,2026-06-03,2026-08-30
0.772,CONFIRMED,SUPPORTING,0.903,NONE,NORMAL,TRAIN,True,MIXED,ACTIVE,2026-07-10,2026-09-02
0.284,UNKNOWN,NEUTRAL,0.515,NONE,NORMAL,TEST,True,AMBIGUOUS,ACTIVE,2026-04-11,2026-08-06
0.526,CONFIRMED,SUPPORTING,0.989,NONE,NORMAL,TRAIN,True,CRIMINAL,ACTIVE,2026-03-29,2026-06-05
0.272,UNKNOWN,NEUTRAL,0.25,NONE,NORMAL,TRAIN,True,MIXED,ACTIVE,2026-01-22,2026-04-29
0.518,SUSPECTED,SUPPORTING,0.808,CRIMINAL_ANOMALY,NORMAL,TEST,True,AMBIGUOUS,ACTIVE,2026-03-08,2026-07-17
0.093,SUSPECTED,SUPPORTING,0.794,NONE,NORMAL,TRAIN,True,CRIMINAL,ACTIVE,2026-04-01,2026-07-12
0.542,SUSPECTED,SUPPORTING,0.832,NONE,NORMAL,TRAIN,True,CRIMINAL,ACTIVE,2025-11-13,2026-02-12
0.364,CONFIRMED,SUPPORTING,0.899,NONE,NORMAL,VALIDATION,True,LEGITIMATE,ACTIVE,2026-03-08,2026-05-21
0.428,CONFIRMED,SUPPORTING,0.918,NONE,NORMAL,TRAIN,True,CRIMINAL,ACTIVE,2026-04-07,2026-10-01
0.345,CONFIRMED,SUPPORTING,0.863,NONE,NORMAL,TRAIN,True,CRIMINAL,ACTIVE,2026-04-01,2026-06-26
0.732,CONFIRMED,SUPPORTING,0.968,NONE,NORMAL,TRAIN,True,MIXED,ACTIVE,2026-02-04,2026-08-24
0.098,UNKNOWN,NEUTRAL,0.376,NONE,NORMAL,TRAIN,True,CRIMINAL,ACTIVE,2026-02-05,2026-07-13
0.437,FALSE,CONTRADICTING,0.206,NONE,NORMAL,TRAIN,True,LEGITIMATE,ACTIVE,2026-01-22,2026-07-05
0.376,SUSPECTED,SUPPORTING,0.588,NONE,NORMAL,TEST,True,AMBIGUOUS,ACTIVE,2025-11-24,2026-03-13
0.86,SUSPECTED,SUPPORTING,0.626,NONE,NORMAL,TRAIN,True,CRIMINAL,ACTIVE,2025-12-19,2026-05-19
0.858,FALSE,CONTRADICTING,0.163,CONTEXTUAL_ANOMALY,NORMAL,TRAIN,True,LEGITIMATE,ACTIVE,2025-11-20,2026-05-12
0.59,UNKNOWN,NEUTRAL,0.262,NONE,NORMAL,VALIDATION,True,LEGITIMATE,ACTIVE,2026-07-13,2026-09-30
0.387,UNKNOWN,NEUTRAL,0.343,NONE,NORMAL,TRAIN,True,LEGITIMATE,ACTIVE,2025-12-05,2026-03-28
0.633,FALSE,CONTRADICTING,0.276,NONE,REVERSED_RECORD,TRAIN,True,CRIMINAL,ACTIVE,2026-04-03,2026-07-17
0.714,UNKNOWN,NEUTRAL,0.47,NONE,NORMAL,TRAIN,True,MIXED,ACTIVE,2026-05-23,2026-08-06
0.278,SUSPECTED,SUPPORTING,0.662,NONE,REVERSED_RECORD,TRAIN,True,CRIMINAL,ACTIVE,2026-05-17,2026-10-05
0.499,FALSE,CONTRADICTING,0.158,NONE,NORMAL,TEST,True,AMBIGUOUS,ACTIVE,2025-12-31,2026-04-15
0.705,UNKNOWN,NEUTRAL,0.501,NONE,NORMAL,VALIDATION,True,LEGITIMATE,ACTIVE,2025-12-11,2026-03-31
0.289,FALSE,CONTRADICTING,0.406,NONE,REVERSED_RECORD,TEST,True,AMBIGUOUS,ACTIVE,2025-12-04,2026-03-22
0.396,FALSE,CONTRADICTING,0.353,NONE,NORMAL,TEST,True,AMBIGUOUS,ACTIVE,2026-01-25,2026-07-09
0.087,UNKNOWN,NEUTRAL,0.204,NONE,NORMAL,TRAIN,True,CRIMINAL,ACTIVE,2026-03-30,2026-08-27
0.549,CONFIRMED,SUPPORTING,0.838,NONE,NORMAL,TRAIN,True,CRIMINAL,ACTIVE,2026-07-02,2026-09-22
0.817,CONFIRMED,SUPPORTING,0.859,NONE,NORMAL,TRAIN,True,MIXED,ACTIVE,2025-12-17,2026-02-16
0.625,FALSE,CONTRADICTING,0.256,NONE,NORMAL,TRAIN,True,MIXED,ACTIVE,2025-12-24,2026-06-15
0.687,SUSPECTED,SUPPORTING,0.711,NONE,NORMAL,TRAIN,True,MIXED,ACTIVE,2025-10-26,2026-02-23
0.644,UNKNOWN,NEUTRAL,0.468,NONE,NORMAL,TRAIN,True,LEGITIMATE,ACTIVE,2026-02-08,2026-06-04
0.952,UNKNOWN,NEUTRAL,0.322,NONE,DUPLICATE,TRAIN,True,CRIMINAL,ACTIVE,2026-03-27,2026-09-08
0.252,FALSE,CONTRADICTING,0.32,NONE,NORMAL,TRAIN,True,LEGITIMATE,ACTIVE,2026-05-01,2026-10-14
0.116,UNKNOWN,NEUTRAL,0.32,NONE,NORMAL,VALIDATION,True,LEGITIMATE,ACTIVE,2026-03-04,2026-09-11
0.376,SUSPECTED,SUPPORTING,0.618,TEMPORAL_ANOMALY,NORMAL,TRAIN,True,MIXED,ACTIVE,2026-06-26,2026-09-05
0.036,UNKNOWN,NEUTRAL,0.326,NONE,NORMAL,VALIDATION,True,LEGITIMATE,ACTIVE,2026-06-12,2026-08-09
0.312,SUSPECTED,SUPPORTING,0.742,NONE,NORMAL,TEST,True,AMBIGUOUS,ACTIVE,2026-05-09,2026-09-12
0.098,UNKNOWN,NEUTRAL,0.512,NONE,NORMAL,TRAIN,True,MIXED,ACTIVE,2025-10-17,2026-04-15
0.195,SUSPECTED,SUPPORTING,0.734,NONE,NORMAL,TRAIN,True,MIXED,ACTIVE,2025-12-17,2026-02-06
0.558,SUSPECTED,SUPPORTING,0.823,CRIMINAL_ANOMALY,NORMAL,TRAIN,True,MIXED,ACTIVE,2026-04-08,2026-10-01
0.329,SUSPECTED,SUPPORTING,0.754,NONE,NORMAL,TRAIN,True,CRIMINAL,ACTIVE,2025-12-17,2026-03-22
0.355,FALSE,CONTRADICTING,0.326,NONE,NORMAL,VALIDATION,True,LEGITIMATE,ACTIVE,2026-05-06,2026-06-27
0.165,SUSPECTED,SUPPORTING,0.712,NONE,NORMAL,TEST,True,AMBIGUOUS,ACTIVE,2026-03-03,2026-05-13
0.313,SUSPECTED,SUPPORTING,0.587,TEMPORAL_ANOMALY,NORMAL,TRAIN,True,CRIMINAL,ACTIVE,2025-12-24,2026-04-24
0.071,CONFIRMED,SUPPORTING,0.926,NONE,NORMAL,TRAIN,True,CRIMINAL,ACTIVE,2026-04-16,2026-07-25
0.637,CONFIRMED,SUPPORTING,0.974,NONE,NORMAL,TRAIN,True,MIXED,ACTIVE,2026-05-21,2026-09-04
0.465,SUSPECTED,SUPPORTING,0.696,NONE,NORMAL,TEST,True,AMBIGUOUS,ACTIVE,2026-03-10,2026-06-26
0.41,SUSPECTED,SUPPORTING,0.644,NONE,NORMAL,TRAIN,True,CRIMINAL,ACTIVE,2025-11-22,2026-04-07
0.469,SUSPECTED,SUPPORTING,0.823,NONE,NORMAL,TRAIN,True,CRIMINAL,ACTIVE,2026-03-09,2026-07-30
0.916,UNKNOWN,NEUTRAL,0.416,CRIMINAL_ANOMALY,NORMAL,TEST,True,AMBIGUOUS,ACTIVE,2025-12-11,2026-05-25
0.179,SUSPECTED,SUPPORTING,0.707,NONE,NORMAL,VALIDATION,True,LEGITIMATE,ACTIVE,2026-04-08,2026-10-01
0.417,SUSPECTED,SUPPORTING,0.651,NONE,NORMAL,TRAIN,True,CRIMINAL,ACTIVE,2026-03-26,2026-07-16
0.508,UNKNOWN,NEUTRAL,0.209,NONE,NORMAL,TRAIN,True,CRIMINAL,ACTIVE,2025-12-06,2026-03-24
0.166,FALSE,CONTRADICTING,0.348,NONE,NORMAL,TRAIN,True,LEGITIMATE,ACTIVE,2026-05-03,2026-09-07
0.094,SUSPECTED,SUPPORTING,0.759,NONE,NORMAL,VALIDATION,True,LEGITIMATE,ACTIVE,2025-12-20,2026-03-22
0.308,UNKNOWN,NEUTRAL,0.545,LEGITIMATE_ANOMALY,NORMAL,TRAIN,True,LEGITIMATE,ACTIVE,2025-11-22,2026-03-29
0.289,FALSE,CONTRADICTING,0.289,NONE,NORMAL,TRAIN,True,MIXED,ACTIVE,2026-01-26,2026-07-24
0.28,FALSE,CONTRADICTING,0.251,NONE,FORMATTING_VARIATION,TRAIN,True,CRIMINAL,ACTIVE,2026-02-22,2026-05-05
0.453,FALSE,CONTRADICTING,0.254,NONE,FORMATTING_VARIATION,TRAIN,True,CRIMINAL,ACTIVE,2025-10-25,2026-03-30
0.021,CONFIRMED,SUPPORTING,0.913,NONE,NORMAL,TEST,True,AMBIGUOUS,ACTIVE,2026-01-19,2026-04-13
0.282,UNKNOWN,NEUTRAL,0.384,NONE,NORMAL,TEST,True,AMBIGUOUS,ACTIVE,2026-02-17,2026-06-21
0.553,SUSPECTED,SUPPORTING,0.801,NONE,NORMAL,TRAIN,True,CRIMINAL,ACTIVE,2026-01-21,2026-06-19
0.63,CONFIRMED,SUPPORTING,0.941,NONE,NORMAL,TRAIN,True,CRIMINAL,ACTIVE,2026-04-08,2026-05-31
0.595,UNKNOWN,NEUTRAL,0.541,COLLECTIVE_ANOMALY,NORMAL,VALIDATION,True,LEGITIMATE,ACTIVE,2025-12-11,2026-06-02
0.283,CONFIRMED,SUPPORTING,0.85,NONE,NORMAL,VALIDATION,True,LEGITIMATE,ACTIVE,2025-12-08,2026-05-07
0.018,SUSPECTED,SUPPORTING,0.665,NONE,NORMAL,TRAIN,True,MIXED,ACTIVE,2026-05-06,2026-08-11
0.507,UNKNOWN,NEUTRAL,0.415,NONE,NORMAL,TRAIN,True,CRIMINAL,ACTIVE,2026-02-26,2026-08-16
0.629,SUSPECTED,SUPPORTING,0.647,LEGITIMATE_ANOMALY,NORMAL,TRAIN,True,CRIMINAL,ACTIVE,2026-03-29,2026-09-09
0.217,FALSE,CONTRADICTING,0.208,NONE,NORMAL,VALIDATION,True,LEGITIMATE,ACTIVE,2025-12-24,2026-05-02
0.156,CONFIRMED,SUPPORTING,0.897,NONE,NORMAL,TRAIN,True,CRIMINAL,ACTIVE,2025-12-08,2026-04-09
0.419,SUSPECTED,SUPPORTING,0.637,NONE,NORMAL,VALIDATION,True,LEGITIMATE,ACTIVE,2025-12-12,2026-05-13
0.569,FALSE,CONTRADICTING,0.287,NONE,NORMAL,TEST,True,AMBIGUOUS,ACTIVE,2026-01-21,2026-05-27
0.39,UNKNOWN,NEUTRAL,0.319,NONE,NORMAL,TRAIN,True,MIXED,ACTIVE,2026-03-18,2026-05-31
0.27,CONFIRMED,SUPPORTING,0.977,LEGITIMATE_ANOMALY,NORMAL,TRAIN,True,CRIMINAL,ACTIVE,2026-04-23,2026-08-22
0.722,CONFIRMED,SUPPORTING,0.885,NONE,NORMAL,TEST,True,AMBIGUOUS,ACTIVE,2026-05-02,2026-10-11
0.899,CONFIRMED,SUPPORTING,0.955,NONE,NORMAL,TRAIN,True,CRIMINAL,ACTIVE,2025-11-27,2026-04-12
0.252,CONFIRMED,SUPPORTING,0.909,NONE,NORMAL,TEST,True,AMBIGUOUS,ACTIVE,2026-06-10,2026-08-18
0.641,CONFIRMED,SUPPORTING,0.982,NONE,NORMAL,TRAIN,True,CRIMINAL,ACTIVE,2026-05-18,2026-09-18
0.759,CONFIRMED,SUPPORTING,0.886,CONTEXTUAL_ANOMALY,NORMAL,TEST,True,AMBIGUOUS,ACTIVE,2026-02-14,2026-07-21
0.958,CONFIRMED,SUPPORTING,0.968,NONE,NORMAL,TRAIN,True,CRIMINAL,ACTIVE,2026-03-04,2026-08-10
0.379,UNKNOWN,NEUTRAL,0.533,NONE,NORMAL,TRAIN,True,CRIMINAL,ACTIVE,2026-02-05,2026-07-07
0.611,SUSPECTED,SUPPORTING,0.749,NONE,FORMATTING_VARIATION,TEST,True,AMBIGUOUS,ACTIVE,2026-05-03,2026-07-10
0.216,UNKNOWN,NEUTRAL,0.272,NONE,NORMAL,TRAIN,True,CRIMINAL,ACTIVE,2026-02-07,2026-06-08
0.251,UNKNOWN,NEUTRAL,0.3,NONE,NORMAL,TRAIN,True,CRIMINAL,ACTIVE,2026-04-19,2026-05-30
0.269,CONFIRMED,SUPPORTING,0.859,NONE,NORMAL,TEST,True,AMBIGUOUS,ACTIVE,2026-01-16,2026-06-01
0.27,UNKNOWN,NEUTRAL,0.389,LEGITIMATE_ANOMALY,NORMAL,VALIDATION,True,LEGITIMATE,ACTIVE,2026-05-28,2026-09-19
0.128,SUSPECTED,SUPPORTING,0.726,NONE,NORMAL,TRAIN,True,MIXED,ACTIVE,2025-12-25,2026-02-20
0.525,SUSPECTED,SUPPORTING,0.794,NONE,NORMAL,TRAIN,True,MIXED,ACTIVE,2026-04-26,2026-10-26
0.413,CONFIRMED,SUPPORTING,0.845,TEMPORAL_ANOMALY,NORMAL,TRAIN,True,CRIMINAL,ACTIVE,2026-01-29,2026-06-14
0.166,UNKNOWN,NEUTRAL,0.337,NONE,NORMAL,TRAIN,True,MIXED,ACTIVE,2025-12-03,2026-05-21
0.211,UNKNOWN,NEUTRAL,0.313,NONE,NORMAL,TRAIN,True,MIXED,ACTIVE,2026-05-27,2026-09-26
0.52,SUSPECTED,SUPPORTING,0.638,NONE,NORMAL,TRAIN,True,MIXED,ACTIVE,2025-12-16,2026-06-07
0.217,CONFIRMED,SUPPORTING,0.954,NONE,REVERSED_RECORD,TRAIN,True,MIXED,ACTIVE,2025-12-26,2026-04-08
0.475,UNKNOWN,NEUTRAL,0.347,NONE,NORMAL,TRAIN,True,MIXED,ACTIVE,2026-04-19,2026-08-15
0.088,SUSPECTED,SUPPORTING,0.649,COLLECTIVE_ANOMALY,NORMAL,TRAIN,True,MIXED,ACTIVE,2025-12-22,2026-03-09
0.337,SUSPECTED,SUPPORTING,0.655,NONE,NORMAL,TRAIN,True,MIXED,ACTIVE,2026-02-09,2026-05-22
0.726,SUSPECTED,SUPPORTING,0.768,NONE,NORMAL,VALIDATION,True,LEGITIMATE,ACTIVE,2026-04-22,2026-07-08
0.73,SUSPECTED,SUPPORTING,0.618,NONE,NORMAL,TRAIN,True,CRIMINAL,ACTIVE,2025-12-06,2026-06-05
0.186,SUSPECTED,SUPPORTING,0.658,TEMPORAL_ANOMALY,FORMATTING_VARIATION,TRAIN,True,LEGITIMATE,ACTIVE,2025-12-21,2026-04-11
0.403,FALSE,CONTRADICTING,0.205,NONE,NORMAL,TRAIN,True,CRIMINAL,ACTIVE,2026-01-01,2026-04-12
0.152,UNKNOWN,NEUTRAL,0.328,NONE,NORMAL,TEST,True,AMBIGUOUS,ACTIVE,2026-03-21,2026-05-02
0.177,FALSE,CONTRADICTING,0.359,NONE,NORMAL,TRAIN,True,MIXED,ACTIVE,2026-04-04,2026-08-02
0.481,CONFIRMED,SUPPORTING,0.882,NONE,NORMAL,TRAIN,True,MIXED,ACTIVE,2026-07-02,2026-10-13
0.614,UNKNOWN,NEUTRAL,0.489,NONE,NORMAL,VALIDATION,True,LEGITIMATE,ACTIVE,2026-03-22,2026-06-09
0.592,SUSPECTED,SUPPORTING,0.816,CRIMINAL_ANOMALY,NORMAL,TRAIN,True,MIXED,ACTIVE,2025-10-07,2026-04-03
0.814,CONFIRMED,SUPPORTING,0.871,COLLECTIVE_ANOMALY,NORMAL,TRAIN,True,CRIMINAL,ACTIVE,2026-01-28,2026-07-05
0.051,FALSE,CONTRADICTING,0.232,NONE,NORMAL,TEST,True,AMBIGUOUS,ACTIVE,2026-04-24,2026-10-02
0.483,FALSE,CONTRADICTING,0.205,NONE,NORMAL,VALIDATION,True,LEGITIMATE,ACTIVE,2025-12-28,2026-03-03
0.349,SUSPECTED,SUPPORTING,0.59,NONE,NORMAL,TRAIN,True,MIXED,ACTIVE,2026-01-17,2026-04-22
0.56,CONFIRMED,SUPPORTING,0.88,NONE,NORMAL,TRAIN,True,MIXED,ACTIVE,2026-03-08,2026-08-24
0.327,SUSPECTED,SUPPORTING,0.644,CONTEXTUAL_ANOMALY,NORMAL,TRAIN,True,MIXED,ACTIVE,2026-01-26,2026-03-01
0.776,CONFIRMED,SUPPORTING,0.869,NONE,NORMAL,TRAIN,True,CRIMINAL,ACTIVE,2025-11-20,2026-02-25
0.182,FALSE,CONTRADICTING,0.286,NONE,NORMAL,TRAIN,True,MIXED,ACTIVE,2026-06-02,2026-09-19
0.276,UNKNOWN,NEUTRAL,0.342,TEMPORAL_ANOMALY,NORMAL,VALIDATION,True,LEGITIMATE,ACTIVE,2026-01-07,2026-03-22
0.7,UNKNOWN,NEUTRAL,0.247,COLLECTIVE_ANOMALY,NORMAL,TRAIN,True,MIXED,ACTIVE,2026-06-25,2026-09-14
0.872,SUSPECTED,SUPPORTING,0.766,NONE,NORMAL,VALIDATION,True,LEGITIMATE,ACTIVE,2026-02-18,2026-03-17
0.666,SUSPECTED,SUPPORTING,0.758,NONE,NORMAL,TRAIN,True,CRIMINAL,ACTIVE,2026-02-09,2026-07-15
0.098,CONFIRMED,SUPPORTING,0.955,NONE,NORMAL,TRAIN,True,CRIMINAL,ACTIVE,2026-03-20,2026-08-06
0.468,CONFIRMED,SUPPORTING,0.828,CONTEXTUAL_ANOMALY,NORMAL,TEST,True,AMBIGUOUS,ACTIVE,2025-10-08,2026-03-11
0.127,CONFIRMED,SUPPORTING,0.829,NONE,NORMAL,TEST,True,AMBIGUOUS,ACTIVE,2026-04-19,2026-05-26
0.409,SUSPECTED,SUPPORTING,0.748,CONTEXTUAL_ANOMALY,NORMAL,TRAIN,True,MIXED,ACTIVE,2025-12-20,2026-06-24
0.645,CONFIRMED,SUPPORTING,0.829,NONE,NORMAL,TRAIN,True,CRIMINAL,ACTIVE,2026-06-06,2026-09-26
0.709,SUSPECTED,SUPPORTING,0.776,NONE,NORMAL,VALIDATION,True,LEGITIMATE,ACTIVE,2026-02-21,2026-07-25
0.677,FALSE,CONTRADICTING,0.292,NONE,NORMAL,VALIDATION,True,LEGITIMATE,ACTIVE,2026-03-12,2026-05-24
0.619,CONFIRMED,SUPPORTING,0.869,NONE,NORMAL,TRAIN,True,CRIMINAL,ACTIVE,2025-12-11,2026-03-04
0.754,FALSE,CONTRADICTING,0.292,LEGITIMATE_ANOMALY,NORMAL,TRAIN,True,LEGITIMATE,ACTIVE,2026-02-09,2026-04-04
0.392,SUSPECTED,SUPPORTING,0.825,NONE,NORMAL,TEST,True,AMBIGUOUS,ACTIVE,2026-01-15,2026-05-08
0.579,SUSPECTED,SUPPORTING,0.686,NONE,NORMAL,TEST,True,AMBIGUOUS,ACTIVE,2026-01-05,2026-03-18
0.64,FALSE,CONTRADICTING,0.232,NONE,NORMAL,TRAIN,True,MIXED,ACTIVE,2026-02-24,2026-05-22
0.578,SUSPECTED,SUPPORTING,0.725,NONE,MISSING_COUNTERPARTY,TRAIN,True,CRIMINAL,ACTIVE,2026-04-10,2026-08-12
0.542,UNKNOWN,NEUTRAL,0.46,NONE,NORMAL,TRAIN,True,CRIMINAL,ACTIVE,2026-02-03,2026-05-23
0.214,SUSPECTED,SUPPORTING,0.849,TEMPORAL_ANOMALY,NORMAL,VALIDATION,True,LEGITIMATE,ACTIVE,2025-12-11,2026-05-29
0.55,FALSE,CONTRADICTING,0.262,NONE,NORMAL,TRAIN,True,CRIMINAL,ACTIVE,2026-05-25,2026-09-04
0.062,UNKNOWN,NEUTRAL,0.378,NONE,NORMAL,TRAIN,True,MIXED,ACTIVE,2026-05-01,2026-08-02
0.484,CONFIRMED,SUPPORTING,0.858,NONE,MISSING_COUNTERPARTY,TRAIN,True,MIXED,ACTIVE,2025-11-18,2026-03-28
0.489,CONFIRMED,SUPPORTING,0.938,NONE,NORMAL,TRAIN,True,MIXED,ACTIVE,2026-01-03,2026-06-08
0.41,CONFIRMED,SUPPORTING,0.833,CRIMINAL_ANOMALY,NORMAL,TRAIN,True,MIXED,ACTIVE,2025-11-19,2026-04-04
0.331,SUSPECTED,SUPPORTING,0.79,CONTEXTUAL_ANOMALY,NORMAL,TEST,True,AMBIGUOUS,ACTIVE,2025-11-28,2026-02-09
0.862,SUSPECTED,SUPPORTING,0.777,NONE,NORMAL,TRAIN,True,MIXED,ACTIVE,2026-04-29,2026-10-02
0.165,UNKNOWN,NEUTRAL,0.502,NONE,NORMAL,TEST,True,AMBIGUOUS,ACTIVE,2026-04-15,2026-08-22
0.515,CONFIRMED,SUPPORTING,0.854,NONE,NORMAL,TRAIN,True,CRIMINAL,ACTIVE,2026-02-28,2026-08-03
0.413,CONFIRMED,SUPPORTING,0.973,NONE,NORMAL,TRAIN,True,MIXED,ACTIVE,2025-11-24,2026-04-06
0.343,SUSPECTED,SUPPORTING,0.83,NONE,NORMAL,TRAIN,True,LEGITIMATE,ACTIVE,2025-11-20,2026-05-09
0.521,FALSE,CONTRADICTING,0.18,NONE,NORMAL,TRAIN,True,MIXED,ACTIVE,2026-01-04,2026-05-05
0.249,SUSPECTED,SUPPORTING,0.673,NONE,NORMAL,TRAIN,True,MIXED,ACTIVE,2026-06-10,2026-08-25
0.267,SUSPECTED,SUPPORTING,0.848,NONE,NORMAL,TRAIN,True,CRIMINAL,ACTIVE,2026-01-18,2026-04-30
0.438,FALSE,CONTRADICTING,0.346,NONE,NORMAL,VALIDATION,True,LEGITIMATE,ACTIVE,2025-10-29,2026-04-03
0.341,FALSE,CONTRADICTING,0.296,NONE,MISSING_COUNTERPARTY,TRAIN,True,LEGITIMATE,ACTIVE,2026-04-19,2026-07-09
0.595,SUSPECTED,SUPPORTING,0.656,NONE,NORMAL,TRAIN,True,CRIMINAL,ACTIVE,2025-10-19,2026-04-24
0.562,CONFIRMED,SUPPORTING,0.938,NONE,NORMAL,TRAIN,True,CRIMINAL,ACTIVE,2026-03-25,2026-08-29
0.229,SUSPECTED,SUPPORTING,0.678,COLLECTIVE_ANOMALY,NORMAL,TRAIN,True,MIXED,ACTIVE,2026-04-20,2026-10-03
0.369,CONFIRMED,SUPPORTING,0.894,NONE,NORMAL,VALIDATION,True,LEGITIMATE,ACTIVE,2026-02-28,2026-05-08
0.38,SUSPECTED,SUPPORTING,0.697,NONE,NORMAL,VALIDATION,True,LEGITIMATE,ACTIVE,2026-01-31,2026-04-08
0.131,UNKNOWN,NEUTRAL,0.304,NONE,NORMAL,TEST,True,AMBIGUOUS,ACTIVE,2025-11-07,2026-01-25
0.476,UNKNOWN,NEUTRAL,0.471,NONE,NORMAL,TRAIN,True,CRIMINAL,ACTIVE,2026-03-05,2026-08-24
0.313,SUSPECTED,SUPPORTING,0.846,LEGITIMATE_ANOMALY,NORMAL,TEST,True,AMBIGUOUS,ACTIVE,2026-02-21,2026-07-30
0.604,UNKNOWN,NEUTRAL,0.336,NONE,NORMAL,TRAIN,True,MIXED,ACTIVE,2026-04-12,2026-07-28
0.675,UNKNOWN,NEUTRAL,0.369,NONE,NORMAL,TEST,True,AMBIGUOUS,ACTIVE,2025-10-31,2026-04-29
0.312,UNKNOWN,NEUTRAL,0.365,NONE,NORMAL,TRAIN,True,CRIMINAL,ACTIVE,2026-03-21,2026-07-24
0.598,SUSPECTED,SUPPORTING,0.845,NONE,NORMAL,TRAIN,True,MIXED,ACTIVE,2026-02-21,2026-06-05
0.79,SUSPECTED,SUPPORTING,0.814,NONE,NORMAL,TRAIN,True,MIXED,ACTIVE,2026-01-25,2026-05-01
0.63,SUSPECTED,SUPPORTING,0.689,NONE,NORMAL,TRAIN,True,CRIMINAL,ACTIVE,2026-02-02,2026-06-22
0.79,CONFIRMED,SUPPORTING,0.832,NONE,NORMAL,TRAIN,True,MIXED,ACTIVE,2026-02-12,2026-06-11
0.787,UNKNOWN,NEUTRAL,0.497,NONE,NORMAL,TRAIN,True,CRIMINAL,ACTIVE,2025-11-05,2026-03-15
0.452,SUSPECTED,SUPPORTING,0.624,NONE,NORMAL,TRAIN,True,CRIMINAL,ACTIVE,2026-01-24,2026-06-30
0.083,SUSPECTED,SUPPORTING,0.849,NONE,NORMAL,VALIDATION,True,LEGITIMATE,ACTIVE,2026-06-25,2026-09-13
0.35,FALSE,CONTRADICTING,0.165,LEGITIMATE_ANOMALY,NORMAL,TRAIN,True,CRIMINAL,ACTIVE,2025-10-10,2026-02-26
0.323,SUSPECTED,SUPPORTING,0.668,NONE,NORMAL,TRAIN,True,CRIMINAL,ACTIVE,2025-12-19,2026-04-12
0.274,SUSPECTED,SUPPORTING,0.658,LEGITIMATE_ANOMALY,NORMAL,TEST,True,AMBIGUOUS,ACTIVE,2025-11-28,2026-04-27
0.157,FALSE,CONTRADICTING,0.32,NONE,NORMAL,TRAIN,True,CRIMINAL,ACTIVE,2025-12-18,2026-05-01
0.285,SUSPECTED,SUPPORTING,0.791,NONE,NORMAL,TRAIN,True,CRIMINAL,ACTIVE,2025-12-28,2026-03-19
0.562,CONFIRMED,SUPPORTING,0.841,NONE,NORMAL,TRAIN,True,CRIMINAL,ACTIVE,2026-01-28,2026-03-31
0.486,UNKNOWN,NEUTRAL,0.284,NONE,NORMAL,VALIDATION,True,LEGITIMATE,ACTIVE,2025-12-05,2026-05-20
0.625,SUSPECTED,SUPPORTING,0.746,CONTEXTUAL_ANOMALY,NORMAL,TRAIN,True,MIXED,ACTIVE,2025-10-19,2026-02-12
0.397,CONFIRMED,SUPPORTING,0.965,NONE,FORMATTING_VARIATION,TRAIN,True,MIXED,ACTIVE,2026-07-16,2026-08-24
0.176,SUSPECTED,SUPPORTING,0.777,NONE,NORMAL,TEST,True,AMBIGUOUS,ACTIVE,2026-02-07,2026-04-30
0.372,SUSPECTED,SUPPORTING,0.625,LEGITIMATE_ANOMALY,NORMAL,VALIDATION,True,LEGITIMATE,ACTIVE,2026-02-24,2026-05-28
0.837,UNKNOWN,NEUTRAL,0.48,NONE,NORMAL,TRAIN,True,MIXED,ACTIVE,2025-12-19,2026-04-26
0.86,CONFIRMED,SUPPORTING,0.906,NONE,NORMAL,TRAIN,True,CRIMINAL,ACTIVE,2026-01-06,2026-02-25
0.118,UNKNOWN,NEUTRAL,0.469,NONE,NORMAL,TEST,True,AMBIGUOUS,ACTIVE,2025-12-10,2026-03-06
0.327,FALSE,CONTRADICTING,0.144,CONTEXTUAL_ANOMALY,NORMAL,TRAIN,True,CRIMINAL,ACTIVE,2025-12-22,2026-02-26
0.721,SUSPECTED,SUPPORTING,0.703,NONE,NORMAL,TRAIN,True,MIXED,ACTIVE,2026-06-08,2026-09-05
0.461,CONFIRMED,SUPPORTING,0.934,NONE,NORMAL,TRAIN,True,CRIMINAL,ACTIVE,2026-06-04,2026-10-14
0.241,SUSPECTED,SUPPORTING,0.676,NONE,NORMAL,TRAIN,True,CRIMINAL,ACTIVE,2026-03-15,2026-04-30
0.245,FALSE,CONTRADICTING,0.316,NONE,NORMAL,VALIDATION,True,LEGITIMATE,ACTIVE,2026-03-22,2026-08-25
0.096,CONFIRMED,SUPPORTING,0.845,NONE,NORMAL,TEST,True,AMBIGUOUS,ACTIVE,2026-05-07,2026-10-16
0.176,CONFIRMED,SUPPORTING,0.97,NONE,NORMAL,TRAIN,True,CRIMINAL,ACTIVE,2026-02-26,2026-07-12
0.44,SUSPECTED,SUPPORTING,0.732,CRIMINAL_ANOMALY,NORMAL,TRAIN,True,CRIMINAL,ACTIVE,2025-10-03,2026-03-14
0.175,UNKNOWN,NEUTRAL,0.509,NONE,NORMAL,VALIDATION,True,LEGITIMATE,ACTIVE,2026-02-05,2026-06-17
0.304,FALSE,CONTRADICTING,0.233,CRIMINAL_ANOMALY,NORMAL,TRAIN,True,LEGITIMATE,ACTIVE,2026-01-08,2026-04-27
0.199,SUSPECTED,SUPPORTING,0.625,NONE,NORMAL,TRAIN,True,MIXED,ACTIVE,2026-01-27,2026-06-14
0.332,SUSPECTED,SUPPORTING,0.739,NONE,NORMAL,TRAIN,True,MIXED,ACTIVE,2025-11-13,2026-05-02
0.153,CONFIRMED,SUPPORTING,0.968,NONE,MISSING_COUNTERPARTY,TRAIN,True,CRIMINAL,ACTIVE,2026-01-22,2026-04-13
0.238,CONFIRMED,SUPPORTING,0.854,NONE,NORMAL,TRAIN,True,MIXED,ACTIVE,2026-06-02,2026-09-01
0.026,SUSPECTED,SUPPORTING,0.704,NONE,NORMAL,TRAIN,True,CRIMINAL,ACTIVE,2025-10-31,2026-04-09
0.373,FALSE,CONTRADICTING,0.323,NONE,NORMAL,TRAIN,True,LEGITIMATE,ACTIVE,2026-07-12,2026-10-08
0.442,FALSE,CONTRADICTING,0.246,NONE,NORMAL,TRAIN,True,CRIMINAL,ACTIVE,2026-04-28,2026-08-06
0.074,FALSE,CONTRADICTING,0.404,CRIMINAL_ANOMALY,NORMAL,TRAIN,True,CRIMINAL,ACTIVE,2025-12-02,2026-05-12
0.399,UNKNOWN,NEUTRAL,0.493,NONE,NORMAL,TRAIN,True,CRIMINAL,ACTIVE,2025-11-14,2026-04-06
0.099,UNKNOWN,NEUTRAL,0.366,NONE,NORMAL,TRAIN,True,LEGITIMATE,ACTIVE,2026-04-01,2026-08-08
0.374,CONFIRMED,SUPPORTING,0.9,NONE,NORMAL,TEST,True,AMBIGUOUS,ACTIVE,2026-03-31,2026-09-01
0.463,FALSE,CONTRADICTING,0.25,NONE,NORMAL,VALIDATION,True,LEGITIMATE,ACTIVE,2026-01-10,2026-05-12
0.404,UNKNOWN,NEUTRAL,0.482,COLLECTIVE_ANOMALY,NORMAL,TRAIN,True,CRIMINAL,ACTIVE,2026-01-09,2026-05-15
0.231,SUSPECTED,SUPPORTING,0.652,CRIMINAL_ANOMALY,NORMAL,TEST,True,AMBIGUOUS,ACTIVE,2026-02-21,2026-05-18
0.828,SUSPECTED,SUPPORTING,0.714,CRIMINAL_ANOMALY,MISSING_COUNTERPARTY,TRAIN,True,CRIMINAL,ACTIVE,2026-03-14,2026-06-16
0.717,SUSPECTED,SUPPORTING,0.674,NONE,NORMAL,TRAIN,True,MIXED,ACTIVE,2026-03-06,2026-06-23
0.312,CONFIRMED,SUPPORTING,0.987,NONE,NORMAL,TRAIN,True,MIXED,ACTIVE,2026-01-07,2026-05-27
0.329,UNKNOWN,NEUTRAL,0.419,NONE,NORMAL,TRAIN,True,CRIMINAL,ACTIVE,2026-01-15,2026-03-28
0.759,FALSE,CONTRADICTING,0.241,NONE,NORMAL,TRAIN,True,CRIMINAL,ACTIVE,2026-02-19,2026-06-25
0.232,SUSPECTED,SUPPORTING,0.594,NONE,NORMAL,TRAIN,True,MIXED,ACTIVE,2026-03-07,2026-06-18
0.529,UNKNOWN,NEUTRAL,0.315,NONE,MISSING_COUNTERPARTY,TEST,True,AMBIGUOUS,ACTIVE,2025-12-24,2026-03-16
0.655,FALSE,CONTRADICTING,0.273,NONE,NORMAL,TRAIN,True,MIXED,ACTIVE,2026-04-05,2026-05-22
0.277,FALSE,CONTRADICTING,0.221,NONE,NORMAL,TRAIN,True,MIXED,ACTIVE,2026-03-07,2026-03-30
0.406,UNKNOWN,NEUTRAL,0.512,NONE,NORMAL,TRAIN,True,CRIMINAL,ACTIVE,2026-03-28,2026-06-06
0.43,SUSPECTED,SUPPORTING,0.819,NONE,NORMAL,TRAIN,True,CRIMINAL,ACTIVE,2026-05-26,2026-10-15
0.241,CONFIRMED,SUPPORTING,0.909,NONE,NORMAL,TRAIN,True,CRIMINAL,ACTIVE,2026-06-15,2026-10-08
0.241,SUSPECTED,SUPPORTING,0.598,NONE,NORMAL,TRAIN,True,LEGITIMATE,ACTIVE,2025-09-25,2026-03-14
0.466,CONFIRMED,SUPPORTING,0.837,CRIMINAL_ANOMALY,NORMAL,TRAIN,True,CRIMINAL,ACTIVE,2026-04-10,2026-07-03
0.692,UNKNOWN,NEUTRAL,0.309,NONE,NORMAL,TRAIN,True,MIXED,ACTIVE,2026-01-12,2026-05-14
0.573,CONFIRMED,SUPPORTING,0.852,LEGITIMATE_ANOMALY,NORMAL,TRAIN,True,MIXED,ACTIVE,2026-04-09,2026-06-27
0.148,CONFIRMED,SUPPORTING,0.836,NONE,NORMAL,TEST,True,AMBIGUOUS,ACTIVE,2025-10-26,2026-04-03
0.779,SUSPECTED,SUPPORTING,0.642,NONE,NORMAL,TRAIN,True,CRIMINAL,ACTIVE,2026-04-01,2026-07-29
0.6,FALSE,CONTRADICTING,0.26,NONE,NORMAL,TRAIN,True,CRIMINAL,ACTIVE,2026-04-01,2026-08-18
0.37,UNKNOWN,NEUTRAL,0.353,NONE,NORMAL,TRAIN,True,LEGITIMATE,ACTIVE,2026-01-27,2026-07-21
0.83,UNKNOWN,NEUTRAL,0.257,NONE,NORMAL,TRAIN,True,CRIMINAL,ACTIVE,2026-02-15,2026-06-13
0.381,SUSPECTED,SUPPORTING,0.633,NONE,NORMAL,TRAIN,True,CRIMINAL,ACTIVE,2026-01-29,2026-03-17
0.685,SUSPECTED,SUPPORTING,0.849,NONE,NORMAL,TRAIN,True,MIXED,ACTIVE,2026-01-15,2026-05-11
0.507,SUSPECTED,SUPPORTING,0.812,NONE,NORMAL,TRAIN,True,CRIMINAL,ACTIVE,2025-12-10,2026-03-23
0.488,CONFIRMED,SUPPORTING,0.914,LEGITIMATE_ANOMALY,NORMAL,TRAIN,True,CRIMINAL,ACTIVE,2026-01-31,2026-08-20
0.423,SUSPECTED,SUPPORTING,0.721,NONE,NORMAL,TRAIN,True,CRIMINAL,ACTIVE,2026-04-21,2026-08-23
0.183,SUSPECTED,SUPPORTING,0.827,NONE,NORMAL,VALIDATION,True,LEGITIMATE,ACTIVE,2025-11-30,2026-03-20
0.722,SUSPECTED,SUPPORTING,0.586,NONE,NORMAL,TEST,True,AMBIGUOUS,ACTIVE,2026-02-25,2026-07-28
0.434,SUSPECTED,SUPPORTING,0.772,NONE,NORMAL,TRAIN,True,CRIMINAL,ACTIVE,2026-06-02,2026-10-16
0.776,FALSE,CONTRADICTING,0.154,NONE,NORMAL,VALIDATION,True,LEGITIMATE,ACTIVE,2026-02-07,2026-07-18
0.246,UNKNOWN,NEUTRAL,0.227,LEGITIMATE_ANOMALY,NORMAL,TEST,True,AMBIGUOUS,ACTIVE,2026-03-31,2026-07-21
0.11,CONFIRMED,SUPPORTING,0.977,LEGITIMATE_ANOMALY,NORMAL,TRAIN,True,MIXED,ACTIVE,2026-02-11,2026-07-03
0.619,FALSE,CONTRADICTING,0.263,NONE,NORMAL,TRAIN,True,CRIMINAL,ACTIVE,2026-02-16,2026-05-29
0.558,UNKNOWN,NEUTRAL,0.503,NONE,NORMAL,TRAIN,True,MIXED,ACTIVE,2026-06-12,2026-09-18
0.132,SUSPECTED,SUPPORTING,0.831,NONE,NORMAL,TEST,True,AMBIGUOUS,ACTIVE,2025-10-21,2026-04-08
0.547,SUSPECTED,SUPPORTING,0.607,NONE,NORMAL,VALIDATION,True,LEGITIMATE,ACTIVE,2026-04-24,2026-08-13
0.144,FALSE,CONTRADICTING,0.29,NONE,NORMAL,TRAIN,True,CRIMINAL,ACTIVE,2026-03-15,2026-08-18
0.068,CONFIRMED,SUPPORTING,0.891,NONE,NORMAL,TRAIN,True,CRIMINAL,ACTIVE,2026-04-03,2026-08-06
0.881,UNKNOWN,NEUTRAL,0.429,NONE,NORMAL,TRAIN,True,CRIMINAL,ACTIVE,2026-02-21,2026-08-18
0.412,SUSPECTED,SUPPORTING,0.674,NONE,NORMAL,TRAIN,True,MIXED,ACTIVE,2026-02-13,2026-06-28
0.339,FALSE,CONTRADICTING,0.14,NONE,NORMAL,TRAIN,True,CRIMINAL,ACTIVE,2026-04-14,2026-10-24
0.529,SUSPECTED,SUPPORTING,0.659,TEMPORAL_ANOMALY,NORMAL,TEST,True,AMBIGUOUS,ACTIVE,2026-04-10,2026-06-10
0.358,FALSE,CONTRADICTING,0.357,NONE,NORMAL,VALIDATION,True,LEGITIMATE,ACTIVE,2026-07-07,2026-08-14
0.325,CONFIRMED,SUPPORTING,0.853,NONE,NORMAL,TRAIN,True,MIXED,ACTIVE,2026-06-24,2026-07-27
0.437,SUSPECTED,SUPPORTING,0.673,NONE,NORMAL,TEST,True,AMBIGUOUS,ACTIVE,2026-03-16,2026-07-02
0.286,FALSE,CONTRADICTING,0.214,NONE,NORMAL,TRAIN,True,MIXED,ACTIVE,2026-04-08,2026-07-25
0.21,SUSPECTED,SUPPORTING,0.774,NONE,NORMAL,TRAIN,True,CRIMINAL,ACTIVE,2025-12-28,2026-05-01
0.159,CONFIRMED,SUPPORTING,0.896,NONE,NORMAL,VALIDATION,True,LEGITIMATE,ACTIVE,2025-12-08,2026-03-01
0.261,SUSPECTED,SUPPORTING,0.589,NONE,NORMAL,TEST,True,AMBIGUOUS,ACTIVE,2026-02-03,2026-06-14
0.292,CONFIRMED,SUPPORTING,0.856,NONE,NORMAL,TRAIN,True,CRIMINAL,ACTIVE,2025-11-12,2026-02-02
0.094,CONFIRMED,SUPPORTING,0.952,NONE,NORMAL,TRAIN,True,CRIMINAL,ACTIVE,2026-01-05,2026-04-14
0.264,FALSE,CONTRADICTING,0.236,NONE,NORMAL,TRAIN,True,CRIMINAL,ACTIVE,2026-04-18,2026-10-10
0.514,SUSPECTED,SUPPORTING,0.773,NONE,NORMAL,TEST,True,AMBIGUOUS,ACTIVE,2026-03-24,2026-08-04
0.043,SUSPECTED,SUPPORTING,0.778,NONE,NORMAL,TRAIN,True,MIXED,ACTIVE,2026-07-11,2026-09-18
0.147,FALSE,CONTRADICTING,0.342,NONE,NORMAL,TEST,True,AMBIGUOUS,ACTIVE,2025-11-16,2026-02-15
0.29,SUSPECTED,SUPPORTING,0.785,NONE,NORMAL,TRAIN,True,CRIMINAL,ACTIVE,2026-03-24,2026-06-24
0.401,SUSPECTED,SUPPORTING,0.8,NONE,NORMAL,TRAIN,True,LEGITIMATE,ACTIVE,2026-04-27,2026-08-24
0.204,UNKNOWN,NEUTRAL,0.447,TEMPORAL_ANOMALY,NORMAL,TRAIN,True,LEGITIMATE,ACTIVE,2026-01-26,2026-08-04
0.667,SUSPECTED,SUPPORTING,0.598,COLLECTIVE_ANOMALY,NORMAL,TRAIN,True,CRIMINAL,ACTIVE,2026-05-16,2026-09-09
0.383,SUSPECTED,SUPPORTING,0.755,NONE,NORMAL,TEST,True,AMBIGUOUS,ACTIVE,2026-01-20,2026-04-09
0.747,SUSPECTED,SUPPORTING,0.788,NONE,NORMAL,TRAIN,True,CRIMINAL,ACTIVE,2026-07-12,2026-10-05
0.474,CONFIRMED,SUPPORTING,0.893,TEMPORAL_ANOMALY,NORMAL,TRAIN,True,CRIMINAL,ACTIVE,2025-11-23,2026-03-06
0.868,UNKNOWN,NEUTRAL,0.204,NONE,NORMAL,TRAIN,True,CRIMINAL,ACTIVE,2026-03-21,2026-08-13
0.253,FALSE,CONTRADICTING,0.346,NONE,NORMAL,VALIDATION,True,LEGITIMATE,ACTIVE,2026-04-04,2026-10-12
0.329,SUSPECTED,SUPPORTING,0.845,NONE,NORMAL,TRAIN,True,CRIMINAL,ACTIVE,2026-04-12,2026-06-25
0.441,UNKNOWN,NEUTRAL,0.452,NONE,NORMAL,TRAIN,True,CRIMINAL,ACTIVE,2026-01-01,2026-06-21
0.743,CONFIRMED,SUPPORTING,0.884,NONE,NORMAL,TRAIN,True,CRIMINAL,ACTIVE,2026-07-10,2026-08-22
0.384,CONFIRMED,SUPPORTING,0.986,NONE,NORMAL,TRAIN,True,MIXED,ACTIVE,2026-03-27,2026-06-22
0.623,CONFIRMED,SUPPORTING,0.95,NONE,NORMAL,TRAIN,True,CRIMINAL,ACTIVE,2026-01-02,2026-05-18
0.263,SUSPECTED,SUPPORTING,0.693,CONTEXTUAL_ANOMALY,NORMAL,TRAIN,True,CRIMINAL,ACTIVE,2026-04-30,2026-08-31
0.233,UNKNOWN,NEUTRAL,0.415,NONE,NORMAL,VALIDATION,True,LEGITIMATE,ACTIVE,2026-02-09,2026-06-22
0.244,SUSPECTED,SUPPORTING,0.712,NONE,NORMAL,TRAIN,True,CRIMINAL,ACTIVE,2026-04-27,2026-08-19
0.495,UNKNOWN,NEUTRAL,0.415,NONE,NORMAL,TEST,True,AMBIGUOUS,ACTIVE,2026-01-31,2026-07-07
0.449,UNKNOWN,NEUTRAL,0.351,NONE,NORMAL,TRAIN,True,MIXED,ACTIVE,2026-04-01,2026-07-31
0.738,UNKNOWN,NEUTRAL,0.4,CRIMINAL_ANOMALY,NORMAL,TRAIN,True,MIXED,ACTIVE,2025-11-11,2026-01-31
0.247,UNKNOWN,NEUTRAL,0.383,NONE,NORMAL,TRAIN,True,LEGITIMATE,ACTIVE,2026-02-06,2026-07-12
0.757,FALSE,CONTRADICTING,0.192,NONE,FORMATTING_VARIATION,TRAIN,True,MIXED,ACTIVE,2026-05-25,2026-09-26
0.795,SUSPECTED,SUPPORTING,0.593,NONE,NORMAL,TRAIN,True,MIXED,ACTIVE,2026-02-21,2026-05-26
0.184,CONFIRMED,SUPPORTING,0.97,NONE,NORMAL,TRAIN,True,CRIMINAL,ACTIVE,2026-03-04,2026-08-27
0.164,CONFIRMED,SUPPORTING,0.902,NONE,NORMAL,TEST,True,AMBIGUOUS,ACTIVE,2025-12-06,2026-03-12
0.167,CONFIRMED,SUPPORTING,0.981,NONE,NORMAL,TRAIN,True,MIXED,ACTIVE,2026-02-01,2026-08-17
0.284,FALSE,CONTRADICTING,0.418,NONE,NORMAL,TRAIN,True,MIXED,ACTIVE,2025-11-13,2026-03-06
0.548,CONFIRMED,SUPPORTING,0.826,NONE,NORMAL,TEST,True,AMBIGUOUS,ACTIVE,2025-09-09,2026-03-07
0.085,UNKNOWN,NEUTRAL,0.541,NONE,NORMAL,TRAIN,True,LEGITIMATE,ACTIVE,2026-03-17,2026-07-04
0.447,CONFIRMED,SUPPORTING,0.924,TEMPORAL_ANOMALY,NORMAL,TRAIN,True,CRIMINAL,ACTIVE,2025-12-15,2026-03-12
0.636,FALSE,CONTRADICTING,0.159,NONE,NORMAL,TEST,True,AMBIGUOUS,ACTIVE,2026-03-04,2026-07-26
0.306,CONFIRMED,SUPPORTING,0.951,NONE,NORMAL,TRAIN,True,CRIMINAL,ACTIVE,2025-12-20,2026-05-08
0.113,SUSPECTED,SUPPORTING,0.627,NONE,NORMAL,TEST,True,AMBIGUOUS,ACTIVE,2026-04-01,2026-08-22
0.279,UNKNOWN,NEUTRAL,0.438,NONE,NORMAL,VALIDATION,True,LEGITIMATE,ACTIVE,2026-04-17,2026-07-24
0.764,SUSPECTED,SUPPORTING,0.698,NONE,NORMAL,VALIDATION,True,LEGITIMATE,ACTIVE,2026-01-11,2026-06-17
0.132,UNKNOWN,NEUTRAL,0.268,NONE,NORMAL,VALIDATION,True,LEGITIMATE,ACTIVE,2025-10-21,2026-04-05
0.265,CONFIRMED,SUPPORTING,0.933,NONE,NORMAL,TRAIN,True,CRIMINAL,ACTIVE,2026-04-16,2026-08-21
0.594,FALSE,CONTRADICTING,0.209,TEMPORAL_ANOMALY,NORMAL,TRAIN,True,LEGITIMATE,ACTIVE,2026-01-29,2026-04-04
0.447,CONFIRMED,SUPPORTING,0.869,NONE,NORMAL,TRAIN,True,CRIMINAL,ACTIVE,2026-04-21,2026-06-25
0.743,SUSPECTED,SUPPORTING,0.756,NONE,NORMAL,TRAIN,True,CRIMINAL,ACTIVE,2026-02-19,2026-05-07
0.695,SUSPECTED,SUPPORTING,0.711,NONE,NORMAL,TRAIN,True,CRIMINAL,ACTIVE,2025-12-27,2026-02-23
0.306,UNKNOWN,NEUTRAL,0.367,NONE,NORMAL,TRAIN,True,LEGITIMATE,ACTIVE,2025-11-21,2026-04-22
0.736,CONFIRMED,SUPPORTING,0.831,CONTEXTUAL_ANOMALY,NORMAL,TRAIN,True,MIXED,ACTIVE,2026-06-01,2026-08-30
0.877,UNKNOWN,NEUTRAL,0.227,NONE,NORMAL,TRAIN,True,LEGITIMATE,ACTIVE,2026-01-08,2026-02-21
0.257,SUSPECTED,SUPPORTING,0.788,NONE,NORMAL,TRAIN,True,MIXED,ACTIVE,2025-10-08,2026-04-10
0.762,SUSPECTED,SUPPORTING,0.725,NONE,NORMAL,TRAIN,True,CRIMINAL,ACTIVE,2025-12-09,2026-03-21
0.426,SUSPECTED,SUPPORTING,0.761,NONE,NORMAL,TRAIN,True,MIXED,ACTIVE,2025-12-06,2026-03-11
0.704,CONFIRMED,SUPPORTING,0.82,NONE,NORMAL,TRAIN,True,CRIMINAL,ACTIVE,2026-06-04,2026-09-27
0.518,UNKNOWN,NEUTRAL,0.48,CRIMINAL_ANOMALY,NORMAL,TEST,True,AMBIGUOUS,ACTIVE,2025-09-26,2026-03-13
0.357,CONFIRMED,SUPPORTING,0.936,LEGITIMATE_ANOMALY,NORMAL,TRAIN,True,MIXED,ACTIVE,2025-09-27,2026-02-09
0.453,SUSPECTED,SUPPORTING,0.744,LEGITIMATE_ANOMALY,NORMAL,VALIDATION,True,LEGITIMATE,ACTIVE,2026-05-23,2026-09-17
0.297,SUSPECTED,SUPPORTING,0.733,NONE,NORMAL,TRAIN,True,MIXED,ACTIVE,2026-04-26,2026-06-08
0.154,UNKNOWN,NEUTRAL,0.217,NONE,NORMAL,TEST,True,AMBIGUOUS,ACTIVE,2026-05-29,2026-08-12
0.498,SUSPECTED,SUPPORTING,0.664,NONE,NORMAL,TRAIN,True,MIXED,ACTIVE,2026-02-05,2026-05-17
0.48,SUSPECTED,SUPPORTING,0.637,NONE,NORMAL,TRAIN,True,CRIMINAL,ACTIVE,2026-06-02,2026-09-16
0.705,UNKNOWN,NEUTRAL,0.423,TEMPORAL_ANOMALY,NORMAL,TRAIN,True,MIXED,ACTIVE,2025-11-05,2026-03-20
0.411,CONFIRMED,SUPPORTING,0.989,NONE,NORMAL,VALIDATION,True,LEGITIMATE,ACTIVE,2025-12-25,2026-03-12
0.589,CONFIRMED,SUPPORTING,0.916,NONE,NORMAL,TRAIN,True,MIXED,ACTIVE,2026-01-27,2026-07-06
0.871,FALSE,CONTRADICTING,0.397,NONE,NORMAL,TRAIN,True,CRIMINAL,ACTIVE,2026-01-19,2026-07-11
0.179,UNKNOWN,NEUTRAL,0.475,NONE,NORMAL,VALIDATION,True,LEGITIMATE,ACTIVE,2026-02-23,2026-04-08
0.565,CONFIRMED,SUPPORTING,0.922,NONE,NORMAL,TRAIN,True,MIXED,ACTIVE,2026-04-08,2026-06-20
0.186,UNKNOWN,NEUTRAL,0.475,NONE,NORMAL,TEST,True,AMBIGUOUS,ACTIVE,2026-05-03,2026-09-14
0.629,SUSPECTED,SUPPORTING,0.624,NONE,MISSING_COUNTERPARTY,TEST,True,AMBIGUOUS,ACTIVE,2026-04-03,2026-08-03
0.394,SUSPECTED,SUPPORTING,0.672,NONE,NORMAL,VALIDATION,True,LEGITIMATE,ACTIVE,2025-12-02,2026-03-27
0.323,UNKNOWN,NEUTRAL,0.362,NONE,NORMAL,VALIDATION,True,LEGITIMATE,ACTIVE,2026-03-21,2026-08-05
0.367,UNKNOWN,NEUTRAL,0.433,NONE,NORMAL,TRAIN,True,CRIMINAL,ACTIVE,2026-02-11,2026-05-25
0.241,SUSPECTED,SUPPORTING,0.836,NONE,NORMAL,TRAIN,True,MIXED,ACTIVE,2026-05-28,2026-08-09
0.201,SUSPECTED,SUPPORTING,0.712,NONE,NORMAL,TRAIN,True,CRIMINAL,ACTIVE,2025-10-07,2026-04-04
0.56,UNKNOWN,NEUTRAL,0.471,NONE,NORMAL,TEST,True,AMBIGUOUS,ACTIVE,2026-06-09,2026-09-06
0.25,SUSPECTED,SUPPORTING,0.686,NONE,NORMAL,TRAIN,True,CRIMINAL,ACTIVE,2025-12-05,2026-03-17
0.32,CONFIRMED,SUPPORTING,0.888,NONE,NORMAL,TRAIN,True,CRIMINAL,ACTIVE,2026-05-21,2026-08-03
0.855,UNKNOWN,NEUTRAL,0.228,LEGITIMATE_ANOMALY,NORMAL,TRAIN,True,MIXED,ACTIVE,2025-11-27,2026-04-18
0.483,SUSPECTED,SUPPORTING,0.723,LEGITIMATE_ANOMALY,NORMAL,TRAIN,True,MIXED,ACTIVE,2025-12-22,2026-02-23
0.202,FALSE,CONTRADICTING,0.363,NONE,NORMAL,TRAIN,True,MIXED,ACTIVE,2026-02-28,2026-06-26
0.105,SUSPECTED,SUPPORTING,0.855,NONE,NORMAL,TRAIN,True,CRIMINAL,ACTIVE,2026-05-17,2026-08-16
0.51,UNKNOWN,NEUTRAL,0.38,NONE,NORMAL,TRAIN,True,CRIMINAL,ACTIVE,2026-05-03,2026-09-07
0.132,SUSPECTED,SUPPORTING,0.597,NONE,NORMAL,VALIDATION,True,LEGITIMATE,ACTIVE,2026-01-24,2026-03-18
0.185,UNKNOWN,NEUTRAL,0.408,NONE,NORMAL,TRAIN,True,MIXED,ACTIVE,2026-02-02,2026-06-06
0.408,SUSPECTED,SUPPORTING,0.832,NONE,NORMAL,TRAIN,True,CRIMINAL,ACTIVE,2026-05-24,2026-09-06
0.501,CONFIRMED,SUPPORTING,0.824,TEMPORAL_ANOMALY,NORMAL,TRAIN,True,CRIMINAL,ACTIVE,2025-12-28,2026-04-30
0.205,FALSE,CONTRADICTING,0.299,CRIMINAL_ANOMALY,NORMAL,TRAIN,True,CRIMINAL,ACTIVE,2026-02-10,2026-08-08
0.627,SUSPECTED,SUPPORTING,0.794,NONE,NORMAL,TRAIN,True,CRIMINAL,ACTIVE,2026-02-10,2026-06-16
0.431,SUSPECTED,SUPPORTING,0.709,COLLECTIVE_ANOMALY,NORMAL,VALIDATION,True,LEGITIMATE,ACTIVE,2026-03-25,2026-07-14
0.783,UNKNOWN,NEUTRAL,0.489,NONE,NORMAL,TEST,True,AMBIGUOUS,ACTIVE,2026-03-29,2026-08-08
0.658,SUSPECTED,SUPPORTING,0.592,NONE,NORMAL,TRAIN,True,CRIMINAL,ACTIVE,2026-07-19,2026-10-16
0.551,CONFIRMED,SUPPORTING,0.951,NONE,NORMAL,TRAIN,True,CRIMINAL,ACTIVE,2026-06-29,2026-08-25
0.586,CONFIRMED,SUPPORTING,0.937,NONE,NORMAL,TRAIN,True,MIXED,ACTIVE,2026-01-25,2026-06-20
0.268,CONFIRMED,SUPPORTING,0.976,NONE,DUPLICATE,TRAIN,True,CRIMINAL,ACTIVE,2026-04-08,2026-08-05
0.337,FALSE,CONTRADICTING,0.157,NONE,NORMAL,TRAIN,True,MIXED,ACTIVE,2026-03-25,2026-08-14
0.254,CONFIRMED,SUPPORTING,0.919,NONE,NORMAL,TRAIN,True,MIXED,ACTIVE,2026-02-20,2026-08-30
0.732,UNKNOWN,NEUTRAL,0.428,NONE,NORMAL,TEST,True,AMBIGUOUS,ACTIVE,2025-10-27,2026-02-09
0.079,CONFIRMED,SUPPORTING,0.947,COLLECTIVE_ANOMALY,NORMAL,TRAIN,True,CRIMINAL,ACTIVE,2026-02-15,2026-08-22
0.76,CONFIRMED,SUPPORTING,0.831,NONE,NORMAL,TRAIN,True,MIXED,ACTIVE,2026-01-30,2026-05-03
0.334,SUSPECTED,SUPPORTING,0.72,NONE,NORMAL,VALIDATION,True,LEGITIMATE,ACTIVE,2026-03-31,2026-07-07
0.422,CONFIRMED,SUPPORTING,0.851,NONE,NORMAL,TRAIN,True,MIXED,ACTIVE,2026-01-28,2026-04-09
0.096,SUSPECTED,SUPPORTING,0.674,CRIMINAL_ANOMALY,NORMAL,TRAIN,True,MIXED,ACTIVE,2026-03-19,2026-07-21
0.482,CONFIRMED,SUPPORTING,0.94,NONE,NORMAL,TRAIN,True,MIXED,ACTIVE,2026-02-12,2026-05-10
0.427,FALSE,CONTRADICTING,0.255,LEGITIMATE_ANOMALY,NORMAL,TRAIN,True,LEGITIMATE,ACTIVE,2026-07-14,2026-10-06
0.931,SUSPECTED,SUPPORTING,0.606,NONE,DUPLICATE,TRAIN,True,LEGITIMATE,ACTIVE,2026-06-07,2026-09-03
0.291,UNKNOWN,NEUTRAL,0.362,NONE,NORMAL,TRAIN,True,MIXED,ACTIVE,2026-07-02,2026-10-19
0.284,CONFIRMED,SUPPORTING,0.855,NONE,NORMAL,TEST,True,AMBIGUOUS,ACTIVE,2026-07-22,2026-11-06
0.092,SUSPECTED,SUPPORTING,0.754,NONE,NORMAL,TRAIN,True,MIXED,ACTIVE,2026-01-31,2026-06-08
0.809,FALSE,CONTRADICTING,0.33,NONE,NORMAL,VALIDATION,True,LEGITIMATE,ACTIVE,2026-01-30,2026-05-05
0.551,SUSPECTED,SUPPORTING,0.827,NONE,NORMAL,TEST,True,AMBIGUOUS,ACTIVE,2026-07-10,2026-10-13
0.124,CONFIRMED,SUPPORTING,0.897,NONE,NORMAL,TEST,True,AMBIGUOUS,ACTIVE,2026-01-21,2026-08-02
0.195,SUSPECTED,SUPPORTING,0.75,LEGITIMATE_ANOMALY,NORMAL,TEST,True,AMBIGUOUS,ACTIVE,2025-11-30,2026-04-17
0.835,CONFIRMED,SUPPORTING,0.975,NONE,NORMAL,TRAIN,True,MIXED,ACTIVE,2026-05-13,2026-08-02
0.26,SUSPECTED,SUPPORTING,0.637,NONE,NORMAL,TRAIN,True,MIXED,ACTIVE,2026-05-23,2026-09-09
0.443,CONFIRMED,SUPPORTING,0.911,NONE,NORMAL,TEST,True,AMBIGUOUS,ACTIVE,2026-01-23,2026-07-16
0.368,SUSPECTED,SUPPORTING,0.649,NONE,NORMAL,TRAIN,True,CRIMINAL,ACTIVE,2025-10-13,2026-03-25
0.316,CONFIRMED,SUPPORTING,0.848,NONE,NORMAL,TEST,True,AMBIGUOUS,ACTIVE,2025-11-29,2026-05-19
0.399,SUSPECTED,SUPPORTING,0.647,NONE,NORMAL,TRAIN,True,CRIMINAL,ACTIVE,2025-12-07,2026-04-04
0.673,CONFIRMED,SUPPORTING,0.856,NONE,NORMAL,TRAIN,True,CRIMINAL,ACTIVE,2026-02-19,2026-07-07
0.237,UNKNOWN,NEUTRAL,0.283,NONE,NORMAL,TRAIN,True,MIXED,ACTIVE,2025-12-06,2026-03-07
0.653,SUSPECTED,SUPPORTING,0.804,NONE,NORMAL,TRAIN,True,CRIMINAL,ACTIVE,2026-01-11,2026-04-22
0.163,UNKNOWN,NEUTRAL,0.37,NONE,NORMAL,TRAIN,True,CRIMINAL,ACTIVE,2026-03-14,2026-07-23
0.621,SUSPECTED,SUPPORTING,0.807,TEMPORAL_ANOMALY,NORMAL,TEST,True,AMBIGUOUS,ACTIVE,2025-12-17,2026-04-19
0.399,SUSPECTED,SUPPORTING,0.818,NONE,NORMAL,TRAIN,True,CRIMINAL,ACTIVE,2026-02-11,2026-06-28
0.604,UNKNOWN,NEUTRAL,0.218,NONE,NORMAL,TRAIN,True,MIXED,ACTIVE,2026-05-07,2026-07-09
0.483,UNKNOWN,NEUTRAL,0.404,NONE,NORMAL,TRAIN,True,MIXED,ACTIVE,2026-04-11,2026-07-08
0.134,CONFIRMED,SUPPORTING,0.945,NONE,NORMAL,VALIDATION,True,LEGITIMATE,ACTIVE,2025-12-17,2026-03-24
0.224,UNKNOWN,NEUTRAL,0.489,NONE,FORMATTING_VARIATION,TRAIN,True,MIXED,ACTIVE,2026-01-04,2026-02-06
0.119,UNKNOWN,NEUTRAL,0.344,NONE,NORMAL,TEST,True,AMBIGUOUS,ACTIVE,2026-05-24,2026-08-07
0.766,SUSPECTED,SUPPORTING,0.817,CONTEXTUAL_ANOMALY,NORMAL,TRAIN,True,CRIMINAL,ACTIVE,2026-07-07,2026-09-01
0.365,CONFIRMED,SUPPORTING,0.956,NONE,NORMAL,TEST,True,AMBIGUOUS,ACTIVE,2025-11-18,2026-04-01
0.305,FALSE,CONTRADICTING,0.317,NONE,NORMAL,TRAIN,True,MIXED,ACTIVE,2026-02-09,2026-05-02
0.686,SUSPECTED,SUPPORTING,0.708,NONE,NORMAL,VALIDATION,True,LEGITIMATE,ACTIVE,2025-11-09,2026-03-18
0.633,CONFIRMED,SUPPORTING,0.951,COLLECTIVE_ANOMALY,NORMAL,TEST,True,AMBIGUOUS,ACTIVE,2025-12-08,2026-06-09
0.458,SUSPECTED,SUPPORTING,0.762,NONE,NORMAL,TRAIN,True,MIXED,ACTIVE,2026-03-18,2026-06-17
0.282,UNKNOWN,NEUTRAL,0.47,NONE,NORMAL,TRAIN,True,CRIMINAL,ACTIVE,2026-05-16,2026-10-14
0.457,SUSPECTED,SUPPORTING,0.786,LEGITIMATE_ANOMALY,NORMAL,VALIDATION,True,LEGITIMATE,ACTIVE,2026-02-02,2026-04-18
0.433,UNKNOWN,NEUTRAL,0.208,NONE,NORMAL,TRAIN,True,CRIMINAL,ACTIVE,2026-04-16,2026-10-03
0.771,CONFIRMED,SUPPORTING,0.977,NONE,NORMAL,TRAIN,True,CRIMINAL,ACTIVE,2026-06-05,2026-10-17
0.533,FALSE,CONTRADICTING,0.167,NONE,REVERSED_RECORD,VALIDATION,True,LEGITIMATE,ACTIVE,2026-07-04,2026-09-29
0.712,CONFIRMED,SUPPORTING,0.959,NONE,NORMAL,TRAIN,True,CRIMINAL,ACTIVE,2026-05-20,2026-09-23
0.276,SUSPECTED,SUPPORTING,0.583,NONE,NORMAL,TRAIN,True,LEGITIMATE,ACTIVE,2026-07-07,2026-10-06
0.339,UNKNOWN,NEUTRAL,0.542,NONE,NORMAL,TRAIN,True,MIXED,ACTIVE,2025-12-30,2026-01-29
0.186,UNKNOWN,NEUTRAL,0.412,NONE,NORMAL,TRAIN,True,MIXED,ACTIVE,2025-10-25,2026-04-13
0.394,SUSPECTED,SUPPORTING,0.823,CONTEXTUAL_ANOMALY,NORMAL,TRAIN,True,CRIMINAL,ACTIVE,2026-06-11,2026-10-22
0.581,CONFIRMED,SUPPORTING,0.973,NONE,NORMAL,VALIDATION,True,LEGITIMATE,ACTIVE,2025-12-19,2026-05-07
0.861,SUSPECTED,SUPPORTING,0.86,NONE,NORMAL,TRAIN,True,CRIMINAL,ACTIVE,2025-11-04,2026-02-24
0.612,UNKNOWN,NEUTRAL,0.387,NONE,NORMAL,TRAIN,True,MIXED,ACTIVE,2026-03-28,2026-06-11
0.359,SUSPECTED,SUPPORTING,0.729,NONE,NORMAL,TRAIN,True,MIXED,ACTIVE,2026-01-10,2026-06-06
0.654,UNKNOWN,NEUTRAL,0.329,LEGITIMATE_ANOMALY,NORMAL,TRAIN,True,CRIMINAL,ACTIVE,2026-05-22,2026-08-08
0.652,CONFIRMED,SUPPORTING,0.966,NONE,NORMAL,TRAIN,True,CRIMINAL,ACTIVE,2026-01-31,2026-08-25
0.154,CONFIRMED,SUPPORTING,0.902,NONE,NORMAL,TRAIN,True,CRIMINAL,ACTIVE,2026-07-06,2026-09-26
0.816,FALSE,CONTRADICTING,0.146,NONE,NORMAL,TRAIN,True,CRIMINAL,ACTIVE,2026-03-31,2026-08-07
0.569,SUSPECTED,SUPPORTING,0.582,NONE,NORMAL,TEST,True,AMBIGUOUS,ACTIVE,2026-06-09,2026-09-20
0.416,FALSE,CONTRADICTING,0.294,NONE,NORMAL,TRAIN,True,CRIMINAL,ACTIVE,2025-10-31,2026-03-25
0.16,CONFIRMED,SUPPORTING,0.851,TEMPORAL_ANOMALY,NORMAL,VALIDATION,True,LEGITIMATE,ACTIVE,2026-02-10,2026-03-10
0.219,CONFIRMED,SUPPORTING,0.973,NONE,NORMAL,TRAIN,True,CRIMINAL,ACTIVE,2026-01-17,2026-06-09
0.241,SUSPECTED,SUPPORTING,0.859,TEMPORAL_ANOMALY,NORMAL,TRAIN,True,MIXED,ACTIVE,2026-03-26,2026-08-08
0.285,UNKNOWN,NEUTRAL,0.476,NONE,FORMATTING_VARIATION,TRAIN,True,LEGITIMATE,ACTIVE,2026-01-07,2026-06-27
0.356,CONFIRMED,SUPPORTING,0.885,NONE,NORMAL,TRAIN,True,MIXED,ACTIVE,2025-10-23,2026-04-16
0.647,SUSPECTED,SUPPORTING,0.612,NONE,NORMAL,VALIDATION,True,LEGITIMATE,ACTIVE,2026-02-21,2026-06-23
0.461,UNKNOWN,NEUTRAL,0.212,NONE,NORMAL,TRAIN,True,CRIMINAL,ACTIVE,2025-12-10,2026-04-22
0.256,FALSE,CONTRADICTING,0.418,NONE,NORMAL,TRAIN,True,CRIMINAL,ACTIVE,2025-10-30,2026-05-19
0.652,UNKNOWN,NEUTRAL,0.247,NONE,NORMAL,TRAIN,True,CRIMINAL,ACTIVE,2026-03-27,2026-08-29
0.452,CONFIRMED,SUPPORTING,0.884,LEGITIMATE_ANOMALY,NORMAL,TRAIN,True,MIXED,ACTIVE,2025-11-06,2026-03-02
0.264,CONFIRMED,SUPPORTING,0.969,NONE,NORMAL,TRAIN,True,CRIMINAL,ACTIVE,2026-05-21,2026-07-31
0.231,CONFIRMED,SUPPORTING,0.829,NONE,NORMAL,TRAIN,True,CRIMINAL,ACTIVE,2026-02-07,2026-06-05
0.476,SUSPECTED,SUPPORTING,0.693,NONE,NORMAL,TRAIN,True,MIXED,ACTIVE,2026-03-05,2026-07-15
0.942,UNKNOWN,NEUTRAL,0.338,NONE,NORMAL,TEST,True,AMBIGUOUS,ACTIVE,2026-05-04,2026-08-18
0.927,UNKNOWN,NEUTRAL,0.266,NONE,NORMAL,TRAIN,True,CRIMINAL,ACTIVE,2026-03-21,2026-09-02
0.568,FALSE,CONTRADICTING,0.37,NONE,NORMAL,TRAIN,True,CRIMINAL,ACTIVE,2025-12-22,2026-03-21
0.153,UNKNOWN,NEUTRAL,0.471,NONE,NORMAL,TRAIN,True,LEGITIMATE,ACTIVE,2026-02-06,2026-08-12
0.244,UNKNOWN,NEUTRAL,0.536,NONE,NORMAL,TRAIN,True,CRIMINAL,ACTIVE,2026-03-26,2026-05-18
0.761,CONFIRMED,SUPPORTING,0.892,NONE,NORMAL,TRAIN,True,CRIMINAL,ACTIVE,2026-01-13,2026-03-05
0.513,SUSPECTED,SUPPORTING,0.622,TEMPORAL_ANOMALY,NORMAL,TEST,True,AMBIGUOUS,ACTIVE,2026-05-25,2026-08-19
0.452,FALSE,CONTRADICTING,0.205,LEGITIMATE_ANOMALY,NORMAL,TEST,True,AMBIGUOUS,ACTIVE,2026-01-25,2026-05-18
0.187,UNKNOWN,NEUTRAL,0.393,NONE,DUPLICATE,TEST,True,AMBIGUOUS,ACTIVE,2026-06-30,2026-10-01
0.391,SUSPECTED,SUPPORTING,0.762,NONE,NORMAL,TRAIN,True,MIXED,ACTIVE,2026-03-15,2026-08-23
0.5,SUSPECTED,SUPPORTING,0.652,NONE,NORMAL,TRAIN,True,CRIMINAL,ACTIVE,2026-02-22,2026-05-13
0.618,SUSPECTED,SUPPORTING,0.636,NONE,NORMAL,TRAIN,True,CRIMINAL,ACTIVE,2026-04-26,2026-09-21
0.544,FALSE,CONTRADICTING,0.379,NONE,NORMAL,VALIDATION,True,LEGITIMATE,ACTIVE,2025-10-30,2026-04-02
0.212,FALSE,CONTRADICTING,0.135,NONE,NORMAL,TRAIN,True,CRIMINAL,ACTIVE,2026-03-28,2026-06-14
0.076,SUSPECTED,SUPPORTING,0.691,CONTEXTUAL_ANOMALY,NORMAL,TEST,True,AMBIGUOUS,ACTIVE,2025-10-26,2026-03-11
0.519,CONFIRMED,SUPPORTING,0.912,NONE,NORMAL,TRAIN,True,CRIMINAL,ACTIVE,2026-03-07,2026-04-28
0.192,SUSPECTED,SUPPORTING,0.848,LEGITIMATE_ANOMALY,NORMAL,TRAIN,True,CRIMINAL,ACTIVE,2025-10-19,2026-02-26
0.154,FALSE,CONTRADICTING,0.405,NONE,NORMAL,TRAIN,True,CRIMINAL,ACTIVE,2026-05-18,2026-09-11
0.245,FALSE,CONTRADICTING,0.366,NONE,NORMAL,TRAIN,True,CRIMINAL,ACTIVE,2025-10-10,2026-03-18
0.432,SUSPECTED,SUPPORTING,0.765,NONE,NORMAL,TEST,True,AMBIGUOUS,ACTIVE,2026-03-05,2026-08-05
0.437,SUSPECTED,SUPPORTING,0.819,NONE,NORMAL,TRAIN,True,MIXED,ACTIVE,2026-04-22,2026-09-20
0.406,CONFIRMED,SUPPORTING,0.967,CONTEXTUAL_ANOMALY,NORMAL,TRAIN,True,CRIMINAL,ACTIVE,2026-02-21,2026-07-07
0.124,SUSPECTED,SUPPORTING,0.766,NONE,NORMAL,TRAIN,True,CRIMINAL,ACTIVE,2026-05-01,2026-10-12
0.749,SUSPECTED,SUPPORTING,0.625,LEGITIMATE_ANOMALY,NORMAL,TRAIN,True,CRIMINAL,ACTIVE,2026-03-27,2026-08-07
0.566,SUSPECTED,SUPPORTING,0.837,CONTEXTUAL_ANOMALY,NORMAL,TRAIN,True,CRIMINAL,ACTIVE,2025-10-22,2026-02-13
0.462,SUSPECTED,SUPPORTING,0.586,NONE,NORMAL,VALIDATION,True,LEGITIMATE,ACTIVE,2025-12-08,2026-05-20
0.441,CONFIRMED,SUPPORTING,0.834,NONE,NORMAL,TRAIN,True,CRIMINAL,ACTIVE,2026-01-28,2026-05-08
0.619,CONFIRMED,SUPPORTING,0.827,NONE,NORMAL,TRAIN,True,CRIMINAL,ACTIVE,2026-04-03,2026-10-16
0.377,FALSE,CONTRADICTING,0.36,NONE,NORMAL,TRAIN,True,MIXED,ACTIVE,2026-02-14,2026-06-28
0.368,UNKNOWN,NEUTRAL,0.513,NONE,NORMAL,TRAIN,True,MIXED,ACTIVE,2025-12-11,2026-02-23
0.384,FALSE,CONTRADICTING,0.367,NONE,NORMAL,TRAIN,True,MIXED,ACTIVE,2026-01-31,2026-05-14
0.318,CONFIRMED,SUPPORTING,0.938,COLLECTIVE_ANOMALY,NORMAL,TRAIN,True,CRIMINAL,ACTIVE,2026-01-14,2026-07-10
0.46,FALSE,CONTRADICTING,0.264,NONE,NORMAL,TEST,True,AMBIGUOUS,ACTIVE,2026-02-21,2026-05-12
0.016,SUSPECTED,SUPPORTING,0.623,NONE,NORMAL,VALIDATION,True,LEGITIMATE,ACTIVE,2026-02-18,2026-05-28
0.37,SUSPECTED,SUPPORTING,0.741,NONE,NORMAL,TRAIN,True,MIXED,ACTIVE,2025-10-07,2026-03-15
0.733,FALSE,CONTRADICTING,0.373,NONE,REVERSED_RECORD,TEST,True,AMBIGUOUS,ACTIVE,2026-01-12,2026-06-09
0.433,UNKNOWN,NEUTRAL,0.257,NONE,NORMAL,TRAIN,True,CRIMINAL,ACTIVE,2026-03-16,2026-06-30
0.644,CONFIRMED,SUPPORTING,0.825,NONE,NORMAL,TEST,True,AMBIGUOUS,ACTIVE,2026-01-21,2026-05-16
0.304,FALSE,CONTRADICTING,0.352,NONE,NORMAL,TRAIN,True,CRIMINAL,ACTIVE,2026-01-12,2026-06-15
0.538,CONFIRMED,SUPPORTING,0.939,NONE,NORMAL,TRAIN,True,CRIMINAL,ACTIVE,2026-07-14,2026-09-15
0.225,SUSPECTED,SUPPORTING,0.804,NONE,NORMAL,TEST,True,AMBIGUOUS,ACTIVE,2026-02-19,2026-07-19
0.71,SUSPECTED,SUPPORTING,0.79,NONE,NORMAL,TRAIN,True,LEGITIMATE,ACTIVE,2026-02-06,2026-06-24
0.329,UNKNOWN,NEUTRAL,0.342,NONE,NORMAL,TRAIN,True,MIXED,ACTIVE,2025-12-11,2026-04-06
0.399,SUSPECTED,SUPPORTING,0.758,CONTEXTUAL_ANOMALY,NORMAL,TRAIN,True,MIXED,ACTIVE,2026-01-03,2026-06-04
0.148,CONFIRMED,SUPPORTING,0.885,NONE,NORMAL,TRAIN,True,MIXED,ACTIVE,2026-05-17,2026-10-27
0.264,UNKNOWN,NEUTRAL,0.206,NONE,NORMAL,TRAIN,True,LEGITIMATE,ACTIVE,2026-04-18,2026-08-14
0.544,CONFIRMED,SUPPORTING,0.932,NONE,NORMAL,TRAIN,True,CRIMINAL,ACTIVE,2026-01-11,2026-05-18
0.874,UNKNOWN,NEUTRAL,0.384,NONE,NORMAL,TRAIN,True,MIXED,ACTIVE,2026-06-14,2026-09-24
0.043,UNKNOWN,NEUTRAL,0.222,LEGITIMATE_ANOMALY,NORMAL,TRAIN,True,MIXED,ACTIVE,2025-12-27,2026-04-29
0.468,CONFIRMED,SUPPORTING,0.99,CRIMINAL_ANOMALY,NORMAL,VALIDATION,True,LEGITIMATE,ACTIVE,2025-12-15,2026-04-18
0.329,UNKNOWN,NEUTRAL,0.424,NONE,NORMAL,TRAIN,True,CRIMINAL,ACTIVE,2026-02-20,2026-07-22
0.511,CONFIRMED,SUPPORTING,0.872,NONE,FORMATTING_VARIATION,VALIDATION,True,LEGITIMATE,ACTIVE,2026-07-10,2026-09-13
0.488,UNKNOWN,NEUTRAL,0.486,NONE,NORMAL,TEST,True,AMBIGUOUS,ACTIVE,2026-06-04,2026-09-26
0.289,FALSE,CONTRADICTING,0.267,NONE,NORMAL,TRAIN,True,CRIMINAL,ACTIVE,2026-07-25,2026-09-10
0.498,UNKNOWN,NEUTRAL,0.521,NONE,NORMAL,TEST,True,AMBIGUOUS,ACTIVE,2026-01-18,2026-05-03
0.522,CONFIRMED,SUPPORTING,0.919,NONE,NORMAL,TRAIN,True,MIXED,ACTIVE,2026-02-20,2026-04-15
0.349,UNKNOWN,NEUTRAL,0.306,NONE,NORMAL,TRAIN,True,MIXED,ACTIVE,2026-02-05,2026-04-22
0.666,FALSE,CONTRADICTING,0.334,NONE,NORMAL,VALIDATION,True,LEGITIMATE,ACTIVE,2025-12-29,2026-02-15
0.575,FALSE,CONTRADICTING,0.397,NONE,REVERSED_RECORD,TEST,True,AMBIGUOUS,ACTIVE,2026-02-06,2026-07-08
0.787,FALSE,CONTRADICTING,0.152,NONE,NORMAL,TRAIN,True,LEGITIMATE,ACTIVE,2026-02-19,2026-07-28
0.3,UNKNOWN,NEUTRAL,0.335,NONE,NORMAL,TEST,True,AMBIGUOUS,ACTIVE,2026-01-05,2026-07-18
0.53,CONFIRMED,SUPPORTING,0.92,NONE,NORMAL,TRAIN,True,CRIMINAL,ACTIVE,2026-03-26,2026-06-11
0.229,CONFIRMED,SUPPORTING,0.858,CRIMINAL_ANOMALY,NORMAL,TRAIN,True,MIXED,ACTIVE,2026-05-30,2026-10-16
0.792,SUSPECTED,SUPPORTING,0.63,NONE,NORMAL,TEST,True,AMBIGUOUS,ACTIVE,2026-02-15,2026-06-30
0.286,UNKNOWN,NEUTRAL,0.465,NONE,NORMAL,TRAIN,True,MIXED,ACTIVE,2026-06-09,2026-09-09
0.186,SUSPECTED,SUPPORTING,0.59,NONE,NORMAL,TRAIN,True,MIXED,ACTIVE,2026-05-03,2026-10-05
0.544,SUSPECTED,SUPPORTING,0.704,NONE,NORMAL,TRAIN,True,MIXED,ACTIVE,2025-10-01,2026-03-03
0.503,SUSPECTED,SUPPORTING,0.852,NONE,NORMAL,TRAIN,True,CRIMINAL,ACTIVE,2026-03-13,2026-08-08
0.489,SUSPECTED,SUPPORTING,0.801,NONE,NORMAL,TRAIN,True,CRIMINAL,ACTIVE,2026-07-29,2026-10-15
0.064,CONFIRMED,SUPPORTING,0.875,NONE,NORMAL,TRAIN,True,CRIMINAL,ACTIVE,2026-01-14,2026-05-25
0.58,UNKNOWN,NEUTRAL,0.478,NONE,NORMAL,TRAIN,True,MIXED,ACTIVE,2025-12-21,2026-05-08
0.392,SUSPECTED,SUPPORTING,0.701,CRIMINAL_ANOMALY,NORMAL,TRAIN,True,MIXED,ACTIVE,2026-03-11,2026-09-06
0.719,SUSPECTED,SUPPORTING,0.584,NONE,NORMAL,VALIDATION,True,LEGITIMATE,ACTIVE,2025-11-21,2026-03-24
0.18,FALSE,CONTRADICTING,0.418,NONE,NORMAL,VALIDATION,True,LEGITIMATE,ACTIVE,2026-03-24,2026-08-23
0.613,FALSE,CONTRADICTING,0.357,NONE,NORMAL,TEST,True,AMBIGUOUS,ACTIVE,2026-02-25,2026-07-12
0.22,UNKNOWN,NEUTRAL,0.213,NONE,NORMAL,VALIDATION,True,LEGITIMATE,ACTIVE,2026-01-09,2026-07-13
0.649,SUSPECTED,SUPPORTING,0.733,NONE,NORMAL,TRAIN,True,CRIMINAL,ACTIVE,2026-03-04,2026-06-20
0.382,UNKNOWN,NEUTRAL,0.533,NONE,NORMAL,VALIDATION,True,LEGITIMATE,ACTIVE,2025-12-09,2026-02-10
0.25,CONFIRMED,SUPPORTING,0.976,NONE,NORMAL,TEST,True,AMBIGUOUS,ACTIVE,2025-09-28,2026-03-05
0.225,SUSPECTED,SUPPORTING,0.651,NONE,NORMAL,VALIDATION,True,LEGITIMATE,ACTIVE,2025-12-07,2026-02-20
0.5,UNKNOWN,NEUTRAL,0.331,LEGITIMATE_ANOMALY,NORMAL,TRAIN,True,CRIMINAL,ACTIVE,2026-02-14,2026-06-02
0.5,SUSPECTED,SUPPORTING,0.752,NONE,NORMAL,TEST,True,AMBIGUOUS,ACTIVE,2026-07-26,2026-09-10
0.438,SUSPECTED,SUPPORTING,0.615,NONE,NORMAL,TRAIN,True,CRIMINAL,ACTIVE,2026-04-11,2026-05-12
0.28,CONFIRMED,SUPPORTING,0.947,NONE,NORMAL,TRAIN,True,CRIMINAL,ACTIVE,2026-03-26,2026-07-04
0.532,FALSE,CONTRADICTING,0.302,NONE,NORMAL,TRAIN,True,LEGITIMATE,ACTIVE,2025-12-19,2026-06-01
0.536,UNKNOWN,NEUTRAL,0.295,NONE,FORMATTING_VARIATION,TRAIN,True,CRIMINAL,ACTIVE,2026-02-26,2026-05-20
0.227,UNKNOWN,NEUTRAL,0.493,NONE,NORMAL,TEST,True,AMBIGUOUS,ACTIVE,2025-12-16,2026-05-06
0.731,CONFIRMED,SUPPORTING,0.967,NONE,NORMAL,VALIDATION,True,LEGITIMATE,ACTIVE,2026-06-18,2026-07-20
0.321,SUSPECTED,SUPPORTING,0.855,CONTEXTUAL_ANOMALY,MISSING_COUNTERPARTY,TRAIN,True,CRIMINAL,ACTIVE,2026-04-09,2026-09-30
0.362,CONFIRMED,SUPPORTING,0.897,NONE,NORMAL,TEST,True,AMBIGUOUS,ACTIVE,2026-04-07,2026-08-29
0.175,CONFIRMED,SUPPORTING,0.925,CRIMINAL_ANOMALY,NORMAL,TRAIN,True,MIXED,ACTIVE,2026-05-23,2026-08-13
0.462,SUSPECTED,SUPPORTING,0.804,CRIMINAL_ANOMALY,NORMAL,TRAIN,True,CRIMINAL,ACTIVE,2026-07-05,2026-09-11
0.497,FALSE,CONTRADICTING,0.251,NONE,NORMAL,VALIDATION,True,LEGITIMATE,ACTIVE,2026-02-07,2026-04-19
0.128,SUSPECTED,SUPPORTING,0.793,CONTEXTUAL_ANOMALY,NORMAL,VALIDATION,True,LEGITIMATE,ACTIVE,2025-12-24,2026-05-24
0.853,SUSPECTED,SUPPORTING,0.751,NONE,NORMAL,TRAIN,True,CRIMINAL,ACTIVE,2026-04-19,2026-08-07
0.615,SUSPECTED,SUPPORTING,0.623,NONE,NORMAL,TRAIN,True,MIXED,ACTIVE,2025-11-09,2026-04-08
0.234,SUSPECTED,SUPPORTING,0.819,NONE,FORMATTING_VARIATION,TRAIN,True,MIXED,ACTIVE,2026-03-20,2026-06-30
0.17,UNKNOWN,NEUTRAL,0.268,NONE,NORMAL,TRAIN,True,CRIMINAL,ACTIVE,2026-01-14,2026-05-06
0.29,SUSPECTED,SUPPORTING,0.643,NONE,NORMAL,TRAIN,True,CRIMINAL,ACTIVE,2026-06-19,2026-09-12
0.589,UNKNOWN,NEUTRAL,0.209,LEGITIMATE_ANOMALY,NORMAL,TRAIN,True,CRIMINAL,ACTIVE,2026-03-06,2026-07-20
0.111,SUSPECTED,SUPPORTING,0.825,NONE,NORMAL,TRAIN,True,MIXED,ACTIVE,2026-06-19,2026-09-30
0.244,UNKNOWN,NEUTRAL,0.254,NONE,NORMAL,TRAIN,True,MIXED,ACTIVE,2026-01-04,2026-07-09
0.342,FALSE,CONTRADICTING,0.407,COLLECTIVE_ANOMALY,NORMAL,TEST,True,AMBIGUOUS,ACTIVE,2026-01-16,2026-04-20
0.49,SUSPECTED,SUPPORTING,0.654,NONE,NORMAL,TEST,True,AMBIGUOUS,ACTIVE,2025-10-28,2026-04-08
0.678,SUSPECTED,SUPPORTING,0.732,NONE,NORMAL,VALIDATION,True,LEGITIMATE,ACTIVE,2025-11-20,2026-04-01
0.747,FALSE,CONTRADICTING,0.391,LEGITIMATE_ANOMALY,NORMAL,TRAIN,True,MIXED,ACTIVE,2026-05-15,2026-08-21
0.412,UNKNOWN,NEUTRAL,0.342,NONE,NORMAL,TRAIN,True,MIXED,ACTIVE,2026-04-15,2026-08-27
0.192,FALSE,CONTRADICTING,0.396,CRIMINAL_ANOMALY,NORMAL,TRAIN,True,MIXED,ACTIVE,2026-05-26,2026-09-04
0.129,UNKNOWN,NEUTRAL,0.536,NONE,NORMAL,TEST,True,AMBIGUOUS,ACTIVE,2026-01-10,2026-05-01
0.624,FALSE,CONTRADICTING,0.342,NONE,NORMAL,VALIDATION,True,LEGITIMATE,ACTIVE,2025-12-16,2026-03-21
0.393,UNKNOWN,NEUTRAL,0.375,NONE,NORMAL,TRAIN,True,MIXED,ACTIVE,2026-04-01,2026-05-26
0.71,FALSE,CONTRADICTING,0.399,NONE,NORMAL,TRAIN,True,CRIMINAL,ACTIVE,2025-12-03,2026-04-15
0.419,CONFIRMED,SUPPORTING,0.936,NONE,NORMAL,VALIDATION,True,LEGITIMATE,ACTIVE,2026-05-25,2026-09-23
0.195,CONFIRMED,SUPPORTING,0.903,NONE,NORMAL,TRAIN,True,CRIMINAL,ACTIVE,2026-05-25,2026-08-21
0.359,FALSE,CONTRADICTING,0.348,NONE,NORMAL,VALIDATION,True,LEGITIMATE,ACTIVE,2026-04-14,2026-10-31
0.321,FALSE,CONTRADICTING,0.413,NONE,NORMAL,VALIDATION,True,LEGITIMATE,ACTIVE,2026-01-12,2026-04-11
0.541,SUSPECTED,SUPPORTING,0.736,NONE,NORMAL,TEST,True,AMBIGUOUS,ACTIVE,2026-02-16,2026-05-02
0.316,SUSPECTED,SUPPORTING,0.61,NONE,NORMAL,TRAIN,True,CRIMINAL,ACTIVE,2026-05-15,2026-08-20
0.419,UNKNOWN,NEUTRAL,0.512,LEGITIMATE_ANOMALY,NORMAL,TRAIN,True,MIXED,ACTIVE,2025-12-26,2026-02-20
0.634,FALSE,CONTRADICTING,0.386,NONE,NORMAL,TEST,True,AMBIGUOUS,ACTIVE,2026-02-26,2026-08-25
0.58,SUSPECTED,SUPPORTING,0.677,LEGITIMATE_ANOMALY,NORMAL,VALIDATION,True,LEGITIMATE,ACTIVE,2026-03-24,2026-07-08
0.244,CONFIRMED,SUPPORTING,0.92,NONE,NORMAL,TRAIN,True,CRIMINAL,ACTIVE,2025-12-23,2026-04-07
0.243,UNKNOWN,NEUTRAL,0.226,NONE,NORMAL,TRAIN,True,MIXED,ACTIVE,2026-04-12,2026-06-27
0.516,UNKNOWN,NEUTRAL,0.41,LEGITIMATE_ANOMALY,NORMAL,VALIDATION,True,LEGITIMATE,ACTIVE,2025-11-14,2026-04-28
0.859,UNKNOWN,NEUTRAL,0.362,NONE,NORMAL,TRAIN,True,CRIMINAL,ACTIVE,2026-07-14,2026-10-23
0.21,CONFIRMED,SUPPORTING,0.823,NONE,NORMAL,TRAIN,True,CRIMINAL,ACTIVE,2026-03-11,2026-08-12
0.23,CONFIRMED,SUPPORTING,0.941,CONTEXTUAL_ANOMALY,NORMAL,TRAIN,True,CRIMINAL,ACTIVE,2026-02-22,2026-04-06
0.429,SUSPECTED,SUPPORTING,0.721,NONE,NORMAL,TRAIN,True,CRIMINAL,ACTIVE,2026-06-10,2026-09-25
0.759,SUSPECTED,SUPPORTING,0.743,NONE,NORMAL,VALIDATION,True,LEGITIMATE,ACTIVE,2026-01-07,2026-07-23
0.593,UNKNOWN,NEUTRAL,0.205,NONE,NORMAL,TEST,True,AMBIGUOUS,ACTIVE,2026-01-03,2026-03-17
0.662,FALSE,CONTRADICTING,0.185,CRIMINAL_ANOMALY,NORMAL,TRAIN,True,MIXED,ACTIVE,2026-03-11,2026-06-13
0.175,SUSPECTED,SUPPORTING,0.653,NONE,NORMAL,TRAIN,True,MIXED,ACTIVE,2025-12-25,2026-04-06
0.258,SUSPECTED,SUPPORTING,0.683,CRIMINAL_ANOMALY,NORMAL,TEST,True,AMBIGUOUS,ACTIVE,2025-11-05,2026-03-21
0.021,CONFIRMED,SUPPORTING,0.856,NONE,NORMAL,TEST,True,AMBIGUOUS,ACTIVE,2026-05-25,2026-08-08
0.403,FALSE,CONTRADICTING,0.298,NONE,NORMAL,TRAIN,True,CRIMINAL,ACTIVE,2026-04-05,2026-07-19
0.245,CONFIRMED,SUPPORTING,0.888,LEGITIMATE_ANOMALY,NORMAL,TRAIN,True,CRIMINAL,ACTIVE,2026-01-28,2026-06-11
0.374,SUSPECTED,SUPPORTING,0.685,NONE,NORMAL,TEST,True,AMBIGUOUS,ACTIVE,2025-12-19,2026-04-06
0.708,SUSPECTED,SUPPORTING,0.772,NONE,NORMAL,TRAIN,True,CRIMINAL,ACTIVE,2026-05-01,2026-08-13
0.934,SUSPECTED,SUPPORTING,0.668,NONE,NORMAL,TEST,True,AMBIGUOUS,ACTIVE,2026-04-07,2026-06-19
0.825,UNKNOWN,NEUTRAL,0.51,NONE,NORMAL,TRAIN,True,LEGITIMATE,ACTIVE,2025-12-10,2026-01-28
0.326,UNKNOWN,NEUTRAL,0.374,NONE,NORMAL,TRAIN,True,MIXED,ACTIVE,2026-01-04,2026-07-04
0.434,FALSE,CONTRADICTING,0.136,NONE,FORMATTING_VARIATION,VALIDATION,True,LEGITIMATE,ACTIVE,2026-02-27,2026-05-03
0.362,CONFIRMED,SUPPORTING,0.971,NONE,NORMAL,VALIDATION,True,LEGITIMATE,ACTIVE,2026-05-08,2026-09-13
0.791,FALSE,CONTRADICTING,0.161,NONE,NORMAL,TRAIN,True,MIXED,ACTIVE,2026-01-01,2026-02-21
0.353,UNKNOWN,NEUTRAL,0.47,NONE,NORMAL,TEST,True,AMBIGUOUS,ACTIVE,2026-07-21,2026-10-26
0.329,FALSE,CONTRADICTING,0.384,NONE,NORMAL,TRAIN,True,CRIMINAL,ACTIVE,2025-11-26,2026-03-11
0.233,CONFIRMED,SUPPORTING,0.936,NONE,NORMAL,TRAIN,True,CRIMINAL,ACTIVE,2026-06-11,2026-08-22
0.17,CONFIRMED,SUPPORTING,0.975,NONE,NORMAL,TRAIN,True,CRIMINAL,ACTIVE,2026-04-04,2026-09-27
0.32,UNKNOWN,NEUTRAL,0.45,NONE,NORMAL,TEST,True,AMBIGUOUS,ACTIVE,2026-02-09,2026-05-27
0.477,CONFIRMED,SUPPORTING,0.958,NONE,NORMAL,TRAIN,True,CRIMINAL,ACTIVE,2026-08-02,2026-10-18
0.451,CONFIRMED,SUPPORTING,0.948,CONTEXTUAL_ANOMALY,DUPLICATE,TRAIN,True,CRIMINAL,ACTIVE,2025-12-15,2026-06-11
0.619,CONFIRMED,SUPPORTING,0.906,CONTEXTUAL_ANOMALY,NORMAL,VALIDATION,True,LEGITIMATE,ACTIVE,2026-03-02,2026-08-15
0.738,SUSPECTED,SUPPORTING,0.648,NONE,NORMAL,VALIDATION,True,LEGITIMATE,ACTIVE,2025-12-27,2026-07-03
0.121,CONFIRMED,SUPPORTING,0.86,NONE,NORMAL,TRAIN,True,CRIMINAL,ACTIVE,2026-02-09,2026-03-18
0.269,CONFIRMED,SUPPORTING,0.84,NONE,NORMAL,TEST,True,AMBIGUOUS,ACTIVE,2026-07-04,2026-08-19
0.93,UNKNOWN,NEUTRAL,0.385,NONE,NORMAL,VALIDATION,True,LEGITIMATE,ACTIVE,2026-02-22,2026-06-03
0.231,UNKNOWN,NEUTRAL,0.472,NONE,NORMAL,TEST,True,AMBIGUOUS,ACTIVE,2026-01-17,2026-06-10
0.606,FALSE,CONTRADICTING,0.223,NONE,NORMAL,TRAIN,True,MIXED,ACTIVE,2026-04-26,2026-09-16
0.332,SUSPECTED,SUPPORTING,0.647,NONE,NORMAL,TRAIN,True,CRIMINAL,ACTIVE,2026-07-01,2026-10-20
0.372,UNKNOWN,NEUTRAL,0.215,NONE,NORMAL,VALIDATION,True,LEGITIMATE,ACTIVE,2026-07-27,2026-10-02
0.465,SUSPECTED,SUPPORTING,0.708,NONE,NORMAL,TRAIN,True,MIXED,ACTIVE,2025-09-07,2026-02-10
0.317,SUSPECTED,SUPPORTING,0.58,NONE,NORMAL,TRAIN,True,CRIMINAL,ACTIVE,2026-05-14,2026-08-30
0.605,CONFIRMED,SUPPORTING,0.838,NONE,NORMAL,TRAIN,True,CRIMINAL,ACTIVE,2026-01-01,2026-06-12
0.584,CONFIRMED,SUPPORTING,0.92,NONE,NORMAL,TRAIN,True,CRIMINAL,ACTIVE,2026-01-30,2026-05-16
0.218,UNKNOWN,NEUTRAL,0.449,CRIMINAL_ANOMALY,NORMAL,TEST,True,AMBIGUOUS,ACTIVE,2026-01-15,2026-06-17
0.645,FALSE,CONTRADICTING,0.306,NONE,NORMAL,TEST,True,AMBIGUOUS,ACTIVE,2026-04-24,2026-09-16
0.181,SUSPECTED,SUPPORTING,0.603,NONE,MISSING_COUNTERPARTY,VALIDATION,True,LEGITIMATE,ACTIVE,2026-06-16,2026-09-30
0.582,CONFIRMED,SUPPORTING,0.907,NONE,NORMAL,TRAIN,True,MIXED,ACTIVE,2025-12-17,2026-05-03
0.617,SUSPECTED,SUPPORTING,0.731,NONE,NORMAL,TRAIN,True,MIXED,ACTIVE,2025-09-15,2026-02-15
0.214,UNKNOWN,NEUTRAL,0.299,NONE,NORMAL,TRAIN,True,MIXED,ACTIVE,2026-05-16,2026-07-06
0.199,CONFIRMED,SUPPORTING,0.923,NONE,NORMAL,TRAIN,True,CRIMINAL,ACTIVE,2026-04-20,2026-07-17
0.143,CONFIRMED,SUPPORTING,0.845,NONE,REVERSED_RECORD,TRAIN,True,CRIMINAL,ACTIVE,2025-12-15,2026-03-27
0.458,SUSPECTED,SUPPORTING,0.797,NONE,NORMAL,TRAIN,True,CRIMINAL,ACTIVE,2025-10-16,2026-03-23
0.634,FALSE,CONTRADICTING,0.258,NONE,NORMAL,VALIDATION,True,LEGITIMATE,ACTIVE,2025-11-13,2026-04-16
0.56,UNKNOWN,NEUTRAL,0.307,NONE,DUPLICATE,TRAIN,True,CRIMINAL,ACTIVE,2026-04-15,2026-05-25
0.075,UNKNOWN,NEUTRAL,0.473,CRIMINAL_ANOMALY,NORMAL,TRAIN,True,LEGITIMATE,ACTIVE,2025-11-10,2026-05-14
0.195,SUSPECTED,SUPPORTING,0.615,LEGITIMATE_ANOMALY,NORMAL,TEST,True,AMBIGUOUS,ACTIVE,2026-05-03,2026-09-16
0.623,UNKNOWN,NEUTRAL,0.392,NONE,NORMAL,TRAIN,True,MIXED,ACTIVE,2026-01-15,2026-03-25
0.669,FALSE,CONTRADICTING,0.268,NONE,NORMAL,TRAIN,True,CRIMINAL,ACTIVE,2026-05-12,2026-08-30
0.157,SUSPECTED,SUPPORTING,0.757,NONE,NORMAL,TRAIN,True,CRIMINAL,ACTIVE,2026-04-05,2026-10-12
0.577,SUSPECTED,SUPPORTING,0.784,COLLECTIVE_ANOMALY,NORMAL,VALIDATION,True,LEGITIMATE,ACTIVE,2026-03-20,2026-04-16
0.318,CONFIRMED,SUPPORTING,0.97,NONE,NORMAL,TEST,True,AMBIGUOUS,ACTIVE,2025-11-17,2026-02-20
0.742,SUSPECTED,SUPPORTING,0.583,NONE,NORMAL,TRAIN,True,CRIMINAL,ACTIVE,2026-01-30,2026-04-17
0.216,SUSPECTED,SUPPORTING,0.641,NONE,NORMAL,TRAIN,True,CRIMINAL,ACTIVE,2026-04-06,2026-06-22
0.744,UNKNOWN,NEUTRAL,0.214,CRIMINAL_ANOMALY,NORMAL,TRAIN,True,CRIMINAL,ACTIVE,2026-03-11,2026-05-31
0.687,CONFIRMED,SUPPORTING,0.821,CRIMINAL_ANOMALY,NORMAL,TRAIN,True,CRIMINAL,ACTIVE,2026-02-28,2026-06-02
0.651,UNKNOWN,NEUTRAL,0.378,NONE,NORMAL,TRAIN,True,CRIMINAL,ACTIVE,2026-07-14,2026-09-04
0.523,CONFIRMED,SUPPORTING,0.977,NONE,NORMAL,TRAIN,True,CRIMINAL,ACTIVE,2026-05-24,2026-09-24
0.187,CONFIRMED,SUPPORTING,0.971,NONE,NORMAL,VALIDATION,True,LEGITIMATE,ACTIVE,2026-05-15,2026-08-02
0.547,UNKNOWN,NEUTRAL,0.267,NONE,NORMAL,VALIDATION,True,LEGITIMATE,ACTIVE,2026-04-29,2026-06-13
0.271,UNKNOWN,NEUTRAL,0.316,NONE,NORMAL,TRAIN,True,MIXED,ACTIVE,2025-11-28,2026-01-22
0.619,CONFIRMED,SUPPORTING,0.833,NONE,NORMAL,TRAIN,True,MIXED,ACTIVE,2025-12-12,2026-03-30
0.368,CONFIRMED,SUPPORTING,0.963,NONE,NORMAL,TRAIN,True,CRIMINAL,ACTIVE,2025-10-02,2026-03-23
0.176,SUSPECTED,SUPPORTING,0.777,NONE,NORMAL,VALIDATION,True,LEGITIMATE,ACTIVE,2026-06-20,2026-10-29
0.489,SUSPECTED,SUPPORTING,0.83,NONE,NORMAL,TRAIN,True,CRIMINAL,ACTIVE,2026-07-02,2026-09-25
0.083,UNKNOWN,NEUTRAL,0.375,NONE,NORMAL,VALIDATION,True,LEGITIMATE,ACTIVE,2026-04-03,2026-06-28
0.871,SUSPECTED,SUPPORTING,0.627,NONE,DUPLICATE,TEST,True,AMBIGUOUS,ACTIVE,2025-12-22,2026-05-15
0.187,CONFIRMED,SUPPORTING,0.937,LEGITIMATE_ANOMALY,NORMAL,TRAIN,True,CRIMINAL,ACTIVE,2026-04-28,2026-08-30
0.339,FALSE,CONTRADICTING,0.205,NONE,NORMAL,TRAIN,True,CRIMINAL,ACTIVE,2025-10-14,2026-03-20
0.722,SUSPECTED,SUPPORTING,0.633,NONE,NORMAL,TRAIN,True,CRIMINAL,ACTIVE,2026-01-17,2026-04-30
0.291,SUSPECTED,SUPPORTING,0.697,NONE,FORMATTING_VARIATION,TRAIN,True,CRIMINAL,ACTIVE,2025-11-11,2026-05-15
0.365,FALSE,CONTRADICTING,0.136,NONE,NORMAL,TEST,True,AMBIGUOUS,ACTIVE,2026-01-28,2026-04-21
0.719,FALSE,CONTRADICTING,0.305,NONE,FORMATTING_VARIATION,TEST,True,AMBIGUOUS,ACTIVE,2026-07-14,2026-10-18
0.527,SUSPECTED,SUPPORTING,0.768,COLLECTIVE_ANOMALY,NORMAL,TRAIN,True,MIXED,ACTIVE,2026-06-26,2026-10-10
0.469,UNKNOWN,NEUTRAL,0.407,LEGITIMATE_ANOMALY,NORMAL,VALIDATION,True,LEGITIMATE,ACTIVE,2026-04-10,2026-06-18
0.281,CONFIRMED,SUPPORTING,0.934,NONE,NORMAL,TRAIN,True,MIXED,ACTIVE,2026-02-24,2026-06-05
0.398,FALSE,CONTRADICTING,0.149,NONE,NORMAL,TRAIN,True,MIXED,ACTIVE,2026-02-12,2026-06-15
0.244,CONFIRMED,SUPPORTING,0.873,NONE,NORMAL,TRAIN,True,CRIMINAL,ACTIVE,2025-12-02,2026-04-02
0.159,CONFIRMED,SUPPORTING,0.833,NONE,NORMAL,VALIDATION,True,LEGITIMATE,ACTIVE,2026-01-10,2026-03-13
0.553,SUSPECTED,SUPPORTING,0.613,NONE,NORMAL,TRAIN,True,MIXED,ACTIVE,2026-04-24,2026-09-12
0.277,CONFIRMED,SUPPORTING,0.851,NONE,NORMAL,TRAIN,True,MIXED,ACTIVE,2025-12-04,2026-04-27
0.23,SUSPECTED,SUPPORTING,0.605,TEMPORAL_ANOMALY,NORMAL,TRAIN,True,CRIMINAL,ACTIVE,2025-11-07,2026-03-28
0.307,SUSPECTED,SUPPORTING,0.803,NONE,FORMATTING_VARIATION,TRAIN,True,CRIMINAL,ACTIVE,2025-11-22,2026-05-01
0.724,CONFIRMED,SUPPORTING,0.969,NONE,NORMAL,TRAIN,True,CRIMINAL,ACTIVE,2026-06-12,2026-10-22
0.445,SUSPECTED,SUPPORTING,0.654,NONE,NORMAL,TRAIN,True,CRIMINAL,ACTIVE,2025-12-10,2026-03-01
0.772,SUSPECTED,SUPPORTING,0.588,NONE,NORMAL,TRAIN,True,LEGITIMATE,ACTIVE,2025-12-17,2026-03-24
0.884,CONFIRMED,SUPPORTING,0.947,TEMPORAL_ANOMALY,NORMAL,TRAIN,True,CRIMINAL,ACTIVE,2026-07-16,2026-08-27
0.505,FALSE,CONTRADICTING,0.389,NONE,NORMAL,TRAIN,True,CRIMINAL,ACTIVE,2026-06-17,2026-09-28
0.204,FALSE,CONTRADICTING,0.398,NONE,NORMAL,TRAIN,True,MIXED,ACTIVE,2025-10-15,2026-04-10
0.386,UNKNOWN,NEUTRAL,0.53,NONE,NORMAL,TEST,True,AMBIGUOUS,ACTIVE,2025-12-09,2026-02-12
0.135,FALSE,CONTRADICTING,0.343,NONE,NORMAL,VALIDATION,True,LEGITIMATE,ACTIVE,2026-03-16,2026-07-15
0.482,UNKNOWN,NEUTRAL,0.385,CRIMINAL_ANOMALY,NORMAL,TEST,True,AMBIGUOUS,ACTIVE,2026-05-26,2026-10-13
0.557,UNKNOWN,NEUTRAL,0.364,NONE,NORMAL,VALIDATION,True,LEGITIMATE,ACTIVE,2025-12-02,2026-04-08
0.311,SUSPECTED,SUPPORTING,0.858,NONE,NORMAL,TRAIN,True,MIXED,ACTIVE,2026-04-16,2026-06-29
0.351,FALSE,CONTRADICTING,0.33,NONE,NORMAL,TRAIN,True,CRIMINAL,ACTIVE,2025-12-03,2026-05-14
0.577,SUSPECTED,SUPPORTING,0.759,NONE,NORMAL,TRAIN,True,MIXED,ACTIVE,2025-11-12,2026-02-22
0.691,SUSPECTED,SUPPORTING,0.772,NONE,NORMAL,TEST,True,AMBIGUOUS,ACTIVE,2026-04-11,2026-10-02
0.597,CONFIRMED,SUPPORTING,0.871,NONE,NORMAL,VALIDATION,True,LEGITIMATE,ACTIVE,2026-03-05,2026-07-18
0.396,CONFIRMED,SUPPORTING,0.824,LEGITIMATE_ANOMALY,DUPLICATE,TRAIN,True,CRIMINAL,ACTIVE,2026-04-05,2026-08-25
0.544,CONFIRMED,SUPPORTING,0.985,NONE,NORMAL,TRAIN,True,CRIMINAL,ACTIVE,2026-02-27,2026-05-21
0.821,CONFIRMED,SUPPORTING,0.845,NONE,NORMAL,TRAIN,True,CRIMINAL,ACTIVE,2026-02-04,2026-07-03
0.185,SUSPECTED,SUPPORTING,0.631,NONE,NORMAL,TRAIN,True,CRIMINAL,ACTIVE,2026-04-19,2026-08-11
0.558,SUSPECTED,SUPPORTING,0.759,NONE,NORMAL,TEST,True,AMBIGUOUS,ACTIVE,2026-04-17,2026-08-23
0.158,CONFIRMED,SUPPORTING,0.925,NONE,NORMAL,TRAIN,True,MIXED,ACTIVE,2026-04-21,2026-07-17
0.633,SUSPECTED,SUPPORTING,0.772,NONE,NORMAL,TRAIN,True,MIXED,ACTIVE,2026-07-09,2026-08-21
0.524,CONFIRMED,SUPPORTING,0.941,NONE,NORMAL,TEST,True,AMBIGUOUS,ACTIVE,2025-12-26,2026-04-26
0.286,UNKNOWN,NEUTRAL,0.509,NONE,NORMAL,TRAIN,True,CRIMINAL,ACTIVE,2026-02-26,2026-05-21
0.303,SUSPECTED,SUPPORTING,0.754,NONE,NORMAL,VALIDATION,True,LEGITIMATE,ACTIVE,2025-12-07,2026-03-22
0.42,CONFIRMED,SUPPORTING,0.823,NONE,NORMAL,TRAIN,True,MIXED,ACTIVE,2026-02-02,2026-07-05
0.23,CONFIRMED,SUPPORTING,0.859,CONTEXTUAL_ANOMALY,NORMAL,TRAIN,True,CRIMINAL,ACTIVE,2026-01-08,2026-03-30
0.404,UNKNOWN,NEUTRAL,0.248,NONE,NORMAL,VALIDATION,True,LEGITIMATE,ACTIVE,2026-07-01,2026-09-04
0.11,SUSPECTED,SUPPORTING,0.6,CONTEXTUAL_ANOMALY,NORMAL,TRAIN,True,CRIMINAL,ACTIVE,2026-04-29,2026-07-04
0.804,CONFIRMED,SUPPORTING,0.917,NONE,NORMAL,TRAIN,True,CRIMINAL,ACTIVE,2025-09-13,2026-03-18
0.306,FALSE,CONTRADICTING,0.29,NONE,NORMAL,TRAIN,True,CRIMINAL,ACTIVE,2026-04-05,2026-08-26
0.36,FALSE,CONTRADICTING,0.239,CONTEXTUAL_ANOMALY,NORMAL,TEST,True,AMBIGUOUS,ACTIVE,2026-04-26,2026-08-16
0.394,SUSPECTED,SUPPORTING,0.725,NONE,NORMAL,VALIDATION,True,LEGITIMATE,ACTIVE,2026-03-25,2026-08-21
0.406,CONFIRMED,SUPPORTING,0.924,LEGITIMATE_ANOMALY,NORMAL,TRAIN,True,CRIMINAL,ACTIVE,2026-04-22,2026-09-04
0.144,FALSE,CONTRADICTING,0.325,NONE,NORMAL,TEST,True,AMBIGUOUS,ACTIVE,2025-10-16,2026-01-23
0.61,UNKNOWN,NEUTRAL,0.277,NONE,NORMAL,TRAIN,True,MIXED,ACTIVE,2026-01-18,2026-05-05
0.252,UNKNOWN,NEUTRAL,0.329,NONE,NORMAL,TEST,True,AMBIGUOUS,ACTIVE,2026-06-01,2026-08-15
0.151,FALSE,CONTRADICTING,0.276,NONE,NORMAL,TEST,True,AMBIGUOUS,ACTIVE,2026-05-16,2026-10-31
0.11,SUSPECTED,SUPPORTING,0.6,NONE,NORMAL,TRAIN,True,MIXED,ACTIVE,2025-11-13,2026-03-29
0.433,SUSPECTED,SUPPORTING,0.855,NONE,NORMAL,TRAIN,True,CRIMINAL,ACTIVE,2026-03-25,2026-08-26
0.601,SUSPECTED,SUPPORTING,0.795,NONE,NORMAL,TRAIN,True,MIXED,ACTIVE,2026-05-08,2026-06-26
0.21,FALSE,CONTRADICTING,0.24,NONE,NORMAL,TRAIN,True,LEGITIMATE,ACTIVE,2026-08-04,2026-09-13
0.352,CONFIRMED,SUPPORTING,0.864,CONTEXTUAL_ANOMALY,NORMAL,TRAIN,True,CRIMINAL,ACTIVE,2026-06-02,2026-08-15
0.321,UNKNOWN,NEUTRAL,0.323,NONE,NORMAL,TRAIN,True,CRIMINAL,ACTIVE,2026-01-09,2026-02-24
0.684,CONFIRMED,SUPPORTING,0.867,NONE,NORMAL,VALIDATION,True,LEGITIMATE,ACTIVE,2026-05-23,2026-07-27
0.729,CONFIRMED,SUPPORTING,0.909,NONE,NORMAL,TRAIN,True,CRIMINAL,ACTIVE,2026-01-19,2026-05-03
0.197,CONFIRMED,SUPPORTING,0.879,NONE,NORMAL,TRAIN,True,MIXED,ACTIVE,2026-04-05,2026-09-06
0.08,UNKNOWN,NEUTRAL,0.379,NONE,NORMAL,VALIDATION,True,LEGITIMATE,ACTIVE,2025-11-21,2026-05-05
0.174,UNKNOWN,NEUTRAL,0.47,NONE,NORMAL,TRAIN,True,MIXED,ACTIVE,2026-01-20,2026-03-15
0.387,CONFIRMED,SUPPORTING,0.904,NONE,NORMAL,TRAIN,True,MIXED,ACTIVE,2026-06-02,2026-08-29
0.146,SUSPECTED,SUPPORTING,0.844,NONE,NORMAL,TEST,True,AMBIGUOUS,ACTIVE,2026-04-06,2026-06-22
0.598,UNKNOWN,NEUTRAL,0.299,NONE,NORMAL,TEST,True,AMBIGUOUS,ACTIVE,2026-01-30,2026-05-27
0.817,CONFIRMED,SUPPORTING,0.841,NONE,NORMAL,TRAIN,True,CRIMINAL,ACTIVE,2025-10-21,2026-03-25
0.492,SUSPECTED,SUPPORTING,0.85,LEGITIMATE_ANOMALY,NORMAL,TRAIN,True,CRIMINAL,ACTIVE,2026-05-25,2026-07-10
0.476,CONFIRMED,SUPPORTING,0.897,CONTEXTUAL_ANOMALY,NORMAL,TRAIN,True,CRIMINAL,ACTIVE,2026-04-22,2026-08-10
0.579,CONFIRMED,SUPPORTING,0.891,NONE,NORMAL,TRAIN,True,CRIMINAL,ACTIVE,2026-04-23,2026-09-11
0.587,UNKNOWN,NEUTRAL,0.447,NONE,NORMAL,TRAIN,True,CRIMINAL,ACTIVE,2026-01-02,2026-06-24
0.369,UNKNOWN,NEUTRAL,0.426,NONE,NORMAL,VALIDATION,True,LEGITIMATE,ACTIVE,2025-12-19,2026-02-05
0.185,CONFIRMED,SUPPORTING,0.928,NONE,NORMAL,TEST,True,AMBIGUOUS,ACTIVE,2026-05-17,2026-10-13
0.806,FALSE,CONTRADICTING,0.212,NONE,NORMAL,TRAIN,True,CRIMINAL,ACTIVE,2026-01-17,2026-07-13
0.775,CONFIRMED,SUPPORTING,0.827,NONE,NORMAL,TRAIN,True,CRIMINAL,ACTIVE,2026-05-02,2026-07-13
0.175,CONFIRMED,SUPPORTING,0.939,NONE,NORMAL,VALIDATION,True,LEGITIMATE,ACTIVE,2025-10-19,2026-05-01
0.297,SUSPECTED,SUPPORTING,0.686,NONE,NORMAL,TRAIN,True,CRIMINAL,ACTIVE,2026-05-07,2026-09-09
0.442,SUSPECTED,SUPPORTING,0.717,CRIMINAL_ANOMALY,NORMAL,VALIDATION,True,LEGITIMATE,ACTIVE,2026-04-17,2026-09-23
0.369,CONFIRMED,SUPPORTING,0.98,LEGITIMATE_ANOMALY,NORMAL,TRAIN,True,MIXED,ACTIVE,2026-05-20,2026-09-11
0.488,UNKNOWN,NEUTRAL,0.516,NONE,NORMAL,TRAIN,True,MIXED,ACTIVE,2026-03-29,2026-06-30
0.514,SUSPECTED,SUPPORTING,0.845,NONE,NORMAL,TRAIN,True,CRIMINAL,ACTIVE,2026-05-01,2026-11-14
0.406,UNKNOWN,NEUTRAL,0.226,NONE,NORMAL,TEST,True,AMBIGUOUS,ACTIVE,2026-03-19,2026-07-24
0.614,FALSE,CONTRADICTING,0.266,NONE,NORMAL,VALIDATION,True,LEGITIMATE,ACTIVE,2026-06-19,2026-08-17
0.841,SUSPECTED,SUPPORTING,0.772,NONE,NORMAL,TEST,True,AMBIGUOUS,ACTIVE,2026-02-14,2026-06-18
0.332,CONFIRMED,SUPPORTING,0.883,NONE,NORMAL,TEST,True,AMBIGUOUS,ACTIVE,2026-03-08,2026-05-21
0.26,SUSPECTED,SUPPORTING,0.809,CRIMINAL_ANOMALY,REVERSED_RECORD,TRAIN,True,MIXED,ACTIVE,2025-12-15,2026-04-23
0.569,FALSE,CONTRADICTING,0.311,NONE,DUPLICATE,VALIDATION,True,LEGITIMATE,ACTIVE,2025-12-26,2026-05-07
0.166,CONFIRMED,SUPPORTING,0.987,CONTEXTUAL_ANOMALY,NORMAL,TRAIN,True,CRIMINAL,ACTIVE,2026-04-06,2026-07-03
0.586,UNKNOWN,NEUTRAL,0.324,CRIMINAL_ANOMALY,NORMAL,VALIDATION,True,LEGITIMATE,ACTIVE,2025-11-12,2026-04-14
0.397,UNKNOWN,NEUTRAL,0.487,LEGITIMATE_ANOMALY,NORMAL,TRAIN,True,MIXED,ACTIVE,2026-06-30,2026-10-03
0.647,UNKNOWN,NEUTRAL,0.319,NONE,NORMAL,VALIDATION,True,LEGITIMATE,ACTIVE,2026-04-08,2026-10-21
0.654,FALSE,CONTRADICTING,0.152,COLLECTIVE_ANOMALY,NORMAL,TRAIN,True,CRIMINAL,ACTIVE,2025-12-18,2026-06-04
0.478,SUSPECTED,SUPPORTING,0.585,LEGITIMATE_ANOMALY,NORMAL,VALIDATION,True,LEGITIMATE,ACTIVE,2026-06-09,2026-11-05
0.639,SUSPECTED,SUPPORTING,0.856,NONE,NORMAL,TEST,True,AMBIGUOUS,ACTIVE,2026-04-25,2026-08-18
0.304,SUSPECTED,SUPPORTING,0.747,NONE,NORMAL,TRAIN,True,CRIMINAL,ACTIVE,2026-03-11,2026-07-07
0.072,CONFIRMED,SUPPORTING,0.958,NONE,NORMAL,TRAIN,True,CRIMINAL,ACTIVE,2026-02-25,2026-06-22
0.22,SUSPECTED,SUPPORTING,0.755,NONE,NORMAL,TRAIN,True,CRIMINAL,ACTIVE,2026-01-25,2026-05-16
0.347,UNKNOWN,NEUTRAL,0.42,NONE,NORMAL,TRAIN,True,CRIMINAL,ACTIVE,2025-12-27,2026-03-20
0.712,UNKNOWN,NEUTRAL,0.523,CRIMINAL_ANOMALY,NORMAL,TRAIN,True,CRIMINAL,ACTIVE,2026-05-16,2026-09-13
0.821,SUSPECTED,SUPPORTING,0.821,NONE,NORMAL,TRAIN,True,CRIMINAL,ACTIVE,2026-05-06,2026-07-30
0.606,CONFIRMED,SUPPORTING,0.916,NONE,NORMAL,TRAIN,True,MIXED,ACTIVE,2026-05-12,2026-08-02
0.638,UNKNOWN,NEUTRAL,0.228,NONE,NORMAL,TRAIN,True,CRIMINAL,ACTIVE,2026-03-19,2026-06-23
0.272,SUSPECTED,SUPPORTING,0.837,NONE,NORMAL,TEST,True,AMBIGUOUS,ACTIVE,2026-04-15,2026-07-21
0.89,SUSPECTED,SUPPORTING,0.697,NONE,NORMAL,VALIDATION,True,LEGITIMATE,ACTIVE,2026-06-08,2026-09-21
0.493,CONFIRMED,SUPPORTING,0.947,NONE,NORMAL,TRAIN,True,MIXED,ACTIVE,2026-04-09,2026-08-02
0.443,CONFIRMED,SUPPORTING,0.984,NONE,NORMAL,TRAIN,True,LEGITIMATE,ACTIVE,2026-05-29,2026-10-09
0.344,SUSPECTED,SUPPORTING,0.786,NONE,NORMAL,TRAIN,True,MIXED,ACTIVE,2026-01-30,2026-06-04
0.56,CONFIRMED,SUPPORTING,0.986,NONE,NORMAL,TRAIN,True,CRIMINAL,ACTIVE,2026-01-20,2026-05-01
0.031,SUSPECTED,SUPPORTING,0.816,TEMPORAL_ANOMALY,NORMAL,TRAIN,True,MIXED,ACTIVE,2026-05-04,2026-10-17
0.406,SUSPECTED,SUPPORTING,0.651,NONE,FORMATTING_VARIATION,TRAIN,True,CRIMINAL,ACTIVE,2026-02-27,2026-04-18
0.384,FALSE,CONTRADICTING,0.231,NONE,NORMAL,TRAIN,True,CRIMINAL,ACTIVE,2026-01-23,2026-07-13
0.394,CONFIRMED,SUPPORTING,0.885,NONE,NORMAL,TRAIN,True,MIXED,ACTIVE,2025-12-02,2026-04-21
0.625,SUSPECTED,SUPPORTING,0.675,NONE,NORMAL,TEST,True,AMBIGUOUS,ACTIVE,2026-04-03,2026-06-30
0.611,SUSPECTED,SUPPORTING,0.747,NONE,NORMAL,TRAIN,True,LEGITIMATE,ACTIVE,2026-01-02,2026-07-15
0.506,SUSPECTED,SUPPORTING,0.696,NONE,NORMAL,VALIDATION,True,LEGITIMATE,ACTIVE,2026-01-18,2026-03-28
0.118,CONFIRMED,SUPPORTING,0.942,NONE,NORMAL,TRAIN,True,CRIMINAL,ACTIVE,2026-01-13,2026-05-04
0.446,SUSPECTED,SUPPORTING,0.657,NONE,NORMAL,TRAIN,True,CRIMINAL,ACTIVE,2026-03-25,2026-07-28
0.125,CONFIRMED,SUPPORTING,0.866,CRIMINAL_ANOMALY,NORMAL,TRAIN,True,CRIMINAL,ACTIVE,2026-03-22,2026-08-02
0.486,CONFIRMED,SUPPORTING,0.863,NONE,NORMAL,TRAIN,True,CRIMINAL,ACTIVE,2026-04-23,2026-08-07
0.594,SUSPECTED,SUPPORTING,0.83,NONE,NORMAL,TRAIN,True,CRIMINAL,ACTIVE,2025-12-07,2026-04-03
0.076,SUSPECTED,SUPPORTING,0.824,NONE,NORMAL,VALIDATION,True,LEGITIMATE,ACTIVE,2026-03-09,2026-05-28
0.424,SUSPECTED,SUPPORTING,0.643,NONE,NORMAL,TRAIN,True,CRIMINAL,ACTIVE,2026-05-24,2026-09-18
0.848,SUSPECTED,SUPPORTING,0.853,NONE,NORMAL,TRAIN,True,CRIMINAL,ACTIVE,2025-10-05,2026-03-28
0.565,SUSPECTED,SUPPORTING,0.733,NONE,NORMAL,TEST,True,AMBIGUOUS,ACTIVE,2025-10-26,2026-04-10
0.278,SUSPECTED,SUPPORTING,0.745,NONE,NORMAL,TRAIN,True,MIXED,ACTIVE,2026-05-12,2026-08-18
0.493,FALSE,CONTRADICTING,0.12,NONE,NORMAL,TEST,True,AMBIGUOUS,ACTIVE,2026-05-05,2026-08-20
0.116,CONFIRMED,SUPPORTING,0.938,CRIMINAL_ANOMALY,NORMAL,TRAIN,True,CRIMINAL,ACTIVE,2026-04-17,2026-09-06
0.524,FALSE,CONTRADICTING,0.144,NONE,NORMAL,TRAIN,True,LEGITIMATE,ACTIVE,2026-05-31,2026-07-01
0.28,SUSPECTED,SUPPORTING,0.73,NONE,NORMAL,TRAIN,True,MIXED,ACTIVE,2025-12-23,2026-04-12
0.43,CONFIRMED,SUPPORTING,0.832,NONE,NORMAL,TRAIN,True,CRIMINAL,ACTIVE,2026-07-02,2026-08-24
0.718,CONFIRMED,SUPPORTING,0.83,CONTEXTUAL_ANOMALY,NORMAL,TRAIN,True,CRIMINAL,ACTIVE,2026-03-13,2026-06-02
0.446,SUSPECTED,SUPPORTING,0.853,NONE,NORMAL,TRAIN,True,CRIMINAL,ACTIVE,2026-06-13,2026-08-06
0.285,UNKNOWN,NEUTRAL,0.457,TEMPORAL_ANOMALY,NORMAL,TEST,True,AMBIGUOUS,ACTIVE,2026-04-11,2026-05-22
0.171,FALSE,CONTRADICTING,0.26,NONE,NORMAL,TRAIN,True,CRIMINAL,ACTIVE,2026-03-20,2026-05-05
0.357,UNKNOWN,NEUTRAL,0.342,NONE,NORMAL,TRAIN,True,LEGITIMATE,ACTIVE,2026-01-30,2026-05-18
0.932,SUSPECTED,SUPPORTING,0.822,NONE,NORMAL,TRAIN,True,MIXED,ACTIVE,2026-04-29,2026-07-15
0.079,FALSE,CONTRADICTING,0.184,NONE,NORMAL,TRAIN,True,MIXED,ACTIVE,2026-04-11,2026-09-19
0.571,FALSE,CONTRADICTING,0.241,CRIMINAL_ANOMALY,NORMAL,TRAIN,True,CRIMINAL,ACTIVE,2026-03-06,2026-07-18
0.566,SUSPECTED,SUPPORTING,0.665,LEGITIMATE_ANOMALY,NORMAL,VALIDATION,True,LEGITIMATE,ACTIVE,2026-04-19,2026-09-01
0.2,UNKNOWN,NEUTRAL,0.332,NONE,NORMAL,TRAIN,True,CRIMINAL,ACTIVE,2025-09-13,2026-02-18
0.751,CONFIRMED,SUPPORTING,0.868,NONE,NORMAL,TRAIN,True,CRIMINAL,ACTIVE,2026-04-28,2026-07-30
0.468,CONFIRMED,SUPPORTING,0.954,NONE,FORMATTING_VARIATION,TRAIN,True,CRIMINAL,ACTIVE,2026-01-06,2026-06-01
0.608,CONFIRMED,SUPPORTING,0.832,NONE,NORMAL,TRAIN,True,MIXED,ACTIVE,2026-05-15,2026-07-22
0.415,FALSE,CONTRADICTING,0.168,NONE,NORMAL,VALIDATION,True,LEGITIMATE,ACTIVE,2026-02-02,2026-05-20
0.658,CONFIRMED,SUPPORTING,0.94,NONE,NORMAL,TRAIN,True,MIXED,ACTIVE,2026-07-28,2026-09-06
0.338,CONFIRMED,SUPPORTING,0.903,NONE,NORMAL,TRAIN,True,CRIMINAL,ACTIVE,2026-01-30,2026-05-12
0.308,UNKNOWN,NEUTRAL,0.327,LEGITIMATE_ANOMALY,REVERSED_RECORD,TRAIN,True,MIXED,ACTIVE,2026-01-11,2026-03-07
0.49,SUSPECTED,SUPPORTING,0.74,NONE,NORMAL,TRAIN,True,LEGITIMATE,ACTIVE,2026-05-18,2026-07-21
0.112,UNKNOWN,NEUTRAL,0.457,NONE,NORMAL,TRAIN,True,MIXED,ACTIVE,2026-04-04,2026-09-04
0.216,CONFIRMED,SUPPORTING,0.951,NONE,NORMAL,TRAIN,True,CRIMINAL,ACTIVE,2025-10-18,2026-04-24
0.547,SUSPECTED,SUPPORTING,0.633,NONE,NORMAL,TRAIN,True,CRIMINAL,ACTIVE,2025-12-25,2026-04-13
0.509,UNKNOWN,NEUTRAL,0.224,NONE,NORMAL,TRAIN,True,MIXED,ACTIVE,2025-12-19,2026-04-30
0.407,UNKNOWN,NEUTRAL,0.539,NONE,MISSING_COUNTERPARTY,TRAIN,True,CRIMINAL,ACTIVE,2026-02-07,2026-05-25
0.175,SUSPECTED,SUPPORTING,0.602,NONE,NORMAL,TRAIN,True,CRIMINAL,ACTIVE,2025-12-25,2026-04-12
0.424,SUSPECTED,SUPPORTING,0.664,NONE,NORMAL,VALIDATION,True,LEGITIMATE,ACTIVE,2025-12-06,2026-03-17
0.463,SUSPECTED,SUPPORTING,0.805,NONE,NORMAL,TEST,True,AMBIGUOUS,ACTIVE,2026-02-26,2026-04-20
0.3,CONFIRMED,SUPPORTING,0.921,CONTEXTUAL_ANOMALY,FORMATTING_VARIATION,TRAIN,True,CRIMINAL,ACTIVE,2025-11-04,2026-02-22
0.556,SUSPECTED,SUPPORTING,0.857,NONE,NORMAL,TRAIN,True,MIXED,ACTIVE,2026-03-19,2026-09-16
0.706,UNKNOWN,NEUTRAL,0.518,LEGITIMATE_ANOMALY,NORMAL,TRAIN,True,MIXED,ACTIVE,2026-06-06,2026-09-04
0.296,CONFIRMED,SUPPORTING,0.899,NONE,NORMAL,VALIDATION,True,LEGITIMATE,ACTIVE,2025-12-25,2026-06-26
0.693,UNKNOWN,NEUTRAL,0.31,NONE,NORMAL,VALIDATION,True,LEGITIMATE,ACTIVE,2026-03-25,2026-05-04
0.46,FALSE,CONTRADICTING,0.322,NONE,NORMAL,TRAIN,True,CRIMINAL,ACTIVE,2026-01-01,2026-03-21
0.413,CONFIRMED,SUPPORTING,0.848,NONE,NORMAL,TRAIN,True,LEGITIMATE,ACTIVE,2025-11-16,2026-02-19
0.393,SUSPECTED,SUPPORTING,0.705,NONE,NORMAL,TRAIN,True,CRIMINAL,ACTIVE,2026-07-19,2026-09-04
0.676,SUSPECTED,SUPPORTING,0.82,NONE,NORMAL,TRAIN,True,CRIMINAL,ACTIVE,2026-01-31,2026-03-31
0.149,FALSE,CONTRADICTING,0.261,NONE,NORMAL,TRAIN,True,MIXED,ACTIVE,2026-01-22,2026-04-22
0.33,FALSE,CONTRADICTING,0.263,NONE,NORMAL,TRAIN,True,MIXED,ACTIVE,2026-02-21,2026-04-17
0.22,FALSE,CONTRADICTING,0.411,LEGITIMATE_ANOMALY,NORMAL,TEST,True,AMBIGUOUS,ACTIVE,2026-05-26,2026-08-17
0.708,CONFIRMED,SUPPORTING,0.951,NONE,REVERSED_RECORD,TRAIN,True,MIXED,ACTIVE,2026-04-26,2026-07-20
0.318,SUSPECTED,SUPPORTING,0.62,NONE,NORMAL,TRAIN,True,CRIMINAL,ACTIVE,2025-12-23,2026-06-08
0.407,CONFIRMED,SUPPORTING,0.867,NONE,NORMAL,TRAIN,True,MIXED,ACTIVE,2026-07-30,2026-10-03
0.53,UNKNOWN,NEUTRAL,0.237,NONE,NORMAL,TEST,True,AMBIGUOUS,ACTIVE,2025-12-28,2026-05-18
0.407,SUSPECTED,SUPPORTING,0.595,NONE,NORMAL,VALIDATION,True,LEGITIMATE,ACTIVE,2026-01-26,2026-07-19
0.586,CONFIRMED,SUPPORTING,0.944,NONE,NORMAL,VALIDATION,True,LEGITIMATE,ACTIVE,2026-03-13,2026-04-15
0.186,FALSE,CONTRADICTING,0.158,CONTEXTUAL_ANOMALY,NORMAL,TRAIN,True,MIXED,ACTIVE,2026-02-05,2026-07-23
0.69,CONFIRMED,SUPPORTING,0.853,NONE,NORMAL,TRAIN,True,MIXED,ACTIVE,2026-05-14,2026-09-06
0.631,FALSE,CONTRADICTING,0.403,NONE,NORMAL,VALIDATION,True,LEGITIMATE,ACTIVE,2026-02-23,2026-09-12
0.231,SUSPECTED,SUPPORTING,0.74,NONE,NORMAL,TRAIN,True,CRIMINAL,ACTIVE,2026-01-05,2026-04-29
0.617,UNKNOWN,NEUTRAL,0.301,NONE,NORMAL,VALIDATION,True,LEGITIMATE,ACTIVE,2026-06-26,2026-09-19
0.314,CONFIRMED,SUPPORTING,0.867,NONE,NORMAL,TRAIN,True,CRIMINAL,ACTIVE,2025-12-03,2026-04-25
0.336,SUSPECTED,SUPPORTING,0.599,NONE,NORMAL,TRAIN,True,CRIMINAL,ACTIVE,2026-02-11,2026-05-09
0.52,CONFIRMED,SUPPORTING,0.981,COLLECTIVE_ANOMALY,NORMAL,TRAIN,True,CRIMINAL,ACTIVE,2025-11-23,2026-03-31
0.325,FALSE,CONTRADICTING,0.257,NONE,NORMAL,TRAIN,True,CRIMINAL,ACTIVE,2026-03-13,2026-07-23
0.647,SUSPECTED,SUPPORTING,0.641,NONE,NORMAL,TRAIN,True,MIXED,ACTIVE,2026-03-14,2026-07-24
0.313,UNKNOWN,NEUTRAL,0.503,NONE,NORMAL,VALIDATION,True,LEGITIMATE,ACTIVE,2026-03-15,2026-06-28
0.396,UNKNOWN,NEUTRAL,0.335,CRIMINAL_ANOMALY,MISSING_COUNTERPARTY,TRAIN,True,MIXED,ACTIVE,2026-02-28,2026-07-13
0.47,SUSPECTED,SUPPORTING,0.665,NONE,NORMAL,TRAIN,True,CRIMINAL,ACTIVE,2026-06-28,2026-11-09
0.404,UNKNOWN,NEUTRAL,0.205,LEGITIMATE_ANOMALY,NORMAL,TRAIN,True,LEGITIMATE,ACTIVE,2026-02-10,2026-05-22
0.194,CONFIRMED,SUPPORTING,0.894,NONE,NORMAL,TRAIN,True,MIXED,ACTIVE,2026-06-25,2026-08-21
0.079,SUSPECTED,SUPPORTING,0.72,NONE,NORMAL,TRAIN,True,CRIMINAL,ACTIVE,2025-12-16,2026-05-03
0.163,SUSPECTED,SUPPORTING,0.716,NONE,NORMAL,VALIDATION,True,LEGITIMATE,ACTIVE,2026-05-31,2026-08-28
0.364,CONFIRMED,SUPPORTING,0.982,LEGITIMATE_ANOMALY,NORMAL,TRAIN,True,CRIMINAL,ACTIVE,2026-02-04,2026-05-24
0.972,FALSE,CONTRADICTING,0.145,NONE,FORMATTING_VARIATION,TEST,True,AMBIGUOUS,ACTIVE,2026-01-25,2026-05-30
0.882,SUSPECTED,SUPPORTING,0.69,NONE,NORMAL,TRAIN,True,MIXED,ACTIVE,2026-01-25,2026-07-12
0.654,UNKNOWN,NEUTRAL,0.538,CRIMINAL_ANOMALY,NORMAL,TRAIN,True,MIXED,ACTIVE,2026-02-13,2026-06-17
0.176,CONFIRMED,SUPPORTING,0.928,LEGITIMATE_ANOMALY,NORMAL,TRAIN,True,CRIMINAL,ACTIVE,2026-02-27,2026-05-14
0.593,CONFIRMED,SUPPORTING,0.825,NONE,NORMAL,VALIDATION,True,LEGITIMATE,ACTIVE,2026-03-25,2026-06-11
0.36,CONFIRMED,SUPPORTING,0.987,NONE,NORMAL,TRAIN,True,CRIMINAL,ACTIVE,2026-05-26,2026-10-05
0.121,UNKNOWN,NEUTRAL,0.405,NONE,NORMAL,TRAIN,True,CRIMINAL,ACTIVE,2026-04-02,2026-09-14
0.416,UNKNOWN,NEUTRAL,0.331,NONE,NORMAL,TRAIN,True,CRIMINAL,ACTIVE,2026-01-15,2026-03-20
0.279,SUSPECTED,SUPPORTING,0.838,NONE,FORMATTING_VARIATION,TRAIN,True,MIXED,ACTIVE,2025-10-24,2026-02-16
0.243,CONFIRMED,SUPPORTING,0.963,NONE,NORMAL,TRAIN,True,CRIMINAL,ACTIVE,2026-05-25,2026-11-04
0.577,SUSPECTED,SUPPORTING,0.759,NONE,NORMAL,TRAIN,True,CRIMINAL,ACTIVE,2025-10-21,2026-04-03
0.536,SUSPECTED,SUPPORTING,0.63,NONE,NORMAL,TRAIN,True,MIXED,ACTIVE,2026-05-04,2026-06-27
0.678,CONFIRMED,SUPPORTING,0.942,NONE,NORMAL,TRAIN,True,CRIMINAL,ACTIVE,2025-12-28,2026-03-27
0.252,UNKNOWN,NEUTRAL,0.362,NONE,NORMAL,VALIDATION,True,LEGITIMATE,ACTIVE,2025-10-21,2026-02-07
0.155,UNKNOWN,NEUTRAL,0.492,NONE,NORMAL,TRAIN,True,CRIMINAL,ACTIVE,2026-02-12,2026-05-22
0.301,FALSE,CONTRADICTING,0.378,NONE,NORMAL,TRAIN,True,CRIMINAL,ACTIVE,2025-11-30,2026-06-23
0.716,SUSPECTED,SUPPORTING,0.688,NONE,NORMAL,TEST,True,AMBIGUOUS,ACTIVE,2026-05-05,2026-09-11
0.275,UNKNOWN,NEUTRAL,0.52,NONE,NORMAL,TRAIN,True,CRIMINAL,ACTIVE,2025-10-01,2026-02-27
0.146,CONFIRMED,SUPPORTING,0.92,NONE,NORMAL,TRAIN,True,CRIMINAL,ACTIVE,2026-07-04,2026-10-12
0.57,CONFIRMED,SUPPORTING,0.826,NONE,NORMAL,TRAIN,True,MIXED,ACTIVE,2026-03-17,2026-06-30
0.154,FALSE,CONTRADICTING,0.278,NONE,NORMAL,TRAIN,True,CRIMINAL,ACTIVE,2026-01-02,2026-06-19
0.598,FALSE,CONTRADICTING,0.193,NONE,NORMAL,TRAIN,True,LEGITIMATE,ACTIVE,2025-10-02,2026-02-14
0.429,CONFIRMED,SUPPORTING,0.878,NONE,NORMAL,TRAIN,True,CRIMINAL,ACTIVE,2026-03-14,2026-06-19
0.275,SUSPECTED,SUPPORTING,0.68,NONE,NORMAL,TRAIN,True,MIXED,ACTIVE,2026-02-01,2026-05-19
0.492,UNKNOWN,NEUTRAL,0.385,NONE,NORMAL,TRAIN,True,LEGITIMATE,ACTIVE,2026-05-04,2026-09-13
0.471,SUSPECTED,SUPPORTING,0.843,NONE,NORMAL,TRAIN,True,CRIMINAL,ACTIVE,2026-03-23,2026-06-01
0.159,CONFIRMED,SUPPORTING,0.922,NONE,NORMAL,TRAIN,True,CRIMINAL,ACTIVE,2026-03-29,2026-05-17
0.624,CONFIRMED,SUPPORTING,0.99,CONTEXTUAL_ANOMALY,NORMAL,TRAIN,True,CRIMINAL,ACTIVE,2026-02-02,2026-06-26
0.639,UNKNOWN,NEUTRAL,0.54,NONE,NORMAL,TRAIN,True,MIXED,ACTIVE,2025-11-18,2026-05-13
0.521,FALSE,CONTRADICTING,0.389,COLLECTIVE_ANOMALY,NORMAL,VALIDATION,True,LEGITIMATE,ACTIVE,2026-03-21,2026-08-25
0.064,CONFIRMED,SUPPORTING,0.945,NONE,NORMAL,TRAIN,True,CRIMINAL,ACTIVE,2025-12-27,2026-03-15
0.382,SUSPECTED,SUPPORTING,0.66,NONE,NORMAL,TRAIN,True,CRIMINAL,ACTIVE,2026-06-16,2026-09-27
0.429,CONFIRMED,SUPPORTING,0.914,NONE,NORMAL,TRAIN,True,CRIMINAL,ACTIVE,2025-11-09,2026-04-07
0.263,SUSPECTED,SUPPORTING,0.726,CRIMINAL_ANOMALY,NORMAL,TRAIN,True,MIXED,ACTIVE,2025-11-07,2026-04-01
0.651,SUSPECTED,SUPPORTING,0.798,NONE,NORMAL,TRAIN,True,CRIMINAL,ACTIVE,2025-12-07,2026-05-02
0.299,UNKNOWN,NEUTRAL,0.235,NONE,NORMAL,TEST,True,AMBIGUOUS,ACTIVE,2025-12-28,2026-03-29
0.491,SUSPECTED,SUPPORTING,0.845,NONE,NORMAL,TRAIN,True,LEGITIMATE,ACTIVE,2026-01-06,2026-07-02
0.35,SUSPECTED,SUPPORTING,0.581,NONE,NORMAL,TRAIN,True,CRIMINAL,ACTIVE,2026-01-30,2026-06-12
0.684,SUSPECTED,SUPPORTING,0.843,LEGITIMATE_ANOMALY,NORMAL,TRAIN,True,CRIMINAL,ACTIVE,2025-12-25,2026-04-18
0.619,CONFIRMED,SUPPORTING,0.905,NONE,NORMAL,TRAIN,True,CRIMINAL,ACTIVE,2026-02-10,2026-05-20
0.378,SUSPECTED,SUPPORTING,0.798,NONE,NORMAL,TRAIN,True,CRIMINAL,ACTIVE,2026-05-14,2026-09-25
0.591,SUSPECTED,SUPPORTING,0.745,CRIMINAL_ANOMALY,NORMAL,TRAIN,True,CRIMINAL,ACTIVE,2026-03-12,2026-07-12
0.496,FALSE,CONTRADICTING,0.383,NONE,NORMAL,TEST,True,AMBIGUOUS,ACTIVE,2025-11-11,2026-04-21
0.579,SUSPECTED,SUPPORTING,0.61,NONE,NORMAL,TEST,True,AMBIGUOUS,ACTIVE,2025-12-24,2026-06-02
0.34,FALSE,CONTRADICTING,0.402,CONTEXTUAL_ANOMALY,NORMAL,TRAIN,True,MIXED,ACTIVE,2026-01-22,2026-04-05
0.302,SUSPECTED,SUPPORTING,0.648,NONE,NORMAL,TRAIN,True,CRIMINAL,ACTIVE,2025-11-01,2026-02-07
0.783,FALSE,CONTRADICTING,0.259,COLLECTIVE_ANOMALY,NORMAL,VALIDATION,True,LEGITIMATE,ACTIVE,2026-04-30,2026-06-20
0.536,SUSPECTED,SUPPORTING,0.65,LEGITIMATE_ANOMALY,NORMAL,TRAIN,True,CRIMINAL,ACTIVE,2026-01-11,2026-05-22
0.745,CONFIRMED,SUPPORTING,0.837,NONE,NORMAL,TRAIN,True,CRIMINAL,ACTIVE,2026-05-15,2026-08-06
0.163,CONFIRMED,SUPPORTING,0.823,NONE,NORMAL,VALIDATION,True,LEGITIMATE,ACTIVE,2026-02-25,2026-07-21
0.399,SUSPECTED,SUPPORTING,0.772,NONE,NORMAL,TEST,True,AMBIGUOUS,ACTIVE,2026-02-08,2026-05-11
0.516,SUSPECTED,SUPPORTING,0.805,NONE,NORMAL,TEST,True,AMBIGUOUS,ACTIVE,2026-03-11,2026-09-28
0.655,CONFIRMED,SUPPORTING,0.983,NONE,NORMAL,TRAIN,True,CRIMINAL,ACTIVE,2025-11-29,2026-04-04
0.567,FALSE,CONTRADICTING,0.295,NONE,NORMAL,TRAIN,True,LEGITIMATE,ACTIVE,2026-02-21,2026-04-20
0.06,CONFIRMED,SUPPORTING,0.958,NONE,FORMATTING_VARIATION,TRAIN,True,MIXED,ACTIVE,2026-04-18,2026-08-01
0.3,CONFIRMED,SUPPORTING,0.847,NONE,NORMAL,TRAIN,True,CRIMINAL,ACTIVE,2026-03-13,2026-06-11
0.256,UNKNOWN,NEUTRAL,0.312,NONE,NORMAL,TRAIN,True,CRIMINAL,ACTIVE,2026-02-01,2026-06-20
0.381,UNKNOWN,NEUTRAL,0.462,COLLECTIVE_ANOMALY,NORMAL,TRAIN,True,MIXED,ACTIVE,2026-04-13,2026-08-20
0.548,FALSE,CONTRADICTING,0.277,NONE,NORMAL,TRAIN,True,MIXED,ACTIVE,2025-11-28,2026-05-07
0.488,UNKNOWN,NEUTRAL,0.241,CRIMINAL_ANOMALY,NORMAL,TEST,True,AMBIGUOUS,ACTIVE,2026-04-29,2026-10-26
0.221,UNKNOWN,NEUTRAL,0.447,NONE,NORMAL,TRAIN,True,CRIMINAL,ACTIVE,2026-02-05,2026-04-25
0.403,SUSPECTED,SUPPORTING,0.6,NONE,NORMAL,VALIDATION,True,LEGITIMATE,ACTIVE,2025-12-08,2026-03-31
0.539,CONFIRMED,SUPPORTING,0.874,NONE,NORMAL,TRAIN,True,CRIMINAL,ACTIVE,2026-05-16,2026-10-30
0.308,UNKNOWN,NEUTRAL,0.392,CRIMINAL_ANOMALY,NORMAL,TEST,True,AMBIGUOUS,ACTIVE,2026-03-02,2026-07-15
0.188,CONFIRMED,SUPPORTING,0.832,NONE,NORMAL,TRAIN,True,MIXED,ACTIVE,2025-10-06,2026-03-23
0.559,SUSPECTED,SUPPORTING,0.704,NONE,NORMAL,TEST,True,AMBIGUOUS,ACTIVE,2026-05-19,2026-08-11
0.138,CONFIRMED,SUPPORTING,0.927,NONE,NORMAL,VALIDATION,True,LEGITIMATE,ACTIVE,2026-05-04,2026-07-29
0.337,FALSE,CONTRADICTING,0.298,COLLECTIVE_ANOMALY,NORMAL,VALIDATION,True,LEGITIMATE,ACTIVE,2026-01-21,2026-05-05
0.363,CONFIRMED,SUPPORTING,0.914,NONE,NORMAL,TRAIN,True,CRIMINAL,ACTIVE,2026-02-06,2026-05-17
0.874,CONFIRMED,SUPPORTING,0.965,CONTEXTUAL_ANOMALY,NORMAL,TRAIN,True,MIXED,ACTIVE,2025-11-06,2026-04-07
0.218,CONFIRMED,SUPPORTING,0.99,NONE,NORMAL,TRAIN,True,CRIMINAL,ACTIVE,2026-07-22,2026-10-12
0.825,SUSPECTED,SUPPORTING,0.704,NONE,MISSING_COUNTERPARTY,TRAIN,True,CRIMINAL,ACTIVE,2025-12-20,2026-03-16
0.134,CONFIRMED,SUPPORTING,0.85,NONE,NORMAL,TRAIN,True,MIXED,ACTIVE,2026-04-12,2026-06-27
0.524,FALSE,CONTRADICTING,0.289,NONE,NORMAL,VALIDATION,True,LEGITIMATE,ACTIVE,2025-12-14,2026-06-01
0.319,FALSE,CONTRADICTING,0.23,NONE,NORMAL,TRAIN,True,MIXED,ACTIVE,2026-02-05,2026-06-27
0.544,CONFIRMED,SUPPORTING,0.937,NONE,NORMAL,TRAIN,True,CRIMINAL,ACTIVE,2026-03-16,2026-06-09
0.506,FALSE,CONTRADICTING,0.219,NONE,NORMAL,TEST,True,AMBIGUOUS,ACTIVE,2025-12-15,2026-04-29
0.461,SUSPECTED,SUPPORTING,0.616,NONE,NORMAL,TEST,True,AMBIGUOUS,ACTIVE,2026-03-14,2026-07-06
0.297,UNKNOWN,NEUTRAL,0.506,NONE,FORMATTING_VARIATION,TRAIN,True,CRIMINAL,ACTIVE,2026-01-16,2026-06-02
0.569,UNKNOWN,NEUTRAL,0.371,NONE,NORMAL,TRAIN,True,CRIMINAL,ACTIVE,2026-02-23,2026-07-10
0.222,CONFIRMED,SUPPORTING,0.934,NONE,NORMAL,TRAIN,True,MIXED,ACTIVE,2026-01-14,2026-04-26
0.309,UNKNOWN,NEUTRAL,0.273,TEMPORAL_ANOMALY,NORMAL,TRAIN,True,MIXED,ACTIVE,2026-05-16,2026-09-23
0.766,UNKNOWN,NEUTRAL,0.409,NONE,NORMAL,TRAIN,True,CRIMINAL,ACTIVE,2026-02-16,2026-04-24
0.098,UNKNOWN,NEUTRAL,0.212,NONE,NORMAL,TRAIN,True,MIXED,ACTIVE,2026-04-09,2026-07-27
0.416,CONFIRMED,SUPPORTING,0.859,TEMPORAL_ANOMALY,NORMAL,TRAIN,True,MIXED,ACTIVE,2025-12-31,2026-03-04
0.55,SUSPECTED,SUPPORTING,0.628,NONE,NORMAL,TEST,True,AMBIGUOUS,ACTIVE,2025-12-08,2026-05-07
0.093,SUSPECTED,SUPPORTING,0.656,COLLECTIVE_ANOMALY,NORMAL,TEST,True,AMBIGUOUS,ACTIVE,2026-05-16,2026-08-13
0.537,UNKNOWN,NEUTRAL,0.376,NONE,NORMAL,TRAIN,True,CRIMINAL,ACTIVE,2025-12-29,2026-04-03
0.481,SUSPECTED,SUPPORTING,0.726,TEMPORAL_ANOMALY,DUPLICATE,TRAIN,True,MIXED,ACTIVE,2026-05-09,2026-10-30
0.22,FALSE,CONTRADICTING,0.307,COLLECTIVE_ANOMALY,NORMAL,TRAIN,True,LEGITIMATE,ACTIVE,2026-02-23,2026-07-24
0.585,SUSPECTED,SUPPORTING,0.762,NONE,NORMAL,TRAIN,True,CRIMINAL,ACTIVE,2025-12-27,2026-05-30
0.787,CONFIRMED,SUPPORTING,0.973,NONE,NORMAL,TRAIN,True,CRIMINAL,ACTIVE,2026-03-23,2026-08-03
0.478,CONFIRMED,SUPPORTING,0.947,TEMPORAL_ANOMALY,NORMAL,TRAIN,True,CRIMINAL,ACTIVE,2026-03-27,2026-07-12
0.675,UNKNOWN,NEUTRAL,0.283,NONE,NORMAL,TEST,True,AMBIGUOUS,ACTIVE,2026-05-06,2026-09-30
0.155,SUSPECTED,SUPPORTING,0.698,NONE,NORMAL,TRAIN,True,CRIMINAL,ACTIVE,2026-05-18,2026-09-08
0.548,SUSPECTED,SUPPORTING,0.659,CRIMINAL_ANOMALY,NORMAL,TRAIN,True,MIXED,ACTIVE,2026-03-29,2026-07-26
0.646,UNKNOWN,NEUTRAL,0.216,LEGITIMATE_ANOMALY,NORMAL,VALIDATION,True,LEGITIMATE,ACTIVE,2026-04-14,2026-07-10
0.61,CONFIRMED,SUPPORTING,0.98,NONE,NORMAL,TRAIN,True,CRIMINAL,ACTIVE,2026-03-30,2026-08-11
0.335,SUSPECTED,SUPPORTING,0.671,NONE,NORMAL,TEST,True,AMBIGUOUS,ACTIVE,2025-12-23,2026-05-03
0.437,SUSPECTED,SUPPORTING,0.683,LEGITIMATE_ANOMALY,NORMAL,TRAIN,True,MIXED,ACTIVE,2026-03-25,2026-06-30
0.37,CONFIRMED,SUPPORTING,0.839,NONE,NORMAL,TRAIN,True,CRIMINAL,ACTIVE,2026-01-14,2026-05-20
0.422,SUSPECTED,SUPPORTING,0.748,NONE,NORMAL,TEST,True,AMBIGUOUS,ACTIVE,2026-03-29,2026-07-25
0.35,CONFIRMED,SUPPORTING,0.944,LEGITIMATE_ANOMALY,NORMAL,TEST,True,AMBIGUOUS,ACTIVE,2026-04-07,2026-08-27
0.67,FALSE,CONTRADICTING,0.217,NONE,NORMAL,TRAIN,True,CRIMINAL,ACTIVE,2026-06-08,2026-08-24
0.096,CONFIRMED,SUPPORTING,0.915,NONE,NORMAL,TRAIN,True,MIXED,ACTIVE,2025-12-15,2026-04-28
0.745,UNKNOWN,NEUTRAL,0.401,NONE,NORMAL,VALIDATION,True,LEGITIMATE,ACTIVE,2025-11-21,2026-03-07
0.172,SUSPECTED,SUPPORTING,0.716,NONE,NORMAL,TRAIN,True,MIXED,ACTIVE,2026-05-26,2026-09-12
0.443,CONFIRMED,SUPPORTING,0.928,NONE,NORMAL,TRAIN,True,CRIMINAL,ACTIVE,2026-03-19,2026-07-08
0.167,FALSE,CONTRADICTING,0.147,LEGITIMATE_ANOMALY,NORMAL,TRAIN,True,MIXED,ACTIVE,2026-02-08,2026-04-26
0.588,UNKNOWN,NEUTRAL,0.271,NONE,NORMAL,VALIDATION,True,LEGITIMATE,ACTIVE,2026-04-13,2026-08-28
0.245,UNKNOWN,NEUTRAL,0.213,NONE,NORMAL,TRAIN,True,CRIMINAL,ACTIVE,2026-02-04,2026-06-02
0.698,SUSPECTED,SUPPORTING,0.858,NONE,NORMAL,TEST,True,AMBIGUOUS,ACTIVE,2025-11-17,2026-03-04
0.593,SUSPECTED,SUPPORTING,0.63,NONE,NORMAL,TRAIN,True,MIXED,ACTIVE,2026-02-19,2026-06-18
0.566,SUSPECTED,SUPPORTING,0.739,NONE,NORMAL,TRAIN,True,CRIMINAL,ACTIVE,2026-01-25,2026-05-22
0.413,UNKNOWN,NEUTRAL,0.45,NONE,NORMAL,TRAIN,True,CRIMINAL,ACTIVE,2026-01-10,2026-04-27
0.154,SUSPECTED,SUPPORTING,0.699,NONE,NORMAL,TRAIN,True,MIXED,ACTIVE,2026-06-18,2026-09-03
0.205,SUSPECTED,SUPPORTING,0.843,LEGITIMATE_ANOMALY,REVERSED_RECORD,VALIDATION,True,LEGITIMATE,ACTIVE,2025-12-29,2026-06-02
0.277,FALSE,CONTRADICTING,0.326,NONE,NORMAL,TRAIN,True,MIXED,ACTIVE,2026-02-19,2026-05-17
0.717,UNKNOWN,NEUTRAL,0.427,NONE,NORMAL,TEST,True,AMBIGUOUS,ACTIVE,2025-11-22,2026-04-04
0.606,FALSE,CONTRADICTING,0.304,NONE,NORMAL,TRAIN,True,CRIMINAL,ACTIVE,2026-06-13,2026-09-26
0.443,UNKNOWN,NEUTRAL,0.392,CRIMINAL_ANOMALY,NORMAL,TRAIN,True,CRIMINAL,ACTIVE,2026-01-04,2026-06-22
0.341,SUSPECTED,SUPPORTING,0.74,NONE,NORMAL,VALIDATION,True,LEGITIMATE,ACTIVE,2026-05-15,2026-10-10
0.56,SUSPECTED,SUPPORTING,0.658,NONE,NORMAL,TEST,True,AMBIGUOUS,ACTIVE,2026-06-10,2026-07-29
0.491,SUSPECTED,SUPPORTING,0.773,NONE,NORMAL,TRAIN,True,MIXED,ACTIVE,2025-12-25,2026-03-19
0.649,SUSPECTED,SUPPORTING,0.605,NONE,NORMAL,TRAIN,True,CRIMINAL,ACTIVE,2026-03-14,2026-08-31
0.686,CONFIRMED,SUPPORTING,0.893,NONE,NORMAL,TRAIN,True,CRIMINAL,ACTIVE,2026-03-21,2026-07-03
0.771,FALSE,CONTRADICTING,0.122,NONE,NORMAL,TRAIN,True,LEGITIMATE,ACTIVE,2026-05-11,2026-07-31
0.897,SUSPECTED,SUPPORTING,0.848,NONE,NORMAL,TRAIN,True,CRIMINAL,ACTIVE,2025-11-26,2026-03-14
0.307,FALSE,CONTRADICTING,0.352,LEGITIMATE_ANOMALY,NORMAL,VALIDATION,True,LEGITIMATE,ACTIVE,2026-03-27,2026-08-17
0.547,CONFIRMED,SUPPORTING,0.84,COLLECTIVE_ANOMALY,NORMAL,TRAIN,True,MIXED,ACTIVE,2026-02-13,2026-05-13
0.489,CONFIRMED,SUPPORTING,0.974,NONE,NORMAL,TRAIN,True,MIXED,ACTIVE,2025-11-28,2026-04-01
0.59,FALSE,CONTRADICTING,0.234,NONE,NORMAL,TEST,True,AMBIGUOUS,ACTIVE,2026-02-05,2026-06-02
0.777,SUSPECTED,SUPPORTING,0.629,NONE,MISSING_COUNTERPARTY,TRAIN,True,CRIMINAL,ACTIVE,2025-09-11,2026-03-15
0.547,UNKNOWN,NEUTRAL,0.277,NONE,NORMAL,TRAIN,True,MIXED,ACTIVE,2025-12-04,2026-04-19
0.366,CONFIRMED,SUPPORTING,0.827,NONE,NORMAL,TRAIN,True,MIXED,ACTIVE,2026-07-04,2026-09-17
0.387,UNKNOWN,NEUTRAL,0.247,NONE,NORMAL,VALIDATION,True,LEGITIMATE,ACTIVE,2026-01-22,2026-05-31
0.33,CONFIRMED,SUPPORTING,0.946,NONE,NORMAL,TRAIN,True,CRIMINAL,ACTIVE,2026-02-24,2026-07-09
0.119,UNKNOWN,NEUTRAL,0.343,NONE,NORMAL,VALIDATION,True,LEGITIMATE,ACTIVE,2025-12-26,2026-04-02
0.14,CONFIRMED,SUPPORTING,0.864,NONE,NORMAL,TRAIN,True,CRIMINAL,ACTIVE,2026-01-04,2026-05-05
0.72,UNKNOWN,NEUTRAL,0.257,NONE,NORMAL,TRAIN,True,MIXED,ACTIVE,2026-01-17,2026-05-19
0.284,CONFIRMED,SUPPORTING,0.83,NONE,NORMAL,TEST,True,AMBIGUOUS,ACTIVE,2025-12-30,2026-04-17
0.225,CONFIRMED,SUPPORTING,0.989,NONE,NORMAL,TRAIN,True,CRIMINAL,ACTIVE,2025-12-23,2026-05-09
0.853,SUSPECTED,SUPPORTING,0.639,LEGITIMATE_ANOMALY,NORMAL,VALIDATION,True,LEGITIMATE,ACTIVE,2025-12-17,2026-03-16
0.396,UNKNOWN,NEUTRAL,0.344,TEMPORAL_ANOMALY,NORMAL,TRAIN,True,MIXED,ACTIVE,2026-05-09,2026-10-16
0.411,FALSE,CONTRADICTING,0.23,NONE,NORMAL,TRAIN,True,MIXED,ACTIVE,2025-12-10,2026-02-16
0.461,CONFIRMED,SUPPORTING,0.926,NONE,NORMAL,TRAIN,True,CRIMINAL,ACTIVE,2026-02-06,2026-05-09
0.641,CONFIRMED,SUPPORTING,0.84,NONE,NORMAL,VALIDATION,True,LEGITIMATE,ACTIVE,2025-12-07,2026-05-11
0.611,SUSPECTED,SUPPORTING,0.659,NONE,NORMAL,TRAIN,True,CRIMINAL,ACTIVE,2025-11-23,2026-05-18
0.529,FALSE,CONTRADICTING,0.356,NONE,NORMAL,TRAIN,True,LEGITIMATE,ACTIVE,2026-03-04,2026-05-18
0.474,CONFIRMED,SUPPORTING,0.895,NONE,NORMAL,TRAIN,True,CRIMINAL,ACTIVE,2026-01-20,2026-07-07
0.784,UNKNOWN,NEUTRAL,0.201,NONE,NORMAL,TRAIN,True,MIXED,ACTIVE,2025-11-06,2026-03-23
0.791,SUSPECTED,SUPPORTING,0.728,NONE,NORMAL,TRAIN,True,MIXED,ACTIVE,2026-05-19,2026-09-20
0.307,FALSE,CONTRADICTING,0.199,NONE,NORMAL,TRAIN,True,LEGITIMATE,ACTIVE,2025-12-23,2026-05-17
0.479,FALSE,CONTRADICTING,0.374,NONE,NORMAL,TRAIN,True,CRIMINAL,ACTIVE,2026-02-04,2026-03-21
0.45,UNKNOWN,NEUTRAL,0.339,NONE,NORMAL,VALIDATION,True,LEGITIMATE,ACTIVE,2026-06-22,2026-08-25
0.598,CONFIRMED,SUPPORTING,0.947,NONE,NORMAL,VALIDATION,True,LEGITIMATE,ACTIVE,2026-02-25,2026-05-20
0.524,SUSPECTED,SUPPORTING,0.601,CRIMINAL_ANOMALY,NORMAL,TRAIN,True,CRIMINAL,ACTIVE,2026-03-08,2026-05-02
0.319,UNKNOWN,NEUTRAL,0.218,NONE,NORMAL,TRAIN,True,LEGITIMATE,ACTIVE,2025-11-23,2026-04-02
0.495,SUSPECTED,SUPPORTING,0.724,NONE,NORMAL,TRAIN,True,CRIMINAL,ACTIVE,2026-04-01,2026-07-04
0.764,FALSE,CONTRADICTING,0.358,NONE,NORMAL,VALIDATION,True,LEGITIMATE,ACTIVE,2026-02-16,2026-04-04
0.43,UNKNOWN,NEUTRAL,0.369,NONE,NORMAL,VALIDATION,True,LEGITIMATE,ACTIVE,2025-10-17,2026-04-23
0.87,SUSPECTED,SUPPORTING,0.611,NONE,NORMAL,TRAIN,True,MIXED,ACTIVE,2026-01-29,2026-05-19
0.941,SUSPECTED,SUPPORTING,0.694,NONE,NORMAL,TRAIN,True,MIXED,ACTIVE,2026-02-09,2026-06-12
0.801,SUSPECTED,SUPPORTING,0.65,NONE,NORMAL,TEST,True,AMBIGUOUS,ACTIVE,2026-03-06,2026-07-30
0.167,FALSE,CONTRADICTING,0.2,NONE,REVERSED_RECORD,TRAIN,True,CRIMINAL,ACTIVE,2025-12-27,2026-03-23
0.101,SUSPECTED,SUPPORTING,0.645,NONE,NORMAL,VALIDATION,True,LEGITIMATE,ACTIVE,2026-01-09,2026-06-06
0.416,CONFIRMED,SUPPORTING,0.852,NONE,NORMAL,TRAIN,True,CRIMINAL,ACTIVE,2026-07-13,2026-08-31
0.446,FALSE,CONTRADICTING,0.323,NONE,NORMAL,TEST,True,AMBIGUOUS,ACTIVE,2026-07-07,2026-09-20
0.232,UNKNOWN,NEUTRAL,0.47,NONE,NORMAL,TRAIN,True,CRIMINAL,ACTIVE,2025-12-29,2026-04-02
0.452,SUSPECTED,SUPPORTING,0.667,NONE,NORMAL,TRAIN,True,CRIMINAL,ACTIVE,2026-03-25,2026-06-01
0.417,SUSPECTED,SUPPORTING,0.83,COLLECTIVE_ANOMALY,NORMAL,TRAIN,True,MIXED,ACTIVE,2025-11-09,2026-03-31
0.26,SUSPECTED,SUPPORTING,0.621,NONE,NORMAL,TRAIN,True,CRIMINAL,ACTIVE,2026-07-18,2026-10-27
0.548,SUSPECTED,SUPPORTING,0.766,NONE,NORMAL,TRAIN,True,CRIMINAL,ACTIVE,2025-12-19,2026-03-14
0.587,CONFIRMED,SUPPORTING,0.97,LEGITIMATE_ANOMALY,NORMAL,TRAIN,True,CRIMINAL,ACTIVE,2025-12-11,2026-03-11
0.15,CONFIRMED,SUPPORTING,0.875,NONE,NORMAL,TRAIN,True,CRIMINAL,ACTIVE,2025-10-13,2026-03-21
0.801,UNKNOWN,NEUTRAL,0.231,CONTEXTUAL_ANOMALY,NORMAL,TEST,True,AMBIGUOUS,ACTIVE,2025-12-02,2026-05-12
0.706,CONFIRMED,SUPPORTING,0.957,COLLECTIVE_ANOMALY,NORMAL,TRAIN,True,MIXED,ACTIVE,2026-02-12,2026-04-11
0.611,SUSPECTED,SUPPORTING,0.628,NONE,NORMAL,TRAIN,True,MIXED,ACTIVE,2026-03-17,2026-08-01
0.388,SUSPECTED,SUPPORTING,0.808,NONE,NORMAL,TRAIN,True,LEGITIMATE,ACTIVE,2026-01-21,2026-03-05
0.043,FALSE,CONTRADICTING,0.209,NONE,NORMAL,TRAIN,True,CRIMINAL,ACTIVE,2026-01-04,2026-06-01
0.674,FALSE,CONTRADICTING,0.32,TEMPORAL_ANOMALY,NORMAL,TRAIN,True,MIXED,ACTIVE,2026-02-21,2026-08-09
0.535,FALSE,CONTRADICTING,0.168,NONE,NORMAL,TEST,True,AMBIGUOUS,ACTIVE,2026-05-14,2026-09-01
0.24,FALSE,CONTRADICTING,0.314,NONE,NORMAL,TRAIN,True,LEGITIMATE,ACTIVE,2026-04-16,2026-10-08
0.291,UNKNOWN,NEUTRAL,0.324,NONE,NORMAL,TRAIN,True,MIXED,ACTIVE,2026-03-27,2026-10-05
0.507,SUSPECTED,SUPPORTING,0.617,NONE,NORMAL,TRAIN,True,CRIMINAL,ACTIVE,2026-01-16,2026-03-28
0.566,SUSPECTED,SUPPORTING,0.67,CRIMINAL_ANOMALY,NORMAL,TRAIN,True,MIXED,ACTIVE,2025-12-29,2026-07-06
0.34,SUSPECTED,SUPPORTING,0.7,TEMPORAL_ANOMALY,NORMAL,TRAIN,True,CRIMINAL,ACTIVE,2026-04-14,2026-09-03
0.369,SUSPECTED,SUPPORTING,0.772,NONE,NORMAL,TRAIN,True,CRIMINAL,ACTIVE,2026-03-19,2026-07-03
0.16,FALSE,CONTRADICTING,0.31,NONE,NORMAL,VALIDATION,True,LEGITIMATE,ACTIVE,2026-04-18,2026-08-05
0.568,UNKNOWN,NEUTRAL,0.449,NONE,NORMAL,TRAIN,True,MIXED,ACTIVE,2026-05-31,2026-09-24
0.44,FALSE,CONTRADICTING,0.215,NONE,NORMAL,VALIDATION,True,LEGITIMATE,ACTIVE,2026-04-15,2026-08-12
0.366,CONFIRMED,SUPPORTING,0.845,NONE,NORMAL,TRAIN,True,MIXED,ACTIVE,2026-02-10,2026-08-12
0.531,SUSPECTED,SUPPORTING,0.607,NONE,NORMAL,TEST,True,AMBIGUOUS,ACTIVE,2025-11-22,2026-04-09
0.222,FALSE,CONTRADICTING,0.14,NONE,NORMAL,VALIDATION,True,LEGITIMATE,ACTIVE,2025-11-07,2026-03-27
0.082,SUSPECTED,SUPPORTING,0.814,NONE,NORMAL,TRAIN,True,MIXED,ACTIVE,2025-12-28,2026-06-16
0.356,UNKNOWN,NEUTRAL,0.335,NONE,NORMAL,TEST,True,AMBIGUOUS,ACTIVE,2026-05-11,2026-08-14
0.682,CONFIRMED,SUPPORTING,0.904,NONE,NORMAL,TRAIN,True,MIXED,ACTIVE,2025-12-27,2026-05-14
0.521,CONFIRMED,SUPPORTING,0.949,NONE,NORMAL,TRAIN,True,CRIMINAL,ACTIVE,2025-12-20,2026-03-15
0.096,UNKNOWN,NEUTRAL,0.544,NONE,NORMAL,TRAIN,True,MIXED,ACTIVE,2026-01-05,2026-03-09
0.527,CONFIRMED,SUPPORTING,0.968,NONE,NORMAL,TRAIN,True,MIXED,ACTIVE,2025-10-16,2026-04-22
0.132,CONFIRMED,SUPPORTING,0.863,LEGITIMATE_ANOMALY,NORMAL,TRAIN,True,CRIMINAL,ACTIVE,2026-04-27,2026-07-06
0.712,UNKNOWN,NEUTRAL,0.401,LEGITIMATE_ANOMALY,NORMAL,TEST,True,AMBIGUOUS,ACTIVE,2026-02-19,2026-03-28
0.736,CONFIRMED,SUPPORTING,0.9,NONE,NORMAL,TEST,True,AMBIGUOUS,ACTIVE,2026-06-03,2026-09-22
0.487,FALSE,CONTRADICTING,0.153,NONE,FORMATTING_VARIATION,TRAIN,True,MIXED,ACTIVE,2026-07-03,2026-10-12
0.431,CONFIRMED,SUPPORTING,0.98,CRIMINAL_ANOMALY,NORMAL,VALIDATION,True,LEGITIMATE,ACTIVE,2026-01-10,2026-06-19
0.388,UNKNOWN,NEUTRAL,0.27,NONE,NORMAL,TRAIN,True,CRIMINAL,ACTIVE,2026-04-15,2026-08-18
0.239,SUSPECTED,SUPPORTING,0.756,NONE,NORMAL,TEST,True,AMBIGUOUS,ACTIVE,2025-10-17,2026-03-25
0.817,FALSE,CONTRADICTING,0.265,NONE,NORMAL,VALIDATION,True,LEGITIMATE,ACTIVE,2026-04-10,2026-08-22
0.549,FALSE,CONTRADICTING,0.364,NONE,NORMAL,TRAIN,True,MIXED,ACTIVE,2026-03-15,2026-05-15
0.417,SUSPECTED,SUPPORTING,0.772,CRIMINAL_ANOMALY,NORMAL,VALIDATION,True,LEGITIMATE,ACTIVE,2026-03-02,2026-06-10
0.475,SUSPECTED,SUPPORTING,0.807,NONE,FORMATTING_VARIATION,TRAIN,True,CRIMINAL,ACTIVE,2026-04-30,2026-10-21
0.424,SUSPECTED,SUPPORTING,0.691,LEGITIMATE_ANOMALY,NORMAL,TRAIN,True,CRIMINAL,ACTIVE,2026-01-24,2026-03-25
0.166,CONFIRMED,SUPPORTING,0.973,NONE,NORMAL,TRAIN,True,MIXED,ACTIVE,2026-04-21,2026-10-25
0.404,CONFIRMED,SUPPORTING,0.938,NONE,NORMAL,TRAIN,True,CRIMINAL,ACTIVE,2026-01-06,2026-05-21
0.214,SUSPECTED,SUPPORTING,0.848,NONE,NORMAL,TRAIN,True,CRIMINAL,ACTIVE,2026-01-20,2026-04-05
0.715,SUSPECTED,SUPPORTING,0.621,NONE,NORMAL,TRAIN,True,CRIMINAL,ACTIVE,2026-01-20,2026-04-01
0.734,FALSE,CONTRADICTING,0.378,NONE,NORMAL,VALIDATION,True,LEGITIMATE,ACTIVE,2025-10-13,2026-04-03
0.714,FALSE,CONTRADICTING,0.33,NONE,NORMAL,VALIDATION,True,LEGITIMATE,ACTIVE,2026-04-18,2026-08-16
0.36,CONFIRMED,SUPPORTING,0.88,NONE,NORMAL,VALIDATION,True,LEGITIMATE,ACTIVE,2026-01-09,2026-07-03
0.514,CONFIRMED,SUPPORTING,0.845,TEMPORAL_ANOMALY,NORMAL,VALIDATION,True,LEGITIMATE,ACTIVE,2026-02-23,2026-04-27
0.537,SUSPECTED,SUPPORTING,0.655,NONE,DUPLICATE,TRAIN,True,CRIMINAL,ACTIVE,2026-05-09,2026-09-04
0.61,SUSPECTED,SUPPORTING,0.697,NONE,NORMAL,TRAIN,True,CRIMINAL,ACTIVE,2025-11-09,2026-02-09
0.322,CONFIRMED,SUPPORTING,0.831,NONE,FORMATTING_VARIATION,TRAIN,True,CRIMINAL,ACTIVE,2026-02-04,2026-05-12
0.441,UNKNOWN,NEUTRAL,0.325,TEMPORAL_ANOMALY,NORMAL,TRAIN,True,MIXED,ACTIVE,2025-10-01,2026-04-04
0.315,FALSE,CONTRADICTING,0.123,NONE,NORMAL,TRAIN,True,CRIMINAL,ACTIVE,2026-01-31,2026-05-25
0.24,FALSE,CONTRADICTING,0.368,NONE,NORMAL,TRAIN,True,LEGITIMATE,ACTIVE,2026-06-27,2026-10-31
0.404,SUSPECTED,SUPPORTING,0.659,NONE,NORMAL,TRAIN,True,CRIMINAL,ACTIVE,2026-05-21,2026-08-30
0.695,FALSE,CONTRADICTING,0.164,LEGITIMATE_ANOMALY,NORMAL,TEST,True,AMBIGUOUS,ACTIVE,2026-01-01,2026-06-02
0.562,UNKNOWN,NEUTRAL,0.452,COLLECTIVE_ANOMALY,NORMAL,TRAIN,True,CRIMINAL,ACTIVE,2025-11-16,2026-04-09
0.495,FALSE,CONTRADICTING,0.264,LEGITIMATE_ANOMALY,NORMAL,TRAIN,True,LEGITIMATE,ACTIVE,2026-04-26,2026-08-10
0.449,SUSPECTED,SUPPORTING,0.713,NONE,NORMAL,TRAIN,True,CRIMINAL,ACTIVE,2025-10-24,2026-02-23
0.636,UNKNOWN,NEUTRAL,0.397,CONTEXTUAL_ANOMALY,NORMAL,TEST,True,AMBIGUOUS,ACTIVE,2025-10-28,2026-02-11
0.726,UNKNOWN,NEUTRAL,0.496,NONE,NORMAL,TRAIN,True,MIXED,ACTIVE,2026-01-25,2026-04-14
0.462,CONFIRMED,SUPPORTING,0.964,NONE,NORMAL,TRAIN,True,CRIMINAL,ACTIVE,2026-03-23,2026-05-08
0.391,SUSPECTED,SUPPORTING,0.597,NONE,MISSING_COUNTERPARTY,TRAIN,True,CRIMINAL,ACTIVE,2026-03-31,2026-05-17
0.641,UNKNOWN,NEUTRAL,0.549,NONE,NORMAL,TEST,True,AMBIGUOUS,ACTIVE,2026-03-25,2026-09-06
0.383,CONFIRMED,SUPPORTING,0.951,NONE,NORMAL,TRAIN,True,CRIMINAL,ACTIVE,2025-11-27,2026-05-21
0.462,FALSE,CONTRADICTING,0.246,NONE,NORMAL,TRAIN,True,MIXED,ACTIVE,2026-04-24,2026-06-17
0.555,SUSPECTED,SUPPORTING,0.757,NONE,NORMAL,TRAIN,True,MIXED,ACTIVE,2025-12-05,2026-04-30
0.406,FALSE,CONTRADICTING,0.361,NONE,NORMAL,VALIDATION,True,LEGITIMATE,ACTIVE,2026-01-31,2026-04-17
0.383,CONFIRMED,SUPPORTING,0.98,NONE,NORMAL,TRAIN,True,CRIMINAL,ACTIVE,2026-03-10,2026-08-06
0.507,UNKNOWN,NEUTRAL,0.499,NONE,NORMAL,TEST,True,AMBIGUOUS,ACTIVE,2026-03-30,2026-07-05
0.592,CONFIRMED,SUPPORTING,0.973,NONE,NORMAL,TRAIN,True,MIXED,ACTIVE,2025-10-23,2026-04-03
0.239,UNKNOWN,NEUTRAL,0.231,NONE,NORMAL,VALIDATION,True,LEGITIMATE,ACTIVE,2026-04-15,2026-07-24
0.049,CONFIRMED,SUPPORTING,0.892,NONE,NORMAL,VALIDATION,True,LEGITIMATE,ACTIVE,2026-02-09,2026-03-25
0.687,SUSPECTED,SUPPORTING,0.75,NONE,NORMAL,TRAIN,True,LEGITIMATE,ACTIVE,2026-01-02,2026-05-28
0.48,UNKNOWN,NEUTRAL,0.524,NONE,NORMAL,TEST,True,AMBIGUOUS,ACTIVE,2026-06-27,2026-09-16
0.647,SUSPECTED,SUPPORTING,0.845,CONTEXTUAL_ANOMALY,NORMAL,VALIDATION,True,LEGITIMATE,ACTIVE,2026-01-05,2026-04-18
0.502,FALSE,CONTRADICTING,0.281,CRIMINAL_ANOMALY,NORMAL,TRAIN,True,CRIMINAL,ACTIVE,2026-02-14,2026-06-13
0.281,UNKNOWN,NEUTRAL,0.243,NONE,NORMAL,TEST,True,AMBIGUOUS,ACTIVE,2026-01-29,2026-04-28
0.397,UNKNOWN,NEUTRAL,0.227,CONTEXTUAL_ANOMALY,DUPLICATE,TRAIN,True,MIXED,ACTIVE,2026-04-16,2026-08-20
0.585,SUSPECTED,SUPPORTING,0.582,NONE,FORMATTING_VARIATION,TRAIN,True,CRIMINAL,ACTIVE,2026-02-04,2026-06-16
0.416,SUSPECTED,SUPPORTING,0.722,NONE,NORMAL,TEST,True,AMBIGUOUS,ACTIVE,2025-11-03,2026-05-17
0.646,FALSE,CONTRADICTING,0.332,NONE,NORMAL,TRAIN,True,LEGITIMATE,ACTIVE,2025-12-24,2026-04-07
0.052,SUSPECTED,SUPPORTING,0.668,NONE,NORMAL,TRAIN,True,CRIMINAL,ACTIVE,2026-04-29,2026-06-04
0.424,CONFIRMED,SUPPORTING,0.852,NONE,NORMAL,TRAIN,True,CRIMINAL,ACTIVE,2026-04-08,2026-06-22
0.241,SUSPECTED,SUPPORTING,0.59,NONE,NORMAL,TRAIN,True,CRIMINAL,ACTIVE,2026-07-18,2026-10-04
0.26,SUSPECTED,SUPPORTING,0.618,NONE,NORMAL,TRAIN,True,CRIMINAL,ACTIVE,2025-10-17,2026-03-01
0.077,CONFIRMED,SUPPORTING,0.936,NONE,NORMAL,TRAIN,True,MIXED,ACTIVE,2026-04-09,2026-08-20
0.682,SUSPECTED,SUPPORTING,0.683,NONE,NORMAL,TRAIN,True,CRIMINAL,ACTIVE,2025-10-16,2026-02-06
0.467,SUSPECTED,SUPPORTING,0.658,NONE,NORMAL,TRAIN,True,CRIMINAL,ACTIVE,2026-04-12,2026-09-01
0.378,CONFIRMED,SUPPORTING,0.897,NONE,NORMAL,TRAIN,True,CRIMINAL,ACTIVE,2025-12-28,2026-06-09
0.334,SUSPECTED,SUPPORTING,0.699,CONTEXTUAL_ANOMALY,NORMAL,VALIDATION,True,LEGITIMATE,ACTIVE,2026-03-02,2026-05-07
0.501,UNKNOWN,NEUTRAL,0.217,CRIMINAL_ANOMALY,NORMAL,TRAIN,True,CRIMINAL,ACTIVE,2026-06-12,2026-10-20
0.104,CONFIRMED,SUPPORTING,0.945,NONE,NORMAL,TRAIN,True,CRIMINAL,ACTIVE,2025-12-04,2026-04-10
0.343,SUSPECTED,SUPPORTING,0.712,NONE,NORMAL,TRAIN,True,MIXED,ACTIVE,2026-06-21,2026-09-07
0.379,FALSE,CONTRADICTING,0.197,NONE,NORMAL,TRAIN,True,CRIMINAL,ACTIVE,2026-05-13,2026-10-16
0.422,CONFIRMED,SUPPORTING,0.91,NONE,NORMAL,TRAIN,True,MIXED,ACTIVE,2026-04-24,2026-07-27
0.555,SUSPECTED,SUPPORTING,0.795,NONE,NORMAL,VALIDATION,True,LEGITIMATE,ACTIVE,2026-04-18,2026-07-04
0.497,UNKNOWN,NEUTRAL,0.236,COLLECTIVE_ANOMALY,NORMAL,TRAIN,True,MIXED,ACTIVE,2025-11-12,2026-02-22
0.557,CONFIRMED,SUPPORTING,0.913,NONE,NORMAL,TRAIN,True,CRIMINAL,ACTIVE,2026-05-02,2026-08-25
0.345,CONFIRMED,SUPPORTING,0.985,NONE,NORMAL,TRAIN,True,CRIMINAL,ACTIVE,2025-12-20,2026-05-11
0.304,SUSPECTED,SUPPORTING,0.58,TEMPORAL_ANOMALY,NORMAL,TRAIN,True,MIXED,ACTIVE,2026-04-12,2026-08-06
0.556,CONFIRMED,SUPPORTING,0.876,NONE,NORMAL,TRAIN,True,CRIMINAL,ACTIVE,2026-05-14,2026-09-25
0.172,CONFIRMED,SUPPORTING,0.834,COLLECTIVE_ANOMALY,NORMAL,TRAIN,True,CRIMINAL,ACTIVE,2025-12-05,2026-03-26
0.414,UNKNOWN,NEUTRAL,0.544,TEMPORAL_ANOMALY,NORMAL,TRAIN,True,CRIMINAL,ACTIVE,2025-11-08,2026-05-03
0.365,UNKNOWN,NEUTRAL,0.216,NONE,NORMAL,TRAIN,True,CRIMINAL,ACTIVE,2026-05-22,2026-08-21
0.501,FALSE,CONTRADICTING,0.241,NONE,NORMAL,TRAIN,True,CRIMINAL,ACTIVE,2025-12-26,2026-05-25
0.827,CONFIRMED,SUPPORTING,0.875,NONE,REVERSED_RECORD,TRAIN,True,MIXED,ACTIVE,2026-05-26,2026-09-22
0.576,CONFIRMED,SUPPORTING,0.932,LEGITIMATE_ANOMALY,NORMAL,TRAIN,True,CRIMINAL,ACTIVE,2025-10-06,2026-02-11
0.466,UNKNOWN,NEUTRAL,0.33,NONE,NORMAL,TEST,True,AMBIGUOUS,ACTIVE,2026-04-29,2026-07-01
0.571,SUSPECTED,SUPPORTING,0.601,NONE,NORMAL,TRAIN,True,CRIMINAL,ACTIVE,2026-02-24,2026-08-24
0.497,SUSPECTED,SUPPORTING,0.688,NONE,NORMAL,TRAIN,True,MIXED,ACTIVE,2026-06-05,2026-10-31
0.772,FALSE,CONTRADICTING,0.341,NONE,NORMAL,TRAIN,True,CRIMINAL,ACTIVE,2026-05-23,2026-08-03
0.698,CONFIRMED,SUPPORTING,0.864,NONE,NORMAL,TRAIN,True,MIXED,ACTIVE,2026-04-18,2026-10-10
0.649,SUSPECTED,SUPPORTING,0.855,TEMPORAL_ANOMALY,NORMAL,TRAIN,True,MIXED,ACTIVE,2026-03-20,2026-06-14
0.425,CONFIRMED,SUPPORTING,0.888,NONE,NORMAL,TRAIN,True,CRIMINAL,ACTIVE,2026-04-22,2026-07-26
0.701,UNKNOWN,NEUTRAL,0.532,NONE,NORMAL,TRAIN,True,MIXED,ACTIVE,2026-04-23,2026-08-07
0.249,FALSE,CONTRADICTING,0.238,TEMPORAL_ANOMALY,NORMAL,TRAIN,True,CRIMINAL,ACTIVE,2025-12-12,2026-04-21
0.685,CONFIRMED,SUPPORTING,0.876,NONE,NORMAL,TRAIN,True,CRIMINAL,ACTIVE,2025-11-21,2026-03-11
0.184,UNKNOWN,NEUTRAL,0.378,NONE,NORMAL,TRAIN,True,CRIMINAL,ACTIVE,2026-02-15,2026-04-10
0.481,UNKNOWN,NEUTRAL,0.319,NONE,NORMAL,TRAIN,True,CRIMINAL,ACTIVE,2025-11-12,2026-02-09
0.676,UNKNOWN,NEUTRAL,0.455,NONE,NORMAL,TRAIN,True,CRIMINAL,ACTIVE,2025-11-26,2026-03-15
0.195,SUSPECTED,SUPPORTING,0.663,NONE,NORMAL,TRAIN,True,CRIMINAL,ACTIVE,2026-02-27,2026-09-01
0.802,FALSE,CONTRADICTING,0.297,LEGITIMATE_ANOMALY,NORMAL,TRAIN,True,CRIMINAL,ACTIVE,2025-10-13,2026-03-11
0.527,CONFIRMED,SUPPORTING,0.844,TEMPORAL_ANOMALY,NORMAL,TRAIN,True,CRIMINAL,ACTIVE,2025-09-23,2026-02-14
0.573,CONFIRMED,SUPPORTING,0.864,NONE,NORMAL,TRAIN,True,CRIMINAL,ACTIVE,2026-05-11,2026-09-28
0.581,UNKNOWN,NEUTRAL,0.412,NONE,NORMAL,VALIDATION,True,LEGITIMATE,ACTIVE,2026-06-05,2026-09-10
0.453,SUSPECTED,SUPPORTING,0.831,NONE,NORMAL,TRAIN,True,CRIMINAL,ACTIVE,2026-05-24,2026-08-05
0.28,FALSE,CONTRADICTING,0.409,NONE,FORMATTING_VARIATION,VALIDATION,True,LEGITIMATE,ACTIVE,2026-06-04,2026-08-13
0.396,SUSPECTED,SUPPORTING,0.816,NONE,NORMAL,TRAIN,True,CRIMINAL,ACTIVE,2025-11-01,2026-03-03
0.255,UNKNOWN,NEUTRAL,0.527,NONE,NORMAL,TEST,True,AMBIGUOUS,ACTIVE,2026-07-28,2026-09-03
0.493,SUSPECTED,SUPPORTING,0.684,NONE,NORMAL,TRAIN,True,MIXED,ACTIVE,2026-05-01,2026-07-21
0.217,UNKNOWN,NEUTRAL,0.322,NONE,NORMAL,TRAIN,True,MIXED,ACTIVE,2025-11-21,2026-04-11
0.549,SUSPECTED,SUPPORTING,0.706,NONE,NORMAL,TRAIN,True,MIXED,ACTIVE,2025-12-29,2026-04-22
0.343,CONFIRMED,SUPPORTING,0.886,COLLECTIVE_ANOMALY,NORMAL,TRAIN,True,CRIMINAL,ACTIVE,2026-03-26,2026-08-28
0.624,FALSE,CONTRADICTING,0.22,NONE,NORMAL,TRAIN,True,MIXED,ACTIVE,2026-05-02,2026-07-18
0.164,FALSE,CONTRADICTING,0.306,NONE,NORMAL,TRAIN,True,CRIMINAL,ACTIVE,2026-07-03,2026-09-30
0.288,FALSE,CONTRADICTING,0.155,NONE,NORMAL,TRAIN,True,CRIMINAL,ACTIVE,2026-04-20,2026-08-31
0.193,SUSPECTED,SUPPORTING,0.698,COLLECTIVE_ANOMALY,NORMAL,TRAIN,True,MIXED,ACTIVE,2026-01-07,2026-06-17
0.279,CONFIRMED,SUPPORTING,0.873,NONE,NORMAL,TRAIN,True,CRIMINAL,ACTIVE,2026-06-29,2026-10-10
0.65,SUSPECTED,SUPPORTING,0.648,NONE,NORMAL,TRAIN,True,LEGITIMATE,ACTIVE,2026-04-17,2026-08-07
0.448,FALSE,CONTRADICTING,0.284,NONE,NORMAL,TRAIN,True,CRIMINAL,ACTIVE,2025-12-23,2026-02-10
0.135,UNKNOWN,NEUTRAL,0.306,CONTEXTUAL_ANOMALY,NORMAL,VALIDATION,True,LEGITIMATE,ACTIVE,2026-04-06,2026-08-19
0.735,FALSE,CONTRADICTING,0.289,NONE,NORMAL,TEST,True,AMBIGUOUS,ACTIVE,2025-11-24,2026-04-02
0.265,SUSPECTED,SUPPORTING,0.699,COLLECTIVE_ANOMALY,NORMAL,TRAIN,True,MIXED,ACTIVE,2026-03-16,2026-05-18
0.728,SUSPECTED,SUPPORTING,0.855,NONE,NORMAL,TRAIN,True,CRIMINAL,ACTIVE,2026-02-20,2026-05-05
0.691,SUSPECTED,SUPPORTING,0.771,NONE,NORMAL,TRAIN,True,CRIMINAL,ACTIVE,2026-04-15,2026-07-22
0.206,SUSPECTED,SUPPORTING,0.846,NONE,NORMAL,TEST,True,AMBIGUOUS,ACTIVE,2025-12-10,2026-06-03
0.504,CONFIRMED,SUPPORTING,0.946,CONTEXTUAL_ANOMALY,NORMAL,TRAIN,True,CRIMINAL,ACTIVE,2026-02-08,2026-08-02
0.19,CONFIRMED,SUPPORTING,0.953,NONE,NORMAL,TRAIN,True,MIXED,ACTIVE,2026-05-01,2026-06-27
0.592,UNKNOWN,NEUTRAL,0.292,NONE,NORMAL,TRAIN,True,MIXED,ACTIVE,2025-12-09,2026-04-20
0.778,SUSPECTED,SUPPORTING,0.8,LEGITIMATE_ANOMALY,NORMAL,TRAIN,True,LEGITIMATE,ACTIVE,2026-03-02,2026-07-26
0.18,CONFIRMED,SUPPORTING,0.821,NONE,NORMAL,TRAIN,True,CRIMINAL,ACTIVE,2026-04-17,2026-09-20
0.096,SUSPECTED,SUPPORTING,0.742,TEMPORAL_ANOMALY,NORMAL,TRAIN,True,MIXED,ACTIVE,2026-06-01,2026-08-23
0.124,UNKNOWN,NEUTRAL,0.487,NONE,NORMAL,TRAIN,True,CRIMINAL,ACTIVE,2025-10-23,2026-04-20
0.316,SUSPECTED,SUPPORTING,0.793,NONE,NORMAL,VALIDATION,True,LEGITIMATE,ACTIVE,2026-04-23,2026-06-11
0.161,SUSPECTED,SUPPORTING,0.693,NONE,NORMAL,TRAIN,True,CRIMINAL,ACTIVE,2025-11-28,2026-04-07
0.214,SUSPECTED,SUPPORTING,0.78,NONE,NORMAL,TEST,True,AMBIGUOUS,ACTIVE,2026-04-03,2026-05-07
0.402,CONFIRMED,SUPPORTING,0.903,NONE,NORMAL,TRAIN,True,MIXED,ACTIVE,2026-04-02,2026-06-29
0.753,CONFIRMED,SUPPORTING,0.82,NONE,NORMAL,TRAIN,True,CRIMINAL,ACTIVE,2026-02-10,2026-04-28
0.35,UNKNOWN,NEUTRAL,0.426,NONE,NORMAL,TRAIN,True,CRIMINAL,ACTIVE,2026-05-11,2026-07-09
0.618,CONFIRMED,SUPPORTING,0.823,NONE,NORMAL,TRAIN,True,CRIMINAL,ACTIVE,2026-07-11,2026-09-01
0.232,FALSE,CONTRADICTING,0.38,LEGITIMATE_ANOMALY,NORMAL,TEST,True,AMBIGUOUS,ACTIVE,2026-03-06,2026-06-12
0.079,SUSPECTED,SUPPORTING,0.703,NONE,NORMAL,TRAIN,True,CRIMINAL,ACTIVE,2026-04-01,2026-08-18
0.429,SUSPECTED,SUPPORTING,0.839,LEGITIMATE_ANOMALY,NORMAL,TEST,True,AMBIGUOUS,ACTIVE,2026-01-27,2026-05-06
0.525,CONFIRMED,SUPPORTING,0.924,NONE,NORMAL,TRAIN,True,CRIMINAL,ACTIVE,2026-04-12,2026-09-29
0.321,CONFIRMED,SUPPORTING,0.986,LEGITIMATE_ANOMALY,NORMAL,TRAIN,True,LEGITIMATE,ACTIVE,2026-02-09,2026-05-06
0.624,FALSE,CONTRADICTING,0.153,NONE,NORMAL,TRAIN,True,LEGITIMATE,ACTIVE,2026-05-19,2026-09-13
0.283,SUSPECTED,SUPPORTING,0.821,NONE,NORMAL,TEST,True,AMBIGUOUS,ACTIVE,2026-06-24,2026-10-03
0.383,CONFIRMED,SUPPORTING,0.955,NONE,NORMAL,TRAIN,True,CRIMINAL,ACTIVE,2025-12-14,2026-05-02
0.343,UNKNOWN,NEUTRAL,0.393,CRIMINAL_ANOMALY,NORMAL,TRAIN,True,MIXED,ACTIVE,2026-02-02,2026-04-20
0.385,CONFIRMED,SUPPORTING,0.862,NONE,NORMAL,VALIDATION,True,LEGITIMATE,ACTIVE,2026-06-23,2026-10-05
0.428,FALSE,CONTRADICTING,0.142,NONE,NORMAL,TRAIN,True,CRIMINAL,ACTIVE,2026-05-13,2026-09-04
0.483,SUSPECTED,SUPPORTING,0.71,NONE,NORMAL,TEST,True,AMBIGUOUS,ACTIVE,2026-03-06,2026-07-27
0.168,CONFIRMED,SUPPORTING,0.924,NONE,NORMAL,TRAIN,True,MIXED,ACTIVE,2026-01-15,2026-05-11
0.49,FALSE,CONTRADICTING,0.232,NONE,NORMAL,VALIDATION,True,LEGITIMATE,ACTIVE,2026-03-25,2026-07-05
0.549,SUSPECTED,SUPPORTING,0.846,NONE,NORMAL,TRAIN,True,MIXED,ACTIVE,2026-06-06,2026-07-26
0.437,SUSPECTED,SUPPORTING,0.673,LEGITIMATE_ANOMALY,REVERSED_RECORD,TEST,True,AMBIGUOUS,ACTIVE,2025-11-01,2026-04-29
0.676,SUSPECTED,SUPPORTING,0.715,NONE,FORMATTING_VARIATION,TRAIN,True,MIXED,ACTIVE,2026-02-01,2026-06-08
0.29,UNKNOWN,NEUTRAL,0.48,NONE,NORMAL,TRAIN,True,MIXED,ACTIVE,2026-07-10,2026-08-12
0.186,SUSPECTED,SUPPORTING,0.703,NONE,NORMAL,TEST,True,AMBIGUOUS,ACTIVE,2026-06-29,2026-09-13
0.295,CONFIRMED,SUPPORTING,0.979,LEGITIMATE_ANOMALY,MISSING_COUNTERPARTY,TRAIN,True,MIXED,ACTIVE,2026-01-30,2026-07-30
0.866,FALSE,CONTRADICTING,0.364,NONE,NORMAL,TEST,True,AMBIGUOUS,ACTIVE,2026-07-26,2026-10-13
0.523,SUSPECTED,SUPPORTING,0.757,COLLECTIVE_ANOMALY,NORMAL,VALIDATION,True,LEGITIMATE,ACTIVE,2026-06-26,2026-09-10
0.446,UNKNOWN,NEUTRAL,0.494,NONE,REVERSED_RECORD,TRAIN,True,CRIMINAL,ACTIVE,2026-01-22,2026-07-11
0.391,CONFIRMED,SUPPORTING,0.868,NONE,NORMAL,TRAIN,True,CRIMINAL,ACTIVE,2026-04-19,2026-08-05
0.315,SUSPECTED,SUPPORTING,0.759,NONE,NORMAL,TEST,True,AMBIGUOUS,ACTIVE,2026-02-16,2026-08-13
0.361,FALSE,CONTRADICTING,0.228,NONE,NORMAL,VALIDATION,True,LEGITIMATE,ACTIVE,2026-03-17,2026-06-14
0.417,UNKNOWN,NEUTRAL,0.485,NONE,NORMAL,TRAIN,True,LEGITIMATE,ACTIVE,2026-04-16,2026-09-08
0.677,UNKNOWN,NEUTRAL,0.21,COLLECTIVE_ANOMALY,NORMAL,TRAIN,True,MIXED,ACTIVE,2025-12-26,2026-05-06
0.146,SUSPECTED,SUPPORTING,0.801,CONTEXTUAL_ANOMALY,NORMAL,VALIDATION,True,LEGITIMATE,ACTIVE,2026-01-29,2026-05-19
0.541,UNKNOWN,NEUTRAL,0.322,NONE,NORMAL,TEST,True,AMBIGUOUS,ACTIVE,2026-02-22,2026-05-15
0.292,SUSPECTED,SUPPORTING,0.704,NONE,NORMAL,TRAIN,True,CRIMINAL,ACTIVE,2026-02-13,2026-05-15
0.065,SUSPECTED,SUPPORTING,0.831,NONE,NORMAL,TRAIN,True,CRIMINAL,ACTIVE,2025-12-26,2026-05-30
0.365,FALSE,CONTRADICTING,0.283,COLLECTIVE_ANOMALY,NORMAL,TEST,True,AMBIGUOUS,ACTIVE,2026-02-19,2026-08-02
0.173,SUSPECTED,SUPPORTING,0.653,NONE,NORMAL,TRAIN,True,CRIMINAL,ACTIVE,2026-03-10,2026-07-14
0.554,FALSE,CONTRADICTING,0.378,NONE,NORMAL,TRAIN,True,CRIMINAL,ACTIVE,2025-11-02,2026-04-12
0.199,SUSPECTED,SUPPORTING,0.587,NONE,REVERSED_RECORD,TEST,True,AMBIGUOUS,ACTIVE,2026-06-17,2026-08-16
0.281,CONFIRMED,SUPPORTING,0.838,CRIMINAL_ANOMALY,NORMAL,TRAIN,True,CRIMINAL,ACTIVE,2026-03-24,2026-05-21
0.292,CONFIRMED,SUPPORTING,0.882,NONE,NORMAL,TEST,True,AMBIGUOUS,ACTIVE,2026-01-23,2026-03-28
0.175,FALSE,CONTRADICTING,0.385,NONE,NORMAL,TRAIN,True,MIXED,ACTIVE,2026-07-22,2026-10-07
0.626,UNKNOWN,NEUTRAL,0.26,NONE,NORMAL,VALIDATION,True,LEGITIMATE,ACTIVE,2025-10-29,2026-03-12
0.168,UNKNOWN,NEUTRAL,0.25,TEMPORAL_ANOMALY,NORMAL,TEST,True,AMBIGUOUS,ACTIVE,2026-03-01,2026-05-06
0.37,SUSPECTED,SUPPORTING,0.766,NONE,NORMAL,TRAIN,True,MIXED,ACTIVE,2026-01-08,2026-06-06
0.887,FALSE,CONTRADICTING,0.39,NONE,NORMAL,TEST,True,AMBIGUOUS,ACTIVE,2025-11-17,2026-04-07
0.02,UNKNOWN,NEUTRAL,0.207,NONE,NORMAL,VALIDATION,True,LEGITIMATE,ACTIVE,2025-11-13,2026-03-28
0.184,UNKNOWN,NEUTRAL,0.201,COLLECTIVE_ANOMALY,NORMAL,TEST,True,AMBIGUOUS,ACTIVE,2026-04-13,2026-09-16
0.534,SUSPECTED,SUPPORTING,0.859,NONE,NORMAL,TRAIN,True,CRIMINAL,ACTIVE,2026-03-16,2026-05-26
0.432,CONFIRMED,SUPPORTING,0.855,NONE,NORMAL,TRAIN,True,MIXED,ACTIVE,2025-11-21,2026-03-01
0.617,FALSE,CONTRADICTING,0.298,NONE,NORMAL,TRAIN,True,LEGITIMATE,ACTIVE,2026-07-10,2026-10-04
0.589,CONFIRMED,SUPPORTING,0.952,NONE,NORMAL,TRAIN,True,CRIMINAL,ACTIVE,2025-09-22,2026-02-18
0.91,UNKNOWN,NEUTRAL,0.463,NONE,NORMAL,TEST,True,AMBIGUOUS,ACTIVE,2026-02-09,2026-06-09
0.694,CONFIRMED,SUPPORTING,0.825,CONTEXTUAL_ANOMALY,NORMAL,TRAIN,True,LEGITIMATE,ACTIVE,2026-06-19,2026-10-23
0.845,SUSPECTED,SUPPORTING,0.615,NONE,NORMAL,TEST,True,AMBIGUOUS,ACTIVE,2025-11-28,2026-04-19
0.452,SUSPECTED,SUPPORTING,0.801,NONE,NORMAL,TRAIN,True,CRIMINAL,ACTIVE,2025-12-20,2026-02-19
0.487,CONFIRMED,SUPPORTING,0.823,NONE,NORMAL,TRAIN,True,CRIMINAL,ACTIVE,2026-05-02,2026-07-15
0.569,UNKNOWN,NEUTRAL,0.467,NONE,NORMAL,VALIDATION,True,LEGITIMATE,ACTIVE,2026-04-11,2026-05-27
0.612,SUSPECTED,SUPPORTING,0.702,NONE,NORMAL,VALIDATION,True,LEGITIMATE,ACTIVE,2025-11-06,2026-03-15
0.617,CONFIRMED,SUPPORTING,0.952,NONE,NORMAL,TRAIN,True,MIXED,ACTIVE,2026-02-28,2026-06-09
0.56,SUSPECTED,SUPPORTING,0.747,NONE,NORMAL,VALIDATION,True,LEGITIMATE,ACTIVE,2026-06-02,2026-07-30
0.605,SUSPECTED,SUPPORTING,0.768,NONE,NORMAL,TRAIN,True,MIXED,ACTIVE,2026-03-10,2026-08-07
0.536,CONFIRMED,SUPPORTING,0.867,NONE,NORMAL,TEST,True,AMBIGUOUS,ACTIVE,2026-04-08,2026-07-03
0.254,CONFIRMED,SUPPORTING,0.881,NONE,NORMAL,TRAIN,True,CRIMINAL,ACTIVE,2026-02-21,2026-07-02
0.362,CONFIRMED,SUPPORTING,0.976,NONE,NORMAL,TRAIN,True,LEGITIMATE,ACTIVE,2026-02-27,2026-07-20
0.32,CONFIRMED,SUPPORTING,0.858,LEGITIMATE_ANOMALY,NORMAL,TEST,True,AMBIGUOUS,ACTIVE,2025-12-16,2026-04-22
0.494,SUSPECTED,SUPPORTING,0.604,CRIMINAL_ANOMALY,NORMAL,TRAIN,True,MIXED,ACTIVE,2025-12-21,2026-02-21
0.81,CONFIRMED,SUPPORTING,0.953,NONE,NORMAL,TRAIN,True,MIXED,ACTIVE,2026-01-07,2026-05-06
0.459,SUSPECTED,SUPPORTING,0.772,NONE,NORMAL,TEST,True,AMBIGUOUS,ACTIVE,2025-12-18,2026-06-20
0.271,CONFIRMED,SUPPORTING,0.826,NONE,NORMAL,TRAIN,True,MIXED,ACTIVE,2026-06-09,2026-08-28
0.342,FALSE,CONTRADICTING,0.172,CONTEXTUAL_ANOMALY,NORMAL,TEST,True,AMBIGUOUS,ACTIVE,2026-03-14,2026-05-18
0.206,SUSPECTED,SUPPORTING,0.825,NONE,NORMAL,TRAIN,True,MIXED,ACTIVE,2026-01-10,2026-04-16
0.096,SUSPECTED,SUPPORTING,0.766,NONE,NORMAL,TRAIN,True,CRIMINAL,ACTIVE,2026-03-02,2026-07-29
0.324,SUSPECTED,SUPPORTING,0.62,NONE,NORMAL,TRAIN,True,CRIMINAL,ACTIVE,2025-12-25,2026-06-29
0.777,CONFIRMED,SUPPORTING,0.957,CONTEXTUAL_ANOMALY,NORMAL,TRAIN,True,CRIMINAL,ACTIVE,2026-05-01,2026-08-21
0.467,SUSPECTED,SUPPORTING,0.801,NONE,NORMAL,TRAIN,True,MIXED,ACTIVE,2025-12-27,2026-05-30
0.23,FALSE,CONTRADICTING,0.224,LEGITIMATE_ANOMALY,NORMAL,TRAIN,True,CRIMINAL,ACTIVE,2025-12-26,2026-05-05
0.472,CONFIRMED,SUPPORTING,0.941,NONE,NORMAL,TRAIN,True,MIXED,ACTIVE,2026-06-27,2026-09-18
0.399,CONFIRMED,SUPPORTING,0.856,NONE,NORMAL,TEST,True,AMBIGUOUS,ACTIVE,2026-03-31,2026-07-18
0.195,CONFIRMED,SUPPORTING,0.974,NONE,NORMAL,TRAIN,True,CRIMINAL,ACTIVE,2025-10-18,2026-02-15
0.038,SUSPECTED,SUPPORTING,0.782,NONE,NORMAL,TRAIN,True,MIXED,ACTIVE,2026-03-22,2026-08-11
0.742,CONFIRMED,SUPPORTING,0.824,LEGITIMATE_ANOMALY,NORMAL,TRAIN,True,MIXED,ACTIVE,2026-03-11,2026-07-13
0.647,SUSPECTED,SUPPORTING,0.643,NONE,NORMAL,TRAIN,True,MIXED,ACTIVE,2026-02-20,2026-07-08
0.698,CONFIRMED,SUPPORTING,0.948,NONE,NORMAL,TRAIN,True,CRIMINAL,ACTIVE,2026-01-02,2026-06-20
0.344,SUSPECTED,SUPPORTING,0.643,NONE,NORMAL,TRAIN,True,CRIMINAL,ACTIVE,2026-03-01,2026-05-27
0.237,CONFIRMED,SUPPORTING,0.956,LEGITIMATE_ANOMALY,NORMAL,TRAIN,True,CRIMINAL,ACTIVE,2025-12-24,2026-03-26
0.276,CONFIRMED,SUPPORTING,0.922,TEMPORAL_ANOMALY,NORMAL,TRAIN,True,MIXED,ACTIVE,2025-12-25,2026-03-28
0.657,SUSPECTED,SUPPORTING,0.86,NONE,NORMAL,TRAIN,True,LEGITIMATE,ACTIVE,2026-02-06,2026-07-08
0.331,CONFIRMED,SUPPORTING,0.976,NONE,NORMAL,TEST,True,AMBIGUOUS,ACTIVE,2026-02-04,2026-04-16
0.375,UNKNOWN,NEUTRAL,0.253,CONTEXTUAL_ANOMALY,NORMAL,TEST,True,AMBIGUOUS,ACTIVE,2026-02-17,2026-04-02
0.77,SUSPECTED,SUPPORTING,0.831,CONTEXTUAL_ANOMALY,NORMAL,TRAIN,True,CRIMINAL,ACTIVE,2026-03-08,2026-07-06
0.179,CONFIRMED,SUPPORTING,0.874,NONE,DUPLICATE,TRAIN,True,CRIMINAL,ACTIVE,2026-05-30,2026-09-08
0.432,UNKNOWN,NEUTRAL,0.503,NONE,NORMAL,TRAIN,True,LEGITIMATE,ACTIVE,2025-12-14,2026-02-27
0.283,SUSPECTED,SUPPORTING,0.691,NONE,NORMAL,TRAIN,True,MIXED,ACTIVE,2026-01-10,2026-06-11
0.307,FALSE,CONTRADICTING,0.403,NONE,NORMAL,TRAIN,True,LEGITIMATE,ACTIVE,2026-01-08,2026-04-25
0.141,CONFIRMED,SUPPORTING,0.949,NONE,NORMAL,TRAIN,True,CRIMINAL,ACTIVE,2026-03-25,2026-07-06
0.717,FALSE,CONTRADICTING,0.408,CRIMINAL_ANOMALY,NORMAL,VALIDATION,True,LEGITIMATE,ACTIVE,2026-06-03,2026-08-28
0.198,CONFIRMED,SUPPORTING,0.946,NONE,NORMAL,TRAIN,True,CRIMINAL,ACTIVE,2026-04-15,2026-10-09
0.15,UNKNOWN,NEUTRAL,0.527,NONE,NORMAL,TEST,True,AMBIGUOUS,ACTIVE,2026-05-07,2026-08-03
0.445,FALSE,CONTRADICTING,0.2,NONE,NORMAL,VALIDATION,True,LEGITIMATE,ACTIVE,2026-02-25,2026-04-14
0.539,CONFIRMED,SUPPORTING,0.861,NONE,NORMAL,TRAIN,True,CRIMINAL,ACTIVE,2026-04-21,2026-08-24
0.701,CONFIRMED,SUPPORTING,0.928,NONE,NORMAL,TRAIN,True,CRIMINAL,ACTIVE,2026-01-10,2026-07-11
0.067,UNKNOWN,NEUTRAL,0.349,NONE,NORMAL,TEST,True,AMBIGUOUS,ACTIVE,2025-11-24,2026-02-21
0.761,CONFIRMED,SUPPORTING,0.917,CRIMINAL_ANOMALY,NORMAL,TRAIN,True,CRIMINAL,ACTIVE,2025-11-07,2026-01-30
0.432,FALSE,CONTRADICTING,0.172,NONE,NORMAL,TRAIN,True,MIXED,ACTIVE,2026-01-19,2026-04-21
0.267,SUSPECTED,SUPPORTING,0.728,NONE,NORMAL,TRAIN,True,CRIMINAL,ACTIVE,2025-12-17,2026-03-04
0.425,CONFIRMED,SUPPORTING,0.846,NONE,NORMAL,TRAIN,True,MIXED,ACTIVE,2026-04-28,2026-08-02
0.589,CONFIRMED,SUPPORTING,0.924,NONE,NORMAL,TRAIN,True,MIXED,ACTIVE,2025-10-30,2026-04-15
0.651,SUSPECTED,SUPPORTING,0.609,NONE,NORMAL,TRAIN,True,MIXED,ACTIVE,2026-01-03,2026-05-09
0.651,CONFIRMED,SUPPORTING,0.971,NONE,NORMAL,TRAIN,True,CRIMINAL,ACTIVE,2026-01-17,2026-07-05
0.168,CONFIRMED,SUPPORTING,0.928,NONE,NORMAL,TRAIN,True,CRIMINAL,ACTIVE,2026-07-05,2026-09-30
0.608,FALSE,CONTRADICTING,0.253,NONE,NORMAL,TRAIN,True,CRIMINAL,ACTIVE,2025-09-22,2026-04-04
0.623,UNKNOWN,NEUTRAL,0.473,NONE,NORMAL,TRAIN,True,CRIMINAL,ACTIVE,2025-12-28,2026-03-04
0.449,SUSPECTED,SUPPORTING,0.749,COLLECTIVE_ANOMALY,NORMAL,VALIDATION,True,LEGITIMATE,ACTIVE,2026-01-08,2026-04-06
0.507,SUSPECTED,SUPPORTING,0.622,NONE,NORMAL,TRAIN,True,CRIMINAL,ACTIVE,2026-04-22,2026-07-20
0.742,CONFIRMED,SUPPORTING,0.842,NONE,NORMAL,TRAIN,True,CRIMINAL,ACTIVE,2025-12-14,2026-04-23
0.71,CONFIRMED,SUPPORTING,0.97,NONE,NORMAL,TRAIN,True,CRIMINAL,ACTIVE,2026-04-17,2026-09-24
0.281,CONFIRMED,SUPPORTING,0.924,NONE,NORMAL,TEST,True,AMBIGUOUS,ACTIVE,2026-02-09,2026-07-03
0.631,SUSPECTED,SUPPORTING,0.66,NONE,NORMAL,TEST,True,AMBIGUOUS,ACTIVE,2026-03-11,2026-06-05
0.438,UNKNOWN,NEUTRAL,0.37,NONE,NORMAL,TRAIN,True,MIXED,ACTIVE,2026-01-09,2026-06-22
0.919,UNKNOWN,NEUTRAL,0.485,NONE,NORMAL,TEST,True,AMBIGUOUS,ACTIVE,2026-02-17,2026-08-17
0.599,CONFIRMED,SUPPORTING,0.923,NONE,NORMAL,TRAIN,True,MIXED,ACTIVE,2026-06-10,2026-09-28
0.276,FALSE,CONTRADICTING,0.407,NONE,NORMAL,VALIDATION,True,LEGITIMATE,ACTIVE,2026-05-21,2026-08-13
0.673,SUSPECTED,SUPPORTING,0.672,NONE,NORMAL,TRAIN,True,CRIMINAL,ACTIVE,2026-07-18,2026-09-14
0.521,SUSPECTED,SUPPORTING,0.852,NONE,REVERSED_RECORD,TRAIN,True,CRIMINAL,ACTIVE,2026-01-24,2026-05-16
0.689,SUSPECTED,SUPPORTING,0.739,CONTEXTUAL_ANOMALY,NORMAL,TRAIN,True,CRIMINAL,ACTIVE,2026-06-15,2026-09-12
0.71,SUSPECTED,SUPPORTING,0.696,NONE,NORMAL,TRAIN,True,CRIMINAL,ACTIVE,2026-05-29,2026-10-13
0.543,CONFIRMED,SUPPORTING,0.963,NONE,NORMAL,TRAIN,True,CRIMINAL,ACTIVE,2026-05-04,2026-07-10
0.084,FALSE,CONTRADICTING,0.284,NONE,NORMAL,TRAIN,True,CRIMINAL,ACTIVE,2026-04-26,2026-08-24
0.362,SUSPECTED,SUPPORTING,0.728,NONE,NORMAL,VALIDATION,True,LEGITIMATE,ACTIVE,2026-01-25,2026-08-06
0.498,SUSPECTED,SUPPORTING,0.764,NONE,NORMAL,TRAIN,True,MIXED,ACTIVE,2026-01-12,2026-05-22
0.811,FALSE,CONTRADICTING,0.395,NONE,NORMAL,TEST,True,AMBIGUOUS,ACTIVE,2026-03-17,2026-06-27
0.215,CONFIRMED,SUPPORTING,0.955,NONE,NORMAL,TRAIN,True,CRIMINAL,ACTIVE,2025-10-18,2026-02-22
0.399,FALSE,CONTRADICTING,0.168,CRIMINAL_ANOMALY,NORMAL,TRAIN,True,LEGITIMATE,ACTIVE,2026-06-12,2026-08-09
0.382,SUSPECTED,SUPPORTING,0.842,NONE,NORMAL,VALIDATION,True,LEGITIMATE,ACTIVE,2026-01-08,2026-03-14
0.254,SUSPECTED,SUPPORTING,0.657,NONE,NORMAL,TRAIN,True,MIXED,ACTIVE,2026-02-03,2026-04-30
0.359,CONFIRMED,SUPPORTING,0.918,NONE,NORMAL,TRAIN,True,CRIMINAL,ACTIVE,2026-04-28,2026-08-07
0.319,FALSE,CONTRADICTING,0.375,LEGITIMATE_ANOMALY,NORMAL,VALIDATION,True,LEGITIMATE,ACTIVE,2026-03-17,2026-07-22
0.772,UNKNOWN,NEUTRAL,0.379,NONE,NORMAL,TRAIN,True,MIXED,ACTIVE,2025-11-08,2026-03-14
0.604,FALSE,CONTRADICTING,0.27,NONE,NORMAL,TRAIN,True,MIXED,ACTIVE,2025-11-02,2026-05-05
0.566,UNKNOWN,NEUTRAL,0.501,NONE,NORMAL,TRAIN,True,CRIMINAL,ACTIVE,2025-11-13,2026-05-26
0.412,SUSPECTED,SUPPORTING,0.725,NONE,NORMAL,VALIDATION,True,LEGITIMATE,ACTIVE,2025-11-13,2026-03-28
0.776,SUSPECTED,SUPPORTING,0.771,NONE,NORMAL,TEST,True,AMBIGUOUS,ACTIVE,2026-05-14,2026-08-28
0.216,UNKNOWN,NEUTRAL,0.515,NONE,NORMAL,TEST,True,AMBIGUOUS,ACTIVE,2026-07-01,2026-09-08
0.281,SUSPECTED,SUPPORTING,0.646,LEGITIMATE_ANOMALY,NORMAL,TRAIN,True,MIXED,ACTIVE,2026-01-04,2026-04-11
0.237,FALSE,CONTRADICTING,0.416,NONE,NORMAL,TRAIN,True,LEGITIMATE,ACTIVE,2026-01-24,2026-06-02
0.58,FALSE,CONTRADICTING,0.267,NONE,NORMAL,VALIDATION,True,LEGITIMATE,ACTIVE,2026-07-08,2026-08-24
0.541,CONFIRMED,SUPPORTING,0.919,NONE,NORMAL,TRAIN,True,CRIMINAL,ACTIVE,2026-02-05,2026-04-09
0.357,FALSE,CONTRADICTING,0.171,NONE,NORMAL,TRAIN,True,MIXED,ACTIVE,2026-01-06,2026-05-11
0.115,CONFIRMED,SUPPORTING,0.854,CONTEXTUAL_ANOMALY,NORMAL,TRAIN,True,MIXED,ACTIVE,2025-09-20,2026-03-01
0.745,SUSPECTED,SUPPORTING,0.745,CONTEXTUAL_ANOMALY,NORMAL,TRAIN,True,MIXED,ACTIVE,2026-04-11,2026-10-09
0.381,FALSE,CONTRADICTING,0.238,COLLECTIVE_ANOMALY,NORMAL,TRAIN,True,CRIMINAL,ACTIVE,2026-06-07,2026-07-29
0.558,UNKNOWN,NEUTRAL,0.277,LEGITIMATE_ANOMALY,NORMAL,TRAIN,True,MIXED,ACTIVE,2026-05-16,2026-09-01
0.659,CONFIRMED,SUPPORTING,0.948,NONE,NORMAL,TRAIN,True,CRIMINAL,ACTIVE,2025-12-14,2026-06-06
0.849,FALSE,CONTRADICTING,0.247,NONE,NORMAL,TRAIN,True,LEGITIMATE,ACTIVE,2025-10-30,2026-02-27
0.632,CONFIRMED,SUPPORTING,0.849,NONE,NORMAL,TRAIN,True,CRIMINAL,ACTIVE,2026-01-18,2026-06-14
0.139,CONFIRMED,SUPPORTING,0.986,NONE,NORMAL,TRAIN,True,CRIMINAL,ACTIVE,2026-07-15,2026-09-13
0.132,SUSPECTED,SUPPORTING,0.639,NONE,NORMAL,TEST,True,AMBIGUOUS,ACTIVE,2026-03-17,2026-07-30
0.428,CONFIRMED,SUPPORTING,0.929,CRIMINAL_ANOMALY,NORMAL,TRAIN,True,MIXED,ACTIVE,2025-11-16,2026-04-01
0.448,FALSE,CONTRADICTING,0.261,TEMPORAL_ANOMALY,NORMAL,TEST,True,AMBIGUOUS,ACTIVE,2026-07-05,2026-10-14
0.578,CONFIRMED,SUPPORTING,0.896,NONE,NORMAL,TEST,True,AMBIGUOUS,ACTIVE,2026-02-09,2026-06-27
0.442,SUSPECTED,SUPPORTING,0.663,NONE,NORMAL,TRAIN,True,MIXED,ACTIVE,2025-10-15,2026-03-16
0.325,UNKNOWN,NEUTRAL,0.498,LEGITIMATE_ANOMALY,NORMAL,TRAIN,True,CRIMINAL,ACTIVE,2025-11-23,2026-03-23
0.58,SUSPECTED,SUPPORTING,0.83,NONE,NORMAL,TRAIN,True,MIXED,ACTIVE,2026-01-23,2026-04-08
0.233,UNKNOWN,NEUTRAL,0.287,LEGITIMATE_ANOMALY,NORMAL,TRAIN,True,MIXED,ACTIVE,2026-03-15,2026-08-08
0.294,SUSPECTED,SUPPORTING,0.742,COLLECTIVE_ANOMALY,NORMAL,TRAIN,True,MIXED,ACTIVE,2026-06-14,2026-09-16
0.136,CONFIRMED,SUPPORTING,0.874,NONE,NORMAL,TRAIN,True,MIXED,ACTIVE,2026-05-16,2026-07-05
0.568,FALSE,CONTRADICTING,0.21,NONE,NORMAL,TRAIN,True,MIXED,ACTIVE,2026-03-27,2026-07-15
0.494,UNKNOWN,NEUTRAL,0.293,CONTEXTUAL_ANOMALY,NORMAL,TRAIN,True,MIXED,ACTIVE,2026-01-24,2026-05-30
0.408,SUSPECTED,SUPPORTING,0.599,NONE,NORMAL,TRAIN,True,MIXED,ACTIVE,2026-01-25,2026-07-02
0.213,CONFIRMED,SUPPORTING,0.932,NONE,FORMATTING_VARIATION,TRAIN,True,MIXED,ACTIVE,2026-05-29,2026-07-29
0.499,UNKNOWN,NEUTRAL,0.504,NONE,NORMAL,TRAIN,True,CRIMINAL,ACTIVE,2026-03-22,2026-05-25
0.719,CONFIRMED,SUPPORTING,0.839,NONE,NORMAL,TRAIN,True,CRIMINAL,ACTIVE,2026-02-21,2026-05-11
0.301,FALSE,CONTRADICTING,0.344,NONE,NORMAL,TRAIN,True,CRIMINAL,ACTIVE,2026-01-15,2026-05-17
0.195,UNKNOWN,NEUTRAL,0.443,NONE,NORMAL,TEST,True,AMBIGUOUS,ACTIVE,2026-05-09,2026-08-18
0.327,SUSPECTED,SUPPORTING,0.671,NONE,NORMAL,TRAIN,True,CRIMINAL,ACTIVE,2026-01-19,2026-04-29
0.258,FALSE,CONTRADICTING,0.381,NONE,NORMAL,VALIDATION,True,LEGITIMATE,ACTIVE,2026-05-30,2026-08-22
0.215,CONFIRMED,SUPPORTING,0.84,CRIMINAL_ANOMALY,NORMAL,TEST,True,AMBIGUOUS,ACTIVE,2026-05-25,2026-08-12
0.233,UNKNOWN,NEUTRAL,0.532,LEGITIMATE_ANOMALY,NORMAL,TEST,True,AMBIGUOUS,ACTIVE,2026-02-06,2026-06-14
0.631,CONFIRMED,SUPPORTING,0.982,TEMPORAL_ANOMALY,NORMAL,TRAIN,True,CRIMINAL,ACTIVE,2026-04-12,2026-07-25
0.624,UNKNOWN,NEUTRAL,0.255,CONTEXTUAL_ANOMALY,NORMAL,TRAIN,True,CRIMINAL,ACTIVE,2026-05-10,2026-07-03
0.24,CONFIRMED,SUPPORTING,0.866,NONE,NORMAL,VALIDATION,True,LEGITIMATE,ACTIVE,2026-04-22,2026-06-15
0.265,CONFIRMED,SUPPORTING,0.965,CRIMINAL_ANOMALY,NORMAL,TRAIN,True,CRIMINAL,ACTIVE,2025-11-21,2026-03-31
0.488,FALSE,CONTRADICTING,0.192,CRIMINAL_ANOMALY,NORMAL,VALIDATION,True,LEGITIMATE,ACTIVE,2026-04-16,2026-10-02
0.287,CONFIRMED,SUPPORTING,0.83,NONE,FORMATTING_VARIATION,TRAIN,True,CRIMINAL,ACTIVE,2026-01-13,2026-05-13
0.707,UNKNOWN,NEUTRAL,0.234,LEGITIMATE_ANOMALY,NORMAL,TRAIN,True,CRIMINAL,ACTIVE,2026-04-28,2026-07-19
0.145,SUSPECTED,SUPPORTING,0.717,NONE,NORMAL,TRAIN,True,MIXED,ACTIVE,2026-01-25,2026-05-16
0.517,FALSE,CONTRADICTING,0.135,NONE,NORMAL,TRAIN,True,CRIMINAL,ACTIVE,2026-02-05,2026-08-01
0.477,SUSPECTED,SUPPORTING,0.736,NONE,NORMAL,TRAIN,True,CRIMINAL,ACTIVE,2026-05-02,2026-08-06
0.566,CONFIRMED,SUPPORTING,0.919,NONE,NORMAL,TRAIN,True,CRIMINAL,ACTIVE,2025-12-16,2026-06-05
0.089,FALSE,CONTRADICTING,0.334,TEMPORAL_ANOMALY,NORMAL,TRAIN,True,CRIMINAL,ACTIVE,2026-01-02,2026-06-18
0.69,CONFIRMED,SUPPORTING,0.902,NONE,NORMAL,TRAIN,True,CRIMINAL,ACTIVE,2026-01-12,2026-04-14
0.13,SUSPECTED,SUPPORTING,0.617,NONE,NORMAL,TRAIN,True,CRIMINAL,ACTIVE,2026-01-11,2026-02-23
0.323,SUSPECTED,SUPPORTING,0.744,NONE,NORMAL,TRAIN,True,CRIMINAL,ACTIVE,2025-12-27,2026-05-21
0.548,SUSPECTED,SUPPORTING,0.753,NONE,NORMAL,TRAIN,True,CRIMINAL,ACTIVE,2026-03-29,2026-05-18
0.826,SUSPECTED,SUPPORTING,0.781,NONE,NORMAL,TRAIN,True,CRIMINAL,ACTIVE,2026-04-02,2026-07-24
0.49,SUSPECTED,SUPPORTING,0.84,NONE,NORMAL,TRAIN,True,MIXED,ACTIVE,2025-10-01,2026-03-14
0.372,SUSPECTED,SUPPORTING,0.625,NONE,NORMAL,TRAIN,True,MIXED,ACTIVE,2026-03-21,2026-05-04
0.444,CONFIRMED,SUPPORTING,0.931,NONE,NORMAL,TRAIN,True,MIXED,ACTIVE,2025-09-08,2026-03-01
0.47,CONFIRMED,SUPPORTING,0.978,NONE,NORMAL,TRAIN,True,MIXED,ACTIVE,2026-02-12,2026-07-09
0.594,CONFIRMED,SUPPORTING,0.857,TEMPORAL_ANOMALY,NORMAL,TRAIN,True,CRIMINAL,ACTIVE,2026-01-02,2026-05-20
0.266,FALSE,CONTRADICTING,0.285,NONE,NORMAL,TRAIN,True,CRIMINAL,ACTIVE,2025-12-11,2026-02-09
0.572,FALSE,CONTRADICTING,0.15,NONE,NORMAL,TEST,True,AMBIGUOUS,ACTIVE,2026-04-23,2026-07-21
0.184,CONFIRMED,SUPPORTING,0.855,NONE,NORMAL,TRAIN,True,MIXED,ACTIVE,2025-10-13,2026-04-09
0.241,CONFIRMED,SUPPORTING,0.859,NONE,NORMAL,TRAIN,True,CRIMINAL,ACTIVE,2026-01-17,2026-06-20
0.386,FALSE,CONTRADICTING,0.179,NONE,NORMAL,TRAIN,True,CRIMINAL,ACTIVE,2026-06-02,2026-09-26
0.421,SUSPECTED,SUPPORTING,0.596,NONE,NORMAL,TRAIN,True,CRIMINAL,ACTIVE,2025-11-18,2026-04-30
0.405,SUSPECTED,SUPPORTING,0.785,NONE,NORMAL,TRAIN,True,MIXED,ACTIVE,2026-03-27,2026-06-18
0.455,CONFIRMED,SUPPORTING,0.829,CRIMINAL_ANOMALY,NORMAL,TRAIN,True,CRIMINAL,ACTIVE,2026-01-11,2026-05-03
0.577,UNKNOWN,NEUTRAL,0.318,NONE,NORMAL,VALIDATION,True,LEGITIMATE,ACTIVE,2026-05-14,2026-09-25
0.149,FALSE,CONTRADICTING,0.189,NONE,NORMAL,TRAIN,True,CRIMINAL,ACTIVE,2026-02-28,2026-08-04
0.498,CONFIRMED,SUPPORTING,0.864,NONE,NORMAL,TRAIN,True,CRIMINAL,ACTIVE,2026-03-16,2026-08-20
0.723,UNKNOWN,NEUTRAL,0.542,CRIMINAL_ANOMALY,NORMAL,TRAIN,True,CRIMINAL,ACTIVE,2025-10-28,2026-02-20
0.286,SUSPECTED,SUPPORTING,0.637,CRIMINAL_ANOMALY,NORMAL,TRAIN,True,MIXED,ACTIVE,2025-12-24,2026-03-23
0.481,FALSE,CONTRADICTING,0.296,NONE,NORMAL,TRAIN,True,LEGITIMATE,ACTIVE,2026-05-31,2026-09-15
0.396,FALSE,CONTRADICTING,0.243,NONE,NORMAL,TEST,True,AMBIGUOUS,ACTIVE,2026-02-05,2026-05-17
0.676,SUSPECTED,SUPPORTING,0.596,NONE,NORMAL,TRAIN,True,LEGITIMATE,ACTIVE,2025-12-13,2026-03-12
0.339,UNKNOWN,NEUTRAL,0.415,NONE,REVERSED_RECORD,VALIDATION,True,LEGITIMATE,ACTIVE,2025-11-17,2026-03-28
0.624,FALSE,CONTRADICTING,0.39,CRIMINAL_ANOMALY,NORMAL,VALIDATION,True,LEGITIMATE,ACTIVE,2026-04-26,2026-07-14
0.331,FALSE,CONTRADICTING,0.193,NONE,NORMAL,TRAIN,True,CRIMINAL,ACTIVE,2026-01-13,2026-07-08
0.611,FALSE,CONTRADICTING,0.191,NONE,NORMAL,TRAIN,True,CRIMINAL,ACTIVE,2025-12-26,2026-04-03
0.386,UNKNOWN,NEUTRAL,0.342,NONE,NORMAL,TRAIN,True,CRIMINAL,ACTIVE,2026-04-02,2026-06-14
0.341,FALSE,CONTRADICTING,0.142,NONE,NORMAL,TRAIN,True,CRIMINAL,ACTIVE,2026-04-18,2026-09-17
0.613,UNKNOWN,NEUTRAL,0.432,NONE,NORMAL,TRAIN,True,MIXED,ACTIVE,2026-02-13,2026-06-03
0.463,UNKNOWN,NEUTRAL,0.245,NONE,NORMAL,TRAIN,True,CRIMINAL,ACTIVE,2026-05-12,2026-07-29
0.506,CONFIRMED,SUPPORTING,0.95,NONE,NORMAL,TRAIN,True,CRIMINAL,ACTIVE,2026-04-24,2026-07-09
0.387,CONFIRMED,SUPPORTING,0.835,NONE,NORMAL,TRAIN,True,CRIMINAL,ACTIVE,2026-03-09,2026-07-03
0.223,UNKNOWN,NEUTRAL,0.533,NONE,NORMAL,TRAIN,True,MIXED,ACTIVE,2025-12-11,2026-05-12
0.648,SUSPECTED,SUPPORTING,0.767,CRIMINAL_ANOMALY,NORMAL,TRAIN,True,MIXED,ACTIVE,2025-12-05,2026-04-17
0.203,CONFIRMED,SUPPORTING,0.88,NONE,NORMAL,TRAIN,True,CRIMINAL,ACTIVE,2026-02-10,2026-08-05
0.211,SUSPECTED,SUPPORTING,0.618,NONE,NORMAL,TRAIN,True,LEGITIMATE,ACTIVE,2026-03-29,2026-09-09
0.672,UNKNOWN,NEUTRAL,0.32,TEMPORAL_ANOMALY,NORMAL,TRAIN,True,CRIMINAL,ACTIVE,2026-04-05,2026-09-18
0.571,UNKNOWN,NEUTRAL,0.363,NONE,REVERSED_RECORD,TRAIN,True,CRIMINAL,ACTIVE,2026-03-27,2026-09-10
0.708,CONFIRMED,SUPPORTING,0.937,CRIMINAL_ANOMALY,NORMAL,TRAIN,True,CRIMINAL,ACTIVE,2026-01-07,2026-03-01
0.555,FALSE,CONTRADICTING,0.13,NONE,NORMAL,VALIDATION,True,LEGITIMATE,ACTIVE,2026-06-13,2026-09-06
0.126,SUSPECTED,SUPPORTING,0.696,NONE,NORMAL,TRAIN,True,MIXED,ACTIVE,2026-07-07,2026-10-02
0.659,SUSPECTED,SUPPORTING,0.716,NONE,NORMAL,TRAIN,True,LEGITIMATE,ACTIVE,2026-04-12,2026-09-14
0.315,SUSPECTED,SUPPORTING,0.625,NONE,NORMAL,VALIDATION,True,LEGITIMATE,ACTIVE,2026-05-03,2026-10-02
0.483,SUSPECTED,SUPPORTING,0.655,NONE,NORMAL,TEST,True,AMBIGUOUS,ACTIVE,2026-02-04,2026-04-24
0.306,UNKNOWN,NEUTRAL,0.517,NONE,NORMAL,TRAIN,True,MIXED,ACTIVE,2026-03-11,2026-05-20
0.681,UNKNOWN,NEUTRAL,0.328,NONE,NORMAL,TRAIN,True,MIXED,ACTIVE,2026-02-12,2026-04-10
0.191,CONFIRMED,SUPPORTING,0.985,NONE,REVERSED_RECORD,TRAIN,True,CRIMINAL,ACTIVE,2026-06-25,2026-10-09
0.614,SUSPECTED,SUPPORTING,0.604,NONE,NORMAL,TRAIN,True,CRIMINAL,ACTIVE,2025-12-12,2026-02-11
0.536,FALSE,CONTRADICTING,0.275,NONE,NORMAL,VALIDATION,True,LEGITIMATE,ACTIVE,2026-05-10,2026-07-13
0.325,CONFIRMED,SUPPORTING,0.939,NONE,NORMAL,TRAIN,True,CRIMINAL,ACTIVE,2026-02-06,2026-05-04
0.777,UNKNOWN,NEUTRAL,0.363,NONE,NORMAL,TRAIN,True,CRIMINAL,ACTIVE,2026-03-13,2026-06-07
0.235,CONFIRMED,SUPPORTING,0.912,NONE,NORMAL,TRAIN,True,MIXED,ACTIVE,2025-12-02,2026-05-16
0.392,UNKNOWN,NEUTRAL,0.317,NONE,NORMAL,TRAIN,True,LEGITIMATE,ACTIVE,2026-01-07,2026-05-19
0.911,CONFIRMED,SUPPORTING,0.922,NONE,NORMAL,TEST,True,AMBIGUOUS,ACTIVE,2026-02-17,2026-07-04
0.528,SUSPECTED,SUPPORTING,0.818,NONE,NORMAL,TEST,True,AMBIGUOUS,ACTIVE,2026-05-08,2026-08-20
0.045,UNKNOWN,NEUTRAL,0.437,NONE,REVERSED_RECORD,TRAIN,True,CRIMINAL,ACTIVE,2026-04-14,2026-06-12
0.754,FALSE,CONTRADICTING,0.198,NONE,NORMAL,TRAIN,True,CRIMINAL,ACTIVE,2026-01-22,2026-05-16
0.771,SUSPECTED,SUPPORTING,0.624,NONE,NORMAL,TRAIN,True,CRIMINAL,ACTIVE,2026-02-03,2026-07-24
0.368,CONFIRMED,SUPPORTING,0.982,NONE,NORMAL,TEST,True,AMBIGUOUS,ACTIVE,2025-12-02,2026-06-19
0.385,CONFIRMED,SUPPORTING,0.838,TEMPORAL_ANOMALY,NORMAL,TRAIN,True,CRIMINAL,ACTIVE,2026-02-03,2026-05-20
0.623,UNKNOWN,NEUTRAL,0.536,NONE,NORMAL,VALIDATION,True,LEGITIMATE,ACTIVE,2026-07-06,2026-10-11
0.347,CONFIRMED,SUPPORTING,0.827,NONE,NORMAL,TRAIN,True,CRIMINAL,ACTIVE,2026-02-17,2026-05-04
0.427,UNKNOWN,NEUTRAL,0.527,NONE,NORMAL,TRAIN,True,CRIMINAL,ACTIVE,2025-12-07,2026-02-05
0.871,SUSPECTED,SUPPORTING,0.615,NONE,NORMAL,TRAIN,True,MIXED,ACTIVE,2026-03-01,2026-05-15
0.13,UNKNOWN,NEUTRAL,0.527,NONE,NORMAL,TEST,True,AMBIGUOUS,ACTIVE,2026-02-28,2026-07-06
0.856,FALSE,CONTRADICTING,0.222,NONE,NORMAL,TEST,True,AMBIGUOUS,ACTIVE,2026-01-11,2026-04-06
0.317,UNKNOWN,NEUTRAL,0.25,NONE,NORMAL,TRAIN,True,CRIMINAL,ACTIVE,2026-01-28,2026-07-01
0.093,SUSPECTED,SUPPORTING,0.827,LEGITIMATE_ANOMALY,NORMAL,TRAIN,True,CRIMINAL,ACTIVE,2026-04-30,2026-10-20
0.759,CONFIRMED,SUPPORTING,0.94,NONE,REVERSED_RECORD,TRAIN,True,MIXED,ACTIVE,2026-06-27,2026-08-27
0.202,UNKNOWN,NEUTRAL,0.369,NONE,NORMAL,TRAIN,True,MIXED,ACTIVE,2026-01-13,2026-03-23
0.601,FALSE,CONTRADICTING,0.189,NONE,NORMAL,TRAIN,True,CRIMINAL,ACTIVE,2026-07-11,2026-10-19
0.65,CONFIRMED,SUPPORTING,0.948,NONE,NORMAL,VALIDATION,True,LEGITIMATE,ACTIVE,2026-05-08,2026-08-02
0.21,SUSPECTED,SUPPORTING,0.636,NONE,NORMAL,TRAIN,True,CRIMINAL,ACTIVE,2025-09-26,2026-02-18
0.546,SUSPECTED,SUPPORTING,0.592,NONE,NORMAL,TRAIN,True,CRIMINAL,ACTIVE,2026-05-09,2026-10-18
0.819,UNKNOWN,NEUTRAL,0.234,CRIMINAL_ANOMALY,NORMAL,VALIDATION,True,LEGITIMATE,ACTIVE,2026-02-18,2026-06-09
0.639,SUSPECTED,SUPPORTING,0.766,NONE,NORMAL,TRAIN,True,CRIMINAL,ACTIVE,2025-12-31,2026-04-05
0.649,UNKNOWN,NEUTRAL,0.424,NONE,NORMAL,TRAIN,True,CRIMINAL,ACTIVE,2025-10-31,2026-04-04
0.352,SUSPECTED,SUPPORTING,0.698,NONE,NORMAL,TRAIN,True,CRIMINAL,ACTIVE,2026-04-21,2026-08-25
0.293,CONFIRMED,SUPPORTING,0.843,NONE,NORMAL,TRAIN,True,CRIMINAL,ACTIVE,2026-04-24,2026-09-27
0.735,FALSE,CONTRADICTING,0.282,NONE,NORMAL,VALIDATION,True,LEGITIMATE,ACTIVE,2025-12-29,2026-05-07
0.707,FALSE,CONTRADICTING,0.135,NONE,NORMAL,VALIDATION,True,LEGITIMATE,ACTIVE,2025-10-14,2026-03-07
0.676,UNKNOWN,NEUTRAL,0.335,NONE,NORMAL,VALIDATION,True,LEGITIMATE,ACTIVE,2025-11-24,2026-02-26
0.583,FALSE,CONTRADICTING,0.34,NONE,NORMAL,VALIDATION,True,LEGITIMATE,ACTIVE,2026-03-09,2026-07-17
0.413,FALSE,CONTRADICTING,0.313,NONE,NORMAL,TRAIN,True,MIXED,ACTIVE,2026-05-01,2026-08-16
0.612,SUSPECTED,SUPPORTING,0.834,CONTEXTUAL_ANOMALY,NORMAL,TRAIN,True,CRIMINAL,ACTIVE,2026-06-08,2026-10-02
0.257,SUSPECTED,SUPPORTING,0.611,NONE,NORMAL,VALIDATION,True,LEGITIMATE,ACTIVE,2026-01-04,2026-06-10
0.571,SUSPECTED,SUPPORTING,0.796,NONE,NORMAL,TEST,True,AMBIGUOUS,ACTIVE,2025-12-11,2026-06-01
0.326,FALSE,CONTRADICTING,0.239,NONE,NORMAL,TRAIN,True,CRIMINAL,ACTIVE,2026-06-02,2026-09-21
0.091,CONFIRMED,SUPPORTING,0.845,NONE,NORMAL,TEST,True,AMBIGUOUS,ACTIVE,2026-03-15,2026-07-09
0.476,UNKNOWN,NEUTRAL,0.308,CONTEXTUAL_ANOMALY,NORMAL,TRAIN,True,MIXED,ACTIVE,2026-05-08,2026-09-21
0.61,UNKNOWN,NEUTRAL,0.443,NONE,NORMAL,TRAIN,True,CRIMINAL,ACTIVE,2026-03-08,2026-08-09
0.49,UNKNOWN,NEUTRAL,0.29,NONE,NORMAL,TRAIN,True,MIXED,ACTIVE,2026-03-14,2026-05-28
0.238,FALSE,CONTRADICTING,0.14,NONE,NORMAL,TRAIN,True,CRIMINAL,ACTIVE,2025-11-29,2026-05-02
0.651,UNKNOWN,NEUTRAL,0.394,NONE,NORMAL,TRAIN,True,MIXED,ACTIVE,2026-06-17,2026-07-30
0.813,UNKNOWN,NEUTRAL,0.271,NONE,NORMAL,TRAIN,True,CRIMINAL,ACTIVE,2025-11-14,2026-05-18
0.303,CONFIRMED,SUPPORTING,0.984,NONE,NORMAL,VALIDATION,True,LEGITIMATE,ACTIVE,2026-03-30,2026-09-19
0.702,UNKNOWN,NEUTRAL,0.392,NONE,DUPLICATE,VALIDATION,True,LEGITIMATE,ACTIVE,2025-12-02,2026-06-03
0.065,CONFIRMED,SUPPORTING,0.854,NONE,NORMAL,TRAIN,True,MIXED,ACTIVE,2026-03-12,2026-06-25
0.341,UNKNOWN,NEUTRAL,0.451,NONE,NORMAL,TRAIN,True,CRIMINAL,ACTIVE,2026-03-01,2026-05-14
0.387,CONFIRMED,SUPPORTING,0.831,NONE,NORMAL,TRAIN,True,MIXED,ACTIVE,2026-05-29,2026-10-28
0.289,SUSPECTED,SUPPORTING,0.778,NONE,NORMAL,VALIDATION,True,LEGITIMATE,ACTIVE,2026-04-14,2026-08-06
0.788,FALSE,CONTRADICTING,0.264,LEGITIMATE_ANOMALY,NORMAL,TRAIN,True,CRIMINAL,ACTIVE,2026-03-06,2026-05-04
0.474,SUSPECTED,SUPPORTING,0.836,NONE,NORMAL,TEST,True,AMBIGUOUS,ACTIVE,2026-01-31,2026-05-09
0.324,CONFIRMED,SUPPORTING,0.99,NONE,NORMAL,TEST,True,AMBIGUOUS,ACTIVE,2026-06-20,2026-09-02
0.149,CONFIRMED,SUPPORTING,0.856,NONE,NORMAL,TRAIN,True,MIXED,ACTIVE,2025-12-05,2026-06-10
0.418,UNKNOWN,NEUTRAL,0.308,NONE,NORMAL,TRAIN,True,MIXED,ACTIVE,2026-01-13,2026-05-12
0.876,UNKNOWN,NEUTRAL,0.363,NONE,DUPLICATE,TRAIN,True,CRIMINAL,ACTIVE,2026-04-29,2026-09-27
0.6,UNKNOWN,NEUTRAL,0.298,NONE,NORMAL,TRAIN,True,LEGITIMATE,ACTIVE,2026-02-09,2026-05-04
0.287,SUSPECTED,SUPPORTING,0.802,NONE,NORMAL,TEST,True,AMBIGUOUS,ACTIVE,2026-05-03,2026-07-16
0.586,FALSE,CONTRADICTING,0.335,NONE,NORMAL,TRAIN,True,CRIMINAL,ACTIVE,2025-09-29,2026-01-20
0.364,UNKNOWN,NEUTRAL,0.441,NONE,NORMAL,TRAIN,True,CRIMINAL,ACTIVE,2026-01-24,2026-06-16
0.113,SUSPECTED,SUPPORTING,0.675,NONE,NORMAL,TRAIN,True,CRIMINAL,ACTIVE,2025-12-05,2026-02-09
0.387,CONFIRMED,SUPPORTING,0.981,NONE,NORMAL,TRAIN,True,CRIMINAL,ACTIVE,2025-11-29,2026-04-12
0.411,CONFIRMED,SUPPORTING,0.908,CONTEXTUAL_ANOMALY,NORMAL,TRAIN,True,MIXED,ACTIVE,2026-04-11,2026-10-19
0.251,UNKNOWN,NEUTRAL,0.311,NONE,NORMAL,TRAIN,True,MIXED,ACTIVE,2026-04-25,2026-10-08
0.16,CONFIRMED,SUPPORTING,0.982,CRIMINAL_ANOMALY,MISSING_COUNTERPARTY,TRAIN,True,CRIMINAL,ACTIVE,2026-06-13,2026-07-16
0.434,UNKNOWN,NEUTRAL,0.413,NONE,NORMAL,TRAIN,True,MIXED,ACTIVE,2025-11-14,2026-05-14
0.067,CONFIRMED,SUPPORTING,0.831,NONE,NORMAL,TRAIN,True,CRIMINAL,ACTIVE,2026-02-18,2026-04-29
0.695,SUSPECTED,SUPPORTING,0.65,NONE,NORMAL,TRAIN,True,CRIMINAL,ACTIVE,2026-02-18,2026-05-15
0.172,UNKNOWN,NEUTRAL,0.414,NONE,NORMAL,TEST,True,AMBIGUOUS,ACTIVE,2026-04-09,2026-08-20
0.355,SUSPECTED,SUPPORTING,0.85,NONE,NORMAL,TRAIN,True,LEGITIMATE,ACTIVE,2026-04-04,2026-06-19
0.879,UNKNOWN,NEUTRAL,0.254,NONE,NORMAL,TRAIN,True,CRIMINAL,ACTIVE,2026-03-09,2026-05-11
0.433,UNKNOWN,NEUTRAL,0.235,NONE,NORMAL,TRAIN,True,CRIMINAL,ACTIVE,2026-05-18,2026-11-09
0.724,UNKNOWN,NEUTRAL,0.494,NONE,NORMAL,TEST,True,AMBIGUOUS,ACTIVE,2026-02-19,2026-06-02
0.279,SUSPECTED,SUPPORTING,0.746,NONE,NORMAL,TRAIN,True,CRIMINAL,ACTIVE,2026-02-01,2026-04-07
0.388,UNKNOWN,NEUTRAL,0.431,NONE,NORMAL,TRAIN,True,CRIMINAL,ACTIVE,2026-06-07,2026-09-06
0.089,UNKNOWN,NEUTRAL,0.372,NONE,NORMAL,TRAIN,True,MIXED,ACTIVE,2026-03-05,2026-05-21
0.698,UNKNOWN,NEUTRAL,0.252,NONE,NORMAL,VALIDATION,True,LEGITIMATE,ACTIVE,2026-02-06,2026-05-24
0.425,SUSPECTED,SUPPORTING,0.842,LEGITIMATE_ANOMALY,NORMAL,TRAIN,True,CRIMINAL,ACTIVE,2026-03-28,2026-06-21
0.319,FALSE,CONTRADICTING,0.198,NONE,NORMAL,TRAIN,True,MIXED,ACTIVE,2026-01-28,2026-05-06
0.366,SUSPECTED,SUPPORTING,0.84,NONE,NORMAL,TRAIN,True,CRIMINAL,ACTIVE,2026-07-12,2026-09-26
0.361,CONFIRMED,SUPPORTING,0.829,NONE,NORMAL,TRAIN,True,MIXED,ACTIVE,2025-10-07,2026-02-05
0.212,CONFIRMED,SUPPORTING,0.84,NONE,NORMAL,TRAIN,True,CRIMINAL,ACTIVE,2026-04-09,2026-07-19
0.37,UNKNOWN,NEUTRAL,0.548,NONE,NORMAL,TRAIN,True,MIXED,ACTIVE,2026-01-28,2026-07-02
0.396,UNKNOWN,NEUTRAL,0.251,NONE,NORMAL,TRAIN,True,MIXED,ACTIVE,2026-03-16,2026-07-18
0.417,FALSE,CONTRADICTING,0.332,NONE,NORMAL,TRAIN,True,LEGITIMATE,ACTIVE,2025-09-23,2026-03-17
0.774,UNKNOWN,NEUTRAL,0.277,NONE,FORMATTING_VARIATION,VALIDATION,True,LEGITIMATE,ACTIVE,2025-10-29,2026-03-07
0.658,FALSE,CONTRADICTING,0.373,NONE,NORMAL,TRAIN,True,MIXED,ACTIVE,2026-04-09,2026-07-09
0.311,UNKNOWN,NEUTRAL,0.357,NONE,NORMAL,TEST,True,AMBIGUOUS,ACTIVE,2026-02-03,2026-08-09
0.249,SUSPECTED,SUPPORTING,0.605,NONE,NORMAL,TRAIN,True,MIXED,ACTIVE,2026-02-03,2026-07-20
0.388,SUSPECTED,SUPPORTING,0.684,NONE,NORMAL,VALIDATION,True,LEGITIMATE,ACTIVE,2026-01-24,2026-04-21
0.357,UNKNOWN,NEUTRAL,0.365,NONE,FORMATTING_VARIATION,TRAIN,True,CRIMINAL,ACTIVE,2026-01-04,2026-03-18
0.643,SUSPECTED,SUPPORTING,0.798,NONE,NORMAL,TRAIN,True,MIXED,ACTIVE,2025-10-15,2026-04-09
0.264,CONFIRMED,SUPPORTING,0.952,CRIMINAL_ANOMALY,NORMAL,TRAIN,True,CRIMINAL,ACTIVE,2026-05-23,2026-09-11
0.431,SUSPECTED,SUPPORTING,0.702,NONE,NORMAL,TRAIN,True,CRIMINAL,ACTIVE,2025-12-29,2026-04-25
0.176,SUSPECTED,SUPPORTING,0.77,NONE,NORMAL,TRAIN,True,MIXED,ACTIVE,2025-12-29,2026-05-12
0.095,UNKNOWN,NEUTRAL,0.411,NONE,NORMAL,VALIDATION,True,LEGITIMATE,ACTIVE,2025-12-04,2026-04-06
0.737,SUSPECTED,SUPPORTING,0.731,NONE,NORMAL,TRAIN,True,MIXED,ACTIVE,2025-12-27,2026-03-01
0.196,SUSPECTED,SUPPORTING,0.621,NONE,DUPLICATE,TEST,True,AMBIGUOUS,ACTIVE,2026-03-18,2026-06-21
0.423,CONFIRMED,SUPPORTING,0.853,NONE,NORMAL,TRAIN,True,MIXED,ACTIVE,2026-02-13,2026-05-18
0.821,FALSE,CONTRADICTING,0.229,NONE,NORMAL,TRAIN,True,MIXED,ACTIVE,2025-12-11,2026-04-30
0.381,CONFIRMED,SUPPORTING,0.87,NONE,NORMAL,TRAIN,True,CRIMINAL,ACTIVE,2026-03-29,2026-06-09
0.326,UNKNOWN,NEUTRAL,0.538,NONE,NORMAL,TRAIN,True,LEGITIMATE,ACTIVE,2025-11-13,2026-02-01
0.311,SUSPECTED,SUPPORTING,0.653,NONE,NORMAL,TEST,True,AMBIGUOUS,ACTIVE,2025-10-15,2026-03-04
0.413,UNKNOWN,NEUTRAL,0.292,NONE,NORMAL,TRAIN,True,CRIMINAL,ACTIVE,2025-10-17,2026-03-08
0.401,SUSPECTED,SUPPORTING,0.701,CONTEXTUAL_ANOMALY,NORMAL,TRAIN,True,CRIMINAL,ACTIVE,2026-04-06,2026-06-25
0.373,UNKNOWN,NEUTRAL,0.204,NONE,NORMAL,VALIDATION,True,LEGITIMATE,ACTIVE,2025-10-30,2026-04-27
0.307,SUSPECTED,SUPPORTING,0.634,NONE,NORMAL,TRAIN,True,MIXED,ACTIVE,2026-04-10,2026-07-21
0.332,SUSPECTED,SUPPORTING,0.713,NONE,NORMAL,TEST,True,AMBIGUOUS,ACTIVE,2026-03-04,2026-07-28
0.032,SUSPECTED,SUPPORTING,0.761,NONE,NORMAL,TRAIN,True,CRIMINAL,ACTIVE,2026-01-22,2026-05-16
0.528,SUSPECTED,SUPPORTING,0.751,NONE,NORMAL,TRAIN,True,CRIMINAL,ACTIVE,2025-10-29,2026-04-21
0.272,FALSE,CONTRADICTING,0.163,NONE,NORMAL,TEST,True,AMBIGUOUS,ACTIVE,2026-02-16,2026-06-15
0.221,SUSPECTED,SUPPORTING,0.859,NONE,NORMAL,TRAIN,True,CRIMINAL,ACTIVE,2026-04-07,2026-07-03
0.284,SUSPECTED,SUPPORTING,0.766,NONE,NORMAL,TRAIN,True,MIXED,ACTIVE,2025-10-22,2026-03-08
0.546,SUSPECTED,SUPPORTING,0.851,NONE,NORMAL,TRAIN,True,MIXED,ACTIVE,2026-02-15,2026-06-02
0.046,UNKNOWN,NEUTRAL,0.301,NONE,NORMAL,VALIDATION,True,LEGITIMATE,ACTIVE,2026-03-13,2026-06-02
0.6,SUSPECTED,SUPPORTING,0.792,CONTEXTUAL_ANOMALY,NORMAL,TRAIN,True,CRIMINAL,ACTIVE,2026-06-15,2026-10-10
0.255,UNKNOWN,NEUTRAL,0.378,NONE,NORMAL,TRAIN,True,CRIMINAL,ACTIVE,2026-05-29,2026-08-14
0.196,UNKNOWN,NEUTRAL,0.507,LEGITIMATE_ANOMALY,NORMAL,TEST,True,AMBIGUOUS,ACTIVE,2026-01-16,2026-07-05
0.142,SUSPECTED,SUPPORTING,0.802,NONE,NORMAL,TRAIN,True,MIXED,ACTIVE,2025-09-11,2026-02-18
0.319,FALSE,CONTRADICTING,0.284,NONE,NORMAL,TRAIN,True,CRIMINAL,ACTIVE,2026-03-13,2026-07-10
0.338,CONFIRMED,SUPPORTING,0.967,NONE,NORMAL,TRAIN,True,MIXED,ACTIVE,2026-02-09,2026-05-19
0.61,CONFIRMED,SUPPORTING,0.888,NONE,NORMAL,TRAIN,True,MIXED,ACTIVE,2025-11-12,2026-05-31
0.796,CONFIRMED,SUPPORTING,0.852,LEGITIMATE_ANOMALY,NORMAL,TRAIN,True,MIXED,ACTIVE,2025-11-26,2026-04-01
0.286,UNKNOWN,NEUTRAL,0.278,NONE,NORMAL,TRAIN,True,MIXED,ACTIVE,2025-12-20,2026-05-04
0.437,FALSE,CONTRADICTING,0.235,NONE,NORMAL,TRAIN,True,CRIMINAL,ACTIVE,2026-03-29,2026-07-04
0.829,UNKNOWN,NEUTRAL,0.243,NONE,NORMAL,TEST,True,AMBIGUOUS,ACTIVE,2025-12-25,2026-03-16
0.7,SUSPECTED,SUPPORTING,0.697,TEMPORAL_ANOMALY,NORMAL,TRAIN,True,CRIMINAL,ACTIVE,2026-02-10,2026-05-17
0.132,CONFIRMED,SUPPORTING,0.868,NONE,NORMAL,TRAIN,True,CRIMINAL,ACTIVE,2026-03-02,2026-08-16
0.51,FALSE,CONTRADICTING,0.242,NONE,DUPLICATE,VALIDATION,True,LEGITIMATE,ACTIVE,2026-01-14,2026-04-15
0.362,UNKNOWN,NEUTRAL,0.533,NONE,NORMAL,TRAIN,True,CRIMINAL,ACTIVE,2026-03-18,2026-09-11
0.167,CONFIRMED,SUPPORTING,0.898,NONE,NORMAL,TRAIN,True,CRIMINAL,ACTIVE,2025-12-10,2026-04-07
0.642,UNKNOWN,NEUTRAL,0.506,NONE,NORMAL,TRAIN,True,MIXED,ACTIVE,2025-12-21,2026-02-28
0.527,SUSPECTED,SUPPORTING,0.748,NONE,NORMAL,TRAIN,True,MIXED,ACTIVE,2025-11-07,2026-05-11
0.581,CONFIRMED,SUPPORTING,0.84,CONTEXTUAL_ANOMALY,NORMAL,VALIDATION,True,LEGITIMATE,ACTIVE,2025-12-24,2026-03-29
0.349,UNKNOWN,NEUTRAL,0.438,NONE,NORMAL,TRAIN,True,CRIMINAL,ACTIVE,2026-04-11,2026-07-25
0.281,FALSE,CONTRADICTING,0.191,NONE,NORMAL,VALIDATION,True,LEGITIMATE,ACTIVE,2026-01-04,2026-05-11
0.43,FALSE,CONTRADICTING,0.196,NONE,NORMAL,TRAIN,True,CRIMINAL,ACTIVE,2026-01-29,2026-04-08
0.546,SUSPECTED,SUPPORTING,0.732,NONE,NORMAL,TEST,True,AMBIGUOUS,ACTIVE,2025-12-26,2026-04-03
0.072,CONFIRMED,SUPPORTING,0.888,NONE,NORMAL,TRAIN,True,CRIMINAL,ACTIVE,2026-05-18,2026-07-03
0.439,FALSE,CONTRADICTING,0.258,NONE,NORMAL,TRAIN,True,MIXED,ACTIVE,2025-12-29,2026-03-16
0.159,SUSPECTED,SUPPORTING,0.682,CRIMINAL_ANOMALY,NORMAL,TEST,True,AMBIGUOUS,ACTIVE,2026-01-06,2026-04-03
0.313,CONFIRMED,SUPPORTING,0.925,CONTEXTUAL_ANOMALY,NORMAL,TRAIN,True,MIXED,ACTIVE,2025-12-07,2026-03-12
0.216,UNKNOWN,NEUTRAL,0.375,CONTEXTUAL_ANOMALY,NORMAL,TRAIN,True,MIXED,ACTIVE,2026-06-09,2026-09-05
0.412,FALSE,CONTRADICTING,0.123,NONE,NORMAL,TRAIN,True,MIXED,ACTIVE,2026-05-03,2026-09-24
0.561,SUSPECTED,SUPPORTING,0.785,NONE,NORMAL,VALIDATION,True,LEGITIMATE,ACTIVE,2026-01-27,2026-05-22
0.19,UNKNOWN,NEUTRAL,0.475,NONE,NORMAL,VALIDATION,True,LEGITIMATE,ACTIVE,2025-10-21,2026-03-10
0.385,UNKNOWN,NEUTRAL,0.266,NONE,NORMAL,TRAIN,True,CRIMINAL,ACTIVE,2026-03-13,2026-07-17
0.437,UNKNOWN,NEUTRAL,0.385,NONE,NORMAL,VALIDATION,True,LEGITIMATE,ACTIVE,2026-06-27,2026-08-04
0.355,SUSPECTED,SUPPORTING,0.753,NONE,NORMAL,TEST,True,AMBIGUOUS,ACTIVE,2026-03-26,2026-04-27
0.175,SUSPECTED,SUPPORTING,0.696,NONE,NORMAL,TEST,True,AMBIGUOUS,ACTIVE,2025-12-08,2026-02-25
0.29,UNKNOWN,NEUTRAL,0.293,NONE,NORMAL,TEST,True,AMBIGUOUS,ACTIVE,2025-12-03,2026-02-21
0.236,CONFIRMED,SUPPORTING,0.963,NONE,NORMAL,TRAIN,True,CRIMINAL,ACTIVE,2026-03-07,2026-05-18
0.433,CONFIRMED,SUPPORTING,0.846,NONE,NORMAL,TRAIN,True,MIXED,ACTIVE,2025-12-25,2026-03-18
0.124,SUSPECTED,SUPPORTING,0.799,NONE,NORMAL,VALIDATION,True,LEGITIMATE,ACTIVE,2026-01-16,2026-07-14
0.294,FALSE,CONTRADICTING,0.41,NONE,NORMAL,TRAIN,True,CRIMINAL,ACTIVE,2025-12-24,2026-06-23
0.491,UNKNOWN,NEUTRAL,0.224,NONE,NORMAL,TRAIN,True,CRIMINAL,ACTIVE,2025-11-18,2026-04-20
0.542,SUSPECTED,SUPPORTING,0.735,NONE,NORMAL,TRAIN,True,CRIMINAL,ACTIVE,2025-12-02,2026-03-14
0.3,UNKNOWN,NEUTRAL,0.528,NONE,NORMAL,TRAIN,True,MIXED,ACTIVE,2025-12-04,2026-04-13
0.473,CONFIRMED,SUPPORTING,0.931,NONE,NORMAL,TRAIN,True,CRIMINAL,ACTIVE,2026-01-25,2026-08-06
0.212,FALSE,CONTRADICTING,0.41,NONE,NORMAL,VALIDATION,True,LEGITIMATE,ACTIVE,2026-02-22,2026-05-08
0.833,UNKNOWN,NEUTRAL,0.546,NONE,NORMAL,TRAIN,True,MIXED,ACTIVE,2025-12-05,2026-04-16
0.648,FALSE,CONTRADICTING,0.272,NONE,NORMAL,TRAIN,True,CRIMINAL,ACTIVE,2026-06-06,2026-08-13
0.722,CONFIRMED,SUPPORTING,0.966,NONE,NORMAL,VALIDATION,True,LEGITIMATE,ACTIVE,2026-03-07,2026-04-24
0.254,SUSPECTED,SUPPORTING,0.641,NONE,NORMAL,TRAIN,True,CRIMINAL,ACTIVE,2026-04-24,2026-07-24
0.7,SUSPECTED,SUPPORTING,0.712,NONE,NORMAL,VALIDATION,True,LEGITIMATE,ACTIVE,2025-11-19,2026-05-22
0.192,SUSPECTED,SUPPORTING,0.703,COLLECTIVE_ANOMALY,NORMAL,VALIDATION,True,LEGITIMATE,ACTIVE,2026-02-11,2026-07-09
0.348,SUSPECTED,SUPPORTING,0.692,NONE,NORMAL,TRAIN,True,CRIMINAL,ACTIVE,2025-12-03,2026-06-18
0.623,CONFIRMED,SUPPORTING,0.92,COLLECTIVE_ANOMALY,NORMAL,TRAIN,True,CRIMINAL,ACTIVE,2026-03-08,2026-07-22
0.806,FALSE,CONTRADICTING,0.349,NONE,NORMAL,TRAIN,True,LEGITIMATE,ACTIVE,2026-04-21,2026-06-27
0.164,FALSE,CONTRADICTING,0.339,NONE,NORMAL,VALIDATION,True,LEGITIMATE,ACTIVE,2025-12-28,2026-03-01
0.674,UNKNOWN,NEUTRAL,0.361,COLLECTIVE_ANOMALY,NORMAL,TRAIN,True,CRIMINAL,ACTIVE,2026-04-01,2026-09-06
0.536,CONFIRMED,SUPPORTING,0.977,NONE,NORMAL,TRAIN,True,CRIMINAL,ACTIVE,2025-11-01,2026-04-07
0.838,SUSPECTED,SUPPORTING,0.801,NONE,NORMAL,TRAIN,True,MIXED,ACTIVE,2025-10-19,2026-03-05
0.225,UNKNOWN,NEUTRAL,0.299,LEGITIMATE_ANOMALY,NORMAL,TRAIN,True,MIXED,ACTIVE,2026-03-01,2026-07-15
0.329,FALSE,CONTRADICTING,0.335,NONE,NORMAL,TRAIN,True,MIXED,ACTIVE,2025-09-28,2026-02-15
0.608,UNKNOWN,NEUTRAL,0.311,NONE,NORMAL,VALIDATION,True,LEGITIMATE,ACTIVE,2026-02-28,2026-05-31
0.438,FALSE,CONTRADICTING,0.367,NONE,MISSING_COUNTERPARTY,TRAIN,True,MIXED,ACTIVE,2026-03-28,2026-08-14
0.115,UNKNOWN,NEUTRAL,0.467,NONE,NORMAL,TRAIN,True,CRIMINAL,ACTIVE,2026-07-01,2026-10-07
0.472,UNKNOWN,NEUTRAL,0.284,NONE,NORMAL,VALIDATION,True,LEGITIMATE,ACTIVE,2025-12-14,2026-05-10
0.294,FALSE,CONTRADICTING,0.166,NONE,NORMAL,TEST,True,AMBIGUOUS,ACTIVE,2025-10-31,2026-03-29
0.57,FALSE,CONTRADICTING,0.418,LEGITIMATE_ANOMALY,NORMAL,TRAIN,True,CRIMINAL,ACTIVE,2026-01-16,2026-06-21
0.376,UNKNOWN,NEUTRAL,0.211,NONE,NORMAL,TRAIN,True,MIXED,ACTIVE,2026-05-04,2026-08-12
0.343,UNKNOWN,NEUTRAL,0.33,NONE,NORMAL,TRAIN,True,MIXED,ACTIVE,2026-05-01,2026-06-23
0.504,SUSPECTED,SUPPORTING,0.778,NONE,NORMAL,TRAIN,True,CRIMINAL,ACTIVE,2026-02-10,2026-06-15
0.589,UNKNOWN,NEUTRAL,0.332,NONE,NORMAL,TRAIN,True,MIXED,ACTIVE,2026-04-30,2026-06-29
0.258,SUSPECTED,SUPPORTING,0.744,LEGITIMATE_ANOMALY,NORMAL,VALIDATION,True,LEGITIMATE,ACTIVE,2026-02-20,2026-04-20
0.354,UNKNOWN,NEUTRAL,0.244,CONTEXTUAL_ANOMALY,NORMAL,TRAIN,True,MIXED,ACTIVE,2025-10-06,2026-04-01
0.898,FALSE,CONTRADICTING,0.227,NONE,NORMAL,TRAIN,True,MIXED,ACTIVE,2026-01-21,2026-05-08
0.529,CONFIRMED,SUPPORTING,0.847,CRIMINAL_ANOMALY,NORMAL,TRAIN,True,CRIMINAL,ACTIVE,2025-10-29,2026-03-21
0.795,UNKNOWN,NEUTRAL,0.309,NONE,NORMAL,TRAIN,True,CRIMINAL,ACTIVE,2026-02-14,2026-04-09
0.244,FALSE,CONTRADICTING,0.404,NONE,NORMAL,TRAIN,True,CRIMINAL,ACTIVE,2026-04-07,2026-07-24
0.026,UNKNOWN,NEUTRAL,0.307,NONE,NORMAL,TRAIN,True,MIXED,ACTIVE,2025-12-18,2026-05-17
0.772,UNKNOWN,NEUTRAL,0.246,NONE,NORMAL,TEST,True,AMBIGUOUS,ACTIVE,2026-06-18,2026-08-23
0.616,SUSPECTED,SUPPORTING,0.6,CRIMINAL_ANOMALY,NORMAL,VALIDATION,True,LEGITIMATE,ACTIVE,2026-02-26,2026-06-10
0.085,SUSPECTED,SUPPORTING,0.819,NONE,NORMAL,TEST,True,AMBIGUOUS,ACTIVE,2026-03-05,2026-08-03
0.058,FALSE,CONTRADICTING,0.395,CRIMINAL_ANOMALY,NORMAL,TRAIN,True,CRIMINAL,ACTIVE,2026-02-12,2026-07-21
0.319,SUSPECTED,SUPPORTING,0.62,TEMPORAL_ANOMALY,MISSING_COUNTERPARTY,TRAIN,True,LEGITIMATE,ACTIVE,2025-11-15,2026-03-14
0.386,FALSE,CONTRADICTING,0.326,NONE,NORMAL,TRAIN,True,CRIMINAL,ACTIVE,2025-12-07,2026-05-06
0.324,CONFIRMED,SUPPORTING,0.987,NONE,FORMATTING_VARIATION,VALIDATION,True,LEGITIMATE,ACTIVE,2026-02-26,2026-04-28
0.335,FALSE,CONTRADICTING,0.372,NONE,NORMAL,TEST,True,AMBIGUOUS,ACTIVE,2026-03-02,2026-04-27
0.309,CONFIRMED,SUPPORTING,0.899,TEMPORAL_ANOMALY,NORMAL,TRAIN,True,CRIMINAL,ACTIVE,2026-01-26,2026-04-28
0.38,UNKNOWN,NEUTRAL,0.505,NONE,NORMAL,TRAIN,True,LEGITIMATE,ACTIVE,2026-05-23,2026-09-29
0.077,CONFIRMED,SUPPORTING,0.988,NONE,NORMAL,TRAIN,True,CRIMINAL,ACTIVE,2026-06-05,2026-09-11
0.759,FALSE,CONTRADICTING,0.36,CRIMINAL_ANOMALY,NORMAL,TRAIN,True,CRIMINAL,ACTIVE,2026-02-28,2026-07-03
0.237,SUSPECTED,SUPPORTING,0.784,NONE,NORMAL,TEST,True,AMBIGUOUS,ACTIVE,2025-12-17,2026-03-31
0.396,CONFIRMED,SUPPORTING,0.88,NONE,NORMAL,TRAIN,True,LEGITIMATE,ACTIVE,2026-03-19,2026-10-07
0.447,UNKNOWN,NEUTRAL,0.342,NONE,NORMAL,VALIDATION,True,LEGITIMATE,ACTIVE,2026-03-12,2026-07-08
0.594,UNKNOWN,NEUTRAL,0.288,NONE,NORMAL,TRAIN,True,MIXED,ACTIVE,2026-02-06,2026-05-26
0.04,FALSE,CONTRADICTING,0.286,NONE,NORMAL,TRAIN,True,MIXED,ACTIVE,2026-03-10,2026-08-02
0.587,CONFIRMED,SUPPORTING,0.92,NONE,NORMAL,TRAIN,True,MIXED,ACTIVE,2026-03-15,2026-08-13
0.367,UNKNOWN,NEUTRAL,0.239,CONTEXTUAL_ANOMALY,NORMAL,TRAIN,True,CRIMINAL,ACTIVE,2026-05-07,2026-07-10
0.434,FALSE,CONTRADICTING,0.374,NONE,NORMAL,VALIDATION,True,LEGITIMATE,ACTIVE,2026-02-19,2026-07-18
0.818,SUSPECTED,SUPPORTING,0.847,COLLECTIVE_ANOMALY,NORMAL,VALIDATION,True,LEGITIMATE,ACTIVE,2026-06-17,2026-09-20
0.331,SUSPECTED,SUPPORTING,0.581,LEGITIMATE_ANOMALY,NORMAL,TRAIN,True,MIXED,ACTIVE,2026-05-13,2026-09-28
0.224,UNKNOWN,NEUTRAL,0.392,NONE,NORMAL,VALIDATION,True,LEGITIMATE,ACTIVE,2025-11-03,2026-03-08
0.472,SUSPECTED,SUPPORTING,0.681,NONE,NORMAL,TEST,True,AMBIGUOUS,ACTIVE,2026-03-07,2026-07-25
0.174,SUSPECTED,SUPPORTING,0.728,LEGITIMATE_ANOMALY,NORMAL,TRAIN,True,LEGITIMATE,ACTIVE,2026-04-19,2026-09-21
0.468,FALSE,CONTRADICTING,0.381,CRIMINAL_ANOMALY,NORMAL,TRAIN,True,CRIMINAL,ACTIVE,2025-12-07,2026-02-25
0.62,SUSPECTED,SUPPORTING,0.63,NONE,NORMAL,TEST,True,AMBIGUOUS,ACTIVE,2025-10-05,2026-02-01
0.459,SUSPECTED,SUPPORTING,0.62,COLLECTIVE_ANOMALY,NORMAL,TRAIN,True,MIXED,ACTIVE,2026-05-07,2026-10-02
0.229,CONFIRMED,SUPPORTING,0.942,NONE,NORMAL,TRAIN,True,MIXED,ACTIVE,2026-03-17,2026-07-12
0.508,UNKNOWN,NEUTRAL,0.223,COLLECTIVE_ANOMALY,MISSING_COUNTERPARTY,VALIDATION,True,LEGITIMATE,ACTIVE,2025-11-17,2026-03-17
0.605,SUSPECTED,SUPPORTING,0.67,NONE,NORMAL,TRAIN,True,MIXED,ACTIVE,2026-01-11,2026-03-28
0.56,CONFIRMED,SUPPORTING,0.921,NONE,NORMAL,TRAIN,True,MIXED,ACTIVE,2026-04-30,2026-07-09
0.731,UNKNOWN,NEUTRAL,0.284,NONE,NORMAL,TRAIN,True,MIXED,ACTIVE,2025-11-27,2026-01-30
0.409,FALSE,CONTRADICTING,0.351,CONTEXTUAL_ANOMALY,NORMAL,TRAIN,True,CRIMINAL,ACTIVE,2026-02-04,2026-05-15
0.536,FALSE,CONTRADICTING,0.304,CRIMINAL_ANOMALY,NORMAL,TRAIN,True,CRIMINAL,ACTIVE,2026-02-07,2026-03-07
0.779,CONFIRMED,SUPPORTING,0.93,NONE,NORMAL,TRAIN,True,CRIMINAL,ACTIVE,2026-01-08,2026-04-02
0.539,UNKNOWN,NEUTRAL,0.383,NONE,NORMAL,TRAIN,True,CRIMINAL,ACTIVE,2025-11-03,2026-03-10
0.943,FALSE,CONTRADICTING,0.398,NONE,NORMAL,TEST,True,AMBIGUOUS,ACTIVE,2026-01-18,2026-06-14
0.583,CONFIRMED,SUPPORTING,0.847,CONTEXTUAL_ANOMALY,NORMAL,TEST,True,AMBIGUOUS,ACTIVE,2025-12-15,2026-03-22
0.09,CONFIRMED,SUPPORTING,0.844,NONE,NORMAL,TRAIN,True,MIXED,ACTIVE,2026-05-19,2026-08-14
0.295,CONFIRMED,SUPPORTING,0.871,NONE,NORMAL,TRAIN,True,CRIMINAL,ACTIVE,2025-11-24,2026-03-16
0.881,SUSPECTED,SUPPORTING,0.726,NONE,NORMAL,TRAIN,True,CRIMINAL,ACTIVE,2025-12-21,2026-03-29
0.391,UNKNOWN,NEUTRAL,0.344,TEMPORAL_ANOMALY,NORMAL,TRAIN,True,CRIMINAL,ACTIVE,2025-11-06,2026-04-15
0.174,CONFIRMED,SUPPORTING,0.851,NONE,NORMAL,VALIDATION,True,LEGITIMATE,ACTIVE,2026-01-11,2026-05-06
0.507,SUSPECTED,SUPPORTING,0.824,NONE,NORMAL,TEST,True,AMBIGUOUS,ACTIVE,2026-05-18,2026-09-16
0.328,SUSPECTED,SUPPORTING,0.72,COLLECTIVE_ANOMALY,NORMAL,TRAIN,True,MIXED,ACTIVE,2026-02-12,2026-04-10
0.413,FALSE,CONTRADICTING,0.399,LEGITIMATE_ANOMALY,NORMAL,TEST,True,AMBIGUOUS,ACTIVE,2026-02-11,2026-05-11
0.705,SUSPECTED,SUPPORTING,0.648,NONE,NORMAL,TRAIN,True,CRIMINAL,ACTIVE,2026-05-08,2026-07-03
0.611,FALSE,CONTRADICTING,0.191,NONE,NORMAL,TRAIN,True,MIXED,ACTIVE,2026-01-26,2026-05-03
0.089,SUSPECTED,SUPPORTING,0.612,CRIMINAL_ANOMALY,NORMAL,TRAIN,True,CRIMINAL,ACTIVE,2026-04-30,2026-08-20
0.451,CONFIRMED,SUPPORTING,0.978,NONE,NORMAL,TRAIN,True,MIXED,ACTIVE,2026-01-09,2026-06-28
0.734,SUSPECTED,SUPPORTING,0.659,NONE,NORMAL,TRAIN,True,CRIMINAL,ACTIVE,2026-04-18,2026-08-09
0.675,CONFIRMED,SUPPORTING,0.843,NONE,NORMAL,TRAIN,True,CRIMINAL,ACTIVE,2026-06-24,2026-10-16
0.169,CONFIRMED,SUPPORTING,0.983,NONE,NORMAL,TRAIN,True,CRIMINAL,ACTIVE,2026-06-28,2026-09-16
0.669,FALSE,CONTRADICTING,0.402,NONE,NORMAL,VALIDATION,True,LEGITIMATE,ACTIVE,2026-03-22,2026-09-04
0.547,UNKNOWN,NEUTRAL,0.496,NONE,DUPLICATE,TRAIN,True,MIXED,ACTIVE,2026-02-13,2026-07-13
0.694,SUSPECTED,SUPPORTING,0.693,LEGITIMATE_ANOMALY,NORMAL,TEST,True,AMBIGUOUS,ACTIVE,2025-12-26,2026-04-26
0.263,UNKNOWN,NEUTRAL,0.381,COLLECTIVE_ANOMALY,NORMAL,TRAIN,True,CRIMINAL,ACTIVE,2026-04-22,2026-05-27
0.707,CONFIRMED,SUPPORTING,0.845,NONE,NORMAL,TRAIN,True,CRIMINAL,ACTIVE,2025-11-20,2026-04-27
0.835,SUSPECTED,SUPPORTING,0.687,LEGITIMATE_ANOMALY,NORMAL,TRAIN,True,CRIMINAL,ACTIVE,2026-02-14,2026-07-20
0.349,CONFIRMED,SUPPORTING,0.884,NONE,NORMAL,TRAIN,True,CRIMINAL,ACTIVE,2026-03-27,2026-06-26
0.452,UNKNOWN,NEUTRAL,0.499,NONE,NORMAL,TRAIN,True,MIXED,ACTIVE,2026-06-20,2026-08-30
0.368,SUSPECTED,SUPPORTING,0.624,NONE,DUPLICATE,TRAIN,True,CRIMINAL,ACTIVE,2026-04-14,2026-09-15
0.358,CONFIRMED,SUPPORTING,0.857,NONE,NORMAL,TRAIN,True,CRIMINAL,ACTIVE,2025-11-22,2026-05-10
0.171,UNKNOWN,NEUTRAL,0.337,NONE,NORMAL,TRAIN,True,MIXED,ACTIVE,2025-12-10,2026-05-05
0.551,FALSE,CONTRADICTING,0.279,NONE,NORMAL,TRAIN,True,CRIMINAL,ACTIVE,2026-01-23,2026-04-29
0.712,CONFIRMED,SUPPORTING,0.9,NONE,NORMAL,TRAIN,True,MIXED,ACTIVE,2026-01-09,2026-06-06
0.271,CONFIRMED,SUPPORTING,0.87,NONE,NORMAL,TRAIN,True,CRIMINAL,ACTIVE,2025-12-08,2026-03-20
0.111,FALSE,CONTRADICTING,0.379,NONE,NORMAL,TRAIN,True,CRIMINAL,ACTIVE,2026-02-26,2026-09-12
0.626,UNKNOWN,NEUTRAL,0.486,NONE,NORMAL,TRAIN,True,MIXED,ACTIVE,2026-04-23,2026-08-20
0.606,FALSE,CONTRADICTING,0.175,NONE,NORMAL,TEST,True,AMBIGUOUS,ACTIVE,2026-03-12,2026-05-08
0.143,CONFIRMED,SUPPORTING,0.845,TEMPORAL_ANOMALY,NORMAL,TEST,True,AMBIGUOUS,ACTIVE,2026-01-02,2026-03-27
0.222,CONFIRMED,SUPPORTING,0.916,NONE,NORMAL,TRAIN,True,CRIMINAL,ACTIVE,2026-04-22,2026-09-29
0.572,CONFIRMED,SUPPORTING,0.94,NONE,NORMAL,TRAIN,True,CRIMINAL,ACTIVE,2026-03-19,2026-06-27
0.712,UNKNOWN,NEUTRAL,0.27,NONE,NORMAL,TRAIN,True,LEGITIMATE,ACTIVE,2026-01-06,2026-02-13
0.594,CONFIRMED,SUPPORTING,0.983,NONE,NORMAL,TRAIN,True,CRIMINAL,ACTIVE,2026-02-05,2026-07-09
0.581,SUSPECTED,SUPPORTING,0.679,NONE,NORMAL,TEST,True,AMBIGUOUS,ACTIVE,2025-12-12,2026-05-12
0.099,CONFIRMED,SUPPORTING,0.885,NONE,NORMAL,TRAIN,True,CRIMINAL,ACTIVE,2026-04-06,2026-08-04
0.696,SUSPECTED,SUPPORTING,0.642,NONE,REVERSED_RECORD,TRAIN,True,CRIMINAL,ACTIVE,2026-03-23,2026-07-12
0.616,SUSPECTED,SUPPORTING,0.6,NONE,NORMAL,TRAIN,True,CRIMINAL,ACTIVE,2026-01-08,2026-03-15
0.585,SUSPECTED,SUPPORTING,0.733,NONE,NORMAL,TRAIN,True,CRIMINAL,ACTIVE,2025-10-08,2026-03-11
0.748,CONFIRMED,SUPPORTING,0.868,NONE,NORMAL,TRAIN,True,CRIMINAL,ACTIVE,2026-04-14,2026-09-05
0.441,SUSPECTED,SUPPORTING,0.826,NONE,NORMAL,VALIDATION,True,LEGITIMATE,ACTIVE,2026-05-21,2026-08-27
0.414,SUSPECTED,SUPPORTING,0.663,NONE,NORMAL,TRAIN,True,LEGITIMATE,ACTIVE,2026-01-28,2026-06-15
0.138,SUSPECTED,SUPPORTING,0.813,NONE,NORMAL,TEST,True,AMBIGUOUS,ACTIVE,2025-12-09,2026-03-07
0.466,UNKNOWN,NEUTRAL,0.369,NONE,NORMAL,TEST,True,AMBIGUOUS,ACTIVE,2026-05-09,2026-06-23
0.643,UNKNOWN,NEUTRAL,0.409,NONE,NORMAL,TEST,True,AMBIGUOUS,ACTIVE,2026-02-25,2026-05-02
0.229,UNKNOWN,NEUTRAL,0.265,NONE,NORMAL,VALIDATION,True,LEGITIMATE,ACTIVE,2026-04-12,2026-07-25
0.516,CONFIRMED,SUPPORTING,0.854,NONE,NORMAL,TEST,True,AMBIGUOUS,ACTIVE,2026-01-31,2026-03-25
0.18,FALSE,CONTRADICTING,0.234,NONE,NORMAL,TRAIN,True,CRIMINAL,ACTIVE,2025-12-23,2026-04-10
0.296,UNKNOWN,NEUTRAL,0.31,NONE,NORMAL,TRAIN,True,MIXED,ACTIVE,2026-01-27,2026-08-02
0.128,SUSPECTED,SUPPORTING,0.742,NONE,NORMAL,TEST,True,AMBIGUOUS,ACTIVE,2025-11-20,2026-02-20
0.295,SUSPECTED,SUPPORTING,0.83,NONE,NORMAL,TRAIN,True,CRIMINAL,ACTIVE,2026-02-25,2026-06-11
0.486,CONFIRMED,SUPPORTING,0.84,CONTEXTUAL_ANOMALY,NORMAL,TEST,True,AMBIGUOUS,ACTIVE,2026-05-10,2026-08-29
0.55,UNKNOWN,NEUTRAL,0.423,NONE,NORMAL,VALIDATION,True,LEGITIMATE,ACTIVE,2025-12-14,2026-04-29
0.777,SUSPECTED,SUPPORTING,0.684,NONE,NORMAL,TRAIN,True,CRIMINAL,ACTIVE,2026-04-27,2026-09-12
0.394,SUSPECTED,SUPPORTING,0.62,NONE,NORMAL,TRAIN,True,CRIMINAL,ACTIVE,2026-01-17,2026-04-22
0.112,SUSPECTED,SUPPORTING,0.804,NONE,NORMAL,TRAIN,True,MIXED,ACTIVE,2025-12-26,2026-05-05
0.553,SUSPECTED,SUPPORTING,0.818,NONE,NORMAL,TRAIN,True,LEGITIMATE,ACTIVE,2025-11-22,2026-04-25
0.698,FALSE,CONTRADICTING,0.394,NONE,NORMAL,TEST,True,AMBIGUOUS,ACTIVE,2026-01-11,2026-05-26
0.132,SUSPECTED,SUPPORTING,0.699,NONE,NORMAL,TRAIN,True,CRIMINAL,ACTIVE,2026-01-15,2026-06-06
0.703,SUSPECTED,SUPPORTING,0.74,NONE,NORMAL,TRAIN,True,CRIMINAL,ACTIVE,2025-12-02,2026-03-22
0.487,FALSE,CONTRADICTING,0.401,NONE,NORMAL,VALIDATION,True,LEGITIMATE,ACTIVE,2026-01-10,2026-05-12
0.398,CONFIRMED,SUPPORTING,0.877,CONTEXTUAL_ANOMALY,DUPLICATE,TRAIN,True,CRIMINAL,ACTIVE,2025-11-18,2026-05-20
0.595,UNKNOWN,NEUTRAL,0.278,CONTEXTUAL_ANOMALY,NORMAL,TRAIN,True,MIXED,ACTIVE,2026-01-31,2026-04-22
0.191,SUSPECTED,SUPPORTING,0.659,NONE,NORMAL,TRAIN,True,MIXED,ACTIVE,2026-05-28,2026-09-26
0.728,UNKNOWN,NEUTRAL,0.218,NONE,NORMAL,TEST,True,AMBIGUOUS,ACTIVE,2026-03-17,2026-06-15
0.712,CONFIRMED,SUPPORTING,0.936,NONE,NORMAL,TRAIN,True,MIXED,ACTIVE,2026-03-01,2026-05-20
0.342,CONFIRMED,SUPPORTING,0.864,NONE,NORMAL,VALIDATION,True,LEGITIMATE,ACTIVE,2026-03-25,2026-09-18
0.461,SUSPECTED,SUPPORTING,0.616,NONE,NORMAL,TRAIN,True,CRIMINAL,ACTIVE,2025-10-31,2026-04-13
0.319,SUSPECTED,SUPPORTING,0.809,NONE,NORMAL,TRAIN,True,CRIMINAL,ACTIVE,2026-02-26,2026-06-19
0.623,CONFIRMED,SUPPORTING,0.863,NONE,NORMAL,TRAIN,True,CRIMINAL,ACTIVE,2026-06-16,2026-09-22
0.614,UNKNOWN,NEUTRAL,0.432,CONTEXTUAL_ANOMALY,NORMAL,TRAIN,True,MIXED,ACTIVE,2026-01-01,2026-03-24
0.79,UNKNOWN,NEUTRAL,0.3,NONE,NORMAL,TRAIN,True,CRIMINAL,ACTIVE,2025-10-22,2026-02-25
0.257,UNKNOWN,NEUTRAL,0.481,NONE,NORMAL,TRAIN,True,MIXED,ACTIVE,2026-03-01,2026-06-07
0.417,UNKNOWN,NEUTRAL,0.504,NONE,NORMAL,TRAIN,True,MIXED,ACTIVE,2026-03-29,2026-06-14
0.196,UNKNOWN,NEUTRAL,0.478,NONE,NORMAL,TRAIN,True,MIXED,ACTIVE,2026-04-13,2026-07-17
0.346,UNKNOWN,NEUTRAL,0.406,LEGITIMATE_ANOMALY,NORMAL,TRAIN,True,LEGITIMATE,ACTIVE,2026-06-05,2026-08-05
0.29,FALSE,CONTRADICTING,0.269,NONE,NORMAL,VALIDATION,True,LEGITIMATE,ACTIVE,2026-01-10,2026-07-26
0.387,CONFIRMED,SUPPORTING,0.972,NONE,NORMAL,TRAIN,True,MIXED,ACTIVE,2025-12-07,2026-05-26
0.455,SUSPECTED,SUPPORTING,0.593,NONE,NORMAL,TRAIN,True,CRIMINAL,ACTIVE,2025-12-18,2026-04-23
0.527,UNKNOWN,NEUTRAL,0.471,CONTEXTUAL_ANOMALY,NORMAL,TRAIN,True,MIXED,ACTIVE,2026-02-16,2026-03-26
0.211,SUSPECTED,SUPPORTING,0.703,NONE,NORMAL,VALIDATION,True,LEGITIMATE,ACTIVE,2026-03-30,2026-08-15
0.305,UNKNOWN,NEUTRAL,0.222,NONE,NORMAL,TRAIN,True,LEGITIMATE,ACTIVE,2026-03-08,2026-06-22
0.703,SUSPECTED,SUPPORTING,0.824,NONE,NORMAL,TEST,True,AMBIGUOUS,ACTIVE,2025-12-29,2026-04-30
0.635,UNKNOWN,NEUTRAL,0.211,NONE,NORMAL,TRAIN,True,LEGITIMATE,ACTIVE,2025-11-08,2026-04-10
0.442,SUSPECTED,SUPPORTING,0.589,NONE,FORMATTING_VARIATION,TEST,True,AMBIGUOUS,ACTIVE,2026-07-23,2026-10-10
0.745,SUSPECTED,SUPPORTING,0.693,NONE,NORMAL,TRAIN,True,CRIMINAL,ACTIVE,2026-05-30,2026-08-20
0.292,SUSPECTED,SUPPORTING,0.595,CRIMINAL_ANOMALY,NORMAL,TRAIN,True,CRIMINAL,ACTIVE,2026-04-08,2026-08-20
0.478,UNKNOWN,NEUTRAL,0.368,NONE,NORMAL,TRAIN,True,MIXED,ACTIVE,2026-06-06,2026-09-24
0.459,SUSPECTED,SUPPORTING,0.845,CONTEXTUAL_ANOMALY,NORMAL,TEST,True,AMBIGUOUS,ACTIVE,2026-02-19,2026-06-16
0.345,CONFIRMED,SUPPORTING,0.96,NONE,NORMAL,TEST,True,AMBIGUOUS,ACTIVE,2026-07-15,2026-10-09
0.154,CONFIRMED,SUPPORTING,0.933,NONE,NORMAL,TRAIN,True,MIXED,ACTIVE,2026-05-27,2026-09-01
0.691,UNKNOWN,NEUTRAL,0.535,NONE,NORMAL,VALIDATION,True,LEGITIMATE,ACTIVE,2026-06-03,2026-09-09
0.951,SUSPECTED,SUPPORTING,0.7,NONE,NORMAL,TRAIN,True,CRIMINAL,ACTIVE,2026-06-14,2026-09-03
0.429,SUSPECTED,SUPPORTING,0.78,NONE,NORMAL,TRAIN,True,CRIMINAL,ACTIVE,2026-05-22,2026-09-08
0.815,UNKNOWN,NEUTRAL,0.37,NONE,NORMAL,VALIDATION,True,LEGITIMATE,ACTIVE,2026-01-26,2026-06-07
0.348,UNKNOWN,NEUTRAL,0.238,LEGITIMATE_ANOMALY,NORMAL,TRAIN,True,LEGITIMATE,ACTIVE,2025-11-13,2026-02-08
0.417,CONFIRMED,SUPPORTING,0.907,NONE,NORMAL,TRAIN,True,MIXED,ACTIVE,2026-02-24,2026-05-12
0.574,UNKNOWN,NEUTRAL,0.478,NONE,NORMAL,TRAIN,True,MIXED,ACTIVE,2025-12-08,2026-02-11
0.558,FALSE,CONTRADICTING,0.238,NONE,NORMAL,TEST,True,AMBIGUOUS,ACTIVE,2025-11-19,2026-03-26
0.183,CONFIRMED,SUPPORTING,0.824,NONE,NORMAL,VALIDATION,True,LEGITIMATE,ACTIVE,2025-11-08,2026-04-21
0.772,SUSPECTED,SUPPORTING,0.786,NONE,NORMAL,TRAIN,True,MIXED,ACTIVE,2026-03-22,2026-06-25
0.33,SUSPECTED,SUPPORTING,0.638,CRIMINAL_ANOMALY,NORMAL,TRAIN,True,CRIMINAL,ACTIVE,2025-12-28,2026-05-23
0.137,UNKNOWN,NEUTRAL,0.403,CRIMINAL_ANOMALY,NORMAL,TRAIN,True,CRIMINAL,ACTIVE,2026-01-11,2026-05-04
0.294,CONFIRMED,SUPPORTING,0.893,NONE,NORMAL,TRAIN,True,MIXED,ACTIVE,2025-11-23,2026-05-20
0.554,SUSPECTED,SUPPORTING,0.849,NONE,NORMAL,TRAIN,True,MIXED,ACTIVE,2026-06-08,2026-08-09
0.278,CONFIRMED,SUPPORTING,0.871,NONE,NORMAL,TRAIN,True,MIXED,ACTIVE,2026-01-27,2026-05-17
0.047,SUSPECTED,SUPPORTING,0.853,NONE,NORMAL,TEST,True,AMBIGUOUS,ACTIVE,2026-07-04,2026-10-11
0.319,CONFIRMED,SUPPORTING,0.977,NONE,NORMAL,TEST,True,AMBIGUOUS,ACTIVE,2025-12-12,2026-04-28
0.886,SUSPECTED,SUPPORTING,0.748,NONE,NORMAL,TRAIN,True,CRIMINAL,ACTIVE,2025-11-13,2026-05-22
0.816,SUSPECTED,SUPPORTING,0.707,NONE,NORMAL,VALIDATION,True,LEGITIMATE,ACTIVE,2026-03-17,2026-07-11
0.602,SUSPECTED,SUPPORTING,0.822,NONE,NORMAL,TRAIN,True,CRIMINAL,ACTIVE,2026-04-30,2026-10-04
0.566,CONFIRMED,SUPPORTING,0.963,NONE,NORMAL,TRAIN,True,CRIMINAL,ACTIVE,2025-11-15,2026-02-13
0.526,SUSPECTED,SUPPORTING,0.724,COLLECTIVE_ANOMALY,REVERSED_RECORD,TRAIN,True,CRIMINAL,ACTIVE,2026-03-16,2026-08-16
0.423,CONFIRMED,SUPPORTING,0.899,LEGITIMATE_ANOMALY,NORMAL,TRAIN,True,MIXED,ACTIVE,2025-10-21,2026-02-19
0.302,CONFIRMED,SUPPORTING,0.876,TEMPORAL_ANOMALY,NORMAL,TRAIN,True,CRIMINAL,ACTIVE,2025-12-04,2026-04-19
0.449,UNKNOWN,NEUTRAL,0.397,COLLECTIVE_ANOMALY,NORMAL,TRAIN,True,LEGITIMATE,ACTIVE,2026-02-06,2026-03-29
0.515,FALSE,CONTRADICTING,0.121,NONE,NORMAL,TRAIN,True,CRIMINAL,ACTIVE,2025-12-19,2026-04-10
0.535,SUSPECTED,SUPPORTING,0.628,NONE,FORMATTING_VARIATION,TRAIN,True,CRIMINAL,ACTIVE,2026-03-30,2026-05-03
0.042,SUSPECTED,SUPPORTING,0.808,NONE,NORMAL,TRAIN,True,MIXED,ACTIVE,2026-01-02,2026-05-25
0.387,FALSE,CONTRADICTING,0.134,NONE,NORMAL,VALIDATION,True,LEGITIMATE,ACTIVE,2026-06-25,2026-10-15
0.422,CONFIRMED,SUPPORTING,0.887,NONE,NORMAL,VALIDATION,True,LEGITIMATE,ACTIVE,2026-01-05,2026-05-29
0.48,CONFIRMED,SUPPORTING,0.848,NONE,NORMAL,TEST,True,AMBIGUOUS,ACTIVE,2026-02-28,2026-06-27
0.371,SUSPECTED,SUPPORTING,0.629,TEMPORAL_ANOMALY,NORMAL,VALIDATION,True,LEGITIMATE,ACTIVE,2026-05-10,2026-10-24
0.444,UNKNOWN,NEUTRAL,0.299,NONE,REVERSED_RECORD,TRAIN,True,CRIMINAL,ACTIVE,2026-06-12,2026-08-09
0.577,CONFIRMED,SUPPORTING,0.953,NONE,NORMAL,TRAIN,True,CRIMINAL,ACTIVE,2026-05-25,2026-09-01
0.257,SUSPECTED,SUPPORTING,0.725,NONE,NORMAL,TRAIN,True,CRIMINAL,ACTIVE,2026-03-05,2026-07-25
0.645,UNKNOWN,NEUTRAL,0.267,CRIMINAL_ANOMALY,NORMAL,VALIDATION,True,LEGITIMATE,ACTIVE,2026-05-18,2026-07-23
0.438,SUSPECTED,SUPPORTING,0.703,NONE,NORMAL,TRAIN,True,MIXED,ACTIVE,2026-07-05,2026-08-10
0.361,UNKNOWN,NEUTRAL,0.209,NONE,NORMAL,VALIDATION,True,LEGITIMATE,ACTIVE,2026-04-06,2026-08-20
0.292,CONFIRMED,SUPPORTING,0.848,TEMPORAL_ANOMALY,NORMAL,TRAIN,True,CRIMINAL,ACTIVE,2025-11-12,2026-04-09
0.344,SUSPECTED,SUPPORTING,0.759,NONE,NORMAL,TRAIN,True,CRIMINAL,ACTIVE,2026-05-01,2026-08-23
0.292,CONFIRMED,SUPPORTING,0.854,LEGITIMATE_ANOMALY,NORMAL,TRAIN,True,CRIMINAL,ACTIVE,2025-10-31,2026-05-01
0.484,UNKNOWN,NEUTRAL,0.468,NONE,NORMAL,TRAIN,True,MIXED,ACTIVE,2026-03-14,2026-06-15
0.38,CONFIRMED,SUPPORTING,0.898,NONE,NORMAL,TEST,True,AMBIGUOUS,ACTIVE,2026-03-22,2026-09-21
0.378,UNKNOWN,NEUTRAL,0.324,CRIMINAL_ANOMALY,NORMAL,VALIDATION,True,LEGITIMATE,ACTIVE,2026-05-25,2026-07-22
0.569,UNKNOWN,NEUTRAL,0.412,COLLECTIVE_ANOMALY,NORMAL,TRAIN,True,LEGITIMATE,ACTIVE,2026-03-02,2026-04-29
0.727,CONFIRMED,SUPPORTING,0.83,NONE,NORMAL,TRAIN,True,MIXED,ACTIVE,2026-04-23,2026-08-09
0.162,SUSPECTED,SUPPORTING,0.81,NONE,NORMAL,TRAIN,True,CRIMINAL,ACTIVE,2025-12-03,2026-04-12
0.308,SUSPECTED,SUPPORTING,0.828,NONE,NORMAL,TRAIN,True,MIXED,ACTIVE,2026-03-19,2026-06-10
0.502,SUSPECTED,SUPPORTING,0.698,NONE,NORMAL,TRAIN,True,CRIMINAL,ACTIVE,2026-05-04,2026-08-07
0.613,SUSPECTED,SUPPORTING,0.7,CRIMINAL_ANOMALY,NORMAL,TRAIN,True,CRIMINAL,ACTIVE,2026-03-16,2026-06-19
0.777,SUSPECTED,SUPPORTING,0.798,NONE,NORMAL,TRAIN,True,CRIMINAL,ACTIVE,2025-11-19,2026-03-26
0.336,SUSPECTED,SUPPORTING,0.659,NONE,NORMAL,TRAIN,True,CRIMINAL,ACTIVE,2025-11-21,2026-04-16
0.363,FALSE,CONTRADICTING,0.136,NONE,NORMAL,VALIDATION,True,LEGITIMATE,ACTIVE,2025-11-07,2026-04-08
0.758,SUSPECTED,SUPPORTING,0.748,CRIMINAL_ANOMALY,NORMAL,TEST,True,AMBIGUOUS,ACTIVE,2025-12-17,2026-03-25
0.011,UNKNOWN,NEUTRAL,0.435,NONE,NORMAL,TEST,True,AMBIGUOUS,ACTIVE,2026-01-21,2026-04-13
0.61,SUSPECTED,SUPPORTING,0.714,NONE,NORMAL,TRAIN,True,MIXED,ACTIVE,2026-01-01,2026-06-09
0.489,CONFIRMED,SUPPORTING,0.922,NONE,NORMAL,VALIDATION,True,LEGITIMATE,ACTIVE,2026-04-24,2026-07-07
0.452,UNKNOWN,NEUTRAL,0.367,NONE,NORMAL,VALIDATION,True,LEGITIMATE,ACTIVE,2026-01-30,2026-06-17
0.095,CONFIRMED,SUPPORTING,0.96,NONE,NORMAL,TRAIN,True,MIXED,ACTIVE,2026-03-18,2026-05-26
0.677,FALSE,CONTRADICTING,0.345,NONE,NORMAL,VALIDATION,True,LEGITIMATE,ACTIVE,2025-11-09,2026-04-01
0.232,FALSE,CONTRADICTING,0.406,NONE,NORMAL,TRAIN,True,MIXED,ACTIVE,2026-04-15,2026-07-09
0.641,SUSPECTED,SUPPORTING,0.709,LEGITIMATE_ANOMALY,NORMAL,TEST,True,AMBIGUOUS,ACTIVE,2026-03-18,2026-08-14
0.33,FALSE,CONTRADICTING,0.281,NONE,NORMAL,TRAIN,True,CRIMINAL,ACTIVE,2025-10-23,2026-03-19
0.121,SUSPECTED,SUPPORTING,0.781,NONE,NORMAL,TRAIN,True,MIXED,ACTIVE,2026-03-08,2026-04-25
0.446,FALSE,CONTRADICTING,0.336,NONE,NORMAL,VALIDATION,True,LEGITIMATE,ACTIVE,2026-05-29,2026-08-12
0.832,UNKNOWN,NEUTRAL,0.521,NONE,NORMAL,TRAIN,True,LEGITIMATE,ACTIVE,2026-04-22,2026-09-19
0.213,FALSE,CONTRADICTING,0.129,COLLECTIVE_ANOMALY,NORMAL,TRAIN,True,CRIMINAL,ACTIVE,2026-02-16,2026-07-01
0.611,UNKNOWN,NEUTRAL,0.28,NONE,NORMAL,TRAIN,True,MIXED,ACTIVE,2026-01-13,2026-05-31
0.698,FALSE,CONTRADICTING,0.327,NONE,NORMAL,TRAIN,True,MIXED,ACTIVE,2026-05-27,2026-10-11
0.305,FALSE,CONTRADICTING,0.2,NONE,NORMAL,TRAIN,True,CRIMINAL,ACTIVE,2026-04-29,2026-06-10
0.512,CONFIRMED,SUPPORTING,0.968,NONE,NORMAL,TRAIN,True,CRIMINAL,ACTIVE,2025-12-01,2026-05-28
0.43,FALSE,CONTRADICTING,0.384,NONE,NORMAL,TRAIN,True,CRIMINAL,ACTIVE,2026-03-27,2026-05-28
0.381,SUSPECTED,SUPPORTING,0.797,NONE,NORMAL,TRAIN,True,MIXED,ACTIVE,2026-01-21,2026-07-24
0.918,UNKNOWN,NEUTRAL,0.538,NONE,NORMAL,TRAIN,True,CRIMINAL,ACTIVE,2026-05-30,2026-07-03
0.146,FALSE,CONTRADICTING,0.389,NONE,NORMAL,TRAIN,True,MIXED,ACTIVE,2026-01-22,2026-07-31
0.322,FALSE,CONTRADICTING,0.13,NONE,NORMAL,VALIDATION,True,LEGITIMATE,ACTIVE,2026-06-12,2026-07-06
0.735,SUSPECTED,SUPPORTING,0.842,NONE,NORMAL,TRAIN,True,CRIMINAL,ACTIVE,2025-11-13,2026-04-10
0.315,FALSE,CONTRADICTING,0.213,NONE,NORMAL,TRAIN,True,CRIMINAL,ACTIVE,2025-12-01,2026-03-02
0.729,FALSE,CONTRADICTING,0.337,NONE,NORMAL,TRAIN,True,MIXED,ACTIVE,2026-05-17,2026-09-21
0.726,SUSPECTED,SUPPORTING,0.657,NONE,NORMAL,VALIDATION,True,LEGITIMATE,ACTIVE,2025-12-11,2026-04-29
0.307,CONFIRMED,SUPPORTING,0.931,NONE,NORMAL,TRAIN,True,CRIMINAL,ACTIVE,2025-11-13,2026-04-02
0.607,UNKNOWN,NEUTRAL,0.268,LEGITIMATE_ANOMALY,NORMAL,TRAIN,True,MIXED,ACTIVE,2025-12-12,2026-03-27
0.511,FALSE,CONTRADICTING,0.142,NONE,NORMAL,TRAIN,True,MIXED,ACTIVE,2025-10-21,2026-03-16
0.192,SUSPECTED,SUPPORTING,0.682,LEGITIMATE_ANOMALY,NORMAL,TEST,True,AMBIGUOUS,ACTIVE,2026-02-01,2026-06-22
0.293,UNKNOWN,NEUTRAL,0.452,NONE,NORMAL,TEST,True,AMBIGUOUS,ACTIVE,2025-10-25,2026-04-05
0.353,SUSPECTED,SUPPORTING,0.694,NONE,NORMAL,TRAIN,True,CRIMINAL,ACTIVE,2026-04-27,2026-10-19
0.761,CONFIRMED,SUPPORTING,0.922,NONE,NORMAL,TRAIN,True,CRIMINAL,ACTIVE,2025-12-19,2026-03-26
0.2,SUSPECTED,SUPPORTING,0.664,NONE,NORMAL,TRAIN,True,CRIMINAL,ACTIVE,2026-02-17,2026-07-11
0.723,SUSPECTED,SUPPORTING,0.599,NONE,NORMAL,TRAIN,True,CRIMINAL,ACTIVE,2026-03-06,2026-07-12
0.37,CONFIRMED,SUPPORTING,0.833,CONTEXTUAL_ANOMALY,NORMAL,TRAIN,True,CRIMINAL,ACTIVE,2026-06-14,2026-07-20
0.786,FALSE,CONTRADICTING,0.418,NONE,NORMAL,VALIDATION,True,LEGITIMATE,ACTIVE,2026-03-06,2026-07-14
0.635,SUSPECTED,SUPPORTING,0.69,NONE,DUPLICATE,TRAIN,True,MIXED,ACTIVE,2026-03-11,2026-05-07
0.208,SUSPECTED,SUPPORTING,0.634,LEGITIMATE_ANOMALY,NORMAL,TRAIN,True,CRIMINAL,ACTIVE,2026-04-05,2026-06-28
0.327,FALSE,CONTRADICTING,0.41,CRIMINAL_ANOMALY,NORMAL,TRAIN,True,MIXED,ACTIVE,2026-02-17,2026-06-24
0.626,CONFIRMED,SUPPORTING,0.984,NONE,NORMAL,TRAIN,True,CRIMINAL,ACTIVE,2026-02-21,2026-04-25
0.255,CONFIRMED,SUPPORTING,0.889,NONE,NORMAL,TRAIN,True,MIXED,ACTIVE,2026-02-28,2026-07-22
0.276,SUSPECTED,SUPPORTING,0.749,NONE,NORMAL,TEST,True,AMBIGUOUS,ACTIVE,2026-04-05,2026-07-23
0.61,SUSPECTED,SUPPORTING,0.668,COLLECTIVE_ANOMALY,NORMAL,VALIDATION,True,LEGITIMATE,ACTIVE,2026-02-06,2026-05-21
0.373,SUSPECTED,SUPPORTING,0.601,NONE,NORMAL,TRAIN,True,MIXED,ACTIVE,2026-06-17,2026-09-06
0.567,SUSPECTED,SUPPORTING,0.845,NONE,NORMAL,TRAIN,True,CRIMINAL,ACTIVE,2026-01-18,2026-06-21
0.542,UNKNOWN,NEUTRAL,0.427,NONE,NORMAL,TRAIN,True,MIXED,ACTIVE,2026-03-30,2026-06-08
0.133,UNKNOWN,NEUTRAL,0.263,NONE,NORMAL,TRAIN,True,CRIMINAL,ACTIVE,2025-11-06,2026-05-10
0.315,SUSPECTED,SUPPORTING,0.701,TEMPORAL_ANOMALY,NORMAL,TRAIN,True,CRIMINAL,ACTIVE,2026-03-04,2026-08-22
0.442,CONFIRMED,SUPPORTING,0.967,NONE,NORMAL,VALIDATION,True,LEGITIMATE,ACTIVE,2026-02-28,2026-07-27
0.775,SUSPECTED,SUPPORTING,0.671,NONE,NORMAL,VALIDATION,True,LEGITIMATE,ACTIVE,2025-12-22,2026-05-30
0.523,CONFIRMED,SUPPORTING,0.978,NONE,NORMAL,TRAIN,True,CRIMINAL,ACTIVE,2025-12-22,2026-03-10
0.594,SUSPECTED,SUPPORTING,0.766,NONE,NORMAL,TRAIN,True,CRIMINAL,ACTIVE,2026-06-14,2026-10-06
0.241,SUSPECTED,SUPPORTING,0.801,NONE,DUPLICATE,TRAIN,True,CRIMINAL,ACTIVE,2026-03-02,2026-08-27
0.262,SUSPECTED,SUPPORTING,0.86,LEGITIMATE_ANOMALY,NORMAL,TRAIN,True,CRIMINAL,ACTIVE,2025-11-18,2026-04-28
0.56,FALSE,CONTRADICTING,0.299,TEMPORAL_ANOMALY,NORMAL,TRAIN,True,MIXED,ACTIVE,2026-04-18,2026-08-04
0.447,CONFIRMED,SUPPORTING,0.917,NONE,NORMAL,TRAIN,True,CRIMINAL,ACTIVE,2026-02-17,2026-06-25
0.096,UNKNOWN,NEUTRAL,0.32,NONE,NORMAL,TRAIN,True,MIXED,ACTIVE,2026-02-17,2026-04-30
0.216,CONFIRMED,SUPPORTING,0.841,NONE,NORMAL,TRAIN,True,MIXED,ACTIVE,2026-03-07,2026-07-18
0.463,CONFIRMED,SUPPORTING,0.879,NONE,NORMAL,TEST,True,AMBIGUOUS,ACTIVE,2026-02-21,2026-08-06
0.059,UNKNOWN,NEUTRAL,0.326,NONE,NORMAL,TEST,True,AMBIGUOUS,ACTIVE,2026-04-06,2026-09-06
0.302,UNKNOWN,NEUTRAL,0.455,NONE,NORMAL,TRAIN,True,MIXED,ACTIVE,2026-03-22,2026-07-08
0.902,UNKNOWN,NEUTRAL,0.501,NONE,NORMAL,TEST,True,AMBIGUOUS,ACTIVE,2026-03-14,2026-06-10
0.261,UNKNOWN,NEUTRAL,0.478,NONE,NORMAL,TRAIN,True,MIXED,ACTIVE,2026-02-19,2026-06-02
0.565,FALSE,CONTRADICTING,0.252,NONE,NORMAL,TRAIN,True,MIXED,ACTIVE,2026-03-02,2026-07-09
0.268,FALSE,CONTRADICTING,0.339,NONE,NORMAL,VALIDATION,True,LEGITIMATE,ACTIVE,2026-07-03,2026-10-03
0.378,FALSE,CONTRADICTING,0.315,NONE,NORMAL,TRAIN,True,CRIMINAL,ACTIVE,2026-03-13,2026-05-25
0.115,FALSE,CONTRADICTING,0.152,NONE,NORMAL,TEST,True,AMBIGUOUS,ACTIVE,2026-01-06,2026-04-12
0.199,CONFIRMED,SUPPORTING,0.91,NONE,NORMAL,TRAIN,True,CRIMINAL,ACTIVE,2026-04-22,2026-08-03
0.549,UNKNOWN,NEUTRAL,0.438,LEGITIMATE_ANOMALY,NORMAL,TRAIN,True,MIXED,ACTIVE,2026-03-15,2026-06-08
0.672,SUSPECTED,SUPPORTING,0.665,NONE,NORMAL,TRAIN,True,MIXED,ACTIVE,2025-12-04,2026-03-17
0.373,SUSPECTED,SUPPORTING,0.75,NONE,NORMAL,TRAIN,True,CRIMINAL,ACTIVE,2025-12-02,2026-06-10
0.301,FALSE,CONTRADICTING,0.121,NONE,REVERSED_RECORD,TRAIN,True,MIXED,ACTIVE,2025-12-03,2026-01-20
0.566,CONFIRMED,SUPPORTING,0.898,NONE,NORMAL,VALIDATION,True,LEGITIMATE,ACTIVE,2026-04-26,2026-10-01
0.112,FALSE,CONTRADICTING,0.398,NONE,NORMAL,TRAIN,True,MIXED,ACTIVE,2026-05-01,2026-09-01
0.417,SUSPECTED,SUPPORTING,0.773,NONE,NORMAL,TRAIN,True,CRIMINAL,ACTIVE,2025-12-06,2026-06-21
0.315,SUSPECTED,SUPPORTING,0.824,NONE,NORMAL,TRAIN,True,CRIMINAL,ACTIVE,2026-05-02,2026-10-01
0.405,FALSE,CONTRADICTING,0.249,NONE,NORMAL,TRAIN,True,MIXED,ACTIVE,2026-05-19,2026-08-16
0.398,UNKNOWN,NEUTRAL,0.238,CONTEXTUAL_ANOMALY,NORMAL,TRAIN,True,CRIMINAL,ACTIVE,2025-10-06,2026-02-01
0.327,SUSPECTED,SUPPORTING,0.755,NONE,NORMAL,TRAIN,True,MIXED,ACTIVE,2026-04-29,2026-09-03
0.151,UNKNOWN,NEUTRAL,0.278,TEMPORAL_ANOMALY,NORMAL,TEST,True,AMBIGUOUS,ACTIVE,2026-02-17,2026-08-05
0.385,UNKNOWN,NEUTRAL,0.25,NONE,NORMAL,TRAIN,True,CRIMINAL,ACTIVE,2026-04-08,2026-06-15
0.446,SUSPECTED,SUPPORTING,0.776,NONE,NORMAL,TRAIN,True,CRIMINAL,ACTIVE,2026-04-20,2026-08-20
0.538,FALSE,CONTRADICTING,0.352,NONE,NORMAL,TRAIN,True,CRIMINAL,ACTIVE,2026-02-26,2026-05-16
0.436,SUSPECTED,SUPPORTING,0.799,NONE,NORMAL,VALIDATION,True,LEGITIMATE,ACTIVE,2026-02-16,2026-06-02
0.192,UNKNOWN,NEUTRAL,0.393,NONE,REVERSED_RECORD,TEST,True,AMBIGUOUS,ACTIVE,2025-12-27,2026-07-01
0.457,FALSE,CONTRADICTING,0.337,NONE,NORMAL,TRAIN,True,MIXED,ACTIVE,2026-05-28,2026-09-20
0.422,CONFIRMED,SUPPORTING,0.889,NONE,NORMAL,TRAIN,True,CRIMINAL,ACTIVE,2026-04-20,2026-08-16
0.643,UNKNOWN,NEUTRAL,0.473,NONE,NORMAL,TEST,True,AMBIGUOUS,ACTIVE,2026-06-08,2026-10-26
0.674,FALSE,CONTRADICTING,0.284,CONTEXTUAL_ANOMALY,NORMAL,VALIDATION,True,LEGITIMATE,ACTIVE,2026-04-24,2026-08-05
0.394,UNKNOWN,NEUTRAL,0.535,TEMPORAL_ANOMALY,NORMAL,TEST,True,AMBIGUOUS,ACTIVE,2025-12-14,2026-02-02
0.689,SUSPECTED,SUPPORTING,0.85,NONE,NORMAL,TRAIN,True,MIXED,ACTIVE,2026-04-10,2026-10-06
0.689,UNKNOWN,NEUTRAL,0.248,NONE,NORMAL,TRAIN,True,CRIMINAL,ACTIVE,2026-02-26,2026-06-13
0.242,SUSPECTED,SUPPORTING,0.836,CRIMINAL_ANOMALY,NORMAL,TRAIN,True,CRIMINAL,ACTIVE,2026-04-22,2026-10-25
0.57,SUSPECTED,SUPPORTING,0.818,NONE,NORMAL,TRAIN,True,MIXED,ACTIVE,2026-03-31,2026-07-03
0.869,CONFIRMED,SUPPORTING,0.923,NONE,NORMAL,TRAIN,True,CRIMINAL,ACTIVE,2026-03-16,2026-09-07
0.358,FALSE,CONTRADICTING,0.255,NONE,DUPLICATE,TRAIN,True,MIXED,ACTIVE,2026-02-02,2026-05-03
0.185,FALSE,CONTRADICTING,0.275,NONE,NORMAL,TRAIN,True,CRIMINAL,ACTIVE,2025-12-23,2026-05-18
0.334,UNKNOWN,NEUTRAL,0.381,NONE,NORMAL,TRAIN,True,CRIMINAL,ACTIVE,2025-11-09,2026-03-09
0.246,FALSE,CONTRADICTING,0.147,NONE,NORMAL,VALIDATION,True,LEGITIMATE,ACTIVE,2025-12-13,2026-02-10
0.288,SUSPECTED,SUPPORTING,0.584,NONE,NORMAL,TRAIN,True,MIXED,ACTIVE,2026-02-17,2026-08-08
0.47,UNKNOWN,NEUTRAL,0.207,NONE,NORMAL,TRAIN,True,LEGITIMATE,ACTIVE,2025-12-18,2026-04-17
0.06,CONFIRMED,SUPPORTING,0.942,NONE,NORMAL,TEST,True,AMBIGUOUS,ACTIVE,2026-01-06,2026-02-14
0.649,CONFIRMED,SUPPORTING,0.953,NONE,NORMAL,TEST,True,AMBIGUOUS,ACTIVE,2026-02-04,2026-04-19
0.74,CONFIRMED,SUPPORTING,0.841,TEMPORAL_ANOMALY,NORMAL,TRAIN,True,CRIMINAL,ACTIVE,2026-06-12,2026-09-19
0.252,FALSE,CONTRADICTING,0.182,CONTEXTUAL_ANOMALY,FORMATTING_VARIATION,VALIDATION,True,LEGITIMATE,ACTIVE,2026-05-09,2026-08-26
0.597,UNKNOWN,NEUTRAL,0.386,NONE,NORMAL,TEST,True,AMBIGUOUS,ACTIVE,2026-05-27,2026-08-16
0.459,CONFIRMED,SUPPORTING,0.965,NONE,NORMAL,VALIDATION,True,LEGITIMATE,ACTIVE,2026-06-15,2026-09-05
0.514,CONFIRMED,SUPPORTING,0.831,NONE,NORMAL,TEST,True,AMBIGUOUS,ACTIVE,2026-02-17,2026-06-19
0.453,UNKNOWN,NEUTRAL,0.542,NONE,REVERSED_RECORD,TRAIN,True,CRIMINAL,ACTIVE,2025-12-09,2026-02-15
0.175,SUSPECTED,SUPPORTING,0.65,NONE,NORMAL,VALIDATION,True,LEGITIMATE,ACTIVE,2026-05-27,2026-09-18
0.226,CONFIRMED,SUPPORTING,0.974,NONE,NORMAL,TRAIN,True,CRIMINAL,ACTIVE,2025-10-20,2026-03-25
0.213,SUSPECTED,SUPPORTING,0.816,NONE,NORMAL,TRAIN,True,CRIMINAL,ACTIVE,2026-04-13,2026-06-09
0.566,FALSE,CONTRADICTING,0.367,NONE,NORMAL,VALIDATION,True,LEGITIMATE,ACTIVE,2026-05-03,2026-07-27
0.316,UNKNOWN,NEUTRAL,0.375,NONE,NORMAL,TRAIN,True,CRIMINAL,ACTIVE,2026-03-29,2026-06-05
0.634,SUSPECTED,SUPPORTING,0.795,NONE,NORMAL,TRAIN,True,CRIMINAL,ACTIVE,2026-07-12,2026-10-10
0.808,UNKNOWN,NEUTRAL,0.538,NONE,NORMAL,TRAIN,True,MIXED,ACTIVE,2026-03-12,2026-06-09
0.541,CONFIRMED,SUPPORTING,0.974,NONE,NORMAL,VALIDATION,True,LEGITIMATE,ACTIVE,2026-03-17,2026-08-07
0.748,SUSPECTED,SUPPORTING,0.653,NONE,NORMAL,TRAIN,True,MIXED,ACTIVE,2025-11-10,2026-03-10
0.223,UNKNOWN,NEUTRAL,0.452,CONTEXTUAL_ANOMALY,NORMAL,TEST,True,AMBIGUOUS,ACTIVE,2026-02-11,2026-03-31
0.398,CONFIRMED,SUPPORTING,0.921,NONE,NORMAL,TRAIN,True,CRIMINAL,ACTIVE,2026-05-20,2026-09-22
0.466,SUSPECTED,SUPPORTING,0.67,NONE,NORMAL,TRAIN,True,CRIMINAL,ACTIVE,2026-01-07,2026-04-27
0.44,SUSPECTED,SUPPORTING,0.658,NONE,NORMAL,TRAIN,True,MIXED,ACTIVE,2026-05-05,2026-07-27
0.421,FALSE,CONTRADICTING,0.415,NONE,NORMAL,TRAIN,True,MIXED,ACTIVE,2026-05-05,2026-10-15
0.473,FALSE,CONTRADICTING,0.35,NONE,NORMAL,TEST,True,AMBIGUOUS,ACTIVE,2025-10-20,2026-03-16
0.345,SUSPECTED,SUPPORTING,0.779,NONE,NORMAL,TEST,True,AMBIGUOUS,ACTIVE,2026-03-31,2026-06-21
0.682,CONFIRMED,SUPPORTING,0.978,NONE,NORMAL,TRAIN,True,MIXED,ACTIVE,2026-02-27,2026-06-05
0.193,FALSE,CONTRADICTING,0.159,NONE,NORMAL,TRAIN,True,CRIMINAL,ACTIVE,2026-01-09,2026-06-23
0.607,SUSPECTED,SUPPORTING,0.832,NONE,NORMAL,VALIDATION,True,LEGITIMATE,ACTIVE,2025-12-20,2026-03-17
0.267,CONFIRMED,SUPPORTING,0.987,NONE,NORMAL,TRAIN,True,CRIMINAL,ACTIVE,2026-04-30,2026-07-23
0.449,CONFIRMED,SUPPORTING,0.897,NONE,NORMAL,TRAIN,True,CRIMINAL,ACTIVE,2026-01-08,2026-02-09
0.634,UNKNOWN,NEUTRAL,0.403,NONE,NORMAL,TEST,True,AMBIGUOUS,ACTIVE,2026-05-04,2026-07-21
0.632,CONFIRMED,SUPPORTING,0.927,NONE,NORMAL,TRAIN,True,CRIMINAL,ACTIVE,2025-10-24,2026-03-01
0.213,SUSPECTED,SUPPORTING,0.75,NONE,NORMAL,TRAIN,True,CRIMINAL,ACTIVE,2026-04-09,2026-07-25
0.561,SUSPECTED,SUPPORTING,0.645,NONE,NORMAL,VALIDATION,True,LEGITIMATE,ACTIVE,2025-11-18,2026-05-03
0.318,SUSPECTED,SUPPORTING,0.701,NONE,NORMAL,VALIDATION,True,LEGITIMATE,ACTIVE,2026-05-03,2026-09-23
0.701,SUSPECTED,SUPPORTING,0.656,NONE,NORMAL,TRAIN,True,MIXED,ACTIVE,2026-03-28,2026-07-07
0.522,SUSPECTED,SUPPORTING,0.807,NONE,NORMAL,TRAIN,True,MIXED,ACTIVE,2026-01-03,2026-04-22
0.529,SUSPECTED,SUPPORTING,0.666,NONE,NORMAL,VALIDATION,True,LEGITIMATE,ACTIVE,2026-04-30,2026-08-25
0.254,CONFIRMED,SUPPORTING,0.916,NONE,NORMAL,TRAIN,True,MIXED,ACTIVE,2025-09-28,2026-02-25
0.179,UNKNOWN,NEUTRAL,0.451,NONE,NORMAL,TRAIN,True,CRIMINAL,ACTIVE,2025-10-27,2026-02-28
0.445,SUSPECTED,SUPPORTING,0.689,NONE,NORMAL,TRAIN,True,MIXED,ACTIVE,2025-11-10,2026-02-12
0.349,UNKNOWN,NEUTRAL,0.506,NONE,NORMAL,TRAIN,True,CRIMINAL,ACTIVE,2026-02-13,2026-06-09
0.271,FALSE,CONTRADICTING,0.346,NONE,NORMAL,TRAIN,True,CRIMINAL,ACTIVE,2025-12-14,2026-05-27
0.633,FALSE,CONTRADICTING,0.202,COLLECTIVE_ANOMALY,NORMAL,TRAIN,True,LEGITIMATE,ACTIVE,2025-12-06,2026-03-25
0.094,FALSE,CONTRADICTING,0.295,NONE,NORMAL,TRAIN,True,LEGITIMATE,ACTIVE,2025-11-24,2026-01-19
0.277,CONFIRMED,SUPPORTING,0.845,NONE,NORMAL,TRAIN,True,CRIMINAL,ACTIVE,2026-01-11,2026-06-13
0.261,UNKNOWN,NEUTRAL,0.416,NONE,NORMAL,TRAIN,True,MIXED,ACTIVE,2026-02-05,2026-05-12
0.516,CONFIRMED,SUPPORTING,0.946,NONE,MISSING_COUNTERPARTY,TRAIN,True,CRIMINAL,ACTIVE,2025-11-10,2026-03-03
0.069,FALSE,CONTRADICTING,0.253,NONE,NORMAL,TRAIN,True,LEGITIMATE,ACTIVE,2026-05-22,2026-08-13
0.164,SUSPECTED,SUPPORTING,0.852,CONTEXTUAL_ANOMALY,NORMAL,TRAIN,True,CRIMINAL,ACTIVE,2026-04-01,2026-07-07
0.663,UNKNOWN,NEUTRAL,0.455,NONE,NORMAL,TEST,True,AMBIGUOUS,ACTIVE,2026-04-04,2026-07-29
0.23,CONFIRMED,SUPPORTING,0.914,NONE,NORMAL,TRAIN,True,CRIMINAL,ACTIVE,2026-07-25,2026-11-09
0.324,SUSPECTED,SUPPORTING,0.619,COLLECTIVE_ANOMALY,NORMAL,TRAIN,True,CRIMINAL,ACTIVE,2025-12-17,2026-06-05
0.16,UNKNOWN,NEUTRAL,0.213,NONE,NORMAL,TRAIN,True,LEGITIMATE,ACTIVE,2026-03-20,2026-09-19
0.522,SUSPECTED,SUPPORTING,0.653,NONE,NORMAL,TRAIN,True,CRIMINAL,ACTIVE,2026-03-25,2026-05-30
0.691,FALSE,CONTRADICTING,0.177,CRIMINAL_ANOMALY,NORMAL,TRAIN,True,CRIMINAL,ACTIVE,2026-04-12,2026-08-15
0.353,SUSPECTED,SUPPORTING,0.762,CONTEXTUAL_ANOMALY,NORMAL,TRAIN,True,CRIMINAL,ACTIVE,2026-01-28,2026-06-02
0.503,UNKNOWN,NEUTRAL,0.45,NONE,NORMAL,VALIDATION,True,LEGITIMATE,ACTIVE,2025-12-15,2026-04-27
0.37,SUSPECTED,SUPPORTING,0.855,TEMPORAL_ANOMALY,DUPLICATE,TRAIN,True,MIXED,ACTIVE,2026-02-26,2026-07-05
0.349,FALSE,CONTRADICTING,0.239,NONE,NORMAL,TRAIN,True,MIXED,ACTIVE,2025-11-03,2026-03-03
0.53,SUSPECTED,SUPPORTING,0.784,CRIMINAL_ANOMALY,REVERSED_RECORD,TRAIN,True,MIXED,ACTIVE,2026-02-26,2026-05-18
0.826,CONFIRMED,SUPPORTING,0.982,NONE,NORMAL,TEST,True,AMBIGUOUS,ACTIVE,2025-11-28,2026-03-24
0.31,UNKNOWN,NEUTRAL,0.323,CONTEXTUAL_ANOMALY,NORMAL,TRAIN,True,MIXED,ACTIVE,2026-05-14,2026-08-10
0.622,FALSE,CONTRADICTING,0.232,NONE,NORMAL,VALIDATION,True,LEGITIMATE,ACTIVE,2026-04-20,2026-05-21
0.878,FALSE,CONTRADICTING,0.302,NONE,NORMAL,TRAIN,True,LEGITIMATE,ACTIVE,2026-03-07,2026-05-20
0.557,SUSPECTED,SUPPORTING,0.668,NONE,NORMAL,TRAIN,True,MIXED,ACTIVE,2026-04-23,2026-08-25
0.297,UNKNOWN,NEUTRAL,0.203,NONE,NORMAL,TRAIN,True,MIXED,ACTIVE,2026-04-08,2026-06-30
0.755,FALSE,CONTRADICTING,0.231,NONE,NORMAL,VALIDATION,True,LEGITIMATE,ACTIVE,2026-04-30,2026-10-22
0.662,SUSPECTED,SUPPORTING,0.772,NONE,NORMAL,TEST,True,AMBIGUOUS,ACTIVE,2026-01-11,2026-05-17
0.072,SUSPECTED,SUPPORTING,0.733,NONE,NORMAL,TEST,True,AMBIGUOUS,ACTIVE,2026-08-06,2026-11-05
0.358,CONFIRMED,SUPPORTING,0.82,NONE,MISSING_COUNTERPARTY,TRAIN,True,CRIMINAL,ACTIVE,2025-12-27,2026-03-25
0.053,FALSE,CONTRADICTING,0.386,NONE,NORMAL,VALIDATION,True,LEGITIMATE,ACTIVE,2026-01-21,2026-04-13
0.029,UNKNOWN,NEUTRAL,0.428,NONE,NORMAL,TRAIN,True,CRIMINAL,ACTIVE,2026-02-23,2026-06-03
0.267,UNKNOWN,NEUTRAL,0.466,NONE,NORMAL,TRAIN,True,MIXED,ACTIVE,2026-03-13,2026-09-11
0.305,UNKNOWN,NEUTRAL,0.494,NONE,NORMAL,TRAIN,True,CRIMINAL,ACTIVE,2025-11-20,2026-05-02
0.649,CONFIRMED,SUPPORTING,0.979,NONE,NORMAL,TRAIN,True,LEGITIMATE,ACTIVE,2026-03-09,2026-05-19
0.267,UNKNOWN,NEUTRAL,0.409,NONE,NORMAL,TRAIN,True,CRIMINAL,ACTIVE,2026-03-14,2026-05-04
0.471,UNKNOWN,NEUTRAL,0.338,NONE,NORMAL,TEST,True,AMBIGUOUS,ACTIVE,2026-03-30,2026-10-13
0.724,UNKNOWN,NEUTRAL,0.22,NONE,NORMAL,TRAIN,True,CRIMINAL,ACTIVE,2026-04-07,2026-08-07
0.232,FALSE,CONTRADICTING,0.325,NONE,NORMAL,TRAIN,True,CRIMINAL,ACTIVE,2025-12-10,2026-04-29
0.499,SUSPECTED,SUPPORTING,0.697,CRIMINAL_ANOMALY,NORMAL,TRAIN,True,CRIMINAL,ACTIVE,2026-01-01,2026-04-24
0.252,CONFIRMED,SUPPORTING,0.908,NONE,NORMAL,TRAIN,True,CRIMINAL,ACTIVE,2026-03-27,2026-06-04
0.679,UNKNOWN,NEUTRAL,0.361,NONE,NORMAL,VALIDATION,True,LEGITIMATE,ACTIVE,2025-11-27,2026-02-23
0.775,SUSPECTED,SUPPORTING,0.62,COLLECTIVE_ANOMALY,NORMAL,TEST,True,AMBIGUOUS,ACTIVE,2026-02-14,2026-08-14
0.237,UNKNOWN,NEUTRAL,0.419,NONE,NORMAL,TRAIN,True,CRIMINAL,ACTIVE,2025-11-16,2026-03-06
0.339,CONFIRMED,SUPPORTING,0.86,NONE,NORMAL,TRAIN,True,MIXED,ACTIVE,2025-11-15,2026-04-12
0.587,CONFIRMED,SUPPORTING,0.88,LEGITIMATE_ANOMALY,NORMAL,TRAIN,True,CRIMINAL,ACTIVE,2025-12-22,2026-06-07
0.043,SUSPECTED,SUPPORTING,0.614,NONE,NORMAL,TRAIN,True,CRIMINAL,ACTIVE,2026-06-17,2026-09-01
0.116,SUSPECTED,SUPPORTING,0.754,CONTEXTUAL_ANOMALY,NORMAL,TEST,True,AMBIGUOUS,ACTIVE,2026-03-31,2026-09-18
0.53,FALSE,CONTRADICTING,0.251,NONE,NORMAL,TRAIN,True,CRIMINAL,ACTIVE,2025-11-13,2026-02-02
0.068,UNKNOWN,NEUTRAL,0.428,NONE,NORMAL,TRAIN,True,MIXED,ACTIVE,2026-03-20,2026-06-16
0.345,CONFIRMED,SUPPORTING,0.866,NONE,NORMAL,TRAIN,True,MIXED,ACTIVE,2025-11-16,2026-03-26
0.478,UNKNOWN,NEUTRAL,0.235,NONE,NORMAL,TRAIN,True,MIXED,ACTIVE,2026-04-21,2026-08-17
0.239,UNKNOWN,NEUTRAL,0.319,NONE,NORMAL,TRAIN,True,MIXED,ACTIVE,2026-04-19,2026-08-20
0.502,CONFIRMED,SUPPORTING,0.896,NONE,NORMAL,TRAIN,True,CRIMINAL,ACTIVE,2025-12-14,2026-05-28
0.568,SUSPECTED,SUPPORTING,0.719,NONE,NORMAL,TEST,True,AMBIGUOUS,ACTIVE,2026-03-19,2026-07-05
0.82,UNKNOWN,NEUTRAL,0.232,NONE,NORMAL,TRAIN,True,MIXED,ACTIVE,2025-12-24,2026-05-19
0.493,CONFIRMED,SUPPORTING,0.837,NONE,NORMAL,TRAIN,True,CRIMINAL,ACTIVE,2026-02-14,2026-06-22
0.598,SUSPECTED,SUPPORTING,0.617,NONE,NORMAL,TRAIN,True,MIXED,ACTIVE,2026-02-09,2026-05-16
0.327,UNKNOWN,NEUTRAL,0.418,NONE,NORMAL,TRAIN,True,MIXED,ACTIVE,2026-05-06,2026-08-13
0.669,SUSPECTED,SUPPORTING,0.617,NONE,NORMAL,TRAIN,True,MIXED,ACTIVE,2025-10-15,2026-04-13
0.348,SUSPECTED,SUPPORTING,0.725,NONE,FORMATTING_VARIATION,TRAIN,True,MIXED,ACTIVE,2026-03-28,2026-08-30
0.514,UNKNOWN,NEUTRAL,0.211,CRIMINAL_ANOMALY,NORMAL,VALIDATION,True,LEGITIMATE,ACTIVE,2025-09-18,2026-02-08
0.6,FALSE,CONTRADICTING,0.401,LEGITIMATE_ANOMALY,NORMAL,VALIDATION,True,LEGITIMATE,ACTIVE,2025-11-15,2026-04-01
0.566,SUSPECTED,SUPPORTING,0.833,TEMPORAL_ANOMALY,NORMAL,VALIDATION,True,LEGITIMATE,ACTIVE,2025-10-21,2026-03-27
0.244,CONFIRMED,SUPPORTING,0.873,NONE,DUPLICATE,VALIDATION,True,LEGITIMATE,ACTIVE,2025-10-08,2026-01-29
0.14,FALSE,CONTRADICTING,0.38,NONE,NORMAL,TRAIN,True,CRIMINAL,ACTIVE,2026-01-14,2026-04-06
0.848,SUSPECTED,SUPPORTING,0.597,NONE,NORMAL,VALIDATION,True,LEGITIMATE,ACTIVE,2026-04-06,2026-07-25
0.248,CONFIRMED,SUPPORTING,0.887,NONE,NORMAL,TRAIN,True,CRIMINAL,ACTIVE,2026-05-31,2026-10-06
0.325,SUSPECTED,SUPPORTING,0.738,NONE,NORMAL,TRAIN,True,CRIMINAL,ACTIVE,2025-11-13,2026-02-26
0.444,UNKNOWN,NEUTRAL,0.501,NONE,NORMAL,TRAIN,True,MIXED,ACTIVE,2026-03-24,2026-08-18
0.449,SUSPECTED,SUPPORTING,0.85,NONE,NORMAL,TRAIN,True,CRIMINAL,ACTIVE,2026-03-26,2026-05-24
0.204,UNKNOWN,NEUTRAL,0.393,NONE,NORMAL,TEST,True,AMBIGUOUS,ACTIVE,2026-05-05,2026-09-03
0.312,CONFIRMED,SUPPORTING,0.946,NONE,NORMAL,TRAIN,True,CRIMINAL,ACTIVE,2026-02-20,2026-06-06
0.48,UNKNOWN,NEUTRAL,0.433,NONE,NORMAL,TRAIN,True,CRIMINAL,ACTIVE,2025-11-07,2026-03-07
0.174,SUSPECTED,SUPPORTING,0.637,TEMPORAL_ANOMALY,NORMAL,TEST,True,AMBIGUOUS,ACTIVE,2026-03-29,2026-06-19
0.295,CONFIRMED,SUPPORTING,0.879,NONE,NORMAL,TRAIN,True,CRIMINAL,ACTIVE,2026-08-01,2026-10-03
0.38,FALSE,CONTRADICTING,0.357,TEMPORAL_ANOMALY,NORMAL,TRAIN,True,CRIMINAL,ACTIVE,2026-01-12,2026-05-26
0.329,SUSPECTED,SUPPORTING,0.76,NONE,NORMAL,TEST,True,AMBIGUOUS,ACTIVE,2025-10-29,2026-05-05
0.729,UNKNOWN,NEUTRAL,0.531,NONE,NORMAL,TEST,True,AMBIGUOUS,ACTIVE,2026-06-04,2026-08-31
0.296,SUSPECTED,SUPPORTING,0.825,NONE,NORMAL,TRAIN,True,CRIMINAL,ACTIVE,2025-12-15,2026-01-31
0.087,SUSPECTED,SUPPORTING,0.807,NONE,NORMAL,TRAIN,True,CRIMINAL,ACTIVE,2026-01-13,2026-05-06
0.288,FALSE,CONTRADICTING,0.155,NONE,NORMAL,TEST,True,AMBIGUOUS,ACTIVE,2025-12-26,2026-04-11
0.403,FALSE,CONTRADICTING,0.314,NONE,NORMAL,TRAIN,True,CRIMINAL,ACTIVE,2025-11-09,2026-02-26
0.746,CONFIRMED,SUPPORTING,0.968,CRIMINAL_ANOMALY,NORMAL,TRAIN,True,MIXED,ACTIVE,2026-04-30,2026-07-08
0.378,SUSPECTED,SUPPORTING,0.729,NONE,NORMAL,TRAIN,True,MIXED,ACTIVE,2025-12-25,2026-07-10
0.319,CONFIRMED,SUPPORTING,0.849,NONE,NORMAL,VALIDATION,True,LEGITIMATE,ACTIVE,2026-02-05,2026-06-01
0.68,SUSPECTED,SUPPORTING,0.738,NONE,NORMAL,TRAIN,True,CRIMINAL,ACTIVE,2025-11-03,2026-05-01
0.503,CONFIRMED,SUPPORTING,0.942,NONE,NORMAL,TRAIN,True,CRIMINAL,ACTIVE,2025-12-30,2026-05-14
0.723,UNKNOWN,NEUTRAL,0.481,NONE,NORMAL,VALIDATION,True,LEGITIMATE,ACTIVE,2026-05-10,2026-09-04
0.39,CONFIRMED,SUPPORTING,0.977,NONE,NORMAL,VALIDATION,True,LEGITIMATE,ACTIVE,2026-01-26,2026-05-29
0.463,SUSPECTED,SUPPORTING,0.77,NONE,NORMAL,VALIDATION,True,LEGITIMATE,ACTIVE,2025-12-06,2026-03-15
0.572,UNKNOWN,NEUTRAL,0.413,NONE,REVERSED_RECORD,TRAIN,True,CRIMINAL,ACTIVE,2026-06-13,2026-09-27
0.396,UNKNOWN,NEUTRAL,0.269,LEGITIMATE_ANOMALY,DUPLICATE,TRAIN,True,MIXED,ACTIVE,2026-02-17,2026-05-19
0.287,CONFIRMED,SUPPORTING,0.9,NONE,NORMAL,TRAIN,True,CRIMINAL,ACTIVE,2026-01-13,2026-04-02
0.841,SUSPECTED,SUPPORTING,0.819,LEGITIMATE_ANOMALY,REVERSED_RECORD,TRAIN,True,CRIMINAL,ACTIVE,2025-11-22,2026-03-16
0.332,UNKNOWN,NEUTRAL,0.523,NONE,NORMAL,TRAIN,True,CRIMINAL,ACTIVE,2026-02-24,2026-04-12
0.478,UNKNOWN,NEUTRAL,0.441,NONE,NORMAL,TEST,True,AMBIGUOUS,ACTIVE,2025-11-17,2026-01-24
0.768,FALSE,CONTRADICTING,0.341,NONE,NORMAL,TEST,True,AMBIGUOUS,ACTIVE,2026-04-17,2026-08-14
0.364,SUSPECTED,SUPPORTING,0.581,CONTEXTUAL_ANOMALY,NORMAL,TRAIN,True,CRIMINAL,ACTIVE,2026-01-24,2026-04-27
0.301,CONFIRMED,SUPPORTING,0.922,CRIMINAL_ANOMALY,NORMAL,TEST,True,AMBIGUOUS,ACTIVE,2025-11-12,2026-05-01
0.361,UNKNOWN,NEUTRAL,0.526,NONE,NORMAL,VALIDATION,True,LEGITIMATE,ACTIVE,2026-01-28,2026-05-01
0.363,UNKNOWN,NEUTRAL,0.512,LEGITIMATE_ANOMALY,NORMAL,TRAIN,True,MIXED,ACTIVE,2026-02-04,2026-05-17
0.677,CONFIRMED,SUPPORTING,0.976,NONE,NORMAL,TEST,True,AMBIGUOUS,ACTIVE,2026-05-27,2026-09-22
0.262,FALSE,CONTRADICTING,0.186,CRIMINAL_ANOMALY,NORMAL,VALIDATION,True,LEGITIMATE,ACTIVE,2026-02-07,2026-06-25
0.424,SUSPECTED,SUPPORTING,0.633,NONE,NORMAL,TRAIN,True,CRIMINAL,ACTIVE,2026-02-10,2026-09-03
0.948,FALSE,CONTRADICTING,0.219,CONTEXTUAL_ANOMALY,NORMAL,TRAIN,True,MIXED,ACTIVE,2026-06-27,2026-10-30
0.596,FALSE,CONTRADICTING,0.397,NONE,NORMAL,TEST,True,AMBIGUOUS,ACTIVE,2026-02-21,2026-06-09
0.232,CONFIRMED,SUPPORTING,0.853,LEGITIMATE_ANOMALY,REVERSED_RECORD,TRAIN,True,MIXED,ACTIVE,2025-11-20,2026-03-01
0.228,CONFIRMED,SUPPORTING,0.897,NONE,NORMAL,TRAIN,True,CRIMINAL,ACTIVE,2026-05-19,2026-09-05
0.441,SUSPECTED,SUPPORTING,0.679,LEGITIMATE_ANOMALY,REVERSED_RECORD,TEST,True,AMBIGUOUS,ACTIVE,2025-12-12,2026-05-15
0.635,CONFIRMED,SUPPORTING,0.858,NONE,NORMAL,TRAIN,True,CRIMINAL,ACTIVE,2025-12-07,2026-04-08
0.46,UNKNOWN,NEUTRAL,0.513,NONE,NORMAL,TRAIN,True,LEGITIMATE,ACTIVE,2026-03-11,2026-04-27
0.689,FALSE,CONTRADICTING,0.378,CONTEXTUAL_ANOMALY,NORMAL,TEST,True,AMBIGUOUS,ACTIVE,2026-08-03,2026-09-25
0.436,FALSE,CONTRADICTING,0.296,NONE,NORMAL,VALIDATION,True,LEGITIMATE,ACTIVE,2026-04-26,2026-08-16
0.78,SUSPECTED,SUPPORTING,0.848,NONE,NORMAL,TRAIN,True,LEGITIMATE,ACTIVE,2026-04-03,2026-08-11
0.889,SUSPECTED,SUPPORTING,0.629,NONE,NORMAL,VALIDATION,True,LEGITIMATE,ACTIVE,2026-06-16,2026-09-30
0.584,UNKNOWN,NEUTRAL,0.307,NONE,NORMAL,TEST,True,AMBIGUOUS,ACTIVE,2026-04-26,2026-07-21
0.068,SUSPECTED,SUPPORTING,0.849,TEMPORAL_ANOMALY,NORMAL,TRAIN,True,CRIMINAL,ACTIVE,2025-12-31,2026-02-14
0.771,UNKNOWN,NEUTRAL,0.327,NONE,NORMAL,TRAIN,True,MIXED,ACTIVE,2025-10-23,2026-03-01
0.743,SUSPECTED,SUPPORTING,0.737,NONE,NORMAL,TRAIN,True,MIXED,ACTIVE,2025-12-26,2026-06-09
0.145,SUSPECTED,SUPPORTING,0.815,NONE,NORMAL,TRAIN,True,MIXED,ACTIVE,2026-05-13,2026-07-23
0.579,UNKNOWN,NEUTRAL,0.54,NONE,NORMAL,TEST,True,AMBIGUOUS,ACTIVE,2026-01-30,2026-07-05
0.412,UNKNOWN,NEUTRAL,0.38,NONE,NORMAL,TRAIN,True,MIXED,ACTIVE,2025-09-25,2026-03-31
0.246,SUSPECTED,SUPPORTING,0.632,NONE,NORMAL,TRAIN,True,CRIMINAL,ACTIVE,2026-06-17,2026-09-12
0.212,SUSPECTED,SUPPORTING,0.637,NONE,NORMAL,TRAIN,True,CRIMINAL,ACTIVE,2026-01-17,2026-04-10
0.308,UNKNOWN,NEUTRAL,0.389,NONE,NORMAL,TRAIN,True,CRIMINAL,ACTIVE,2026-05-21,2026-07-24
0.322,UNKNOWN,NEUTRAL,0.34,NONE,MISSING_COUNTERPARTY,TRAIN,True,MIXED,ACTIVE,2025-11-27,2026-06-05
0.582,UNKNOWN,NEUTRAL,0.465,CONTEXTUAL_ANOMALY,NORMAL,TRAIN,True,MIXED,ACTIVE,2026-04-07,2026-08-28
0.444,FALSE,CONTRADICTING,0.402,COLLECTIVE_ANOMALY,NORMAL,TEST,True,AMBIGUOUS,ACTIVE,2026-02-02,2026-04-21
0.31,CONFIRMED,SUPPORTING,0.849,NONE,NORMAL,TRAIN,True,MIXED,ACTIVE,2026-05-01,2026-06-19
0.129,SUSPECTED,SUPPORTING,0.828,NONE,NORMAL,TRAIN,True,MIXED,ACTIVE,2025-12-13,2026-04-24
0.341,UNKNOWN,NEUTRAL,0.419,NONE,NORMAL,TEST,True,AMBIGUOUS,ACTIVE,2026-01-04,2026-02-17
0.464,SUSPECTED,SUPPORTING,0.582,NONE,NORMAL,TRAIN,True,CRIMINAL,ACTIVE,2026-01-23,2026-04-29
0.749,SUSPECTED,SUPPORTING,0.84,LEGITIMATE_ANOMALY,NORMAL,TRAIN,True,CRIMINAL,ACTIVE,2026-07-11,2026-11-14
0.616,SUSPECTED,SUPPORTING,0.72,NONE,NORMAL,TRAIN,True,CRIMINAL,ACTIVE,2026-05-24,2026-08-27
0.44,CONFIRMED,SUPPORTING,0.918,NONE,NORMAL,VALIDATION,True,LEGITIMATE,ACTIVE,2026-05-11,2026-10-26
0.795,UNKNOWN,NEUTRAL,0.533,NONE,NORMAL,TRAIN,True,CRIMINAL,ACTIVE,2026-06-12,2026-09-22
0.279,CONFIRMED,SUPPORTING,0.938,NONE,NORMAL,TRAIN,True,CRIMINAL,ACTIVE,2026-04-28,2026-09-12
0.523,FALSE,CONTRADICTING,0.349,NONE,NORMAL,TRAIN,True,MIXED,ACTIVE,2026-01-27,2026-06-09
0.18,FALSE,CONTRADICTING,0.231,NONE,NORMAL,TRAIN,True,LEGITIMATE,ACTIVE,2026-05-27,2026-07-27
0.164,SUSPECTED,SUPPORTING,0.653,NONE,NORMAL,TRAIN,True,CRIMINAL,ACTIVE,2026-01-02,2026-03-23
0.369,SUSPECTED,SUPPORTING,0.826,NONE,NORMAL,TEST,True,AMBIGUOUS,ACTIVE,2025-12-28,2026-06-20
0.488,SUSPECTED,SUPPORTING,0.693,NONE,NORMAL,TRAIN,True,MIXED,ACTIVE,2026-06-08,2026-07-25
0.576,UNKNOWN,NEUTRAL,0.32,NONE,NORMAL,TRAIN,True,MIXED,ACTIVE,2026-05-08,2026-08-22
0.795,UNKNOWN,NEUTRAL,0.457,NONE,NORMAL,TEST,True,AMBIGUOUS,ACTIVE,2025-11-07,2026-04-17
0.445,SUSPECTED,SUPPORTING,0.798,NONE,NORMAL,TRAIN,True,CRIMINAL,ACTIVE,2026-01-23,2026-05-14
0.235,SUSPECTED,SUPPORTING,0.659,NONE,NORMAL,TEST,True,AMBIGUOUS,ACTIVE,2026-07-25,2026-10-19
0.477,UNKNOWN,NEUTRAL,0.543,NONE,NORMAL,TEST,True,AMBIGUOUS,ACTIVE,2026-01-26,2026-05-31
0.428,CONFIRMED,SUPPORTING,0.922,NONE,DUPLICATE,TEST,True,AMBIGUOUS,ACTIVE,2026-03-10,2026-06-28
0.708,CONFIRMED,SUPPORTING,0.922,NONE,NORMAL,TRAIN,True,CRIMINAL,ACTIVE,2025-10-18,2026-04-30
0.391,SUSPECTED,SUPPORTING,0.627,CONTEXTUAL_ANOMALY,NORMAL,TRAIN,True,CRIMINAL,ACTIVE,2026-05-16,2026-07-21
0.194,CONFIRMED,SUPPORTING,0.866,NONE,NORMAL,TRAIN,True,CRIMINAL,ACTIVE,2026-07-19,2026-09-23
0.368,CONFIRMED,SUPPORTING,0.957,LEGITIMATE_ANOMALY,NORMAL,TRAIN,True,CRIMINAL,ACTIVE,2026-06-19,2026-09-22
0.287,UNKNOWN,NEUTRAL,0.251,NONE,NORMAL,VALIDATION,True,LEGITIMATE,ACTIVE,2025-12-04,2026-03-21
0.664,UNKNOWN,NEUTRAL,0.527,NONE,NORMAL,TRAIN,True,CRIMINAL,ACTIVE,2026-05-24,2026-08-26
0.532,SUSPECTED,SUPPORTING,0.735,NONE,NORMAL,TEST,True,AMBIGUOUS,ACTIVE,2026-02-06,2026-06-07
0.473,FALSE,CONTRADICTING,0.199,LEGITIMATE_ANOMALY,NORMAL,VALIDATION,True,LEGITIMATE,ACTIVE,2026-04-30,2026-09-30
0.792,SUSPECTED,SUPPORTING,0.83,NONE,NORMAL,TEST,True,AMBIGUOUS,ACTIVE,2026-05-14,2026-08-09
0.625,UNKNOWN,NEUTRAL,0.215,NONE,NORMAL,TRAIN,True,MIXED,ACTIVE,2026-02-07,2026-07-09
0.279,UNKNOWN,NEUTRAL,0.361,NONE,NORMAL,TRAIN,True,MIXED,ACTIVE,2025-11-29,2026-05-28
0.396,CONFIRMED,SUPPORTING,0.9,NONE,NORMAL,TRAIN,True,MIXED,ACTIVE,2026-01-21,2026-05-23
0.57,SUSPECTED,SUPPORTING,0.716,NONE,NORMAL,TRAIN,True,CRIMINAL,ACTIVE,2026-04-25,2026-07-26
0.801,SUSPECTED,SUPPORTING,0.587,NONE,NORMAL,TRAIN,True,CRIMINAL,ACTIVE,2026-01-11,2026-06-03
0.302,CONFIRMED,SUPPORTING,0.827,TEMPORAL_ANOMALY,NORMAL,VALIDATION,True,LEGITIMATE,ACTIVE,2026-06-28,2026-09-08
0.158,SUSPECTED,SUPPORTING,0.609,NONE,NORMAL,TRAIN,True,MIXED,ACTIVE,2026-04-30,2026-08-24
0.515,UNKNOWN,NEUTRAL,0.464,NONE,NORMAL,TRAIN,True,CRIMINAL,ACTIVE,2026-01-23,2026-02-27
0.512,UNKNOWN,NEUTRAL,0.49,NONE,NORMAL,TRAIN,True,MIXED,ACTIVE,2026-04-10,2026-06-27
0.573,SUSPECTED,SUPPORTING,0.79,NONE,NORMAL,TRAIN,True,CRIMINAL,ACTIVE,2026-03-25,2026-06-14
0.43,SUSPECTED,SUPPORTING,0.82,NONE,NORMAL,TEST,True,AMBIGUOUS,ACTIVE,2026-05-17,2026-07-13
0.475,SUSPECTED,SUPPORTING,0.645,NONE,NORMAL,TRAIN,True,MIXED,ACTIVE,2026-01-13,2026-04-08
0.139,SUSPECTED,SUPPORTING,0.649,CRIMINAL_ANOMALY,DUPLICATE,TRAIN,True,MIXED,ACTIVE,2026-03-19,2026-09-05
0.365,FALSE,CONTRADICTING,0.318,NONE,NORMAL,TRAIN,True,LEGITIMATE,ACTIVE,2026-04-15,2026-06-18
0.318,SUSPECTED,SUPPORTING,0.767,TEMPORAL_ANOMALY,NORMAL,TRAIN,True,MIXED,ACTIVE,2026-07-31,2026-09-30
0.22,CONFIRMED,SUPPORTING,0.913,NONE,NORMAL,TRAIN,True,CRIMINAL,ACTIVE,2025-11-16,2026-04-24
0.622,UNKNOWN,NEUTRAL,0.339,LEGITIMATE_ANOMALY,NORMAL,TRAIN,True,CRIMINAL,ACTIVE,2026-04-29,2026-08-02
0.225,SUSPECTED,SUPPORTING,0.707,NONE,NORMAL,TRAIN,True,LEGITIMATE,ACTIVE,2026-03-24,2026-08-04
0.421,SUSPECTED,SUPPORTING,0.723,NONE,NORMAL,TRAIN,True,CRIMINAL,ACTIVE,2025-12-21,2026-05-26
0.473,UNKNOWN,NEUTRAL,0.402,TEMPORAL_ANOMALY,NORMAL,TRAIN,True,MIXED,ACTIVE,2026-02-06,2026-07-03
0.455,FALSE,CONTRADICTING,0.15,NONE,NORMAL,TRAIN,True,CRIMINAL,ACTIVE,2026-06-15,2026-09-17
0.727,SUSPECTED,SUPPORTING,0.758,NONE,DUPLICATE,TRAIN,True,CRIMINAL,ACTIVE,2026-04-11,2026-06-04
0.287,UNKNOWN,NEUTRAL,0.268,TEMPORAL_ANOMALY,NORMAL,VALIDATION,True,LEGITIMATE,ACTIVE,2026-03-29,2026-08-15
0.73,CONFIRMED,SUPPORTING,0.837,NONE,NORMAL,TRAIN,True,CRIMINAL,ACTIVE,2026-01-04,2026-02-24
0.619,CONFIRMED,SUPPORTING,0.85,NONE,NORMAL,TRAIN,True,MIXED,ACTIVE,2026-03-22,2026-05-24
0.053,CONFIRMED,SUPPORTING,0.875,TEMPORAL_ANOMALY,NORMAL,TRAIN,True,CRIMINAL,ACTIVE,2026-05-01,2026-09-21
0.185,CONFIRMED,SUPPORTING,0.916,CONTEXTUAL_ANOMALY,FORMATTING_VARIATION,TRAIN,True,MIXED,ACTIVE,2026-02-18,2026-05-04
0.398,SUSPECTED,SUPPORTING,0.821,NONE,NORMAL,VALIDATION,True,LEGITIMATE,ACTIVE,2026-04-01,2026-05-05
0.193,CONFIRMED,SUPPORTING,0.934,CONTEXTUAL_ANOMALY,NORMAL,TRAIN,True,CRIMINAL,ACTIVE,2026-04-27,2026-06-17
0.732,SUSPECTED,SUPPORTING,0.669,NONE,DUPLICATE,TRAIN,True,MIXED,ACTIVE,2025-11-23,2026-04-16
0.82,UNKNOWN,NEUTRAL,0.371,NONE,NORMAL,TRAIN,True,MIXED,ACTIVE,2026-02-03,2026-06-04
0.722,CONFIRMED,SUPPORTING,0.864,NONE,NORMAL,TRAIN,True,CRIMINAL,ACTIVE,2026-04-07,2026-09-21
0.403,CONFIRMED,SUPPORTING,0.838,NONE,NORMAL,TRAIN,True,MIXED,ACTIVE,2026-03-19,2026-07-20
0.276,UNKNOWN,NEUTRAL,0.335,NONE,NORMAL,TEST,True,AMBIGUOUS,ACTIVE,2026-03-21,2026-09-30
0.633,UNKNOWN,NEUTRAL,0.338,NONE,NORMAL,TEST,True,AMBIGUOUS,ACTIVE,2025-11-19,2026-02-23
0.336,CONFIRMED,SUPPORTING,0.957,NONE,NORMAL,TEST,True,AMBIGUOUS,ACTIVE,2026-04-11,2026-07-17
0.782,CONFIRMED,SUPPORTING,0.951,CONTEXTUAL_ANOMALY,NORMAL,TRAIN,True,CRIMINAL,ACTIVE,2026-04-01,2026-06-04
0.188,UNKNOWN,NEUTRAL,0.201,CONTEXTUAL_ANOMALY,NORMAL,TRAIN,True,LEGITIMATE,ACTIVE,2026-03-10,2026-07-26
0.086,SUSPECTED,SUPPORTING,0.764,NONE,NORMAL,TRAIN,True,CRIMINAL,ACTIVE,2026-03-25,2026-06-20
0.024,SUSPECTED,SUPPORTING,0.739,NONE,FORMATTING_VARIATION,TRAIN,True,LEGITIMATE,ACTIVE,2026-05-08,2026-08-27
0.025,SUSPECTED,SUPPORTING,0.662,NONE,NORMAL,TEST,True,AMBIGUOUS,ACTIVE,2025-12-08,2026-04-17
0.728,SUSPECTED,SUPPORTING,0.787,NONE,NORMAL,TEST,True,AMBIGUOUS,ACTIVE,2026-02-11,2026-06-01
0.348,SUSPECTED,SUPPORTING,0.6,NONE,NORMAL,TRAIN,True,MIXED,ACTIVE,2025-12-05,2026-04-22
0.367,CONFIRMED,SUPPORTING,0.919,NONE,NORMAL,TRAIN,True,CRIMINAL,ACTIVE,2026-06-07,2026-09-08
0.608,CONFIRMED,SUPPORTING,0.985,NONE,NORMAL,TRAIN,True,CRIMINAL,ACTIVE,2026-02-15,2026-06-03
0.147,SUSPECTED,SUPPORTING,0.593,LEGITIMATE_ANOMALY,NORMAL,VALIDATION,True,LEGITIMATE,ACTIVE,2026-08-02,2026-10-14
0.123,UNKNOWN,NEUTRAL,0.431,CRIMINAL_ANOMALY,NORMAL,TRAIN,True,LEGITIMATE,ACTIVE,2025-11-04,2026-04-20
0.575,CONFIRMED,SUPPORTING,0.986,NONE,NORMAL,TRAIN,True,MIXED,ACTIVE,2026-06-30,2026-09-09
0.756,SUSPECTED,SUPPORTING,0.675,NONE,NORMAL,VALIDATION,True,LEGITIMATE,ACTIVE,2026-02-11,2026-05-22
0.305,UNKNOWN,NEUTRAL,0.356,CRIMINAL_ANOMALY,NORMAL,VALIDATION,True,LEGITIMATE,ACTIVE,2026-02-10,2026-05-07
0.394,UNKNOWN,NEUTRAL,0.395,LEGITIMATE_ANOMALY,NORMAL,TRAIN,True,MIXED,ACTIVE,2026-06-06,2026-08-12
0.582,SUSPECTED,SUPPORTING,0.785,NONE,NORMAL,TRAIN,True,CRIMINAL,ACTIVE,2026-01-29,2026-04-25
0.135,UNKNOWN,NEUTRAL,0.535,NONE,NORMAL,TRAIN,True,MIXED,ACTIVE,2026-02-08,2026-06-05
0.316,CONFIRMED,SUPPORTING,0.839,NONE,NORMAL,TEST,True,AMBIGUOUS,ACTIVE,2026-02-02,2026-07-20
0.259,UNKNOWN,NEUTRAL,0.47,NONE,NORMAL,TRAIN,True,CRIMINAL,ACTIVE,2025-11-22,2026-04-20
0.726,SUSPECTED,SUPPORTING,0.744,NONE,NORMAL,TRAIN,True,MIXED,ACTIVE,2026-02-13,2026-06-22
0.581,SUSPECTED,SUPPORTING,0.652,NONE,NORMAL,TRAIN,True,CRIMINAL,ACTIVE,2025-12-26,2026-03-12
0.067,CONFIRMED,SUPPORTING,0.826,NONE,NORMAL,VALIDATION,True,LEGITIMATE,ACTIVE,2025-09-13,2026-02-02
0.055,SUSPECTED,SUPPORTING,0.682,NONE,NORMAL,TRAIN,True,LEGITIMATE,ACTIVE,2026-01-09,2026-03-06
0.386,UNKNOWN,NEUTRAL,0.419,NONE,NORMAL,TRAIN,True,CRIMINAL,ACTIVE,2026-03-29,2026-08-16
0.293,SUSPECTED,SUPPORTING,0.837,NONE,NORMAL,TEST,True,AMBIGUOUS,ACTIVE,2026-02-17,2026-05-24
0.512,UNKNOWN,NEUTRAL,0.262,NONE,NORMAL,TRAIN,True,MIXED,ACTIVE,2026-02-11,2026-04-08
0.365,UNKNOWN,NEUTRAL,0.25,NONE,NORMAL,TRAIN,True,MIXED,ACTIVE,2026-05-04,2026-08-31
0.285,CONFIRMED,SUPPORTING,0.963,NONE,NORMAL,TEST,True,AMBIGUOUS,ACTIVE,2025-10-21,2026-03-18
0.515,SUSPECTED,SUPPORTING,0.84,NONE,NORMAL,TRAIN,True,MIXED,ACTIVE,2026-05-05,2026-08-28
0.318,CONFIRMED,SUPPORTING,0.912,NONE,NORMAL,TRAIN,True,MIXED,ACTIVE,2026-04-24,2026-07-28
0.43,SUSPECTED,SUPPORTING,0.665,CONTEXTUAL_ANOMALY,NORMAL,TRAIN,True,CRIMINAL,ACTIVE,2025-11-27,2026-04-21
0.447,CONFIRMED,SUPPORTING,0.883,LEGITIMATE_ANOMALY,NORMAL,TRAIN,True,MIXED,ACTIVE,2026-05-01,2026-08-30
0.527,FALSE,CONTRADICTING,0.191,NONE,DUPLICATE,TRAIN,True,CRIMINAL,ACTIVE,2026-04-04,2026-05-13
0.282,SUSPECTED,SUPPORTING,0.857,CONTEXTUAL_ANOMALY,NORMAL,TRAIN,True,CRIMINAL,ACTIVE,2026-06-05,2026-09-28
0.257,SUSPECTED,SUPPORTING,0.79,NONE,NORMAL,TRAIN,True,CRIMINAL,ACTIVE,2026-01-11,2026-03-23
0.278,CONFIRMED,SUPPORTING,0.952,NONE,NORMAL,TRAIN,True,MIXED,ACTIVE,2025-10-17,2026-05-11
0.746,CONFIRMED,SUPPORTING,0.941,NONE,NORMAL,TRAIN,True,CRIMINAL,ACTIVE,2026-06-25,2026-08-31
0.578,CONFIRMED,SUPPORTING,0.831,NONE,NORMAL,TRAIN,True,CRIMINAL,ACTIVE,2026-01-27,2026-06-27
0.238,FALSE,CONTRADICTING,0.416,CONTEXTUAL_ANOMALY,NORMAL,TRAIN,True,CRIMINAL,ACTIVE,2026-02-24,2026-07-26
0.355,CONFIRMED,SUPPORTING,0.899,NONE,NORMAL,VALIDATION,True,LEGITIMATE,ACTIVE,2026-01-14,2026-04-08
0.152,FALSE,CONTRADICTING,0.419,NONE,NORMAL,TRAIN,True,CRIMINAL,ACTIVE,2026-02-28,2026-08-12
0.548,SUSPECTED,SUPPORTING,0.598,NONE,NORMAL,TRAIN,True,MIXED,ACTIVE,2025-10-24,2026-02-23
0.767,UNKNOWN,NEUTRAL,0.459,NONE,NORMAL,VALIDATION,True,LEGITIMATE,ACTIVE,2026-03-18,2026-09-01
0.584,CONFIRMED,SUPPORTING,0.906,NONE,REVERSED_RECORD,TEST,True,AMBIGUOUS,ACTIVE,2026-03-07,2026-06-17
0.401,SUSPECTED,SUPPORTING,0.738,NONE,NORMAL,TRAIN,True,CRIMINAL,ACTIVE,2026-01-11,2026-02-11
0.157,FALSE,CONTRADICTING,0.165,NONE,NORMAL,TRAIN,True,CRIMINAL,ACTIVE,2026-03-30,2026-07-02
0.077,SUSPECTED,SUPPORTING,0.846,NONE,NORMAL,TRAIN,True,CRIMINAL,ACTIVE,2025-10-12,2026-04-24
0.369,UNKNOWN,NEUTRAL,0.378,NONE,NORMAL,VALIDATION,True,LEGITIMATE,ACTIVE,2026-01-14,2026-04-02
0.35,CONFIRMED,SUPPORTING,0.915,NONE,NORMAL,TRAIN,True,CRIMINAL,ACTIVE,2025-12-08,2026-05-27
0.232,UNKNOWN,NEUTRAL,0.528,NONE,NORMAL,TRAIN,True,CRIMINAL,ACTIVE,2025-11-07,2026-05-07
0.786,CONFIRMED,SUPPORTING,0.916,NONE,NORMAL,TEST,True,AMBIGUOUS,ACTIVE,2025-12-14,2026-05-06
0.506,UNKNOWN,NEUTRAL,0.34,NONE,NORMAL,TRAIN,True,CRIMINAL,ACTIVE,2025-10-19,2026-03-25
0.171,FALSE,CONTRADICTING,0.236,NONE,NORMAL,TRAIN,True,LEGITIMATE,ACTIVE,2025-11-19,2026-05-02
0.178,SUSPECTED,SUPPORTING,0.727,NONE,NORMAL,TRAIN,True,MIXED,ACTIVE,2025-12-01,2026-05-05
0.715,CONFIRMED,SUPPORTING,0.984,NONE,NORMAL,TRAIN,True,MIXED,ACTIVE,2025-11-13,2026-02-19
0.035,CONFIRMED,SUPPORTING,0.865,NONE,NORMAL,TRAIN,True,CRIMINAL,ACTIVE,2026-03-22,2026-10-01
0.704,SUSPECTED,SUPPORTING,0.806,NONE,NORMAL,TRAIN,True,CRIMINAL,ACTIVE,2026-01-10,2026-03-30
0.053,SUSPECTED,SUPPORTING,0.63,NONE,NORMAL,VALIDATION,True,LEGITIMATE,ACTIVE,2026-02-21,2026-07-24
0.477,CONFIRMED,SUPPORTING,0.945,NONE,NORMAL,TRAIN,True,CRIMINAL,ACTIVE,2025-11-10,2026-03-15
0.215,CONFIRMED,SUPPORTING,0.916,NONE,NORMAL,TRAIN,True,CRIMINAL,ACTIVE,2026-01-07,2026-05-05
0.068,SUSPECTED,SUPPORTING,0.59,NONE,NORMAL,VALIDATION,True,LEGITIMATE,ACTIVE,2026-01-09,2026-05-05
0.487,FALSE,CONTRADICTING,0.219,NONE,NORMAL,VALIDATION,True,LEGITIMATE,ACTIVE,2026-03-03,2026-08-30
0.612,SUSPECTED,SUPPORTING,0.599,NONE,NORMAL,TRAIN,True,CRIMINAL,ACTIVE,2025-10-06,2026-04-20
0.785,FALSE,CONTRADICTING,0.367,TEMPORAL_ANOMALY,NORMAL,TEST,True,AMBIGUOUS,ACTIVE,2025-09-09,2026-03-12
0.484,SUSPECTED,SUPPORTING,0.673,NONE,NORMAL,TEST,True,AMBIGUOUS,ACTIVE,2026-01-12,2026-07-07
0.74,UNKNOWN,NEUTRAL,0.213,NONE,NORMAL,VALIDATION,True,LEGITIMATE,ACTIVE,2026-01-31,2026-04-18
0.485,SUSPECTED,SUPPORTING,0.827,NONE,REVERSED_RECORD,TRAIN,True,CRIMINAL,ACTIVE,2025-12-10,2026-04-03
0.908,CONFIRMED,SUPPORTING,0.927,NONE,NORMAL,TRAIN,True,CRIMINAL,ACTIVE,2026-05-20,2026-10-12
0.243,SUSPECTED,SUPPORTING,0.781,NONE,NORMAL,TRAIN,True,MIXED,ACTIVE,2025-11-25,2026-05-14
0.144,UNKNOWN,NEUTRAL,0.378,NONE,NORMAL,VALIDATION,True,LEGITIMATE,ACTIVE,2026-02-27,2026-06-23
0.797,UNKNOWN,NEUTRAL,0.466,TEMPORAL_ANOMALY,MISSING_COUNTERPARTY,TEST,True,AMBIGUOUS,ACTIVE,2026-04-08,2026-09-15
0.171,FALSE,CONTRADICTING,0.316,NONE,NORMAL,TRAIN,True,MIXED,ACTIVE,2026-04-15,2026-08-19
0.589,UNKNOWN,NEUTRAL,0.54,CRIMINAL_ANOMALY,NORMAL,TRAIN,True,MIXED,ACTIVE,2025-11-26,2026-04-03
0.067,FALSE,CONTRADICTING,0.194,NONE,NORMAL,TRAIN,True,LEGITIMATE,ACTIVE,2026-01-11,2026-04-29
0.19,SUSPECTED,SUPPORTING,0.627,NONE,NORMAL,TRAIN,True,LEGITIMATE,ACTIVE,2026-04-21,2026-08-26
0.551,FALSE,CONTRADICTING,0.251,NONE,NORMAL,VALIDATION,True,LEGITIMATE,ACTIVE,2025-11-28,2026-04-08
0.299,FALSE,CONTRADICTING,0.122,TEMPORAL_ANOMALY,NORMAL,VALIDATION,True,LEGITIMATE,ACTIVE,2026-02-10,2026-06-11
0.833,CONFIRMED,SUPPORTING,0.898,LEGITIMATE_ANOMALY,NORMAL,TRAIN,True,MIXED,ACTIVE,2026-02-05,2026-06-03
0.606,CONFIRMED,SUPPORTING,0.981,NONE,NORMAL,TRAIN,True,MIXED,ACTIVE,2026-01-18,2026-05-01
0.132,CONFIRMED,SUPPORTING,0.941,NONE,NORMAL,TRAIN,True,CRIMINAL,ACTIVE,2025-11-30,2026-01-30
0.704,UNKNOWN,NEUTRAL,0.533,NONE,NORMAL,VALIDATION,True,LEGITIMATE,ACTIVE,2025-12-25,2026-03-09
0.641,SUSPECTED,SUPPORTING,0.817,NONE,NORMAL,TRAIN,True,CRIMINAL,ACTIVE,2026-02-03,2026-06-11
0.587,CONFIRMED,SUPPORTING,0.962,COLLECTIVE_ANOMALY,NORMAL,TRAIN,True,MIXED,ACTIVE,2026-03-24,2026-07-06
0.014,UNKNOWN,NEUTRAL,0.397,NONE,NORMAL,TEST,True,AMBIGUOUS,ACTIVE,2026-03-23,2026-07-30
0.828,UNKNOWN,NEUTRAL,0.31,NONE,FORMATTING_VARIATION,TRAIN,True,MIXED,ACTIVE,2026-01-26,2026-04-26
0.125,SUSPECTED,SUPPORTING,0.737,NONE,NORMAL,TEST,True,AMBIGUOUS,ACTIVE,2026-03-09,2026-05-30
0.564,UNKNOWN,NEUTRAL,0.356,NONE,NORMAL,TRAIN,True,CRIMINAL,ACTIVE,2026-03-09,2026-08-23
0.463,UNKNOWN,NEUTRAL,0.5,NONE,NORMAL,TRAIN,True,CRIMINAL,ACTIVE,2026-03-10,2026-06-09
0.156,SUSPECTED,SUPPORTING,0.697,NONE,NORMAL,TRAIN,True,MIXED,ACTIVE,2025-12-07,2026-05-20
0.447,FALSE,CONTRADICTING,0.353,CONTEXTUAL_ANOMALY,NORMAL,TRAIN,True,LEGITIMATE,ACTIVE,2026-08-01,2026-10-06
0.294,FALSE,CONTRADICTING,0.385,NONE,NORMAL,TRAIN,True,LEGITIMATE,ACTIVE,2025-09-29,2026-02-16
0.524,CONFIRMED,SUPPORTING,0.966,NONE,NORMAL,TRAIN,True,CRIMINAL,ACTIVE,2026-06-03,2026-08-28
0.689,FALSE,CONTRADICTING,0.374,CRIMINAL_ANOMALY,NORMAL,VALIDATION,True,LEGITIMATE,ACTIVE,2026-04-02,2026-10-07
0.54,SUSPECTED,SUPPORTING,0.781,LEGITIMATE_ANOMALY,NORMAL,TRAIN,True,CRIMINAL,ACTIVE,2026-05-16,2026-07-27
0.498,UNKNOWN,NEUTRAL,0.245,NONE,NORMAL,TEST,True,AMBIGUOUS,ACTIVE,2026-02-10,2026-05-09
0.157,FALSE,CONTRADICTING,0.358,NONE,NORMAL,TRAIN,True,MIXED,ACTIVE,2025-11-02,2026-04-11
0.699,UNKNOWN,NEUTRAL,0.374,NONE,NORMAL,TRAIN,True,MIXED,ACTIVE,2026-04-03,2026-10-18
0.423,CONFIRMED,SUPPORTING,0.903,NONE,NORMAL,TRAIN,True,CRIMINAL,ACTIVE,2026-03-10,2026-06-14
0.36,UNKNOWN,NEUTRAL,0.261,NONE,NORMAL,TEST,True,AMBIGUOUS,ACTIVE,2025-10-28,2026-04-02
0.45,UNKNOWN,NEUTRAL,0.413,NONE,NORMAL,VALIDATION,True,LEGITIMATE,ACTIVE,2026-01-03,2026-06-09
0.183,SUSPECTED,SUPPORTING,0.74,NONE,NORMAL,TRAIN,True,MIXED,ACTIVE,2026-06-22,2026-09-29
0.172,CONFIRMED,SUPPORTING,0.989,CRIMINAL_ANOMALY,MISSING_COUNTERPARTY,TRAIN,True,MIXED,ACTIVE,2025-12-27,2026-03-20
0.368,SUSPECTED,SUPPORTING,0.601,NONE,NORMAL,TRAIN,True,CRIMINAL,ACTIVE,2026-04-02,2026-08-30
0.054,CONFIRMED,SUPPORTING,0.902,NONE,FORMATTING_VARIATION,VALIDATION,True,LEGITIMATE,ACTIVE,2026-03-17,2026-05-04
0.806,SUSPECTED,SUPPORTING,0.678,COLLECTIVE_ANOMALY,NORMAL,TRAIN,True,LEGITIMATE,ACTIVE,2025-12-31,2026-04-15
0.453,SUSPECTED,SUPPORTING,0.688,NONE,NORMAL,VALIDATION,True,LEGITIMATE,ACTIVE,2026-02-24,2026-07-07
0.459,FALSE,CONTRADICTING,0.209,NONE,NORMAL,TRAIN,True,MIXED,ACTIVE,2026-04-21,2026-07-30
0.089,CONFIRMED,SUPPORTING,0.944,NONE,NORMAL,TRAIN,True,CRIMINAL,ACTIVE,2026-01-02,2026-04-03
0.624,SUSPECTED,SUPPORTING,0.849,NONE,NORMAL,TRAIN,True,MIXED,ACTIVE,2026-02-16,2026-06-29
0.507,CONFIRMED,SUPPORTING,0.91,CONTEXTUAL_ANOMALY,NORMAL,VALIDATION,True,LEGITIMATE,ACTIVE,2026-02-26,2026-06-10
0.636,SUSPECTED,SUPPORTING,0.61,NONE,NORMAL,TRAIN,True,MIXED,ACTIVE,2026-06-22,2026-10-18
0.158,SUSPECTED,SUPPORTING,0.607,LEGITIMATE_ANOMALY,NORMAL,TRAIN,True,MIXED,ACTIVE,2026-05-26,2026-09-01
0.684,FALSE,CONTRADICTING,0.248,NONE,NORMAL,VALIDATION,True,LEGITIMATE,ACTIVE,2025-11-21,2026-04-07
0.27,UNKNOWN,NEUTRAL,0.517,CONTEXTUAL_ANOMALY,NORMAL,TRAIN,True,CRIMINAL,ACTIVE,2026-04-26,2026-08-11
0.266,UNKNOWN,NEUTRAL,0.473,LEGITIMATE_ANOMALY,NORMAL,TRAIN,True,MIXED,ACTIVE,2026-04-17,2026-06-13
0.078,UNKNOWN,NEUTRAL,0.488,NONE,NORMAL,TRAIN,True,CRIMINAL,ACTIVE,2026-02-09,2026-07-24
0.313,CONFIRMED,SUPPORTING,0.948,NONE,NORMAL,TRAIN,True,CRIMINAL,ACTIVE,2026-04-29,2026-07-17
0.481,SUSPECTED,SUPPORTING,0.725,NONE,NORMAL,TRAIN,True,MIXED,ACTIVE,2025-12-22,2026-04-28
0.25,FALSE,CONTRADICTING,0.132,CRIMINAL_ANOMALY,NORMAL,TRAIN,True,CRIMINAL,ACTIVE,2026-04-16,2026-08-06
0.724,CONFIRMED,SUPPORTING,0.894,NONE,NORMAL,TRAIN,True,CRIMINAL,ACTIVE,2026-04-30,2026-07-17
0.483,SUSPECTED,SUPPORTING,0.839,COLLECTIVE_ANOMALY,NORMAL,TRAIN,True,CRIMINAL,ACTIVE,2026-06-13,2026-09-28
0.185,SUSPECTED,SUPPORTING,0.663,NONE,NORMAL,TRAIN,True,MIXED,ACTIVE,2026-02-07,2026-04-05
0.47,SUSPECTED,SUPPORTING,0.583,TEMPORAL_ANOMALY,NORMAL,TRAIN,True,CRIMINAL,ACTIVE,2026-01-22,2026-05-24
0.275,CONFIRMED,SUPPORTING,0.876,NONE,NORMAL,TRAIN,True,CRIMINAL,ACTIVE,2026-01-29,2026-05-15
0.134,SUSPECTED,SUPPORTING,0.745,LEGITIMATE_ANOMALY,NORMAL,TRAIN,True,CRIMINAL,ACTIVE,2025-12-06,2026-04-28
0.264,CONFIRMED,SUPPORTING,0.984,NONE,NORMAL,VALIDATION,True,LEGITIMATE,ACTIVE,2026-03-12,2026-05-09
0.288,CONFIRMED,SUPPORTING,0.949,NONE,NORMAL,TRAIN,True,CRIMINAL,ACTIVE,2026-06-19,2026-09-23
0.597,CONFIRMED,SUPPORTING,0.894,NONE,FORMATTING_VARIATION,TRAIN,True,MIXED,ACTIVE,2025-11-23,2026-04-01
0.376,FALSE,CONTRADICTING,0.163,NONE,NORMAL,VALIDATION,True,LEGITIMATE,ACTIVE,2026-03-27,2026-09-01
0.254,FALSE,CONTRADICTING,0.136,NONE,NORMAL,TEST,True,AMBIGUOUS,ACTIVE,2025-11-30,2026-04-18
0.776,CONFIRMED,SUPPORTING,0.897,NONE,NORMAL,TRAIN,True,CRIMINAL,ACTIVE,2025-12-12,2026-05-13
0.18,UNKNOWN,NEUTRAL,0.251,NONE,NORMAL,TEST,True,AMBIGUOUS,ACTIVE,2026-05-02,2026-09-09
0.507,FALSE,CONTRADICTING,0.151,NONE,NORMAL,TEST,True,AMBIGUOUS,ACTIVE,2026-04-15,2026-09-23
0.548,SUSPECTED,SUPPORTING,0.64,NONE,NORMAL,TRAIN,True,CRIMINAL,ACTIVE,2026-05-30,2026-10-16
0.326,SUSPECTED,SUPPORTING,0.689,NONE,NORMAL,TRAIN,True,CRIMINAL,ACTIVE,2026-04-14,2026-06-15
0.389,UNKNOWN,NEUTRAL,0.223,NONE,NORMAL,TEST,True,AMBIGUOUS,ACTIVE,2026-01-17,2026-05-13
0.442,FALSE,CONTRADICTING,0.322,NONE,NORMAL,TRAIN,True,MIXED,ACTIVE,2025-10-29,2026-03-12
0.376,UNKNOWN,NEUTRAL,0.509,NONE,NORMAL,TRAIN,True,MIXED,ACTIVE,2026-01-11,2026-03-06
0.194,UNKNOWN,NEUTRAL,0.496,NONE,NORMAL,TRAIN,True,CRIMINAL,ACTIVE,2026-04-22,2026-07-31
0.736,SUSPECTED,SUPPORTING,0.707,CRIMINAL_ANOMALY,NORMAL,TRAIN,True,MIXED,ACTIVE,2025-11-27,2026-03-03
0.135,CONFIRMED,SUPPORTING,0.84,NONE,NORMAL,TEST,True,AMBIGUOUS,ACTIVE,2026-06-01,2026-09-04
0.033,SUSPECTED,SUPPORTING,0.6,CRIMINAL_ANOMALY,NORMAL,TRAIN,True,MIXED,ACTIVE,2026-05-07,2026-10-08
0.374,UNKNOWN,NEUTRAL,0.352,NONE,NORMAL,TEST,True,AMBIGUOUS,ACTIVE,2026-04-26,2026-09-26
0.182,SUSPECTED,SUPPORTING,0.796,LEGITIMATE_ANOMALY,NORMAL,TEST,True,AMBIGUOUS,ACTIVE,2026-04-14,2026-11-01
0.447,FALSE,CONTRADICTING,0.351,NONE,NORMAL,TRAIN,True,LEGITIMATE,ACTIVE,2026-03-07,2026-08-20
0.801,SUSPECTED,SUPPORTING,0.745,LEGITIMATE_ANOMALY,NORMAL,VALIDATION,True,LEGITIMATE,ACTIVE,2026-02-07,2026-07-05
0.238,CONFIRMED,SUPPORTING,0.907,LEGITIMATE_ANOMALY,NORMAL,TEST,True,AMBIGUOUS,ACTIVE,2026-03-16,2026-07-11
0.294,UNKNOWN,NEUTRAL,0.461,NONE,NORMAL,TRAIN,True,CRIMINAL,ACTIVE,2026-03-26,2026-08-18
0.498,UNKNOWN,NEUTRAL,0.431,NONE,NORMAL,VALIDATION,True,LEGITIMATE,ACTIVE,2026-04-10,2026-09-08
0.314,CONFIRMED,SUPPORTING,0.847,NONE,NORMAL,TRAIN,True,CRIMINAL,ACTIVE,2025-12-14,2026-03-26
0.26,UNKNOWN,NEUTRAL,0.262,NONE,NORMAL,TEST,True,AMBIGUOUS,ACTIVE,2026-02-15,2026-05-04
0.319,SUSPECTED,SUPPORTING,0.843,NONE,NORMAL,TRAIN,True,MIXED,ACTIVE,2026-05-19,2026-09-26
0.17,FALSE,CONTRADICTING,0.215,NONE,NORMAL,TEST,True,AMBIGUOUS,ACTIVE,2026-02-15,2026-04-15
0.191,SUSPECTED,SUPPORTING,0.724,NONE,NORMAL,TRAIN,True,CRIMINAL,ACTIVE,2026-03-19,2026-05-06
0.601,UNKNOWN,NEUTRAL,0.25,NONE,NORMAL,TRAIN,True,CRIMINAL,ACTIVE,2026-03-18,2026-05-12
0.208,SUSPECTED,SUPPORTING,0.828,NONE,NORMAL,TRAIN,True,MIXED,ACTIVE,2026-06-07,2026-09-06
0.333,UNKNOWN,NEUTRAL,0.301,LEGITIMATE_ANOMALY,NORMAL,TRAIN,True,CRIMINAL,ACTIVE,2026-04-27,2026-09-05
0.569,SUSPECTED,SUPPORTING,0.798,LEGITIMATE_ANOMALY,NORMAL,TRAIN,True,CRIMINAL,ACTIVE,2026-04-15,2026-07-29
0.655,SUSPECTED,SUPPORTING,0.69,CONTEXTUAL_ANOMALY,NORMAL,TRAIN,True,CRIMINAL,ACTIVE,2026-05-11,2026-08-30
0.368,UNKNOWN,NEUTRAL,0.276,NONE,NORMAL,TRAIN,True,CRIMINAL,ACTIVE,2025-10-03,2026-03-22
0.01,CONFIRMED,SUPPORTING,0.86,NONE,REVERSED_RECORD,TRAIN,True,CRIMINAL,ACTIVE,2026-03-06,2026-05-28
0.275,FALSE,CONTRADICTING,0.34,NONE,NORMAL,TRAIN,True,LEGITIMATE,ACTIVE,2025-09-22,2026-02-20
0.47,FALSE,CONTRADICTING,0.318,NONE,NORMAL,TRAIN,True,MIXED,ACTIVE,2026-01-03,2026-03-05
0.429,SUSPECTED,SUPPORTING,0.723,NONE,NORMAL,TRAIN,True,CRIMINAL,ACTIVE,2025-10-06,2026-03-10
0.556,CONFIRMED,SUPPORTING,0.977,NONE,MISSING_COUNTERPARTY,TEST,True,AMBIGUOUS,ACTIVE,2026-03-06,2026-06-27
0.595,CONFIRMED,SUPPORTING,0.925,NONE,NORMAL,TRAIN,True,MIXED,ACTIVE,2026-05-14,2026-10-14
0.561,FALSE,CONTRADICTING,0.396,NONE,NORMAL,VALIDATION,True,LEGITIMATE,ACTIVE,2026-06-12,2026-09-23
0.379,CONFIRMED,SUPPORTING,0.932,NONE,NORMAL,TRAIN,True,MIXED,ACTIVE,2025-11-13,2026-03-06
0.387,CONFIRMED,SUPPORTING,0.919,NONE,NORMAL,TRAIN,True,CRIMINAL,ACTIVE,2026-05-24,2026-09-20
0.276,SUSPECTED,SUPPORTING,0.61,NONE,NORMAL,TRAIN,True,CRIMINAL,ACTIVE,2025-12-15,2026-04-08
0.318,CONFIRMED,SUPPORTING,0.927,NONE,NORMAL,TRAIN,True,CRIMINAL,ACTIVE,2025-12-14,2026-04-20
0.874,UNKNOWN,NEUTRAL,0.411,NONE,NORMAL,TRAIN,True,MIXED,ACTIVE,2026-01-05,2026-03-22
0.524,UNKNOWN,NEUTRAL,0.466,NONE,NORMAL,TRAIN,True,CRIMINAL,ACTIVE,2026-03-02,2026-05-30
0.505,CONFIRMED,SUPPORTING,0.867,NONE,NORMAL,TRAIN,True,CRIMINAL,ACTIVE,2025-12-21,2026-05-08
0.62,CONFIRMED,SUPPORTING,0.889,NONE,NORMAL,TRAIN,True,MIXED,ACTIVE,2026-05-22,2026-09-15
0.44,CONFIRMED,SUPPORTING,0.833,NONE,NORMAL,TRAIN,True,CRIMINAL,ACTIVE,2026-03-30,2026-05-13
0.455,FALSE,CONTRADICTING,0.267,NONE,NORMAL,VALIDATION,True,LEGITIMATE,ACTIVE,2025-11-15,2026-06-06
0.472,SUSPECTED,SUPPORTING,0.771,COLLECTIVE_ANOMALY,NORMAL,TRAIN,True,MIXED,ACTIVE,2025-11-08,2026-03-24
0.393,UNKNOWN,NEUTRAL,0.249,NONE,NORMAL,TRAIN,True,CRIMINAL,ACTIVE,2026-04-05,2026-08-20
0.278,UNKNOWN,NEUTRAL,0.492,NONE,NORMAL,VALIDATION,True,LEGITIMATE,ACTIVE,2026-05-18,2026-08-26
0.459,UNKNOWN,NEUTRAL,0.335,TEMPORAL_ANOMALY,NORMAL,TRAIN,True,CRIMINAL,ACTIVE,2025-10-19,2026-02-28
0.386,CONFIRMED,SUPPORTING,0.87,NONE,NORMAL,TRAIN,True,CRIMINAL,ACTIVE,2026-03-14,2026-05-09
0.133,FALSE,CONTRADICTING,0.152,NONE,NORMAL,TRAIN,True,CRIMINAL,ACTIVE,2026-05-30,2026-10-09
0.568,UNKNOWN,NEUTRAL,0.315,NONE,NORMAL,TEST,True,AMBIGUOUS,ACTIVE,2026-01-25,2026-05-22
0.388,CONFIRMED,SUPPORTING,0.888,NONE,NORMAL,VALIDATION,True,LEGITIMATE,ACTIVE,2025-10-16,2026-02-26
0.247,SUSPECTED,SUPPORTING,0.656,NONE,NORMAL,TRAIN,True,LEGITIMATE,ACTIVE,2025-12-22,2026-03-03
0.451,UNKNOWN,NEUTRAL,0.432,TEMPORAL_ANOMALY,NORMAL,TRAIN,True,MIXED,ACTIVE,2026-01-04,2026-05-14
0.551,CONFIRMED,SUPPORTING,0.862,NONE,NORMAL,TRAIN,True,MIXED,ACTIVE,2026-05-13,2026-10-14
0.605,SUSPECTED,SUPPORTING,0.622,NONE,NORMAL,TRAIN,True,CRIMINAL,ACTIVE,2026-05-29,2026-10-14
0.468,CONFIRMED,SUPPORTING,0.937,NONE,NORMAL,TRAIN,True,MIXED,ACTIVE,2025-12-20,2026-04-13
0.641,FALSE,CONTRADICTING,0.257,NONE,NORMAL,TRAIN,True,LEGITIMATE,ACTIVE,2026-05-01,2026-10-01
0.577,CONFIRMED,SUPPORTING,0.846,LEGITIMATE_ANOMALY,NORMAL,VALIDATION,True,LEGITIMATE,ACTIVE,2026-02-08,2026-05-19
0.646,CONFIRMED,SUPPORTING,0.955,CONTEXTUAL_ANOMALY,NORMAL,VALIDATION,True,LEGITIMATE,ACTIVE,2025-10-01,2026-02-26
0.184,SUSPECTED,SUPPORTING,0.758,NONE,NORMAL,VALIDATION,True,LEGITIMATE,ACTIVE,2026-04-01,2026-08-30
0.29,UNKNOWN,NEUTRAL,0.289,NONE,FORMATTING_VARIATION,TEST,True,AMBIGUOUS,ACTIVE,2026-07-17,2026-10-24
0.889,FALSE,CONTRADICTING,0.38,NONE,NORMAL,TEST,True,AMBIGUOUS,ACTIVE,2026-03-20,2026-07-19
0.73,CONFIRMED,SUPPORTING,0.967,NONE,NORMAL,TRAIN,True,CRIMINAL,ACTIVE,2026-05-14,2026-07-17
0.901,UNKNOWN,NEUTRAL,0.245,CONTEXTUAL_ANOMALY,NORMAL,VALIDATION,True,LEGITIMATE,ACTIVE,2026-04-23,2026-08-08
0.465,CONFIRMED,SUPPORTING,0.881,NONE,NORMAL,TRAIN,True,CRIMINAL,ACTIVE,2026-04-22,2026-10-13
0.665,SUSPECTED,SUPPORTING,0.705,NONE,NORMAL,TRAIN,True,CRIMINAL,ACTIVE,2026-03-19,2026-07-16
0.116,SUSPECTED,SUPPORTING,0.821,TEMPORAL_ANOMALY,NORMAL,TRAIN,True,CRIMINAL,ACTIVE,2026-04-14,2026-06-05
0.181,UNKNOWN,NEUTRAL,0.365,NONE,NORMAL,TEST,True,AMBIGUOUS,ACTIVE,2026-05-26,2026-07-25
0.205,CONFIRMED,SUPPORTING,0.89,NONE,NORMAL,TRAIN,True,MIXED,ACTIVE,2025-12-30,2026-06-10
0.261,FALSE,CONTRADICTING,0.238,NONE,NORMAL,TRAIN,True,MIXED,ACTIVE,2026-02-27,2026-08-05
0.227,FALSE,CONTRADICTING,0.237,NONE,NORMAL,TRAIN,True,CRIMINAL,ACTIVE,2026-01-27,2026-06-29
0.448,UNKNOWN,NEUTRAL,0.489,NONE,NORMAL,VALIDATION,True,LEGITIMATE,ACTIVE,2025-10-06,2026-02-26
0.325,SUSPECTED,SUPPORTING,0.697,NONE,NORMAL,TRAIN,True,MIXED,ACTIVE,2026-03-27,2026-07-15
0.771,FALSE,CONTRADICTING,0.254,NONE,NORMAL,TRAIN,True,CRIMINAL,ACTIVE,2026-02-04,2026-04-07
0.631,CONFIRMED,SUPPORTING,0.895,NONE,NORMAL,TRAIN,True,CRIMINAL,ACTIVE,2026-05-10,2026-07-19
0.295,UNKNOWN,NEUTRAL,0.512,NONE,NORMAL,TRAIN,True,MIXED,ACTIVE,2026-02-16,2026-06-19
0.372,FALSE,CONTRADICTING,0.224,NONE,NORMAL,TRAIN,True,LEGITIMATE,ACTIVE,2025-11-14,2026-05-08
0.434,CONFIRMED,SUPPORTING,0.836,NONE,MISSING_COUNTERPARTY,TEST,True,AMBIGUOUS,ACTIVE,2026-04-12,2026-09-07
0.473,CONFIRMED,SUPPORTING,0.828,NONE,NORMAL,TRAIN,True,MIXED,ACTIVE,2025-12-05,2026-04-09
0.15,FALSE,CONTRADICTING,0.255,CRIMINAL_ANOMALY,NORMAL,TRAIN,True,LEGITIMATE,ACTIVE,2025-11-15,2026-04-07
0.35,CONFIRMED,SUPPORTING,0.974,NONE,NORMAL,TRAIN,True,CRIMINAL,ACTIVE,2025-10-24,2026-03-06
0.402,FALSE,CONTRADICTING,0.16,NONE,NORMAL,TRAIN,True,MIXED,ACTIVE,2026-07-09,2026-09-04
0.46,CONFIRMED,SUPPORTING,0.913,COLLECTIVE_ANOMALY,NORMAL,TRAIN,True,CRIMINAL,ACTIVE,2025-10-21,2026-04-08
0.486,FALSE,CONTRADICTING,0.144,NONE,NORMAL,TRAIN,True,MIXED,ACTIVE,2026-07-13,2026-10-05
0.537,SUSPECTED,SUPPORTING,0.814,NONE,NORMAL,TRAIN,True,MIXED,ACTIVE,2026-01-05,2026-05-16
0.381,FALSE,CONTRADICTING,0.226,NONE,NORMAL,TRAIN,True,CRIMINAL,ACTIVE,2026-04-13,2026-08-13
0.182,UNKNOWN,NEUTRAL,0.32,NONE,NORMAL,VALIDATION,True,LEGITIMATE,ACTIVE,2026-01-02,2026-04-22
0.685,UNKNOWN,NEUTRAL,0.441,NONE,NORMAL,TEST,True,AMBIGUOUS,ACTIVE,2026-02-20,2026-05-27
0.727,CONFIRMED,SUPPORTING,0.932,CONTEXTUAL_ANOMALY,NORMAL,TRAIN,True,CRIMINAL,ACTIVE,2026-04-20,2026-10-14
0.584,CONFIRMED,SUPPORTING,0.862,CRIMINAL_ANOMALY,NORMAL,TRAIN,True,CRIMINAL,ACTIVE,2026-02-03,2026-05-31
0.116,FALSE,CONTRADICTING,0.32,NONE,NORMAL,TRAIN,True,MIXED,ACTIVE,2026-02-27,2026-08-01
0.279,SUSPECTED,SUPPORTING,0.8,NONE,NORMAL,VALIDATION,True,LEGITIMATE,ACTIVE,2026-05-04,2026-09-19
0.933,UNKNOWN,NEUTRAL,0.423,NONE,NORMAL,VALIDATION,True,LEGITIMATE,ACTIVE,2026-01-10,2026-03-27
0.37,CONFIRMED,SUPPORTING,0.96,NONE,NORMAL,TEST,True,AMBIGUOUS,ACTIVE,2026-03-17,2026-09-15
0.243,CONFIRMED,SUPPORTING,0.959,CONTEXTUAL_ANOMALY,NORMAL,TRAIN,True,CRIMINAL,ACTIVE,2026-07-01,2026-09-22
0.709,CONFIRMED,SUPPORTING,0.984,LEGITIMATE_ANOMALY,NORMAL,TRAIN,True,CRIMINAL,ACTIVE,2026-01-02,2026-05-19
0.468,SUSPECTED,SUPPORTING,0.787,NONE,NORMAL,TRAIN,True,MIXED,ACTIVE,2026-03-16,2026-07-21
0.078,SUSPECTED,SUPPORTING,0.68,NONE,NORMAL,TRAIN,True,CRIMINAL,ACTIVE,2025-12-29,2026-05-08
0.664,CONFIRMED,SUPPORTING,0.848,NONE,NORMAL,TRAIN,True,CRIMINAL,ACTIVE,2026-02-04,2026-03-31
0.623,SUSPECTED,SUPPORTING,0.734,NONE,NORMAL,TRAIN,True,CRIMINAL,ACTIVE,2026-03-27,2026-07-15
0.312,FALSE,CONTRADICTING,0.121,NONE,NORMAL,VALIDATION,True,LEGITIMATE,ACTIVE,2026-04-17,2026-08-11
0.796,SUSPECTED,SUPPORTING,0.59,NONE,NORMAL,TRAIN,True,CRIMINAL,ACTIVE,2026-03-21,2026-08-06
0.321,CONFIRMED,SUPPORTING,0.974,CONTEXTUAL_ANOMALY,NORMAL,VALIDATION,True,LEGITIMATE,ACTIVE,2026-02-13,2026-03-20
0.457,SUSPECTED,SUPPORTING,0.771,NONE,NORMAL,TRAIN,True,CRIMINAL,ACTIVE,2025-10-24,2026-03-20
0.542,FALSE,CONTRADICTING,0.367,NONE,NORMAL,TRAIN,True,CRIMINAL,ACTIVE,2026-02-21,2026-06-30
0.235,CONFIRMED,SUPPORTING,0.955,NONE,NORMAL,TRAIN,True,CRIMINAL,ACTIVE,2025-12-17,2026-05-27
0.795,UNKNOWN,NEUTRAL,0.358,LEGITIMATE_ANOMALY,NORMAL,TRAIN,True,CRIMINAL,ACTIVE,2026-05-18,2026-08-05
0.327,UNKNOWN,NEUTRAL,0.527,NONE,NORMAL,TEST,True,AMBIGUOUS,ACTIVE,2025-12-15,2026-03-14
0.203,CONFIRMED,SUPPORTING,0.906,NONE,NORMAL,TRAIN,True,MIXED,ACTIVE,2026-01-12,2026-04-01
0.3,CONFIRMED,SUPPORTING,0.84,NONE,NORMAL,TRAIN,True,CRIMINAL,ACTIVE,2025-12-18,2026-01-19
0.947,CONFIRMED,SUPPORTING,0.836,CONTEXTUAL_ANOMALY,NORMAL,TRAIN,True,CRIMINAL,ACTIVE,2025-12-13,2026-05-10
0.686,UNKNOWN,NEUTRAL,0.246,NONE,NORMAL,TRAIN,True,MIXED,ACTIVE,2026-05-03,2026-08-11
0.201,CONFIRMED,SUPPORTING,0.977,NONE,NORMAL,TRAIN,True,CRIMINAL,ACTIVE,2025-10-17,2026-04-03
0.447,CONFIRMED,SUPPORTING,0.954,NONE,NORMAL,TRAIN,True,CRIMINAL,ACTIVE,2026-02-08,2026-05-15
0.734,UNKNOWN,NEUTRAL,0.247,NONE,NORMAL,VALIDATION,True,LEGITIMATE,ACTIVE,2026-06-20,2026-07-23
0.412,FALSE,CONTRADICTING,0.18,NONE,NORMAL,TRAIN,True,LEGITIMATE,ACTIVE,2025-10-09,2026-02-11
0.892,SUSPECTED,SUPPORTING,0.773,NONE,NORMAL,VALIDATION,True,LEGITIMATE,ACTIVE,2026-03-03,2026-07-12
0.277,FALSE,CONTRADICTING,0.336,NONE,NORMAL,TRAIN,True,CRIMINAL,ACTIVE,2026-05-29,2026-09-13
0.156,SUSPECTED,SUPPORTING,0.841,NONE,NORMAL,TRAIN,True,CRIMINAL,ACTIVE,2026-04-14,2026-09-13
0.164,UNKNOWN,NEUTRAL,0.501,COLLECTIVE_ANOMALY,NORMAL,TEST,True,AMBIGUOUS,ACTIVE,2026-02-18,2026-06-25
0.21,SUSPECTED,SUPPORTING,0.786,NONE,NORMAL,TRAIN,True,CRIMINAL,ACTIVE,2026-04-10,2026-07-12
0.539,SUSPECTED,SUPPORTING,0.85,LEGITIMATE_ANOMALY,NORMAL,VALIDATION,True,LEGITIMATE,ACTIVE,2026-03-14,2026-09-02
0.481,FALSE,CONTRADICTING,0.25,NONE,NORMAL,VALIDATION,True,LEGITIMATE,ACTIVE,2026-01-05,2026-03-09
0.239,UNKNOWN,NEUTRAL,0.297,NONE,NORMAL,TEST,True,AMBIGUOUS,ACTIVE,2026-03-21,2026-06-19
0.092,SUSPECTED,SUPPORTING,0.839,NONE,NORMAL,TRAIN,True,CRIMINAL,ACTIVE,2026-04-02,2026-07-29
0.443,SUSPECTED,SUPPORTING,0.598,NONE,NORMAL,VALIDATION,True,LEGITIMATE,ACTIVE,2026-01-16,2026-06-30
0.682,SUSPECTED,SUPPORTING,0.727,NONE,NORMAL,TRAIN,True,CRIMINAL,ACTIVE,2026-02-08,2026-03-12
0.437,SUSPECTED,SUPPORTING,0.712,NONE,NORMAL,TEST,True,AMBIGUOUS,ACTIVE,2026-02-12,2026-06-06
0.497,SUSPECTED,SUPPORTING,0.724,CRIMINAL_ANOMALY,NORMAL,VALIDATION,True,LEGITIMATE,ACTIVE,2026-02-16,2026-07-21
0.672,UNKNOWN,NEUTRAL,0.471,NONE,NORMAL,VALIDATION,True,LEGITIMATE,ACTIVE,2026-05-28,2026-09-02
0.325,UNKNOWN,NEUTRAL,0.388,NONE,NORMAL,VALIDATION,True,LEGITIMATE,ACTIVE,2025-11-14,2026-04-13
0.343,SUSPECTED,SUPPORTING,0.741,LEGITIMATE_ANOMALY,NORMAL,TRAIN,True,CRIMINAL,ACTIVE,2025-12-27,2026-05-21
0.355,SUSPECTED,SUPPORTING,0.845,NONE,NORMAL,TRAIN,True,MIXED,ACTIVE,2026-05-29,2026-08-07
0.267,SUSPECTED,SUPPORTING,0.829,NONE,NORMAL,TRAIN,True,LEGITIMATE,ACTIVE,2026-04-21,2026-10-04
0.698,FALSE,CONTRADICTING,0.261,NONE,NORMAL,TEST,True,AMBIGUOUS,ACTIVE,2026-06-08,2026-10-09
0.583,CONFIRMED,SUPPORTING,0.963,NONE,NORMAL,TRAIN,True,MIXED,ACTIVE,2026-02-10,2026-04-12
0.485,SUSPECTED,SUPPORTING,0.585,NONE,NORMAL,TRAIN,True,CRIMINAL,ACTIVE,2026-07-23,2026-10-16
0.613,UNKNOWN,NEUTRAL,0.32,NONE,NORMAL,TRAIN,True,MIXED,ACTIVE,2026-01-16,2026-05-09
0.366,UNKNOWN,NEUTRAL,0.328,NONE,FORMATTING_VARIATION,TRAIN,True,MIXED,ACTIVE,2025-09-13,2026-02-15
0.333,CONFIRMED,SUPPORTING,0.86,NONE,NORMAL,TEST,True,AMBIGUOUS,ACTIVE,2026-04-26,2026-09-09
0.688,FALSE,CONTRADICTING,0.214,NONE,NORMAL,TEST,True,AMBIGUOUS,ACTIVE,2026-03-01,2026-04-08
0.661,CONFIRMED,SUPPORTING,0.97,NONE,NORMAL,TRAIN,True,MIXED,ACTIVE,2026-02-19,2026-06-16
0.8,SUSPECTED,SUPPORTING,0.666,NONE,NORMAL,TEST,True,AMBIGUOUS,ACTIVE,2025-12-03,2026-03-09
0.319,SUSPECTED,SUPPORTING,0.679,NONE,NORMAL,TRAIN,True,CRIMINAL,ACTIVE,2026-04-08,2026-06-12
0.605,CONFIRMED,SUPPORTING,0.969,CRIMINAL_ANOMALY,NORMAL,VALIDATION,True,LEGITIMATE,ACTIVE,2025-10-31,2026-03-10
0.819,FALSE,CONTRADICTING,0.192,NONE,NORMAL,TRAIN,True,CRIMINAL,ACTIVE,2025-12-22,2026-06-24
0.858,CONFIRMED,SUPPORTING,0.944,NONE,NORMAL,TRAIN,True,MIXED,ACTIVE,2025-12-07,2026-01-25
0.562,CONFIRMED,SUPPORTING,0.979,NONE,NORMAL,TRAIN,True,CRIMINAL,ACTIVE,2026-05-02,2026-10-27
0.441,UNKNOWN,NEUTRAL,0.516,NONE,NORMAL,TEST,True,AMBIGUOUS,ACTIVE,2025-10-03,2026-03-12
0.849,UNKNOWN,NEUTRAL,0.267,NONE,NORMAL,TRAIN,True,LEGITIMATE,ACTIVE,2025-12-06,2026-04-14
0.435,FALSE,CONTRADICTING,0.16,NONE,NORMAL,TEST,True,AMBIGUOUS,ACTIVE,2025-12-03,2026-04-11
0.03,CONFIRMED,SUPPORTING,0.951,NONE,NORMAL,TRAIN,True,MIXED,ACTIVE,2026-04-23,2026-10-03
0.22,SUSPECTED,SUPPORTING,0.754,NONE,NORMAL,VALIDATION,True,LEGITIMATE,ACTIVE,2025-12-04,2026-04-25
0.382,FALSE,CONTRADICTING,0.243,NONE,NORMAL,TRAIN,True,MIXED,ACTIVE,2026-02-12,2026-05-08
0.619,CONFIRMED,SUPPORTING,0.831,NONE,NORMAL,TRAIN,True,MIXED,ACTIVE,2026-02-10,2026-05-03
0.602,FALSE,CONTRADICTING,0.377,NONE,NORMAL,TRAIN,True,MIXED,ACTIVE,2026-01-07,2026-03-12
0.294,SUSPECTED,SUPPORTING,0.649,NONE,NORMAL,TRAIN,True,MIXED,ACTIVE,2026-02-13,2026-05-12
0.477,FALSE,CONTRADICTING,0.398,NONE,NORMAL,TEST,True,AMBIGUOUS,ACTIVE,2026-04-11,2026-06-18
0.327,UNKNOWN,NEUTRAL,0.287,NONE,NORMAL,TRAIN,True,MIXED,ACTIVE,2025-12-23,2026-02-19
0.554,SUSPECTED,SUPPORTING,0.722,NONE,NORMAL,TEST,True,AMBIGUOUS,ACTIVE,2025-10-31,2026-03-16
0.554,SUSPECTED,SUPPORTING,0.776,CRIMINAL_ANOMALY,NORMAL,TRAIN,True,CRIMINAL,ACTIVE,2026-01-02,2026-05-26
0.556,UNKNOWN,NEUTRAL,0.323,NONE,NORMAL,TRAIN,True,MIXED,ACTIVE,2026-06-30,2026-09-05
0.078,CONFIRMED,SUPPORTING,0.927,NONE,NORMAL,TRAIN,True,CRIMINAL,ACTIVE,2026-02-18,2026-04-30
0.15,FALSE,CONTRADICTING,0.282,NONE,NORMAL,TEST,True,AMBIGUOUS,ACTIVE,2026-02-12,2026-05-10
0.122,FALSE,CONTRADICTING,0.412,NONE,NORMAL,VALIDATION,True,LEGITIMATE,ACTIVE,2026-06-03,2026-10-25
0.663,UNKNOWN,NEUTRAL,0.518,NONE,NORMAL,TRAIN,True,CRIMINAL,ACTIVE,2025-10-25,2026-02-22
0.751,SUSPECTED,SUPPORTING,0.803,COLLECTIVE_ANOMALY,NORMAL,VALIDATION,True,LEGITIMATE,ACTIVE,2026-03-09,2026-06-05
0.244,CONFIRMED,SUPPORTING,0.855,NONE,DUPLICATE,TRAIN,True,CRIMINAL,ACTIVE,2026-06-05,2026-08-16
0.808,UNKNOWN,NEUTRAL,0.41,LEGITIMATE_ANOMALY,NORMAL,TEST,True,AMBIGUOUS,ACTIVE,2026-06-20,2026-08-25
0.536,FALSE,CONTRADICTING,0.38,NONE,REVERSED_RECORD,TEST,True,AMBIGUOUS,ACTIVE,2026-04-23,2026-08-28
0.176,UNKNOWN,NEUTRAL,0.314,NONE,NORMAL,TRAIN,True,CRIMINAL,ACTIVE,2026-03-21,2026-09-11
0.808,UNKNOWN,NEUTRAL,0.202,NONE,NORMAL,TRAIN,True,MIXED,ACTIVE,2026-01-16,2026-02-24
0.597,SUSPECTED,SUPPORTING,0.727,NONE,NORMAL,TRAIN,True,CRIMINAL,ACTIVE,2026-02-28,2026-09-05
0.246,SUSPECTED,SUPPORTING,0.657,NONE,NORMAL,TRAIN,True,CRIMINAL,ACTIVE,2025-12-04,2026-05-05
0.571,UNKNOWN,NEUTRAL,0.319,NONE,NORMAL,TRAIN,True,MIXED,ACTIVE,2026-01-03,2026-05-08
0.719,FALSE,CONTRADICTING,0.193,LEGITIMATE_ANOMALY,NORMAL,VALIDATION,True,LEGITIMATE,ACTIVE,2026-04-11,2026-08-21
0.477,SUSPECTED,SUPPORTING,0.8,NONE,NORMAL,TRAIN,True,CRIMINAL,ACTIVE,2026-01-28,2026-07-10
0.646,FALSE,CONTRADICTING,0.306,NONE,NORMAL,VALIDATION,True,LEGITIMATE,ACTIVE,2025-10-04,2026-02-13
0.233,UNKNOWN,NEUTRAL,0.504,NONE,NORMAL,TEST,True,AMBIGUOUS,ACTIVE,2026-01-01,2026-04-15
0.778,UNKNOWN,NEUTRAL,0.291,NONE,NORMAL,TRAIN,True,MIXED,ACTIVE,2026-05-11,2026-09-20
0.043,FALSE,CONTRADICTING,0.273,COLLECTIVE_ANOMALY,NORMAL,TRAIN,True,MIXED,ACTIVE,2025-12-21,2026-05-03
0.208,UNKNOWN,NEUTRAL,0.334,LEGITIMATE_ANOMALY,NORMAL,TRAIN,True,MIXED,ACTIVE,2026-04-15,2026-08-09
0.612,UNKNOWN,NEUTRAL,0.535,NONE,NORMAL,TRAIN,True,CRIMINAL,ACTIVE,2026-01-31,2026-05-30
0.505,SUSPECTED,SUPPORTING,0.734,COLLECTIVE_ANOMALY,NORMAL,TRAIN,True,CRIMINAL,ACTIVE,2026-04-10,2026-07-04
0.66,CONFIRMED,SUPPORTING,0.981,NONE,NORMAL,TRAIN,True,MIXED,ACTIVE,2026-03-22,2026-07-27
0.518,SUSPECTED,SUPPORTING,0.777,NONE,NORMAL,TRAIN,True,MIXED,ACTIVE,2025-10-06,2026-03-31
0.651,UNKNOWN,NEUTRAL,0.481,NONE,NORMAL,TEST,True,AMBIGUOUS,ACTIVE,2026-03-12,2026-05-15
0.354,FALSE,CONTRADICTING,0.198,NONE,NORMAL,TRAIN,True,LEGITIMATE,ACTIVE,2026-03-02,2026-07-01
0.414,UNKNOWN,NEUTRAL,0.379,LEGITIMATE_ANOMALY,NORMAL,VALIDATION,True,LEGITIMATE,ACTIVE,2026-04-11,2026-06-07
0.336,FALSE,CONTRADICTING,0.396,CONTEXTUAL_ANOMALY,NORMAL,TRAIN,True,CRIMINAL,ACTIVE,2026-01-21,2026-03-06
0.594,CONFIRMED,SUPPORTING,0.841,NONE,NORMAL,TRAIN,True,CRIMINAL,ACTIVE,2025-12-12,2026-05-01
0.641,SUSPECTED,SUPPORTING,0.595,COLLECTIVE_ANOMALY,NORMAL,TEST,True,AMBIGUOUS,ACTIVE,2025-12-14,2026-04-16
0.306,CONFIRMED,SUPPORTING,0.85,NONE,NORMAL,TRAIN,True,CRIMINAL,ACTIVE,2026-05-17,2026-08-21
0.616,SUSPECTED,SUPPORTING,0.704,COLLECTIVE_ANOMALY,NORMAL,TRAIN,True,MIXED,ACTIVE,2026-03-05,2026-06-26
0.775,SUSPECTED,SUPPORTING,0.655,NONE,NORMAL,TRAIN,True,MIXED,ACTIVE,2026-05-05,2026-07-29
0.696,SUSPECTED,SUPPORTING,0.645,NONE,NORMAL,VALIDATION,True,LEGITIMATE,ACTIVE,2026-05-06,2026-08-06
0.417,CONFIRMED,SUPPORTING,0.854,NONE,NORMAL,TRAIN,True,MIXED,ACTIVE,2025-12-20,2026-02-12
0.326,SUSPECTED,SUPPORTING,0.766,NONE,NORMAL,VALIDATION,True,LEGITIMATE,ACTIVE,2026-04-24,2026-10-27
0.389,SUSPECTED,SUPPORTING,0.679,NONE,FORMATTING_VARIATION,VALIDATION,True,LEGITIMATE,ACTIVE,2026-05-08,2026-08-21
0.363,CONFIRMED,SUPPORTING,0.852,COLLECTIVE_ANOMALY,NORMAL,TEST,True,AMBIGUOUS,ACTIVE,2026-06-10,2026-09-01
0.345,UNKNOWN,NEUTRAL,0.522,NONE,NORMAL,TRAIN,True,CRIMINAL,ACTIVE,2026-01-27,2026-05-27
0.415,CONFIRMED,SUPPORTING,0.955,NONE,NORMAL,VALIDATION,True,LEGITIMATE,ACTIVE,2026-03-05,2026-07-02
0.267,SUSPECTED,SUPPORTING,0.674,NONE,NORMAL,TRAIN,True,MIXED,ACTIVE,2026-01-15,2026-06-17
0.47,SUSPECTED,SUPPORTING,0.615,LEGITIMATE_ANOMALY,NORMAL,TRAIN,True,MIXED,ACTIVE,2026-07-01,2026-10-28
0.67,SUSPECTED,SUPPORTING,0.806,NONE,DUPLICATE,TRAIN,True,MIXED,ACTIVE,2026-01-07,2026-06-17
0.343,SUSPECTED,SUPPORTING,0.854,NONE,NORMAL,VALIDATION,True,LEGITIMATE,ACTIVE,2025-12-09,2026-02-07
0.802,SUSPECTED,SUPPORTING,0.611,NONE,NORMAL,TRAIN,True,MIXED,ACTIVE,2026-05-13,2026-10-05
0.246,FALSE,CONTRADICTING,0.378,CONTEXTUAL_ANOMALY,NORMAL,VALIDATION,True,LEGITIMATE,ACTIVE,2026-06-04,2026-09-11
0.606,SUSPECTED,SUPPORTING,0.781,NONE,NORMAL,TRAIN,True,CRIMINAL,ACTIVE,2026-06-17,2026-10-15
0.143,FALSE,CONTRADICTING,0.172,NONE,NORMAL,TRAIN,True,LEGITIMATE,ACTIVE,2026-02-26,2026-06-01
0.23,FALSE,CONTRADICTING,0.415,NONE,NORMAL,TRAIN,True,MIXED,ACTIVE,2026-01-10,2026-05-25
0.086,SUSPECTED,SUPPORTING,0.72,NONE,NORMAL,TRAIN,True,CRIMINAL,ACTIVE,2026-05-02,2026-06-15
0.371,UNKNOWN,NEUTRAL,0.382,NONE,NORMAL,TRAIN,True,CRIMINAL,ACTIVE,2026-05-10,2026-08-18
0.372,CONFIRMED,SUPPORTING,0.901,NONE,NORMAL,TRAIN,True,CRIMINAL,ACTIVE,2025-12-11,2026-03-19
0.433,UNKNOWN,NEUTRAL,0.294,NONE,MISSING_COUNTERPARTY,TRAIN,True,CRIMINAL,ACTIVE,2026-04-06,2026-06-28
0.578,UNKNOWN,NEUTRAL,0.386,NONE,NORMAL,TRAIN,True,CRIMINAL,ACTIVE,2025-10-23,2026-01-16
0.504,UNKNOWN,NEUTRAL,0.381,COLLECTIVE_ANOMALY,DUPLICATE,TRAIN,True,CRIMINAL,ACTIVE,2026-02-28,2026-05-27
0.238,UNKNOWN,NEUTRAL,0.265,NONE,NORMAL,VALIDATION,True,LEGITIMATE,ACTIVE,2025-12-14,2026-02-26
0.597,UNKNOWN,NEUTRAL,0.389,NONE,NORMAL,TRAIN,True,CRIMINAL,ACTIVE,2026-03-31,2026-09-11
0.244,CONFIRMED,SUPPORTING,0.913,NONE,NORMAL,TRAIN,True,MIXED,ACTIVE,2026-02-16,2026-06-11
0.559,CONFIRMED,SUPPORTING,0.857,NONE,NORMAL,TEST,True,AMBIGUOUS,ACTIVE,2026-03-09,2026-07-28
0.619,SUSPECTED,SUPPORTING,0.78,COLLECTIVE_ANOMALY,NORMAL,TRAIN,True,MIXED,ACTIVE,2026-05-02,2026-09-07
0.289,CONFIRMED,SUPPORTING,0.893,NONE,NORMAL,TEST,True,AMBIGUOUS,ACTIVE,2025-11-17,2026-02-12
0.705,UNKNOWN,NEUTRAL,0.206,NONE,NORMAL,TRAIN,True,CRIMINAL,ACTIVE,2025-12-01,2026-04-19
0.482,SUSPECTED,SUPPORTING,0.82,NONE,NORMAL,TRAIN,True,CRIMINAL,ACTIVE,2025-12-12,2026-06-09
0.409,SUSPECTED,SUPPORTING,0.665,NONE,NORMAL,TRAIN,True,MIXED,ACTIVE,2025-11-07,2026-02-11
0.811,UNKNOWN,NEUTRAL,0.328,NONE,NORMAL,TRAIN,True,CRIMINAL,ACTIVE,2026-04-10,2026-06-27
0.285,CONFIRMED,SUPPORTING,0.966,NONE,NORMAL,TRAIN,True,CRIMINAL,ACTIVE,2026-05-23,2026-07-29
0.616,UNKNOWN,NEUTRAL,0.411,NONE,NORMAL,VALIDATION,True,LEGITIMATE,ACTIVE,2026-04-25,2026-09-07
0.535,SUSPECTED,SUPPORTING,0.633,NONE,NORMAL,TEST,True,AMBIGUOUS,ACTIVE,2026-04-13,2026-07-09
0.21,UNKNOWN,NEUTRAL,0.369,NONE,FORMATTING_VARIATION,TRAIN,True,CRIMINAL,ACTIVE,2026-03-27,2026-05-31
0.234,UNKNOWN,NEUTRAL,0.405,NONE,NORMAL,TRAIN,True,CRIMINAL,ACTIVE,2025-10-28,2026-03-18
0.448,UNKNOWN,NEUTRAL,0.261,NONE,NORMAL,TEST,True,AMBIGUOUS,ACTIVE,2025-12-12,2026-02-13
0.648,SUSPECTED,SUPPORTING,0.678,NONE,NORMAL,TRAIN,True,CRIMINAL,ACTIVE,2026-01-27,2026-05-29
0.299,UNKNOWN,NEUTRAL,0.233,NONE,NORMAL,TRAIN,True,MIXED,ACTIVE,2025-10-07,2026-03-11
0.108,CONFIRMED,SUPPORTING,0.977,NONE,NORMAL,TRAIN,True,MIXED,ACTIVE,2026-02-16,2026-06-01
0.489,FALSE,CONTRADICTING,0.417,NONE,NORMAL,TRAIN,True,MIXED,ACTIVE,2026-04-07,2026-09-18
0.549,SUSPECTED,SUPPORTING,0.844,NONE,NORMAL,TEST,True,AMBIGUOUS,ACTIVE,2026-01-14,2026-04-20
0.09,UNKNOWN,NEUTRAL,0.36,NONE,NORMAL,TRAIN,True,CRIMINAL,ACTIVE,2026-03-02,2026-06-29
0.315,CONFIRMED,SUPPORTING,0.871,NONE,NORMAL,TRAIN,True,CRIMINAL,ACTIVE,2026-04-30,2026-07-29
0.529,SUSPECTED,SUPPORTING,0.59,NONE,NORMAL,TEST,True,AMBIGUOUS,ACTIVE,2026-01-23,2026-06-16
0.389,FALSE,CONTRADICTING,0.402,NONE,NORMAL,VALIDATION,True,LEGITIMATE,ACTIVE,2026-02-21,2026-05-30
0.545,CONFIRMED,SUPPORTING,0.932,NONE,NORMAL,TRAIN,True,MIXED,ACTIVE,2026-02-21,2026-06-09
0.194,UNKNOWN,NEUTRAL,0.42,NONE,NORMAL,TRAIN,True,LEGITIMATE,ACTIVE,2026-03-11,2026-08-08
0.785,SUSPECTED,SUPPORTING,0.807,NONE,NORMAL,TRAIN,True,MIXED,ACTIVE,2026-03-29,2026-06-16
0.783,SUSPECTED,SUPPORTING,0.855,NONE,NORMAL,TRAIN,True,CRIMINAL,ACTIVE,2026-02-07,2026-05-12
0.682,CONFIRMED,SUPPORTING,0.891,NONE,NORMAL,TRAIN,True,CRIMINAL,ACTIVE,2026-01-12,2026-03-22
0.099,CONFIRMED,SUPPORTING,0.895,NONE,NORMAL,VALIDATION,True,LEGITIMATE,ACTIVE,2025-12-18,2026-02-18
0.638,UNKNOWN,NEUTRAL,0.371,NONE,NORMAL,TRAIN,True,MIXED,ACTIVE,2026-02-12,2026-06-22
0.561,CONFIRMED,SUPPORTING,0.873,NONE,NORMAL,TRAIN,True,CRIMINAL,ACTIVE,2026-03-03,2026-06-20
0.657,UNKNOWN,NEUTRAL,0.413,CRIMINAL_ANOMALY,NORMAL,TRAIN,True,MIXED,ACTIVE,2026-03-24,2026-07-08
0.042,CONFIRMED,SUPPORTING,0.97,NONE,NORMAL,TRAIN,True,CRIMINAL,ACTIVE,2026-04-18,2026-09-12
0.749,UNKNOWN,NEUTRAL,0.337,CRIMINAL_ANOMALY,NORMAL,TRAIN,True,CRIMINAL,ACTIVE,2026-02-26,2026-07-31
0.294,FALSE,CONTRADICTING,0.309,NONE,NORMAL,VALIDATION,True,LEGITIMATE,ACTIVE,2025-12-15,2026-04-29
0.631,UNKNOWN,NEUTRAL,0.447,NONE,NORMAL,TRAIN,True,CRIMINAL,ACTIVE,2025-09-27,2026-02-23
0.393,SUSPECTED,SUPPORTING,0.643,NONE,NORMAL,TRAIN,True,MIXED,ACTIVE,2025-11-05,2026-04-11
0.777,UNKNOWN,NEUTRAL,0.311,NONE,NORMAL,TEST,True,AMBIGUOUS,ACTIVE,2026-03-06,2026-07-22
0.482,SUSPECTED,SUPPORTING,0.751,NONE,NORMAL,VALIDATION,True,LEGITIMATE,ACTIVE,2025-11-27,2026-04-30
0.305,CONFIRMED,SUPPORTING,0.866,COLLECTIVE_ANOMALY,NORMAL,TRAIN,True,CRIMINAL,ACTIVE,2026-03-28,2026-09-26
0.236,CONFIRMED,SUPPORTING,0.821,NONE,NORMAL,TRAIN,True,CRIMINAL,ACTIVE,2025-11-22,2026-02-12
0.028,UNKNOWN,NEUTRAL,0.305,NONE,NORMAL,TEST,True,AMBIGUOUS,ACTIVE,2026-04-16,2026-07-14
0.275,SUSPECTED,SUPPORTING,0.584,NONE,NORMAL,TRAIN,True,MIXED,ACTIVE,2025-12-19,2026-04-28
0.463,SUSPECTED,SUPPORTING,0.737,NONE,NORMAL,TRAIN,True,CRIMINAL,ACTIVE,2026-01-02,2026-04-04
0.557,FALSE,CONTRADICTING,0.294,NONE,NORMAL,TRAIN,True,MIXED,ACTIVE,2026-02-07,2026-03-13
0.442,UNKNOWN,NEUTRAL,0.261,NONE,NORMAL,TRAIN,True,CRIMINAL,ACTIVE,2025-12-27,2026-03-16
0.293,SUSPECTED,SUPPORTING,0.858,NONE,NORMAL,TEST,True,AMBIGUOUS,ACTIVE,2025-12-26,2026-04-18
0.433,CONFIRMED,SUPPORTING,0.95,NONE,NORMAL,VALIDATION,True,LEGITIMATE,ACTIVE,2025-11-22,2026-05-17
0.84,UNKNOWN,NEUTRAL,0.546,TEMPORAL_ANOMALY,NORMAL,TRAIN,True,CRIMINAL,ACTIVE,2026-01-18,2026-06-19
0.603,SUSPECTED,SUPPORTING,0.772,NONE,NORMAL,TRAIN,True,MIXED,ACTIVE,2026-07-17,2026-09-18
0.363,UNKNOWN,NEUTRAL,0.343,NONE,NORMAL,TRAIN,True,CRIMINAL,ACTIVE,2025-09-13,2026-02-15
0.386,UNKNOWN,NEUTRAL,0.539,NONE,NORMAL,TRAIN,True,CRIMINAL,ACTIVE,2026-04-18,2026-09-04
0.1,UNKNOWN,NEUTRAL,0.216,NONE,NORMAL,TEST,True,AMBIGUOUS,ACTIVE,2026-05-22,2026-08-06
0.394,FALSE,CONTRADICTING,0.392,NONE,NORMAL,TRAIN,True,CRIMINAL,ACTIVE,2025-12-23,2026-03-26
0.508,SUSPECTED,SUPPORTING,0.683,NONE,NORMAL,TRAIN,True,CRIMINAL,ACTIVE,2026-04-30,2026-09-02
0.096,FALSE,CONTRADICTING,0.255,CONTEXTUAL_ANOMALY,NORMAL,TRAIN,True,CRIMINAL,ACTIVE,2025-11-14,2026-05-13
0.398,CONFIRMED,SUPPORTING,0.909,NONE,NORMAL,VALIDATION,True,LEGITIMATE,ACTIVE,2026-03-02,2026-05-02
0.123,UNKNOWN,NEUTRAL,0.224,NONE,NORMAL,TEST,True,AMBIGUOUS,ACTIVE,2026-06-23,2026-09-22
0.671,FALSE,CONTRADICTING,0.364,NONE,NORMAL,TRAIN,True,MIXED,ACTIVE,2026-01-25,2026-05-20
0.619,FALSE,CONTRADICTING,0.223,NONE,NORMAL,TRAIN,True,MIXED,ACTIVE,2025-11-12,2026-05-04
0.371,FALSE,CONTRADICTING,0.262,LEGITIMATE_ANOMALY,NORMAL,TRAIN,True,CRIMINAL,ACTIVE,2026-01-03,2026-06-01
0.678,SUSPECTED,SUPPORTING,0.734,NONE,NORMAL,TRAIN,True,MIXED,ACTIVE,2026-03-13,2026-06-26
0.306,SUSPECTED,SUPPORTING,0.652,NONE,NORMAL,TRAIN,True,MIXED,ACTIVE,2026-01-11,2026-05-03
0.223,CONFIRMED,SUPPORTING,0.894,NONE,NORMAL,TRAIN,True,MIXED,ACTIVE,2026-01-22,2026-05-17
0.625,UNKNOWN,NEUTRAL,0.259,NONE,NORMAL,VALIDATION,True,LEGITIMATE,ACTIVE,2026-05-17,2026-07-25
0.406,FALSE,CONTRADICTING,0.412,NONE,NORMAL,VALIDATION,True,LEGITIMATE,ACTIVE,2026-02-25,2026-06-13
0.258,UNKNOWN,NEUTRAL,0.395,COLLECTIVE_ANOMALY,NORMAL,TRAIN,True,CRIMINAL,ACTIVE,2025-12-01,2026-04-19
0.551,CONFIRMED,SUPPORTING,0.953,NONE,MISSING_COUNTERPARTY,TRAIN,True,CRIMINAL,ACTIVE,2026-03-13,2026-07-18
0.609,SUSPECTED,SUPPORTING,0.801,NONE,NORMAL,TRAIN,True,CRIMINAL,ACTIVE,2025-11-01,2026-03-13
0.412,SUSPECTED,SUPPORTING,0.59,NONE,DUPLICATE,TRAIN,True,CRIMINAL,ACTIVE,2026-05-03,2026-07-08
0.546,SUSPECTED,SUPPORTING,0.772,LEGITIMATE_ANOMALY,NORMAL,TRAIN,True,CRIMINAL,ACTIVE,2026-02-28,2026-05-31
0.137,SUSPECTED,SUPPORTING,0.766,NONE,NORMAL,TRAIN,True,CRIMINAL,ACTIVE,2026-04-07,2026-10-06
0.179,CONFIRMED,SUPPORTING,0.904,NONE,NORMAL,TRAIN,True,LEGITIMATE,ACTIVE,2026-02-06,2026-04-27
0.46,SUSPECTED,SUPPORTING,0.691,NONE,MISSING_COUNTERPARTY,TRAIN,True,CRIMINAL,ACTIVE,2026-05-24,2026-08-24
0.19,FALSE,CONTRADICTING,0.263,NONE,NORMAL,TRAIN,True,CRIMINAL,ACTIVE,2025-12-30,2026-04-16
0.334,FALSE,CONTRADICTING,0.377,NONE,NORMAL,TEST,True,AMBIGUOUS,ACTIVE,2026-01-17,2026-06-08
0.626,SUSPECTED,SUPPORTING,0.707,NONE,NORMAL,TRAIN,True,MIXED,ACTIVE,2026-06-01,2026-09-19
0.453,CONFIRMED,SUPPORTING,0.835,NONE,NORMAL,TRAIN,True,MIXED,ACTIVE,2026-05-01,2026-08-30
0.556,FALSE,CONTRADICTING,0.208,CONTEXTUAL_ANOMALY,NORMAL,TRAIN,True,MIXED,ACTIVE,2026-01-03,2026-02-03
0.643,FALSE,CONTRADICTING,0.181,NONE,NORMAL,TRAIN,True,CRIMINAL,ACTIVE,2026-04-27,2026-10-02
0.379,CONFIRMED,SUPPORTING,0.955,NONE,NORMAL,TRAIN,True,CRIMINAL,ACTIVE,2026-06-29,2026-10-06
0.304,UNKNOWN,NEUTRAL,0.215,NONE,NORMAL,VALIDATION,True,LEGITIMATE,ACTIVE,2026-03-29,2026-07-07
0.372,SUSPECTED,SUPPORTING,0.697,NONE,NORMAL,TRAIN,True,MIXED,ACTIVE,2025-10-15,2026-03-25
0.46,UNKNOWN,NEUTRAL,0.527,NONE,NORMAL,TEST,True,AMBIGUOUS,ACTIVE,2025-10-12,2026-03-19
0.285,CONFIRMED,SUPPORTING,0.828,NONE,NORMAL,TRAIN,True,CRIMINAL,ACTIVE,2025-12-15,2026-04-08
0.299,SUSPECTED,SUPPORTING,0.845,NONE,REVERSED_RECORD,VALIDATION,True,LEGITIMATE,ACTIVE,2026-04-24,2026-06-19
0.631,SUSPECTED,SUPPORTING,0.719,NONE,NORMAL,TRAIN,True,MIXED,ACTIVE,2026-05-17,2026-09-23
0.3,CONFIRMED,SUPPORTING,0.881,NONE,NORMAL,TEST,True,AMBIGUOUS,ACTIVE,2026-02-24,2026-08-12
0.681,UNKNOWN,NEUTRAL,0.509,CONTEXTUAL_ANOMALY,NORMAL,VALIDATION,True,LEGITIMATE,ACTIVE,2026-04-06,2026-07-24
0.342,UNKNOWN,NEUTRAL,0.339,NONE,NORMAL,TEST,True,AMBIGUOUS,ACTIVE,2025-12-17,2026-04-04
0.658,SUSPECTED,SUPPORTING,0.674,CONTEXTUAL_ANOMALY,NORMAL,TRAIN,True,MIXED,ACTIVE,2026-01-18,2026-06-13
0.605,SUSPECTED,SUPPORTING,0.767,NONE,NORMAL,TRAIN,True,MIXED,ACTIVE,2026-03-20,2026-08-05
0.457,FALSE,CONTRADICTING,0.201,CONTEXTUAL_ANOMALY,MISSING_COUNTERPARTY,TRAIN,True,MIXED,ACTIVE,2025-12-21,2026-03-20
0.577,FALSE,CONTRADICTING,0.231,NONE,NORMAL,TRAIN,True,LEGITIMATE,ACTIVE,2026-04-23,2026-07-15
0.75,FALSE,CONTRADICTING,0.19,NONE,NORMAL,TEST,True,AMBIGUOUS,ACTIVE,2025-11-26,2026-04-13
0.466,SUSPECTED,SUPPORTING,0.714,NONE,NORMAL,VALIDATION,True,LEGITIMATE,ACTIVE,2026-04-28,2026-09-06
0.24,SUSPECTED,SUPPORTING,0.674,CRIMINAL_ANOMALY,NORMAL,TRAIN,True,CRIMINAL,ACTIVE,2026-01-29,2026-03-30
0.231,UNKNOWN,NEUTRAL,0.475,NONE,NORMAL,TRAIN,True,MIXED,ACTIVE,2026-05-20,2026-07-05
0.614,CONFIRMED,SUPPORTING,0.95,NONE,NORMAL,TRAIN,True,MIXED,ACTIVE,2026-05-19,2026-08-09
0.483,CONFIRMED,SUPPORTING,0.834,NONE,NORMAL,TRAIN,True,CRIMINAL,ACTIVE,2026-01-10,2026-04-21
0.362,UNKNOWN,NEUTRAL,0.32,NONE,NORMAL,TRAIN,True,MIXED,ACTIVE,2026-01-01,2026-05-24
0.368,UNKNOWN,NEUTRAL,0.547,NONE,NORMAL,TEST,True,AMBIGUOUS,ACTIVE,2026-03-27,2026-07-19
0.723,FALSE,CONTRADICTING,0.317,NONE,NORMAL,TRAIN,True,MIXED,ACTIVE,2025-12-29,2026-03-29
0.594,SUSPECTED,SUPPORTING,0.719,NONE,NORMAL,TRAIN,True,MIXED,ACTIVE,2026-01-13,2026-06-02
0.734,CONFIRMED,SUPPORTING,0.916,NONE,NORMAL,TRAIN,True,MIXED,ACTIVE,2025-10-15,2026-04-04
0.326,CONFIRMED,SUPPORTING,0.922,NONE,NORMAL,TRAIN,True,MIXED,ACTIVE,2026-03-30,2026-08-04
0.207,SUSPECTED,SUPPORTING,0.8,COLLECTIVE_ANOMALY,NORMAL,TEST,True,AMBIGUOUS,ACTIVE,2026-05-06,2026-08-14
0.319,SUSPECTED,SUPPORTING,0.714,NONE,NORMAL,TRAIN,True,CRIMINAL,ACTIVE,2026-02-19,2026-05-25
0.366,UNKNOWN,NEUTRAL,0.238,NONE,NORMAL,TRAIN,True,MIXED,ACTIVE,2026-01-09,2026-07-08
0.274,SUSPECTED,SUPPORTING,0.689,LEGITIMATE_ANOMALY,NORMAL,TRAIN,True,CRIMINAL,ACTIVE,2026-03-20,2026-06-03
0.561,CONFIRMED,SUPPORTING,0.915,NONE,NORMAL,TRAIN,True,CRIMINAL,ACTIVE,2026-05-17,2026-07-03
0.684,FALSE,CONTRADICTING,0.386,NONE,NORMAL,TRAIN,True,MIXED,ACTIVE,2026-01-18,2026-06-17
0.558,SUSPECTED,SUPPORTING,0.824,NONE,NORMAL,TRAIN,True,CRIMINAL,ACTIVE,2026-03-08,2026-06-22
0.504,SUSPECTED,SUPPORTING,0.691,NONE,NORMAL,TRAIN,True,CRIMINAL,ACTIVE,2026-03-05,2026-05-21
0.415,CONFIRMED,SUPPORTING,0.886,NONE,NORMAL,TRAIN,True,MIXED,ACTIVE,2026-06-16,2026-09-22
0.402,CONFIRMED,SUPPORTING,0.943,CRIMINAL_ANOMALY,NORMAL,TRAIN,True,CRIMINAL,ACTIVE,2026-02-22,2026-08-08
0.29,SUSPECTED,SUPPORTING,0.624,NONE,NORMAL,TEST,True,AMBIGUOUS,ACTIVE,2026-07-25,2026-08-25
0.374,SUSPECTED,SUPPORTING,0.709,NONE,NORMAL,TRAIN,True,CRIMINAL,ACTIVE,2026-01-08,2026-05-11
0.222,SUSPECTED,SUPPORTING,0.71,NONE,NORMAL,TRAIN,True,CRIMINAL,ACTIVE,2026-03-07,2026-07-17
0.432,UNKNOWN,NEUTRAL,0.325,NONE,NORMAL,TEST,True,AMBIGUOUS,ACTIVE,2026-03-03,2026-05-25
0.733,CONFIRMED,SUPPORTING,0.898,NONE,NORMAL,TRAIN,True,CRIMINAL,ACTIVE,2026-05-09,2026-11-08
0.289,SUSPECTED,SUPPORTING,0.671,CRIMINAL_ANOMALY,NORMAL,TEST,True,AMBIGUOUS,ACTIVE,2026-01-17,2026-06-01
0.507,UNKNOWN,NEUTRAL,0.419,NONE,NORMAL,TRAIN,True,MIXED,ACTIVE,2025-12-10,2026-04-01
0.811,FALSE,CONTRADICTING,0.365,NONE,NORMAL,TEST,True,AMBIGUOUS,ACTIVE,2025-09-25,2026-03-24
0.425,CONFIRMED,SUPPORTING,0.837,NONE,NORMAL,TRAIN,True,MIXED,ACTIVE,2026-05-03,2026-07-19
0.741,SUSPECTED,SUPPORTING,0.793,NONE,NORMAL,TRAIN,True,MIXED,ACTIVE,2025-11-01,2026-05-03
0.711,UNKNOWN,NEUTRAL,0.203,NONE,NORMAL,TRAIN,True,LEGITIMATE,ACTIVE,2026-06-07,2026-10-10
0.249,SUSPECTED,SUPPORTING,0.596,NONE,NORMAL,TRAIN,True,CRIMINAL,ACTIVE,2025-09-26,2026-03-09
0.614,UNKNOWN,NEUTRAL,0.352,NONE,NORMAL,TRAIN,True,CRIMINAL,ACTIVE,2025-11-08,2026-05-28
0.335,CONFIRMED,SUPPORTING,0.873,NONE,NORMAL,TRAIN,True,CRIMINAL,ACTIVE,2026-02-14,2026-09-02
0.635,FALSE,CONTRADICTING,0.289,NONE,NORMAL,TRAIN,True,CRIMINAL,ACTIVE,2026-03-23,2026-05-16
0.505,UNKNOWN,NEUTRAL,0.329,NONE,NORMAL,TEST,True,AMBIGUOUS,ACTIVE,2026-03-04,2026-07-17
0.177,UNKNOWN,NEUTRAL,0.357,NONE,NORMAL,TEST,True,AMBIGUOUS,ACTIVE,2026-06-16,2026-09-02
0.378,UNKNOWN,NEUTRAL,0.5,NONE,NORMAL,VALIDATION,True,LEGITIMATE,ACTIVE,2026-02-08,2026-06-15
0.358,FALSE,CONTRADICTING,0.185,NONE,FORMATTING_VARIATION,TRAIN,True,MIXED,ACTIVE,2026-02-18,2026-05-25
0.313,CONFIRMED,SUPPORTING,0.892,NONE,NORMAL,TRAIN,True,CRIMINAL,ACTIVE,2026-01-12,2026-05-23
0.654,CONFIRMED,SUPPORTING,0.955,NONE,NORMAL,TRAIN,True,MIXED,ACTIVE,2026-03-26,2026-06-10
0.255,CONFIRMED,SUPPORTING,0.911,NONE,NORMAL,TRAIN,True,CRIMINAL,ACTIVE,2026-03-26,2026-06-20
0.685,UNKNOWN,NEUTRAL,0.488,CRIMINAL_ANOMALY,NORMAL,TRAIN,True,LEGITIMATE,ACTIVE,2025-10-30,2026-03-16
0.799,FALSE,CONTRADICTING,0.307,NONE,NORMAL,TRAIN,True,MIXED,ACTIVE,2026-02-05,2026-05-01
0.04,UNKNOWN,NEUTRAL,0.22,LEGITIMATE_ANOMALY,NORMAL,VALIDATION,True,LEGITIMATE,ACTIVE,2025-12-01,2026-04-01
0.6,UNKNOWN,NEUTRAL,0.505,NONE,NORMAL,TRAIN,True,CRIMINAL,ACTIVE,2026-03-27,2026-06-30
0.611,UNKNOWN,NEUTRAL,0.38,NONE,NORMAL,TEST,True,AMBIGUOUS,ACTIVE,2026-01-24,2026-05-17
0.801,SUSPECTED,SUPPORTING,0.75,NONE,NORMAL,TRAIN,True,MIXED,ACTIVE,2026-01-24,2026-04-11
0.569,SUSPECTED,SUPPORTING,0.683,NONE,NORMAL,TRAIN,True,MIXED,ACTIVE,2026-03-14,2026-07-01
0.218,FALSE,CONTRADICTING,0.15,NONE,NORMAL,TRAIN,True,LEGITIMATE,ACTIVE,2026-04-19,2026-07-06
0.369,CONFIRMED,SUPPORTING,0.877,NONE,NORMAL,TRAIN,True,CRIMINAL,ACTIVE,2026-05-02,2026-07-28
0.431,CONFIRMED,SUPPORTING,0.845,NONE,NORMAL,TRAIN,True,CRIMINAL,ACTIVE,2026-03-15,2026-08-19
0.511,SUSPECTED,SUPPORTING,0.597,NONE,NORMAL,TRAIN,True,CRIMINAL,ACTIVE,2025-11-20,2026-03-31
0.748,CONFIRMED,SUPPORTING,0.888,NONE,NORMAL,TRAIN,True,CRIMINAL,ACTIVE,2026-03-21,2026-09-12
0.738,SUSPECTED,SUPPORTING,0.729,NONE,NORMAL,TRAIN,True,MIXED,ACTIVE,2026-04-17,2026-09-02
0.472,SUSPECTED,SUPPORTING,0.669,NONE,NORMAL,TRAIN,True,CRIMINAL,ACTIVE,2025-11-25,2026-03-28
0.572,CONFIRMED,SUPPORTING,0.866,NONE,NORMAL,TRAIN,True,MIXED,ACTIVE,2026-04-18,2026-09-24
0.268,CONFIRMED,SUPPORTING,0.952,NONE,NORMAL,TRAIN,True,CRIMINAL,ACTIVE,2026-02-09,2026-05-18
0.743,UNKNOWN,NEUTRAL,0.466,TEMPORAL_ANOMALY,NORMAL,TRAIN,True,CRIMINAL,ACTIVE,2026-01-26,2026-06-10
0.491,CONFIRMED,SUPPORTING,0.907,NONE,NORMAL,TRAIN,True,MIXED,ACTIVE,2026-05-28,2026-08-24
0.072,UNKNOWN,NEUTRAL,0.478,NONE,NORMAL,TRAIN,True,CRIMINAL,ACTIVE,2026-03-09,2026-06-02
0.366,CONFIRMED,SUPPORTING,0.987,NONE,NORMAL,VALIDATION,True,LEGITIMATE,ACTIVE,2026-07-15,2026-09-13
0.456,CONFIRMED,SUPPORTING,0.832,NONE,NORMAL,TRAIN,True,CRIMINAL,ACTIVE,2026-05-01,2026-08-26
0.166,SUSPECTED,SUPPORTING,0.585,NONE,NORMAL,TEST,True,AMBIGUOUS,ACTIVE,2026-02-15,2026-07-12
0.211,SUSPECTED,SUPPORTING,0.853,COLLECTIVE_ANOMALY,NORMAL,TRAIN,True,LEGITIMATE,ACTIVE,2025-12-12,2026-03-01
0.511,FALSE,CONTRADICTING,0.374,NONE,NORMAL,TRAIN,True,MIXED,ACTIVE,2026-01-08,2026-06-28
0.875,FALSE,CONTRADICTING,0.172,NONE,MISSING_COUNTERPARTY,TEST,True,AMBIGUOUS,ACTIVE,2026-05-18,2026-08-03
0.45,SUSPECTED,SUPPORTING,0.703,NONE,NORMAL,VALIDATION,True,LEGITIMATE,ACTIVE,2026-04-07,2026-05-22
0.425,UNKNOWN,NEUTRAL,0.229,NONE,NORMAL,VALIDATION,True,LEGITIMATE,ACTIVE,2026-04-28,2026-07-20
0.193,UNKNOWN,NEUTRAL,0.422,NONE,NORMAL,TEST,True,AMBIGUOUS,ACTIVE,2026-01-18,2026-03-09
0.495,SUSPECTED,SUPPORTING,0.782,NONE,NORMAL,TRAIN,True,MIXED,ACTIVE,2026-02-11,2026-06-04
0.43,CONFIRMED,SUPPORTING,0.889,LEGITIMATE_ANOMALY,NORMAL,TRAIN,True,CRIMINAL,ACTIVE,2026-02-17,2026-07-12
0.076,CONFIRMED,SUPPORTING,0.922,NONE,NORMAL,TRAIN,True,CRIMINAL,ACTIVE,2026-02-01,2026-05-02
0.065,CONFIRMED,SUPPORTING,0.832,NONE,NORMAL,TRAIN,True,CRIMINAL,ACTIVE,2026-04-18,2026-08-26
0.279,SUSPECTED,SUPPORTING,0.658,NONE,NORMAL,TRAIN,True,MIXED,ACTIVE,2026-03-05,2026-07-19
0.73,FALSE,CONTRADICTING,0.288,NONE,NORMAL,TRAIN,True,MIXED,ACTIVE,2026-02-11,2026-07-04
0.332,UNKNOWN,NEUTRAL,0.314,NONE,NORMAL,TRAIN,True,CRIMINAL,ACTIVE,2025-10-15,2026-04-24
0.626,UNKNOWN,NEUTRAL,0.302,CONTEXTUAL_ANOMALY,NORMAL,TRAIN,True,CRIMINAL,ACTIVE,2026-03-07,2026-05-17
0.638,CONFIRMED,SUPPORTING,0.836,NONE,NORMAL,VALIDATION,True,LEGITIMATE,ACTIVE,2026-05-25,2026-08-22
0.44,SUSPECTED,SUPPORTING,0.644,CRIMINAL_ANOMALY,MISSING_COUNTERPARTY,TRAIN,True,CRIMINAL,ACTIVE,2025-10-13,2026-03-25
0.173,SUSPECTED,SUPPORTING,0.614,NONE,NORMAL,TEST,True,AMBIGUOUS,ACTIVE,2026-01-24,2026-07-08
0.324,FALSE,CONTRADICTING,0.258,NONE,NORMAL,VALIDATION,True,LEGITIMATE,ACTIVE,2026-04-16,2026-08-21
0.936,SUSPECTED,SUPPORTING,0.755,TEMPORAL_ANOMALY,NORMAL,TRAIN,True,MIXED,ACTIVE,2026-04-05,2026-06-23
0.95,SUSPECTED,SUPPORTING,0.758,NONE,NORMAL,TRAIN,True,CRIMINAL,ACTIVE,2026-02-19,2026-06-13
0.309,FALSE,CONTRADICTING,0.297,NONE,NORMAL,TRAIN,True,MIXED,ACTIVE,2025-11-10,2026-02-28
0.177,UNKNOWN,NEUTRAL,0.208,TEMPORAL_ANOMALY,NORMAL,TEST,True,AMBIGUOUS,ACTIVE,2026-06-01,2026-10-23
0.526,UNKNOWN,NEUTRAL,0.301,NONE,NORMAL,TRAIN,True,CRIMINAL,ACTIVE,2026-02-17,2026-07-04
0.346,UNKNOWN,NEUTRAL,0.523,CONTEXTUAL_ANOMALY,NORMAL,TRAIN,True,CRIMINAL,ACTIVE,2025-11-26,2026-04-11
0.486,SUSPECTED,SUPPORTING,0.817,NONE,REVERSED_RECORD,TEST,True,AMBIGUOUS,ACTIVE,2026-05-30,2026-07-13
0.462,UNKNOWN,NEUTRAL,0.319,NONE,NORMAL,TRAIN,True,CRIMINAL,ACTIVE,2026-05-01,2026-07-22
0.505,CONFIRMED,SUPPORTING,0.82,NONE,NORMAL,TEST,True,AMBIGUOUS,ACTIVE,2025-12-24,2026-05-16
0.864,SUSPECTED,SUPPORTING,0.68,NONE,NORMAL,TRAIN,True,MIXED,ACTIVE,2026-05-03,2026-08-31
0.367,SUSPECTED,SUPPORTING,0.77,NONE,FORMATTING_VARIATION,TEST,True,AMBIGUOUS,ACTIVE,2026-02-25,2026-07-06
0.293,UNKNOWN,NEUTRAL,0.306,NONE,NORMAL,VALIDATION,True,LEGITIMATE,ACTIVE,2026-04-20,2026-10-30
0.777,UNKNOWN,NEUTRAL,0.219,LEGITIMATE_ANOMALY,NORMAL,TRAIN,True,MIXED,ACTIVE,2025-11-25,2026-04-20
0.219,FALSE,CONTRADICTING,0.21,TEMPORAL_ANOMALY,NORMAL,VALIDATION,True,LEGITIMATE,ACTIVE,2026-03-14,2026-07-09
0.216,SUSPECTED,SUPPORTING,0.822,COLLECTIVE_ANOMALY,REVERSED_RECORD,TEST,True,AMBIGUOUS,ACTIVE,2026-01-25,2026-04-30
0.566,SUSPECTED,SUPPORTING,0.681,NONE,NORMAL,TRAIN,True,CRIMINAL,ACTIVE,2026-01-10,2026-04-12
0.535,SUSPECTED,SUPPORTING,0.652,NONE,NORMAL,TEST,True,AMBIGUOUS,ACTIVE,2026-05-03,2026-09-13
0.689,CONFIRMED,SUPPORTING,0.924,NONE,NORMAL,TRAIN,True,CRIMINAL,ACTIVE,2025-10-25,2026-03-17
0.401,FALSE,CONTRADICTING,0.325,NONE,NORMAL,TRAIN,True,CRIMINAL,ACTIVE,2026-02-14,2026-05-06
0.327,UNKNOWN,NEUTRAL,0.3,NONE,NORMAL,VALIDATION,True,LEGITIMATE,ACTIVE,2026-03-06,2026-06-25
0.748,UNKNOWN,NEUTRAL,0.335,NONE,NORMAL,VALIDATION,True,LEGITIMATE,ACTIVE,2025-11-28,2026-03-24
0.416,SUSPECTED,SUPPORTING,0.601,NONE,NORMAL,TRAIN,True,CRIMINAL,ACTIVE,2026-03-23,2026-08-19
0.602,UNKNOWN,NEUTRAL,0.444,NONE,NORMAL,TRAIN,True,LEGITIMATE,ACTIVE,2026-02-11,2026-05-31
0.313,SUSPECTED,SUPPORTING,0.775,LEGITIMATE_ANOMALY,NORMAL,VALIDATION,True,LEGITIMATE,ACTIVE,2026-03-30,2026-09-11
0.481,FALSE,CONTRADICTING,0.241,NONE,NORMAL,TRAIN,True,CRIMINAL,ACTIVE,2025-10-15,2026-02-21
0.165,SUSPECTED,SUPPORTING,0.822,NONE,NORMAL,VALIDATION,True,LEGITIMATE,ACTIVE,2026-05-31,2026-11-15
0.459,FALSE,CONTRADICTING,0.394,NONE,NORMAL,TEST,True,AMBIGUOUS,ACTIVE,2025-10-28,2026-03-31
0.256,UNKNOWN,NEUTRAL,0.439,CONTEXTUAL_ANOMALY,NORMAL,TRAIN,True,CRIMINAL,ACTIVE,2026-01-09,2026-06-15
0.458,SUSPECTED,SUPPORTING,0.682,NONE,NORMAL,TEST,True,AMBIGUOUS,ACTIVE,2025-11-07,2026-04-27
0.2,UNKNOWN,NEUTRAL,0.358,NONE,NORMAL,TRAIN,True,CRIMINAL,ACTIVE,2026-01-18,2026-07-29
0.419,FALSE,CONTRADICTING,0.133,NONE,NORMAL,TRAIN,True,MIXED,ACTIVE,2026-06-10,2026-09-08
0.885,UNKNOWN,NEUTRAL,0.472,NONE,NORMAL,TRAIN,True,MIXED,ACTIVE,2025-12-14,2026-02-26
0.034,UNKNOWN,NEUTRAL,0.358,NONE,NORMAL,TEST,True,AMBIGUOUS,ACTIVE,2025-12-31,2026-03-13
0.375,UNKNOWN,NEUTRAL,0.368,NONE,NORMAL,VALIDATION,True,LEGITIMATE,ACTIVE,2026-04-02,2026-09-01
0.524,SUSPECTED,SUPPORTING,0.854,NONE,NORMAL,TRAIN,True,LEGITIMATE,ACTIVE,2025-12-26,2026-05-09
0.368,FALSE,CONTRADICTING,0.26,NONE,NORMAL,VALIDATION,True,LEGITIMATE,ACTIVE,2026-05-06,2026-07-19
0.566,SUSPECTED,SUPPORTING,0.616,TEMPORAL_ANOMALY,NORMAL,TEST,True,AMBIGUOUS,ACTIVE,2026-04-02,2026-08-10
0.072,CONFIRMED,SUPPORTING,0.905,CONTEXTUAL_ANOMALY,NORMAL,TRAIN,True,CRIMINAL,ACTIVE,2026-03-04,2026-07-04
0.344,CONFIRMED,SUPPORTING,0.985,NONE,NORMAL,TRAIN,True,CRIMINAL,ACTIVE,2025-11-26,2026-04-12
0.542,UNKNOWN,NEUTRAL,0.262,LEGITIMATE_ANOMALY,NORMAL,TRAIN,True,CRIMINAL,ACTIVE,2026-05-29,2026-09-26
0.346,CONFIRMED,SUPPORTING,0.957,COLLECTIVE_ANOMALY,NORMAL,TRAIN,True,CRIMINAL,ACTIVE,2025-11-06,2026-04-11
0.803,SUSPECTED,SUPPORTING,0.764,NONE,NORMAL,TRAIN,True,CRIMINAL,ACTIVE,2026-07-16,2026-10-20
0.232,UNKNOWN,NEUTRAL,0.372,NONE,NORMAL,TEST,True,AMBIGUOUS,ACTIVE,2026-05-22,2026-10-12
0.021,SUSPECTED,SUPPORTING,0.649,NONE,NORMAL,TRAIN,True,CRIMINAL,ACTIVE,2025-12-17,2026-04-02
0.334,CONFIRMED,SUPPORTING,0.866,NONE,NORMAL,TRAIN,True,CRIMINAL,ACTIVE,2026-05-05,2026-09-14
0.261,UNKNOWN,NEUTRAL,0.343,NONE,NORMAL,TRAIN,True,MIXED,ACTIVE,2026-02-23,2026-06-13
0.134,FALSE,CONTRADICTING,0.24,NONE,NORMAL,TEST,True,AMBIGUOUS,ACTIVE,2026-02-18,2026-08-11
0.29,CONFIRMED,SUPPORTING,0.848,NONE,NORMAL,TRAIN,True,CRIMINAL,ACTIVE,2025-12-10,2026-05-30
0.748,SUSPECTED,SUPPORTING,0.674,NONE,NORMAL,TEST,True,AMBIGUOUS,ACTIVE,2026-05-17,2026-08-14
0.661,CONFIRMED,SUPPORTING,0.829,NONE,NORMAL,TRAIN,True,CRIMINAL,ACTIVE,2026-05-09,2026-10-12
0.571,SUSPECTED,SUPPORTING,0.835,NONE,NORMAL,TRAIN,True,CRIMINAL,ACTIVE,2026-04-08,2026-08-16
0.729,FALSE,CONTRADICTING,0.257,NONE,NORMAL,TEST,True,AMBIGUOUS,ACTIVE,2026-02-18,2026-08-08
0.253,UNKNOWN,NEUTRAL,0.388,NONE,NORMAL,VALIDATION,True,LEGITIMATE,ACTIVE,2026-03-30,2026-07-22
0.379,CONFIRMED,SUPPORTING,0.938,NONE,NORMAL,TRAIN,True,MIXED,ACTIVE,2026-03-04,2026-08-25
0.112,CONFIRMED,SUPPORTING,0.907,NONE,NORMAL,TRAIN,True,CRIMINAL,ACTIVE,2026-03-21,2026-09-23
0.584,CONFIRMED,SUPPORTING,0.82,NONE,NORMAL,TEST,True,AMBIGUOUS,ACTIVE,2026-03-11,2026-06-15
0.33,SUSPECTED,SUPPORTING,0.843,NONE,NORMAL,TRAIN,True,CRIMINAL,ACTIVE,2025-10-31,2026-02-11
0.159,UNKNOWN,NEUTRAL,0.256,NONE,NORMAL,VALIDATION,True,LEGITIMATE,ACTIVE,2026-05-26,2026-09-10
0.393,SUSPECTED,SUPPORTING,0.816,LEGITIMATE_ANOMALY,NORMAL,TEST,True,AMBIGUOUS,ACTIVE,2025-12-23,2026-05-04
0.539,SUSPECTED,SUPPORTING,0.688,NONE,NORMAL,TEST,True,AMBIGUOUS,ACTIVE,2026-06-21,2026-10-12
0.395,CONFIRMED,SUPPORTING,0.984,NONE,MISSING_COUNTERPARTY,TRAIN,True,CRIMINAL,ACTIVE,2026-03-16,2026-07-18
0.692,CONFIRMED,SUPPORTING,0.847,NONE,NORMAL,TRAIN,True,CRIMINAL,ACTIVE,2025-10-11,2026-03-14
0.395,SUSPECTED,SUPPORTING,0.585,LEGITIMATE_ANOMALY,NORMAL,TRAIN,True,MIXED,ACTIVE,2026-02-23,2026-07-24
0.42,SUSPECTED,SUPPORTING,0.609,NONE,NORMAL,TRAIN,True,MIXED,ACTIVE,2026-01-29,2026-04-08
0.4,UNKNOWN,NEUTRAL,0.275,CONTEXTUAL_ANOMALY,NORMAL,TRAIN,True,CRIMINAL,ACTIVE,2026-01-23,2026-05-28
0.829,UNKNOWN,NEUTRAL,0.355,NONE,REVERSED_RECORD,TRAIN,True,MIXED,ACTIVE,2025-12-29,2026-04-01
0.284,UNKNOWN,NEUTRAL,0.505,LEGITIMATE_ANOMALY,NORMAL,TEST,True,AMBIGUOUS,ACTIVE,2026-05-06,2026-11-01
0.427,SUSPECTED,SUPPORTING,0.627,NONE,NORMAL,TRAIN,True,CRIMINAL,ACTIVE,2026-01-20,2026-04-30
0.378,SUSPECTED,SUPPORTING,0.633,NONE,NORMAL,TRAIN,True,MIXED,ACTIVE,2025-12-01,2026-05-27
0.634,SUSPECTED,SUPPORTING,0.845,CONTEXTUAL_ANOMALY,NORMAL,TRAIN,True,CRIMINAL,ACTIVE,2026-01-14,2026-04-22
0.798,CONFIRMED,SUPPORTING,0.859,LEGITIMATE_ANOMALY,NORMAL,TRAIN,True,MIXED,ACTIVE,2026-04-01,2026-07-29
0.384,CONFIRMED,SUPPORTING,0.944,LEGITIMATE_ANOMALY,NORMAL,VALIDATION,True,LEGITIMATE,ACTIVE,2026-03-10,2026-06-26
0.471,CONFIRMED,SUPPORTING,0.916,NONE,NORMAL,TRAIN,True,CRIMINAL,ACTIVE,2026-06-25,2026-09-09
0.329,UNKNOWN,NEUTRAL,0.514,NONE,NORMAL,TRAIN,True,CRIMINAL,ACTIVE,2026-04-06,2026-08-17
0.26,UNKNOWN,NEUTRAL,0.374,NONE,NORMAL,TRAIN,True,MIXED,ACTIVE,2025-10-24,2026-04-05
0.827,FALSE,CONTRADICTING,0.229,TEMPORAL_ANOMALY,NORMAL,TRAIN,True,MIXED,ACTIVE,2026-08-08,2026-10-29
0.281,FALSE,CONTRADICTING,0.181,NONE,NORMAL,TEST,True,AMBIGUOUS,ACTIVE,2026-05-27,2026-08-13
0.389,CONFIRMED,SUPPORTING,0.867,NONE,NORMAL,TRAIN,True,CRIMINAL,ACTIVE,2026-01-03,2026-05-12
0.514,UNKNOWN,NEUTRAL,0.245,LEGITIMATE_ANOMALY,NORMAL,TRAIN,True,CRIMINAL,ACTIVE,2026-03-02,2026-05-11
0.312,SUSPECTED,SUPPORTING,0.645,NONE,NORMAL,TRAIN,True,MIXED,ACTIVE,2026-04-18,2026-09-23
0.074,FALSE,CONTRADICTING,0.414,NONE,NORMAL,TRAIN,True,CRIMINAL,ACTIVE,2026-01-17,2026-07-29
0.71,UNKNOWN,NEUTRAL,0.42,NONE,NORMAL,TEST,True,AMBIGUOUS,ACTIVE,2026-04-11,2026-08-21
0.48,UNKNOWN,NEUTRAL,0.496,NONE,NORMAL,TRAIN,True,CRIMINAL,ACTIVE,2026-03-18,2026-08-08
0.278,FALSE,CONTRADICTING,0.322,NONE,NORMAL,VALIDATION,True,LEGITIMATE,ACTIVE,2025-12-11,2026-05-21
0.478,UNKNOWN,NEUTRAL,0.536,NONE,NORMAL,TEST,True,AMBIGUOUS,ACTIVE,2026-03-03,2026-04-15
0.44,SUSPECTED,SUPPORTING,0.8,NONE,NORMAL,TRAIN,True,MIXED,ACTIVE,2026-01-24,2026-04-19
0.037,FALSE,CONTRADICTING,0.186,NONE,NORMAL,VALIDATION,True,LEGITIMATE,ACTIVE,2026-03-18,2026-06-25
0.774,SUSPECTED,SUPPORTING,0.85,NONE,NORMAL,TRAIN,True,CRIMINAL,ACTIVE,2026-01-13,2026-05-06
0.495,CONFIRMED,SUPPORTING,0.825,NONE,NORMAL,VALIDATION,True,LEGITIMATE,ACTIVE,2026-05-15,2026-09-26
0.316,SUSPECTED,SUPPORTING,0.78,NONE,NORMAL,TRAIN,True,MIXED,ACTIVE,2026-06-05,2026-10-13
0.61,UNKNOWN,NEUTRAL,0.234,NONE,NORMAL,TEST,True,AMBIGUOUS,ACTIVE,2026-05-30,2026-08-22
0.145,UNKNOWN,NEUTRAL,0.211,NONE,NORMAL,TEST,True,AMBIGUOUS,ACTIVE,2025-12-31,2026-06-17
0.337,CONFIRMED,SUPPORTING,0.876,NONE,NORMAL,TRAIN,True,CRIMINAL,ACTIVE,2026-04-12,2026-07-06
0.723,SUSPECTED,SUPPORTING,0.638,LEGITIMATE_ANOMALY,NORMAL,TRAIN,True,MIXED,ACTIVE,2025-12-23,2026-05-14
0.425,SUSPECTED,SUPPORTING,0.834,NONE,NORMAL,VALIDATION,True,LEGITIMATE,ACTIVE,2025-12-10,2026-06-11
0.362,CONFIRMED,SUPPORTING,0.93,LEGITIMATE_ANOMALY,NORMAL,TRAIN,True,MIXED,ACTIVE,2026-03-04,2026-09-02
0.544,SUSPECTED,SUPPORTING,0.663,NONE,NORMAL,VALIDATION,True,LEGITIMATE,ACTIVE,2026-07-12,2026-10-16
0.411,UNKNOWN,NEUTRAL,0.499,NONE,NORMAL,TEST,True,AMBIGUOUS,ACTIVE,2026-06-25,2026-09-11
0.382,FALSE,CONTRADICTING,0.314,NONE,NORMAL,VALIDATION,True,LEGITIMATE,ACTIVE,2026-02-01,2026-07-21
0.43,FALSE,CONTRADICTING,0.298,NONE,NORMAL,TRAIN,True,MIXED,ACTIVE,2026-02-10,2026-04-30
0.484,UNKNOWN,NEUTRAL,0.545,NONE,NORMAL,TRAIN,True,CRIMINAL,ACTIVE,2026-01-11,2026-03-06
0.084,UNKNOWN,NEUTRAL,0.202,NONE,NORMAL,TRAIN,True,CRIMINAL,ACTIVE,2026-07-15,2026-09-16
0.617,FALSE,CONTRADICTING,0.318,NONE,NORMAL,VALIDATION,True,LEGITIMATE,ACTIVE,2026-02-16,2026-09-03
0.123,SUSPECTED,SUPPORTING,0.806,NONE,NORMAL,TRAIN,True,MIXED,ACTIVE,2025-11-21,2026-04-12
0.24,UNKNOWN,NEUTRAL,0.277,CRIMINAL_ANOMALY,NORMAL,VALIDATION,True,LEGITIMATE,ACTIVE,2025-11-18,2026-03-01
0.088,FALSE,CONTRADICTING,0.303,NONE,NORMAL,VALIDATION,True,LEGITIMATE,ACTIVE,2026-05-25,2026-10-28
0.819,UNKNOWN,NEUTRAL,0.244,CONTEXTUAL_ANOMALY,NORMAL,TRAIN,True,CRIMINAL,ACTIVE,2025-10-19,2026-02-28
0.135,UNKNOWN,NEUTRAL,0.244,NONE,NORMAL,TRAIN,True,CRIMINAL,ACTIVE,2026-02-27,2026-07-12
0.493,CONFIRMED,SUPPORTING,0.865,NONE,NORMAL,TRAIN,True,CRIMINAL,ACTIVE,2025-12-01,2026-04-21
0.425,FALSE,CONTRADICTING,0.183,NONE,MISSING_COUNTERPARTY,TRAIN,True,LEGITIMATE,ACTIVE,2026-02-20,2026-05-11
0.118,UNKNOWN,NEUTRAL,0.522,NONE,NORMAL,TRAIN,True,CRIMINAL,ACTIVE,2026-01-30,2026-05-16
0.26,SUSPECTED,SUPPORTING,0.857,NONE,NORMAL,TRAIN,True,CRIMINAL,ACTIVE,2026-05-02,2026-07-16
0.733,FALSE,CONTRADICTING,0.271,NONE,DUPLICATE,VALIDATION,True,LEGITIMATE,ACTIVE,2026-03-10,2026-08-04
0.271,SUSPECTED,SUPPORTING,0.76,CONTEXTUAL_ANOMALY,NORMAL,TRAIN,True,CRIMINAL,ACTIVE,2025-12-30,2026-07-04
0.43,CONFIRMED,SUPPORTING,0.827,NONE,NORMAL,TRAIN,True,CRIMINAL,ACTIVE,2025-12-01,2026-01-23
0.153,SUSPECTED,SUPPORTING,0.75,NONE,NORMAL,TRAIN,True,MIXED,ACTIVE,2026-07-06,2026-09-08
0.204,CONFIRMED,SUPPORTING,0.838,TEMPORAL_ANOMALY,NORMAL,TRAIN,True,CRIMINAL,ACTIVE,2025-12-15,2026-03-27
0.207,UNKNOWN,NEUTRAL,0.259,NONE,NORMAL,TRAIN,True,CRIMINAL,ACTIVE,2025-12-01,2026-04-11
0.074,FALSE,CONTRADICTING,0.377,NONE,NORMAL,TRAIN,True,CRIMINAL,ACTIVE,2025-12-20,2026-03-26
0.785,UNKNOWN,NEUTRAL,0.205,NONE,NORMAL,TRAIN,True,CRIMINAL,ACTIVE,2026-04-09,2026-08-08
0.72,UNKNOWN,NEUTRAL,0.357,NONE,NORMAL,TRAIN,True,MIXED,ACTIVE,2026-03-01,2026-06-26
0.421,UNKNOWN,NEUTRAL,0.219,NONE,NORMAL,TRAIN,True,CRIMINAL,ACTIVE,2025-10-30,2026-04-02
0.397,CONFIRMED,SUPPORTING,0.898,NONE,NORMAL,TRAIN,True,CRIMINAL,ACTIVE,2026-03-29,2026-05-22
0.574,UNKNOWN,NEUTRAL,0.539,NONE,NORMAL,TEST,True,AMBIGUOUS,ACTIVE,2026-06-04,2026-07-22
0.072,FALSE,CONTRADICTING,0.253,NONE,NORMAL,TRAIN,True,MIXED,ACTIVE,2025-11-14,2026-04-21
0.25,CONFIRMED,SUPPORTING,0.869,NONE,NORMAL,TEST,True,AMBIGUOUS,ACTIVE,2026-04-27,2026-05-30
0.535,UNKNOWN,NEUTRAL,0.417,NONE,NORMAL,TEST,True,AMBIGUOUS,ACTIVE,2025-11-25,2026-04-07
0.4,SUSPECTED,SUPPORTING,0.794,NONE,NORMAL,VALIDATION,True,LEGITIMATE,ACTIVE,2026-06-09,2026-08-25
0.576,CONFIRMED,SUPPORTING,0.907,NONE,FORMATTING_VARIATION,TEST,True,AMBIGUOUS,ACTIVE,2026-02-26,2026-04-17
0.284,UNKNOWN,NEUTRAL,0.549,NONE,NORMAL,VALIDATION,True,LEGITIMATE,ACTIVE,2025-12-30,2026-04-02
0.683,UNKNOWN,NEUTRAL,0.305,NONE,REVERSED_RECORD,TRAIN,True,CRIMINAL,ACTIVE,2026-01-02,2026-05-11
0.236,FALSE,CONTRADICTING,0.273,NONE,NORMAL,TRAIN,True,CRIMINAL,ACTIVE,2026-05-13,2026-08-29
0.467,FALSE,CONTRADICTING,0.397,NONE,NORMAL,TRAIN,True,CRIMINAL,ACTIVE,2026-03-16,2026-07-26
0.563,UNKNOWN,NEUTRAL,0.449,NONE,NORMAL,TEST,True,AMBIGUOUS,ACTIVE,2026-01-09,2026-04-12
0.853,SUSPECTED,SUPPORTING,0.585,NONE,NORMAL,TRAIN,True,CRIMINAL,ACTIVE,2025-12-20,2026-04-03
0.647,UNKNOWN,NEUTRAL,0.365,NONE,NORMAL,TRAIN,True,CRIMINAL,ACTIVE,2026-02-28,2026-07-09
0.248,FALSE,CONTRADICTING,0.345,NONE,DUPLICATE,TRAIN,True,MIXED,ACTIVE,2025-11-28,2026-03-31
0.647,UNKNOWN,NEUTRAL,0.296,NONE,NORMAL,TRAIN,True,LEGITIMATE,ACTIVE,2026-02-17,2026-05-20
0.603,CONFIRMED,SUPPORTING,0.892,NONE,NORMAL,TRAIN,True,CRIMINAL,ACTIVE,2026-03-08,2026-05-20
0.523,FALSE,CONTRADICTING,0.349,NONE,NORMAL,VALIDATION,True,LEGITIMATE,ACTIVE,2026-03-26,2026-06-08
0.373,SUSPECTED,SUPPORTING,0.679,NONE,NORMAL,TRAIN,True,CRIMINAL,ACTIVE,2026-03-25,2026-06-07
0.506,UNKNOWN,NEUTRAL,0.266,NONE,NORMAL,TRAIN,True,CRIMINAL,ACTIVE,2026-01-21,2026-07-07
0.124,CONFIRMED,SUPPORTING,0.859,NONE,NORMAL,TRAIN,True,CRIMINAL,ACTIVE,2025-12-03,2026-04-29
0.593,SUSPECTED,SUPPORTING,0.775,NONE,NORMAL,VALIDATION,True,LEGITIMATE,ACTIVE,2026-04-11,2026-08-30
0.524,SUSPECTED,SUPPORTING,0.848,NONE,NORMAL,TRAIN,True,CRIMINAL,ACTIVE,2026-02-15,2026-07-19
0.233,CONFIRMED,SUPPORTING,0.895,NONE,NORMAL,TRAIN,True,CRIMINAL,ACTIVE,2026-01-06,2026-07-01
0.513,UNKNOWN,NEUTRAL,0.298,NONE,NORMAL,TRAIN,True,CRIMINAL,ACTIVE,2025-12-27,2026-06-05
0.146,SUSPECTED,SUPPORTING,0.807,NONE,NORMAL,TEST,True,AMBIGUOUS,ACTIVE,2026-05-13,2026-11-07
0.268,SUSPECTED,SUPPORTING,0.85,CONTEXTUAL_ANOMALY,NORMAL,TRAIN,True,CRIMINAL,ACTIVE,2026-02-21,2026-07-04
0.204,SUSPECTED,SUPPORTING,0.797,LEGITIMATE_ANOMALY,NORMAL,TRAIN,True,CRIMINAL,ACTIVE,2026-01-16,2026-02-24
0.731,SUSPECTED,SUPPORTING,0.686,COLLECTIVE_ANOMALY,NORMAL,VALIDATION,True,LEGITIMATE,ACTIVE,2026-01-06,2026-04-05
0.141,CONFIRMED,SUPPORTING,0.963,NONE,NORMAL,VALIDATION,True,LEGITIMATE,ACTIVE,2026-05-30,2026-09-04
0.524,UNKNOWN,NEUTRAL,0.313,NONE,NORMAL,TRAIN,True,LEGITIMATE,ACTIVE,2026-01-10,2026-06-10
0.488,FALSE,CONTRADICTING,0.208,NONE,NORMAL,VALIDATION,True,LEGITIMATE,ACTIVE,2026-03-10,2026-04-27
0.038,SUSPECTED,SUPPORTING,0.691,NONE,NORMAL,TEST,True,AMBIGUOUS,ACTIVE,2026-02-25,2026-05-02
0.646,SUSPECTED,SUPPORTING,0.706,NONE,NORMAL,TRAIN,True,CRIMINAL,ACTIVE,2025-12-03,2026-05-14
0.459,UNKNOWN,NEUTRAL,0.364,NONE,NORMAL,TRAIN,True,MIXED,ACTIVE,2026-05-04,2026-06-30
0.712,UNKNOWN,NEUTRAL,0.257,NONE,NORMAL,TRAIN,True,MIXED,ACTIVE,2026-02-03,2026-05-07
0.179,SUSPECTED,SUPPORTING,0.709,NONE,NORMAL,TRAIN,True,MIXED,ACTIVE,2026-01-04,2026-05-10
0.208,FALSE,CONTRADICTING,0.379,NONE,NORMAL,VALIDATION,True,LEGITIMATE,ACTIVE,2026-01-14,2026-05-24
0.634,UNKNOWN,NEUTRAL,0.52,NONE,NORMAL,TRAIN,True,CRIMINAL,ACTIVE,2026-05-06,2026-07-15
0.486,CONFIRMED,SUPPORTING,0.937,NONE,NORMAL,TRAIN,True,CRIMINAL,ACTIVE,2026-04-23,2026-07-14
0.063,FALSE,CONTRADICTING,0.308,NONE,NORMAL,TEST,True,AMBIGUOUS,ACTIVE,2026-02-18,2026-04-25
0.937,SUSPECTED,SUPPORTING,0.74,COLLECTIVE_ANOMALY,NORMAL,TRAIN,True,CRIMINAL,ACTIVE,2025-12-18,2026-06-10
0.398,UNKNOWN,NEUTRAL,0.291,NONE,NORMAL,TRAIN,True,MIXED,ACTIVE,2025-11-02,2026-02-12
0.069,CONFIRMED,SUPPORTING,0.938,NONE,NORMAL,VALIDATION,True,LEGITIMATE,ACTIVE,2026-02-09,2026-04-18
0.179,FALSE,CONTRADICTING,0.315,NONE,NORMAL,TRAIN,True,CRIMINAL,ACTIVE,2026-03-03,2026-06-17
0.567,CONFIRMED,SUPPORTING,0.826,NONE,NORMAL,TRAIN,True,MIXED,ACTIVE,2026-07-21,2026-10-18
0.431,FALSE,CONTRADICTING,0.284,NONE,NORMAL,TRAIN,True,MIXED,ACTIVE,2025-11-23,2026-05-07
0.42,CONFIRMED,SUPPORTING,0.968,NONE,NORMAL,TRAIN,True,CRIMINAL,ACTIVE,2026-02-27,2026-06-30
0.128,FALSE,CONTRADICTING,0.23,NONE,NORMAL,TRAIN,True,MIXED,ACTIVE,2026-05-28,2026-09-28
0.196,UNKNOWN,NEUTRAL,0.453,NONE,NORMAL,TRAIN,True,LEGITIMATE,ACTIVE,2025-11-20,2026-02-08
0.398,UNKNOWN,NEUTRAL,0.451,NONE,NORMAL,TEST,True,AMBIGUOUS,ACTIVE,2025-10-13,2026-03-12
0.202,FALSE,CONTRADICTING,0.216,NONE,NORMAL,TRAIN,True,MIXED,ACTIVE,2026-02-05,2026-06-01
0.473,FALSE,CONTRADICTING,0.206,NONE,FORMATTING_VARIATION,VALIDATION,True,LEGITIMATE,ACTIVE,2026-01-02,2026-03-03
0.37,FALSE,CONTRADICTING,0.283,NONE,NORMAL,VALIDATION,True,LEGITIMATE,ACTIVE,2026-05-28,2026-10-19
0.699,CONFIRMED,SUPPORTING,0.843,NONE,NORMAL,TRAIN,True,CRIMINAL,ACTIVE,2026-03-28,2026-07-13
0.257,CONFIRMED,SUPPORTING,0.834,NONE,NORMAL,TRAIN,True,MIXED,ACTIVE,2026-03-12,2026-05-10
0.238,UNKNOWN,NEUTRAL,0.408,NONE,FORMATTING_VARIATION,TRAIN,True,CRIMINAL,ACTIVE,2026-05-17,2026-09-28
0.374,FALSE,CONTRADICTING,0.315,COLLECTIVE_ANOMALY,NORMAL,TRAIN,True,CRIMINAL,ACTIVE,2025-09-22,2026-02-02
0.639,UNKNOWN,NEUTRAL,0.222,NONE,NORMAL,TEST,True,AMBIGUOUS,ACTIVE,2026-01-26,2026-05-30
0.613,UNKNOWN,NEUTRAL,0.327,NONE,NORMAL,TRAIN,True,MIXED,ACTIVE,2026-03-01,2026-07-07
0.659,SUSPECTED,SUPPORTING,0.768,NONE,NORMAL,TRAIN,True,CRIMINAL,ACTIVE,2025-12-18,2026-05-06
0.893,SUSPECTED,SUPPORTING,0.754,NONE,NORMAL,TEST,True,AMBIGUOUS,ACTIVE,2026-07-16,2026-09-19
0.862,CONFIRMED,SUPPORTING,0.971,LEGITIMATE_ANOMALY,NORMAL,TEST,True,AMBIGUOUS,ACTIVE,2026-03-23,2026-06-07
0.235,UNKNOWN,NEUTRAL,0.293,NONE,NORMAL,TEST,True,AMBIGUOUS,ACTIVE,2025-12-24,2026-02-09
0.406,FALSE,CONTRADICTING,0.151,TEMPORAL_ANOMALY,NORMAL,TRAIN,True,CRIMINAL,ACTIVE,2026-01-27,2026-06-09
0.445,FALSE,CONTRADICTING,0.411,LEGITIMATE_ANOMALY,NORMAL,TRAIN,True,MIXED,ACTIVE,2026-03-24,2026-08-03
0.66,UNKNOWN,NEUTRAL,0.467,NONE,NORMAL,TEST,True,AMBIGUOUS,ACTIVE,2026-04-28,2026-08-06
0.802,UNKNOWN,NEUTRAL,0.362,NONE,NORMAL,TRAIN,True,CRIMINAL,ACTIVE,2025-12-19,2026-04-19
0.315,UNKNOWN,NEUTRAL,0.235,NONE,NORMAL,TRAIN,True,CRIMINAL,ACTIVE,2025-11-27,2026-03-24
0.119,SUSPECTED,SUPPORTING,0.821,NONE,DUPLICATE,TRAIN,True,MIXED,ACTIVE,2026-03-08,2026-08-19
0.345,UNKNOWN,NEUTRAL,0.379,NONE,NORMAL,TEST,True,AMBIGUOUS,ACTIVE,2026-01-18,2026-06-10
0.872,SUSPECTED,SUPPORTING,0.805,NONE,NORMAL,TRAIN,True,MIXED,ACTIVE,2026-05-21,2026-07-08
0.114,UNKNOWN,NEUTRAL,0.237,NONE,NORMAL,TRAIN,True,MIXED,ACTIVE,2026-05-24,2026-09-18
0.356,CONFIRMED,SUPPORTING,0.951,NONE,NORMAL,TRAIN,True,CRIMINAL,ACTIVE,2026-06-01,2026-09-22
0.821,CONFIRMED,SUPPORTING,0.958,NONE,NORMAL,TRAIN,True,CRIMINAL,ACTIVE,2026-01-04,2026-06-25
0.379,CONFIRMED,SUPPORTING,0.952,NONE,NORMAL,TEST,True,AMBIGUOUS,ACTIVE,2025-10-11,2026-04-02
0.794,SUSPECTED,SUPPORTING,0.773,CRIMINAL_ANOMALY,NORMAL,VALIDATION,True,LEGITIMATE,ACTIVE,2025-11-23,2026-05-22
0.626,FALSE,CONTRADICTING,0.396,NONE,NORMAL,TRAIN,True,CRIMINAL,ACTIVE,2025-10-23,2026-03-01
0.474,UNKNOWN,NEUTRAL,0.466,NONE,NORMAL,TRAIN,True,MIXED,ACTIVE,2026-01-10,2026-04-16
0.705,SUSPECTED,SUPPORTING,0.752,NONE,NORMAL,VALIDATION,True,LEGITIMATE,ACTIVE,2026-05-16,2026-09-12
0.345,CONFIRMED,SUPPORTING,0.984,NONE,NORMAL,TRAIN,True,CRIMINAL,ACTIVE,2026-03-18,2026-09-27
0.87,FALSE,CONTRADICTING,0.255,NONE,NORMAL,TRAIN,True,MIXED,ACTIVE,2026-05-10,2026-07-22
0.294,CONFIRMED,SUPPORTING,0.852,NONE,NORMAL,TRAIN,True,CRIMINAL,ACTIVE,2026-03-29,2026-07-08
0.882,CONFIRMED,SUPPORTING,0.861,NONE,NORMAL,TEST,True,AMBIGUOUS,ACTIVE,2026-02-05,2026-05-02
0.636,CONFIRMED,SUPPORTING,0.877,NONE,NORMAL,TRAIN,True,CRIMINAL,ACTIVE,2026-01-23,2026-05-30
0.319,CONFIRMED,SUPPORTING,0.923,LEGITIMATE_ANOMALY,FORMATTING_VARIATION,VALIDATION,True,LEGITIMATE,ACTIVE,2026-03-02,2026-06-22
0.579,UNKNOWN,NEUTRAL,0.266,LEGITIMATE_ANOMALY,NORMAL,TRAIN,True,CRIMINAL,ACTIVE,2026-07-05,2026-10-17
0.432,FALSE,CONTRADICTING,0.249,NONE,NORMAL,VALIDATION,True,LEGITIMATE,ACTIVE,2025-10-20,2026-02-12
0.574,CONFIRMED,SUPPORTING,0.932,NONE,NORMAL,TRAIN,True,CRIMINAL,ACTIVE,2026-01-15,2026-05-25
0.616,SUSPECTED,SUPPORTING,0.644,NONE,NORMAL,TEST,True,AMBIGUOUS,ACTIVE,2026-02-27,2026-06-13
0.329,SUSPECTED,SUPPORTING,0.626,NONE,NORMAL,TEST,True,AMBIGUOUS,ACTIVE,2025-12-17,2026-04-15
0.315,FALSE,CONTRADICTING,0.273,NONE,NORMAL,VALIDATION,True,LEGITIMATE,ACTIVE,2026-03-03,2026-04-23
0.41,UNKNOWN,NEUTRAL,0.312,NONE,NORMAL,TRAIN,True,LEGITIMATE,ACTIVE,2026-04-30,2026-07-02
0.129,CONFIRMED,SUPPORTING,0.893,NONE,NORMAL,TRAIN,True,CRIMINAL,ACTIVE,2026-01-02,2026-03-02
0.482,FALSE,CONTRADICTING,0.169,NONE,NORMAL,TEST,True,AMBIGUOUS,ACTIVE,2026-01-19,2026-05-10
0.373,CONFIRMED,SUPPORTING,0.836,COLLECTIVE_ANOMALY,NORMAL,TRAIN,True,MIXED,ACTIVE,2026-04-03,2026-07-25
0.694,SUSPECTED,SUPPORTING,0.701,COLLECTIVE_ANOMALY,NORMAL,TEST,True,AMBIGUOUS,ACTIVE,2025-11-11,2026-05-19
0.149,FALSE,CONTRADICTING,0.166,NONE,NORMAL,TEST,True,AMBIGUOUS,ACTIVE,2026-04-10,2026-05-19
0.463,CONFIRMED,SUPPORTING,0.953,NONE,NORMAL,TRAIN,True,CRIMINAL,ACTIVE,2025-11-07,2026-04-30
0.402,SUSPECTED,SUPPORTING,0.637,NONE,NORMAL,TEST,True,AMBIGUOUS,ACTIVE,2025-11-05,2026-03-22
0.238,SUSPECTED,SUPPORTING,0.711,NONE,NORMAL,VALIDATION,True,LEGITIMATE,ACTIVE,2026-04-06,2026-08-11
0.854,UNKNOWN,NEUTRAL,0.506,NONE,NORMAL,TEST,True,AMBIGUOUS,ACTIVE,2025-11-06,2026-02-23
0.315,SUSPECTED,SUPPORTING,0.68,NONE,NORMAL,TRAIN,True,MIXED,ACTIVE,2026-04-06,2026-05-08
0.259,UNKNOWN,NEUTRAL,0.45,NONE,NORMAL,TRAIN,True,MIXED,ACTIVE,2026-02-16,2026-08-08
0.817,CONFIRMED,SUPPORTING,0.902,NONE,NORMAL,TRAIN,True,CRIMINAL,ACTIVE,2026-01-20,2026-04-28
0.173,UNKNOWN,NEUTRAL,0.534,NONE,NORMAL,TEST,True,AMBIGUOUS,ACTIVE,2026-05-02,2026-11-03
0.12,FALSE,CONTRADICTING,0.206,NONE,NORMAL,TRAIN,True,MIXED,ACTIVE,2025-11-27,2026-02-21
0.744,UNKNOWN,NEUTRAL,0.505,NONE,NORMAL,VALIDATION,True,LEGITIMATE,ACTIVE,2026-03-19,2026-06-23
0.349,FALSE,CONTRADICTING,0.334,CRIMINAL_ANOMALY,NORMAL,TRAIN,True,LEGITIMATE,ACTIVE,2025-10-15,2026-03-08
0.573,FALSE,CONTRADICTING,0.231,TEMPORAL_ANOMALY,NORMAL,TRAIN,True,CRIMINAL,ACTIVE,2026-07-01,2026-08-19
0.248,FALSE,CONTRADICTING,0.244,NONE,NORMAL,VALIDATION,True,LEGITIMATE,ACTIVE,2026-04-10,2026-07-08
0.301,FALSE,CONTRADICTING,0.388,CONTEXTUAL_ANOMALY,NORMAL,VALIDATION,True,LEGITIMATE,ACTIVE,2025-11-07,2026-05-02
0.095,CONFIRMED,SUPPORTING,0.909,NONE,NORMAL,TRAIN,True,CRIMINAL,ACTIVE,2026-02-18,2026-07-22
0.412,SUSPECTED,SUPPORTING,0.846,NONE,NORMAL,VALIDATION,True,LEGITIMATE,ACTIVE,2026-02-07,2026-06-01
0.41,SUSPECTED,SUPPORTING,0.647,NONE,NORMAL,TRAIN,True,CRIMINAL,ACTIVE,2026-03-18,2026-07-14
0.719,SUSPECTED,SUPPORTING,0.702,NONE,NORMAL,TRAIN,True,MIXED,ACTIVE,2026-01-28,2026-07-16
0.315,SUSPECTED,SUPPORTING,0.674,NONE,NORMAL,VALIDATION,True,LEGITIMATE,ACTIVE,2026-04-16,2026-10-23
0.454,FALSE,CONTRADICTING,0.138,NONE,NORMAL,TRAIN,True,CRIMINAL,ACTIVE,2026-03-21,2026-06-02
0.508,UNKNOWN,NEUTRAL,0.33,COLLECTIVE_ANOMALY,NORMAL,TRAIN,True,CRIMINAL,ACTIVE,2025-12-19,2026-06-04
0.462,SUSPECTED,SUPPORTING,0.857,LEGITIMATE_ANOMALY,NORMAL,TEST,True,AMBIGUOUS,ACTIVE,2025-10-14,2026-02-07
0.602,UNKNOWN,NEUTRAL,0.377,NONE,NORMAL,TEST,True,AMBIGUOUS,ACTIVE,2026-06-17,2026-09-14
0.14,FALSE,CONTRADICTING,0.362,CONTEXTUAL_ANOMALY,NORMAL,TRAIN,True,MIXED,ACTIVE,2026-02-18,2026-06-20
0.541,SUSPECTED,SUPPORTING,0.768,NONE,NORMAL,TRAIN,True,CRIMINAL,ACTIVE,2026-05-11,2026-08-17
0.51,SUSPECTED,SUPPORTING,0.649,NONE,DUPLICATE,TRAIN,True,CRIMINAL,ACTIVE,2026-02-23,2026-06-26
0.502,FALSE,CONTRADICTING,0.143,NONE,NORMAL,TRAIN,True,MIXED,ACTIVE,2026-04-08,2026-10-16
0.26,CONFIRMED,SUPPORTING,0.943,NONE,NORMAL,TRAIN,True,MIXED,ACTIVE,2026-06-28,2026-11-12
0.354,SUSPECTED,SUPPORTING,0.791,NONE,NORMAL,TRAIN,True,LEGITIMATE,ACTIVE,2026-05-08,2026-07-12
0.45,UNKNOWN,NEUTRAL,0.469,NONE,NORMAL,TRAIN,True,MIXED,ACTIVE,2025-10-13,2026-03-12
0.548,SUSPECTED,SUPPORTING,0.603,NONE,NORMAL,TRAIN,True,MIXED,ACTIVE,2026-06-20,2026-10-02
0.762,UNKNOWN,NEUTRAL,0.484,NONE,NORMAL,VALIDATION,True,LEGITIMATE,ACTIVE,2026-04-09,2026-06-15
0.78,FALSE,CONTRADICTING,0.148,NONE,NORMAL,TRAIN,True,MIXED,ACTIVE,2026-01-31,2026-05-11
0.211,SUSPECTED,SUPPORTING,0.753,NONE,NORMAL,TRAIN,True,CRIMINAL,ACTIVE,2026-04-30,2026-07-28
0.497,UNKNOWN,NEUTRAL,0.47,NONE,NORMAL,TRAIN,True,CRIMINAL,ACTIVE,2025-11-05,2026-04-08
0.254,UNKNOWN,NEUTRAL,0.274,LEGITIMATE_ANOMALY,NORMAL,TEST,True,AMBIGUOUS,ACTIVE,2026-04-11,2026-07-05
0.828,SUSPECTED,SUPPORTING,0.729,NONE,NORMAL,TRAIN,True,MIXED,ACTIVE,2026-06-09,2026-09-23
0.301,FALSE,CONTRADICTING,0.222,NONE,NORMAL,VALIDATION,True,LEGITIMATE,ACTIVE,2025-11-10,2026-03-27
0.668,FALSE,CONTRADICTING,0.417,LEGITIMATE_ANOMALY,NORMAL,TRAIN,True,CRIMINAL,ACTIVE,2025-10-22,2026-04-19
0.64,SUSPECTED,SUPPORTING,0.595,NONE,NORMAL,VALIDATION,True,LEGITIMATE,ACTIVE,2025-09-20,2026-04-07
0.022,SUSPECTED,SUPPORTING,0.727,NONE,NORMAL,TRAIN,True,MIXED,ACTIVE,2026-03-27,2026-07-24
0.099,UNKNOWN,NEUTRAL,0.206,NONE,NORMAL,VALIDATION,True,LEGITIMATE,ACTIVE,2026-02-08,2026-04-02
0.429,UNKNOWN,NEUTRAL,0.317,CRIMINAL_ANOMALY,NORMAL,TRAIN,True,MIXED,ACTIVE,2025-12-19,2026-07-01
0.228,SUSPECTED,SUPPORTING,0.69,NONE,NORMAL,TRAIN,True,MIXED,ACTIVE,2026-02-14,2026-06-03
0.371,SUSPECTED,SUPPORTING,0.71,NONE,DUPLICATE,TRAIN,True,MIXED,ACTIVE,2026-01-04,2026-06-04
0.185,SUSPECTED,SUPPORTING,0.583,CRIMINAL_ANOMALY,NORMAL,TEST,True,AMBIGUOUS,ACTIVE,2026-01-14,2026-04-22
0.334,SUSPECTED,SUPPORTING,0.634,NONE,NORMAL,TRAIN,True,CRIMINAL,ACTIVE,2025-11-27,2026-05-17
0.498,UNKNOWN,NEUTRAL,0.396,NONE,NORMAL,VALIDATION,True,LEGITIMATE,ACTIVE,2026-03-28,2026-06-25
0.223,FALSE,CONTRADICTING,0.178,NONE,NORMAL,TRAIN,True,CRIMINAL,ACTIVE,2025-12-17,2026-04-20
0.395,SUSPECTED,SUPPORTING,0.698,CRIMINAL_ANOMALY,NORMAL,TRAIN,True,MIXED,ACTIVE,2026-04-13,2026-07-25
0.803,FALSE,CONTRADICTING,0.211,LEGITIMATE_ANOMALY,MISSING_COUNTERPARTY,TRAIN,True,MIXED,ACTIVE,2026-03-12,2026-07-06
0.266,FALSE,CONTRADICTING,0.15,CRIMINAL_ANOMALY,NORMAL,VALIDATION,True,LEGITIMATE,ACTIVE,2026-03-15,2026-08-16
0.658,FALSE,CONTRADICTING,0.398,NONE,FORMATTING_VARIATION,TRAIN,True,MIXED,ACTIVE,2026-05-17,2026-10-08
0.231,CONFIRMED,SUPPORTING,0.976,NONE,MISSING_COUNTERPARTY,TRAIN,True,CRIMINAL,ACTIVE,2026-01-15,2026-07-24
0.701,FALSE,CONTRADICTING,0.175,TEMPORAL_ANOMALY,NORMAL,VALIDATION,True,LEGITIMATE,ACTIVE,2026-04-03,2026-06-12
0.53,SUSPECTED,SUPPORTING,0.617,NONE,NORMAL,TRAIN,True,MIXED,ACTIVE,2025-11-06,2026-02-22
0.361,UNKNOWN,NEUTRAL,0.418,NONE,NORMAL,TRAIN,True,MIXED,ACTIVE,2026-07-01,2026-10-03
0.828,CONFIRMED,SUPPORTING,0.976,LEGITIMATE_ANOMALY,NORMAL,TRAIN,True,MIXED,ACTIVE,2026-03-31,2026-06-21
0.686,FALSE,CONTRADICTING,0.271,NONE,NORMAL,TEST,True,AMBIGUOUS,ACTIVE,2026-01-05,2026-03-25
0.425,SUSPECTED,SUPPORTING,0.695,COLLECTIVE_ANOMALY,DUPLICATE,VALIDATION,True,LEGITIMATE,ACTIVE,2026-03-15,2026-07-19
0.494,SUSPECTED,SUPPORTING,0.626,NONE,NORMAL,TRAIN,True,CRIMINAL,ACTIVE,2025-12-16,2026-03-18
0.205,FALSE,CONTRADICTING,0.209,NONE,NORMAL,TRAIN,True,MIXED,ACTIVE,2025-12-28,2026-07-12
0.573,CONFIRMED,SUPPORTING,0.834,NONE,NORMAL,TRAIN,True,CRIMINAL,ACTIVE,2026-03-03,2026-06-21
0.501,UNKNOWN,NEUTRAL,0.532,NONE,NORMAL,VALIDATION,True,LEGITIMATE,ACTIVE,2026-03-15,2026-07-04
0.529,FALSE,CONTRADICTING,0.36,NONE,NORMAL,TEST,True,AMBIGUOUS,ACTIVE,2026-04-29,2026-07-23
0.486,CONFIRMED,SUPPORTING,0.854,NONE,NORMAL,TRAIN,True,MIXED,ACTIVE,2025-12-26,2026-05-17
0.275,FALSE,CONTRADICTING,0.202,CONTEXTUAL_ANOMALY,NORMAL,TRAIN,True,CRIMINAL,ACTIVE,2026-05-31,2026-09-28
0.662,CONFIRMED,SUPPORTING,0.987,NONE,NORMAL,TRAIN,True,CRIMINAL,ACTIVE,2026-03-13,2026-05-29
0.488,SUSPECTED,SUPPORTING,0.611,NONE,NORMAL,TRAIN,True,MIXED,ACTIVE,2026-03-18,2026-08-22
0.627,SUSPECTED,SUPPORTING,0.696,NONE,DUPLICATE,TRAIN,True,CRIMINAL,ACTIVE,2026-03-17,2026-05-29
0.228,CONFIRMED,SUPPORTING,0.838,NONE,NORMAL,TRAIN,True,MIXED,ACTIVE,2025-12-22,2026-03-27
0.574,FALSE,CONTRADICTING,0.143,NONE,NORMAL,TRAIN,True,MIXED,ACTIVE,2026-04-14,2026-08-30
0.461,SUSPECTED,SUPPORTING,0.713,NONE,NORMAL,TRAIN,True,CRIMINAL,ACTIVE,2026-05-30,2026-10-14
0.56,CONFIRMED,SUPPORTING,0.969,NONE,NORMAL,TRAIN,True,LEGITIMATE,ACTIVE,2025-12-31,2026-05-08
0.274,SUSPECTED,SUPPORTING,0.812,NONE,NORMAL,TRAIN,True,MIXED,ACTIVE,2026-03-04,2026-06-28
0.378,UNKNOWN,NEUTRAL,0.468,TEMPORAL_ANOMALY,NORMAL,TRAIN,True,CRIMINAL,ACTIVE,2026-02-15,2026-05-24
0.23,UNKNOWN,NEUTRAL,0.289,NONE,NORMAL,TRAIN,True,CRIMINAL,ACTIVE,2026-05-19,2026-08-29
0.77,UNKNOWN,NEUTRAL,0.254,NONE,NORMAL,VALIDATION,True,LEGITIMATE,ACTIVE,2026-02-23,2026-05-13
0.49,SUSPECTED,SUPPORTING,0.637,NONE,NORMAL,TEST,True,AMBIGUOUS,ACTIVE,2026-04-04,2026-08-07
0.265,CONFIRMED,SUPPORTING,0.893,NONE,NORMAL,TRAIN,True,MIXED,ACTIVE,2026-04-16,2026-06-03
0.409,SUSPECTED,SUPPORTING,0.68,NONE,NORMAL,TRAIN,True,MIXED,ACTIVE,2025-11-10,2026-04-05
0.218,SUSPECTED,SUPPORTING,0.799,NONE,NORMAL,TEST,True,AMBIGUOUS,ACTIVE,2026-01-03,2026-03-16
0.371,CONFIRMED,SUPPORTING,0.822,NONE,NORMAL,VALIDATION,True,LEGITIMATE,ACTIVE,2025-09-26,2026-02-22
0.347,FALSE,CONTRADICTING,0.183,CONTEXTUAL_ANOMALY,NORMAL,TEST,True,AMBIGUOUS,ACTIVE,2026-05-05,2026-08-30
0.517,CONFIRMED,SUPPORTING,0.924,NONE,NORMAL,TEST,True,AMBIGUOUS,ACTIVE,2026-07-06,2026-09-22
0.832,CONFIRMED,SUPPORTING,0.95,NONE,NORMAL,TEST,True,AMBIGUOUS,ACTIVE,2026-07-04,2026-09-24
0.555,FALSE,CONTRADICTING,0.241,NONE,NORMAL,TRAIN,True,CRIMINAL,ACTIVE,2025-11-07,2026-04-13
0.507,SUSPECTED,SUPPORTING,0.851,NONE,NORMAL,TRAIN,True,MIXED,ACTIVE,2026-03-09,2026-06-11
0.534,SUSPECTED,SUPPORTING,0.614,NONE,NORMAL,TRAIN,True,MIXED,ACTIVE,2026-02-23,2026-06-28
0.354,SUSPECTED,SUPPORTING,0.613,CRIMINAL_ANOMALY,NORMAL,TRAIN,True,MIXED,ACTIVE,2026-01-07,2026-06-26
0.2,CONFIRMED,SUPPORTING,0.865,CRIMINAL_ANOMALY,NORMAL,TEST,True,AMBIGUOUS,ACTIVE,2026-07-22,2026-10-21
0.413,UNKNOWN,NEUTRAL,0.33,LEGITIMATE_ANOMALY,NORMAL,TEST,True,AMBIGUOUS,ACTIVE,2026-02-25,2026-07-24
0.027,FALSE,CONTRADICTING,0.246,NONE,NORMAL,VALIDATION,True,LEGITIMATE,ACTIVE,2026-03-18,2026-05-26
0.26,SUSPECTED,SUPPORTING,0.622,TEMPORAL_ANOMALY,NORMAL,TRAIN,True,CRIMINAL,ACTIVE,2026-06-02,2026-08-03
0.629,SUSPECTED,SUPPORTING,0.697,NONE,NORMAL,TRAIN,True,CRIMINAL,ACTIVE,2026-01-03,2026-04-04
0.887,FALSE,CONTRADICTING,0.32,NONE,DUPLICATE,VALIDATION,True,LEGITIMATE,ACTIVE,2026-01-15,2026-07-01
0.602,CONFIRMED,SUPPORTING,0.849,NONE,NORMAL,TRAIN,True,CRIMINAL,ACTIVE,2026-01-13,2026-07-04
0.232,FALSE,CONTRADICTING,0.282,NONE,NORMAL,VALIDATION,True,LEGITIMATE,ACTIVE,2025-10-04,2026-03-16
0.257,SUSPECTED,SUPPORTING,0.813,NONE,NORMAL,TRAIN,True,CRIMINAL,ACTIVE,2026-04-17,2026-08-10
0.924,CONFIRMED,SUPPORTING,0.987,NONE,NORMAL,TRAIN,True,MIXED,ACTIVE,2026-04-18,2026-09-01
0.743,SUSPECTED,SUPPORTING,0.747,NONE,NORMAL,TRAIN,True,LEGITIMATE,ACTIVE,2026-04-22,2026-06-17
0.262,SUSPECTED,SUPPORTING,0.76,NONE,NORMAL,TRAIN,True,MIXED,ACTIVE,2026-05-16,2026-09-01
0.152,FALSE,CONTRADICTING,0.318,NONE,NORMAL,TRAIN,True,MIXED,ACTIVE,2026-02-16,2026-04-18
0.714,SUSPECTED,SUPPORTING,0.616,NONE,NORMAL,TRAIN,True,MIXED,ACTIVE,2026-03-18,2026-07-13
0.114,SUSPECTED,SUPPORTING,0.728,TEMPORAL_ANOMALY,NORMAL,VALIDATION,True,LEGITIMATE,ACTIVE,2026-04-14,2026-10-24
0.596,CONFIRMED,SUPPORTING,0.901,NONE,NORMAL,TEST,True,AMBIGUOUS,ACTIVE,2026-01-17,2026-06-10
0.313,SUSPECTED,SUPPORTING,0.769,NONE,NORMAL,TRAIN,True,LEGITIMATE,ACTIVE,2025-11-19,2026-04-24
0.502,CONFIRMED,SUPPORTING,0.976,NONE,NORMAL,TRAIN,True,CRIMINAL,ACTIVE,2026-04-01,2026-06-03
0.643,SUSPECTED,SUPPORTING,0.581,NONE,NORMAL,TRAIN,True,MIXED,ACTIVE,2026-02-05,2026-05-20
0.268,FALSE,CONTRADICTING,0.303,NONE,NORMAL,TRAIN,True,MIXED,ACTIVE,2025-12-11,2026-04-17
0.093,CONFIRMED,SUPPORTING,0.951,NONE,NORMAL,VALIDATION,True,LEGITIMATE,ACTIVE,2026-05-12,2026-08-09
0.379,CONFIRMED,SUPPORTING,0.87,CRIMINAL_ANOMALY,NORMAL,TRAIN,True,CRIMINAL,ACTIVE,2026-03-08,2026-04-24
0.361,SUSPECTED,SUPPORTING,0.723,COLLECTIVE_ANOMALY,FORMATTING_VARIATION,VALIDATION,True,LEGITIMATE,ACTIVE,2026-03-02,2026-07-16
0.502,FALSE,CONTRADICTING,0.304,TEMPORAL_ANOMALY,NORMAL,VALIDATION,True,LEGITIMATE,ACTIVE,2026-03-23,2026-07-29
0.35,SUSPECTED,SUPPORTING,0.581,NONE,NORMAL,TRAIN,True,LEGITIMATE,ACTIVE,2026-01-08,2026-06-02
0.466,CONFIRMED,SUPPORTING,0.891,NONE,NORMAL,TRAIN,True,CRIMINAL,ACTIVE,2026-04-11,2026-09-15
0.225,UNKNOWN,NEUTRAL,0.44,NONE,NORMAL,TEST,True,AMBIGUOUS,ACTIVE,2026-06-12,2026-09-03
0.444,SUSPECTED,SUPPORTING,0.736,NONE,NORMAL,TRAIN,True,LEGITIMATE,ACTIVE,2026-03-17,2026-06-12
0.525,FALSE,CONTRADICTING,0.396,NONE,NORMAL,TRAIN,True,MIXED,ACTIVE,2026-03-19,2026-06-14
0.748,FALSE,CONTRADICTING,0.413,NONE,NORMAL,VALIDATION,True,LEGITIMATE,ACTIVE,2026-06-24,2026-09-26
0.077,SUSPECTED,SUPPORTING,0.652,NONE,NORMAL,TRAIN,True,MIXED,ACTIVE,2026-01-17,2026-05-21
0.34,UNKNOWN,NEUTRAL,0.501,NONE,NORMAL,TEST,True,AMBIGUOUS,ACTIVE,2026-06-09,2026-07-31
0.227,FALSE,CONTRADICTING,0.406,NONE,NORMAL,TRAIN,True,CRIMINAL,ACTIVE,2026-04-13,2026-09-07
0.333,SUSPECTED,SUPPORTING,0.747,NONE,NORMAL,TRAIN,True,CRIMINAL,ACTIVE,2025-12-07,2026-04-02
0.38,UNKNOWN,NEUTRAL,0.443,NONE,NORMAL,VALIDATION,True,LEGITIMATE,ACTIVE,2026-02-11,2026-04-20
0.721,UNKNOWN,NEUTRAL,0.33,NONE,NORMAL,TEST,True,AMBIGUOUS,ACTIVE,2026-05-21,2026-08-28
0.683,FALSE,CONTRADICTING,0.352,TEMPORAL_ANOMALY,NORMAL,VALIDATION,True,LEGITIMATE,ACTIVE,2025-11-22,2026-03-15
0.329,UNKNOWN,NEUTRAL,0.418,NONE,NORMAL,TRAIN,True,MIXED,ACTIVE,2026-06-05,2026-08-05
0.446,SUSPECTED,SUPPORTING,0.665,NONE,NORMAL,TRAIN,True,CRIMINAL,ACTIVE,2026-01-09,2026-04-06
0.47,SUSPECTED,SUPPORTING,0.592,NONE,NORMAL,TRAIN,True,MIXED,ACTIVE,2026-02-22,2026-08-07
0.544,SUSPECTED,SUPPORTING,0.832,LEGITIMATE_ANOMALY,NORMAL,TRAIN,True,MIXED,ACTIVE,2026-02-12,2026-06-23
0.147,SUSPECTED,SUPPORTING,0.639,LEGITIMATE_ANOMALY,NORMAL,TRAIN,True,MIXED,ACTIVE,2026-04-08,2026-07-12
0.109,CONFIRMED,SUPPORTING,0.938,NONE,NORMAL,VALIDATION,True,LEGITIMATE,ACTIVE,2025-12-05,2026-02-16
0.765,SUSPECTED,SUPPORTING,0.815,NONE,NORMAL,TRAIN,True,MIXED,ACTIVE,2026-01-31,2026-06-10
0.503,SUSPECTED,SUPPORTING,0.678,CRIMINAL_ANOMALY,NORMAL,TRAIN,True,MIXED,ACTIVE,2026-02-07,2026-04-15
0.61,FALSE,CONTRADICTING,0.234,NONE,NORMAL,VALIDATION,True,LEGITIMATE,ACTIVE,2026-01-19,2026-05-28
0.16,UNKNOWN,NEUTRAL,0.499,TEMPORAL_ANOMALY,NORMAL,TRAIN,True,CRIMINAL,ACTIVE,2026-01-13,2026-05-09
0.328,UNKNOWN,NEUTRAL,0.4,NONE,NORMAL,TEST,True,AMBIGUOUS,ACTIVE,2026-03-23,2026-06-22
0.539,SUSPECTED,SUPPORTING,0.735,NONE,NORMAL,TRAIN,True,CRIMINAL,ACTIVE,2026-07-04,2026-09-24
0.56,CONFIRMED,SUPPORTING,0.938,NONE,NORMAL,VALIDATION,True,LEGITIMATE,ACTIVE,2026-03-23,2026-07-02
0.161,SUSPECTED,SUPPORTING,0.796,CRIMINAL_ANOMALY,NORMAL,TRAIN,True,CRIMINAL,ACTIVE,2025-09-16,2026-03-18
0.989,UNKNOWN,NEUTRAL,0.458,NONE,NORMAL,TRAIN,True,MIXED,ACTIVE,2026-03-28,2026-07-30
0.703,UNKNOWN,NEUTRAL,0.422,LEGITIMATE_ANOMALY,NORMAL,TRAIN,True,MIXED,ACTIVE,2026-03-20,2026-06-02
0.236,CONFIRMED,SUPPORTING,0.95,NONE,NORMAL,TRAIN,True,CRIMINAL,ACTIVE,2026-03-26,2026-07-26
0.529,SUSPECTED,SUPPORTING,0.657,TEMPORAL_ANOMALY,MISSING_COUNTERPARTY,TRAIN,True,CRIMINAL,ACTIVE,2026-04-28,2026-09-05
0.409,FALSE,CONTRADICTING,0.265,NONE,FORMATTING_VARIATION,VALIDATION,True,LEGITIMATE,ACTIVE,2026-01-24,2026-06-24
0.331,SUSPECTED,SUPPORTING,0.607,NONE,NORMAL,TRAIN,True,MIXED,ACTIVE,2026-05-25,2026-08-06
0.345,CONFIRMED,SUPPORTING,0.849,NONE,NORMAL,TRAIN,True,MIXED,ACTIVE,2025-11-28,2026-05-08
0.608,CONFIRMED,SUPPORTING,0.864,NONE,NORMAL,TRAIN,True,CRIMINAL,ACTIVE,2026-01-05,2026-03-23
0.76,UNKNOWN,NEUTRAL,0.275,NONE,NORMAL,VALIDATION,True,LEGITIMATE,ACTIVE,2026-04-25,2026-07-17
0.712,FALSE,CONTRADICTING,0.268,NONE,NORMAL,TRAIN,True,MIXED,ACTIVE,2026-04-21,2026-06-21
0.357,CONFIRMED,SUPPORTING,0.854,NONE,NORMAL,TRAIN,True,CRIMINAL,ACTIVE,2025-12-15,2026-04-08
0.245,CONFIRMED,SUPPORTING,0.987,NONE,NORMAL,TEST,True,AMBIGUOUS,ACTIVE,2026-06-02,2026-10-06
0.816,FALSE,CONTRADICTING,0.363,LEGITIMATE_ANOMALY,NORMAL,VALIDATION,True,LEGITIMATE,ACTIVE,2026-04-02,2026-07-08
0.307,UNKNOWN,NEUTRAL,0.294,NONE,NORMAL,TRAIN,True,CRIMINAL,ACTIVE,2025-10-25,2026-03-27
0.179,CONFIRMED,SUPPORTING,0.876,COLLECTIVE_ANOMALY,NORMAL,TRAIN,True,CRIMINAL,ACTIVE,2026-01-21,2026-07-17
0.197,UNKNOWN,NEUTRAL,0.467,NONE,NORMAL,TRAIN,True,CRIMINAL,ACTIVE,2026-06-27,2026-09-14
0.568,SUSPECTED,SUPPORTING,0.667,NONE,NORMAL,TRAIN,True,MIXED,ACTIVE,2026-03-20,2026-09-26
0.649,CONFIRMED,SUPPORTING,0.851,CONTEXTUAL_ANOMALY,NORMAL,TRAIN,True,CRIMINAL,ACTIVE,2026-07-04,2026-08-31
0.148,CONFIRMED,SUPPORTING,0.948,NONE,NORMAL,TRAIN,True,MIXED,ACTIVE,2026-01-23,2026-06-10
0.651,FALSE,CONTRADICTING,0.142,NONE,NORMAL,TEST,True,AMBIGUOUS,ACTIVE,2026-02-24,2026-07-29
0.218,CONFIRMED,SUPPORTING,0.924,NONE,NORMAL,TRAIN,True,MIXED,ACTIVE,2025-10-30,2026-02-03
0.364,SUSPECTED,SUPPORTING,0.838,NONE,NORMAL,TRAIN,True,CRIMINAL,ACTIVE,2025-11-19,2026-05-31
0.614,CONFIRMED,SUPPORTING,0.846,NONE,NORMAL,TRAIN,True,CRIMINAL,ACTIVE,2025-12-16,2026-03-12
0.421,FALSE,CONTRADICTING,0.145,NONE,NORMAL,TRAIN,True,CRIMINAL,ACTIVE,2026-03-24,2026-06-18
0.257,SUSPECTED,SUPPORTING,0.768,NONE,NORMAL,VALIDATION,True,LEGITIMATE,ACTIVE,2025-11-14,2026-05-04
0.479,CONFIRMED,SUPPORTING,0.971,NONE,NORMAL,TRAIN,True,MIXED,ACTIVE,2025-11-27,2026-05-28
0.28,FALSE,CONTRADICTING,0.337,NONE,NORMAL,VALIDATION,True,LEGITIMATE,ACTIVE,2026-02-24,2026-04-16
0.56,FALSE,CONTRADICTING,0.207,NONE,NORMAL,VALIDATION,True,LEGITIMATE,ACTIVE,2025-12-26,2026-05-24
0.377,CONFIRMED,SUPPORTING,0.858,COLLECTIVE_ANOMALY,NORMAL,VALIDATION,True,LEGITIMATE,ACTIVE,2026-06-08,2026-10-14
0.946,CONFIRMED,SUPPORTING,0.902,LEGITIMATE_ANOMALY,NORMAL,TRAIN,True,CRIMINAL,ACTIVE,2026-04-08,2026-10-22
0.656,CONFIRMED,SUPPORTING,0.978,NONE,NORMAL,TEST,True,AMBIGUOUS,ACTIVE,2026-03-09,2026-08-03
0.163,UNKNOWN,NEUTRAL,0.456,NONE,NORMAL,VALIDATION,True,LEGITIMATE,ACTIVE,2026-05-10,2026-10-07
0.369,SUSPECTED,SUPPORTING,0.819,NONE,NORMAL,TRAIN,True,CRIMINAL,ACTIVE,2026-02-10,2026-03-27
0.437,SUSPECTED,SUPPORTING,0.813,NONE,NORMAL,TRAIN,True,CRIMINAL,ACTIVE,2026-04-06,2026-06-20
0.473,CONFIRMED,SUPPORTING,0.827,NONE,NORMAL,TRAIN,True,CRIMINAL,ACTIVE,2026-02-22,2026-06-08
0.542,FALSE,CONTRADICTING,0.349,NONE,NORMAL,TRAIN,True,CRIMINAL,ACTIVE,2026-01-14,2026-04-08
0.665,CONFIRMED,SUPPORTING,0.84,NONE,NORMAL,TRAIN,True,LEGITIMATE,ACTIVE,2026-04-06,2026-09-29
0.329,FALSE,CONTRADICTING,0.188,NONE,NORMAL,TRAIN,True,CRIMINAL,ACTIVE,2026-06-28,2026-10-31
0.56,CONFIRMED,SUPPORTING,0.876,NONE,NORMAL,TRAIN,True,CRIMINAL,ACTIVE,2025-11-26,2026-05-23
0.571,FALSE,CONTRADICTING,0.393,CRIMINAL_ANOMALY,NORMAL,TRAIN,True,CRIMINAL,ACTIVE,2026-03-14,2026-06-22
0.218,SUSPECTED,SUPPORTING,0.666,NONE,DUPLICATE,VALIDATION,True,LEGITIMATE,ACTIVE,2026-02-02,2026-05-20
0.414,CONFIRMED,SUPPORTING,0.96,CONTEXTUAL_ANOMALY,NORMAL,TRAIN,True,CRIMINAL,ACTIVE,2026-04-07,2026-06-26
0.81,SUSPECTED,SUPPORTING,0.801,NONE,NORMAL,TRAIN,True,CRIMINAL,ACTIVE,2026-04-23,2026-06-01
0.051,FALSE,CONTRADICTING,0.392,NONE,NORMAL,TRAIN,True,MIXED,ACTIVE,2026-02-20,2026-06-11
0.927,FALSE,CONTRADICTING,0.239,NONE,NORMAL,TRAIN,True,CRIMINAL,ACTIVE,2026-01-01,2026-06-10
0.313,SUSPECTED,SUPPORTING,0.665,NONE,NORMAL,TRAIN,True,CRIMINAL,ACTIVE,2026-05-03,2026-06-26
0.476,SUSPECTED,SUPPORTING,0.69,LEGITIMATE_ANOMALY,NORMAL,TEST,True,AMBIGUOUS,ACTIVE,2026-07-03,2026-09-25
0.167,UNKNOWN,NEUTRAL,0.401,NONE,NORMAL,TRAIN,True,MIXED,ACTIVE,2025-12-18,2026-04-13
0.592,SUSPECTED,SUPPORTING,0.822,LEGITIMATE_ANOMALY,NORMAL,TRAIN,True,CRIMINAL,ACTIVE,2025-12-08,2026-05-26
0.441,SUSPECTED,SUPPORTING,0.673,TEMPORAL_ANOMALY,NORMAL,TRAIN,True,CRIMINAL,ACTIVE,2026-02-08,2026-06-07
0.022,SUSPECTED,SUPPORTING,0.746,TEMPORAL_ANOMALY,NORMAL,TRAIN,True,MIXED,ACTIVE,2026-06-21,2026-09-23
0.628,UNKNOWN,NEUTRAL,0.534,NONE,NORMAL,TRAIN,True,MIXED,ACTIVE,2025-11-08,2026-02-11
0.492,SUSPECTED,SUPPORTING,0.591,NONE,NORMAL,TEST,True,AMBIGUOUS,ACTIVE,2026-06-15,2026-08-28
0.103,UNKNOWN,NEUTRAL,0.428,NONE,NORMAL,TRAIN,True,MIXED,ACTIVE,2026-02-02,2026-05-28
0.496,CONFIRMED,SUPPORTING,0.844,NONE,NORMAL,VALIDATION,True,LEGITIMATE,ACTIVE,2026-02-06,2026-07-30
0.694,SUSPECTED,SUPPORTING,0.738,COLLECTIVE_ANOMALY,NORMAL,TRAIN,True,MIXED,ACTIVE,2026-05-12,2026-07-20
0.388,UNKNOWN,NEUTRAL,0.254,NONE,NORMAL,VALIDATION,True,LEGITIMATE,ACTIVE,2026-06-16,2026-11-09
0.608,CONFIRMED,SUPPORTING,0.951,COLLECTIVE_ANOMALY,NORMAL,TRAIN,True,CRIMINAL,ACTIVE,2026-02-23,2026-04-27
0.613,UNKNOWN,NEUTRAL,0.478,NONE,NORMAL,TEST,True,AMBIGUOUS,ACTIVE,2026-04-30,2026-07-17
0.632,FALSE,CONTRADICTING,0.185,NONE,NORMAL,TRAIN,True,MIXED,ACTIVE,2025-09-28,2026-02-03
0.56,UNKNOWN,NEUTRAL,0.218,NONE,NORMAL,TRAIN,True,CRIMINAL,ACTIVE,2026-02-15,2026-05-02
0.608,CONFIRMED,SUPPORTING,0.886,NONE,NORMAL,TRAIN,True,CRIMINAL,ACTIVE,2026-05-06,2026-09-07
0.224,UNKNOWN,NEUTRAL,0.381,NONE,NORMAL,VALIDATION,True,LEGITIMATE,ACTIVE,2026-07-13,2026-09-27
0.76,SUSPECTED,SUPPORTING,0.614,NONE,NORMAL,TRAIN,True,CRIMINAL,ACTIVE,2026-07-05,2026-10-02
0.353,SUSPECTED,SUPPORTING,0.657,NONE,NORMAL,VALIDATION,True,LEGITIMATE,ACTIVE,2026-03-20,2026-08-13
0.191,FALSE,CONTRADICTING,0.312,NONE,NORMAL,TRAIN,True,MIXED,ACTIVE,2026-02-21,2026-04-08
0.074,CONFIRMED,SUPPORTING,0.945,NONE,NORMAL,TRAIN,True,CRIMINAL,ACTIVE,2026-02-17,2026-06-21
0.392,FALSE,CONTRADICTING,0.254,NONE,NORMAL,TEST,True,AMBIGUOUS,ACTIVE,2026-01-15,2026-05-24
0.155,FALSE,CONTRADICTING,0.143,NONE,NORMAL,TRAIN,True,CRIMINAL,ACTIVE,2026-04-08,2026-08-12
0.602,SUSPECTED,SUPPORTING,0.852,NONE,NORMAL,VALIDATION,True,LEGITIMATE,ACTIVE,2026-01-30,2026-03-23
0.504,CONFIRMED,SUPPORTING,0.965,NONE,NORMAL,VALIDATION,True,LEGITIMATE,ACTIVE,2026-05-10,2026-10-05
0.842,FALSE,CONTRADICTING,0.232,CRIMINAL_ANOMALY,NORMAL,TEST,True,AMBIGUOUS,ACTIVE,2025-12-21,2026-03-11
0.339,FALSE,CONTRADICTING,0.174,NONE,NORMAL,TRAIN,True,LEGITIMATE,ACTIVE,2026-02-09,2026-06-19
0.742,CONFIRMED,SUPPORTING,0.83,NONE,NORMAL,TRAIN,True,CRIMINAL,ACTIVE,2026-04-09,2026-08-02
0.616,FALSE,CONTRADICTING,0.331,NONE,NORMAL,TRAIN,True,CRIMINAL,ACTIVE,2026-01-31,2026-04-30
0.726,SUSPECTED,SUPPORTING,0.637,NONE,NORMAL,TRAIN,True,CRIMINAL,ACTIVE,2025-11-15,2026-03-13
0.612,SUSPECTED,SUPPORTING,0.596,NONE,FORMATTING_VARIATION,TRAIN,True,MIXED,ACTIVE,2026-03-02,2026-06-07
0.243,FALSE,CONTRADICTING,0.412,LEGITIMATE_ANOMALY,NORMAL,TRAIN,True,MIXED,ACTIVE,2026-02-10,2026-07-20
0.862,UNKNOWN,NEUTRAL,0.27,NONE,NORMAL,TRAIN,True,MIXED,ACTIVE,2026-05-21,2026-07-03
0.474,UNKNOWN,NEUTRAL,0.327,TEMPORAL_ANOMALY,NORMAL,TEST,True,AMBIGUOUS,ACTIVE,2025-11-20,2026-03-18
0.165,CONFIRMED,SUPPORTING,0.934,NONE,NORMAL,TRAIN,True,LEGITIMATE,ACTIVE,2026-04-19,2026-07-11
0.696,UNKNOWN,NEUTRAL,0.275,NONE,NORMAL,TRAIN,True,CRIMINAL,ACTIVE,2025-12-17,2026-06-14
0.343,CONFIRMED,SUPPORTING,0.892,NONE,NORMAL,TRAIN,True,MIXED,ACTIVE,2026-01-09,2026-05-29
0.338,SUSPECTED,SUPPORTING,0.733,NONE,NORMAL,TRAIN,True,CRIMINAL,ACTIVE,2026-04-30,2026-10-29
0.708,FALSE,CONTRADICTING,0.253,NONE,NORMAL,TEST,True,AMBIGUOUS,ACTIVE,2025-12-15,2026-02-05
0.399,CONFIRMED,SUPPORTING,0.963,NONE,NORMAL,TRAIN,True,CRIMINAL,ACTIVE,2026-03-30,2026-06-16
0.443,SUSPECTED,SUPPORTING,0.66,NONE,NORMAL,TRAIN,True,CRIMINAL,ACTIVE,2026-02-18,2026-07-31
0.456,UNKNOWN,NEUTRAL,0.356,NONE,NORMAL,TRAIN,True,MIXED,ACTIVE,2025-12-05,2026-02-23
0.269,SUSPECTED,SUPPORTING,0.59,NONE,NORMAL,TRAIN,True,CRIMINAL,ACTIVE,2026-02-21,2026-06-25
0.442,FALSE,CONTRADICTING,0.268,NONE,NORMAL,TEST,True,AMBIGUOUS,ACTIVE,2026-05-28,2026-11-04
0.218,SUSPECTED,SUPPORTING,0.774,NONE,NORMAL,TRAIN,True,CRIMINAL,ACTIVE,2026-03-22,2026-09-10
0.657,CONFIRMED,SUPPORTING,0.821,NONE,DUPLICATE,TRAIN,True,CRIMINAL,ACTIVE,2026-02-07,2026-08-14
0.822,FALSE,CONTRADICTING,0.353,LEGITIMATE_ANOMALY,NORMAL,TRAIN,True,MIXED,ACTIVE,2026-03-04,2026-08-12
0.783,SUSPECTED,SUPPORTING,0.618,NONE,NORMAL,TRAIN,True,CRIMINAL,ACTIVE,2026-06-30,2026-09-01
0.671,UNKNOWN,NEUTRAL,0.473,CRIMINAL_ANOMALY,NORMAL,TEST,True,AMBIGUOUS,ACTIVE,2026-06-07,2026-08-30
0.665,SUSPECTED,SUPPORTING,0.589,NONE,NORMAL,TRAIN,True,MIXED,ACTIVE,2026-02-21,2026-07-06
0.318,UNKNOWN,NEUTRAL,0.428,NONE,NORMAL,VALIDATION,True,LEGITIMATE,ACTIVE,2025-09-06,2026-02-08
0.218,SUSPECTED,SUPPORTING,0.694,LEGITIMATE_ANOMALY,NORMAL,TRAIN,True,CRIMINAL,ACTIVE,2026-04-20,2026-08-10
0.131,CONFIRMED,SUPPORTING,0.934,NONE,NORMAL,TRAIN,True,CRIMINAL,ACTIVE,2026-05-05,2026-08-28
0.687,CONFIRMED,SUPPORTING,0.883,CRIMINAL_ANOMALY,NORMAL,TRAIN,True,CRIMINAL,ACTIVE,2025-12-10,2026-06-18
0.208,UNKNOWN,NEUTRAL,0.528,NONE,NORMAL,TRAIN,True,MIXED,ACTIVE,2025-12-12,2026-04-20
0.214,UNKNOWN,NEUTRAL,0.236,NONE,NORMAL,VALIDATION,True,LEGITIMATE,ACTIVE,2026-05-05,2026-07-19
0.206,FALSE,CONTRADICTING,0.395,NONE,NORMAL,TRAIN,True,CRIMINAL,ACTIVE,2026-02-13,2026-05-14
0.417,CONFIRMED,SUPPORTING,0.937,NONE,NORMAL,TRAIN,True,CRIMINAL,ACTIVE,2026-03-13,2026-07-01
0.428,UNKNOWN,NEUTRAL,0.249,NONE,NORMAL,VALIDATION,True,LEGITIMATE,ACTIVE,2026-05-04,2026-10-06
0.296,SUSPECTED,SUPPORTING,0.69,NONE,NORMAL,TRAIN,True,MIXED,ACTIVE,2025-10-20,2026-04-11
0.476,CONFIRMED,SUPPORTING,0.897,NONE,NORMAL,TRAIN,True,CRIMINAL,ACTIVE,2025-12-07,2026-04-09
0.251,UNKNOWN,NEUTRAL,0.245,NONE,NORMAL,TRAIN,True,LEGITIMATE,ACTIVE,2026-01-07,2026-04-18
0.059,UNKNOWN,NEUTRAL,0.51,NONE,MISSING_COUNTERPARTY,TRAIN,True,CRIMINAL,ACTIVE,2026-01-23,2026-04-13
0.448,UNKNOWN,NEUTRAL,0.227,NONE,NORMAL,TRAIN,True,CRIMINAL,ACTIVE,2026-03-13,2026-06-09
0.812,CONFIRMED,SUPPORTING,0.933,NONE,NORMAL,TRAIN,True,CRIMINAL,ACTIVE,2026-02-22,2026-08-09
0.517,FALSE,CONTRADICTING,0.246,NONE,NORMAL,TRAIN,True,CRIMINAL,ACTIVE,2026-02-04,2026-06-06
0.469,CONFIRMED,SUPPORTING,0.822,LEGITIMATE_ANOMALY,NORMAL,TEST,True,AMBIGUOUS,ACTIVE,2026-03-13,2026-08-25
0.29,SUSPECTED,SUPPORTING,0.849,NONE,NORMAL,TRAIN,True,CRIMINAL,ACTIVE,2025-10-23,2026-03-30
0.366,SUSPECTED,SUPPORTING,0.824,NONE,NORMAL,TRAIN,True,MIXED,ACTIVE,2026-06-13,2026-07-13
0.389,SUSPECTED,SUPPORTING,0.61,NONE,NORMAL,TRAIN,True,CRIMINAL,ACTIVE,2025-12-21,2026-04-15
0.624,UNKNOWN,NEUTRAL,0.398,CONTEXTUAL_ANOMALY,NORMAL,TEST,True,AMBIGUOUS,ACTIVE,2026-03-06,2026-08-29
0.121,SUSPECTED,SUPPORTING,0.602,TEMPORAL_ANOMALY,NORMAL,TRAIN,True,CRIMINAL,ACTIVE,2026-04-08,2026-09-02
0.479,CONFIRMED,SUPPORTING,0.821,NONE,NORMAL,TRAIN,True,MIXED,ACTIVE,2026-02-02,2026-07-18
0.223,CONFIRMED,SUPPORTING,0.824,NONE,NORMAL,TRAIN,True,CRIMINAL,ACTIVE,2026-04-02,2026-05-23
0.701,SUSPECTED,SUPPORTING,0.655,NONE,NORMAL,TRAIN,True,CRIMINAL,ACTIVE,2026-01-23,2026-06-11
0.453,SUSPECTED,SUPPORTING,0.807,NONE,NORMAL,TRAIN,True,MIXED,ACTIVE,2026-03-03,2026-08-24
0.29,UNKNOWN,NEUTRAL,0.279,NONE,NORMAL,TEST,True,AMBIGUOUS,ACTIVE,2026-03-04,2026-05-04
0.419,SUSPECTED,SUPPORTING,0.692,NONE,NORMAL,TRAIN,True,CRIMINAL,ACTIVE,2025-10-22,2026-03-15
0.525,UNKNOWN,NEUTRAL,0.416,NONE,NORMAL,TRAIN,True,CRIMINAL,ACTIVE,2026-05-04,2026-09-14
0.55,CONFIRMED,SUPPORTING,0.91,NONE,NORMAL,VALIDATION,True,LEGITIMATE,ACTIVE,2025-12-11,2026-06-02
0.287,UNKNOWN,NEUTRAL,0.433,NONE,NORMAL,TRAIN,True,LEGITIMATE,ACTIVE,2026-05-25,2026-09-07
0.15,SUSPECTED,SUPPORTING,0.77,TEMPORAL_ANOMALY,NORMAL,TRAIN,True,MIXED,ACTIVE,2026-05-05,2026-09-27
0.289,FALSE,CONTRADICTING,0.333,NONE,NORMAL,VALIDATION,True,LEGITIMATE,ACTIVE,2026-07-12,2026-09-26
0.606,FALSE,CONTRADICTING,0.284,NONE,NORMAL,TRAIN,True,MIXED,ACTIVE,2025-12-08,2026-04-07
0.394,SUSPECTED,SUPPORTING,0.709,NONE,NORMAL,TRAIN,True,CRIMINAL,ACTIVE,2026-04-27,2026-10-21
0.631,UNKNOWN,NEUTRAL,0.27,NONE,NORMAL,VALIDATION,True,LEGITIMATE,ACTIVE,2026-01-04,2026-03-03
0.336,SUSPECTED,SUPPORTING,0.844,NONE,NORMAL,VALIDATION,True,LEGITIMATE,ACTIVE,2026-01-19,2026-06-19
0.631,FALSE,CONTRADICTING,0.181,CONTEXTUAL_ANOMALY,NORMAL,VALIDATION,True,LEGITIMATE,ACTIVE,2025-12-20,2026-02-18
0.239,UNKNOWN,NEUTRAL,0.288,NONE,NORMAL,TRAIN,True,CRIMINAL,ACTIVE,2026-03-12,2026-07-19
0.164,SUSPECTED,SUPPORTING,0.819,NONE,NORMAL,TRAIN,True,CRIMINAL,ACTIVE,2026-01-21,2026-05-25
0.826,CONFIRMED,SUPPORTING,0.874,NONE,NORMAL,TRAIN,True,CRIMINAL,ACTIVE,2026-04-19,2026-09-23
0.535,CONFIRMED,SUPPORTING,0.982,NONE,NORMAL,TRAIN,True,MIXED,ACTIVE,2026-04-06,2026-08-26
0.25,FALSE,CONTRADICTING,0.24,NONE,NORMAL,TRAIN,True,LEGITIMATE,ACTIVE,2026-03-05,2026-06-29
0.399,UNKNOWN,NEUTRAL,0.35,NONE,NORMAL,TRAIN,True,CRIMINAL,ACTIVE,2026-03-13,2026-08-17
0.582,SUSPECTED,SUPPORTING,0.751,NONE,NORMAL,TRAIN,True,CRIMINAL,ACTIVE,2026-03-13,2026-06-10
0.261,SUSPECTED,SUPPORTING,0.628,NONE,NORMAL,VALIDATION,True,LEGITIMATE,ACTIVE,2026-03-27,2026-08-23
0.407,SUSPECTED,SUPPORTING,0.743,CONTEXTUAL_ANOMALY,NORMAL,TEST,True,AMBIGUOUS,ACTIVE,2026-06-27,2026-09-07
0.088,FALSE,CONTRADICTING,0.376,NONE,NORMAL,TRAIN,True,CRIMINAL,ACTIVE,2026-02-15,2026-07-20
0.659,SUSPECTED,SUPPORTING,0.79,NONE,NORMAL,TRAIN,True,CRIMINAL,ACTIVE,2026-05-25,2026-08-22
0.524,CONFIRMED,SUPPORTING,0.974,NONE,NORMAL,VALIDATION,True,LEGITIMATE,ACTIVE,2026-02-06,2026-06-18
0.675,CONFIRMED,SUPPORTING,0.975,NONE,NORMAL,TRAIN,True,CRIMINAL,ACTIVE,2026-01-25,2026-06-28
0.541,UNKNOWN,NEUTRAL,0.271,NONE,NORMAL,TEST,True,AMBIGUOUS,ACTIVE,2026-06-26,2026-08-25
0.373,FALSE,CONTRADICTING,0.37,COLLECTIVE_ANOMALY,NORMAL,VALIDATION,True,LEGITIMATE,ACTIVE,2026-05-18,2026-09-02
0.193,UNKNOWN,NEUTRAL,0.372,NONE,NORMAL,TRAIN,True,MIXED,ACTIVE,2026-03-26,2026-08-18
0.354,UNKNOWN,NEUTRAL,0.222,NONE,NORMAL,TEST,True,AMBIGUOUS,ACTIVE,2025-12-22,2026-02-14
0.552,CONFIRMED,SUPPORTING,0.926,NONE,NORMAL,TRAIN,True,CRIMINAL,ACTIVE,2025-12-21,2026-06-01
0.113,CONFIRMED,SUPPORTING,0.978,NONE,NORMAL,VALIDATION,True,LEGITIMATE,ACTIVE,2026-05-02,2026-06-28
0.146,SUSPECTED,SUPPORTING,0.605,NONE,NORMAL,TRAIN,True,LEGITIMATE,ACTIVE,2026-02-15,2026-05-06
0.313,SUSPECTED,SUPPORTING,0.667,TEMPORAL_ANOMALY,NORMAL,TEST,True,AMBIGUOUS,ACTIVE,2026-02-24,2026-07-21
0.804,UNKNOWN,NEUTRAL,0.269,LEGITIMATE_ANOMALY,NORMAL,TRAIN,True,CRIMINAL,ACTIVE,2025-11-11,2026-02-18
0.449,UNKNOWN,NEUTRAL,0.417,LEGITIMATE_ANOMALY,NORMAL,TRAIN,True,MIXED,ACTIVE,2026-01-11,2026-05-06
0.407,UNKNOWN,NEUTRAL,0.257,COLLECTIVE_ANOMALY,NORMAL,TRAIN,True,CRIMINAL,ACTIVE,2025-12-25,2026-01-21
0.419,CONFIRMED,SUPPORTING,0.907,COLLECTIVE_ANOMALY,NORMAL,TRAIN,True,CRIMINAL,ACTIVE,2025-12-18,2026-03-15
0.69,SUSPECTED,SUPPORTING,0.758,NONE,MISSING_COUNTERPARTY,TRAIN,True,MIXED,ACTIVE,2026-01-06,2026-05-25
0.673,CONFIRMED,SUPPORTING,0.969,NONE,NORMAL,VALIDATION,True,LEGITIMATE,ACTIVE,2026-07-27,2026-09-24
0.258,SUSPECTED,SUPPORTING,0.636,NONE,NORMAL,TEST,True,AMBIGUOUS,ACTIVE,2026-04-13,2026-10-07
0.464,FALSE,CONTRADICTING,0.154,NONE,NORMAL,TRAIN,True,LEGITIMATE,ACTIVE,2026-02-23,2026-04-13
0.711,CONFIRMED,SUPPORTING,0.867,NONE,NORMAL,TEST,True,AMBIGUOUS,ACTIVE,2025-11-24,2026-02-06
0.532,CONFIRMED,SUPPORTING,0.889,NONE,NORMAL,TRAIN,True,MIXED,ACTIVE,2026-06-14,2026-08-17
0.661,UNKNOWN,NEUTRAL,0.2,NONE,NORMAL,TRAIN,True,MIXED,ACTIVE,2026-07-24,2026-09-23
0.751,CONFIRMED,SUPPORTING,0.924,NONE,NORMAL,TRAIN,True,MIXED,ACTIVE,2025-12-24,2026-05-21
0.113,FALSE,CONTRADICTING,0.362,NONE,NORMAL,TRAIN,True,CRIMINAL,ACTIVE,2026-03-23,2026-06-15
0.229,UNKNOWN,NEUTRAL,0.434,NONE,NORMAL,TRAIN,True,CRIMINAL,ACTIVE,2026-04-24,2026-09-03
0.363,UNKNOWN,NEUTRAL,0.234,CRIMINAL_ANOMALY,NORMAL,VALIDATION,True,LEGITIMATE,ACTIVE,2025-11-01,2026-04-06
0.508,CONFIRMED,SUPPORTING,0.837,NONE,REVERSED_RECORD,TRAIN,True,CRIMINAL,ACTIVE,2025-12-31,2026-04-15
0.63,CONFIRMED,SUPPORTING,0.839,NONE,NORMAL,TRAIN,True,CRIMINAL,ACTIVE,2025-11-04,2026-03-18
0.416,UNKNOWN,NEUTRAL,0.4,TEMPORAL_ANOMALY,FORMATTING_VARIATION,TRAIN,True,MIXED,ACTIVE,2025-11-27,2026-05-16
0.078,UNKNOWN,NEUTRAL,0.395,NONE,MISSING_COUNTERPARTY,TRAIN,True,CRIMINAL,ACTIVE,2026-01-21,2026-07-04
0.311,CONFIRMED,SUPPORTING,0.974,NONE,NORMAL,TRAIN,True,CRIMINAL,ACTIVE,2025-12-04,2026-03-25
0.109,FALSE,CONTRADICTING,0.18,NONE,NORMAL,TRAIN,True,MIXED,ACTIVE,2025-12-18,2026-03-14
0.833,CONFIRMED,SUPPORTING,0.881,NONE,NORMAL,TRAIN,True,CRIMINAL,ACTIVE,2026-04-10,2026-06-15
0.427,SUSPECTED,SUPPORTING,0.592,COLLECTIVE_ANOMALY,NORMAL,TRAIN,True,CRIMINAL,ACTIVE,2026-02-23,2026-06-30
0.242,UNKNOWN,NEUTRAL,0.223,NONE,NORMAL,TRAIN,True,CRIMINAL,ACTIVE,2026-05-06,2026-07-26
0.189,UNKNOWN,NEUTRAL,0.232,NONE,NORMAL,VALIDATION,True,LEGITIMATE,ACTIVE,2026-04-14,2026-06-07
0.437,FALSE,CONTRADICTING,0.38,NONE,NORMAL,VALIDATION,True,LEGITIMATE,ACTIVE,2026-01-24,2026-04-05
0.13,CONFIRMED,SUPPORTING,0.9,NONE,NORMAL,VALIDATION,True,LEGITIMATE,ACTIVE,2025-12-09,2026-03-30
0.367,CONFIRMED,SUPPORTING,0.984,NONE,NORMAL,TRAIN,True,CRIMINAL,ACTIVE,2026-06-10,2026-09-08
0.623,FALSE,CONTRADICTING,0.247,NONE,NORMAL,VALIDATION,True,LEGITIMATE,ACTIVE,2025-12-23,2026-04-09
0.718,CONFIRMED,SUPPORTING,0.823,NONE,NORMAL,TRAIN,True,CRIMINAL,ACTIVE,2026-01-06,2026-03-20
0.318,SUSPECTED,SUPPORTING,0.653,NONE,MISSING_COUNTERPARTY,TRAIN,True,MIXED,ACTIVE,2026-03-28,2026-06-30
0.772,CONFIRMED,SUPPORTING,0.963,NONE,NORMAL,TRAIN,True,CRIMINAL,ACTIVE,2025-11-08,2026-03-16
0.275,SUSPECTED,SUPPORTING,0.702,NONE,NORMAL,TRAIN,True,CRIMINAL,ACTIVE,2025-10-27,2026-03-21
0.509,SUSPECTED,SUPPORTING,0.687,LEGITIMATE_ANOMALY,NORMAL,TRAIN,True,MIXED,ACTIVE,2026-03-15,2026-06-08
0.559,UNKNOWN,NEUTRAL,0.342,NONE,NORMAL,TEST,True,AMBIGUOUS,ACTIVE,2026-02-23,2026-07-22
0.17,SUSPECTED,SUPPORTING,0.724,NONE,NORMAL,TRAIN,True,CRIMINAL,ACTIVE,2025-12-15,2026-04-02
0.736,SUSPECTED,SUPPORTING,0.855,NONE,DUPLICATE,TRAIN,True,CRIMINAL,ACTIVE,2025-11-11,2026-01-21
0.124,UNKNOWN,NEUTRAL,0.515,NONE,NORMAL,TRAIN,True,MIXED,ACTIVE,2025-10-16,2026-03-03
0.439,SUSPECTED,SUPPORTING,0.641,NONE,NORMAL,TRAIN,True,CRIMINAL,ACTIVE,2026-03-13,2026-09-04
0.705,SUSPECTED,SUPPORTING,0.782,NONE,NORMAL,VALIDATION,True,LEGITIMATE,ACTIVE,2026-05-14,2026-09-05
0.767,SUSPECTED,SUPPORTING,0.667,NONE,NORMAL,TRAIN,True,MIXED,ACTIVE,2026-01-06,2026-05-13
0.452,CONFIRMED,SUPPORTING,0.922,NONE,NORMAL,TRAIN,True,CRIMINAL,ACTIVE,2025-10-28,2026-05-07
0.265,CONFIRMED,SUPPORTING,0.862,NONE,DUPLICATE,TRAIN,True,LEGITIMATE,ACTIVE,2025-12-29,2026-03-23
0.68,SUSPECTED,SUPPORTING,0.604,NONE,NORMAL,VALIDATION,True,LEGITIMATE,ACTIVE,2026-02-19,2026-06-05
0.27,SUSPECTED,SUPPORTING,0.667,NONE,NORMAL,TRAIN,True,CRIMINAL,ACTIVE,2026-02-27,2026-06-12
0.651,UNKNOWN,NEUTRAL,0.509,NONE,NORMAL,TRAIN,True,CRIMINAL,ACTIVE,2026-04-22,2026-06-11
0.425,CONFIRMED,SUPPORTING,0.895,LEGITIMATE_ANOMALY,NORMAL,TRAIN,True,CRIMINAL,ACTIVE,2025-12-21,2026-04-22
0.619,SUSPECTED,SUPPORTING,0.816,NONE,NORMAL,TRAIN,True,LEGITIMATE,ACTIVE,2026-04-19,2026-08-18
0.357,SUSPECTED,SUPPORTING,0.598,NONE,NORMAL,TRAIN,True,CRIMINAL,ACTIVE,2026-03-16,2026-06-08
0.439,UNKNOWN,NEUTRAL,0.503,NONE,NORMAL,VALIDATION,True,LEGITIMATE,ACTIVE,2026-03-29,2026-09-29
0.623,CONFIRMED,SUPPORTING,0.915,NONE,NORMAL,TEST,True,AMBIGUOUS,ACTIVE,2025-11-15,2026-05-17
0.441,FALSE,CONTRADICTING,0.318,LEGITIMATE_ANOMALY,NORMAL,TRAIN,True,MIXED,ACTIVE,2026-05-11,2026-08-29
0.849,UNKNOWN,NEUTRAL,0.542,NONE,NORMAL,TRAIN,True,MIXED,ACTIVE,2025-12-29,2026-06-03
0.265,CONFIRMED,SUPPORTING,0.934,NONE,NORMAL,TRAIN,True,MIXED,ACTIVE,2026-02-17,2026-04-08
0.478,UNKNOWN,NEUTRAL,0.31,NONE,NORMAL,TRAIN,True,MIXED,ACTIVE,2026-02-20,2026-07-12
0.513,SUSPECTED,SUPPORTING,0.585,NONE,NORMAL,TRAIN,True,CRIMINAL,ACTIVE,2026-05-02,2026-07-24
0.318,FALSE,CONTRADICTING,0.233,NONE,NORMAL,TEST,True,AMBIGUOUS,ACTIVE,2026-01-29,2026-04-30
0.37,UNKNOWN,NEUTRAL,0.534,NONE,NORMAL,TRAIN,True,MIXED,ACTIVE,2026-01-02,2026-04-21
0.507,CONFIRMED,SUPPORTING,0.897,NONE,NORMAL,TRAIN,True,CRIMINAL,ACTIVE,2026-03-15,2026-08-31
0.749,UNKNOWN,NEUTRAL,0.503,COLLECTIVE_ANOMALY,NORMAL,TRAIN,True,CRIMINAL,ACTIVE,2025-10-02,2026-03-24
0.181,SUSPECTED,SUPPORTING,0.831,NONE,MISSING_COUNTERPARTY,TRAIN,True,CRIMINAL,ACTIVE,2025-10-27,2026-02-03
0.085,CONFIRMED,SUPPORTING,0.988,TEMPORAL_ANOMALY,NORMAL,TRAIN,True,CRIMINAL,ACTIVE,2026-02-19,2026-05-20
0.745,UNKNOWN,NEUTRAL,0.36,NONE,NORMAL,TEST,True,AMBIGUOUS,ACTIVE,2026-07-26,2026-10-07
0.369,FALSE,CONTRADICTING,0.254,NONE,NORMAL,TEST,True,AMBIGUOUS,ACTIVE,2026-04-20,2026-09-16
0.492,CONFIRMED,SUPPORTING,0.963,NONE,NORMAL,TRAIN,True,CRIMINAL,ACTIVE,2026-01-13,2026-04-25
0.558,CONFIRMED,SUPPORTING,0.862,COLLECTIVE_ANOMALY,NORMAL,TRAIN,True,CRIMINAL,ACTIVE,2025-09-25,2026-03-13
0.375,UNKNOWN,NEUTRAL,0.282,NONE,NORMAL,VALIDATION,True,LEGITIMATE,ACTIVE,2026-03-13,2026-08-19
0.697,CONFIRMED,SUPPORTING,0.886,NONE,NORMAL,TRAIN,True,CRIMINAL,ACTIVE,2025-12-28,2026-04-13
0.723,SUSPECTED,SUPPORTING,0.734,NONE,NORMAL,TRAIN,True,CRIMINAL,ACTIVE,2026-08-01,2026-10-26
0.339,SUSPECTED,SUPPORTING,0.605,NONE,NORMAL,TRAIN,True,MIXED,ACTIVE,2025-12-31,2026-04-27
0.691,SUSPECTED,SUPPORTING,0.586,TEMPORAL_ANOMALY,NORMAL,TRAIN,True,MIXED,ACTIVE,2026-01-26,2026-06-02
0.465,UNKNOWN,NEUTRAL,0.313,NONE,NORMAL,TRAIN,True,MIXED,ACTIVE,2025-12-09,2026-05-15
0.557,SUSPECTED,SUPPORTING,0.8,LEGITIMATE_ANOMALY,NORMAL,TRAIN,True,MIXED,ACTIVE,2026-05-05,2026-08-29
0.424,SUSPECTED,SUPPORTING,0.683,TEMPORAL_ANOMALY,NORMAL,TRAIN,True,CRIMINAL,ACTIVE,2026-01-15,2026-03-01
0.68,SUSPECTED,SUPPORTING,0.655,NONE,NORMAL,TRAIN,True,MIXED,ACTIVE,2025-12-04,2026-05-23
0.605,SUSPECTED,SUPPORTING,0.582,NONE,NORMAL,TRAIN,True,CRIMINAL,ACTIVE,2026-03-22,2026-07-26
0.816,FALSE,CONTRADICTING,0.239,NONE,NORMAL,VALIDATION,True,LEGITIMATE,ACTIVE,2026-02-12,2026-06-30
0.588,UNKNOWN,NEUTRAL,0.38,NONE,NORMAL,TEST,True,AMBIGUOUS,ACTIVE,2026-02-09,2026-06-14
0.481,FALSE,CONTRADICTING,0.363,NONE,NORMAL,TRAIN,True,LEGITIMATE,ACTIVE,2025-12-18,2026-04-29
0.692,CONFIRMED,SUPPORTING,0.947,NONE,NORMAL,VALIDATION,True,LEGITIMATE,ACTIVE,2025-11-03,2026-04-21
0.543,SUSPECTED,SUPPORTING,0.608,NONE,NORMAL,TRAIN,True,MIXED,ACTIVE,2026-02-17,2026-04-23
0.511,CONFIRMED,SUPPORTING,0.873,CONTEXTUAL_ANOMALY,NORMAL,VALIDATION,True,LEGITIMATE,ACTIVE,2026-04-20,2026-07-15
0.388,SUSPECTED,SUPPORTING,0.84,NONE,NORMAL,TRAIN,True,CRIMINAL,ACTIVE,2025-10-30,2026-04-15
0.233,FALSE,CONTRADICTING,0.202,NONE,NORMAL,VALIDATION,True,LEGITIMATE,ACTIVE,2026-04-22,2026-10-23
0.138,SUSPECTED,SUPPORTING,0.681,NONE,NORMAL,TRAIN,True,CRIMINAL,ACTIVE,2025-11-22,2026-03-31
0.648,SUSPECTED,SUPPORTING,0.726,NONE,NORMAL,TRAIN,True,CRIMINAL,ACTIVE,2025-12-23,2026-05-08
0.722,SUSPECTED,SUPPORTING,0.677,NONE,NORMAL,TRAIN,True,CRIMINAL,ACTIVE,2026-04-15,2026-08-23
0.295,UNKNOWN,NEUTRAL,0.49,CONTEXTUAL_ANOMALY,NORMAL,TEST,True,AMBIGUOUS,ACTIVE,2026-05-05,2026-09-24
0.702,SUSPECTED,SUPPORTING,0.78,NONE,NORMAL,TRAIN,True,CRIMINAL,ACTIVE,2025-12-22,2026-05-30
0.66,UNKNOWN,NEUTRAL,0.448,NONE,NORMAL,VALIDATION,True,LEGITIMATE,ACTIVE,2026-03-29,2026-08-17
0.087,UNKNOWN,NEUTRAL,0.315,NONE,NORMAL,VALIDATION,True,LEGITIMATE,ACTIVE,2026-06-29,2026-09-20
0.343,UNKNOWN,NEUTRAL,0.231,NONE,NORMAL,TEST,True,AMBIGUOUS,ACTIVE,2025-10-18,2026-02-10
0.357,UNKNOWN,NEUTRAL,0.249,NONE,NORMAL,TEST,True,AMBIGUOUS,ACTIVE,2026-05-04,2026-06-22
0.39,CONFIRMED,SUPPORTING,0.982,NONE,NORMAL,VALIDATION,True,LEGITIMATE,ACTIVE,2026-02-09,2026-07-03
0.39,FALSE,CONTRADICTING,0.342,NONE,NORMAL,TRAIN,True,MIXED,ACTIVE,2026-03-09,2026-06-07
0.676,FALSE,CONTRADICTING,0.35,NONE,NORMAL,VALIDATION,True,LEGITIMATE,ACTIVE,2026-02-03,2026-04-13
0.293,FALSE,CONTRADICTING,0.392,NONE,NORMAL,TEST,True,AMBIGUOUS,ACTIVE,2026-03-08,2026-05-13
0.964,UNKNOWN,NEUTRAL,0.42,NONE,NORMAL,TRAIN,True,CRIMINAL,ACTIVE,2025-12-20,2026-04-10
0.599,SUSPECTED,SUPPORTING,0.833,NONE,NORMAL,TRAIN,True,CRIMINAL,ACTIVE,2025-10-16,2026-04-20
0.179,SUSPECTED,SUPPORTING,0.609,NONE,NORMAL,TRAIN,True,CRIMINAL,ACTIVE,2026-05-06,2026-07-30
0.693,SUSPECTED,SUPPORTING,0.585,NONE,NORMAL,TRAIN,True,MIXED,ACTIVE,2026-03-13,2026-08-23
0.729,FALSE,CONTRADICTING,0.265,LEGITIMATE_ANOMALY,NORMAL,VALIDATION,True,LEGITIMATE,ACTIVE,2026-05-08,2026-07-05
0.856,FALSE,CONTRADICTING,0.171,NONE,NORMAL,TRAIN,True,MIXED,ACTIVE,2026-04-04,2026-08-24
0.695,CONFIRMED,SUPPORTING,0.939,CONTEXTUAL_ANOMALY,NORMAL,TRAIN,True,CRIMINAL,ACTIVE,2026-05-18,2026-10-15
0.57,UNKNOWN,NEUTRAL,0.206,NONE,NORMAL,VALIDATION,True,LEGITIMATE,ACTIVE,2026-06-21,2026-09-18
0.536,UNKNOWN,NEUTRAL,0.47,NONE,NORMAL,TRAIN,True,CRIMINAL,ACTIVE,2026-01-24,2026-06-11
0.785,SUSPECTED,SUPPORTING,0.805,NONE,NORMAL,TRAIN,True,MIXED,ACTIVE,2025-12-23,2026-02-14
0.277,SUSPECTED,SUPPORTING,0.7,NONE,DUPLICATE,TRAIN,True,CRIMINAL,ACTIVE,2026-02-08,2026-07-03
0.747,CONFIRMED,SUPPORTING,0.843,NONE,NORMAL,TRAIN,True,CRIMINAL,ACTIVE,2026-01-06,2026-06-04
0.538,FALSE,CONTRADICTING,0.234,NONE,NORMAL,TRAIN,True,CRIMINAL,ACTIVE,2025-11-22,2026-03-11
0.329,SUSPECTED,SUPPORTING,0.774,NONE,NORMAL,TRAIN,True,MIXED,ACTIVE,2026-06-25,2026-08-13
0.541,SUSPECTED,SUPPORTING,0.681,NONE,NORMAL,TRAIN,True,MIXED,ACTIVE,2026-06-09,2026-09-17
0.103,CONFIRMED,SUPPORTING,0.967,CRIMINAL_ANOMALY,NORMAL,TEST,True,AMBIGUOUS,ACTIVE,2026-04-19,2026-09-26
0.439,UNKNOWN,NEUTRAL,0.515,NONE,NORMAL,TEST,True,AMBIGUOUS,ACTIVE,2025-12-08,2026-02-28
0.527,CONFIRMED,SUPPORTING,0.871,NONE,NORMAL,TRAIN,True,CRIMINAL,ACTIVE,2026-03-20,2026-08-10
0.073,FALSE,CONTRADICTING,0.215,NONE,NORMAL,TEST,True,AMBIGUOUS,ACTIVE,2026-03-11,2026-05-04
0.476,CONFIRMED,SUPPORTING,0.953,CONTEXTUAL_ANOMALY,NORMAL,TRAIN,True,LEGITIMATE,ACTIVE,2026-01-18,2026-05-23
0.307,SUSPECTED,SUPPORTING,0.85,NONE,NORMAL,TRAIN,True,MIXED,ACTIVE,2026-06-08,2026-08-08
0.604,CONFIRMED,SUPPORTING,0.846,NONE,NORMAL,TRAIN,True,MIXED,ACTIVE,2025-10-24,2026-02-10
0.143,SUSPECTED,SUPPORTING,0.647,NONE,NORMAL,TEST,True,AMBIGUOUS,ACTIVE,2026-01-05,2026-03-11
0.372,FALSE,CONTRADICTING,0.197,NONE,NORMAL,TRAIN,True,CRIMINAL,ACTIVE,2026-05-23,2026-09-03
0.361,UNKNOWN,NEUTRAL,0.496,NONE,NORMAL,TEST,True,AMBIGUOUS,ACTIVE,2025-12-10,2026-05-10
0.181,SUSPECTED,SUPPORTING,0.687,NONE,NORMAL,VALIDATION,True,LEGITIMATE,ACTIVE,2026-01-23,2026-04-03
0.498,SUSPECTED,SUPPORTING,0.742,NONE,NORMAL,TRAIN,True,CRIMINAL,ACTIVE,2026-01-01,2026-02-15
0.487,SUSPECTED,SUPPORTING,0.845,NONE,NORMAL,TRAIN,True,CRIMINAL,ACTIVE,2026-03-08,2026-07-13
0.427,UNKNOWN,NEUTRAL,0.376,COLLECTIVE_ANOMALY,NORMAL,TRAIN,True,MIXED,ACTIVE,2026-01-21,2026-08-09
0.45,CONFIRMED,SUPPORTING,0.859,NONE,NORMAL,TRAIN,True,CRIMINAL,ACTIVE,2026-07-04,2026-08-19
0.064,SUSPECTED,SUPPORTING,0.612,NONE,NORMAL,TRAIN,True,CRIMINAL,ACTIVE,2025-12-13,2026-03-19
0.627,SUSPECTED,SUPPORTING,0.737,NONE,NORMAL,TRAIN,True,CRIMINAL,ACTIVE,2026-05-15,2026-09-11
0.486,UNKNOWN,NEUTRAL,0.451,NONE,NORMAL,VALIDATION,True,LEGITIMATE,ACTIVE,2026-04-17,2026-08-30
0.809,UNKNOWN,NEUTRAL,0.218,NONE,NORMAL,TEST,True,AMBIGUOUS,ACTIVE,2026-01-04,2026-04-12
0.643,FALSE,CONTRADICTING,0.376,TEMPORAL_ANOMALY,NORMAL,VALIDATION,True,LEGITIMATE,ACTIVE,2025-12-29,2026-05-06
0.233,SUSPECTED,SUPPORTING,0.682,NONE,NORMAL,TRAIN,True,CRIMINAL,ACTIVE,2026-02-27,2026-06-19
0.191,UNKNOWN,NEUTRAL,0.47,NONE,NORMAL,TEST,True,AMBIGUOUS,ACTIVE,2026-02-09,2026-06-21
0.785,SUSPECTED,SUPPORTING,0.614,TEMPORAL_ANOMALY,NORMAL,TRAIN,True,MIXED,ACTIVE,2025-09-30,2026-02-17
0.05,CONFIRMED,SUPPORTING,0.978,LEGITIMATE_ANOMALY,REVERSED_RECORD,TEST,True,AMBIGUOUS,ACTIVE,2025-12-09,2026-05-10
0.185,CONFIRMED,SUPPORTING,0.865,NONE,NORMAL,TRAIN,True,CRIMINAL,ACTIVE,2026-04-16,2026-07-08
0.124,SUSPECTED,SUPPORTING,0.845,CONTEXTUAL_ANOMALY,NORMAL,TRAIN,True,MIXED,ACTIVE,2025-12-07,2026-03-16
0.32,CONFIRMED,SUPPORTING,0.849,NONE,NORMAL,TRAIN,True,MIXED,ACTIVE,2026-05-22,2026-09-12
0.259,SUSPECTED,SUPPORTING,0.611,NONE,NORMAL,TRAIN,True,CRIMINAL,ACTIVE,2026-04-28,2026-10-05
0.552,UNKNOWN,NEUTRAL,0.331,NONE,NORMAL,TEST,True,AMBIGUOUS,ACTIVE,2026-02-19,2026-07-01
0.404,UNKNOWN,NEUTRAL,0.444,NONE,NORMAL,TEST,True,AMBIGUOUS,ACTIVE,2025-10-27,2026-02-24
0.675,UNKNOWN,NEUTRAL,0.257,NONE,NORMAL,TRAIN,True,MIXED,ACTIVE,2026-04-02,2026-08-22
0.651,SUSPECTED,SUPPORTING,0.79,NONE,NORMAL,TRAIN,True,CRIMINAL,ACTIVE,2025-11-18,2026-03-19
0.243,FALSE,CONTRADICTING,0.332,NONE,NORMAL,TRAIN,True,CRIMINAL,ACTIVE,2025-11-24,2026-02-23
0.085,SUSPECTED,SUPPORTING,0.808,NONE,FORMATTING_VARIATION,TRAIN,True,MIXED,ACTIVE,2026-05-05,2026-11-02
0.52,FALSE,CONTRADICTING,0.236,NONE,NORMAL,VALIDATION,True,LEGITIMATE,ACTIVE,2026-04-14,2026-06-08
0.611,UNKNOWN,NEUTRAL,0.438,NONE,NORMAL,TRAIN,True,CRIMINAL,ACTIVE,2025-11-05,2026-04-09
0.892,SUSPECTED,SUPPORTING,0.844,NONE,DUPLICATE,TEST,True,AMBIGUOUS,ACTIVE,2026-02-18,2026-05-08
0.041,UNKNOWN,NEUTRAL,0.274,NONE,NORMAL,TEST,True,AMBIGUOUS,ACTIVE,2026-01-21,2026-03-11
0.41,SUSPECTED,SUPPORTING,0.669,NONE,NORMAL,TRAIN,True,MIXED,ACTIVE,2026-02-08,2026-07-11
0.492,CONFIRMED,SUPPORTING,0.972,NONE,NORMAL,TRAIN,True,MIXED,ACTIVE,2026-02-21,2026-05-29
0.771,SUSPECTED,SUPPORTING,0.626,NONE,NORMAL,TRAIN,True,CRIMINAL,ACTIVE,2026-04-08,2026-07-19
0.375,CONFIRMED,SUPPORTING,0.893,NONE,NORMAL,TRAIN,True,CRIMINAL,ACTIVE,2025-12-02,2026-04-05
0.671,FALSE,CONTRADICTING,0.358,NONE,NORMAL,TRAIN,True,CRIMINAL,ACTIVE,2025-11-05,2026-03-01
0.884,CONFIRMED,SUPPORTING,0.875,LEGITIMATE_ANOMALY,NORMAL,TRAIN,True,CRIMINAL,ACTIVE,2025-11-20,2026-04-23
0.747,SUSPECTED,SUPPORTING,0.702,NONE,NORMAL,TRAIN,True,CRIMINAL,ACTIVE,2026-03-11,2026-07-09
0.08,SUSPECTED,SUPPORTING,0.608,NONE,NORMAL,TRAIN,True,CRIMINAL,ACTIVE,2026-06-30,2026-09-22
0.553,FALSE,CONTRADICTING,0.263,CONTEXTUAL_ANOMALY,NORMAL,TRAIN,True,CRIMINAL,ACTIVE,2026-01-31,2026-03-16
0.338,SUSPECTED,SUPPORTING,0.623,NONE,NORMAL,TEST,True,AMBIGUOUS,ACTIVE,2026-05-02,2026-08-02
0.832,CONFIRMED,SUPPORTING,0.918,NONE,NORMAL,TRAIN,True,CRIMINAL,ACTIVE,2026-04-22,2026-09-15
0.268,CONFIRMED,SUPPORTING,0.96,COLLECTIVE_ANOMALY,NORMAL,TRAIN,True,CRIMINAL,ACTIVE,2026-05-26,2026-08-31
0.237,SUSPECTED,SUPPORTING,0.68,NONE,NORMAL,TRAIN,True,CRIMINAL,ACTIVE,2025-10-23,2026-03-05
0.304,UNKNOWN,NEUTRAL,0.473,COLLECTIVE_ANOMALY,NORMAL,TEST,True,AMBIGUOUS,ACTIVE,2026-03-15,2026-09-14
0.756,UNKNOWN,NEUTRAL,0.427,NONE,NORMAL,VALIDATION,True,LEGITIMATE,ACTIVE,2026-02-25,2026-06-26
0.343,FALSE,CONTRADICTING,0.149,NONE,NORMAL,TEST,True,AMBIGUOUS,ACTIVE,2026-02-25,2026-04-20
0.633,UNKNOWN,NEUTRAL,0.217,NONE,NORMAL,TRAIN,True,MIXED,ACTIVE,2026-02-16,2026-06-29
0.458,SUSPECTED,SUPPORTING,0.68,NONE,NORMAL,TRAIN,True,CRIMINAL,ACTIVE,2026-06-19,2026-09-16
0.301,CONFIRMED,SUPPORTING,0.887,NONE,NORMAL,TRAIN,True,MIXED,ACTIVE,2025-12-18,2026-03-02
0.577,CONFIRMED,SUPPORTING,0.969,COLLECTIVE_ANOMALY,NORMAL,TRAIN,True,CRIMINAL,ACTIVE,2026-03-09,2026-07-02
0.687,SUSPECTED,SUPPORTING,0.643,NONE,NORMAL,TRAIN,True,CRIMINAL,ACTIVE,2026-07-11,2026-09-18
0.258,SUSPECTED,SUPPORTING,0.807,NONE,NORMAL,VALIDATION,True,LEGITIMATE,ACTIVE,2026-01-13,2026-05-21
0.483,UNKNOWN,NEUTRAL,0.362,NONE,NORMAL,TRAIN,True,CRIMINAL,ACTIVE,2026-04-18,2026-08-31
0.125,UNKNOWN,NEUTRAL,0.323,NONE,NORMAL,TEST,True,AMBIGUOUS,ACTIVE,2026-01-05,2026-04-28
0.641,UNKNOWN,NEUTRAL,0.539,COLLECTIVE_ANOMALY,NORMAL,VALIDATION,True,LEGITIMATE,ACTIVE,2026-05-26,2026-09-03
0.395,CONFIRMED,SUPPORTING,0.882,NONE,NORMAL,TRAIN,True,MIXED,ACTIVE,2025-12-15,2026-02-22
0.366,FALSE,CONTRADICTING,0.394,NONE,NORMAL,TRAIN,True,CRIMINAL,ACTIVE,2026-03-07,2026-05-30
0.301,UNKNOWN,NEUTRAL,0.421,CONTEXTUAL_ANOMALY,NORMAL,TEST,True,AMBIGUOUS,ACTIVE,2026-01-15,2026-05-08
0.411,CONFIRMED,SUPPORTING,0.987,NONE,NORMAL,TRAIN,True,CRIMINAL,ACTIVE,2025-12-08,2026-04-13
0.72,SUSPECTED,SUPPORTING,0.674,NONE,FORMATTING_VARIATION,TRAIN,True,MIXED,ACTIVE,2025-09-20,2026-03-19
0.366,SUSPECTED,SUPPORTING,0.706,LEGITIMATE_ANOMALY,NORMAL,TRAIN,True,CRIMINAL,ACTIVE,2026-01-24,2026-08-09
0.73,SUSPECTED,SUPPORTING,0.805,NONE,NORMAL,TRAIN,True,CRIMINAL,ACTIVE,2026-06-22,2026-09-02
0.39,UNKNOWN,NEUTRAL,0.262,LEGITIMATE_ANOMALY,NORMAL,VALIDATION,True,LEGITIMATE,ACTIVE,2026-04-04,2026-07-05
0.376,SUSPECTED,SUPPORTING,0.747,NONE,NORMAL,TRAIN,True,CRIMINAL,ACTIVE,2026-04-18,2026-08-03
0.831,CONFIRMED,SUPPORTING,0.966,NONE,NORMAL,TRAIN,True,MIXED,ACTIVE,2026-05-03,2026-08-21
0.302,CONFIRMED,SUPPORTING,0.898,NONE,NORMAL,TRAIN,True,CRIMINAL,ACTIVE,2025-11-06,2026-01-28
0.553,CONFIRMED,SUPPORTING,0.865,NONE,MISSING_COUNTERPARTY,TRAIN,True,CRIMINAL,ACTIVE,2025-10-09,2026-03-01
0.516,SUSPECTED,SUPPORTING,0.641,NONE,FORMATTING_VARIATION,TRAIN,True,CRIMINAL,ACTIVE,2025-12-26,2026-02-28
0.389,UNKNOWN,NEUTRAL,0.222,NONE,NORMAL,TEST,True,AMBIGUOUS,ACTIVE,2026-01-29,2026-04-24
0.235,CONFIRMED,SUPPORTING,0.903,NONE,NORMAL,TRAIN,True,LEGITIMATE,ACTIVE,2026-01-12,2026-03-01
0.743,CONFIRMED,SUPPORTING,0.986,NONE,NORMAL,TRAIN,True,LEGITIMATE,ACTIVE,2026-05-31,2026-10-07
0.612,UNKNOWN,NEUTRAL,0.477,CRIMINAL_ANOMALY,FORMATTING_VARIATION,VALIDATION,True,LEGITIMATE,ACTIVE,2026-01-30,2026-07-24
0.365,CONFIRMED,SUPPORTING,0.966,NONE,NORMAL,TRAIN,True,CRIMINAL,ACTIVE,2026-05-21,2026-08-22
0.565,UNKNOWN,NEUTRAL,0.442,NONE,NORMAL,TEST,True,AMBIGUOUS,ACTIVE,2026-03-02,2026-08-21
0.114,SUSPECTED,SUPPORTING,0.833,NONE,NORMAL,TRAIN,True,CRIMINAL,ACTIVE,2025-11-15,2026-05-01
0.253,SUSPECTED,SUPPORTING,0.694,NONE,NORMAL,TRAIN,True,CRIMINAL,ACTIVE,2025-12-29,2026-06-01
0.307,CONFIRMED,SUPPORTING,0.971,NONE,NORMAL,TRAIN,True,CRIMINAL,ACTIVE,2025-12-18,2026-03-31
0.308,SUSPECTED,SUPPORTING,0.851,NONE,NORMAL,TRAIN,True,CRIMINAL,ACTIVE,2025-10-27,2026-03-03
0.839,UNKNOWN,NEUTRAL,0.281,NONE,NORMAL,TRAIN,True,CRIMINAL,ACTIVE,2026-05-13,2026-10-09
0.21,SUSPECTED,SUPPORTING,0.633,NONE,NORMAL,TRAIN,True,MIXED,ACTIVE,2025-12-21,2026-04-08
0.754,CONFIRMED,SUPPORTING,0.889,NONE,FORMATTING_VARIATION,TEST,True,AMBIGUOUS,ACTIVE,2025-12-02,2026-04-07
0.762,SUSPECTED,SUPPORTING,0.581,NONE,NORMAL,TRAIN,True,MIXED,ACTIVE,2026-05-14,2026-07-28
0.541,SUSPECTED,SUPPORTING,0.711,NONE,NORMAL,TRAIN,True,MIXED,ACTIVE,2026-04-15,2026-05-25
0.19,UNKNOWN,NEUTRAL,0.294,NONE,NORMAL,TRAIN,True,MIXED,ACTIVE,2026-02-22,2026-06-21
0.193,UNKNOWN,NEUTRAL,0.208,NONE,NORMAL,TRAIN,True,LEGITIMATE,ACTIVE,2026-05-20,2026-09-27
0.371,CONFIRMED,SUPPORTING,0.909,NONE,NORMAL,TRAIN,True,CRIMINAL,ACTIVE,2026-01-02,2026-03-08
0.46,SUSPECTED,SUPPORTING,0.785,NONE,NORMAL,TRAIN,True,CRIMINAL,ACTIVE,2025-12-18,2026-03-17
0.795,CONFIRMED,SUPPORTING,0.986,NONE,NORMAL,TRAIN,True,CRIMINAL,ACTIVE,2025-09-08,2026-01-27
0.542,CONFIRMED,SUPPORTING,0.921,NONE,NORMAL,TRAIN,True,CRIMINAL,ACTIVE,2026-02-27,2026-05-14
0.017,CONFIRMED,SUPPORTING,0.958,LEGITIMATE_ANOMALY,NORMAL,TRAIN,True,CRIMINAL,ACTIVE,2026-05-10,2026-07-25
0.239,SUSPECTED,SUPPORTING,0.814,COLLECTIVE_ANOMALY,NORMAL,TRAIN,True,MIXED,ACTIVE,2025-12-31,2026-04-16
0.577,SUSPECTED,SUPPORTING,0.853,NONE,NORMAL,TRAIN,True,CRIMINAL,ACTIVE,2026-01-26,2026-04-17
0.579,SUSPECTED,SUPPORTING,0.646,NONE,NORMAL,TRAIN,True,MIXED,ACTIVE,2026-01-05,2026-06-14
0.343,SUSPECTED,SUPPORTING,0.81,NONE,NORMAL,TRAIN,True,CRIMINAL,ACTIVE,2026-03-21,2026-06-09
0.11,SUSPECTED,SUPPORTING,0.785,NONE,NORMAL,TRAIN,True,CRIMINAL,ACTIVE,2026-03-15,2026-06-28
0.686,FALSE,CONTRADICTING,0.316,NONE,NORMAL,TRAIN,True,CRIMINAL,ACTIVE,2025-12-14,2026-03-13
0.809,UNKNOWN,NEUTRAL,0.227,NONE,NORMAL,TEST,True,AMBIGUOUS,ACTIVE,2026-05-15,2026-09-06
0.245,SUSPECTED,SUPPORTING,0.691,NONE,NORMAL,TRAIN,True,CRIMINAL,ACTIVE,2025-12-18,2026-03-06
0.374,UNKNOWN,NEUTRAL,0.353,NONE,NORMAL,VALIDATION,True,LEGITIMATE,ACTIVE,2026-04-14,2026-07-19
0.502,CONFIRMED,SUPPORTING,0.861,NONE,NORMAL,TRAIN,True,MIXED,ACTIVE,2026-01-10,2026-04-06
0.708,SUSPECTED,SUPPORTING,0.821,NONE,NORMAL,TRAIN,True,CRIMINAL,ACTIVE,2025-12-19,2026-04-26
0.853,UNKNOWN,NEUTRAL,0.356,NONE,NORMAL,TRAIN,True,CRIMINAL,ACTIVE,2025-12-06,2026-06-04
0.56,UNKNOWN,NEUTRAL,0.29,NONE,NORMAL,TRAIN,True,CRIMINAL,ACTIVE,2026-02-04,2026-06-19
0.193,UNKNOWN,NEUTRAL,0.525,NONE,NORMAL,VALIDATION,True,LEGITIMATE,ACTIVE,2026-03-16,2026-07-05
0.305,CONFIRMED,SUPPORTING,0.902,NONE,NORMAL,VALIDATION,True,LEGITIMATE,ACTIVE,2026-07-04,2026-09-02
0.409,FALSE,CONTRADICTING,0.327,NONE,NORMAL,TEST,True,AMBIGUOUS,ACTIVE,2026-04-20,2026-07-03
0.48,SUSPECTED,SUPPORTING,0.675,NONE,NORMAL,TRAIN,True,CRIMINAL,ACTIVE,2026-04-18,2026-07-23
0.755,SUSPECTED,SUPPORTING,0.821,CONTEXTUAL_ANOMALY,NORMAL,TRAIN,True,CRIMINAL,ACTIVE,2026-01-23,2026-05-21
0.337,SUSPECTED,SUPPORTING,0.646,NONE,NORMAL,TRAIN,True,CRIMINAL,ACTIVE,2025-11-03,2026-02-28
0.382,FALSE,CONTRADICTING,0.137,NONE,NORMAL,VALIDATION,True,LEGITIMATE,ACTIVE,2026-01-31,2026-03-27
0.653,SUSPECTED,SUPPORTING,0.601,NONE,NORMAL,TRAIN,True,MIXED,ACTIVE,2026-05-13,2026-09-06
0.648,SUSPECTED,SUPPORTING,0.672,COLLECTIVE_ANOMALY,NORMAL,TRAIN,True,MIXED,ACTIVE,2026-03-07,2026-07-06
0.878,SUSPECTED,SUPPORTING,0.82,COLLECTIVE_ANOMALY,NORMAL,VALIDATION,True,LEGITIMATE,ACTIVE,2025-12-16,2026-04-22
0.57,SUSPECTED,SUPPORTING,0.837,NONE,NORMAL,TRAIN,True,MIXED,ACTIVE,2026-03-01,2026-04-28
0.656,SUSPECTED,SUPPORTING,0.853,NONE,NORMAL,TRAIN,True,CRIMINAL,ACTIVE,2026-05-23,2026-08-25
0.137,FALSE,CONTRADICTING,0.305,CONTEXTUAL_ANOMALY,NORMAL,TRAIN,True,LEGITIMATE,ACTIVE,2025-12-05,2026-04-21
0.201,SUSPECTED,SUPPORTING,0.826,NONE,NORMAL,TRAIN,True,LEGITIMATE,ACTIVE,2025-12-22,2026-05-28
0.815,SUSPECTED,SUPPORTING,0.642,NONE,NORMAL,TEST,True,AMBIGUOUS,ACTIVE,2026-04-02,2026-08-22
0.492,FALSE,CONTRADICTING,0.164,NONE,NORMAL,TRAIN,True,CRIMINAL,ACTIVE,2025-12-27,2026-04-26
0.812,UNKNOWN,NEUTRAL,0.435,NONE,NORMAL,TRAIN,True,MIXED,ACTIVE,2025-10-23,2026-03-23
0.778,SUSPECTED,SUPPORTING,0.737,NONE,NORMAL,TRAIN,True,CRIMINAL,ACTIVE,2026-04-02,2026-08-13
0.666,CONFIRMED,SUPPORTING,0.902,NONE,NORMAL,TRAIN,True,CRIMINAL,ACTIVE,2025-11-08,2026-04-04
0.725,SUSPECTED,SUPPORTING,0.638,NONE,NORMAL,VALIDATION,True,LEGITIMATE,ACTIVE,2025-12-08,2026-05-22
0.25,SUSPECTED,SUPPORTING,0.666,NONE,NORMAL,TRAIN,True,CRIMINAL,ACTIVE,2025-12-21,2026-06-23
0.264,SUSPECTED,SUPPORTING,0.703,NONE,REVERSED_RECORD,VALIDATION,True,LEGITIMATE,ACTIVE,2026-05-28,2026-11-07
0.624,CONFIRMED,SUPPORTING,0.965,NONE,NORMAL,TEST,True,AMBIGUOUS,ACTIVE,2026-06-23,2026-11-04
0.111,FALSE,CONTRADICTING,0.25,NONE,NORMAL,TRAIN,True,LEGITIMATE,ACTIVE,2026-05-26,2026-08-19
0.405,CONFIRMED,SUPPORTING,0.978,NONE,NORMAL,VALIDATION,True,LEGITIMATE,ACTIVE,2026-05-11,2026-10-01
0.599,UNKNOWN,NEUTRAL,0.462,NONE,NORMAL,TRAIN,True,CRIMINAL,ACTIVE,2026-03-05,2026-06-03
0.548,UNKNOWN,NEUTRAL,0.419,LEGITIMATE_ANOMALY,NORMAL,TRAIN,True,CRIMINAL,ACTIVE,2026-03-12,2026-09-20
0.302,SUSPECTED,SUPPORTING,0.71,NONE,FORMATTING_VARIATION,TEST,True,AMBIGUOUS,ACTIVE,2025-10-26,2026-03-08
0.724,UNKNOWN,NEUTRAL,0.532,NONE,NORMAL,TRAIN,True,MIXED,ACTIVE,2025-12-14,2026-04-09
0.358,UNKNOWN,NEUTRAL,0.39,NONE,NORMAL,TRAIN,True,CRIMINAL,ACTIVE,2026-05-16,2026-07-25
0.613,UNKNOWN,NEUTRAL,0.403,NONE,NORMAL,TEST,True,AMBIGUOUS,ACTIVE,2026-07-01,2026-08-20
0.832,SUSPECTED,SUPPORTING,0.731,NONE,DUPLICATE,VALIDATION,True,LEGITIMATE,ACTIVE,2025-12-31,2026-04-21
0.12,CONFIRMED,SUPPORTING,0.907,NONE,NORMAL,TRAIN,True,CRIMINAL,ACTIVE,2025-12-18,2026-04-14
0.664,UNKNOWN,NEUTRAL,0.385,COLLECTIVE_ANOMALY,NORMAL,TEST,True,AMBIGUOUS,ACTIVE,2026-04-05,2026-08-23
0.905,CONFIRMED,SUPPORTING,0.849,NONE,NORMAL,TRAIN,True,CRIMINAL,ACTIVE,2026-05-09,2026-08-17
0.226,FALSE,CONTRADICTING,0.384,NONE,NORMAL,VALIDATION,True,LEGITIMATE,ACTIVE,2026-02-23,2026-07-14
0.442,SUSPECTED,SUPPORTING,0.654,NONE,MISSING_COUNTERPARTY,TRAIN,True,CRIMINAL,ACTIVE,2025-12-16,2026-04-10
0.454,SUSPECTED,SUPPORTING,0.655,CONTEXTUAL_ANOMALY,NORMAL,VALIDATION,True,LEGITIMATE,ACTIVE,2026-03-24,2026-07-29
0.827,CONFIRMED,SUPPORTING,0.848,NONE,NORMAL,TRAIN,True,CRIMINAL,ACTIVE,2026-07-19,2026-08-28
0.762,CONFIRMED,SUPPORTING,0.903,NONE,NORMAL,TRAIN,True,CRIMINAL,ACTIVE,2026-07-24,2026-09-29
0.783,FALSE,CONTRADICTING,0.397,CONTEXTUAL_ANOMALY,NORMAL,TEST,True,AMBIGUOUS,ACTIVE,2026-04-26,2026-09-14
0.532,FALSE,CONTRADICTING,0.223,NONE,NORMAL,TRAIN,True,CRIMINAL,ACTIVE,2026-01-16,2026-07-07
0.34,SUSPECTED,SUPPORTING,0.806,NONE,NORMAL,TEST,True,AMBIGUOUS,ACTIVE,2026-03-27,2026-09-09
0.448,SUSPECTED,SUPPORTING,0.844,NONE,NORMAL,VALIDATION,True,LEGITIMATE,ACTIVE,2026-04-12,2026-08-11
0.308,UNKNOWN,NEUTRAL,0.542,NONE,NORMAL,VALIDATION,True,LEGITIMATE,ACTIVE,2026-02-26,2026-05-29
0.405,CONFIRMED,SUPPORTING,0.962,NONE,NORMAL,TRAIN,True,CRIMINAL,ACTIVE,2026-05-29,2026-08-07
0.395,FALSE,CONTRADICTING,0.259,NONE,NORMAL,TRAIN,True,LEGITIMATE,ACTIVE,2026-03-24,2026-08-12
0.465,SUSPECTED,SUPPORTING,0.765,NONE,NORMAL,TRAIN,True,MIXED,ACTIVE,2026-02-15,2026-07-07
0.143,CONFIRMED,SUPPORTING,0.934,NONE,FORMATTING_VARIATION,TRAIN,True,CRIMINAL,ACTIVE,2026-04-27,2026-06-03
0.858,FALSE,CONTRADICTING,0.227,CRIMINAL_ANOMALY,REVERSED_RECORD,VALIDATION,True,LEGITIMATE,ACTIVE,2026-06-02,2026-10-28
0.475,SUSPECTED,SUPPORTING,0.733,NONE,NORMAL,TRAIN,True,CRIMINAL,ACTIVE,2026-07-24,2026-09-07
0.689,SUSPECTED,SUPPORTING,0.675,NONE,NORMAL,TRAIN,True,MIXED,ACTIVE,2025-11-12,2026-03-29
0.159,UNKNOWN,NEUTRAL,0.379,NONE,NORMAL,TRAIN,True,CRIMINAL,ACTIVE,2026-01-23,2026-05-31
0.494,FALSE,CONTRADICTING,0.193,NONE,NORMAL,TRAIN,True,LEGITIMATE,ACTIVE,2025-10-12,2026-02-19
0.102,SUSPECTED,SUPPORTING,0.806,NONE,NORMAL,VALIDATION,True,LEGITIMATE,ACTIVE,2026-05-18,2026-09-20
0.457,SUSPECTED,SUPPORTING,0.589,NONE,NORMAL,TRAIN,True,CRIMINAL,ACTIVE,2025-12-07,2026-05-19
0.584,FALSE,CONTRADICTING,0.161,NONE,NORMAL,VALIDATION,True,LEGITIMATE,ACTIVE,2026-05-09,2026-09-23
0.65,CONFIRMED,SUPPORTING,0.894,NONE,NORMAL,TRAIN,True,MIXED,ACTIVE,2025-12-13,2026-05-08
0.388,FALSE,CONTRADICTING,0.403,NONE,REVERSED_RECORD,TRAIN,True,CRIMINAL,ACTIVE,2026-02-27,2026-05-04
0.696,CONFIRMED,SUPPORTING,0.944,LEGITIMATE_ANOMALY,NORMAL,TRAIN,True,CRIMINAL,ACTIVE,2026-04-30,2026-07-28
0.289,SUSPECTED,SUPPORTING,0.624,TEMPORAL_ANOMALY,NORMAL,TEST,True,AMBIGUOUS,ACTIVE,2026-04-11,2026-09-27
0.409,FALSE,CONTRADICTING,0.143,NONE,NORMAL,TEST,True,AMBIGUOUS,ACTIVE,2026-06-11,2026-10-22
0.044,SUSPECTED,SUPPORTING,0.772,NONE,NORMAL,TRAIN,True,CRIMINAL,ACTIVE,2025-11-21,2026-04-12
0.788,CONFIRMED,SUPPORTING,0.875,NONE,NORMAL,VALIDATION,True,LEGITIMATE,ACTIVE,2025-12-05,2026-04-05
0.72,CONFIRMED,SUPPORTING,0.977,LEGITIMATE_ANOMALY,NORMAL,VALIDATION,True,LEGITIMATE,ACTIVE,2026-03-24,2026-06-30
0.566,SUSPECTED,SUPPORTING,0.639,NONE,NORMAL,TRAIN,True,MIXED,ACTIVE,2026-04-23,2026-09-11
0.734,FALSE,CONTRADICTING,0.142,CRIMINAL_ANOMALY,NORMAL,TRAIN,True,MIXED,ACTIVE,2026-07-29,2026-08-31
0.568,SUSPECTED,SUPPORTING,0.66,NONE,NORMAL,TEST,True,AMBIGUOUS,ACTIVE,2025-11-25,2026-04-22
0.573,FALSE,CONTRADICTING,0.192,LEGITIMATE_ANOMALY,NORMAL,TRAIN,True,MIXED,ACTIVE,2026-03-13,2026-06-15
0.347,CONFIRMED,SUPPORTING,0.923,LEGITIMATE_ANOMALY,NORMAL,TRAIN,True,MIXED,ACTIVE,2026-03-25,2026-08-28
0.055,CONFIRMED,SUPPORTING,0.899,LEGITIMATE_ANOMALY,NORMAL,TRAIN,True,MIXED,ACTIVE,2025-11-05,2026-03-18
0.368,CONFIRMED,SUPPORTING,0.979,NONE,NORMAL,TRAIN,True,CRIMINAL,ACTIVE,2026-06-16,2026-08-10
0.065,CONFIRMED,SUPPORTING,0.93,NONE,NORMAL,TRAIN,True,CRIMINAL,ACTIVE,2026-06-18,2026-08-10
0.878,FALSE,CONTRADICTING,0.222,NONE,NORMAL,TRAIN,True,MIXED,ACTIVE,2025-11-04,2026-02-19
0.52,CONFIRMED,SUPPORTING,0.969,COLLECTIVE_ANOMALY,NORMAL,TRAIN,True,MIXED,ACTIVE,2026-02-14,2026-05-19
0.482,SUSPECTED,SUPPORTING,0.767,NONE,NORMAL,TRAIN,True,MIXED,ACTIVE,2025-12-21,2026-03-15
0.26,SUSPECTED,SUPPORTING,0.609,NONE,FORMATTING_VARIATION,TRAIN,True,MIXED,ACTIVE,2026-01-09,2026-06-03
0.526,CONFIRMED,SUPPORTING,0.961,COLLECTIVE_ANOMALY,NORMAL,TRAIN,True,MIXED,ACTIVE,2026-04-09,2026-08-22
0.388,CONFIRMED,SUPPORTING,0.951,NONE,NORMAL,TRAIN,True,CRIMINAL,ACTIVE,2026-06-19,2026-08-28
0.132,CONFIRMED,SUPPORTING,0.96,NONE,NORMAL,TRAIN,True,LEGITIMATE,ACTIVE,2026-01-17,2026-06-13
0.892,UNKNOWN,NEUTRAL,0.421,NONE,DUPLICATE,TEST,True,AMBIGUOUS,ACTIVE,2026-05-21,2026-09-13
0.332,FALSE,CONTRADICTING,0.357,NONE,NORMAL,TEST,True,AMBIGUOUS,ACTIVE,2026-05-12,2026-08-19
0.329,CONFIRMED,SUPPORTING,0.917,NONE,NORMAL,TEST,True,AMBIGUOUS,ACTIVE,2026-02-10,2026-07-16
0.407,SUSPECTED,SUPPORTING,0.652,LEGITIMATE_ANOMALY,NORMAL,TRAIN,True,CRIMINAL,ACTIVE,2026-01-01,2026-05-10
0.471,UNKNOWN,NEUTRAL,0.481,NONE,NORMAL,TRAIN,True,CRIMINAL,ACTIVE,2025-12-07,2026-04-04
0.712,SUSPECTED,SUPPORTING,0.777,NONE,NORMAL,TRAIN,True,MIXED,ACTIVE,2026-03-17,2026-06-09
0.35,FALSE,CONTRADICTING,0.189,NONE,NORMAL,TRAIN,True,MIXED,ACTIVE,2026-04-15,2026-07-10
0.318,FALSE,CONTRADICTING,0.146,NONE,NORMAL,VALIDATION,True,LEGITIMATE,ACTIVE,2026-02-23,2026-07-18
0.145,FALSE,CONTRADICTING,0.305,NONE,NORMAL,VALIDATION,True,LEGITIMATE,ACTIVE,2026-03-21,2026-08-24
0.454,UNKNOWN,NEUTRAL,0.547,NONE,NORMAL,TEST,True,AMBIGUOUS,ACTIVE,2025-12-13,2026-05-30
0.536,CONFIRMED,SUPPORTING,0.911,NONE,NORMAL,VALIDATION,True,LEGITIMATE,ACTIVE,2025-09-09,2026-02-01
0.507,SUSPECTED,SUPPORTING,0.68,TEMPORAL_ANOMALY,NORMAL,TRAIN,True,CRIMINAL,ACTIVE,2026-03-11,2026-04-29
0.105,SUSPECTED,SUPPORTING,0.631,NONE,NORMAL,TRAIN,True,CRIMINAL,ACTIVE,2026-01-22,2026-07-06
0.769,SUSPECTED,SUPPORTING,0.818,NONE,NORMAL,TEST,True,AMBIGUOUS,ACTIVE,2025-12-29,2026-05-18
0.964,FALSE,CONTRADICTING,0.128,NONE,NORMAL,TRAIN,True,CRIMINAL,ACTIVE,2026-01-18,2026-02-21
0.673,CONFIRMED,SUPPORTING,0.914,NONE,NORMAL,TRAIN,True,CRIMINAL,ACTIVE,2025-11-23,2026-04-19
0.481,SUSPECTED,SUPPORTING,0.845,NONE,NORMAL,TRAIN,True,CRIMINAL,ACTIVE,2026-06-29,2026-10-31
0.277,CONFIRMED,SUPPORTING,0.966,NONE,NORMAL,TRAIN,True,LEGITIMATE,ACTIVE,2025-11-04,2026-04-18
0.576,FALSE,CONTRADICTING,0.168,NONE,NORMAL,TRAIN,True,MIXED,ACTIVE,2025-10-06,2026-03-29
0.518,FALSE,CONTRADICTING,0.295,NONE,NORMAL,VALIDATION,True,LEGITIMATE,ACTIVE,2025-12-10,2026-04-07
0.519,FALSE,CONTRADICTING,0.183,NONE,NORMAL,VALIDATION,True,LEGITIMATE,ACTIVE,2026-07-10,2026-09-20
0.73,SUSPECTED,SUPPORTING,0.856,NONE,NORMAL,TRAIN,True,MIXED,ACTIVE,2025-12-05,2026-05-19
0.199,CONFIRMED,SUPPORTING,0.87,LEGITIMATE_ANOMALY,NORMAL,TRAIN,True,CRIMINAL,ACTIVE,2026-05-01,2026-09-16
0.677,SUSPECTED,SUPPORTING,0.648,LEGITIMATE_ANOMALY,NORMAL,TRAIN,True,CRIMINAL,ACTIVE,2026-02-05,2026-06-12
0.536,SUSPECTED,SUPPORTING,0.714,CONTEXTUAL_ANOMALY,NORMAL,TRAIN,True,MIXED,ACTIVE,2026-04-24,2026-10-17
0.427,UNKNOWN,NEUTRAL,0.224,NONE,NORMAL,VALIDATION,True,LEGITIMATE,ACTIVE,2025-11-19,2026-02-15
0.145,SUSPECTED,SUPPORTING,0.658,NONE,NORMAL,TRAIN,True,CRIMINAL,ACTIVE,2026-03-25,2026-06-15
0.212,UNKNOWN,NEUTRAL,0.336,NONE,NORMAL,TRAIN,True,MIXED,ACTIVE,2026-01-08,2026-04-13
0.138,CONFIRMED,SUPPORTING,0.913,NONE,NORMAL,TRAIN,True,CRIMINAL,ACTIVE,2026-04-25,2026-10-01
0.439,SUSPECTED,SUPPORTING,0.771,NONE,NORMAL,VALIDATION,True,LEGITIMATE,ACTIVE,2025-11-12,2026-04-09
0.656,UNKNOWN,NEUTRAL,0.278,NONE,NORMAL,TRAIN,True,CRIMINAL,ACTIVE,2026-02-21,2026-06-14
0.465,CONFIRMED,SUPPORTING,0.905,CONTEXTUAL_ANOMALY,NORMAL,TRAIN,True,MIXED,ACTIVE,2025-11-17,2026-02-27
0.748,CONFIRMED,SUPPORTING,0.859,NONE,NORMAL,TRAIN,True,CRIMINAL,ACTIVE,2026-02-13,2026-07-22
0.61,CONFIRMED,SUPPORTING,0.88,CRIMINAL_ANOMALY,FORMATTING_VARIATION,VALIDATION,True,LEGITIMATE,ACTIVE,2025-11-09,2026-04-17
0.216,FALSE,CONTRADICTING,0.366,CONTEXTUAL_ANOMALY,NORMAL,TRAIN,True,CRIMINAL,ACTIVE,2026-04-06,2026-06-09
0.093,FALSE,CONTRADICTING,0.158,NONE,NORMAL,TRAIN,True,CRIMINAL,ACTIVE,2025-12-24,2026-06-01
0.19,UNKNOWN,NEUTRAL,0.457,NONE,NORMAL,TRAIN,True,CRIMINAL,ACTIVE,2026-07-13,2026-09-24
0.625,FALSE,CONTRADICTING,0.346,NONE,NORMAL,TRAIN,True,MIXED,ACTIVE,2026-06-18,2026-10-08
0.309,CONFIRMED,SUPPORTING,0.889,NONE,NORMAL,TRAIN,True,MIXED,ACTIVE,2025-12-05,2026-03-13
0.871,CONFIRMED,SUPPORTING,0.987,LEGITIMATE_ANOMALY,DUPLICATE,TRAIN,True,CRIMINAL,ACTIVE,2026-02-11,2026-06-08
0.675,CONFIRMED,SUPPORTING,0.886,NONE,NORMAL,TRAIN,True,MIXED,ACTIVE,2026-02-28,2026-07-31
0.444,SUSPECTED,SUPPORTING,0.737,LEGITIMATE_ANOMALY,NORMAL,TRAIN,True,CRIMINAL,ACTIVE,2026-01-27,2026-06-11
0.446,UNKNOWN,NEUTRAL,0.307,NONE,NORMAL,TRAIN,True,CRIMINAL,ACTIVE,2025-12-31,2026-05-13
0.165,FALSE,CONTRADICTING,0.356,TEMPORAL_ANOMALY,NORMAL,TRAIN,True,CRIMINAL,ACTIVE,2026-04-09,2026-07-02
0.668,UNKNOWN,NEUTRAL,0.424,NONE,NORMAL,TRAIN,True,CRIMINAL,ACTIVE,2026-03-08,2026-07-01
0.394,CONFIRMED,SUPPORTING,0.977,NONE,NORMAL,TRAIN,True,CRIMINAL,ACTIVE,2025-11-17,2026-03-26
0.457,CONFIRMED,SUPPORTING,0.883,CRIMINAL_ANOMALY,DUPLICATE,TEST,True,AMBIGUOUS,ACTIVE,2026-05-21,2026-08-06
0.326,FALSE,CONTRADICTING,0.418,LEGITIMATE_ANOMALY,NORMAL,TEST,True,AMBIGUOUS,ACTIVE,2026-02-13,2026-07-02
0.245,CONFIRMED,SUPPORTING,0.865,NONE,MISSING_COUNTERPARTY,TRAIN,True,CRIMINAL,ACTIVE,2026-03-13,2026-05-31
0.629,SUSPECTED,SUPPORTING,0.763,NONE,NORMAL,TRAIN,True,MIXED,ACTIVE,2026-01-21,2026-04-12
0.301,CONFIRMED,SUPPORTING,0.867,TEMPORAL_ANOMALY,NORMAL,TRAIN,True,CRIMINAL,ACTIVE,2026-05-14,2026-09-11
0.128,FALSE,CONTRADICTING,0.411,NONE,NORMAL,TEST,True,AMBIGUOUS,ACTIVE,2026-02-16,2026-06-03
0.525,SUSPECTED,SUPPORTING,0.758,CRIMINAL_ANOMALY,NORMAL,VALIDATION,True,LEGITIMATE,ACTIVE,2026-05-12,2026-08-11
0.391,CONFIRMED,SUPPORTING,0.927,LEGITIMATE_ANOMALY,NORMAL,TRAIN,True,MIXED,ACTIVE,2026-02-18,2026-05-12
0.31,UNKNOWN,NEUTRAL,0.417,NONE,NORMAL,TRAIN,True,MIXED,ACTIVE,2026-04-05,2026-05-28
0.354,FALSE,CONTRADICTING,0.389,CONTEXTUAL_ANOMALY,NORMAL,TRAIN,True,MIXED,ACTIVE,2025-11-06,2026-04-24
0.774,UNKNOWN,NEUTRAL,0.438,LEGITIMATE_ANOMALY,NORMAL,TEST,True,AMBIGUOUS,ACTIVE,2026-03-16,2026-08-24
0.322,CONFIRMED,SUPPORTING,0.951,NONE,NORMAL,TRAIN,True,CRIMINAL,ACTIVE,2026-05-23,2026-09-11
0.886,CONFIRMED,SUPPORTING,0.933,TEMPORAL_ANOMALY,NORMAL,TRAIN,True,MIXED,ACTIVE,2026-03-09,2026-07-31
0.237,FALSE,CONTRADICTING,0.236,NONE,REVERSED_RECORD,VALIDATION,True,LEGITIMATE,ACTIVE,2025-12-30,2026-06-26
0.039,CONFIRMED,SUPPORTING,0.834,NONE,NORMAL,TRAIN,True,CRIMINAL,ACTIVE,2026-04-05,2026-10-04
0.484,SUSPECTED,SUPPORTING,0.722,NONE,NORMAL,TRAIN,True,CRIMINAL,ACTIVE,2026-07-16,2026-09-23
0.122,SUSPECTED,SUPPORTING,0.603,NONE,NORMAL,TRAIN,True,MIXED,ACTIVE,2025-12-02,2026-05-10
0.569,UNKNOWN,NEUTRAL,0.484,CONTEXTUAL_ANOMALY,NORMAL,TRAIN,True,CRIMINAL,ACTIVE,2026-01-09,2026-07-12
0.399,UNKNOWN,NEUTRAL,0.466,NONE,NORMAL,TRAIN,True,CRIMINAL,ACTIVE,2025-12-08,2026-02-13
0.757,UNKNOWN,NEUTRAL,0.3,NONE,NORMAL,VALIDATION,True,LEGITIMATE,ACTIVE,2026-03-25,2026-09-23
0.265,SUSPECTED,SUPPORTING,0.651,NONE,NORMAL,TEST,True,AMBIGUOUS,ACTIVE,2025-12-09,2026-01-30
0.288,FALSE,CONTRADICTING,0.239,NONE,NORMAL,TRAIN,True,CRIMINAL,ACTIVE,2026-04-19,2026-08-19
0.34,CONFIRMED,SUPPORTING,0.984,NONE,NORMAL,TRAIN,True,CRIMINAL,ACTIVE,2026-01-31,2026-06-24
0.422,FALSE,CONTRADICTING,0.142,NONE,NORMAL,TRAIN,True,MIXED,ACTIVE,2026-05-30,2026-08-16
0.179,FALSE,CONTRADICTING,0.299,NONE,NORMAL,VALIDATION,True,LEGITIMATE,ACTIVE,2025-11-19,2026-02-12
0.604,UNKNOWN,NEUTRAL,0.364,NONE,NORMAL,TRAIN,True,CRIMINAL,ACTIVE,2026-03-17,2026-08-11
0.026,CONFIRMED,SUPPORTING,0.984,NONE,NORMAL,VALIDATION,True,LEGITIMATE,ACTIVE,2026-04-15,2026-06-29
0.362,FALSE,CONTRADICTING,0.27,NONE,NORMAL,TEST,True,AMBIGUOUS,ACTIVE,2026-02-07,2026-03-08
0.806,SUSPECTED,SUPPORTING,0.729,NONE,NORMAL,TRAIN,True,MIXED,ACTIVE,2026-03-22,2026-07-14
0.208,FALSE,CONTRADICTING,0.248,NONE,NORMAL,TRAIN,True,MIXED,ACTIVE,2026-04-04,2026-09-14
0.344,SUSPECTED,SUPPORTING,0.649,TEMPORAL_ANOMALY,NORMAL,TRAIN,True,CRIMINAL,ACTIVE,2026-02-17,2026-07-27
0.462,UNKNOWN,NEUTRAL,0.317,NONE,NORMAL,TEST,True,AMBIGUOUS,ACTIVE,2026-04-11,2026-08-31
0.309,UNKNOWN,NEUTRAL,0.55,NONE,MISSING_COUNTERPARTY,TRAIN,True,CRIMINAL,ACTIVE,2026-02-26,2026-05-21
0.662,CONFIRMED,SUPPORTING,0.933,NONE,NORMAL,TRAIN,True,CRIMINAL,ACTIVE,2026-05-01,2026-08-07
0.431,FALSE,CONTRADICTING,0.276,NONE,NORMAL,VALIDATION,True,LEGITIMATE,ACTIVE,2026-03-15,2026-08-18
0.142,UNKNOWN,NEUTRAL,0.352,NONE,NORMAL,TRAIN,True,CRIMINAL,ACTIVE,2026-06-10,2026-09-09
0.387,SUSPECTED,SUPPORTING,0.647,NONE,DUPLICATE,TRAIN,True,MIXED,ACTIVE,2025-11-24,2026-03-21
0.495,SUSPECTED,SUPPORTING,0.597,NONE,NORMAL,TRAIN,True,MIXED,ACTIVE,2026-05-11,2026-08-05
0.643,CONFIRMED,SUPPORTING,0.958,NONE,NORMAL,TRAIN,True,CRIMINAL,ACTIVE,2026-03-13,2026-06-11
0.396,CONFIRMED,SUPPORTING,0.828,CONTEXTUAL_ANOMALY,NORMAL,TRAIN,True,CRIMINAL,ACTIVE,2026-03-28,2026-06-29
0.559,SUSPECTED,SUPPORTING,0.644,NONE,NORMAL,TRAIN,True,MIXED,ACTIVE,2026-05-14,2026-07-30
0.259,CONFIRMED,SUPPORTING,0.945,NONE,NORMAL,TRAIN,True,CRIMINAL,ACTIVE,2025-12-17,2026-03-22
0.401,CONFIRMED,SUPPORTING,0.92,NONE,NORMAL,TRAIN,True,CRIMINAL,ACTIVE,2025-12-28,2026-03-21
0.049,SUSPECTED,SUPPORTING,0.688,NONE,NORMAL,TRAIN,True,CRIMINAL,ACTIVE,2026-04-17,2026-06-25
0.439,SUSPECTED,SUPPORTING,0.834,LEGITIMATE_ANOMALY,NORMAL,TRAIN,True,CRIMINAL,ACTIVE,2026-03-14,2026-08-14
0.592,CONFIRMED,SUPPORTING,0.865,NONE,NORMAL,TRAIN,True,CRIMINAL,ACTIVE,2026-04-22,2026-09-07
0.522,SUSPECTED,SUPPORTING,0.676,COLLECTIVE_ANOMALY,NORMAL,TRAIN,True,CRIMINAL,ACTIVE,2025-10-26,2026-03-29
0.539,SUSPECTED,SUPPORTING,0.704,NONE,NORMAL,TEST,True,AMBIGUOUS,ACTIVE,2026-02-12,2026-04-29
0.441,UNKNOWN,NEUTRAL,0.307,NONE,NORMAL,TEST,True,AMBIGUOUS,ACTIVE,2026-03-12,2026-08-15
0.733,SUSPECTED,SUPPORTING,0.789,NONE,NORMAL,TRAIN,True,CRIMINAL,ACTIVE,2026-06-17,2026-10-16
0.756,SUSPECTED,SUPPORTING,0.777,LEGITIMATE_ANOMALY,NORMAL,TRAIN,True,CRIMINAL,ACTIVE,2026-03-15,2026-08-07
0.539,CONFIRMED,SUPPORTING,0.99,NONE,NORMAL,TRAIN,True,CRIMINAL,ACTIVE,2026-05-01,2026-09-27
0.509,SUSPECTED,SUPPORTING,0.704,TEMPORAL_ANOMALY,NORMAL,TRAIN,True,CRIMINAL,ACTIVE,2026-01-31,2026-05-29
0.457,UNKNOWN,NEUTRAL,0.49,TEMPORAL_ANOMALY,NORMAL,TRAIN,True,CRIMINAL,ACTIVE,2026-07-09,2026-11-10
0.119,UNKNOWN,NEUTRAL,0.247,NONE,NORMAL,TEST,True,AMBIGUOUS,ACTIVE,2026-04-04,2026-07-04
0.148,SUSPECTED,SUPPORTING,0.76,NONE,NORMAL,TEST,True,AMBIGUOUS,ACTIVE,2026-01-12,2026-04-15
0.413,UNKNOWN,NEUTRAL,0.226,NONE,NORMAL,TEST,True,AMBIGUOUS,ACTIVE,2026-05-03,2026-08-10
0.053,CONFIRMED,SUPPORTING,0.938,NONE,MISSING_COUNTERPARTY,TRAIN,True,MIXED,ACTIVE,2025-12-14,2026-03-12
0.716,SUSPECTED,SUPPORTING,0.705,CRIMINAL_ANOMALY,NORMAL,TRAIN,True,MIXED,ACTIVE,2026-04-24,2026-09-13
0.126,FALSE,CONTRADICTING,0.26,LEGITIMATE_ANOMALY,NORMAL,TRAIN,True,LEGITIMATE,ACTIVE,2026-03-01,2026-08-05
0.575,UNKNOWN,NEUTRAL,0.277,CONTEXTUAL_ANOMALY,NORMAL,TRAIN,True,MIXED,ACTIVE,2026-01-05,2026-04-04
0.206,FALSE,CONTRADICTING,0.194,NONE,NORMAL,TRAIN,True,MIXED,ACTIVE,2026-01-26,2026-08-12
0.053,CONFIRMED,SUPPORTING,0.985,NONE,NORMAL,TRAIN,True,MIXED,ACTIVE,2025-10-09,2026-04-06
0.25,CONFIRMED,SUPPORTING,0.911,NONE,NORMAL,TEST,True,AMBIGUOUS,ACTIVE,2025-09-25,2026-04-09
0.741,SUSPECTED,SUPPORTING,0.655,NONE,NORMAL,TRAIN,True,CRIMINAL,ACTIVE,2026-02-12,2026-06-09
0.312,SUSPECTED,SUPPORTING,0.705,TEMPORAL_ANOMALY,NORMAL,TRAIN,True,CRIMINAL,ACTIVE,2026-01-19,2026-06-11
0.464,CONFIRMED,SUPPORTING,0.926,NONE,NORMAL,TRAIN,True,MIXED,ACTIVE,2025-10-26,2026-04-11
0.632,FALSE,CONTRADICTING,0.415,NONE,NORMAL,VALIDATION,True,LEGITIMATE,ACTIVE,2025-12-05,2026-03-09
0.44,UNKNOWN,NEUTRAL,0.228,LEGITIMATE_ANOMALY,NORMAL,TEST,True,AMBIGUOUS,ACTIVE,2026-03-11,2026-05-23
0.334,FALSE,CONTRADICTING,0.135,COLLECTIVE_ANOMALY,NORMAL,VALIDATION,True,LEGITIMATE,ACTIVE,2026-02-17,2026-04-04
0.376,CONFIRMED,SUPPORTING,0.883,NONE,NORMAL,TRAIN,True,CRIMINAL,ACTIVE,2026-05-06,2026-08-06
0.431,UNKNOWN,NEUTRAL,0.271,NONE,NORMAL,TRAIN,True,LEGITIMATE,ACTIVE,2026-04-23,2026-06-27
0.692,CONFIRMED,SUPPORTING,0.871,TEMPORAL_ANOMALY,MISSING_COUNTERPARTY,TRAIN,True,CRIMINAL,ACTIVE,2026-03-29,2026-06-18
0.481,UNKNOWN,NEUTRAL,0.371,NONE,NORMAL,TRAIN,True,CRIMINAL,ACTIVE,2026-04-01,2026-07-03
0.22,SUSPECTED,SUPPORTING,0.792,NONE,MISSING_COUNTERPARTY,VALIDATION,True,LEGITIMATE,ACTIVE,2025-11-13,2026-02-23
0.527,CONFIRMED,SUPPORTING,0.888,NONE,NORMAL,TRAIN,True,CRIMINAL,ACTIVE,2026-07-20,2026-10-12
0.273,FALSE,CONTRADICTING,0.264,NONE,NORMAL,TRAIN,True,CRIMINAL,ACTIVE,2026-06-08,2026-09-04
0.79,UNKNOWN,NEUTRAL,0.273,NONE,NORMAL,TRAIN,True,LEGITIMATE,ACTIVE,2026-05-24,2026-08-20
0.606,FALSE,CONTRADICTING,0.259,CONTEXTUAL_ANOMALY,NORMAL,TRAIN,True,CRIMINAL,ACTIVE,2026-02-22,2026-08-19
0.684,CONFIRMED,SUPPORTING,0.952,NONE,NORMAL,TRAIN,True,CRIMINAL,ACTIVE,2026-02-17,2026-04-17
0.18,FALSE,CONTRADICTING,0.332,NONE,NORMAL,TRAIN,True,CRIMINAL,ACTIVE,2025-11-18,2026-05-03
0.359,FALSE,CONTRADICTING,0.134,COLLECTIVE_ANOMALY,NORMAL,TRAIN,True,MIXED,ACTIVE,2026-03-06,2026-05-19
0.836,FALSE,CONTRADICTING,0.277,NONE,NORMAL,TRAIN,True,MIXED,ACTIVE,2026-07-01,2026-10-20
0.074,SUSPECTED,SUPPORTING,0.58,NONE,NORMAL,VALIDATION,True,LEGITIMATE,ACTIVE,2026-01-08,2026-03-20
0.618,UNKNOWN,NEUTRAL,0.336,NONE,NORMAL,TEST,True,AMBIGUOUS,ACTIVE,2026-03-19,2026-06-12
0.301,CONFIRMED,SUPPORTING,0.972,NONE,NORMAL,TRAIN,True,CRIMINAL,ACTIVE,2026-07-07,2026-09-13
0.408,SUSPECTED,SUPPORTING,0.837,CRIMINAL_ANOMALY,NORMAL,TRAIN,True,CRIMINAL,ACTIVE,2026-07-01,2026-09-13
0.253,CONFIRMED,SUPPORTING,0.891,NONE,NORMAL,TRAIN,True,CRIMINAL,ACTIVE,2026-07-18,2026-10-16
0.616,SUSPECTED,SUPPORTING,0.839,TEMPORAL_ANOMALY,NORMAL,VALIDATION,True,LEGITIMATE,ACTIVE,2026-03-27,2026-09-13
0.332,UNKNOWN,NEUTRAL,0.362,NONE,NORMAL,TRAIN,True,MIXED,ACTIVE,2026-03-15,2026-09-21
0.448,CONFIRMED,SUPPORTING,0.854,NONE,NORMAL,VALIDATION,True,LEGITIMATE,ACTIVE,2026-04-17,2026-06-06
0.474,FALSE,CONTRADICTING,0.379,NONE,NORMAL,TRAIN,True,CRIMINAL,ACTIVE,2026-03-04,2026-05-27
0.364,SUSPECTED,SUPPORTING,0.68,NONE,NORMAL,TRAIN,True,CRIMINAL,ACTIVE,2026-02-22,2026-04-28
0.258,SUSPECTED,SUPPORTING,0.598,LEGITIMATE_ANOMALY,NORMAL,TRAIN,True,CRIMINAL,ACTIVE,2025-10-23,2026-04-22
0.535,UNKNOWN,NEUTRAL,0.493,NONE,NORMAL,TEST,True,AMBIGUOUS,ACTIVE,2026-02-26,2026-08-17
0.332,CONFIRMED,SUPPORTING,0.863,NONE,NORMAL,TRAIN,True,CRIMINAL,ACTIVE,2026-03-15,2026-08-22
0.191,CONFIRMED,SUPPORTING,0.886,NONE,NORMAL,TRAIN,True,MIXED,ACTIVE,2025-11-08,2026-03-08
0.287,CONFIRMED,SUPPORTING,0.908,NONE,NORMAL,TEST,True,AMBIGUOUS,ACTIVE,2026-05-02,2026-09-03
0.714,FALSE,CONTRADICTING,0.321,NONE,NORMAL,TRAIN,True,MIXED,ACTIVE,2025-12-05,2026-03-07
0.404,UNKNOWN,NEUTRAL,0.456,NONE,NORMAL,TEST,True,AMBIGUOUS,ACTIVE,2026-04-23,2026-10-14
0.408,UNKNOWN,NEUTRAL,0.274,NONE,NORMAL,TRAIN,True,MIXED,ACTIVE,2026-04-18,2026-08-24
0.511,UNKNOWN,NEUTRAL,0.436,NONE,NORMAL,VALIDATION,True,LEGITIMATE,ACTIVE,2025-12-06,2026-05-03
0.212,UNKNOWN,NEUTRAL,0.232,CONTEXTUAL_ANOMALY,NORMAL,TRAIN,True,LEGITIMATE,ACTIVE,2025-12-29,2026-06-01
0.762,SUSPECTED,SUPPORTING,0.661,NONE,NORMAL,TRAIN,True,MIXED,ACTIVE,2026-03-30,2026-07-23
0.718,SUSPECTED,SUPPORTING,0.771,NONE,NORMAL,TRAIN,True,MIXED,ACTIVE,2025-09-15,2026-02-27
0.128,UNKNOWN,NEUTRAL,0.25,NONE,NORMAL,TEST,True,AMBIGUOUS,ACTIVE,2025-12-05,2026-05-01
0.401,FALSE,CONTRADICTING,0.37,NONE,NORMAL,VALIDATION,True,LEGITIMATE,ACTIVE,2026-05-27,2026-08-01
0.3,CONFIRMED,SUPPORTING,0.897,NONE,NORMAL,TRAIN,True,CRIMINAL,ACTIVE,2026-02-11,2026-08-14
0.567,CONFIRMED,SUPPORTING,0.904,NONE,NORMAL,TRAIN,True,MIXED,ACTIVE,2026-05-24,2026-10-31
0.192,SUSPECTED,SUPPORTING,0.762,CRIMINAL_ANOMALY,NORMAL,TRAIN,True,MIXED,ACTIVE,2026-03-29,2026-07-21
0.345,UNKNOWN,NEUTRAL,0.391,NONE,NORMAL,TRAIN,True,CRIMINAL,ACTIVE,2025-12-05,2026-01-16
0.299,CONFIRMED,SUPPORTING,0.938,CONTEXTUAL_ANOMALY,NORMAL,TRAIN,True,MIXED,ACTIVE,2026-02-12,2026-05-28
0.471,FALSE,CONTRADICTING,0.38,LEGITIMATE_ANOMALY,NORMAL,TRAIN,True,CRIMINAL,ACTIVE,2026-05-05,2026-09-25
0.401,SUSPECTED,SUPPORTING,0.628,NONE,REVERSED_RECORD,TRAIN,True,CRIMINAL,ACTIVE,2026-01-10,2026-04-23
0.718,CONFIRMED,SUPPORTING,0.972,NONE,NORMAL,TRAIN,True,CRIMINAL,ACTIVE,2026-01-04,2026-04-23
0.515,CONFIRMED,SUPPORTING,0.825,NONE,NORMAL,TRAIN,True,CRIMINAL,ACTIVE,2025-12-13,2026-02-10
0.139,UNKNOWN,NEUTRAL,0.464,NONE,NORMAL,VALIDATION,True,LEGITIMATE,ACTIVE,2026-02-27,2026-08-31
0.692,CONFIRMED,SUPPORTING,0.884,CRIMINAL_ANOMALY,NORMAL,TEST,True,AMBIGUOUS,ACTIVE,2026-04-25,2026-08-29
0.437,SUSPECTED,SUPPORTING,0.585,NONE,NORMAL,TRAIN,True,MIXED,ACTIVE,2026-01-14,2026-04-01
0.207,SUSPECTED,SUPPORTING,0.849,NONE,NORMAL,TEST,True,AMBIGUOUS,ACTIVE,2025-11-10,2026-05-20
0.668,UNKNOWN,NEUTRAL,0.383,NONE,NORMAL,TEST,True,AMBIGUOUS,ACTIVE,2025-12-14,2026-05-22
0.739,SUSPECTED,SUPPORTING,0.805,NONE,NORMAL,TRAIN,True,MIXED,ACTIVE,2025-12-23,2026-03-26
0.029,SUSPECTED,SUPPORTING,0.632,NONE,NORMAL,TEST,True,AMBIGUOUS,ACTIVE,2026-01-15,2026-06-01
0.312,SUSPECTED,SUPPORTING,0.773,NONE,NORMAL,TRAIN,True,CRIMINAL,ACTIVE,2026-01-20,2026-05-12
0.396,SUSPECTED,SUPPORTING,0.59,CONTEXTUAL_ANOMALY,NORMAL,TRAIN,True,CRIMINAL,ACTIVE,2026-06-28,2026-09-06
0.375,SUSPECTED,SUPPORTING,0.682,NONE,NORMAL,VALIDATION,True,LEGITIMATE,ACTIVE,2025-12-22,2026-05-05
0.513,UNKNOWN,NEUTRAL,0.447,CONTEXTUAL_ANOMALY,NORMAL,TEST,True,AMBIGUOUS,ACTIVE,2026-02-15,2026-04-27
0.663,CONFIRMED,SUPPORTING,0.95,TEMPORAL_ANOMALY,NORMAL,TRAIN,True,CRIMINAL,ACTIVE,2025-12-17,2026-04-21
0.017,CONFIRMED,SUPPORTING,0.969,NONE,NORMAL,TRAIN,True,CRIMINAL,ACTIVE,2025-12-21,2026-05-25
0.297,CONFIRMED,SUPPORTING,0.938,CONTEXTUAL_ANOMALY,NORMAL,TRAIN,True,MIXED,ACTIVE,2026-03-07,2026-08-10
0.359,SUSPECTED,SUPPORTING,0.735,NONE,NORMAL,TRAIN,True,MIXED,ACTIVE,2025-12-24,2026-05-22
0.621,CONFIRMED,SUPPORTING,0.95,NONE,NORMAL,TEST,True,AMBIGUOUS,ACTIVE,2025-09-28,2026-03-07
0.529,SUSPECTED,SUPPORTING,0.675,NONE,NORMAL,TRAIN,True,CRIMINAL,ACTIVE,2026-06-26,2026-09-25
0.116,SUSPECTED,SUPPORTING,0.73,NONE,NORMAL,TRAIN,True,CRIMINAL,ACTIVE,2026-04-06,2026-08-10
0.345,FALSE,CONTRADICTING,0.324,NONE,NORMAL,VALIDATION,True,LEGITIMATE,ACTIVE,2026-03-03,2026-04-19
0.757,CONFIRMED,SUPPORTING,0.874,NONE,NORMAL,TRAIN,True,CRIMINAL,ACTIVE,2026-05-20,2026-06-22
0.381,FALSE,CONTRADICTING,0.269,LEGITIMATE_ANOMALY,NORMAL,TEST,True,AMBIGUOUS,ACTIVE,2026-03-13,2026-07-25
0.413,SUSPECTED,SUPPORTING,0.662,NONE,NORMAL,TRAIN,True,MIXED,ACTIVE,2025-12-30,2026-05-23
0.21,SUSPECTED,SUPPORTING,0.664,NONE,NORMAL,TRAIN,True,CRIMINAL,ACTIVE,2025-11-27,2026-01-16
0.76,UNKNOWN,NEUTRAL,0.484,NONE,NORMAL,TEST,True,AMBIGUOUS,ACTIVE,2026-05-18,2026-09-29
0.322,UNKNOWN,NEUTRAL,0.299,NONE,FORMATTING_VARIATION,TRAIN,True,CRIMINAL,ACTIVE,2025-12-02,2026-04-24
0.092,FALSE,CONTRADICTING,0.15,NONE,NORMAL,TRAIN,True,MIXED,ACTIVE,2026-05-28,2026-08-10
0.363,SUSPECTED,SUPPORTING,0.846,NONE,NORMAL,TRAIN,True,MIXED,ACTIVE,2026-04-01,2026-10-12
0.395,UNKNOWN,NEUTRAL,0.393,NONE,NORMAL,TRAIN,True,CRIMINAL,ACTIVE,2026-05-06,2026-07-07
0.424,UNKNOWN,NEUTRAL,0.307,NONE,NORMAL,TRAIN,True,MIXED,ACTIVE,2025-11-13,2026-03-05
0.097,UNKNOWN,NEUTRAL,0.447,NONE,NORMAL,TRAIN,True,MIXED,ACTIVE,2025-11-04,2026-04-17
0.546,CONFIRMED,SUPPORTING,0.835,NONE,NORMAL,TRAIN,True,CRIMINAL,ACTIVE,2026-01-06,2026-05-01
0.238,SUSPECTED,SUPPORTING,0.722,NONE,MISSING_COUNTERPARTY,TRAIN,True,CRIMINAL,ACTIVE,2026-05-28,2026-10-24
0.897,SUSPECTED,SUPPORTING,0.804,CRIMINAL_ANOMALY,NORMAL,TRAIN,True,CRIMINAL,ACTIVE,2026-05-06,2026-08-13
0.629,CONFIRMED,SUPPORTING,0.977,NONE,NORMAL,TRAIN,True,CRIMINAL,ACTIVE,2026-04-02,2026-07-13
0.43,SUSPECTED,SUPPORTING,0.722,NONE,NORMAL,TRAIN,True,CRIMINAL,ACTIVE,2025-12-20,2026-05-16
0.177,UNKNOWN,NEUTRAL,0.313,TEMPORAL_ANOMALY,NORMAL,TRAIN,True,MIXED,ACTIVE,2026-02-10,2026-08-12
0.457,SUSPECTED,SUPPORTING,0.651,NONE,NORMAL,TRAIN,True,CRIMINAL,ACTIVE,2025-10-18,2026-04-12
0.737,UNKNOWN,NEUTRAL,0.279,NONE,NORMAL,TRAIN,True,CRIMINAL,ACTIVE,2025-10-24,2026-04-14
0.541,CONFIRMED,SUPPORTING,0.976,NONE,NORMAL,TRAIN,True,CRIMINAL,ACTIVE,2026-03-22,2026-08-08
0.835,SUSPECTED,SUPPORTING,0.799,NONE,NORMAL,TEST,True,AMBIGUOUS,ACTIVE,2025-11-14,2026-03-12
0.667,FALSE,CONTRADICTING,0.234,NONE,NORMAL,TRAIN,True,CRIMINAL,ACTIVE,2026-01-27,2026-07-19
0.492,SUSPECTED,SUPPORTING,0.854,NONE,NORMAL,TRAIN,True,MIXED,ACTIVE,2026-04-16,2026-08-25
0.268,CONFIRMED,SUPPORTING,0.88,NONE,NORMAL,TRAIN,True,CRIMINAL,ACTIVE,2026-04-14,2026-08-17
0.578,SUSPECTED,SUPPORTING,0.682,NONE,NORMAL,TRAIN,True,CRIMINAL,ACTIVE,2026-04-04,2026-09-15
0.276,FALSE,CONTRADICTING,0.223,NONE,NORMAL,VALIDATION,True,LEGITIMATE,ACTIVE,2026-03-22,2026-10-01
0.323,UNKNOWN,NEUTRAL,0.225,LEGITIMATE_ANOMALY,NORMAL,TRAIN,True,CRIMINAL,ACTIVE,2025-11-09,2026-05-24
0.157,FALSE,CONTRADICTING,0.411,NONE,NORMAL,TEST,True,AMBIGUOUS,ACTIVE,2025-11-14,2026-03-28
0.72,CONFIRMED,SUPPORTING,0.87,NONE,NORMAL,TEST,True,AMBIGUOUS,ACTIVE,2026-05-29,2026-10-07
0.566,SUSPECTED,SUPPORTING,0.852,COLLECTIVE_ANOMALY,NORMAL,TRAIN,True,CRIMINAL,ACTIVE,2026-02-13,2026-04-26
0.603,FALSE,CONTRADICTING,0.338,TEMPORAL_ANOMALY,NORMAL,TRAIN,True,CRIMINAL,ACTIVE,2026-04-17,2026-09-06
0.553,UNKNOWN,NEUTRAL,0.418,LEGITIMATE_ANOMALY,NORMAL,TEST,True,AMBIGUOUS,ACTIVE,2025-12-11,2026-04-06
0.592,CONFIRMED,SUPPORTING,0.824,NONE,NORMAL,TRAIN,True,LEGITIMATE,ACTIVE,2025-11-05,2026-02-23
0.295,SUSPECTED,SUPPORTING,0.812,NONE,NORMAL,TRAIN,True,MIXED,ACTIVE,2025-12-26,2026-06-05
0.571,FALSE,CONTRADICTING,0.414,NONE,NORMAL,VALIDATION,True,LEGITIMATE,ACTIVE,2026-02-23,2026-07-05
0.258,UNKNOWN,NEUTRAL,0.334,NONE,NORMAL,VALIDATION,True,LEGITIMATE,ACTIVE,2026-03-19,2026-07-20
0.64,UNKNOWN,NEUTRAL,0.451,NONE,NORMAL,VALIDATION,True,LEGITIMATE,ACTIVE,2026-01-10,2026-02-24
0.443,CONFIRMED,SUPPORTING,0.93,NONE,NORMAL,TRAIN,True,CRIMINAL,ACTIVE,2025-12-24,2026-05-04
0.246,UNKNOWN,NEUTRAL,0.368,NONE,NORMAL,TEST,True,AMBIGUOUS,ACTIVE,2026-06-15,2026-07-15
0.193,UNKNOWN,NEUTRAL,0.361,NONE,NORMAL,VALIDATION,True,LEGITIMATE,ACTIVE,2026-03-26,2026-09-27
0.54,CONFIRMED,SUPPORTING,0.939,NONE,NORMAL,TRAIN,True,MIXED,ACTIVE,2026-04-27,2026-09-25
0.545,CONFIRMED,SUPPORTING,0.969,NONE,NORMAL,TEST,True,AMBIGUOUS,ACTIVE,2026-04-16,2026-06-11
0.499,FALSE,CONTRADICTING,0.382,NONE,NORMAL,TRAIN,True,CRIMINAL,ACTIVE,2025-12-17,2026-05-17
0.534,SUSPECTED,SUPPORTING,0.592,TEMPORAL_ANOMALY,NORMAL,VALIDATION,True,LEGITIMATE,ACTIVE,2026-02-05,2026-04-20
0.055,CONFIRMED,SUPPORTING,0.83,NONE,NORMAL,TEST,True,AMBIGUOUS,ACTIVE,2026-05-09,2026-10-16
0.662,UNKNOWN,NEUTRAL,0.406,NONE,NORMAL,VALIDATION,True,LEGITIMATE,ACTIVE,2026-07-26,2026-11-04
0.046,UNKNOWN,NEUTRAL,0.34,NONE,NORMAL,TRAIN,True,CRIMINAL,ACTIVE,2026-01-09,2026-03-28
0.222,CONFIRMED,SUPPORTING,0.944,NONE,NORMAL,TRAIN,True,MIXED,ACTIVE,2025-11-21,2026-03-13
0.52,UNKNOWN,NEUTRAL,0.409,NONE,NORMAL,TRAIN,True,MIXED,ACTIVE,2025-11-11,2026-05-07
0.637,CONFIRMED,SUPPORTING,0.963,NONE,NORMAL,TRAIN,True,MIXED,ACTIVE,2026-01-25,2026-06-26
0.508,CONFIRMED,SUPPORTING,0.824,COLLECTIVE_ANOMALY,NORMAL,TRAIN,True,MIXED,ACTIVE,2026-04-02,2026-09-24
0.687,UNKNOWN,NEUTRAL,0.43,LEGITIMATE_ANOMALY,NORMAL,TEST,True,AMBIGUOUS,ACTIVE,2026-05-30,2026-08-01
0.8,UNKNOWN,NEUTRAL,0.382,NONE,NORMAL,TRAIN,True,MIXED,ACTIVE,2025-10-25,2026-03-22
0.607,SUSPECTED,SUPPORTING,0.85,NONE,NORMAL,TRAIN,True,MIXED,ACTIVE,2025-11-24,2026-05-04
0.341,CONFIRMED,SUPPORTING,0.913,NONE,NORMAL,TRAIN,True,LEGITIMATE,ACTIVE,2026-05-01,2026-07-07
0.571,FALSE,CONTRADICTING,0.274,CRIMINAL_ANOMALY,NORMAL,TEST,True,AMBIGUOUS,ACTIVE,2025-10-10,2026-03-10
0.344,SUSPECTED,SUPPORTING,0.605,TEMPORAL_ANOMALY,NORMAL,TRAIN,True,CRIMINAL,ACTIVE,2026-04-25,2026-09-08
0.358,FALSE,CONTRADICTING,0.168,COLLECTIVE_ANOMALY,NORMAL,TRAIN,True,MIXED,ACTIVE,2026-02-24,2026-06-10
0.274,CONFIRMED,SUPPORTING,0.955,LEGITIMATE_ANOMALY,NORMAL,TRAIN,True,MIXED,ACTIVE,2025-10-05,2026-04-08
0.663,UNKNOWN,NEUTRAL,0.243,NONE,NORMAL,TRAIN,True,MIXED,ACTIVE,2026-06-06,2026-09-21
0.121,FALSE,CONTRADICTING,0.394,COLLECTIVE_ANOMALY,NORMAL,TRAIN,True,MIXED,ACTIVE,2025-12-08,2026-01-30
0.311,UNKNOWN,NEUTRAL,0.403,COLLECTIVE_ANOMALY,NORMAL,TRAIN,True,MIXED,ACTIVE,2026-02-06,2026-06-20
0.266,SUSPECTED,SUPPORTING,0.698,CRIMINAL_ANOMALY,NORMAL,TRAIN,True,CRIMINAL,ACTIVE,2026-05-20,2026-10-01
0.309,SUSPECTED,SUPPORTING,0.72,NONE,NORMAL,TRAIN,True,MIXED,ACTIVE,2026-06-14,2026-08-22
0.882,SUSPECTED,SUPPORTING,0.669,NONE,NORMAL,TRAIN,True,MIXED,ACTIVE,2026-01-30,2026-06-08
0.46,FALSE,CONTRADICTING,0.303,NONE,NORMAL,TEST,True,AMBIGUOUS,ACTIVE,2026-01-14,2026-04-16
0.322,CONFIRMED,SUPPORTING,0.829,NONE,NORMAL,TRAIN,True,CRIMINAL,ACTIVE,2025-11-14,2026-04-15
0.484,FALSE,CONTRADICTING,0.129,NONE,NORMAL,VALIDATION,True,LEGITIMATE,ACTIVE,2026-05-09,2026-08-11
0.794,SUSPECTED,SUPPORTING,0.62,NONE,NORMAL,TRAIN,True,CRIMINAL,ACTIVE,2026-04-16,2026-08-20
0.763,UNKNOWN,NEUTRAL,0.207,NONE,MISSING_COUNTERPARTY,VALIDATION,True,LEGITIMATE,ACTIVE,2025-12-17,2026-05-25
0.479,UNKNOWN,NEUTRAL,0.53,NONE,NORMAL,VALIDATION,True,LEGITIMATE,ACTIVE,2026-01-16,2026-05-25
0.352,CONFIRMED,SUPPORTING,0.846,NONE,NORMAL,TEST,True,AMBIGUOUS,ACTIVE,2025-12-29,2026-05-13
0.173,CONFIRMED,SUPPORTING,0.933,NONE,NORMAL,TRAIN,True,CRIMINAL,ACTIVE,2026-03-04,2026-07-24
0.634,SUSPECTED,SUPPORTING,0.693,NONE,NORMAL,TRAIN,True,CRIMINAL,ACTIVE,2025-10-18,2026-04-16
0.307,CONFIRMED,SUPPORTING,0.966,NONE,NORMAL,TRAIN,True,CRIMINAL,ACTIVE,2026-03-04,2026-06-24
0.572,CONFIRMED,SUPPORTING,0.894,NONE,NORMAL,VALIDATION,True,LEGITIMATE,ACTIVE,2026-03-30,2026-09-21
0.788,UNKNOWN,NEUTRAL,0.325,LEGITIMATE_ANOMALY,NORMAL,TRAIN,True,MIXED,ACTIVE,2026-01-31,2026-06-03
0.174,SUSPECTED,SUPPORTING,0.739,NONE,NORMAL,TEST,True,AMBIGUOUS,ACTIVE,2025-09-26,2026-03-10
0.115,CONFIRMED,SUPPORTING,0.843,NONE,NORMAL,TRAIN,True,MIXED,ACTIVE,2026-04-09,2026-09-04
0.251,FALSE,CONTRADICTING,0.124,NONE,NORMAL,TRAIN,True,CRIMINAL,ACTIVE,2026-05-09,2026-07-06
0.445,UNKNOWN,NEUTRAL,0.534,NONE,NORMAL,TRAIN,True,MIXED,ACTIVE,2026-03-17,2026-06-12
0.585,SUSPECTED,SUPPORTING,0.82,NONE,NORMAL,TRAIN,True,MIXED,ACTIVE,2026-04-12,2026-05-11
0.368,CONFIRMED,SUPPORTING,0.934,NONE,NORMAL,TRAIN,True,CRIMINAL,ACTIVE,2025-12-07,2026-04-21
0.464,UNKNOWN,NEUTRAL,0.498,NONE,NORMAL,TRAIN,True,MIXED,ACTIVE,2026-05-20,2026-06-18
0.413,CONFIRMED,SUPPORTING,0.821,NONE,DUPLICATE,TEST,True,AMBIGUOUS,ACTIVE,2026-06-03,2026-07-07
0.638,SUSPECTED,SUPPORTING,0.603,NONE,NORMAL,TRAIN,True,CRIMINAL,ACTIVE,2026-05-21,2026-09-12
0.214,SUSPECTED,SUPPORTING,0.706,NONE,NORMAL,TRAIN,True,MIXED,ACTIVE,2026-02-09,2026-03-13
0.579,SUSPECTED,SUPPORTING,0.763,NONE,NORMAL,TRAIN,True,MIXED,ACTIVE,2025-12-11,2026-06-09
0.473,CONFIRMED,SUPPORTING,0.897,NONE,NORMAL,TRAIN,True,CRIMINAL,ACTIVE,2026-01-14,2026-07-28
0.706,SUSPECTED,SUPPORTING,0.583,NONE,NORMAL,TRAIN,True,CRIMINAL,ACTIVE,2025-12-26,2026-04-17
0.223,SUSPECTED,SUPPORTING,0.701,NONE,NORMAL,TRAIN,True,MIXED,ACTIVE,2025-12-17,2026-06-18
0.555,FALSE,CONTRADICTING,0.304,CONTEXTUAL_ANOMALY,NORMAL,TRAIN,True,MIXED,ACTIVE,2025-10-23,2026-03-06
0.679,SUSPECTED,SUPPORTING,0.762,NONE,NORMAL,TRAIN,True,MIXED,ACTIVE,2025-12-20,2026-05-03
0.489,SUSPECTED,SUPPORTING,0.82,NONE,NORMAL,TRAIN,True,CRIMINAL,ACTIVE,2026-01-10,2026-05-20
0.467,UNKNOWN,NEUTRAL,0.385,NONE,NORMAL,TRAIN,True,MIXED,ACTIVE,2025-12-04,2026-04-15
0.148,UNKNOWN,NEUTRAL,0.497,NONE,NORMAL,TRAIN,True,CRIMINAL,ACTIVE,2026-05-28,2026-07-20
0.331,CONFIRMED,SUPPORTING,0.876,NONE,NORMAL,TRAIN,True,MIXED,ACTIVE,2026-03-30,2026-06-27
0.643,CONFIRMED,SUPPORTING,0.943,NONE,NORMAL,VALIDATION,True,LEGITIMATE,ACTIVE,2026-03-07,2026-07-03
0.597,SUSPECTED,SUPPORTING,0.605,TEMPORAL_ANOMALY,NORMAL,TRAIN,True,CRIMINAL,ACTIVE,2025-12-31,2026-04-04
0.296,FALSE,CONTRADICTING,0.15,NONE,NORMAL,VALIDATION,True,LEGITIMATE,ACTIVE,2026-01-19,2026-06-05
0.425,UNKNOWN,NEUTRAL,0.536,NONE,NORMAL,VALIDATION,True,LEGITIMATE,ACTIVE,2026-02-11,2026-06-28
0.565,CONFIRMED,SUPPORTING,0.954,CRIMINAL_ANOMALY,NORMAL,VALIDATION,True,LEGITIMATE,ACTIVE,2026-04-04,2026-10-12
0.508,FALSE,CONTRADICTING,0.129,NONE,NORMAL,VALIDATION,True,LEGITIMATE,ACTIVE,2025-12-24,2026-04-27
0.852,SUSPECTED,SUPPORTING,0.601,NONE,NORMAL,TRAIN,True,MIXED,ACTIVE,2026-02-18,2026-06-07
0.443,SUSPECTED,SUPPORTING,0.601,NONE,NORMAL,TRAIN,True,MIXED,ACTIVE,2025-10-13,2026-03-09
0.367,FALSE,CONTRADICTING,0.281,NONE,NORMAL,TEST,True,AMBIGUOUS,ACTIVE,2026-05-12,2026-09-20
0.561,CONFIRMED,SUPPORTING,0.871,CRIMINAL_ANOMALY,NORMAL,TRAIN,True,MIXED,ACTIVE,2026-07-02,2026-08-28
0.058,UNKNOWN,NEUTRAL,0.47,NONE,NORMAL,TRAIN,True,CRIMINAL,ACTIVE,2026-03-10,2026-06-15
0.309,UNKNOWN,NEUTRAL,0.322,NONE,MISSING_COUNTERPARTY,TRAIN,True,CRIMINAL,ACTIVE,2026-03-04,2026-06-26
0.158,UNKNOWN,NEUTRAL,0.3,NONE,NORMAL,VALIDATION,True,LEGITIMATE,ACTIVE,2026-01-27,2026-06-27
0.748,UNKNOWN,NEUTRAL,0.487,NONE,NORMAL,TRAIN,True,CRIMINAL,ACTIVE,2026-02-22,2026-04-22
0.412,FALSE,CONTRADICTING,0.303,NONE,NORMAL,TRAIN,True,CRIMINAL,ACTIVE,2026-02-19,2026-07-30
0.745,UNKNOWN,NEUTRAL,0.536,NONE,NORMAL,TRAIN,True,CRIMINAL,ACTIVE,2026-02-17,2026-08-15
0.036,UNKNOWN,NEUTRAL,0.233,NONE,NORMAL,TRAIN,True,CRIMINAL,ACTIVE,2026-01-25,2026-03-29
0.711,SUSPECTED,SUPPORTING,0.587,NONE,NORMAL,TRAIN,True,MIXED,ACTIVE,2026-01-30,2026-06-03
0.668,CONFIRMED,SUPPORTING,0.956,NONE,NORMAL,TRAIN,True,CRIMINAL,ACTIVE,2025-10-02,2026-03-08
0.525,CONFIRMED,SUPPORTING,0.988,NONE,NORMAL,TRAIN,True,LEGITIMATE,ACTIVE,2025-12-18,2026-04-22
0.397,SUSPECTED,SUPPORTING,0.769,NONE,NORMAL,TEST,True,AMBIGUOUS,ACTIVE,2025-11-14,2026-02-16
0.2,SUSPECTED,SUPPORTING,0.66,CRIMINAL_ANOMALY,MISSING_COUNTERPARTY,TRAIN,True,CRIMINAL,ACTIVE,2026-02-05,2026-03-18
0.556,UNKNOWN,NEUTRAL,0.332,NONE,NORMAL,TEST,True,AMBIGUOUS,ACTIVE,2026-02-14,2026-06-29
0.293,CONFIRMED,SUPPORTING,0.985,LEGITIMATE_ANOMALY,NORMAL,TRAIN,True,CRIMINAL,ACTIVE,2025-11-25,2026-04-08
0.019,CONFIRMED,SUPPORTING,0.857,NONE,NORMAL,TRAIN,True,CRIMINAL,ACTIVE,2025-10-29,2026-04-12
0.635,UNKNOWN,NEUTRAL,0.211,NONE,NORMAL,TRAIN,True,CRIMINAL,ACTIVE,2026-06-18,2026-09-30
0.349,UNKNOWN,NEUTRAL,0.283,NONE,NORMAL,TRAIN,True,CRIMINAL,ACTIVE,2026-05-23,2026-10-02
0.364,SUSPECTED,SUPPORTING,0.742,COLLECTIVE_ANOMALY,NORMAL,TEST,True,AMBIGUOUS,ACTIVE,2026-05-03,2026-10-21
0.503,FALSE,CONTRADICTING,0.385,CONTEXTUAL_ANOMALY,NORMAL,VALIDATION,True,LEGITIMATE,ACTIVE,2025-12-18,2026-06-18
0.225,SUSPECTED,SUPPORTING,0.641,NONE,NORMAL,VALIDATION,True,LEGITIMATE,ACTIVE,2026-05-10,2026-09-08
0.252,UNKNOWN,NEUTRAL,0.292,TEMPORAL_ANOMALY,NORMAL,TEST,True,AMBIGUOUS,ACTIVE,2025-12-18,2026-05-22
0.823,CONFIRMED,SUPPORTING,0.941,CRIMINAL_ANOMALY,NORMAL,VALIDATION,True,LEGITIMATE,ACTIVE,2026-01-20,2026-04-12
0.37,CONFIRMED,SUPPORTING,0.961,CRIMINAL_ANOMALY,NORMAL,TRAIN,True,MIXED,ACTIVE,2026-01-06,2026-05-12
0.135,SUSPECTED,SUPPORTING,0.631,NONE,NORMAL,TEST,True,AMBIGUOUS,ACTIVE,2026-03-07,2026-10-03
0.394,FALSE,CONTRADICTING,0.171,NONE,NORMAL,TRAIN,True,CRIMINAL,ACTIVE,2025-12-04,2026-03-02
0.62,FALSE,CONTRADICTING,0.265,NONE,NORMAL,TRAIN,True,CRIMINAL,ACTIVE,2026-03-08,2026-08-02
0.297,SUSPECTED,SUPPORTING,0.64,NONE,NORMAL,TRAIN,True,MIXED,ACTIVE,2026-05-04,2026-10-05
0.588,CONFIRMED,SUPPORTING,0.987,LEGITIMATE_ANOMALY,NORMAL,TEST,True,AMBIGUOUS,ACTIVE,2026-03-17,2026-08-31
0.401,FALSE,CONTRADICTING,0.221,NONE,NORMAL,TRAIN,True,CRIMINAL,ACTIVE,2026-02-06,2026-05-03
0.55,UNKNOWN,NEUTRAL,0.278,NONE,NORMAL,TRAIN,True,LEGITIMATE,ACTIVE,2025-11-13,2026-02-19
0.07,FALSE,CONTRADICTING,0.365,COLLECTIVE_ANOMALY,NORMAL,VALIDATION,True,LEGITIMATE,ACTIVE,2026-03-22,2026-07-01
0.168,SUSPECTED,SUPPORTING,0.674,NONE,MISSING_COUNTERPARTY,TEST,True,AMBIGUOUS,ACTIVE,2025-11-28,2026-04-27
0.385,UNKNOWN,NEUTRAL,0.412,NONE,NORMAL,VALIDATION,True,LEGITIMATE,ACTIVE,2026-06-08,2026-08-21
0.62,CONFIRMED,SUPPORTING,0.972,NONE,NORMAL,TEST,True,AMBIGUOUS,ACTIVE,2026-06-13,2026-07-11
0.089,UNKNOWN,NEUTRAL,0.48,NONE,NORMAL,TEST,True,AMBIGUOUS,ACTIVE,2025-10-18,2026-01-29
0.163,SUSPECTED,SUPPORTING,0.669,NONE,NORMAL,TRAIN,True,CRIMINAL,ACTIVE,2026-01-29,2026-07-01
0.118,CONFIRMED,SUPPORTING,0.84,NONE,NORMAL,TRAIN,True,MIXED,ACTIVE,2026-04-03,2026-06-11
0.867,CONFIRMED,SUPPORTING,0.884,NONE,NORMAL,TRAIN,True,MIXED,ACTIVE,2025-10-11,2026-02-14
0.796,CONFIRMED,SUPPORTING,0.822,COLLECTIVE_ANOMALY,NORMAL,TRAIN,True,CRIMINAL,ACTIVE,2026-01-04,2026-04-06
0.297,UNKNOWN,NEUTRAL,0.31,NONE,NORMAL,TEST,True,AMBIGUOUS,ACTIVE,2026-03-08,2026-06-30
0.768,FALSE,CONTRADICTING,0.276,NONE,NORMAL,VALIDATION,True,LEGITIMATE,ACTIVE,2026-01-17,2026-03-20
0.663,CONFIRMED,SUPPORTING,0.884,NONE,NORMAL,TRAIN,True,MIXED,ACTIVE,2026-06-28,2026-08-30
0.551,SUSPECTED,SUPPORTING,0.638,NONE,NORMAL,TRAIN,True,MIXED,ACTIVE,2026-01-07,2026-06-20
0.805,SUSPECTED,SUPPORTING,0.784,NONE,NORMAL,TRAIN,True,CRIMINAL,ACTIVE,2025-11-26,2026-04-03
0.398,CONFIRMED,SUPPORTING,0.932,NONE,NORMAL,TRAIN,True,CRIMINAL,ACTIVE,2026-06-19,2026-10-25
0.15,CONFIRMED,SUPPORTING,0.839,NONE,NORMAL,TRAIN,True,CRIMINAL,ACTIVE,2026-06-29,2026-09-14
0.292,SUSPECTED,SUPPORTING,0.639,LEGITIMATE_ANOMALY,NORMAL,TRAIN,True,MIXED,ACTIVE,2026-04-04,2026-08-07
0.423,FALSE,CONTRADICTING,0.186,NONE,NORMAL,TEST,True,AMBIGUOUS,ACTIVE,2025-09-25,2026-04-11
0.936,UNKNOWN,NEUTRAL,0.387,NONE,NORMAL,TEST,True,AMBIGUOUS,ACTIVE,2025-09-20,2026-03-22
0.755,CONFIRMED,SUPPORTING,0.887,NONE,NORMAL,TRAIN,True,CRIMINAL,ACTIVE,2026-02-25,2026-07-27
0.345,FALSE,CONTRADICTING,0.16,NONE,NORMAL,TEST,True,AMBIGUOUS,ACTIVE,2026-03-21,2026-07-24
0.58,FALSE,CONTRADICTING,0.401,NONE,REVERSED_RECORD,VALIDATION,True,LEGITIMATE,ACTIVE,2026-02-27,2026-05-26
0.176,SUSPECTED,SUPPORTING,0.669,NONE,NORMAL,TRAIN,True,MIXED,ACTIVE,2026-07-10,2026-09-18
0.079,CONFIRMED,SUPPORTING,0.84,NONE,NORMAL,TRAIN,True,CRIMINAL,ACTIVE,2026-06-03,2026-10-09
0.754,UNKNOWN,NEUTRAL,0.267,NONE,NORMAL,TRAIN,True,MIXED,ACTIVE,2025-11-04,2026-05-06
0.382,SUSPECTED,SUPPORTING,0.631,LEGITIMATE_ANOMALY,NORMAL,TRAIN,True,CRIMINAL,ACTIVE,2026-01-28,2026-04-28
0.787,CONFIRMED,SUPPORTING,0.825,NONE,NORMAL,TRAIN,True,CRIMINAL,ACTIVE,2025-12-07,2026-02-25
0.935,SUSPECTED,SUPPORTING,0.637,NONE,NORMAL,TRAIN,True,MIXED,ACTIVE,2025-10-22,2026-03-14
0.182,SUSPECTED,SUPPORTING,0.628,NONE,NORMAL,TRAIN,True,LEGITIMATE,ACTIVE,2025-12-10,2026-05-18
0.125,FALSE,CONTRADICTING,0.321,NONE,NORMAL,TRAIN,True,CRIMINAL,ACTIVE,2026-03-01,2026-07-18
0.118,CONFIRMED,SUPPORTING,0.977,NONE,NORMAL,TRAIN,True,MIXED,ACTIVE,2026-04-13,2026-08-29
0.711,CONFIRMED,SUPPORTING,0.869,NONE,NORMAL,TRAIN,True,CRIMINAL,ACTIVE,2025-10-30,2026-03-18
0.309,UNKNOWN,NEUTRAL,0.326,LEGITIMATE_ANOMALY,NORMAL,TRAIN,True,MIXED,ACTIVE,2026-02-11,2026-04-26
0.405,UNKNOWN,NEUTRAL,0.2,NONE,NORMAL,TRAIN,True,CRIMINAL,ACTIVE,2026-07-03,2026-11-04
0.36,SUSPECTED,SUPPORTING,0.598,NONE,NORMAL,TRAIN,True,CRIMINAL,ACTIVE,2025-12-17,2026-03-13
0.84,SUSPECTED,SUPPORTING,0.649,NONE,NORMAL,TRAIN,True,CRIMINAL,ACTIVE,2026-03-25,2026-08-21
0.268,CONFIRMED,SUPPORTING,0.988,NONE,NORMAL,TRAIN,True,CRIMINAL,ACTIVE,2026-04-12,2026-06-02
0.315,SUSPECTED,SUPPORTING,0.755,NONE,NORMAL,TEST,True,AMBIGUOUS,ACTIVE,2025-12-25,2026-05-19
0.739,FALSE,CONTRADICTING,0.255,CONTEXTUAL_ANOMALY,NORMAL,TRAIN,True,CRIMINAL,ACTIVE,2025-10-21,2026-01-24
0.29,UNKNOWN,NEUTRAL,0.523,NONE,REVERSED_RECORD,TRAIN,True,MIXED,ACTIVE,2026-06-16,2026-10-30
0.267,UNKNOWN,NEUTRAL,0.291,NONE,NORMAL,TEST,True,AMBIGUOUS,ACTIVE,2025-12-11,2026-05-14
0.702,CONFIRMED,SUPPORTING,0.941,CRIMINAL_ANOMALY,NORMAL,TRAIN,True,MIXED,ACTIVE,2026-04-13,2026-08-06
0.394,CONFIRMED,SUPPORTING,0.82,CONTEXTUAL_ANOMALY,NORMAL,TRAIN,True,CRIMINAL,ACTIVE,2026-05-29,2026-08-27
0.317,CONFIRMED,SUPPORTING,0.988,NONE,NORMAL,TEST,True,AMBIGUOUS,ACTIVE,2026-07-01,2026-10-03
0.346,CONFIRMED,SUPPORTING,0.989,NONE,NORMAL,TRAIN,True,MIXED,ACTIVE,2025-10-23,2026-03-06
0.461,UNKNOWN,NEUTRAL,0.341,NONE,NORMAL,VALIDATION,True,LEGITIMATE,ACTIVE,2025-09-13,2026-02-12
0.516,SUSPECTED,SUPPORTING,0.666,LEGITIMATE_ANOMALY,NORMAL,TRAIN,True,CRIMINAL,ACTIVE,2025-10-12,2026-03-29
0.622,CONFIRMED,SUPPORTING,0.908,NONE,NORMAL,TRAIN,True,CRIMINAL,ACTIVE,2026-03-17,2026-06-07
0.423,UNKNOWN,NEUTRAL,0.355,NONE,NORMAL,TRAIN,True,CRIMINAL,ACTIVE,2026-02-13,2026-08-22
0.624,CONFIRMED,SUPPORTING,0.983,NONE,NORMAL,TRAIN,True,CRIMINAL,ACTIVE,2026-06-19,2026-10-21
0.432,CONFIRMED,SUPPORTING,0.947,TEMPORAL_ANOMALY,NORMAL,TRAIN,True,CRIMINAL,ACTIVE,2026-04-08,2026-07-16
0.276,CONFIRMED,SUPPORTING,0.957,NONE,NORMAL,TRAIN,True,CRIMINAL,ACTIVE,2026-05-15,2026-10-24
0.698,FALSE,CONTRADICTING,0.224,NONE,NORMAL,TRAIN,True,CRIMINAL,ACTIVE,2026-03-27,2026-06-19
0.693,FALSE,CONTRADICTING,0.404,NONE,NORMAL,TRAIN,True,MIXED,ACTIVE,2026-04-23,2026-08-21
0.694,FALSE,CONTRADICTING,0.229,NONE,REVERSED_RECORD,TRAIN,True,CRIMINAL,ACTIVE,2025-12-15,2026-03-08
0.54,SUSPECTED,SUPPORTING,0.729,NONE,NORMAL,TRAIN,True,MIXED,ACTIVE,2026-07-01,2026-09-05
0.584,SUSPECTED,SUPPORTING,0.623,NONE,NORMAL,VALIDATION,True,LEGITIMATE,ACTIVE,2026-05-10,2026-07-23
0.422,FALSE,CONTRADICTING,0.147,NONE,NORMAL,TEST,True,AMBIGUOUS,ACTIVE,2025-12-19,2026-06-14
0.876,FALSE,CONTRADICTING,0.237,NONE,NORMAL,TRAIN,True,MIXED,ACTIVE,2026-05-05,2026-08-23
0.428,CONFIRMED,SUPPORTING,0.943,NONE,NORMAL,TRAIN,True,CRIMINAL,ACTIVE,2025-09-26,2026-03-31
0.552,SUSPECTED,SUPPORTING,0.82,NONE,NORMAL,TRAIN,True,CRIMINAL,ACTIVE,2026-07-04,2026-09-29
0.555,SUSPECTED,SUPPORTING,0.815,NONE,NORMAL,TRAIN,True,CRIMINAL,ACTIVE,2026-05-28,2026-10-03
0.235,UNKNOWN,NEUTRAL,0.311,NONE,NORMAL,TRAIN,True,CRIMINAL,ACTIVE,2025-12-12,2026-04-22
0.713,UNKNOWN,NEUTRAL,0.239,NONE,NORMAL,VALIDATION,True,LEGITIMATE,ACTIVE,2026-05-15,2026-07-27
0.284,SUSPECTED,SUPPORTING,0.783,NONE,NORMAL,TRAIN,True,MIXED,ACTIVE,2026-02-08,2026-04-27
0.271,SUSPECTED,SUPPORTING,0.687,NONE,NORMAL,TRAIN,True,CRIMINAL,ACTIVE,2025-10-15,2026-03-07
0.126,CONFIRMED,SUPPORTING,0.953,NONE,NORMAL,TRAIN,True,CRIMINAL,ACTIVE,2026-02-13,2026-04-06
0.453,UNKNOWN,NEUTRAL,0.525,NONE,NORMAL,TEST,True,AMBIGUOUS,ACTIVE,2026-05-06,2026-10-07
0.53,UNKNOWN,NEUTRAL,0.481,NONE,NORMAL,VALIDATION,True,LEGITIMATE,ACTIVE,2026-03-28,2026-05-26
0.325,CONFIRMED,SUPPORTING,0.927,TEMPORAL_ANOMALY,NORMAL,TRAIN,True,CRIMINAL,ACTIVE,2026-01-14,2026-05-17
0.211,SUSPECTED,SUPPORTING,0.589,NONE,FORMATTING_VARIATION,VALIDATION,True,LEGITIMATE,ACTIVE,2026-02-23,2026-08-21
0.649,UNKNOWN,NEUTRAL,0.33,NONE,NORMAL,TEST,True,AMBIGUOUS,ACTIVE,2026-05-19,2026-09-25
0.098,SUSPECTED,SUPPORTING,0.648,NONE,NORMAL,TRAIN,True,CRIMINAL,ACTIVE,2025-12-29,2026-06-10
0.204,FALSE,CONTRADICTING,0.245,NONE,MISSING_COUNTERPARTY,TRAIN,True,CRIMINAL,ACTIVE,2026-06-06,2026-10-02
0.342,CONFIRMED,SUPPORTING,0.943,NONE,NORMAL,TRAIN,True,MIXED,ACTIVE,2026-06-19,2026-10-27
0.558,SUSPECTED,SUPPORTING,0.601,NONE,NORMAL,TRAIN,True,MIXED,ACTIVE,2026-03-23,2026-07-17
0.567,UNKNOWN,NEUTRAL,0.433,NONE,NORMAL,TEST,True,AMBIGUOUS,ACTIVE,2026-03-03,2026-05-26
0.156,CONFIRMED,SUPPORTING,0.942,NONE,NORMAL,TRAIN,True,CRIMINAL,ACTIVE,2026-07-13,2026-10-19
0.49,SUSPECTED,SUPPORTING,0.832,NONE,DUPLICATE,TRAIN,True,CRIMINAL,ACTIVE,2025-10-11,2026-03-26
0.23,CONFIRMED,SUPPORTING,0.909,NONE,FORMATTING_VARIATION,TRAIN,True,CRIMINAL,ACTIVE,2025-11-10,2026-03-09
0.12,CONFIRMED,SUPPORTING,0.891,NONE,NORMAL,VALIDATION,True,LEGITIMATE,ACTIVE,2026-01-19,2026-04-12
0.574,FALSE,CONTRADICTING,0.267,NONE,NORMAL,TRAIN,True,MIXED,ACTIVE,2026-03-24,2026-06-20
0.166,UNKNOWN,NEUTRAL,0.334,NONE,NORMAL,VALIDATION,True,LEGITIMATE,ACTIVE,2026-06-25,2026-09-04
0.419,SUSPECTED,SUPPORTING,0.845,NONE,NORMAL,TRAIN,True,CRIMINAL,ACTIVE,2026-03-08,2026-04-27
0.158,SUSPECTED,SUPPORTING,0.85,NONE,NORMAL,TEST,True,AMBIGUOUS,ACTIVE,2026-03-14,2026-06-27
0.315,CONFIRMED,SUPPORTING,0.955,TEMPORAL_ANOMALY,NORMAL,VALIDATION,True,LEGITIMATE,ACTIVE,2026-04-05,2026-06-26
0.485,CONFIRMED,SUPPORTING,0.985,NONE,REVERSED_RECORD,TRAIN,True,CRIMINAL,ACTIVE,2026-04-18,2026-09-28
0.367,FALSE,CONTRADICTING,0.289,LEGITIMATE_ANOMALY,NORMAL,VALIDATION,True,LEGITIMATE,ACTIVE,2025-12-07,2026-03-15
0.775,CONFIRMED,SUPPORTING,0.862,NONE,NORMAL,TRAIN,True,CRIMINAL,ACTIVE,2026-03-01,2026-07-15
0.636,CONFIRMED,SUPPORTING,0.918,CRIMINAL_ANOMALY,NORMAL,TRAIN,True,LEGITIMATE,ACTIVE,2026-06-17,2026-08-08
0.385,CONFIRMED,SUPPORTING,0.919,NONE,NORMAL,TEST,True,AMBIGUOUS,ACTIVE,2026-04-18,2026-10-04
0.697,SUSPECTED,SUPPORTING,0.616,NONE,NORMAL,TRAIN,True,MIXED,ACTIVE,2026-02-16,2026-05-06
0.349,UNKNOWN,NEUTRAL,0.359,NONE,NORMAL,VALIDATION,True,LEGITIMATE,ACTIVE,2026-03-07,2026-06-03
0.58,UNKNOWN,NEUTRAL,0.263,NONE,NORMAL,TRAIN,True,MIXED,ACTIVE,2026-01-01,2026-05-23
0.62,CONFIRMED,SUPPORTING,0.98,NONE,NORMAL,TRAIN,True,MIXED,ACTIVE,2026-01-08,2026-07-10
0.696,SUSPECTED,SUPPORTING,0.682,TEMPORAL_ANOMALY,NORMAL,TRAIN,True,CRIMINAL,ACTIVE,2026-04-27,2026-08-15
0.351,CONFIRMED,SUPPORTING,0.908,NONE,NORMAL,TEST,True,AMBIGUOUS,ACTIVE,2026-06-30,2026-09-27
0.808,FALSE,CONTRADICTING,0.318,NONE,NORMAL,VALIDATION,True,LEGITIMATE,ACTIVE,2025-11-23,2026-03-09
0.484,FALSE,CONTRADICTING,0.251,NONE,NORMAL,TRAIN,True,CRIMINAL,ACTIVE,2025-10-13,2026-04-25
0.351,UNKNOWN,NEUTRAL,0.438,NONE,NORMAL,TRAIN,True,CRIMINAL,ACTIVE,2026-04-23,2026-08-14
0.581,CONFIRMED,SUPPORTING,0.876,NONE,NORMAL,TRAIN,True,MIXED,ACTIVE,2026-04-27,2026-10-05
0.406,SUSPECTED,SUPPORTING,0.724,NONE,NORMAL,TRAIN,True,CRIMINAL,ACTIVE,2025-10-18,2026-03-23
0.56,FALSE,CONTRADICTING,0.123,NONE,NORMAL,TRAIN,True,CRIMINAL,ACTIVE,2026-01-18,2026-05-15
0.298,CONFIRMED,SUPPORTING,0.839,NONE,NORMAL,TRAIN,True,CRIMINAL,ACTIVE,2026-04-30,2026-08-20
0.948,SUSPECTED,SUPPORTING,0.826,NONE,DUPLICATE,TRAIN,True,CRIMINAL,ACTIVE,2026-03-17,2026-06-11
0.609,UNKNOWN,NEUTRAL,0.38,NONE,NORMAL,TRAIN,True,MIXED,ACTIVE,2025-10-31,2026-03-20
0.193,CONFIRMED,SUPPORTING,0.828,NONE,NORMAL,TRAIN,True,CRIMINAL,ACTIVE,2026-02-04,2026-05-06
0.713,SUSPECTED,SUPPORTING,0.727,NONE,NORMAL,TEST,True,AMBIGUOUS,ACTIVE,2026-06-15,2026-09-30
0.51,UNKNOWN,NEUTRAL,0.206,NONE,NORMAL,TRAIN,True,MIXED,ACTIVE,2026-04-03,2026-06-11
0.337,UNKNOWN,NEUTRAL,0.543,NONE,NORMAL,TRAIN,True,CRIMINAL,ACTIVE,2026-03-15,2026-06-24
0.603,SUSPECTED,SUPPORTING,0.835,CONTEXTUAL_ANOMALY,REVERSED_RECORD,TEST,True,AMBIGUOUS,ACTIVE,2026-04-13,2026-10-14
0.833,UNKNOWN,NEUTRAL,0.24,TEMPORAL_ANOMALY,NORMAL,TEST,True,AMBIGUOUS,ACTIVE,2026-04-03,2026-08-25
0.868,SUSPECTED,SUPPORTING,0.695,NONE,NORMAL,TRAIN,True,MIXED,ACTIVE,2026-06-29,2026-09-14
0.223,UNKNOWN,NEUTRAL,0.307,NONE,NORMAL,VALIDATION,True,LEGITIMATE,ACTIVE,2026-05-07,2026-06-30
0.36,CONFIRMED,SUPPORTING,0.933,NONE,NORMAL,TRAIN,True,LEGITIMATE,ACTIVE,2026-03-01,2026-08-25
0.749,CONFIRMED,SUPPORTING,0.944,NONE,NORMAL,TRAIN,True,CRIMINAL,ACTIVE,2026-06-14,2026-09-05
0.367,UNKNOWN,NEUTRAL,0.206,TEMPORAL_ANOMALY,NORMAL,TRAIN,True,CRIMINAL,ACTIVE,2026-05-23,2026-07-05
0.587,CONFIRMED,SUPPORTING,0.974,CRIMINAL_ANOMALY,NORMAL,TEST,True,AMBIGUOUS,ACTIVE,2025-12-20,2026-07-05
0.154,CONFIRMED,SUPPORTING,0.909,NONE,NORMAL,TRAIN,True,LEGITIMATE,ACTIVE,2026-05-23,2026-06-24
0.526,SUSPECTED,SUPPORTING,0.747,CRIMINAL_ANOMALY,NORMAL,TRAIN,True,CRIMINAL,ACTIVE,2026-01-09,2026-04-01
0.604,CONFIRMED,SUPPORTING,0.96,NONE,NORMAL,TRAIN,True,CRIMINAL,ACTIVE,2026-05-22,2026-08-18
0.336,SUSPECTED,SUPPORTING,0.724,LEGITIMATE_ANOMALY,NORMAL,TRAIN,True,MIXED,ACTIVE,2026-03-21,2026-06-28
0.639,SUSPECTED,SUPPORTING,0.754,NONE,NORMAL,TEST,True,AMBIGUOUS,ACTIVE,2026-03-07,2026-08-08
0.204,SUSPECTED,SUPPORTING,0.596,NONE,NORMAL,TRAIN,True,CRIMINAL,ACTIVE,2025-09-27,2026-01-21
0.492,FALSE,CONTRADICTING,0.353,LEGITIMATE_ANOMALY,NORMAL,TEST,True,AMBIGUOUS,ACTIVE,2026-03-23,2026-07-03
0.358,UNKNOWN,NEUTRAL,0.525,NONE,NORMAL,VALIDATION,True,LEGITIMATE,ACTIVE,2026-01-07,2026-03-14
0.836,CONFIRMED,SUPPORTING,0.966,NONE,NORMAL,TEST,True,AMBIGUOUS,ACTIVE,2026-05-24,2026-10-22
0.32,UNKNOWN,NEUTRAL,0.247,NONE,NORMAL,VALIDATION,True,LEGITIMATE,ACTIVE,2026-05-10,2026-09-06
0.364,CONFIRMED,SUPPORTING,0.988,NONE,NORMAL,TEST,True,AMBIGUOUS,ACTIVE,2026-02-13,2026-07-03
0.811,SUSPECTED,SUPPORTING,0.803,NONE,NORMAL,TRAIN,True,MIXED,ACTIVE,2025-09-24,2026-02-07
0.132,CONFIRMED,SUPPORTING,0.826,NONE,NORMAL,TRAIN,True,LEGITIMATE,ACTIVE,2025-10-22,2026-03-15
0.595,UNKNOWN,NEUTRAL,0.292,NONE,NORMAL,TRAIN,True,CRIMINAL,ACTIVE,2026-05-12,2026-06-27
0.339,FALSE,CONTRADICTING,0.332,NONE,NORMAL,TRAIN,True,MIXED,ACTIVE,2026-01-07,2026-03-05
0.502,UNKNOWN,NEUTRAL,0.437,CONTEXTUAL_ANOMALY,NORMAL,TRAIN,True,CRIMINAL,ACTIVE,2026-04-21,2026-08-02
0.241,SUSPECTED,SUPPORTING,0.758,NONE,NORMAL,TRAIN,True,CRIMINAL,ACTIVE,2026-02-27,2026-05-25
0.119,FALSE,CONTRADICTING,0.317,NONE,NORMAL,TRAIN,True,CRIMINAL,ACTIVE,2026-05-22,2026-09-29
0.307,SUSPECTED,SUPPORTING,0.668,NONE,NORMAL,TRAIN,True,MIXED,ACTIVE,2026-03-03,2026-07-08
0.765,CONFIRMED,SUPPORTING,0.92,CRIMINAL_ANOMALY,NORMAL,VALIDATION,True,LEGITIMATE,ACTIVE,2026-04-21,2026-05-31
0.752,UNKNOWN,NEUTRAL,0.228,NONE,NORMAL,TEST,True,AMBIGUOUS,ACTIVE,2026-01-07,2026-03-13
0.372,FALSE,CONTRADICTING,0.121,LEGITIMATE_ANOMALY,NORMAL,VALIDATION,True,LEGITIMATE,ACTIVE,2025-11-13,2026-03-25
0.065,SUSPECTED,SUPPORTING,0.686,NONE,NORMAL,VALIDATION,True,LEGITIMATE,ACTIVE,2026-03-02,2026-06-14
0.322,SUSPECTED,SUPPORTING,0.822,LEGITIMATE_ANOMALY,NORMAL,TRAIN,True,MIXED,ACTIVE,2026-05-21,2026-08-07
0.474,FALSE,CONTRADICTING,0.313,NONE,NORMAL,TRAIN,True,CRIMINAL,ACTIVE,2025-11-27,2026-05-04
0.287,FALSE,CONTRADICTING,0.142,NONE,NORMAL,TRAIN,True,LEGITIMATE,ACTIVE,2026-06-21,2026-08-11
0.442,SUSPECTED,SUPPORTING,0.831,NONE,NORMAL,TRAIN,True,MIXED,ACTIVE,2025-11-20,2026-06-03
0.216,FALSE,CONTRADICTING,0.241,CRIMINAL_ANOMALY,DUPLICATE,TEST,True,AMBIGUOUS,ACTIVE,2026-04-04,2026-07-17
0.509,SUSPECTED,SUPPORTING,0.815,NONE,NORMAL,TRAIN,True,MIXED,ACTIVE,2026-01-25,2026-04-10
0.296,CONFIRMED,SUPPORTING,0.917,NONE,NORMAL,TRAIN,True,CRIMINAL,ACTIVE,2025-12-20,2026-02-18
0.622,CONFIRMED,SUPPORTING,0.916,COLLECTIVE_ANOMALY,NORMAL,TRAIN,True,MIXED,ACTIVE,2026-02-23,2026-05-09
0.685,UNKNOWN,NEUTRAL,0.261,NONE,NORMAL,TRAIN,True,CRIMINAL,ACTIVE,2025-12-20,2026-04-07
0.151,CONFIRMED,SUPPORTING,0.919,NONE,NORMAL,TRAIN,True,CRIMINAL,ACTIVE,2025-11-22,2026-04-04
0.743,CONFIRMED,SUPPORTING,0.959,NONE,NORMAL,TRAIN,True,MIXED,ACTIVE,2026-04-06,2026-09-15
0.419,UNKNOWN,NEUTRAL,0.373,NONE,NORMAL,TRAIN,True,CRIMINAL,ACTIVE,2026-04-28,2026-08-08
0.403,SUSPECTED,SUPPORTING,0.669,NONE,FORMATTING_VARIATION,TRAIN,True,CRIMINAL,ACTIVE,2026-04-20,2026-05-24
0.54,FALSE,CONTRADICTING,0.315,NONE,NORMAL,TRAIN,True,CRIMINAL,ACTIVE,2026-04-19,2026-08-28
0.713,UNKNOWN,NEUTRAL,0.296,NONE,NORMAL,TEST,True,AMBIGUOUS,ACTIVE,2025-12-21,2026-05-18
0.538,SUSPECTED,SUPPORTING,0.67,NONE,NORMAL,TRAIN,True,CRIMINAL,ACTIVE,2026-05-06,2026-08-31
0.307,SUSPECTED,SUPPORTING,0.72,NONE,NORMAL,TEST,True,AMBIGUOUS,ACTIVE,2026-01-06,2026-04-19
0.768,UNKNOWN,NEUTRAL,0.292,NONE,NORMAL,VALIDATION,True,LEGITIMATE,ACTIVE,2026-03-20,2026-06-30
0.178,UNKNOWN,NEUTRAL,0.209,NONE,NORMAL,VALIDATION,True,LEGITIMATE,ACTIVE,2025-11-14,2026-05-04
0.418,SUSPECTED,SUPPORTING,0.755,NONE,REVERSED_RECORD,TRAIN,True,MIXED,ACTIVE,2026-03-27,2026-05-23
0.798,CONFIRMED,SUPPORTING,0.888,NONE,NORMAL,TRAIN,True,CRIMINAL,ACTIVE,2026-03-28,2026-07-03
0.152,SUSPECTED,SUPPORTING,0.758,NONE,NORMAL,TRAIN,True,CRIMINAL,ACTIVE,2026-05-25,2026-08-26
0.456,CONFIRMED,SUPPORTING,0.86,NONE,NORMAL,TRAIN,True,CRIMINAL,ACTIVE,2026-05-13,2026-09-09
0.654,CONFIRMED,SUPPORTING,0.966,LEGITIMATE_ANOMALY,NORMAL,TRAIN,True,CRIMINAL,ACTIVE,2026-05-10,2026-09-02
0.431,UNKNOWN,NEUTRAL,0.504,NONE,NORMAL,TRAIN,True,CRIMINAL,ACTIVE,2026-02-19,2026-05-17
0.173,CONFIRMED,SUPPORTING,0.905,NONE,MISSING_COUNTERPARTY,TRAIN,True,CRIMINAL,ACTIVE,2026-06-10,2026-09-13
0.877,SUSPECTED,SUPPORTING,0.684,NONE,NORMAL,TRAIN,True,MIXED,ACTIVE,2026-08-02,2026-09-13
0.195,FALSE,CONTRADICTING,0.389,CRIMINAL_ANOMALY,NORMAL,VALIDATION,True,LEGITIMATE,ACTIVE,2026-01-16,2026-06-12
0.218,FALSE,CONTRADICTING,0.229,NONE,NORMAL,TRAIN,True,MIXED,ACTIVE,2025-09-26,2026-03-30
0.704,UNKNOWN,NEUTRAL,0.395,LEGITIMATE_ANOMALY,NORMAL,TRAIN,True,CRIMINAL,ACTIVE,2026-05-17,2026-09-06
0.616,FALSE,CONTRADICTING,0.279,NONE,NORMAL,TEST,True,AMBIGUOUS,ACTIVE,2026-04-19,2026-07-10
0.602,CONFIRMED,SUPPORTING,0.943,NONE,NORMAL,TRAIN,True,CRIMINAL,ACTIVE,2026-04-29,2026-08-02
0.693,UNKNOWN,NEUTRAL,0.322,NONE,NORMAL,TRAIN,True,LEGITIMATE,ACTIVE,2026-06-16,2026-08-05
0.357,CONFIRMED,SUPPORTING,0.885,CONTEXTUAL_ANOMALY,NORMAL,TRAIN,True,CRIMINAL,ACTIVE,2026-01-19,2026-06-08
0.367,SUSPECTED,SUPPORTING,0.751,NONE,NORMAL,TRAIN,True,MIXED,ACTIVE,2026-03-21,2026-07-22
0.253,SUSPECTED,SUPPORTING,0.589,CRIMINAL_ANOMALY,NORMAL,TRAIN,True,MIXED,ACTIVE,2026-06-13,2026-08-22
0.551,SUSPECTED,SUPPORTING,0.782,NONE,NORMAL,TRAIN,True,CRIMINAL,ACTIVE,2026-05-04,2026-08-30
0.142,FALSE,CONTRADICTING,0.378,NONE,NORMAL,TRAIN,True,MIXED,ACTIVE,2026-02-13,2026-04-16
0.125,SUSPECTED,SUPPORTING,0.835,NONE,NORMAL,TRAIN,True,MIXED,ACTIVE,2026-06-26,2026-09-24
0.389,FALSE,CONTRADICTING,0.314,COLLECTIVE_ANOMALY,NORMAL,TRAIN,True,LEGITIMATE,ACTIVE,2026-01-30,2026-06-17
0.518,CONFIRMED,SUPPORTING,0.959,NONE,NORMAL,TEST,True,AMBIGUOUS,ACTIVE,2026-03-30,2026-08-24
0.481,CONFIRMED,SUPPORTING,0.832,TEMPORAL_ANOMALY,NORMAL,TRAIN,True,CRIMINAL,ACTIVE,2025-12-25,2026-03-23
0.112,SUSPECTED,SUPPORTING,0.731,NONE,NORMAL,TRAIN,True,CRIMINAL,ACTIVE,2026-03-04,2026-09-19
0.114,SUSPECTED,SUPPORTING,0.583,NONE,REVERSED_RECORD,VALIDATION,True,LEGITIMATE,ACTIVE,2026-03-28,2026-08-30
0.447,SUSPECTED,SUPPORTING,0.731,LEGITIMATE_ANOMALY,NORMAL,TRAIN,True,MIXED,ACTIVE,2026-06-26,2026-08-29
0.323,SUSPECTED,SUPPORTING,0.694,NONE,FORMATTING_VARIATION,TRAIN,True,CRIMINAL,ACTIVE,2026-02-06,2026-06-03
0.457,SUSPECTED,SUPPORTING,0.791,NONE,NORMAL,TRAIN,True,CRIMINAL,ACTIVE,2025-11-29,2026-04-18
0.19,CONFIRMED,SUPPORTING,0.981,NONE,NORMAL,TEST,True,AMBIGUOUS,ACTIVE,2025-12-09,2026-04-24
0.225,SUSPECTED,SUPPORTING,0.768,NONE,NORMAL,TRAIN,True,CRIMINAL,ACTIVE,2026-01-02,2026-04-05
0.028,SUSPECTED,SUPPORTING,0.737,NONE,NORMAL,TRAIN,True,CRIMINAL,ACTIVE,2026-04-20,2026-06-29
0.595,CONFIRMED,SUPPORTING,0.874,NONE,NORMAL,TRAIN,True,CRIMINAL,ACTIVE,2026-06-01,2026-11-02
0.684,SUSPECTED,SUPPORTING,0.832,NONE,NORMAL,TRAIN,True,MIXED,ACTIVE,2026-01-30,2026-08-06
0.374,UNKNOWN,NEUTRAL,0.426,NONE,NORMAL,TRAIN,True,CRIMINAL,ACTIVE,2026-01-10,2026-03-15
0.516,SUSPECTED,SUPPORTING,0.605,NONE,NORMAL,TRAIN,True,CRIMINAL,ACTIVE,2026-05-05,2026-08-09
0.395,SUSPECTED,SUPPORTING,0.728,LEGITIMATE_ANOMALY,NORMAL,TRAIN,True,CRIMINAL,ACTIVE,2026-02-26,2026-06-06
0.381,UNKNOWN,NEUTRAL,0.403,LEGITIMATE_ANOMALY,REVERSED_RECORD,TEST,True,AMBIGUOUS,ACTIVE,2026-03-11,2026-05-22
0.299,CONFIRMED,SUPPORTING,0.944,NONE,NORMAL,TRAIN,True,MIXED,ACTIVE,2025-11-21,2026-02-10
0.287,CONFIRMED,SUPPORTING,0.916,COLLECTIVE_ANOMALY,NORMAL,TRAIN,True,CRIMINAL,ACTIVE,2026-03-29,2026-09-03
0.298,CONFIRMED,SUPPORTING,0.824,NONE,NORMAL,TRAIN,True,MIXED,ACTIVE,2026-05-16,2026-10-10
0.552,SUSPECTED,SUPPORTING,0.615,NONE,NORMAL,TRAIN,True,CRIMINAL,ACTIVE,2026-04-27,2026-07-01
0.58,FALSE,CONTRADICTING,0.169,NONE,NORMAL,TEST,True,AMBIGUOUS,ACTIVE,2025-12-22,2026-06-10
0.148,UNKNOWN,NEUTRAL,0.251,NONE,NORMAL,TRAIN,True,CRIMINAL,ACTIVE,2026-02-03,2026-07-04
0.158,CONFIRMED,SUPPORTING,0.828,COLLECTIVE_ANOMALY,NORMAL,TRAIN,True,CRIMINAL,ACTIVE,2026-05-19,2026-07-06
0.766,SUSPECTED,SUPPORTING,0.841,NONE,NORMAL,TRAIN,True,CRIMINAL,ACTIVE,2026-01-06,2026-05-03
0.069,SUSPECTED,SUPPORTING,0.791,NONE,NORMAL,TRAIN,True,CRIMINAL,ACTIVE,2025-10-18,2026-02-10
0.764,CONFIRMED,SUPPORTING,0.939,NONE,NORMAL,TEST,True,AMBIGUOUS,ACTIVE,2025-12-20,2026-05-04
0.485,CONFIRMED,SUPPORTING,0.842,CONTEXTUAL_ANOMALY,NORMAL,TRAIN,True,CRIMINAL,ACTIVE,2026-02-08,2026-06-27
0.178,CONFIRMED,SUPPORTING,0.834,NONE,NORMAL,TEST,True,AMBIGUOUS,ACTIVE,2026-04-25,2026-07-12
0.619,FALSE,CONTRADICTING,0.308,NONE,NORMAL,TRAIN,True,LEGITIMATE,ACTIVE,2026-04-02,2026-08-21
0.533,SUSPECTED,SUPPORTING,0.682,CRIMINAL_ANOMALY,FORMATTING_VARIATION,VALIDATION,True,LEGITIMATE,ACTIVE,2026-06-19,2026-09-01
0.638,CONFIRMED,SUPPORTING,0.967,NONE,NORMAL,TEST,True,AMBIGUOUS,ACTIVE,2026-06-28,2026-09-13
0.299,UNKNOWN,NEUTRAL,0.386,NONE,NORMAL,TRAIN,True,CRIMINAL,ACTIVE,2025-11-16,2026-06-12
0.386,FALSE,CONTRADICTING,0.416,NONE,NORMAL,VALIDATION,True,LEGITIMATE,ACTIVE,2026-01-06,2026-05-27
0.662,CONFIRMED,SUPPORTING,0.968,NONE,NORMAL,TRAIN,True,MIXED,ACTIVE,2026-03-02,2026-08-21
0.336,CONFIRMED,SUPPORTING,0.883,NONE,NORMAL,VALIDATION,True,LEGITIMATE,ACTIVE,2026-02-19,2026-07-07
0.147,SUSPECTED,SUPPORTING,0.747,NONE,NORMAL,TRAIN,True,MIXED,ACTIVE,2025-12-13,2026-05-08
0.228,UNKNOWN,NEUTRAL,0.38,NONE,NORMAL,TRAIN,True,CRIMINAL,ACTIVE,2026-02-05,2026-04-08
0.221,SUSPECTED,SUPPORTING,0.683,NONE,NORMAL,VALIDATION,True,LEGITIMATE,ACTIVE,2025-12-15,2026-05-20
0.708,SUSPECTED,SUPPORTING,0.605,NONE,NORMAL,TRAIN,True,MIXED,ACTIVE,2026-04-18,2026-07-31
0.378,SUSPECTED,SUPPORTING,0.72,NONE,NORMAL,TRAIN,True,CRIMINAL,ACTIVE,2026-03-31,2026-10-04
0.279,SUSPECTED,SUPPORTING,0.792,NONE,NORMAL,TRAIN,True,MIXED,ACTIVE,2026-05-10,2026-06-05
0.457,SUSPECTED,SUPPORTING,0.62,NONE,NORMAL,TRAIN,True,MIXED,ACTIVE,2026-03-18,2026-07-18
0.392,SUSPECTED,SUPPORTING,0.633,NONE,NORMAL,TRAIN,True,MIXED,ACTIVE,2026-01-27,2026-06-14
0.682,SUSPECTED,SUPPORTING,0.756,NONE,NORMAL,TEST,True,AMBIGUOUS,ACTIVE,2025-12-24,2026-03-30
0.109,CONFIRMED,SUPPORTING,0.882,NONE,NORMAL,TRAIN,True,CRIMINAL,ACTIVE,2026-03-21,2026-07-03
0.194,UNKNOWN,NEUTRAL,0.253,NONE,NORMAL,TRAIN,True,CRIMINAL,ACTIVE,2025-10-16,2026-02-09
0.157,SUSPECTED,SUPPORTING,0.851,NONE,NORMAL,TRAIN,True,CRIMINAL,ACTIVE,2025-12-18,2026-05-29
0.194,FALSE,CONTRADICTING,0.211,LEGITIMATE_ANOMALY,NORMAL,TRAIN,True,CRIMINAL,ACTIVE,2026-05-26,2026-10-28
0.437,SUSPECTED,SUPPORTING,0.623,LEGITIMATE_ANOMALY,NORMAL,TRAIN,True,CRIMINAL,ACTIVE,2026-04-15,2026-10-04
0.438,SUSPECTED,SUPPORTING,0.678,NONE,NORMAL,TRAIN,True,MIXED,ACTIVE,2026-01-04,2026-04-23
0.344,UNKNOWN,NEUTRAL,0.52,NONE,NORMAL,TRAIN,True,MIXED,ACTIVE,2026-06-16,2026-10-22
0.407,FALSE,CONTRADICTING,0.364,NONE,NORMAL,TRAIN,True,MIXED,ACTIVE,2026-04-08,2026-06-27
0.409,SUSPECTED,SUPPORTING,0.63,NONE,NORMAL,TRAIN,True,CRIMINAL,ACTIVE,2026-07-10,2026-09-21
0.019,UNKNOWN,NEUTRAL,0.429,NONE,NORMAL,TRAIN,True,MIXED,ACTIVE,2026-04-17,2026-07-29
0.077,UNKNOWN,NEUTRAL,0.416,COLLECTIVE_ANOMALY,NORMAL,TRAIN,True,CRIMINAL,ACTIVE,2026-05-05,2026-09-12
0.155,FALSE,CONTRADICTING,0.12,NONE,NORMAL,TRAIN,True,MIXED,ACTIVE,2026-03-04,2026-08-27
0.645,UNKNOWN,NEUTRAL,0.366,NONE,NORMAL,VALIDATION,True,LEGITIMATE,ACTIVE,2026-05-26,2026-10-01
0.287,SUSPECTED,SUPPORTING,0.728,CONTEXTUAL_ANOMALY,NORMAL,TRAIN,True,CRIMINAL,ACTIVE,2026-03-11,2026-08-03
0.652,FALSE,CONTRADICTING,0.152,NONE,NORMAL,VALIDATION,True,LEGITIMATE,ACTIVE,2026-05-06,2026-08-11
0.626,UNKNOWN,NEUTRAL,0.536,NONE,NORMAL,TRAIN,True,LEGITIMATE,ACTIVE,2025-12-12,2026-03-13
0.19,SUSPECTED,SUPPORTING,0.631,NONE,NORMAL,TEST,True,AMBIGUOUS,ACTIVE,2025-11-18,2026-03-17
0.533,CONFIRMED,SUPPORTING,0.877,LEGITIMATE_ANOMALY,NORMAL,TEST,True,AMBIGUOUS,ACTIVE,2026-04-16,2026-08-17
0.61,FALSE,CONTRADICTING,0.156,NONE,NORMAL,TRAIN,True,LEGITIMATE,ACTIVE,2026-04-11,2026-05-31
0.654,CONFIRMED,SUPPORTING,0.906,CRIMINAL_ANOMALY,NORMAL,TRAIN,True,CRIMINAL,ACTIVE,2026-01-07,2026-05-28
0.149,CONFIRMED,SUPPORTING,0.883,NONE,NORMAL,TEST,True,AMBIGUOUS,ACTIVE,2026-05-04,2026-09-22
0.362,SUSPECTED,SUPPORTING,0.668,NONE,NORMAL,TRAIN,True,CRIMINAL,ACTIVE,2026-03-04,2026-05-14
0.232,CONFIRMED,SUPPORTING,0.917,NONE,FORMATTING_VARIATION,VALIDATION,True,LEGITIMATE,ACTIVE,2026-02-07,2026-04-29
0.652,SUSPECTED,SUPPORTING,0.837,NONE,NORMAL,VALIDATION,True,LEGITIMATE,ACTIVE,2025-11-19,2026-05-27
0.527,SUSPECTED,SUPPORTING,0.748,NONE,NORMAL,VALIDATION,True,LEGITIMATE,ACTIVE,2025-11-24,2026-01-24
0.353,SUSPECTED,SUPPORTING,0.732,NONE,NORMAL,TRAIN,True,MIXED,ACTIVE,2026-04-24,2026-06-19
0.807,CONFIRMED,SUPPORTING,0.95,NONE,NORMAL,TEST,True,AMBIGUOUS,ACTIVE,2026-04-23,2026-09-16
0.587,CONFIRMED,SUPPORTING,0.977,NONE,NORMAL,TRAIN,True,CRIMINAL,ACTIVE,2025-10-28,2026-04-07
0.764,SUSPECTED,SUPPORTING,0.64,NONE,NORMAL,TRAIN,True,CRIMINAL,ACTIVE,2026-05-01,2026-08-24
0.298,SUSPECTED,SUPPORTING,0.653,NONE,NORMAL,TRAIN,True,MIXED,ACTIVE,2026-01-17,2026-06-16
0.579,UNKNOWN,NEUTRAL,0.537,LEGITIMATE_ANOMALY,NORMAL,TEST,True,AMBIGUOUS,ACTIVE,2026-05-08,2026-07-02
0.162,CONFIRMED,SUPPORTING,0.908,NONE,NORMAL,TRAIN,True,MIXED,ACTIVE,2026-06-23,2026-09-23
0.414,FALSE,CONTRADICTING,0.373,NONE,NORMAL,VALIDATION,True,LEGITIMATE,ACTIVE,2026-06-14,2026-10-15
0.393,CONFIRMED,SUPPORTING,0.857,NONE,NORMAL,TRAIN,True,LEGITIMATE,ACTIVE,2026-02-02,2026-07-28
0.877,UNKNOWN,NEUTRAL,0.205,NONE,NORMAL,VALIDATION,True,LEGITIMATE,ACTIVE,2026-04-17,2026-09-06
0.774,SUSPECTED,SUPPORTING,0.603,NONE,NORMAL,TRAIN,True,CRIMINAL,ACTIVE,2025-10-11,2026-01-30
0.376,SUSPECTED,SUPPORTING,0.859,NONE,NORMAL,TRAIN,True,CRIMINAL,ACTIVE,2026-06-11,2026-08-31
0.662,CONFIRMED,SUPPORTING,0.898,NONE,FORMATTING_VARIATION,VALIDATION,True,LEGITIMATE,ACTIVE,2026-03-08,2026-05-21
0.675,SUSPECTED,SUPPORTING,0.765,NONE,NORMAL,VALIDATION,True,LEGITIMATE,ACTIVE,2026-01-05,2026-04-12
0.666,SUSPECTED,SUPPORTING,0.828,NONE,NORMAL,TRAIN,True,CRIMINAL,ACTIVE,2026-04-21,2026-10-06
0.763,SUSPECTED,SUPPORTING,0.82,COLLECTIVE_ANOMALY,NORMAL,TRAIN,True,CRIMINAL,ACTIVE,2026-06-08,2026-07-29
0.623,SUSPECTED,SUPPORTING,0.74,NONE,NORMAL,VALIDATION,True,LEGITIMATE,ACTIVE,2026-02-06,2026-07-20
0.229,CONFIRMED,SUPPORTING,0.962,NONE,NORMAL,TRAIN,True,CRIMINAL,ACTIVE,2026-05-06,2026-08-12
0.374,CONFIRMED,SUPPORTING,0.856,NONE,NORMAL,TRAIN,True,CRIMINAL,ACTIVE,2026-06-22,2026-09-29
0.503,CONFIRMED,SUPPORTING,0.95,NONE,NORMAL,TRAIN,True,LEGITIMATE,ACTIVE,2026-01-08,2026-07-27
0.127,FALSE,CONTRADICTING,0.403,CONTEXTUAL_ANOMALY,NORMAL,VALIDATION,True,LEGITIMATE,ACTIVE,2026-03-18,2026-06-26
0.357,SUSPECTED,SUPPORTING,0.684,NONE,NORMAL,TRAIN,True,MIXED,ACTIVE,2025-12-04,2026-04-19
0.516,UNKNOWN,NEUTRAL,0.232,NONE,NORMAL,VALIDATION,True,LEGITIMATE,ACTIVE,2026-05-18,2026-08-25
0.96,FALSE,CONTRADICTING,0.153,NONE,NORMAL,TRAIN,True,MIXED,ACTIVE,2026-03-04,2026-05-07
0.378,CONFIRMED,SUPPORTING,0.861,NONE,NORMAL,TRAIN,True,MIXED,ACTIVE,2026-03-04,2026-05-08
0.284,FALSE,CONTRADICTING,0.383,NONE,NORMAL,VALIDATION,True,LEGITIMATE,ACTIVE,2026-04-14,2026-07-02
0.363,CONFIRMED,SUPPORTING,0.923,NONE,MISSING_COUNTERPARTY,TRAIN,True,CRIMINAL,ACTIVE,2026-01-20,2026-07-10
0.295,SUSPECTED,SUPPORTING,0.62,NONE,NORMAL,TRAIN,True,MIXED,ACTIVE,2026-02-20,2026-07-26
0.391,CONFIRMED,SUPPORTING,0.859,NONE,NORMAL,TRAIN,True,MIXED,ACTIVE,2026-01-26,2026-07-01
0.017,UNKNOWN,NEUTRAL,0.325,NONE,NORMAL,TEST,True,AMBIGUOUS,ACTIVE,2026-07-24,2026-09-08
0.385,SUSPECTED,SUPPORTING,0.704,NONE,REVERSED_RECORD,TRAIN,True,MIXED,ACTIVE,2026-03-19,2026-09-06
0.07,FALSE,CONTRADICTING,0.341,NONE,NORMAL,VALIDATION,True,LEGITIMATE,ACTIVE,2026-03-21,2026-08-06
0.659,FALSE,CONTRADICTING,0.245,NONE,NORMAL,TRAIN,True,MIXED,ACTIVE,2025-11-25,2026-03-31
0.669,UNKNOWN,NEUTRAL,0.361,NONE,NORMAL,TRAIN,True,CRIMINAL,ACTIVE,2026-05-05,2026-09-29
0.228,UNKNOWN,NEUTRAL,0.361,NONE,NORMAL,TRAIN,True,CRIMINAL,ACTIVE,2025-11-06,2026-02-22
0.423,SUSPECTED,SUPPORTING,0.642,CRIMINAL_ANOMALY,NORMAL,TRAIN,True,MIXED,ACTIVE,2026-01-22,2026-06-01
0.572,FALSE,CONTRADICTING,0.194,NONE,NORMAL,VALIDATION,True,LEGITIMATE,ACTIVE,2026-03-06,2026-07-01
0.329,UNKNOWN,NEUTRAL,0.211,NONE,NORMAL,TEST,True,AMBIGUOUS,ACTIVE,2025-11-04,2026-02-19
0.491,UNKNOWN,NEUTRAL,0.523,LEGITIMATE_ANOMALY,NORMAL,TRAIN,True,CRIMINAL,ACTIVE,2025-10-19,2026-03-07
0.392,SUSPECTED,SUPPORTING,0.742,NONE,NORMAL,TRAIN,True,CRIMINAL,ACTIVE,2025-12-22,2026-03-24
0.911,UNKNOWN,NEUTRAL,0.399,NONE,NORMAL,TRAIN,True,CRIMINAL,ACTIVE,2026-04-06,2026-09-07
0.492,CONFIRMED,SUPPORTING,0.89,NONE,NORMAL,TRAIN,True,CRIMINAL,ACTIVE,2026-03-28,2026-07-26
0.339,CONFIRMED,SUPPORTING,0.95,NONE,NORMAL,TRAIN,True,CRIMINAL,ACTIVE,2026-04-30,2026-10-24
0.74,SUSPECTED,SUPPORTING,0.825,CONTEXTUAL_ANOMALY,NORMAL,TRAIN,True,CRIMINAL,ACTIVE,2026-05-05,2026-06-22
0.967,CONFIRMED,SUPPORTING,0.933,NONE,NORMAL,TRAIN,True,CRIMINAL,ACTIVE,2026-02-25,2026-07-03
0.114,UNKNOWN,NEUTRAL,0.358,NONE,NORMAL,TEST,True,AMBIGUOUS,ACTIVE,2025-11-13,2026-04-11
0.475,SUSPECTED,SUPPORTING,0.725,TEMPORAL_ANOMALY,NORMAL,TEST,True,AMBIGUOUS,ACTIVE,2026-01-16,2026-05-16
0.545,FALSE,CONTRADICTING,0.367,NONE,NORMAL,TEST,True,AMBIGUOUS,ACTIVE,2026-02-08,2026-04-19
0.755,FALSE,CONTRADICTING,0.216,NONE,NORMAL,TRAIN,True,MIXED,ACTIVE,2026-05-07,2026-08-10
0.67,UNKNOWN,NEUTRAL,0.307,CONTEXTUAL_ANOMALY,MISSING_COUNTERPARTY,VALIDATION,True,LEGITIMATE,ACTIVE,2026-04-26,2026-10-25
0.265,UNKNOWN,NEUTRAL,0.276,NONE,NORMAL,VALIDATION,True,LEGITIMATE,ACTIVE,2026-04-12,2026-09-13
0.637,CONFIRMED,SUPPORTING,0.947,NONE,NORMAL,TRAIN,True,MIXED,ACTIVE,2026-01-25,2026-05-17
0.484,FALSE,CONTRADICTING,0.223,NONE,NORMAL,TEST,True,AMBIGUOUS,ACTIVE,2026-05-06,2026-08-06
0.575,SUSPECTED,SUPPORTING,0.86,NONE,NORMAL,TEST,True,AMBIGUOUS,ACTIVE,2026-03-27,2026-07-23
0.835,CONFIRMED,SUPPORTING,0.931,NONE,NORMAL,TRAIN,True,CRIMINAL,ACTIVE,2026-04-06,2026-07-02
0.715,UNKNOWN,NEUTRAL,0.47,NONE,NORMAL,TRAIN,True,CRIMINAL,ACTIVE,2026-06-11,2026-07-23
0.24,UNKNOWN,NEUTRAL,0.479,NONE,NORMAL,TEST,True,AMBIGUOUS,ACTIVE,2026-02-06,2026-05-28
0.47,UNKNOWN,NEUTRAL,0.323,NONE,NORMAL,TRAIN,True,CRIMINAL,ACTIVE,2026-01-28,2026-05-30
0.196,SUSPECTED,SUPPORTING,0.841,NONE,NORMAL,TRAIN,True,MIXED,ACTIVE,2026-02-22,2026-07-09
0.055,SUSPECTED,SUPPORTING,0.669,NONE,NORMAL,TRAIN,True,LEGITIMATE,ACTIVE,2026-07-23,2026-11-03
0.554,FALSE,CONTRADICTING,0.378,TEMPORAL_ANOMALY,NORMAL,VALIDATION,True,LEGITIMATE,ACTIVE,2026-01-04,2026-05-16
0.698,FALSE,CONTRADICTING,0.138,NONE,NORMAL,TRAIN,True,CRIMINAL,ACTIVE,2026-01-29,2026-04-29
0.609,SUSPECTED,SUPPORTING,0.803,NONE,NORMAL,TEST,True,AMBIGUOUS,ACTIVE,2026-01-18,2026-05-23
0.24,UNKNOWN,NEUTRAL,0.521,NONE,NORMAL,VALIDATION,True,LEGITIMATE,ACTIVE,2026-05-05,2026-07-06
0.617,UNKNOWN,NEUTRAL,0.506,NONE,NORMAL,TRAIN,True,MIXED,ACTIVE,2025-11-27,2026-04-08
0.496,UNKNOWN,NEUTRAL,0.236,NONE,NORMAL,TEST,True,AMBIGUOUS,ACTIVE,2026-04-26,2026-09-10
0.486,SUSPECTED,SUPPORTING,0.71,NONE,NORMAL,TRAIN,True,MIXED,ACTIVE,2026-07-01,2026-09-21
0.695,CONFIRMED,SUPPORTING,0.85,NONE,NORMAL,TRAIN,True,CRIMINAL,ACTIVE,2025-12-19,2026-04-16
0.32,SUSPECTED,SUPPORTING,0.752,NONE,NORMAL,TRAIN,True,LEGITIMATE,ACTIVE,2026-01-05,2026-05-16
0.118,SUSPECTED,SUPPORTING,0.702,COLLECTIVE_ANOMALY,NORMAL,TRAIN,True,MIXED,ACTIVE,2026-06-30,2026-10-30
0.396,CONFIRMED,SUPPORTING,0.965,NONE,NORMAL,TRAIN,True,MIXED,ACTIVE,2025-10-18,2026-04-16
0.263,CONFIRMED,SUPPORTING,0.971,NONE,NORMAL,TRAIN,True,MIXED,ACTIVE,2026-03-15,2026-06-04
0.507,UNKNOWN,NEUTRAL,0.24,COLLECTIVE_ANOMALY,NORMAL,TEST,True,AMBIGUOUS,ACTIVE,2025-10-05,2026-02-27
0.721,UNKNOWN,NEUTRAL,0.207,NONE,NORMAL,TRAIN,True,MIXED,ACTIVE,2026-03-10,2026-05-06
0.407,FALSE,CONTRADICTING,0.35,NONE,NORMAL,TRAIN,True,CRIMINAL,ACTIVE,2026-05-16,2026-08-11
0.58,UNKNOWN,NEUTRAL,0.311,NONE,NORMAL,VALIDATION,True,LEGITIMATE,ACTIVE,2026-04-25,2026-08-12
0.432,FALSE,CONTRADICTING,0.268,NONE,NORMAL,TRAIN,True,MIXED,ACTIVE,2026-04-02,2026-08-05
0.538,FALSE,CONTRADICTING,0.415,NONE,REVERSED_RECORD,TRAIN,True,MIXED,ACTIVE,2026-04-13,2026-07-12
0.229,UNKNOWN,NEUTRAL,0.435,NONE,NORMAL,TEST,True,AMBIGUOUS,ACTIVE,2026-02-15,2026-06-24
0.413,CONFIRMED,SUPPORTING,0.907,LEGITIMATE_ANOMALY,NORMAL,TRAIN,True,CRIMINAL,ACTIVE,2025-12-08,2026-05-27
0.621,UNKNOWN,NEUTRAL,0.52,TEMPORAL_ANOMALY,NORMAL,TRAIN,True,CRIMINAL,ACTIVE,2026-02-10,2026-04-05
0.409,FALSE,CONTRADICTING,0.348,NONE,NORMAL,TRAIN,True,MIXED,ACTIVE,2026-03-06,2026-06-03
0.766,UNKNOWN,NEUTRAL,0.367,NONE,NORMAL,TRAIN,True,MIXED,ACTIVE,2026-01-30,2026-04-27
0.376,FALSE,CONTRADICTING,0.28,NONE,NORMAL,VALIDATION,True,LEGITIMATE,ACTIVE,2026-05-16,2026-09-10
0.461,SUSPECTED,SUPPORTING,0.723,NONE,NORMAL,TRAIN,True,MIXED,ACTIVE,2026-06-19,2026-07-27
0.299,SUSPECTED,SUPPORTING,0.783,NONE,NORMAL,TRAIN,True,CRIMINAL,ACTIVE,2026-03-02,2026-08-02
0.556,SUSPECTED,SUPPORTING,0.702,NONE,NORMAL,TRAIN,True,CRIMINAL,ACTIVE,2025-11-02,2026-03-05
0.322,SUSPECTED,SUPPORTING,0.631,NONE,NORMAL,TRAIN,True,CRIMINAL,ACTIVE,2026-01-29,2026-06-17
0.599,SUSPECTED,SUPPORTING,0.694,NONE,NORMAL,TRAIN,True,CRIMINAL,ACTIVE,2025-12-20,2026-03-20
0.754,CONFIRMED,SUPPORTING,0.857,NONE,NORMAL,TRAIN,True,CRIMINAL,ACTIVE,2026-01-01,2026-05-20
0.788,FALSE,CONTRADICTING,0.273,NONE,NORMAL,TRAIN,True,MIXED,ACTIVE,2026-04-16,2026-07-24
0.152,FALSE,CONTRADICTING,0.281,CONTEXTUAL_ANOMALY,NORMAL,TRAIN,True,CRIMINAL,ACTIVE,2025-11-14,2026-02-20
0.679,SUSPECTED,SUPPORTING,0.727,NONE,NORMAL,TRAIN,True,CRIMINAL,ACTIVE,2026-01-12,2026-03-27
0.182,SUSPECTED,SUPPORTING,0.754,NONE,NORMAL,TRAIN,True,MIXED,ACTIVE,2025-11-22,2026-03-25
0.486,SUSPECTED,SUPPORTING,0.693,NONE,NORMAL,TEST,True,AMBIGUOUS,ACTIVE,2025-12-30,2026-04-18
0.255,UNKNOWN,NEUTRAL,0.359,NONE,NORMAL,TRAIN,True,LEGITIMATE,ACTIVE,2026-07-20,2026-10-25
0.616,FALSE,CONTRADICTING,0.223,CONTEXTUAL_ANOMALY,NORMAL,TRAIN,True,MIXED,ACTIVE,2026-05-19,2026-06-23
0.395,CONFIRMED,SUPPORTING,0.958,NONE,NORMAL,TRAIN,True,CRIMINAL,ACTIVE,2026-03-14,2026-06-22
0.51,CONFIRMED,SUPPORTING,0.888,NONE,NORMAL,TEST,True,AMBIGUOUS,ACTIVE,2026-02-12,2026-04-14
0.68,UNKNOWN,NEUTRAL,0.219,NONE,NORMAL,TEST,True,AMBIGUOUS,ACTIVE,2026-03-21,2026-09-10
0.594,SUSPECTED,SUPPORTING,0.842,NONE,NORMAL,TRAIN,True,CRIMINAL,ACTIVE,2025-10-15,2026-02-28
0.736,UNKNOWN,NEUTRAL,0.373,LEGITIMATE_ANOMALY,NORMAL,VALIDATION,True,LEGITIMATE,ACTIVE,2025-09-22,2026-01-24
0.212,UNKNOWN,NEUTRAL,0.478,NONE,NORMAL,TRAIN,True,MIXED,ACTIVE,2026-04-27,2026-05-31
0.688,CONFIRMED,SUPPORTING,0.936,NONE,NORMAL,TRAIN,True,CRIMINAL,ACTIVE,2026-02-26,2026-07-24
0.625,CONFIRMED,SUPPORTING,0.939,NONE,NORMAL,TRAIN,True,MIXED,ACTIVE,2026-02-07,2026-05-19
0.176,SUSPECTED,SUPPORTING,0.744,NONE,NORMAL,TRAIN,True,CRIMINAL,ACTIVE,2025-10-08,2026-03-31
0.53,FALSE,CONTRADICTING,0.37,NONE,NORMAL,TRAIN,True,MIXED,ACTIVE,2025-12-06,2026-06-02
0.669,SUSPECTED,SUPPORTING,0.852,NONE,NORMAL,TRAIN,True,MIXED,ACTIVE,2026-04-28,2026-08-15
0.816,CONFIRMED,SUPPORTING,0.947,NONE,NORMAL,TRAIN,True,CRIMINAL,ACTIVE,2026-03-27,2026-07-03
0.76,UNKNOWN,NEUTRAL,0.375,NONE,NORMAL,TEST,True,AMBIGUOUS,ACTIVE,2026-05-13,2026-09-18
0.032,CONFIRMED,SUPPORTING,0.909,NONE,NORMAL,TEST,True,AMBIGUOUS,ACTIVE,2025-12-25,2026-04-24
0.292,UNKNOWN,NEUTRAL,0.216,NONE,NORMAL,VALIDATION,True,LEGITIMATE,ACTIVE,2026-03-28,2026-08-22
0.132,UNKNOWN,NEUTRAL,0.204,NONE,NORMAL,TRAIN,True,CRIMINAL,ACTIVE,2026-06-11,2026-08-05
0.43,CONFIRMED,SUPPORTING,0.855,CONTEXTUAL_ANOMALY,NORMAL,TEST,True,AMBIGUOUS,ACTIVE,2026-04-24,2026-07-26
0.671,CONFIRMED,SUPPORTING,0.98,NONE,NORMAL,TRAIN,True,CRIMINAL,ACTIVE,2025-10-24,2026-03-27
0.634,UNKNOWN,NEUTRAL,0.32,NONE,MISSING_COUNTERPARTY,TRAIN,True,MIXED,ACTIVE,2025-12-01,2026-02-12
0.768,UNKNOWN,NEUTRAL,0.361,NONE,NORMAL,TRAIN,True,LEGITIMATE,ACTIVE,2026-06-16,2026-09-18
0.781,CONFIRMED,SUPPORTING,0.9,TEMPORAL_ANOMALY,NORMAL,VALIDATION,True,LEGITIMATE,ACTIVE,2026-06-23,2026-10-20
0.536,FALSE,CONTRADICTING,0.196,NONE,NORMAL,TRAIN,True,LEGITIMATE,ACTIVE,2026-06-05,2026-07-09
0.663,UNKNOWN,NEUTRAL,0.358,NONE,NORMAL,TRAIN,True,CRIMINAL,ACTIVE,2026-03-10,2026-07-04
0.285,CONFIRMED,SUPPORTING,0.852,CRIMINAL_ANOMALY,NORMAL,TRAIN,True,CRIMINAL,ACTIVE,2026-03-05,2026-07-14
0.373,CONFIRMED,SUPPORTING,0.938,NONE,NORMAL,TRAIN,True,CRIMINAL,ACTIVE,2026-01-14,2026-05-07
0.526,SUSPECTED,SUPPORTING,0.856,NONE,NORMAL,TRAIN,True,CRIMINAL,ACTIVE,2026-02-10,2026-05-20
0.66,UNKNOWN,NEUTRAL,0.218,NONE,NORMAL,TRAIN,True,CRIMINAL,ACTIVE,2026-03-29,2026-09-29
0.373,CONFIRMED,SUPPORTING,0.898,NONE,NORMAL,TEST,True,AMBIGUOUS,ACTIVE,2026-07-02,2026-09-02
0.564,UNKNOWN,NEUTRAL,0.321,NONE,NORMAL,TRAIN,True,MIXED,ACTIVE,2026-08-01,2026-09-19
0.521,UNKNOWN,NEUTRAL,0.382,NONE,NORMAL,TRAIN,True,MIXED,ACTIVE,2026-03-03,2026-08-26
0.561,CONFIRMED,SUPPORTING,0.869,NONE,NORMAL,TRAIN,True,CRIMINAL,ACTIVE,2025-11-25,2026-03-03
0.318,FALSE,CONTRADICTING,0.282,NONE,NORMAL,TRAIN,True,CRIMINAL,ACTIVE,2026-02-24,2026-05-02
0.498,SUSPECTED,SUPPORTING,0.624,NONE,NORMAL,TRAIN,True,CRIMINAL,ACTIVE,2026-03-09,2026-06-11
0.298,SUSPECTED,SUPPORTING,0.66,NONE,NORMAL,TRAIN,True,CRIMINAL,ACTIVE,2026-03-02,2026-08-14
0.348,SUSPECTED,SUPPORTING,0.732,NONE,NORMAL,TRAIN,True,CRIMINAL,ACTIVE,2026-03-21,2026-06-26
0.479,SUSPECTED,SUPPORTING,0.826,NONE,NORMAL,TRAIN,True,MIXED,ACTIVE,2026-05-07,2026-06-19
0.495,CONFIRMED,SUPPORTING,0.854,NONE,NORMAL,TRAIN,True,CRIMINAL,ACTIVE,2026-03-09,2026-09-26
0.296,SUSPECTED,SUPPORTING,0.757,NONE,NORMAL,TRAIN,True,LEGITIMATE,ACTIVE,2025-11-10,2026-04-18
0.203,CONFIRMED,SUPPORTING,0.965,NONE,NORMAL,TRAIN,True,CRIMINAL,ACTIVE,2026-04-20,2026-08-16
0.663,SUSPECTED,SUPPORTING,0.848,NONE,NORMAL,TRAIN,True,CRIMINAL,ACTIVE,2026-05-07,2026-06-17
0.343,CONFIRMED,SUPPORTING,0.901,NONE,NORMAL,TRAIN,True,MIXED,ACTIVE,2026-04-22,2026-08-28
0.489,CONFIRMED,SUPPORTING,0.851,CRIMINAL_ANOMALY,NORMAL,VALIDATION,True,LEGITIMATE,ACTIVE,2026-04-16,2026-08-05
0.244,UNKNOWN,NEUTRAL,0.379,NONE,NORMAL,TEST,True,AMBIGUOUS,ACTIVE,2025-12-09,2026-05-03
0.4,CONFIRMED,SUPPORTING,0.875,CRIMINAL_ANOMALY,FORMATTING_VARIATION,TEST,True,AMBIGUOUS,ACTIVE,2026-03-19,2026-06-22
0.379,CONFIRMED,SUPPORTING,0.964,NONE,NORMAL,TEST,True,AMBIGUOUS,ACTIVE,2026-03-05,2026-06-27
0.741,FALSE,CONTRADICTING,0.298,NONE,NORMAL,TRAIN,True,CRIMINAL,ACTIVE,2026-02-10,2026-05-06
0.866,SUSPECTED,SUPPORTING,0.712,NONE,NORMAL,TRAIN,True,CRIMINAL,ACTIVE,2025-10-17,2026-02-24
0.588,SUSPECTED,SUPPORTING,0.633,TEMPORAL_ANOMALY,NORMAL,TRAIN,True,CRIMINAL,ACTIVE,2026-01-18,2026-05-17
0.548,FALSE,CONTRADICTING,0.221,NONE,NORMAL,TRAIN,True,CRIMINAL,ACTIVE,2026-04-08,2026-10-11
0.1,CONFIRMED,SUPPORTING,0.965,NONE,NORMAL,TRAIN,True,CRIMINAL,ACTIVE,2026-02-14,2026-04-06
0.344,UNKNOWN,NEUTRAL,0.216,NONE,NORMAL,TRAIN,True,MIXED,ACTIVE,2026-02-13,2026-05-11
0.509,FALSE,CONTRADICTING,0.306,NONE,NORMAL,TRAIN,True,CRIMINAL,ACTIVE,2026-03-24,2026-06-19
0.43,UNKNOWN,NEUTRAL,0.291,NONE,NORMAL,TRAIN,True,CRIMINAL,ACTIVE,2026-07-30,2026-09-23
0.628,CONFIRMED,SUPPORTING,0.907,NONE,NORMAL,TEST,True,AMBIGUOUS,ACTIVE,2025-11-21,2026-05-01
0.055,SUSPECTED,SUPPORTING,0.63,TEMPORAL_ANOMALY,NORMAL,TRAIN,True,CRIMINAL,ACTIVE,2026-01-09,2026-06-05
0.675,SUSPECTED,SUPPORTING,0.611,NONE,NORMAL,VALIDATION,True,LEGITIMATE,ACTIVE,2025-12-13,2026-04-09
0.771,UNKNOWN,NEUTRAL,0.323,CONTEXTUAL_ANOMALY,NORMAL,TRAIN,True,CRIMINAL,ACTIVE,2026-02-26,2026-09-07
0.342,FALSE,CONTRADICTING,0.275,NONE,NORMAL,TRAIN,True,MIXED,ACTIVE,2026-03-18,2026-08-02
0.523,CONFIRMED,SUPPORTING,0.923,NONE,NORMAL,TEST,True,AMBIGUOUS,ACTIVE,2026-02-24,2026-06-21
0.249,CONFIRMED,SUPPORTING,0.877,NONE,NORMAL,TEST,True,AMBIGUOUS,ACTIVE,2025-11-16,2026-03-19
0.561,FALSE,CONTRADICTING,0.142,NONE,NORMAL,TRAIN,True,CRIMINAL,ACTIVE,2025-12-26,2026-05-23
0.705,FALSE,CONTRADICTING,0.305,NONE,NORMAL,TRAIN,True,CRIMINAL,ACTIVE,2026-04-24,2026-10-15
0.451,SUSPECTED,SUPPORTING,0.665,NONE,NORMAL,TRAIN,True,CRIMINAL,ACTIVE,2025-11-01,2026-02-14
0.495,UNKNOWN,NEUTRAL,0.364,NONE,NORMAL,TRAIN,True,MIXED,ACTIVE,2026-03-30,2026-06-23
0.424,SUSPECTED,SUPPORTING,0.616,NONE,NORMAL,TRAIN,True,MIXED,ACTIVE,2026-02-27,2026-06-23
0.344,SUSPECTED,SUPPORTING,0.816,COLLECTIVE_ANOMALY,NORMAL,TEST,True,AMBIGUOUS,ACTIVE,2026-02-11,2026-08-28
0.237,SUSPECTED,SUPPORTING,0.804,NONE,NORMAL,TRAIN,True,MIXED,ACTIVE,2026-03-04,2026-09-16
0.49,UNKNOWN,NEUTRAL,0.297,NONE,REVERSED_RECORD,TRAIN,True,MIXED,ACTIVE,2026-02-16,2026-06-26
0.562,FALSE,CONTRADICTING,0.261,NONE,NORMAL,TRAIN,True,CRIMINAL,ACTIVE,2026-01-08,2026-06-12
0.395,CONFIRMED,SUPPORTING,0.889,NONE,NORMAL,TRAIN,True,MIXED,ACTIVE,2026-03-21,2026-07-31
0.495,UNKNOWN,NEUTRAL,0.366,LEGITIMATE_ANOMALY,NORMAL,TRAIN,True,CRIMINAL,ACTIVE,2026-05-20,2026-08-07
0.735,SUSPECTED,SUPPORTING,0.749,NONE,REVERSED_RECORD,TEST,True,AMBIGUOUS,ACTIVE,2026-02-18,2026-04-16
0.455,CONFIRMED,SUPPORTING,0.853,CONTEXTUAL_ANOMALY,NORMAL,TRAIN,True,CRIMINAL,ACTIVE,2025-11-23,2026-04-30
0.437,FALSE,CONTRADICTING,0.185,LEGITIMATE_ANOMALY,NORMAL,TEST,True,AMBIGUOUS,ACTIVE,2026-02-08,2026-05-17
0.6,SUSPECTED,SUPPORTING,0.684,NONE,NORMAL,TRAIN,True,LEGITIMATE,ACTIVE,2026-02-26,2026-06-17
0.336,SUSPECTED,SUPPORTING,0.585,TEMPORAL_ANOMALY,NORMAL,TRAIN,True,CRIMINAL,ACTIVE,2026-05-25,2026-07-04
0.483,FALSE,CONTRADICTING,0.358,NONE,NORMAL,TRAIN,True,MIXED,ACTIVE,2025-10-21,2026-03-25
0.354,FALSE,CONTRADICTING,0.292,NONE,NORMAL,TRAIN,True,MIXED,ACTIVE,2025-10-25,2026-03-28
0.688,CONFIRMED,SUPPORTING,0.912,NONE,NORMAL,TRAIN,True,CRIMINAL,ACTIVE,2025-12-04,2026-06-25
0.165,CONFIRMED,SUPPORTING,0.947,NONE,NORMAL,VALIDATION,True,LEGITIMATE,ACTIVE,2026-01-04,2026-02-26
0.323,SUSPECTED,SUPPORTING,0.588,NONE,NORMAL,TRAIN,True,CRIMINAL,ACTIVE,2026-06-12,2026-09-25
0.592,CONFIRMED,SUPPORTING,0.932,NONE,NORMAL,TRAIN,True,CRIMINAL,ACTIVE,2026-03-04,2026-07-06
0.403,UNKNOWN,NEUTRAL,0.319,NONE,NORMAL,VALIDATION,True,LEGITIMATE,ACTIVE,2026-01-27,2026-06-17
0.3,CONFIRMED,SUPPORTING,0.907,NONE,NORMAL,TEST,True,AMBIGUOUS,ACTIVE,2026-04-01,2026-08-17
0.806,UNKNOWN,NEUTRAL,0.288,NONE,NORMAL,TRAIN,True,MIXED,ACTIVE,2025-12-12,2026-03-19
0.82,SUSPECTED,SUPPORTING,0.78,NONE,NORMAL,TRAIN,True,CRIMINAL,ACTIVE,2025-11-27,2026-04-12
0.287,SUSPECTED,SUPPORTING,0.803,NONE,NORMAL,TRAIN,True,MIXED,ACTIVE,2026-01-22,2026-05-10
0.169,SUSPECTED,SUPPORTING,0.713,NONE,NORMAL,TRAIN,True,MIXED,ACTIVE,2026-03-28,2026-06-26
0.292,CONFIRMED,SUPPORTING,0.98,NONE,NORMAL,TRAIN,True,MIXED,ACTIVE,2026-05-27,2026-10-12
0.383,FALSE,CONTRADICTING,0.145,NONE,NORMAL,VALIDATION,True,LEGITIMATE,ACTIVE,2026-04-05,2026-06-24
0.497,CONFIRMED,SUPPORTING,0.824,NONE,NORMAL,TRAIN,True,MIXED,ACTIVE,2025-12-29,2026-05-18
0.125,CONFIRMED,SUPPORTING,0.917,NONE,NORMAL,TEST,True,AMBIGUOUS,ACTIVE,2025-12-21,2026-04-08
0.801,SUSPECTED,SUPPORTING,0.649,CONTEXTUAL_ANOMALY,NORMAL,TRAIN,True,CRIMINAL,ACTIVE,2025-12-23,2026-03-18
0.582,CONFIRMED,SUPPORTING,0.875,NONE,NORMAL,TRAIN,True,MIXED,ACTIVE,2026-02-24,2026-08-19
0.536,CONFIRMED,SUPPORTING,0.853,NONE,NORMAL,TRAIN,True,CRIMINAL,ACTIVE,2025-12-03,2026-03-23
0.747,SUSPECTED,SUPPORTING,0.765,NONE,REVERSED_RECORD,TRAIN,True,LEGITIMATE,ACTIVE,2026-04-30,2026-09-05
0.352,CONFIRMED,SUPPORTING,0.854,NONE,NORMAL,TRAIN,True,CRIMINAL,ACTIVE,2025-10-26,2026-03-02
0.853,UNKNOWN,NEUTRAL,0.447,NONE,NORMAL,TRAIN,True,CRIMINAL,ACTIVE,2025-12-18,2026-05-18
0.444,CONFIRMED,SUPPORTING,0.988,NONE,NORMAL,TRAIN,True,CRIMINAL,ACTIVE,2026-07-02,2026-08-19
0.185,CONFIRMED,SUPPORTING,0.837,NONE,NORMAL,TRAIN,True,CRIMINAL,ACTIVE,2026-02-25,2026-06-24
0.632,SUSPECTED,SUPPORTING,0.837,NONE,NORMAL,TRAIN,True,CRIMINAL,ACTIVE,2026-01-19,2026-06-04
0.269,UNKNOWN,NEUTRAL,0.526,NONE,NORMAL,TRAIN,True,MIXED,ACTIVE,2026-01-08,2026-05-26
0.283,FALSE,CONTRADICTING,0.327,NONE,NORMAL,TRAIN,True,MIXED,ACTIVE,2026-06-25,2026-09-13
0.421,SUSPECTED,SUPPORTING,0.619,NONE,NORMAL,TRAIN,True,CRIMINAL,ACTIVE,2026-02-11,2026-05-24
0.804,CONFIRMED,SUPPORTING,0.872,NONE,REVERSED_RECORD,TRAIN,True,CRIMINAL,ACTIVE,2026-01-27,2026-04-01
0.202,CONFIRMED,SUPPORTING,0.845,CRIMINAL_ANOMALY,NORMAL,TEST,True,AMBIGUOUS,ACTIVE,2026-02-19,2026-08-23
0.272,FALSE,CONTRADICTING,0.347,NONE,NORMAL,TRAIN,True,MIXED,ACTIVE,2025-10-30,2026-03-07
0.354,SUSPECTED,SUPPORTING,0.68,NONE,NORMAL,TRAIN,True,CRIMINAL,ACTIVE,2026-06-10,2026-10-28
0.649,FALSE,CONTRADICTING,0.398,NONE,NORMAL,VALIDATION,True,LEGITIMATE,ACTIVE,2026-03-16,2026-06-22
0.573,SUSPECTED,SUPPORTING,0.761,CONTEXTUAL_ANOMALY,NORMAL,TEST,True,AMBIGUOUS,ACTIVE,2026-03-01,2026-04-27
0.631,UNKNOWN,NEUTRAL,0.514,NONE,NORMAL,TRAIN,True,MIXED,ACTIVE,2026-04-26,2026-08-15
0.166,CONFIRMED,SUPPORTING,0.821,NONE,NORMAL,TRAIN,True,CRIMINAL,ACTIVE,2026-01-18,2026-04-21
0.313,UNKNOWN,NEUTRAL,0.428,NONE,NORMAL,TEST,True,AMBIGUOUS,ACTIVE,2026-05-08,2026-06-13
0.179,FALSE,CONTRADICTING,0.161,NONE,NORMAL,VALIDATION,True,LEGITIMATE,ACTIVE,2025-12-07,2026-03-09
0.444,UNKNOWN,NEUTRAL,0.221,NONE,NORMAL,TRAIN,True,CRIMINAL,ACTIVE,2026-01-27,2026-04-01
0.128,SUSPECTED,SUPPORTING,0.659,LEGITIMATE_ANOMALY,NORMAL,TRAIN,True,CRIMINAL,ACTIVE,2026-04-22,2026-07-02
0.478,SUSPECTED,SUPPORTING,0.754,NONE,NORMAL,TRAIN,True,CRIMINAL,ACTIVE,2026-05-17,2026-08-23
0.32,CONFIRMED,SUPPORTING,0.876,NONE,NORMAL,VALIDATION,True,LEGITIMATE,ACTIVE,2025-12-30,2026-03-19
0.529,CONFIRMED,SUPPORTING,0.916,NONE,NORMAL,TEST,True,AMBIGUOUS,ACTIVE,2026-06-02,2026-07-21
0.69,CONFIRMED,SUPPORTING,0.864,COLLECTIVE_ANOMALY,NORMAL,TRAIN,True,MIXED,ACTIVE,2026-01-07,2026-05-05
0.359,UNKNOWN,NEUTRAL,0.28,NONE,NORMAL,TRAIN,True,MIXED,ACTIVE,2026-02-01,2026-07-18
0.781,CONFIRMED,SUPPORTING,0.867,NONE,NORMAL,TEST,True,AMBIGUOUS,ACTIVE,2026-05-01,2026-08-15
0.141,UNKNOWN,NEUTRAL,0.48,NONE,NORMAL,TRAIN,True,CRIMINAL,ACTIVE,2026-04-15,2026-10-06
0.719,CONFIRMED,SUPPORTING,0.92,NONE,NORMAL,VALIDATION,True,LEGITIMATE,ACTIVE,2026-01-08,2026-05-08
0.288,FALSE,CONTRADICTING,0.28,NONE,NORMAL,TEST,True,AMBIGUOUS,ACTIVE,2026-02-28,2026-06-23
0.908,FALSE,CONTRADICTING,0.409,NONE,NORMAL,TEST,True,AMBIGUOUS,ACTIVE,2026-04-03,2026-06-13
0.064,CONFIRMED,SUPPORTING,0.979,NONE,DUPLICATE,TRAIN,True,CRIMINAL,ACTIVE,2025-11-07,2026-03-28
0.61,SUSPECTED,SUPPORTING,0.591,NONE,NORMAL,TRAIN,True,CRIMINAL,ACTIVE,2026-03-24,2026-07-17
0.102,CONFIRMED,SUPPORTING,0.862,NONE,NORMAL,TRAIN,True,CRIMINAL,ACTIVE,2025-11-04,2026-04-21
0.859,FALSE,CONTRADICTING,0.372,NONE,NORMAL,TRAIN,True,CRIMINAL,ACTIVE,2025-10-07,2026-02-07
0.5,UNKNOWN,NEUTRAL,0.391,NONE,NORMAL,TEST,True,AMBIGUOUS,ACTIVE,2026-04-17,2026-08-15
0.428,SUSPECTED,SUPPORTING,0.69,LEGITIMATE_ANOMALY,NORMAL,TRAIN,True,CRIMINAL,ACTIVE,2026-04-21,2026-07-27
0.554,CONFIRMED,SUPPORTING,0.963,NONE,NORMAL,TRAIN,True,CRIMINAL,ACTIVE,2026-04-19,2026-06-22
0.115,FALSE,CONTRADICTING,0.404,CRIMINAL_ANOMALY,NORMAL,TEST,True,AMBIGUOUS,ACTIVE,2026-04-10,2026-07-06
0.86,CONFIRMED,SUPPORTING,0.973,NONE,NORMAL,TRAIN,True,MIXED,ACTIVE,2025-10-03,2026-03-27
0.086,SUSPECTED,SUPPORTING,0.793,NONE,NORMAL,TRAIN,True,MIXED,ACTIVE,2026-01-12,2026-02-24
0.618,FALSE,CONTRADICTING,0.276,NONE,NORMAL,VALIDATION,True,LEGITIMATE,ACTIVE,2026-03-15,2026-07-15
0.83,FALSE,CONTRADICTING,0.314,NONE,NORMAL,VALIDATION,True,LEGITIMATE,ACTIVE,2026-07-09,2026-08-15
0.186,CONFIRMED,SUPPORTING,0.929,NONE,NORMAL,TRAIN,True,MIXED,ACTIVE,2026-05-17,2026-08-30
0.723,FALSE,CONTRADICTING,0.374,NONE,NORMAL,TRAIN,True,MIXED,ACTIVE,2026-01-31,2026-07-01
0.213,CONFIRMED,SUPPORTING,0.869,NONE,NORMAL,TRAIN,True,CRIMINAL,ACTIVE,2025-11-06,2026-03-02
0.324,CONFIRMED,SUPPORTING,0.94,NONE,NORMAL,TRAIN,True,MIXED,ACTIVE,2025-09-23,2026-01-23
0.547,CONFIRMED,SUPPORTING,0.976,NONE,NORMAL,TRAIN,True,MIXED,ACTIVE,2026-06-20,2026-09-15
0.453,CONFIRMED,SUPPORTING,0.93,NONE,NORMAL,TRAIN,True,CRIMINAL,ACTIVE,2026-06-19,2026-07-23
0.351,FALSE,CONTRADICTING,0.361,NONE,NORMAL,TRAIN,True,MIXED,ACTIVE,2026-03-20,2026-07-11
0.566,SUSPECTED,SUPPORTING,0.747,NONE,NORMAL,TRAIN,True,CRIMINAL,ACTIVE,2025-12-28,2026-04-23
0.169,CONFIRMED,SUPPORTING,0.9,NONE,NORMAL,TRAIN,True,CRIMINAL,ACTIVE,2025-11-06,2026-02-18
0.598,SUSPECTED,SUPPORTING,0.726,NONE,NORMAL,TRAIN,True,CRIMINAL,ACTIVE,2026-04-20,2026-07-12
0.204,FALSE,CONTRADICTING,0.396,NONE,NORMAL,TRAIN,True,LEGITIMATE,ACTIVE,2025-12-16,2026-02-18
0.405,CONFIRMED,SUPPORTING,0.821,CRIMINAL_ANOMALY,NORMAL,TRAIN,True,CRIMINAL,ACTIVE,2026-02-11,2026-06-15
0.174,CONFIRMED,SUPPORTING,0.985,NONE,NORMAL,TRAIN,True,MIXED,ACTIVE,2026-02-05,2026-04-25
0.127,FALSE,CONTRADICTING,0.175,NONE,NORMAL,TRAIN,True,CRIMINAL,ACTIVE,2026-02-05,2026-05-07
0.332,SUSPECTED,SUPPORTING,0.798,NONE,NORMAL,TRAIN,True,CRIMINAL,ACTIVE,2026-04-02,2026-07-11
0.278,SUSPECTED,SUPPORTING,0.814,CRIMINAL_ANOMALY,NORMAL,TRAIN,True,CRIMINAL,ACTIVE,2026-08-05,2026-09-26
0.384,CONFIRMED,SUPPORTING,0.888,NONE,NORMAL,TRAIN,True,CRIMINAL,ACTIVE,2026-04-15,2026-07-15
0.406,SUSPECTED,SUPPORTING,0.833,NONE,NORMAL,TRAIN,True,CRIMINAL,ACTIVE,2025-11-08,2026-03-16
0.812,FALSE,CONTRADICTING,0.303,NONE,DUPLICATE,VALIDATION,True,LEGITIMATE,ACTIVE,2026-04-26,2026-07-21
0.775,UNKNOWN,NEUTRAL,0.301,NONE,NORMAL,VALIDATION,True,LEGITIMATE,ACTIVE,2026-02-19,2026-05-18
0.838,CONFIRMED,SUPPORTING,0.845,NONE,NORMAL,TRAIN,True,MIXED,ACTIVE,2026-03-03,2026-04-27
0.776,UNKNOWN,NEUTRAL,0.335,NONE,NORMAL,TRAIN,True,MIXED,ACTIVE,2026-04-14,2026-06-15
0.243,UNKNOWN,NEUTRAL,0.537,NONE,NORMAL,TRAIN,True,LEGITIMATE,ACTIVE,2026-03-05,2026-04-20
0.481,SUSPECTED,SUPPORTING,0.852,NONE,NORMAL,TRAIN,True,CRIMINAL,ACTIVE,2026-04-23,2026-09-23
0.779,UNKNOWN,NEUTRAL,0.356,TEMPORAL_ANOMALY,NORMAL,TRAIN,True,CRIMINAL,ACTIVE,2026-03-11,2026-04-13
0.629,FALSE,CONTRADICTING,0.283,NONE,NORMAL,TEST,True,AMBIGUOUS,ACTIVE,2025-12-02,2026-04-11
0.345,UNKNOWN,NEUTRAL,0.391,NONE,NORMAL,TEST,True,AMBIGUOUS,ACTIVE,2026-02-12,2026-06-07
0.691,FALSE,CONTRADICTING,0.167,NONE,NORMAL,VALIDATION,True,LEGITIMATE,ACTIVE,2026-05-22,2026-08-19
0.161,FALSE,CONTRADICTING,0.303,NONE,NORMAL,VALIDATION,True,LEGITIMATE,ACTIVE,2025-12-05,2026-06-21
0.237,SUSPECTED,SUPPORTING,0.77,TEMPORAL_ANOMALY,NORMAL,TRAIN,True,CRIMINAL,ACTIVE,2026-03-12,2026-08-03
0.22,SUSPECTED,SUPPORTING,0.685,NONE,NORMAL,TRAIN,True,CRIMINAL,ACTIVE,2026-04-23,2026-10-04
0.39,FALSE,CONTRADICTING,0.203,NONE,NORMAL,TRAIN,True,MIXED,ACTIVE,2026-02-27,2026-04-28
0.186,UNKNOWN,NEUTRAL,0.459,NONE,NORMAL,TRAIN,True,LEGITIMATE,ACTIVE,2026-02-04,2026-06-12
0.322,FALSE,CONTRADICTING,0.153,NONE,NORMAL,VALIDATION,True,LEGITIMATE,ACTIVE,2025-12-11,2026-04-19
0.293,CONFIRMED,SUPPORTING,0.933,CONTEXTUAL_ANOMALY,NORMAL,TRAIN,True,MIXED,ACTIVE,2026-04-17,2026-08-21
0.379,CONFIRMED,SUPPORTING,0.962,NONE,NORMAL,TRAIN,True,MIXED,ACTIVE,2025-12-18,2026-06-10
0.208,UNKNOWN,NEUTRAL,0.343,NONE,NORMAL,TRAIN,True,MIXED,ACTIVE,2026-03-18,2026-06-21
0.596,FALSE,CONTRADICTING,0.227,NONE,NORMAL,VALIDATION,True,LEGITIMATE,ACTIVE,2026-05-19,2026-09-12
0.344,UNKNOWN,NEUTRAL,0.532,NONE,REVERSED_RECORD,VALIDATION,True,LEGITIMATE,ACTIVE,2026-03-08,2026-08-08
0.326,UNKNOWN,NEUTRAL,0.54,NONE,NORMAL,TEST,True,AMBIGUOUS,ACTIVE,2026-02-19,2026-07-01
0.302,SUSPECTED,SUPPORTING,0.627,NONE,NORMAL,TRAIN,True,CRIMINAL,ACTIVE,2025-12-27,2026-07-02
0.319,SUSPECTED,SUPPORTING,0.645,NONE,NORMAL,TRAIN,True,CRIMINAL,ACTIVE,2025-12-14,2026-07-11
0.514,CONFIRMED,SUPPORTING,0.902,CRIMINAL_ANOMALY,NORMAL,TEST,True,AMBIGUOUS,ACTIVE,2026-02-21,2026-07-10
0.922,CONFIRMED,SUPPORTING,0.907,NONE,NORMAL,TRAIN,True,CRIMINAL,ACTIVE,2025-09-29,2026-03-19
0.265,SUSPECTED,SUPPORTING,0.825,NONE,NORMAL,TRAIN,True,CRIMINAL,ACTIVE,2025-12-18,2026-04-09
0.515,CONFIRMED,SUPPORTING,0.946,LEGITIMATE_ANOMALY,NORMAL,TRAIN,True,CRIMINAL,ACTIVE,2026-03-24,2026-06-13
0.568,SUSPECTED,SUPPORTING,0.801,NONE,NORMAL,TRAIN,True,MIXED,ACTIVE,2026-06-12,2026-08-18
0.718,CONFIRMED,SUPPORTING,0.837,NONE,NORMAL,TEST,True,AMBIGUOUS,ACTIVE,2026-04-27,2026-09-13
0.935,SUSPECTED,SUPPORTING,0.677,NONE,NORMAL,TRAIN,True,MIXED,ACTIVE,2026-03-18,2026-07-30
0.788,CONFIRMED,SUPPORTING,0.94,NONE,NORMAL,TEST,True,AMBIGUOUS,ACTIVE,2026-03-05,2026-05-26
0.212,SUSPECTED,SUPPORTING,0.736,NONE,NORMAL,TEST,True,AMBIGUOUS,ACTIVE,2026-04-05,2026-07-15
0.364,SUSPECTED,SUPPORTING,0.8,LEGITIMATE_ANOMALY,NORMAL,TRAIN,True,CRIMINAL,ACTIVE,2026-02-16,2026-05-17
0.531,SUSPECTED,SUPPORTING,0.838,NONE,NORMAL,TRAIN,True,CRIMINAL,ACTIVE,2026-04-09,2026-08-12
0.867,SUSPECTED,SUPPORTING,0.812,NONE,NORMAL,TRAIN,True,CRIMINAL,ACTIVE,2026-03-11,2026-09-17
0.777,CONFIRMED,SUPPORTING,0.907,NONE,NORMAL,TRAIN,True,CRIMINAL,ACTIVE,2026-05-05,2026-08-18
0.731,UNKNOWN,NEUTRAL,0.233,NONE,NORMAL,TRAIN,True,CRIMINAL,ACTIVE,2026-03-29,2026-09-03
0.585,FALSE,CONTRADICTING,0.381,TEMPORAL_ANOMALY,NORMAL,TEST,True,AMBIGUOUS,ACTIVE,2026-04-01,2026-06-23
0.557,UNKNOWN,NEUTRAL,0.254,NONE,NORMAL,TRAIN,True,CRIMINAL,ACTIVE,2026-04-27,2026-08-22
0.301,FALSE,CONTRADICTING,0.151,NONE,NORMAL,TEST,True,AMBIGUOUS,ACTIVE,2026-02-03,2026-04-19
0.486,UNKNOWN,NEUTRAL,0.429,NONE,NORMAL,TRAIN,True,LEGITIMATE,ACTIVE,2026-03-09,2026-07-23
0.775,CONFIRMED,SUPPORTING,0.905,CONTEXTUAL_ANOMALY,NORMAL,TRAIN,True,CRIMINAL,ACTIVE,2025-11-11,2026-03-12
0.158,UNKNOWN,NEUTRAL,0.494,NONE,NORMAL,TRAIN,True,CRIMINAL,ACTIVE,2026-06-28,2026-10-28
0.63,SUSPECTED,SUPPORTING,0.688,NONE,NORMAL,TRAIN,True,MIXED,ACTIVE,2026-03-08,2026-07-07
0.863,FALSE,CONTRADICTING,0.176,NONE,REVERSED_RECORD,VALIDATION,True,LEGITIMATE,ACTIVE,2025-11-13,2026-04-08
0.256,UNKNOWN,NEUTRAL,0.456,NONE,NORMAL,VALIDATION,True,LEGITIMATE,ACTIVE,2025-12-26,2026-06-05
0.095,FALSE,CONTRADICTING,0.416,LEGITIMATE_ANOMALY,NORMAL,TRAIN,True,CRIMINAL,ACTIVE,2026-05-31,2026-08-27
0.426,UNKNOWN,NEUTRAL,0.2,NONE,NORMAL,TRAIN,True,MIXED,ACTIVE,2025-12-15,2026-03-12
0.614,SUSPECTED,SUPPORTING,0.74,NONE,NORMAL,TRAIN,True,CRIMINAL,ACTIVE,2025-12-31,2026-05-19
0.149,CONFIRMED,SUPPORTING,0.973,LEGITIMATE_ANOMALY,NORMAL,TRAIN,True,MIXED,ACTIVE,2026-01-22,2026-06-21
0.614,CONFIRMED,SUPPORTING,0.839,NONE,NORMAL,TRAIN,True,CRIMINAL,ACTIVE,2026-05-25,2026-08-15
0.428,CONFIRMED,SUPPORTING,0.9,NONE,NORMAL,TRAIN,True,CRIMINAL,ACTIVE,2026-02-05,2026-05-04
0.745,SUSPECTED,SUPPORTING,0.632,CRIMINAL_ANOMALY,NORMAL,TRAIN,True,MIXED,ACTIVE,2025-09-29,2026-03-29
0.606,SUSPECTED,SUPPORTING,0.739,NONE,NORMAL,TRAIN,True,CRIMINAL,ACTIVE,2026-04-30,2026-07-16
0.466,SUSPECTED,SUPPORTING,0.694,NONE,NORMAL,TRAIN,True,MIXED,ACTIVE,2026-07-05,2026-10-15
0.747,SUSPECTED,SUPPORTING,0.859,CRIMINAL_ANOMALY,NORMAL,TRAIN,True,CRIMINAL,ACTIVE,2026-03-29,2026-07-12
0.409,CONFIRMED,SUPPORTING,0.839,LEGITIMATE_ANOMALY,NORMAL,TRAIN,True,CRIMINAL,ACTIVE,2025-10-12,2026-02-22
0.573,SUSPECTED,SUPPORTING,0.591,NONE,NORMAL,TRAIN,True,CRIMINAL,ACTIVE,2026-02-11,2026-06-15
0.438,SUSPECTED,SUPPORTING,0.77,NONE,FORMATTING_VARIATION,TRAIN,True,MIXED,ACTIVE,2025-12-03,2026-05-02
0.507,UNKNOWN,NEUTRAL,0.246,NONE,NORMAL,TEST,True,AMBIGUOUS,ACTIVE,2025-12-07,2026-04-14
0.555,UNKNOWN,NEUTRAL,0.238,NONE,NORMAL,TRAIN,True,CRIMINAL,ACTIVE,2025-11-12,2026-02-03
0.456,UNKNOWN,NEUTRAL,0.487,NONE,NORMAL,TRAIN,True,MIXED,ACTIVE,2025-10-22,2026-04-08
0.721,SUSPECTED,SUPPORTING,0.595,NONE,NORMAL,TEST,True,AMBIGUOUS,ACTIVE,2025-10-28,2026-05-01
0.726,CONFIRMED,SUPPORTING,0.965,NONE,NORMAL,TRAIN,True,MIXED,ACTIVE,2026-03-25,2026-07-17
0.617,UNKNOWN,NEUTRAL,0.541,LEGITIMATE_ANOMALY,NORMAL,TRAIN,True,CRIMINAL,ACTIVE,2026-02-03,2026-06-25
0.698,CONFIRMED,SUPPORTING,0.971,CONTEXTUAL_ANOMALY,NORMAL,TRAIN,True,CRIMINAL,ACTIVE,2026-04-04,2026-07-14
0.223,CONFIRMED,SUPPORTING,0.964,COLLECTIVE_ANOMALY,NORMAL,VALIDATION,True,LEGITIMATE,ACTIVE,2026-04-14,2026-08-25
0.233,SUSPECTED,SUPPORTING,0.814,NONE,NORMAL,TRAIN,True,CRIMINAL,ACTIVE,2026-06-16,2026-10-01
0.092,UNKNOWN,NEUTRAL,0.284,NONE,FORMATTING_VARIATION,TEST,True,AMBIGUOUS,ACTIVE,2026-04-28,2026-07-31
0.324,SUSPECTED,SUPPORTING,0.663,NONE,NORMAL,TEST,True,AMBIGUOUS,ACTIVE,2026-05-16,2026-07-04
0.649,CONFIRMED,SUPPORTING,0.935,NONE,NORMAL,TRAIN,True,CRIMINAL,ACTIVE,2026-05-21,2026-08-04
0.444,CONFIRMED,SUPPORTING,0.913,NONE,NORMAL,TRAIN,True,CRIMINAL,ACTIVE,2026-04-28,2026-08-06
0.413,SUSPECTED,SUPPORTING,0.663,NONE,FORMATTING_VARIATION,TRAIN,True,CRIMINAL,ACTIVE,2026-01-17,2026-06-05
0.317,CONFIRMED,SUPPORTING,0.833,NONE,NORMAL,TRAIN,True,CRIMINAL,ACTIVE,2025-12-16,2026-04-20
0.368,FALSE,CONTRADICTING,0.203,LEGITIMATE_ANOMALY,NORMAL,TRAIN,True,MIXED,ACTIVE,2026-04-09,2026-07-29
0.215,FALSE,CONTRADICTING,0.262,NONE,NORMAL,TRAIN,True,MIXED,ACTIVE,2026-06-10,2026-08-05
0.482,FALSE,CONTRADICTING,0.358,COLLECTIVE_ANOMALY,NORMAL,TRAIN,True,MIXED,ACTIVE,2026-01-14,2026-03-02
0.495,CONFIRMED,SUPPORTING,0.853,NONE,MISSING_COUNTERPARTY,TRAIN,True,CRIMINAL,ACTIVE,2026-03-07,2026-07-25
0.667,UNKNOWN,NEUTRAL,0.508,NONE,NORMAL,TRAIN,True,CRIMINAL,ACTIVE,2026-05-12,2026-07-07
0.372,UNKNOWN,NEUTRAL,0.335,NONE,NORMAL,TEST,True,AMBIGUOUS,ACTIVE,2025-10-11,2026-04-03
0.229,UNKNOWN,NEUTRAL,0.298,NONE,NORMAL,TRAIN,True,MIXED,ACTIVE,2026-04-09,2026-09-18
0.458,CONFIRMED,SUPPORTING,0.874,NONE,NORMAL,TRAIN,True,CRIMINAL,ACTIVE,2026-01-21,2026-05-09
0.538,CONFIRMED,SUPPORTING,0.929,NONE,NORMAL,TRAIN,True,CRIMINAL,ACTIVE,2026-04-03,2026-09-29
0.667,SUSPECTED,SUPPORTING,0.639,COLLECTIVE_ANOMALY,NORMAL,TRAIN,True,CRIMINAL,ACTIVE,2026-04-21,2026-08-18
0.29,SUSPECTED,SUPPORTING,0.742,CONTEXTUAL_ANOMALY,NORMAL,TRAIN,True,MIXED,ACTIVE,2026-07-01,2026-08-08
0.285,UNKNOWN,NEUTRAL,0.517,CRIMINAL_ANOMALY,NORMAL,TEST,True,AMBIGUOUS,ACTIVE,2025-12-09,2026-06-01
0.437,CONFIRMED,SUPPORTING,0.882,NONE,NORMAL,TRAIN,True,CRIMINAL,ACTIVE,2026-04-30,2026-08-08
0.083,CONFIRMED,SUPPORTING,0.918,NONE,NORMAL,TRAIN,True,MIXED,ACTIVE,2026-02-14,2026-03-27
0.115,FALSE,CONTRADICTING,0.253,NONE,NORMAL,VALIDATION,True,LEGITIMATE,ACTIVE,2025-11-03,2026-03-03
0.196,CONFIRMED,SUPPORTING,0.86,NONE,DUPLICATE,TRAIN,True,CRIMINAL,ACTIVE,2026-01-07,2026-05-21
0.336,UNKNOWN,NEUTRAL,0.231,NONE,NORMAL,TRAIN,True,CRIMINAL,ACTIVE,2025-10-10,2026-04-26
0.416,UNKNOWN,NEUTRAL,0.311,NONE,NORMAL,TRAIN,True,MIXED,ACTIVE,2026-06-04,2026-08-24
0.698,SUSPECTED,SUPPORTING,0.758,NONE,NORMAL,TRAIN,True,CRIMINAL,ACTIVE,2026-04-25,2026-07-20
0.088,UNKNOWN,NEUTRAL,0.446,NONE,NORMAL,TRAIN,True,CRIMINAL,ACTIVE,2026-01-20,2026-05-26
0.466,CONFIRMED,SUPPORTING,0.946,CONTEXTUAL_ANOMALY,NORMAL,VALIDATION,True,LEGITIMATE,ACTIVE,2026-03-16,2026-07-14
0.438,SUSPECTED,SUPPORTING,0.848,NONE,NORMAL,TRAIN,True,CRIMINAL,ACTIVE,2026-07-08,2026-10-31
0.253,UNKNOWN,NEUTRAL,0.326,NONE,NORMAL,TRAIN,True,MIXED,ACTIVE,2026-01-13,2026-07-16
0.261,UNKNOWN,NEUTRAL,0.492,TEMPORAL_ANOMALY,NORMAL,TRAIN,True,CRIMINAL,ACTIVE,2025-12-31,2026-04-13
0.141,SUSPECTED,SUPPORTING,0.732,NONE,NORMAL,TRAIN,True,CRIMINAL,ACTIVE,2026-05-16,2026-08-07
0.771,SUSPECTED,SUPPORTING,0.65,NONE,NORMAL,TRAIN,True,CRIMINAL,ACTIVE,2026-05-05,2026-06-26
0.536,SUSPECTED,SUPPORTING,0.779,NONE,FORMATTING_VARIATION,TRAIN,True,MIXED,ACTIVE,2026-04-26,2026-07-06
0.595,SUSPECTED,SUPPORTING,0.684,LEGITIMATE_ANOMALY,NORMAL,VALIDATION,True,LEGITIMATE,ACTIVE,2025-12-12,2026-04-19
0.233,FALSE,CONTRADICTING,0.329,NONE,NORMAL,TEST,True,AMBIGUOUS,ACTIVE,2025-11-15,2026-03-09
0.7,CONFIRMED,SUPPORTING,0.964,LEGITIMATE_ANOMALY,NORMAL,TRAIN,True,CRIMINAL,ACTIVE,2025-12-13,2026-06-11
0.808,CONFIRMED,SUPPORTING,0.911,CRIMINAL_ANOMALY,NORMAL,TRAIN,True,MIXED,ACTIVE,2026-07-19,2026-09-12
0.26,UNKNOWN,NEUTRAL,0.483,NONE,NORMAL,TRAIN,True,MIXED,ACTIVE,2026-01-10,2026-03-15
0.676,CONFIRMED,SUPPORTING,0.863,NONE,NORMAL,TRAIN,True,CRIMINAL,ACTIVE,2025-11-16,2026-04-09
0.52,CONFIRMED,SUPPORTING,0.837,NONE,NORMAL,TRAIN,True,CRIMINAL,ACTIVE,2025-11-22,2026-02-23
0.186,FALSE,CONTRADICTING,0.21,NONE,NORMAL,TRAIN,True,LEGITIMATE,ACTIVE,2026-02-07,2026-08-06
0.242,CONFIRMED,SUPPORTING,0.84,NONE,NORMAL,TRAIN,True,MIXED,ACTIVE,2026-02-06,2026-06-04
0.455,UNKNOWN,NEUTRAL,0.271,CONTEXTUAL_ANOMALY,NORMAL,TRAIN,True,LEGITIMATE,ACTIVE,2026-02-09,2026-07-25
0.525,UNKNOWN,NEUTRAL,0.313,NONE,NORMAL,TRAIN,True,MIXED,ACTIVE,2026-01-01,2026-04-10
0.229,UNKNOWN,NEUTRAL,0.33,NONE,NORMAL,TRAIN,True,MIXED,ACTIVE,2025-11-11,2026-02-22
0.036,SUSPECTED,SUPPORTING,0.594,NONE,NORMAL,TRAIN,True,MIXED,ACTIVE,2026-03-30,2026-06-05
0.637,CONFIRMED,SUPPORTING,0.976,NONE,NORMAL,TRAIN,True,MIXED,ACTIVE,2025-10-23,2026-03-10
0.44,FALSE,CONTRADICTING,0.242,NONE,NORMAL,TRAIN,True,MIXED,ACTIVE,2026-01-07,2026-04-19
0.717,CONFIRMED,SUPPORTING,0.858,NONE,NORMAL,TRAIN,True,CRIMINAL,ACTIVE,2025-12-24,2026-05-16
0.088,FALSE,CONTRADICTING,0.144,LEGITIMATE_ANOMALY,NORMAL,TEST,True,AMBIGUOUS,ACTIVE,2026-03-14,2026-06-20
0.523,CONFIRMED,SUPPORTING,0.85,NONE,NORMAL,TRAIN,True,CRIMINAL,ACTIVE,2026-07-21,2026-08-19
0.687,SUSPECTED,SUPPORTING,0.823,NONE,NORMAL,TRAIN,True,CRIMINAL,ACTIVE,2026-07-16,2026-09-23
0.255,UNKNOWN,NEUTRAL,0.544,NONE,NORMAL,VALIDATION,True,LEGITIMATE,ACTIVE,2026-07-18,2026-10-12
0.211,SUSPECTED,SUPPORTING,0.789,NONE,NORMAL,TRAIN,True,CRIMINAL,ACTIVE,2026-02-26,2026-08-11
0.803,FALSE,CONTRADICTING,0.204,NONE,NORMAL,VALIDATION,True,LEGITIMATE,ACTIVE,2026-06-28,2026-10-20
0.387,SUSPECTED,SUPPORTING,0.751,NONE,NORMAL,TRAIN,True,MIXED,ACTIVE,2026-03-22,2026-07-11
0.668,CONFIRMED,SUPPORTING,0.899,NONE,MISSING_COUNTERPARTY,TRAIN,True,CRIMINAL,ACTIVE,2026-01-17,2026-03-20
0.466,UNKNOWN,NEUTRAL,0.279,NONE,NORMAL,TRAIN,True,CRIMINAL,ACTIVE,2026-01-23,2026-06-06
0.442,UNKNOWN,NEUTRAL,0.524,NONE,NORMAL,VALIDATION,True,LEGITIMATE,ACTIVE,2025-11-03,2026-02-20
0.735,UNKNOWN,NEUTRAL,0.22,NONE,NORMAL,TRAIN,True,CRIMINAL,ACTIVE,2026-04-19,2026-06-17
0.721,CONFIRMED,SUPPORTING,0.965,NONE,NORMAL,TRAIN,True,CRIMINAL,ACTIVE,2026-03-11,2026-07-09
0.142,SUSPECTED,SUPPORTING,0.852,NONE,NORMAL,TRAIN,True,CRIMINAL,ACTIVE,2026-01-03,2026-06-09
0.249,UNKNOWN,NEUTRAL,0.464,NONE,DUPLICATE,TRAIN,True,MIXED,ACTIVE,2026-06-10,2026-09-03
0.601,UNKNOWN,NEUTRAL,0.322,NONE,NORMAL,TRAIN,True,CRIMINAL,ACTIVE,2026-04-12,2026-05-12
0.566,CONFIRMED,SUPPORTING,0.85,NONE,NORMAL,TRAIN,True,CRIMINAL,ACTIVE,2025-10-30,2026-02-16
0.325,FALSE,CONTRADICTING,0.184,CONTEXTUAL_ANOMALY,NORMAL,VALIDATION,True,LEGITIMATE,ACTIVE,2026-05-06,2026-09-28
0.41,FALSE,CONTRADICTING,0.146,CONTEXTUAL_ANOMALY,NORMAL,TEST,True,AMBIGUOUS,ACTIVE,2026-04-16,2026-10-03
0.481,FALSE,CONTRADICTING,0.203,NONE,NORMAL,TRAIN,True,LEGITIMATE,ACTIVE,2025-11-07,2026-02-18
0.19,SUSPECTED,SUPPORTING,0.673,NONE,NORMAL,TRAIN,True,CRIMINAL,ACTIVE,2026-03-21,2026-06-06
0.396,UNKNOWN,NEUTRAL,0.518,NONE,NORMAL,TEST,True,AMBIGUOUS,ACTIVE,2026-04-30,2026-07-23
0.413,SUSPECTED,SUPPORTING,0.659,NONE,NORMAL,TRAIN,True,MIXED,ACTIVE,2026-02-20,2026-07-20
0.373,UNKNOWN,NEUTRAL,0.248,NONE,NORMAL,TEST,True,AMBIGUOUS,ACTIVE,2026-02-02,2026-05-10
0.729,CONFIRMED,SUPPORTING,0.876,NONE,NORMAL,TRAIN,True,CRIMINAL,ACTIVE,2025-12-24,2026-04-18
0.066,SUSPECTED,SUPPORTING,0.608,NONE,NORMAL,TRAIN,True,CRIMINAL,ACTIVE,2026-01-11,2026-03-18
0.509,FALSE,CONTRADICTING,0.38,CONTEXTUAL_ANOMALY,NORMAL,VALIDATION,True,LEGITIMATE,ACTIVE,2026-02-11,2026-03-21
0.534,SUSPECTED,SUPPORTING,0.797,LEGITIMATE_ANOMALY,NORMAL,TRAIN,True,MIXED,ACTIVE,2025-12-26,2026-04-14
0.4,SUSPECTED,SUPPORTING,0.769,NONE,NORMAL,TRAIN,True,MIXED,ACTIVE,2026-05-11,2026-11-09
0.216,UNKNOWN,NEUTRAL,0.376,TEMPORAL_ANOMALY,NORMAL,VALIDATION,True,LEGITIMATE,ACTIVE,2026-01-31,2026-06-12
0.6,FALSE,CONTRADICTING,0.153,CRIMINAL_ANOMALY,NORMAL,VALIDATION,True,LEGITIMATE,ACTIVE,2026-04-05,2026-08-27
0.142,UNKNOWN,NEUTRAL,0.214,NONE,NORMAL,TRAIN,True,CRIMINAL,ACTIVE,2026-06-14,2026-09-30
0.481,SUSPECTED,SUPPORTING,0.596,NONE,NORMAL,TEST,True,AMBIGUOUS,ACTIVE,2026-03-28,2026-07-31
0.463,CONFIRMED,SUPPORTING,0.834,NONE,FORMATTING_VARIATION,TRAIN,True,CRIMINAL,ACTIVE,2026-07-05,2026-09-12
0.559,FALSE,CONTRADICTING,0.347,NONE,DUPLICATE,TRAIN,True,MIXED,ACTIVE,2026-03-07,2026-05-21
0.792,SUSPECTED,SUPPORTING,0.652,NONE,NORMAL,TRAIN,True,MIXED,ACTIVE,2026-05-01,2026-07-08
0.502,SUSPECTED,SUPPORTING,0.815,NONE,NORMAL,TRAIN,True,MIXED,ACTIVE,2025-10-19,2026-01-27
0.854,SUSPECTED,SUPPORTING,0.846,NONE,NORMAL,TEST,True,AMBIGUOUS,ACTIVE,2026-01-22,2026-06-29
0.465,SUSPECTED,SUPPORTING,0.733,NONE,NORMAL,TRAIN,True,MIXED,ACTIVE,2026-02-07,2026-04-01
0.37,SUSPECTED,SUPPORTING,0.587,NONE,NORMAL,TRAIN,True,MIXED,ACTIVE,2026-05-01,2026-09-02
0.335,UNKNOWN,NEUTRAL,0.273,NONE,NORMAL,TRAIN,True,MIXED,ACTIVE,2025-11-26,2026-04-10
0.357,SUSPECTED,SUPPORTING,0.677,NONE,NORMAL,VALIDATION,True,LEGITIMATE,ACTIVE,2025-12-04,2026-05-03
0.877,SUSPECTED,SUPPORTING,0.712,NONE,NORMAL,TRAIN,True,CRIMINAL,ACTIVE,2026-02-17,2026-07-05
0.355,UNKNOWN,NEUTRAL,0.494,NONE,NORMAL,VALIDATION,True,LEGITIMATE,ACTIVE,2026-05-10,2026-09-27
0.413,SUSPECTED,SUPPORTING,0.847,NONE,DUPLICATE,TRAIN,True,CRIMINAL,ACTIVE,2026-05-27,2026-09-09
0.28,CONFIRMED,SUPPORTING,0.948,NONE,NORMAL,TRAIN,True,CRIMINAL,ACTIVE,2026-04-06,2026-08-29
0.478,CONFIRMED,SUPPORTING,0.901,NONE,NORMAL,VALIDATION,True,LEGITIMATE,ACTIVE,2026-04-07,2026-05-14
0.286,CONFIRMED,SUPPORTING,0.903,CRIMINAL_ANOMALY,NORMAL,TRAIN,True,CRIMINAL,ACTIVE,2025-12-13,2026-01-25
0.347,FALSE,CONTRADICTING,0.347,NONE,NORMAL,TEST,True,AMBIGUOUS,ACTIVE,2026-01-31,2026-05-01
0.503,CONFIRMED,SUPPORTING,0.97,NONE,NORMAL,TRAIN,True,MIXED,ACTIVE,2025-12-07,2026-06-13
0.133,UNKNOWN,NEUTRAL,0.416,CRIMINAL_ANOMALY,NORMAL,TRAIN,True,CRIMINAL,ACTIVE,2026-04-28,2026-06-22
0.243,UNKNOWN,NEUTRAL,0.292,NONE,NORMAL,TRAIN,True,MIXED,ACTIVE,2026-01-28,2026-06-04
0.633,SUSPECTED,SUPPORTING,0.638,TEMPORAL_ANOMALY,MISSING_COUNTERPARTY,TEST,True,AMBIGUOUS,ACTIVE,2026-04-23,2026-07-31
0.663,CONFIRMED,SUPPORTING,0.855,NONE,NORMAL,TRAIN,True,CRIMINAL,ACTIVE,2026-01-31,2026-06-27
0.273,FALSE,CONTRADICTING,0.38,NONE,NORMAL,TRAIN,True,MIXED,ACTIVE,2026-01-22,2026-03-21
0.616,CONFIRMED,SUPPORTING,0.975,NONE,NORMAL,TRAIN,True,CRIMINAL,ACTIVE,2026-05-31,2026-08-22
0.68,FALSE,CONTRADICTING,0.13,NONE,NORMAL,TRAIN,True,LEGITIMATE,ACTIVE,2026-02-01,2026-05-17
0.332,UNKNOWN,NEUTRAL,0.207,NONE,NORMAL,TRAIN,True,LEGITIMATE,ACTIVE,2026-06-07,2026-10-21
0.321,UNKNOWN,NEUTRAL,0.349,NONE,NORMAL,TRAIN,True,CRIMINAL,ACTIVE,2026-01-27,2026-06-26
0.263,CONFIRMED,SUPPORTING,0.966,NONE,NORMAL,TRAIN,True,MIXED,ACTIVE,2026-02-16,2026-08-19
0.852,FALSE,CONTRADICTING,0.192,CONTEXTUAL_ANOMALY,NORMAL,TEST,True,AMBIGUOUS,ACTIVE,2026-03-15,2026-07-22
0.72,UNKNOWN,NEUTRAL,0.475,NONE,NORMAL,TEST,True,AMBIGUOUS,ACTIVE,2026-02-02,2026-08-19
0.335,CONFIRMED,SUPPORTING,0.861,NONE,NORMAL,TEST,True,AMBIGUOUS,ACTIVE,2026-06-20,2026-10-07
0.43,SUSPECTED,SUPPORTING,0.805,NONE,NORMAL,TRAIN,True,CRIMINAL,ACTIVE,2026-07-15,2026-09-27
0.029,CONFIRMED,SUPPORTING,0.909,TEMPORAL_ANOMALY,NORMAL,TRAIN,True,CRIMINAL,ACTIVE,2026-05-27,2026-08-06
0.575,CONFIRMED,SUPPORTING,0.874,CONTEXTUAL_ANOMALY,NORMAL,TRAIN,True,CRIMINAL,ACTIVE,2026-07-30,2026-10-04
0.809,CONFIRMED,SUPPORTING,0.901,LEGITIMATE_ANOMALY,NORMAL,VALIDATION,True,LEGITIMATE,ACTIVE,2026-04-01,2026-09-13
0.739,SUSPECTED,SUPPORTING,0.793,NONE,NORMAL,TEST,True,AMBIGUOUS,ACTIVE,2026-01-21,2026-06-30
0.69,SUSPECTED,SUPPORTING,0.818,CRIMINAL_ANOMALY,NORMAL,TRAIN,True,CRIMINAL,ACTIVE,2026-03-14,2026-07-03
0.749,SUSPECTED,SUPPORTING,0.785,LEGITIMATE_ANOMALY,NORMAL,TRAIN,True,CRIMINAL,ACTIVE,2026-06-16,2026-10-06
0.639,UNKNOWN,NEUTRAL,0.389,NONE,NORMAL,TRAIN,True,CRIMINAL,ACTIVE,2026-02-04,2026-07-03
0.519,UNKNOWN,NEUTRAL,0.307,TEMPORAL_ANOMALY,NORMAL,TRAIN,True,MIXED,ACTIVE,2025-11-22,2026-03-29
0.59,SUSPECTED,SUPPORTING,0.695,TEMPORAL_ANOMALY,NORMAL,TRAIN,True,CRIMINAL,ACTIVE,2026-04-28,2026-10-18
0.328,UNKNOWN,NEUTRAL,0.242,NONE,NORMAL,TRAIN,True,CRIMINAL,ACTIVE,2026-03-15,2026-05-31
0.427,CONFIRMED,SUPPORTING,0.929,NONE,NORMAL,TRAIN,True,MIXED,ACTIVE,2025-09-23,2026-02-16
0.286,FALSE,CONTRADICTING,0.343,NONE,NORMAL,VALIDATION,True,LEGITIMATE,ACTIVE,2026-04-26,2026-06-17
0.354,SUSPECTED,SUPPORTING,0.738,NONE,NORMAL,TRAIN,True,CRIMINAL,ACTIVE,2026-05-30,2026-10-02
0.102,SUSPECTED,SUPPORTING,0.721,NONE,NORMAL,TRAIN,True,CRIMINAL,ACTIVE,2026-05-27,2026-08-19
0.747,CONFIRMED,SUPPORTING,0.928,NONE,NORMAL,TRAIN,True,CRIMINAL,ACTIVE,2026-05-21,2026-09-12
0.489,FALSE,CONTRADICTING,0.409,NONE,NORMAL,TRAIN,True,MIXED,ACTIVE,2026-01-17,2026-06-26
0.782,UNKNOWN,NEUTRAL,0.246,NONE,NORMAL,TEST,True,AMBIGUOUS,ACTIVE,2026-02-21,2026-07-24
0.223,SUSPECTED,SUPPORTING,0.797,NONE,NORMAL,TRAIN,True,CRIMINAL,ACTIVE,2026-04-28,2026-09-11
0.651,UNKNOWN,NEUTRAL,0.307,NONE,NORMAL,TRAIN,True,CRIMINAL,ACTIVE,2026-06-14,2026-10-15
0.534,CONFIRMED,SUPPORTING,0.884,NONE,NORMAL,TRAIN,True,CRIMINAL,ACTIVE,2025-12-06,2026-05-09
0.57,UNKNOWN,NEUTRAL,0.518,NONE,NORMAL,TRAIN,True,MIXED,ACTIVE,2026-02-26,2026-06-13
0.709,CONFIRMED,SUPPORTING,0.921,NONE,NORMAL,TRAIN,True,CRIMINAL,ACTIVE,2025-11-26,2026-04-27
0.296,FALSE,CONTRADICTING,0.254,NONE,NORMAL,TRAIN,True,CRIMINAL,ACTIVE,2026-05-11,2026-08-29
0.73,FALSE,CONTRADICTING,0.295,NONE,NORMAL,VALIDATION,True,LEGITIMATE,ACTIVE,2026-03-25,2026-08-01
0.155,SUSPECTED,SUPPORTING,0.694,LEGITIMATE_ANOMALY,NORMAL,TEST,True,AMBIGUOUS,ACTIVE,2026-07-12,2026-10-23
0.701,CONFIRMED,SUPPORTING,0.883,NONE,NORMAL,VALIDATION,True,LEGITIMATE,ACTIVE,2026-04-27,2026-08-20
0.415,UNKNOWN,NEUTRAL,0.5,NONE,NORMAL,VALIDATION,True,LEGITIMATE,ACTIVE,2026-01-29,2026-03-26
0.278,CONFIRMED,SUPPORTING,0.981,NONE,NORMAL,TRAIN,True,MIXED,ACTIVE,2026-04-07,2026-05-20
0.425,CONFIRMED,SUPPORTING,0.981,NONE,NORMAL,TRAIN,True,CRIMINAL,ACTIVE,2026-02-03,2026-07-13
0.571,FALSE,CONTRADICTING,0.334,NONE,NORMAL,TRAIN,True,MIXED,ACTIVE,2026-06-26,2026-08-27
0.311,SUSPECTED,SUPPORTING,0.606,NONE,NORMAL,VALIDATION,True,LEGITIMATE,ACTIVE,2025-11-27,2026-04-15
0.096,FALSE,CONTRADICTING,0.143,NONE,NORMAL,TRAIN,True,CRIMINAL,ACTIVE,2026-05-04,2026-08-11
0.537,SUSPECTED,SUPPORTING,0.666,NONE,NORMAL,TEST,True,AMBIGUOUS,ACTIVE,2025-10-05,2026-02-11
0.405,FALSE,CONTRADICTING,0.346,CONTEXTUAL_ANOMALY,NORMAL,TRAIN,True,LEGITIMATE,ACTIVE,2026-05-02,2026-07-14
0.469,CONFIRMED,SUPPORTING,0.846,NONE,NORMAL,TRAIN,True,CRIMINAL,ACTIVE,2025-09-22,2026-02-01
0.521,UNKNOWN,NEUTRAL,0.453,NONE,NORMAL,TRAIN,True,CRIMINAL,ACTIVE,2026-04-29,2026-08-29
0.388,CONFIRMED,SUPPORTING,0.829,NONE,NORMAL,TRAIN,True,CRIMINAL,ACTIVE,2026-05-18,2026-09-09
0.1,FALSE,CONTRADICTING,0.276,NONE,NORMAL,TRAIN,True,CRIMINAL,ACTIVE,2025-10-26,2026-05-13
0.507,SUSPECTED,SUPPORTING,0.822,NONE,NORMAL,TRAIN,True,CRIMINAL,ACTIVE,2026-04-09,2026-07-09
0.453,CONFIRMED,SUPPORTING,0.974,NONE,NORMAL,TRAIN,True,CRIMINAL,ACTIVE,2026-02-08,2026-05-15
0.386,FALSE,CONTRADICTING,0.228,NONE,NORMAL,VALIDATION,True,LEGITIMATE,ACTIVE,2026-02-05,2026-05-26
0.553,UNKNOWN,NEUTRAL,0.276,NONE,NORMAL,TRAIN,True,CRIMINAL,ACTIVE,2025-10-26,2026-03-02
0.223,FALSE,CONTRADICTING,0.206,NONE,NORMAL,TRAIN,True,CRIMINAL,ACTIVE,2025-11-05,2026-02-06
0.531,UNKNOWN,NEUTRAL,0.393,NONE,NORMAL,TRAIN,True,CRIMINAL,ACTIVE,2026-05-04,2026-08-17
0.242,CONFIRMED,SUPPORTING,0.93,NONE,NORMAL,TRAIN,True,CRIMINAL,ACTIVE,2026-04-10,2026-07-14
0.254,SUSPECTED,SUPPORTING,0.603,NONE,NORMAL,VALIDATION,True,LEGITIMATE,ACTIVE,2026-01-22,2026-05-11
0.542,UNKNOWN,NEUTRAL,0.285,NONE,NORMAL,TRAIN,True,CRIMINAL,ACTIVE,2026-03-01,2026-06-07
0.251,FALSE,CONTRADICTING,0.418,NONE,NORMAL,VALIDATION,True,LEGITIMATE,ACTIVE,2026-02-08,2026-06-26
0.073,FALSE,CONTRADICTING,0.191,NONE,NORMAL,TRAIN,True,MIXED,ACTIVE,2026-02-05,2026-08-19
0.425,CONFIRMED,SUPPORTING,0.989,NONE,NORMAL,TRAIN,True,CRIMINAL,ACTIVE,2026-04-18,2026-08-10
0.897,UNKNOWN,NEUTRAL,0.372,NONE,NORMAL,TEST,True,AMBIGUOUS,ACTIVE,2026-05-02,2026-07-06
0.555,UNKNOWN,NEUTRAL,0.517,NONE,NORMAL,TRAIN,True,MIXED,ACTIVE,2026-02-01,2026-05-11
0.157,CONFIRMED,SUPPORTING,0.85,CONTEXTUAL_ANOMALY,NORMAL,VALIDATION,True,LEGITIMATE,ACTIVE,2026-05-11,2026-09-05
0.849,UNKNOWN,NEUTRAL,0.44,NONE,NORMAL,TRAIN,True,MIXED,ACTIVE,2026-02-08,2026-05-12
0.476,CONFIRMED,SUPPORTING,0.973,NONE,NORMAL,TRAIN,True,CRIMINAL,ACTIVE,2025-10-20,2026-02-19
0.68,UNKNOWN,NEUTRAL,0.366,NONE,NORMAL,TRAIN,True,CRIMINAL,ACTIVE,2026-02-23,2026-06-11
0.321,CONFIRMED,SUPPORTING,0.97,CONTEXTUAL_ANOMALY,NORMAL,TRAIN,True,MIXED,ACTIVE,2026-01-30,2026-03-19
0.523,SUSPECTED,SUPPORTING,0.856,NONE,NORMAL,TEST,True,AMBIGUOUS,ACTIVE,2026-04-13,2026-07-28
0.774,SUSPECTED,SUPPORTING,0.754,NONE,NORMAL,TRAIN,True,CRIMINAL,ACTIVE,2026-08-06,2026-10-18
0.669,CONFIRMED,SUPPORTING,0.862,NONE,NORMAL,TRAIN,True,MIXED,ACTIVE,2026-06-19,2026-10-03
0.403,CONFIRMED,SUPPORTING,0.876,NONE,NORMAL,TRAIN,True,CRIMINAL,ACTIVE,2025-11-11,2026-03-04
0.636,UNKNOWN,NEUTRAL,0.267,NONE,NORMAL,TRAIN,True,MIXED,ACTIVE,2026-05-25,2026-09-19
0.35,SUSPECTED,SUPPORTING,0.802,NONE,NORMAL,TRAIN,True,CRIMINAL,ACTIVE,2026-03-12,2026-08-11
0.278,SUSPECTED,SUPPORTING,0.669,NONE,NORMAL,TRAIN,True,CRIMINAL,ACTIVE,2025-11-24,2026-01-29
0.617,CONFIRMED,SUPPORTING,0.955,LEGITIMATE_ANOMALY,NORMAL,VALIDATION,True,LEGITIMATE,ACTIVE,2026-02-03,2026-05-24
0.838,UNKNOWN,NEUTRAL,0.54,NONE,NORMAL,TRAIN,True,CRIMINAL,ACTIVE,2026-02-28,2026-08-29
0.043,UNKNOWN,NEUTRAL,0.54,NONE,NORMAL,TRAIN,True,MIXED,ACTIVE,2026-04-23,2026-09-13
0.442,SUSPECTED,SUPPORTING,0.804,NONE,NORMAL,TRAIN,True,MIXED,ACTIVE,2026-04-27,2026-07-14
0.676,CONFIRMED,SUPPORTING,0.835,LEGITIMATE_ANOMALY,NORMAL,TRAIN,True,CRIMINAL,ACTIVE,2026-07-18,2026-08-19
0.563,UNKNOWN,NEUTRAL,0.417,NONE,NORMAL,TRAIN,True,MIXED,ACTIVE,2026-02-22,2026-06-12
0.509,UNKNOWN,NEUTRAL,0.394,NONE,NORMAL,VALIDATION,True,LEGITIMATE,ACTIVE,2025-09-24,2026-03-01
0.272,SUSPECTED,SUPPORTING,0.672,NONE,REVERSED_RECORD,TRAIN,True,MIXED,ACTIVE,2026-04-13,2026-07-18
0.636,SUSPECTED,SUPPORTING,0.598,NONE,NORMAL,TEST,True,AMBIGUOUS,ACTIVE,2026-04-04,2026-07-12
0.728,UNKNOWN,NEUTRAL,0.27,NONE,NORMAL,TRAIN,True,MIXED,ACTIVE,2026-05-20,2026-09-01
0.27,CONFIRMED,SUPPORTING,0.9,NONE,NORMAL,TRAIN,True,CRIMINAL,ACTIVE,2026-02-17,2026-06-07
0.581,UNKNOWN,NEUTRAL,0.252,CONTEXTUAL_ANOMALY,NORMAL,TRAIN,True,CRIMINAL,ACTIVE,2025-12-06,2026-05-12
0.286,FALSE,CONTRADICTING,0.38,NONE,NORMAL,TRAIN,True,CRIMINAL,ACTIVE,2026-05-02,2026-08-24
0.57,CONFIRMED,SUPPORTING,0.913,NONE,NORMAL,TRAIN,True,CRIMINAL,ACTIVE,2025-12-05,2026-04-30
0.354,UNKNOWN,NEUTRAL,0.523,NONE,MISSING_COUNTERPARTY,TRAIN,True,CRIMINAL,ACTIVE,2025-12-24,2026-06-07
0.138,CONFIRMED,SUPPORTING,0.888,NONE,NORMAL,TRAIN,True,MIXED,ACTIVE,2026-03-10,2026-04-14
0.465,FALSE,CONTRADICTING,0.132,TEMPORAL_ANOMALY,FORMATTING_VARIATION,TRAIN,True,CRIMINAL,ACTIVE,2026-01-16,2026-04-28
0.182,CONFIRMED,SUPPORTING,0.883,NONE,NORMAL,VALIDATION,True,LEGITIMATE,ACTIVE,2026-01-20,2026-06-18
0.812,SUSPECTED,SUPPORTING,0.633,NONE,NORMAL,TRAIN,True,CRIMINAL,ACTIVE,2026-06-02,2026-07-23
0.83,CONFIRMED,SUPPORTING,0.86,NONE,NORMAL,TRAIN,True,MIXED,ACTIVE,2025-12-27,2026-03-01
0.284,CONFIRMED,SUPPORTING,0.932,COLLECTIVE_ANOMALY,NORMAL,TRAIN,True,MIXED,ACTIVE,2025-12-05,2026-04-01
0.164,FALSE,CONTRADICTING,0.146,NONE,NORMAL,TRAIN,True,LEGITIMATE,ACTIVE,2026-02-04,2026-06-14
0.613,UNKNOWN,NEUTRAL,0.347,NONE,NORMAL,TEST,True,AMBIGUOUS,ACTIVE,2026-03-12,2026-05-09
0.554,CONFIRMED,SUPPORTING,0.848,NONE,MISSING_COUNTERPARTY,VALIDATION,True,LEGITIMATE,ACTIVE,2026-02-22,2026-05-06
0.531,FALSE,CONTRADICTING,0.302,CONTEXTUAL_ANOMALY,FORMATTING_VARIATION,TRAIN,True,MIXED,ACTIVE,2025-12-13,2026-02-16
0.455,UNKNOWN,NEUTRAL,0.223,CONTEXTUAL_ANOMALY,NORMAL,TRAIN,True,MIXED,ACTIVE,2026-07-14,2026-10-12
0.404,SUSPECTED,SUPPORTING,0.78,NONE,NORMAL,TRAIN,True,MIXED,ACTIVE,2026-03-29,2026-06-11
0.807,CONFIRMED,SUPPORTING,0.823,NONE,NORMAL,TRAIN,True,CRIMINAL,ACTIVE,2026-04-17,2026-08-27
0.761,UNKNOWN,NEUTRAL,0.331,NONE,NORMAL,VALIDATION,True,LEGITIMATE,ACTIVE,2026-05-13,2026-09-28
0.724,SUSPECTED,SUPPORTING,0.74,NONE,NORMAL,TRAIN,True,MIXED,ACTIVE,2026-02-17,2026-05-05
0.131,SUSPECTED,SUPPORTING,0.72,NONE,NORMAL,TRAIN,True,MIXED,ACTIVE,2026-03-10,2026-07-03
0.238,UNKNOWN,NEUTRAL,0.534,NONE,NORMAL,TEST,True,AMBIGUOUS,ACTIVE,2026-01-14,2026-05-24
0.298,CONFIRMED,SUPPORTING,0.945,LEGITIMATE_ANOMALY,NORMAL,TEST,True,AMBIGUOUS,ACTIVE,2026-01-13,2026-06-30
0.075,FALSE,CONTRADICTING,0.163,NONE,NORMAL,TRAIN,True,MIXED,ACTIVE,2026-01-16,2026-06-28
0.539,UNKNOWN,NEUTRAL,0.204,NONE,NORMAL,TEST,True,AMBIGUOUS,ACTIVE,2026-05-04,2026-07-11
0.672,UNKNOWN,NEUTRAL,0.452,LEGITIMATE_ANOMALY,NORMAL,TEST,True,AMBIGUOUS,ACTIVE,2026-03-16,2026-06-26
0.129,SUSPECTED,SUPPORTING,0.737,NONE,NORMAL,TRAIN,True,MIXED,ACTIVE,2025-12-20,2026-04-09
0.077,SUSPECTED,SUPPORTING,0.713,NONE,NORMAL,TEST,True,AMBIGUOUS,ACTIVE,2026-04-11,2026-05-27
0.338,FALSE,CONTRADICTING,0.268,NONE,NORMAL,VALIDATION,True,LEGITIMATE,ACTIVE,2026-04-05,2026-09-30
0.469,FALSE,CONTRADICTING,0.367,NONE,NORMAL,TEST,True,AMBIGUOUS,ACTIVE,2026-04-06,2026-08-11
0.407,SUSPECTED,SUPPORTING,0.634,NONE,NORMAL,TRAIN,True,CRIMINAL,ACTIVE,2025-12-30,2026-05-05
0.785,SUSPECTED,SUPPORTING,0.657,NONE,NORMAL,TEST,True,AMBIGUOUS,ACTIVE,2025-12-16,2026-06-27
0.449,UNKNOWN,NEUTRAL,0.483,NONE,NORMAL,TEST,True,AMBIGUOUS,ACTIVE,2026-04-01,2026-06-12
0.616,SUSPECTED,SUPPORTING,0.838,NONE,NORMAL,TRAIN,True,MIXED,ACTIVE,2026-06-01,2026-10-27
0.285,SUSPECTED,SUPPORTING,0.658,NONE,NORMAL,TRAIN,True,MIXED,ACTIVE,2026-05-25,2026-08-15
0.217,SUSPECTED,SUPPORTING,0.801,CONTEXTUAL_ANOMALY,NORMAL,VALIDATION,True,LEGITIMATE,ACTIVE,2026-04-09,2026-06-25
0.398,CONFIRMED,SUPPORTING,0.888,LEGITIMATE_ANOMALY,NORMAL,TRAIN,True,CRIMINAL,ACTIVE,2025-12-30,2026-06-30
0.276,FALSE,CONTRADICTING,0.372,NONE,NORMAL,TEST,True,AMBIGUOUS,ACTIVE,2025-12-22,2026-06-14
0.388,SUSPECTED,SUPPORTING,0.586,NONE,NORMAL,TEST,True,AMBIGUOUS,ACTIVE,2026-04-23,2026-08-13
0.312,CONFIRMED,SUPPORTING,0.878,NONE,NORMAL,TRAIN,True,CRIMINAL,ACTIVE,2025-12-07,2026-06-17
0.341,SUSPECTED,SUPPORTING,0.597,NONE,NORMAL,VALIDATION,True,LEGITIMATE,ACTIVE,2026-01-24,2026-06-22
0.316,SUSPECTED,SUPPORTING,0.639,NONE,NORMAL,TRAIN,True,CRIMINAL,ACTIVE,2026-05-17,2026-07-23
0.156,FALSE,CONTRADICTING,0.25,NONE,NORMAL,TRAIN,True,CRIMINAL,ACTIVE,2026-03-10,2026-08-29
0.501,UNKNOWN,NEUTRAL,0.33,NONE,NORMAL,TRAIN,True,LEGITIMATE,ACTIVE,2026-02-25,2026-07-31
0.123,SUSPECTED,SUPPORTING,0.656,NONE,NORMAL,TRAIN,True,MIXED,ACTIVE,2026-05-04,2026-10-10
0.402,CONFIRMED,SUPPORTING,0.985,NONE,NORMAL,TRAIN,True,CRIMINAL,ACTIVE,2026-01-04,2026-06-24
0.14,UNKNOWN,NEUTRAL,0.245,NONE,NORMAL,TRAIN,True,CRIMINAL,ACTIVE,2026-02-13,2026-05-20
0.434,UNKNOWN,NEUTRAL,0.532,NONE,NORMAL,TRAIN,True,MIXED,ACTIVE,2026-02-04,2026-05-26
0.446,FALSE,CONTRADICTING,0.275,NONE,NORMAL,TEST,True,AMBIGUOUS,ACTIVE,2026-04-20,2026-09-11
0.685,SUSPECTED,SUPPORTING,0.606,NONE,FORMATTING_VARIATION,TRAIN,True,MIXED,ACTIVE,2026-06-10,2026-09-14
0.443,CONFIRMED,SUPPORTING,0.862,NONE,NORMAL,TRAIN,True,CRIMINAL,ACTIVE,2026-05-17,2026-07-21
0.627,UNKNOWN,NEUTRAL,0.248,NONE,NORMAL,TEST,True,AMBIGUOUS,ACTIVE,2026-01-13,2026-05-16
0.764,SUSPECTED,SUPPORTING,0.685,NONE,NORMAL,TRAIN,True,MIXED,ACTIVE,2025-11-28,2026-05-08
0.596,SUSPECTED,SUPPORTING,0.73,NONE,NORMAL,TRAIN,True,MIXED,ACTIVE,2026-03-28,2026-05-09
0.225,FALSE,CONTRADICTING,0.324,NONE,NORMAL,VALIDATION,True,LEGITIMATE,ACTIVE,2026-04-13,2026-07-05
0.783,CONFIRMED,SUPPORTING,0.926,NONE,NORMAL,TRAIN,True,CRIMINAL,ACTIVE,2026-04-21,2026-09-10
0.509,SUSPECTED,SUPPORTING,0.635,NONE,NORMAL,TRAIN,True,LEGITIMATE,ACTIVE,2026-02-01,2026-06-08
0.496,FALSE,CONTRADICTING,0.203,NONE,NORMAL,VALIDATION,True,LEGITIMATE,ACTIVE,2025-10-15,2026-04-04
0.082,FALSE,CONTRADICTING,0.138,NONE,NORMAL,VALIDATION,True,LEGITIMATE,ACTIVE,2026-05-03,2026-07-08
0.492,CONFIRMED,SUPPORTING,0.887,NONE,NORMAL,TRAIN,True,CRIMINAL,ACTIVE,2026-06-22,2026-10-02
0.741,FALSE,CONTRADICTING,0.198,NONE,NORMAL,VALIDATION,True,LEGITIMATE,ACTIVE,2026-01-31,2026-05-01
0.745,FALSE,CONTRADICTING,0.269,NONE,NORMAL,TRAIN,True,CRIMINAL,ACTIVE,2026-05-12,2026-08-05
0.309,CONFIRMED,SUPPORTING,0.895,NONE,NORMAL,TRAIN,True,MIXED,ACTIVE,2026-01-26,2026-05-04
0.541,UNKNOWN,NEUTRAL,0.391,NONE,NORMAL,VALIDATION,True,LEGITIMATE,ACTIVE,2025-11-21,2026-04-02
0.611,CONFIRMED,SUPPORTING,0.922,NONE,MISSING_COUNTERPARTY,TRAIN,True,MIXED,ACTIVE,2025-12-27,2026-03-04
0.714,UNKNOWN,NEUTRAL,0.33,LEGITIMATE_ANOMALY,NORMAL,TEST,True,AMBIGUOUS,ACTIVE,2026-04-05,2026-07-18
0.715,UNKNOWN,NEUTRAL,0.519,NONE,NORMAL,TRAIN,True,CRIMINAL,ACTIVE,2026-04-04,2026-05-21
0.1,SUSPECTED,SUPPORTING,0.614,NONE,NORMAL,TRAIN,True,MIXED,ACTIVE,2025-12-29,2026-03-24
0.419,UNKNOWN,NEUTRAL,0.505,NONE,NORMAL,TRAIN,True,CRIMINAL,ACTIVE,2026-03-27,2026-09-18
0.423,SUSPECTED,SUPPORTING,0.659,NONE,NORMAL,VALIDATION,True,LEGITIMATE,ACTIVE,2026-04-26,2026-09-10
0.419,FALSE,CONTRADICTING,0.327,NONE,NORMAL,TRAIN,True,CRIMINAL,ACTIVE,2025-12-03,2026-03-15
0.261,SUSPECTED,SUPPORTING,0.845,NONE,NORMAL,TRAIN,True,CRIMINAL,ACTIVE,2026-03-12,2026-06-05
0.501,SUSPECTED,SUPPORTING,0.68,CRIMINAL_ANOMALY,NORMAL,VALIDATION,True,LEGITIMATE,ACTIVE,2025-09-24,2026-01-23
0.245,SUSPECTED,SUPPORTING,0.809,NONE,NORMAL,TRAIN,True,CRIMINAL,ACTIVE,2026-06-25,2026-08-27
0.701,CONFIRMED,SUPPORTING,0.88,NONE,NORMAL,TRAIN,True,CRIMINAL,ACTIVE,2026-05-14,2026-09-11
0.487,UNKNOWN,NEUTRAL,0.514,NONE,NORMAL,TRAIN,True,CRIMINAL,ACTIVE,2026-04-03,2026-08-10
0.413,FALSE,CONTRADICTING,0.395,CRIMINAL_ANOMALY,NORMAL,TRAIN,True,CRIMINAL,ACTIVE,2026-02-09,2026-07-28
0.498,FALSE,CONTRADICTING,0.357,CRIMINAL_ANOMALY,NORMAL,TRAIN,True,MIXED,ACTIVE,2026-06-14,2026-09-22
0.373,CONFIRMED,SUPPORTING,0.833,NONE,NORMAL,TRAIN,True,CRIMINAL,ACTIVE,2026-01-17,2026-05-24
0.675,SUSPECTED,SUPPORTING,0.719,NONE,NORMAL,TRAIN,True,MIXED,ACTIVE,2026-06-15,2026-09-27
0.482,FALSE,CONTRADICTING,0.221,NONE,NORMAL,TRAIN,True,MIXED,ACTIVE,2026-05-02,2026-09-03
0.267,SUSPECTED,SUPPORTING,0.785,NONE,NORMAL,TRAIN,True,MIXED,ACTIVE,2025-11-07,2026-05-06
0.598,SUSPECTED,SUPPORTING,0.663,NONE,NORMAL,TRAIN,True,CRIMINAL,ACTIVE,2025-11-03,2026-02-19
0.625,CONFIRMED,SUPPORTING,0.968,CONTEXTUAL_ANOMALY,NORMAL,TRAIN,True,CRIMINAL,ACTIVE,2026-01-22,2026-04-08
0.421,CONFIRMED,SUPPORTING,0.853,NONE,NORMAL,TRAIN,True,CRIMINAL,ACTIVE,2026-05-09,2026-09-25
0.724,FALSE,CONTRADICTING,0.312,NONE,REVERSED_RECORD,TRAIN,True,CRIMINAL,ACTIVE,2026-02-22,2026-06-03
0.389,UNKNOWN,NEUTRAL,0.25,TEMPORAL_ANOMALY,NORMAL,TRAIN,True,MIXED,ACTIVE,2026-07-08,2026-09-04
0.511,CONFIRMED,SUPPORTING,0.9,NONE,NORMAL,TRAIN,True,CRIMINAL,ACTIVE,2025-12-05,2026-02-07
0.717,FALSE,CONTRADICTING,0.345,NONE,NORMAL,TRAIN,True,MIXED,ACTIVE,2025-09-20,2026-02-03
0.495,CONFIRMED,SUPPORTING,0.976,NONE,NORMAL,TRAIN,True,CRIMINAL,ACTIVE,2026-03-26,2026-08-06
0.546,UNKNOWN,NEUTRAL,0.473,NONE,NORMAL,TRAIN,True,MIXED,ACTIVE,2025-11-24,2026-03-31
0.443,CONFIRMED,SUPPORTING,0.826,LEGITIMATE_ANOMALY,NORMAL,TRAIN,True,CRIMINAL,ACTIVE,2026-02-18,2026-06-15
0.324,CONFIRMED,SUPPORTING,0.831,COLLECTIVE_ANOMALY,NORMAL,TRAIN,True,CRIMINAL,ACTIVE,2026-02-24,2026-08-22
0.344,UNKNOWN,NEUTRAL,0.457,NONE,NORMAL,TEST,True,AMBIGUOUS,ACTIVE,2026-06-01,2026-07-19
0.177,SUSPECTED,SUPPORTING,0.817,NONE,NORMAL,TRAIN,True,MIXED,ACTIVE,2025-12-09,2026-04-06
0.188,SUSPECTED,SUPPORTING,0.797,NONE,NORMAL,TEST,True,AMBIGUOUS,ACTIVE,2026-03-18,2026-07-11
0.093,FALSE,CONTRADICTING,0.219,CRIMINAL_ANOMALY,NORMAL,TRAIN,True,CRIMINAL,ACTIVE,2025-11-10,2026-05-06
0.639,CONFIRMED,SUPPORTING,0.82,NONE,NORMAL,TRAIN,True,CRIMINAL,ACTIVE,2026-03-29,2026-07-28
0.561,FALSE,CONTRADICTING,0.393,NONE,NORMAL,TRAIN,True,MIXED,ACTIVE,2025-12-21,2026-03-12
0.892,FALSE,CONTRADICTING,0.419,NONE,NORMAL,VALIDATION,True,LEGITIMATE,ACTIVE,2026-05-29,2026-08-03
0.393,FALSE,CONTRADICTING,0.295,NONE,NORMAL,TRAIN,True,CRIMINAL,ACTIVE,2025-11-11,2026-04-13
0.612,CONFIRMED,SUPPORTING,0.89,NONE,NORMAL,TRAIN,True,MIXED,ACTIVE,2026-01-23,2026-06-05
0.111,UNKNOWN,NEUTRAL,0.474,NONE,NORMAL,TEST,True,AMBIGUOUS,ACTIVE,2025-11-13,2026-04-06
0.23,CONFIRMED,SUPPORTING,0.919,LEGITIMATE_ANOMALY,NORMAL,TRAIN,True,CRIMINAL,ACTIVE,2026-03-21,2026-09-21
0.137,FALSE,CONTRADICTING,0.357,NONE,NORMAL,TRAIN,True,MIXED,ACTIVE,2026-05-16,2026-07-09
0.61,SUSPECTED,SUPPORTING,0.688,NONE,NORMAL,TRAIN,True,MIXED,ACTIVE,2026-02-02,2026-04-14
0.444,UNKNOWN,NEUTRAL,0.234,NONE,NORMAL,TRAIN,True,MIXED,ACTIVE,2026-01-01,2026-03-23
0.6,SUSPECTED,SUPPORTING,0.724,NONE,NORMAL,TRAIN,True,CRIMINAL,ACTIVE,2026-04-17,2026-07-08
0.599,SUSPECTED,SUPPORTING,0.602,NONE,NORMAL,TRAIN,True,MIXED,ACTIVE,2026-05-27,2026-08-15
0.184,UNKNOWN,NEUTRAL,0.222,CRIMINAL_ANOMALY,NORMAL,TRAIN,True,MIXED,ACTIVE,2026-03-25,2026-06-08
0.218,CONFIRMED,SUPPORTING,0.976,NONE,NORMAL,TRAIN,True,CRIMINAL,ACTIVE,2025-12-30,2026-05-10
0.797,SUSPECTED,SUPPORTING,0.699,NONE,NORMAL,TRAIN,True,CRIMINAL,ACTIVE,2026-01-24,2026-05-31
0.475,CONFIRMED,SUPPORTING,0.833,NONE,NORMAL,TEST,True,AMBIGUOUS,ACTIVE,2026-03-30,2026-05-17
0.777,UNKNOWN,NEUTRAL,0.537,CONTEXTUAL_ANOMALY,NORMAL,TRAIN,True,CRIMINAL,ACTIVE,2026-01-13,2026-04-03
0.527,CONFIRMED,SUPPORTING,0.936,LEGITIMATE_ANOMALY,NORMAL,TRAIN,True,MIXED,ACTIVE,2026-05-06,2026-08-15
0.351,UNKNOWN,NEUTRAL,0.5,NONE,NORMAL,TRAIN,True,CRIMINAL,ACTIVE,2026-01-14,2026-03-02
0.326,SUSPECTED,SUPPORTING,0.71,NONE,NORMAL,TEST,True,AMBIGUOUS,ACTIVE,2026-06-07,2026-08-23
0.292,UNKNOWN,NEUTRAL,0.318,NONE,NORMAL,TRAIN,True,MIXED,ACTIVE,2025-12-22,2026-05-24
0.052,FALSE,CONTRADICTING,0.183,NONE,NORMAL,TRAIN,True,MIXED,ACTIVE,2026-04-18,2026-06-24
0.648,UNKNOWN,NEUTRAL,0.532,NONE,NORMAL,TRAIN,True,MIXED,ACTIVE,2026-02-11,2026-07-15
0.524,FALSE,CONTRADICTING,0.25,NONE,NORMAL,TRAIN,True,MIXED,ACTIVE,2026-04-29,2026-07-11
0.453,SUSPECTED,SUPPORTING,0.671,TEMPORAL_ANOMALY,NORMAL,TRAIN,True,MIXED,ACTIVE,2026-04-03,2026-07-12
0.211,SUSPECTED,SUPPORTING,0.64,NONE,NORMAL,TRAIN,True,CRIMINAL,ACTIVE,2026-06-04,2026-09-12
0.796,UNKNOWN,NEUTRAL,0.407,NONE,NORMAL,TEST,True,AMBIGUOUS,ACTIVE,2026-02-04,2026-08-01
0.545,SUSPECTED,SUPPORTING,0.705,NONE,NORMAL,TRAIN,True,MIXED,ACTIVE,2025-12-09,2026-03-09
0.786,SUSPECTED,SUPPORTING,0.637,NONE,NORMAL,TEST,True,AMBIGUOUS,ACTIVE,2025-11-13,2026-04-22
0.422,UNKNOWN,NEUTRAL,0.475,NONE,NORMAL,TEST,True,AMBIGUOUS,ACTIVE,2026-03-24,2026-08-11
0.517,UNKNOWN,NEUTRAL,0.319,NONE,NORMAL,TRAIN,True,CRIMINAL,ACTIVE,2026-01-02,2026-06-06
0.66,FALSE,CONTRADICTING,0.247,NONE,NORMAL,VALIDATION,True,LEGITIMATE,ACTIVE,2026-03-31,2026-08-04
0.42,UNKNOWN,NEUTRAL,0.367,NONE,NORMAL,TRAIN,True,MIXED,ACTIVE,2025-11-28,2026-05-04
0.35,SUSPECTED,SUPPORTING,0.716,NONE,NORMAL,TRAIN,True,MIXED,ACTIVE,2026-04-16,2026-06-25
0.566,CONFIRMED,SUPPORTING,0.917,NONE,NORMAL,TRAIN,True,CRIMINAL,ACTIVE,2026-01-25,2026-04-21
0.382,FALSE,CONTRADICTING,0.351,NONE,NORMAL,TRAIN,True,CRIMINAL,ACTIVE,2026-05-29,2026-09-25
0.627,UNKNOWN,NEUTRAL,0.24,NONE,NORMAL,TEST,True,AMBIGUOUS,ACTIVE,2026-05-11,2026-08-30
0.192,SUSPECTED,SUPPORTING,0.857,NONE,NORMAL,TRAIN,True,CRIMINAL,ACTIVE,2025-11-11,2026-03-01
0.377,SUSPECTED,SUPPORTING,0.655,NONE,NORMAL,TRAIN,True,CRIMINAL,ACTIVE,2026-01-01,2026-05-18
0.85,UNKNOWN,NEUTRAL,0.518,NONE,NORMAL,TRAIN,True,MIXED,ACTIVE,2026-04-03,2026-06-08
0.38,CONFIRMED,SUPPORTING,0.857,NONE,NORMAL,TRAIN,True,CRIMINAL,ACTIVE,2026-04-26,2026-07-13
0.536,FALSE,CONTRADICTING,0.145,NONE,NORMAL,TRAIN,True,CRIMINAL,ACTIVE,2026-02-03,2026-07-22
0.865,UNKNOWN,NEUTRAL,0.419,NONE,NORMAL,TRAIN,True,MIXED,ACTIVE,2026-06-25,2026-09-19
0.751,SUSPECTED,SUPPORTING,0.793,NONE,NORMAL,TRAIN,True,MIXED,ACTIVE,2026-01-11,2026-06-06
0.378,UNKNOWN,NEUTRAL,0.31,LEGITIMATE_ANOMALY,NORMAL,TRAIN,True,MIXED,ACTIVE,2026-01-30,2026-07-13
0.368,SUSPECTED,SUPPORTING,0.58,NONE,NORMAL,TRAIN,True,MIXED,ACTIVE,2026-01-13,2026-04-29
0.527,UNKNOWN,NEUTRAL,0.25,NONE,NORMAL,TRAIN,True,MIXED,ACTIVE,2026-06-14,2026-10-02
0.145,UNKNOWN,NEUTRAL,0.522,LEGITIMATE_ANOMALY,NORMAL,TEST,True,AMBIGUOUS,ACTIVE,2025-11-18,2026-02-01
0.421,CONFIRMED,SUPPORTING,0.938,NONE,NORMAL,VALIDATION,True,LEGITIMATE,ACTIVE,2026-03-22,2026-08-18
0.407,CONFIRMED,SUPPORTING,0.839,NONE,NORMAL,TRAIN,True,CRIMINAL,ACTIVE,2026-04-14,2026-11-07
0.228,SUSPECTED,SUPPORTING,0.816,NONE,NORMAL,TRAIN,True,MIXED,ACTIVE,2026-01-14,2026-03-22
0.361,SUSPECTED,SUPPORTING,0.645,NONE,NORMAL,TRAIN,True,MIXED,ACTIVE,2026-04-09,2026-06-12
0.098,SUSPECTED,SUPPORTING,0.812,NONE,NORMAL,TRAIN,True,CRIMINAL,ACTIVE,2026-02-20,2026-08-15
0.436,UNKNOWN,NEUTRAL,0.338,NONE,NORMAL,TRAIN,True,CRIMINAL,ACTIVE,2026-04-12,2026-08-03
0.431,SUSPECTED,SUPPORTING,0.682,CONTEXTUAL_ANOMALY,NORMAL,VALIDATION,True,LEGITIMATE,ACTIVE,2025-09-27,2026-02-28
0.068,UNKNOWN,NEUTRAL,0.247,NONE,NORMAL,TRAIN,True,MIXED,ACTIVE,2026-03-26,2026-06-27
0.626,CONFIRMED,SUPPORTING,0.832,LEGITIMATE_ANOMALY,NORMAL,TRAIN,True,CRIMINAL,ACTIVE,2026-01-17,2026-06-18
0.456,UNKNOWN,NEUTRAL,0.219,LEGITIMATE_ANOMALY,NORMAL,TEST,True,AMBIGUOUS,ACTIVE,2026-05-01,2026-08-03
0.65,CONFIRMED,SUPPORTING,0.99,NONE,NORMAL,TRAIN,True,CRIMINAL,ACTIVE,2025-10-19,2026-02-22
0.427,SUSPECTED,SUPPORTING,0.597,CONTEXTUAL_ANOMALY,NORMAL,TRAIN,True,CRIMINAL,ACTIVE,2026-02-17,2026-05-18
0.7,FALSE,CONTRADICTING,0.373,NONE,NORMAL,VALIDATION,True,LEGITIMATE,ACTIVE,2025-12-01,2026-04-24
0.542,CONFIRMED,SUPPORTING,0.849,NONE,NORMAL,TRAIN,True,CRIMINAL,ACTIVE,2026-03-07,2026-07-18
0.444,FALSE,CONTRADICTING,0.181,NONE,NORMAL,VALIDATION,True,LEGITIMATE,ACTIVE,2025-10-20,2026-03-17
0.312,UNKNOWN,NEUTRAL,0.33,NONE,NORMAL,VALIDATION,True,LEGITIMATE,ACTIVE,2026-03-10,2026-06-18
0.619,UNKNOWN,NEUTRAL,0.486,NONE,NORMAL,TRAIN,True,CRIMINAL,ACTIVE,2026-06-04,2026-08-04
0.218,SUSPECTED,SUPPORTING,0.581,NONE,NORMAL,TRAIN,True,CRIMINAL,ACTIVE,2025-12-01,2026-04-15
0.068,FALSE,CONTRADICTING,0.412,NONE,NORMAL,TRAIN,True,CRIMINAL,ACTIVE,2026-03-06,2026-07-23
0.271,SUSPECTED,SUPPORTING,0.683,NONE,NORMAL,TRAIN,True,CRIMINAL,ACTIVE,2026-01-06,2026-04-23
0.512,CONFIRMED,SUPPORTING,0.855,NONE,NORMAL,TEST,True,AMBIGUOUS,ACTIVE,2026-02-25,2026-05-15
0.558,SUSPECTED,SUPPORTING,0.83,LEGITIMATE_ANOMALY,NORMAL,TRAIN,True,CRIMINAL,ACTIVE,2026-05-23,2026-09-07
0.299,SUSPECTED,SUPPORTING,0.633,NONE,NORMAL,TRAIN,True,MIXED,ACTIVE,2026-04-04,2026-08-12
0.085,UNKNOWN,NEUTRAL,0.459,NONE,NORMAL,TRAIN,True,LEGITIMATE,ACTIVE,2025-11-09,2026-02-15
0.117,UNKNOWN,NEUTRAL,0.209,NONE,NORMAL,TRAIN,True,MIXED,ACTIVE,2026-06-21,2026-08-06
0.673,SUSPECTED,SUPPORTING,0.634,NONE,NORMAL,VALIDATION,True,LEGITIMATE,ACTIVE,2026-02-08,2026-08-29
0.382,UNKNOWN,NEUTRAL,0.331,NONE,NORMAL,TRAIN,True,CRIMINAL,ACTIVE,2026-02-25,2026-07-24
0.29,SUSPECTED,SUPPORTING,0.774,CONTEXTUAL_ANOMALY,NORMAL,TRAIN,True,LEGITIMATE,ACTIVE,2026-04-18,2026-08-09
0.192,CONFIRMED,SUPPORTING,0.971,NONE,NORMAL,TRAIN,True,MIXED,ACTIVE,2025-11-30,2026-03-27
0.464,CONFIRMED,SUPPORTING,0.877,NONE,NORMAL,TRAIN,True,MIXED,ACTIVE,2026-04-09,2026-07-15
0.462,SUSPECTED,SUPPORTING,0.682,NONE,NORMAL,TRAIN,True,LEGITIMATE,ACTIVE,2026-03-28,2026-06-13
0.751,UNKNOWN,NEUTRAL,0.236,NONE,NORMAL,VALIDATION,True,LEGITIMATE,ACTIVE,2026-02-14,2026-06-14
0.67,SUSPECTED,SUPPORTING,0.583,NONE,NORMAL,TRAIN,True,MIXED,ACTIVE,2025-10-30,2026-03-14
0.842,SUSPECTED,SUPPORTING,0.734,NONE,NORMAL,TRAIN,True,CRIMINAL,ACTIVE,2026-03-10,2026-07-19
0.404,SUSPECTED,SUPPORTING,0.659,NONE,NORMAL,TRAIN,True,CRIMINAL,ACTIVE,2025-12-25,2026-05-25
0.508,UNKNOWN,NEUTRAL,0.534,NONE,NORMAL,TRAIN,True,MIXED,ACTIVE,2026-02-11,2026-05-21
0.129,CONFIRMED,SUPPORTING,0.847,NONE,NORMAL,TRAIN,True,CRIMINAL,ACTIVE,2026-06-25,2026-10-14
0.648,UNKNOWN,NEUTRAL,0.243,NONE,NORMAL,TRAIN,True,LEGITIMATE,ACTIVE,2026-04-01,2026-08-14
0.37,UNKNOWN,NEUTRAL,0.213,NONE,NORMAL,TEST,True,AMBIGUOUS,ACTIVE,2026-05-13,2026-10-04
0.772,UNKNOWN,NEUTRAL,0.479,NONE,NORMAL,TRAIN,True,MIXED,ACTIVE,2026-03-22,2026-06-13
0.504,CONFIRMED,SUPPORTING,0.969,NONE,NORMAL,TRAIN,True,MIXED,ACTIVE,2025-11-17,2026-03-29
0.083,UNKNOWN,NEUTRAL,0.254,NONE,NORMAL,TEST,True,AMBIGUOUS,ACTIVE,2026-01-06,2026-06-17
0.359,SUSPECTED,SUPPORTING,0.729,NONE,NORMAL,TRAIN,True,CRIMINAL,ACTIVE,2026-01-15,2026-02-26
0.542,CONFIRMED,SUPPORTING,0.988,TEMPORAL_ANOMALY,NORMAL,TRAIN,True,CRIMINAL,ACTIVE,2026-04-06,2026-08-25
0.213,UNKNOWN,NEUTRAL,0.519,NONE,NORMAL,TRAIN,True,LEGITIMATE,ACTIVE,2026-05-04,2026-10-09
0.191,FALSE,CONTRADICTING,0.212,NONE,NORMAL,TEST,True,AMBIGUOUS,ACTIVE,2026-05-08,2026-07-22
0.633,CONFIRMED,SUPPORTING,0.988,NONE,NORMAL,TRAIN,True,CRIMINAL,ACTIVE,2026-03-15,2026-06-24
0.53,FALSE,CONTRADICTING,0.142,TEMPORAL_ANOMALY,NORMAL,VALIDATION,True,LEGITIMATE,ACTIVE,2026-07-06,2026-10-13
0.683,SUSPECTED,SUPPORTING,0.599,TEMPORAL_ANOMALY,NORMAL,TRAIN,True,CRIMINAL,ACTIVE,2026-01-15,2026-05-24
0.368,UNKNOWN,NEUTRAL,0.537,CRIMINAL_ANOMALY,NORMAL,VALIDATION,True,LEGITIMATE,ACTIVE,2026-04-28,2026-10-03
0.209,CONFIRMED,SUPPORTING,0.88,NONE,NORMAL,TRAIN,True,CRIMINAL,ACTIVE,2026-05-29,2026-07-16
0.564,UNKNOWN,NEUTRAL,0.257,NONE,NORMAL,VALIDATION,True,LEGITIMATE,ACTIVE,2026-06-13,2026-07-28
0.325,SUSPECTED,SUPPORTING,0.73,NONE,NORMAL,TRAIN,True,MIXED,ACTIVE,2026-03-27,2026-09-01
0.451,UNKNOWN,NEUTRAL,0.412,NONE,NORMAL,TRAIN,True,MIXED,ACTIVE,2026-06-10,2026-08-26
0.363,SUSPECTED,SUPPORTING,0.689,NONE,NORMAL,TRAIN,True,CRIMINAL,ACTIVE,2026-03-04,2026-06-28
0.395,FALSE,CONTRADICTING,0.16,NONE,NORMAL,TRAIN,True,CRIMINAL,ACTIVE,2026-03-04,2026-05-20
0.465,UNKNOWN,NEUTRAL,0.511,NONE,NORMAL,TRAIN,True,MIXED,ACTIVE,2025-09-23,2026-02-07
0.19,FALSE,CONTRADICTING,0.397,NONE,MISSING_COUNTERPARTY,TRAIN,True,MIXED,ACTIVE,2026-04-24,2026-08-07
0.498,UNKNOWN,NEUTRAL,0.475,NONE,NORMAL,TEST,True,AMBIGUOUS,ACTIVE,2025-09-28,2026-02-20
0.182,SUSPECTED,SUPPORTING,0.773,NONE,NORMAL,TRAIN,True,CRIMINAL,ACTIVE,2026-04-09,2026-07-11
0.367,CONFIRMED,SUPPORTING,0.931,NONE,NORMAL,TRAIN,True,MIXED,ACTIVE,2026-07-18,2026-09-15
0.668,CONFIRMED,SUPPORTING,0.879,NONE,NORMAL,TRAIN,True,CRIMINAL,ACTIVE,2026-04-20,2026-08-31
0.296,UNKNOWN,NEUTRAL,0.235,NONE,NORMAL,TEST,True,AMBIGUOUS,ACTIVE,2026-01-05,2026-04-13
0.891,SUSPECTED,SUPPORTING,0.612,CRIMINAL_ANOMALY,NORMAL,TRAIN,True,MIXED,ACTIVE,2026-03-23,2026-07-20
0.539,UNKNOWN,NEUTRAL,0.264,NONE,NORMAL,TRAIN,True,MIXED,ACTIVE,2026-05-13,2026-09-21
0.551,UNKNOWN,NEUTRAL,0.307,NONE,NORMAL,TRAIN,True,CRIMINAL,ACTIVE,2025-11-18,2026-06-01
0.674,SUSPECTED,SUPPORTING,0.783,NONE,NORMAL,TRAIN,True,MIXED,ACTIVE,2025-10-31,2026-01-29
0.64,SUSPECTED,SUPPORTING,0.845,NONE,NORMAL,TRAIN,True,CRIMINAL,ACTIVE,2026-03-12,2026-06-12
0.47,FALSE,CONTRADICTING,0.346,NONE,NORMAL,TRAIN,True,CRIMINAL,ACTIVE,2026-01-17,2026-05-31
0.081,SUSPECTED,SUPPORTING,0.667,NONE,NORMAL,TRAIN,True,MIXED,ACTIVE,2026-02-23,2026-07-26
0.954,UNKNOWN,NEUTRAL,0.326,NONE,NORMAL,TRAIN,True,MIXED,ACTIVE,2026-04-14,2026-10-02
0.356,FALSE,CONTRADICTING,0.363,NONE,NORMAL,TRAIN,True,LEGITIMATE,ACTIVE,2025-09-20,2026-03-25
0.376,CONFIRMED,SUPPORTING,0.943,NONE,NORMAL,TRAIN,True,LEGITIMATE,ACTIVE,2026-07-06,2026-09-20
0.199,CONFIRMED,SUPPORTING,0.987,NONE,NORMAL,TRAIN,True,CRIMINAL,ACTIVE,2026-06-15,2026-09-05
0.201,SUSPECTED,SUPPORTING,0.853,NONE,NORMAL,VALIDATION,True,LEGITIMATE,ACTIVE,2026-03-16,2026-08-03
0.049,SUSPECTED,SUPPORTING,0.83,CRIMINAL_ANOMALY,NORMAL,TRAIN,True,CRIMINAL,ACTIVE,2026-06-05,2026-10-04
0.723,SUSPECTED,SUPPORTING,0.698,NONE,NORMAL,TRAIN,True,CRIMINAL,ACTIVE,2026-01-02,2026-05-28
0.74,CONFIRMED,SUPPORTING,0.862,LEGITIMATE_ANOMALY,NORMAL,TRAIN,True,CRIMINAL,ACTIVE,2026-02-07,2026-04-16
0.627,UNKNOWN,NEUTRAL,0.31,CONTEXTUAL_ANOMALY,DUPLICATE,VALIDATION,True,LEGITIMATE,ACTIVE,2026-02-01,2026-04-03
0.301,CONFIRMED,SUPPORTING,0.905,NONE,NORMAL,TRAIN,True,CRIMINAL,ACTIVE,2026-05-04,2026-09-21
0.297,CONFIRMED,SUPPORTING,0.924,NONE,REVERSED_RECORD,TEST,True,AMBIGUOUS,ACTIVE,2026-07-09,2026-11-09
0.72,CONFIRMED,SUPPORTING,0.984,NONE,NORMAL,VALIDATION,True,LEGITIMATE,ACTIVE,2026-05-02,2026-09-03
0.426,UNKNOWN,NEUTRAL,0.27,NONE,NORMAL,TRAIN,True,CRIMINAL,ACTIVE,2026-05-26,2026-08-03
0.412,SUSPECTED,SUPPORTING,0.733,NONE,NORMAL,TRAIN,True,MIXED,ACTIVE,2026-06-06,2026-08-21
0.744,SUSPECTED,SUPPORTING,0.686,NONE,FORMATTING_VARIATION,VALIDATION,True,LEGITIMATE,ACTIVE,2025-12-19,2026-05-11
0.363,UNKNOWN,NEUTRAL,0.378,NONE,NORMAL,TEST,True,AMBIGUOUS,ACTIVE,2026-02-21,2026-06-24
0.807,UNKNOWN,NEUTRAL,0.508,NONE,NORMAL,TEST,True,AMBIGUOUS,ACTIVE,2025-12-09,2026-03-16
0.246,CONFIRMED,SUPPORTING,0.937,NONE,NORMAL,TEST,True,AMBIGUOUS,ACTIVE,2025-12-14,2026-04-05
0.678,FALSE,CONTRADICTING,0.256,NONE,NORMAL,TRAIN,True,CRIMINAL,ACTIVE,2026-02-02,2026-05-16
0.699,FALSE,CONTRADICTING,0.202,NONE,NORMAL,TRAIN,True,MIXED,ACTIVE,2026-01-12,2026-07-16
0.676,CONFIRMED,SUPPORTING,0.971,COLLECTIVE_ANOMALY,NORMAL,TRAIN,True,CRIMINAL,ACTIVE,2025-10-14,2026-02-15
0.377,UNKNOWN,NEUTRAL,0.301,CONTEXTUAL_ANOMALY,NORMAL,TEST,True,AMBIGUOUS,ACTIVE,2026-03-25,2026-06-30
0.761,UNKNOWN,NEUTRAL,0.458,NONE,NORMAL,TEST,True,AMBIGUOUS,ACTIVE,2026-03-15,2026-07-05
0.483,UNKNOWN,NEUTRAL,0.206,NONE,NORMAL,TEST,True,AMBIGUOUS,ACTIVE,2026-02-10,2026-07-02
0.244,SUSPECTED,SUPPORTING,0.584,NONE,NORMAL,TRAIN,True,MIXED,ACTIVE,2026-05-19,2026-08-07
0.368,UNKNOWN,NEUTRAL,0.265,NONE,NORMAL,TRAIN,True,MIXED,ACTIVE,2025-11-08,2026-04-04
0.565,SUSPECTED,SUPPORTING,0.679,LEGITIMATE_ANOMALY,NORMAL,TEST,True,AMBIGUOUS,ACTIVE,2025-09-14,2026-01-28
0.823,CONFIRMED,SUPPORTING,0.922,NONE,NORMAL,TRAIN,True,CRIMINAL,ACTIVE,2026-03-04,2026-07-07
0.665,CONFIRMED,SUPPORTING,0.829,NONE,NORMAL,TRAIN,True,CRIMINAL,ACTIVE,2026-05-17,2026-09-04
0.515,FALSE,CONTRADICTING,0.354,TEMPORAL_ANOMALY,NORMAL,TRAIN,True,MIXED,ACTIVE,2026-02-09,2026-06-02
0.668,SUSPECTED,SUPPORTING,0.688,CRIMINAL_ANOMALY,NORMAL,TEST,True,AMBIGUOUS,ACTIVE,2026-06-03,2026-09-15
0.092,CONFIRMED,SUPPORTING,0.83,NONE,NORMAL,TRAIN,True,CRIMINAL,ACTIVE,2026-05-10,2026-08-03
0.351,UNKNOWN,NEUTRAL,0.263,NONE,NORMAL,TRAIN,True,CRIMINAL,ACTIVE,2025-12-12,2026-06-15
0.248,FALSE,CONTRADICTING,0.192,TEMPORAL_ANOMALY,NORMAL,TRAIN,True,CRIMINAL,ACTIVE,2026-05-10,2026-10-13
0.584,SUSPECTED,SUPPORTING,0.637,NONE,NORMAL,TRAIN,True,CRIMINAL,ACTIVE,2026-02-01,2026-07-26
0.258,SUSPECTED,SUPPORTING,0.784,NONE,NORMAL,TRAIN,True,CRIMINAL,ACTIVE,2026-01-14,2026-05-12
0.476,CONFIRMED,SUPPORTING,0.989,NONE,NORMAL,TRAIN,True,CRIMINAL,ACTIVE,2026-04-30,2026-10-03
0.929,SUSPECTED,SUPPORTING,0.617,NONE,NORMAL,TRAIN,True,CRIMINAL,ACTIVE,2026-04-05,2026-09-17
0.148,CONFIRMED,SUPPORTING,0.82,LEGITIMATE_ANOMALY,NORMAL,VALIDATION,True,LEGITIMATE,ACTIVE,2026-01-15,2026-03-10
0.582,UNKNOWN,NEUTRAL,0.381,NONE,NORMAL,TRAIN,True,CRIMINAL,ACTIVE,2026-02-19,2026-09-04
0.175,UNKNOWN,NEUTRAL,0.34,NONE,NORMAL,TEST,True,AMBIGUOUS,ACTIVE,2025-12-12,2026-02-06
0.577,FALSE,CONTRADICTING,0.399,NONE,NORMAL,VALIDATION,True,LEGITIMATE,ACTIVE,2025-10-15,2026-03-24
0.299,SUSPECTED,SUPPORTING,0.714,NONE,NORMAL,TRAIN,True,CRIMINAL,ACTIVE,2026-05-13,2026-09-22
0.401,FALSE,CONTRADICTING,0.373,NONE,NORMAL,VALIDATION,True,LEGITIMATE,ACTIVE,2026-02-22,2026-06-21
0.307,CONFIRMED,SUPPORTING,0.935,CRIMINAL_ANOMALY,NORMAL,TRAIN,True,LEGITIMATE,ACTIVE,2026-04-01,2026-06-23
0.204,CONFIRMED,SUPPORTING,0.92,NONE,NORMAL,VALIDATION,True,LEGITIMATE,ACTIVE,2026-07-19,2026-09-16
0.449,CONFIRMED,SUPPORTING,0.859,NONE,NORMAL,TRAIN,True,CRIMINAL,ACTIVE,2026-04-18,2026-07-13
0.701,SUSPECTED,SUPPORTING,0.764,NONE,NORMAL,TRAIN,True,CRIMINAL,ACTIVE,2026-02-01,2026-08-01
0.086,SUSPECTED,SUPPORTING,0.824,NONE,NORMAL,TRAIN,True,CRIMINAL,ACTIVE,2026-03-14,2026-06-04
0.479,UNKNOWN,NEUTRAL,0.339,NONE,NORMAL,VALIDATION,True,LEGITIMATE,ACTIVE,2026-01-27,2026-04-09
0.261,SUSPECTED,SUPPORTING,0.593,NONE,NORMAL,TRAIN,True,CRIMINAL,ACTIVE,2026-03-28,2026-08-16
0.802,SUSPECTED,SUPPORTING,0.581,LEGITIMATE_ANOMALY,NORMAL,TRAIN,True,MIXED,ACTIVE,2026-02-08,2026-05-20
0.69,CONFIRMED,SUPPORTING,0.878,NONE,NORMAL,TRAIN,True,CRIMINAL,ACTIVE,2026-01-23,2026-06-05
0.491,UNKNOWN,NEUTRAL,0.205,NONE,NORMAL,TRAIN,True,CRIMINAL,ACTIVE,2026-01-01,2026-05-25
0.66,FALSE,CONTRADICTING,0.2,NONE,DUPLICATE,TRAIN,True,LEGITIMATE,ACTIVE,2026-02-04,2026-03-09
0.98,SUSPECTED,SUPPORTING,0.621,NONE,NORMAL,VALIDATION,True,LEGITIMATE,ACTIVE,2026-05-28,2026-10-08
0.301,FALSE,CONTRADICTING,0.168,NONE,NORMAL,TEST,True,AMBIGUOUS,ACTIVE,2025-10-10,2026-03-17
0.678,CONFIRMED,SUPPORTING,0.989,CONTEXTUAL_ANOMALY,NORMAL,TRAIN,True,CRIMINAL,ACTIVE,2026-02-22,2026-06-13
0.458,FALSE,CONTRADICTING,0.354,CONTEXTUAL_ANOMALY,NORMAL,TRAIN,True,MIXED,ACTIVE,2026-07-25,2026-10-15
0.103,SUSPECTED,SUPPORTING,0.613,TEMPORAL_ANOMALY,NORMAL,TEST,True,AMBIGUOUS,ACTIVE,2026-07-16,2026-08-18
0.189,SUSPECTED,SUPPORTING,0.621,NONE,NORMAL,TRAIN,True,CRIMINAL,ACTIVE,2025-12-11,2026-03-18
0.169,UNKNOWN,NEUTRAL,0.55,NONE,NORMAL,VALIDATION,True,LEGITIMATE,ACTIVE,2025-11-02,2026-03-24
0.194,SUSPECTED,SUPPORTING,0.706,NONE,NORMAL,TRAIN,True,MIXED,ACTIVE,2026-05-31,2026-10-27
0.698,UNKNOWN,NEUTRAL,0.543,NONE,NORMAL,VALIDATION,True,LEGITIMATE,ACTIVE,2025-11-11,2026-05-08
0.145,SUSPECTED,SUPPORTING,0.704,NONE,NORMAL,TRAIN,True,LEGITIMATE,ACTIVE,2025-12-29,2026-03-01
0.469,UNKNOWN,NEUTRAL,0.235,NONE,NORMAL,TRAIN,True,MIXED,ACTIVE,2026-04-05,2026-08-31
0.832,SUSPECTED,SUPPORTING,0.776,CONTEXTUAL_ANOMALY,NORMAL,TRAIN,True,MIXED,ACTIVE,2025-12-24,2026-04-19
0.703,SUSPECTED,SUPPORTING,0.61,NONE,NORMAL,TRAIN,True,CRIMINAL,ACTIVE,2026-05-26,2026-11-07
0.725,SUSPECTED,SUPPORTING,0.812,NONE,NORMAL,VALIDATION,True,LEGITIMATE,ACTIVE,2026-05-06,2026-08-13
0.844,UNKNOWN,NEUTRAL,0.206,NONE,NORMAL,TEST,True,AMBIGUOUS,ACTIVE,2026-01-03,2026-04-04
0.308,UNKNOWN,NEUTRAL,0.389,NONE,REVERSED_RECORD,TRAIN,True,MIXED,ACTIVE,2025-12-24,2026-05-19
0.315,CONFIRMED,SUPPORTING,0.832,NONE,NORMAL,TRAIN,True,MIXED,ACTIVE,2025-12-23,2026-05-25
0.39,CONFIRMED,SUPPORTING,0.827,NONE,NORMAL,TRAIN,True,CRIMINAL,ACTIVE,2026-06-06,2026-10-07
0.375,SUSPECTED,SUPPORTING,0.648,NONE,NORMAL,TRAIN,True,MIXED,ACTIVE,2025-12-16,2026-04-29
0.584,CONFIRMED,SUPPORTING,0.874,NONE,NORMAL,TRAIN,True,CRIMINAL,ACTIVE,2025-10-13,2026-04-04
0.66,UNKNOWN,NEUTRAL,0.205,NONE,NORMAL,TRAIN,True,CRIMINAL,ACTIVE,2026-02-18,2026-06-05
0.219,UNKNOWN,NEUTRAL,0.255,NONE,NORMAL,VALIDATION,True,LEGITIMATE,ACTIVE,2026-06-30,2026-09-13
0.236,CONFIRMED,SUPPORTING,0.925,NONE,NORMAL,TRAIN,True,MIXED,ACTIVE,2025-11-08,2026-04-14
0.392,SUSPECTED,SUPPORTING,0.797,NONE,NORMAL,TRAIN,True,MIXED,ACTIVE,2026-06-13,2026-10-23
0.806,SUSPECTED,SUPPORTING,0.597,NONE,NORMAL,VALIDATION,True,LEGITIMATE,ACTIVE,2026-01-10,2026-04-21
0.418,CONFIRMED,SUPPORTING,0.871,NONE,NORMAL,TRAIN,True,LEGITIMATE,ACTIVE,2026-02-05,2026-06-11
0.705,FALSE,CONTRADICTING,0.235,LEGITIMATE_ANOMALY,NORMAL,VALIDATION,True,LEGITIMATE,ACTIVE,2026-04-14,2026-05-31
0.333,FALSE,CONTRADICTING,0.184,CONTEXTUAL_ANOMALY,NORMAL,TRAIN,True,LEGITIMATE,ACTIVE,2026-02-13,2026-06-10
0.556,SUSPECTED,SUPPORTING,0.715,NONE,NORMAL,TRAIN,True,CRIMINAL,ACTIVE,2026-03-24,2026-08-29
0.425,UNKNOWN,NEUTRAL,0.352,NONE,NORMAL,TEST,True,AMBIGUOUS,ACTIVE,2026-02-04,2026-05-20
0.26,SUSPECTED,SUPPORTING,0.645,NONE,NORMAL,TRAIN,True,LEGITIMATE,ACTIVE,2026-03-22,2026-05-18
0.42,SUSPECTED,SUPPORTING,0.801,NONE,MISSING_COUNTERPARTY,TRAIN,True,MIXED,ACTIVE,2026-03-06,2026-05-19
0.121,CONFIRMED,SUPPORTING,0.839,COLLECTIVE_ANOMALY,NORMAL,TRAIN,True,CRIMINAL,ACTIVE,2025-12-14,2026-04-28
0.609,CONFIRMED,SUPPORTING,0.919,COLLECTIVE_ANOMALY,NORMAL,VALIDATION,True,LEGITIMATE,ACTIVE,2026-02-27,2026-05-13
0.476,FALSE,CONTRADICTING,0.178,NONE,NORMAL,TEST,True,AMBIGUOUS,ACTIVE,2026-03-18,2026-07-03
0.477,UNKNOWN,NEUTRAL,0.374,NONE,NORMAL,TRAIN,True,MIXED,ACTIVE,2026-03-05,2026-09-03
0.263,FALSE,CONTRADICTING,0.356,CONTEXTUAL_ANOMALY,NORMAL,TRAIN,True,CRIMINAL,ACTIVE,2026-04-16,2026-07-09
0.439,CONFIRMED,SUPPORTING,0.899,NONE,NORMAL,TRAIN,True,CRIMINAL,ACTIVE,2025-10-02,2026-03-15
0.772,SUSPECTED,SUPPORTING,0.852,CONTEXTUAL_ANOMALY,NORMAL,TRAIN,True,CRIMINAL,ACTIVE,2025-11-14,2026-03-05
0.699,CONFIRMED,SUPPORTING,0.87,NONE,NORMAL,TRAIN,True,MIXED,ACTIVE,2026-04-06,2026-09-03
0.722,SUSPECTED,SUPPORTING,0.843,NONE,NORMAL,TRAIN,True,LEGITIMATE,ACTIVE,2026-01-05,2026-05-22
0.644,UNKNOWN,NEUTRAL,0.299,CRIMINAL_ANOMALY,NORMAL,TEST,True,AMBIGUOUS,ACTIVE,2026-02-16,2026-05-15
0.374,CONFIRMED,SUPPORTING,0.843,NONE,NORMAL,TRAIN,True,CRIMINAL,ACTIVE,2026-03-26,2026-06-02
0.541,UNKNOWN,NEUTRAL,0.269,CRIMINAL_ANOMALY,FORMATTING_VARIATION,TEST,True,AMBIGUOUS,ACTIVE,2025-09-26,2026-03-14
0.339,SUSPECTED,SUPPORTING,0.632,NONE,NORMAL,TRAIN,True,MIXED,ACTIVE,2026-02-04,2026-05-10
0.915,SUSPECTED,SUPPORTING,0.593,CRIMINAL_ANOMALY,NORMAL,TEST,True,AMBIGUOUS,ACTIVE,2026-03-05,2026-07-21
0.058,SUSPECTED,SUPPORTING,0.588,NONE,NORMAL,TEST,True,AMBIGUOUS,ACTIVE,2025-12-28,2026-05-04
0.452,FALSE,CONTRADICTING,0.38,NONE,FORMATTING_VARIATION,TRAIN,True,CRIMINAL,ACTIVE,2026-06-20,2026-09-15
0.205,FALSE,CONTRADICTING,0.147,LEGITIMATE_ANOMALY,NORMAL,TRAIN,True,CRIMINAL,ACTIVE,2025-12-12,2026-04-21
0.54,CONFIRMED,SUPPORTING,0.933,NONE,NORMAL,TRAIN,True,CRIMINAL,ACTIVE,2025-10-26,2026-03-03
0.31,SUSPECTED,SUPPORTING,0.829,NONE,NORMAL,TRAIN,True,CRIMINAL,ACTIVE,2026-03-28,2026-07-23
0.134,FALSE,CONTRADICTING,0.335,CONTEXTUAL_ANOMALY,DUPLICATE,TEST,True,AMBIGUOUS,ACTIVE,2025-09-23,2026-03-28
0.73,UNKNOWN,NEUTRAL,0.41,NONE,NORMAL,TEST,True,AMBIGUOUS,ACTIVE,2026-01-06,2026-04-22
0.338,SUSPECTED,SUPPORTING,0.58,TEMPORAL_ANOMALY,NORMAL,TRAIN,True,MIXED,ACTIVE,2025-11-30,2026-04-30
0.499,CONFIRMED,SUPPORTING,0.885,NONE,REVERSED_RECORD,TRAIN,True,CRIMINAL,ACTIVE,2026-04-25,2026-08-16
0.769,FALSE,CONTRADICTING,0.129,NONE,NORMAL,VALIDATION,True,LEGITIMATE,ACTIVE,2026-01-20,2026-07-01
0.872,SUSPECTED,SUPPORTING,0.709,NONE,NORMAL,TRAIN,True,CRIMINAL,ACTIVE,2026-01-21,2026-07-22
0.204,CONFIRMED,SUPPORTING,0.958,NONE,NORMAL,TRAIN,True,CRIMINAL,ACTIVE,2026-05-13,2026-08-07
0.548,UNKNOWN,NEUTRAL,0.491,NONE,NORMAL,TEST,True,AMBIGUOUS,ACTIVE,2026-01-11,2026-06-05
0.299,SUSPECTED,SUPPORTING,0.664,CONTEXTUAL_ANOMALY,NORMAL,TRAIN,True,CRIMINAL,ACTIVE,2026-07-15,2026-09-29
0.539,SUSPECTED,SUPPORTING,0.591,CONTEXTUAL_ANOMALY,DUPLICATE,VALIDATION,True,LEGITIMATE,ACTIVE,2026-06-15,2026-09-18
0.227,SUSPECTED,SUPPORTING,0.792,NONE,NORMAL,TRAIN,True,CRIMINAL,ACTIVE,2026-04-03,2026-08-06
0.665,UNKNOWN,NEUTRAL,0.367,NONE,NORMAL,TEST,True,AMBIGUOUS,ACTIVE,2025-12-25,2026-06-10
0.707,UNKNOWN,NEUTRAL,0.532,NONE,NORMAL,TRAIN,True,CRIMINAL,ACTIVE,2026-01-26,2026-04-27
0.399,SUSPECTED,SUPPORTING,0.812,NONE,NORMAL,TRAIN,True,CRIMINAL,ACTIVE,2025-12-30,2026-05-18
0.496,UNKNOWN,NEUTRAL,0.387,NONE,NORMAL,VALIDATION,True,LEGITIMATE,ACTIVE,2025-11-06,2026-03-14
0.317,FALSE,CONTRADICTING,0.392,NONE,NORMAL,TRAIN,True,CRIMINAL,ACTIVE,2025-11-16,2026-03-04
0.206,SUSPECTED,SUPPORTING,0.728,NONE,NORMAL,TRAIN,True,CRIMINAL,ACTIVE,2026-02-24,2026-05-29
0.544,FALSE,CONTRADICTING,0.368,NONE,NORMAL,TRAIN,True,MIXED,ACTIVE,2026-04-23,2026-10-06
0.253,UNKNOWN,NEUTRAL,0.218,NONE,NORMAL,VALIDATION,True,LEGITIMATE,ACTIVE,2025-12-28,2026-04-22
0.429,SUSPECTED,SUPPORTING,0.602,NONE,NORMAL,TRAIN,True,MIXED,ACTIVE,2026-02-13,2026-07-17
0.623,SUSPECTED,SUPPORTING,0.679,LEGITIMATE_ANOMALY,NORMAL,TRAIN,True,MIXED,ACTIVE,2026-02-14,2026-08-13
0.177,SUSPECTED,SUPPORTING,0.783,NONE,NORMAL,TRAIN,True,MIXED,ACTIVE,2026-01-29,2026-04-25
0.845,FALSE,CONTRADICTING,0.41,NONE,NORMAL,TRAIN,True,CRIMINAL,ACTIVE,2026-01-27,2026-04-10
0.504,CONFIRMED,SUPPORTING,0.938,NONE,NORMAL,TRAIN,True,CRIMINAL,ACTIVE,2025-11-30,2026-03-29
0.632,CONFIRMED,SUPPORTING,0.868,NONE,NORMAL,TRAIN,True,MIXED,ACTIVE,2026-05-14,2026-10-10
0.434,UNKNOWN,NEUTRAL,0.289,NONE,NORMAL,TRAIN,True,MIXED,ACTIVE,2026-04-21,2026-08-02
0.557,SUSPECTED,SUPPORTING,0.842,NONE,NORMAL,TRAIN,True,CRIMINAL,ACTIVE,2025-12-02,2026-03-01
0.55,SUSPECTED,SUPPORTING,0.708,NONE,NORMAL,TRAIN,True,MIXED,ACTIVE,2026-03-07,2026-06-11
0.637,UNKNOWN,NEUTRAL,0.301,NONE,NORMAL,TEST,True,AMBIGUOUS,ACTIVE,2025-12-21,2026-05-12
0.781,FALSE,CONTRADICTING,0.25,NONE,NORMAL,TEST,True,AMBIGUOUS,ACTIVE,2025-10-30,2026-04-27
0.216,CONFIRMED,SUPPORTING,0.922,CONTEXTUAL_ANOMALY,NORMAL,VALIDATION,True,LEGITIMATE,ACTIVE,2026-04-12,2026-07-16
0.139,CONFIRMED,SUPPORTING,0.845,NONE,NORMAL,VALIDATION,True,LEGITIMATE,ACTIVE,2026-06-01,2026-09-21
0.719,CONFIRMED,SUPPORTING,0.845,NONE,NORMAL,TRAIN,True,MIXED,ACTIVE,2026-06-16,2026-09-04
0.11,CONFIRMED,SUPPORTING,0.969,LEGITIMATE_ANOMALY,NORMAL,TRAIN,True,MIXED,ACTIVE,2025-12-14,2026-04-13
0.299,SUSPECTED,SUPPORTING,0.598,NONE,NORMAL,TEST,True,AMBIGUOUS,ACTIVE,2025-12-06,2026-02-23
0.173,UNKNOWN,NEUTRAL,0.278,NONE,NORMAL,TRAIN,True,CRIMINAL,ACTIVE,2026-05-03,2026-10-11
0.169,SUSPECTED,SUPPORTING,0.823,NONE,NORMAL,TRAIN,True,CRIMINAL,ACTIVE,2026-01-08,2026-02-26
0.431,CONFIRMED,SUPPORTING,0.856,NONE,NORMAL,TRAIN,True,MIXED,ACTIVE,2025-11-10,2026-04-28
0.425,UNKNOWN,NEUTRAL,0.309,NONE,NORMAL,TEST,True,AMBIGUOUS,ACTIVE,2026-03-06,2026-04-06
0.532,CONFIRMED,SUPPORTING,0.858,NONE,NORMAL,VALIDATION,True,LEGITIMATE,ACTIVE,2026-01-07,2026-07-22
0.478,FALSE,CONTRADICTING,0.375,NONE,NORMAL,TRAIN,True,MIXED,ACTIVE,2026-05-14,2026-07-25
0.297,UNKNOWN,NEUTRAL,0.255,NONE,NORMAL,TRAIN,True,CRIMINAL,ACTIVE,2026-02-24,2026-07-31
0.802,CONFIRMED,SUPPORTING,0.892,NONE,NORMAL,TRAIN,True,CRIMINAL,ACTIVE,2026-05-26,2026-08-01
0.178,FALSE,CONTRADICTING,0.268,NONE,FORMATTING_VARIATION,VALIDATION,True,LEGITIMATE,ACTIVE,2025-11-24,2026-05-12
0.522,CONFIRMED,SUPPORTING,0.84,NONE,NORMAL,TRAIN,True,MIXED,ACTIVE,2025-10-08,2026-03-21
0.268,SUSPECTED,SUPPORTING,0.859,CRIMINAL_ANOMALY,REVERSED_RECORD,TEST,True,AMBIGUOUS,ACTIVE,2026-04-13,2026-09-13
0.358,CONFIRMED,SUPPORTING,0.907,NONE,NORMAL,TRAIN,True,CRIMINAL,ACTIVE,2026-04-28,2026-09-06
0.895,SUSPECTED,SUPPORTING,0.833,NONE,NORMAL,TRAIN,True,CRIMINAL,ACTIVE,2026-03-21,2026-08-16
0.493,UNKNOWN,NEUTRAL,0.521,NONE,NORMAL,TEST,True,AMBIGUOUS,ACTIVE,2026-01-18,2026-04-22
0.852,SUSPECTED,SUPPORTING,0.776,NONE,NORMAL,TRAIN,True,MIXED,ACTIVE,2026-06-09,2026-09-20
0.05,CONFIRMED,SUPPORTING,0.922,LEGITIMATE_ANOMALY,NORMAL,VALIDATION,True,LEGITIMATE,ACTIVE,2025-12-25,2026-04-30
0.628,CONFIRMED,SUPPORTING,0.939,NONE,MISSING_COUNTERPARTY,TRAIN,True,CRIMINAL,ACTIVE,2026-03-23,2026-08-09
0.101,FALSE,CONTRADICTING,0.335,NONE,NORMAL,VALIDATION,True,LEGITIMATE,ACTIVE,2025-11-03,2026-04-05
0.453,SUSPECTED,SUPPORTING,0.654,NONE,NORMAL,TRAIN,True,CRIMINAL,ACTIVE,2025-11-04,2026-03-14
0.681,SUSPECTED,SUPPORTING,0.58,CRIMINAL_ANOMALY,NORMAL,TRAIN,True,CRIMINAL,ACTIVE,2025-11-24,2026-03-14
0.763,SUSPECTED,SUPPORTING,0.641,NONE,NORMAL,TRAIN,True,MIXED,ACTIVE,2026-02-02,2026-07-18
0.796,UNKNOWN,NEUTRAL,0.237,NONE,NORMAL,TRAIN,True,MIXED,ACTIVE,2026-01-02,2026-07-10
0.337,CONFIRMED,SUPPORTING,0.868,NONE,NORMAL,TRAIN,True,LEGITIMATE,ACTIVE,2025-10-25,2026-04-24
0.349,FALSE,CONTRADICTING,0.362,NONE,NORMAL,VALIDATION,True,LEGITIMATE,ACTIVE,2025-11-02,2026-03-04
0.648,UNKNOWN,NEUTRAL,0.211,NONE,NORMAL,TRAIN,True,CRIMINAL,ACTIVE,2026-03-25,2026-06-20
0.253,UNKNOWN,NEUTRAL,0.427,NONE,NORMAL,TRAIN,True,MIXED,ACTIVE,2026-01-14,2026-06-27
0.634,UNKNOWN,NEUTRAL,0.531,COLLECTIVE_ANOMALY,NORMAL,TEST,True,AMBIGUOUS,ACTIVE,2025-11-28,2026-04-23
0.434,UNKNOWN,NEUTRAL,0.391,NONE,NORMAL,TRAIN,True,MIXED,ACTIVE,2026-02-10,2026-05-22
0.074,UNKNOWN,NEUTRAL,0.337,NONE,NORMAL,TEST,True,AMBIGUOUS,ACTIVE,2025-12-11,2026-03-23
0.406,SUSPECTED,SUPPORTING,0.7,NONE,NORMAL,TRAIN,True,MIXED,ACTIVE,2026-03-05,2026-05-16
0.885,SUSPECTED,SUPPORTING,0.811,NONE,NORMAL,TRAIN,True,CRIMINAL,ACTIVE,2026-04-07,2026-09-10
0.606,FALSE,CONTRADICTING,0.178,NONE,NORMAL,TRAIN,True,CRIMINAL,ACTIVE,2025-12-28,2026-06-01
0.253,SUSPECTED,SUPPORTING,0.645,NONE,NORMAL,TRAIN,True,CRIMINAL,ACTIVE,2025-10-17,2026-05-06
0.162,UNKNOWN,NEUTRAL,0.255,NONE,NORMAL,VALIDATION,True,LEGITIMATE,ACTIVE,2025-12-13,2026-04-29
0.606,CONFIRMED,SUPPORTING,0.909,CRIMINAL_ANOMALY,NORMAL,TRAIN,True,CRIMINAL,ACTIVE,2026-04-29,2026-09-02
0.378,UNKNOWN,NEUTRAL,0.222,NONE,NORMAL,TRAIN,True,CRIMINAL,ACTIVE,2025-11-02,2026-03-09
0.948,UNKNOWN,NEUTRAL,0.292,NONE,NORMAL,TEST,True,AMBIGUOUS,ACTIVE,2026-04-03,2026-07-27
0.442,SUSPECTED,SUPPORTING,0.723,CONTEXTUAL_ANOMALY,NORMAL,TRAIN,True,MIXED,ACTIVE,2026-04-07,2026-08-03
0.499,FALSE,CONTRADICTING,0.37,NONE,NORMAL,TEST,True,AMBIGUOUS,ACTIVE,2026-07-26,2026-09-03
0.536,UNKNOWN,NEUTRAL,0.515,NONE,NORMAL,TRAIN,True,MIXED,ACTIVE,2026-07-25,2026-10-14
0.424,FALSE,CONTRADICTING,0.196,NONE,NORMAL,VALIDATION,True,LEGITIMATE,ACTIVE,2025-10-25,2026-04-20
0.361,SUSPECTED,SUPPORTING,0.681,NONE,NORMAL,TRAIN,True,CRIMINAL,ACTIVE,2026-03-12,2026-08-14
0.081,UNKNOWN,NEUTRAL,0.453,NONE,NORMAL,VALIDATION,True,LEGITIMATE,ACTIVE,2026-04-12,2026-05-30
0.837,SUSPECTED,SUPPORTING,0.754,LEGITIMATE_ANOMALY,NORMAL,TRAIN,True,CRIMINAL,ACTIVE,2026-02-15,2026-07-09
0.366,UNKNOWN,NEUTRAL,0.436,NONE,NORMAL,TEST,True,AMBIGUOUS,ACTIVE,2026-01-22,2026-03-18
0.635,SUSPECTED,SUPPORTING,0.72,CRIMINAL_ANOMALY,NORMAL,TRAIN,True,CRIMINAL,ACTIVE,2026-05-21,2026-07-17
0.538,CONFIRMED,SUPPORTING,0.883,NONE,NORMAL,TRAIN,True,CRIMINAL,ACTIVE,2026-02-08,2026-05-01
0.191,CONFIRMED,SUPPORTING,0.887,NONE,NORMAL,VALIDATION,True,LEGITIMATE,ACTIVE,2026-02-21,2026-05-02
0.509,UNKNOWN,NEUTRAL,0.205,NONE,NORMAL,TRAIN,True,MIXED,ACTIVE,2026-03-22,2026-08-25
0.396,SUSPECTED,SUPPORTING,0.794,NONE,NORMAL,TRAIN,True,CRIMINAL,ACTIVE,2025-12-01,2026-04-01
0.626,UNKNOWN,NEUTRAL,0.321,NONE,NORMAL,TEST,True,AMBIGUOUS,ACTIVE,2026-05-15,2026-09-13
0.479,CONFIRMED,SUPPORTING,0.927,NONE,NORMAL,TRAIN,True,CRIMINAL,ACTIVE,2026-06-25,2026-10-10
0.628,SUSPECTED,SUPPORTING,0.815,NONE,NORMAL,TRAIN,True,MIXED,ACTIVE,2026-03-07,2026-07-20
0.147,UNKNOWN,NEUTRAL,0.225,NONE,NORMAL,TRAIN,True,MIXED,ACTIVE,2026-02-06,2026-07-15
0.774,SUSPECTED,SUPPORTING,0.803,NONE,NORMAL,TRAIN,True,MIXED,ACTIVE,2026-02-07,2026-04-25
0.646,UNKNOWN,NEUTRAL,0.323,NONE,NORMAL,VALIDATION,True,LEGITIMATE,ACTIVE,2026-05-16,2026-09-03
0.339,SUSPECTED,SUPPORTING,0.796,NONE,NORMAL,TRAIN,True,CRIMINAL,ACTIVE,2026-06-02,2026-08-26
0.276,CONFIRMED,SUPPORTING,0.899,LEGITIMATE_ANOMALY,NORMAL,TRAIN,True,CRIMINAL,ACTIVE,2026-01-18,2026-04-30
0.735,FALSE,CONTRADICTING,0.172,NONE,NORMAL,VALIDATION,True,LEGITIMATE,ACTIVE,2025-12-17,2026-06-15
0.558,UNKNOWN,NEUTRAL,0.45,NONE,NORMAL,TEST,True,AMBIGUOUS,ACTIVE,2026-03-02,2026-04-29
0.525,UNKNOWN,NEUTRAL,0.309,NONE,NORMAL,VALIDATION,True,LEGITIMATE,ACTIVE,2026-06-04,2026-09-30
0.713,UNKNOWN,NEUTRAL,0.374,NONE,REVERSED_RECORD,TRAIN,True,CRIMINAL,ACTIVE,2025-12-05,2026-03-31
0.366,UNKNOWN,NEUTRAL,0.337,NONE,NORMAL,TRAIN,True,CRIMINAL,ACTIVE,2026-05-10,2026-09-10
0.644,FALSE,CONTRADICTING,0.313,NONE,REVERSED_RECORD,TRAIN,True,MIXED,ACTIVE,2026-02-21,2026-06-04
0.499,FALSE,CONTRADICTING,0.337,CONTEXTUAL_ANOMALY,NORMAL,VALIDATION,True,LEGITIMATE,ACTIVE,2026-04-23,2026-08-04
0.476,CONFIRMED,SUPPORTING,0.977,NONE,NORMAL,TRAIN,True,MIXED,ACTIVE,2026-04-06,2026-08-28
0.585,UNKNOWN,NEUTRAL,0.469,NONE,NORMAL,TRAIN,True,CRIMINAL,ACTIVE,2026-05-03,2026-08-08
0.489,SUSPECTED,SUPPORTING,0.842,NONE,NORMAL,TRAIN,True,CRIMINAL,ACTIVE,2026-02-10,2026-05-14
0.392,CONFIRMED,SUPPORTING,0.842,NONE,NORMAL,TRAIN,True,CRIMINAL,ACTIVE,2025-12-24,2026-05-25
0.65,FALSE,CONTRADICTING,0.236,NONE,NORMAL,VALIDATION,True,LEGITIMATE,ACTIVE,2026-05-11,2026-09-26
0.707,SUSPECTED,SUPPORTING,0.758,NONE,NORMAL,TRAIN,True,CRIMINAL,ACTIVE,2026-04-25,2026-08-03
0.378,FALSE,CONTRADICTING,0.232,NONE,NORMAL,TRAIN,True,CRIMINAL,ACTIVE,2026-01-02,2026-04-16
0.347,SUSPECTED,SUPPORTING,0.787,NONE,NORMAL,TRAIN,True,CRIMINAL,ACTIVE,2025-10-25,2026-03-01
0.123,SUSPECTED,SUPPORTING,0.794,NONE,NORMAL,TRAIN,True,MIXED,ACTIVE,2026-01-30,2026-06-27
0.53,UNKNOWN,NEUTRAL,0.459,TEMPORAL_ANOMALY,NORMAL,TRAIN,True,LEGITIMATE,ACTIVE,2026-04-26,2026-06-07
0.338,SUSPECTED,SUPPORTING,0.769,NONE,NORMAL,TRAIN,True,MIXED,ACTIVE,2025-11-20,2026-05-25
0.541,SUSPECTED,SUPPORTING,0.697,NONE,NORMAL,TRAIN,True,CRIMINAL,ACTIVE,2026-01-11,2026-06-16
0.297,UNKNOWN,NEUTRAL,0.28,CRIMINAL_ANOMALY,NORMAL,TRAIN,True,CRIMINAL,ACTIVE,2026-03-10,2026-05-30
0.704,SUSPECTED,SUPPORTING,0.594,NONE,NORMAL,TRAIN,True,MIXED,ACTIVE,2026-07-31,2026-09-12
0.486,CONFIRMED,SUPPORTING,0.952,NONE,REVERSED_RECORD,TRAIN,True,CRIMINAL,ACTIVE,2026-07-25,2026-08-24
0.318,SUSPECTED,SUPPORTING,0.608,NONE,NORMAL,TRAIN,True,CRIMINAL,ACTIVE,2026-04-01,2026-09-17
0.687,FALSE,CONTRADICTING,0.183,NONE,NORMAL,TRAIN,True,CRIMINAL,ACTIVE,2026-05-21,2026-09-20
0.592,FALSE,CONTRADICTING,0.289,NONE,NORMAL,VALIDATION,True,LEGITIMATE,ACTIVE,2026-01-16,2026-03-05
0.071,CONFIRMED,SUPPORTING,0.91,NONE,NORMAL,TRAIN,True,CRIMINAL,ACTIVE,2025-12-03,2026-03-17
0.422,SUSPECTED,SUPPORTING,0.778,NONE,NORMAL,TRAIN,True,CRIMINAL,ACTIVE,2025-12-03,2026-04-27
0.609,SUSPECTED,SUPPORTING,0.749,NONE,NORMAL,VALIDATION,True,LEGITIMATE,ACTIVE,2025-12-05,2026-03-21
0.073,FALSE,CONTRADICTING,0.221,LEGITIMATE_ANOMALY,NORMAL,TRAIN,True,MIXED,ACTIVE,2026-05-20,2026-09-09
0.608,FALSE,CONTRADICTING,0.417,NONE,NORMAL,VALIDATION,True,LEGITIMATE,ACTIVE,2025-10-30,2026-01-30
0.252,SUSPECTED,SUPPORTING,0.582,NONE,NORMAL,VALIDATION,True,LEGITIMATE,ACTIVE,2026-03-18,2026-07-23
0.582,SUSPECTED,SUPPORTING,0.838,NONE,NORMAL,TRAIN,True,MIXED,ACTIVE,2025-12-25,2026-06-08
0.508,CONFIRMED,SUPPORTING,0.938,NONE,NORMAL,TRAIN,True,MIXED,ACTIVE,2026-05-15,2026-09-03
0.061,CONFIRMED,SUPPORTING,0.95,LEGITIMATE_ANOMALY,NORMAL,TRAIN,True,CRIMINAL,ACTIVE,2026-06-02,2026-10-11
0.052,SUSPECTED,SUPPORTING,0.623,TEMPORAL_ANOMALY,NORMAL,TRAIN,True,CRIMINAL,ACTIVE,2025-12-01,2026-03-27
0.859,UNKNOWN,NEUTRAL,0.219,NONE,NORMAL,TRAIN,True,LEGITIMATE,ACTIVE,2025-12-12,2026-03-06
0.287,CONFIRMED,SUPPORTING,0.966,NONE,NORMAL,TRAIN,True,CRIMINAL,ACTIVE,2026-04-21,2026-07-09
0.622,SUSPECTED,SUPPORTING,0.622,NONE,NORMAL,TRAIN,True,MIXED,ACTIVE,2026-05-27,2026-10-06
0.68,SUSPECTED,SUPPORTING,0.741,NONE,MISSING_COUNTERPARTY,TRAIN,True,MIXED,ACTIVE,2026-01-07,2026-04-23
0.137,SUSPECTED,SUPPORTING,0.613,NONE,NORMAL,TRAIN,True,MIXED,ACTIVE,2026-04-14,2026-09-30
0.477,UNKNOWN,NEUTRAL,0.463,NONE,NORMAL,TEST,True,AMBIGUOUS,ACTIVE,2026-03-27,2026-08-01
0.347,CONFIRMED,SUPPORTING,0.967,NONE,NORMAL,TRAIN,True,MIXED,ACTIVE,2026-02-12,2026-07-17
0.5,UNKNOWN,NEUTRAL,0.301,LEGITIMATE_ANOMALY,NORMAL,VALIDATION,True,LEGITIMATE,ACTIVE,2025-12-18,2026-03-13
0.287,FALSE,CONTRADICTING,0.178,NONE,NORMAL,TRAIN,True,CRIMINAL,ACTIVE,2026-02-18,2026-07-03
0.757,UNKNOWN,NEUTRAL,0.338,NONE,NORMAL,TRAIN,True,MIXED,ACTIVE,2026-03-16,2026-08-12
0.12,FALSE,CONTRADICTING,0.376,NONE,NORMAL,TRAIN,True,CRIMINAL,ACTIVE,2025-09-11,2026-02-24
0.629,CONFIRMED,SUPPORTING,0.845,NONE,NORMAL,TRAIN,True,CRIMINAL,ACTIVE,2026-04-25,2026-08-23
0.88,FALSE,CONTRADICTING,0.177,NONE,NORMAL,TEST,True,AMBIGUOUS,ACTIVE,2026-04-13,2026-07-31
0.336,UNKNOWN,NEUTRAL,0.251,CONTEXTUAL_ANOMALY,MISSING_COUNTERPARTY,TRAIN,True,MIXED,ACTIVE,2026-06-09,2026-09-29
0.292,UNKNOWN,NEUTRAL,0.348,NONE,NORMAL,TEST,True,AMBIGUOUS,ACTIVE,2026-03-03,2026-07-21
0.228,SUSPECTED,SUPPORTING,0.755,NONE,NORMAL,TEST,True,AMBIGUOUS,ACTIVE,2025-12-28,2026-02-14
0.263,SUSPECTED,SUPPORTING,0.719,TEMPORAL_ANOMALY,NORMAL,VALIDATION,True,LEGITIMATE,ACTIVE,2026-04-01,2026-05-25
0.531,UNKNOWN,NEUTRAL,0.516,NONE,NORMAL,TEST,True,AMBIGUOUS,ACTIVE,2026-04-22,2026-06-21
0.808,UNKNOWN,NEUTRAL,0.215,NONE,NORMAL,TEST,True,AMBIGUOUS,ACTIVE,2025-12-03,2026-06-04
0.228,FALSE,CONTRADICTING,0.129,NONE,NORMAL,TEST,True,AMBIGUOUS,ACTIVE,2025-11-14,2026-03-15
0.302,SUSPECTED,SUPPORTING,0.667,TEMPORAL_ANOMALY,NORMAL,VALIDATION,True,LEGITIMATE,ACTIVE,2025-12-05,2026-01-28
0.37,UNKNOWN,NEUTRAL,0.386,NONE,NORMAL,TRAIN,True,MIXED,ACTIVE,2026-03-13,2026-04-14
0.271,FALSE,CONTRADICTING,0.374,NONE,NORMAL,TRAIN,True,LEGITIMATE,ACTIVE,2026-04-10,2026-06-30
0.26,FALSE,CONTRADICTING,0.28,NONE,NORMAL,VALIDATION,True,LEGITIMATE,ACTIVE,2025-10-12,2026-04-01
0.494,SUSPECTED,SUPPORTING,0.852,NONE,MISSING_COUNTERPARTY,TRAIN,True,CRIMINAL,ACTIVE,2026-02-21,2026-05-12
0.231,FALSE,CONTRADICTING,0.402,NONE,NORMAL,TRAIN,True,MIXED,ACTIVE,2025-12-16,2026-03-22
0.124,SUSPECTED,SUPPORTING,0.593,NONE,NORMAL,VALIDATION,True,LEGITIMATE,ACTIVE,2026-01-20,2026-05-22
0.228,CONFIRMED,SUPPORTING,0.93,NONE,FORMATTING_VARIATION,VALIDATION,True,LEGITIMATE,ACTIVE,2025-11-12,2026-04-23
0.261,SUSPECTED,SUPPORTING,0.689,NONE,NORMAL,TRAIN,True,MIXED,ACTIVE,2026-01-27,2026-05-03
0.534,SUSPECTED,SUPPORTING,0.836,NONE,NORMAL,TRAIN,True,CRIMINAL,ACTIVE,2026-03-21,2026-06-28
0.46,FALSE,CONTRADICTING,0.157,NONE,NORMAL,TRAIN,True,MIXED,ACTIVE,2025-12-24,2026-04-01
0.575,UNKNOWN,NEUTRAL,0.249,NONE,NORMAL,TEST,True,AMBIGUOUS,ACTIVE,2026-05-03,2026-07-02
0.27,UNKNOWN,NEUTRAL,0.222,LEGITIMATE_ANOMALY,NORMAL,TRAIN,True,CRIMINAL,ACTIVE,2026-04-28,2026-06-13
0.65,FALSE,CONTRADICTING,0.372,NONE,NORMAL,VALIDATION,True,LEGITIMATE,ACTIVE,2026-06-02,2026-09-26
0.357,FALSE,CONTRADICTING,0.153,TEMPORAL_ANOMALY,NORMAL,TRAIN,True,CRIMINAL,ACTIVE,2025-10-13,2026-02-17
0.467,SUSPECTED,SUPPORTING,0.666,NONE,NORMAL,TRAIN,True,CRIMINAL,ACTIVE,2026-01-02,2026-03-24
0.22,UNKNOWN,NEUTRAL,0.48,NONE,NORMAL,VALIDATION,True,LEGITIMATE,ACTIVE,2026-06-03,2026-08-02
0.745,UNKNOWN,NEUTRAL,0.528,NONE,NORMAL,VALIDATION,True,LEGITIMATE,ACTIVE,2026-07-22,2026-08-21
0.349,FALSE,CONTRADICTING,0.411,NONE,NORMAL,TRAIN,True,MIXED,ACTIVE,2025-11-11,2026-03-30
0.346,SUSPECTED,SUPPORTING,0.844,NONE,NORMAL,TRAIN,True,MIXED,ACTIVE,2026-04-10,2026-07-28
0.405,SUSPECTED,SUPPORTING,0.73,NONE,NORMAL,TRAIN,True,CRIMINAL,ACTIVE,2026-06-27,2026-08-07
0.622,SUSPECTED,SUPPORTING,0.796,NONE,NORMAL,TRAIN,True,MIXED,ACTIVE,2025-09-28,2026-02-25
0.588,SUSPECTED,SUPPORTING,0.85,NONE,NORMAL,VALIDATION,True,LEGITIMATE,ACTIVE,2026-05-31,2026-09-30
0.493,SUSPECTED,SUPPORTING,0.758,LEGITIMATE_ANOMALY,NORMAL,TRAIN,True,CRIMINAL,ACTIVE,2026-01-11,2026-06-17
0.726,FALSE,CONTRADICTING,0.335,NONE,NORMAL,TRAIN,True,MIXED,ACTIVE,2026-05-30,2026-10-15
0.509,CONFIRMED,SUPPORTING,0.935,NONE,NORMAL,TRAIN,True,CRIMINAL,ACTIVE,2025-12-18,2026-02-02
0.22,SUSPECTED,SUPPORTING,0.794,LEGITIMATE_ANOMALY,NORMAL,TEST,True,AMBIGUOUS,ACTIVE,2025-12-27,2026-04-28
0.338,UNKNOWN,NEUTRAL,0.327,NONE,NORMAL,VALIDATION,True,LEGITIMATE,ACTIVE,2026-01-29,2026-07-06
0.209,SUSPECTED,SUPPORTING,0.617,NONE,NORMAL,VALIDATION,True,LEGITIMATE,ACTIVE,2025-11-25,2026-04-24
0.337,SUSPECTED,SUPPORTING,0.804,NONE,NORMAL,TRAIN,True,MIXED,ACTIVE,2025-12-13,2026-03-30
0.166,CONFIRMED,SUPPORTING,0.851,NONE,NORMAL,TRAIN,True,CRIMINAL,ACTIVE,2026-06-01,2026-09-15
0.623,UNKNOWN,NEUTRAL,0.367,NONE,NORMAL,VALIDATION,True,LEGITIMATE,ACTIVE,2025-10-23,2026-02-27
0.564,UNKNOWN,NEUTRAL,0.365,NONE,NORMAL,TRAIN,True,CRIMINAL,ACTIVE,2026-04-30,2026-08-12
0.266,CONFIRMED,SUPPORTING,0.94,NONE,NORMAL,VALIDATION,True,LEGITIMATE,ACTIVE,2026-03-17,2026-09-04
0.428,SUSPECTED,SUPPORTING,0.737,NONE,NORMAL,VALIDATION,True,LEGITIMATE,ACTIVE,2026-04-13,2026-05-23
0.39,CONFIRMED,SUPPORTING,0.883,NONE,NORMAL,TRAIN,True,CRIMINAL,ACTIVE,2026-01-01,2026-05-07
0.407,FALSE,CONTRADICTING,0.167,LEGITIMATE_ANOMALY,NORMAL,VALIDATION,True,LEGITIMATE,ACTIVE,2026-06-02,2026-10-21
0.533,FALSE,CONTRADICTING,0.209,NONE,NORMAL,TRAIN,True,LEGITIMATE,ACTIVE,2026-04-21,2026-10-18
0.562,UNKNOWN,NEUTRAL,0.235,NONE,NORMAL,TRAIN,True,CRIMINAL,ACTIVE,2025-12-16,2026-06-01
0.294,UNKNOWN,NEUTRAL,0.265,NONE,NORMAL,TRAIN,True,CRIMINAL,ACTIVE,2026-01-09,2026-04-26
0.505,SUSPECTED,SUPPORTING,0.676,COLLECTIVE_ANOMALY,NORMAL,TRAIN,True,CRIMINAL,ACTIVE,2026-02-18,2026-08-01
0.365,CONFIRMED,SUPPORTING,0.909,COLLECTIVE_ANOMALY,NORMAL,TRAIN,True,CRIMINAL,ACTIVE,2026-03-24,2026-06-20
0.393,CONFIRMED,SUPPORTING,0.987,COLLECTIVE_ANOMALY,NORMAL,TRAIN,True,MIXED,ACTIVE,2026-01-30,2026-07-06
0.604,UNKNOWN,NEUTRAL,0.351,NONE,NORMAL,TRAIN,True,MIXED,ACTIVE,2026-04-09,2026-09-01
0.912,SUSPECTED,SUPPORTING,0.677,NONE,NORMAL,TRAIN,True,CRIMINAL,ACTIVE,2026-05-08,2026-10-30
0.147,UNKNOWN,NEUTRAL,0.255,NONE,NORMAL,VALIDATION,True,LEGITIMATE,ACTIVE,2026-05-17,2026-08-08
0.359,SUSPECTED,SUPPORTING,0.654,COLLECTIVE_ANOMALY,NORMAL,VALIDATION,True,LEGITIMATE,ACTIVE,2026-02-14,2026-06-22
0.551,SUSPECTED,SUPPORTING,0.856,TEMPORAL_ANOMALY,NORMAL,TRAIN,True,CRIMINAL,ACTIVE,2025-12-07,2026-02-08
0.211,SUSPECTED,SUPPORTING,0.853,NONE,NORMAL,TEST,True,AMBIGUOUS,ACTIVE,2026-05-08,2026-06-24
0.223,UNKNOWN,NEUTRAL,0.224,CONTEXTUAL_ANOMALY,NORMAL,VALIDATION,True,LEGITIMATE,ACTIVE,2026-05-01,2026-10-05
0.628,SUSPECTED,SUPPORTING,0.762,NONE,NORMAL,TRAIN,True,CRIMINAL,ACTIVE,2026-02-01,2026-07-13
0.257,SUSPECTED,SUPPORTING,0.837,LEGITIMATE_ANOMALY,NORMAL,TRAIN,True,CRIMINAL,ACTIVE,2026-01-08,2026-04-04
0.211,SUSPECTED,SUPPORTING,0.736,NONE,NORMAL,TRAIN,True,CRIMINAL,ACTIVE,2026-01-07,2026-07-19
0.342,UNKNOWN,NEUTRAL,0.433,NONE,NORMAL,TRAIN,True,CRIMINAL,ACTIVE,2026-02-12,2026-05-17
0.366,UNKNOWN,NEUTRAL,0.455,CONTEXTUAL_ANOMALY,NORMAL,TRAIN,True,LEGITIMATE,ACTIVE,2025-12-03,2026-02-26
0.435,SUSPECTED,SUPPORTING,0.622,NONE,NORMAL,TRAIN,True,CRIMINAL,ACTIVE,2026-01-20,2026-04-29
0.601,CONFIRMED,SUPPORTING,0.94,COLLECTIVE_ANOMALY,NORMAL,TRAIN,True,CRIMINAL,ACTIVE,2026-07-05,2026-10-19
0.345,SUSPECTED,SUPPORTING,0.634,NONE,NORMAL,TRAIN,True,MIXED,ACTIVE,2026-03-03,2026-07-10
0.504,CONFIRMED,SUPPORTING,0.931,NONE,NORMAL,TRAIN,True,CRIMINAL,ACTIVE,2026-03-11,2026-09-02
0.672,CONFIRMED,SUPPORTING,0.918,NONE,NORMAL,VALIDATION,True,LEGITIMATE,ACTIVE,2025-12-12,2026-02-07
0.428,UNKNOWN,NEUTRAL,0.221,LEGITIMATE_ANOMALY,NORMAL,TRAIN,True,MIXED,ACTIVE,2026-01-02,2026-03-18
0.747,CONFIRMED,SUPPORTING,0.959,LEGITIMATE_ANOMALY,NORMAL,TRAIN,True,MIXED,ACTIVE,2026-04-27,2026-09-01
0.605,UNKNOWN,NEUTRAL,0.318,NONE,NORMAL,TRAIN,True,CRIMINAL,ACTIVE,2025-12-20,2026-04-30
0.603,SUSPECTED,SUPPORTING,0.633,NONE,NORMAL,TRAIN,True,CRIMINAL,ACTIVE,2026-04-08,2026-08-20
0.811,UNKNOWN,NEUTRAL,0.533,NONE,NORMAL,TRAIN,True,MIXED,ACTIVE,2025-12-21,2026-05-06
0.363,CONFIRMED,SUPPORTING,0.929,NONE,NORMAL,TRAIN,True,CRIMINAL,ACTIVE,2026-05-26,2026-08-07
0.531,UNKNOWN,NEUTRAL,0.207,NONE,NORMAL,TRAIN,True,MIXED,ACTIVE,2025-11-10,2026-04-07
0.081,SUSPECTED,SUPPORTING,0.588,NONE,FORMATTING_VARIATION,VALIDATION,True,LEGITIMATE,ACTIVE,2025-12-22,2026-03-02
0.61,CONFIRMED,SUPPORTING,0.933,NONE,NORMAL,TRAIN,True,CRIMINAL,ACTIVE,2026-01-25,2026-04-01
0.577,FALSE,CONTRADICTING,0.278,COLLECTIVE_ANOMALY,NORMAL,TRAIN,True,MIXED,ACTIVE,2025-12-04,2026-05-24
0.271,SUSPECTED,SUPPORTING,0.806,COLLECTIVE_ANOMALY,MISSING_COUNTERPARTY,TRAIN,True,MIXED,ACTIVE,2026-05-29,2026-10-22
0.644,UNKNOWN,NEUTRAL,0.223,NONE,NORMAL,TEST,True,AMBIGUOUS,ACTIVE,2025-12-04,2026-03-29
0.263,SUSPECTED,SUPPORTING,0.764,NONE,NORMAL,VALIDATION,True,LEGITIMATE,ACTIVE,2025-10-09,2026-02-05
0.317,SUSPECTED,SUPPORTING,0.618,NONE,NORMAL,TRAIN,True,CRIMINAL,ACTIVE,2026-04-15,2026-07-26
0.722,FALSE,CONTRADICTING,0.21,LEGITIMATE_ANOMALY,NORMAL,TRAIN,True,CRIMINAL,ACTIVE,2026-03-11,2026-07-04
0.721,SUSPECTED,SUPPORTING,0.588,NONE,NORMAL,TRAIN,True,CRIMINAL,ACTIVE,2026-06-02,2026-10-03
0.068,FALSE,CONTRADICTING,0.405,NONE,NORMAL,VALIDATION,True,LEGITIMATE,ACTIVE,2025-12-31,2026-07-04
0.45,UNKNOWN,NEUTRAL,0.466,TEMPORAL_ANOMALY,NORMAL,VALIDATION,True,LEGITIMATE,ACTIVE,2025-12-11,2026-03-27
0.344,SUSPECTED,SUPPORTING,0.694,NONE,NORMAL,TEST,True,AMBIGUOUS,ACTIVE,2026-03-23,2026-06-12
0.042,SUSPECTED,SUPPORTING,0.828,NONE,NORMAL,VALIDATION,True,LEGITIMATE,ACTIVE,2026-07-03,2026-09-08
0.092,SUSPECTED,SUPPORTING,0.632,COLLECTIVE_ANOMALY,NORMAL,VALIDATION,True,LEGITIMATE,ACTIVE,2026-02-08,2026-08-06
0.544,SUSPECTED,SUPPORTING,0.806,CRIMINAL_ANOMALY,NORMAL,TRAIN,True,CRIMINAL,ACTIVE,2025-11-19,2026-02-27
0.149,CONFIRMED,SUPPORTING,0.948,NONE,NORMAL,TRAIN,True,CRIMINAL,ACTIVE,2026-04-02,2026-10-05
0.174,FALSE,CONTRADICTING,0.172,NONE,NORMAL,TRAIN,True,CRIMINAL,ACTIVE,2026-01-20,2026-03-25
0.626,SUSPECTED,SUPPORTING,0.818,NONE,NORMAL,VALIDATION,True,LEGITIMATE,ACTIVE,2026-02-27,2026-04-30
0.701,SUSPECTED,SUPPORTING,0.825,NONE,NORMAL,TRAIN,True,CRIMINAL,ACTIVE,2026-01-24,2026-05-23
0.038,UNKNOWN,NEUTRAL,0.462,NONE,NORMAL,TRAIN,True,MIXED,ACTIVE,2026-04-28,2026-09-21
0.317,CONFIRMED,SUPPORTING,0.867,NONE,NORMAL,TRAIN,True,MIXED,ACTIVE,2026-04-27,2026-06-21
0.573,UNKNOWN,NEUTRAL,0.496,NONE,NORMAL,TRAIN,True,CRIMINAL,ACTIVE,2026-07-27,2026-08-30
0.164,CONFIRMED,SUPPORTING,0.855,NONE,NORMAL,TRAIN,True,CRIMINAL,ACTIVE,2026-05-15,2026-07-06
0.132,CONFIRMED,SUPPORTING,0.831,LEGITIMATE_ANOMALY,NORMAL,TRAIN,True,CRIMINAL,ACTIVE,2026-02-13,2026-05-22
0.601,UNKNOWN,NEUTRAL,0.258,NONE,NORMAL,VALIDATION,True,LEGITIMATE,ACTIVE,2025-10-16,2026-04-19
0.102,UNKNOWN,NEUTRAL,0.209,NONE,NORMAL,TRAIN,True,CRIMINAL,ACTIVE,2026-06-05,2026-09-13
0.433,CONFIRMED,SUPPORTING,0.864,NONE,NORMAL,TRAIN,True,MIXED,ACTIVE,2026-01-18,2026-04-11
0.893,CONFIRMED,SUPPORTING,0.844,NONE,NORMAL,TRAIN,True,CRIMINAL,ACTIVE,2026-01-06,2026-07-05
0.493,FALSE,CONTRADICTING,0.381,NONE,NORMAL,TRAIN,True,CRIMINAL,ACTIVE,2025-12-02,2026-03-02
0.881,SUSPECTED,SUPPORTING,0.742,NONE,NORMAL,TRAIN,True,CRIMINAL,ACTIVE,2026-05-21,2026-09-06
0.645,FALSE,CONTRADICTING,0.169,NONE,NORMAL,TRAIN,True,CRIMINAL,ACTIVE,2025-10-04,2026-03-17
0.784,FALSE,CONTRADICTING,0.283,NONE,NORMAL,TRAIN,True,MIXED,ACTIVE,2026-03-02,2026-09-11
0.592,SUSPECTED,SUPPORTING,0.826,NONE,NORMAL,TRAIN,True,MIXED,ACTIVE,2026-04-02,2026-06-19
0.752,FALSE,CONTRADICTING,0.225,NONE,NORMAL,TRAIN,True,MIXED,ACTIVE,2026-02-17,2026-07-07
0.336,CONFIRMED,SUPPORTING,0.978,NONE,NORMAL,TEST,True,AMBIGUOUS,ACTIVE,2025-11-12,2026-04-12
0.401,SUSPECTED,SUPPORTING,0.827,NONE,NORMAL,TEST,True,AMBIGUOUS,ACTIVE,2025-12-03,2026-03-22
0.174,SUSPECTED,SUPPORTING,0.674,CONTEXTUAL_ANOMALY,NORMAL,TRAIN,True,MIXED,ACTIVE,2025-11-01,2026-03-31
0.491,UNKNOWN,NEUTRAL,0.377,NONE,NORMAL,TEST,True,AMBIGUOUS,ACTIVE,2026-04-27,2026-09-10
0.588,FALSE,CONTRADICTING,0.181,NONE,NORMAL,TRAIN,True,MIXED,ACTIVE,2026-01-11,2026-03-15
0.58,CONFIRMED,SUPPORTING,0.983,NONE,NORMAL,VALIDATION,True,LEGITIMATE,ACTIVE,2026-01-20,2026-05-31
0.905,UNKNOWN,NEUTRAL,0.241,NONE,NORMAL,TRAIN,True,MIXED,ACTIVE,2026-04-08,2026-05-14
0.66,FALSE,CONTRADICTING,0.289,NONE,NORMAL,VALIDATION,True,LEGITIMATE,ACTIVE,2025-12-27,2026-04-01
0.344,CONFIRMED,SUPPORTING,0.892,NONE,NORMAL,VALIDATION,True,LEGITIMATE,ACTIVE,2026-01-16,2026-06-22
0.855,FALSE,CONTRADICTING,0.181,NONE,NORMAL,TRAIN,True,LEGITIMATE,ACTIVE,2026-03-29,2026-09-04
0.474,FALSE,CONTRADICTING,0.409,NONE,NORMAL,TRAIN,True,MIXED,ACTIVE,2026-01-11,2026-03-25
0.616,FALSE,CONTRADICTING,0.14,NONE,NORMAL,TRAIN,True,CRIMINAL,ACTIVE,2025-10-09,2026-03-03
0.477,CONFIRMED,SUPPORTING,0.886,NONE,NORMAL,TRAIN,True,MIXED,ACTIVE,2026-04-15,2026-06-18
0.055,UNKNOWN,NEUTRAL,0.413,NONE,NORMAL,TRAIN,True,MIXED,ACTIVE,2026-04-14,2026-08-25
0.219,CONFIRMED,SUPPORTING,0.837,NONE,NORMAL,TRAIN,True,CRIMINAL,ACTIVE,2026-01-21,2026-07-27
0.156,SUSPECTED,SUPPORTING,0.588,NONE,NORMAL,TRAIN,True,CRIMINAL,ACTIVE,2026-03-25,2026-04-21
0.257,FALSE,CONTRADICTING,0.35,NONE,NORMAL,TRAIN,True,CRIMINAL,ACTIVE,2025-10-10,2026-04-10
0.414,UNKNOWN,NEUTRAL,0.272,NONE,NORMAL,TRAIN,True,MIXED,ACTIVE,2026-05-21,2026-10-03
0.519,FALSE,CONTRADICTING,0.319,NONE,NORMAL,VALIDATION,True,LEGITIMATE,ACTIVE,2025-12-02,2026-06-03
0.211,FALSE,CONTRADICTING,0.376,LEGITIMATE_ANOMALY,NORMAL,VALIDATION,True,LEGITIMATE,ACTIVE,2026-04-19,2026-08-28
0.82,UNKNOWN,NEUTRAL,0.226,NONE,NORMAL,TRAIN,True,LEGITIMATE,ACTIVE,2026-05-06,2026-09-05
0.736,CONFIRMED,SUPPORTING,0.904,NONE,NORMAL,TRAIN,True,MIXED,ACTIVE,2025-10-22,2026-03-10
0.433,SUSPECTED,SUPPORTING,0.62,NONE,NORMAL,TRAIN,True,CRIMINAL,ACTIVE,2025-10-07,2026-04-05
0.216,FALSE,CONTRADICTING,0.218,NONE,MISSING_COUNTERPARTY,TRAIN,True,CRIMINAL,ACTIVE,2026-05-07,2026-06-24
0.54,UNKNOWN,NEUTRAL,0.445,NONE,NORMAL,TEST,True,AMBIGUOUS,ACTIVE,2026-06-15,2026-08-27
0.487,UNKNOWN,NEUTRAL,0.52,CRIMINAL_ANOMALY,NORMAL,TRAIN,True,MIXED,ACTIVE,2025-12-09,2026-05-05
0.505,SUSPECTED,SUPPORTING,0.746,NONE,NORMAL,TRAIN,True,CRIMINAL,ACTIVE,2025-12-04,2026-04-21
0.346,UNKNOWN,NEUTRAL,0.204,NONE,NORMAL,TRAIN,True,CRIMINAL,ACTIVE,2026-02-05,2026-06-30
0.441,UNKNOWN,NEUTRAL,0.387,NONE,NORMAL,TRAIN,True,CRIMINAL,ACTIVE,2026-02-22,2026-06-22
0.254,UNKNOWN,NEUTRAL,0.54,NONE,NORMAL,TEST,True,AMBIGUOUS,ACTIVE,2026-02-26,2026-09-12
0.507,CONFIRMED,SUPPORTING,0.956,NONE,NORMAL,TRAIN,True,CRIMINAL,ACTIVE,2026-07-02,2026-10-22
0.137,FALSE,CONTRADICTING,0.242,NONE,NORMAL,TRAIN,True,CRIMINAL,ACTIVE,2026-03-29,2026-09-06
0.24,SUSPECTED,SUPPORTING,0.815,NONE,NORMAL,TEST,True,AMBIGUOUS,ACTIVE,2026-05-29,2026-08-24
0.483,CONFIRMED,SUPPORTING,0.823,LEGITIMATE_ANOMALY,NORMAL,TRAIN,True,MIXED,ACTIVE,2026-02-17,2026-07-31
0.243,SUSPECTED,SUPPORTING,0.822,LEGITIMATE_ANOMALY,NORMAL,TRAIN,True,CRIMINAL,ACTIVE,2026-02-09,2026-04-29
0.733,CONFIRMED,SUPPORTING,0.923,NONE,NORMAL,TRAIN,True,CRIMINAL,ACTIVE,2026-05-23,2026-08-16
0.29,UNKNOWN,NEUTRAL,0.379,NONE,NORMAL,VALIDATION,True,LEGITIMATE,ACTIVE,2026-01-27,2026-04-10
0.295,SUSPECTED,SUPPORTING,0.726,NONE,NORMAL,TRAIN,True,CRIMINAL,ACTIVE,2026-03-04,2026-09-13
0.845,FALSE,CONTRADICTING,0.41,NONE,NORMAL,TRAIN,True,MIXED,ACTIVE,2026-01-12,2026-06-17
0.156,UNKNOWN,NEUTRAL,0.281,NONE,NORMAL,VALIDATION,True,LEGITIMATE,ACTIVE,2026-04-10,2026-07-17
0.638,FALSE,CONTRADICTING,0.288,NONE,NORMAL,TRAIN,True,MIXED,ACTIVE,2026-05-30,2026-09-15
0.316,FALSE,CONTRADICTING,0.365,NONE,NORMAL,TRAIN,True,CRIMINAL,ACTIVE,2025-10-31,2026-03-11
0.302,CONFIRMED,SUPPORTING,0.965,NONE,MISSING_COUNTERPARTY,TRAIN,True,MIXED,ACTIVE,2026-02-08,2026-06-26
0.201,FALSE,CONTRADICTING,0.234,NONE,NORMAL,TRAIN,True,CRIMINAL,ACTIVE,2026-07-12,2026-09-19
0.491,CONFIRMED,SUPPORTING,0.893,NONE,NORMAL,TRAIN,True,CRIMINAL,ACTIVE,2026-01-04,2026-04-15
0.809,FALSE,CONTRADICTING,0.393,NONE,NORMAL,TEST,True,AMBIGUOUS,ACTIVE,2025-12-26,2026-06-27
0.068,CONFIRMED,SUPPORTING,0.925,NONE,NORMAL,TRAIN,True,CRIMINAL,ACTIVE,2026-01-06,2026-06-06
0.341,CONFIRMED,SUPPORTING,0.959,NONE,NORMAL,TRAIN,True,CRIMINAL,ACTIVE,2025-11-15,2026-05-01
0.504,UNKNOWN,NEUTRAL,0.489,NONE,NORMAL,TEST,True,AMBIGUOUS,ACTIVE,2026-02-28,2026-06-27
0.702,UNKNOWN,NEUTRAL,0.233,CONTEXTUAL_ANOMALY,NORMAL,TRAIN,True,MIXED,ACTIVE,2026-05-04,2026-08-21
0.834,FALSE,CONTRADICTING,0.18,NONE,NORMAL,VALIDATION,True,LEGITIMATE,ACTIVE,2026-02-01,2026-07-20
0.067,SUSPECTED,SUPPORTING,0.711,NONE,NORMAL,TRAIN,True,CRIMINAL,ACTIVE,2026-01-29,2026-08-02
0.467,SUSPECTED,SUPPORTING,0.806,NONE,NORMAL,TRAIN,True,CRIMINAL,ACTIVE,2025-11-12,2026-02-07
0.72,CONFIRMED,SUPPORTING,0.9,NONE,NORMAL,VALIDATION,True,LEGITIMATE,ACTIVE,2026-05-28,2026-09-05
0.12,SUSPECTED,SUPPORTING,0.691,NONE,NORMAL,TRAIN,True,MIXED,ACTIVE,2026-02-04,2026-05-04
0.51,CONFIRMED,SUPPORTING,0.855,NONE,NORMAL,TRAIN,True,CRIMINAL,ACTIVE,2026-01-18,2026-07-07
0.045,SUSPECTED,SUPPORTING,0.8,NONE,NORMAL,TRAIN,True,CRIMINAL,ACTIVE,2026-03-01,2026-06-15
0.608,CONFIRMED,SUPPORTING,0.969,NONE,NORMAL,VALIDATION,True,LEGITIMATE,ACTIVE,2026-07-01,2026-09-25
0.712,FALSE,CONTRADICTING,0.301,NONE,NORMAL,TRAIN,True,MIXED,ACTIVE,2026-04-07,2026-06-25
0.137,UNKNOWN,NEUTRAL,0.288,NONE,NORMAL,TRAIN,True,MIXED,ACTIVE,2026-01-23,2026-05-28
0.811,UNKNOWN,NEUTRAL,0.204,NONE,NORMAL,TRAIN,True,CRIMINAL,ACTIVE,2026-03-12,2026-08-04
0.39,UNKNOWN,NEUTRAL,0.394,CONTEXTUAL_ANOMALY,NORMAL,VALIDATION,True,LEGITIMATE,ACTIVE,2026-01-24,2026-07-23
0.282,SUSPECTED,SUPPORTING,0.798,NONE,NORMAL,TRAIN,True,MIXED,ACTIVE,2026-04-18,2026-08-27
0.489,CONFIRMED,SUPPORTING,0.86,NONE,NORMAL,TRAIN,True,CRIMINAL,ACTIVE,2026-05-13,2026-09-27
0.765,FALSE,CONTRADICTING,0.2,NONE,NORMAL,TRAIN,True,CRIMINAL,ACTIVE,2025-11-24,2026-04-22
0.431,UNKNOWN,NEUTRAL,0.535,NONE,NORMAL,TRAIN,True,CRIMINAL,ACTIVE,2026-04-22,2026-07-17
0.139,FALSE,CONTRADICTING,0.242,NONE,NORMAL,TRAIN,True,CRIMINAL,ACTIVE,2026-03-12,2026-06-26
0.576,CONFIRMED,SUPPORTING,0.84,NONE,NORMAL,TRAIN,True,CRIMINAL,ACTIVE,2026-01-10,2026-04-06
0.531,SUSPECTED,SUPPORTING,0.667,NONE,NORMAL,TRAIN,True,MIXED,ACTIVE,2026-01-08,2026-02-22
0.566,CONFIRMED,SUPPORTING,0.949,CRIMINAL_ANOMALY,DUPLICATE,TRAIN,True,MIXED,ACTIVE,2026-01-10,2026-05-13
0.799,FALSE,CONTRADICTING,0.219,NONE,NORMAL,VALIDATION,True,LEGITIMATE,ACTIVE,2025-12-28,2026-04-07
0.371,UNKNOWN,NEUTRAL,0.281,NONE,NORMAL,TRAIN,True,CRIMINAL,ACTIVE,2026-03-10,2026-06-08
0.169,SUSPECTED,SUPPORTING,0.86,NONE,NORMAL,TEST,True,AMBIGUOUS,ACTIVE,2026-02-17,2026-05-07
0.702,UNKNOWN,NEUTRAL,0.24,NONE,NORMAL,TRAIN,True,CRIMINAL,ACTIVE,2026-03-25,2026-07-24
0.135,SUSPECTED,SUPPORTING,0.807,NONE,NORMAL,TRAIN,True,CRIMINAL,ACTIVE,2026-06-03,2026-08-05
0.476,SUSPECTED,SUPPORTING,0.688,LEGITIMATE_ANOMALY,NORMAL,TRAIN,True,MIXED,ACTIVE,2026-04-04,2026-07-28
0.527,CONFIRMED,SUPPORTING,0.944,NONE,NORMAL,TRAIN,True,CRIMINAL,ACTIVE,2026-04-12,2026-09-14
0.227,SUSPECTED,SUPPORTING,0.595,LEGITIMATE_ANOMALY,NORMAL,TRAIN,True,MIXED,ACTIVE,2026-01-27,2026-04-28
0.236,CONFIRMED,SUPPORTING,0.958,NONE,NORMAL,TRAIN,True,CRIMINAL,ACTIVE,2026-02-28,2026-06-24
0.454,UNKNOWN,NEUTRAL,0.413,CONTEXTUAL_ANOMALY,NORMAL,TRAIN,True,LEGITIMATE,ACTIVE,2026-02-06,2026-06-06
0.327,SUSPECTED,SUPPORTING,0.64,NONE,NORMAL,TRAIN,True,MIXED,ACTIVE,2026-03-16,2026-05-18
0.876,CONFIRMED,SUPPORTING,0.888,NONE,NORMAL,TRAIN,True,CRIMINAL,ACTIVE,2026-05-03,2026-08-31
0.448,CONFIRMED,SUPPORTING,0.96,NONE,NORMAL,TRAIN,True,CRIMINAL,ACTIVE,2026-03-13,2026-08-09
0.088,SUSPECTED,SUPPORTING,0.615,NONE,NORMAL,TRAIN,True,LEGITIMATE,ACTIVE,2025-12-22,2026-04-25
0.71,SUSPECTED,SUPPORTING,0.613,COLLECTIVE_ANOMALY,NORMAL,TEST,True,AMBIGUOUS,ACTIVE,2025-11-05,2026-01-26
0.361,CONFIRMED,SUPPORTING,0.973,NONE,NORMAL,TRAIN,True,CRIMINAL,ACTIVE,2026-04-02,2026-09-03
0.63,SUSPECTED,SUPPORTING,0.813,NONE,NORMAL,TRAIN,True,MIXED,ACTIVE,2025-12-07,2026-05-20
0.619,CONFIRMED,SUPPORTING,0.853,NONE,NORMAL,TRAIN,True,CRIMINAL,ACTIVE,2025-09-17,2026-04-02
0.675,SUSPECTED,SUPPORTING,0.776,NONE,NORMAL,TRAIN,True,CRIMINAL,ACTIVE,2026-04-26,2026-08-04
0.205,SUSPECTED,SUPPORTING,0.637,NONE,NORMAL,TRAIN,True,CRIMINAL,ACTIVE,2026-04-04,2026-07-03
0.225,SUSPECTED,SUPPORTING,0.836,NONE,NORMAL,TRAIN,True,MIXED,ACTIVE,2026-07-02,2026-10-10
0.646,FALSE,CONTRADICTING,0.245,NONE,NORMAL,TRAIN,True,MIXED,ACTIVE,2026-04-03,2026-07-19
0.178,CONFIRMED,SUPPORTING,0.925,LEGITIMATE_ANOMALY,NORMAL,TEST,True,AMBIGUOUS,ACTIVE,2026-05-21,2026-08-16
0.479,SUSPECTED,SUPPORTING,0.646,NONE,NORMAL,TEST,True,AMBIGUOUS,ACTIVE,2026-03-27,2026-08-15
0.436,FALSE,CONTRADICTING,0.185,NONE,NORMAL,TEST,True,AMBIGUOUS,ACTIVE,2026-04-18,2026-08-14
0.127,UNKNOWN,NEUTRAL,0.271,NONE,NORMAL,TRAIN,True,CRIMINAL,ACTIVE,2026-01-21,2026-06-09
0.528,UNKNOWN,NEUTRAL,0.292,NONE,NORMAL,TRAIN,True,MIXED,ACTIVE,2025-12-20,2026-04-04
0.295,FALSE,CONTRADICTING,0.133,NONE,NORMAL,TRAIN,True,MIXED,ACTIVE,2026-02-27,2026-07-12
0.796,SUSPECTED,SUPPORTING,0.68,NONE,NORMAL,TEST,True,AMBIGUOUS,ACTIVE,2026-03-16,2026-08-05
0.328,UNKNOWN,NEUTRAL,0.487,NONE,NORMAL,TRAIN,True,LEGITIMATE,ACTIVE,2026-02-03,2026-05-27
0.442,SUSPECTED,SUPPORTING,0.853,NONE,NORMAL,TEST,True,AMBIGUOUS,ACTIVE,2025-11-07,2026-03-18
0.381,UNKNOWN,NEUTRAL,0.518,CRIMINAL_ANOMALY,NORMAL,TRAIN,True,CRIMINAL,ACTIVE,2026-01-15,2026-04-07
0.369,SUSPECTED,SUPPORTING,0.658,NONE,MISSING_COUNTERPARTY,TRAIN,True,CRIMINAL,ACTIVE,2026-04-01,2026-08-05
0.656,SUSPECTED,SUPPORTING,0.774,NONE,NORMAL,TRAIN,True,CRIMINAL,ACTIVE,2026-02-28,2026-06-13
0.182,CONFIRMED,SUPPORTING,0.985,NONE,NORMAL,TRAIN,True,CRIMINAL,ACTIVE,2026-03-26,2026-08-21
0.256,CONFIRMED,SUPPORTING,0.973,CRIMINAL_ANOMALY,NORMAL,VALIDATION,True,LEGITIMATE,ACTIVE,2025-12-22,2026-04-22
0.349,UNKNOWN,NEUTRAL,0.264,LEGITIMATE_ANOMALY,NORMAL,TRAIN,True,CRIMINAL,ACTIVE,2025-12-19,2026-06-12
0.249,CONFIRMED,SUPPORTING,0.908,TEMPORAL_ANOMALY,NORMAL,VALIDATION,True,LEGITIMATE,ACTIVE,2026-01-03,2026-05-21
0.716,UNKNOWN,NEUTRAL,0.527,NONE,NORMAL,TEST,True,AMBIGUOUS,ACTIVE,2025-10-21,2026-03-12
0.162,UNKNOWN,NEUTRAL,0.24,NONE,NORMAL,VALIDATION,True,LEGITIMATE,ACTIVE,2026-07-12,2026-09-13
0.528,UNKNOWN,NEUTRAL,0.413,NONE,NORMAL,TRAIN,True,CRIMINAL,ACTIVE,2025-09-29,2026-03-18
0.604,CONFIRMED,SUPPORTING,0.974,NONE,NORMAL,TRAIN,True,CRIMINAL,ACTIVE,2025-11-16,2026-05-09
0.534,CONFIRMED,SUPPORTING,0.92,NONE,NORMAL,TEST,True,AMBIGUOUS,ACTIVE,2026-05-04,2026-07-11
0.322,UNKNOWN,NEUTRAL,0.523,NONE,NORMAL,TRAIN,True,MIXED,ACTIVE,2026-02-02,2026-05-08
0.156,SUSPECTED,SUPPORTING,0.853,NONE,NORMAL,TRAIN,True,CRIMINAL,ACTIVE,2026-01-27,2026-05-21
0.119,CONFIRMED,SUPPORTING,0.878,NONE,NORMAL,TRAIN,True,MIXED,ACTIVE,2026-07-13,2026-09-11
0.194,CONFIRMED,SUPPORTING,0.943,NONE,NORMAL,TRAIN,True,CRIMINAL,ACTIVE,2026-02-25,2026-05-12
0.405,UNKNOWN,NEUTRAL,0.541,NONE,NORMAL,VALIDATION,True,LEGITIMATE,ACTIVE,2026-06-13,2026-09-30
0.458,SUSPECTED,SUPPORTING,0.796,NONE,NORMAL,TRAIN,True,CRIMINAL,ACTIVE,2026-07-24,2026-10-10
0.42,CONFIRMED,SUPPORTING,0.828,NONE,NORMAL,TRAIN,True,CRIMINAL,ACTIVE,2025-10-27,2026-04-15
0.704,CONFIRMED,SUPPORTING,0.94,NONE,NORMAL,TRAIN,True,CRIMINAL,ACTIVE,2026-06-14,2026-09-20
0.374,CONFIRMED,SUPPORTING,0.832,NONE,NORMAL,TRAIN,True,CRIMINAL,ACTIVE,2026-01-15,2026-06-04
0.501,FALSE,CONTRADICTING,0.416,NONE,NORMAL,VALIDATION,True,LEGITIMATE,ACTIVE,2026-01-19,2026-06-14
0.73,SUSPECTED,SUPPORTING,0.581,NONE,NORMAL,TRAIN,True,MIXED,ACTIVE,2026-03-29,2026-07-17
0.334,CONFIRMED,SUPPORTING,0.944,NONE,NORMAL,TRAIN,True,MIXED,ACTIVE,2026-06-12,2026-08-12
0.411,SUSPECTED,SUPPORTING,0.731,TEMPORAL_ANOMALY,NORMAL,TEST,True,AMBIGUOUS,ACTIVE,2026-02-22,2026-06-30
0.124,UNKNOWN,NEUTRAL,0.403,CONTEXTUAL_ANOMALY,NORMAL,VALIDATION,True,LEGITIMATE,ACTIVE,2026-05-15,2026-07-21
0.246,CONFIRMED,SUPPORTING,0.826,NONE,NORMAL,TRAIN,True,MIXED,ACTIVE,2026-05-18,2026-10-07
0.383,FALSE,CONTRADICTING,0.303,NONE,NORMAL,TRAIN,True,MIXED,ACTIVE,2026-04-14,2026-06-13
0.563,UNKNOWN,NEUTRAL,0.382,NONE,NORMAL,TRAIN,True,CRIMINAL,ACTIVE,2026-01-13,2026-03-09
0.248,UNKNOWN,NEUTRAL,0.512,NONE,NORMAL,TRAIN,True,CRIMINAL,ACTIVE,2025-12-20,2026-02-01
0.516,CONFIRMED,SUPPORTING,0.966,NONE,NORMAL,TRAIN,True,MIXED,ACTIVE,2026-02-20,2026-05-29
0.742,CONFIRMED,SUPPORTING,0.892,NONE,NORMAL,TRAIN,True,CRIMINAL,ACTIVE,2026-01-25,2026-06-12
0.22,CONFIRMED,SUPPORTING,0.876,NONE,NORMAL,TRAIN,True,MIXED,ACTIVE,2025-12-14,2026-06-26
0.63,FALSE,CONTRADICTING,0.256,NONE,NORMAL,TRAIN,True,LEGITIMATE,ACTIVE,2025-09-27,2026-02-06
0.629,SUSPECTED,SUPPORTING,0.663,NONE,NORMAL,TRAIN,True,MIXED,ACTIVE,2026-03-02,2026-07-01
0.18,UNKNOWN,NEUTRAL,0.449,CRIMINAL_ANOMALY,NORMAL,TRAIN,True,MIXED,ACTIVE,2025-12-28,2026-03-16
0.026,CONFIRMED,SUPPORTING,0.832,NONE,NORMAL,TRAIN,True,LEGITIMATE,ACTIVE,2026-02-03,2026-05-08
0.172,SUSPECTED,SUPPORTING,0.667,NONE,NORMAL,TRAIN,True,CRIMINAL,ACTIVE,2026-03-09,2026-05-07
0.588,FALSE,CONTRADICTING,0.362,NONE,NORMAL,VALIDATION,True,LEGITIMATE,ACTIVE,2026-04-01,2026-08-07
0.485,SUSPECTED,SUPPORTING,0.75,NONE,NORMAL,TRAIN,True,MIXED,ACTIVE,2025-11-12,2026-03-08
0.469,UNKNOWN,NEUTRAL,0.324,CONTEXTUAL_ANOMALY,NORMAL,TRAIN,True,CRIMINAL,ACTIVE,2026-06-04,2026-09-05
0.226,SUSPECTED,SUPPORTING,0.737,CONTEXTUAL_ANOMALY,NORMAL,TRAIN,True,CRIMINAL,ACTIVE,2026-05-12,2026-08-26
0.527,SUSPECTED,SUPPORTING,0.777,NONE,NORMAL,VALIDATION,True,LEGITIMATE,ACTIVE,2025-12-20,2026-02-21
0.345,SUSPECTED,SUPPORTING,0.591,NONE,NORMAL,TRAIN,True,CRIMINAL,ACTIVE,2025-09-24,2026-03-07
0.589,CONFIRMED,SUPPORTING,0.883,NONE,NORMAL,TRAIN,True,CRIMINAL,ACTIVE,2026-03-05,2026-06-30
0.396,FALSE,CONTRADICTING,0.121,NONE,NORMAL,TEST,True,AMBIGUOUS,ACTIVE,2025-11-20,2026-05-17
0.244,UNKNOWN,NEUTRAL,0.345,NONE,NORMAL,TRAIN,True,CRIMINAL,ACTIVE,2026-02-26,2026-05-14
0.37,CONFIRMED,SUPPORTING,0.877,NONE,NORMAL,TRAIN,True,CRIMINAL,ACTIVE,2026-01-22,2026-05-09
0.48,CONFIRMED,SUPPORTING,0.92,COLLECTIVE_ANOMALY,NORMAL,TRAIN,True,CRIMINAL,ACTIVE,2025-11-21,2026-03-01
0.565,SUSPECTED,SUPPORTING,0.648,NONE,NORMAL,TEST,True,AMBIGUOUS,ACTIVE,2026-01-15,2026-06-28
0.139,FALSE,CONTRADICTING,0.388,NONE,NORMAL,TRAIN,True,CRIMINAL,ACTIVE,2026-03-25,2026-07-26
0.596,UNKNOWN,NEUTRAL,0.326,NONE,NORMAL,TRAIN,True,MIXED,ACTIVE,2026-04-02,2026-07-22
0.362,SUSPECTED,SUPPORTING,0.659,NONE,NORMAL,TRAIN,True,MIXED,ACTIVE,2026-04-21,2026-10-05
0.518,SUSPECTED,SUPPORTING,0.703,NONE,NORMAL,TRAIN,True,CRIMINAL,ACTIVE,2026-02-20,2026-05-09
0.586,SUSPECTED,SUPPORTING,0.687,NONE,NORMAL,VALIDATION,True,LEGITIMATE,ACTIVE,2026-04-02,2026-08-27
0.306,SUSPECTED,SUPPORTING,0.857,CONTEXTUAL_ANOMALY,NORMAL,TRAIN,True,CRIMINAL,ACTIVE,2026-03-07,2026-05-11
0.139,CONFIRMED,SUPPORTING,0.891,NONE,NORMAL,TRAIN,True,MIXED,ACTIVE,2026-02-26,2026-07-08
0.579,SUSPECTED,SUPPORTING,0.775,LEGITIMATE_ANOMALY,NORMAL,TRAIN,True,MIXED,ACTIVE,2026-02-11,2026-07-12
0.575,UNKNOWN,NEUTRAL,0.206,NONE,NORMAL,TEST,True,AMBIGUOUS,ACTIVE,2025-11-26,2026-03-10
0.29,FALSE,CONTRADICTING,0.141,NONE,NORMAL,TRAIN,True,MIXED,ACTIVE,2026-03-09,2026-08-09
0.649,CONFIRMED,SUPPORTING,0.9,NONE,NORMAL,VALIDATION,True,LEGITIMATE,ACTIVE,2026-05-09,2026-08-21
0.449,CONFIRMED,SUPPORTING,0.955,NONE,NORMAL,TRAIN,True,CRIMINAL,ACTIVE,2026-03-22,2026-06-19
0.591,SUSPECTED,SUPPORTING,0.685,NONE,NORMAL,TRAIN,True,MIXED,ACTIVE,2026-04-22,2026-08-19
0.62,FALSE,CONTRADICTING,0.408,NONE,NORMAL,TRAIN,True,MIXED,ACTIVE,2026-03-21,2026-05-24
0.062,UNKNOWN,NEUTRAL,0.426,NONE,NORMAL,TRAIN,True,MIXED,ACTIVE,2026-01-21,2026-06-25
0.683,FALSE,CONTRADICTING,0.419,NONE,NORMAL,TRAIN,True,CRIMINAL,ACTIVE,2026-01-27,2026-06-27
0.699,UNKNOWN,NEUTRAL,0.317,CONTEXTUAL_ANOMALY,NORMAL,TEST,True,AMBIGUOUS,ACTIVE,2026-05-08,2026-07-09
0.444,CONFIRMED,SUPPORTING,0.858,NONE,NORMAL,TRAIN,True,CRIMINAL,ACTIVE,2026-06-14,2026-08-19
0.397,UNKNOWN,NEUTRAL,0.356,NONE,NORMAL,VALIDATION,True,LEGITIMATE,ACTIVE,2026-06-16,2026-08-22
0.831,FALSE,CONTRADICTING,0.322,CONTEXTUAL_ANOMALY,NORMAL,TRAIN,True,CRIMINAL,ACTIVE,2026-04-03,2026-05-29
0.5,SUSPECTED,SUPPORTING,0.662,NONE,NORMAL,TEST,True,AMBIGUOUS,ACTIVE,2026-03-18,2026-08-26
0.409,CONFIRMED,SUPPORTING,0.911,NONE,NORMAL,TRAIN,True,MIXED,ACTIVE,2026-07-14,2026-09-24
0.503,SUSPECTED,SUPPORTING,0.606,NONE,NORMAL,VALIDATION,True,LEGITIMATE,ACTIVE,2026-05-31,2026-09-20
0.512,UNKNOWN,NEUTRAL,0.544,NONE,NORMAL,TRAIN,True,LEGITIMATE,ACTIVE,2026-04-22,2026-07-16
0.184,FALSE,CONTRADICTING,0.322,NONE,NORMAL,VALIDATION,True,LEGITIMATE,ACTIVE,2026-06-22,2026-09-27
0.535,SUSPECTED,SUPPORTING,0.767,TEMPORAL_ANOMALY,NORMAL,TRAIN,True,MIXED,ACTIVE,2026-03-02,2026-07-27
0.081,CONFIRMED,SUPPORTING,0.903,NONE,NORMAL,TRAIN,True,CRIMINAL,ACTIVE,2026-01-09,2026-04-08
0.646,SUSPECTED,SUPPORTING,0.801,NONE,NORMAL,TRAIN,True,CRIMINAL,ACTIVE,2025-10-31,2026-03-10
0.24,SUSPECTED,SUPPORTING,0.833,NONE,NORMAL,TEST,True,AMBIGUOUS,ACTIVE,2025-12-01,2026-04-19
0.603,UNKNOWN,NEUTRAL,0.368,NONE,NORMAL,TRAIN,True,MIXED,ACTIVE,2026-01-17,2026-04-02
0.692,CONFIRMED,SUPPORTING,0.828,NONE,NORMAL,VALIDATION,True,LEGITIMATE,ACTIVE,2025-09-12,2026-02-27
0.5,CONFIRMED,SUPPORTING,0.831,NONE,NORMAL,TRAIN,True,MIXED,ACTIVE,2026-02-02,2026-04-28
0.393,SUSPECTED,SUPPORTING,0.753,NONE,NORMAL,TRAIN,True,CRIMINAL,ACTIVE,2025-12-16,2026-05-24
0.293,CONFIRMED,SUPPORTING,0.979,LEGITIMATE_ANOMALY,NORMAL,TRAIN,True,CRIMINAL,ACTIVE,2025-11-06,2026-03-08
0.392,SUSPECTED,SUPPORTING,0.766,NONE,NORMAL,TRAIN,True,MIXED,ACTIVE,2026-03-13,2026-08-24
0.32,UNKNOWN,NEUTRAL,0.21,NONE,NORMAL,TEST,True,AMBIGUOUS,ACTIVE,2026-07-10,2026-10-16
0.593,SUSPECTED,SUPPORTING,0.792,NONE,NORMAL,TRAIN,True,CRIMINAL,ACTIVE,2026-01-04,2026-02-25
0.041,CONFIRMED,SUPPORTING,0.982,COLLECTIVE_ANOMALY,NORMAL,TRAIN,True,MIXED,ACTIVE,2026-04-12,2026-07-28
0.158,SUSPECTED,SUPPORTING,0.785,NONE,NORMAL,VALIDATION,True,LEGITIMATE,ACTIVE,2026-01-23,2026-07-15
0.482,SUSPECTED,SUPPORTING,0.85,NONE,NORMAL,TEST,True,AMBIGUOUS,ACTIVE,2026-06-26,2026-08-17
0.669,CONFIRMED,SUPPORTING,0.954,NONE,NORMAL,TEST,True,AMBIGUOUS,ACTIVE,2026-01-04,2026-06-06
0.22,SUSPECTED,SUPPORTING,0.687,NONE,NORMAL,VALIDATION,True,LEGITIMATE,ACTIVE,2025-11-25,2026-04-17
0.259,SUSPECTED,SUPPORTING,0.735,NONE,NORMAL,TEST,True,AMBIGUOUS,ACTIVE,2026-05-30,2026-08-29
0.111,UNKNOWN,NEUTRAL,0.476,NONE,NORMAL,TEST,True,AMBIGUOUS,ACTIVE,2026-03-24,2026-05-23
0.787,UNKNOWN,NEUTRAL,0.286,NONE,NORMAL,VALIDATION,True,LEGITIMATE,ACTIVE,2025-11-18,2026-03-14
0.137,SUSPECTED,SUPPORTING,0.758,NONE,NORMAL,TRAIN,True,CRIMINAL,ACTIVE,2025-10-06,2026-04-04
0.339,FALSE,CONTRADICTING,0.403,NONE,NORMAL,TRAIN,True,MIXED,ACTIVE,2025-11-23,2026-03-14
0.219,CONFIRMED,SUPPORTING,0.91,NONE,NORMAL,TRAIN,True,MIXED,ACTIVE,2025-11-22,2026-04-12
0.482,FALSE,CONTRADICTING,0.127,NONE,NORMAL,TEST,True,AMBIGUOUS,ACTIVE,2026-06-02,2026-07-08
0.602,FALSE,CONTRADICTING,0.263,NONE,DUPLICATE,TRAIN,True,MIXED,ACTIVE,2026-02-22,2026-07-19
0.313,FALSE,CONTRADICTING,0.275,LEGITIMATE_ANOMALY,NORMAL,VALIDATION,True,LEGITIMATE,ACTIVE,2026-03-06,2026-07-11
0.488,SUSPECTED,SUPPORTING,0.694,NONE,NORMAL,TRAIN,True,CRIMINAL,ACTIVE,2025-12-02,2026-06-25
0.347,CONFIRMED,SUPPORTING,0.937,NONE,NORMAL,TRAIN,True,CRIMINAL,ACTIVE,2026-02-07,2026-04-24
0.398,SUSPECTED,SUPPORTING,0.756,LEGITIMATE_ANOMALY,NORMAL,TRAIN,True,LEGITIMATE,ACTIVE,2026-05-25,2026-08-03
0.585,UNKNOWN,NEUTRAL,0.283,COLLECTIVE_ANOMALY,NORMAL,VALIDATION,True,LEGITIMATE,ACTIVE,2026-01-17,2026-04-18
0.481,SUSPECTED,SUPPORTING,0.648,NONE,NORMAL,TRAIN,True,MIXED,ACTIVE,2026-04-22,2026-10-22
0.319,CONFIRMED,SUPPORTING,0.828,NONE,NORMAL,TRAIN,True,CRIMINAL,ACTIVE,2026-06-21,2026-09-22
0.285,UNKNOWN,NEUTRAL,0.442,NONE,NORMAL,TEST,True,AMBIGUOUS,ACTIVE,2026-03-23,2026-08-09
0.602,SUSPECTED,SUPPORTING,0.772,NONE,NORMAL,VALIDATION,True,LEGITIMATE,ACTIVE,2026-04-18,2026-08-12
0.133,UNKNOWN,NEUTRAL,0.278,TEMPORAL_ANOMALY,NORMAL,TRAIN,True,CRIMINAL,ACTIVE,2026-05-06,2026-09-11
0.664,UNKNOWN,NEUTRAL,0.397,CRIMINAL_ANOMALY,NORMAL,TRAIN,True,MIXED,ACTIVE,2025-12-13,2026-06-24
0.71,FALSE,CONTRADICTING,0.366,TEMPORAL_ANOMALY,NORMAL,VALIDATION,True,LEGITIMATE,ACTIVE,2026-03-31,2026-08-04
0.21,SUSPECTED,SUPPORTING,0.654,NONE,NORMAL,TRAIN,True,CRIMINAL,ACTIVE,2026-06-14,2026-09-16
0.234,SUSPECTED,SUPPORTING,0.707,NONE,NORMAL,VALIDATION,True,LEGITIMATE,ACTIVE,2026-01-25,2026-05-29
0.716,SUSPECTED,SUPPORTING,0.59,CONTEXTUAL_ANOMALY,NORMAL,TRAIN,True,CRIMINAL,ACTIVE,2025-10-23,2026-04-05
0.892,FALSE,CONTRADICTING,0.12,LEGITIMATE_ANOMALY,NORMAL,VALIDATION,True,LEGITIMATE,ACTIVE,2025-12-19,2026-05-07
0.335,UNKNOWN,NEUTRAL,0.346,NONE,NORMAL,TRAIN,True,CRIMINAL,ACTIVE,2026-07-10,2026-10-25
0.3,SUSPECTED,SUPPORTING,0.816,TEMPORAL_ANOMALY,NORMAL,TRAIN,True,CRIMINAL,ACTIVE,2026-07-02,2026-10-06
0.008,CONFIRMED,SUPPORTING,0.871,NONE,NORMAL,TRAIN,True,CRIMINAL,ACTIVE,2026-03-04,2026-08-26
0.283,CONFIRMED,SUPPORTING,0.878,NONE,NORMAL,TRAIN,True,CRIMINAL,ACTIVE,2026-05-27,2026-09-13
0.29,SUSPECTED,SUPPORTING,0.659,NONE,NORMAL,TRAIN,True,LEGITIMATE,ACTIVE,2026-05-04,2026-07-29
0.668,UNKNOWN,NEUTRAL,0.345,NONE,NORMAL,TRAIN,True,CRIMINAL,ACTIVE,2026-04-25,2026-06-15
0.776,SUSPECTED,SUPPORTING,0.58,NONE,NORMAL,TRAIN,True,CRIMINAL,ACTIVE,2026-05-07,2026-08-30
0.399,FALSE,CONTRADICTING,0.196,NONE,NORMAL,TRAIN,True,CRIMINAL,ACTIVE,2025-12-24,2026-05-03
0.807,UNKNOWN,NEUTRAL,0.538,NONE,NORMAL,TRAIN,True,CRIMINAL,ACTIVE,2026-03-13,2026-08-10
0.358,UNKNOWN,NEUTRAL,0.218,NONE,NORMAL,TRAIN,True,MIXED,ACTIVE,2026-06-16,2026-07-23
0.441,CONFIRMED,SUPPORTING,0.965,NONE,NORMAL,TRAIN,True,CRIMINAL,ACTIVE,2025-11-22,2026-05-18
0.089,SUSPECTED,SUPPORTING,0.692,CONTEXTUAL_ANOMALY,NORMAL,TRAIN,True,CRIMINAL,ACTIVE,2026-02-15,2026-06-26
0.258,CONFIRMED,SUPPORTING,0.863,NONE,NORMAL,TRAIN,True,CRIMINAL,ACTIVE,2025-11-18,2026-05-21
0.266,UNKNOWN,NEUTRAL,0.475,COLLECTIVE_ANOMALY,NORMAL,TEST,True,AMBIGUOUS,ACTIVE,2026-01-08,2026-04-26
0.503,UNKNOWN,NEUTRAL,0.413,NONE,NORMAL,TEST,True,AMBIGUOUS,ACTIVE,2026-03-27,2026-06-15
0.27,CONFIRMED,SUPPORTING,0.851,NONE,NORMAL,TRAIN,True,MIXED,ACTIVE,2025-10-30,2026-02-04
0.106,SUSPECTED,SUPPORTING,0.739,NONE,NORMAL,TRAIN,True,MIXED,ACTIVE,2026-01-07,2026-05-20
0.144,UNKNOWN,NEUTRAL,0.36,COLLECTIVE_ANOMALY,NORMAL,TRAIN,True,CRIMINAL,ACTIVE,2026-01-12,2026-07-26
0.316,SUSPECTED,SUPPORTING,0.842,NONE,NORMAL,TRAIN,True,CRIMINAL,ACTIVE,2026-05-12,2026-07-01
0.184,CONFIRMED,SUPPORTING,0.937,CRIMINAL_ANOMALY,NORMAL,TRAIN,True,MIXED,ACTIVE,2026-04-26,2026-10-01
0.408,UNKNOWN,NEUTRAL,0.248,CRIMINAL_ANOMALY,NORMAL,VALIDATION,True,LEGITIMATE,ACTIVE,2025-12-20,2026-05-13
0.109,CONFIRMED,SUPPORTING,0.966,NONE,NORMAL,VALIDATION,True,LEGITIMATE,ACTIVE,2026-04-26,2026-08-22
0.722,FALSE,CONTRADICTING,0.145,NONE,NORMAL,TRAIN,True,MIXED,ACTIVE,2026-05-27,2026-07-24
0.322,SUSPECTED,SUPPORTING,0.65,NONE,REVERSED_RECORD,TRAIN,True,MIXED,ACTIVE,2026-04-20,2026-09-24
0.737,CONFIRMED,SUPPORTING,0.826,NONE,NORMAL,TRAIN,True,CRIMINAL,ACTIVE,2025-12-10,2026-05-27
0.552,FALSE,CONTRADICTING,0.346,NONE,NORMAL,TEST,True,AMBIGUOUS,ACTIVE,2026-06-26,2026-08-09
0.682,CONFIRMED,SUPPORTING,0.936,NONE,NORMAL,TRAIN,True,CRIMINAL,ACTIVE,2026-01-16,2026-07-02
0.066,FALSE,CONTRADICTING,0.389,NONE,NORMAL,TEST,True,AMBIGUOUS,ACTIVE,2025-10-30,2026-03-30
0.728,SUSPECTED,SUPPORTING,0.826,NONE,DUPLICATE,TRAIN,True,CRIMINAL,ACTIVE,2026-06-03,2026-08-21
0.185,CONFIRMED,SUPPORTING,0.963,NONE,NORMAL,TRAIN,True,MIXED,ACTIVE,2025-10-08,2026-03-08
0.411,FALSE,CONTRADICTING,0.187,NONE,NORMAL,TEST,True,AMBIGUOUS,ACTIVE,2026-01-19,2026-03-02
0.397,FALSE,CONTRADICTING,0.361,TEMPORAL_ANOMALY,NORMAL,TEST,True,AMBIGUOUS,ACTIVE,2026-02-17,2026-08-28
0.539,SUSPECTED,SUPPORTING,0.66,NONE,NORMAL,TRAIN,True,LEGITIMATE,ACTIVE,2026-06-10,2026-10-01
0.342,CONFIRMED,SUPPORTING,0.878,LEGITIMATE_ANOMALY,NORMAL,TEST,True,AMBIGUOUS,ACTIVE,2025-12-18,2026-06-02
0.294,UNKNOWN,NEUTRAL,0.482,NONE,NORMAL,TRAIN,True,CRIMINAL,ACTIVE,2026-03-27,2026-09-06
0.271,CONFIRMED,SUPPORTING,0.84,CRIMINAL_ANOMALY,NORMAL,TRAIN,True,CRIMINAL,ACTIVE,2026-01-23,2026-06-25
0.119,CONFIRMED,SUPPORTING,0.827,CONTEXTUAL_ANOMALY,NORMAL,TRAIN,True,MIXED,ACTIVE,2026-01-16,2026-04-14
0.229,CONFIRMED,SUPPORTING,0.941,NONE,NORMAL,TRAIN,True,CRIMINAL,ACTIVE,2026-02-07,2026-05-03
0.232,SUSPECTED,SUPPORTING,0.715,NONE,NORMAL,TRAIN,True,CRIMINAL,ACTIVE,2026-04-15,2026-09-16
0.562,CONFIRMED,SUPPORTING,0.918,NONE,NORMAL,TRAIN,True,CRIMINAL,ACTIVE,2026-02-10,2026-06-05
0.313,CONFIRMED,SUPPORTING,0.853,NONE,NORMAL,TEST,True,AMBIGUOUS,ACTIVE,2026-06-08,2026-08-16
0.749,FALSE,CONTRADICTING,0.402,LEGITIMATE_ANOMALY,NORMAL,VALIDATION,True,LEGITIMATE,ACTIVE,2025-11-01,2026-02-27
0.204,SUSPECTED,SUPPORTING,0.61,NONE,NORMAL,TRAIN,True,CRIMINAL,ACTIVE,2025-10-13,2026-02-11
0.868,UNKNOWN,NEUTRAL,0.226,CRIMINAL_ANOMALY,NORMAL,TRAIN,True,MIXED,ACTIVE,2026-03-29,2026-07-29
0.393,SUSPECTED,SUPPORTING,0.634,LEGITIMATE_ANOMALY,NORMAL,TRAIN,True,MIXED,ACTIVE,2025-12-21,2026-06-29
0.209,FALSE,CONTRADICTING,0.331,NONE,NORMAL,TRAIN,True,LEGITIMATE,ACTIVE,2026-03-31,2026-07-03
0.667,UNKNOWN,NEUTRAL,0.442,NONE,NORMAL,TRAIN,True,CRIMINAL,ACTIVE,2026-01-22,2026-04-19
0.549,UNKNOWN,NEUTRAL,0.511,NONE,NORMAL,TRAIN,True,MIXED,ACTIVE,2026-04-13,2026-09-16
0.652,UNKNOWN,NEUTRAL,0.42,NONE,NORMAL,TRAIN,True,MIXED,ACTIVE,2026-05-18,2026-07-10
0.452,CONFIRMED,SUPPORTING,0.88,NONE,DUPLICATE,VALIDATION,True,LEGITIMATE,ACTIVE,2025-12-28,2026-03-07
0.645,FALSE,CONTRADICTING,0.289,NONE,NORMAL,TRAIN,True,MIXED,ACTIVE,2026-05-22,2026-08-30
0.316,SUSPECTED,SUPPORTING,0.86,COLLECTIVE_ANOMALY,NORMAL,TEST,True,AMBIGUOUS,ACTIVE,2025-10-31,2026-02-22
0.371,CONFIRMED,SUPPORTING,0.902,NONE,NORMAL,TRAIN,True,CRIMINAL,ACTIVE,2026-03-18,2026-09-09
0.33,SUSPECTED,SUPPORTING,0.666,NONE,REVERSED_RECORD,TRAIN,True,MIXED,ACTIVE,2025-11-16,2026-02-28
0.382,SUSPECTED,SUPPORTING,0.637,NONE,NORMAL,TEST,True,AMBIGUOUS,ACTIVE,2025-12-06,2026-04-15
0.451,SUSPECTED,SUPPORTING,0.735,NONE,FORMATTING_VARIATION,TRAIN,True,CRIMINAL,ACTIVE,2026-05-07,2026-10-24
0.104,FALSE,CONTRADICTING,0.32,NONE,NORMAL,TRAIN,True,MIXED,ACTIVE,2026-05-11,2026-06-18
0.376,CONFIRMED,SUPPORTING,0.891,NONE,NORMAL,TEST,True,AMBIGUOUS,ACTIVE,2026-06-30,2026-08-13
0.335,SUSPECTED,SUPPORTING,0.77,NONE,NORMAL,TRAIN,True,CRIMINAL,ACTIVE,2026-04-10,2026-07-11
0.481,UNKNOWN,NEUTRAL,0.344,NONE,NORMAL,TEST,True,AMBIGUOUS,ACTIVE,2025-11-22,2026-05-13
0.714,SUSPECTED,SUPPORTING,0.604,NONE,NORMAL,VALIDATION,True,LEGITIMATE,ACTIVE,2026-04-09,2026-09-09
0.829,FALSE,CONTRADICTING,0.237,NONE,NORMAL,TRAIN,True,CRIMINAL,ACTIVE,2026-03-27,2026-07-10
0.715,FALSE,CONTRADICTING,0.328,NONE,NORMAL,VALIDATION,True,LEGITIMATE,ACTIVE,2026-02-10,2026-08-08
0.501,CONFIRMED,SUPPORTING,0.963,NONE,NORMAL,TRAIN,True,MIXED,ACTIVE,2025-11-07,2026-03-18
0.749,CONFIRMED,SUPPORTING,0.904,NONE,NORMAL,TRAIN,True,CRIMINAL,ACTIVE,2026-06-24,2026-07-30
0.751,UNKNOWN,NEUTRAL,0.286,LEGITIMATE_ANOMALY,NORMAL,TEST,True,AMBIGUOUS,ACTIVE,2026-03-28,2026-07-02
0.242,SUSPECTED,SUPPORTING,0.591,NONE,FORMATTING_VARIATION,TRAIN,True,MIXED,ACTIVE,2026-03-04,2026-09-02
0.3,SUSPECTED,SUPPORTING,0.809,NONE,NORMAL,TRAIN,True,CRIMINAL,ACTIVE,2025-09-27,2026-01-24
0.765,FALSE,CONTRADICTING,0.413,NONE,NORMAL,TRAIN,True,CRIMINAL,ACTIVE,2025-09-18,2026-02-08
0.232,CONFIRMED,SUPPORTING,0.878,COLLECTIVE_ANOMALY,NORMAL,TRAIN,True,CRIMINAL,ACTIVE,2026-01-01,2026-06-04
0.476,CONFIRMED,SUPPORTING,0.972,NONE,NORMAL,TRAIN,True,CRIMINAL,ACTIVE,2026-06-03,2026-09-29
0.347,SUSPECTED,SUPPORTING,0.771,NONE,NORMAL,TRAIN,True,CRIMINAL,ACTIVE,2026-03-25,2026-06-07
0.157,SUSPECTED,SUPPORTING,0.584,LEGITIMATE_ANOMALY,NORMAL,TRAIN,True,MIXED,ACTIVE,2026-02-12,2026-07-03
0.8,SUSPECTED,SUPPORTING,0.762,NONE,NORMAL,TRAIN,True,MIXED,ACTIVE,2026-07-31,2026-09-29
0.483,CONFIRMED,SUPPORTING,0.865,TEMPORAL_ANOMALY,NORMAL,TRAIN,True,MIXED,ACTIVE,2026-06-19,2026-09-14
0.879,UNKNOWN,NEUTRAL,0.271,NONE,NORMAL,VALIDATION,True,LEGITIMATE,ACTIVE,2026-02-20,2026-08-01
0.306,FALSE,CONTRADICTING,0.346,CONTEXTUAL_ANOMALY,NORMAL,TRAIN,True,CRIMINAL,ACTIVE,2025-11-15,2026-05-17
0.287,FALSE,CONTRADICTING,0.397,CONTEXTUAL_ANOMALY,NORMAL,TRAIN,True,LEGITIMATE,ACTIVE,2026-05-05,2026-08-17
0.278,SUSPECTED,SUPPORTING,0.775,NONE,NORMAL,TEST,True,AMBIGUOUS,ACTIVE,2025-10-11,2026-02-24
0.467,FALSE,CONTRADICTING,0.193,NONE,NORMAL,VALIDATION,True,LEGITIMATE,ACTIVE,2026-01-13,2026-06-26
0.404,SUSPECTED,SUPPORTING,0.7,NONE,NORMAL,TRAIN,True,MIXED,ACTIVE,2025-09-23,2026-01-21
0.562,CONFIRMED,SUPPORTING,0.849,NONE,NORMAL,TRAIN,True,CRIMINAL,ACTIVE,2026-04-08,2026-08-08
0.101,CONFIRMED,SUPPORTING,0.838,NONE,MISSING_COUNTERPARTY,VALIDATION,True,LEGITIMATE,ACTIVE,2025-11-20,2026-03-18
0.745,CONFIRMED,SUPPORTING,0.931,NONE,NORMAL,TRAIN,True,MIXED,ACTIVE,2026-04-16,2026-06-18
0.24,FALSE,CONTRADICTING,0.33,NONE,NORMAL,TRAIN,True,MIXED,ACTIVE,2026-04-11,2026-08-13
0.064,CONFIRMED,SUPPORTING,0.989,NONE,NORMAL,TRAIN,True,CRIMINAL,ACTIVE,2025-10-05,2026-02-21
0.288,CONFIRMED,SUPPORTING,0.871,NONE,FORMATTING_VARIATION,TEST,True,AMBIGUOUS,ACTIVE,2025-12-17,2026-03-20
0.346,FALSE,CONTRADICTING,0.372,NONE,NORMAL,TRAIN,True,CRIMINAL,ACTIVE,2026-06-28,2026-10-07
0.402,SUSPECTED,SUPPORTING,0.699,CONTEXTUAL_ANOMALY,NORMAL,VALIDATION,True,LEGITIMATE,ACTIVE,2025-12-24,2026-05-25
0.458,UNKNOWN,NEUTRAL,0.531,NONE,NORMAL,TEST,True,AMBIGUOUS,ACTIVE,2026-01-02,2026-06-04
0.086,SUSPECTED,SUPPORTING,0.797,NONE,NORMAL,TRAIN,True,MIXED,ACTIVE,2026-05-29,2026-09-23
0.196,CONFIRMED,SUPPORTING,0.841,NONE,NORMAL,VALIDATION,True,LEGITIMATE,ACTIVE,2026-01-29,2026-07-14
0.667,SUSPECTED,SUPPORTING,0.772,NONE,NORMAL,TRAIN,True,LEGITIMATE,ACTIVE,2026-02-19,2026-08-25
0.749,SUSPECTED,SUPPORTING,0.806,TEMPORAL_ANOMALY,NORMAL,TRAIN,True,CRIMINAL,ACTIVE,2025-12-28,2026-06-10
0.656,UNKNOWN,NEUTRAL,0.375,CRIMINAL_ANOMALY,NORMAL,TRAIN,True,CRIMINAL,ACTIVE,2026-02-03,2026-05-12
0.775,SUSPECTED,SUPPORTING,0.85,NONE,NORMAL,TEST,True,AMBIGUOUS,ACTIVE,2026-03-22,2026-08-03
0.044,FALSE,CONTRADICTING,0.391,NONE,NORMAL,TRAIN,True,CRIMINAL,ACTIVE,2025-12-19,2026-04-13
0.593,SUSPECTED,SUPPORTING,0.802,NONE,NORMAL,TRAIN,True,CRIMINAL,ACTIVE,2026-07-27,2026-10-22
0.172,UNKNOWN,NEUTRAL,0.4,COLLECTIVE_ANOMALY,NORMAL,VALIDATION,True,LEGITIMATE,ACTIVE,2025-11-15,2026-03-08
0.386,SUSPECTED,SUPPORTING,0.845,LEGITIMATE_ANOMALY,NORMAL,TRAIN,True,MIXED,ACTIVE,2026-02-07,2026-05-12
0.384,SUSPECTED,SUPPORTING,0.676,NONE,NORMAL,TRAIN,True,MIXED,ACTIVE,2026-01-31,2026-06-09
0.468,CONFIRMED,SUPPORTING,0.84,NONE,NORMAL,TRAIN,True,CRIMINAL,ACTIVE,2026-04-10,2026-08-06
0.159,FALSE,CONTRADICTING,0.227,NONE,NORMAL,TRAIN,True,CRIMINAL,ACTIVE,2025-12-24,2026-03-13
0.443,FALSE,CONTRADICTING,0.418,LEGITIMATE_ANOMALY,DUPLICATE,TRAIN,True,CRIMINAL,ACTIVE,2025-09-29,2026-03-02
0.496,SUSPECTED,SUPPORTING,0.582,LEGITIMATE_ANOMALY,NORMAL,TRAIN,True,CRIMINAL,ACTIVE,2026-03-06,2026-07-24
0.847,UNKNOWN,NEUTRAL,0.366,LEGITIMATE_ANOMALY,NORMAL,TRAIN,True,CRIMINAL,ACTIVE,2025-12-05,2026-04-23
0.571,CONFIRMED,SUPPORTING,0.83,NONE,NORMAL,TEST,True,AMBIGUOUS,ACTIVE,2026-06-16,2026-09-15
0.082,CONFIRMED,SUPPORTING,0.894,NONE,NORMAL,VALIDATION,True,LEGITIMATE,ACTIVE,2026-04-05,2026-08-21
0.5,SUSPECTED,SUPPORTING,0.644,NONE,NORMAL,TRAIN,True,CRIMINAL,ACTIVE,2026-01-08,2026-04-29
0.625,FALSE,CONTRADICTING,0.337,NONE,NORMAL,TRAIN,True,LEGITIMATE,ACTIVE,2026-02-21,2026-08-02
0.368,CONFIRMED,SUPPORTING,0.844,NONE,NORMAL,TRAIN,True,MIXED,ACTIVE,2026-01-05,2026-03-27
0.635,UNKNOWN,NEUTRAL,0.405,NONE,NORMAL,TEST,True,AMBIGUOUS,ACTIVE,2026-03-02,2026-07-05
0.315,UNKNOWN,NEUTRAL,0.211,NONE,NORMAL,TRAIN,True,LEGITIMATE,ACTIVE,2026-02-20,2026-06-02
0.813,UNKNOWN,NEUTRAL,0.354,NONE,NORMAL,VALIDATION,True,LEGITIMATE,ACTIVE,2025-12-27,2026-05-01
0.554,SUSPECTED,SUPPORTING,0.641,NONE,NORMAL,TRAIN,True,CRIMINAL,ACTIVE,2026-05-23,2026-06-21
0.62,UNKNOWN,NEUTRAL,0.365,NONE,NORMAL,TRAIN,True,MIXED,ACTIVE,2026-04-03,2026-08-11
0.373,UNKNOWN,NEUTRAL,0.486,NONE,NORMAL,TEST,True,AMBIGUOUS,ACTIVE,2026-03-28,2026-06-16
0.447,SUSPECTED,SUPPORTING,0.638,TEMPORAL_ANOMALY,NORMAL,TRAIN,True,MIXED,ACTIVE,2026-04-14,2026-08-02
0.366,UNKNOWN,NEUTRAL,0.416,NONE,NORMAL,TRAIN,True,MIXED,ACTIVE,2025-12-13,2026-04-11
0.389,SUSPECTED,SUPPORTING,0.686,NONE,NORMAL,TRAIN,True,MIXED,ACTIVE,2026-05-21,2026-06-18
0.445,SUSPECTED,SUPPORTING,0.754,NONE,NORMAL,TRAIN,True,LEGITIMATE,ACTIVE,2026-04-20,2026-07-27
0.623,FALSE,CONTRADICTING,0.268,NONE,MISSING_COUNTERPARTY,TRAIN,True,MIXED,ACTIVE,2025-12-14,2026-07-07
0.173,CONFIRMED,SUPPORTING,0.914,NONE,NORMAL,TRAIN,True,CRIMINAL,ACTIVE,2025-11-19,2026-04-13
0.598,UNKNOWN,NEUTRAL,0.242,NONE,NORMAL,TRAIN,True,LEGITIMATE,ACTIVE,2026-01-30,2026-06-17
0.325,SUSPECTED,SUPPORTING,0.642,NONE,NORMAL,TRAIN,True,MIXED,ACTIVE,2026-06-16,2026-08-25
0.506,FALSE,CONTRADICTING,0.123,CONTEXTUAL_ANOMALY,NORMAL,TRAIN,True,MIXED,ACTIVE,2025-12-08,2026-02-20
0.888,CONFIRMED,SUPPORTING,0.836,NONE,NORMAL,TRAIN,True,CRIMINAL,ACTIVE,2025-11-24,2026-03-08
0.384,SUSPECTED,SUPPORTING,0.652,NONE,NORMAL,TEST,True,AMBIGUOUS,ACTIVE,2026-02-12,2026-08-04
0.677,SUSPECTED,SUPPORTING,0.749,NONE,NORMAL,TRAIN,True,CRIMINAL,ACTIVE,2025-12-12,2026-04-21
0.136,SUSPECTED,SUPPORTING,0.829,CRIMINAL_ANOMALY,NORMAL,TRAIN,True,CRIMINAL,ACTIVE,2025-12-26,2026-04-03
0.226,CONFIRMED,SUPPORTING,0.897,NONE,NORMAL,TRAIN,True,CRIMINAL,ACTIVE,2026-04-19,2026-09-13
0.495,CONFIRMED,SUPPORTING,0.968,NONE,NORMAL,TRAIN,True,CRIMINAL,ACTIVE,2026-04-22,2026-10-25
0.172,FALSE,CONTRADICTING,0.15,LEGITIMATE_ANOMALY,NORMAL,TRAIN,True,LEGITIMATE,ACTIVE,2026-01-25,2026-07-04
0.515,SUSPECTED,SUPPORTING,0.754,NONE,NORMAL,TEST,True,AMBIGUOUS,ACTIVE,2026-02-24,2026-07-28
0.486,UNKNOWN,NEUTRAL,0.473,NONE,NORMAL,TRAIN,True,MIXED,ACTIVE,2026-04-19,2026-09-14
0.247,SUSPECTED,SUPPORTING,0.588,CONTEXTUAL_ANOMALY,NORMAL,TRAIN,True,CRIMINAL,ACTIVE,2026-04-22,2026-07-13
0.733,SUSPECTED,SUPPORTING,0.679,LEGITIMATE_ANOMALY,NORMAL,TRAIN,True,CRIMINAL,ACTIVE,2026-05-21,2026-09-06
0.348,UNKNOWN,NEUTRAL,0.266,NONE,NORMAL,TRAIN,True,CRIMINAL,ACTIVE,2026-03-03,2026-06-06
0.739,CONFIRMED,SUPPORTING,0.941,NONE,NORMAL,TRAIN,True,MIXED,ACTIVE,2025-11-06,2026-03-07
0.391,FALSE,CONTRADICTING,0.304,NONE,NORMAL,TRAIN,True,MIXED,ACTIVE,2026-01-21,2026-04-01
0.384,CONFIRMED,SUPPORTING,0.855,NONE,NORMAL,TRAIN,True,CRIMINAL,ACTIVE,2026-07-12,2026-08-20
0.444,SUSPECTED,SUPPORTING,0.746,NONE,NORMAL,TEST,True,AMBIGUOUS,ACTIVE,2025-11-29,2026-04-23
0.599,SUSPECTED,SUPPORTING,0.622,NONE,NORMAL,TRAIN,True,CRIMINAL,ACTIVE,2026-06-26,2026-09-25
0.668,CONFIRMED,SUPPORTING,0.946,NONE,NORMAL,VALIDATION,True,LEGITIMATE,ACTIVE,2025-12-17,2026-06-07
0.556,SUSPECTED,SUPPORTING,0.7,NONE,NORMAL,TRAIN,True,MIXED,ACTIVE,2026-05-22,2026-09-16
0.1,UNKNOWN,NEUTRAL,0.478,COLLECTIVE_ANOMALY,NORMAL,TRAIN,True,CRIMINAL,ACTIVE,2026-05-21,2026-08-11
0.235,FALSE,CONTRADICTING,0.418,NONE,NORMAL,TRAIN,True,CRIMINAL,ACTIVE,2026-04-30,2026-07-14
0.241,SUSPECTED,SUPPORTING,0.749,NONE,NORMAL,TRAIN,True,CRIMINAL,ACTIVE,2025-12-02,2026-02-25
0.252,UNKNOWN,NEUTRAL,0.23,NONE,NORMAL,TEST,True,AMBIGUOUS,ACTIVE,2026-02-26,2026-07-21
0.233,CONFIRMED,SUPPORTING,0.915,NONE,NORMAL,TRAIN,True,CRIMINAL,ACTIVE,2026-02-01,2026-02-27
0.656,UNKNOWN,NEUTRAL,0.476,LEGITIMATE_ANOMALY,MISSING_COUNTERPARTY,TRAIN,True,CRIMINAL,ACTIVE,2025-10-26,2026-03-08
0.748,UNKNOWN,NEUTRAL,0.433,NONE,NORMAL,TRAIN,True,CRIMINAL,ACTIVE,2025-12-22,2026-04-18
0.707,UNKNOWN,NEUTRAL,0.439,NONE,NORMAL,TRAIN,True,MIXED,ACTIVE,2026-01-24,2026-04-29
0.258,SUSPECTED,SUPPORTING,0.745,NONE,NORMAL,TEST,True,AMBIGUOUS,ACTIVE,2026-07-28,2026-08-26
0.137,CONFIRMED,SUPPORTING,0.948,NONE,NORMAL,TRAIN,True,CRIMINAL,ACTIVE,2026-02-21,2026-08-15
0.289,FALSE,CONTRADICTING,0.234,NONE,NORMAL,TRAIN,True,LEGITIMATE,ACTIVE,2026-01-05,2026-03-11
0.837,SUSPECTED,SUPPORTING,0.655,NONE,NORMAL,VALIDATION,True,LEGITIMATE,ACTIVE,2026-01-27,2026-08-04
0.481,CONFIRMED,SUPPORTING,0.822,NONE,NORMAL,TRAIN,True,CRIMINAL,ACTIVE,2026-02-08,2026-05-28
0.662,SUSPECTED,SUPPORTING,0.764,COLLECTIVE_ANOMALY,NORMAL,TRAIN,True,MIXED,ACTIVE,2026-03-17,2026-07-23
0.527,FALSE,CONTRADICTING,0.129,NONE,NORMAL,TRAIN,True,LEGITIMATE,ACTIVE,2025-12-18,2026-04-19
0.122,SUSPECTED,SUPPORTING,0.839,NONE,NORMAL,TRAIN,True,LEGITIMATE,ACTIVE,2026-02-28,2026-06-29
0.437,UNKNOWN,NEUTRAL,0.381,NONE,NORMAL,TRAIN,True,MIXED,ACTIVE,2025-12-24,2026-03-30
0.638,UNKNOWN,NEUTRAL,0.275,NONE,NORMAL,TRAIN,True,MIXED,ACTIVE,2026-03-30,2026-09-10
0.091,CONFIRMED,SUPPORTING,0.891,NONE,NORMAL,TRAIN,True,CRIMINAL,ACTIVE,2025-10-24,2026-03-02
0.202,UNKNOWN,NEUTRAL,0.291,NONE,NORMAL,TRAIN,True,CRIMINAL,ACTIVE,2026-05-15,2026-07-31
0.601,FALSE,CONTRADICTING,0.195,NONE,NORMAL,VALIDATION,True,LEGITIMATE,ACTIVE,2026-03-16,2026-08-31
0.502,SUSPECTED,SUPPORTING,0.803,NONE,NORMAL,TRAIN,True,LEGITIMATE,ACTIVE,2026-06-25,2026-10-03
0.236,UNKNOWN,NEUTRAL,0.264,LEGITIMATE_ANOMALY,NORMAL,VALIDATION,True,LEGITIMATE,ACTIVE,2026-02-14,2026-05-24
0.402,SUSPECTED,SUPPORTING,0.812,NONE,NORMAL,TRAIN,True,CRIMINAL,ACTIVE,2026-04-14,2026-07-06
0.674,SUSPECTED,SUPPORTING,0.765,NONE,NORMAL,TRAIN,True,CRIMINAL,ACTIVE,2026-02-18,2026-07-05
0.167,FALSE,CONTRADICTING,0.321,NONE,NORMAL,VALIDATION,True,LEGITIMATE,ACTIVE,2026-02-15,2026-04-20
0.454,SUSPECTED,SUPPORTING,0.622,CONTEXTUAL_ANOMALY,NORMAL,TRAIN,True,CRIMINAL,ACTIVE,2025-10-17,2026-02-23
0.484,SUSPECTED,SUPPORTING,0.842,NONE,NORMAL,TRAIN,True,CRIMINAL,ACTIVE,2026-02-12,2026-07-08
0.696,SUSPECTED,SUPPORTING,0.847,NONE,NORMAL,TRAIN,True,MIXED,ACTIVE,2026-02-23,2026-05-11
0.131,SUSPECTED,SUPPORTING,0.856,CONTEXTUAL_ANOMALY,NORMAL,TRAIN,True,CRIMINAL,ACTIVE,2026-02-19,2026-09-07
0.49,CONFIRMED,SUPPORTING,0.937,NONE,NORMAL,VALIDATION,True,LEGITIMATE,ACTIVE,2025-11-20,2026-03-31
0.684,CONFIRMED,SUPPORTING,0.886,CRIMINAL_ANOMALY,NORMAL,TRAIN,True,CRIMINAL,ACTIVE,2026-02-05,2026-05-17
0.317,CONFIRMED,SUPPORTING,0.835,NONE,FORMATTING_VARIATION,TRAIN,True,MIXED,ACTIVE,2026-03-11,2026-07-26
0.297,UNKNOWN,NEUTRAL,0.378,NONE,REVERSED_RECORD,TRAIN,True,CRIMINAL,ACTIVE,2026-03-02,2026-05-05
0.537,UNKNOWN,NEUTRAL,0.249,NONE,REVERSED_RECORD,TRAIN,True,MIXED,ACTIVE,2026-02-18,2026-06-07
0.696,CONFIRMED,SUPPORTING,0.83,NONE,NORMAL,TRAIN,True,MIXED,ACTIVE,2026-06-03,2026-07-16
0.116,SUSPECTED,SUPPORTING,0.596,NONE,MISSING_COUNTERPARTY,TRAIN,True,LEGITIMATE,ACTIVE,2026-03-14,2026-09-06
0.521,UNKNOWN,NEUTRAL,0.454,NONE,REVERSED_RECORD,TRAIN,True,CRIMINAL,ACTIVE,2026-02-17,2026-05-04
0.166,SUSPECTED,SUPPORTING,0.798,NONE,NORMAL,TRAIN,True,CRIMINAL,ACTIVE,2026-02-24,2026-07-05
0.632,SUSPECTED,SUPPORTING,0.6,NONE,NORMAL,TRAIN,True,CRIMINAL,ACTIVE,2025-11-16,2026-03-22
0.196,FALSE,CONTRADICTING,0.389,NONE,NORMAL,TRAIN,True,CRIMINAL,ACTIVE,2026-06-30,2026-09-02
0.708,CONFIRMED,SUPPORTING,0.856,NONE,NORMAL,TRAIN,True,MIXED,ACTIVE,2025-11-25,2026-04-14
0.89,CONFIRMED,SUPPORTING,0.859,NONE,NORMAL,TRAIN,True,CRIMINAL,ACTIVE,2025-12-26,2026-04-10
0.642,SUSPECTED,SUPPORTING,0.621,TEMPORAL_ANOMALY,NORMAL,TRAIN,True,CRIMINAL,ACTIVE,2026-06-15,2026-10-12
0.252,FALSE,CONTRADICTING,0.37,NONE,NORMAL,TEST,True,AMBIGUOUS,ACTIVE,2026-06-29,2026-10-14
0.838,FALSE,CONTRADICTING,0.236,NONE,NORMAL,VALIDATION,True,LEGITIMATE,ACTIVE,2025-11-10,2026-03-21
0.483,SUSPECTED,SUPPORTING,0.782,NONE,NORMAL,TRAIN,True,MIXED,ACTIVE,2026-04-21,2026-06-12
0.443,UNKNOWN,NEUTRAL,0.528,NONE,NORMAL,VALIDATION,True,LEGITIMATE,ACTIVE,2026-03-05,2026-07-23
0.434,CONFIRMED,SUPPORTING,0.989,NONE,NORMAL,TRAIN,True,CRIMINAL,ACTIVE,2025-11-23,2026-03-29
0.339,FALSE,CONTRADICTING,0.163,NONE,NORMAL,TRAIN,True,MIXED,ACTIVE,2026-03-04,2026-07-07
0.532,FALSE,CONTRADICTING,0.322,NONE,NORMAL,TRAIN,True,LEGITIMATE,ACTIVE,2026-02-13,2026-07-26
0.701,SUSPECTED,SUPPORTING,0.86,NONE,NORMAL,TRAIN,True,MIXED,ACTIVE,2025-12-14,2026-04-05
0.433,SUSPECTED,SUPPORTING,0.625,NONE,NORMAL,TRAIN,True,CRIMINAL,ACTIVE,2026-08-03,2026-10-08
0.401,FALSE,CONTRADICTING,0.3,NONE,NORMAL,TRAIN,True,CRIMINAL,ACTIVE,2025-12-27,2026-03-08
0.178,UNKNOWN,NEUTRAL,0.263,NONE,NORMAL,TRAIN,True,MIXED,ACTIVE,2026-04-28,2026-10-24
0.164,UNKNOWN,NEUTRAL,0.217,CRIMINAL_ANOMALY,NORMAL,TRAIN,True,CRIMINAL,ACTIVE,2026-05-30,2026-09-21
0.213,CONFIRMED,SUPPORTING,0.989,NONE,NORMAL,TRAIN,True,CRIMINAL,ACTIVE,2025-10-25,2026-03-05
0.332,FALSE,CONTRADICTING,0.413,NONE,NORMAL,TRAIN,True,CRIMINAL,ACTIVE,2025-12-04,2026-04-02
0.368,UNKNOWN,NEUTRAL,0.363,NONE,NORMAL,TRAIN,True,CRIMINAL,ACTIVE,2025-12-05,2026-05-09
0.073,SUSPECTED,SUPPORTING,0.726,CONTEXTUAL_ANOMALY,NORMAL,VALIDATION,True,LEGITIMATE,ACTIVE,2026-04-12,2026-08-24
0.261,SUSPECTED,SUPPORTING,0.614,CONTEXTUAL_ANOMALY,NORMAL,TRAIN,True,MIXED,ACTIVE,2025-10-23,2026-04-19
0.824,SUSPECTED,SUPPORTING,0.694,NONE,NORMAL,TRAIN,True,MIXED,ACTIVE,2025-11-28,2026-05-24
0.22,CONFIRMED,SUPPORTING,0.843,CRIMINAL_ANOMALY,NORMAL,TRAIN,True,MIXED,ACTIVE,2025-10-04,2026-03-27
0.559,CONFIRMED,SUPPORTING,0.83,LEGITIMATE_ANOMALY,MISSING_COUNTERPARTY,TRAIN,True,MIXED,ACTIVE,2025-11-26,2026-03-13
0.101,FALSE,CONTRADICTING,0.409,NONE,NORMAL,TRAIN,True,CRIMINAL,ACTIVE,2026-05-18,2026-08-08
0.016,SUSPECTED,SUPPORTING,0.852,NONE,NORMAL,TRAIN,True,CRIMINAL,ACTIVE,2026-03-19,2026-07-03
0.583,CONFIRMED,SUPPORTING,0.908,NONE,NORMAL,TRAIN,True,LEGITIMATE,ACTIVE,2026-03-23,2026-09-13
0.231,CONFIRMED,SUPPORTING,0.967,NONE,NORMAL,TRAIN,True,MIXED,ACTIVE,2026-03-16,2026-06-04
0.261,CONFIRMED,SUPPORTING,0.855,NONE,NORMAL,VALIDATION,True,LEGITIMATE,ACTIVE,2026-06-08,2026-10-10
0.573,CONFIRMED,SUPPORTING,0.864,NONE,NORMAL,VALIDATION,True,LEGITIMATE,ACTIVE,2026-01-14,2026-03-20
0.601,CONFIRMED,SUPPORTING,0.946,NONE,NORMAL,TRAIN,True,CRIMINAL,ACTIVE,2026-03-18,2026-07-25
0.777,UNKNOWN,NEUTRAL,0.297,NONE,NORMAL,TRAIN,True,CRIMINAL,ACTIVE,2026-04-13,2026-06-12
0.553,FALSE,CONTRADICTING,0.385,NONE,NORMAL,VALIDATION,True,LEGITIMATE,ACTIVE,2026-06-13,2026-08-09
0.355,UNKNOWN,NEUTRAL,0.308,COLLECTIVE_ANOMALY,NORMAL,TRAIN,True,LEGITIMATE,ACTIVE,2026-06-28,2026-09-14
0.477,SUSPECTED,SUPPORTING,0.685,NONE,NORMAL,TRAIN,True,MIXED,ACTIVE,2026-02-20,2026-06-15
0.542,UNKNOWN,NEUTRAL,0.325,NONE,NORMAL,TRAIN,True,CRIMINAL,ACTIVE,2026-01-22,2026-06-25
0.035,FALSE,CONTRADICTING,0.358,NONE,NORMAL,TRAIN,True,MIXED,ACTIVE,2026-02-02,2026-06-17
0.543,SUSPECTED,SUPPORTING,0.738,LEGITIMATE_ANOMALY,NORMAL,TRAIN,True,MIXED,ACTIVE,2026-04-16,2026-07-14
0.466,UNKNOWN,NEUTRAL,0.41,LEGITIMATE_ANOMALY,NORMAL,TRAIN,True,MIXED,ACTIVE,2026-03-02,2026-05-31
0.568,UNKNOWN,NEUTRAL,0.361,NONE,NORMAL,TEST,True,AMBIGUOUS,ACTIVE,2026-01-07,2026-05-17
0.261,SUSPECTED,SUPPORTING,0.668,NONE,NORMAL,TRAIN,True,MIXED,ACTIVE,2026-05-25,2026-08-25
0.618,UNKNOWN,NEUTRAL,0.542,NONE,NORMAL,TRAIN,True,MIXED,ACTIVE,2026-04-20,2026-08-18
0.489,SUSPECTED,SUPPORTING,0.73,TEMPORAL_ANOMALY,NORMAL,TRAIN,True,MIXED,ACTIVE,2025-12-01,2026-03-21
0.619,UNKNOWN,NEUTRAL,0.341,NONE,NORMAL,TRAIN,True,MIXED,ACTIVE,2026-05-16,2026-07-29
0.538,SUSPECTED,SUPPORTING,0.831,NONE,NORMAL,TRAIN,True,MIXED,ACTIVE,2026-06-10,2026-10-19
0.494,SUSPECTED,SUPPORTING,0.825,NONE,NORMAL,TRAIN,True,MIXED,ACTIVE,2026-01-05,2026-03-23
0.422,CONFIRMED,SUPPORTING,0.95,COLLECTIVE_ANOMALY,NORMAL,TRAIN,True,CRIMINAL,ACTIVE,2026-03-21,2026-07-09
0.225,CONFIRMED,SUPPORTING,0.901,NONE,NORMAL,TRAIN,True,CRIMINAL,ACTIVE,2026-04-01,2026-07-19
0.771,SUSPECTED,SUPPORTING,0.629,NONE,NORMAL,VALIDATION,True,LEGITIMATE,ACTIVE,2026-03-21,2026-09-03
0.346,UNKNOWN,NEUTRAL,0.28,NONE,NORMAL,TRAIN,True,MIXED,ACTIVE,2026-05-02,2026-09-29
0.328,UNKNOWN,NEUTRAL,0.23,NONE,NORMAL,TRAIN,True,CRIMINAL,ACTIVE,2025-10-20,2026-03-31
0.685,SUSPECTED,SUPPORTING,0.783,NONE,NORMAL,TRAIN,True,CRIMINAL,ACTIVE,2026-04-16,2026-07-23
0.792,UNKNOWN,NEUTRAL,0.426,NONE,NORMAL,VALIDATION,True,LEGITIMATE,ACTIVE,2026-06-01,2026-10-20
0.431,SUSPECTED,SUPPORTING,0.817,NONE,NORMAL,VALIDATION,True,LEGITIMATE,ACTIVE,2025-09-28,2026-04-04
0.401,SUSPECTED,SUPPORTING,0.69,NONE,NORMAL,TEST,True,AMBIGUOUS,ACTIVE,2026-01-31,2026-03-27
0.153,UNKNOWN,NEUTRAL,0.225,CRIMINAL_ANOMALY,NORMAL,TRAIN,True,MIXED,ACTIVE,2026-04-12,2026-07-21
0.634,SUSPECTED,SUPPORTING,0.82,NONE,NORMAL,TRAIN,True,CRIMINAL,ACTIVE,2025-12-31,2026-05-26
0.834,CONFIRMED,SUPPORTING,0.91,NONE,NORMAL,TRAIN,True,CRIMINAL,ACTIVE,2026-03-07,2026-07-27
0.437,FALSE,CONTRADICTING,0.338,NONE,NORMAL,TRAIN,True,LEGITIMATE,ACTIVE,2025-12-21,2026-05-04
0.887,CONFIRMED,SUPPORTING,0.988,NONE,MISSING_COUNTERPARTY,TRAIN,True,MIXED,ACTIVE,2026-07-05,2026-09-19
0.389,CONFIRMED,SUPPORTING,0.918,NONE,NORMAL,TRAIN,True,CRIMINAL,ACTIVE,2026-01-17,2026-05-23
0.515,SUSPECTED,SUPPORTING,0.677,NONE,NORMAL,TRAIN,True,CRIMINAL,ACTIVE,2026-03-19,2026-08-05
0.469,SUSPECTED,SUPPORTING,0.719,NONE,NORMAL,TRAIN,True,MIXED,ACTIVE,2026-02-09,2026-05-03
0.077,FALSE,CONTRADICTING,0.365,NONE,NORMAL,TEST,True,AMBIGUOUS,ACTIVE,2025-12-17,2026-06-12
0.37,SUSPECTED,SUPPORTING,0.652,LEGITIMATE_ANOMALY,NORMAL,TEST,True,AMBIGUOUS,ACTIVE,2025-11-09,2026-04-14
0.874,SUSPECTED,SUPPORTING,0.77,LEGITIMATE_ANOMALY,NORMAL,TRAIN,True,CRIMINAL,ACTIVE,2026-03-05,2026-08-15
0.535,CONFIRMED,SUPPORTING,0.901,NONE,NORMAL,TRAIN,True,CRIMINAL,ACTIVE,2026-01-18,2026-02-19
0.646,SUSPECTED,SUPPORTING,0.716,NONE,NORMAL,TRAIN,True,MIXED,ACTIVE,2026-03-18,2026-04-27
0.428,CONFIRMED,SUPPORTING,0.931,NONE,NORMAL,TRAIN,True,CRIMINAL,ACTIVE,2026-01-30,2026-05-08
0.787,FALSE,CONTRADICTING,0.178,NONE,NORMAL,TRAIN,True,MIXED,ACTIVE,2026-01-26,2026-07-05
0.349,SUSPECTED,SUPPORTING,0.822,NONE,NORMAL,TRAIN,True,MIXED,ACTIVE,2026-01-13,2026-04-06
0.31,CONFIRMED,SUPPORTING,0.988,NONE,NORMAL,TEST,True,AMBIGUOUS,ACTIVE,2026-03-07,2026-04-06
0.56,SUSPECTED,SUPPORTING,0.838,NONE,NORMAL,TEST,True,AMBIGUOUS,ACTIVE,2026-04-28,2026-07-13
0.462,FALSE,CONTRADICTING,0.285,NONE,NORMAL,VALIDATION,True,LEGITIMATE,ACTIVE,2026-02-09,2026-05-31
0.807,FALSE,CONTRADICTING,0.351,NONE,NORMAL,TRAIN,True,MIXED,ACTIVE,2026-01-17,2026-05-15
0.218,CONFIRMED,SUPPORTING,0.918,NONE,FORMATTING_VARIATION,TRAIN,True,CRIMINAL,ACTIVE,2026-01-12,2026-05-28
0.692,CONFIRMED,SUPPORTING,0.837,NONE,NORMAL,TRAIN,True,CRIMINAL,ACTIVE,2026-04-07,2026-08-28
0.098,SUSPECTED,SUPPORTING,0.656,NONE,NORMAL,VALIDATION,True,LEGITIMATE,ACTIVE,2025-11-27,2026-03-10
0.706,CONFIRMED,SUPPORTING,0.917,NONE,NORMAL,TRAIN,True,CRIMINAL,ACTIVE,2026-01-04,2026-04-19
0.26,SUSPECTED,SUPPORTING,0.664,NONE,NORMAL,TRAIN,True,MIXED,ACTIVE,2026-04-15,2026-08-13
0.855,SUSPECTED,SUPPORTING,0.851,TEMPORAL_ANOMALY,NORMAL,VALIDATION,True,LEGITIMATE,ACTIVE,2025-11-06,2026-02-20
0.631,UNKNOWN,NEUTRAL,0.341,NONE,NORMAL,TRAIN,True,MIXED,ACTIVE,2026-02-13,2026-05-19
0.156,UNKNOWN,NEUTRAL,0.301,NONE,NORMAL,TRAIN,True,CRIMINAL,ACTIVE,2026-05-06,2026-09-27
0.851,SUSPECTED,SUPPORTING,0.645,NONE,NORMAL,TRAIN,True,CRIMINAL,ACTIVE,2026-01-23,2026-05-09
0.636,FALSE,CONTRADICTING,0.383,NONE,DUPLICATE,TRAIN,True,MIXED,ACTIVE,2026-04-19,2026-08-15
0.502,UNKNOWN,NEUTRAL,0.43,COLLECTIVE_ANOMALY,NORMAL,TRAIN,True,CRIMINAL,ACTIVE,2026-03-20,2026-06-23
0.163,CONFIRMED,SUPPORTING,0.866,NONE,NORMAL,TRAIN,True,CRIMINAL,ACTIVE,2025-11-18,2026-02-25
0.759,SUSPECTED,SUPPORTING,0.734,NONE,NORMAL,TRAIN,True,CRIMINAL,ACTIVE,2026-01-31,2026-05-06
0.567,SUSPECTED,SUPPORTING,0.758,NONE,NORMAL,TEST,True,AMBIGUOUS,ACTIVE,2025-12-05,2026-01-31
0.487,UNKNOWN,NEUTRAL,0.441,NONE,NORMAL,TRAIN,True,LEGITIMATE,ACTIVE,2026-01-16,2026-04-01
0.815,UNKNOWN,NEUTRAL,0.547,NONE,NORMAL,VALIDATION,True,LEGITIMATE,ACTIVE,2026-06-28,2026-07-25
0.438,SUSPECTED,SUPPORTING,0.854,NONE,NORMAL,TRAIN,True,CRIMINAL,ACTIVE,2026-02-20,2026-04-25
0.274,UNKNOWN,NEUTRAL,0.545,CRIMINAL_ANOMALY,NORMAL,TRAIN,True,MIXED,ACTIVE,2026-04-26,2026-10-07
0.472,SUSPECTED,SUPPORTING,0.625,NONE,NORMAL,TRAIN,True,MIXED,ACTIVE,2026-03-28,2026-08-14
0.53,CONFIRMED,SUPPORTING,0.872,NONE,NORMAL,TRAIN,True,CRIMINAL,ACTIVE,2025-11-06,2026-03-27
0.539,FALSE,CONTRADICTING,0.406,NONE,NORMAL,VALIDATION,True,LEGITIMATE,ACTIVE,2026-04-20,2026-06-26
0.243,UNKNOWN,NEUTRAL,0.219,NONE,NORMAL,VALIDATION,True,LEGITIMATE,ACTIVE,2026-03-30,2026-09-28
0.54,CONFIRMED,SUPPORTING,0.824,CONTEXTUAL_ANOMALY,NORMAL,TRAIN,True,CRIMINAL,ACTIVE,2026-07-10,2026-08-24
0.219,FALSE,CONTRADICTING,0.206,LEGITIMATE_ANOMALY,NORMAL,VALIDATION,True,LEGITIMATE,ACTIVE,2026-05-03,2026-08-20
0.412,SUSPECTED,SUPPORTING,0.652,NONE,NORMAL,TRAIN,True,CRIMINAL,ACTIVE,2026-06-03,2026-10-04
0.679,UNKNOWN,NEUTRAL,0.281,NONE,NORMAL,TRAIN,True,CRIMINAL,ACTIVE,2026-02-20,2026-04-22
0.099,FALSE,CONTRADICTING,0.188,NONE,NORMAL,TRAIN,True,MIXED,ACTIVE,2026-01-05,2026-06-09
0.426,CONFIRMED,SUPPORTING,0.851,NONE,NORMAL,TRAIN,True,CRIMINAL,ACTIVE,2026-07-03,2026-10-09
0.21,SUSPECTED,SUPPORTING,0.819,CONTEXTUAL_ANOMALY,REVERSED_RECORD,TEST,True,AMBIGUOUS,ACTIVE,2026-07-06,2026-08-15
0.502,SUSPECTED,SUPPORTING,0.786,NONE,NORMAL,VALIDATION,True,LEGITIMATE,ACTIVE,2026-02-28,2026-08-11
0.297,FALSE,CONTRADICTING,0.377,NONE,NORMAL,TRAIN,True,LEGITIMATE,ACTIVE,2025-12-25,2026-04-28
0.506,SUSPECTED,SUPPORTING,0.801,CONTEXTUAL_ANOMALY,NORMAL,TRAIN,True,CRIMINAL,ACTIVE,2026-04-20,2026-09-12
0.559,UNKNOWN,NEUTRAL,0.42,NONE,NORMAL,TEST,True,AMBIGUOUS,ACTIVE,2025-12-28,2026-01-30
0.581,SUSPECTED,SUPPORTING,0.76,NONE,NORMAL,TEST,True,AMBIGUOUS,ACTIVE,2025-12-20,2026-04-26
0.241,UNKNOWN,NEUTRAL,0.427,NONE,NORMAL,VALIDATION,True,LEGITIMATE,ACTIVE,2026-05-11,2026-08-08
0.232,SUSPECTED,SUPPORTING,0.8,CONTEXTUAL_ANOMALY,NORMAL,TRAIN,True,LEGITIMATE,ACTIVE,2025-11-26,2026-04-14
0.296,SUSPECTED,SUPPORTING,0.77,NONE,NORMAL,TRAIN,True,MIXED,ACTIVE,2026-02-13,2026-06-21
0.634,UNKNOWN,NEUTRAL,0.272,CONTEXTUAL_ANOMALY,NORMAL,TRAIN,True,CRIMINAL,ACTIVE,2026-02-01,2026-04-19
0.321,UNKNOWN,NEUTRAL,0.536,LEGITIMATE_ANOMALY,NORMAL,TRAIN,True,CRIMINAL,ACTIVE,2026-04-24,2026-07-14
0.476,SUSPECTED,SUPPORTING,0.709,NONE,NORMAL,TRAIN,True,MIXED,ACTIVE,2026-03-26,2026-08-30
0.791,SUSPECTED,SUPPORTING,0.779,NONE,NORMAL,TRAIN,True,CRIMINAL,ACTIVE,2025-11-01,2026-03-23
0.325,FALSE,CONTRADICTING,0.283,NONE,NORMAL,TEST,True,AMBIGUOUS,ACTIVE,2025-12-13,2026-05-06
0.179,UNKNOWN,NEUTRAL,0.232,LEGITIMATE_ANOMALY,NORMAL,TRAIN,True,CRIMINAL,ACTIVE,2025-12-15,2026-04-08
0.224,FALSE,CONTRADICTING,0.35,NONE,NORMAL,TEST,True,AMBIGUOUS,ACTIVE,2025-10-20,2026-02-14
0.783,FALSE,CONTRADICTING,0.212,NONE,NORMAL,VALIDATION,True,LEGITIMATE,ACTIVE,2025-12-04,2026-04-30
0.364,CONFIRMED,SUPPORTING,0.894,CONTEXTUAL_ANOMALY,NORMAL,TRAIN,True,CRIMINAL,ACTIVE,2026-02-19,2026-06-23
0.495,SUSPECTED,SUPPORTING,0.84,NONE,NORMAL,TRAIN,True,CRIMINAL,ACTIVE,2026-04-10,2026-07-15
0.811,CONFIRMED,SUPPORTING,0.942,NONE,NORMAL,TEST,True,AMBIGUOUS,ACTIVE,2025-11-20,2026-04-11
0.199,CONFIRMED,SUPPORTING,0.959,NONE,NORMAL,TRAIN,True,CRIMINAL,ACTIVE,2026-02-15,2026-07-23
0.252,FALSE,CONTRADICTING,0.327,NONE,NORMAL,TEST,True,AMBIGUOUS,ACTIVE,2025-11-21,2026-04-23
0.419,UNKNOWN,NEUTRAL,0.458,NONE,NORMAL,TRAIN,True,CRIMINAL,ACTIVE,2025-11-23,2026-02-16
0.521,CONFIRMED,SUPPORTING,0.948,NONE,NORMAL,VALIDATION,True,LEGITIMATE,ACTIVE,2025-11-22,2026-05-24
0.404,SUSPECTED,SUPPORTING,0.608,NONE,NORMAL,TRAIN,True,LEGITIMATE,ACTIVE,2025-12-01,2026-03-31
0.097,UNKNOWN,NEUTRAL,0.24,NONE,NORMAL,VALIDATION,True,LEGITIMATE,ACTIVE,2026-03-16,2026-04-20
0.577,CONFIRMED,SUPPORTING,0.827,NONE,NORMAL,TRAIN,True,CRIMINAL,ACTIVE,2025-10-19,2026-03-06
0.098,UNKNOWN,NEUTRAL,0.547,NONE,NORMAL,TRAIN,True,MIXED,ACTIVE,2025-11-09,2026-03-25
0.538,SUSPECTED,SUPPORTING,0.852,NONE,NORMAL,VALIDATION,True,LEGITIMATE,ACTIVE,2025-10-18,2026-03-07
0.438,FALSE,CONTRADICTING,0.291,NONE,NORMAL,TRAIN,True,CRIMINAL,ACTIVE,2026-03-10,2026-06-30
0.198,SUSPECTED,SUPPORTING,0.738,NONE,NORMAL,TEST,True,AMBIGUOUS,ACTIVE,2025-12-28,2026-05-17
0.23,CONFIRMED,SUPPORTING,0.926,NONE,NORMAL,TRAIN,True,CRIMINAL,ACTIVE,2026-02-27,2026-06-20
0.391,SUSPECTED,SUPPORTING,0.597,NONE,NORMAL,TRAIN,True,CRIMINAL,ACTIVE,2026-02-10,2026-05-03
0.495,UNKNOWN,NEUTRAL,0.279,CONTEXTUAL_ANOMALY,NORMAL,TEST,True,AMBIGUOUS,ACTIVE,2025-10-18,2026-04-02
0.719,CONFIRMED,SUPPORTING,0.916,NONE,NORMAL,TRAIN,True,CRIMINAL,ACTIVE,2025-11-03,2026-04-04
0.695,SUSPECTED,SUPPORTING,0.82,NONE,NORMAL,TRAIN,True,CRIMINAL,ACTIVE,2025-11-21,2026-03-18
0.356,CONFIRMED,SUPPORTING,0.923,NONE,NORMAL,TRAIN,True,CRIMINAL,ACTIVE,2026-02-28,2026-05-14
0.364,CONFIRMED,SUPPORTING,0.943,NONE,NORMAL,VALIDATION,True,LEGITIMATE,ACTIVE,2026-06-09,2026-09-15
0.199,SUSPECTED,SUPPORTING,0.684,NONE,NORMAL,TRAIN,True,LEGITIMATE,ACTIVE,2026-02-23,2026-04-19
0.637,SUSPECTED,SUPPORTING,0.732,NONE,NORMAL,TRAIN,True,CRIMINAL,ACTIVE,2026-02-11,2026-06-12
0.229,FALSE,CONTRADICTING,0.382,NONE,NORMAL,TRAIN,True,CRIMINAL,ACTIVE,2025-12-10,2026-03-22
0.465,UNKNOWN,NEUTRAL,0.267,NONE,NORMAL,VALIDATION,True,LEGITIMATE,ACTIVE,2026-03-15,2026-06-11
0.585,CONFIRMED,SUPPORTING,0.964,NONE,NORMAL,TRAIN,True,CRIMINAL,ACTIVE,2025-12-12,2026-06-05
0.329,UNKNOWN,NEUTRAL,0.457,NONE,NORMAL,TEST,True,AMBIGUOUS,ACTIVE,2026-02-19,2026-06-08
0.519,UNKNOWN,NEUTRAL,0.432,NONE,NORMAL,TRAIN,True,CRIMINAL,ACTIVE,2026-01-11,2026-04-03
0.426,FALSE,CONTRADICTING,0.239,LEGITIMATE_ANOMALY,NORMAL,VALIDATION,True,LEGITIMATE,ACTIVE,2026-02-08,2026-06-24
0.206,CONFIRMED,SUPPORTING,0.974,NONE,NORMAL,TRAIN,True,CRIMINAL,ACTIVE,2026-04-10,2026-07-24
0.786,SUSPECTED,SUPPORTING,0.747,NONE,NORMAL,TRAIN,True,CRIMINAL,ACTIVE,2026-04-06,2026-08-02
0.267,FALSE,CONTRADICTING,0.227,NONE,NORMAL,TRAIN,True,CRIMINAL,ACTIVE,2025-11-27,2026-05-14
0.333,FALSE,CONTRADICTING,0.409,NONE,NORMAL,TRAIN,True,CRIMINAL,ACTIVE,2026-01-03,2026-04-10
0.396,SUSPECTED,SUPPORTING,0.776,LEGITIMATE_ANOMALY,REVERSED_RECORD,TEST,True,AMBIGUOUS,ACTIVE,2026-05-20,2026-09-04
0.209,SUSPECTED,SUPPORTING,0.781,NONE,NORMAL,TRAIN,True,CRIMINAL,ACTIVE,2026-04-25,2026-09-30
0.399,FALSE,CONTRADICTING,0.153,NONE,REVERSED_RECORD,VALIDATION,True,LEGITIMATE,ACTIVE,2026-03-01,2026-07-25
0.618,FALSE,CONTRADICTING,0.191,NONE,NORMAL,TRAIN,True,MIXED,ACTIVE,2026-04-18,2026-10-10
0.544,CONFIRMED,SUPPORTING,0.92,NONE,NORMAL,TRAIN,True,MIXED,ACTIVE,2025-12-26,2026-03-14
0.245,UNKNOWN,NEUTRAL,0.27,NONE,NORMAL,TEST,True,AMBIGUOUS,ACTIVE,2025-11-03,2026-03-28
0.603,SUSPECTED,SUPPORTING,0.613,NONE,NORMAL,TEST,True,AMBIGUOUS,ACTIVE,2026-02-15,2026-07-02
0.136,SUSPECTED,SUPPORTING,0.82,NONE,NORMAL,TRAIN,True,MIXED,ACTIVE,2025-10-02,2026-02-11
0.22,SUSPECTED,SUPPORTING,0.585,NONE,NORMAL,TRAIN,True,CRIMINAL,ACTIVE,2026-03-09,2026-04-27
0.451,FALSE,CONTRADICTING,0.297,COLLECTIVE_ANOMALY,NORMAL,VALIDATION,True,LEGITIMATE,ACTIVE,2026-04-28,2026-10-12
0.627,CONFIRMED,SUPPORTING,0.935,NONE,NORMAL,TRAIN,True,CRIMINAL,ACTIVE,2025-12-01,2026-05-27
0.573,FALSE,CONTRADICTING,0.329,TEMPORAL_ANOMALY,NORMAL,TRAIN,True,CRIMINAL,ACTIVE,2026-03-14,2026-06-05
0.916,SUSPECTED,SUPPORTING,0.661,NONE,NORMAL,VALIDATION,True,LEGITIMATE,ACTIVE,2026-02-14,2026-05-10
0.278,CONFIRMED,SUPPORTING,0.846,NONE,NORMAL,TRAIN,True,CRIMINAL,ACTIVE,2026-03-21,2026-09-15
0.723,SUSPECTED,SUPPORTING,0.858,NONE,NORMAL,VALIDATION,True,LEGITIMATE,ACTIVE,2025-12-08,2026-04-05
0.735,SUSPECTED,SUPPORTING,0.842,NONE,NORMAL,TEST,True,AMBIGUOUS,ACTIVE,2026-03-20,2026-08-21
0.268,CONFIRMED,SUPPORTING,0.834,NONE,NORMAL,TRAIN,True,MIXED,ACTIVE,2026-03-05,2026-07-02
0.509,CONFIRMED,SUPPORTING,0.914,LEGITIMATE_ANOMALY,DUPLICATE,TEST,True,AMBIGUOUS,ACTIVE,2025-12-31,2026-04-18
0.369,SUSPECTED,SUPPORTING,0.656,NONE,NORMAL,TRAIN,True,CRIMINAL,ACTIVE,2026-03-08,2026-06-20
0.486,SUSPECTED,SUPPORTING,0.81,NONE,NORMAL,TRAIN,True,MIXED,ACTIVE,2026-05-27,2026-07-14
0.25,SUSPECTED,SUPPORTING,0.643,NONE,NORMAL,TRAIN,True,MIXED,ACTIVE,2026-07-26,2026-10-01
0.907,CONFIRMED,SUPPORTING,0.916,LEGITIMATE_ANOMALY,NORMAL,TRAIN,True,CRIMINAL,ACTIVE,2026-05-19,2026-08-20
0.147,UNKNOWN,NEUTRAL,0.344,NONE,NORMAL,TRAIN,True,CRIMINAL,ACTIVE,2026-02-27,2026-06-17
0.417,SUSPECTED,SUPPORTING,0.587,NONE,NORMAL,TEST,True,AMBIGUOUS,ACTIVE,2026-04-21,2026-08-19
0.497,SUSPECTED,SUPPORTING,0.818,NONE,NORMAL,TRAIN,True,CRIMINAL,ACTIVE,2026-01-01,2026-03-21
0.7,SUSPECTED,SUPPORTING,0.773,NONE,NORMAL,TRAIN,True,MIXED,ACTIVE,2026-05-04,2026-08-08
0.33,CONFIRMED,SUPPORTING,0.892,NONE,NORMAL,TRAIN,True,MIXED,ACTIVE,2026-05-07,2026-07-14
0.661,SUSPECTED,SUPPORTING,0.674,NONE,NORMAL,TRAIN,True,LEGITIMATE,ACTIVE,2026-05-04,2026-07-23
0.622,UNKNOWN,NEUTRAL,0.466,NONE,NORMAL,TRAIN,True,MIXED,ACTIVE,2026-01-29,2026-06-13
0.792,UNKNOWN,NEUTRAL,0.533,NONE,NORMAL,TRAIN,True,LEGITIMATE,ACTIVE,2026-04-19,2026-09-28
0.439,FALSE,CONTRADICTING,0.169,NONE,NORMAL,TRAIN,True,CRIMINAL,ACTIVE,2025-12-09,2026-04-07
0.156,SUSPECTED,SUPPORTING,0.683,NONE,NORMAL,TRAIN,True,MIXED,ACTIVE,2026-04-27,2026-08-16
0.573,CONFIRMED,SUPPORTING,0.892,NONE,NORMAL,TRAIN,True,CRIMINAL,ACTIVE,2026-02-19,2026-07-01
0.748,CONFIRMED,SUPPORTING,0.936,NONE,NORMAL,TRAIN,True,CRIMINAL,ACTIVE,2026-05-16,2026-09-15
0.254,CONFIRMED,SUPPORTING,0.828,NONE,NORMAL,TRAIN,True,CRIMINAL,ACTIVE,2025-10-07,2026-01-29
0.3,SUSPECTED,SUPPORTING,0.752,NONE,NORMAL,TRAIN,True,MIXED,ACTIVE,2025-12-01,2026-02-25
0.447,SUSPECTED,SUPPORTING,0.752,NONE,NORMAL,TRAIN,True,CRIMINAL,ACTIVE,2025-12-13,2026-05-03
0.267,FALSE,CONTRADICTING,0.151,NONE,NORMAL,VALIDATION,True,LEGITIMATE,ACTIVE,2025-11-29,2026-05-18
0.759,UNKNOWN,NEUTRAL,0.204,NONE,NORMAL,TEST,True,AMBIGUOUS,ACTIVE,2025-12-25,2026-04-16
0.817,SUSPECTED,SUPPORTING,0.645,NONE,NORMAL,VALIDATION,True,LEGITIMATE,ACTIVE,2026-02-06,2026-05-04
0.279,CONFIRMED,SUPPORTING,0.974,NONE,NORMAL,VALIDATION,True,LEGITIMATE,ACTIVE,2026-04-21,2026-05-31
0.619,SUSPECTED,SUPPORTING,0.845,NONE,NORMAL,TRAIN,True,LEGITIMATE,ACTIVE,2026-03-03,2026-06-07
0.354,SUSPECTED,SUPPORTING,0.608,NONE,NORMAL,TRAIN,True,LEGITIMATE,ACTIVE,2025-12-01,2026-02-09
0.425,UNKNOWN,NEUTRAL,0.204,LEGITIMATE_ANOMALY,NORMAL,TRAIN,True,CRIMINAL,ACTIVE,2026-05-28,2026-10-20
0.735,UNKNOWN,NEUTRAL,0.427,NONE,NORMAL,TRAIN,True,CRIMINAL,ACTIVE,2026-01-14,2026-05-13
0.663,SUSPECTED,SUPPORTING,0.836,CRIMINAL_ANOMALY,NORMAL,TRAIN,True,CRIMINAL,ACTIVE,2026-03-01,2026-07-22
0.598,CONFIRMED,SUPPORTING,0.881,NONE,NORMAL,TRAIN,True,CRIMINAL,ACTIVE,2026-08-01,2026-11-02
0.723,CONFIRMED,SUPPORTING,0.893,TEMPORAL_ANOMALY,NORMAL,TRAIN,True,MIXED,ACTIVE,2026-03-23,2026-09-01
0.17,SUSPECTED,SUPPORTING,0.675,NONE,NORMAL,TRAIN,True,MIXED,ACTIVE,2026-01-28,2026-03-12
0.372,SUSPECTED,SUPPORTING,0.744,CRIMINAL_ANOMALY,NORMAL,TRAIN,True,MIXED,ACTIVE,2026-06-19,2026-09-13
0.21,UNKNOWN,NEUTRAL,0.252,NONE,NORMAL,TEST,True,AMBIGUOUS,ACTIVE,2026-04-05,2026-07-29
0.29,UNKNOWN,NEUTRAL,0.521,NONE,NORMAL,TRAIN,True,CRIMINAL,ACTIVE,2025-11-02,2026-04-11
0.283,SUSPECTED,SUPPORTING,0.584,NONE,NORMAL,TEST,True,AMBIGUOUS,ACTIVE,2026-04-01,2026-08-25
0.479,UNKNOWN,NEUTRAL,0.488,NONE,NORMAL,TRAIN,True,CRIMINAL,ACTIVE,2026-03-24,2026-08-08
0.287,UNKNOWN,NEUTRAL,0.451,NONE,NORMAL,TRAIN,True,MIXED,ACTIVE,2026-01-26,2026-04-05
0.333,UNKNOWN,NEUTRAL,0.282,LEGITIMATE_ANOMALY,NORMAL,TRAIN,True,MIXED,ACTIVE,2026-05-25,2026-10-25
0.286,UNKNOWN,NEUTRAL,0.35,NONE,NORMAL,TRAIN,True,MIXED,ACTIVE,2025-11-15,2026-03-02
0.442,UNKNOWN,NEUTRAL,0.303,NONE,NORMAL,TRAIN,True,MIXED,ACTIVE,2026-02-21,2026-04-25
0.313,SUSPECTED,SUPPORTING,0.764,NONE,NORMAL,TRAIN,True,MIXED,ACTIVE,2025-11-30,2026-05-10
0.417,CONFIRMED,SUPPORTING,0.899,NONE,NORMAL,TRAIN,True,CRIMINAL,ACTIVE,2026-01-26,2026-06-22
0.151,CONFIRMED,SUPPORTING,0.879,CONTEXTUAL_ANOMALY,REVERSED_RECORD,TRAIN,True,CRIMINAL,ACTIVE,2026-05-01,2026-09-19
0.492,CONFIRMED,SUPPORTING,0.854,NONE,NORMAL,TRAIN,True,CRIMINAL,ACTIVE,2025-12-27,2026-02-20
0.08,SUSPECTED,SUPPORTING,0.609,NONE,REVERSED_RECORD,TRAIN,True,MIXED,ACTIVE,2026-03-19,2026-04-21
0.447,SUSPECTED,SUPPORTING,0.798,NONE,NORMAL,TRAIN,True,CRIMINAL,ACTIVE,2026-06-09,2026-08-29
0.207,UNKNOWN,NEUTRAL,0.223,LEGITIMATE_ANOMALY,NORMAL,TRAIN,True,CRIMINAL,ACTIVE,2026-04-26,2026-07-21
0.445,SUSPECTED,SUPPORTING,0.839,NONE,NORMAL,TEST,True,AMBIGUOUS,ACTIVE,2026-03-23,2026-07-31
0.546,FALSE,CONTRADICTING,0.269,NONE,NORMAL,TRAIN,True,CRIMINAL,ACTIVE,2025-10-20,2026-04-01
0.499,CONFIRMED,SUPPORTING,0.88,NONE,NORMAL,VALIDATION,True,LEGITIMATE,ACTIVE,2025-12-14,2026-04-16
0.424,CONFIRMED,SUPPORTING,0.861,NONE,NORMAL,TRAIN,True,MIXED,ACTIVE,2026-04-20,2026-08-08
0.769,SUSPECTED,SUPPORTING,0.848,LEGITIMATE_ANOMALY,NORMAL,TRAIN,True,CRIMINAL,ACTIVE,2026-02-13,2026-06-11
0.393,FALSE,CONTRADICTING,0.386,LEGITIMATE_ANOMALY,NORMAL,TRAIN,True,CRIMINAL,ACTIVE,2026-04-10,2026-10-05
0.118,UNKNOWN,NEUTRAL,0.249,NONE,NORMAL,TRAIN,True,MIXED,ACTIVE,2026-04-28,2026-10-05
0.392,CONFIRMED,SUPPORTING,0.951,CRIMINAL_ANOMALY,NORMAL,TRAIN,True,CRIMINAL,ACTIVE,2026-03-14,2026-06-09
0.771,UNKNOWN,NEUTRAL,0.336,NONE,NORMAL,TEST,True,AMBIGUOUS,ACTIVE,2026-02-16,2026-05-23
0.549,SUSPECTED,SUPPORTING,0.613,NONE,NORMAL,TRAIN,True,CRIMINAL,ACTIVE,2026-03-13,2026-09-08
0.877,SUSPECTED,SUPPORTING,0.782,NONE,NORMAL,VALIDATION,True,LEGITIMATE,ACTIVE,2026-01-24,2026-06-30
0.195,UNKNOWN,NEUTRAL,0.538,NONE,NORMAL,VALIDATION,True,LEGITIMATE,ACTIVE,2025-12-18,2026-06-24
0.048,SUSPECTED,SUPPORTING,0.699,NONE,NORMAL,TRAIN,True,CRIMINAL,ACTIVE,2026-03-10,2026-07-24
0.242,SUSPECTED,SUPPORTING,0.677,NONE,NORMAL,VALIDATION,True,LEGITIMATE,ACTIVE,2026-02-01,2026-03-20
0.199,SUSPECTED,SUPPORTING,0.591,NONE,NORMAL,TRAIN,True,MIXED,ACTIVE,2026-03-05,2026-06-07
0.133,CONFIRMED,SUPPORTING,0.975,NONE,MISSING_COUNTERPARTY,TRAIN,True,MIXED,ACTIVE,2026-04-18,2026-08-06
0.879,SUSPECTED,SUPPORTING,0.72,NONE,NORMAL,TRAIN,True,CRIMINAL,ACTIVE,2026-06-17,2026-10-08
0.356,SUSPECTED,SUPPORTING,0.83,COLLECTIVE_ANOMALY,NORMAL,TRAIN,True,CRIMINAL,ACTIVE,2025-11-17,2026-03-21
0.37,CONFIRMED,SUPPORTING,0.969,CRIMINAL_ANOMALY,NORMAL,TRAIN,True,MIXED,ACTIVE,2025-12-04,2026-04-08
0.695,FALSE,CONTRADICTING,0.181,NONE,NORMAL,TRAIN,True,LEGITIMATE,ACTIVE,2025-10-11,2026-03-26
0.281,SUSPECTED,SUPPORTING,0.77,NONE,NORMAL,TEST,True,AMBIGUOUS,ACTIVE,2026-06-15,2026-08-31
0.49,FALSE,CONTRADICTING,0.221,NONE,NORMAL,VALIDATION,True,LEGITIMATE,ACTIVE,2026-01-18,2026-04-16
0.215,SUSPECTED,SUPPORTING,0.713,TEMPORAL_ANOMALY,NORMAL,TEST,True,AMBIGUOUS,ACTIVE,2026-03-12,2026-06-06
0.1,SUSPECTED,SUPPORTING,0.764,COLLECTIVE_ANOMALY,NORMAL,TEST,True,AMBIGUOUS,ACTIVE,2025-12-23,2026-05-24
0.273,UNKNOWN,NEUTRAL,0.308,NONE,NORMAL,TRAIN,True,LEGITIMATE,ACTIVE,2025-12-19,2026-04-02
0.771,SUSPECTED,SUPPORTING,0.671,LEGITIMATE_ANOMALY,NORMAL,TRAIN,True,CRIMINAL,ACTIVE,2026-02-27,2026-06-21
0.522,SUSPECTED,SUPPORTING,0.636,COLLECTIVE_ANOMALY,NORMAL,TRAIN,True,CRIMINAL,ACTIVE,2025-11-21,2026-04-15
0.282,CONFIRMED,SUPPORTING,0.883,NONE,FORMATTING_VARIATION,TRAIN,True,MIXED,ACTIVE,2026-01-15,2026-06-24
0.28,FALSE,CONTRADICTING,0.284,NONE,NORMAL,TRAIN,True,CRIMINAL,ACTIVE,2025-09-22,2026-02-22
0.509,SUSPECTED,SUPPORTING,0.71,NONE,NORMAL,TRAIN,True,CRIMINAL,ACTIVE,2026-04-14,2026-10-11
0.315,CONFIRMED,SUPPORTING,0.988,NONE,NORMAL,TRAIN,True,MIXED,ACTIVE,2025-11-23,2026-05-20
0.349,SUSPECTED,SUPPORTING,0.67,NONE,NORMAL,TRAIN,True,CRIMINAL,ACTIVE,2025-12-07,2026-03-02
0.706,SUSPECTED,SUPPORTING,0.811,NONE,NORMAL,TRAIN,True,CRIMINAL,ACTIVE,2026-05-20,2026-10-15
0.331,UNKNOWN,NEUTRAL,0.239,NONE,NORMAL,VALIDATION,True,LEGITIMATE,ACTIVE,2025-11-26,2026-04-12
0.596,UNKNOWN,NEUTRAL,0.369,NONE,MISSING_COUNTERPARTY,TRAIN,True,CRIMINAL,ACTIVE,2026-05-12,2026-10-28
0.26,SUSPECTED,SUPPORTING,0.684,NONE,NORMAL,VALIDATION,True,LEGITIMATE,ACTIVE,2026-01-16,2026-06-10
0.12,SUSPECTED,SUPPORTING,0.778,NONE,NORMAL,TEST,True,AMBIGUOUS,ACTIVE,2026-07-06,2026-10-03
0.233,SUSPECTED,SUPPORTING,0.635,LEGITIMATE_ANOMALY,NORMAL,TRAIN,True,CRIMINAL,ACTIVE,2026-04-26,2026-07-06
0.65,FALSE,CONTRADICTING,0.277,CRIMINAL_ANOMALY,NORMAL,TRAIN,True,LEGITIMATE,ACTIVE,2026-06-27,2026-09-12
0.49,FALSE,CONTRADICTING,0.25,NONE,NORMAL,VALIDATION,True,LEGITIMATE,ACTIVE,2026-05-24,2026-08-10
0.716,SUSPECTED,SUPPORTING,0.722,NONE,REVERSED_RECORD,TRAIN,True,MIXED,ACTIVE,2026-01-24,2026-04-15
0.198,UNKNOWN,NEUTRAL,0.293,NONE,NORMAL,TEST,True,AMBIGUOUS,ACTIVE,2025-12-27,2026-06-02
0.461,CONFIRMED,SUPPORTING,0.908,NONE,NORMAL,TRAIN,True,CRIMINAL,ACTIVE,2026-04-26,2026-09-11
0.174,SUSPECTED,SUPPORTING,0.797,NONE,NORMAL,TRAIN,True,CRIMINAL,ACTIVE,2025-12-14,2026-04-28
0.443,SUSPECTED,SUPPORTING,0.632,LEGITIMATE_ANOMALY,MISSING_COUNTERPARTY,TRAIN,True,MIXED,ACTIVE,2026-02-18,2026-07-23
0.198,CONFIRMED,SUPPORTING,0.919,NONE,NORMAL,TRAIN,True,CRIMINAL,ACTIVE,2026-01-30,2026-05-30
0.378,UNKNOWN,NEUTRAL,0.335,LEGITIMATE_ANOMALY,NORMAL,TRAIN,True,MIXED,ACTIVE,2025-12-11,2026-03-23
0.88,CONFIRMED,SUPPORTING,0.948,NONE,MISSING_COUNTERPARTY,TRAIN,True,CRIMINAL,ACTIVE,2026-05-19,2026-07-24
0.195,CONFIRMED,SUPPORTING,0.958,NONE,NORMAL,TRAIN,True,MIXED,ACTIVE,2025-12-30,2026-06-17
0.325,UNKNOWN,NEUTRAL,0.453,NONE,REVERSED_RECORD,VALIDATION,True,LEGITIMATE,ACTIVE,2026-01-03,2026-05-19
0.583,CONFIRMED,SUPPORTING,0.916,NONE,NORMAL,VALIDATION,True,LEGITIMATE,ACTIVE,2026-01-29,2026-06-20
0.326,UNKNOWN,NEUTRAL,0.52,NONE,NORMAL,TRAIN,True,CRIMINAL,ACTIVE,2026-05-22,2026-10-24
0.405,FALSE,CONTRADICTING,0.21,NONE,MISSING_COUNTERPARTY,TRAIN,True,LEGITIMATE,ACTIVE,2026-05-06,2026-08-21
0.429,UNKNOWN,NEUTRAL,0.528,NONE,NORMAL,TRAIN,True,MIXED,ACTIVE,2026-04-10,2026-07-12
0.486,CONFIRMED,SUPPORTING,0.845,NONE,NORMAL,TRAIN,True,CRIMINAL,ACTIVE,2026-03-27,2026-08-23
0.258,SUSPECTED,SUPPORTING,0.602,CONTEXTUAL_ANOMALY,NORMAL,VALIDATION,True,LEGITIMATE,ACTIVE,2025-10-02,2026-04-25
0.27,CONFIRMED,SUPPORTING,0.974,CONTEXTUAL_ANOMALY,NORMAL,TRAIN,True,MIXED,ACTIVE,2026-01-28,2026-04-05
0.582,FALSE,CONTRADICTING,0.251,TEMPORAL_ANOMALY,NORMAL,TRAIN,True,LEGITIMATE,ACTIVE,2026-04-14,2026-10-01
0.482,SUSPECTED,SUPPORTING,0.618,COLLECTIVE_ANOMALY,NORMAL,TRAIN,True,CRIMINAL,ACTIVE,2026-03-21,2026-05-17
0.313,CONFIRMED,SUPPORTING,0.874,LEGITIMATE_ANOMALY,NORMAL,VALIDATION,True,LEGITIMATE,ACTIVE,2025-12-23,2026-05-07
0.548,FALSE,CONTRADICTING,0.357,NONE,NORMAL,VALIDATION,True,LEGITIMATE,ACTIVE,2026-05-21,2026-07-11
0.383,SUSPECTED,SUPPORTING,0.591,NONE,NORMAL,TRAIN,True,CRIMINAL,ACTIVE,2025-12-02,2026-06-04
0.227,CONFIRMED,SUPPORTING,0.957,NONE,NORMAL,TRAIN,True,MIXED,ACTIVE,2026-02-19,2026-06-15
0.421,SUSPECTED,SUPPORTING,0.618,NONE,NORMAL,TRAIN,True,CRIMINAL,ACTIVE,2025-12-10,2026-04-25
0.66,SUSPECTED,SUPPORTING,0.761,NONE,NORMAL,TRAIN,True,LEGITIMATE,ACTIVE,2025-12-21,2026-05-11
0.651,CONFIRMED,SUPPORTING,0.858,CONTEXTUAL_ANOMALY,NORMAL,TRAIN,True,CRIMINAL,ACTIVE,2025-11-30,2026-04-01
0.076,CONFIRMED,SUPPORTING,0.843,CRIMINAL_ANOMALY,NORMAL,TRAIN,True,CRIMINAL,ACTIVE,2026-04-09,2026-06-30
0.33,SUSPECTED,SUPPORTING,0.823,NONE,NORMAL,TEST,True,AMBIGUOUS,ACTIVE,2026-02-15,2026-06-09
0.298,UNKNOWN,NEUTRAL,0.393,NONE,NORMAL,TRAIN,True,CRIMINAL,ACTIVE,2026-02-23,2026-07-03
0.513,CONFIRMED,SUPPORTING,0.846,NONE,NORMAL,TRAIN,True,MIXED,ACTIVE,2026-03-17,2026-05-14
0.546,SUSPECTED,SUPPORTING,0.846,NONE,NORMAL,VALIDATION,True,LEGITIMATE,ACTIVE,2026-07-02,2026-09-10
0.491,SUSPECTED,SUPPORTING,0.751,CONTEXTUAL_ANOMALY,NORMAL,TEST,True,AMBIGUOUS,ACTIVE,2025-12-30,2026-05-11
0.415,CONFIRMED,SUPPORTING,0.872,NONE,NORMAL,TRAIN,True,CRIMINAL,ACTIVE,2026-04-24,2026-06-21
0.662,CONFIRMED,SUPPORTING,0.933,LEGITIMATE_ANOMALY,NORMAL,TRAIN,True,CRIMINAL,ACTIVE,2026-05-07,2026-09-16
0.684,UNKNOWN,NEUTRAL,0.276,NONE,NORMAL,TRAIN,True,MIXED,ACTIVE,2026-02-07,2026-03-13
0.272,SUSPECTED,SUPPORTING,0.815,NONE,NORMAL,TRAIN,True,CRIMINAL,ACTIVE,2026-05-01,2026-08-24
0.593,CONFIRMED,SUPPORTING,0.926,NONE,NORMAL,TRAIN,True,CRIMINAL,ACTIVE,2026-04-17,2026-08-05
0.306,SUSPECTED,SUPPORTING,0.803,NONE,NORMAL,TRAIN,True,MIXED,ACTIVE,2025-11-05,2026-02-16
0.621,CONFIRMED,SUPPORTING,0.857,NONE,NORMAL,TRAIN,True,MIXED,ACTIVE,2026-05-29,2026-09-18
0.658,FALSE,CONTRADICTING,0.195,NONE,NORMAL,TRAIN,True,CRIMINAL,ACTIVE,2026-01-08,2026-05-10
0.057,CONFIRMED,SUPPORTING,0.854,TEMPORAL_ANOMALY,NORMAL,TRAIN,True,MIXED,ACTIVE,2026-03-17,2026-09-07
0.314,SUSPECTED,SUPPORTING,0.814,NONE,NORMAL,TRAIN,True,CRIMINAL,ACTIVE,2026-01-15,2026-06-23
0.371,SUSPECTED,SUPPORTING,0.648,NONE,NORMAL,TRAIN,True,CRIMINAL,ACTIVE,2026-01-23,2026-04-18
0.344,CONFIRMED,SUPPORTING,0.852,NONE,NORMAL,TRAIN,True,CRIMINAL,ACTIVE,2026-02-23,2026-05-29
0.462,SUSPECTED,SUPPORTING,0.713,NONE,NORMAL,TRAIN,True,MIXED,ACTIVE,2026-03-13,2026-06-21
0.03,SUSPECTED,SUPPORTING,0.805,NONE,FORMATTING_VARIATION,TEST,True,AMBIGUOUS,ACTIVE,2026-02-15,2026-07-18
0.573,FALSE,CONTRADICTING,0.272,CONTEXTUAL_ANOMALY,NORMAL,TRAIN,True,CRIMINAL,ACTIVE,2025-12-14,2026-03-17
0.7,SUSPECTED,SUPPORTING,0.728,NONE,NORMAL,TRAIN,True,CRIMINAL,ACTIVE,2026-02-04,2026-05-19
0.66,CONFIRMED,SUPPORTING,0.826,NONE,NORMAL,TRAIN,True,CRIMINAL,ACTIVE,2026-07-21,2026-10-03
0.22,FALSE,CONTRADICTING,0.39,NONE,DUPLICATE,TRAIN,True,MIXED,ACTIVE,2026-03-09,2026-07-29
0.715,SUSPECTED,SUPPORTING,0.664,COLLECTIVE_ANOMALY,NORMAL,TRAIN,True,MIXED,ACTIVE,2026-01-11,2026-03-01
0.354,SUSPECTED,SUPPORTING,0.818,NONE,NORMAL,TRAIN,True,MIXED,ACTIVE,2026-05-25,2026-09-13
0.121,SUSPECTED,SUPPORTING,0.748,NONE,NORMAL,TEST,True,AMBIGUOUS,ACTIVE,2025-12-07,2026-04-15
0.745,UNKNOWN,NEUTRAL,0.413,NONE,NORMAL,TRAIN,True,CRIMINAL,ACTIVE,2026-05-13,2026-10-10
0.184,FALSE,CONTRADICTING,0.199,NONE,NORMAL,VALIDATION,True,LEGITIMATE,ACTIVE,2026-07-29,2026-10-04
0.227,SUSPECTED,SUPPORTING,0.691,LEGITIMATE_ANOMALY,NORMAL,TRAIN,True,CRIMINAL,ACTIVE,2026-06-24,2026-08-15
0.539,UNKNOWN,NEUTRAL,0.456,NONE,NORMAL,VALIDATION,True,LEGITIMATE,ACTIVE,2026-06-02,2026-09-10
0.344,FALSE,CONTRADICTING,0.189,NONE,NORMAL,TEST,True,AMBIGUOUS,ACTIVE,2026-01-19,2026-03-19
0.671,SUSPECTED,SUPPORTING,0.624,CONTEXTUAL_ANOMALY,NORMAL,TEST,True,AMBIGUOUS,ACTIVE,2026-02-09,2026-04-26
0.582,SUSPECTED,SUPPORTING,0.705,NONE,NORMAL,TRAIN,True,CRIMINAL,ACTIVE,2026-01-07,2026-07-22
0.706,SUSPECTED,SUPPORTING,0.687,NONE,NORMAL,TRAIN,True,MIXED,ACTIVE,2026-05-31,2026-11-08
0.735,CONFIRMED,SUPPORTING,0.925,NONE,NORMAL,TRAIN,True,CRIMINAL,ACTIVE,2025-12-17,2026-02-04
0.853,UNKNOWN,NEUTRAL,0.399,NONE,NORMAL,TRAIN,True,MIXED,ACTIVE,2026-02-14,2026-04-22
0.082,CONFIRMED,SUPPORTING,0.84,NONE,NORMAL,TEST,True,AMBIGUOUS,ACTIVE,2026-03-08,2026-06-09
0.363,FALSE,CONTRADICTING,0.249,NONE,NORMAL,TRAIN,True,CRIMINAL,ACTIVE,2026-02-04,2026-04-13
0.208,FALSE,CONTRADICTING,0.179,NONE,NORMAL,TRAIN,True,MIXED,ACTIVE,2026-03-01,2026-06-03
0.251,SUSPECTED,SUPPORTING,0.703,NONE,NORMAL,TRAIN,True,MIXED,ACTIVE,2026-04-15,2026-07-27
0.612,UNKNOWN,NEUTRAL,0.26,NONE,NORMAL,TRAIN,True,CRIMINAL,ACTIVE,2025-11-19,2026-02-20
0.635,CONFIRMED,SUPPORTING,0.904,NONE,NORMAL,TRAIN,True,CRIMINAL,ACTIVE,2026-04-05,2026-08-13
0.279,SUSPECTED,SUPPORTING,0.779,CONTEXTUAL_ANOMALY,NORMAL,TRAIN,True,MIXED,ACTIVE,2025-12-22,2026-03-07
0.282,CONFIRMED,SUPPORTING,0.825,NONE,NORMAL,TRAIN,True,MIXED,ACTIVE,2026-04-21,2026-07-11
0.46,CONFIRMED,SUPPORTING,0.84,NONE,NORMAL,TEST,True,AMBIGUOUS,ACTIVE,2025-11-16,2026-02-25
0.205,CONFIRMED,SUPPORTING,0.848,NONE,NORMAL,TRAIN,True,CRIMINAL,ACTIVE,2026-05-26,2026-11-06
0.576,FALSE,CONTRADICTING,0.247,NONE,NORMAL,TRAIN,True,LEGITIMATE,ACTIVE,2026-05-02,2026-07-17
0.749,CONFIRMED,SUPPORTING,0.901,COLLECTIVE_ANOMALY,NORMAL,TRAIN,True,CRIMINAL,ACTIVE,2026-03-14,2026-05-27
0.684,CONFIRMED,SUPPORTING,0.966,NONE,NORMAL,TRAIN,True,CRIMINAL,ACTIVE,2025-11-12,2026-02-26
0.468,CONFIRMED,SUPPORTING,0.912,NONE,NORMAL,TRAIN,True,LEGITIMATE,ACTIVE,2026-05-15,2026-10-24
0.309,CONFIRMED,SUPPORTING,0.836,NONE,NORMAL,VALIDATION,True,LEGITIMATE,ACTIVE,2026-06-09,2026-09-02
0.561,UNKNOWN,NEUTRAL,0.458,NONE,NORMAL,VALIDATION,True,LEGITIMATE,ACTIVE,2026-01-05,2026-05-13
0.152,UNKNOWN,NEUTRAL,0.482,TEMPORAL_ANOMALY,NORMAL,TRAIN,True,CRIMINAL,ACTIVE,2026-02-10,2026-05-30
0.323,UNKNOWN,NEUTRAL,0.481,NONE,REVERSED_RECORD,TEST,True,AMBIGUOUS,ACTIVE,2025-12-07,2026-05-12
0.22,SUSPECTED,SUPPORTING,0.634,NONE,NORMAL,TRAIN,True,MIXED,ACTIVE,2026-01-03,2026-04-28
0.538,CONFIRMED,SUPPORTING,0.969,CONTEXTUAL_ANOMALY,NORMAL,VALIDATION,True,LEGITIMATE,ACTIVE,2026-02-06,2026-07-01
0.376,CONFIRMED,SUPPORTING,0.975,NONE,NORMAL,TRAIN,True,CRIMINAL,ACTIVE,2025-09-18,2026-03-05
0.346,CONFIRMED,SUPPORTING,0.954,NONE,DUPLICATE,TRAIN,True,CRIMINAL,ACTIVE,2026-04-02,2026-06-22
0.19,FALSE,CONTRADICTING,0.223,NONE,NORMAL,TEST,True,AMBIGUOUS,ACTIVE,2026-03-13,2026-07-29
0.346,CONFIRMED,SUPPORTING,0.903,LEGITIMATE_ANOMALY,NORMAL,TRAIN,True,CRIMINAL,ACTIVE,2026-04-06,2026-06-03
0.564,SUSPECTED,SUPPORTING,0.842,NONE,NORMAL,VALIDATION,True,LEGITIMATE,ACTIVE,2025-12-20,2026-05-28
0.18,CONFIRMED,SUPPORTING,0.832,NONE,NORMAL,TRAIN,True,MIXED,ACTIVE,2026-05-01,2026-07-25
0.454,FALSE,CONTRADICTING,0.243,NONE,NORMAL,TRAIN,True,CRIMINAL,ACTIVE,2026-05-31,2026-09-11
0.355,UNKNOWN,NEUTRAL,0.446,NONE,NORMAL,TEST,True,AMBIGUOUS,ACTIVE,2025-09-25,2026-03-11
0.37,UNKNOWN,NEUTRAL,0.392,NONE,NORMAL,TRAIN,True,CRIMINAL,ACTIVE,2025-12-09,2026-06-29
0.454,CONFIRMED,SUPPORTING,0.92,NONE,NORMAL,TRAIN,True,CRIMINAL,ACTIVE,2025-12-20,2026-03-09
0.445,CONFIRMED,SUPPORTING,0.845,LEGITIMATE_ANOMALY,NORMAL,TRAIN,True,CRIMINAL,ACTIVE,2025-10-01,2026-01-21
0.221,UNKNOWN,NEUTRAL,0.298,NONE,NORMAL,VALIDATION,True,LEGITIMATE,ACTIVE,2025-11-24,2026-05-20
0.55,CONFIRMED,SUPPORTING,0.916,NONE,NORMAL,TEST,True,AMBIGUOUS,ACTIVE,2026-04-10,2026-08-30
0.397,SUSPECTED,SUPPORTING,0.626,NONE,MISSING_COUNTERPARTY,TRAIN,True,MIXED,ACTIVE,2025-11-13,2026-03-05
0.623,FALSE,CONTRADICTING,0.22,NONE,NORMAL,VALIDATION,True,LEGITIMATE,ACTIVE,2025-12-18,2026-04-24
0.445,CONFIRMED,SUPPORTING,0.936,NONE,NORMAL,TRAIN,True,MIXED,ACTIVE,2026-05-17,2026-08-11
0.175,SUSPECTED,SUPPORTING,0.857,NONE,NORMAL,TRAIN,True,MIXED,ACTIVE,2026-02-11,2026-06-06
0.464,CONFIRMED,SUPPORTING,0.948,NONE,NORMAL,TRAIN,True,LEGITIMATE,ACTIVE,2026-02-11,2026-04-28
0.72,CONFIRMED,SUPPORTING,0.959,NONE,NORMAL,TRAIN,True,CRIMINAL,ACTIVE,2026-04-27,2026-07-19
0.237,SUSPECTED,SUPPORTING,0.618,COLLECTIVE_ANOMALY,NORMAL,TRAIN,True,MIXED,ACTIVE,2026-06-04,2026-06-26
0.097,UNKNOWN,NEUTRAL,0.223,NONE,NORMAL,VALIDATION,True,LEGITIMATE,ACTIVE,2026-03-10,2026-07-01
0.822,UNKNOWN,NEUTRAL,0.228,NONE,NORMAL,TRAIN,True,MIXED,ACTIVE,2026-04-13,2026-06-18
0.742,SUSPECTED,SUPPORTING,0.834,TEMPORAL_ANOMALY,NORMAL,VALIDATION,True,LEGITIMATE,ACTIVE,2026-03-31,2026-07-25
0.525,UNKNOWN,NEUTRAL,0.239,NONE,NORMAL,TEST,True,AMBIGUOUS,ACTIVE,2026-05-07,2026-08-01
0.649,FALSE,CONTRADICTING,0.189,NONE,NORMAL,TRAIN,True,MIXED,ACTIVE,2026-01-15,2026-05-13
0.879,UNKNOWN,NEUTRAL,0.203,NONE,DUPLICATE,TEST,True,AMBIGUOUS,ACTIVE,2026-04-28,2026-08-16
0.602,UNKNOWN,NEUTRAL,0.544,NONE,NORMAL,TEST,True,AMBIGUOUS,ACTIVE,2025-12-06,2026-02-11
0.444,CONFIRMED,SUPPORTING,0.93,NONE,NORMAL,TRAIN,True,CRIMINAL,ACTIVE,2026-03-27,2026-07-23
0.411,UNKNOWN,NEUTRAL,0.255,NONE,NORMAL,TRAIN,True,LEGITIMATE,ACTIVE,2026-02-11,2026-08-14
0.217,SUSPECTED,SUPPORTING,0.799,NONE,NORMAL,TRAIN,True,CRIMINAL,ACTIVE,2025-12-05,2026-06-10
0.237,FALSE,CONTRADICTING,0.339,LEGITIMATE_ANOMALY,NORMAL,TEST,True,AMBIGUOUS,ACTIVE,2026-04-26,2026-09-24
0.264,UNKNOWN,NEUTRAL,0.412,NONE,NORMAL,VALIDATION,True,LEGITIMATE,ACTIVE,2026-05-05,2026-10-30
0.558,FALSE,CONTRADICTING,0.244,NONE,NORMAL,TRAIN,True,LEGITIMATE,ACTIVE,2026-02-15,2026-06-09
0.584,CONFIRMED,SUPPORTING,0.854,NONE,NORMAL,TRAIN,True,LEGITIMATE,ACTIVE,2026-02-23,2026-05-11
0.505,UNKNOWN,NEUTRAL,0.471,NONE,NORMAL,TRAIN,True,CRIMINAL,ACTIVE,2026-06-03,2026-09-01
0.284,CONFIRMED,SUPPORTING,0.841,NONE,NORMAL,TRAIN,True,CRIMINAL,ACTIVE,2025-12-12,2026-02-21
0.716,UNKNOWN,NEUTRAL,0.246,NONE,NORMAL,VALIDATION,True,LEGITIMATE,ACTIVE,2025-12-15,2026-06-20
0.805,CONFIRMED,SUPPORTING,0.824,NONE,NORMAL,TRAIN,True,LEGITIMATE,ACTIVE,2026-03-23,2026-05-19
0.322,CONFIRMED,SUPPORTING,0.824,TEMPORAL_ANOMALY,NORMAL,VALIDATION,True,LEGITIMATE,ACTIVE,2025-12-30,2026-04-27
0.265,CONFIRMED,SUPPORTING,0.859,NONE,NORMAL,TRAIN,True,MIXED,ACTIVE,2026-07-23,2026-09-30
0.565,FALSE,CONTRADICTING,0.169,NONE,NORMAL,VALIDATION,True,LEGITIMATE,ACTIVE,2025-12-13,2026-04-21
0.36,SUSPECTED,SUPPORTING,0.701,NONE,NORMAL,TRAIN,True,CRIMINAL,ACTIVE,2026-06-09,2026-09-23
0.4,SUSPECTED,SUPPORTING,0.801,NONE,NORMAL,VALIDATION,True,LEGITIMATE,ACTIVE,2025-12-11,2026-02-26
0.199,SUSPECTED,SUPPORTING,0.701,CONTEXTUAL_ANOMALY,NORMAL,VALIDATION,True,LEGITIMATE,ACTIVE,2026-06-03,2026-08-27
0.586,CONFIRMED,SUPPORTING,0.958,NONE,NORMAL,TRAIN,True,CRIMINAL,ACTIVE,2026-06-23,2026-08-05
0.777,UNKNOWN,NEUTRAL,0.362,NONE,DUPLICATE,TRAIN,True,MIXED,ACTIVE,2026-01-05,2026-04-29
0.479,FALSE,CONTRADICTING,0.241,NONE,NORMAL,VALIDATION,True,LEGITIMATE,ACTIVE,2025-12-02,2026-03-03
0.413,SUSPECTED,SUPPORTING,0.754,NONE,NORMAL,TRAIN,True,CRIMINAL,ACTIVE,2026-02-03,2026-07-06
0.408,FALSE,CONTRADICTING,0.258,NONE,NORMAL,VALIDATION,True,LEGITIMATE,ACTIVE,2026-05-29,2026-08-13
0.185,CONFIRMED,SUPPORTING,0.837,NONE,NORMAL,TEST,True,AMBIGUOUS,ACTIVE,2025-12-15,2026-05-06
0.284,CONFIRMED,SUPPORTING,0.949,NONE,NORMAL,TRAIN,True,MIXED,ACTIVE,2026-01-21,2026-06-10
0.349,CONFIRMED,SUPPORTING,0.856,NONE,NORMAL,TRAIN,True,MIXED,ACTIVE,2026-01-24,2026-04-20
0.129,SUSPECTED,SUPPORTING,0.806,TEMPORAL_ANOMALY,NORMAL,TRAIN,True,MIXED,ACTIVE,2026-01-15,2026-02-08
0.265,UNKNOWN,NEUTRAL,0.352,NONE,NORMAL,TRAIN,True,CRIMINAL,ACTIVE,2026-03-16,2026-08-04
0.143,SUSPECTED,SUPPORTING,0.749,NONE,NORMAL,TRAIN,True,CRIMINAL,ACTIVE,2026-03-06,2026-04-29
0.412,UNKNOWN,NEUTRAL,0.541,NONE,NORMAL,TRAIN,True,MIXED,ACTIVE,2026-02-15,2026-08-27
0.776,SUSPECTED,SUPPORTING,0.763,LEGITIMATE_ANOMALY,NORMAL,TRAIN,True,MIXED,ACTIVE,2026-01-21,2026-04-20
0.53,CONFIRMED,SUPPORTING,0.941,NONE,NORMAL,TRAIN,True,CRIMINAL,ACTIVE,2025-12-09,2026-03-14
0.083,CONFIRMED,SUPPORTING,0.881,CRIMINAL_ANOMALY,NORMAL,TEST,True,AMBIGUOUS,ACTIVE,2026-01-01,2026-02-04
0.2,UNKNOWN,NEUTRAL,0.477,NONE,NORMAL,TRAIN,True,MIXED,ACTIVE,2026-04-10,2026-06-08
0.21,CONFIRMED,SUPPORTING,0.898,NONE,NORMAL,TRAIN,True,CRIMINAL,ACTIVE,2025-12-06,2026-05-13
0.383,UNKNOWN,NEUTRAL,0.205,NONE,NORMAL,TRAIN,True,CRIMINAL,ACTIVE,2026-05-07,2026-06-21
0.489,CONFIRMED,SUPPORTING,0.94,NONE,NORMAL,TRAIN,True,CRIMINAL,ACTIVE,2026-02-25,2026-04-15
0.323,SUSPECTED,SUPPORTING,0.617,NONE,NORMAL,TRAIN,True,CRIMINAL,ACTIVE,2026-03-29,2026-07-30
0.677,CONFIRMED,SUPPORTING,0.945,NONE,NORMAL,TRAIN,True,CRIMINAL,ACTIVE,2026-04-17,2026-07-18
0.652,SUSPECTED,SUPPORTING,0.785,NONE,NORMAL,TRAIN,True,MIXED,ACTIVE,2025-11-28,2026-03-22
0.201,UNKNOWN,NEUTRAL,0.488,NONE,NORMAL,TRAIN,True,LEGITIMATE,ACTIVE,2026-04-29,2026-07-27
0.357,CONFIRMED,SUPPORTING,0.934,NONE,NORMAL,TRAIN,True,CRIMINAL,ACTIVE,2025-12-21,2026-06-14
0.651,SUSPECTED,SUPPORTING,0.686,COLLECTIVE_ANOMALY,NORMAL,TRAIN,True,CRIMINAL,ACTIVE,2025-12-10,2026-04-16
0.19,UNKNOWN,NEUTRAL,0.472,NONE,NORMAL,VALIDATION,True,LEGITIMATE,ACTIVE,2026-03-20,2026-07-20
0.285,CONFIRMED,SUPPORTING,0.831,NONE,NORMAL,TRAIN,True,CRIMINAL,ACTIVE,2026-03-10,2026-09-28
0.239,UNKNOWN,NEUTRAL,0.478,CRIMINAL_ANOMALY,NORMAL,VALIDATION,True,LEGITIMATE,ACTIVE,2026-03-17,2026-06-01
0.362,SUSPECTED,SUPPORTING,0.676,NONE,NORMAL,TRAIN,True,MIXED,ACTIVE,2026-06-09,2026-07-26
0.243,SUSPECTED,SUPPORTING,0.645,NONE,NORMAL,TRAIN,True,MIXED,ACTIVE,2026-06-24,2026-08-31
0.85,UNKNOWN,NEUTRAL,0.283,TEMPORAL_ANOMALY,NORMAL,TEST,True,AMBIGUOUS,ACTIVE,2026-02-17,2026-08-13
0.489,SUSPECTED,SUPPORTING,0.787,NONE,FORMATTING_VARIATION,TRAIN,True,CRIMINAL,ACTIVE,2026-03-02,2026-06-21
0.919,SUSPECTED,SUPPORTING,0.598,NONE,REVERSED_RECORD,TRAIN,True,CRIMINAL,ACTIVE,2026-04-19,2026-08-21
0.568,CONFIRMED,SUPPORTING,0.873,NONE,NORMAL,TRAIN,True,MIXED,ACTIVE,2026-06-01,2026-07-11
0.276,FALSE,CONTRADICTING,0.375,NONE,NORMAL,TRAIN,True,MIXED,ACTIVE,2026-03-17,2026-06-03
0.758,SUSPECTED,SUPPORTING,0.63,NONE,NORMAL,TRAIN,True,CRIMINAL,ACTIVE,2026-03-10,2026-06-12
0.648,UNKNOWN,NEUTRAL,0.543,NONE,NORMAL,VALIDATION,True,LEGITIMATE,ACTIVE,2026-05-04,2026-08-23
0.706,FALSE,CONTRADICTING,0.137,NONE,NORMAL,TRAIN,True,LEGITIMATE,ACTIVE,2026-03-28,2026-06-17
0.62,CONFIRMED,SUPPORTING,0.926,NONE,NORMAL,TRAIN,True,CRIMINAL,ACTIVE,2025-11-11,2026-04-16
0.456,UNKNOWN,NEUTRAL,0.532,NONE,NORMAL,TEST,True,AMBIGUOUS,ACTIVE,2026-04-27,2026-08-13
0.173,SUSPECTED,SUPPORTING,0.666,NONE,NORMAL,TRAIN,True,LEGITIMATE,ACTIVE,2026-03-12,2026-09-06
0.343,SUSPECTED,SUPPORTING,0.707,NONE,NORMAL,TRAIN,True,CRIMINAL,ACTIVE,2026-05-09,2026-07-18
0.42,SUSPECTED,SUPPORTING,0.855,NONE,NORMAL,TRAIN,True,MIXED,ACTIVE,2025-11-19,2026-04-28
0.068,CONFIRMED,SUPPORTING,0.933,NONE,NORMAL,TRAIN,True,CRIMINAL,ACTIVE,2026-04-21,2026-07-21
0.397,UNKNOWN,NEUTRAL,0.433,NONE,NORMAL,TRAIN,True,CRIMINAL,ACTIVE,2026-05-30,2026-09-26
0.258,SUSPECTED,SUPPORTING,0.728,NONE,NORMAL,TRAIN,True,MIXED,ACTIVE,2025-10-27,2026-03-01
0.481,UNKNOWN,NEUTRAL,0.396,NONE,NORMAL,TRAIN,True,MIXED,ACTIVE,2026-01-25,2026-07-14
0.251,CONFIRMED,SUPPORTING,0.884,NONE,NORMAL,VALIDATION,True,LEGITIMATE,ACTIVE,2026-01-26,2026-05-07
0.52,UNKNOWN,NEUTRAL,0.393,NONE,NORMAL,TRAIN,True,MIXED,ACTIVE,2026-06-08,2026-09-09
0.242,SUSPECTED,SUPPORTING,0.693,LEGITIMATE_ANOMALY,NORMAL,VALIDATION,True,LEGITIMATE,ACTIVE,2025-12-18,2026-04-22
0.385,UNKNOWN,NEUTRAL,0.34,CONTEXTUAL_ANOMALY,NORMAL,VALIDATION,True,LEGITIMATE,ACTIVE,2025-11-27,2026-04-25
0.607,UNKNOWN,NEUTRAL,0.388,NONE,NORMAL,TRAIN,True,MIXED,ACTIVE,2026-05-09,2026-07-25
0.085,UNKNOWN,NEUTRAL,0.311,NONE,NORMAL,TRAIN,True,MIXED,ACTIVE,2026-05-08,2026-09-07
0.553,FALSE,CONTRADICTING,0.386,NONE,NORMAL,TRAIN,True,CRIMINAL,ACTIVE,2026-06-14,2026-08-30
0.61,UNKNOWN,NEUTRAL,0.355,NONE,NORMAL,TRAIN,True,MIXED,ACTIVE,2026-02-20,2026-06-09
0.768,SUSPECTED,SUPPORTING,0.722,NONE,NORMAL,TRAIN,True,MIXED,ACTIVE,2026-02-27,2026-05-16
0.605,CONFIRMED,SUPPORTING,0.982,NONE,NORMAL,VALIDATION,True,LEGITIMATE,ACTIVE,2026-01-06,2026-04-15
0.293,UNKNOWN,NEUTRAL,0.311,NONE,NORMAL,TRAIN,True,CRIMINAL,ACTIVE,2026-01-08,2026-07-08
0.201,SUSPECTED,SUPPORTING,0.594,COLLECTIVE_ANOMALY,NORMAL,TRAIN,True,MIXED,ACTIVE,2026-05-12,2026-08-06
0.593,FALSE,CONTRADICTING,0.213,NONE,NORMAL,TRAIN,True,MIXED,ACTIVE,2026-01-08,2026-04-13
0.719,SUSPECTED,SUPPORTING,0.694,NONE,NORMAL,TRAIN,True,CRIMINAL,ACTIVE,2026-03-04,2026-05-22
0.701,SUSPECTED,SUPPORTING,0.81,NONE,REVERSED_RECORD,TRAIN,True,CRIMINAL,ACTIVE,2025-10-16,2026-02-18
0.069,FALSE,CONTRADICTING,0.154,NONE,NORMAL,TRAIN,True,LEGITIMATE,ACTIVE,2026-07-09,2026-09-15
0.044,SUSPECTED,SUPPORTING,0.843,NONE,NORMAL,TRAIN,True,CRIMINAL,ACTIVE,2025-11-20,2026-02-23
0.259,CONFIRMED,SUPPORTING,0.823,NONE,NORMAL,TRAIN,True,CRIMINAL,ACTIVE,2025-12-25,2026-03-18
0.448,SUSPECTED,SUPPORTING,0.821,NONE,NORMAL,TEST,True,AMBIGUOUS,ACTIVE,2025-10-02,2026-03-15
0.329,UNKNOWN,NEUTRAL,0.299,NONE,NORMAL,TRAIN,True,MIXED,ACTIVE,2025-11-17,2026-03-23
0.29,SUSPECTED,SUPPORTING,0.808,TEMPORAL_ANOMALY,NORMAL,TRAIN,True,MIXED,ACTIVE,2026-04-27,2026-08-14
0.274,CONFIRMED,SUPPORTING,0.985,NONE,DUPLICATE,TRAIN,True,CRIMINAL,ACTIVE,2026-03-29,2026-05-11
0.203,CONFIRMED,SUPPORTING,0.868,NONE,NORMAL,TEST,True,AMBIGUOUS,ACTIVE,2025-12-10,2026-06-05
0.445,UNKNOWN,NEUTRAL,0.226,NONE,NORMAL,TRAIN,True,CRIMINAL,ACTIVE,2025-12-13,2026-04-01
0.445,UNKNOWN,NEUTRAL,0.277,NONE,NORMAL,TRAIN,True,CRIMINAL,ACTIVE,2025-12-07,2026-03-01
0.382,CONFIRMED,SUPPORTING,0.821,CONTEXTUAL_ANOMALY,NORMAL,TRAIN,True,CRIMINAL,ACTIVE,2026-02-18,2026-08-04
0.451,SUSPECTED,SUPPORTING,0.622,NONE,NORMAL,TRAIN,True,CRIMINAL,ACTIVE,2026-04-18,2026-07-30
0.432,FALSE,CONTRADICTING,0.27,NONE,NORMAL,TRAIN,True,MIXED,ACTIVE,2026-06-13,2026-09-06
0.454,CONFIRMED,SUPPORTING,0.83,TEMPORAL_ANOMALY,NORMAL,TRAIN,True,CRIMINAL,ACTIVE,2025-10-27,2026-03-09
0.272,CONFIRMED,SUPPORTING,0.929,NONE,NORMAL,TRAIN,True,CRIMINAL,ACTIVE,2025-11-22,2026-03-19
0.58,FALSE,CONTRADICTING,0.402,NONE,NORMAL,TRAIN,True,MIXED,ACTIVE,2026-05-04,2026-09-03
0.642,CONFIRMED,SUPPORTING,0.965,NONE,NORMAL,TRAIN,True,MIXED,ACTIVE,2026-04-12,2026-08-25
0.756,CONFIRMED,SUPPORTING,0.984,NONE,NORMAL,TRAIN,True,MIXED,ACTIVE,2025-12-25,2026-03-17
0.14,CONFIRMED,SUPPORTING,0.921,NONE,NORMAL,VALIDATION,True,LEGITIMATE,ACTIVE,2025-12-01,2026-05-22
0.34,UNKNOWN,NEUTRAL,0.548,NONE,NORMAL,TEST,True,AMBIGUOUS,ACTIVE,2026-01-28,2026-06-28
0.495,FALSE,CONTRADICTING,0.2,NONE,NORMAL,TRAIN,True,CRIMINAL,ACTIVE,2026-05-17,2026-09-18
0.498,UNKNOWN,NEUTRAL,0.427,NONE,NORMAL,VALIDATION,True,LEGITIMATE,ACTIVE,2026-01-16,2026-07-10
0.194,FALSE,CONTRADICTING,0.149,CONTEXTUAL_ANOMALY,NORMAL,VALIDATION,True,LEGITIMATE,ACTIVE,2026-03-30,2026-06-11
0.108,FALSE,CONTRADICTING,0.224,NONE,NORMAL,TEST,True,AMBIGUOUS,ACTIVE,2026-03-20,2026-08-25
0.106,CONFIRMED,SUPPORTING,0.846,CRIMINAL_ANOMALY,NORMAL,TRAIN,True,CRIMINAL,ACTIVE,2025-12-11,2026-03-26
0.095,UNKNOWN,NEUTRAL,0.451,NONE,NORMAL,TRAIN,True,LEGITIMATE,ACTIVE,2026-06-01,2026-08-23
0.388,CONFIRMED,SUPPORTING,0.976,NONE,NORMAL,TRAIN,True,CRIMINAL,ACTIVE,2026-01-11,2026-07-27
0.758,CONFIRMED,SUPPORTING,0.905,NONE,NORMAL,TRAIN,True,CRIMINAL,ACTIVE,2025-12-04,2026-04-13
0.117,SUSPECTED,SUPPORTING,0.605,CONTEXTUAL_ANOMALY,NORMAL,TRAIN,True,CRIMINAL,ACTIVE,2026-06-05,2026-09-18
0.623,CONFIRMED,SUPPORTING,0.88,LEGITIMATE_ANOMALY,NORMAL,TRAIN,True,CRIMINAL,ACTIVE,2025-11-01,2026-04-10
0.633,FALSE,CONTRADICTING,0.373,NONE,NORMAL,TRAIN,True,MIXED,ACTIVE,2026-01-26,2026-05-08
0.727,SUSPECTED,SUPPORTING,0.755,NONE,NORMAL,TRAIN,True,CRIMINAL,ACTIVE,2025-12-12,2026-01-27
0.203,SUSPECTED,SUPPORTING,0.732,NONE,NORMAL,TRAIN,True,CRIMINAL,ACTIVE,2026-04-20,2026-08-13
0.345,SUSPECTED,SUPPORTING,0.8,NONE,NORMAL,TRAIN,True,CRIMINAL,ACTIVE,2026-04-21,2026-10-20
0.483,SUSPECTED,SUPPORTING,0.843,NONE,NORMAL,TEST,True,AMBIGUOUS,ACTIVE,2026-03-25,2026-08-28
0.332,SUSPECTED,SUPPORTING,0.593,NONE,NORMAL,TRAIN,True,CRIMINAL,ACTIVE,2025-12-07,2026-04-19
0.639,SUSPECTED,SUPPORTING,0.694,NONE,REVERSED_RECORD,TRAIN,True,MIXED,ACTIVE,2026-01-30,2026-07-02
0.561,CONFIRMED,SUPPORTING,0.982,CRIMINAL_ANOMALY,NORMAL,TRAIN,True,CRIMINAL,ACTIVE,2025-12-12,2026-05-10
0.133,SUSPECTED,SUPPORTING,0.692,NONE,NORMAL,TRAIN,True,CRIMINAL,ACTIVE,2025-12-30,2026-05-08
0.203,CONFIRMED,SUPPORTING,0.892,NONE,NORMAL,TRAIN,True,MIXED,ACTIVE,2026-02-27,2026-07-26
0.174,SUSPECTED,SUPPORTING,0.722,TEMPORAL_ANOMALY,NORMAL,TRAIN,True,MIXED,ACTIVE,2026-03-01,2026-07-07
0.719,SUSPECTED,SUPPORTING,0.601,NONE,NORMAL,TRAIN,True,LEGITIMATE,ACTIVE,2025-11-23,2026-03-15
0.227,CONFIRMED,SUPPORTING,0.833,NONE,NORMAL,TEST,True,AMBIGUOUS,ACTIVE,2026-04-02,2026-07-29
0.798,FALSE,CONTRADICTING,0.275,NONE,NORMAL,TRAIN,True,MIXED,ACTIVE,2025-12-28,2026-07-13
0.225,SUSPECTED,SUPPORTING,0.836,NONE,NORMAL,TRAIN,True,CRIMINAL,ACTIVE,2025-10-16,2026-04-03
0.588,CONFIRMED,SUPPORTING,0.869,CRIMINAL_ANOMALY,NORMAL,TRAIN,True,MIXED,ACTIVE,2026-04-17,2026-07-03
0.438,CONFIRMED,SUPPORTING,0.852,NONE,NORMAL,TRAIN,True,MIXED,ACTIVE,2026-04-03,2026-07-16
0.539,CONFIRMED,SUPPORTING,0.914,CRIMINAL_ANOMALY,NORMAL,TRAIN,True,CRIMINAL,ACTIVE,2026-06-24,2026-10-02
0.181,UNKNOWN,NEUTRAL,0.339,NONE,NORMAL,TEST,True,AMBIGUOUS,ACTIVE,2025-12-17,2026-03-25
0.771,CONFIRMED,SUPPORTING,0.861,NONE,NORMAL,TRAIN,True,CRIMINAL,ACTIVE,2026-07-04,2026-09-24
0.719,CONFIRMED,SUPPORTING,0.969,LEGITIMATE_ANOMALY,NORMAL,TRAIN,True,MIXED,ACTIVE,2026-02-06,2026-03-17
0.512,UNKNOWN,NEUTRAL,0.231,NONE,NORMAL,TRAIN,True,MIXED,ACTIVE,2025-11-30,2026-02-03
0.428,CONFIRMED,SUPPORTING,0.858,NONE,NORMAL,TEST,True,AMBIGUOUS,ACTIVE,2025-11-19,2026-03-31
0.313,CONFIRMED,SUPPORTING,0.911,NONE,NORMAL,TRAIN,True,MIXED,ACTIVE,2026-05-20,2026-08-26
0.262,SUSPECTED,SUPPORTING,0.751,NONE,NORMAL,TRAIN,True,MIXED,ACTIVE,2026-03-11,2026-07-09
0.503,SUSPECTED,SUPPORTING,0.643,NONE,NORMAL,TRAIN,True,CRIMINAL,ACTIVE,2026-01-28,2026-07-30
0.69,SUSPECTED,SUPPORTING,0.595,NONE,NORMAL,TRAIN,True,CRIMINAL,ACTIVE,2026-06-19,2026-09-15
0.278,SUSPECTED,SUPPORTING,0.716,NONE,NORMAL,TRAIN,True,CRIMINAL,ACTIVE,2025-10-31,2026-04-06
0.213,CONFIRMED,SUPPORTING,0.83,NONE,NORMAL,TRAIN,True,MIXED,ACTIVE,2025-12-30,2026-05-08
0.168,CONFIRMED,SUPPORTING,0.852,NONE,NORMAL,TRAIN,True,MIXED,ACTIVE,2026-04-06,2026-09-09
0.209,SUSPECTED,SUPPORTING,0.586,NONE,NORMAL,TRAIN,True,CRIMINAL,ACTIVE,2026-01-06,2026-05-23
0.303,UNKNOWN,NEUTRAL,0.285,NONE,NORMAL,TEST,True,AMBIGUOUS,ACTIVE,2026-01-23,2026-04-11
0.417,UNKNOWN,NEUTRAL,0.369,NONE,NORMAL,TRAIN,True,CRIMINAL,ACTIVE,2026-04-16,2026-08-30
0.183,FALSE,CONTRADICTING,0.223,NONE,NORMAL,TRAIN,True,CRIMINAL,ACTIVE,2026-05-07,2026-07-14
0.621,FALSE,CONTRADICTING,0.181,NONE,NORMAL,TEST,True,AMBIGUOUS,ACTIVE,2026-01-08,2026-03-31
0.358,UNKNOWN,NEUTRAL,0.476,NONE,NORMAL,VALIDATION,True,LEGITIMATE,ACTIVE,2026-01-18,2026-05-21
0.425,CONFIRMED,SUPPORTING,0.935,NONE,NORMAL,VALIDATION,True,LEGITIMATE,ACTIVE,2025-11-06,2026-04-02
0.36,SUSPECTED,SUPPORTING,0.634,NONE,NORMAL,VALIDATION,True,LEGITIMATE,ACTIVE,2025-12-27,2026-04-06
0.306,UNKNOWN,NEUTRAL,0.279,CRIMINAL_ANOMALY,NORMAL,TRAIN,True,CRIMINAL,ACTIVE,2025-12-23,2026-05-20
0.845,CONFIRMED,SUPPORTING,0.847,NONE,NORMAL,TRAIN,True,CRIMINAL,ACTIVE,2025-12-27,2026-06-07
0.801,FALSE,CONTRADICTING,0.268,NONE,NORMAL,TRAIN,True,CRIMINAL,ACTIVE,2026-03-24,2026-06-27
0.306,SUSPECTED,SUPPORTING,0.648,NONE,NORMAL,VALIDATION,True,LEGITIMATE,ACTIVE,2026-03-12,2026-05-26
0.399,FALSE,CONTRADICTING,0.176,NONE,NORMAL,TRAIN,True,LEGITIMATE,ACTIVE,2026-03-26,2026-06-13
0.116,FALSE,CONTRADICTING,0.405,TEMPORAL_ANOMALY,NORMAL,TRAIN,True,CRIMINAL,ACTIVE,2025-11-04,2026-04-17
0.48,CONFIRMED,SUPPORTING,0.835,NONE,NORMAL,TRAIN,True,MIXED,ACTIVE,2026-04-21,2026-09-16
0.078,UNKNOWN,NEUTRAL,0.293,COLLECTIVE_ANOMALY,NORMAL,TRAIN,True,MIXED,ACTIVE,2026-03-04,2026-04-04
0.616,CONFIRMED,SUPPORTING,0.904,NONE,NORMAL,TRAIN,True,CRIMINAL,ACTIVE,2026-03-08,2026-07-14
0.732,UNKNOWN,NEUTRAL,0.35,NONE,NORMAL,TEST,True,AMBIGUOUS,ACTIVE,2025-11-25,2026-03-27
0.708,CONFIRMED,SUPPORTING,0.939,NONE,NORMAL,TRAIN,True,CRIMINAL,ACTIVE,2026-01-07,2026-06-24
0.41,SUSPECTED,SUPPORTING,0.636,NONE,NORMAL,TRAIN,True,MIXED,ACTIVE,2025-12-17,2026-04-06
0.67,SUSPECTED,SUPPORTING,0.821,NONE,NORMAL,TEST,True,AMBIGUOUS,ACTIVE,2026-05-26,2026-08-22
0.169,SUSPECTED,SUPPORTING,0.804,CONTEXTUAL_ANOMALY,NORMAL,TRAIN,True,MIXED,ACTIVE,2026-01-17,2026-06-08
0.526,UNKNOWN,NEUTRAL,0.523,CRIMINAL_ANOMALY,NORMAL,TRAIN,True,MIXED,ACTIVE,2026-03-01,2026-06-01
0.596,CONFIRMED,SUPPORTING,0.964,NONE,NORMAL,TRAIN,True,CRIMINAL,ACTIVE,2026-03-05,2026-05-13
0.113,SUSPECTED,SUPPORTING,0.661,NONE,NORMAL,TRAIN,True,CRIMINAL,ACTIVE,2026-03-08,2026-07-30
0.166,CONFIRMED,SUPPORTING,0.921,NONE,NORMAL,TRAIN,True,CRIMINAL,ACTIVE,2026-02-17,2026-05-23
0.662,CONFIRMED,SUPPORTING,0.83,NONE,NORMAL,TRAIN,True,CRIMINAL,ACTIVE,2025-12-04,2026-03-24
0.509,UNKNOWN,NEUTRAL,0.489,NONE,NORMAL,TEST,True,AMBIGUOUS,ACTIVE,2026-03-09,2026-09-01
0.216,FALSE,CONTRADICTING,0.366,NONE,NORMAL,TEST,True,AMBIGUOUS,ACTIVE,2026-01-19,2026-05-24
0.822,CONFIRMED,SUPPORTING,0.94,NONE,MISSING_COUNTERPARTY,TRAIN,True,CRIMINAL,ACTIVE,2025-12-25,2026-05-13
0.444,CONFIRMED,SUPPORTING,0.964,NONE,NORMAL,TRAIN,True,MIXED,ACTIVE,2026-04-04,2026-08-31
0.07,SUSPECTED,SUPPORTING,0.621,NONE,NORMAL,TRAIN,True,CRIMINAL,ACTIVE,2025-11-18,2026-02-17
0.297,UNKNOWN,NEUTRAL,0.424,NONE,NORMAL,TRAIN,True,CRIMINAL,ACTIVE,2026-01-07,2026-06-17
0.46,FALSE,CONTRADICTING,0.309,NONE,NORMAL,TRAIN,True,CRIMINAL,ACTIVE,2026-01-22,2026-05-14
0.021,UNKNOWN,NEUTRAL,0.426,NONE,NORMAL,TRAIN,True,CRIMINAL,ACTIVE,2026-02-19,2026-06-24
0.225,FALSE,CONTRADICTING,0.413,NONE,NORMAL,TRAIN,True,MIXED,ACTIVE,2026-07-24,2026-10-13
0.429,UNKNOWN,NEUTRAL,0.238,NONE,NORMAL,TRAIN,True,CRIMINAL,ACTIVE,2026-03-28,2026-05-04
0.696,CONFIRMED,SUPPORTING,0.914,COLLECTIVE_ANOMALY,NORMAL,TRAIN,True,MIXED,ACTIVE,2025-11-25,2026-06-03
0.283,CONFIRMED,SUPPORTING,0.928,NONE,NORMAL,VALIDATION,True,LEGITIMATE,ACTIVE,2026-04-30,2026-07-21
0.492,CONFIRMED,SUPPORTING,0.913,NONE,NORMAL,TRAIN,True,CRIMINAL,ACTIVE,2026-03-05,2026-08-05
0.635,SUSPECTED,SUPPORTING,0.849,NONE,NORMAL,TRAIN,True,MIXED,ACTIVE,2026-04-13,2026-07-29
0.092,CONFIRMED,SUPPORTING,0.853,NONE,NORMAL,TRAIN,True,MIXED,ACTIVE,2026-06-29,2026-09-10
0.566,SUSPECTED,SUPPORTING,0.606,CRIMINAL_ANOMALY,NORMAL,TRAIN,True,CRIMINAL,ACTIVE,2026-03-23,2026-06-09
0.637,UNKNOWN,NEUTRAL,0.227,NONE,NORMAL,TEST,True,AMBIGUOUS,ACTIVE,2026-03-15,2026-08-31
0.387,UNKNOWN,NEUTRAL,0.364,NONE,NORMAL,TRAIN,True,CRIMINAL,ACTIVE,2026-06-07,2026-07-21
0.11,SUSPECTED,SUPPORTING,0.785,TEMPORAL_ANOMALY,MISSING_COUNTERPARTY,TRAIN,True,MIXED,ACTIVE,2026-05-28,2026-08-16
0.234,FALSE,CONTRADICTING,0.296,NONE,NORMAL,TRAIN,True,LEGITIMATE,ACTIVE,2025-11-19,2026-03-01
0.157,FALSE,CONTRADICTING,0.263,CONTEXTUAL_ANOMALY,NORMAL,TEST,True,AMBIGUOUS,ACTIVE,2025-10-02,2026-03-05
0.533,SUSPECTED,SUPPORTING,0.698,NONE,DUPLICATE,TEST,True,AMBIGUOUS,ACTIVE,2026-06-16,2026-09-05
0.532,UNKNOWN,NEUTRAL,0.457,LEGITIMATE_ANOMALY,NORMAL,VALIDATION,True,LEGITIMATE,ACTIVE,2025-10-24,2026-03-12
0.749,FALSE,CONTRADICTING,0.379,NONE,NORMAL,TEST,True,AMBIGUOUS,ACTIVE,2026-04-11,2026-09-19
0.403,UNKNOWN,NEUTRAL,0.296,LEGITIMATE_ANOMALY,NORMAL,TRAIN,True,MIXED,ACTIVE,2026-05-05,2026-07-01
0.228,CONFIRMED,SUPPORTING,0.933,COLLECTIVE_ANOMALY,NORMAL,TRAIN,True,LEGITIMATE,ACTIVE,2026-05-03,2026-07-29
0.475,SUSPECTED,SUPPORTING,0.744,TEMPORAL_ANOMALY,DUPLICATE,TRAIN,True,CRIMINAL,ACTIVE,2026-04-02,2026-08-13
0.571,UNKNOWN,NEUTRAL,0.489,NONE,NORMAL,TRAIN,True,MIXED,ACTIVE,2025-11-21,2026-05-18
0.44,SUSPECTED,SUPPORTING,0.65,LEGITIMATE_ANOMALY,NORMAL,TRAIN,True,CRIMINAL,ACTIVE,2026-04-21,2026-10-03
0.513,UNKNOWN,NEUTRAL,0.326,NONE,NORMAL,TEST,True,AMBIGUOUS,ACTIVE,2026-04-30,2026-09-12
0.652,CONFIRMED,SUPPORTING,0.869,NONE,NORMAL,TRAIN,True,MIXED,ACTIVE,2026-01-21,2026-05-30
0.338,CONFIRMED,SUPPORTING,0.888,NONE,NORMAL,TRAIN,True,CRIMINAL,ACTIVE,2025-10-19,2026-05-01
0.296,SUSPECTED,SUPPORTING,0.582,NONE,NORMAL,TRAIN,True,MIXED,ACTIVE,2025-11-20,2026-02-15
0.652,SUSPECTED,SUPPORTING,0.837,NONE,NORMAL,TRAIN,True,CRIMINAL,ACTIVE,2026-01-19,2026-04-11
0.303,UNKNOWN,NEUTRAL,0.526,LEGITIMATE_ANOMALY,MISSING_COUNTERPARTY,TRAIN,True,MIXED,ACTIVE,2026-02-13,2026-07-15
0.381,FALSE,CONTRADICTING,0.211,NONE,NORMAL,TRAIN,True,CRIMINAL,ACTIVE,2026-05-24,2026-08-29
0.208,SUSPECTED,SUPPORTING,0.642,NONE,NORMAL,TRAIN,True,CRIMINAL,ACTIVE,2026-01-29,2026-04-26
0.327,FALSE,CONTRADICTING,0.185,LEGITIMATE_ANOMALY,NORMAL,TRAIN,True,LEGITIMATE,ACTIVE,2026-06-12,2026-08-21
0.158,CONFIRMED,SUPPORTING,0.86,NONE,NORMAL,TRAIN,True,CRIMINAL,ACTIVE,2026-03-02,2026-07-27
0.438,UNKNOWN,NEUTRAL,0.224,NONE,NORMAL,VALIDATION,True,LEGITIMATE,ACTIVE,2025-12-29,2026-05-16
0.671,SUSPECTED,SUPPORTING,0.601,NONE,NORMAL,TRAIN,True,CRIMINAL,ACTIVE,2026-04-24,2026-08-09
0.197,UNKNOWN,NEUTRAL,0.448,NONE,NORMAL,TRAIN,True,CRIMINAL,ACTIVE,2026-01-02,2026-02-21
0.387,SUSPECTED,SUPPORTING,0.822,LEGITIMATE_ANOMALY,FORMATTING_VARIATION,TRAIN,True,CRIMINAL,ACTIVE,2026-03-02,2026-07-14
0.1,UNKNOWN,NEUTRAL,0.502,NONE,NORMAL,TEST,True,AMBIGUOUS,ACTIVE,2026-03-08,2026-07-06
0.048,SUSPECTED,SUPPORTING,0.606,NONE,REVERSED_RECORD,TRAIN,True,CRIMINAL,ACTIVE,2026-01-18,2026-06-15
0.55,FALSE,CONTRADICTING,0.334,NONE,MISSING_COUNTERPARTY,TRAIN,True,MIXED,ACTIVE,2026-01-07,2026-05-21
0.309,FALSE,CONTRADICTING,0.186,NONE,NORMAL,TEST,True,AMBIGUOUS,ACTIVE,2026-02-01,2026-03-23
0.618,CONFIRMED,SUPPORTING,0.89,NONE,NORMAL,TRAIN,True,MIXED,ACTIVE,2026-02-09,2026-05-21
0.403,SUSPECTED,SUPPORTING,0.694,NONE,NORMAL,TEST,True,AMBIGUOUS,ACTIVE,2025-12-24,2026-03-21
0.226,UNKNOWN,NEUTRAL,0.223,CONTEXTUAL_ANOMALY,NORMAL,TEST,True,AMBIGUOUS,ACTIVE,2025-12-31,2026-04-07
0.315,UNKNOWN,NEUTRAL,0.258,NONE,NORMAL,TEST,True,AMBIGUOUS,ACTIVE,2025-12-28,2026-02-21
0.526,UNKNOWN,NEUTRAL,0.518,NONE,NORMAL,VALIDATION,True,LEGITIMATE,ACTIVE,2026-07-13,2026-10-15
0.409,FALSE,CONTRADICTING,0.341,CONTEXTUAL_ANOMALY,NORMAL,VALIDATION,True,LEGITIMATE,ACTIVE,2026-06-01,2026-09-24
0.382,CONFIRMED,SUPPORTING,0.979,LEGITIMATE_ANOMALY,NORMAL,TRAIN,True,CRIMINAL,ACTIVE,2026-03-06,2026-07-07
0.199,CONFIRMED,SUPPORTING,0.937,CRIMINAL_ANOMALY,NORMAL,TEST,True,AMBIGUOUS,ACTIVE,2025-10-07,2026-04-09
0.595,UNKNOWN,NEUTRAL,0.536,NONE,NORMAL,TRAIN,True,LEGITIMATE,ACTIVE,2026-03-04,2026-07-24
0.253,CONFIRMED,SUPPORTING,0.971,NONE,NORMAL,TRAIN,True,CRIMINAL,ACTIVE,2026-05-24,2026-09-08
0.694,FALSE,CONTRADICTING,0.341,NONE,NORMAL,VALIDATION,True,LEGITIMATE,ACTIVE,2026-02-15,2026-07-09
0.739,SUSPECTED,SUPPORTING,0.624,NONE,NORMAL,TRAIN,True,MIXED,ACTIVE,2026-01-01,2026-06-05
0.538,SUSPECTED,SUPPORTING,0.773,NONE,NORMAL,VALIDATION,True,LEGITIMATE,ACTIVE,2026-07-23,2026-08-27
0.448,FALSE,CONTRADICTING,0.234,NONE,NORMAL,TRAIN,True,MIXED,ACTIVE,2026-01-09,2026-05-05
0.56,SUSPECTED,SUPPORTING,0.696,NONE,NORMAL,TRAIN,True,LEGITIMATE,ACTIVE,2025-12-19,2026-04-16
0.189,FALSE,CONTRADICTING,0.248,NONE,NORMAL,TRAIN,True,CRIMINAL,ACTIVE,2025-11-30,2026-05-04
0.973,SUSPECTED,SUPPORTING,0.631,CONTEXTUAL_ANOMALY,NORMAL,TRAIN,True,CRIMINAL,ACTIVE,2025-12-20,2026-06-08
0.393,FALSE,CONTRADICTING,0.135,NONE,NORMAL,VALIDATION,True,LEGITIMATE,ACTIVE,2026-02-12,2026-07-18
0.315,SUSPECTED,SUPPORTING,0.758,NONE,NORMAL,TRAIN,True,MIXED,ACTIVE,2026-05-09,2026-06-05
0.551,UNKNOWN,NEUTRAL,0.286,CONTEXTUAL_ANOMALY,NORMAL,TRAIN,True,MIXED,ACTIVE,2025-12-12,2026-02-28
0.081,FALSE,CONTRADICTING,0.327,NONE,NORMAL,VALIDATION,True,LEGITIMATE,ACTIVE,2025-11-18,2026-03-08
0.243,UNKNOWN,NEUTRAL,0.291,NONE,NORMAL,TRAIN,True,CRIMINAL,ACTIVE,2026-01-19,2026-05-23
0.406,SUSPECTED,SUPPORTING,0.789,NONE,NORMAL,TRAIN,True,CRIMINAL,ACTIVE,2026-05-13,2026-08-14
0.297,UNKNOWN,NEUTRAL,0.298,NONE,NORMAL,VALIDATION,True,LEGITIMATE,ACTIVE,2025-12-20,2026-03-13
0.309,SUSPECTED,SUPPORTING,0.685,LEGITIMATE_ANOMALY,NORMAL,TRAIN,True,CRIMINAL,ACTIVE,2025-12-01,2026-01-20
0.533,SUSPECTED,SUPPORTING,0.77,NONE,NORMAL,TRAIN,True,CRIMINAL,ACTIVE,2026-01-15,2026-07-11
0.186,FALSE,CONTRADICTING,0.193,LEGITIMATE_ANOMALY,REVERSED_RECORD,TRAIN,True,MIXED,ACTIVE,2025-12-03,2026-05-05
0.441,UNKNOWN,NEUTRAL,0.429,COLLECTIVE_ANOMALY,NORMAL,TRAIN,True,CRIMINAL,ACTIVE,2026-05-13,2026-08-22
0.881,CONFIRMED,SUPPORTING,0.99,NONE,NORMAL,TRAIN,True,CRIMINAL,ACTIVE,2026-04-25,2026-08-22
0.122,SUSPECTED,SUPPORTING,0.822,LEGITIMATE_ANOMALY,DUPLICATE,TRAIN,True,CRIMINAL,ACTIVE,2026-03-10,2026-09-14
0.332,SUSPECTED,SUPPORTING,0.796,NONE,NORMAL,TRAIN,True,MIXED,ACTIVE,2025-12-18,2026-03-27
0.37,SUSPECTED,SUPPORTING,0.736,NONE,NORMAL,TRAIN,True,MIXED,ACTIVE,2026-04-04,2026-08-11
0.682,FALSE,CONTRADICTING,0.242,NONE,FORMATTING_VARIATION,TEST,True,AMBIGUOUS,ACTIVE,2025-12-19,2026-04-18
0.3,CONFIRMED,SUPPORTING,0.926,NONE,NORMAL,TEST,True,AMBIGUOUS,ACTIVE,2026-03-14,2026-08-05
0.309,SUSPECTED,SUPPORTING,0.613,CRIMINAL_ANOMALY,NORMAL,TEST,True,AMBIGUOUS,ACTIVE,2026-05-30,2026-08-26
0.533,UNKNOWN,NEUTRAL,0.464,NONE,NORMAL,TRAIN,True,CRIMINAL,ACTIVE,2026-05-05,2026-07-28
0.366,SUSPECTED,SUPPORTING,0.777,NONE,NORMAL,TEST,True,AMBIGUOUS,ACTIVE,2026-02-24,2026-07-20
0.144,CONFIRMED,SUPPORTING,0.935,NONE,NORMAL,TRAIN,True,CRIMINAL,ACTIVE,2026-01-19,2026-03-27
0.6,CONFIRMED,SUPPORTING,0.984,NONE,NORMAL,VALIDATION,True,LEGITIMATE,ACTIVE,2025-10-19,2026-02-05
0.111,UNKNOWN,NEUTRAL,0.461,NONE,DUPLICATE,TRAIN,True,MIXED,ACTIVE,2026-05-12,2026-07-25
0.42,SUSPECTED,SUPPORTING,0.593,NONE,NORMAL,TRAIN,True,MIXED,ACTIVE,2026-01-13,2026-04-13
0.433,SUSPECTED,SUPPORTING,0.712,NONE,NORMAL,TRAIN,True,MIXED,ACTIVE,2026-01-24,2026-06-24
0.697,UNKNOWN,NEUTRAL,0.242,NONE,NORMAL,TRAIN,True,CRIMINAL,ACTIVE,2025-10-15,2026-02-25
0.774,CONFIRMED,SUPPORTING,0.937,NONE,NORMAL,TRAIN,True,MIXED,ACTIVE,2026-03-27,2026-06-22
0.654,UNKNOWN,NEUTRAL,0.431,CONTEXTUAL_ANOMALY,NORMAL,TRAIN,True,CRIMINAL,ACTIVE,2025-11-09,2026-01-23
0.567,CONFIRMED,SUPPORTING,0.928,NONE,NORMAL,TEST,True,AMBIGUOUS,ACTIVE,2025-11-16,2026-04-11
0.341,SUSPECTED,SUPPORTING,0.643,COLLECTIVE_ANOMALY,NORMAL,TRAIN,True,MIXED,ACTIVE,2025-12-27,2026-05-22
0.106,CONFIRMED,SUPPORTING,0.934,NONE,NORMAL,TRAIN,True,CRIMINAL,ACTIVE,2026-01-11,2026-03-07
0.506,CONFIRMED,SUPPORTING,0.888,LEGITIMATE_ANOMALY,NORMAL,TEST,True,AMBIGUOUS,ACTIVE,2026-07-01,2026-09-27
0.419,FALSE,CONTRADICTING,0.323,NONE,NORMAL,TEST,True,AMBIGUOUS,ACTIVE,2026-01-10,2026-02-12
0.089,CONFIRMED,SUPPORTING,0.88,CONTEXTUAL_ANOMALY,NORMAL,TRAIN,True,CRIMINAL,ACTIVE,2026-02-03,2026-05-18
0.748,SUSPECTED,SUPPORTING,0.646,TEMPORAL_ANOMALY,NORMAL,TRAIN,True,MIXED,ACTIVE,2026-04-13,2026-07-06
0.582,UNKNOWN,NEUTRAL,0.461,NONE,NORMAL,VALIDATION,True,LEGITIMATE,ACTIVE,2026-04-03,2026-07-04
0.033,CONFIRMED,SUPPORTING,0.953,NONE,NORMAL,TRAIN,True,CRIMINAL,ACTIVE,2026-01-04,2026-06-05
0.209,UNKNOWN,NEUTRAL,0.329,CRIMINAL_ANOMALY,NORMAL,TEST,True,AMBIGUOUS,ACTIVE,2026-07-13,2026-09-05
0.637,CONFIRMED,SUPPORTING,0.836,NONE,NORMAL,TRAIN,True,CRIMINAL,ACTIVE,2025-11-10,2026-04-03
0.221,SUSPECTED,SUPPORTING,0.683,NONE,NORMAL,TRAIN,True,CRIMINAL,ACTIVE,2026-04-26,2026-07-26
0.565,CONFIRMED,SUPPORTING,0.908,NONE,NORMAL,TRAIN,True,CRIMINAL,ACTIVE,2026-03-07,2026-06-25
0.199,CONFIRMED,SUPPORTING,0.911,NONE,NORMAL,TRAIN,True,CRIMINAL,ACTIVE,2026-03-03,2026-04-08
0.146,CONFIRMED,SUPPORTING,0.946,NONE,NORMAL,TRAIN,True,MIXED,ACTIVE,2025-12-14,2026-03-24
0.222,UNKNOWN,NEUTRAL,0.481,NONE,NORMAL,TEST,True,AMBIGUOUS,ACTIVE,2026-02-18,2026-05-19
0.877,SUSPECTED,SUPPORTING,0.65,NONE,NORMAL,TRAIN,True,MIXED,ACTIVE,2026-03-30,2026-07-21
0.795,SUSPECTED,SUPPORTING,0.599,NONE,NORMAL,TRAIN,True,MIXED,ACTIVE,2026-03-25,2026-06-29
0.436,SUSPECTED,SUPPORTING,0.727,NONE,NORMAL,TRAIN,True,CRIMINAL,ACTIVE,2026-04-29,2026-09-17
0.418,CONFIRMED,SUPPORTING,0.95,NONE,NORMAL,TRAIN,True,CRIMINAL,ACTIVE,2026-05-03,2026-09-16
0.442,CONFIRMED,SUPPORTING,0.918,NONE,NORMAL,TRAIN,True,CRIMINAL,ACTIVE,2026-04-01,2026-09-03
0.369,SUSPECTED,SUPPORTING,0.823,NONE,NORMAL,TRAIN,True,CRIMINAL,ACTIVE,2026-03-03,2026-06-06
0.459,UNKNOWN,NEUTRAL,0.415,NONE,NORMAL,TRAIN,True,CRIMINAL,ACTIVE,2025-12-12,2026-02-10
0.114,SUSPECTED,SUPPORTING,0.852,NONE,NORMAL,TRAIN,True,CRIMINAL,ACTIVE,2026-04-07,2026-08-21
0.148,SUSPECTED,SUPPORTING,0.719,NONE,NORMAL,TEST,True,AMBIGUOUS,ACTIVE,2026-07-08,2026-09-04
0.51,UNKNOWN,NEUTRAL,0.406,NONE,NORMAL,TRAIN,True,CRIMINAL,ACTIVE,2025-11-14,2026-03-18
0.541,CONFIRMED,SUPPORTING,0.937,NONE,NORMAL,TRAIN,True,CRIMINAL,ACTIVE,2025-11-27,2026-04-19
0.502,FALSE,CONTRADICTING,0.167,NONE,NORMAL,VALIDATION,True,LEGITIMATE,ACTIVE,2026-01-22,2026-04-26
0.283,CONFIRMED,SUPPORTING,0.906,NONE,NORMAL,TRAIN,True,CRIMINAL,ACTIVE,2026-02-03,2026-04-30
0.407,SUSPECTED,SUPPORTING,0.675,NONE,NORMAL,TRAIN,True,CRIMINAL,ACTIVE,2025-12-07,2026-04-13
0.37,CONFIRMED,SUPPORTING,0.986,NONE,NORMAL,TRAIN,True,MIXED,ACTIVE,2025-10-26,2026-04-25
0.431,SUSPECTED,SUPPORTING,0.855,NONE,NORMAL,VALIDATION,True,LEGITIMATE,ACTIVE,2026-05-20,2026-07-06
0.179,UNKNOWN,NEUTRAL,0.513,TEMPORAL_ANOMALY,NORMAL,TRAIN,True,CRIMINAL,ACTIVE,2025-12-25,2026-05-10
0.508,SUSPECTED,SUPPORTING,0.606,COLLECTIVE_ANOMALY,NORMAL,TRAIN,True,CRIMINAL,ACTIVE,2026-02-25,2026-07-19
0.284,CONFIRMED,SUPPORTING,0.84,NONE,NORMAL,TRAIN,True,CRIMINAL,ACTIVE,2025-10-12,2026-03-14
0.332,CONFIRMED,SUPPORTING,0.823,NONE,NORMAL,TRAIN,True,CRIMINAL,ACTIVE,2026-06-06,2026-09-20
0.254,CONFIRMED,SUPPORTING,0.892,NONE,NORMAL,TRAIN,True,MIXED,ACTIVE,2026-02-10,2026-06-20
0.947,UNKNOWN,NEUTRAL,0.365,NONE,NORMAL,TRAIN,True,CRIMINAL,ACTIVE,2025-10-06,2026-03-03
0.669,SUSPECTED,SUPPORTING,0.648,NONE,NORMAL,TRAIN,True,MIXED,ACTIVE,2025-12-29,2026-07-11
0.903,UNKNOWN,NEUTRAL,0.467,NONE,NORMAL,TRAIN,True,CRIMINAL,ACTIVE,2026-03-23,2026-08-15
0.514,SUSPECTED,SUPPORTING,0.626,NONE,NORMAL,TRAIN,True,MIXED,ACTIVE,2026-04-13,2026-07-08
0.391,SUSPECTED,SUPPORTING,0.728,LEGITIMATE_ANOMALY,NORMAL,TRAIN,True,MIXED,ACTIVE,2026-02-08,2026-04-26
0.799,SUSPECTED,SUPPORTING,0.649,CRIMINAL_ANOMALY,NORMAL,TRAIN,True,MIXED,ACTIVE,2026-04-16,2026-10-27
0.665,SUSPECTED,SUPPORTING,0.64,NONE,NORMAL,TRAIN,True,CRIMINAL,ACTIVE,2026-03-13,2026-05-06
0.542,SUSPECTED,SUPPORTING,0.654,NONE,NORMAL,TRAIN,True,MIXED,ACTIVE,2025-10-20,2026-03-23
0.429,CONFIRMED,SUPPORTING,0.822,NONE,NORMAL,TRAIN,True,LEGITIMATE,ACTIVE,2026-04-01,2026-07-01
0.369,FALSE,CONTRADICTING,0.304,NONE,NORMAL,TRAIN,True,MIXED,ACTIVE,2026-04-25,2026-09-11
0.15,FALSE,CONTRADICTING,0.171,NONE,NORMAL,VALIDATION,True,LEGITIMATE,ACTIVE,2025-11-07,2026-03-17
0.318,CONFIRMED,SUPPORTING,0.837,CONTEXTUAL_ANOMALY,NORMAL,TRAIN,True,MIXED,ACTIVE,2026-06-21,2026-10-05
0.871,SUSPECTED,SUPPORTING,0.636,NONE,NORMAL,TRAIN,True,CRIMINAL,ACTIVE,2026-04-28,2026-10-10
0.394,UNKNOWN,NEUTRAL,0.49,NONE,NORMAL,TRAIN,True,MIXED,ACTIVE,2026-06-03,2026-07-27
0.314,SUSPECTED,SUPPORTING,0.828,NONE,NORMAL,TRAIN,True,MIXED,ACTIVE,2025-11-21,2026-03-03
0.521,CONFIRMED,SUPPORTING,0.954,NONE,NORMAL,TRAIN,True,MIXED,ACTIVE,2026-04-18,2026-10-27
0.278,SUSPECTED,SUPPORTING,0.807,NONE,NORMAL,TRAIN,True,MIXED,ACTIVE,2026-01-30,2026-04-30
0.461,FALSE,CONTRADICTING,0.373,NONE,NORMAL,VALIDATION,True,LEGITIMATE,ACTIVE,2026-06-28,2026-09-07
0.469,UNKNOWN,NEUTRAL,0.333,NONE,NORMAL,TRAIN,True,CRIMINAL,ACTIVE,2026-06-01,2026-09-08
0.247,SUSPECTED,SUPPORTING,0.733,LEGITIMATE_ANOMALY,NORMAL,VALIDATION,True,LEGITIMATE,ACTIVE,2026-02-25,2026-06-20
0.393,SUSPECTED,SUPPORTING,0.67,NONE,NORMAL,TRAIN,True,MIXED,ACTIVE,2026-06-14,2026-08-05
0.548,UNKNOWN,NEUTRAL,0.446,NONE,NORMAL,TRAIN,True,CRIMINAL,ACTIVE,2025-10-05,2026-02-10
0.513,UNKNOWN,NEUTRAL,0.351,NONE,DUPLICATE,TEST,True,AMBIGUOUS,ACTIVE,2026-04-28,2026-08-24
0.917,FALSE,CONTRADICTING,0.328,LEGITIMATE_ANOMALY,NORMAL,TEST,True,AMBIGUOUS,ACTIVE,2025-10-16,2026-03-23
0.159,CONFIRMED,SUPPORTING,0.945,NONE,NORMAL,TRAIN,True,CRIMINAL,ACTIVE,2026-07-19,2026-11-03
0.225,SUSPECTED,SUPPORTING,0.798,NONE,NORMAL,TEST,True,AMBIGUOUS,ACTIVE,2026-02-17,2026-07-26
0.474,SUSPECTED,SUPPORTING,0.842,NONE,NORMAL,TRAIN,True,CRIMINAL,ACTIVE,2025-12-22,2026-05-03
0.208,UNKNOWN,NEUTRAL,0.481,NONE,NORMAL,TEST,True,AMBIGUOUS,ACTIVE,2026-02-18,2026-08-13
0.283,UNKNOWN,NEUTRAL,0.348,LEGITIMATE_ANOMALY,NORMAL,TEST,True,AMBIGUOUS,ACTIVE,2026-03-14,2026-05-29
0.629,UNKNOWN,NEUTRAL,0.29,NONE,NORMAL,TEST,True,AMBIGUOUS,ACTIVE,2026-01-10,2026-06-25
0.272,CONFIRMED,SUPPORTING,0.989,NONE,NORMAL,TRAIN,True,CRIMINAL,ACTIVE,2026-05-18,2026-07-07
0.566,FALSE,CONTRADICTING,0.4,NONE,NORMAL,TRAIN,True,CRIMINAL,ACTIVE,2025-12-21,2026-04-11
0.315,UNKNOWN,NEUTRAL,0.324,NONE,NORMAL,TEST,True,AMBIGUOUS,ACTIVE,2026-02-03,2026-07-19
0.213,SUSPECTED,SUPPORTING,0.757,NONE,NORMAL,TEST,True,AMBIGUOUS,ACTIVE,2025-11-06,2026-03-05
0.384,UNKNOWN,NEUTRAL,0.547,COLLECTIVE_ANOMALY,NORMAL,TRAIN,True,CRIMINAL,ACTIVE,2026-07-07,2026-11-06
0.578,SUSPECTED,SUPPORTING,0.638,LEGITIMATE_ANOMALY,NORMAL,TEST,True,AMBIGUOUS,ACTIVE,2026-04-12,2026-09-12
0.182,FALSE,CONTRADICTING,0.294,NONE,NORMAL,VALIDATION,True,LEGITIMATE,ACTIVE,2026-04-28,2026-07-24
0.461,FALSE,CONTRADICTING,0.33,NONE,NORMAL,TRAIN,True,MIXED,ACTIVE,2026-01-24,2026-03-02
0.582,UNKNOWN,NEUTRAL,0.371,NONE,NORMAL,TEST,True,AMBIGUOUS,ACTIVE,2026-05-23,2026-07-03
0.468,FALSE,CONTRADICTING,0.308,LEGITIMATE_ANOMALY,NORMAL,VALIDATION,True,LEGITIMATE,ACTIVE,2025-12-27,2026-07-02
0.314,UNKNOWN,NEUTRAL,0.223,NONE,DUPLICATE,TEST,True,AMBIGUOUS,ACTIVE,2026-03-12,2026-08-07
0.236,SUSPECTED,SUPPORTING,0.586,NONE,NORMAL,TRAIN,True,MIXED,ACTIVE,2026-04-05,2026-09-08
0.221,SUSPECTED,SUPPORTING,0.766,NONE,NORMAL,TRAIN,True,CRIMINAL,ACTIVE,2025-12-01,2026-04-19
0.136,CONFIRMED,SUPPORTING,0.965,LEGITIMATE_ANOMALY,NORMAL,TRAIN,True,CRIMINAL,ACTIVE,2026-02-17,2026-05-09
0.621,UNKNOWN,NEUTRAL,0.514,NONE,NORMAL,VALIDATION,True,LEGITIMATE,ACTIVE,2026-03-18,2026-07-04
0.473,UNKNOWN,NEUTRAL,0.466,NONE,NORMAL,TEST,True,AMBIGUOUS,ACTIVE,2026-04-14,2026-08-13
0.54,SUSPECTED,SUPPORTING,0.841,LEGITIMATE_ANOMALY,NORMAL,TEST,True,AMBIGUOUS,ACTIVE,2025-11-12,2026-05-09
0.031,FALSE,CONTRADICTING,0.199,NONE,NORMAL,TEST,True,AMBIGUOUS,ACTIVE,2025-11-26,2026-02-26
0.163,SUSPECTED,SUPPORTING,0.82,NONE,NORMAL,TRAIN,True,MIXED,ACTIVE,2026-01-01,2026-03-18
0.544,SUSPECTED,SUPPORTING,0.689,NONE,NORMAL,TRAIN,True,MIXED,ACTIVE,2026-01-18,2026-03-04
0.343,UNKNOWN,NEUTRAL,0.338,NONE,NORMAL,TRAIN,True,MIXED,ACTIVE,2026-07-25,2026-09-22
0.783,FALSE,CONTRADICTING,0.156,NONE,DUPLICATE,TRAIN,True,LEGITIMATE,ACTIVE,2026-07-02,2026-09-25
0.326,CONFIRMED,SUPPORTING,0.932,NONE,NORMAL,TRAIN,True,CRIMINAL,ACTIVE,2025-12-24,2026-04-19
0.537,FALSE,CONTRADICTING,0.316,NONE,NORMAL,TRAIN,True,MIXED,ACTIVE,2025-10-09,2026-02-06
0.403,FALSE,CONTRADICTING,0.241,NONE,NORMAL,TRAIN,True,CRIMINAL,ACTIVE,2025-11-01,2026-03-16
0.077,SUSPECTED,SUPPORTING,0.782,NONE,NORMAL,TRAIN,True,CRIMINAL,ACTIVE,2026-03-01,2026-05-29
0.575,UNKNOWN,NEUTRAL,0.466,NONE,NORMAL,VALIDATION,True,LEGITIMATE,ACTIVE,2026-03-06,2026-07-09
0.615,CONFIRMED,SUPPORTING,0.981,NONE,NORMAL,TRAIN,True,CRIMINAL,ACTIVE,2025-10-22,2026-03-19
0.104,FALSE,CONTRADICTING,0.283,NONE,NORMAL,TRAIN,True,CRIMINAL,ACTIVE,2026-05-16,2026-07-06
0.408,CONFIRMED,SUPPORTING,0.85,LEGITIMATE_ANOMALY,NORMAL,TRAIN,True,CRIMINAL,ACTIVE,2026-04-09,2026-06-29
0.726,SUSPECTED,SUPPORTING,0.711,CRIMINAL_ANOMALY,NORMAL,TRAIN,True,MIXED,ACTIVE,2026-04-13,2026-09-18
0.368,SUSPECTED,SUPPORTING,0.842,NONE,NORMAL,TRAIN,True,MIXED,ACTIVE,2026-04-25,2026-08-05
0.231,FALSE,CONTRADICTING,0.224,NONE,NORMAL,TRAIN,True,LEGITIMATE,ACTIVE,2026-01-18,2026-04-07
0.404,CONFIRMED,SUPPORTING,0.926,CONTEXTUAL_ANOMALY,NORMAL,TEST,True,AMBIGUOUS,ACTIVE,2025-11-19,2026-04-18
0.536,FALSE,CONTRADICTING,0.339,NONE,NORMAL,TRAIN,True,CRIMINAL,ACTIVE,2026-03-07,2026-09-24
0.034,CONFIRMED,SUPPORTING,0.874,TEMPORAL_ANOMALY,NORMAL,TRAIN,True,CRIMINAL,ACTIVE,2026-04-05,2026-08-25
0.653,SUSPECTED,SUPPORTING,0.771,COLLECTIVE_ANOMALY,NORMAL,TRAIN,True,CRIMINAL,ACTIVE,2025-10-31,2026-03-14
0.24,UNKNOWN,NEUTRAL,0.531,NONE,NORMAL,TRAIN,True,LEGITIMATE,ACTIVE,2026-03-03,2026-07-01
0.555,FALSE,CONTRADICTING,0.355,NONE,NORMAL,TRAIN,True,CRIMINAL,ACTIVE,2026-01-27,2026-06-01
0.275,SUSPECTED,SUPPORTING,0.624,NONE,NORMAL,TRAIN,True,CRIMINAL,ACTIVE,2026-02-18,2026-05-26
0.43,CONFIRMED,SUPPORTING,0.971,NONE,MISSING_COUNTERPARTY,TEST,True,AMBIGUOUS,ACTIVE,2025-11-25,2026-02-04
0.503,CONFIRMED,SUPPORTING,0.885,CRIMINAL_ANOMALY,NORMAL,TRAIN,True,MIXED,ACTIVE,2025-11-19,2026-05-12
0.824,CONFIRMED,SUPPORTING,0.851,LEGITIMATE_ANOMALY,NORMAL,TRAIN,True,MIXED,ACTIVE,2026-05-17,2026-08-18
0.342,SUSPECTED,SUPPORTING,0.665,NONE,DUPLICATE,TRAIN,True,CRIMINAL,ACTIVE,2026-03-14,2026-08-02
0.744,SUSPECTED,SUPPORTING,0.582,NONE,NORMAL,TEST,True,AMBIGUOUS,ACTIVE,2026-01-15,2026-05-10
0.733,SUSPECTED,SUPPORTING,0.767,CRIMINAL_ANOMALY,NORMAL,TRAIN,True,MIXED,ACTIVE,2025-12-28,2026-04-18
0.674,SUSPECTED,SUPPORTING,0.851,NONE,NORMAL,TRAIN,True,CRIMINAL,ACTIVE,2026-04-15,2026-09-27
0.425,CONFIRMED,SUPPORTING,0.983,NONE,NORMAL,TRAIN,True,CRIMINAL,ACTIVE,2025-10-14,2026-03-26
0.462,UNKNOWN,NEUTRAL,0.428,NONE,NORMAL,TRAIN,True,CRIMINAL,ACTIVE,2026-04-11,2026-08-16
0.456,UNKNOWN,NEUTRAL,0.372,NONE,NORMAL,VALIDATION,True,LEGITIMATE,ACTIVE,2026-05-11,2026-07-21
0.583,UNKNOWN,NEUTRAL,0.224,NONE,NORMAL,TRAIN,True,CRIMINAL,ACTIVE,2026-04-12,2026-07-23
0.225,CONFIRMED,SUPPORTING,0.934,NONE,NORMAL,TRAIN,True,MIXED,ACTIVE,2025-10-27,2026-02-07
0.405,CONFIRMED,SUPPORTING,0.827,NONE,NORMAL,TRAIN,True,CRIMINAL,ACTIVE,2026-04-17,2026-08-22
0.425,SUSPECTED,SUPPORTING,0.833,NONE,NORMAL,TRAIN,True,MIXED,ACTIVE,2026-05-05,2026-09-10
0.875,UNKNOWN,NEUTRAL,0.388,NONE,NORMAL,TRAIN,True,LEGITIMATE,ACTIVE,2025-12-12,2026-02-15
0.265,FALSE,CONTRADICTING,0.187,NONE,NORMAL,TRAIN,True,CRIMINAL,ACTIVE,2026-02-20,2026-06-15
0.555,UNKNOWN,NEUTRAL,0.241,NONE,NORMAL,TEST,True,AMBIGUOUS,ACTIVE,2025-10-31,2026-02-28
0.313,SUSPECTED,SUPPORTING,0.692,NONE,NORMAL,TEST,True,AMBIGUOUS,ACTIVE,2026-02-10,2026-07-16
0.548,UNKNOWN,NEUTRAL,0.208,LEGITIMATE_ANOMALY,NORMAL,VALIDATION,True,LEGITIMATE,ACTIVE,2026-04-03,2026-07-17
0.213,CONFIRMED,SUPPORTING,0.969,NONE,NORMAL,TRAIN,True,MIXED,ACTIVE,2026-02-19,2026-05-22
0.307,UNKNOWN,NEUTRAL,0.356,NONE,NORMAL,TRAIN,True,MIXED,ACTIVE,2026-04-19,2026-07-24
0.715,CONFIRMED,SUPPORTING,0.948,NONE,NORMAL,TRAIN,True,CRIMINAL,ACTIVE,2026-02-28,2026-07-22
0.39,CONFIRMED,SUPPORTING,0.969,NONE,NORMAL,TRAIN,True,CRIMINAL,ACTIVE,2026-06-01,2026-10-01
0.593,SUSPECTED,SUPPORTING,0.748,NONE,NORMAL,TRAIN,True,CRIMINAL,ACTIVE,2026-03-20,2026-08-14
0.466,SUSPECTED,SUPPORTING,0.595,NONE,NORMAL,TRAIN,True,CRIMINAL,ACTIVE,2026-02-25,2026-08-12
0.436,UNKNOWN,NEUTRAL,0.297,NONE,NORMAL,VALIDATION,True,LEGITIMATE,ACTIVE,2026-06-06,2026-08-11
0.19,SUSPECTED,SUPPORTING,0.692,NONE,NORMAL,TRAIN,True,MIXED,ACTIVE,2026-05-15,2026-09-07
0.149,SUSPECTED,SUPPORTING,0.633,LEGITIMATE_ANOMALY,NORMAL,TRAIN,True,MIXED,ACTIVE,2026-01-18,2026-06-29
0.522,UNKNOWN,NEUTRAL,0.324,NONE,NORMAL,TRAIN,True,CRIMINAL,ACTIVE,2026-05-02,2026-07-30
0.329,UNKNOWN,NEUTRAL,0.336,NONE,NORMAL,TEST,True,AMBIGUOUS,ACTIVE,2025-12-05,2026-04-09
0.776,SUSPECTED,SUPPORTING,0.787,NONE,NORMAL,TRAIN,True,CRIMINAL,ACTIVE,2026-02-24,2026-05-16
0.461,FALSE,CONTRADICTING,0.179,NONE,NORMAL,TRAIN,True,CRIMINAL,ACTIVE,2025-12-21,2026-02-25
0.597,UNKNOWN,NEUTRAL,0.403,NONE,NORMAL,TRAIN,True,CRIMINAL,ACTIVE,2025-10-10,2026-01-24
0.692,FALSE,CONTRADICTING,0.217,NONE,NORMAL,VALIDATION,True,LEGITIMATE,ACTIVE,2026-06-21,2026-09-30
0.646,UNKNOWN,NEUTRAL,0.445,NONE,NORMAL,TRAIN,True,CRIMINAL,ACTIVE,2026-05-18,2026-08-23
0.317,UNKNOWN,NEUTRAL,0.288,NONE,NORMAL,TEST,True,AMBIGUOUS,ACTIVE,2026-04-02,2026-08-05
0.515,CONFIRMED,SUPPORTING,0.935,NONE,NORMAL,TRAIN,True,MIXED,ACTIVE,2025-12-13,2026-03-30
0.133,FALSE,CONTRADICTING,0.299,NONE,NORMAL,TRAIN,True,MIXED,ACTIVE,2026-01-11,2026-06-18
0.125,SUSPECTED,SUPPORTING,0.811,NONE,NORMAL,TRAIN,True,CRIMINAL,ACTIVE,2026-01-16,2026-03-19
0.719,SUSPECTED,SUPPORTING,0.731,LEGITIMATE_ANOMALY,NORMAL,TRAIN,True,MIXED,ACTIVE,2025-11-28,2026-03-20
0.284,FALSE,CONTRADICTING,0.172,LEGITIMATE_ANOMALY,NORMAL,TRAIN,True,MIXED,ACTIVE,2026-07-01,2026-09-24
0.273,SUSPECTED,SUPPORTING,0.775,NONE,NORMAL,TEST,True,AMBIGUOUS,ACTIVE,2026-01-13,2026-06-12
0.174,UNKNOWN,NEUTRAL,0.331,CRIMINAL_ANOMALY,NORMAL,VALIDATION,True,LEGITIMATE,ACTIVE,2025-11-03,2026-03-15
0.248,SUSPECTED,SUPPORTING,0.762,NONE,NORMAL,TEST,True,AMBIGUOUS,ACTIVE,2026-03-30,2026-08-03
0.61,CONFIRMED,SUPPORTING,0.941,NONE,MISSING_COUNTERPARTY,TEST,True,AMBIGUOUS,ACTIVE,2026-05-25,2026-10-17
0.359,CONFIRMED,SUPPORTING,0.985,NONE,NORMAL,TRAIN,True,MIXED,ACTIVE,2026-01-20,2026-03-30
0.217,SUSPECTED,SUPPORTING,0.778,CONTEXTUAL_ANOMALY,NORMAL,TRAIN,True,CRIMINAL,ACTIVE,2026-03-11,2026-06-04
0.439,SUSPECTED,SUPPORTING,0.644,NONE,NORMAL,TRAIN,True,MIXED,ACTIVE,2025-11-24,2026-04-05
0.35,SUSPECTED,SUPPORTING,0.587,NONE,NORMAL,TRAIN,True,CRIMINAL,ACTIVE,2026-04-28,2026-09-15
0.656,CONFIRMED,SUPPORTING,0.909,NONE,MISSING_COUNTERPARTY,TRAIN,True,CRIMINAL,ACTIVE,2026-04-12,2026-08-26
0.701,UNKNOWN,NEUTRAL,0.375,TEMPORAL_ANOMALY,NORMAL,TRAIN,True,CRIMINAL,ACTIVE,2026-04-19,2026-08-13
0.75,UNKNOWN,NEUTRAL,0.373,NONE,NORMAL,TRAIN,True,MIXED,ACTIVE,2026-04-08,2026-08-14
0.233,FALSE,CONTRADICTING,0.217,NONE,NORMAL,VALIDATION,True,LEGITIMATE,ACTIVE,2026-03-25,2026-08-02
0.177,UNKNOWN,NEUTRAL,0.364,NONE,NORMAL,VALIDATION,True,LEGITIMATE,ACTIVE,2026-03-23,2026-07-09
0.61,UNKNOWN,NEUTRAL,0.345,NONE,NORMAL,TRAIN,True,MIXED,ACTIVE,2026-01-06,2026-03-31
0.138,CONFIRMED,SUPPORTING,0.905,NONE,NORMAL,TRAIN,True,CRIMINAL,ACTIVE,2026-02-11,2026-06-29
0.435,CONFIRMED,SUPPORTING,0.976,NONE,NORMAL,TRAIN,True,CRIMINAL,ACTIVE,2026-04-09,2026-06-25
0.101,SUSPECTED,SUPPORTING,0.671,NONE,NORMAL,TRAIN,True,CRIMINAL,ACTIVE,2026-04-16,2026-08-20
0.298,SUSPECTED,SUPPORTING,0.699,COLLECTIVE_ANOMALY,NORMAL,TRAIN,True,CRIMINAL,ACTIVE,2026-07-31,2026-08-30
0.596,FALSE,CONTRADICTING,0.223,NONE,NORMAL,VALIDATION,True,LEGITIMATE,ACTIVE,2026-04-04,2026-05-28
0.28,SUSPECTED,SUPPORTING,0.733,NONE,NORMAL,TRAIN,True,MIXED,ACTIVE,2025-11-06,2026-03-15
0.182,CONFIRMED,SUPPORTING,0.9,NONE,NORMAL,TRAIN,True,CRIMINAL,ACTIVE,2026-04-15,2026-09-05
0.492,SUSPECTED,SUPPORTING,0.663,LEGITIMATE_ANOMALY,NORMAL,TRAIN,True,CRIMINAL,ACTIVE,2025-12-13,2026-04-23
0.612,SUSPECTED,SUPPORTING,0.756,COLLECTIVE_ANOMALY,MISSING_COUNTERPARTY,TRAIN,True,MIXED,ACTIVE,2026-06-20,2026-09-06
0.505,SUSPECTED,SUPPORTING,0.651,CONTEXTUAL_ANOMALY,NORMAL,TRAIN,True,CRIMINAL,ACTIVE,2026-04-19,2026-06-09
0.743,UNKNOWN,NEUTRAL,0.355,NONE,NORMAL,TEST,True,AMBIGUOUS,ACTIVE,2026-05-20,2026-08-15
0.057,CONFIRMED,SUPPORTING,0.921,CRIMINAL_ANOMALY,NORMAL,TEST,True,AMBIGUOUS,ACTIVE,2026-04-15,2026-07-04
0.493,UNKNOWN,NEUTRAL,0.433,NONE,REVERSED_RECORD,TRAIN,True,CRIMINAL,ACTIVE,2025-10-22,2026-04-10
0.246,FALSE,CONTRADICTING,0.296,NONE,NORMAL,TRAIN,True,CRIMINAL,ACTIVE,2026-03-24,2026-07-17
0.585,UNKNOWN,NEUTRAL,0.256,CRIMINAL_ANOMALY,REVERSED_RECORD,TRAIN,True,MIXED,ACTIVE,2025-11-19,2026-02-28
0.698,FALSE,CONTRADICTING,0.158,NONE,NORMAL,TEST,True,AMBIGUOUS,ACTIVE,2025-12-01,2026-05-04
0.266,UNKNOWN,NEUTRAL,0.202,NONE,NORMAL,TRAIN,True,CRIMINAL,ACTIVE,2026-07-27,2026-11-13
0.394,CONFIRMED,SUPPORTING,0.983,NONE,NORMAL,TRAIN,True,CRIMINAL,ACTIVE,2026-03-13,2026-07-11
0.578,UNKNOWN,NEUTRAL,0.392,LEGITIMATE_ANOMALY,NORMAL,TRAIN,True,MIXED,ACTIVE,2026-01-07,2026-04-27
0.525,FALSE,CONTRADICTING,0.301,COLLECTIVE_ANOMALY,NORMAL,TRAIN,True,CRIMINAL,ACTIVE,2026-01-01,2026-06-18
0.222,CONFIRMED,SUPPORTING,0.94,NONE,NORMAL,TRAIN,True,CRIMINAL,ACTIVE,2026-03-04,2026-07-21
0.469,UNKNOWN,NEUTRAL,0.254,NONE,NORMAL,TRAIN,True,MIXED,ACTIVE,2026-04-21,2026-08-14
0.331,UNKNOWN,NEUTRAL,0.425,NONE,NORMAL,TRAIN,True,MIXED,ACTIVE,2026-02-02,2026-05-24
0.677,CONFIRMED,SUPPORTING,0.962,NONE,NORMAL,VALIDATION,True,LEGITIMATE,ACTIVE,2025-11-16,2026-05-13
0.515,CONFIRMED,SUPPORTING,0.983,NONE,NORMAL,TRAIN,True,CRIMINAL,ACTIVE,2026-02-01,2026-05-04
0.47,CONFIRMED,SUPPORTING,0.959,LEGITIMATE_ANOMALY,NORMAL,TRAIN,True,CRIMINAL,ACTIVE,2026-01-16,2026-04-04
0.497,CONFIRMED,SUPPORTING,0.904,NONE,NORMAL,TRAIN,True,CRIMINAL,ACTIVE,2026-07-17,2026-10-20
0.423,CONFIRMED,SUPPORTING,0.866,NONE,NORMAL,TRAIN,True,CRIMINAL,ACTIVE,2026-04-12,2026-08-28
0.133,CONFIRMED,SUPPORTING,0.897,NONE,NORMAL,TEST,True,AMBIGUOUS,ACTIVE,2025-11-06,2026-02-21
0.523,FALSE,CONTRADICTING,0.2,CONTEXTUAL_ANOMALY,NORMAL,TRAIN,True,CRIMINAL,ACTIVE,2026-05-03,2026-09-22
0.598,CONFIRMED,SUPPORTING,0.884,NONE,NORMAL,VALIDATION,True,LEGITIMATE,ACTIVE,2025-11-08,2026-03-27
0.112,UNKNOWN,NEUTRAL,0.234,LEGITIMATE_ANOMALY,NORMAL,TRAIN,True,CRIMINAL,ACTIVE,2026-02-25,2026-07-10
0.485,CONFIRMED,SUPPORTING,0.909,NONE,NORMAL,TRAIN,True,CRIMINAL,ACTIVE,2026-02-02,2026-06-25
0.436,UNKNOWN,NEUTRAL,0.465,NONE,NORMAL,TRAIN,True,LEGITIMATE,ACTIVE,2026-01-28,2026-04-17
0.125,UNKNOWN,NEUTRAL,0.402,NONE,NORMAL,TRAIN,True,CRIMINAL,ACTIVE,2026-04-24,2026-08-21
0.457,UNKNOWN,NEUTRAL,0.29,NONE,NORMAL,TRAIN,True,CRIMINAL,ACTIVE,2025-12-03,2026-02-20
0.426,CONFIRMED,SUPPORTING,0.986,NONE,NORMAL,TRAIN,True,CRIMINAL,ACTIVE,2026-06-27,2026-08-16
0.65,FALSE,CONTRADICTING,0.366,NONE,NORMAL,TRAIN,True,LEGITIMATE,ACTIVE,2026-05-02,2026-09-10
0.373,UNKNOWN,NEUTRAL,0.299,NONE,NORMAL,TRAIN,True,CRIMINAL,ACTIVE,2026-02-10,2026-05-20
0.284,UNKNOWN,NEUTRAL,0.384,NONE,NORMAL,TEST,True,AMBIGUOUS,ACTIVE,2025-09-28,2026-04-08
0.722,UNKNOWN,NEUTRAL,0.461,CRIMINAL_ANOMALY,NORMAL,TRAIN,True,CRIMINAL,ACTIVE,2025-10-23,2026-03-25
0.445,FALSE,CONTRADICTING,0.344,COLLECTIVE_ANOMALY,NORMAL,TRAIN,True,CRIMINAL,ACTIVE,2026-02-14,2026-09-02
0.391,CONFIRMED,SUPPORTING,0.864,NONE,NORMAL,VALIDATION,True,LEGITIMATE,ACTIVE,2026-03-24,2026-07-28
0.384,CONFIRMED,SUPPORTING,0.983,NONE,NORMAL,VALIDATION,True,LEGITIMATE,ACTIVE,2026-06-21,2026-09-14
0.459,CONFIRMED,SUPPORTING,0.917,NONE,NORMAL,VALIDATION,True,LEGITIMATE,ACTIVE,2026-01-28,2026-04-08
0.293,FALSE,CONTRADICTING,0.297,NONE,NORMAL,VALIDATION,True,LEGITIMATE,ACTIVE,2026-01-30,2026-04-09
0.372,CONFIRMED,SUPPORTING,0.855,NONE,NORMAL,TRAIN,True,CRIMINAL,ACTIVE,2026-01-10,2026-03-05
0.374,CONFIRMED,SUPPORTING,0.856,NONE,NORMAL,TEST,True,AMBIGUOUS,ACTIVE,2025-12-12,2026-04-18
0.303,CONFIRMED,SUPPORTING,0.939,NONE,NORMAL,TRAIN,True,CRIMINAL,ACTIVE,2026-03-08,2026-08-27
0.679,FALSE,CONTRADICTING,0.231,NONE,DUPLICATE,TRAIN,True,CRIMINAL,ACTIVE,2026-02-23,2026-08-29
0.477,UNKNOWN,NEUTRAL,0.448,NONE,NORMAL,VALIDATION,True,LEGITIMATE,ACTIVE,2026-04-17,2026-05-25
0.46,CONFIRMED,SUPPORTING,0.83,CRIMINAL_ANOMALY,NORMAL,TRAIN,True,MIXED,ACTIVE,2026-07-18,2026-10-07
0.5,FALSE,CONTRADICTING,0.199,NONE,NORMAL,TRAIN,True,CRIMINAL,ACTIVE,2026-05-24,2026-09-29
0.262,SUSPECTED,SUPPORTING,0.699,NONE,NORMAL,VALIDATION,True,LEGITIMATE,ACTIVE,2026-01-25,2026-05-19
0.773,UNKNOWN,NEUTRAL,0.273,NONE,FORMATTING_VARIATION,VALIDATION,True,LEGITIMATE,ACTIVE,2026-03-05,2026-07-26
0.056,CONFIRMED,SUPPORTING,0.959,CRIMINAL_ANOMALY,NORMAL,TRAIN,True,MIXED,ACTIVE,2026-02-17,2026-05-19
0.481,CONFIRMED,SUPPORTING,0.972,NONE,NORMAL,TRAIN,True,CRIMINAL,ACTIVE,2025-12-13,2026-05-07
0.669,SUSPECTED,SUPPORTING,0.807,NONE,DUPLICATE,TRAIN,True,CRIMINAL,ACTIVE,2025-11-25,2026-04-10
0.77,FALSE,CONTRADICTING,0.33,NONE,NORMAL,VALIDATION,True,LEGITIMATE,ACTIVE,2026-02-14,2026-08-13
0.72,SUSPECTED,SUPPORTING,0.696,LEGITIMATE_ANOMALY,NORMAL,TRAIN,True,CRIMINAL,ACTIVE,2026-05-13,2026-10-23
0.4,CONFIRMED,SUPPORTING,0.83,NONE,NORMAL,TRAIN,True,CRIMINAL,ACTIVE,2026-04-08,2026-08-10
0.189,CONFIRMED,SUPPORTING,0.937,NONE,NORMAL,TRAIN,True,MIXED,ACTIVE,2026-02-11,2026-06-20
0.57,FALSE,CONTRADICTING,0.385,NONE,NORMAL,TRAIN,True,MIXED,ACTIVE,2026-03-12,2026-10-01
0.814,SUSPECTED,SUPPORTING,0.812,NONE,NORMAL,TRAIN,True,CRIMINAL,ACTIVE,2026-05-25,2026-09-16
0.496,SUSPECTED,SUPPORTING,0.733,NONE,NORMAL,VALIDATION,True,LEGITIMATE,ACTIVE,2026-04-14,2026-10-03
0.318,CONFIRMED,SUPPORTING,0.9,NONE,NORMAL,TRAIN,True,MIXED,ACTIVE,2025-12-30,2026-05-22
0.459,FALSE,CONTRADICTING,0.378,NONE,NORMAL,TEST,True,AMBIGUOUS,ACTIVE,2026-02-05,2026-05-06
0.285,UNKNOWN,NEUTRAL,0.384,CRIMINAL_ANOMALY,NORMAL,TRAIN,True,LEGITIMATE,ACTIVE,2026-01-16,2026-04-15
0.409,UNKNOWN,NEUTRAL,0.308,NONE,NORMAL,TRAIN,True,MIXED,ACTIVE,2026-06-19,2026-07-22
0.552,FALSE,CONTRADICTING,0.396,CONTEXTUAL_ANOMALY,NORMAL,TRAIN,True,LEGITIMATE,ACTIVE,2026-06-08,2026-09-29
0.541,SUSPECTED,SUPPORTING,0.762,NONE,NORMAL,TRAIN,True,CRIMINAL,ACTIVE,2026-04-17,2026-10-02
0.091,SUSPECTED,SUPPORTING,0.859,NONE,NORMAL,VALIDATION,True,LEGITIMATE,ACTIVE,2025-10-31,2026-03-21
0.431,SUSPECTED,SUPPORTING,0.771,NONE,NORMAL,TRAIN,True,CRIMINAL,ACTIVE,2026-01-10,2026-05-29
0.184,CONFIRMED,SUPPORTING,0.829,NONE,NORMAL,TRAIN,True,CRIMINAL,ACTIVE,2026-03-08,2026-07-04
0.074,SUSPECTED,SUPPORTING,0.674,CRIMINAL_ANOMALY,NORMAL,TRAIN,True,LEGITIMATE,ACTIVE,2025-09-13,2026-02-10
0.398,CONFIRMED,SUPPORTING,0.886,NONE,NORMAL,TRAIN,True,CRIMINAL,ACTIVE,2025-12-17,2026-05-12
0.389,SUSPECTED,SUPPORTING,0.718,TEMPORAL_ANOMALY,NORMAL,TRAIN,True,MIXED,ACTIVE,2025-12-13,2026-02-22
0.609,CONFIRMED,SUPPORTING,0.882,NONE,NORMAL,TRAIN,True,MIXED,ACTIVE,2025-09-26,2026-02-02
0.303,CONFIRMED,SUPPORTING,0.876,NONE,NORMAL,TRAIN,True,CRIMINAL,ACTIVE,2025-12-30,2026-04-09
0.424,UNKNOWN,NEUTRAL,0.422,LEGITIMATE_ANOMALY,DUPLICATE,TRAIN,True,MIXED,ACTIVE,2026-02-23,2026-05-02
0.713,UNKNOWN,NEUTRAL,0.35,NONE,NORMAL,TRAIN,True,MIXED,ACTIVE,2026-05-26,2026-08-07
0.296,SUSPECTED,SUPPORTING,0.64,TEMPORAL_ANOMALY,NORMAL,TRAIN,True,MIXED,ACTIVE,2026-02-28,2026-07-27
0.505,CONFIRMED,SUPPORTING,0.885,NONE,NORMAL,TEST,True,AMBIGUOUS,ACTIVE,2026-01-10,2026-07-22
0.156,CONFIRMED,SUPPORTING,0.897,NONE,NORMAL,TRAIN,True,CRIMINAL,ACTIVE,2026-07-05,2026-10-13
0.089,CONFIRMED,SUPPORTING,0.902,NONE,NORMAL,TRAIN,True,CRIMINAL,ACTIVE,2026-01-19,2026-04-26
0.388,CONFIRMED,SUPPORTING,0.821,NONE,NORMAL,TEST,True,AMBIGUOUS,ACTIVE,2026-05-31,2026-08-11
0.313,SUSPECTED,SUPPORTING,0.84,NONE,NORMAL,VALIDATION,True,LEGITIMATE,ACTIVE,2026-03-24,2026-06-18
0.853,CONFIRMED,SUPPORTING,0.844,NONE,NORMAL,TEST,True,AMBIGUOUS,ACTIVE,2025-12-25,2026-04-27
0.865,SUSPECTED,SUPPORTING,0.784,CRIMINAL_ANOMALY,NORMAL,TEST,True,AMBIGUOUS,ACTIVE,2025-11-26,2026-04-17
0.543,CONFIRMED,SUPPORTING,0.89,NONE,NORMAL,TRAIN,True,CRIMINAL,ACTIVE,2025-12-08,2026-04-16
0.676,CONFIRMED,SUPPORTING,0.959,NONE,NORMAL,TRAIN,True,MIXED,ACTIVE,2026-04-14,2026-07-08
0.299,UNKNOWN,NEUTRAL,0.362,NONE,NORMAL,TRAIN,True,CRIMINAL,ACTIVE,2026-06-29,2026-08-15
0.489,UNKNOWN,NEUTRAL,0.317,NONE,NORMAL,TRAIN,True,MIXED,ACTIVE,2026-03-01,2026-06-18
0.408,UNKNOWN,NEUTRAL,0.544,NONE,NORMAL,TRAIN,True,MIXED,ACTIVE,2026-01-21,2026-06-05
0.186,SUSPECTED,SUPPORTING,0.659,LEGITIMATE_ANOMALY,NORMAL,TRAIN,True,CRIMINAL,ACTIVE,2026-01-15,2026-04-26
0.618,SUSPECTED,SUPPORTING,0.612,NONE,NORMAL,TEST,True,AMBIGUOUS,ACTIVE,2026-04-23,2026-06-30
0.499,UNKNOWN,NEUTRAL,0.23,NONE,NORMAL,TRAIN,True,MIXED,ACTIVE,2026-03-15,2026-07-26
0.89,UNKNOWN,NEUTRAL,0.427,NONE,NORMAL,TRAIN,True,CRIMINAL,ACTIVE,2026-02-02,2026-03-21
0.03,FALSE,CONTRADICTING,0.179,NONE,NORMAL,VALIDATION,True,LEGITIMATE,ACTIVE,2026-01-17,2026-06-01
0.245,UNKNOWN,NEUTRAL,0.35,NONE,DUPLICATE,TRAIN,True,CRIMINAL,ACTIVE,2026-02-24,2026-06-07
0.222,UNKNOWN,NEUTRAL,0.367,COLLECTIVE_ANOMALY,MISSING_COUNTERPARTY,TEST,True,AMBIGUOUS,ACTIVE,2026-03-05,2026-05-18
0.468,CONFIRMED,SUPPORTING,0.99,NONE,NORMAL,TRAIN,True,MIXED,ACTIVE,2025-12-09,2026-05-10
0.446,SUSPECTED,SUPPORTING,0.77,NONE,NORMAL,TRAIN,True,CRIMINAL,ACTIVE,2025-11-22,2026-06-03
0.707,SUSPECTED,SUPPORTING,0.652,NONE,NORMAL,VALIDATION,True,LEGITIMATE,ACTIVE,2025-12-30,2026-03-28
0.736,SUSPECTED,SUPPORTING,0.858,NONE,NORMAL,TRAIN,True,MIXED,ACTIVE,2026-02-25,2026-05-29
0.277,CONFIRMED,SUPPORTING,0.951,NONE,NORMAL,TRAIN,True,MIXED,ACTIVE,2025-11-27,2026-03-06
0.209,UNKNOWN,NEUTRAL,0.54,NONE,NORMAL,TRAIN,True,MIXED,ACTIVE,2025-11-17,2026-02-12
0.466,SUSPECTED,SUPPORTING,0.662,NONE,NORMAL,TRAIN,True,CRIMINAL,ACTIVE,2026-05-16,2026-08-07
0.037,CONFIRMED,SUPPORTING,0.859,NONE,NORMAL,TEST,True,AMBIGUOUS,ACTIVE,2026-03-31,2026-08-17
0.716,CONFIRMED,SUPPORTING,0.936,NONE,NORMAL,TRAIN,True,CRIMINAL,ACTIVE,2025-10-22,2026-05-14
0.365,FALSE,CONTRADICTING,0.415,NONE,NORMAL,VALIDATION,True,LEGITIMATE,ACTIVE,2026-04-07,2026-08-21
0.667,SUSPECTED,SUPPORTING,0.588,NONE,NORMAL,TRAIN,True,LEGITIMATE,ACTIVE,2026-06-12,2026-10-16
0.504,SUSPECTED,SUPPORTING,0.594,NONE,NORMAL,VALIDATION,True,LEGITIMATE,ACTIVE,2026-05-02,2026-08-22
0.268,CONFIRMED,SUPPORTING,0.865,NONE,NORMAL,TEST,True,AMBIGUOUS,ACTIVE,2026-01-01,2026-05-23
0.929,SUSPECTED,SUPPORTING,0.792,TEMPORAL_ANOMALY,NORMAL,TRAIN,True,MIXED,ACTIVE,2025-12-27,2026-03-08
0.532,FALSE,CONTRADICTING,0.21,NONE,NORMAL,TRAIN,True,MIXED,ACTIVE,2025-11-28,2026-02-02
0.164,CONFIRMED,SUPPORTING,0.966,NONE,NORMAL,TRAIN,True,CRIMINAL,ACTIVE,2025-12-08,2026-05-05
0.356,SUSPECTED,SUPPORTING,0.809,NONE,NORMAL,TEST,True,AMBIGUOUS,ACTIVE,2026-05-19,2026-10-11
0.557,CONFIRMED,SUPPORTING,0.86,NONE,NORMAL,VALIDATION,True,LEGITIMATE,ACTIVE,2025-12-04,2026-02-17
0.746,CONFIRMED,SUPPORTING,0.94,NONE,NORMAL,TRAIN,True,CRIMINAL,ACTIVE,2026-06-11,2026-08-06
0.211,CONFIRMED,SUPPORTING,0.854,NONE,NORMAL,TRAIN,True,CRIMINAL,ACTIVE,2026-03-19,2026-05-24
0.833,CONFIRMED,SUPPORTING,0.85,NONE,NORMAL,TRAIN,True,MIXED,ACTIVE,2026-05-03,2026-11-05
0.284,FALSE,CONTRADICTING,0.311,NONE,NORMAL,TRAIN,True,MIXED,ACTIVE,2026-05-26,2026-08-27
0.482,SUSPECTED,SUPPORTING,0.805,NONE,NORMAL,TRAIN,True,CRIMINAL,ACTIVE,2025-11-25,2026-04-14
0.393,SUSPECTED,SUPPORTING,0.748,NONE,MISSING_COUNTERPARTY,TRAIN,True,CRIMINAL,ACTIVE,2026-06-05,2026-08-03
0.572,CONFIRMED,SUPPORTING,0.93,NONE,NORMAL,TRAIN,True,CRIMINAL,ACTIVE,2025-12-25,2026-05-24
0.427,CONFIRMED,SUPPORTING,0.922,NONE,NORMAL,TRAIN,True,CRIMINAL,ACTIVE,2025-11-23,2026-05-12
0.708,CONFIRMED,SUPPORTING,0.91,LEGITIMATE_ANOMALY,NORMAL,TRAIN,True,MIXED,ACTIVE,2025-11-09,2026-04-24
0.576,CONFIRMED,SUPPORTING,0.944,NONE,NORMAL,VALIDATION,True,LEGITIMATE,ACTIVE,2025-12-19,2026-04-30
0.14,UNKNOWN,NEUTRAL,0.252,NONE,NORMAL,TRAIN,True,MIXED,ACTIVE,2026-01-13,2026-05-28
0.088,UNKNOWN,NEUTRAL,0.465,NONE,NORMAL,TRAIN,True,MIXED,ACTIVE,2025-10-31,2026-03-20
0.596,CONFIRMED,SUPPORTING,0.988,NONE,NORMAL,TRAIN,True,CRIMINAL,ACTIVE,2026-01-21,2026-06-27
0.612,SUSPECTED,SUPPORTING,0.626,NONE,NORMAL,TRAIN,True,CRIMINAL,ACTIVE,2026-01-27,2026-03-18
0.554,SUSPECTED,SUPPORTING,0.855,NONE,NORMAL,TRAIN,True,MIXED,ACTIVE,2026-06-14,2026-09-26
0.387,UNKNOWN,NEUTRAL,0.322,COLLECTIVE_ANOMALY,NORMAL,TRAIN,True,CRIMINAL,ACTIVE,2026-01-17,2026-04-24
0.068,CONFIRMED,SUPPORTING,0.883,LEGITIMATE_ANOMALY,NORMAL,TRAIN,True,CRIMINAL,ACTIVE,2025-10-07,2026-02-09
0.604,SUSPECTED,SUPPORTING,0.59,NONE,NORMAL,TRAIN,True,CRIMINAL,ACTIVE,2025-11-10,2026-02-21
0.749,CONFIRMED,SUPPORTING,0.96,NONE,NORMAL,TRAIN,True,CRIMINAL,ACTIVE,2026-02-16,2026-06-11
0.229,CONFIRMED,SUPPORTING,0.971,NONE,NORMAL,TRAIN,True,CRIMINAL,ACTIVE,2025-10-17,2026-03-31
0.448,CONFIRMED,SUPPORTING,0.85,NONE,NORMAL,VALIDATION,True,LEGITIMATE,ACTIVE,2026-03-30,2026-07-12
0.193,UNKNOWN,NEUTRAL,0.324,LEGITIMATE_ANOMALY,NORMAL,VALIDATION,True,LEGITIMATE,ACTIVE,2026-03-19,2026-07-20
0.362,CONFIRMED,SUPPORTING,0.913,NONE,NORMAL,TRAIN,True,CRIMINAL,ACTIVE,2026-02-09,2026-08-20
0.66,SUSPECTED,SUPPORTING,0.609,NONE,NORMAL,TRAIN,True,MIXED,ACTIVE,2026-02-16,2026-04-05
0.38,FALSE,CONTRADICTING,0.194,NONE,NORMAL,TEST,True,AMBIGUOUS,ACTIVE,2026-03-10,2026-09-22
0.498,SUSPECTED,SUPPORTING,0.791,NONE,NORMAL,TRAIN,True,CRIMINAL,ACTIVE,2025-12-13,2026-03-03
0.668,SUSPECTED,SUPPORTING,0.706,NONE,NORMAL,TRAIN,True,MIXED,ACTIVE,2026-02-01,2026-06-20
0.766,UNKNOWN,NEUTRAL,0.209,NONE,NORMAL,TRAIN,True,MIXED,ACTIVE,2026-04-25,2026-07-19
0.337,UNKNOWN,NEUTRAL,0.391,NONE,NORMAL,VALIDATION,True,LEGITIMATE,ACTIVE,2026-04-02,2026-07-26
0.419,UNKNOWN,NEUTRAL,0.301,NONE,NORMAL,TEST,True,AMBIGUOUS,ACTIVE,2026-01-18,2026-05-23
0.245,CONFIRMED,SUPPORTING,0.953,NONE,NORMAL,TRAIN,True,MIXED,ACTIVE,2026-03-31,2026-07-31
0.251,CONFIRMED,SUPPORTING,0.896,NONE,NORMAL,TRAIN,True,CRIMINAL,ACTIVE,2025-12-21,2026-04-13
0.413,FALSE,CONTRADICTING,0.201,NONE,NORMAL,TRAIN,True,CRIMINAL,ACTIVE,2026-02-26,2026-06-25
0.732,CONFIRMED,SUPPORTING,0.873,NONE,NORMAL,TRAIN,True,CRIMINAL,ACTIVE,2026-02-26,2026-07-21
0.624,UNKNOWN,NEUTRAL,0.424,NONE,NORMAL,TEST,True,AMBIGUOUS,ACTIVE,2025-12-15,2026-03-29
0.597,CONFIRMED,SUPPORTING,0.888,TEMPORAL_ANOMALY,NORMAL,TRAIN,True,MIXED,ACTIVE,2026-03-30,2026-08-18
0.606,FALSE,CONTRADICTING,0.34,NONE,NORMAL,TRAIN,True,CRIMINAL,ACTIVE,2026-04-07,2026-09-04
0.854,UNKNOWN,NEUTRAL,0.398,NONE,NORMAL,TRAIN,True,CRIMINAL,ACTIVE,2025-09-20,2026-02-07
0.693,CONFIRMED,SUPPORTING,0.887,NONE,NORMAL,TRAIN,True,LEGITIMATE,ACTIVE,2025-12-25,2026-06-04
0.317,SUSPECTED,SUPPORTING,0.609,NONE,NORMAL,TRAIN,True,CRIMINAL,ACTIVE,2026-01-08,2026-02-22
0.682,UNKNOWN,NEUTRAL,0.529,NONE,NORMAL,TEST,True,AMBIGUOUS,ACTIVE,2025-12-22,2026-06-08
0.526,UNKNOWN,NEUTRAL,0.512,NONE,NORMAL,TRAIN,True,CRIMINAL,ACTIVE,2026-03-18,2026-09-28
0.38,UNKNOWN,NEUTRAL,0.496,NONE,MISSING_COUNTERPARTY,TRAIN,True,MIXED,ACTIVE,2025-12-09,2026-04-14
0.277,SUSPECTED,SUPPORTING,0.583,TEMPORAL_ANOMALY,NORMAL,TRAIN,True,CRIMINAL,ACTIVE,2026-03-17,2026-08-17
0.159,SUSPECTED,SUPPORTING,0.644,NONE,NORMAL,TRAIN,True,CRIMINAL,ACTIVE,2026-03-14,2026-09-30
0.766,UNKNOWN,NEUTRAL,0.402,NONE,NORMAL,TRAIN,True,CRIMINAL,ACTIVE,2026-02-08,2026-03-23
0.572,CONFIRMED,SUPPORTING,0.841,NONE,NORMAL,TRAIN,True,MIXED,ACTIVE,2025-12-08,2026-04-23
0.183,SUSPECTED,SUPPORTING,0.831,NONE,NORMAL,TRAIN,True,CRIMINAL,ACTIVE,2026-05-07,2026-08-11
0.455,SUSPECTED,SUPPORTING,0.696,NONE,NORMAL,TRAIN,True,CRIMINAL,ACTIVE,2025-11-27,2026-04-08
0.868,FALSE,CONTRADICTING,0.406,NONE,NORMAL,TRAIN,True,LEGITIMATE,ACTIVE,2026-01-30,2026-07-03
0.416,FALSE,CONTRADICTING,0.214,TEMPORAL_ANOMALY,NORMAL,VALIDATION,True,LEGITIMATE,ACTIVE,2026-01-29,2026-07-13
0.238,SUSPECTED,SUPPORTING,0.688,NONE,NORMAL,TRAIN,True,CRIMINAL,ACTIVE,2026-04-11,2026-08-14
0.266,UNKNOWN,NEUTRAL,0.494,NONE,NORMAL,TRAIN,True,MIXED,ACTIVE,2026-03-26,2026-10-03
0.45,UNKNOWN,NEUTRAL,0.418,COLLECTIVE_ANOMALY,NORMAL,TEST,True,AMBIGUOUS,ACTIVE,2025-12-08,2026-03-01
0.699,FALSE,CONTRADICTING,0.361,NONE,NORMAL,TEST,True,AMBIGUOUS,ACTIVE,2026-03-28,2026-07-18
0.357,SUSPECTED,SUPPORTING,0.704,NONE,NORMAL,TRAIN,True,MIXED,ACTIVE,2026-04-05,2026-08-01
0.53,CONFIRMED,SUPPORTING,0.84,NONE,NORMAL,TRAIN,True,CRIMINAL,ACTIVE,2026-03-15,2026-04-15
0.265,SUSPECTED,SUPPORTING,0.708,NONE,NORMAL,TRAIN,True,MIXED,ACTIVE,2026-04-17,2026-09-04
0.819,FALSE,CONTRADICTING,0.123,NONE,NORMAL,TRAIN,True,MIXED,ACTIVE,2026-04-06,2026-08-05
0.114,UNKNOWN,NEUTRAL,0.486,NONE,NORMAL,TRAIN,True,CRIMINAL,ACTIVE,2025-11-27,2026-06-12
0.768,UNKNOWN,NEUTRAL,0.262,CRIMINAL_ANOMALY,NORMAL,TRAIN,True,LEGITIMATE,ACTIVE,2026-04-25,2026-07-09
0.261,UNKNOWN,NEUTRAL,0.259,NONE,NORMAL,TRAIN,True,CRIMINAL,ACTIVE,2025-10-24,2026-05-04
0.4,UNKNOWN,NEUTRAL,0.405,NONE,NORMAL,TRAIN,True,CRIMINAL,ACTIVE,2025-11-09,2026-04-18
0.563,UNKNOWN,NEUTRAL,0.316,NONE,MISSING_COUNTERPARTY,TEST,True,AMBIGUOUS,ACTIVE,2025-10-29,2026-03-17
0.76,FALSE,CONTRADICTING,0.414,NONE,NORMAL,TRAIN,True,CRIMINAL,ACTIVE,2025-12-10,2026-04-13
0.349,SUSPECTED,SUPPORTING,0.779,NONE,NORMAL,TRAIN,True,CRIMINAL,ACTIVE,2026-01-16,2026-04-28
0.234,SUSPECTED,SUPPORTING,0.642,NONE,NORMAL,VALIDATION,True,LEGITIMATE,ACTIVE,2026-03-13,2026-05-30
0.368,CONFIRMED,SUPPORTING,0.974,NONE,NORMAL,TRAIN,True,MIXED,ACTIVE,2026-01-24,2026-07-11
0.463,UNKNOWN,NEUTRAL,0.243,NONE,NORMAL,TRAIN,True,MIXED,ACTIVE,2026-01-27,2026-06-12
0.744,SUSPECTED,SUPPORTING,0.634,NONE,NORMAL,VALIDATION,True,LEGITIMATE,ACTIVE,2025-12-11,2026-05-27
0.376,SUSPECTED,SUPPORTING,0.716,TEMPORAL_ANOMALY,NORMAL,TRAIN,True,CRIMINAL,ACTIVE,2025-11-27,2026-05-14
0.765,UNKNOWN,NEUTRAL,0.2,LEGITIMATE_ANOMALY,NORMAL,TEST,True,AMBIGUOUS,ACTIVE,2025-11-24,2026-03-23
0.807,SUSPECTED,SUPPORTING,0.596,NONE,NORMAL,TRAIN,True,MIXED,ACTIVE,2026-03-29,2026-09-28
0.408,UNKNOWN,NEUTRAL,0.48,NONE,NORMAL,TRAIN,True,CRIMINAL,ACTIVE,2025-11-18,2026-05-19
0.677,SUSPECTED,SUPPORTING,0.621,NONE,NORMAL,TRAIN,True,MIXED,ACTIVE,2025-12-09,2026-03-20
0.277,SUSPECTED,SUPPORTING,0.672,NONE,NORMAL,TRAIN,True,MIXED,ACTIVE,2026-01-23,2026-03-16
0.431,FALSE,CONTRADICTING,0.235,NONE,NORMAL,TRAIN,True,LEGITIMATE,ACTIVE,2025-11-07,2026-02-28
0.241,UNKNOWN,NEUTRAL,0.3,NONE,NORMAL,TRAIN,True,MIXED,ACTIVE,2025-10-23,2026-04-19
0.488,FALSE,CONTRADICTING,0.271,NONE,NORMAL,TEST,True,AMBIGUOUS,ACTIVE,2026-04-12,2026-05-21
0.532,SUSPECTED,SUPPORTING,0.814,NONE,NORMAL,TRAIN,True,MIXED,ACTIVE,2026-01-13,2026-06-09
0.211,SUSPECTED,SUPPORTING,0.774,NONE,NORMAL,TRAIN,True,MIXED,ACTIVE,2026-05-27,2026-09-21
0.646,SUSPECTED,SUPPORTING,0.641,NONE,NORMAL,TRAIN,True,CRIMINAL,ACTIVE,2026-03-09,2026-06-22
0.267,CONFIRMED,SUPPORTING,0.918,NONE,NORMAL,TEST,True,AMBIGUOUS,ACTIVE,2025-12-29,2026-03-29
0.25,UNKNOWN,NEUTRAL,0.416,CRIMINAL_ANOMALY,NORMAL,TRAIN,True,MIXED,ACTIVE,2026-03-23,2026-08-26
0.09,UNKNOWN,NEUTRAL,0.515,NONE,NORMAL,TRAIN,True,MIXED,ACTIVE,2026-06-02,2026-08-23
0.266,UNKNOWN,NEUTRAL,0.238,NONE,NORMAL,TRAIN,True,MIXED,ACTIVE,2026-07-23,2026-08-21
0.114,SUSPECTED,SUPPORTING,0.755,NONE,NORMAL,TEST,True,AMBIGUOUS,ACTIVE,2026-01-02,2026-04-01
0.333,UNKNOWN,NEUTRAL,0.212,NONE,NORMAL,TEST,True,AMBIGUOUS,ACTIVE,2026-05-29,2026-08-27
0.57,UNKNOWN,NEUTRAL,0.337,NONE,NORMAL,TEST,True,AMBIGUOUS,ACTIVE,2026-03-04,2026-07-08
0.385,UNKNOWN,NEUTRAL,0.499,NONE,NORMAL,TRAIN,True,CRIMINAL,ACTIVE,2026-02-11,2026-04-26
0.777,SUSPECTED,SUPPORTING,0.666,NONE,NORMAL,TRAIN,True,MIXED,ACTIVE,2025-12-25,2026-03-25
0.373,CONFIRMED,SUPPORTING,0.826,NONE,NORMAL,TRAIN,True,MIXED,ACTIVE,2026-03-01,2026-08-06
0.667,SUSPECTED,SUPPORTING,0.704,NONE,NORMAL,TRAIN,True,CRIMINAL,ACTIVE,2026-01-13,2026-04-10
0.329,FALSE,CONTRADICTING,0.205,NONE,NORMAL,TEST,True,AMBIGUOUS,ACTIVE,2026-03-21,2026-07-14
0.474,UNKNOWN,NEUTRAL,0.291,NONE,NORMAL,TEST,True,AMBIGUOUS,ACTIVE,2026-01-29,2026-05-17
0.301,UNKNOWN,NEUTRAL,0.54,LEGITIMATE_ANOMALY,NORMAL,VALIDATION,True,LEGITIMATE,ACTIVE,2025-12-31,2026-05-05
0.622,FALSE,CONTRADICTING,0.196,COLLECTIVE_ANOMALY,NORMAL,TRAIN,True,MIXED,ACTIVE,2026-05-03,2026-08-24
0.158,SUSPECTED,SUPPORTING,0.585,TEMPORAL_ANOMALY,NORMAL,TRAIN,True,CRIMINAL,ACTIVE,2026-02-04,2026-06-11
0.276,FALSE,CONTRADICTING,0.174,NONE,NORMAL,TRAIN,True,MIXED,ACTIVE,2026-04-05,2026-09-27
0.897,SUSPECTED,SUPPORTING,0.6,NONE,NORMAL,TRAIN,True,CRIMINAL,ACTIVE,2025-10-24,2026-04-12
0.202,UNKNOWN,NEUTRAL,0.518,NONE,NORMAL,VALIDATION,True,LEGITIMATE,ACTIVE,2026-01-27,2026-05-29
0.465,SUSPECTED,SUPPORTING,0.797,TEMPORAL_ANOMALY,FORMATTING_VARIATION,TRAIN,True,MIXED,ACTIVE,2026-02-20,2026-05-30
0.615,CONFIRMED,SUPPORTING,0.907,LEGITIMATE_ANOMALY,NORMAL,TRAIN,True,MIXED,ACTIVE,2026-05-28,2026-08-15
0.154,SUSPECTED,SUPPORTING,0.582,CONTEXTUAL_ANOMALY,NORMAL,TRAIN,True,MIXED,ACTIVE,2025-12-17,2026-02-26
0.755,FALSE,CONTRADICTING,0.285,LEGITIMATE_ANOMALY,NORMAL,VALIDATION,True,LEGITIMATE,ACTIVE,2026-04-07,2026-09-27
0.498,CONFIRMED,SUPPORTING,0.936,NONE,NORMAL,TRAIN,True,CRIMINAL,ACTIVE,2026-02-03,2026-04-26
0.54,UNKNOWN,NEUTRAL,0.488,NONE,NORMAL,TRAIN,True,MIXED,ACTIVE,2026-02-22,2026-05-04
0.175,SUSPECTED,SUPPORTING,0.715,CONTEXTUAL_ANOMALY,NORMAL,TEST,True,AMBIGUOUS,ACTIVE,2026-02-24,2026-07-15
0.094,CONFIRMED,SUPPORTING,0.847,NONE,NORMAL,TRAIN,True,CRIMINAL,ACTIVE,2025-12-05,2026-03-14
0.667,SUSPECTED,SUPPORTING,0.738,NONE,NORMAL,TRAIN,True,MIXED,ACTIVE,2026-01-21,2026-05-12
0.491,CONFIRMED,SUPPORTING,0.822,NONE,NORMAL,TRAIN,True,CRIMINAL,ACTIVE,2026-01-14,2026-06-28
0.523,SUSPECTED,SUPPORTING,0.59,NONE,DUPLICATE,TRAIN,True,CRIMINAL,ACTIVE,2026-03-16,2026-06-30
0.544,CONFIRMED,SUPPORTING,0.874,NONE,FORMATTING_VARIATION,TRAIN,True,MIXED,ACTIVE,2026-02-01,2026-06-27
0.248,CONFIRMED,SUPPORTING,0.906,NONE,REVERSED_RECORD,TEST,True,AMBIGUOUS,ACTIVE,2025-11-19,2026-04-14
0.866,SUSPECTED,SUPPORTING,0.855,NONE,NORMAL,TRAIN,True,CRIMINAL,ACTIVE,2026-05-04,2026-07-08
0.254,CONFIRMED,SUPPORTING,0.977,NONE,NORMAL,TRAIN,True,MIXED,ACTIVE,2026-02-02,2026-08-10
0.259,SUSPECTED,SUPPORTING,0.777,NONE,NORMAL,TEST,True,AMBIGUOUS,ACTIVE,2026-06-30,2026-10-20
0.24,FALSE,CONTRADICTING,0.273,NONE,DUPLICATE,TRAIN,True,CRIMINAL,ACTIVE,2026-01-22,2026-05-30
0.711,UNKNOWN,NEUTRAL,0.347,NONE,NORMAL,TRAIN,True,MIXED,ACTIVE,2026-03-04,2026-07-05
0.222,SUSPECTED,SUPPORTING,0.655,NONE,NORMAL,VALIDATION,True,LEGITIMATE,ACTIVE,2026-06-29,2026-08-11
0.677,CONFIRMED,SUPPORTING,0.885,NONE,NORMAL,TRAIN,True,CRIMINAL,ACTIVE,2026-04-10,2026-05-27
0.141,UNKNOWN,NEUTRAL,0.501,NONE,NORMAL,TRAIN,True,MIXED,ACTIVE,2025-09-16,2026-03-19
0.236,FALSE,CONTRADICTING,0.405,NONE,NORMAL,TRAIN,True,CRIMINAL,ACTIVE,2026-02-09,2026-06-23
0.378,SUSPECTED,SUPPORTING,0.816,NONE,NORMAL,TRAIN,True,MIXED,ACTIVE,2025-12-13,2026-03-28
0.835,CONFIRMED,SUPPORTING,0.877,NONE,NORMAL,TRAIN,True,CRIMINAL,ACTIVE,2026-05-30,2026-09-26
0.809,SUSPECTED,SUPPORTING,0.673,NONE,NORMAL,TRAIN,True,MIXED,ACTIVE,2026-03-22,2026-05-31
0.562,CONFIRMED,SUPPORTING,0.905,LEGITIMATE_ANOMALY,NORMAL,TRAIN,True,CRIMINAL,ACTIVE,2026-02-19,2026-04-10
0.184,SUSPECTED,SUPPORTING,0.735,NONE,NORMAL,TRAIN,True,CRIMINAL,ACTIVE,2026-04-18,2026-06-26
0.653,SUSPECTED,SUPPORTING,0.781,NONE,NORMAL,TRAIN,True,MIXED,ACTIVE,2026-07-09,2026-09-25
0.678,UNKNOWN,NEUTRAL,0.326,NONE,NORMAL,TRAIN,True,CRIMINAL,ACTIVE,2026-03-07,2026-06-04
0.248,FALSE,CONTRADICTING,0.264,NONE,NORMAL,VALIDATION,True,LEGITIMATE,ACTIVE,2026-03-02,2026-08-19
0.511,CONFIRMED,SUPPORTING,0.901,NONE,NORMAL,TRAIN,True,CRIMINAL,ACTIVE,2026-02-26,2026-06-09
0.501,SUSPECTED,SUPPORTING,0.688,NONE,NORMAL,TRAIN,True,CRIMINAL,ACTIVE,2026-08-06,2026-09-24
0.391,UNKNOWN,NEUTRAL,0.426,NONE,NORMAL,TEST,True,AMBIGUOUS,ACTIVE,2026-04-03,2026-07-23
0.689,SUSPECTED,SUPPORTING,0.762,CONTEXTUAL_ANOMALY,NORMAL,TRAIN,True,CRIMINAL,ACTIVE,2026-05-11,2026-06-18
0.763,UNKNOWN,NEUTRAL,0.429,NONE,NORMAL,TRAIN,True,MIXED,ACTIVE,2026-05-13,2026-07-08
0.663,UNKNOWN,NEUTRAL,0.343,CRIMINAL_ANOMALY,NORMAL,TRAIN,True,CRIMINAL,ACTIVE,2026-03-22,2026-05-29
0.083,SUSPECTED,SUPPORTING,0.69,NONE,NORMAL,TRAIN,True,CRIMINAL,ACTIVE,2025-10-04,2026-03-12
0.486,SUSPECTED,SUPPORTING,0.583,COLLECTIVE_ANOMALY,NORMAL,TRAIN,True,MIXED,ACTIVE,2026-06-21,2026-08-08
0.362,UNKNOWN,NEUTRAL,0.281,NONE,NORMAL,TEST,True,AMBIGUOUS,ACTIVE,2026-03-23,2026-09-02
0.569,SUSPECTED,SUPPORTING,0.726,NONE,NORMAL,TRAIN,True,MIXED,ACTIVE,2026-02-15,2026-04-14
0.838,UNKNOWN,NEUTRAL,0.38,NONE,NORMAL,TRAIN,True,CRIMINAL,ACTIVE,2025-11-11,2026-04-20
0.719,SUSPECTED,SUPPORTING,0.684,NONE,NORMAL,TRAIN,True,CRIMINAL,ACTIVE,2026-03-03,2026-07-07
0.638,UNKNOWN,NEUTRAL,0.55,NONE,NORMAL,TRAIN,True,CRIMINAL,ACTIVE,2025-10-18,2026-03-16
0.268,SUSPECTED,SUPPORTING,0.602,NONE,NORMAL,TRAIN,True,CRIMINAL,ACTIVE,2026-03-17,2026-06-26
0.549,UNKNOWN,NEUTRAL,0.374,NONE,NORMAL,TRAIN,True,MIXED,ACTIVE,2026-06-05,2026-09-14
0.49,SUSPECTED,SUPPORTING,0.658,NONE,MISSING_COUNTERPARTY,TRAIN,True,MIXED,ACTIVE,2026-05-25,2026-09-13
0.339,UNKNOWN,NEUTRAL,0.362,NONE,NORMAL,TRAIN,True,CRIMINAL,ACTIVE,2026-05-11,2026-10-30
0.386,UNKNOWN,NEUTRAL,0.369,NONE,NORMAL,TRAIN,True,CRIMINAL,ACTIVE,2026-05-30,2026-08-21
0.318,FALSE,CONTRADICTING,0.178,NONE,NORMAL,VALIDATION,True,LEGITIMATE,ACTIVE,2025-12-19,2026-04-22
0.868,UNKNOWN,NEUTRAL,0.208,NONE,NORMAL,TRAIN,True,MIXED,ACTIVE,2026-02-19,2026-06-08
0.154,UNKNOWN,NEUTRAL,0.277,NONE,NORMAL,TEST,True,AMBIGUOUS,ACTIVE,2026-03-31,2026-08-15
0.447,CONFIRMED,SUPPORTING,0.954,LEGITIMATE_ANOMALY,NORMAL,TRAIN,True,MIXED,ACTIVE,2025-10-11,2026-02-04
0.269,SUSPECTED,SUPPORTING,0.853,NONE,NORMAL,TRAIN,True,CRIMINAL,ACTIVE,2026-02-22,2026-08-02
0.727,SUSPECTED,SUPPORTING,0.856,NONE,NORMAL,TEST,True,AMBIGUOUS,ACTIVE,2026-03-12,2026-05-10
0.75,CONFIRMED,SUPPORTING,0.954,NONE,NORMAL,TEST,True,AMBIGUOUS,ACTIVE,2025-10-21,2026-01-26
0.437,SUSPECTED,SUPPORTING,0.84,NONE,REVERSED_RECORD,TEST,True,AMBIGUOUS,ACTIVE,2026-02-17,2026-05-15
0.55,CONFIRMED,SUPPORTING,0.911,NONE,NORMAL,TRAIN,True,CRIMINAL,ACTIVE,2026-03-06,2026-06-12
0.893,CONFIRMED,SUPPORTING,0.826,NONE,NORMAL,VALIDATION,True,LEGITIMATE,ACTIVE,2026-07-26,2026-09-07
0.429,CONFIRMED,SUPPORTING,0.923,LEGITIMATE_ANOMALY,NORMAL,TRAIN,True,CRIMINAL,ACTIVE,2026-01-19,2026-04-16
0.388,SUSPECTED,SUPPORTING,0.646,NONE,NORMAL,TRAIN,True,CRIMINAL,ACTIVE,2026-05-15,2026-08-30
0.295,FALSE,CONTRADICTING,0.297,NONE,NORMAL,VALIDATION,True,LEGITIMATE,ACTIVE,2025-12-30,2026-02-21
0.638,UNKNOWN,NEUTRAL,0.289,NONE,NORMAL,TRAIN,True,LEGITIMATE,ACTIVE,2026-03-07,2026-04-27
0.282,CONFIRMED,SUPPORTING,0.944,NONE,NORMAL,TRAIN,True,CRIMINAL,ACTIVE,2026-04-18,2026-07-16
0.539,CONFIRMED,SUPPORTING,0.889,COLLECTIVE_ANOMALY,NORMAL,TRAIN,True,CRIMINAL,ACTIVE,2026-04-06,2026-06-08
0.803,CONFIRMED,SUPPORTING,0.974,COLLECTIVE_ANOMALY,NORMAL,TEST,True,AMBIGUOUS,ACTIVE,2026-01-12,2026-05-24
0.482,CONFIRMED,SUPPORTING,0.883,NONE,FORMATTING_VARIATION,TRAIN,True,CRIMINAL,ACTIVE,2026-03-04,2026-05-31
0.482,SUSPECTED,SUPPORTING,0.755,NONE,FORMATTING_VARIATION,TRAIN,True,MIXED,ACTIVE,2025-12-10,2026-03-05
0.547,UNKNOWN,NEUTRAL,0.267,NONE,NORMAL,TRAIN,True,MIXED,ACTIVE,2026-03-14,2026-08-18
0.294,SUSPECTED,SUPPORTING,0.657,COLLECTIVE_ANOMALY,NORMAL,TRAIN,True,MIXED,ACTIVE,2026-05-06,2026-07-28
0.688,UNKNOWN,NEUTRAL,0.489,NONE,NORMAL,TEST,True,AMBIGUOUS,ACTIVE,2026-03-26,2026-06-30
0.164,CONFIRMED,SUPPORTING,0.841,NONE,NORMAL,VALIDATION,True,LEGITIMATE,ACTIVE,2026-01-23,2026-04-21
0.712,SUSPECTED,SUPPORTING,0.635,NONE,NORMAL,TRAIN,True,MIXED,ACTIVE,2026-04-03,2026-09-26
0.686,UNKNOWN,NEUTRAL,0.383,NONE,NORMAL,TEST,True,AMBIGUOUS,ACTIVE,2026-05-11,2026-09-13
0.269,CONFIRMED,SUPPORTING,0.989,CRIMINAL_ANOMALY,MISSING_COUNTERPARTY,TRAIN,True,CRIMINAL,ACTIVE,2025-12-06,2026-03-21
0.447,SUSPECTED,SUPPORTING,0.714,NONE,NORMAL,TRAIN,True,MIXED,ACTIVE,2026-03-15,2026-08-07
0.545,CONFIRMED,SUPPORTING,0.879,NONE,NORMAL,TRAIN,True,LEGITIMATE,ACTIVE,2026-02-21,2026-07-28
0.582,CONFIRMED,SUPPORTING,0.976,NONE,MISSING_COUNTERPARTY,TRAIN,True,MIXED,ACTIVE,2025-12-31,2026-05-18
0.12,CONFIRMED,SUPPORTING,0.923,NONE,MISSING_COUNTERPARTY,TRAIN,True,CRIMINAL,ACTIVE,2025-11-19,2026-03-28
0.139,SUSPECTED,SUPPORTING,0.591,NONE,NORMAL,TRAIN,True,MIXED,ACTIVE,2025-11-04,2026-04-29
0.65,UNKNOWN,NEUTRAL,0.339,NONE,NORMAL,TRAIN,True,MIXED,ACTIVE,2026-06-03,2026-10-20
0.818,FALSE,CONTRADICTING,0.363,NONE,NORMAL,TRAIN,True,CRIMINAL,ACTIVE,2026-01-22,2026-06-03
0.534,SUSPECTED,SUPPORTING,0.85,LEGITIMATE_ANOMALY,NORMAL,TRAIN,True,CRIMINAL,ACTIVE,2026-02-10,2026-04-27
0.457,SUSPECTED,SUPPORTING,0.787,NONE,NORMAL,TRAIN,True,CRIMINAL,ACTIVE,2026-01-28,2026-04-10
0.54,UNKNOWN,NEUTRAL,0.465,NONE,NORMAL,TEST,True,AMBIGUOUS,ACTIVE,2026-04-29,2026-09-30
0.534,CONFIRMED,SUPPORTING,0.91,NONE,NORMAL,TRAIN,True,CRIMINAL,ACTIVE,2026-02-24,2026-08-14
0.573,SUSPECTED,SUPPORTING,0.691,CONTEXTUAL_ANOMALY,NORMAL,TRAIN,True,MIXED,ACTIVE,2025-11-17,2026-04-11
0.16,SUSPECTED,SUPPORTING,0.712,NONE,NORMAL,TRAIN,True,MIXED,ACTIVE,2026-05-20,2026-08-19
0.401,FALSE,CONTRADICTING,0.257,TEMPORAL_ANOMALY,NORMAL,TRAIN,True,MIXED,ACTIVE,2026-01-09,2026-05-22
0.688,FALSE,CONTRADICTING,0.121,NONE,NORMAL,VALIDATION,True,LEGITIMATE,ACTIVE,2026-02-06,2026-07-12
0.268,FALSE,CONTRADICTING,0.127,NONE,REVERSED_RECORD,TRAIN,True,MIXED,ACTIVE,2026-05-11,2026-07-27
0.22,UNKNOWN,NEUTRAL,0.305,NONE,NORMAL,TRAIN,True,MIXED,ACTIVE,2026-03-01,2026-07-12
0.792,UNKNOWN,NEUTRAL,0.465,LEGITIMATE_ANOMALY,NORMAL,VALIDATION,True,LEGITIMATE,ACTIVE,2025-11-23,2026-02-27
0.165,CONFIRMED,SUPPORTING,0.93,NONE,NORMAL,TEST,True,AMBIGUOUS,ACTIVE,2025-12-22,2026-05-03
0.436,FALSE,CONTRADICTING,0.418,NONE,NORMAL,TRAIN,True,CRIMINAL,ACTIVE,2026-02-09,2026-06-28
0.346,UNKNOWN,NEUTRAL,0.206,NONE,NORMAL,VALIDATION,True,LEGITIMATE,ACTIVE,2025-11-07,2026-03-24
0.376,CONFIRMED,SUPPORTING,0.906,NONE,NORMAL,TRAIN,True,CRIMINAL,ACTIVE,2026-01-30,2026-05-16
0.707,UNKNOWN,NEUTRAL,0.54,CRIMINAL_ANOMALY,NORMAL,TEST,True,AMBIGUOUS,ACTIVE,2025-12-24,2026-06-22
0.578,UNKNOWN,NEUTRAL,0.223,NONE,NORMAL,VALIDATION,True,LEGITIMATE,ACTIVE,2026-03-16,2026-06-21
0.835,CONFIRMED,SUPPORTING,0.877,LEGITIMATE_ANOMALY,NORMAL,TRAIN,True,CRIMINAL,ACTIVE,2025-11-10,2026-03-17
0.33,UNKNOWN,NEUTRAL,0.303,NONE,NORMAL,TRAIN,True,CRIMINAL,ACTIVE,2026-06-01,2026-09-17
0.789,CONFIRMED,SUPPORTING,0.931,NONE,NORMAL,VALIDATION,True,LEGITIMATE,ACTIVE,2025-12-27,2026-04-11
0.662,SUSPECTED,SUPPORTING,0.791,NONE,NORMAL,TRAIN,True,CRIMINAL,ACTIVE,2025-11-15,2026-02-20
0.316,UNKNOWN,NEUTRAL,0.491,NONE,NORMAL,VALIDATION,True,LEGITIMATE,ACTIVE,2026-05-23,2026-09-24
0.085,SUSPECTED,SUPPORTING,0.844,NONE,NORMAL,TRAIN,True,MIXED,ACTIVE,2026-05-23,2026-09-09
0.797,CONFIRMED,SUPPORTING,0.824,NONE,NORMAL,VALIDATION,True,LEGITIMATE,ACTIVE,2026-04-30,2026-08-08
0.633,UNKNOWN,NEUTRAL,0.299,NONE,NORMAL,TRAIN,True,CRIMINAL,ACTIVE,2026-03-07,2026-05-30
0.478,SUSPECTED,SUPPORTING,0.798,NONE,NORMAL,VALIDATION,True,LEGITIMATE,ACTIVE,2026-01-29,2026-05-30
0.167,FALSE,CONTRADICTING,0.267,NONE,NORMAL,TRAIN,True,CRIMINAL,ACTIVE,2026-03-31,2026-06-27
0.307,SUSPECTED,SUPPORTING,0.682,LEGITIMATE_ANOMALY,NORMAL,TEST,True,AMBIGUOUS,ACTIVE,2026-04-26,2026-06-04
0.512,FALSE,CONTRADICTING,0.167,LEGITIMATE_ANOMALY,NORMAL,TRAIN,True,CRIMINAL,ACTIVE,2026-07-01,2026-09-24
0.771,CONFIRMED,SUPPORTING,0.965,NONE,NORMAL,TRAIN,True,CRIMINAL,ACTIVE,2026-03-12,2026-06-17
0.537,UNKNOWN,NEUTRAL,0.254,NONE,NORMAL,TRAIN,True,MIXED,ACTIVE,2026-06-22,2026-10-11
0.061,UNKNOWN,NEUTRAL,0.531,NONE,NORMAL,VALIDATION,True,LEGITIMATE,ACTIVE,2026-01-10,2026-06-11
0.604,SUSPECTED,SUPPORTING,0.61,CONTEXTUAL_ANOMALY,NORMAL,TRAIN,True,CRIMINAL,ACTIVE,2026-01-26,2026-03-18
0.188,CONFIRMED,SUPPORTING,0.9,NONE,NORMAL,TRAIN,True,CRIMINAL,ACTIVE,2026-05-07,2026-08-18
0.126,SUSPECTED,SUPPORTING,0.61,NONE,NORMAL,TRAIN,True,CRIMINAL,ACTIVE,2026-04-11,2026-09-30
0.167,UNKNOWN,NEUTRAL,0.507,NONE,NORMAL,TRAIN,True,CRIMINAL,ACTIVE,2026-02-02,2026-06-02
0.726,FALSE,CONTRADICTING,0.327,NONE,NORMAL,TRAIN,True,CRIMINAL,ACTIVE,2026-03-04,2026-07-16
0.085,CONFIRMED,SUPPORTING,0.838,NONE,NORMAL,TRAIN,True,MIXED,ACTIVE,2025-11-06,2026-05-25
0.411,CONFIRMED,SUPPORTING,0.963,NONE,NORMAL,TRAIN,True,CRIMINAL,ACTIVE,2026-04-28,2026-10-05
0.168,CONFIRMED,SUPPORTING,0.909,NONE,NORMAL,TRAIN,True,MIXED,ACTIVE,2025-11-24,2026-04-03
0.731,SUSPECTED,SUPPORTING,0.737,TEMPORAL_ANOMALY,NORMAL,TRAIN,True,CRIMINAL,ACTIVE,2025-12-01,2026-04-10
0.266,FALSE,CONTRADICTING,0.143,NONE,NORMAL,TRAIN,True,MIXED,ACTIVE,2026-03-17,2026-07-04
0.271,CONFIRMED,SUPPORTING,0.863,NONE,NORMAL,TRAIN,True,MIXED,ACTIVE,2025-12-04,2026-04-17
0.576,FALSE,CONTRADICTING,0.252,NONE,NORMAL,TRAIN,True,LEGITIMATE,ACTIVE,2025-11-09,2026-04-25
0.908,UNKNOWN,NEUTRAL,0.465,NONE,NORMAL,TEST,True,AMBIGUOUS,ACTIVE,2025-12-28,2026-04-24
0.292,SUSPECTED,SUPPORTING,0.692,NONE,NORMAL,TRAIN,True,MIXED,ACTIVE,2026-05-29,2026-11-14
0.652,FALSE,CONTRADICTING,0.361,NONE,NORMAL,TRAIN,True,CRIMINAL,ACTIVE,2026-05-18,2026-07-10
0.358,CONFIRMED,SUPPORTING,0.896,NONE,NORMAL,TRAIN,True,MIXED,ACTIVE,2026-03-18,2026-06-28
0.256,UNKNOWN,NEUTRAL,0.359,NONE,NORMAL,TRAIN,True,CRIMINAL,ACTIVE,2026-05-13,2026-08-08
0.625,CONFIRMED,SUPPORTING,0.927,CONTEXTUAL_ANOMALY,NORMAL,TRAIN,True,CRIMINAL,ACTIVE,2026-01-06,2026-05-26
0.36,SUSPECTED,SUPPORTING,0.729,COLLECTIVE_ANOMALY,NORMAL,TRAIN,True,MIXED,ACTIVE,2026-05-15,2026-07-12
0.185,UNKNOWN,NEUTRAL,0.288,NONE,NORMAL,TRAIN,True,CRIMINAL,ACTIVE,2026-04-23,2026-08-07
0.119,UNKNOWN,NEUTRAL,0.412,NONE,NORMAL,VALIDATION,True,LEGITIMATE,ACTIVE,2026-04-27,2026-09-12
0.828,FALSE,CONTRADICTING,0.353,NONE,NORMAL,TEST,True,AMBIGUOUS,ACTIVE,2026-02-02,2026-07-14
0.289,FALSE,CONTRADICTING,0.207,NONE,NORMAL,TRAIN,True,CRIMINAL,ACTIVE,2026-04-28,2026-07-23
0.378,FALSE,CONTRADICTING,0.298,NONE,NORMAL,TRAIN,True,CRIMINAL,ACTIVE,2025-12-05,2026-05-15
0.291,FALSE,CONTRADICTING,0.275,NONE,NORMAL,TEST,True,AMBIGUOUS,ACTIVE,2026-03-06,2026-05-13
0.438,CONFIRMED,SUPPORTING,0.908,NONE,NORMAL,TEST,True,AMBIGUOUS,ACTIVE,2026-03-25,2026-07-04
0.306,UNKNOWN,NEUTRAL,0.367,NONE,NORMAL,TRAIN,True,MIXED,ACTIVE,2026-03-30,2026-07-12
0.628,SUSPECTED,SUPPORTING,0.725,NONE,NORMAL,VALIDATION,True,LEGITIMATE,ACTIVE,2026-03-19,2026-06-18
0.376,SUSPECTED,SUPPORTING,0.75,NONE,NORMAL,TEST,True,AMBIGUOUS,ACTIVE,2026-03-09,2026-07-10
0.469,SUSPECTED,SUPPORTING,0.666,NONE,NORMAL,TRAIN,True,MIXED,ACTIVE,2025-11-01,2026-03-24
0.436,SUSPECTED,SUPPORTING,0.72,NONE,NORMAL,TRAIN,True,MIXED,ACTIVE,2026-03-25,2026-07-12
0.341,SUSPECTED,SUPPORTING,0.816,NONE,NORMAL,TRAIN,True,CRIMINAL,ACTIVE,2025-12-22,2026-05-21
0.754,FALSE,CONTRADICTING,0.382,NONE,NORMAL,VALIDATION,True,LEGITIMATE,ACTIVE,2026-05-23,2026-06-26
0.79,CONFIRMED,SUPPORTING,0.858,CONTEXTUAL_ANOMALY,NORMAL,TRAIN,True,CRIMINAL,ACTIVE,2026-05-12,2026-10-17
0.862,SUSPECTED,SUPPORTING,0.784,NONE,NORMAL,TRAIN,True,CRIMINAL,ACTIVE,2026-03-11,2026-07-21
0.289,CONFIRMED,SUPPORTING,0.928,LEGITIMATE_ANOMALY,NORMAL,TEST,True,AMBIGUOUS,ACTIVE,2026-02-16,2026-06-01
0.305,FALSE,CONTRADICTING,0.192,NONE,NORMAL,VALIDATION,True,LEGITIMATE,ACTIVE,2025-10-07,2026-02-21
0.184,FALSE,CONTRADICTING,0.293,COLLECTIVE_ANOMALY,NORMAL,TRAIN,True,MIXED,ACTIVE,2026-04-16,2026-08-03
0.779,CONFIRMED,SUPPORTING,0.9,TEMPORAL_ANOMALY,NORMAL,TRAIN,True,CRIMINAL,ACTIVE,2026-07-09,2026-10-07
0.206,SUSPECTED,SUPPORTING,0.66,LEGITIMATE_ANOMALY,NORMAL,TRAIN,True,MIXED,ACTIVE,2026-06-20,2026-09-11
0.394,UNKNOWN,NEUTRAL,0.482,NONE,NORMAL,TEST,True,AMBIGUOUS,ACTIVE,2026-04-24,2026-09-30
0.503,CONFIRMED,SUPPORTING,0.829,NONE,NORMAL,TRAIN,True,CRIMINAL,ACTIVE,2026-01-03,2026-06-09
0.469,UNKNOWN,NEUTRAL,0.327,NONE,NORMAL,TRAIN,True,MIXED,ACTIVE,2026-03-20,2026-05-24
0.468,CONFIRMED,SUPPORTING,0.895,NONE,NORMAL,TRAIN,True,MIXED,ACTIVE,2025-11-10,2026-02-24
0.772,UNKNOWN,NEUTRAL,0.288,NONE,NORMAL,TRAIN,True,MIXED,ACTIVE,2026-04-27,2026-09-21
0.113,UNKNOWN,NEUTRAL,0.347,NONE,NORMAL,TRAIN,True,LEGITIMATE,ACTIVE,2026-05-04,2026-07-30
0.333,SUSPECTED,SUPPORTING,0.756,NONE,NORMAL,TRAIN,True,CRIMINAL,ACTIVE,2026-04-23,2026-05-25
0.296,SUSPECTED,SUPPORTING,0.683,NONE,NORMAL,TRAIN,True,MIXED,ACTIVE,2026-02-08,2026-05-28
0.368,UNKNOWN,NEUTRAL,0.275,NONE,NORMAL,TEST,True,AMBIGUOUS,ACTIVE,2025-10-12,2026-04-27
0.569,UNKNOWN,NEUTRAL,0.26,NONE,NORMAL,VALIDATION,True,LEGITIMATE,ACTIVE,2026-06-09,2026-08-21
0.04,UNKNOWN,NEUTRAL,0.465,NONE,NORMAL,VALIDATION,True,LEGITIMATE,ACTIVE,2026-05-17,2026-08-30
0.356,SUSPECTED,SUPPORTING,0.804,NONE,FORMATTING_VARIATION,TRAIN,True,CRIMINAL,ACTIVE,2026-03-05,2026-07-12
0.792,UNKNOWN,NEUTRAL,0.311,NONE,NORMAL,TRAIN,True,CRIMINAL,ACTIVE,2025-12-20,2026-05-30
0.194,SUSPECTED,SUPPORTING,0.7,NONE,NORMAL,TRAIN,True,CRIMINAL,ACTIVE,2026-05-03,2026-08-25
0.33,FALSE,CONTRADICTING,0.293,NONE,NORMAL,VALIDATION,True,LEGITIMATE,ACTIVE,2026-05-16,2026-10-09
0.722,UNKNOWN,NEUTRAL,0.487,NONE,NORMAL,TEST,True,AMBIGUOUS,ACTIVE,2025-12-14,2026-06-25
0.424,UNKNOWN,NEUTRAL,0.484,NONE,NORMAL,TEST,True,AMBIGUOUS,ACTIVE,2026-06-04,2026-08-22
0.265,FALSE,CONTRADICTING,0.365,NONE,NORMAL,TRAIN,True,CRIMINAL,ACTIVE,2026-03-15,2026-05-30
0.179,UNKNOWN,NEUTRAL,0.418,LEGITIMATE_ANOMALY,NORMAL,TRAIN,True,CRIMINAL,ACTIVE,2026-02-13,2026-06-18
0.858,SUSPECTED,SUPPORTING,0.859,NONE,NORMAL,TRAIN,True,CRIMINAL,ACTIVE,2026-02-25,2026-08-31
0.196,UNKNOWN,NEUTRAL,0.24,COLLECTIVE_ANOMALY,NORMAL,TEST,True,AMBIGUOUS,ACTIVE,2026-04-20,2026-10-03
0.86,FALSE,CONTRADICTING,0.206,NONE,NORMAL,TRAIN,True,MIXED,ACTIVE,2026-04-01,2026-06-24
0.476,UNKNOWN,NEUTRAL,0.241,NONE,NORMAL,TRAIN,True,CRIMINAL,ACTIVE,2025-10-31,2026-03-07
0.164,SUSPECTED,SUPPORTING,0.788,NONE,NORMAL,TRAIN,True,LEGITIMATE,ACTIVE,2025-12-07,2026-01-24
0.926,SUSPECTED,SUPPORTING,0.831,NONE,NORMAL,TRAIN,True,MIXED,ACTIVE,2026-03-01,2026-07-19
0.137,SUSPECTED,SUPPORTING,0.674,NONE,NORMAL,VALIDATION,True,LEGITIMATE,ACTIVE,2025-11-19,2026-03-26
0.346,UNKNOWN,NEUTRAL,0.423,NONE,NORMAL,VALIDATION,True,LEGITIMATE,ACTIVE,2026-02-10,2026-04-15
0.271,CONFIRMED,SUPPORTING,0.949,NONE,NORMAL,TRAIN,True,CRIMINAL,ACTIVE,2026-02-28,2026-05-21
0.759,CONFIRMED,SUPPORTING,0.912,NONE,NORMAL,TEST,True,AMBIGUOUS,ACTIVE,2026-01-02,2026-05-07
0.377,FALSE,CONTRADICTING,0.308,NONE,NORMAL,TEST,True,AMBIGUOUS,ACTIVE,2026-02-25,2026-05-20
0.752,UNKNOWN,NEUTRAL,0.401,CONTEXTUAL_ANOMALY,NORMAL,TRAIN,True,CRIMINAL,ACTIVE,2026-05-31,2026-08-29
0.248,UNKNOWN,NEUTRAL,0.212,NONE,NORMAL,TEST,True,AMBIGUOUS,ACTIVE,2026-05-25,2026-08-10
0.346,SUSPECTED,SUPPORTING,0.654,NONE,NORMAL,TRAIN,True,MIXED,ACTIVE,2025-12-15,2026-04-16
0.191,CONFIRMED,SUPPORTING,0.825,NONE,NORMAL,TRAIN,True,CRIMINAL,ACTIVE,2026-07-04,2026-10-12
0.73,CONFIRMED,SUPPORTING,0.88,NONE,NORMAL,TRAIN,True,CRIMINAL,ACTIVE,2026-02-05,2026-07-06
0.624,CONFIRMED,SUPPORTING,0.866,NONE,NORMAL,TRAIN,True,CRIMINAL,ACTIVE,2025-12-31,2026-05-25
0.165,UNKNOWN,NEUTRAL,0.481,NONE,NORMAL,VALIDATION,True,LEGITIMATE,ACTIVE,2026-03-24,2026-09-27
0.221,SUSPECTED,SUPPORTING,0.802,NONE,NORMAL,TRAIN,True,MIXED,ACTIVE,2026-03-27,2026-08-08
0.148,CONFIRMED,SUPPORTING,0.87,COLLECTIVE_ANOMALY,NORMAL,TRAIN,True,CRIMINAL,ACTIVE,2026-02-08,2026-06-23
0.647,CONFIRMED,SUPPORTING,0.958,NONE,NORMAL,TRAIN,True,CRIMINAL,ACTIVE,2026-02-17,2026-05-31
0.445,CONFIRMED,SUPPORTING,0.972,NONE,NORMAL,TRAIN,True,MIXED,ACTIVE,2026-03-07,2026-09-17
0.803,SUSPECTED,SUPPORTING,0.586,NONE,NORMAL,TRAIN,True,CRIMINAL,ACTIVE,2026-06-27,2026-08-03
0.935,UNKNOWN,NEUTRAL,0.459,NONE,NORMAL,TEST,True,AMBIGUOUS,ACTIVE,2026-07-17,2026-10-07
0.613,UNKNOWN,NEUTRAL,0.549,NONE,NORMAL,TRAIN,True,CRIMINAL,ACTIVE,2025-12-12,2026-03-26
0.14,CONFIRMED,SUPPORTING,0.888,NONE,NORMAL,TRAIN,True,CRIMINAL,ACTIVE,2026-05-10,2026-09-02
0.106,UNKNOWN,NEUTRAL,0.428,NONE,NORMAL,TRAIN,True,CRIMINAL,ACTIVE,2026-03-22,2026-09-08
0.703,UNKNOWN,NEUTRAL,0.468,NONE,NORMAL,TRAIN,True,CRIMINAL,ACTIVE,2026-02-17,2026-09-01
0.629,CONFIRMED,SUPPORTING,0.839,NONE,NORMAL,VALIDATION,True,LEGITIMATE,ACTIVE,2026-04-12,2026-07-02
0.331,SUSPECTED,SUPPORTING,0.74,LEGITIMATE_ANOMALY,NORMAL,TRAIN,True,LEGITIMATE,ACTIVE,2025-10-08,2026-03-11
0.355,SUSPECTED,SUPPORTING,0.626,NONE,NORMAL,TRAIN,True,CRIMINAL,ACTIVE,2026-06-06,2026-08-31
0.483,FALSE,CONTRADICTING,0.321,NONE,NORMAL,TRAIN,True,MIXED,ACTIVE,2026-05-12,2026-07-17
0.513,FALSE,CONTRADICTING,0.38,NONE,NORMAL,TEST,True,AMBIGUOUS,ACTIVE,2026-03-25,2026-07-19
0.131,CONFIRMED,SUPPORTING,0.833,NONE,NORMAL,TRAIN,True,MIXED,ACTIVE,2026-04-30,2026-08-20
0.177,CONFIRMED,SUPPORTING,0.916,LEGITIMATE_ANOMALY,NORMAL,TRAIN,True,CRIMINAL,ACTIVE,2025-11-27,2026-04-01
0.704,CONFIRMED,SUPPORTING,0.833,NONE,NORMAL,TRAIN,True,CRIMINAL,ACTIVE,2026-05-02,2026-06-06
0.766,CONFIRMED,SUPPORTING,0.943,NONE,MISSING_COUNTERPARTY,TRAIN,True,CRIMINAL,ACTIVE,2026-04-15,2026-07-01
0.532,CONFIRMED,SUPPORTING,0.98,NONE,NORMAL,TRAIN,True,CRIMINAL,ACTIVE,2025-12-05,2026-02-28
0.395,CONFIRMED,SUPPORTING,0.931,NONE,NORMAL,TRAIN,True,CRIMINAL,ACTIVE,2026-03-01,2026-07-04
0.795,SUSPECTED,SUPPORTING,0.661,TEMPORAL_ANOMALY,NORMAL,TRAIN,True,CRIMINAL,ACTIVE,2025-11-15,2026-03-14
0.427,UNKNOWN,NEUTRAL,0.5,NONE,NORMAL,TRAIN,True,MIXED,ACTIVE,2026-01-07,2026-04-08
0.515,SUSPECTED,SUPPORTING,0.762,NONE,NORMAL,TRAIN,True,CRIMINAL,ACTIVE,2026-01-06,2026-05-11
0.663,UNKNOWN,NEUTRAL,0.464,NONE,NORMAL,TRAIN,True,CRIMINAL,ACTIVE,2026-03-21,2026-05-17
0.434,SUSPECTED,SUPPORTING,0.663,NONE,NORMAL,TRAIN,True,MIXED,ACTIVE,2026-03-31,2026-07-23
0.707,SUSPECTED,SUPPORTING,0.716,NONE,NORMAL,TRAIN,True,CRIMINAL,ACTIVE,2026-05-13,2026-10-13
0.308,SUSPECTED,SUPPORTING,0.652,NONE,NORMAL,TRAIN,True,MIXED,ACTIVE,2025-12-23,2026-04-15
0.614,SUSPECTED,SUPPORTING,0.753,NONE,NORMAL,VALIDATION,True,LEGITIMATE,ACTIVE,2026-03-10,2026-08-05
0.563,CONFIRMED,SUPPORTING,0.932,NONE,NORMAL,TEST,True,AMBIGUOUS,ACTIVE,2026-05-03,2026-09-15
0.201,CONFIRMED,SUPPORTING,0.876,NONE,NORMAL,TRAIN,True,CRIMINAL,ACTIVE,2025-12-05,2026-05-19
0.809,SUSPECTED,SUPPORTING,0.784,TEMPORAL_ANOMALY,NORMAL,TRAIN,True,CRIMINAL,ACTIVE,2026-03-10,2026-04-17
0.505,CONFIRMED,SUPPORTING,0.833,NONE,NORMAL,TRAIN,True,CRIMINAL,ACTIVE,2025-12-18,2026-04-06
0.741,UNKNOWN,NEUTRAL,0.531,NONE,NORMAL,VALIDATION,True,LEGITIMATE,ACTIVE,2026-02-05,2026-07-13
0.312,CONFIRMED,SUPPORTING,0.869,NONE,NORMAL,TRAIN,True,CRIMINAL,ACTIVE,2025-09-06,2026-01-27
0.519,CONFIRMED,SUPPORTING,0.861,NONE,NORMAL,TRAIN,True,CRIMINAL,ACTIVE,2026-02-04,2026-05-26
0.216,SUSPECTED,SUPPORTING,0.859,NONE,NORMAL,TRAIN,True,LEGITIMATE,ACTIVE,2025-12-16,2026-04-05
0.475,CONFIRMED,SUPPORTING,0.915,NONE,NORMAL,TRAIN,True,MIXED,ACTIVE,2025-09-29,2026-02-19
0.381,SUSPECTED,SUPPORTING,0.605,NONE,NORMAL,VALIDATION,True,LEGITIMATE,ACTIVE,2026-01-31,2026-07-05
0.548,CONFIRMED,SUPPORTING,0.908,TEMPORAL_ANOMALY,NORMAL,TRAIN,True,LEGITIMATE,ACTIVE,2026-04-16,2026-08-06
0.753,CONFIRMED,SUPPORTING,0.823,NONE,NORMAL,TRAIN,True,MIXED,ACTIVE,2026-01-28,2026-07-03
0.559,CONFIRMED,SUPPORTING,0.985,CONTEXTUAL_ANOMALY,NORMAL,TRAIN,True,MIXED,ACTIVE,2025-12-20,2026-05-19
0.448,SUSPECTED,SUPPORTING,0.678,NONE,NORMAL,TRAIN,True,CRIMINAL,ACTIVE,2026-03-11,2026-08-22
0.133,UNKNOWN,NEUTRAL,0.519,NONE,NORMAL,TRAIN,True,MIXED,ACTIVE,2026-04-03,2026-05-03
0.218,CONFIRMED,SUPPORTING,0.856,TEMPORAL_ANOMALY,NORMAL,TRAIN,True,CRIMINAL,ACTIVE,2026-04-02,2026-06-14
0.752,SUSPECTED,SUPPORTING,0.72,NONE,NORMAL,TRAIN,True,CRIMINAL,ACTIVE,2026-03-14,2026-07-14
0.718,SUSPECTED,SUPPORTING,0.826,NONE,NORMAL,TRAIN,True,MIXED,ACTIVE,2025-11-03,2026-03-25
0.762,FALSE,CONTRADICTING,0.301,NONE,NORMAL,TRAIN,True,MIXED,ACTIVE,2026-02-03,2026-05-07
0.36,FALSE,CONTRADICTING,0.341,NONE,NORMAL,VALIDATION,True,LEGITIMATE,ACTIVE,2025-10-30,2026-03-26
0.169,SUSPECTED,SUPPORTING,0.81,NONE,NORMAL,TRAIN,True,CRIMINAL,ACTIVE,2026-01-01,2026-06-24
0.899,SUSPECTED,SUPPORTING,0.854,NONE,NORMAL,TRAIN,True,CRIMINAL,ACTIVE,2026-01-25,2026-07-09
0.509,UNKNOWN,NEUTRAL,0.461,NONE,MISSING_COUNTERPARTY,TEST,True,AMBIGUOUS,ACTIVE,2025-12-28,2026-04-07
0.663,FALSE,CONTRADICTING,0.166,NONE,NORMAL,VALIDATION,True,LEGITIMATE,ACTIVE,2026-03-23,2026-07-28
0.716,UNKNOWN,NEUTRAL,0.252,LEGITIMATE_ANOMALY,NORMAL,TRAIN,True,CRIMINAL,ACTIVE,2026-02-14,2026-04-02
0.592,UNKNOWN,NEUTRAL,0.475,NONE,NORMAL,VALIDATION,True,LEGITIMATE,ACTIVE,2026-06-10,2026-09-22
0.745,CONFIRMED,SUPPORTING,0.862,NONE,NORMAL,TRAIN,True,CRIMINAL,ACTIVE,2026-01-29,2026-06-29
0.873,SUSPECTED,SUPPORTING,0.628,NONE,NORMAL,TRAIN,True,MIXED,ACTIVE,2026-06-15,2026-10-16
0.676,FALSE,CONTRADICTING,0.194,NONE,NORMAL,VALIDATION,True,LEGITIMATE,ACTIVE,2026-05-01,2026-07-28
0.162,UNKNOWN,NEUTRAL,0.328,NONE,NORMAL,TRAIN,True,LEGITIMATE,ACTIVE,2026-03-01,2026-07-15
0.707,CONFIRMED,SUPPORTING,0.845,LEGITIMATE_ANOMALY,NORMAL,TRAIN,True,MIXED,ACTIVE,2026-02-18,2026-07-21
0.761,CONFIRMED,SUPPORTING,0.831,NONE,NORMAL,TRAIN,True,CRIMINAL,ACTIVE,2025-10-22,2026-04-23
0.351,UNKNOWN,NEUTRAL,0.398,TEMPORAL_ANOMALY,NORMAL,VALIDATION,True,LEGITIMATE,ACTIVE,2026-03-28,2026-08-22
0.245,CONFIRMED,SUPPORTING,0.906,NONE,NORMAL,TRAIN,True,MIXED,ACTIVE,2026-06-21,2026-11-09
0.278,UNKNOWN,NEUTRAL,0.229,NONE,NORMAL,TEST,True,AMBIGUOUS,ACTIVE,2025-11-07,2026-03-03
0.234,SUSPECTED,SUPPORTING,0.658,NONE,NORMAL,TEST,True,AMBIGUOUS,ACTIVE,2026-04-07,2026-07-26
0.26,UNKNOWN,NEUTRAL,0.234,NONE,NORMAL,TRAIN,True,MIXED,ACTIVE,2026-02-06,2026-07-27
0.564,CONFIRMED,SUPPORTING,0.873,NONE,REVERSED_RECORD,TRAIN,True,CRIMINAL,ACTIVE,2025-12-23,2026-05-23
0.177,CONFIRMED,SUPPORTING,0.966,NONE,NORMAL,TRAIN,True,CRIMINAL,ACTIVE,2026-03-07,2026-07-07
0.611,CONFIRMED,SUPPORTING,0.866,NONE,NORMAL,VALIDATION,True,LEGITIMATE,ACTIVE,2025-12-12,2026-05-08
0.323,UNKNOWN,NEUTRAL,0.356,LEGITIMATE_ANOMALY,NORMAL,TEST,True,AMBIGUOUS,ACTIVE,2025-11-26,2026-03-28
0.399,SUSPECTED,SUPPORTING,0.606,NONE,NORMAL,TRAIN,True,CRIMINAL,ACTIVE,2025-12-19,2026-03-30
0.721,CONFIRMED,SUPPORTING,0.825,CRIMINAL_ANOMALY,DUPLICATE,TRAIN,True,MIXED,ACTIVE,2026-07-19,2026-09-15
0.503,SUSPECTED,SUPPORTING,0.745,LEGITIMATE_ANOMALY,NORMAL,TEST,True,AMBIGUOUS,ACTIVE,2025-12-03,2026-04-02
0.185,CONFIRMED,SUPPORTING,0.824,NONE,NORMAL,VALIDATION,True,LEGITIMATE,ACTIVE,2025-11-07,2026-03-17
0.327,SUSPECTED,SUPPORTING,0.852,NONE,NORMAL,TEST,True,AMBIGUOUS,ACTIVE,2026-04-18,2026-08-21
0.675,SUSPECTED,SUPPORTING,0.753,NONE,NORMAL,TRAIN,True,MIXED,ACTIVE,2026-01-24,2026-04-14
0.51,UNKNOWN,NEUTRAL,0.497,NONE,NORMAL,TEST,True,AMBIGUOUS,ACTIVE,2026-04-19,2026-08-07
0.44,SUSPECTED,SUPPORTING,0.79,NONE,REVERSED_RECORD,TRAIN,True,CRIMINAL,ACTIVE,2025-11-16,2026-02-06
0.672,SUSPECTED,SUPPORTING,0.583,COLLECTIVE_ANOMALY,NORMAL,TRAIN,True,MIXED,ACTIVE,2026-03-28,2026-10-11
0.472,CONFIRMED,SUPPORTING,0.902,NONE,NORMAL,TRAIN,True,CRIMINAL,ACTIVE,2026-02-20,2026-09-10
0.78,CONFIRMED,SUPPORTING,0.885,NONE,NORMAL,VALIDATION,True,LEGITIMATE,ACTIVE,2026-01-01,2026-04-17
0.869,SUSPECTED,SUPPORTING,0.663,TEMPORAL_ANOMALY,NORMAL,TRAIN,True,CRIMINAL,ACTIVE,2025-10-18,2026-04-28
0.269,CONFIRMED,SUPPORTING,0.984,NONE,NORMAL,VALIDATION,True,LEGITIMATE,ACTIVE,2026-03-21,2026-09-18
0.272,CONFIRMED,SUPPORTING,0.877,NONE,NORMAL,TRAIN,True,CRIMINAL,ACTIVE,2026-01-10,2026-05-27
0.346,SUSPECTED,SUPPORTING,0.619,CRIMINAL_ANOMALY,NORMAL,TRAIN,True,CRIMINAL,ACTIVE,2026-03-31,2026-10-03
0.352,UNKNOWN,NEUTRAL,0.497,NONE,NORMAL,TRAIN,True,MIXED,ACTIVE,2026-01-30,2026-05-28
0.387,UNKNOWN,NEUTRAL,0.298,NONE,NORMAL,VALIDATION,True,LEGITIMATE,ACTIVE,2026-05-24,2026-08-04
0.704,FALSE,CONTRADICTING,0.218,NONE,NORMAL,TRAIN,True,CRIMINAL,ACTIVE,2026-04-07,2026-07-26
0.397,SUSPECTED,SUPPORTING,0.7,NONE,NORMAL,TRAIN,True,MIXED,ACTIVE,2026-06-01,2026-09-26
0.46,SUSPECTED,SUPPORTING,0.705,NONE,NORMAL,TRAIN,True,CRIMINAL,ACTIVE,2026-03-29,2026-06-23
0.46,FALSE,CONTRADICTING,0.294,NONE,NORMAL,VALIDATION,True,LEGITIMATE,ACTIVE,2026-02-15,2026-05-05
0.952,FALSE,CONTRADICTING,0.383,NONE,NORMAL,TRAIN,True,CRIMINAL,ACTIVE,2026-04-04,2026-08-27
0.63,UNKNOWN,NEUTRAL,0.307,NONE,NORMAL,VALIDATION,True,LEGITIMATE,ACTIVE,2026-06-28,2026-08-08
0.588,FALSE,CONTRADICTING,0.234,NONE,NORMAL,TRAIN,True,CRIMINAL,ACTIVE,2026-02-02,2026-05-31
0.137,UNKNOWN,NEUTRAL,0.23,NONE,NORMAL,TRAIN,True,CRIMINAL,ACTIVE,2026-05-18,2026-08-21
0.145,SUSPECTED,SUPPORTING,0.775,NONE,NORMAL,TRAIN,True,CRIMINAL,ACTIVE,2026-02-09,2026-06-11
0.339,UNKNOWN,NEUTRAL,0.377,NONE,NORMAL,TEST,True,AMBIGUOUS,ACTIVE,2025-10-24,2026-02-19
0.178,CONFIRMED,SUPPORTING,0.874,CRIMINAL_ANOMALY,NORMAL,TRAIN,True,CRIMINAL,ACTIVE,2026-02-06,2026-04-22
0.391,SUSPECTED,SUPPORTING,0.836,NONE,NORMAL,VALIDATION,True,LEGITIMATE,ACTIVE,2026-02-14,2026-08-31
0.567,CONFIRMED,SUPPORTING,0.928,LEGITIMATE_ANOMALY,NORMAL,VALIDATION,True,LEGITIMATE,ACTIVE,2026-06-21,2026-09-03
0.668,SUSPECTED,SUPPORTING,0.833,LEGITIMATE_ANOMALY,NORMAL,TEST,True,AMBIGUOUS,ACTIVE,2026-01-30,2026-04-05
0.543,CONFIRMED,SUPPORTING,0.859,NONE,NORMAL,TRAIN,True,CRIMINAL,ACTIVE,2026-05-30,2026-09-12
0.376,UNKNOWN,NEUTRAL,0.504,CRIMINAL_ANOMALY,NORMAL,TRAIN,True,CRIMINAL,ACTIVE,2026-03-20,2026-06-23
0.583,UNKNOWN,NEUTRAL,0.388,NONE,NORMAL,TRAIN,True,MIXED,ACTIVE,2026-03-19,2026-08-04
0.188,UNKNOWN,NEUTRAL,0.344,NONE,NORMAL,VALIDATION,True,LEGITIMATE,ACTIVE,2026-03-14,2026-08-18
0.458,SUSPECTED,SUPPORTING,0.85,NONE,NORMAL,TEST,True,AMBIGUOUS,ACTIVE,2026-01-14,2026-03-09
0.478,FALSE,CONTRADICTING,0.188,NONE,NORMAL,TEST,True,AMBIGUOUS,ACTIVE,2026-04-29,2026-08-04
0.866,UNKNOWN,NEUTRAL,0.38,NONE,NORMAL,TRAIN,True,CRIMINAL,ACTIVE,2025-12-09,2026-05-11
0.305,UNKNOWN,NEUTRAL,0.514,NONE,NORMAL,TRAIN,True,CRIMINAL,ACTIVE,2025-11-02,2026-01-26
0.35,CONFIRMED,SUPPORTING,0.988,NONE,NORMAL,TRAIN,True,CRIMINAL,ACTIVE,2025-11-14,2026-02-04
0.383,SUSPECTED,SUPPORTING,0.687,NONE,NORMAL,TRAIN,True,CRIMINAL,ACTIVE,2025-12-10,2026-04-17
0.091,CONFIRMED,SUPPORTING,0.979,NONE,NORMAL,TRAIN,True,CRIMINAL,ACTIVE,2025-10-29,2026-04-02
0.594,FALSE,CONTRADICTING,0.266,NONE,NORMAL,TEST,True,AMBIGUOUS,ACTIVE,2026-07-01,2026-11-09
0.719,FALSE,CONTRADICTING,0.269,NONE,MISSING_COUNTERPARTY,TRAIN,True,LEGITIMATE,ACTIVE,2026-07-12,2026-10-23
0.505,SUSPECTED,SUPPORTING,0.689,NONE,NORMAL,TRAIN,True,MIXED,ACTIVE,2026-01-25,2026-06-25
0.46,SUSPECTED,SUPPORTING,0.716,LEGITIMATE_ANOMALY,NORMAL,TEST,True,AMBIGUOUS,ACTIVE,2026-03-22,2026-06-18
0.375,SUSPECTED,SUPPORTING,0.673,NONE,NORMAL,TEST,True,AMBIGUOUS,ACTIVE,2026-07-05,2026-10-03
0.383,CONFIRMED,SUPPORTING,0.989,NONE,NORMAL,TRAIN,True,MIXED,ACTIVE,2026-02-27,2026-06-11
0.71,CONFIRMED,SUPPORTING,0.929,NONE,NORMAL,TRAIN,True,LEGITIMATE,ACTIVE,2025-12-18,2026-05-29
0.725,UNKNOWN,NEUTRAL,0.221,CRIMINAL_ANOMALY,NORMAL,VALIDATION,True,LEGITIMATE,ACTIVE,2026-03-13,2026-07-21
0.69,FALSE,CONTRADICTING,0.389,COLLECTIVE_ANOMALY,NORMAL,TRAIN,True,MIXED,ACTIVE,2026-05-23,2026-10-21
0.446,SUSPECTED,SUPPORTING,0.746,NONE,NORMAL,VALIDATION,True,LEGITIMATE,ACTIVE,2026-05-07,2026-09-02
0.335,SUSPECTED,SUPPORTING,0.809,NONE,NORMAL,TRAIN,True,MIXED,ACTIVE,2026-06-09,2026-07-30
0.494,CONFIRMED,SUPPORTING,0.913,NONE,NORMAL,TEST,True,AMBIGUOUS,ACTIVE,2026-06-11,2026-09-05
0.519,FALSE,CONTRADICTING,0.296,LEGITIMATE_ANOMALY,NORMAL,TRAIN,True,MIXED,ACTIVE,2025-12-11,2026-02-20
0.361,SUSPECTED,SUPPORTING,0.73,NONE,NORMAL,VALIDATION,True,LEGITIMATE,ACTIVE,2026-05-26,2026-08-22
0.345,SUSPECTED,SUPPORTING,0.811,NONE,REVERSED_RECORD,VALIDATION,True,LEGITIMATE,ACTIVE,2025-11-05,2026-02-27
0.588,CONFIRMED,SUPPORTING,0.877,NONE,NORMAL,TRAIN,True,CRIMINAL,ACTIVE,2025-12-08,2026-03-21
0.393,CONFIRMED,SUPPORTING,0.881,NONE,NORMAL,TEST,True,AMBIGUOUS,ACTIVE,2025-11-10,2026-02-22
0.438,FALSE,CONTRADICTING,0.274,NONE,NORMAL,TRAIN,True,LEGITIMATE,ACTIVE,2026-04-29,2026-10-04
0.933,CONFIRMED,SUPPORTING,0.843,NONE,NORMAL,TRAIN,True,CRIMINAL,ACTIVE,2026-02-01,2026-04-29
0.802,UNKNOWN,NEUTRAL,0.251,NONE,NORMAL,TRAIN,True,CRIMINAL,ACTIVE,2025-12-08,2026-05-11
0.427,UNKNOWN,NEUTRAL,0.282,NONE,NORMAL,TRAIN,True,CRIMINAL,ACTIVE,2026-05-29,2026-10-22
0.537,SUSPECTED,SUPPORTING,0.663,NONE,NORMAL,TRAIN,True,CRIMINAL,ACTIVE,2025-12-13,2026-03-31
0.568,CONFIRMED,SUPPORTING,0.943,NONE,NORMAL,TRAIN,True,CRIMINAL,ACTIVE,2026-03-25,2026-09-18
0.2,FALSE,CONTRADICTING,0.188,CRIMINAL_ANOMALY,NORMAL,VALIDATION,True,LEGITIMATE,ACTIVE,2026-04-19,2026-06-13
0.855,SUSPECTED,SUPPORTING,0.857,NONE,NORMAL,TEST,True,AMBIGUOUS,ACTIVE,2026-04-30,2026-09-03
0.417,UNKNOWN,NEUTRAL,0.384,NONE,NORMAL,TRAIN,True,MIXED,ACTIVE,2025-11-23,2026-04-11
0.248,UNKNOWN,NEUTRAL,0.537,NONE,NORMAL,TEST,True,AMBIGUOUS,ACTIVE,2026-07-20,2026-08-13
0.641,SUSPECTED,SUPPORTING,0.58,NONE,NORMAL,TRAIN,True,CRIMINAL,ACTIVE,2026-02-06,2026-05-21
0.309,CONFIRMED,SUPPORTING,0.988,NONE,NORMAL,TRAIN,True,CRIMINAL,ACTIVE,2025-12-27,2026-03-28
0.468,SUSPECTED,SUPPORTING,0.8,NONE,NORMAL,TEST,True,AMBIGUOUS,ACTIVE,2025-12-10,2026-02-23
0.743,CONFIRMED,SUPPORTING,0.974,NONE,NORMAL,TEST,True,AMBIGUOUS,ACTIVE,2026-03-01,2026-08-13
0.341,FALSE,CONTRADICTING,0.325,NONE,NORMAL,VALIDATION,True,LEGITIMATE,ACTIVE,2026-04-12,2026-10-24
0.53,CONFIRMED,SUPPORTING,0.934,NONE,NORMAL,TEST,True,AMBIGUOUS,ACTIVE,2026-06-16,2026-08-25
0.619,SUSPECTED,SUPPORTING,0.599,NONE,NORMAL,TEST,True,AMBIGUOUS,ACTIVE,2026-04-21,2026-09-20
0.738,SUSPECTED,SUPPORTING,0.635,NONE,NORMAL,TRAIN,True,CRIMINAL,ACTIVE,2026-04-03,2026-05-22
0.815,UNKNOWN,NEUTRAL,0.544,LEGITIMATE_ANOMALY,NORMAL,TRAIN,True,MIXED,ACTIVE,2025-12-23,2026-04-02
0.36,SUSPECTED,SUPPORTING,0.626,NONE,NORMAL,TRAIN,True,MIXED,ACTIVE,2026-03-15,2026-06-24
0.372,UNKNOWN,NEUTRAL,0.274,LEGITIMATE_ANOMALY,NORMAL,VALIDATION,True,LEGITIMATE,ACTIVE,2026-02-26,2026-08-01
0.375,FALSE,CONTRADICTING,0.276,CRIMINAL_ANOMALY,NORMAL,TRAIN,True,CRIMINAL,ACTIVE,2026-04-18,2026-07-29
0.354,CONFIRMED,SUPPORTING,0.955,TEMPORAL_ANOMALY,NORMAL,TRAIN,True,MIXED,ACTIVE,2026-01-16,2026-07-17
0.025,SUSPECTED,SUPPORTING,0.683,NONE,NORMAL,VALIDATION,True,LEGITIMATE,ACTIVE,2026-04-30,2026-09-24
0.759,CONFIRMED,SUPPORTING,0.832,NONE,NORMAL,TRAIN,True,LEGITIMATE,ACTIVE,2025-12-06,2026-03-21
0.181,FALSE,CONTRADICTING,0.219,NONE,NORMAL,TRAIN,True,CRIMINAL,ACTIVE,2026-03-17,2026-06-17
0.077,UNKNOWN,NEUTRAL,0.276,NONE,NORMAL,TEST,True,AMBIGUOUS,ACTIVE,2025-11-02,2026-02-06
0.191,CONFIRMED,SUPPORTING,0.862,NONE,NORMAL,TRAIN,True,CRIMINAL,ACTIVE,2026-04-15,2026-07-13
0.464,UNKNOWN,NEUTRAL,0.396,NONE,NORMAL,TRAIN,True,CRIMINAL,ACTIVE,2026-05-25,2026-10-12
0.633,UNKNOWN,NEUTRAL,0.408,NONE,NORMAL,TRAIN,True,CRIMINAL,ACTIVE,2026-04-10,2026-07-14
0.441,SUSPECTED,SUPPORTING,0.731,NONE,NORMAL,TRAIN,True,CRIMINAL,ACTIVE,2026-06-07,2026-10-07
0.343,FALSE,CONTRADICTING,0.407,NONE,NORMAL,VALIDATION,True,LEGITIMATE,ACTIVE,2026-05-24,2026-09-17
0.436,SUSPECTED,SUPPORTING,0.685,NONE,NORMAL,TRAIN,True,MIXED,ACTIVE,2026-01-11,2026-05-21
0.633,UNKNOWN,NEUTRAL,0.521,NONE,NORMAL,TRAIN,True,MIXED,ACTIVE,2025-12-18,2026-04-20
0.327,SUSPECTED,SUPPORTING,0.7,COLLECTIVE_ANOMALY,NORMAL,TRAIN,True,CRIMINAL,ACTIVE,2026-06-10,2026-10-04
0.763,SUSPECTED,SUPPORTING,0.845,NONE,NORMAL,TRAIN,True,CRIMINAL,ACTIVE,2026-05-08,2026-07-08
0.289,UNKNOWN,NEUTRAL,0.423,NONE,NORMAL,TRAIN,True,CRIMINAL,ACTIVE,2025-11-28,2026-06-16
0.377,UNKNOWN,NEUTRAL,0.51,CRIMINAL_ANOMALY,NORMAL,TRAIN,True,LEGITIMATE,ACTIVE,2026-04-08,2026-07-26
0.1,SUSPECTED,SUPPORTING,0.645,NONE,NORMAL,TRAIN,True,MIXED,ACTIVE,2026-01-04,2026-06-05
0.599,FALSE,CONTRADICTING,0.265,NONE,NORMAL,TRAIN,True,CRIMINAL,ACTIVE,2026-03-30,2026-05-27
0.224,UNKNOWN,NEUTRAL,0.385,NONE,NORMAL,TRAIN,True,CRIMINAL,ACTIVE,2026-06-20,2026-08-15
0.225,SUSPECTED,SUPPORTING,0.693,NONE,NORMAL,TRAIN,True,CRIMINAL,ACTIVE,2026-04-26,2026-08-02
0.417,SUSPECTED,SUPPORTING,0.73,NONE,NORMAL,VALIDATION,True,LEGITIMATE,ACTIVE,2025-12-25,2026-02-10
0.452,SUSPECTED,SUPPORTING,0.611,CONTEXTUAL_ANOMALY,NORMAL,VALIDATION,True,LEGITIMATE,ACTIVE,2026-02-25,2026-06-11
0.285,CONFIRMED,SUPPORTING,0.91,NONE,NORMAL,TRAIN,True,LEGITIMATE,ACTIVE,2026-04-02,2026-07-23
0.697,UNKNOWN,NEUTRAL,0.51,NONE,NORMAL,TRAIN,True,CRIMINAL,ACTIVE,2025-12-22,2026-05-07
0.527,CONFIRMED,SUPPORTING,0.956,NONE,NORMAL,TRAIN,True,MIXED,ACTIVE,2026-05-01,2026-09-12
0.373,CONFIRMED,SUPPORTING,0.835,NONE,NORMAL,TRAIN,True,CRIMINAL,ACTIVE,2026-02-18,2026-05-26
0.507,UNKNOWN,NEUTRAL,0.351,NONE,NORMAL,VALIDATION,True,LEGITIMATE,ACTIVE,2026-04-03,2026-08-10
0.606,SUSPECTED,SUPPORTING,0.782,NONE,NORMAL,TRAIN,True,CRIMINAL,ACTIVE,2026-03-01,2026-04-22
0.802,UNKNOWN,NEUTRAL,0.545,CONTEXTUAL_ANOMALY,NORMAL,TRAIN,True,CRIMINAL,ACTIVE,2025-09-18,2026-04-04
0.343,UNKNOWN,NEUTRAL,0.397,NONE,NORMAL,TEST,True,AMBIGUOUS,ACTIVE,2025-12-06,2026-01-28
0.181,UNKNOWN,NEUTRAL,0.219,NONE,NORMAL,TRAIN,True,LEGITIMATE,ACTIVE,2025-10-21,2026-02-11
0.57,FALSE,CONTRADICTING,0.211,NONE,NORMAL,TRAIN,True,CRIMINAL,ACTIVE,2025-10-22,2026-03-05
0.202,UNKNOWN,NEUTRAL,0.484,NONE,NORMAL,TRAIN,True,MIXED,ACTIVE,2025-12-28,2026-02-05
0.279,UNKNOWN,NEUTRAL,0.231,CONTEXTUAL_ANOMALY,NORMAL,TRAIN,True,CRIMINAL,ACTIVE,2026-02-14,2026-04-18
0.413,FALSE,CONTRADICTING,0.321,NONE,MISSING_COUNTERPARTY,TRAIN,True,MIXED,ACTIVE,2026-02-07,2026-05-16
0.423,SUSPECTED,SUPPORTING,0.774,NONE,NORMAL,TRAIN,True,CRIMINAL,ACTIVE,2026-04-26,2026-09-28
0.708,CONFIRMED,SUPPORTING,0.859,NONE,NORMAL,TRAIN,True,CRIMINAL,ACTIVE,2026-02-10,2026-03-20
0.397,UNKNOWN,NEUTRAL,0.257,NONE,NORMAL,TRAIN,True,MIXED,ACTIVE,2026-06-27,2026-11-07
0.629,SUSPECTED,SUPPORTING,0.831,CONTEXTUAL_ANOMALY,NORMAL,TRAIN,True,CRIMINAL,ACTIVE,2025-10-20,2026-04-29
0.435,CONFIRMED,SUPPORTING,0.897,NONE,NORMAL,TRAIN,True,MIXED,ACTIVE,2026-01-27,2026-04-24
0.315,CONFIRMED,SUPPORTING,0.904,NONE,NORMAL,TRAIN,True,CRIMINAL,ACTIVE,2026-05-16,2026-07-26
0.566,SUSPECTED,SUPPORTING,0.817,NONE,NORMAL,TRAIN,True,MIXED,ACTIVE,2026-05-22,2026-10-29
0.585,UNKNOWN,NEUTRAL,0.424,NONE,NORMAL,TEST,True,AMBIGUOUS,ACTIVE,2025-12-10,2026-03-23
0.839,FALSE,CONTRADICTING,0.25,NONE,NORMAL,TRAIN,True,MIXED,ACTIVE,2026-01-26,2026-04-24
0.657,SUSPECTED,SUPPORTING,0.587,NONE,NORMAL,TRAIN,True,MIXED,ACTIVE,2026-01-27,2026-04-30
0.166,FALSE,CONTRADICTING,0.281,NONE,NORMAL,TRAIN,True,LEGITIMATE,ACTIVE,2026-02-20,2026-09-04
0.791,UNKNOWN,NEUTRAL,0.463,NONE,NORMAL,TEST,True,AMBIGUOUS,ACTIVE,2026-01-08,2026-04-26
0.276,CONFIRMED,SUPPORTING,0.938,NONE,NORMAL,TRAIN,True,CRIMINAL,ACTIVE,2026-06-06,2026-09-11
0.95,SUSPECTED,SUPPORTING,0.616,NONE,NORMAL,TRAIN,True,MIXED,ACTIVE,2026-03-08,2026-09-03
0.142,FALSE,CONTRADICTING,0.211,CONTEXTUAL_ANOMALY,NORMAL,TEST,True,AMBIGUOUS,ACTIVE,2025-11-29,2026-04-15
0.166,CONFIRMED,SUPPORTING,0.92,NONE,NORMAL,TRAIN,True,CRIMINAL,ACTIVE,2026-02-02,2026-06-09
0.746,CONFIRMED,SUPPORTING,0.908,NONE,NORMAL,TRAIN,True,CRIMINAL,ACTIVE,2026-03-19,2026-06-24
0.357,UNKNOWN,NEUTRAL,0.387,NONE,MISSING_COUNTERPARTY,TRAIN,True,MIXED,ACTIVE,2026-03-23,2026-07-16
0.543,CONFIRMED,SUPPORTING,0.87,NONE,NORMAL,TRAIN,True,CRIMINAL,ACTIVE,2026-05-08,2026-09-02
0.286,UNKNOWN,NEUTRAL,0.549,NONE,NORMAL,VALIDATION,True,LEGITIMATE,ACTIVE,2025-11-10,2026-03-28
0.365,UNKNOWN,NEUTRAL,0.498,NONE,NORMAL,VALIDATION,True,LEGITIMATE,ACTIVE,2026-04-14,2026-07-12
0.703,UNKNOWN,NEUTRAL,0.322,NONE,NORMAL,TEST,True,AMBIGUOUS,ACTIVE,2026-02-16,2026-07-13
0.276,FALSE,CONTRADICTING,0.228,NONE,NORMAL,VALIDATION,True,LEGITIMATE,ACTIVE,2026-05-26,2026-09-07
0.775,FALSE,CONTRADICTING,0.207,NONE,NORMAL,VALIDATION,True,LEGITIMATE,ACTIVE,2026-05-22,2026-09-01
0.468,CONFIRMED,SUPPORTING,0.916,NONE,NORMAL,TRAIN,True,CRIMINAL,ACTIVE,2026-02-20,2026-08-19
0.335,CONFIRMED,SUPPORTING,0.844,NONE,NORMAL,TEST,True,AMBIGUOUS,ACTIVE,2026-06-15,2026-09-04
0.68,SUSPECTED,SUPPORTING,0.603,NONE,NORMAL,VALIDATION,True,LEGITIMATE,ACTIVE,2026-01-02,2026-04-17
0.472,FALSE,CONTRADICTING,0.165,NONE,NORMAL,VALIDATION,True,LEGITIMATE,ACTIVE,2025-12-26,2026-02-26
0.106,UNKNOWN,NEUTRAL,0.418,NONE,NORMAL,TRAIN,True,CRIMINAL,ACTIVE,2026-05-12,2026-07-20
0.67,CONFIRMED,SUPPORTING,0.903,NONE,NORMAL,TRAIN,True,CRIMINAL,ACTIVE,2026-04-27,2026-06-19
0.49,SUSPECTED,SUPPORTING,0.628,NONE,NORMAL,TRAIN,True,CRIMINAL,ACTIVE,2026-04-20,2026-06-06
0.153,CONFIRMED,SUPPORTING,0.886,NONE,NORMAL,TRAIN,True,MIXED,ACTIVE,2026-04-24,2026-06-03
0.46,SUSPECTED,SUPPORTING,0.695,NONE,NORMAL,TRAIN,True,CRIMINAL,ACTIVE,2026-03-14,2026-06-18
0.828,CONFIRMED,SUPPORTING,0.837,NONE,NORMAL,TRAIN,True,MIXED,ACTIVE,2025-10-14,2026-03-30
0.464,CONFIRMED,SUPPORTING,0.971,NONE,NORMAL,TRAIN,True,MIXED,ACTIVE,2026-07-03,2026-08-23
0.475,UNKNOWN,NEUTRAL,0.402,NONE,NORMAL,TEST,True,AMBIGUOUS,ACTIVE,2026-01-24,2026-05-01
0.433,SUSPECTED,SUPPORTING,0.846,NONE,NORMAL,TRAIN,True,MIXED,ACTIVE,2026-03-20,2026-05-30
0.18,UNKNOWN,NEUTRAL,0.439,NONE,NORMAL,TEST,True,AMBIGUOUS,ACTIVE,2025-11-26,2026-02-15
0.737,CONFIRMED,SUPPORTING,0.964,NONE,NORMAL,TEST,True,AMBIGUOUS,ACTIVE,2026-02-26,2026-05-15
0.182,UNKNOWN,NEUTRAL,0.37,NONE,NORMAL,TEST,True,AMBIGUOUS,ACTIVE,2026-02-24,2026-08-14
0.549,SUSPECTED,SUPPORTING,0.655,NONE,NORMAL,TRAIN,True,MIXED,ACTIVE,2026-03-05,2026-08-06
0.744,CONFIRMED,SUPPORTING,0.854,NONE,NORMAL,TRAIN,True,CRIMINAL,ACTIVE,2025-12-08,2026-05-19
0.406,UNKNOWN,NEUTRAL,0.353,NONE,NORMAL,VALIDATION,True,LEGITIMATE,ACTIVE,2026-04-25,2026-07-24
0.53,FALSE,CONTRADICTING,0.155,NONE,NORMAL,VALIDATION,True,LEGITIMATE,ACTIVE,2025-10-12,2026-02-21
0.289,SUSPECTED,SUPPORTING,0.698,NONE,NORMAL,TRAIN,True,CRIMINAL,ACTIVE,2026-03-31,2026-08-21
0.527,CONFIRMED,SUPPORTING,0.946,NONE,NORMAL,VALIDATION,True,LEGITIMATE,ACTIVE,2025-12-06,2026-05-15
0.536,CONFIRMED,SUPPORTING,0.886,NONE,NORMAL,TRAIN,True,CRIMINAL,ACTIVE,2026-05-24,2026-07-22
0.567,UNKNOWN,NEUTRAL,0.271,NONE,NORMAL,VALIDATION,True,LEGITIMATE,ACTIVE,2026-03-28,2026-08-12
0.286,CONFIRMED,SUPPORTING,0.926,NONE,NORMAL,TEST,True,AMBIGUOUS,ACTIVE,2026-05-09,2026-08-02
0.525,UNKNOWN,NEUTRAL,0.455,COLLECTIVE_ANOMALY,NORMAL,TEST,True,AMBIGUOUS,ACTIVE,2025-12-17,2026-07-03
0.379,SUSPECTED,SUPPORTING,0.648,LEGITIMATE_ANOMALY,NORMAL,VALIDATION,True,LEGITIMATE,ACTIVE,2026-05-23,2026-08-09
0.427,SUSPECTED,SUPPORTING,0.674,NONE,NORMAL,TRAIN,True,CRIMINAL,ACTIVE,2026-04-05,2026-09-15
0.867,CONFIRMED,SUPPORTING,0.862,TEMPORAL_ANOMALY,NORMAL,TEST,True,AMBIGUOUS,ACTIVE,2026-04-08,2026-09-13
0.449,CONFIRMED,SUPPORTING,0.86,NONE,NORMAL,TRAIN,True,CRIMINAL,ACTIVE,2026-04-25,2026-09-09
0.121,CONFIRMED,SUPPORTING,0.837,NONE,NORMAL,TRAIN,True,CRIMINAL,ACTIVE,2026-05-05,2026-08-07
0.321,CONFIRMED,SUPPORTING,0.901,CRIMINAL_ANOMALY,NORMAL,TRAIN,True,CRIMINAL,ACTIVE,2026-04-26,2026-07-10
0.276,SUSPECTED,SUPPORTING,0.839,NONE,NORMAL,TRAIN,True,CRIMINAL,ACTIVE,2026-03-26,2026-07-19
0.477,FALSE,CONTRADICTING,0.291,NONE,NORMAL,TRAIN,True,LEGITIMATE,ACTIVE,2026-04-11,2026-05-25
0.365,UNKNOWN,NEUTRAL,0.223,NONE,NORMAL,TRAIN,True,CRIMINAL,ACTIVE,2026-04-22,2026-08-04
0.07,SUSPECTED,SUPPORTING,0.713,NONE,NORMAL,TRAIN,True,MIXED,ACTIVE,2025-12-31,2026-06-09
0.141,CONFIRMED,SUPPORTING,0.97,NONE,NORMAL,VALIDATION,True,LEGITIMATE,ACTIVE,2026-04-06,2026-10-11
0.479,FALSE,CONTRADICTING,0.353,NONE,NORMAL,TEST,True,AMBIGUOUS,ACTIVE,2025-12-28,2026-06-14
0.497,SUSPECTED,SUPPORTING,0.814,NONE,NORMAL,VALIDATION,True,LEGITIMATE,ACTIVE,2026-01-13,2026-04-03
0.257,FALSE,CONTRADICTING,0.243,NONE,NORMAL,TEST,True,AMBIGUOUS,ACTIVE,2026-07-18,2026-08-20
0.583,CONFIRMED,SUPPORTING,0.969,LEGITIMATE_ANOMALY,NORMAL,TRAIN,True,MIXED,ACTIVE,2026-07-02,2026-10-16
0.261,UNKNOWN,NEUTRAL,0.522,NONE,NORMAL,TRAIN,True,MIXED,ACTIVE,2025-10-12,2026-03-03
0.488,CONFIRMED,SUPPORTING,0.924,NONE,NORMAL,VALIDATION,True,LEGITIMATE,ACTIVE,2026-05-19,2026-09-21
0.403,FALSE,CONTRADICTING,0.385,NONE,NORMAL,VALIDATION,True,LEGITIMATE,ACTIVE,2026-02-09,2026-07-27
0.335,CONFIRMED,SUPPORTING,0.879,NONE,NORMAL,TRAIN,True,MIXED,ACTIVE,2025-11-23,2026-03-19
0.438,UNKNOWN,NEUTRAL,0.548,NONE,MISSING_COUNTERPARTY,TEST,True,AMBIGUOUS,ACTIVE,2026-07-22,2026-10-11
0.385,SUSPECTED,SUPPORTING,0.658,NONE,NORMAL,TRAIN,True,CRIMINAL,ACTIVE,2026-07-28,2026-08-31
0.686,CONFIRMED,SUPPORTING,0.864,NONE,NORMAL,TRAIN,True,CRIMINAL,ACTIVE,2026-02-08,2026-08-09
0.379,CONFIRMED,SUPPORTING,0.899,CRIMINAL_ANOMALY,NORMAL,TRAIN,True,MIXED,ACTIVE,2026-03-24,2026-07-22
0.422,UNKNOWN,NEUTRAL,0.358,NONE,NORMAL,VALIDATION,True,LEGITIMATE,ACTIVE,2025-11-11,2026-03-28
0.395,CONFIRMED,SUPPORTING,0.911,NONE,NORMAL,TRAIN,True,CRIMINAL,ACTIVE,2025-10-22,2026-04-24
0.538,UNKNOWN,NEUTRAL,0.52,NONE,DUPLICATE,TRAIN,True,CRIMINAL,ACTIVE,2026-05-13,2026-10-06
0.353,UNKNOWN,NEUTRAL,0.419,NONE,MISSING_COUNTERPARTY,TRAIN,True,LEGITIMATE,ACTIVE,2026-06-16,2026-08-02
0.335,CONFIRMED,SUPPORTING,0.904,NONE,NORMAL,TRAIN,True,CRIMINAL,ACTIVE,2026-05-01,2026-10-07
0.247,SUSPECTED,SUPPORTING,0.702,NONE,NORMAL,TRAIN,True,CRIMINAL,ACTIVE,2026-07-18,2026-09-05
0.235,FALSE,CONTRADICTING,0.326,LEGITIMATE_ANOMALY,NORMAL,VALIDATION,True,LEGITIMATE,ACTIVE,2026-02-23,2026-05-03
0.108,UNKNOWN,NEUTRAL,0.29,LEGITIMATE_ANOMALY,NORMAL,TRAIN,True,CRIMINAL,ACTIVE,2026-03-22,2026-05-23
0.92,CONFIRMED,SUPPORTING,0.843,NONE,NORMAL,TRAIN,True,CRIMINAL,ACTIVE,2026-01-21,2026-03-08
0.738,CONFIRMED,SUPPORTING,0.96,NONE,NORMAL,TRAIN,True,MIXED,ACTIVE,2026-02-18,2026-03-13
0.219,FALSE,CONTRADICTING,0.159,NONE,NORMAL,VALIDATION,True,LEGITIMATE,ACTIVE,2026-05-29,2026-11-02
0.24,CONFIRMED,SUPPORTING,0.87,NONE,MISSING_COUNTERPARTY,TEST,True,AMBIGUOUS,ACTIVE,2026-01-13,2026-06-19
0.377,SUSPECTED,SUPPORTING,0.699,NONE,NORMAL,TEST,True,AMBIGUOUS,ACTIVE,2026-05-28,2026-08-24
0.405,SUSPECTED,SUPPORTING,0.786,NONE,NORMAL,TRAIN,True,CRIMINAL,ACTIVE,2025-11-11,2026-04-27
0.737,CONFIRMED,SUPPORTING,0.873,NONE,NORMAL,TRAIN,True,MIXED,ACTIVE,2025-11-16,2026-05-10
0.822,SUSPECTED,SUPPORTING,0.756,NONE,FORMATTING_VARIATION,TRAIN,True,MIXED,ACTIVE,2026-01-11,2026-05-27
0.475,CONFIRMED,SUPPORTING,0.9,NONE,NORMAL,TRAIN,True,CRIMINAL,ACTIVE,2026-02-08,2026-05-22
0.683,SUSPECTED,SUPPORTING,0.749,NONE,NORMAL,VALIDATION,True,LEGITIMATE,ACTIVE,2026-02-24,2026-07-11
0.34,SUSPECTED,SUPPORTING,0.712,NONE,NORMAL,TRAIN,True,CRIMINAL,ACTIVE,2026-01-28,2026-05-05
0.669,CONFIRMED,SUPPORTING,0.825,NONE,NORMAL,TRAIN,True,MIXED,ACTIVE,2026-03-07,2026-09-19
0.426,UNKNOWN,NEUTRAL,0.418,NONE,NORMAL,TRAIN,True,CRIMINAL,ACTIVE,2026-03-12,2026-05-24
0.528,FALSE,CONTRADICTING,0.348,NONE,NORMAL,TRAIN,True,CRIMINAL,ACTIVE,2025-12-17,2026-04-24
0.834,SUSPECTED,SUPPORTING,0.782,NONE,NORMAL,TRAIN,True,CRIMINAL,ACTIVE,2025-11-09,2026-04-11
0.609,SUSPECTED,SUPPORTING,0.82,NONE,NORMAL,TRAIN,True,MIXED,ACTIVE,2026-04-03,2026-10-24
0.702,SUSPECTED,SUPPORTING,0.84,NONE,NORMAL,TEST,True,AMBIGUOUS,ACTIVE,2026-01-30,2026-03-17
0.256,FALSE,CONTRADICTING,0.273,NONE,NORMAL,VALIDATION,True,LEGITIMATE,ACTIVE,2026-02-23,2026-08-19
0.504,SUSPECTED,SUPPORTING,0.76,CRIMINAL_ANOMALY,NORMAL,TRAIN,True,MIXED,ACTIVE,2025-10-30,2026-01-20
0.072,FALSE,CONTRADICTING,0.283,NONE,NORMAL,VALIDATION,True,LEGITIMATE,ACTIVE,2025-11-29,2026-04-12
0.511,CONFIRMED,SUPPORTING,0.828,NONE,REVERSED_RECORD,TRAIN,True,MIXED,ACTIVE,2026-07-08,2026-08-21
0.511,CONFIRMED,SUPPORTING,0.86,NONE,NORMAL,TRAIN,True,CRIMINAL,ACTIVE,2026-04-11,2026-08-30
0.2,SUSPECTED,SUPPORTING,0.677,NONE,NORMAL,TRAIN,True,CRIMINAL,ACTIVE,2026-04-29,2026-08-16
0.462,SUSPECTED,SUPPORTING,0.657,NONE,NORMAL,TRAIN,True,MIXED,ACTIVE,2026-03-02,2026-06-13
0.509,UNKNOWN,NEUTRAL,0.459,CRIMINAL_ANOMALY,NORMAL,TRAIN,True,CRIMINAL,ACTIVE,2026-04-04,2026-09-05
0.484,UNKNOWN,NEUTRAL,0.363,NONE,NORMAL,TRAIN,True,CRIMINAL,ACTIVE,2026-06-18,2026-08-14
0.231,CONFIRMED,SUPPORTING,0.945,NONE,NORMAL,TRAIN,True,CRIMINAL,ACTIVE,2026-03-30,2026-06-24
0.565,UNKNOWN,NEUTRAL,0.342,NONE,NORMAL,TEST,True,AMBIGUOUS,ACTIVE,2025-10-15,2026-03-05
0.347,SUSPECTED,SUPPORTING,0.852,NONE,NORMAL,TRAIN,True,CRIMINAL,ACTIVE,2025-10-21,2026-04-18
0.072,CONFIRMED,SUPPORTING,0.944,NONE,NORMAL,TRAIN,True,CRIMINAL,ACTIVE,2025-12-31,2026-07-14
0.42,FALSE,CONTRADICTING,0.14,NONE,NORMAL,VALIDATION,True,LEGITIMATE,ACTIVE,2026-05-11,2026-09-12
0.702,FALSE,CONTRADICTING,0.402,NONE,NORMAL,TRAIN,True,CRIMINAL,ACTIVE,2026-06-09,2026-08-12
0.484,UNKNOWN,NEUTRAL,0.404,NONE,NORMAL,TRAIN,True,MIXED,ACTIVE,2026-03-26,2026-09-04
0.823,FALSE,CONTRADICTING,0.347,NONE,NORMAL,VALIDATION,True,LEGITIMATE,ACTIVE,2026-02-05,2026-08-13
0.482,SUSPECTED,SUPPORTING,0.598,NONE,NORMAL,TEST,True,AMBIGUOUS,ACTIVE,2026-04-10,2026-08-08
0.875,SUSPECTED,SUPPORTING,0.651,NONE,NORMAL,TEST,True,AMBIGUOUS,ACTIVE,2025-11-30,2026-05-10
0.267,CONFIRMED,SUPPORTING,0.866,NONE,NORMAL,TEST,True,AMBIGUOUS,ACTIVE,2026-04-12,2026-09-20
0.436,UNKNOWN,NEUTRAL,0.418,NONE,NORMAL,TRAIN,True,LEGITIMATE,ACTIVE,2025-10-17,2026-04-04
0.224,CONFIRMED,SUPPORTING,0.847,NONE,NORMAL,VALIDATION,True,LEGITIMATE,ACTIVE,2026-07-03,2026-10-20
0.385,SUSPECTED,SUPPORTING,0.68,NONE,NORMAL,TRAIN,True,CRIMINAL,ACTIVE,2026-02-16,2026-07-06
0.891,CONFIRMED,SUPPORTING,0.863,NONE,NORMAL,TEST,True,AMBIGUOUS,ACTIVE,2025-12-03,2026-06-09
0.519,UNKNOWN,NEUTRAL,0.519,TEMPORAL_ANOMALY,NORMAL,TEST,True,AMBIGUOUS,ACTIVE,2026-01-07,2026-06-29
0.622,FALSE,CONTRADICTING,0.298,NONE,NORMAL,TRAIN,True,LEGITIMATE,ACTIVE,2026-07-06,2026-10-22
0.277,FALSE,CONTRADICTING,0.383,NONE,NORMAL,TEST,True,AMBIGUOUS,ACTIVE,2025-09-11,2026-03-23
0.723,CONFIRMED,SUPPORTING,0.86,CONTEXTUAL_ANOMALY,NORMAL,TRAIN,True,MIXED,ACTIVE,2026-06-12,2026-08-16
0.386,SUSPECTED,SUPPORTING,0.666,NONE,NORMAL,TRAIN,True,CRIMINAL,ACTIVE,2025-10-20,2026-04-01
0.594,SUSPECTED,SUPPORTING,0.815,NONE,NORMAL,TRAIN,True,CRIMINAL,ACTIVE,2026-01-24,2026-04-09
0.413,FALSE,CONTRADICTING,0.233,NONE,NORMAL,TRAIN,True,MIXED,ACTIVE,2026-02-12,2026-06-09
0.74,SUSPECTED,SUPPORTING,0.626,NONE,NORMAL,TRAIN,True,CRIMINAL,ACTIVE,2025-11-18,2026-03-12
0.385,UNKNOWN,NEUTRAL,0.278,NONE,NORMAL,TRAIN,True,CRIMINAL,ACTIVE,2025-10-17,2026-02-14
0.261,CONFIRMED,SUPPORTING,0.95,NONE,NORMAL,VALIDATION,True,LEGITIMATE,ACTIVE,2026-02-21,2026-05-30
0.719,SUSPECTED,SUPPORTING,0.783,NONE,NORMAL,TRAIN,True,MIXED,ACTIVE,2026-03-12,2026-06-22
0.316,UNKNOWN,NEUTRAL,0.538,NONE,NORMAL,TRAIN,True,LEGITIMATE,ACTIVE,2026-05-27,2026-08-19
0.002,FALSE,CONTRADICTING,0.407,CRIMINAL_ANOMALY,NORMAL,TRAIN,True,MIXED,ACTIVE,2026-01-19,2026-05-21
0.478,CONFIRMED,SUPPORTING,0.931,NONE,NORMAL,TRAIN,True,CRIMINAL,ACTIVE,2025-12-21,2026-03-07
0.272,SUSPECTED,SUPPORTING,0.704,NONE,NORMAL,TRAIN,True,MIXED,ACTIVE,2026-04-25,2026-07-04
0.835,SUSPECTED,SUPPORTING,0.612,NONE,NORMAL,TRAIN,True,CRIMINAL,ACTIVE,2026-04-12,2026-09-23
0.306,FALSE,CONTRADICTING,0.225,NONE,NORMAL,TRAIN,True,MIXED,ACTIVE,2026-06-25,2026-08-15
0.259,UNKNOWN,NEUTRAL,0.381,NONE,NORMAL,TEST,True,AMBIGUOUS,ACTIVE,2026-01-16,2026-05-20
0.708,CONFIRMED,SUPPORTING,0.851,NONE,NORMAL,TRAIN,True,CRIMINAL,ACTIVE,2025-12-30,2026-06-15
0.331,FALSE,CONTRADICTING,0.338,NONE,NORMAL,TRAIN,True,LEGITIMATE,ACTIVE,2026-06-23,2026-08-07
0.439,FALSE,CONTRADICTING,0.209,NONE,NORMAL,TRAIN,True,CRIMINAL,ACTIVE,2025-12-28,2026-02-17
0.472,CONFIRMED,SUPPORTING,0.838,NONE,NORMAL,TRAIN,True,CRIMINAL,ACTIVE,2025-12-05,2026-04-01
0.609,FALSE,CONTRADICTING,0.256,NONE,NORMAL,VALIDATION,True,LEGITIMATE,ACTIVE,2026-02-19,2026-05-28
0.329,CONFIRMED,SUPPORTING,0.951,NONE,NORMAL,VALIDATION,True,LEGITIMATE,ACTIVE,2026-05-30,2026-08-23
0.406,UNKNOWN,NEUTRAL,0.303,NONE,NORMAL,VALIDATION,True,LEGITIMATE,ACTIVE,2026-02-19,2026-06-12
0.408,SUSPECTED,SUPPORTING,0.748,CRIMINAL_ANOMALY,MISSING_COUNTERPARTY,TRAIN,True,CRIMINAL,ACTIVE,2026-01-16,2026-06-04
0.625,UNKNOWN,NEUTRAL,0.254,NONE,NORMAL,TRAIN,True,MIXED,ACTIVE,2025-11-03,2026-03-28
0.544,CONFIRMED,SUPPORTING,0.971,NONE,REVERSED_RECORD,TRAIN,True,CRIMINAL,ACTIVE,2025-09-27,2026-03-06
0.202,CONFIRMED,SUPPORTING,0.872,NONE,NORMAL,TRAIN,True,CRIMINAL,ACTIVE,2026-05-07,2026-07-12
0.207,FALSE,CONTRADICTING,0.278,NONE,NORMAL,VALIDATION,True,LEGITIMATE,ACTIVE,2025-12-26,2026-05-20
0.078,CONFIRMED,SUPPORTING,0.831,NONE,FORMATTING_VARIATION,TRAIN,True,MIXED,ACTIVE,2026-01-07,2026-06-09
0.435,SUSPECTED,SUPPORTING,0.679,NONE,NORMAL,TRAIN,True,CRIMINAL,ACTIVE,2025-10-29,2026-04-10
0.595,SUSPECTED,SUPPORTING,0.597,NONE,NORMAL,TEST,True,AMBIGUOUS,ACTIVE,2026-03-09,2026-08-05
0.536,CONFIRMED,SUPPORTING,0.964,NONE,NORMAL,TRAIN,True,MIXED,ACTIVE,2026-04-15,2026-08-22
0.694,UNKNOWN,NEUTRAL,0.475,NONE,NORMAL,TRAIN,True,CRIMINAL,ACTIVE,2026-03-14,2026-06-09
0.581,FALSE,CONTRADICTING,0.337,NONE,NORMAL,TRAIN,True,MIXED,ACTIVE,2026-02-08,2026-07-07
0.343,FALSE,CONTRADICTING,0.141,CRIMINAL_ANOMALY,NORMAL,TEST,True,AMBIGUOUS,ACTIVE,2026-02-28,2026-07-15
0.115,CONFIRMED,SUPPORTING,0.865,NONE,NORMAL,TEST,True,AMBIGUOUS,ACTIVE,2026-02-19,2026-07-24
0.573,SUSPECTED,SUPPORTING,0.718,CRIMINAL_ANOMALY,NORMAL,TRAIN,True,MIXED,ACTIVE,2026-04-01,2026-09-12
0.171,CONFIRMED,SUPPORTING,0.827,NONE,NORMAL,TRAIN,True,CRIMINAL,ACTIVE,2026-03-13,2026-09-08
0.046,SUSPECTED,SUPPORTING,0.818,NONE,NORMAL,TEST,True,AMBIGUOUS,ACTIVE,2025-12-08,2026-03-29
0.184,CONFIRMED,SUPPORTING,0.857,NONE,NORMAL,TRAIN,True,MIXED,ACTIVE,2025-12-18,2026-03-17
0.199,CONFIRMED,SUPPORTING,0.917,NONE,REVERSED_RECORD,TRAIN,True,CRIMINAL,ACTIVE,2026-02-26,2026-08-14
0.052,UNKNOWN,NEUTRAL,0.522,CONTEXTUAL_ANOMALY,NORMAL,TRAIN,True,MIXED,ACTIVE,2026-05-31,2026-07-08
0.485,UNKNOWN,NEUTRAL,0.539,NONE,NORMAL,TRAIN,True,MIXED,ACTIVE,2026-01-22,2026-07-01
0.56,UNKNOWN,NEUTRAL,0.436,NONE,NORMAL,TRAIN,True,MIXED,ACTIVE,2026-03-16,2026-07-22
0.269,SUSPECTED,SUPPORTING,0.644,NONE,DUPLICATE,TEST,True,AMBIGUOUS,ACTIVE,2026-01-11,2026-07-01
0.155,UNKNOWN,NEUTRAL,0.456,NONE,NORMAL,TRAIN,True,LEGITIMATE,ACTIVE,2025-12-09,2026-02-15
0.239,SUSPECTED,SUPPORTING,0.802,NONE,NORMAL,TRAIN,True,CRIMINAL,ACTIVE,2026-04-24,2026-08-20
0.551,UNKNOWN,NEUTRAL,0.259,TEMPORAL_ANOMALY,NORMAL,TEST,True,AMBIGUOUS,ACTIVE,2026-02-22,2026-03-26
0.71,FALSE,CONTRADICTING,0.262,NONE,NORMAL,TRAIN,True,CRIMINAL,ACTIVE,2026-04-18,2026-06-15
0.23,FALSE,CONTRADICTING,0.15,NONE,NORMAL,VALIDATION,True,LEGITIMATE,ACTIVE,2026-06-15,2026-10-09
0.578,SUSPECTED,SUPPORTING,0.707,TEMPORAL_ANOMALY,NORMAL,TRAIN,True,CRIMINAL,ACTIVE,2026-04-08,2026-09-08
0.43,CONFIRMED,SUPPORTING,0.884,NONE,DUPLICATE,TRAIN,True,MIXED,ACTIVE,2026-01-05,2026-03-12
0.064,FALSE,CONTRADICTING,0.249,NONE,NORMAL,TEST,True,AMBIGUOUS,ACTIVE,2025-12-24,2026-05-31
0.372,CONFIRMED,SUPPORTING,0.947,NONE,NORMAL,TRAIN,True,CRIMINAL,ACTIVE,2026-02-04,2026-05-18
0.455,UNKNOWN,NEUTRAL,0.44,NONE,NORMAL,TRAIN,True,LEGITIMATE,ACTIVE,2026-01-29,2026-06-07
0.265,CONFIRMED,SUPPORTING,0.895,NONE,NORMAL,TRAIN,True,CRIMINAL,ACTIVE,2025-10-30,2026-03-04
0.146,SUSPECTED,SUPPORTING,0.67,CONTEXTUAL_ANOMALY,FORMATTING_VARIATION,TRAIN,True,CRIMINAL,ACTIVE,2026-04-03,2026-07-21
0.618,UNKNOWN,NEUTRAL,0.461,NONE,NORMAL,TRAIN,True,CRIMINAL,ACTIVE,2025-11-09,2026-03-21
0.286,CONFIRMED,SUPPORTING,0.88,NONE,NORMAL,TRAIN,True,CRIMINAL,ACTIVE,2026-05-09,2026-08-22
0.546,UNKNOWN,NEUTRAL,0.483,TEMPORAL_ANOMALY,NORMAL,TRAIN,True,LEGITIMATE,ACTIVE,2025-12-19,2026-05-23
0.806,FALSE,CONTRADICTING,0.253,CONTEXTUAL_ANOMALY,FORMATTING_VARIATION,TEST,True,AMBIGUOUS,ACTIVE,2026-04-05,2026-09-21
0.468,CONFIRMED,SUPPORTING,0.847,NONE,NORMAL,TRAIN,True,CRIMINAL,ACTIVE,2025-10-22,2026-04-20
0.45,UNKNOWN,NEUTRAL,0.354,NONE,NORMAL,VALIDATION,True,LEGITIMATE,ACTIVE,2025-12-30,2026-03-28
0.426,UNKNOWN,NEUTRAL,0.365,NONE,NORMAL,TRAIN,True,CRIMINAL,ACTIVE,2025-10-08,2026-03-31
0.052,CONFIRMED,SUPPORTING,0.88,CRIMINAL_ANOMALY,NORMAL,TRAIN,True,CRIMINAL,ACTIVE,2026-01-02,2026-03-18
0.656,UNKNOWN,NEUTRAL,0.535,NONE,NORMAL,TRAIN,True,CRIMINAL,ACTIVE,2026-04-04,2026-08-31
0.519,UNKNOWN,NEUTRAL,0.549,NONE,NORMAL,TRAIN,True,CRIMINAL,ACTIVE,2026-07-12,2026-08-28
0.504,CONFIRMED,SUPPORTING,0.887,NONE,NORMAL,TRAIN,True,CRIMINAL,ACTIVE,2026-03-12,2026-05-13
0.79,CONFIRMED,SUPPORTING,0.88,NONE,NORMAL,TRAIN,True,MIXED,ACTIVE,2025-11-30,2026-05-08
0.275,FALSE,CONTRADICTING,0.207,NONE,NORMAL,TRAIN,True,MIXED,ACTIVE,2026-01-14,2026-07-21
0.583,SUSPECTED,SUPPORTING,0.68,NONE,NORMAL,TRAIN,True,CRIMINAL,ACTIVE,2026-06-27,2026-08-10
0.26,FALSE,CONTRADICTING,0.238,NONE,NORMAL,TEST,True,AMBIGUOUS,ACTIVE,2025-12-03,2026-03-09
0.587,UNKNOWN,NEUTRAL,0.203,NONE,FORMATTING_VARIATION,TEST,True,AMBIGUOUS,ACTIVE,2026-04-07,2026-09-07
0.563,SUSPECTED,SUPPORTING,0.762,NONE,MISSING_COUNTERPARTY,TRAIN,True,LEGITIMATE,ACTIVE,2026-03-02,2026-08-24
0.377,CONFIRMED,SUPPORTING,0.843,NONE,NORMAL,TRAIN,True,CRIMINAL,ACTIVE,2025-11-17,2026-05-03
0.305,CONFIRMED,SUPPORTING,0.847,NONE,NORMAL,TRAIN,True,CRIMINAL,ACTIVE,2026-03-15,2026-06-25
0.336,UNKNOWN,NEUTRAL,0.324,CRIMINAL_ANOMALY,NORMAL,TRAIN,True,MIXED,ACTIVE,2025-12-03,2026-03-01
0.327,SUSPECTED,SUPPORTING,0.814,CONTEXTUAL_ANOMALY,NORMAL,TRAIN,True,CRIMINAL,ACTIVE,2026-02-26,2026-06-26
0.378,SUSPECTED,SUPPORTING,0.632,NONE,NORMAL,TRAIN,True,MIXED,ACTIVE,2026-03-22,2026-06-26
0.695,CONFIRMED,SUPPORTING,0.915,NONE,NORMAL,TRAIN,True,MIXED,ACTIVE,2026-04-29,2026-09-09
0.205,UNKNOWN,NEUTRAL,0.544,CRIMINAL_ANOMALY,NORMAL,TEST,True,AMBIGUOUS,ACTIVE,2025-12-04,2026-04-29
0.412,FALSE,CONTRADICTING,0.224,NONE,NORMAL,TRAIN,True,CRIMINAL,ACTIVE,2025-11-15,2026-03-19
0.626,SUSPECTED,SUPPORTING,0.662,NONE,REVERSED_RECORD,TRAIN,True,LEGITIMATE,ACTIVE,2025-12-05,2026-06-05
0.614,UNKNOWN,NEUTRAL,0.432,NONE,NORMAL,VALIDATION,True,LEGITIMATE,ACTIVE,2026-06-13,2026-09-18
0.475,FALSE,CONTRADICTING,0.222,NONE,NORMAL,TRAIN,True,MIXED,ACTIVE,2026-02-01,2026-05-03
0.288,UNKNOWN,NEUTRAL,0.228,NONE,NORMAL,TRAIN,True,CRIMINAL,ACTIVE,2026-04-25,2026-10-22
0.542,SUSPECTED,SUPPORTING,0.8,NONE,FORMATTING_VARIATION,TEST,True,AMBIGUOUS,ACTIVE,2026-02-10,2026-06-08
0.367,SUSPECTED,SUPPORTING,0.778,LEGITIMATE_ANOMALY,NORMAL,TRAIN,True,CRIMINAL,ACTIVE,2026-01-06,2026-05-15
0.465,SUSPECTED,SUPPORTING,0.648,LEGITIMATE_ANOMALY,NORMAL,TRAIN,True,MIXED,ACTIVE,2025-12-25,2026-03-05
0.815,SUSPECTED,SUPPORTING,0.725,NONE,NORMAL,TRAIN,True,CRIMINAL,ACTIVE,2026-04-28,2026-07-14
0.474,UNKNOWN,NEUTRAL,0.346,CRIMINAL_ANOMALY,NORMAL,TRAIN,True,CRIMINAL,ACTIVE,2026-01-02,2026-04-20
0.665,SUSPECTED,SUPPORTING,0.728,NONE,NORMAL,TRAIN,True,MIXED,ACTIVE,2026-03-28,2026-06-27
0.424,SUSPECTED,SUPPORTING,0.646,NONE,NORMAL,TRAIN,True,MIXED,ACTIVE,2026-01-21,2026-06-14
0.413,CONFIRMED,SUPPORTING,0.936,NONE,NORMAL,TRAIN,True,CRIMINAL,ACTIVE,2025-10-23,2026-02-24
0.895,FALSE,CONTRADICTING,0.297,NONE,NORMAL,TEST,True,AMBIGUOUS,ACTIVE,2025-10-25,2026-01-17
0.354,FALSE,CONTRADICTING,0.24,NONE,NORMAL,TRAIN,True,LEGITIMATE,ACTIVE,2025-11-20,2026-03-27
0.481,SUSPECTED,SUPPORTING,0.794,NONE,NORMAL,TRAIN,True,CRIMINAL,ACTIVE,2025-12-27,2026-06-13
0.432,SUSPECTED,SUPPORTING,0.649,NONE,NORMAL,TRAIN,True,MIXED,ACTIVE,2025-12-07,2026-03-14
0.436,UNKNOWN,NEUTRAL,0.523,LEGITIMATE_ANOMALY,NORMAL,TEST,True,AMBIGUOUS,ACTIVE,2026-06-20,2026-10-18
0.192,SUSPECTED,SUPPORTING,0.82,TEMPORAL_ANOMALY,NORMAL,TRAIN,True,MIXED,ACTIVE,2026-02-15,2026-03-22
0.443,UNKNOWN,NEUTRAL,0.332,NONE,NORMAL,TRAIN,True,CRIMINAL,ACTIVE,2025-11-18,2026-04-24
0.381,CONFIRMED,SUPPORTING,0.869,NONE,NORMAL,TRAIN,True,CRIMINAL,ACTIVE,2026-03-02,2026-06-18
0.192,CONFIRMED,SUPPORTING,0.887,NONE,NORMAL,TEST,True,AMBIGUOUS,ACTIVE,2026-01-26,2026-07-28
0.782,CONFIRMED,SUPPORTING,0.931,NONE,NORMAL,TRAIN,True,MIXED,ACTIVE,2026-04-27,2026-08-21
0.384,FALSE,CONTRADICTING,0.152,COLLECTIVE_ANOMALY,NORMAL,TRAIN,True,LEGITIMATE,ACTIVE,2025-11-29,2026-04-23
0.211,SUSPECTED,SUPPORTING,0.698,NONE,NORMAL,TRAIN,True,CRIMINAL,ACTIVE,2026-06-01,2026-09-28
0.353,SUSPECTED,SUPPORTING,0.588,CRIMINAL_ANOMALY,NORMAL,TRAIN,True,CRIMINAL,ACTIVE,2026-04-25,2026-10-16
0.267,CONFIRMED,SUPPORTING,0.85,NONE,NORMAL,TEST,True,AMBIGUOUS,ACTIVE,2025-12-28,2026-04-03
0.33,CONFIRMED,SUPPORTING,0.848,NONE,FORMATTING_VARIATION,TRAIN,True,CRIMINAL,ACTIVE,2026-02-25,2026-08-19
0.548,FALSE,CONTRADICTING,0.336,NONE,NORMAL,VALIDATION,True,LEGITIMATE,ACTIVE,2026-01-27,2026-03-17
0.26,SUSPECTED,SUPPORTING,0.857,NONE,FORMATTING_VARIATION,TRAIN,True,LEGITIMATE,ACTIVE,2026-06-21,2026-07-20
0.609,FALSE,CONTRADICTING,0.203,NONE,NORMAL,VALIDATION,True,LEGITIMATE,ACTIVE,2025-09-16,2026-02-22
0.66,CONFIRMED,SUPPORTING,0.918,NONE,NORMAL,TRAIN,True,CRIMINAL,ACTIVE,2025-12-02,2026-01-31
0.648,CONFIRMED,SUPPORTING,0.837,NONE,NORMAL,TRAIN,True,CRIMINAL,ACTIVE,2026-04-12,2026-06-11
0.58,FALSE,CONTRADICTING,0.177,NONE,NORMAL,TRAIN,True,CRIMINAL,ACTIVE,2026-05-03,2026-08-01
0.775,SUSPECTED,SUPPORTING,0.678,NONE,NORMAL,TRAIN,True,MIXED,ACTIVE,2026-06-06,2026-09-03
0.579,SUSPECTED,SUPPORTING,0.63,NONE,NORMAL,TEST,True,AMBIGUOUS,ACTIVE,2026-04-22,2026-07-24
0.273,UNKNOWN,NEUTRAL,0.287,NONE,NORMAL,TRAIN,True,LEGITIMATE,ACTIVE,2026-01-24,2026-06-26
0.344,CONFIRMED,SUPPORTING,0.891,NONE,NORMAL,TEST,True,AMBIGUOUS,ACTIVE,2026-04-16,2026-08-26
0.47,UNKNOWN,NEUTRAL,0.341,NONE,NORMAL,TEST,True,AMBIGUOUS,ACTIVE,2026-03-21,2026-04-26
0.479,SUSPECTED,SUPPORTING,0.794,NONE,NORMAL,TRAIN,True,CRIMINAL,ACTIVE,2025-11-24,2026-01-27
0.412,UNKNOWN,NEUTRAL,0.301,NONE,NORMAL,TEST,True,AMBIGUOUS,ACTIVE,2025-12-30,2026-07-05
0.546,UNKNOWN,NEUTRAL,0.335,LEGITIMATE_ANOMALY,NORMAL,TEST,True,AMBIGUOUS,ACTIVE,2026-04-26,2026-06-10
0.672,SUSPECTED,SUPPORTING,0.776,LEGITIMATE_ANOMALY,NORMAL,TEST,True,AMBIGUOUS,ACTIVE,2025-12-04,2026-04-23
0.24,CONFIRMED,SUPPORTING,0.973,LEGITIMATE_ANOMALY,NORMAL,TEST,True,AMBIGUOUS,ACTIVE,2025-12-07,2026-02-14
0.518,SUSPECTED,SUPPORTING,0.599,CONTEXTUAL_ANOMALY,NORMAL,TRAIN,True,MIXED,ACTIVE,2025-12-03,2026-03-02
0.423,CONFIRMED,SUPPORTING,0.983,NONE,NORMAL,TRAIN,True,CRIMINAL,ACTIVE,2026-03-05,2026-08-05
0.607,FALSE,CONTRADICTING,0.234,NONE,NORMAL,TRAIN,True,CRIMINAL,ACTIVE,2026-03-16,2026-07-10
0.181,UNKNOWN,NEUTRAL,0.34,CRIMINAL_ANOMALY,NORMAL,TRAIN,True,MIXED,ACTIVE,2026-03-16,2026-05-28
0.425,UNKNOWN,NEUTRAL,0.431,NONE,NORMAL,TEST,True,AMBIGUOUS,ACTIVE,2026-06-16,2026-08-14
0.361,SUSPECTED,SUPPORTING,0.653,NONE,DUPLICATE,TRAIN,True,CRIMINAL,ACTIVE,2025-10-03,2026-03-01
0.728,UNKNOWN,NEUTRAL,0.214,LEGITIMATE_ANOMALY,NORMAL,TEST,True,AMBIGUOUS,ACTIVE,2026-03-13,2026-05-28
0.705,SUSPECTED,SUPPORTING,0.837,NONE,NORMAL,TRAIN,True,CRIMINAL,ACTIVE,2026-01-19,2026-04-30
0.396,CONFIRMED,SUPPORTING,0.857,NONE,NORMAL,TRAIN,True,MIXED,ACTIVE,2026-05-04,2026-08-31
0.201,SUSPECTED,SUPPORTING,0.607,CRIMINAL_ANOMALY,NORMAL,TRAIN,True,CRIMINAL,ACTIVE,2026-01-19,2026-03-21
0.366,UNKNOWN,NEUTRAL,0.386,NONE,NORMAL,TRAIN,True,CRIMINAL,ACTIVE,2026-03-11,2026-08-20
0.464,UNKNOWN,NEUTRAL,0.534,NONE,NORMAL,TRAIN,True,MIXED,ACTIVE,2026-01-01,2026-07-19
0.686,CONFIRMED,SUPPORTING,0.822,TEMPORAL_ANOMALY,NORMAL,TRAIN,True,CRIMINAL,ACTIVE,2026-05-24,2026-10-15
0.103,CONFIRMED,SUPPORTING,0.884,LEGITIMATE_ANOMALY,NORMAL,TRAIN,True,MIXED,ACTIVE,2026-06-01,2026-08-09
0.691,CONFIRMED,SUPPORTING,0.974,NONE,NORMAL,TEST,True,AMBIGUOUS,ACTIVE,2025-12-22,2026-03-10
0.132,FALSE,CONTRADICTING,0.239,NONE,NORMAL,TRAIN,True,LEGITIMATE,ACTIVE,2026-07-09,2026-08-21
0.558,CONFIRMED,SUPPORTING,0.88,CRIMINAL_ANOMALY,NORMAL,TEST,True,AMBIGUOUS,ACTIVE,2026-05-10,2026-09-06
0.617,SUSPECTED,SUPPORTING,0.837,NONE,NORMAL,TRAIN,True,CRIMINAL,ACTIVE,2025-11-11,2026-03-13
0.809,CONFIRMED,SUPPORTING,0.953,NONE,NORMAL,TRAIN,True,CRIMINAL,ACTIVE,2025-12-06,2026-04-01
0.67,SUSPECTED,SUPPORTING,0.61,NONE,NORMAL,TRAIN,True,CRIMINAL,ACTIVE,2026-03-01,2026-08-22
0.317,CONFIRMED,SUPPORTING,0.877,TEMPORAL_ANOMALY,NORMAL,TRAIN,True,CRIMINAL,ACTIVE,2025-12-21,2026-04-23
0.4,FALSE,CONTRADICTING,0.367,NONE,NORMAL,TRAIN,True,CRIMINAL,ACTIVE,2026-01-09,2026-05-15
0.552,FALSE,CONTRADICTING,0.4,NONE,NORMAL,VALIDATION,True,LEGITIMATE,ACTIVE,2025-12-21,2026-03-13
0.178,UNKNOWN,NEUTRAL,0.393,NONE,NORMAL,TRAIN,True,CRIMINAL,ACTIVE,2026-02-25,2026-07-07
0.21,UNKNOWN,NEUTRAL,0.504,NONE,REVERSED_RECORD,TRAIN,True,LEGITIMATE,ACTIVE,2026-05-23,2026-07-09
0.147,FALSE,CONTRADICTING,0.386,NONE,DUPLICATE,TRAIN,True,CRIMINAL,ACTIVE,2026-02-02,2026-06-09
0.168,SUSPECTED,SUPPORTING,0.827,NONE,NORMAL,TEST,True,AMBIGUOUS,ACTIVE,2026-04-25,2026-06-17
0.337,UNKNOWN,NEUTRAL,0.483,NONE,NORMAL,TRAIN,True,CRIMINAL,ACTIVE,2026-07-15,2026-09-14
0.406,CONFIRMED,SUPPORTING,0.983,NONE,NORMAL,TRAIN,True,CRIMINAL,ACTIVE,2025-11-07,2026-04-20
0.434,UNKNOWN,NEUTRAL,0.229,LEGITIMATE_ANOMALY,NORMAL,VALIDATION,True,LEGITIMATE,ACTIVE,2026-03-26,2026-07-13
0.678,CONFIRMED,SUPPORTING,0.975,NONE,NORMAL,TRAIN,True,CRIMINAL,ACTIVE,2026-05-20,2026-08-25
0.842,CONFIRMED,SUPPORTING,0.909,NONE,NORMAL,TRAIN,True,CRIMINAL,ACTIVE,2026-03-24,2026-07-05
0.749,SUSPECTED,SUPPORTING,0.724,NONE,NORMAL,TRAIN,True,CRIMINAL,ACTIVE,2025-12-11,2026-06-06
0.513,SUSPECTED,SUPPORTING,0.592,NONE,NORMAL,TEST,True,AMBIGUOUS,ACTIVE,2026-06-23,2026-08-02
0.434,SUSPECTED,SUPPORTING,0.603,NONE,NORMAL,TRAIN,True,CRIMINAL,ACTIVE,2026-05-23,2026-09-09
0.813,UNKNOWN,NEUTRAL,0.375,NONE,NORMAL,TEST,True,AMBIGUOUS,ACTIVE,2026-03-07,2026-09-18
0.317,CONFIRMED,SUPPORTING,0.887,NONE,NORMAL,TRAIN,True,CRIMINAL,ACTIVE,2026-02-18,2026-06-19
0.265,UNKNOWN,NEUTRAL,0.408,NONE,NORMAL,VALIDATION,True,LEGITIMATE,ACTIVE,2026-04-06,2026-10-04
0.426,UNKNOWN,NEUTRAL,0.445,CONTEXTUAL_ANOMALY,NORMAL,TRAIN,True,MIXED,ACTIVE,2026-02-15,2026-08-22
0.535,UNKNOWN,NEUTRAL,0.271,NONE,NORMAL,TRAIN,True,CRIMINAL,ACTIVE,2025-10-31,2026-02-27
0.225,FALSE,CONTRADICTING,0.283,NONE,NORMAL,TRAIN,True,LEGITIMATE,ACTIVE,2025-12-04,2026-03-13
0.54,CONFIRMED,SUPPORTING,0.944,COLLECTIVE_ANOMALY,NORMAL,TRAIN,True,CRIMINAL,ACTIVE,2026-04-06,2026-07-29
0.123,UNKNOWN,NEUTRAL,0.499,NONE,NORMAL,TEST,True,AMBIGUOUS,ACTIVE,2026-02-03,2026-04-16
0.233,UNKNOWN,NEUTRAL,0.548,CRIMINAL_ANOMALY,NORMAL,TRAIN,True,CRIMINAL,ACTIVE,2025-12-14,2026-03-20
0.728,CONFIRMED,SUPPORTING,0.949,NONE,NORMAL,VALIDATION,True,LEGITIMATE,ACTIVE,2026-05-18,2026-09-12
0.659,CONFIRMED,SUPPORTING,0.908,NONE,NORMAL,TRAIN,True,CRIMINAL,ACTIVE,2025-12-01,2026-01-28
0.237,FALSE,CONTRADICTING,0.133,CONTEXTUAL_ANOMALY,NORMAL,VALIDATION,True,LEGITIMATE,ACTIVE,2026-01-23,2026-06-23
0.339,SUSPECTED,SUPPORTING,0.68,NONE,NORMAL,VALIDATION,True,LEGITIMATE,ACTIVE,2025-10-07,2026-03-21
0.573,CONFIRMED,SUPPORTING,0.981,NONE,NORMAL,TRAIN,True,CRIMINAL,ACTIVE,2025-09-25,2026-04-16
0.786,FALSE,CONTRADICTING,0.338,NONE,NORMAL,VALIDATION,True,LEGITIMATE,ACTIVE,2026-04-25,2026-07-29
0.464,FALSE,CONTRADICTING,0.162,NONE,NORMAL,VALIDATION,True,LEGITIMATE,ACTIVE,2026-03-26,2026-07-29
0.625,SUSPECTED,SUPPORTING,0.817,NONE,NORMAL,TRAIN,True,LEGITIMATE,ACTIVE,2025-11-25,2026-03-09
0.224,CONFIRMED,SUPPORTING,0.847,NONE,NORMAL,TEST,True,AMBIGUOUS,ACTIVE,2026-05-26,2026-08-04
0.363,CONFIRMED,SUPPORTING,0.949,NONE,NORMAL,TRAIN,True,CRIMINAL,ACTIVE,2026-01-14,2026-04-17
0.093,SUSPECTED,SUPPORTING,0.783,NONE,NORMAL,TRAIN,True,CRIMINAL,ACTIVE,2026-06-05,2026-09-22
0.399,CONFIRMED,SUPPORTING,0.943,TEMPORAL_ANOMALY,NORMAL,TEST,True,AMBIGUOUS,ACTIVE,2026-01-06,2026-03-24
0.292,SUSPECTED,SUPPORTING,0.715,NONE,MISSING_COUNTERPARTY,TRAIN,True,CRIMINAL,ACTIVE,2026-05-06,2026-11-03
0.274,CONFIRMED,SUPPORTING,0.907,NONE,NORMAL,TRAIN,True,CRIMINAL,ACTIVE,2026-05-17,2026-09-23
0.222,SUSPECTED,SUPPORTING,0.582,NONE,NORMAL,TEST,True,AMBIGUOUS,ACTIVE,2026-04-20,2026-07-28
0.132,SUSPECTED,SUPPORTING,0.673,NONE,NORMAL,TRAIN,True,MIXED,ACTIVE,2026-01-27,2026-06-28
0.258,SUSPECTED,SUPPORTING,0.656,NONE,NORMAL,TRAIN,True,MIXED,ACTIVE,2026-05-07,2026-09-17
0.696,SUSPECTED,SUPPORTING,0.763,NONE,REVERSED_RECORD,TEST,True,AMBIGUOUS,ACTIVE,2026-06-08,2026-07-22
0.397,SUSPECTED,SUPPORTING,0.649,NONE,NORMAL,VALIDATION,True,LEGITIMATE,ACTIVE,2026-05-11,2026-09-22
0.581,FALSE,CONTRADICTING,0.166,CRIMINAL_ANOMALY,NORMAL,TEST,True,AMBIGUOUS,ACTIVE,2025-12-10,2026-03-17
0.781,SUSPECTED,SUPPORTING,0.839,NONE,NORMAL,VALIDATION,True,LEGITIMATE,ACTIVE,2026-05-25,2026-09-11
0.523,SUSPECTED,SUPPORTING,0.602,TEMPORAL_ANOMALY,NORMAL,TRAIN,True,CRIMINAL,ACTIVE,2025-12-24,2026-06-15
0.485,UNKNOWN,NEUTRAL,0.514,NONE,DUPLICATE,TRAIN,True,CRIMINAL,ACTIVE,2025-12-13,2026-03-11
0.082,UNKNOWN,NEUTRAL,0.525,NONE,NORMAL,TRAIN,True,LEGITIMATE,ACTIVE,2026-01-08,2026-06-01
0.681,SUSPECTED,SUPPORTING,0.667,NONE,NORMAL,TRAIN,True,CRIMINAL,ACTIVE,2025-11-25,2026-04-27
0.356,CONFIRMED,SUPPORTING,0.933,NONE,NORMAL,TEST,True,AMBIGUOUS,ACTIVE,2026-04-21,2026-08-28
0.2,CONFIRMED,SUPPORTING,0.953,NONE,NORMAL,TRAIN,True,CRIMINAL,ACTIVE,2026-03-15,2026-08-22
0.314,CONFIRMED,SUPPORTING,0.945,NONE,REVERSED_RECORD,TRAIN,True,CRIMINAL,ACTIVE,2025-11-27,2026-03-17
0.106,FALSE,CONTRADICTING,0.379,NONE,DUPLICATE,TEST,True,AMBIGUOUS,ACTIVE,2025-12-27,2026-03-19
0.197,SUSPECTED,SUPPORTING,0.857,NONE,NORMAL,TRAIN,True,CRIMINAL,ACTIVE,2026-01-20,2026-05-15
0.54,UNKNOWN,NEUTRAL,0.377,NONE,NORMAL,TRAIN,True,CRIMINAL,ACTIVE,2025-12-27,2026-07-05
0.026,UNKNOWN,NEUTRAL,0.23,NONE,NORMAL,VALIDATION,True,LEGITIMATE,ACTIVE,2026-04-27,2026-11-01
0.135,SUSPECTED,SUPPORTING,0.784,NONE,NORMAL,VALIDATION,True,LEGITIMATE,ACTIVE,2025-09-15,2026-02-14
0.263,FALSE,CONTRADICTING,0.289,LEGITIMATE_ANOMALY,NORMAL,VALIDATION,True,LEGITIMATE,ACTIVE,2026-05-08,2026-08-23
0.788,UNKNOWN,NEUTRAL,0.201,NONE,NORMAL,TEST,True,AMBIGUOUS,ACTIVE,2026-05-09,2026-08-07
0.796,SUSPECTED,SUPPORTING,0.775,NONE,NORMAL,TRAIN,True,MIXED,ACTIVE,2026-01-16,2026-06-20
0.1,CONFIRMED,SUPPORTING,0.942,NONE,NORMAL,VALIDATION,True,LEGITIMATE,ACTIVE,2026-02-02,2026-05-14
0.182,FALSE,CONTRADICTING,0.322,NONE,NORMAL,VALIDATION,True,LEGITIMATE,ACTIVE,2026-05-25,2026-10-02
0.588,SUSPECTED,SUPPORTING,0.71,NONE,NORMAL,TRAIN,True,CRIMINAL,ACTIVE,2025-12-27,2026-07-21
0.601,CONFIRMED,SUPPORTING,0.858,NONE,NORMAL,TRAIN,True,CRIMINAL,ACTIVE,2026-07-28,2026-09-19
0.494,CONFIRMED,SUPPORTING,0.942,NONE,NORMAL,TRAIN,True,CRIMINAL,ACTIVE,2025-12-31,2026-02-04
0.543,SUSPECTED,SUPPORTING,0.759,NONE,NORMAL,TEST,True,AMBIGUOUS,ACTIVE,2026-04-03,2026-08-24
0.382,FALSE,CONTRADICTING,0.182,LEGITIMATE_ANOMALY,NORMAL,TRAIN,True,CRIMINAL,ACTIVE,2025-10-05,2026-03-26
0.753,UNKNOWN,NEUTRAL,0.252,NONE,NORMAL,TEST,True,AMBIGUOUS,ACTIVE,2026-07-14,2026-10-29
0.295,FALSE,CONTRADICTING,0.314,NONE,NORMAL,VALIDATION,True,LEGITIMATE,ACTIVE,2025-12-07,2026-04-19
0.388,FALSE,CONTRADICTING,0.167,NONE,NORMAL,TRAIN,True,LEGITIMATE,ACTIVE,2026-03-18,2026-07-06
0.295,SUSPECTED,SUPPORTING,0.733,NONE,NORMAL,VALIDATION,True,LEGITIMATE,ACTIVE,2025-11-08,2026-03-16
0.34,CONFIRMED,SUPPORTING,0.952,NONE,NORMAL,TRAIN,True,CRIMINAL,ACTIVE,2025-12-20,2026-02-28
0.647,UNKNOWN,NEUTRAL,0.388,NONE,NORMAL,TEST,True,AMBIGUOUS,ACTIVE,2026-03-29,2026-06-25
0.221,UNKNOWN,NEUTRAL,0.23,NONE,NORMAL,TEST,True,AMBIGUOUS,ACTIVE,2026-03-09,2026-08-01
0.382,CONFIRMED,SUPPORTING,0.963,NONE,NORMAL,TRAIN,True,CRIMINAL,ACTIVE,2026-03-11,2026-06-01
0.462,FALSE,CONTRADICTING,0.385,NONE,NORMAL,TRAIN,True,MIXED,ACTIVE,2026-01-28,2026-06-30
0.385,CONFIRMED,SUPPORTING,0.977,NONE,NORMAL,TRAIN,True,MIXED,ACTIVE,2025-12-29,2026-03-26
0.556,UNKNOWN,NEUTRAL,0.467,CONTEXTUAL_ANOMALY,NORMAL,TRAIN,True,CRIMINAL,ACTIVE,2025-12-08,2026-05-06
0.222,UNKNOWN,NEUTRAL,0.251,NONE,NORMAL,TRAIN,True,MIXED,ACTIVE,2026-02-26,2026-06-28
0.527,CONFIRMED,SUPPORTING,0.983,NONE,DUPLICATE,TRAIN,True,LEGITIMATE,ACTIVE,2026-06-21,2026-08-13
0.409,CONFIRMED,SUPPORTING,0.939,COLLECTIVE_ANOMALY,NORMAL,TRAIN,True,CRIMINAL,ACTIVE,2025-12-29,2026-04-18
0.352,UNKNOWN,NEUTRAL,0.405,NONE,NORMAL,TRAIN,True,CRIMINAL,ACTIVE,2026-07-19,2026-09-17
0.553,SUSPECTED,SUPPORTING,0.589,CRIMINAL_ANOMALY,NORMAL,TEST,True,AMBIGUOUS,ACTIVE,2025-12-14,2026-03-25
0.199,SUSPECTED,SUPPORTING,0.819,NONE,NORMAL,TEST,True,AMBIGUOUS,ACTIVE,2025-09-27,2026-02-15
0.502,SUSPECTED,SUPPORTING,0.821,NONE,NORMAL,TRAIN,True,MIXED,ACTIVE,2026-02-21,2026-04-28
0.223,FALSE,CONTRADICTING,0.28,NONE,NORMAL,TRAIN,True,MIXED,ACTIVE,2026-01-25,2026-07-25
0.306,CONFIRMED,SUPPORTING,0.886,NONE,NORMAL,TRAIN,True,CRIMINAL,ACTIVE,2026-01-14,2026-04-04
0.275,CONFIRMED,SUPPORTING,0.916,NONE,DUPLICATE,TRAIN,True,CRIMINAL,ACTIVE,2025-11-06,2026-04-03
0.291,SUSPECTED,SUPPORTING,0.83,CRIMINAL_ANOMALY,NORMAL,TRAIN,True,CRIMINAL,ACTIVE,2026-03-27,2026-06-25
0.553,UNKNOWN,NEUTRAL,0.376,CRIMINAL_ANOMALY,NORMAL,TRAIN,True,MIXED,ACTIVE,2026-02-07,2026-07-10
0.594,SUSPECTED,SUPPORTING,0.764,NONE,NORMAL,TRAIN,True,CRIMINAL,ACTIVE,2025-12-20,2026-03-13
0.918,CONFIRMED,SUPPORTING,0.865,NONE,NORMAL,TRAIN,True,MIXED,ACTIVE,2026-01-22,2026-03-14
0.206,FALSE,CONTRADICTING,0.339,NONE,NORMAL,VALIDATION,True,LEGITIMATE,ACTIVE,2026-04-20,2026-06-22
0.513,FALSE,CONTRADICTING,0.306,NONE,NORMAL,VALIDATION,True,LEGITIMATE,ACTIVE,2026-04-16,2026-07-01
0.725,SUSPECTED,SUPPORTING,0.615,CRIMINAL_ANOMALY,NORMAL,TEST,True,AMBIGUOUS,ACTIVE,2026-02-09,2026-08-07
0.712,SUSPECTED,SUPPORTING,0.804,NONE,NORMAL,TRAIN,True,CRIMINAL,ACTIVE,2026-03-01,2026-06-09
0.843,CONFIRMED,SUPPORTING,0.914,NONE,NORMAL,TRAIN,True,CRIMINAL,ACTIVE,2026-02-09,2026-06-11
0.61,SUSPECTED,SUPPORTING,0.701,LEGITIMATE_ANOMALY,NORMAL,TRAIN,True,CRIMINAL,ACTIVE,2026-04-24,2026-06-29
0.465,FALSE,CONTRADICTING,0.159,NONE,NORMAL,VALIDATION,True,LEGITIMATE,ACTIVE,2026-03-21,2026-06-18
0.144,CONFIRMED,SUPPORTING,0.942,NONE,NORMAL,TRAIN,True,MIXED,ACTIVE,2026-04-05,2026-08-14
0.552,SUSPECTED,SUPPORTING,0.741,TEMPORAL_ANOMALY,NORMAL,TEST,True,AMBIGUOUS,ACTIVE,2025-12-23,2026-05-23
0.621,SUSPECTED,SUPPORTING,0.752,NONE,NORMAL,TRAIN,True,CRIMINAL,ACTIVE,2026-06-14,2026-10-07
0.068,FALSE,CONTRADICTING,0.38,NONE,NORMAL,VALIDATION,True,LEGITIMATE,ACTIVE,2026-07-08,2026-08-12
0.251,FALSE,CONTRADICTING,0.17,NONE,MISSING_COUNTERPARTY,TRAIN,True,CRIMINAL,ACTIVE,2025-11-06,2026-03-28
0.565,SUSPECTED,SUPPORTING,0.671,NONE,NORMAL,TRAIN,True,CRIMINAL,ACTIVE,2026-04-14,2026-06-20
0.289,CONFIRMED,SUPPORTING,0.929,NONE,NORMAL,TRAIN,True,CRIMINAL,ACTIVE,2026-05-09,2026-07-12
0.285,UNKNOWN,NEUTRAL,0.321,NONE,NORMAL,TRAIN,True,MIXED,ACTIVE,2026-04-26,2026-08-18
0.509,FALSE,CONTRADICTING,0.236,COLLECTIVE_ANOMALY,NORMAL,TRAIN,True,CRIMINAL,ACTIVE,2026-02-25,2026-06-21
0.717,UNKNOWN,NEUTRAL,0.404,NONE,NORMAL,VALIDATION,True,LEGITIMATE,ACTIVE,2026-05-11,2026-09-17
0.226,FALSE,CONTRADICTING,0.311,LEGITIMATE_ANOMALY,NORMAL,VALIDATION,True,LEGITIMATE,ACTIVE,2025-12-13,2026-03-10
0.176,CONFIRMED,SUPPORTING,0.862,NONE,NORMAL,TRAIN,True,CRIMINAL,ACTIVE,2026-03-09,2026-08-01
0.146,UNKNOWN,NEUTRAL,0.238,NONE,NORMAL,VALIDATION,True,LEGITIMATE,ACTIVE,2025-10-10,2026-03-25
0.863,UNKNOWN,NEUTRAL,0.258,NONE,NORMAL,TRAIN,True,MIXED,ACTIVE,2026-04-24,2026-09-07
0.553,UNKNOWN,NEUTRAL,0.486,LEGITIMATE_ANOMALY,NORMAL,TRAIN,True,MIXED,ACTIVE,2025-12-31,2026-05-11
0.444,CONFIRMED,SUPPORTING,0.871,NONE,FORMATTING_VARIATION,TRAIN,True,MIXED,ACTIVE,2025-12-21,2026-06-14
0.073,CONFIRMED,SUPPORTING,0.976,NONE,NORMAL,TRAIN,True,LEGITIMATE,ACTIVE,2026-02-28,2026-07-03
0.424,SUSPECTED,SUPPORTING,0.796,NONE,FORMATTING_VARIATION,TRAIN,True,MIXED,ACTIVE,2025-11-24,2026-02-26
0.25,CONFIRMED,SUPPORTING,0.853,NONE,NORMAL,TRAIN,True,CRIMINAL,ACTIVE,2025-12-14,2026-03-29
0.45,CONFIRMED,SUPPORTING,0.96,NONE,NORMAL,TRAIN,True,CRIMINAL,ACTIVE,2026-03-03,2026-08-16
0.869,SUSPECTED,SUPPORTING,0.781,CRIMINAL_ANOMALY,REVERSED_RECORD,TRAIN,True,CRIMINAL,ACTIVE,2026-04-22,2026-06-15
0.791,SUSPECTED,SUPPORTING,0.644,NONE,NORMAL,TRAIN,True,MIXED,ACTIVE,2026-04-12,2026-06-08
0.651,CONFIRMED,SUPPORTING,0.872,NONE,NORMAL,TRAIN,True,CRIMINAL,ACTIVE,2025-12-05,2026-06-03
0.257,UNKNOWN,NEUTRAL,0.5,NONE,NORMAL,VALIDATION,True,LEGITIMATE,ACTIVE,2026-04-11,2026-10-08
0.58,SUSPECTED,SUPPORTING,0.592,NONE,NORMAL,TRAIN,True,CRIMINAL,ACTIVE,2026-01-20,2026-06-23
0.742,SUSPECTED,SUPPORTING,0.672,NONE,NORMAL,TEST,True,AMBIGUOUS,ACTIVE,2026-06-20,2026-09-01
0.568,CONFIRMED,SUPPORTING,0.866,NONE,NORMAL,TRAIN,True,CRIMINAL,ACTIVE,2025-11-22,2026-02-27
0.679,SUSPECTED,SUPPORTING,0.825,NONE,NORMAL,VALIDATION,True,LEGITIMATE,ACTIVE,2025-10-28,2026-04-01
0.413,UNKNOWN,NEUTRAL,0.463,NONE,NORMAL,TEST,True,AMBIGUOUS,ACTIVE,2026-06-12,2026-09-30
0.215,SUSPECTED,SUPPORTING,0.834,NONE,NORMAL,TRAIN,True,CRIMINAL,ACTIVE,2026-01-25,2026-04-16
0.216,SUSPECTED,SUPPORTING,0.701,COLLECTIVE_ANOMALY,NORMAL,TRAIN,True,CRIMINAL,ACTIVE,2026-02-20,2026-04-26
0.303,FALSE,CONTRADICTING,0.19,NONE,NORMAL,TRAIN,True,LEGITIMATE,ACTIVE,2026-02-25,2026-07-19
0.251,UNKNOWN,NEUTRAL,0.308,NONE,NORMAL,TEST,True,AMBIGUOUS,ACTIVE,2026-02-23,2026-06-29
0.423,SUSPECTED,SUPPORTING,0.666,CRIMINAL_ANOMALY,NORMAL,TRAIN,True,CRIMINAL,ACTIVE,2025-10-26,2026-03-19
0.848,SUSPECTED,SUPPORTING,0.606,NONE,NORMAL,TRAIN,True,MIXED,ACTIVE,2026-01-21,2026-03-24
0.578,UNKNOWN,NEUTRAL,0.547,COLLECTIVE_ANOMALY,MISSING_COUNTERPARTY,TRAIN,True,MIXED,ACTIVE,2026-03-16,2026-06-28
0.642,SUSPECTED,SUPPORTING,0.75,NONE,NORMAL,TRAIN,True,CRIMINAL,ACTIVE,2026-01-06,2026-03-12
0.35,SUSPECTED,SUPPORTING,0.7,NONE,NORMAL,TRAIN,True,MIXED,ACTIVE,2025-10-29,2026-02-26
0.484,SUSPECTED,SUPPORTING,0.589,NONE,NORMAL,TRAIN,True,MIXED,ACTIVE,2026-03-25,2026-09-27
0.184,SUSPECTED,SUPPORTING,0.72,NONE,NORMAL,VALIDATION,True,LEGITIMATE,ACTIVE,2025-10-11,2026-02-24
0.306,FALSE,CONTRADICTING,0.256,NONE,FORMATTING_VARIATION,TRAIN,True,MIXED,ACTIVE,2025-12-01,2026-04-24
0.144,UNKNOWN,NEUTRAL,0.343,NONE,NORMAL,TEST,True,AMBIGUOUS,ACTIVE,2026-07-04,2026-09-08
0.719,CONFIRMED,SUPPORTING,0.989,NONE,NORMAL,TRAIN,True,CRIMINAL,ACTIVE,2026-07-10,2026-09-16
0.28,CONFIRMED,SUPPORTING,0.977,NONE,NORMAL,TEST,True,AMBIGUOUS,ACTIVE,2025-10-28,2026-03-10
0.402,FALSE,CONTRADICTING,0.329,NONE,NORMAL,TRAIN,True,MIXED,ACTIVE,2026-05-11,2026-09-03
0.831,CONFIRMED,SUPPORTING,0.929,NONE,NORMAL,TEST,True,AMBIGUOUS,ACTIVE,2025-10-06,2026-04-16
0.541,SUSPECTED,SUPPORTING,0.661,NONE,NORMAL,VALIDATION,True,LEGITIMATE,ACTIVE,2026-05-11,2026-06-21
0.294,UNKNOWN,NEUTRAL,0.339,NONE,NORMAL,TEST,True,AMBIGUOUS,ACTIVE,2026-05-22,2026-10-13
0.479,UNKNOWN,NEUTRAL,0.416,NONE,NORMAL,TRAIN,True,CRIMINAL,ACTIVE,2025-12-19,2026-02-07
0.87,CONFIRMED,SUPPORTING,0.91,NONE,NORMAL,TRAIN,True,CRIMINAL,ACTIVE,2026-02-10,2026-06-15
0.33,SUSPECTED,SUPPORTING,0.606,NONE,NORMAL,TRAIN,True,MIXED,ACTIVE,2026-01-21,2026-06-27
0.408,SUSPECTED,SUPPORTING,0.762,NONE,REVERSED_RECORD,TRAIN,True,CRIMINAL,ACTIVE,2026-06-23,2026-09-19
0.544,SUSPECTED,SUPPORTING,0.676,NONE,NORMAL,TRAIN,True,CRIMINAL,ACTIVE,2026-01-08,2026-02-20
0.11,CONFIRMED,SUPPORTING,0.968,NONE,NORMAL,TRAIN,True,LEGITIMATE,ACTIVE,2025-12-20,2026-05-09
0.334,SUSPECTED,SUPPORTING,0.588,NONE,NORMAL,TEST,True,AMBIGUOUS,ACTIVE,2025-11-18,2026-03-24
0.212,SUSPECTED,SUPPORTING,0.855,CRIMINAL_ANOMALY,NORMAL,TEST,True,AMBIGUOUS,ACTIVE,2025-11-28,2026-02-02
0.866,SUSPECTED,SUPPORTING,0.676,TEMPORAL_ANOMALY,NORMAL,TRAIN,True,CRIMINAL,ACTIVE,2025-11-02,2026-03-11
0.308,CONFIRMED,SUPPORTING,0.928,NONE,REVERSED_RECORD,TRAIN,True,CRIMINAL,ACTIVE,2026-01-24,2026-05-23
0.444,FALSE,CONTRADICTING,0.392,NONE,NORMAL,TRAIN,True,CRIMINAL,ACTIVE,2026-06-13,2026-09-18
0.247,SUSPECTED,SUPPORTING,0.654,COLLECTIVE_ANOMALY,NORMAL,TRAIN,True,MIXED,ACTIVE,2026-02-01,2026-06-20
0.444,CONFIRMED,SUPPORTING,0.825,CONTEXTUAL_ANOMALY,NORMAL,TRAIN,True,CRIMINAL,ACTIVE,2026-01-02,2026-03-06
0.451,UNKNOWN,NEUTRAL,0.474,NONE,NORMAL,TRAIN,True,CRIMINAL,ACTIVE,2026-05-09,2026-10-28
0.457,SUSPECTED,SUPPORTING,0.778,NONE,NORMAL,TRAIN,True,MIXED,ACTIVE,2026-01-14,2026-05-26
0.347,FALSE,CONTRADICTING,0.187,NONE,NORMAL,TEST,True,AMBIGUOUS,ACTIVE,2026-01-02,2026-05-11
0.386,SUSPECTED,SUPPORTING,0.587,NONE,NORMAL,VALIDATION,True,LEGITIMATE,ACTIVE,2026-07-09,2026-08-06
0.705,UNKNOWN,NEUTRAL,0.547,NONE,NORMAL,TRAIN,True,MIXED,ACTIVE,2026-03-20,2026-07-09
0.474,CONFIRMED,SUPPORTING,0.909,NONE,NORMAL,TRAIN,True,CRIMINAL,ACTIVE,2026-03-18,2026-05-31
0.392,CONFIRMED,SUPPORTING,0.978,NONE,NORMAL,TRAIN,True,CRIMINAL,ACTIVE,2026-05-15,2026-09-01
0.42,CONFIRMED,SUPPORTING,0.982,NONE,NORMAL,TRAIN,True,CRIMINAL,ACTIVE,2026-04-29,2026-06-13
0.114,UNKNOWN,NEUTRAL,0.265,NONE,NORMAL,VALIDATION,True,LEGITIMATE,ACTIVE,2026-03-09,2026-05-23
0.119,SUSPECTED,SUPPORTING,0.767,NONE,NORMAL,TRAIN,True,CRIMINAL,ACTIVE,2026-03-14,2026-08-26
0.325,FALSE,CONTRADICTING,0.352,NONE,NORMAL,VALIDATION,True,LEGITIMATE,ACTIVE,2026-04-16,2026-07-24
0.237,CONFIRMED,SUPPORTING,0.825,NONE,DUPLICATE,TEST,True,AMBIGUOUS,ACTIVE,2026-01-18,2026-04-17
0.334,FALSE,CONTRADICTING,0.394,NONE,NORMAL,TRAIN,True,CRIMINAL,ACTIVE,2026-01-07,2026-04-21
0.778,CONFIRMED,SUPPORTING,0.973,NONE,NORMAL,TRAIN,True,CRIMINAL,ACTIVE,2025-12-13,2026-04-21
0.718,SUSPECTED,SUPPORTING,0.672,NONE,NORMAL,TEST,True,AMBIGUOUS,ACTIVE,2026-02-09,2026-06-11
0.657,FALSE,CONTRADICTING,0.214,LEGITIMATE_ANOMALY,FORMATTING_VARIATION,TRAIN,True,CRIMINAL,ACTIVE,2026-03-16,2026-09-02
0.14,UNKNOWN,NEUTRAL,0.528,NONE,NORMAL,VALIDATION,True,LEGITIMATE,ACTIVE,2026-03-14,2026-08-13
0.406,FALSE,CONTRADICTING,0.335,NONE,NORMAL,TRAIN,True,CRIMINAL,ACTIVE,2025-11-14,2026-02-27
0.276,SUSPECTED,SUPPORTING,0.745,NONE,NORMAL,TRAIN,True,CRIMINAL,ACTIVE,2025-11-11,2026-03-26
0.385,CONFIRMED,SUPPORTING,0.974,NONE,NORMAL,TRAIN,True,CRIMINAL,ACTIVE,2026-03-07,2026-07-28
0.244,CONFIRMED,SUPPORTING,0.931,NONE,NORMAL,TRAIN,True,CRIMINAL,ACTIVE,2026-02-12,2026-05-28
0.563,CONFIRMED,SUPPORTING,0.917,NONE,NORMAL,VALIDATION,True,LEGITIMATE,ACTIVE,2025-12-18,2026-03-16
0.266,UNKNOWN,NEUTRAL,0.286,NONE,NORMAL,TEST,True,AMBIGUOUS,ACTIVE,2026-05-21,2026-07-31
0.33,UNKNOWN,NEUTRAL,0.31,NONE,NORMAL,TRAIN,True,MIXED,ACTIVE,2026-02-04,2026-06-15
0.201,CONFIRMED,SUPPORTING,0.958,NONE,NORMAL,TRAIN,True,MIXED,ACTIVE,2026-03-19,2026-07-19
0.588,SUSPECTED,SUPPORTING,0.614,CRIMINAL_ANOMALY,NORMAL,TRAIN,True,CRIMINAL,ACTIVE,2025-12-20,2026-05-06
0.409,UNKNOWN,NEUTRAL,0.494,NONE,NORMAL,TRAIN,True,MIXED,ACTIVE,2025-09-15,2026-02-14
0.082,SUSPECTED,SUPPORTING,0.853,NONE,NORMAL,TRAIN,True,MIXED,ACTIVE,2026-02-26,2026-06-19
0.16,SUSPECTED,SUPPORTING,0.6,NONE,NORMAL,TRAIN,True,MIXED,ACTIVE,2025-11-27,2026-06-02
0.33,CONFIRMED,SUPPORTING,0.83,NONE,NORMAL,TRAIN,True,CRIMINAL,ACTIVE,2026-07-14,2026-09-29
0.327,FALSE,CONTRADICTING,0.325,NONE,NORMAL,TRAIN,True,CRIMINAL,ACTIVE,2026-05-21,2026-08-01
0.442,FALSE,CONTRADICTING,0.267,NONE,NORMAL,TRAIN,True,MIXED,ACTIVE,2026-05-02,2026-10-21
0.358,SUSPECTED,SUPPORTING,0.724,NONE,NORMAL,VALIDATION,True,LEGITIMATE,ACTIVE,2025-11-09,2026-04-28
0.624,FALSE,CONTRADICTING,0.311,NONE,NORMAL,TRAIN,True,CRIMINAL,ACTIVE,2025-12-26,2026-03-02
0.593,CONFIRMED,SUPPORTING,0.974,NONE,NORMAL,TRAIN,True,CRIMINAL,ACTIVE,2026-03-22,2026-07-07
0.061,FALSE,CONTRADICTING,0.13,CONTEXTUAL_ANOMALY,NORMAL,VALIDATION,True,LEGITIMATE,ACTIVE,2025-09-28,2026-03-29
0.165,CONFIRMED,SUPPORTING,0.907,NONE,NORMAL,TRAIN,True,CRIMINAL,ACTIVE,2026-01-07,2026-05-09
0.422,UNKNOWN,NEUTRAL,0.212,NONE,NORMAL,TEST,True,AMBIGUOUS,ACTIVE,2025-10-24,2026-05-15
0.136,SUSPECTED,SUPPORTING,0.627,NONE,NORMAL,VALIDATION,True,LEGITIMATE,ACTIVE,2026-03-24,2026-07-28
0.142,FALSE,CONTRADICTING,0.213,NONE,NORMAL,TRAIN,True,MIXED,ACTIVE,2026-04-24,2026-07-16
0.262,UNKNOWN,NEUTRAL,0.271,CRIMINAL_ANOMALY,NORMAL,VALIDATION,True,LEGITIMATE,ACTIVE,2025-12-04,2026-04-24
0.471,UNKNOWN,NEUTRAL,0.324,NONE,NORMAL,TRAIN,True,CRIMINAL,ACTIVE,2026-01-13,2026-05-02
0.333,UNKNOWN,NEUTRAL,0.381,NONE,NORMAL,TRAIN,True,MIXED,ACTIVE,2026-06-03,2026-09-16
0.332,SUSPECTED,SUPPORTING,0.84,NONE,NORMAL,TRAIN,True,MIXED,ACTIVE,2026-06-13,2026-09-13
0.322,SUSPECTED,SUPPORTING,0.663,NONE,NORMAL,TEST,True,AMBIGUOUS,ACTIVE,2026-05-10,2026-07-16
0.068,CONFIRMED,SUPPORTING,0.935,NONE,NORMAL,TRAIN,True,CRIMINAL,ACTIVE,2026-07-24,2026-10-23
0.192,UNKNOWN,NEUTRAL,0.266,NONE,NORMAL,TEST,True,AMBIGUOUS,ACTIVE,2026-01-25,2026-06-23
0.491,SUSPECTED,SUPPORTING,0.855,NONE,NORMAL,TRAIN,True,CRIMINAL,ACTIVE,2026-03-19,2026-09-05
0.5,CONFIRMED,SUPPORTING,0.916,NONE,NORMAL,TRAIN,True,MIXED,ACTIVE,2025-11-13,2026-03-14
0.215,SUSPECTED,SUPPORTING,0.645,NONE,FORMATTING_VARIATION,TEST,True,AMBIGUOUS,ACTIVE,2026-05-08,2026-09-10
0.37,SUSPECTED,SUPPORTING,0.849,NONE,NORMAL,TRAIN,True,MIXED,ACTIVE,2026-03-16,2026-08-28
0.164,SUSPECTED,SUPPORTING,0.637,NONE,NORMAL,TEST,True,AMBIGUOUS,ACTIVE,2025-12-06,2026-04-20
0.573,CONFIRMED,SUPPORTING,0.833,NONE,NORMAL,TRAIN,True,CRIMINAL,ACTIVE,2026-05-20,2026-08-30
0.766,FALSE,CONTRADICTING,0.353,NONE,NORMAL,TRAIN,True,CRIMINAL,ACTIVE,2026-03-29,2026-07-09
0.683,SUSPECTED,SUPPORTING,0.601,NONE,NORMAL,TRAIN,True,CRIMINAL,ACTIVE,2025-12-02,2026-04-25
0.619,UNKNOWN,NEUTRAL,0.266,NONE,NORMAL,TRAIN,True,CRIMINAL,ACTIVE,2026-02-28,2026-04-08
0.684,FALSE,CONTRADICTING,0.337,NONE,NORMAL,TRAIN,True,MIXED,ACTIVE,2026-01-06,2026-05-02
0.516,FALSE,CONTRADICTING,0.284,NONE,NORMAL,VALIDATION,True,LEGITIMATE,ACTIVE,2026-07-11,2026-10-21
0.33,CONFIRMED,SUPPORTING,0.863,NONE,NORMAL,TRAIN,True,CRIMINAL,ACTIVE,2026-02-06,2026-05-27
0.285,SUSPECTED,SUPPORTING,0.587,NONE,NORMAL,TRAIN,True,LEGITIMATE,ACTIVE,2025-12-14,2026-03-19
0.488,SUSPECTED,SUPPORTING,0.81,NONE,NORMAL,TRAIN,True,CRIMINAL,ACTIVE,2025-11-11,2026-04-27
0.209,CONFIRMED,SUPPORTING,0.899,NONE,NORMAL,TRAIN,True,CRIMINAL,ACTIVE,2026-04-06,2026-09-23
0.806,FALSE,CONTRADICTING,0.336,NONE,NORMAL,TRAIN,True,MIXED,ACTIVE,2025-10-26,2026-05-20
0.657,SUSPECTED,SUPPORTING,0.85,NONE,NORMAL,TEST,True,AMBIGUOUS,ACTIVE,2026-01-29,2026-05-10
0.296,CONFIRMED,SUPPORTING,0.889,NONE,NORMAL,TRAIN,True,MIXED,ACTIVE,2025-12-21,2026-04-02
0.247,CONFIRMED,SUPPORTING,0.908,NONE,NORMAL,TEST,True,AMBIGUOUS,ACTIVE,2025-12-22,2026-04-14
0.645,UNKNOWN,NEUTRAL,0.398,LEGITIMATE_ANOMALY,NORMAL,TRAIN,True,CRIMINAL,ACTIVE,2026-03-16,2026-07-26
0.454,UNKNOWN,NEUTRAL,0.467,COLLECTIVE_ANOMALY,NORMAL,TRAIN,True,CRIMINAL,ACTIVE,2026-03-23,2026-07-10
0.579,CONFIRMED,SUPPORTING,0.831,NONE,NORMAL,TRAIN,True,CRIMINAL,ACTIVE,2026-03-28,2026-07-15
0.589,SUSPECTED,SUPPORTING,0.63,NONE,NORMAL,TEST,True,AMBIGUOUS,ACTIVE,2025-12-19,2026-03-30
0.449,FALSE,CONTRADICTING,0.415,NONE,NORMAL,TRAIN,True,CRIMINAL,ACTIVE,2025-10-31,2026-03-26
0.494,FALSE,CONTRADICTING,0.402,NONE,NORMAL,TRAIN,True,MIXED,ACTIVE,2026-05-11,2026-08-24
0.221,SUSPECTED,SUPPORTING,0.587,NONE,NORMAL,TRAIN,True,MIXED,ACTIVE,2025-12-10,2026-04-06
0.209,CONFIRMED,SUPPORTING,0.987,NONE,NORMAL,TRAIN,True,MIXED,ACTIVE,2026-03-03,2026-07-06
0.078,FALSE,CONTRADICTING,0.159,NONE,NORMAL,TRAIN,True,CRIMINAL,ACTIVE,2025-10-31,2026-04-15
0.155,SUSPECTED,SUPPORTING,0.744,LEGITIMATE_ANOMALY,NORMAL,TRAIN,True,MIXED,ACTIVE,2025-10-20,2026-02-23
0.076,CONFIRMED,SUPPORTING,0.895,NONE,NORMAL,TRAIN,True,CRIMINAL,ACTIVE,2026-03-16,2026-06-30
0.535,SUSPECTED,SUPPORTING,0.8,NONE,NORMAL,TRAIN,True,LEGITIMATE,ACTIVE,2026-01-31,2026-07-09
0.228,UNKNOWN,NEUTRAL,0.264,NONE,NORMAL,VALIDATION,True,LEGITIMATE,ACTIVE,2025-12-01,2026-05-22
0.212,SUSPECTED,SUPPORTING,0.847,NONE,FORMATTING_VARIATION,TRAIN,True,MIXED,ACTIVE,2025-10-08,2026-03-13
0.5,CONFIRMED,SUPPORTING,0.983,TEMPORAL_ANOMALY,NORMAL,TRAIN,True,MIXED,ACTIVE,2025-11-08,2026-03-04
0.831,UNKNOWN,NEUTRAL,0.256,NONE,NORMAL,TRAIN,True,LEGITIMATE,ACTIVE,2025-10-17,2026-03-31
0.268,CONFIRMED,SUPPORTING,0.892,CRIMINAL_ANOMALY,NORMAL,TRAIN,True,CRIMINAL,ACTIVE,2025-12-07,2026-03-27
0.407,UNKNOWN,NEUTRAL,0.218,NONE,NORMAL,TEST,True,AMBIGUOUS,ACTIVE,2026-03-31,2026-07-05
0.539,FALSE,CONTRADICTING,0.341,NONE,REVERSED_RECORD,TRAIN,True,MIXED,ACTIVE,2026-03-04,2026-07-26
0.387,FALSE,CONTRADICTING,0.306,NONE,MISSING_COUNTERPARTY,TRAIN,True,CRIMINAL,ACTIVE,2026-02-27,2026-05-30
0.376,SUSPECTED,SUPPORTING,0.78,NONE,NORMAL,TRAIN,True,CRIMINAL,ACTIVE,2025-12-12,2026-02-10
0.638,CONFIRMED,SUPPORTING,0.87,NONE,NORMAL,TRAIN,True,CRIMINAL,ACTIVE,2026-01-10,2026-06-08
0.555,FALSE,CONTRADICTING,0.338,NONE,FORMATTING_VARIATION,VALIDATION,True,LEGITIMATE,ACTIVE,2025-12-27,2026-06-22
0.527,UNKNOWN,NEUTRAL,0.397,NONE,NORMAL,VALIDATION,True,LEGITIMATE,ACTIVE,2026-02-08,2026-05-20
0.864,UNKNOWN,NEUTRAL,0.456,NONE,NORMAL,TEST,True,AMBIGUOUS,ACTIVE,2025-12-15,2026-03-27
0.23,SUSPECTED,SUPPORTING,0.683,NONE,NORMAL,TRAIN,True,CRIMINAL,ACTIVE,2026-02-16,2026-04-21
0.321,UNKNOWN,NEUTRAL,0.459,NONE,NORMAL,TRAIN,True,CRIMINAL,ACTIVE,2026-03-10,2026-08-31
0.543,CONFIRMED,SUPPORTING,0.949,NONE,NORMAL,TRAIN,True,MIXED,ACTIVE,2026-02-19,2026-07-13
0.569,FALSE,CONTRADICTING,0.246,NONE,NORMAL,VALIDATION,True,LEGITIMATE,ACTIVE,2026-05-02,2026-10-23
0.511,SUSPECTED,SUPPORTING,0.745,NONE,NORMAL,TRAIN,True,MIXED,ACTIVE,2026-01-24,2026-05-10
0.488,UNKNOWN,NEUTRAL,0.324,NONE,NORMAL,TEST,True,AMBIGUOUS,ACTIVE,2025-12-19,2026-06-28
0.367,SUSPECTED,SUPPORTING,0.608,NONE,NORMAL,TRAIN,True,CRIMINAL,ACTIVE,2026-03-17,2026-08-19
0.302,FALSE,CONTRADICTING,0.292,NONE,NORMAL,TRAIN,True,CRIMINAL,ACTIVE,2026-02-08,2026-06-15
0.705,CONFIRMED,SUPPORTING,0.855,LEGITIMATE_ANOMALY,NORMAL,TRAIN,True,CRIMINAL,ACTIVE,2026-01-25,2026-03-24
0.245,SUSPECTED,SUPPORTING,0.753,TEMPORAL_ANOMALY,NORMAL,TEST,True,AMBIGUOUS,ACTIVE,2026-05-21,2026-09-16
0.87,SUSPECTED,SUPPORTING,0.825,NONE,NORMAL,TRAIN,True,MIXED,ACTIVE,2026-06-22,2026-09-13
0.731,SUSPECTED,SUPPORTING,0.818,NONE,NORMAL,TEST,True,AMBIGUOUS,ACTIVE,2026-02-20,2026-08-11
0.259,SUSPECTED,SUPPORTING,0.585,NONE,NORMAL,TEST,True,AMBIGUOUS,ACTIVE,2026-01-12,2026-04-15
0.704,CONFIRMED,SUPPORTING,0.954,NONE,NORMAL,TRAIN,True,CRIMINAL,ACTIVE,2025-10-13,2026-04-28
0.432,SUSPECTED,SUPPORTING,0.715,NONE,NORMAL,TRAIN,True,CRIMINAL,ACTIVE,2026-06-08,2026-09-12
0.613,UNKNOWN,NEUTRAL,0.354,NONE,NORMAL,TRAIN,True,CRIMINAL,ACTIVE,2025-09-15,2026-03-31
0.911,SUSPECTED,SUPPORTING,0.84,COLLECTIVE_ANOMALY,NORMAL,TRAIN,True,CRIMINAL,ACTIVE,2025-12-28,2026-05-08
0.167,SUSPECTED,SUPPORTING,0.649,NONE,NORMAL,TRAIN,True,LEGITIMATE,ACTIVE,2026-04-28,2026-06-23
0.772,SUSPECTED,SUPPORTING,0.757,NONE,NORMAL,TRAIN,True,MIXED,ACTIVE,2025-11-19,2026-05-10
0.698,CONFIRMED,SUPPORTING,0.84,NONE,NORMAL,TRAIN,True,CRIMINAL,ACTIVE,2026-01-08,2026-04-20
0.471,FALSE,CONTRADICTING,0.124,NONE,MISSING_COUNTERPARTY,VALIDATION,True,LEGITIMATE,ACTIVE,2025-12-24,2026-01-26
0.324,FALSE,CONTRADICTING,0.388,NONE,NORMAL,TRAIN,True,LEGITIMATE,ACTIVE,2025-11-06,2026-04-10
0.432,FALSE,CONTRADICTING,0.253,NONE,NORMAL,VALIDATION,True,LEGITIMATE,ACTIVE,2025-12-17,2026-03-20
0.262,FALSE,CONTRADICTING,0.174,NONE,NORMAL,TRAIN,True,MIXED,ACTIVE,2026-03-12,2026-09-15
0.413,FALSE,CONTRADICTING,0.238,COLLECTIVE_ANOMALY,NORMAL,TRAIN,True,MIXED,ACTIVE,2025-11-25,2026-06-06
0.229,SUSPECTED,SUPPORTING,0.697,TEMPORAL_ANOMALY,NORMAL,TRAIN,True,CRIMINAL,ACTIVE,2026-04-11,2026-06-29
0.087,SUSPECTED,SUPPORTING,0.763,NONE,NORMAL,TRAIN,True,CRIMINAL,ACTIVE,2026-05-26,2026-09-06
0.351,SUSPECTED,SUPPORTING,0.835,NONE,NORMAL,TEST,True,AMBIGUOUS,ACTIVE,2026-03-23,2026-08-20
0.343,SUSPECTED,SUPPORTING,0.781,NONE,NORMAL,TRAIN,True,CRIMINAL,ACTIVE,2025-11-08,2026-03-03
0.556,UNKNOWN,NEUTRAL,0.237,LEGITIMATE_ANOMALY,NORMAL,TRAIN,True,CRIMINAL,ACTIVE,2025-11-12,2026-04-03
0.474,FALSE,CONTRADICTING,0.316,NONE,NORMAL,TRAIN,True,MIXED,ACTIVE,2026-04-12,2026-10-01
0.684,SUSPECTED,SUPPORTING,0.662,NONE,NORMAL,TRAIN,True,CRIMINAL,ACTIVE,2026-05-13,2026-07-12
0.713,UNKNOWN,NEUTRAL,0.267,TEMPORAL_ANOMALY,NORMAL,TRAIN,True,MIXED,ACTIVE,2026-03-17,2026-08-06
0.666,UNKNOWN,NEUTRAL,0.353,NONE,NORMAL,TRAIN,True,MIXED,ACTIVE,2025-11-22,2026-05-30
0.069,SUSPECTED,SUPPORTING,0.817,CONTEXTUAL_ANOMALY,NORMAL,VALIDATION,True,LEGITIMATE,ACTIVE,2026-03-25,2026-08-21
0.603,FALSE,CONTRADICTING,0.162,NONE,NORMAL,TRAIN,True,MIXED,ACTIVE,2026-02-08,2026-04-25
0.464,FALSE,CONTRADICTING,0.371,NONE,NORMAL,VALIDATION,True,LEGITIMATE,ACTIVE,2026-07-06,2026-11-07
0.114,SUSPECTED,SUPPORTING,0.732,CONTEXTUAL_ANOMALY,NORMAL,TRAIN,True,CRIMINAL,ACTIVE,2026-02-20,2026-06-02
0.12,FALSE,CONTRADICTING,0.179,NONE,NORMAL,TEST,True,AMBIGUOUS,ACTIVE,2026-05-21,2026-09-09
0.29,SUSPECTED,SUPPORTING,0.651,NONE,NORMAL,VALIDATION,True,LEGITIMATE,ACTIVE,2026-01-18,2026-05-06
0.581,UNKNOWN,NEUTRAL,0.406,NONE,NORMAL,TRAIN,True,CRIMINAL,ACTIVE,2026-02-04,2026-03-30
0.303,CONFIRMED,SUPPORTING,0.911,NONE,NORMAL,TEST,True,AMBIGUOUS,ACTIVE,2026-01-28,2026-07-26
0.897,FALSE,CONTRADICTING,0.176,NONE,NORMAL,TEST,True,AMBIGUOUS,ACTIVE,2025-10-29,2026-04-11
0.683,UNKNOWN,NEUTRAL,0.378,LEGITIMATE_ANOMALY,NORMAL,TEST,True,AMBIGUOUS,ACTIVE,2025-12-26,2026-04-15
0.365,UNKNOWN,NEUTRAL,0.367,NONE,NORMAL,VALIDATION,True,LEGITIMATE,ACTIVE,2025-12-24,2026-06-12
0.266,SUSPECTED,SUPPORTING,0.7,NONE,NORMAL,TRAIN,True,CRIMINAL,ACTIVE,2026-03-08,2026-09-20
0.691,SUSPECTED,SUPPORTING,0.719,LEGITIMATE_ANOMALY,NORMAL,VALIDATION,True,LEGITIMATE,ACTIVE,2026-03-17,2026-07-11
0.747,CONFIRMED,SUPPORTING,0.893,NONE,NORMAL,VALIDATION,True,LEGITIMATE,ACTIVE,2026-03-24,2026-05-12
0.228,UNKNOWN,NEUTRAL,0.377,NONE,NORMAL,TRAIN,True,LEGITIMATE,ACTIVE,2026-01-06,2026-06-25
0.664,FALSE,CONTRADICTING,0.249,NONE,NORMAL,TRAIN,True,CRIMINAL,ACTIVE,2025-11-16,2026-04-16
0.734,CONFIRMED,SUPPORTING,0.904,NONE,NORMAL,TEST,True,AMBIGUOUS,ACTIVE,2026-07-13,2026-10-16
0.327,SUSPECTED,SUPPORTING,0.764,NONE,NORMAL,TRAIN,True,MIXED,ACTIVE,2026-01-27,2026-05-26
0.224,SUSPECTED,SUPPORTING,0.708,LEGITIMATE_ANOMALY,NORMAL,TRAIN,True,MIXED,ACTIVE,2026-04-03,2026-06-20
0.348,CONFIRMED,SUPPORTING,0.937,NONE,NORMAL,TRAIN,True,CRIMINAL,ACTIVE,2026-01-01,2026-07-13
0.479,UNKNOWN,NEUTRAL,0.354,NONE,NORMAL,TRAIN,True,MIXED,ACTIVE,2026-06-19,2026-08-09
0.64,FALSE,CONTRADICTING,0.371,NONE,NORMAL,TRAIN,True,MIXED,ACTIVE,2026-05-31,2026-08-26
0.265,SUSPECTED,SUPPORTING,0.826,NONE,NORMAL,TRAIN,True,CRIMINAL,ACTIVE,2025-10-02,2026-02-19
0.538,UNKNOWN,NEUTRAL,0.507,NONE,NORMAL,TEST,True,AMBIGUOUS,ACTIVE,2026-01-21,2026-05-28
0.508,SUSPECTED,SUPPORTING,0.611,CONTEXTUAL_ANOMALY,NORMAL,VALIDATION,True,LEGITIMATE,ACTIVE,2026-07-23,2026-09-13
0.468,CONFIRMED,SUPPORTING,0.942,NONE,NORMAL,TRAIN,True,CRIMINAL,ACTIVE,2026-05-30,2026-09-13
0.56,SUSPECTED,SUPPORTING,0.817,NONE,NORMAL,TEST,True,AMBIGUOUS,ACTIVE,2026-03-20,2026-05-13
0.54,SUSPECTED,SUPPORTING,0.582,NONE,NORMAL,TRAIN,True,CRIMINAL,ACTIVE,2026-06-06,2026-07-31
0.525,SUSPECTED,SUPPORTING,0.788,NONE,NORMAL,TRAIN,True,MIXED,ACTIVE,2026-06-10,2026-08-30
0.521,CONFIRMED,SUPPORTING,0.878,NONE,NORMAL,TRAIN,True,CRIMINAL,ACTIVE,2026-04-10,2026-05-27
0.369,FALSE,CONTRADICTING,0.174,NONE,REVERSED_RECORD,VALIDATION,True,LEGITIMATE,ACTIVE,2026-06-15,2026-09-14
0.605,SUSPECTED,SUPPORTING,0.779,NONE,NORMAL,TRAIN,True,MIXED,ACTIVE,2025-12-23,2026-04-05
0.125,SUSPECTED,SUPPORTING,0.608,NONE,NORMAL,TRAIN,True,CRIMINAL,ACTIVE,2026-04-23,2026-08-03
0.393,SUSPECTED,SUPPORTING,0.857,NONE,NORMAL,TRAIN,True,MIXED,ACTIVE,2026-06-21,2026-09-28
0.211,UNKNOWN,NEUTRAL,0.326,NONE,NORMAL,VALIDATION,True,LEGITIMATE,ACTIVE,2026-02-26,2026-06-22
0.295,SUSPECTED,SUPPORTING,0.816,NONE,FORMATTING_VARIATION,TRAIN,True,CRIMINAL,ACTIVE,2026-02-17,2026-04-01
0.25,SUSPECTED,SUPPORTING,0.701,NONE,DUPLICATE,TRAIN,True,MIXED,ACTIVE,2026-04-03,2026-10-06
0.595,FALSE,CONTRADICTING,0.241,NONE,NORMAL,TRAIN,True,MIXED,ACTIVE,2026-02-18,2026-08-14
0.369,SUSPECTED,SUPPORTING,0.611,CONTEXTUAL_ANOMALY,NORMAL,TRAIN,True,CRIMINAL,ACTIVE,2026-03-31,2026-08-07
0.479,SUSPECTED,SUPPORTING,0.829,NONE,NORMAL,TRAIN,True,CRIMINAL,ACTIVE,2025-10-05,2026-03-26
0.658,SUSPECTED,SUPPORTING,0.795,NONE,NORMAL,VALIDATION,True,LEGITIMATE,ACTIVE,2026-04-13,2026-06-24
0.339,SUSPECTED,SUPPORTING,0.624,NONE,NORMAL,VALIDATION,True,LEGITIMATE,ACTIVE,2025-12-19,2026-04-17
0.072,CONFIRMED,SUPPORTING,0.895,NONE,NORMAL,TRAIN,True,CRIMINAL,ACTIVE,2026-04-24,2026-05-31
0.247,UNKNOWN,NEUTRAL,0.409,NONE,NORMAL,TRAIN,True,CRIMINAL,ACTIVE,2025-10-25,2026-02-19
0.123,FALSE,CONTRADICTING,0.351,NONE,NORMAL,TRAIN,True,MIXED,ACTIVE,2026-03-31,2026-06-08
0.245,CONFIRMED,SUPPORTING,0.824,NONE,NORMAL,TRAIN,True,CRIMINAL,ACTIVE,2026-02-02,2026-03-23
0.189,UNKNOWN,NEUTRAL,0.361,NONE,NORMAL,TEST,True,AMBIGUOUS,ACTIVE,2026-03-26,2026-07-04
0.25,CONFIRMED,SUPPORTING,0.915,NONE,NORMAL,TRAIN,True,MIXED,ACTIVE,2026-02-16,2026-06-05
0.748,CONFIRMED,SUPPORTING,0.895,NONE,NORMAL,VALIDATION,True,LEGITIMATE,ACTIVE,2026-06-21,2026-09-06
0.353,SUSPECTED,SUPPORTING,0.686,NONE,FORMATTING_VARIATION,TRAIN,True,CRIMINAL,ACTIVE,2026-03-19,2026-07-03
0.681,CONFIRMED,SUPPORTING,0.953,LEGITIMATE_ANOMALY,DUPLICATE,TRAIN,True,CRIMINAL,ACTIVE,2026-04-14,2026-09-11
0.48,SUSPECTED,SUPPORTING,0.842,CRIMINAL_ANOMALY,NORMAL,VALIDATION,True,LEGITIMATE,ACTIVE,2026-07-09,2026-09-07
0.5,UNKNOWN,NEUTRAL,0.539,NONE,NORMAL,TRAIN,True,CRIMINAL,ACTIVE,2026-05-11,2026-09-22
0.43,FALSE,CONTRADICTING,0.141,NONE,NORMAL,TRAIN,True,MIXED,ACTIVE,2025-11-17,2026-02-21
0.565,CONFIRMED,SUPPORTING,0.94,NONE,NORMAL,TRAIN,True,CRIMINAL,ACTIVE,2026-05-15,2026-10-05
0.57,FALSE,CONTRADICTING,0.331,NONE,NORMAL,TEST,True,AMBIGUOUS,ACTIVE,2026-03-30,2026-06-19
0.555,SUSPECTED,SUPPORTING,0.619,NONE,NORMAL,TRAIN,True,MIXED,ACTIVE,2026-03-17,2026-05-16
0.408,UNKNOWN,NEUTRAL,0.28,NONE,NORMAL,TRAIN,True,CRIMINAL,ACTIVE,2026-02-08,2026-05-10
0.176,FALSE,CONTRADICTING,0.29,NONE,NORMAL,VALIDATION,True,LEGITIMATE,ACTIVE,2025-10-23,2026-03-02
0.455,UNKNOWN,NEUTRAL,0.331,NONE,NORMAL,VALIDATION,True,LEGITIMATE,ACTIVE,2025-10-22,2026-04-19
0.172,CONFIRMED,SUPPORTING,0.901,LEGITIMATE_ANOMALY,NORMAL,TRAIN,True,CRIMINAL,ACTIVE,2026-04-27,2026-10-12
0.17,CONFIRMED,SUPPORTING,0.96,NONE,NORMAL,TRAIN,True,MIXED,ACTIVE,2026-01-17,2026-03-12
0.614,FALSE,CONTRADICTING,0.185,NONE,NORMAL,TEST,True,AMBIGUOUS,ACTIVE,2026-03-05,2026-07-06
0.153,FALSE,CONTRADICTING,0.2,NONE,NORMAL,TRAIN,True,MIXED,ACTIVE,2026-04-20,2026-08-24
0.085,SUSPECTED,SUPPORTING,0.778,NONE,NORMAL,TRAIN,True,CRIMINAL,ACTIVE,2026-06-08,2026-07-27
0.464,CONFIRMED,SUPPORTING,0.924,CONTEXTUAL_ANOMALY,NORMAL,TRAIN,True,CRIMINAL,ACTIVE,2026-03-05,2026-08-22
0.474,SUSPECTED,SUPPORTING,0.679,NONE,NORMAL,TRAIN,True,CRIMINAL,ACTIVE,2026-01-09,2026-05-22
0.66,UNKNOWN,NEUTRAL,0.499,TEMPORAL_ANOMALY,NORMAL,TRAIN,True,CRIMINAL,ACTIVE,2025-11-19,2026-02-24
0.372,CONFIRMED,SUPPORTING,0.869,NONE,MISSING_COUNTERPARTY,TRAIN,True,CRIMINAL,ACTIVE,2026-01-27,2026-04-19
0.402,UNKNOWN,NEUTRAL,0.314,NONE,NORMAL,TRAIN,True,CRIMINAL,ACTIVE,2025-11-16,2026-04-03
0.141,SUSPECTED,SUPPORTING,0.813,NONE,NORMAL,TRAIN,True,MIXED,ACTIVE,2026-08-05,2026-10-17
0.679,CONFIRMED,SUPPORTING,0.875,NONE,NORMAL,TRAIN,True,MIXED,ACTIVE,2026-02-28,2026-06-13
0.27,CONFIRMED,SUPPORTING,0.882,NONE,NORMAL,TRAIN,True,CRIMINAL,ACTIVE,2026-01-14,2026-04-04
0.322,UNKNOWN,NEUTRAL,0.538,NONE,NORMAL,TRAIN,True,MIXED,ACTIVE,2026-05-04,2026-07-25
0.223,UNKNOWN,NEUTRAL,0.419,NONE,NORMAL,TRAIN,True,CRIMINAL,ACTIVE,2025-12-25,2026-07-10
0.224,CONFIRMED,SUPPORTING,0.899,NONE,NORMAL,TRAIN,True,CRIMINAL,ACTIVE,2025-12-24,2026-04-11
0.337,SUSPECTED,SUPPORTING,0.84,NONE,NORMAL,TRAIN,True,CRIMINAL,ACTIVE,2026-04-11,2026-07-08
0.498,SUSPECTED,SUPPORTING,0.69,NONE,NORMAL,TEST,True,AMBIGUOUS,ACTIVE,2026-02-28,2026-07-18
0.158,SUSPECTED,SUPPORTING,0.722,NONE,NORMAL,TRAIN,True,MIXED,ACTIVE,2025-10-02,2026-02-21
0.32,FALSE,CONTRADICTING,0.211,NONE,NORMAL,TRAIN,True,CRIMINAL,ACTIVE,2026-04-14,2026-06-27
0.765,UNKNOWN,NEUTRAL,0.227,CONTEXTUAL_ANOMALY,NORMAL,TRAIN,True,MIXED,ACTIVE,2026-01-31,2026-04-06
0.731,SUSPECTED,SUPPORTING,0.779,NONE,NORMAL,TRAIN,True,CRIMINAL,ACTIVE,2026-04-07,2026-05-23
0.637,UNKNOWN,NEUTRAL,0.55,NONE,NORMAL,TRAIN,True,LEGITIMATE,ACTIVE,2026-05-21,2026-07-22
0.597,CONFIRMED,SUPPORTING,0.93,NONE,NORMAL,TRAIN,True,MIXED,ACTIVE,2026-01-20,2026-06-23
0.508,FALSE,CONTRADICTING,0.337,NONE,NORMAL,TEST,True,AMBIGUOUS,ACTIVE,2025-12-29,2026-06-03
0.321,SUSPECTED,SUPPORTING,0.594,NONE,NORMAL,TRAIN,True,CRIMINAL,ACTIVE,2026-03-11,2026-08-31
0.369,CONFIRMED,SUPPORTING,0.848,NONE,NORMAL,TEST,True,AMBIGUOUS,ACTIVE,2026-06-15,2026-08-20
0.581,CONFIRMED,SUPPORTING,0.852,CRIMINAL_ANOMALY,NORMAL,TRAIN,True,CRIMINAL,ACTIVE,2026-01-13,2026-03-26
0.736,SUSPECTED,SUPPORTING,0.69,NONE,NORMAL,TRAIN,True,CRIMINAL,ACTIVE,2025-12-10,2026-04-26
0.606,FALSE,CONTRADICTING,0.229,NONE,NORMAL,VALIDATION,True,LEGITIMATE,ACTIVE,2026-05-02,2026-06-20
0.632,CONFIRMED,SUPPORTING,0.918,NONE,NORMAL,TRAIN,True,CRIMINAL,ACTIVE,2026-07-26,2026-10-19
0.27,CONFIRMED,SUPPORTING,0.935,CONTEXTUAL_ANOMALY,NORMAL,TEST,True,AMBIGUOUS,ACTIVE,2026-05-09,2026-07-24
0.587,CONFIRMED,SUPPORTING,0.911,NONE,NORMAL,TRAIN,True,CRIMINAL,ACTIVE,2026-05-08,2026-07-20
0.305,UNKNOWN,NEUTRAL,0.361,NONE,NORMAL,TEST,True,AMBIGUOUS,ACTIVE,2025-11-27,2026-01-27
0.542,CONFIRMED,SUPPORTING,0.835,NONE,NORMAL,VALIDATION,True,LEGITIMATE,ACTIVE,2025-12-02,2026-04-30
0.248,CONFIRMED,SUPPORTING,0.835,NONE,NORMAL,TRAIN,True,LEGITIMATE,ACTIVE,2026-05-13,2026-08-31
0.358,SUSPECTED,SUPPORTING,0.719,NONE,NORMAL,TRAIN,True,CRIMINAL,ACTIVE,2026-03-08,2026-08-18
0.391,SUSPECTED,SUPPORTING,0.843,NONE,NORMAL,TRAIN,True,CRIMINAL,ACTIVE,2026-04-26,2026-08-05
0.078,SUSPECTED,SUPPORTING,0.695,NONE,NORMAL,TRAIN,True,CRIMINAL,ACTIVE,2026-05-28,2026-07-12
0.514,CONFIRMED,SUPPORTING,0.929,CRIMINAL_ANOMALY,MISSING_COUNTERPARTY,TRAIN,True,CRIMINAL,ACTIVE,2026-01-08,2026-05-27
0.321,UNKNOWN,NEUTRAL,0.347,NONE,NORMAL,TRAIN,True,CRIMINAL,ACTIVE,2025-10-22,2026-04-15
0.278,FALSE,CONTRADICTING,0.133,NONE,NORMAL,TRAIN,True,MIXED,ACTIVE,2026-02-19,2026-05-31
0.563,SUSPECTED,SUPPORTING,0.843,NONE,NORMAL,VALIDATION,True,LEGITIMATE,ACTIVE,2026-05-03,2026-10-11
0.427,SUSPECTED,SUPPORTING,0.851,NONE,NORMAL,TRAIN,True,CRIMINAL,ACTIVE,2025-10-20,2026-03-07
0.414,CONFIRMED,SUPPORTING,0.934,CRIMINAL_ANOMALY,NORMAL,VALIDATION,True,LEGITIMATE,ACTIVE,2025-11-11,2026-04-22
0.322,UNKNOWN,NEUTRAL,0.303,NONE,NORMAL,TRAIN,True,CRIMINAL,ACTIVE,2026-05-31,2026-08-05
0.837,CONFIRMED,SUPPORTING,0.95,NONE,NORMAL,TRAIN,True,CRIMINAL,ACTIVE,2026-04-03,2026-09-03
0.627,UNKNOWN,NEUTRAL,0.269,NONE,NORMAL,VALIDATION,True,LEGITIMATE,ACTIVE,2026-01-08,2026-05-28
0.647,SUSPECTED,SUPPORTING,0.644,NONE,NORMAL,TRAIN,True,MIXED,ACTIVE,2025-10-24,2026-04-14
0.517,CONFIRMED,SUPPORTING,0.905,NONE,NORMAL,TRAIN,True,CRIMINAL,ACTIVE,2025-12-10,2026-04-07
0.115,SUSPECTED,SUPPORTING,0.708,NONE,NORMAL,TRAIN,True,CRIMINAL,ACTIVE,2025-10-04,2026-03-06
0.851,SUSPECTED,SUPPORTING,0.683,COLLECTIVE_ANOMALY,NORMAL,TRAIN,True,MIXED,ACTIVE,2026-06-02,2026-10-16
0.392,SUSPECTED,SUPPORTING,0.704,LEGITIMATE_ANOMALY,NORMAL,VALIDATION,True,LEGITIMATE,ACTIVE,2026-02-12,2026-08-02
0.291,FALSE,CONTRADICTING,0.383,NONE,NORMAL,TRAIN,True,CRIMINAL,ACTIVE,2026-03-23,2026-06-18
0.49,SUSPECTED,SUPPORTING,0.805,NONE,NORMAL,TRAIN,True,CRIMINAL,ACTIVE,2026-06-06,2026-10-05
0.696,CONFIRMED,SUPPORTING,0.941,NONE,FORMATTING_VARIATION,TRAIN,True,LEGITIMATE,ACTIVE,2026-02-07,2026-04-29
0.142,SUSPECTED,SUPPORTING,0.697,CRIMINAL_ANOMALY,NORMAL,TRAIN,True,MIXED,ACTIVE,2026-02-17,2026-07-23
0.187,SUSPECTED,SUPPORTING,0.673,CONTEXTUAL_ANOMALY,NORMAL,TRAIN,True,MIXED,ACTIVE,2026-07-23,2026-09-15
0.258,CONFIRMED,SUPPORTING,0.981,CONTEXTUAL_ANOMALY,NORMAL,TRAIN,True,CRIMINAL,ACTIVE,2026-06-04,2026-09-10
0.621,FALSE,CONTRADICTING,0.199,COLLECTIVE_ANOMALY,NORMAL,TRAIN,True,CRIMINAL,ACTIVE,2025-11-16,2026-02-19
0.853,UNKNOWN,NEUTRAL,0.339,NONE,NORMAL,TRAIN,True,CRIMINAL,ACTIVE,2026-06-02,2026-08-14
0.307,SUSPECTED,SUPPORTING,0.738,NONE,NORMAL,TRAIN,True,MIXED,ACTIVE,2026-04-14,2026-08-29
0.778,SUSPECTED,SUPPORTING,0.831,NONE,NORMAL,TRAIN,True,MIXED,ACTIVE,2025-11-20,2026-02-27
0.579,SUSPECTED,SUPPORTING,0.855,NONE,FORMATTING_VARIATION,TRAIN,True,MIXED,ACTIVE,2026-03-30,2026-08-20
0.291,UNKNOWN,NEUTRAL,0.434,NONE,REVERSED_RECORD,TRAIN,True,CRIMINAL,ACTIVE,2026-03-27,2026-09-02
0.784,UNKNOWN,NEUTRAL,0.451,NONE,NORMAL,TRAIN,True,CRIMINAL,ACTIVE,2025-12-21,2026-05-14
0.274,UNKNOWN,NEUTRAL,0.312,NONE,NORMAL,TRAIN,True,MIXED,ACTIVE,2026-05-28,2026-08-05
0.104,FALSE,CONTRADICTING,0.408,NONE,NORMAL,TRAIN,True,LEGITIMATE,ACTIVE,2026-05-21,2026-10-27
0.068,CONFIRMED,SUPPORTING,0.945,NONE,NORMAL,TEST,True,AMBIGUOUS,ACTIVE,2026-04-18,2026-07-19
0.664,SUSPECTED,SUPPORTING,0.705,NONE,NORMAL,TRAIN,True,CRIMINAL,ACTIVE,2026-05-21,2026-08-24
0.567,FALSE,CONTRADICTING,0.337,NONE,NORMAL,VALIDATION,True,LEGITIMATE,ACTIVE,2026-01-25,2026-05-16
0.32,SUSPECTED,SUPPORTING,0.614,COLLECTIVE_ANOMALY,NORMAL,TRAIN,True,MIXED,ACTIVE,2026-01-05,2026-05-22
0.205,CONFIRMED,SUPPORTING,0.894,NONE,NORMAL,TRAIN,True,MIXED,ACTIVE,2026-03-07,2026-08-06
0.148,CONFIRMED,SUPPORTING,0.862,NONE,REVERSED_RECORD,TRAIN,True,CRIMINAL,ACTIVE,2026-01-17,2026-07-05
0.255,UNKNOWN,NEUTRAL,0.497,NONE,NORMAL,TRAIN,True,CRIMINAL,ACTIVE,2026-04-22,2026-09-13
0.235,SUSPECTED,SUPPORTING,0.765,NONE,NORMAL,TRAIN,True,MIXED,ACTIVE,2026-01-12,2026-03-23
0.431,UNKNOWN,NEUTRAL,0.507,NONE,NORMAL,TRAIN,True,CRIMINAL,ACTIVE,2026-03-27,2026-05-04
0.31,SUSPECTED,SUPPORTING,0.725,TEMPORAL_ANOMALY,NORMAL,TEST,True,AMBIGUOUS,ACTIVE,2026-05-30,2026-08-29
0.243,CONFIRMED,SUPPORTING,0.949,TEMPORAL_ANOMALY,NORMAL,TRAIN,True,CRIMINAL,ACTIVE,2026-04-16,2026-09-06
0.19,CONFIRMED,SUPPORTING,0.904,COLLECTIVE_ANOMALY,NORMAL,VALIDATION,True,LEGITIMATE,ACTIVE,2026-05-24,2026-09-23
0.175,SUSPECTED,SUPPORTING,0.858,CRIMINAL_ANOMALY,NORMAL,TEST,True,AMBIGUOUS,ACTIVE,2026-04-30,2026-10-08
0.312,FALSE,CONTRADICTING,0.413,NONE,NORMAL,TEST,True,AMBIGUOUS,ACTIVE,2025-11-23,2026-04-12
0.453,CONFIRMED,SUPPORTING,0.842,NONE,NORMAL,VALIDATION,True,LEGITIMATE,ACTIVE,2026-01-15,2026-06-17
0.191,SUSPECTED,SUPPORTING,0.726,NONE,NORMAL,TRAIN,True,CRIMINAL,ACTIVE,2025-12-15,2026-02-20
0.243,CONFIRMED,SUPPORTING,0.933,NONE,NORMAL,TRAIN,True,CRIMINAL,ACTIVE,2025-10-30,2026-04-12
0.37,CONFIRMED,SUPPORTING,0.844,NONE,NORMAL,TRAIN,True,CRIMINAL,ACTIVE,2026-01-16,2026-06-02
0.722,UNKNOWN,NEUTRAL,0.288,CRIMINAL_ANOMALY,NORMAL,TEST,True,AMBIGUOUS,ACTIVE,2026-04-09,2026-07-30
0.255,FALSE,CONTRADICTING,0.167,CRIMINAL_ANOMALY,NORMAL,VALIDATION,True,LEGITIMATE,ACTIVE,2026-05-08,2026-08-10
0.569,CONFIRMED,SUPPORTING,0.874,NONE,NORMAL,TRAIN,True,CRIMINAL,ACTIVE,2026-04-10,2026-09-08
0.749,SUSPECTED,SUPPORTING,0.613,LEGITIMATE_ANOMALY,NORMAL,TRAIN,True,MIXED,ACTIVE,2026-04-06,2026-05-25
0.303,UNKNOWN,NEUTRAL,0.464,COLLECTIVE_ANOMALY,NORMAL,VALIDATION,True,LEGITIMATE,ACTIVE,2026-01-13,2026-07-30
0.496,UNKNOWN,NEUTRAL,0.23,NONE,NORMAL,TEST,True,AMBIGUOUS,ACTIVE,2026-04-25,2026-07-21
0.708,SUSPECTED,SUPPORTING,0.766,NONE,NORMAL,TRAIN,True,CRIMINAL,ACTIVE,2026-02-27,2026-05-28
0.365,UNKNOWN,NEUTRAL,0.375,COLLECTIVE_ANOMALY,NORMAL,TRAIN,True,CRIMINAL,ACTIVE,2026-05-10,2026-11-06
0.251,UNKNOWN,NEUTRAL,0.501,NONE,NORMAL,TRAIN,True,MIXED,ACTIVE,2026-01-01,2026-05-27
0.568,CONFIRMED,SUPPORTING,0.909,NONE,NORMAL,TRAIN,True,CRIMINAL,ACTIVE,2026-03-02,2026-06-18
0.439,UNKNOWN,NEUTRAL,0.41,CONTEXTUAL_ANOMALY,NORMAL,TEST,True,AMBIGUOUS,ACTIVE,2026-04-13,2026-08-01
0.519,CONFIRMED,SUPPORTING,0.886,NONE,NORMAL,TRAIN,True,MIXED,ACTIVE,2025-11-16,2026-04-11
0.496,FALSE,CONTRADICTING,0.212,NONE,NORMAL,VALIDATION,True,LEGITIMATE,ACTIVE,2025-09-13,2026-02-16
0.097,SUSPECTED,SUPPORTING,0.628,NONE,NORMAL,TEST,True,AMBIGUOUS,ACTIVE,2025-11-28,2026-03-01
