evidence_role,evidence_strength,ground_truth_available_for_evaluation,case_network_type,relationship_truth
NEUTRAL,0.258,True,CRIMINAL,UNKNOWN
NEUTRAL,0.296,True,CRIMINAL,UNKNOWN
SUPPORTING,0.829,True,CRIMINAL,CONFIRMED
SUPPORTING,0.738,True,CRIMINAL,SUSPECTED
SUPPORTING,0.877,True,CRIMINAL,CONFIRMED
SUPPORTING,0.749,True,CRIMINAL,SUSPECTED
SUPPORTING,0.874,True,CRIMINAL,CONFIRMED
SUPPORTING,0.916,True,CRIMINAL,CONFIRMED
SUPPORTING,0.889,True,CRIMINAL,CONFIRMED
SUPPORTING,0.625,True,CRIMINAL,SUSPECTED
SUPPORTING,0.696,True,CRIMINAL,SUSPECTED
SUPPORTING,0.601,True,CRIMINAL,SUSPECTED
SUPPORTING,0.928,True,CRIMINAL,CONFIRMED
SUPPORTING,0.931,True,CRIMINAL,CONFIRMED
SUPPORTING,0.966,True,CRIMINAL,CONFIRMED
SUPPORTING,0.853,True,CRIMINAL,SUSPECTED
SUPPORTING,0.845,True,CRIMINAL,CONFIRMED
SUPPORTING,0.964,True,CRIMINAL,CONFIRMED
SUPPORTING,0.784,True,CRIMINAL,SUSPECTED
SUPPORTING,0.869,True,CRIMINAL,CONFIRMED
CONTRADICTING,0.205,True,CRIMINAL,FALSE
CONTRADICTING,0.290,True,CRIMINAL,FALSE
SUPPORTING,0.989,True,CRIMINAL,CONFIRMED
SUPPORTING,0.910,True,CRIMINAL,CONFIRMED
SUPPORTING,0.690,True,CRIMINAL,SUSPECTED
NEUTRAL,0.419,True,CRIMINAL,UNKNOWN
SUPPORTING,0.843,True,CRIMINAL,CONFIRMED
SUPPORTING,0.926,True,CRIMINAL,CONFIRMED
SUPPORTING,0.789,True,CRIMINAL,SUSPECTED
SUPPORTING,0.899,True,CRIMINAL,CONFIRMED
SUPPORTING,0.782,True,CRIMINAL,SUSPECTED
SUPPORTING,0.839,True,CRIMINAL,CONFIRMED
SUPPORTING,0.986,True,CRIMINAL,CONFIRMED
NEUTRAL,0.270,True,CRIMINAL,UNKNOWN
CONTRADICTING,0.164,True,CRIMINAL,FALSE
CONTRADICTING,0.260,True,CRIMINAL,FALSE
SUPPORTING,0.756,True,CRIMINAL,SUSPECTED
SUPPORTING,0.837,True,CRIMINAL,CONFIRMED
CONTRADICTING,0.126,True,CRIMINAL,FALSE
SUPPORTING,0.827,True,CRIMINAL,CONFIRMED
CONTRADICTING,0.158,True,MIXED,FALSE
SUPPORTING,0.982,True,MIXED,CONFIRMED
CONTRADICTING,0.204,True,MIXED,FALSE
NEUTRAL,0.494,True,MIXED,UNKNOWN
SUPPORTING,0.794,True,MIXED,SUSPECTED
CONTRADICTING,0.152,True,MIXED,FALSE
NEUTRAL,0.274,True,MIXED,UNKNOWN
SUPPORTING,0.950,True,MIXED,CONFIRMED
SUPPORTING,0.849,True,MIXED,CONFIRMED
CONTRADICTING,0.407,True,MIXED,FALSE
SUPPORTING,0.982,True,MIXED,CONFIRMED
SUPPORTING,0.823,True,MIXED,SUSPECTED
NEUTRAL,0.416,True,MIXED,UNKNOWN
CONTRADICTING,0.328,True,MIXED,FALSE
SUPPORTING,0.913,True,MIXED,CONFIRMED
NEUTRAL,0.305,True,MIXED,UNKNOWN
NEUTRAL,0.335,True,MIXED,UNKNOWN
SUPPORTING,0.721,True,MIXED,SUSPECTED
SUPPORTING,0.759,True,MIXED,SUSPECTED
SUPPORTING,0.852,True,MIXED,CONFIRMED
SUPPORTING,0.605,True,MIXED,SUSPECTED
NEUTRAL,0.425,True,MIXED,UNKNOWN
SUPPORTING,0.927,True,MIXED,CONFIRMED
SUPPORTING,0.631,True,MIXED,SUSPECTED
NEUTRAL,0.480,True,MIXED,UNKNOWN
SUPPORTING,0.976,True,LEGITIMATE,CONFIRMED
NEUTRAL,0.501,True,LEGITIMATE,UNKNOWN
NEUTRAL,0.321,True,LEGITIMATE,UNKNOWN
NEUTRAL,0.418,True,LEGITIMATE,UNKNOWN
NEUTRAL,0.467,True,LEGITIMATE,UNKNOWN
CONTRADICTING,0.328,True,LEGITIMATE,FALSE
NEUTRAL,0.323,True,LEGITIMATE,UNKNOWN
SUPPORTING,0.668,True,LEGITIMATE,SUSPECTED
SUPPORTING,0.838,True,LEGITIMATE,CONFIRMED
CONTRADICTING,0.222,True,LEGITIMATE,FALSE
CONTRADICTING,0.379,True,LEGITIMATE,FALSE
NEUTRAL,0.291,True,LEGITIMATE,UNKNOWN
NEUTRAL,0.301,True,LEGITIMATE,UNKNOWN
SUPPORTING,0.744,True,LEGITIMATE,SUSPECTED
NEUTRAL,0.270,True,LEGITIMATE,UNKNOWN
CONTRADICTING,0.182,True,LEGITIMATE,FALSE
CONTRADICTING,0.260,True,LEGITIMATE,FALSE
CONTRADICTING,0.274,True,LEGITIMATE,FALSE
CONTRADICTING,0.285,True,LEGITIMATE,FALSE
CONTRADICTING,0.171,True,LEGITIMATE,FALSE
CONTRADICTING,0.287,True,AMBIGUOUS,FALSE
SUPPORTING,0.986,True,AMBIGUOUS,CONFIRMED
NEUTRAL,0.544,True,AMBIGUOUS,UNKNOWN
NEUTRAL,0.367,True,AMBIGUOUS,UNKNOWN
NEUTRAL,0.533,True,AMBIGUOUS,UNKNOWN
NEUTRAL,0.343,True,AMBIGUOUS,UNKNOWN
SUPPORTING,0.855,True,AMBIGUOUS,CONFIRMED
SUPPORTING,0.629,True,AMBIGUOUS,SUSPECTED
SUPPORTING,0.747,True,AMBIGUOUS,SUSPECTED
NEUTRAL,0.271,True,AMBIGUOUS,UNKNOWN
NEUTRAL,0.502,True,AMBIGUOUS,UNKNOWN
NEUTRAL,0.401,True,AMBIGUOUS,UNKNOWN
CONTRADICTING,0.331,True,AMBIGUOUS,FALSE
NEUTRAL,0.484,True,AMBIGUOUS,UNKNOWN
CONTRADICTING,0.273,True,AMBIGUOUS,FALSE
SUPPORTING,0.825,True,CRIMINAL,SUSPECTED
SUPPORTING,0.962,True,CRIMINAL,CONFIRMED
CONTRADICTING,0.218,True,CRIMINAL,FALSE
SUPPORTING,0.959,True,CRIMINAL,CONFIRMED
SUPPORTING,0.832,True,CRIMINAL,CONFIRMED
SUPPORTING,0.660,True,CRIMINAL,SUSPECTED
SUPPORTING,0.947,True,CRIMINAL,CONFIRMED
SUPPORTING,0.840,True,CRIMINAL,CONFIRMED
SUPPORTING,0.979,True,CRIMINAL,CONFIRMED
NEUTRAL,0.370,True,CRIMINAL,UNKNOWN
SUPPORTING,0.778,True,CRIMINAL,SUSPECTED
SUPPORTING,0.853,True,CRIMINAL,SUSPECTED
SUPPORTING,0.748,True,CRIMINAL,SUSPECTED
SUPPORTING,0.613,True,CRIMINAL,SUSPECTED
NEUTRAL,0.545,True,CRIMINAL,UNKNOWN
SUPPORTING,0.813,True,CRIMINAL,SUSPECTED
SUPPORTING,0.818,True,CRIMINAL,SUSPECTED
SUPPORTING,0.736,True,CRIMINAL,SUSPECTED
SUPPORTING,0.875,True,CRIMINAL,CONFIRMED
CONTRADICTING,0.339,True,CRIMINAL,FALSE
SUPPORTING,0.835,True,CRIMINAL,CONFIRMED
SUPPORTING,0.856,True,CRIMINAL,CONFIRMED
SUPPORTING,0.632,True,CRIMINAL,SUSPECTED
SUPPORTING,0.941,True,CRIMINAL,CONFIRMED
SUPPORTING,0.941,True,CRIMINAL,CONFIRMED
SUPPORTING,0.902,True,CRIMINAL,CONFIRMED
NEUTRAL,0.247,True,CRIMINAL,UNKNOWN
NEUTRAL,0.233,True,CRIMINAL,UNKNOWN
CONTRADICTING,0.251,True,CRIMINAL,FALSE
SUPPORTING,0.913,True,CRIMINAL,CONFIRMED
SUPPORTING,0.617,True,CRIMINAL,SUSPECTED
CONTRADICTING,0.155,True,CRIMINAL,FALSE
SUPPORTING,0.639,True,CRIMINAL,SUSPECTED
SUPPORTING,0.901,True,CRIMINAL,CONFIRMED
SUPPORTING,0.664,True,CRIMINAL,SUSPECTED
NEUTRAL,0.238,True,CRIMINAL,UNKNOWN
SUPPORTING,0.605,True,CRIMINAL,SUSPECTED
SUPPORTING,0.876,True,CRIMINAL,CONFIRMED
NEUTRAL,0.273,True,CRIMINAL,UNKNOWN
SUPPORTING,0.924,True,CRIMINAL,CONFIRMED
SUPPORTING,0.975,True,MIXED,CONFIRMED
CONTRADICTING,0.129,True,MIXED,FALSE
SUPPORTING,0.817,True,MIXED,SUSPECTED
SUPPORTING,0.742,True,MIXED,SUSPECTED
SUPPORTING,0.771,True,MIXED,SUSPECTED
SUPPORTING,0.856,True,MIXED,SUSPECTED
SUPPORTING,0.773,True,MIXED,SUSPECTED
SUPPORTING,0.901,True,MIXED,CONFIRMED
SUPPORTING,0.752,True,MIXED,SUSPECTED
NEUTRAL,0.384,True,MIXED,UNKNOWN
CONTRADICTING,0.150,True,MIXED,FALSE
SUPPORTING,0.790,True,MIXED,SUSPECTED
NEUTRAL,0.410,True,MIXED,UNKNOWN
SUPPORTING,0.732,True,MIXED,SUSPECTED
SUPPORTING,0.827,True,MIXED,CONFIRMED
SUPPORTING,0.637,True,MIXED,SUSPECTED
SUPPORTING,0.969,True,MIXED,CONFIRMED
SUPPORTING,0.749,True,MIXED,SUSPECTED
NEUTRAL,0.480,True,MIXED,UNKNOWN
SUPPORTING,0.822,True,MIXED,SUSPECTED
SUPPORTING,0.981,True,MIXED,CONFIRMED
CONTRADICTING,0.124,True,MIXED,FALSE
CONTRADICTING,0.145,True,MIXED,FALSE
SUPPORTING,0.942,True,MIXED,CONFIRMED
NEUTRAL,0.219,True,MIXED,UNKNOWN
CONTRADICTING,0.132,True,LEGITIMATE,FALSE
NEUTRAL,0.249,True,LEGITIMATE,UNKNOWN
NEUTRAL,0.449,True,LEGITIMATE,UNKNOWN
CONTRADICTING,0.365,True,LEGITIMATE,FALSE
CONTRADICTING,0.284,True,LEGITIMATE,FALSE
CONTRADICTING,0.273,True,LEGITIMATE,FALSE
NEUTRAL,0.222,True,LEGITIMATE,UNKNOWN
CONTRADICTING,0.314,True,LEGITIMATE,FALSE
CONTRADICTING,0.302,True,LEGITIMATE,FALSE
SUPPORTING,0.716,True,LEGITIMATE,SUSPECTED
CONTRADICTING,0.333,True,LEGITIMATE,FALSE
NEUTRAL,0.256,True,LEGITIMATE,UNKNOWN
NEUTRAL,0.328,True,LEGITIMATE,UNKNOWN
NEUTRAL,0.216,True,LEGITIMATE,UNKNOWN
NEUTRAL,0.434,True,LEGITIMATE,UNKNOWN
NEUTRAL,0.520,True,LEGITIMATE,UNKNOWN
NEUTRAL,0.340,True,LEGITIMATE,UNKNOWN
CONTRADICTING,0.238,True,LEGITIMATE,FALSE
CONTRADICTING,0.216,True,LEGITIMATE,FALSE
SUPPORTING,0.757,True,LEGITIMATE,SUSPECTED
NEUTRAL,0.506,True,AMBIGUOUS,UNKNOWN
SUPPORTING,0.609,True,AMBIGUOUS,SUSPECTED
SUPPORTING,0.735,True,AMBIGUOUS,SUSPECTED
SUPPORTING,0.908,True,AMBIGUOUS,CONFIRMED
NEUTRAL,0.333,True,AMBIGUOUS,UNKNOWN
SUPPORTING,0.633,True,AMBIGUOUS,SUSPECTED
CONTRADICTING,0.271,True,AMBIGUOUS,FALSE
NEUTRAL,0.403,True,AMBIGUOUS,UNKNOWN
SUPPORTING,0.687,True,AMBIGUOUS,SUSPECTED
CONTRADICTING,0.314,True,AMBIGUOUS,FALSE
NEUTRAL,0.402,True,AMBIGUOUS,UNKNOWN
CONTRADICTING,0.287,True,AMBIGUOUS,FALSE
SUPPORTING,0.969,True,AMBIGUOUS,CONFIRMED
SUPPORTING,0.903,True,AMBIGUOUS,CONFIRMED
NEUTRAL,0.320,True,AMBIGUOUS,UNKNOWN
SUPPORTING,0.745,True,CRIMINAL,SUSPECTED
SUPPORTING,0.964,True,CRIMINAL,CONFIRMED
SUPPORTING,0.941,True,CRIMINAL,CONFIRMED
SUPPORTING,0.944,True,CRIMINAL,CONFIRMED
SUPPORTING,0.951,True,CRIMINAL,CONFIRMED
SUPPORTING,0.874,True,CRIMINAL,CONFIRMED
CONTRADICTING,0.384,True,CRIMINAL,FALSE
SUPPORTING,0.601,True,CRIMINAL,SUSPECTED
SUPPORTING,0.620,True,CRIMINAL,SUSPECTED
SUPPORTING,0.753,True,CRIMINAL,SUSPECTED
NEUTRAL,0.218,True,CRIMINAL,UNKNOWN
SUPPORTING,0.847,True,CRIMINAL,CONFIRMED
SUPPORTING,0.874,True,CRIMINAL,CONFIRMED
SUPPORTING,0.884,True,CRIMINAL,CONFIRMED
SUPPORTING,0.940,True,CRIMINAL,CONFIRMED
SUPPORTING,0.985,True,CRIMINAL,CONFIRMED
NEUTRAL,0.209,True,CRIMINAL,UNKNOWN
NEUTRAL,0.388,True,CRIMINAL,UNKNOWN
SUPPORTING,0.712,True,CRIMINAL,SUSPECTED
NEUTRAL,0.339,True,CRIMINAL,UNKNOWN
SUPPORTING,0.911,True,CRIMINAL,CONFIRMED
SUPPORTING,0.809,True,CRIMINAL,SUSPECTED
SUPPORTING,0.859,True,CRIMINAL,CONFIRMED
SUPPORTING,0.799,True,CRIMINAL,SUSPECTED
SUPPORTING,0.838,True,CRIMINAL,SUSPECTED
SUPPORTING,0.636,True,CRIMINAL,SUSPECTED
SUPPORTING,0.942,True,CRIMINAL,CONFIRMED
SUPPORTING,0.699,True,CRIMINAL,SUSPECTED
SUPPORTING,0.830,True,CRIMINAL,CONFIRMED
SUPPORTING,0.636,True,CRIMINAL,SUSPECTED
SUPPORTING,0.903,True,CRIMINAL,CONFIRMED
SUPPORTING,0.840,True,CRIMINAL,CONFIRMED
SUPPORTING,0.956,True,CRIMINAL,CONFIRMED
NEUTRAL,0.259,True,CRIMINAL,UNKNOWN
SUPPORTING,0.882,True,CRIMINAL,CONFIRMED
SUPPORTING,0.984,True,CRIMINAL,CONFIRMED
NEUTRAL,0.288,True,CRIMINAL,UNKNOWN
SUPPORTING,0.847,True,CRIMINAL,CONFIRMED
SUPPORTING,0.833,True,CRIMINAL,CONFIRMED
SUPPORTING,0.967,True,CRIMINAL,CONFIRMED
CONTRADICTING,0.419,True,MIXED,FALSE
CONTRADICTING,0.284,True,MIXED,FALSE
SUPPORTING,0.931,True,MIXED,CONFIRMED
SUPPORTING,0.753,True,MIXED,SUSPECTED
NEUTRAL,0.515,True,MIXED,UNKNOWN
NEUTRAL,0.509,True,MIXED,UNKNOWN
CONTRADICTING,0.220,True,MIXED,FALSE
SUPPORTING,0.882,True,MIXED,CONFIRMED
CONTRADICTING,0.172,True,MIXED,FALSE
CONTRADICTING,0.124,True,MIXED,FALSE
SUPPORTING,0.827,True,MIXED,CONFIRMED
SUPPORTING,0.836,True,MIXED,CONFIRMED
SUPPORTING,0.971,True,MIXED,CONFIRMED
SUPPORTING,0.821,True,MIXED,CONFIRMED
CONTRADICTING,0.164,True,MIXED,FALSE
NEUTRAL,0.384,True,MIXED,UNKNOWN
NEUTRAL,0.494,True,MIXED,UNKNOWN
SUPPORTING,0.633,True,MIXED,SUSPECTED
SUPPORTING,0.842,True,MIXED,CONFIRMED
SUPPORTING,0.758,True,MIXED,SUSPECTED
SUPPORTING,0.739,True,MIXED,SUSPECTED
SUPPORTING,0.687,True,MIXED,SUSPECTED
CONTRADICTING,0.188,True,MIXED,FALSE
SUPPORTING,0.591,True,MIXED,SUSPECTED
SUPPORTING,0.849,True,MIXED,SUSPECTED
NEUTRAL,0.518,True,LEGITIMATE,UNKNOWN
NEUTRAL,0.423,True,LEGITIMATE,UNKNOWN
SUPPORTING,0.881,True,LEGITIMATE,CONFIRMED
CONTRADICTING,0.258,True,LEGITIMATE,FALSE
NEUTRAL,0.492,True,LEGITIMATE,UNKNOWN
NEUTRAL,0.256,True,LEGITIMATE,UNKNOWN
NEUTRAL,0.213,True,LEGITIMATE,UNKNOWN
NEUTRAL,0.235,True,LEGITIMATE,UNKNOWN
CONTRADICTING,0.411,True,LEGITIMATE,FALSE
NEUTRAL,0.422,True,LEGITIMATE,UNKNOWN
NEUTRAL,0.363,True,LEGITIMATE,UNKNOWN
CONTRADICTING,0.132,True,LEGITIMATE,FALSE
CONTRADICTING,0.243,True,LEGITIMATE,FALSE
NEUTRAL,0.350,True,LEGITIMATE,UNKNOWN
CONTRADICTING,0.130,True,LEGITIMATE,FALSE
CONTRADICTING,0.130,True,LEGITIMATE,FALSE
CONTRADICTING,0.250,True,LEGITIMATE,FALSE
NEUTRAL,0.540,True,LEGITIMATE,UNKNOWN
SUPPORTING,0.898,True,LEGITIMATE,CONFIRMED
SUPPORTING,0.794,True,LEGITIMATE,SUSPECTED
NEUTRAL,0.351,True,AMBIGUOUS,UNKNOWN
SUPPORTING,0.848,True,AMBIGUOUS,SUSPECTED
NEUTRAL,0.546,True,AMBIGUOUS,UNKNOWN
SUPPORTING,0.730,True,AMBIGUOUS,SUSPECTED
CONTRADICTING,0.176,True,AMBIGUOUS,FALSE
NEUTRAL,0.518,True,AMBIGUOUS,UNKNOWN
SUPPORTING,0.820,True,AMBIGUOUS,SUSPECTED
CONTRADICTING,0.401,True,AMBIGUOUS,FALSE
NEUTRAL,0.245,True,AMBIGUOUS,UNKNOWN
SUPPORTING,0.866,True,AMBIGUOUS,CONFIRMED
NEUTRAL,0.433,True,AMBIGUOUS,UNKNOWN
NEUTRAL,0.345,True,AMBIGUOUS,UNKNOWN
SUPPORTING,0.667,True,AMBIGUOUS,SUSPECTED
NEUTRAL,0.322,True,AMBIGUOUS,UNKNOWN
NEUTRAL,0.479,True,AMBIGUOUS,UNKNOWN
SUPPORTING,0.736,True,CRIMINAL,SUSPECTED
SUPPORTING,0.851,True,CRIMINAL,SUSPECTED
SUPPORTING,0.907,True,CRIMINAL,CONFIRMED
NEUTRAL,0.217,True,CRIMINAL,UNKNOWN
SUPPORTING,0.892,True,CRIMINAL,CONFIRMED
SUPPORTING,0.659,True,CRIMINAL,SUSPECTED
SUPPORTING,0.943,True,CRIMINAL,CONFIRMED
SUPPORTING,0.968,True,CRIMINAL,CONFIRMED
SUPPORTING,0.582,True,CRIMINAL,SUSPECTED
SUPPORTING,0.697,True,CRIMINAL,SUSPECTED
SUPPORTING,0.935,True,CRIMINAL,CONFIRMED
SUPPORTING,0.823,True,CRIMINAL,SUSPECTED
SUPPORTING,0.754,True,CRIMINAL,SUSPECTED
CONTRADICTING,0.316,True,CRIMINAL,FALSE
SUPPORTING,0.846,True,CRIMINAL,CONFIRMED
SUPPORTING,0.844,True,CRIMINAL,CONFIRMED
SUPPORTING,0.940,True,CRIMINAL,CONFIRMED
SUPPORTING,0.736,True,CRIMINAL,SUSPECTED
NEUTRAL,0.487,True,CRIMINAL,UNKNOWN
SUPPORTING,0.886,True,CRIMINAL,CONFIRMED
CONTRADICTING,0.323,True,CRIMINAL,FALSE
SUPPORTING,0.990,True,CRIMINAL,CONFIRMED
SUPPORTING,0.905,True,CRIMINAL,CONFIRMED
SUPPORTING,0.592,True,CRIMINAL,SUSPECTED
SUPPORTING,0.718,True,CRIMINAL,SUSPECTED
CONTRADICTING,0.259,True,CRIMINAL,FALSE
SUPPORTING,0.835,True,CRIMINAL,SUSPECTED
SUPPORTING,0.917,True,CRIMINAL,CONFIRMED
NEUTRAL,0.271,True,CRIMINAL,UNKNOWN
SUPPORTING,0.748,True,CRIMINAL,SUSPECTED
SUPPORTING,0.949,True,CRIMINAL,CONFIRMED
SUPPORTING,0.593,True,CRIMINAL,SUSPECTED
SUPPORTING,0.867,True,CRIMINAL,CONFIRMED
SUPPORTING,0.704,True,CRIMINAL,SUSPECTED
SUPPORTING,0.942,True,CRIMINAL,CONFIRMED
SUPPORTING,0.795,True,CRIMINAL,SUSPECTED
SUPPORTING,0.719,True,CRIMINAL,SUSPECTED
SUPPORTING,0.861,True,CRIMINAL,CONFIRMED
SUPPORTING,0.949,True,CRIMINAL,CONFIRMED
SUPPORTING,0.873,True,CRIMINAL,CONFIRMED
CONTRADICTING,0.312,True,MIXED,FALSE
NEUTRAL,0.305,True,MIXED,UNKNOWN
NEUTRAL,0.309,True,MIXED,UNKNOWN
NEUTRAL,0.549,True,MIXED,UNKNOWN
NEUTRAL,0.398,True,MIXED,UNKNOWN
CONTRADICTING,0.185,True,MIXED,FALSE
SUPPORTING,0.647,True,MIXED,SUSPECTED
SUPPORTING,0.681,True,MIXED,SUSPECTED
SUPPORTING,0.866,True,MIXED,CONFIRMED
CONTRADICTING,0.393,True,MIXED,FALSE
NEUTRAL,0.351,True,MIXED,UNKNOWN
SUPPORTING,0.735,True,MIXED,SUSPECTED
CONTRADICTING,0.261,True,MIXED,FALSE
SUPPORTING,0.895,True,MIXED,CONFIRMED
CONTRADICTING,0.340,True,MIXED,FALSE
SUPPORTING,0.789,True,MIXED,SUSPECTED
CONTRADICTING,0.332,True,MIXED,FALSE
SUPPORTING,0.884,True,MIXED,CONFIRMED
SUPPORTING,0.879,True,MIXED,CONFIRMED
SUPPORTING,0.612,True,MIXED,SUSPECTED
SUPPORTING,0.682,True,MIXED,SUSPECTED
SUPPORTING,0.854,True,MIXED,SUSPECTED
SUPPORTING,0.906,True,MIXED,CONFIRMED
SUPPORTING,0.948,True,MIXED,CONFIRMED
NEUTRAL,0.371,True,MIXED,UNKNOWN
CONTRADICTING,0.210,True,LEGITIMATE,FALSE
SUPPORTING,0.734,True,LEGITIMATE,SUSPECTED
NEUTRAL,0.229,True,LEGITIMATE,UNKNOWN
NEUTRAL,0.372,True,LEGITIMATE,UNKNOWN
CONTRADICTING,0.245,True,LEGITIMATE,FALSE
CONTRADICTING,0.199,True,LEGITIMATE,FALSE
SUPPORTING,0.973,True,LEGITIMATE,CONFIRMED
NEUTRAL,0.419,True,LEGITIMATE,UNKNOWN
CONTRADICTING,0.148,True,LEGITIMATE,FALSE
SUPPORTING,0.873,True,LEGITIMATE,CONFIRMED
SUPPORTING,0.882,True,LEGITIMATE,CONFIRMED
CONTRADICTING,0.236,True,LEGITIMATE,FALSE
SUPPORTING,0.950,True,LEGITIMATE,CONFIRMED
CONTRADICTING,0.300,True,LEGITIMATE,FALSE
CONTRADICTING,0.306,True,LEGITIMATE,FALSE
NEUTRAL,0.275,True,LEGITIMATE,UNKNOWN
SUPPORTING,0.780,True,LEGITIMATE,SUSPECTED
NEUTRAL,0.254,True,LEGITIMATE,UNKNOWN
SUPPORTING,0.641,True,LEGITIMATE,SUSPECTED
NEUTRAL,0.548,True,LEGITIMATE,UNKNOWN
CONTRADICTING,0.284,True,AMBIGUOUS,FALSE
SUPPORTING,0.795,True,AMBIGUOUS,SUSPECTED
NEUTRAL,0.427,True,AMBIGUOUS,UNKNOWN
CONTRADICTING,0.233,True,AMBIGUOUS,FALSE
NEUTRAL,0.238,True,AMBIGUOUS,UNKNOWN
NEUTRAL,0.205,True,AMBIGUOUS,UNKNOWN
NEUTRAL,0.340,True,AMBIGUOUS,UNKNOWN
NEUTRAL,0.267,True,AMBIGUOUS,UNKNOWN
NEUTRAL,0.212,True,AMBIGUOUS,UNKNOWN
NEUTRAL,0.546,True,AMBIGUOUS,UNKNOWN
NEUTRAL,0.522,True,AMBIGUOUS,UNKNOWN
SUPPORTING,0.811,True,AMBIGUOUS,SUSPECTED
SUPPORTING,0.623,True,AMBIGUOUS,SUSPECTED
NEUTRAL,0.240,True,AMBIGUOUS,UNKNOWN
NEUTRAL,0.491,True,AMBIGUOUS,UNKNOWN
SUPPORTING,0.874,True,CRIMINAL,CONFIRMED
SUPPORTING,0.834,True,CRIMINAL,CONFIRMED
SUPPORTING,0.705,True,CRIMINAL,SUSPECTED
SUPPORTING,0.795,True,CRIMINAL,SUSPECTED
SUPPORTING,0.858,True,CRIMINAL,SUSPECTED
SUPPORTING,0.591,True,CRIMINAL,SUSPECTED
SUPPORTING,0.891,True,CRIMINAL,CONFIRMED
SUPPORTING,0.792,True,CRIMINAL,SUSPECTED
NEUTRAL,0.407,True,CRIMINAL,UNKNOWN
SUPPORTING,0.672,True,CRIMINAL,SUSPECTED
SUPPORTING,0.982,True,CRIMINAL,CONFIRMED
SUPPORTING,0.852,True,CRIMINAL,CONFIRMED
SUPPORTING,0.928,True,CRIMINAL,CONFIRMED
SUPPORTING,0.940,True,CRIMINAL,CONFIRMED
SUPPORTING,0.949,True,CRIMINAL,CONFIRMED
CONTRADICTING,0.259,True,CRIMINAL,FALSE
SUPPORTING,0.765,True,CRIMINAL,SUSPECTED
CONTRADICTING,0.415,True,CRIMINAL,FALSE
CONTRADICTING,0.399,True,CRIMINAL,FALSE
SUPPORTING,0.837,True,CRIMINAL,CONFIRMED
SUPPORTING,0.837,True,CRIMINAL,CONFIRMED
SUPPORTING,0.714,True,CRIMINAL,SUSPECTED
SUPPORTING,0.589,True,CRIMINAL,SUSPECTED
CONTRADICTING,0.248,True,CRIMINAL,FALSE
SUPPORTING,0.804,True,CRIMINAL,SUSPECTED
SUPPORTING,0.631,True,CRIMINAL,SUSPECTED
SUPPORTING,0.971,True,CRIMINAL,CONFIRMED
NEUTRAL,0.329,True,CRIMINAL,UNKNOWN
CONTRADICTING,0.180,True,CRIMINAL,FALSE
SUPPORTING,0.943,True,CRIMINAL,CONFIRMED
SUPPORTING,0.735,True,CRIMINAL,SUSPECTED
SUPPORTING,0.968,True,CRIMINAL,CONFIRMED
SUPPORTING,0.675,True,CRIMINAL,SUSPECTED
NEUTRAL,0.249,True,CRIMINAL,UNKNOWN
SUPPORTING,0.592,True,CRIMINAL,SUSPECTED
SUPPORTING,0.729,True,CRIMINAL,SUSPECTED
SUPPORTING,0.885,True,CRIMINAL,CONFIRMED
SUPPORTING,0.757,True,CRIMINAL,SUSPECTED
NEUTRAL,0.525,True,CRIMINAL,UNKNOWN
CONTRADICTING,0.245,True,CRIMINAL,FALSE
SUPPORTING,0.736,True,MIXED,SUSPECTED
SUPPORTING,0.813,True,MIXED,SUSPECTED
SUPPORTING,0.964,True,MIXED,CONFIRMED
NEUTRAL,0.348,True,MIXED,UNKNOWN
SUPPORTING,0.679,True,MIXED,SUSPECTED
SUPPORTING,0.877,True,MIXED,CONFIRMED
SUPPORTING,0.720,True,MIXED,SUSPECTED
NEUTRAL,0.237,True,MIXED,UNKNOWN
SUPPORTING,0.765,True,MIXED,SUSPECTED
SUPPORTING,0.621,True,MIXED,SUSPECTED
SUPPORTING,0.949,True,MIXED,CONFIRMED
SUPPORTING,0.948,True,MIXED,CONFIRMED
NEUTRAL,0.295,True,MIXED,UNKNOWN
CONTRADICTING,0.310,True,MIXED,FALSE
SUPPORTING,0.930,True,MIXED,CONFIRMED
SUPPORTING,0.859,True,MIXED,SUSPECTED
SUPPORTING,0.877,True,MIXED,CONFIRMED
NEUTRAL,0.207,True,MIXED,UNKNOWN
SUPPORTING,0.688,True,MIXED,SUSPECTED
NEUTRAL,0.393,True,MIXED,UNKNOWN
CONTRADICTING,0.306,True,MIXED,FALSE
SUPPORTING,0.784,True,MIXED,SUSPECTED
SUPPORTING,0.755,True,MIXED,SUSPECTED
SUPPORTING,0.704,True,MIXED,SUSPECTED
SUPPORTING,0.835,True,MIXED,SUSPECTED
CONTRADICTING,0.131,True,LEGITIMATE,FALSE
NEUTRAL,0.251,True,LEGITIMATE,UNKNOWN
CONTRADICTING,0.162,True,LEGITIMATE,FALSE
CONTRADICTING,0.251,True,LEGITIMATE,FALSE
CONTRADICTING,0.249,True,LEGITIMATE,FALSE
NEUTRAL,0.425,True,LEGITIMATE,UNKNOWN
NEUTRAL,0.268,True,LEGITIMATE,UNKNOWN
CONTRADICTING,0.237,True,LEGITIMATE,FALSE
NEUTRAL,0.418,True,LEGITIMATE,UNKNOWN
NEUTRAL,0.473,True,LEGITIMATE,UNKNOWN
NEUTRAL,0.228,True,LEGITIMATE,UNKNOWN
SUPPORTING,0.635,True,LEGITIMATE,SUSPECTED
CONTRADICTING,0.352,True,LEGITIMATE,FALSE
CONTRADICTING,0.211,True,LEGITIMATE,FALSE
NEUTRAL,0.455,True,LEGITIMATE,UNKNOWN
NEUTRAL,0.447,True,LEGITIMATE,UNKNOWN
SUPPORTING,0.585,True,LEGITIMATE,SUSPECTED
CONTRADICTING,0.166,True,LEGITIMATE,FALSE
CONTRADICTING,0.138,True,LEGITIMATE,FALSE
NEUTRAL,0.367,True,LEGITIMATE,UNKNOWN
NEUTRAL,0.269,True,AMBIGUOUS,UNKNOWN
NEUTRAL,0.370,True,AMBIGUOUS,UNKNOWN
SUPPORTING,0.600,True,AMBIGUOUS,SUSPECTED
SUPPORTING,0.774,True,AMBIGUOUS,SUSPECTED
SUPPORTING,0.728,True,AMBIGUOUS,SUSPECTED
NEUTRAL,0.242,True,AMBIGUOUS,UNKNOWN
NEUTRAL,0.505,True,AMBIGUOUS,UNKNOWN
SUPPORTING,0.945,True,AMBIGUOUS,CONFIRMED
SUPPORTING,0.775,True,AMBIGUOUS,SUSPECTED
NEUTRAL,0.300,True,AMBIGUOUS,UNKNOWN
NEUTRAL,0.285,True,AMBIGUOUS,UNKNOWN
CONTRADICTING,0.405,True,AMBIGUOUS,FALSE
NEUTRAL,0.469,True,AMBIGUOUS,UNKNOWN
NEUTRAL,0.319,True,AMBIGUOUS,UNKNOWN
SUPPORTING,0.745,True,AMBIGUOUS,SUSPECTED
SUPPORTING,0.711,True,CRIMINAL,SUSPECTED
SUPPORTING,0.775,True,CRIMINAL,SUSPECTED
CONTRADICTING,0.168,True,CRIMINAL,FALSE
SUPPORTING,0.680,True,CRIMINAL,SUSPECTED
SUPPORTING,0.742,True,CRIMINAL,SUSPECTED
SUPPORTING,0.829,True,CRIMINAL,SUSPECTED
SUPPORTING,0.926,True,CRIMINAL,CONFIRMED
SUPPORTING,0.588,True,CRIMINAL,SUSPECTED
NEUTRAL,0.444,True,CRIMINAL,UNKNOWN
SUPPORTING,0.986,True,CRIMINAL,CONFIRMED
SUPPORTING,0.904,True,CRIMINAL,CONFIRMED
CONTRADICTING,0.205,True,CRIMINAL,FALSE
SUPPORTING,0.834,True,CRIMINAL,SUSPECTED
SUPPORTING,0.982,True,CRIMINAL,CONFIRMED
SUPPORTING,0.595,True,CRIMINAL,SUSPECTED
SUPPORTING,0.938,True,CRIMINAL,CONFIRMED
SUPPORTING,0.979,True,CRIMINAL,CONFIRMED
SUPPORTING,0.829,True,CRIMINAL,CONFIRMED
SUPPORTING,0.894,True,CRIMINAL,CONFIRMED
SUPPORTING,0.909,True,CRIMINAL,CONFIRMED
SUPPORTING,0.793,True,CRIMINAL,SUSPECTED
SUPPORTING,0.821,True,CRIMINAL,SUSPECTED
SUPPORTING,0.793,True,CRIMINAL,SUSPECTED
SUPPORTING,0.919,True,CRIMINAL,CONFIRMED
SUPPORTING,0.975,True,CRIMINAL,CONFIRMED
SUPPORTING,0.899,True,CRIMINAL,CONFIRMED
CONTRADICTING,0.276,True,CRIMINAL,FALSE
SUPPORTING,0.771,True,CRIMINAL,SUSPECTED
SUPPORTING,0.939,True,CRIMINAL,CONFIRMED
SUPPORTING,0.909,True,CRIMINAL,CONFIRMED
SUPPORTING,0.885,True,CRIMINAL,CONFIRMED
SUPPORTING,0.860,True,CRIMINAL,CONFIRMED
SUPPORTING,0.829,True,CRIMINAL,CONFIRMED
SUPPORTING,0.853,True,CRIMINAL,CONFIRMED
SUPPORTING,0.947,True,CRIMINAL,CONFIRMED
NEUTRAL,0.293,True,CRIMINAL,UNKNOWN
SUPPORTING,0.682,True,CRIMINAL,SUSPECTED
NEUTRAL,0.442,True,CRIMINAL,UNKNOWN
SUPPORTING,0.750,True,CRIMINAL,SUSPECTED
CONTRADICTING,0.126,True,CRIMINAL,FALSE
NEUTRAL,0.405,True,MIXED,UNKNOWN
SUPPORTING,0.709,True,MIXED,SUSPECTED
SUPPORTING,0.771,True,MIXED,SUSPECTED
NEUTRAL,0.462,True,MIXED,UNKNOWN
SUPPORTING,0.985,True,MIXED,CONFIRMED
NEUTRAL,0.475,True,MIXED,UNKNOWN
SUPPORTING,0.922,True,MIXED,CONFIRMED
SUPPORTING,0.725,True,MIXED,SUSPECTED
NEUTRAL,0.331,True,MIXED,UNKNOWN
SUPPORTING,0.779,True,MIXED,SUSPECTED
SUPPORTING,0.944,True,MIXED,CONFIRMED
SUPPORTING,0.856,True,MIXED,CONFIRMED
SUPPORTING,0.863,True,MIXED,CONFIRMED
SUPPORTING,0.858,True,MIXED,CONFIRMED
SUPPORTING,0.956,True,MIXED,CONFIRMED
SUPPORTING,0.831,True,MIXED,CONFIRMED
NEUTRAL,0.322,True,MIXED,UNKNOWN
SUPPORTING,0.859,True,MIXED,CONFIRMED
SUPPORTING,0.830,True,MIXED,CONFIRMED
CONTRADICTING,0.268,True,MIXED,FALSE
NEUTRAL,0.509,True,MIXED,UNKNOWN
SUPPORTING,0.844,True,MIXED,SUSPECTED
SUPPORTING,0.638,True,MIXED,SUSPECTED
SUPPORTING,0.731,True,MIXED,SUSPECTED
NEUTRAL,0.541,True,MIXED,UNKNOWN
CONTRADICTING,0.377,True,LEGITIMATE,FALSE
SUPPORTING,0.830,True,LEGITIMATE,CONFIRMED
CONTRADICTING,0.392,True,LEGITIMATE,FALSE
NEUTRAL,0.394,True,LEGITIMATE,UNKNOWN
NEUTRAL,0.394,True,LEGITIMATE,UNKNOWN
CONTRADICTING,0.336,True,LEGITIMATE,FALSE
CONTRADICTING,0.306,True,LEGITIMATE,FALSE
CONTRADICTING,0.128,True,LEGITIMATE,FALSE
NEUTRAL,0.391,True,LEGITIMATE,UNKNOWN
CONTRADICTING,0.302,True,LEGITIMATE,FALSE
NEUTRAL,0.472,True,LEGITIMATE,UNKNOWN
CONTRADICTING,0.268,True,LEGITIMATE,FALSE
SUPPORTING,0.711,True,LEGITIMATE,SUSPECTED
CONTRADICTING,0.401,True,LEGITIMATE,FALSE
CONTRADICTING,0.346,True,LEGITIMATE,FALSE
NEUTRAL,0.284,True,LEGITIMATE,UNKNOWN
NEUTRAL,0.214,True,LEGITIMATE,UNKNOWN
CONTRADICTING,0.399,True,LEGITIMATE,FALSE
CONTRADICTING,0.121,True,LEGITIMATE,FALSE
SUPPORTING,0.966,True,LEGITIMATE,CONFIRMED
NEUTRAL,0.487,True,AMBIGUOUS,UNKNOWN
SUPPORTING,0.674,True,AMBIGUOUS,SUSPECTED
NEUTRAL,0.396,True,AMBIGUOUS,UNKNOWN
NEUTRAL,0.419,True,AMBIGUOUS,UNKNOWN
NEUTRAL,0.357,True,AMBIGUOUS,UNKNOWN
NEUTRAL,0.238,True,AMBIGUOUS,UNKNOWN
NEUTRAL,0.212,True,AMBIGUOUS,UNKNOWN
SUPPORTING,0.729,True,AMBIGUOUS,SUSPECTED
NEUTRAL,0.329,True,AMBIGUOUS,UNKNOWN
SUPPORTING,0.886,True,AMBIGUOUS,CONFIRMED
CONTRADICTING,0.257,True,AMBIGUOUS,FALSE
NEUTRAL,0.467,True,AMBIGUOUS,UNKNOWN
NEUTRAL,0.226,True,AMBIGUOUS,UNKNOWN
SUPPORTING,0.658,True,AMBIGUOUS,SUSPECTED
NEUTRAL,0.452,True,AMBIGUOUS,UNKNOWN
SUPPORTING,0.958,True,CRIMINAL,CONFIRMED
NEUTRAL,0.239,True,CRIMINAL,UNKNOWN
SUPPORTING,0.916,True,CRIMINAL,CONFIRMED
SUPPORTING,0.742,True,CRIMINAL,SUSPECTED
SUPPORTING,0.740,True,CRIMINAL,SUSPECTED
SUPPORTING,0.582,True,CRIMINAL,SUSPECTED
SUPPORTING,0.892,True,CRIMINAL,CONFIRMED
SUPPORTING,0.876,True,CRIMINAL,CONFIRMED
SUPPORTING,0.839,True,CRIMINAL,CONFIRMED
SUPPORTING,0.943,True,CRIMINAL,CONFIRMED
SUPPORTING,0.764,True,CRIMINAL,SUSPECTED
SUPPORTING,0.656,True,CRIMINAL,SUSPECTED
SUPPORTING,0.945,True,CRIMINAL,CONFIRMED
SUPPORTING,0.907,True,CRIMINAL,CONFIRMED
SUPPORTING,0.620,True,CRIMINAL,SUSPECTED
NEUTRAL,0.337,True,CRIMINAL,UNKNOWN
SUPPORTING,0.854,True,CRIMINAL,CONFIRMED
SUPPORTING,0.947,True,CRIMINAL,CONFIRMED
SUPPORTING,0.732,True,CRIMINAL,SUSPECTED
SUPPORTING,0.861,True,CRIMINAL,CONFIRMED
SUPPORTING,0.875,True,CRIMINAL,CONFIRMED
SUPPORTING,0.881,True,CRIMINAL,CONFIRMED
SUPPORTING,0.928,True,CRIMINAL,CONFIRMED
SUPPORTING,0.680,True,CRIMINAL,SUSPECTED
NEUTRAL,0.224,True,CRIMINAL,UNKNOWN
SUPPORTING,0.761,True,CRIMINAL,SUSPECTED
CONTRADICTING,0.276,True,CRIMINAL,FALSE
SUPPORTING,0.581,True,CRIMINAL,SUSPECTED
CONTRADICTING,0.270,True,CRIMINAL,FALSE
SUPPORTING,0.905,True,CRIMINAL,CONFIRMED
SUPPORTING,0.854,True,CRIMINAL,SUSPECTED
SUPPORTING,0.857,True,CRIMINAL,CONFIRMED
SUPPORTING,0.849,True,CRIMINAL,CONFIRMED
SUPPORTING,0.898,True,CRIMINAL,CONFIRMED
SUPPORTING,0.740,True,CRIMINAL,SUSPECTED
SUPPORTING,0.927,True,CRIMINAL,CONFIRMED
CONTRADICTING,0.150,True,CRIMINAL,FALSE
SUPPORTING,0.885,True,CRIMINAL,CONFIRMED
SUPPORTING,0.911,True,CRIMINAL,CONFIRMED
CONTRADICTING,0.376,True,CRIMINAL,FALSE
SUPPORTING,0.830,True,MIXED,SUSPECTED
SUPPORTING,0.879,True,MIXED,CONFIRMED
NEUTRAL,0.249,True,MIXED,UNKNOWN
NEUTRAL,0.416,True,MIXED,UNKNOWN
SUPPORTING,0.877,True,MIXED,CONFIRMED
SUPPORTING,0.958,True,MIXED,CONFIRMED
NEUTRAL,0.477,True,MIXED,UNKNOWN
NEUTRAL,0.294,True,MIXED,UNKNOWN
CONTRADICTING,0.248,True,MIXED,FALSE
SUPPORTING,0.838,True,MIXED,CONFIRMED
SUPPORTING,0.841,True,MIXED,SUSPECTED
SUPPORTING,0.817,True,MIXED,SUSPECTED
CONTRADICTING,0.126,True,MIXED,FALSE
SUPPORTING,0.625,True,MIXED,SUSPECTED
SUPPORTING,0.897,True,MIXED,CONFIRMED
SUPPORTING,0.851,True,MIXED,CONFIRMED
CONTRADICTING,0.220,True,MIXED,FALSE
NEUTRAL,0.292,True,MIXED,UNKNOWN
SUPPORTING,0.941,True,MIXED,CONFIRMED
NEUTRAL,0.332,True,MIXED,UNKNOWN
SUPPORTING,0.951,True,MIXED,CONFIRMED
SUPPORTING,0.822,True,MIXED,SUSPECTED
NEUTRAL,0.435,True,MIXED,UNKNOWN
SUPPORTING,0.599,True,MIXED,SUSPECTED
SUPPORTING,0.772,True,MIXED,SUSPECTED
NEUTRAL,0.338,True,LEGITIMATE,UNKNOWN
NEUTRAL,0.266,True,LEGITIMATE,UNKNOWN
NEUTRAL,0.499,True,LEGITIMATE,UNKNOWN
NEUTRAL,0.307,True,LEGITIMATE,UNKNOWN
NEUTRAL,0.270,True,LEGITIMATE,UNKNOWN
CONTRADICTING,0.170,True,LEGITIMATE,FALSE
CONTRADICTING,0.290,True,LEGITIMATE,FALSE
SUPPORTING,0.809,True,LEGITIMATE,SUSPECTED
SUPPORTING,0.686,True,LEGITIMATE,SUSPECTED
CONTRADICTING,0.215,True,LEGITIMATE,FALSE
CONTRADICTING,0.134,True,LEGITIMATE,FALSE
SUPPORTING,0.660,True,LEGITIMATE,SUSPECTED
NEUTRAL,0.421,True,LEGITIMATE,UNKNOWN
CONTRADICTING,0.313,True,LEGITIMATE,FALSE
CONTRADICTING,0.303,True,LEGITIMATE,FALSE
NEUTRAL,0.537,True,LEGITIMATE,UNKNOWN
NEUTRAL,0.333,True,LEGITIMATE,UNKNOWN
CONTRADICTING,0.292,True,LEGITIMATE,FALSE
CONTRADICTING,0.203,True,LEGITIMATE,FALSE
NEUTRAL,0.248,True,LEGITIMATE,UNKNOWN
SUPPORTING,0.582,True,AMBIGUOUS,SUSPECTED
NEUTRAL,0.359,True,AMBIGUOUS,UNKNOWN
NEUTRAL,0.492,True,AMBIGUOUS,UNKNOWN
NEUTRAL,0.463,True,AMBIGUOUS,UNKNOWN
NEUTRAL,0.269,True,AMBIGUOUS,UNKNOWN
NEUTRAL,0.404,True,AMBIGUOUS,UNKNOWN
NEUTRAL,0.263,True,AMBIGUOUS,UNKNOWN
CONTRADICTING,0.356,True,AMBIGUOUS,FALSE
NEUTRAL,0.447,True,AMBIGUOUS,UNKNOWN
NEUTRAL,0.519,True,AMBIGUOUS,UNKNOWN
NEUTRAL,0.326,True,AMBIGUOUS,UNKNOWN
NEUTRAL,0.360,True,AMBIGUOUS,UNKNOWN
CONTRADICTING,0.315,True,AMBIGUOUS,FALSE
SUPPORTING,0.608,True,AMBIGUOUS,SUSPECTED
SUPPORTING,0.969,True,AMBIGUOUS,CONFIRMED
SUPPORTING,0.955,True,CRIMINAL,CONFIRMED
SUPPORTING,0.945,True,CRIMINAL,CONFIRMED
SUPPORTING,0.976,True,CRIMINAL,CONFIRMED
SUPPORTING,0.822,True,CRIMINAL,CONFIRMED
SUPPORTING,0.832,True,CRIMINAL,SUSPECTED
SUPPORTING,0.972,True,CRIMINAL,CONFIRMED
SUPPORTING,0.800,True,CRIMINAL,SUSPECTED
SUPPORTING,0.956,True,CRIMINAL,CONFIRMED
SUPPORTING,0.932,True,CRIMINAL,CONFIRMED
SUPPORTING,0.589,True,CRIMINAL,SUSPECTED
SUPPORTING,0.989,True,CRIMINAL,CONFIRMED
SUPPORTING,0.600,True,CRIMINAL,SUSPECTED
SUPPORTING,0.723,True,CRIMINAL,SUSPECTED
SUPPORTING,0.910,True,CRIMINAL,CONFIRMED
SUPPORTING,0.671,True,CRIMINAL,SUSPECTED
SUPPORTING,0.950,True,CRIMINAL,CONFIRMED
SUPPORTING,0.845,True,CRIMINAL,CONFIRMED
SUPPORTING,0.963,True,CRIMINAL,CONFIRMED
SUPPORTING,0.870,True,CRIMINAL,CONFIRMED
SUPPORTING,0.711,True,CRIMINAL,SUSPECTED
NEUTRAL,0.487,True,CRIMINAL,UNKNOWN
NEUTRAL,0.339,True,CRIMINAL,UNKNOWN
SUPPORTING,0.865,True,CRIMINAL,CONFIRMED
CONTRADICTING,0.191,True,CRIMINAL,FALSE
NEUTRAL,0.285,True,CRIMINAL,UNKNOWN
SUPPORTING,0.860,True,CRIMINAL,CONFIRMED
SUPPORTING,0.840,True,CRIMINAL,SUSPECTED
SUPPORTING,0.922,True,CRIMINAL,CONFIRMED
SUPPORTING,0.925,True,CRIMINAL,CONFIRMED
NEUTRAL,0.517,True,CRIMINAL,UNKNOWN
SUPPORTING,0.720,True,CRIMINAL,SUSPECTED
SUPPORTING,0.839,True,CRIMINAL,SUSPECTED
SUPPORTING,0.868,True,CRIMINAL,CONFIRMED
CONTRADICTING,0.373,True,CRIMINAL,FALSE
SUPPORTING,0.800,True,CRIMINAL,SUSPECTED
SUPPORTING,0.980,True,CRIMINAL,CONFIRMED
SUPPORTING,0.836,True,CRIMINAL,CONFIRMED
SUPPORTING,0.634,True,CRIMINAL,SUSPECTED
SUPPORTING,0.827,True,CRIMINAL,CONFIRMED
SUPPORTING,0.893,True,CRIMINAL,CONFIRMED
CONTRADICTING,0.143,True,MIXED,FALSE
CONTRADICTING,0.294,True,MIXED,FALSE
SUPPORTING,0.875,True,MIXED,CONFIRMED
SUPPORTING,0.758,True,MIXED,SUSPECTED
CONTRADICTING,0.339,True,MIXED,FALSE
SUPPORTING,0.973,True,MIXED,CONFIRMED
SUPPORTING,0.728,True,MIXED,SUSPECTED
SUPPORTING,0.945,True,MIXED,CONFIRMED
SUPPORTING,0.914,True,MIXED,CONFIRMED
SUPPORTING,0.762,True,MIXED,SUSPECTED
CONTRADICTING,0.269,True,MIXED,FALSE
SUPPORTING,0.790,True,MIXED,SUSPECTED
SUPPORTING,0.633,True,MIXED,SUSPECTED
SUPPORTING,0.879,True,MIXED,CONFIRMED
SUPPORTING,0.982,True,MIXED,CONFIRMED
NEUTRAL,0.239,True,MIXED,UNKNOWN
SUPPORTING,0.902,True,MIXED,CONFIRMED
SUPPORTING,0.967,True,MIXED,CONFIRMED
SUPPORTING,0.798,True,MIXED,SUSPECTED
SUPPORTING,0.623,True,MIXED,SUSPECTED
SUPPORTING,0.849,True,MIXED,CONFIRMED
SUPPORTING,0.752,True,MIXED,SUSPECTED
CONTRADICTING,0.277,True,MIXED,FALSE
SUPPORTING,0.849,True,MIXED,CONFIRMED
SUPPORTING,0.830,True,MIXED,SUSPECTED
CONTRADICTING,0.258,True,LEGITIMATE,FALSE
CONTRADICTING,0.209,True,LEGITIMATE,FALSE
CONTRADICTING,0.281,True,LEGITIMATE,FALSE
CONTRADICTING,0.209,True,LEGITIMATE,FALSE
CONTRADICTING,0.203,True,LEGITIMATE,FALSE
CONTRADICTING,0.318,True,LEGITIMATE,FALSE
CONTRADICTING,0.133,True,LEGITIMATE,FALSE
CONTRADICTING,0.192,True,LEGITIMATE,FALSE
CONTRADICTING,0.201,True,LEGITIMATE,FALSE
NEUTRAL,0.358,True,LEGITIMATE,UNKNOWN
NEUTRAL,0.313,True,LEGITIMATE,UNKNOWN
NEUTRAL,0.473,True,LEGITIMATE,UNKNOWN
SUPPORTING,0.788,True,LEGITIMATE,SUSPECTED
NEUTRAL,0.307,True,LEGITIMATE,UNKNOWN
NEUTRAL,0.542,True,LEGITIMATE,UNKNOWN
CONTRADICTING,0.171,True,LEGITIMATE,FALSE
NEUTRAL,0.282,True,LEGITIMATE,UNKNOWN
NEUTRAL,0.534,True,LEGITIMATE,UNKNOWN
CONTRADICTING,0.325,True,LEGITIMATE,FALSE
CONTRADICTING,0.271,True,LEGITIMATE,FALSE
NEUTRAL,0.267,True,AMBIGUOUS,UNKNOWN
SUPPORTING,0.825,True,AMBIGUOUS,CONFIRMED
CONTRADICTING,0.355,True,AMBIGUOUS,FALSE
NEUTRAL,0.422,True,AMBIGUOUS,UNKNOWN
SUPPORTING,0.704,True,AMBIGUOUS,SUSPECTED
NEUTRAL,0.446,True,AMBIGUOUS,UNKNOWN
NEUTRAL,0.319,True,AMBIGUOUS,UNKNOWN
NEUTRAL,0.332,True,AMBIGUOUS,UNKNOWN
SUPPORTING,0.884,True,AMBIGUOUS,CONFIRMED
CONTRADICTING,0.222,True,AMBIGUOUS,FALSE
SUPPORTING,0.929,True,AMBIGUOUS,CONFIRMED
CONTRADICTING,0.376,True,AMBIGUOUS,FALSE
NEUTRAL,0.224,True,AMBIGUOUS,UNKNOWN
NEUTRAL,0.418,True,AMBIGUOUS,UNKNOWN
SUPPORTING,0.767,True,AMBIGUOUS,SUSPECTED
SUPPORTING,0.693,True,CRIMINAL,SUSPECTED
SUPPORTING,0.719,True,CRIMINAL,SUSPECTED
SUPPORTING,0.870,True,CRIMINAL,CONFIRMED
SUPPORTING,0.967,True,CRIMINAL,CONFIRMED
SUPPORTING,0.934,True,CRIMINAL,CONFIRMED
SUPPORTING,0.822,True,CRIMINAL,CONFIRMED
NEUTRAL,0.415,True,CRIMINAL,UNKNOWN
NEUTRAL,0.251,True,CRIMINAL,UNKNOWN
SUPPORTING,0.919,True,CRIMINAL,CONFIRMED
SUPPORTING,0.871,True,CRIMINAL,CONFIRMED
SUPPORTING,0.964,True,CRIMINAL,CONFIRMED
SUPPORTING,0.860,True,CRIMINAL,CONFIRMED
SUPPORTING,0.646,True,CRIMINAL,SUSPECTED
SUPPORTING,0.685,True,CRIMINAL,SUSPECTED
SUPPORTING,0.915,True,CRIMINAL,CONFIRMED
SUPPORTING,0.631,True,CRIMINAL,SUSPECTED
NEUTRAL,0.454,True,CRIMINAL,UNKNOWN
SUPPORTING,0.861,True,CRIMINAL,CONFIRMED
SUPPORTING,0.866,True,CRIMINAL,CONFIRMED
SUPPORTING,0.883,True,CRIMINAL,CONFIRMED
SUPPORTING,0.861,True,CRIMINAL,CONFIRMED
SUPPORTING,0.843,True,CRIMINAL,SUSPECTED
SUPPORTING,0.931,True,CRIMINAL,CONFIRMED
SUPPORTING,0.940,True,CRIMINAL,CONFIRMED
SUPPORTING,0.673,True,CRIMINAL,SUSPECTED
SUPPORTING,0.746,True,CRIMINAL,SUSPECTED
SUPPORTING,0.717,True,CRIMINAL,SUSPECTED
SUPPORTING,0.744,True,CRIMINAL,SUSPECTED
SUPPORTING,0.807,True,CRIMINAL,SUSPECTED
SUPPORTING,0.838,True,CRIMINAL,CONFIRMED
SUPPORTING,0.829,True,CRIMINAL,CONFIRMED
SUPPORTING,0.828,True,CRIMINAL,CONFIRMED
SUPPORTING,0.686,True,CRIMINAL,SUSPECTED
SUPPORTING,0.826,True,CRIMINAL,SUSPECTED
SUPPORTING,0.892,True,CRIMINAL,CONFIRMED
SUPPORTING,0.648,True,CRIMINAL,SUSPECTED
SUPPORTING,0.667,True,CRIMINAL,SUSPECTED
SUPPORTING,0.856,True,CRIMINAL,CONFIRMED
SUPPORTING,0.890,True,CRIMINAL,CONFIRMED
SUPPORTING,0.861,True,CRIMINAL,CONFIRMED
SUPPORTING,0.879,True,MIXED,CONFIRMED
NEUTRAL,0.395,True,MIXED,UNKNOWN
SUPPORTING,0.912,True,MIXED,CONFIRMED
CONTRADICTING,0.270,True,MIXED,FALSE
CONTRADICTING,0.147,True,MIXED,FALSE
NEUTRAL,0.330,True,MIXED,UNKNOWN
SUPPORTING,0.647,True,MIXED,SUSPECTED
NEUTRAL,0.341,True,MIXED,UNKNOWN
NEUTRAL,0.300,True,MIXED,UNKNOWN
CONTRADICTING,0.233,True,MIXED,FALSE
NEUTRAL,0.496,True,MIXED,UNKNOWN
SUPPORTING,0.954,True,MIXED,CONFIRMED
SUPPORTING,0.905,True,MIXED,CONFIRMED
SUPPORTING,0.851,True,MIXED,CONFIRMED
CONTRADICTING,0.266,True,MIXED,FALSE
SUPPORTING,0.963,True,MIXED,CONFIRMED
SUPPORTING,0.903,True,MIXED,CONFIRMED
SUPPORTING,0.915,True,MIXED,CONFIRMED
SUPPORTING,0.952,True,MIXED,CONFIRMED
SUPPORTING,0.789,True,MIXED,SUSPECTED
NEUTRAL,0.537,True,MIXED,UNKNOWN
SUPPORTING,0.825,True,MIXED,CONFIRMED
SUPPORTING,0.700,True,MIXED,SUSPECTED
SUPPORTING,0.926,True,MIXED,CONFIRMED
SUPPORTING,0.832,True,MIXED,CONFIRMED
NEUTRAL,0.278,True,LEGITIMATE,UNKNOWN
NEUTRAL,0.302,True,LEGITIMATE,UNKNOWN
NEUTRAL,0.492,True,LEGITIMATE,UNKNOWN
CONTRADICTING,0.176,True,LEGITIMATE,FALSE
CONTRADICTING,0.336,True,LEGITIMATE,FALSE
CONTRADICTING,0.410,True,LEGITIMATE,FALSE
CONTRADICTING,0.393,True,LEGITIMATE,FALSE
NEUTRAL,0.296,True,LEGITIMATE,UNKNOWN
SUPPORTING,0.711,True,LEGITIMATE,SUSPECTED
NEUTRAL,0.474,True,LEGITIMATE,UNKNOWN
NEUTRAL,0.449,True,LEGITIMATE,UNKNOWN
NEUTRAL,0.254,True,LEGITIMATE,UNKNOWN
CONTRADICTING,0.133,True,LEGITIMATE,FALSE
CONTRADICTING,0.181,True,LEGITIMATE,FALSE
NEUTRAL,0.459,True,LEGITIMATE,UNKNOWN
CONTRADICTING,0.120,True,LEGITIMATE,FALSE
NEUTRAL,0.514,True,LEGITIMATE,UNKNOWN
NEUTRAL,0.435,True,LEGITIMATE,UNKNOWN
CONTRADICTING,0.144,True,LEGITIMATE,FALSE
CONTRADICTING,0.324,True,LEGITIMATE,FALSE
SUPPORTING,0.758,True,AMBIGUOUS,SUSPECTED
SUPPORTING,0.642,True,AMBIGUOUS,SUSPECTED
NEUTRAL,0.231,True,AMBIGUOUS,UNKNOWN
NEUTRAL,0.542,True,AMBIGUOUS,UNKNOWN
SUPPORTING,0.690,True,AMBIGUOUS,SUSPECTED
NEUTRAL,0.266,True,AMBIGUOUS,UNKNOWN
CONTRADICTING,0.365,True,AMBIGUOUS,FALSE
SUPPORTING,0.665,True,AMBIGUOUS,SUSPECTED
CONTRADICTING,0.199,True,AMBIGUOUS,FALSE
NEUTRAL,0.281,True,AMBIGUOUS,UNKNOWN
SUPPORTING,0.775,True,AMBIGUOUS,SUSPECTED
SUPPORTING,0.869,True,AMBIGUOUS,CONFIRMED
NEUTRAL,0.217,True,AMBIGUOUS,UNKNOWN
SUPPORTING,0.870,True,AMBIGUOUS,CONFIRMED
SUPPORTING,0.903,True,AMBIGUOUS,CONFIRMED
SUPPORTING,0.821,True,CRIMINAL,CONFIRMED
SUPPORTING,0.641,True,CRIMINAL,SUSPECTED
SUPPORTING,0.923,True,CRIMINAL,CONFIRMED
SUPPORTING,0.619,True,CRIMINAL,SUSPECTED
NEUTRAL,0.388,True,CRIMINAL,UNKNOWN
NEUTRAL,0.514,True,CRIMINAL,UNKNOWN
SUPPORTING,0.949,True,CRIMINAL,CONFIRMED
SUPPORTING,0.715,True,CRIMINAL,SUSPECTED
SUPPORTING,0.696,True,CRIMINAL,SUSPECTED
SUPPORTING,0.626,True,CRIMINAL,SUSPECTED
SUPPORTING,0.662,True,CRIMINAL,SUSPECTED
SUPPORTING,0.693,True,CRIMINAL,SUSPECTED
SUPPORTING,0.777,True,CRIMINAL,SUSPECTED
SUPPORTING,0.875,True,CRIMINAL,CONFIRMED
SUPPORTING,0.973,True,CRIMINAL,CONFIRMED
SUPPORTING,0.880,True,CRIMINAL,CONFIRMED
SUPPORTING,0.782,True,CRIMINAL,SUSPECTED
SUPPORTING,0.925,True,CRIMINAL,CONFIRMED
SUPPORTING,0.844,True,CRIMINAL,SUSPECTED
SUPPORTING,0.842,True,CRIMINAL,CONFIRMED
SUPPORTING,0.817,True,CRIMINAL,SUSPECTED
CONTRADICTING,0.181,True,CRIMINAL,FALSE
SUPPORTING,0.701,True,CRIMINAL,SUSPECTED
SUPPORTING,0.965,True,CRIMINAL,CONFIRMED
SUPPORTING,0.597,True,CRIMINAL,SUSPECTED
SUPPORTING,0.943,True,CRIMINAL,CONFIRMED
SUPPORTING,0.804,True,CRIMINAL,SUSPECTED
SUPPORTING,0.918,True,CRIMINAL,CONFIRMED
SUPPORTING,0.911,True,CRIMINAL,CONFIRMED
SUPPORTING,0.841,True,CRIMINAL,SUSPECTED
SUPPORTING,0.856,True,CRIMINAL,SUSPECTED
NEUTRAL,0.270,True,CRIMINAL,UNKNOWN
SUPPORTING,0.945,True,CRIMINAL,CONFIRMED
SUPPORTING,0.583,True,CRIMINAL,SUSPECTED
NEUTRAL,0.370,True,CRIMINAL,UNKNOWN
SUPPORTING,0.813,True,CRIMINAL,SUSPECTED
SUPPORTING,0.901,True,CRIMINAL,CONFIRMED
NEUTRAL,0.221,True,CRIMINAL,UNKNOWN
CONTRADICTING,0.377,True,CRIMINAL,FALSE
SUPPORTING,0.900,True,CRIMINAL,CONFIRMED
NEUTRAL,0.338,True,MIXED,UNKNOWN
CONTRADICTING,0.279,True,MIXED,FALSE
SUPPORTING,0.853,True,MIXED,CONFIRMED
SUPPORTING,0.812,True,MIXED,SUSPECTED
SUPPORTING,0.785,True,MIXED,SUSPECTED
SUPPORTING,0.750,True,MIXED,SUSPECTED
NEUTRAL,0.287,True,MIXED,UNKNOWN
NEUTRAL,0.338,True,MIXED,UNKNOWN
SUPPORTING,0.914,True,MIXED,CONFIRMED
SUPPORTING,0.932,True,MIXED,CONFIRMED
SUPPORTING,0.965,True,MIXED,CONFIRMED
SUPPORTING,0.688,True,MIXED,SUSPECTED
SUPPORTING,0.898,True,MIXED,CONFIRMED
SUPPORTING,0.945,True,MIXED,CONFIRMED
SUPPORTING,0.623,True,MIXED,SUSPECTED
NEUTRAL,0.366,True,MIXED,UNKNOWN
NEUTRAL,0.397,True,MIXED,UNKNOWN
NEUTRAL,0.362,True,MIXED,UNKNOWN
SUPPORTING,0.835,True,MIXED,SUSPECTED
SUPPORTING,0.676,True,MIXED,SUSPECTED
NEUTRAL,0.529,True,MIXED,UNKNOWN
NEUTRAL,0.483,True,MIXED,UNKNOWN
SUPPORTING,0.840,True,MIXED,SUSPECTED
SUPPORTING,0.784,True,MIXED,SUSPECTED
SUPPORTING,0.830,True,MIXED,CONFIRMED
CONTRADICTING,0.241,True,LEGITIMATE,FALSE
CONTRADICTING,0.329,True,LEGITIMATE,FALSE
CONTRADICTING,0.333,True,LEGITIMATE,FALSE
NEUTRAL,0.470,True,LEGITIMATE,UNKNOWN
NEUTRAL,0.333,True,LEGITIMATE,UNKNOWN
CONTRADICTING,0.323,True,LEGITIMATE,FALSE
NEUTRAL,0.231,True,LEGITIMATE,UNKNOWN
NEUTRAL,0.505,True,LEGITIMATE,UNKNOWN
SUPPORTING,0.625,True,LEGITIMATE,SUSPECTED
CONTRADICTING,0.335,True,LEGITIMATE,FALSE
SUPPORTING,0.924,True,LEGITIMATE,CONFIRMED
CONTRADICTING,0.402,True,LEGITIMATE,FALSE
CONTRADICTING,0.293,True,LEGITIMATE,FALSE
CONTRADICTING,0.272,True,LEGITIMATE,FALSE
CONTRADICTING,0.184,True,LEGITIMATE,FALSE
NEUTRAL,0.326,True,LEGITIMATE,UNKNOWN
CONTRADICTING,0.249,True,LEGITIMATE,FALSE
NEUTRAL,0.252,True,LEGITIMATE,UNKNOWN
NEUTRAL,0.428,True,LEGITIMATE,UNKNOWN
NEUTRAL,0.245,True,LEGITIMATE,UNKNOWN
NEUTRAL,0.535,True,AMBIGUOUS,UNKNOWN
CONTRADICTING,0.324,True,AMBIGUOUS,FALSE
NEUTRAL,0.496,True,AMBIGUOUS,UNKNOWN
CONTRADICTING,0.123,True,AMBIGUOUS,FALSE
CONTRADICTING,0.225,True,AMBIGUOUS,FALSE
NEUTRAL,0.281,True,AMBIGUOUS,UNKNOWN
CONTRADICTING,0.248,True,AMBIGUOUS,FALSE
SUPPORTING,0.809,True,AMBIGUOUS,SUSPECTED
SUPPORTING,0.665,True,AMBIGUOUS,SUSPECTED
NEUTRAL,0.524,True,AMBIGUOUS,UNKNOWN
NEUTRAL,0.508,True,AMBIGUOUS,UNKNOWN
SUPPORTING,0.859,True,AMBIGUOUS,CONFIRMED
NEUTRAL,0.369,True,AMBIGUOUS,UNKNOWN
CONTRADICTING,0.156,True,AMBIGUOUS,FALSE
NEUTRAL,0.208,True,AMBIGUOUS,UNKNOWN
SUPPORTING,0.833,True,CRIMINAL,SUSPECTED
SUPPORTING,0.931,True,AMBIGUOUS,CONFIRMED
NEUTRAL,0.501,True,CRIMINAL,UNKNOWN
CONTRADICTING,0.339,True,CRIMINAL,FALSE
SUPPORTING,0.719,True,CRIMINAL,SUSPECTED
SUPPORTING,0.977,True,CRIMINAL,CONFIRMED
NEUTRAL,0.274,True,AMBIGUOUS,UNKNOWN
SUPPORTING,0.696,True,CRIMINAL,SUSPECTED
NEUTRAL,0.250,True,MIXED,UNKNOWN
NEUTRAL,0.234,True,CRIMINAL,UNKNOWN
SUPPORTING,0.837,True,MIXED,CONFIRMED
NEUTRAL,0.381,True,MIXED,UNKNOWN
NEUTRAL,0.245,True,LEGITIMATE,UNKNOWN
NEUTRAL,0.418,True,LEGITIMATE,UNKNOWN
NEUTRAL,0.303,True,CRIMINAL,UNKNOWN
NEUTRAL,0.462,True,AMBIGUOUS,UNKNOWN
SUPPORTING,0.716,True,CRIMINAL,SUSPECTED
SUPPORTING,0.841,True,MIXED,CONFIRMED
CONTRADICTING,0.218,True,LEGITIMATE,FALSE
SUPPORTING,0.830,True,CRIMINAL,CONFIRMED
NEUTRAL,0.334,True,AMBIGUOUS,UNKNOWN
SUPPORTING,0.917,True,MIXED,CONFIRMED
SUPPORTING,0.836,True,CRIMINAL,CONFIRMED
SUPPORTING,0.816,True,MIXED,SUSPECTED
SUPPORTING,0.869,True,CRIMINAL,CONFIRMED
SUPPORTING,0.903,True,MIXED,CONFIRMED
NEUTRAL,0.317,True,AMBIGUOUS,UNKNOWN
SUPPORTING,0.665,True,CRIMINAL,SUSPECTED
CONTRADICTING,0.231,True,CRIMINAL,FALSE
NEUTRAL,0.514,True,CRIMINAL,UNKNOWN
SUPPORTING,0.849,True,LEGITIMATE,CONFIRMED
SUPPORTING,0.893,True,CRIMINAL,CONFIRMED
NEUTRAL,0.217,True,MIXED,UNKNOWN
CONTRADICTING,0.238,True,MIXED,FALSE
NEUTRAL,0.548,True,AMBIGUOUS,UNKNOWN
NEUTRAL,0.228,True,MIXED,UNKNOWN
CONTRADICTING,0.196,True,CRIMINAL,FALSE
NEUTRAL,0.333,True,AMBIGUOUS,UNKNOWN
SUPPORTING,0.736,True,MIXED,SUSPECTED
SUPPORTING,0.951,True,LEGITIMATE,CONFIRMED
SUPPORTING,0.845,True,CRIMINAL,CONFIRMED
NEUTRAL,0.347,True,MIXED,UNKNOWN
NEUTRAL,0.384,True,AMBIGUOUS,UNKNOWN
NEUTRAL,0.251,True,LEGITIMATE,UNKNOWN
CONTRADICTING,0.148,True,LEGITIMATE,FALSE
NEUTRAL,0.422,True,AMBIGUOUS,UNKNOWN
SUPPORTING,0.820,True,CRIMINAL,SUSPECTED
CONTRADICTING,0.130,True,AMBIGUOUS,FALSE
SUPPORTING,0.757,True,CRIMINAL,SUSPECTED
SUPPORTING,0.948,True,CRIMINAL,CONFIRMED
CONTRADICTING,0.387,True,CRIMINAL,FALSE
NEUTRAL,0.272,True,MIXED,UNKNOWN
NEUTRAL,0.443,True,MIXED,UNKNOWN
CONTRADICTING,0.358,True,LEGITIMATE,FALSE
NEUTRAL,0.475,True,LEGITIMATE,UNKNOWN
CONTRADICTING,0.269,True,CRIMINAL,FALSE
CONTRADICTING,0.342,True,CRIMINAL,FALSE
SUPPORTING,0.899,True,AMBIGUOUS,CONFIRMED
CONTRADICTING,0.402,True,MIXED,FALSE
CONTRADICTING,0.187,True,CRIMINAL,FALSE
SUPPORTING,0.832,True,AMBIGUOUS,CONFIRMED
SUPPORTING,0.688,True,CRIMINAL,SUSPECTED
SUPPORTING,0.669,True,MIXED,SUSPECTED
SUPPORTING,0.766,True,MIXED,SUSPECTED
SUPPORTING,0.631,True,CRIMINAL,SUSPECTED
SUPPORTING,0.921,True,CRIMINAL,CONFIRMED
SUPPORTING,0.785,True,CRIMINAL,SUSPECTED
SUPPORTING,0.945,True,LEGITIMATE,CONFIRMED
NEUTRAL,0.537,True,CRIMINAL,UNKNOWN
NEUTRAL,0.430,True,CRIMINAL,UNKNOWN
SUPPORTING,0.601,True,LEGITIMATE,SUSPECTED
SUPPORTING,0.824,True,LEGITIMATE,CONFIRMED
NEUTRAL,0.526,True,MIXED,UNKNOWN
NEUTRAL,0.306,True,MIXED,UNKNOWN
SUPPORTING,0.900,True,CRIMINAL,CONFIRMED
NEUTRAL,0.478,True,CRIMINAL,UNKNOWN
SUPPORTING,0.777,True,MIXED,SUSPECTED
NEUTRAL,0.202,True,LEGITIMATE,UNKNOWN
SUPPORTING,0.701,True,CRIMINAL,SUSPECTED
SUPPORTING,0.782,True,MIXED,SUSPECTED
NEUTRAL,0.487,True,LEGITIMATE,UNKNOWN
SUPPORTING,0.916,True,CRIMINAL,CONFIRMED
CONTRADICTING,0.365,True,LEGITIMATE,FALSE
SUPPORTING,0.898,True,CRIMINAL,CONFIRMED
SUPPORTING,0.870,True,MIXED,CONFIRMED
SUPPORTING,0.819,True,LEGITIMATE,SUSPECTED
SUPPORTING,0.935,True,CRIMINAL,CONFIRMED
SUPPORTING,0.854,True,AMBIGUOUS,SUSPECTED
NEUTRAL,0.500,True,AMBIGUOUS,UNKNOWN
NEUTRAL,0.249,True,AMBIGUOUS,UNKNOWN
CONTRADICTING,0.183,True,AMBIGUOUS,FALSE
SUPPORTING,0.697,True,CRIMINAL,SUSPECTED
SUPPORTING,0.708,True,LEGITIMATE,SUSPECTED
SUPPORTING,0.767,True,LEGITIMATE,SUSPECTED
SUPPORTING,0.820,True,AMBIGUOUS,CONFIRMED
SUPPORTING,0.833,True,CRIMINAL,SUSPECTED
NEUTRAL,0.220,True,CRIMINAL,UNKNOWN
SUPPORTING,0.594,True,MIXED,SUSPECTED
SUPPORTING,0.919,True,MIXED,CONFIRMED
SUPPORTING,0.971,True,CRIMINAL,CONFIRMED
NEUTRAL,0.542,True,LEGITIMATE,UNKNOWN
CONTRADICTING,0.137,True,LEGITIMATE,FALSE
NEUTRAL,0.212,True,LEGITIMATE,UNKNOWN
NEUTRAL,0.405,True,CRIMINAL,UNKNOWN
CONTRADICTING,0.406,True,LEGITIMATE,FALSE
NEUTRAL,0.460,True,MIXED,UNKNOWN
SUPPORTING,0.960,True,LEGITIMATE,CONFIRMED
SUPPORTING,0.828,True,MIXED,SUSPECTED
SUPPORTING,0.934,True,AMBIGUOUS,CONFIRMED
SUPPORTING,0.851,True,LEGITIMATE,CONFIRMED
SUPPORTING,0.613,True,MIXED,SUSPECTED
CONTRADICTING,0.417,True,MIXED,FALSE
SUPPORTING,0.836,True,CRIMINAL,CONFIRMED
SUPPORTING,0.724,True,LEGITIMATE,SUSPECTED
CONTRADICTING,0.355,True,MIXED,FALSE
SUPPORTING,0.783,True,CRIMINAL,SUSPECTED
SUPPORTING,0.588,True,MIXED,SUSPECTED
SUPPORTING,0.830,True,CRIMINAL,SUSPECTED
SUPPORTING,0.627,True,MIXED,SUSPECTED
SUPPORTING,0.959,True,CRIMINAL,CONFIRMED
SUPPORTING,0.855,True,MIXED,CONFIRMED
SUPPORTING,0.820,True,CRIMINAL,SUSPECTED
SUPPORTING,0.926,True,CRIMINAL,CONFIRMED
NEUTRAL,0.281,True,CRIMINAL,UNKNOWN
SUPPORTING,0.620,True,CRIMINAL,SUSPECTED
SUPPORTING,0.901,True,CRIMINAL,CONFIRMED
CONTRADICTING,0.350,True,CRIMINAL,FALSE
SUPPORTING,0.939,True,CRIMINAL,CONFIRMED
SUPPORTING,0.887,True,CRIMINAL,CONFIRMED
CONTRADICTING,0.248,True,LEGITIMATE,FALSE
SUPPORTING,0.726,True,CRIMINAL,SUSPECTED
NEUTRAL,0.267,True,MIXED,UNKNOWN
CONTRADICTING,0.135,True,MIXED,FALSE
NEUTRAL,0.358,True,CRIMINAL,UNKNOWN
SUPPORTING,0.751,True,LEGITIMATE,SUSPECTED
SUPPORTING,0.593,True,CRIMINAL,SUSPECTED
NEUTRAL,0.339,True,LEGITIMATE,UNKNOWN
CONTRADICTING,0.216,True,CRIMINAL,FALSE
SUPPORTING,0.943,True,CRIMINAL,CONFIRMED
SUPPORTING,0.663,True,CRIMINAL,SUSPECTED
NEUTRAL,0.262,True,AMBIGUOUS,UNKNOWN
CONTRADICTING,0.273,True,LEGITIMATE,FALSE
SUPPORTING,0.903,True,CRIMINAL,CONFIRMED
CONTRADICTING,0.133,True,LEGITIMATE,FALSE
SUPPORTING,0.864,True,MIXED,CONFIRMED
CONTRADICTING,0.149,True,LEGITIMATE,FALSE
NEUTRAL,0.442,True,MIXED,UNKNOWN
CONTRADICTING,0.278,True,AMBIGUOUS,FALSE
NEUTRAL,0.453,True,MIXED,UNKNOWN
SUPPORTING,0.586,True,LEGITIMATE,SUSPECTED
SUPPORTING,0.618,True,CRIMINAL,SUSPECTED
NEUTRAL,0.301,True,CRIMINAL,UNKNOWN
SUPPORTING,0.910,True,CRIMINAL,CONFIRMED
SUPPORTING,0.792,True,MIXED,SUSPECTED
SUPPORTING,0.604,True,CRIMINAL,SUSPECTED
NEUTRAL,0.367,True,CRIMINAL,UNKNOWN
SUPPORTING,0.876,True,CRIMINAL,CONFIRMED
SUPPORTING,0.773,True,MIXED,SUSPECTED
SUPPORTING,0.666,True,CRIMINAL,SUSPECTED
SUPPORTING,0.982,True,MIXED,CONFIRMED
SUPPORTING,0.920,True,CRIMINAL,CONFIRMED
SUPPORTING,0.661,True,CRIMINAL,SUSPECTED
NEUTRAL,0.436,True,CRIMINAL,UNKNOWN
SUPPORTING,0.969,True,MIXED,CONFIRMED
SUPPORTING,0.709,True,CRIMINAL,SUSPECTED
NEUTRAL,0.543,True,CRIMINAL,UNKNOWN
SUPPORTING,0.705,True,MIXED,SUSPECTED
SUPPORTING,0.598,True,MIXED,SUSPECTED
SUPPORTING,0.754,True,MIXED,SUSPECTED
NEUTRAL,0.213,True,LEGITIMATE,UNKNOWN
SUPPORTING,0.829,True,AMBIGUOUS,SUSPECTED
SUPPORTING,0.794,True,CRIMINAL,SUSPECTED
NEUTRAL,0.524,True,AMBIGUOUS,UNKNOWN
SUPPORTING,0.676,True,LEGITIMATE,SUSPECTED
SUPPORTING,0.641,True,MIXED,SUSPECTED
SUPPORTING,0.827,True,CRIMINAL,CONFIRMED
SUPPORTING,0.763,True,CRIMINAL,SUSPECTED
CONTRADICTING,0.395,True,CRIMINAL,FALSE
NEUTRAL,0.327,True,CRIMINAL,UNKNOWN
SUPPORTING,0.835,True,AMBIGUOUS,CONFIRMED
CONTRADICTING,0.369,True,CRIMINAL,FALSE
SUPPORTING,0.861,True,CRIMINAL,CONFIRMED
SUPPORTING,0.823,True,CRIMINAL,CONFIRMED
CONTRADICTING,0.364,True,AMBIGUOUS,FALSE
SUPPORTING,0.875,True,CRIMINAL,CONFIRMED
SUPPORTING,0.879,True,AMBIGUOUS,CONFIRMED
CONTRADICTING,0.349,True,CRIMINAL,FALSE
CONTRADICTING,0.237,True,LEGITIMATE,FALSE
SUPPORTING,0.830,True,AMBIGUOUS,SUSPECTED
SUPPORTING,0.822,True,MIXED,CONFIRMED
CONTRADICTING,0.180,True,MIXED,FALSE
SUPPORTING,0.815,True,MIXED,SUSPECTED
NEUTRAL,0.426,True,AMBIGUOUS,UNKNOWN
SUPPORTING,0.851,True,CRIMINAL,CONFIRMED
SUPPORTING,0.841,True,CRIMINAL,SUSPECTED
SUPPORTING,0.867,True,CRIMINAL,CONFIRMED
SUPPORTING,0.753,True,LEGITIMATE,SUSPECTED
CONTRADICTING,0.353,True,LEGITIMATE,FALSE
CONTRADICTING,0.277,True,LEGITIMATE,FALSE
CONTRADICTING,0.203,True,CRIMINAL,FALSE
NEUTRAL,0.448,True,CRIMINAL,UNKNOWN
CONTRADICTING,0.359,True,MIXED,FALSE
SUPPORTING,0.691,True,MIXED,SUSPECTED
SUPPORTING,0.763,True,AMBIGUOUS,SUSPECTED
SUPPORTING,0.854,True,LEGITIMATE,SUSPECTED
SUPPORTING,0.895,True,CRIMINAL,CONFIRMED
SUPPORTING,0.873,True,MIXED,CONFIRMED
SUPPORTING,0.916,True,CRIMINAL,CONFIRMED
SUPPORTING,0.717,True,LEGITIMATE,SUSPECTED
SUPPORTING,0.651,True,CRIMINAL,SUSPECTED
SUPPORTING,0.835,True,LEGITIMATE,SUSPECTED
NEUTRAL,0.268,True,CRIMINAL,UNKNOWN
CONTRADICTING,0.263,True,LEGITIMATE,FALSE
SUPPORTING,0.935,True,CRIMINAL,CONFIRMED
SUPPORTING,0.837,True,MIXED,CONFIRMED
CONTRADICTING,0.311,True,LEGITIMATE,FALSE
SUPPORTING,0.644,True,MIXED,SUSPECTED
NEUTRAL,0.323,True,MIXED,UNKNOWN
SUPPORTING,0.951,True,CRIMINAL,CONFIRMED
SUPPORTING,0.791,True,CRIMINAL,SUSPECTED
SUPPORTING,0.826,True,AMBIGUOUS,SUSPECTED
SUPPORTING,0.626,True,CRIMINAL,SUSPECTED
CONTRADICTING,0.402,True,LEGITIMATE,FALSE
CONTRADICTING,0.385,True,CRIMINAL,FALSE
NEUTRAL,0.410,True,CRIMINAL,UNKNOWN
CONTRADICTING,0.416,True,LEGITIMATE,FALSE
NEUTRAL,0.438,True,CRIMINAL,UNKNOWN
SUPPORTING,0.987,True,MIXED,CONFIRMED
SUPPORTING,0.756,True,LEGITIMATE,SUSPECTED
CONTRADICTING,0.271,True,MIXED,FALSE
SUPPORTING,0.781,True,MIXED,SUSPECTED
SUPPORTING,0.603,True,LEGITIMATE,SUSPECTED
SUPPORTING,0.832,True,CRIMINAL,CONFIRMED
NEUTRAL,0.314,True,MIXED,UNKNOWN
SUPPORTING,0.724,True,CRIMINAL,SUSPECTED
NEUTRAL,0.446,True,MIXED,UNKNOWN
CONTRADICTING,0.149,True,MIXED,FALSE
SUPPORTING,0.891,True,LEGITIMATE,CONFIRMED
SUPPORTING,0.588,True,AMBIGUOUS,SUSPECTED
NEUTRAL,0.503,True,MIXED,UNKNOWN
CONTRADICTING,0.407,True,CRIMINAL,FALSE
NEUTRAL,0.503,True,CRIMINAL,UNKNOWN
SUPPORTING,0.753,True,CRIMINAL,SUSPECTED
SUPPORTING,0.839,True,CRIMINAL,CONFIRMED
NEUTRAL,0.445,True,CRIMINAL,UNKNOWN
SUPPORTING,0.904,True,CRIMINAL,CONFIRMED
SUPPORTING,0.948,True,CRIMINAL,CONFIRMED
SUPPORTING,0.616,True,MIXED,SUSPECTED
SUPPORTING,0.832,True,AMBIGUOUS,CONFIRMED
SUPPORTING,0.654,True,LEGITIMATE,SUSPECTED
SUPPORTING,0.820,True,MIXED,SUSPECTED
SUPPORTING,0.844,True,MIXED,SUSPECTED
SUPPORTING,0.891,True,MIXED,CONFIRMED
SUPPORTING,0.591,True,LEGITIMATE,SUSPECTED
SUPPORTING,0.681,True,LEGITIMATE,SUSPECTED
SUPPORTING,0.698,True,MIXED,SUSPECTED
SUPPORTING,0.718,True,MIXED,SUSPECTED
SUPPORTING,0.822,True,CRIMINAL,SUSPECTED
SUPPORTING,0.663,True,LEGITIMATE,SUSPECTED
SUPPORTING,0.872,True,LEGITIMATE,CONFIRMED
SUPPORTING,0.920,True,MIXED,CONFIRMED
NEUTRAL,0.432,True,MIXED,UNKNOWN
NEUTRAL,0.406,True,MIXED,UNKNOWN
SUPPORTING,0.876,True,MIXED,CONFIRMED
SUPPORTING,0.742,True,MIXED,SUSPECTED
CONTRADICTING,0.242,True,CRIMINAL,FALSE
CONTRADICTING,0.323,True,LEGITIMATE,FALSE
CONTRADICTING,0.177,True,MIXED,FALSE
NEUTRAL,0.265,True,MIXED,UNKNOWN
NEUTRAL,0.378,True,AMBIGUOUS,UNKNOWN
CONTRADICTING,0.187,True,CRIMINAL,FALSE
SUPPORTING,0.659,True,LEGITIMATE,SUSPECTED
CONTRADICTING,0.182,True,CRIMINAL,FALSE
NEUTRAL,0.432,True,MIXED,UNKNOWN
SUPPORTING,0.853,True,CRIMINAL,CONFIRMED
SUPPORTING,0.937,True,MIXED,CONFIRMED
SUPPORTING,0.933,True,AMBIGUOUS,CONFIRMED
NEUTRAL,0.230,True,LEGITIMATE,UNKNOWN
CONTRADICTING,0.346,True,LEGITIMATE,FALSE
NEUTRAL,0.546,True,MIXED,UNKNOWN
CONTRADICTING,0.381,True,CRIMINAL,FALSE
SUPPORTING,0.608,True,MIXED,SUSPECTED
CONTRADICTING,0.387,True,LEGITIMATE,FALSE
CONTRADICTING,0.387,True,LEGITIMATE,FALSE
SUPPORTING,0.837,True,CRIMINAL,SUSPECTED
SUPPORTING,0.826,True,MIXED,SUSPECTED
CONTRADICTING,0.418,True,AMBIGUOUS,FALSE
NEUTRAL,0.450,True,AMBIGUOUS,UNKNOWN
NEUTRAL,0.398,True,CRIMINAL,UNKNOWN
SUPPORTING,0.817,True,CRIMINAL,SUSPECTED
SUPPORTING,0.971,True,AMBIGUOUS,CONFIRMED
SUPPORTING,0.854,True,AMBIGUOUS,CONFIRMED
SUPPORTING,0.876,True,CRIMINAL,CONFIRMED
SUPPORTING,0.847,True,AMBIGUOUS,SUSPECTED
SUPPORTING,0.941,True,CRIMINAL,CONFIRMED
SUPPORTING,0.948,True,CRIMINAL,CONFIRMED
SUPPORTING,0.917,True,CRIMINAL,CONFIRMED
NEUTRAL,0.328,True,AMBIGUOUS,UNKNOWN
SUPPORTING,0.679,True,AMBIGUOUS,SUSPECTED
SUPPORTING,0.600,True,CRIMINAL,SUSPECTED
SUPPORTING,0.652,True,CRIMINAL,SUSPECTED
CONTRADICTING,0.226,True,LEGITIMATE,FALSE
NEUTRAL,0.410,True,CRIMINAL,UNKNOWN
SUPPORTING,0.687,True,CRIMINAL,SUSPECTED
CONTRADICTING,0.151,True,AMBIGUOUS,FALSE
SUPPORTING,0.915,True,CRIMINAL,CONFIRMED
CONTRADICTING,0.315,True,MIXED,FALSE
NEUTRAL,0.367,True,AMBIGUOUS,UNKNOWN
NEUTRAL,0.528,True,LEGITIMATE,UNKNOWN
SUPPORTING,0.694,True,CRIMINAL,SUSPECTED
NEUTRAL,0.460,True,MIXED,UNKNOWN
SUPPORTING,0.726,True,LEGITIMATE,SUSPECTED
NEUTRAL,0.370,True,CRIMINAL,UNKNOWN
NEUTRAL,0.523,True,AMBIGUOUS,UNKNOWN
SUPPORTING,0.681,True,MIXED,SUSPECTED
CONTRADICTING,0.353,True,LEGITIMATE,FALSE
NEUTRAL,0.387,True,MIXED,UNKNOWN
NEUTRAL,0.435,True,MIXED,UNKNOWN
SUPPORTING,0.952,True,MIXED,CONFIRMED
SUPPORTING,0.825,True,CRIMINAL,SUSPECTED
SUPPORTING,0.721,True,CRIMINAL,SUSPECTED
SUPPORTING,0.612,True,AMBIGUOUS,SUSPECTED
SUPPORTING,0.670,True,CRIMINAL,SUSPECTED
NEUTRAL,0.257,True,LEGITIMATE,UNKNOWN
SUPPORTING,0.784,True,AMBIGUOUS,SUSPECTED
SUPPORTING,0.619,True,CRIMINAL,SUSPECTED
SUPPORTING,0.696,True,MIXED,SUSPECTED
CONTRADICTING,0.127,True,AMBIGUOUS,FALSE
NEUTRAL,0.394,True,CRIMINAL,UNKNOWN
NEUTRAL,0.207,True,AMBIGUOUS,UNKNOWN
SUPPORTING,0.699,True,MIXED,SUSPECTED
NEUTRAL,0.409,True,LEGITIMATE,UNKNOWN
NEUTRAL,0.234,True,AMBIGUOUS,UNKNOWN
CONTRADICTING,0.357,True,CRIMINAL,FALSE
SUPPORTING,0.941,True,MIXED,CONFIRMED
NEUTRAL,0.529,True,CRIMINAL,UNKNOWN
SUPPORTING,0.831,True,CRIMINAL,CONFIRMED
CONTRADICTING,0.287,True,MIXED,FALSE
CONTRADICTING,0.196,True,MIXED,FALSE
SUPPORTING,0.760,True,CRIMINAL,SUSPECTED
SUPPORTING,0.677,True,CRIMINAL,SUSPECTED
CONTRADICTING,0.401,True,CRIMINAL,FALSE
SUPPORTING,0.832,True,MIXED,SUSPECTED
SUPPORTING,0.842,True,CRIMINAL,SUSPECTED
SUPPORTING,0.661,True,CRIMINAL,SUSPECTED
SUPPORTING,0.769,True,CRIMINAL,SUSPECTED
SUPPORTING,0.806,True,LEGITIMATE,SUSPECTED
SUPPORTING,0.582,True,CRIMINAL,SUSPECTED
CONTRADICTING,0.171,True,MIXED,FALSE
SUPPORTING,0.720,True,MIXED,SUSPECTED
SUPPORTING,0.762,True,AMBIGUOUS,SUSPECTED
SUPPORTING,0.846,True,MIXED,CONFIRMED
CONTRADICTING,0.156,True,LEGITIMATE,FALSE
NEUTRAL,0.320,True,MIXED,UNKNOWN
SUPPORTING,0.850,True,MIXED,CONFIRMED
SUPPORTING,0.805,True,MIXED,SUSPECTED
SUPPORTING,0.974,True,CRIMINAL,CONFIRMED
SUPPORTING,0.732,True,MIXED,SUSPECTED
SUPPORTING,0.875,True,CRIMINAL,CONFIRMED
CONTRADICTING,0.306,True,MIXED,FALSE
SUPPORTING,0.835,True,LEGITIMATE,CONFIRMED
SUPPORTING,0.587,True,CRIMINAL,SUSPECTED
NEUTRAL,0.270,True,CRIMINAL,UNKNOWN
SUPPORTING,0.878,True,CRIMINAL,CONFIRMED
SUPPORTING,0.633,True,MIXED,SUSPECTED
SUPPORTING,0.964,True,MIXED,CONFIRMED
CONTRADICTING,0.263,True,LEGITIMATE,FALSE
SUPPORTING,0.901,True,MIXED,CONFIRMED
SUPPORTING,0.853,True,MIXED,SUSPECTED
NEUTRAL,0.527,True,AMBIGUOUS,UNKNOWN
SUPPORTING,0.618,True,MIXED,SUSPECTED
SUPPORTING,0.874,True,CRIMINAL,CONFIRMED
SUPPORTING,0.846,True,CRIMINAL,CONFIRMED
SUPPORTING,0.949,True,MIXED,CONFIRMED
SUPPORTING,0.979,True,CRIMINAL,CONFIRMED
NEUTRAL,0.398,True,LEGITIMATE,UNKNOWN
SUPPORTING,0.921,True,CRIMINAL,CONFIRMED
SUPPORTING,0.761,True,CRIMINAL,SUSPECTED
SUPPORTING,0.879,True,CRIMINAL,CONFIRMED
SUPPORTING,0.920,True,LEGITIMATE,CONFIRMED
NEUTRAL,0.285,True,AMBIGUOUS,UNKNOWN
NEUTRAL,0.464,True,AMBIGUOUS,UNKNOWN
SUPPORTING,0.838,True,MIXED,CONFIRMED
SUPPORTING,0.950,True,CRIMINAL,CONFIRMED
SUPPORTING,0.584,True,MIXED,SUSPECTED
SUPPORTING,0.682,True,CRIMINAL,SUSPECTED
SUPPORTING,0.794,True,MIXED,SUSPECTED
SUPPORTING,0.679,True,CRIMINAL,SUSPECTED
SUPPORTING,0.929,True,CRIMINAL,CONFIRMED
CONTRADICTING,0.419,True,AMBIGUOUS,FALSE
SUPPORTING,0.811,True,MIXED,SUSPECTED
SUPPORTING,0.981,True,CRIMINAL,CONFIRMED
NEUTRAL,0.497,True,CRIMINAL,UNKNOWN
SUPPORTING,0.856,True,MIXED,SUSPECTED
NEUTRAL,0.490,True,MIXED,UNKNOWN
NEUTRAL,0.399,True,LEGITIMATE,UNKNOWN
NEUTRAL,0.260,True,CRIMINAL,UNKNOWN
NEUTRAL,0.235,True,MIXED,UNKNOWN
SUPPORTING,0.783,True,MIXED,SUSPECTED
SUPPORTING,0.775,True,CRIMINAL,SUSPECTED
NEUTRAL,0.359,True,AMBIGUOUS,UNKNOWN
NEUTRAL,0.499,True,CRIMINAL,UNKNOWN
SUPPORTING,0.945,True,MIXED,CONFIRMED
SUPPORTING,0.880,True,MIXED,CONFIRMED
SUPPORTING,0.826,True,CRIMINAL,CONFIRMED
SUPPORTING,0.729,True,LEGITIMATE,SUSPECTED
CONTRADICTING,0.231,True,AMBIGUOUS,FALSE
SUPPORTING,0.913,True,LEGITIMATE,CONFIRMED
SUPPORTING,0.738,True,CRIMINAL,SUSPECTED
SUPPORTING,0.908,True,MIXED,CONFIRMED
CONTRADICTING,0.250,True,CRIMINAL,FALSE
NEUTRAL,0.520,True,AMBIGUOUS,UNKNOWN
CONTRADICTING,0.314,True,LEGITIMATE,FALSE
NEUTRAL,0.463,True,MIXED,UNKNOWN
NEUTRAL,0.304,True,CRIMINAL,UNKNOWN
SUPPORTING,0.931,True,CRIMINAL,CONFIRMED
NEUTRAL,0.404,True,MIXED,UNKNOWN
CONTRADICTING,0.263,True,AMBIGUOUS,FALSE
SUPPORTING,0.976,True,CRIMINAL,CONFIRMED
SUPPORTING,0.814,True,CRIMINAL,SUSPECTED
SUPPORTING,0.840,True,CRIMINAL,CONFIRMED
CONTRADICTING,0.350,True,CRIMINAL,FALSE
SUPPORTING,0.673,True,LEGITIMATE,SUSPECTED
SUPPORTING,0.626,True,CRIMINAL,SUSPECTED
SUPPORTING,0.978,True,CRIMINAL,CONFIRMED
NEUTRAL,0.209,True,LEGITIMATE,UNKNOWN
SUPPORTING,0.849,True,MIXED,SUSPECTED
SUPPORTING,0.839,True,AMBIGUOUS,SUSPECTED
NEUTRAL,0.326,True,CRIMINAL,UNKNOWN
SUPPORTING,0.975,True,LEGITIMATE,CONFIRMED
SUPPORTING,0.917,True,MIXED,CONFIRMED
CONTRADICTING,0.370,True,CRIMINAL,FALSE
CONTRADICTING,0.324,True,AMBIGUOUS,FALSE
NEUTRAL,0.534,True,CRIMINAL,UNKNOWN
CONTRADICTING,0.280,True,LEGITIMATE,FALSE
SUPPORTING,0.874,True,MIXED,CONFIRMED
SUPPORTING,0.840,True,MIXED,CONFIRMED
SUPPORTING,0.858,True,AMBIGUOUS,CONFIRMED
SUPPORTING,0.989,True,CRIMINAL,CONFIRMED
CONTRADICTING,0.245,True,MIXED,FALSE
NEUTRAL,0.471,True,AMBIGUOUS,UNKNOWN
SUPPORTING,0.922,True,CRIMINAL,CONFIRMED
NEUTRAL,0.540,True,AMBIGUOUS,UNKNOWN
NEUTRAL,0.352,True,CRIMINAL,UNKNOWN
SUPPORTING,0.834,True,LEGITIMATE,CONFIRMED
CONTRADICTING,0.321,True,CRIMINAL,FALSE
NEUTRAL,0.244,True,AMBIGUOUS,UNKNOWN
SUPPORTING,0.623,True,MIXED,SUSPECTED
SUPPORTING,0.888,True,CRIMINAL,CONFIRMED
NEUTRAL,0.386,True,LEGITIMATE,UNKNOWN
NEUTRAL,0.307,True,LEGITIMATE,UNKNOWN
SUPPORTING,0.892,True,LEGITIMATE,CONFIRMED
SUPPORTING,0.769,True,CRIMINAL,SUSPECTED
SUPPORTING,0.639,True,MIXED,SUSPECTED
SUPPORTING,0.690,True,MIXED,SUSPECTED
NEUTRAL,0.415,True,CRIMINAL,UNKNOWN
SUPPORTING,0.662,True,CRIMINAL,SUSPECTED
SUPPORTING,0.946,True,AMBIGUOUS,CONFIRMED
NEUTRAL,0.266,True,CRIMINAL,UNKNOWN
SUPPORTING,0.826,True,LEGITIMATE,SUSPECTED
NEUTRAL,0.206,True,CRIMINAL,UNKNOWN
NEUTRAL,0.493,True,CRIMINAL,UNKNOWN
SUPPORTING,0.872,True,MIXED,CONFIRMED
NEUTRAL,0.523,True,AMBIGUOUS,UNKNOWN
SUPPORTING,0.824,True,CRIMINAL,SUSPECTED
SUPPORTING,0.649,True,CRIMINAL,SUSPECTED
SUPPORTING,0.849,True,AMBIGUOUS,SUSPECTED
CONTRADICTING,0.233,True,AMBIGUOUS,FALSE
SUPPORTING,0.708,True,MIXED,SUSPECTED
SUPPORTING,0.774,True,CRIMINAL,SUSPECTED
SUPPORTING,0.824,True,AMBIGUOUS,SUSPECTED
SUPPORTING,0.890,True,MIXED,CONFIRMED
SUPPORTING,0.704,True,CRIMINAL,SUSPECTED
SUPPORTING,0.720,True,CRIMINAL,SUSPECTED
NEUTRAL,0.420,True,MIXED,UNKNOWN
SUPPORTING,0.945,True,CRIMINAL,CONFIRMED
NEUTRAL,0.427,True,CRIMINAL,UNKNOWN
NEUTRAL,0.287,True,CRIMINAL,UNKNOWN
NEUTRAL,0.321,True,LEGITIMATE,UNKNOWN
SUPPORTING,0.820,True,CRIMINAL,SUSPECTED
NEUTRAL,0.342,True,CRIMINAL,UNKNOWN
SUPPORTING,0.859,True,MIXED,SUSPECTED
SUPPORTING,0.860,True,CRIMINAL,CONFIRMED
NEUTRAL,0.453,True,AMBIGUOUS,UNKNOWN
CONTRADICTING,0.310,True,LEGITIMATE,FALSE
SUPPORTING,0.726,True,CRIMINAL,SUSPECTED
NEUTRAL,0.331,True,CRIMINAL,UNKNOWN
CONTRADICTING,0.419,True,MIXED,FALSE
CONTRADICTING,0.255,True,LEGITIMATE,FALSE
SUPPORTING,0.647,True,CRIMINAL,SUSPECTED
NEUTRAL,0.352,True,MIXED,UNKNOWN
NEUTRAL,0.354,True,AMBIGUOUS,UNKNOWN
SUPPORTING,0.974,True,MIXED,CONFIRMED
SUPPORTING,0.615,True,CRIMINAL,SUSPECTED
SUPPORTING,0.849,True,CRIMINAL,CONFIRMED
SUPPORTING,0.748,True,LEGITIMATE,SUSPECTED
NEUTRAL,0.316,True,MIXED,UNKNOWN
SUPPORTING,0.638,True,AMBIGUOUS,SUSPECTED
SUPPORTING,0.655,True,LEGITIMATE,SUSPECTED
NEUTRAL,0.313,True,LEGITIMATE,UNKNOWN
NEUTRAL,0.261,True,AMBIGUOUS,UNKNOWN
NEUTRAL,0.428,True,MIXED,UNKNOWN
SUPPORTING,0.872,True,MIXED,CONFIRMED
CONTRADICTING,0.300,True,LEGITIMATE,FALSE
NEUTRAL,0.246,True,LEGITIMATE,UNKNOWN
SUPPORTING,0.768,True,LEGITIMATE,SUSPECTED
SUPPORTING,0.692,True,LEGITIMATE,SUSPECTED
SUPPORTING,0.700,True,MIXED,SUSPECTED
SUPPORTING,0.690,True,LEGITIMATE,SUSPECTED
NEUTRAL,0.488,True,AMBIGUOUS,UNKNOWN
CONTRADICTING,0.400,True,LEGITIMATE,FALSE
NEUTRAL,0.396,True,CRIMINAL,UNKNOWN
CONTRADICTING,0.393,True,LEGITIMATE,FALSE
SUPPORTING,0.854,True,CRIMINAL,CONFIRMED
SUPPORTING,0.640,True,CRIMINAL,SUSPECTED
SUPPORTING,0.897,True,CRIMINAL,CONFIRMED
NEUTRAL,0.505,True,LEGITIMATE,UNKNOWN
SUPPORTING,0.983,True,LEGITIMATE,CONFIRMED
NEUTRAL,0.256,True,LEGITIMATE,UNKNOWN
NEUTRAL,0.257,True,CRIMINAL,UNKNOWN
SUPPORTING,0.791,True,MIXED,SUSPECTED
SUPPORTING,0.847,True,CRIMINAL,CONFIRMED
SUPPORTING,0.625,True,CRIMINAL,SUSPECTED
SUPPORTING,0.656,True,CRIMINAL,SUSPECTED
SUPPORTING,0.638,True,MIXED,SUSPECTED
SUPPORTING,0.918,True,MIXED,CONFIRMED
SUPPORTING,0.940,True,CRIMINAL,CONFIRMED
SUPPORTING,0.853,True,CRIMINAL,SUSPECTED
CONTRADICTING,0.219,True,LEGITIMATE,FALSE
NEUTRAL,0.222,True,CRIMINAL,UNKNOWN
NEUTRAL,0.371,True,CRIMINAL,UNKNOWN
SUPPORTING,0.682,True,CRIMINAL,SUSPECTED
CONTRADICTING,0.394,True,LEGITIMATE,FALSE
SUPPORTING,0.826,True,LEGITIMATE,CONFIRMED
SUPPORTING,0.958,True,CRIMINAL,CONFIRMED
NEUTRAL,0.229,True,CRIMINAL,UNKNOWN
CONTRADICTING,0.296,True,MIXED,FALSE
CONTRADICTING,0.154,True,LEGITIMATE,FALSE
CONTRADICTING,0.195,True,MIXED,FALSE
SUPPORTING,0.969,True,CRIMINAL,CONFIRMED
SUPPORTING,0.928,True,CRIMINAL,CONFIRMED
NEUTRAL,0.217,True,MIXED,UNKNOWN
SUPPORTING,0.944,True,MIXED,CONFIRMED
SUPPORTING,0.990,True,AMBIGUOUS,CONFIRMED
SUPPORTING,0.915,True,LEGITIMATE,CONFIRMED
SUPPORTING,0.831,True,CRIMINAL,CONFIRMED
CONTRADICTING,0.252,True,MIXED,FALSE
SUPPORTING,0.675,True,CRIMINAL,SUSPECTED
NEUTRAL,0.267,True,MIXED,UNKNOWN
SUPPORTING,0.710,True,MIXED,SUSPECTED
SUPPORTING,0.961,True,AMBIGUOUS,CONFIRMED
SUPPORTING,0.757,True,LEGITIMATE,SUSPECTED
SUPPORTING,0.949,True,CRIMINAL,CONFIRMED
SUPPORTING,0.976,True,MIXED,CONFIRMED
NEUTRAL,0.504,True,MIXED,UNKNOWN
SUPPORTING,0.834,True,LEGITIMATE,CONFIRMED
SUPPORTING,0.951,True,CRIMINAL,CONFIRMED
SUPPORTING,0.871,True,CRIMINAL,CONFIRMED
SUPPORTING,0.636,True,CRIMINAL,SUSPECTED
SUPPORTING,0.668,True,CRIMINAL,SUSPECTED
SUPPORTING,0.892,True,CRIMINAL,CONFIRMED
CONTRADICTING,0.240,True,LEGITIMATE,FALSE
SUPPORTING,0.878,True,CRIMINAL,CONFIRMED
NEUTRAL,0.495,True,CRIMINAL,UNKNOWN
SUPPORTING,0.836,True,LEGITIMATE,CONFIRMED
NEUTRAL,0.513,True,MIXED,UNKNOWN
CONTRADICTING,0.309,True,LEGITIMATE,FALSE
SUPPORTING,0.742,True,AMBIGUOUS,SUSPECTED
SUPPORTING,0.736,True,LEGITIMATE,SUSPECTED
SUPPORTING,0.934,True,CRIMINAL,CONFIRMED
SUPPORTING,0.927,True,CRIMINAL,CONFIRMED
SUPPORTING,0.983,True,CRIMINAL,CONFIRMED
SUPPORTING,0.858,True,CRIMINAL,CONFIRMED
CONTRADICTING,0.326,True,CRIMINAL,FALSE
SUPPORTING,0.816,True,MIXED,SUSPECTED
CONTRADICTING,0.293,True,CRIMINAL,FALSE
SUPPORTING,0.718,True,AMBIGUOUS,SUSPECTED
NEUTRAL,0.290,True,LEGITIMATE,UNKNOWN
SUPPORTING,0.774,True,MIXED,SUSPECTED
NEUTRAL,0.539,True,CRIMINAL,UNKNOWN
NEUTRAL,0.540,True,LEGITIMATE,UNKNOWN
SUPPORTING,0.690,True,LEGITIMATE,SUSPECTED
NEUTRAL,0.492,True,MIXED,UNKNOWN
NEUTRAL,0.379,True,MIXED,UNKNOWN
NEUTRAL,0.440,True,CRIMINAL,UNKNOWN
SUPPORTING,0.736,True,CRIMINAL,SUSPECTED
SUPPORTING,0.926,True,AMBIGUOUS,CONFIRMED
SUPPORTING,0.630,True,AMBIGUOUS,SUSPECTED
SUPPORTING,0.824,True,MIXED,SUSPECTED
SUPPORTING,0.727,True,CRIMINAL,SUSPECTED
SUPPORTING,0.696,True,MIXED,SUSPECTED
SUPPORTING,0.954,True,LEGITIMATE,CONFIRMED
SUPPORTING,0.844,True,CRIMINAL,CONFIRMED
NEUTRAL,0.505,True,LEGITIMATE,UNKNOWN
SUPPORTING,0.755,True,CRIMINAL,SUSPECTED
NEUTRAL,0.313,True,CRIMINAL,UNKNOWN
NEUTRAL,0.219,True,LEGITIMATE,UNKNOWN
SUPPORTING,0.639,True,LEGITIMATE,SUSPECTED
SUPPORTING,0.755,True,MIXED,SUSPECTED
SUPPORTING,0.857,True,CRIMINAL,SUSPECTED
SUPPORTING,0.899,True,AMBIGUOUS,CONFIRMED
NEUTRAL,0.433,True,MIXED,UNKNOWN
NEUTRAL,0.408,True,AMBIGUOUS,UNKNOWN
SUPPORTING,0.654,True,CRIMINAL,SUSPECTED
SUPPORTING,0.897,True,CRIMINAL,CONFIRMED
SUPPORTING,0.830,True,CRIMINAL,SUSPECTED
NEUTRAL,0.503,True,CRIMINAL,UNKNOWN
SUPPORTING,0.852,True,CRIMINAL,SUSPECTED
SUPPORTING,0.948,True,CRIMINAL,CONFIRMED
CONTRADICTING,0.286,True,LEGITIMATE,FALSE
CONTRADICTING,0.332,True,LEGITIMATE,FALSE
SUPPORTING,0.859,True,CRIMINAL,CONFIRMED
SUPPORTING,0.659,True,LEGITIMATE,SUSPECTED
SUPPORTING,0.926,True,AMBIGUOUS,CONFIRMED
SUPPORTING,0.837,True,AMBIGUOUS,SUSPECTED
CONTRADICTING,0.218,True,AMBIGUOUS,FALSE
SUPPORTING,0.863,True,CRIMINAL,CONFIRMED
NEUTRAL,0.308,True,MIXED,UNKNOWN
SUPPORTING,0.880,True,AMBIGUOUS,CONFIRMED
SUPPORTING,0.833,True,MIXED,SUSPECTED
CONTRADICTING,0.416,True,MIXED,FALSE
SUPPORTING,0.859,True,MIXED,CONFIRMED
CONTRADICTING,0.170,True,LEGITIMATE,FALSE
SUPPORTING,0.974,True,AMBIGUOUS,CONFIRMED
SUPPORTING,0.881,True,CRIMINAL,CONFIRMED
SUPPORTING,0.806,True,CRIMINAL,SUSPECTED
SUPPORTING,0.853,True,CRIMINAL,SUSPECTED
CONTRADICTING,0.235,True,MIXED,FALSE
NEUTRAL,0.406,True,LEGITIMATE,UNKNOWN
SUPPORTING,0.584,True,CRIMINAL,SUSPECTED
SUPPORTING,0.849,True,CRIMINAL,CONFIRMED
SUPPORTING,0.708,True,MIXED,SUSPECTED
SUPPORTING,0.828,True,MIXED,CONFIRMED
SUPPORTING,0.981,True,CRIMINAL,CONFIRMED
SUPPORTING,0.915,True,AMBIGUOUS,CONFIRMED
SUPPORTING,0.907,True,CRIMINAL,CONFIRMED
SUPPORTING,0.849,True,MIXED,CONFIRMED
SUPPORTING,0.729,True,CRIMINAL,SUSPECTED
NEUTRAL,0.207,True,LEGITIMATE,UNKNOWN
SUPPORTING,0.641,True,LEGITIMATE,SUSPECTED
SUPPORTING,0.940,True,MIXED,CONFIRMED
NEUTRAL,0.334,True,MIXED,UNKNOWN
SUPPORTING,0.887,True,CRIMINAL,CONFIRMED
CONTRADICTING,0.354,True,AMBIGUOUS,FALSE
NEUTRAL,0.496,True,CRIMINAL,UNKNOWN
SUPPORTING,0.711,True,CRIMINAL,SUSPECTED
CONTRADICTING,0.297,True,MIXED,FALSE
SUPPORTING,0.648,True,CRIMINAL,SUSPECTED
SUPPORTING,0.733,True,CRIMINAL,SUSPECTED
NEUTRAL,0.405,True,AMBIGUOUS,UNKNOWN
SUPPORTING,0.912,True,CRIMINAL,CONFIRMED
CONTRADICTING,0.168,True,CRIMINAL,FALSE
SUPPORTING,0.804,True,LEGITIMATE,SUSPECTED
SUPPORTING,0.660,True,CRIMINAL,SUSPECTED
NEUTRAL,0.414,True,MIXED,UNKNOWN
SUPPORTING,0.809,True,LEGITIMATE,SUSPECTED
NEUTRAL,0.452,True,LEGITIMATE,UNKNOWN
SUPPORTING,0.671,True,AMBIGUOUS,SUSPECTED
SUPPORTING,0.879,True,CRIMINAL,CONFIRMED
NEUTRAL,0.338,True,LEGITIMATE,UNKNOWN
SUPPORTING,0.932,True,CRIMINAL,CONFIRMED
NEUTRAL,0.305,True,AMBIGUOUS,UNKNOWN
SUPPORTING,0.989,True,LEGITIMATE,CONFIRMED
NEUTRAL,0.524,True,CRIMINAL,UNKNOWN
NEUTRAL,0.508,True,CRIMINAL,UNKNOWN
NEUTRAL,0.295,True,CRIMINAL,UNKNOWN
CONTRADICTING,0.355,True,LEGITIMATE,FALSE
SUPPORTING,0.644,True,LEGITIMATE,SUSPECTED
SUPPORTING,0.848,True,CRIMINAL,CONFIRMED
CONTRADICTING,0.322,True,MIXED,FALSE
SUPPORTING,0.839,True,CRIMINAL,SUSPECTED
NEUTRAL,0.259,True,CRIMINAL,UNKNOWN
SUPPORTING,0.923,True,MIXED,CONFIRMED
SUPPORTING,0.620,True,MIXED,SUSPECTED
SUPPORTING,0.667,True,MIXED,SUSPECTED
SUPPORTING,0.854,True,CRIMINAL,CONFIRMED
SUPPORTING,0.821,True,CRIMINAL,CONFIRMED
SUPPORTING,0.877,True,CRIMINAL,CONFIRMED
CONTRADICTING,0.403,True,CRIMINAL,FALSE
CONTRADICTING,0.262,True,LEGITIMATE,FALSE
NEUTRAL,0.495,True,AMBIGUOUS,UNKNOWN
CONTRADICTING,0.391,True,LEGITIMATE,FALSE
CONTRADICTING,0.383,True,LEGITIMATE,FALSE
SUPPORTING,0.904,True,CRIMINAL,CONFIRMED
SUPPORTING,0.936,True,MIXED,CONFIRMED
SUPPORTING,0.836,True,CRIMINAL,CONFIRMED
SUPPORTING,0.659,True,LEGITIMATE,SUSPECTED
NEUTRAL,0.452,True,AMBIGUOUS,UNKNOWN
SUPPORTING,0.784,True,LEGITIMATE,SUSPECTED
SUPPORTING,0.814,True,MIXED,SUSPECTED
SUPPORTING,0.717,True,MIXED,SUSPECTED
SUPPORTING,0.655,True,CRIMINAL,SUSPECTED
NEUTRAL,0.224,True,LEGITIMATE,UNKNOWN
NEUTRAL,0.204,True,AMBIGUOUS,UNKNOWN
SUPPORTING,0.916,True,CRIMINAL,CONFIRMED
SUPPORTING,0.707,True,LEGITIMATE,SUSPECTED
SUPPORTING,0.714,True,CRIMINAL,SUSPECTED
NEUTRAL,0.341,True,CRIMINAL,UNKNOWN
SUPPORTING,0.635,True,MIXED,SUSPECTED
SUPPORTING,0.763,True,CRIMINAL,SUSPECTED
NEUTRAL,0.328,True,MIXED,UNKNOWN
SUPPORTING,0.835,True,AMBIGUOUS,CONFIRMED
SUPPORTING,0.763,True,CRIMINAL,SUSPECTED
NEUTRAL,0.535,True,AMBIGUOUS,UNKNOWN
CONTRADICTING,0.170,True,LEGITIMATE,FALSE
NEUTRAL,0.443,True,AMBIGUOUS,UNKNOWN
SUPPORTING,0.652,True,AMBIGUOUS,SUSPECTED
SUPPORTING,0.822,True,CRIMINAL,CONFIRMED
CONTRADICTING,0.417,True,LEGITIMATE,FALSE
SUPPORTING,0.787,True,CRIMINAL,SUSPECTED
SUPPORTING,0.968,True,CRIMINAL,CONFIRMED
SUPPORTING,0.852,True,CRIMINAL,SUSPECTED
NEUTRAL,0.441,True,LEGITIMATE,UNKNOWN
SUPPORTING,0.850,True,LEGITIMATE,CONFIRMED
SUPPORTING,0.617,True,MIXED,SUSPECTED
SUPPORTING,0.747,True,MIXED,SUSPECTED
SUPPORTING,0.703,True,CRIMINAL,SUSPECTED
CONTRADICTING,0.245,True,CRIMINAL,FALSE
CONTRADICTING,0.145,True,MIXED,FALSE
SUPPORTING,0.900,True,MIXED,CONFIRMED
CONTRADICTING,0.262,True,LEGITIMATE,FALSE
CONTRADICTING,0.206,True,LEGITIMATE,FALSE
SUPPORTING,0.870,True,LEGITIMATE,CONFIRMED
SUPPORTING,0.584,True,CRIMINAL,SUSPECTED
NEUTRAL,0.241,True,LEGITIMATE,UNKNOWN
SUPPORTING,0.820,True,CRIMINAL,SUSPECTED
SUPPORTING,0.596,True,CRIMINAL,SUSPECTED
SUPPORTING,0.978,True,AMBIGUOUS,CONFIRMED
SUPPORTING,0.850,True,MIXED,SUSPECTED
SUPPORTING,0.934,True,LEGITIMATE,CONFIRMED
NEUTRAL,0.263,True,LEGITIMATE,UNKNOWN
NEUTRAL,0.304,True,AMBIGUOUS,UNKNOWN
SUPPORTING,0.870,True,MIXED,CONFIRMED
SUPPORTING,0.778,True,CRIMINAL,SUSPECTED
CONTRADICTING,0.182,True,LEGITIMATE,FALSE
SUPPORTING,0.861,True,CRIMINAL,CONFIRMED
SUPPORTING,0.945,True,MIXED,CONFIRMED
NEUTRAL,0.441,True,MIXED,UNKNOWN
SUPPORTING,0.977,True,CRIMINAL,CONFIRMED
CONTRADICTING,0.395,True,LEGITIMATE,FALSE
CONTRADICTING,0.303,True,MIXED,FALSE
SUPPORTING,0.948,True,CRIMINAL,CONFIRMED
NEUTRAL,0.439,True,MIXED,UNKNOWN
CONTRADICTING,0.166,True,LEGITIMATE,FALSE
SUPPORTING,0.876,True,MIXED,CONFIRMED
NEUTRAL,0.394,True,CRIMINAL,UNKNOWN
SUPPORTING,0.896,True,AMBIGUOUS,CONFIRMED
SUPPORTING,0.756,True,LEGITIMATE,SUSPECTED
SUPPORTING,0.959,True,CRIMINAL,CONFIRMED
SUPPORTING,0.904,True,MIXED,CONFIRMED
CONTRADICTING,0.147,True,LEGITIMATE,FALSE
CONTRADICTING,0.325,True,CRIMINAL,FALSE
SUPPORTING,0.643,True,LEGITIMATE,SUSPECTED
NEUTRAL,0.277,True,CRIMINAL,UNKNOWN
SUPPORTING,0.958,True,CRIMINAL,CONFIRMED
SUPPORTING,0.980,True,MIXED,CONFIRMED
SUPPORTING,0.932,True,CRIMINAL,CONFIRMED
SUPPORTING,0.763,True,LEGITIMATE,SUSPECTED
NEUTRAL,0.328,True,MIXED,UNKNOWN
SUPPORTING,0.600,True,AMBIGUOUS,SUSPECTED
SUPPORTING,0.599,True,CRIMINAL,SUSPECTED
CONTRADICTING,0.328,True,AMBIGUOUS,FALSE
NEUTRAL,0.252,True,CRIMINAL,UNKNOWN
SUPPORTING,0.707,True,CRIMINAL,SUSPECTED
NEUTRAL,0.298,True,MIXED,UNKNOWN
SUPPORTING,0.858,True,CRIMINAL,SUSPECTED
NEUTRAL,0.496,True,AMBIGUOUS,UNKNOWN
SUPPORTING,0.985,True,LEGITIMATE,CONFIRMED
NEUTRAL,0.511,True,MIXED,UNKNOWN
CONTRADICTING,0.297,True,CRIMINAL,FALSE
SUPPORTING,0.841,True,CRIMINAL,CONFIRMED
SUPPORTING,0.927,True,LEGITIMATE,CONFIRMED
SUPPORTING,0.768,True,AMBIGUOUS,SUSPECTED
SUPPORTING,0.696,True,AMBIGUOUS,SUSPECTED
NEUTRAL,0.340,True,MIXED,UNKNOWN
NEUTRAL,0.449,True,LEGITIMATE,UNKNOWN
CONTRADICTING,0.347,True,LEGITIMATE,FALSE
NEUTRAL,0.237,True,CRIMINAL,UNKNOWN
NEUTRAL,0.221,True,MIXED,UNKNOWN
NEUTRAL,0.213,True,CRIMINAL,UNKNOWN
SUPPORTING,0.828,True,MIXED,CONFIRMED
SUPPORTING,0.783,True,MIXED,SUSPECTED
NEUTRAL,0.365,True,LEGITIMATE,UNKNOWN
NEUTRAL,0.522,True,CRIMINAL,UNKNOWN
NEUTRAL,0.486,True,CRIMINAL,UNKNOWN
NEUTRAL,0.514,True,AMBIGUOUS,UNKNOWN
NEUTRAL,0.314,True,AMBIGUOUS,UNKNOWN
CONTRADICTING,0.303,True,LEGITIMATE,FALSE
NEUTRAL,0.416,True,CRIMINAL,UNKNOWN
SUPPORTING,0.587,True,LEGITIMATE,SUSPECTED
SUPPORTING,0.980,True,MIXED,CONFIRMED
NEUTRAL,0.237,True,LEGITIMATE,UNKNOWN
SUPPORTING,0.691,True,AMBIGUOUS,SUSPECTED
SUPPORTING,0.836,True,AMBIGUOUS,SUSPECTED
SUPPORTING,0.651,True,AMBIGUOUS,SUSPECTED
NEUTRAL,0.267,True,CRIMINAL,UNKNOWN
NEUTRAL,0.341,True,CRIMINAL,UNKNOWN
SUPPORTING,0.876,True,LEGITIMATE,CONFIRMED
NEUTRAL,0.352,True,LEGITIMATE,UNKNOWN
SUPPORTING,0.897,True,AMBIGUOUS,CONFIRMED
CONTRADICTING,0.169,True,CRIMINAL,FALSE
CONTRADICTING,0.375,True,AMBIGUOUS,FALSE
SUPPORTING,0.737,True,LEGITIMATE,SUSPECTED
SUPPORTING,0.834,True,MIXED,SUSPECTED
SUPPORTING,0.934,True,LEGITIMATE,CONFIRMED
SUPPORTING,0.971,True,MIXED,CONFIRMED
SUPPORTING,0.596,True,CRIMINAL,SUSPECTED
NEUTRAL,0.224,True,MIXED,UNKNOWN
SUPPORTING,0.866,True,CRIMINAL,CONFIRMED
SUPPORTING,0.759,True,MIXED,SUSPECTED
SUPPORTING,0.656,True,CRIMINAL,SUSPECTED
SUPPORTING,0.937,True,CRIMINAL,CONFIRMED
SUPPORTING,0.666,True,CRIMINAL,SUSPECTED
CONTRADICTING,0.361,True,LEGITIMATE,FALSE
CONTRADICTING,0.193,True,MIXED,FALSE
CONTRADICTING,0.366,True,CRIMINAL,FALSE
NEUTRAL,0.295,True,CRIMINAL,UNKNOWN
NEUTRAL,0.536,True,CRIMINAL,UNKNOWN
NEUTRAL,0.278,True,AMBIGUOUS,UNKNOWN
NEUTRAL,0.345,True,LEGITIMATE,UNKNOWN
SUPPORTING,0.677,True,CRIMINAL,SUSPECTED
SUPPORTING,0.837,True,LEGITIMATE,SUSPECTED
SUPPORTING,0.918,True,CRIMINAL,CONFIRMED
SUPPORTING,0.611,True,CRIMINAL,SUSPECTED
NEUTRAL,0.274,True,AMBIGUOUS,UNKNOWN
SUPPORTING,0.968,True,LEGITIMATE,CONFIRMED
SUPPORTING,0.815,True,CRIMINAL,SUSPECTED
SUPPORTING,0.835,True,CRIMINAL,SUSPECTED
SUPPORTING,0.827,True,CRIMINAL,CONFIRMED
SUPPORTING,0.944,True,CRIMINAL,CONFIRMED
SUPPORTING,0.953,True,CRIMINAL,CONFIRMED
SUPPORTING,0.823,True,CRIMINAL,SUSPECTED
CONTRADICTING,0.366,True,MIXED,FALSE
SUPPORTING,0.967,True,CRIMINAL,CONFIRMED
NEUTRAL,0.546,True,CRIMINAL,UNKNOWN
SUPPORTING,0.825,True,AMBIGUOUS,CONFIRMED
SUPPORTING,0.819,True,LEGITIMATE,SUSPECTED
CONTRADICTING,0.309,True,CRIMINAL,FALSE
SUPPORTING,0.918,True,CRIMINAL,CONFIRMED
SUPPORTING,0.961,True,MIXED,CONFIRMED
CONTRADICTING,0.217,True,LEGITIMATE,FALSE
CONTRADICTING,0.156,True,MIXED,FALSE
SUPPORTING,0.891,True,CRIMINAL,CONFIRMED
SUPPORTING,0.832,True,AMBIGUOUS,CONFIRMED
NEUTRAL,0.357,True,AMBIGUOUS,UNKNOWN
SUPPORTING,0.678,True,LEGITIMATE,SUSPECTED
NEUTRAL,0.517,True,CRIMINAL,UNKNOWN
SUPPORTING,0.748,True,CRIMINAL,SUSPECTED
CONTRADICTING,0.272,True,AMBIGUOUS,FALSE
SUPPORTING,0.757,True,MIXED,SUSPECTED
SUPPORTING,0.655,True,MIXED,SUSPECTED
SUPPORTING,0.632,True,LEGITIMATE,SUSPECTED
CONTRADICTING,0.155,True,CRIMINAL,FALSE
CONTRADICTING,0.221,True,LEGITIMATE,FALSE
NEUTRAL,0.439,True,AMBIGUOUS,UNKNOWN
NEUTRAL,0.373,True,CRIMINAL,UNKNOWN
NEUTRAL,0.435,True,CRIMINAL,UNKNOWN
SUPPORTING,0.948,True,LEGITIMATE,CONFIRMED
SUPPORTING,0.712,True,CRIMINAL,SUSPECTED
SUPPORTING,0.796,True,LEGITIMATE,SUSPECTED
SUPPORTING,0.965,True,CRIMINAL,CONFIRMED
CONTRADICTING,0.252,True,MIXED,FALSE
SUPPORTING,0.841,True,AMBIGUOUS,SUSPECTED
NEUTRAL,0.473,True,LEGITIMATE,UNKNOWN
NEUTRAL,0.261,True,MIXED,UNKNOWN
CONTRADICTING,0.375,True,LEGITIMATE,FALSE
CONTRADICTING,0.269,True,LEGITIMATE,FALSE
SUPPORTING,0.709,True,MIXED,SUSPECTED
SUPPORTING,0.841,True,AMBIGUOUS,SUSPECTED
NEUTRAL,0.248,True,CRIMINAL,UNKNOWN
SUPPORTING,0.933,True,CRIMINAL,CONFIRMED
CONTRADICTING,0.155,True,CRIMINAL,FALSE
SUPPORTING,0.917,True,LEGITIMATE,CONFIRMED
SUPPORTING,0.710,True,AMBIGUOUS,SUSPECTED
CONTRADICTING,0.367,True,LEGITIMATE,FALSE
SUPPORTING,0.850,True,CRIMINAL,CONFIRMED
NEUTRAL,0.428,True,CRIMINAL,UNKNOWN
CONTRADICTING,0.376,True,CRIMINAL,FALSE
SUPPORTING,0.624,True,CRIMINAL,SUSPECTED
SUPPORTING,0.724,True,CRIMINAL,SUSPECTED
CONTRADICTING,0.193,True,CRIMINAL,FALSE
SUPPORTING,0.870,True,LEGITIMATE,CONFIRMED
SUPPORTING,0.974,True,MIXED,CONFIRMED
CONTRADICTING,0.348,True,LEGITIMATE,FALSE
SUPPORTING,0.988,True,MIXED,CONFIRMED
CONTRADICTING,0.386,True,MIXED,FALSE
CONTRADICTING,0.291,True,LEGITIMATE,FALSE
NEUTRAL,0.524,True,AMBIGUOUS,UNKNOWN
SUPPORTING,0.654,True,AMBIGUOUS,SUSPECTED
SUPPORTING,0.889,True,MIXED,CONFIRMED
NEUTRAL,0.283,True,MIXED,UNKNOWN
NEUTRAL,0.536,True,CRIMINAL,UNKNOWN
SUPPORTING,0.702,True,CRIMINAL,SUSPECTED
NEUTRAL,0.230,True,MIXED,UNKNOWN
NEUTRAL,0.258,True,LEGITIMATE,UNKNOWN
SUPPORTING,0.922,True,MIXED,CONFIRMED
CONTRADICTING,0.253,True,CRIMINAL,FALSE
NEUTRAL,0.204,True,LEGITIMATE,UNKNOWN
SUPPORTING,0.935,True,MIXED,CONFIRMED
CONTRADICTING,0.163,True,CRIMINAL,FALSE
SUPPORTING,0.726,True,MIXED,SUSPECTED
SUPPORTING,0.932,True,LEGITIMATE,CONFIRMED
SUPPORTING,0.652,True,CRIMINAL,SUSPECTED
NEUTRAL,0.202,True,LEGITIMATE,UNKNOWN
CONTRADICTING,0.338,True,CRIMINAL,FALSE
SUPPORTING,0.665,True,LEGITIMATE,SUSPECTED
NEUTRAL,0.257,True,LEGITIMATE,UNKNOWN
SUPPORTING,0.989,True,MIXED,CONFIRMED
SUPPORTING,0.644,True,MIXED,SUSPECTED
SUPPORTING,0.604,True,CRIMINAL,SUSPECTED
SUPPORTING,0.886,True,CRIMINAL,CONFIRMED
SUPPORTING,0.849,True,MIXED,CONFIRMED
NEUTRAL,0.489,True,LEGITIMATE,UNKNOWN
SUPPORTING,0.633,True,LEGITIMATE,SUSPECTED
SUPPORTING,0.748,True,MIXED,SUSPECTED
NEUTRAL,0.294,True,AMBIGUOUS,UNKNOWN
SUPPORTING,0.816,True,LEGITIMATE,SUSPECTED
NEUTRAL,0.506,True,LEGITIMATE,UNKNOWN
SUPPORTING,0.876,True,CRIMINAL,CONFIRMED
SUPPORTING,0.837,True,CRIMINAL,SUSPECTED
NEUTRAL,0.259,True,LEGITIMATE,UNKNOWN
NEUTRAL,0.546,True,LEGITIMATE,UNKNOWN
SUPPORTING,0.878,True,MIXED,CONFIRMED
CONTRADICTING,0.166,True,CRIMINAL,FALSE
SUPPORTING,0.905,True,CRIMINAL,CONFIRMED
SUPPORTING,0.869,True,CRIMINAL,CONFIRMED
CONTRADICTING,0.415,True,CRIMINAL,FALSE
SUPPORTING,0.860,True,CRIMINAL,SUSPECTED
NEUTRAL,0.489,True,MIXED,UNKNOWN
CONTRADICTING,0.340,True,MIXED,FALSE
SUPPORTING,0.714,True,CRIMINAL,SUSPECTED
CONTRADICTING,0.120,True,CRIMINAL,FALSE
SUPPORTING,0.721,True,MIXED,SUSPECTED
SUPPORTING,0.851,True,LEGITIMATE,CONFIRMED
SUPPORTING,0.865,True,LEGITIMATE,CONFIRMED
SUPPORTING,0.585,True,CRIMINAL,SUSPECTED
SUPPORTING,0.910,True,CRIMINAL,CONFIRMED
SUPPORTING,0.662,True,MIXED,SUSPECTED
CONTRADICTING,0.129,True,MIXED,FALSE
SUPPORTING,0.869,True,AMBIGUOUS,CONFIRMED
CONTRADICTING,0.153,True,AMBIGUOUS,FALSE
SUPPORTING,0.581,True,CRIMINAL,SUSPECTED
SUPPORTING,0.900,True,AMBIGUOUS,CONFIRMED
SUPPORTING,0.765,True,AMBIGUOUS,SUSPECTED
SUPPORTING,0.954,True,AMBIGUOUS,CONFIRMED
SUPPORTING,0.980,True,LEGITIMATE,CONFIRMED
NEUTRAL,0.369,True,CRIMINAL,UNKNOWN
CONTRADICTING,0.333,True,CRIMINAL,FALSE
NEUTRAL,0.435,True,LEGITIMATE,UNKNOWN
NEUTRAL,0.503,True,MIXED,UNKNOWN
SUPPORTING,0.914,True,LEGITIMATE,CONFIRMED
SUPPORTING,0.664,True,MIXED,SUSPECTED
SUPPORTING,0.678,True,CRIMINAL,SUSPECTED
NEUTRAL,0.439,True,CRIMINAL,UNKNOWN
SUPPORTING,0.947,True,CRIMINAL,CONFIRMED
SUPPORTING,0.979,True,CRIMINAL,CONFIRMED
SUPPORTING,0.952,True,CRIMINAL,CONFIRMED
NEUTRAL,0.228,True,CRIMINAL,UNKNOWN
CONTRADICTING,0.290,True,CRIMINAL,FALSE
SUPPORTING,0.635,True,MIXED,SUSPECTED
NEUTRAL,0.522,True,MIXED,UNKNOWN
SUPPORTING,0.640,True,LEGITIMATE,SUSPECTED
SUPPORTING,0.861,True,AMBIGUOUS,CONFIRMED
SUPPORTING,0.871,True,AMBIGUOUS,CONFIRMED
SUPPORTING,0.659,True,CRIMINAL,SUSPECTED
SUPPORTING,0.674,True,CRIMINAL,SUSPECTED
SUPPORTING,0.850,True,CRIMINAL,SUSPECTED
SUPPORTING,0.933,True,CRIMINAL,CONFIRMED
NEUTRAL,0.207,True,LEGITIMATE,UNKNOWN
SUPPORTING,0.959,True,AMBIGUOUS,CONFIRMED
NEUTRAL,0.544,True,MIXED,UNKNOWN
CONTRADICTING,0.370,True,CRIMINAL,FALSE
SUPPORTING,0.826,True,CRIMINAL,SUSPECTED
SUPPORTING,0.832,True,LEGITIMATE,SUSPECTED
SUPPORTING,0.803,True,LEGITIMATE,SUSPECTED
CONTRADICTING,0.381,True,MIXED,FALSE
CONTRADICTING,0.399,True,AMBIGUOUS,FALSE
SUPPORTING,0.771,True,MIXED,SUSPECTED
SUPPORTING,0.874,True,MIXED,CONFIRMED
SUPPORTING,0.723,True,AMBIGUOUS,SUSPECTED
CONTRADICTING,0.204,True,LEGITIMATE,FALSE
NEUTRAL,0.476,True,LEGITIMATE,UNKNOWN
SUPPORTING,0.874,True,CRIMINAL,CONFIRMED
SUPPORTING,0.601,True,LEGITIMATE,SUSPECTED
NEUTRAL,0.508,True,AMBIGUOUS,UNKNOWN
CONTRADICTING,0.163,True,AMBIGUOUS,FALSE
CONTRADICTING,0.152,True,CRIMINAL,FALSE
SUPPORTING,0.967,True,CRIMINAL,CONFIRMED
SUPPORTING,0.620,True,CRIMINAL,SUSPECTED
SUPPORTING,0.861,True,CRIMINAL,CONFIRMED
SUPPORTING,0.846,True,CRIMINAL,CONFIRMED
SUPPORTING,0.679,True,LEGITIMATE,SUSPECTED
SUPPORTING,0.633,True,CRIMINAL,SUSPECTED
NEUTRAL,0.337,True,AMBIGUOUS,UNKNOWN
SUPPORTING,0.813,True,CRIMINAL,SUSPECTED
CONTRADICTING,0.397,True,MIXED,FALSE
SUPPORTING,0.716,True,MIXED,SUSPECTED
SUPPORTING,0.875,True,AMBIGUOUS,CONFIRMED
NEUTRAL,0.262,True,MIXED,UNKNOWN
CONTRADICTING,0.249,True,LEGITIMATE,FALSE
SUPPORTING,0.870,True,MIXED,CONFIRMED
SUPPORTING,0.853,True,MIXED,CONFIRMED
CONTRADICTING,0.375,True,LEGITIMATE,FALSE
SUPPORTING,0.635,True,MIXED,SUSPECTED
CONTRADICTING,0.394,True,AMBIGUOUS,FALSE
SUPPORTING,0.948,True,MIXED,CONFIRMED
SUPPORTING,0.644,True,MIXED,SUSPECTED
CONTRADICTING,0.151,True,MIXED,FALSE
SUPPORTING,0.824,True,LEGITIMATE,CONFIRMED
SUPPORTING,0.963,True,CRIMINAL,CONFIRMED
NEUTRAL,0.311,True,LEGITIMATE,UNKNOWN
SUPPORTING,0.677,True,MIXED,SUSPECTED
SUPPORTING,0.874,True,CRIMINAL,CONFIRMED
SUPPORTING,0.707,True,LEGITIMATE,SUSPECTED
CONTRADICTING,0.337,True,MIXED,FALSE
SUPPORTING,0.685,True,CRIMINAL,SUSPECTED
NEUTRAL,0.530,True,AMBIGUOUS,UNKNOWN
SUPPORTING,0.850,True,AMBIGUOUS,SUSPECTED
NEUTRAL,0.447,True,CRIMINAL,UNKNOWN
NEUTRAL,0.534,True,LEGITIMATE,UNKNOWN
SUPPORTING,0.642,True,CRIMINAL,SUSPECTED
SUPPORTING,0.830,True,CRIMINAL,CONFIRMED
CONTRADICTING,0.122,True,CRIMINAL,FALSE
SUPPORTING,0.961,True,LEGITIMATE,CONFIRMED
SUPPORTING,0.932,True,CRIMINAL,CONFIRMED
NEUTRAL,0.529,True,CRIMINAL,UNKNOWN
SUPPORTING,0.674,True,MIXED,SUSPECTED
SUPPORTING,0.985,True,CRIMINAL,CONFIRMED
SUPPORTING,0.950,True,CRIMINAL,CONFIRMED
NEUTRAL,0.287,True,CRIMINAL,UNKNOWN
SUPPORTING,0.795,True,AMBIGUOUS,SUSPECTED
NEUTRAL,0.335,True,AMBIGUOUS,UNKNOWN
NEUTRAL,0.505,True,LEGITIMATE,UNKNOWN
SUPPORTING,0.853,True,MIXED,SUSPECTED
SUPPORTING,0.852,True,LEGITIMATE,SUSPECTED
SUPPORTING,0.836,True,AMBIGUOUS,CONFIRMED
CONTRADICTING,0.276,True,LEGITIMATE,FALSE
SUPPORTING,0.978,True,CRIMINAL,CONFIRMED
SUPPORTING,0.842,True,LEGITIMATE,CONFIRMED
SUPPORTING,0.601,True,CRIMINAL,SUSPECTED
SUPPORTING,0.647,True,CRIMINAL,SUSPECTED
SUPPORTING,0.856,True,CRIMINAL,CONFIRMED
SUPPORTING,0.838,True,MIXED,SUSPECTED
NEUTRAL,0.310,True,MIXED,UNKNOWN
SUPPORTING,0.875,True,MIXED,CONFIRMED
SUPPORTING,0.846,True,CRIMINAL,SUSPECTED
SUPPORTING,0.926,True,CRIMINAL,CONFIRMED
SUPPORTING,0.673,True,LEGITIMATE,SUSPECTED
CONTRADICTING,0.273,True,LEGITIMATE,FALSE
NEUTRAL,0.311,True,LEGITIMATE,UNKNOWN
SUPPORTING,0.858,True,CRIMINAL,CONFIRMED
NEUTRAL,0.474,True,LEGITIMATE,UNKNOWN
CONTRADICTING,0.304,True,LEGITIMATE,FALSE
NEUTRAL,0.494,True,MIXED,UNKNOWN
SUPPORTING,0.960,True,CRIMINAL,CONFIRMED
SUPPORTING,0.919,True,CRIMINAL,CONFIRMED
SUPPORTING,0.589,True,MIXED,SUSPECTED
SUPPORTING,0.849,True,CRIMINAL,CONFIRMED
SUPPORTING,0.886,True,CRIMINAL,CONFIRMED
CONTRADICTING,0.245,True,CRIMINAL,FALSE
NEUTRAL,0.218,True,MIXED,UNKNOWN
NEUTRAL,0.387,True,LEGITIMATE,UNKNOWN
CONTRADICTING,0.170,True,LEGITIMATE,FALSE
SUPPORTING,0.587,True,LEGITIMATE,SUSPECTED
CONTRADICTING,0.404,True,LEGITIMATE,FALSE
CONTRADICTING,0.258,True,CRIMINAL,FALSE
SUPPORTING,0.849,True,CRIMINAL,CONFIRMED
SUPPORTING,0.696,True,LEGITIMATE,SUSPECTED
NEUTRAL,0.314,True,CRIMINAL,UNKNOWN
CONTRADICTING,0.409,True,CRIMINAL,FALSE
SUPPORTING,0.798,True,CRIMINAL,SUSPECTED
SUPPORTING,0.936,True,CRIMINAL,CONFIRMED
SUPPORTING,0.855,True,LEGITIMATE,CONFIRMED
SUPPORTING,0.915,True,MIXED,CONFIRMED
SUPPORTING,0.823,True,CRIMINAL,CONFIRMED
SUPPORTING,0.835,True,LEGITIMATE,SUSPECTED
CONTRADICTING,0.365,True,AMBIGUOUS,FALSE
CONTRADICTING,0.420,True,LEGITIMATE,FALSE
SUPPORTING,0.932,True,CRIMINAL,CONFIRMED
CONTRADICTING,0.284,True,LEGITIMATE,FALSE
NEUTRAL,0.490,True,AMBIGUOUS,UNKNOWN
SUPPORTING,0.868,True,CRIMINAL,CONFIRMED
NEUTRAL,0.496,True,LEGITIMATE,UNKNOWN
SUPPORTING,0.734,True,LEGITIMATE,SUSPECTED
CONTRADICTING,0.204,True,CRIMINAL,FALSE
SUPPORTING,0.884,True,CRIMINAL,CONFIRMED
SUPPORTING,0.611,True,LEGITIMATE,SUSPECTED
SUPPORTING,0.713,True,MIXED,SUSPECTED
SUPPORTING,0.721,True,LEGITIMATE,SUSPECTED
SUPPORTING,0.600,True,AMBIGUOUS,SUSPECTED
NEUTRAL,0.478,True,LEGITIMATE,UNKNOWN
SUPPORTING,0.969,True,CRIMINAL,CONFIRMED
SUPPORTING,0.871,True,MIXED,CONFIRMED
CONTRADICTING,0.297,True,MIXED,FALSE
SUPPORTING,0.885,True,LEGITIMATE,CONFIRMED
SUPPORTING,0.610,True,LEGITIMATE,SUSPECTED
SUPPORTING,0.685,True,AMBIGUOUS,SUSPECTED
SUPPORTING,0.756,True,MIXED,SUSPECTED
NEUTRAL,0.258,True,CRIMINAL,UNKNOWN
CONTRADICTING,0.310,True,CRIMINAL,FALSE
NEUTRAL,0.343,True,CRIMINAL,UNKNOWN
NEUTRAL,0.422,True,AMBIGUOUS,UNKNOWN
SUPPORTING,0.625,True,AMBIGUOUS,SUSPECTED
NEUTRAL,0.221,True,AMBIGUOUS,UNKNOWN
SUPPORTING,0.837,True,AMBIGUOUS,CONFIRMED
SUPPORTING,0.839,True,MIXED,SUSPECTED
NEUTRAL,0.361,True,MIXED,UNKNOWN
CONTRADICTING,0.268,True,MIXED,FALSE
SUPPORTING,0.834,True,AMBIGUOUS,CONFIRMED
NEUTRAL,0.546,True,AMBIGUOUS,UNKNOWN
SUPPORTING,0.886,True,AMBIGUOUS,CONFIRMED
SUPPORTING,0.917,True,CRIMINAL,CONFIRMED
CONTRADICTING,0.277,True,CRIMINAL,FALSE
NEUTRAL,0.281,True,CRIMINAL,UNKNOWN
SUPPORTING,0.658,True,CRIMINAL,SUSPECTED
CONTRADICTING,0.190,True,AMBIGUOUS,FALSE
CONTRADICTING,0.360,True,LEGITIMATE,FALSE
SUPPORTING,0.727,True,CRIMINAL,SUSPECTED
NEUTRAL,0.277,True,AMBIGUOUS,UNKNOWN
NEUTRAL,0.247,True,CRIMINAL,UNKNOWN
SUPPORTING,0.798,True,MIXED,SUSPECTED
SUPPORTING,0.829,True,MIXED,CONFIRMED
SUPPORTING,0.767,True,MIXED,SUSPECTED
SUPPORTING,0.934,True,CRIMINAL,CONFIRMED
SUPPORTING,0.828,True,CRIMINAL,SUSPECTED
NEUTRAL,0.332,True,AMBIGUOUS,UNKNOWN
SUPPORTING,0.687,True,CRIMINAL,SUSPECTED
SUPPORTING,0.865,True,CRIMINAL,CONFIRMED
SUPPORTING,0.723,True,CRIMINAL,SUSPECTED
CONTRADICTING,0.348,True,CRIMINAL,FALSE
CONTRADICTING,0.283,True,LEGITIMATE,FALSE
NEUTRAL,0.463,True,AMBIGUOUS,UNKNOWN
SUPPORTING,0.600,True,MIXED,SUSPECTED
SUPPORTING,0.968,True,MIXED,CONFIRMED
SUPPORTING,0.954,True,CRIMINAL,CONFIRMED
CONTRADICTING,0.160,True,AMBIGUOUS,FALSE
SUPPORTING,0.825,True,CRIMINAL,CONFIRMED
SUPPORTING,0.961,True,MIXED,CONFIRMED
SUPPORTING,0.940,True,CRIMINAL,CONFIRMED
NEUTRAL,0.356,True,MIXED,UNKNOWN
SUPPORTING,0.883,True,CRIMINAL,CONFIRMED
CONTRADICTING,0.269,True,AMBIGUOUS,FALSE
SUPPORTING,0.655,True,CRIMINAL,SUSPECTED
SUPPORTING,0.594,True,MIXED,SUSPECTED
SUPPORTING,0.594,True,AMBIGUOUS,SUSPECTED
CONTRADICTING,0.223,True,LEGITIMATE,FALSE
CONTRADICTING,0.211,True,MIXED,FALSE
SUPPORTING,0.942,True,CRIMINAL,CONFIRMED
SUPPORTING,0.786,True,LEGITIMATE,SUSPECTED
NEUTRAL,0.531,True,AMBIGUOUS,UNKNOWN
NEUTRAL,0.523,True,MIXED,UNKNOWN
NEUTRAL,0.519,True,AMBIGUOUS,UNKNOWN
NEUTRAL,0.451,True,MIXED,UNKNOWN
NEUTRAL,0.208,True,LEGITIMATE,UNKNOWN
NEUTRAL,0.463,True,MIXED,UNKNOWN
NEUTRAL,0.333,True,MIXED,UNKNOWN
NEUTRAL,0.383,True,AMBIGUOUS,UNKNOWN
SUPPORTING,0.658,True,CRIMINAL,SUSPECTED
SUPPORTING,0.917,True,AMBIGUOUS,CONFIRMED
NEUTRAL,0.466,True,LEGITIMATE,UNKNOWN
SUPPORTING,0.781,True,CRIMINAL,SUSPECTED
SUPPORTING,0.833,True,CRIMINAL,SUSPECTED
SUPPORTING,0.881,True,CRIMINAL,CONFIRMED
NEUTRAL,0.324,True,CRIMINAL,UNKNOWN
SUPPORTING,0.804,True,MIXED,SUSPECTED
SUPPORTING,0.863,True,AMBIGUOUS,CONFIRMED
SUPPORTING,0.918,True,AMBIGUOUS,CONFIRMED
NEUTRAL,0.360,True,MIXED,UNKNOWN
CONTRADICTING,0.137,True,CRIMINAL,FALSE
SUPPORTING,0.842,True,CRIMINAL,CONFIRMED
SUPPORTING,0.858,True,CRIMINAL,SUSPECTED
SUPPORTING,0.840,True,AMBIGUOUS,SUSPECTED
CONTRADICTING,0.228,True,MIXED,FALSE
CONTRADICTING,0.217,True,CRIMINAL,FALSE
SUPPORTING,0.871,True,AMBIGUOUS,CONFIRMED
CONTRADICTING,0.278,True,LEGITIMATE,FALSE
SUPPORTING,0.610,True,CRIMINAL,SUSPECTED
CONTRADICTING,0.224,True,MIXED,FALSE
CONTRADICTING,0.123,True,CRIMINAL,FALSE
NEUTRAL,0.473,True,CRIMINAL,UNKNOWN
SUPPORTING,0.739,True,CRIMINAL,SUSPECTED
SUPPORTING,0.980,True,MIXED,CONFIRMED
SUPPORTING,0.968,True,CRIMINAL,CONFIRMED
NEUTRAL,0.240,True,MIXED,UNKNOWN
CONTRADICTING,0.302,True,MIXED,FALSE
SUPPORTING,0.850,True,MIXED,SUSPECTED
NEUTRAL,0.424,True,CRIMINAL,UNKNOWN
NEUTRAL,0.333,True,LEGITIMATE,UNKNOWN
SUPPORTING,0.648,True,MIXED,SUSPECTED
SUPPORTING,0.764,True,MIXED,SUSPECTED
CONTRADICTING,0.247,True,LEGITIMATE,FALSE
SUPPORTING,0.638,True,CRIMINAL,SUSPECTED
CONTRADICTING,0.310,True,LEGITIMATE,FALSE
SUPPORTING,0.904,True,CRIMINAL,CONFIRMED
CONTRADICTING,0.259,True,AMBIGUOUS,FALSE
CONTRADICTING,0.175,True,CRIMINAL,FALSE
SUPPORTING,0.923,True,MIXED,CONFIRMED
SUPPORTING,0.942,True,MIXED,CONFIRMED
CONTRADICTING,0.374,True,LEGITIMATE,FALSE
NEUTRAL,0.453,True,AMBIGUOUS,UNKNOWN
SUPPORTING,0.751,True,MIXED,SUSPECTED
SUPPORTING,0.844,True,MIXED,CONFIRMED
SUPPORTING,0.899,True,MIXED,CONFIRMED
SUPPORTING,0.975,True,CRIMINAL,CONFIRMED
SUPPORTING,0.655,True,LEGITIMATE,SUSPECTED
SUPPORTING,0.644,True,AMBIGUOUS,SUSPECTED
SUPPORTING,0.666,True,CRIMINAL,SUSPECTED
SUPPORTING,0.885,True,CRIMINAL,CONFIRMED
NEUTRAL,0.449,True,LEGITIMATE,UNKNOWN
NEUTRAL,0.375,True,CRIMINAL,UNKNOWN
SUPPORTING,0.985,True,CRIMINAL,CONFIRMED
SUPPORTING,0.621,True,LEGITIMATE,SUSPECTED
NEUTRAL,0.234,True,MIXED,UNKNOWN
SUPPORTING,0.837,True,MIXED,CONFIRMED
SUPPORTING,0.651,True,LEGITIMATE,SUSPECTED
SUPPORTING,0.621,True,CRIMINAL,SUSPECTED
SUPPORTING,0.740,True,AMBIGUOUS,SUSPECTED
SUPPORTING,0.652,True,AMBIGUOUS,SUSPECTED
SUPPORTING,0.685,True,MIXED,SUSPECTED
CONTRADICTING,0.203,True,LEGITIMATE,FALSE
SUPPORTING,0.811,True,LEGITIMATE,SUSPECTED
SUPPORTING,0.632,True,LEGITIMATE,SUSPECTED
CONTRADICTING,0.257,True,LEGITIMATE,FALSE
CONTRADICTING,0.357,True,MIXED,FALSE
SUPPORTING,0.898,True,CRIMINAL,CONFIRMED
SUPPORTING,0.708,True,CRIMINAL,SUSPECTED
CONTRADICTING,0.132,True,AMBIGUOUS,FALSE
CONTRADICTING,0.321,True,LEGITIMATE,FALSE
SUPPORTING,0.901,True,CRIMINAL,CONFIRMED
SUPPORTING,0.954,True,CRIMINAL,CONFIRMED
NEUTRAL,0.309,True,CRIMINAL,UNKNOWN
SUPPORTING,0.956,True,CRIMINAL,CONFIRMED
CONTRADICTING,0.125,True,LEGITIMATE,FALSE
NEUTRAL,0.544,True,CRIMINAL,UNKNOWN
NEUTRAL,0.234,True,CRIMINAL,UNKNOWN
SUPPORTING,0.917,True,AMBIGUOUS,CONFIRMED
NEUTRAL,0.364,True,CRIMINAL,UNKNOWN
SUPPORTING,0.890,True,MIXED,CONFIRMED
SUPPORTING,0.849,True,CRIMINAL,CONFIRMED
NEUTRAL,0.510,True,AMBIGUOUS,UNKNOWN
SUPPORTING,0.829,True,CRIMINAL,SUSPECTED
CONTRADICTING,0.209,True,CRIMINAL,FALSE
SUPPORTING,0.761,True,LEGITIMATE,SUSPECTED
SUPPORTING,0.863,True,LEGITIMATE,CONFIRMED
SUPPORTING,0.692,True,MIXED,SUSPECTED
NEUTRAL,0.349,True,CRIMINAL,UNKNOWN
SUPPORTING,0.587,True,CRIMINAL,SUSPECTED
NEUTRAL,0.414,True,AMBIGUOUS,UNKNOWN
NEUTRAL,0.292,True,CRIMINAL,UNKNOWN
SUPPORTING,0.706,True,CRIMINAL,SUSPECTED
SUPPORTING,0.835,True,CRIMINAL,SUSPECTED
NEUTRAL,0.270,True,LEGITIMATE,UNKNOWN
CONTRADICTING,0.239,True,LEGITIMATE,FALSE
SUPPORTING,0.675,True,AMBIGUOUS,SUSPECTED
SUPPORTING,0.616,True,AMBIGUOUS,SUSPECTED
SUPPORTING,0.837,True,LEGITIMATE,SUSPECTED
SUPPORTING,0.734,True,CRIMINAL,SUSPECTED
SUPPORTING,0.955,True,CRIMINAL,CONFIRMED
NEUTRAL,0.270,True,CRIMINAL,UNKNOWN
SUPPORTING,0.777,True,CRIMINAL,SUSPECTED
SUPPORTING,0.989,True,CRIMINAL,CONFIRMED
SUPPORTING,0.855,True,CRIMINAL,SUSPECTED
SUPPORTING,0.770,True,MIXED,SUSPECTED
SUPPORTING,0.915,True,AMBIGUOUS,CONFIRMED
NEUTRAL,0.347,True,AMBIGUOUS,UNKNOWN
NEUTRAL,0.318,True,MIXED,UNKNOWN
SUPPORTING,0.799,True,CRIMINAL,SUSPECTED
SUPPORTING,0.819,True,CRIMINAL,SUSPECTED
SUPPORTING,0.985,True,CRIMINAL,CONFIRMED
SUPPORTING,0.908,True,CRIMINAL,CONFIRMED
NEUTRAL,0.543,True,AMBIGUOUS,UNKNOWN
NEUTRAL,0.410,True,CRIMINAL,UNKNOWN
SUPPORTING,0.921,True,CRIMINAL,CONFIRMED
NEUTRAL,0.550,True,CRIMINAL,UNKNOWN
SUPPORTING,0.924,True,CRIMINAL,CONFIRMED
CONTRADICTING,0.331,True,CRIMINAL,FALSE
CONTRADICTING,0.223,True,CRIMINAL,FALSE
SUPPORTING,0.752,True,CRIMINAL,SUSPECTED
SUPPORTING,0.766,True,LEGITIMATE,SUSPECTED
SUPPORTING,0.698,True,CRIMINAL,SUSPECTED
CONTRADICTING,0.229,True,AMBIGUOUS,FALSE
SUPPORTING,0.740,True,MIXED,SUSPECTED
SUPPORTING,0.668,True,MIXED,SUSPECTED
CONTRADICTING,0.328,True,LEGITIMATE,FALSE
SUPPORTING,0.702,True,AMBIGUOUS,SUSPECTED
NEUTRAL,0.393,True,MIXED,UNKNOWN
SUPPORTING,0.792,True,MIXED,SUSPECTED
SUPPORTING,0.633,True,MIXED,SUSPECTED
NEUTRAL,0.543,True,MIXED,UNKNOWN
SUPPORTING,0.875,True,CRIMINAL,CONFIRMED
NEUTRAL,0.249,True,AMBIGUOUS,UNKNOWN
NEUTRAL,0.296,True,LEGITIMATE,UNKNOWN
SUPPORTING,0.936,True,LEGITIMATE,CONFIRMED
CONTRADICTING,0.334,True,MIXED,FALSE
SUPPORTING,0.985,True,CRIMINAL,CONFIRMED
SUPPORTING,0.886,True,MIXED,CONFIRMED
NEUTRAL,0.459,True,CRIMINAL,UNKNOWN
NEUTRAL,0.329,True,LEGITIMATE,UNKNOWN
SUPPORTING,0.871,True,AMBIGUOUS,CONFIRMED
CONTRADICTING,0.383,True,MIXED,FALSE
CONTRADICTING,0.351,True,MIXED,FALSE
SUPPORTING,0.721,True,AMBIGUOUS,SUSPECTED
SUPPORTING,0.604,True,AMBIGUOUS,SUSPECTED
SUPPORTING,0.797,True,CRIMINAL,SUSPECTED
SUPPORTING,0.723,True,CRIMINAL,SUSPECTED
CONTRADICTING,0.378,True,AMBIGUOUS,FALSE
SUPPORTING,0.766,True,CRIMINAL,SUSPECTED
SUPPORTING,0.778,True,MIXED,SUSPECTED
SUPPORTING,0.851,True,LEGITIMATE,SUSPECTED
NEUTRAL,0.517,True,CRIMINAL,UNKNOWN
SUPPORTING,0.775,True,LEGITIMATE,SUSPECTED
SUPPORTING,0.961,True,MIXED,CONFIRMED
SUPPORTING,0.584,True,MIXED,SUSPECTED
CONTRADICTING,0.167,True,MIXED,FALSE
CONTRADICTING,0.246,True,AMBIGUOUS,FALSE
SUPPORTING,0.886,True,CRIMINAL,CONFIRMED
NEUTRAL,0.230,True,LEGITIMATE,UNKNOWN
NEUTRAL,0.232,True,MIXED,UNKNOWN
NEUTRAL,0.496,True,AMBIGUOUS,UNKNOWN
CONTRADICTING,0.325,True,MIXED,FALSE
NEUTRAL,0.300,True,MIXED,UNKNOWN
SUPPORTING,0.931,True,CRIMINAL,CONFIRMED
SUPPORTING,0.827,True,AMBIGUOUS,CONFIRMED
SUPPORTING,0.772,True,CRIMINAL,SUSPECTED
SUPPORTING,0.610,True,CRIMINAL,SUSPECTED
NEUTRAL,0.381,True,MIXED,UNKNOWN
SUPPORTING,0.764,True,LEGITIMATE,SUSPECTED
NEUTRAL,0.514,True,CRIMINAL,UNKNOWN
SUPPORTING,0.632,True,CRIMINAL,SUSPECTED
NEUTRAL,0.379,True,CRIMINAL,UNKNOWN
SUPPORTING,0.979,True,CRIMINAL,CONFIRMED
CONTRADICTING,0.384,True,LEGITIMATE,FALSE
SUPPORTING,0.690,True,LEGITIMATE,SUSPECTED
SUPPORTING,0.972,True,LEGITIMATE,CONFIRMED
SUPPORTING,0.687,True,MIXED,SUSPECTED
SUPPORTING,0.897,True,CRIMINAL,CONFIRMED
SUPPORTING,0.646,True,AMBIGUOUS,SUSPECTED
SUPPORTING,0.759,True,MIXED,SUSPECTED
SUPPORTING,0.580,True,CRIMINAL,SUSPECTED
SUPPORTING,0.855,True,CRIMINAL,CONFIRMED
SUPPORTING,0.806,True,CRIMINAL,SUSPECTED
NEUTRAL,0.410,True,CRIMINAL,UNKNOWN
NEUTRAL,0.432,True,LEGITIMATE,UNKNOWN
NEUTRAL,0.210,True,MIXED,UNKNOWN
SUPPORTING,0.661,True,MIXED,SUSPECTED
CONTRADICTING,0.205,True,LEGITIMATE,FALSE
CONTRADICTING,0.202,True,LEGITIMATE,FALSE
NEUTRAL,0.545,True,LEGITIMATE,UNKNOWN
NEUTRAL,0.396,True,CRIMINAL,UNKNOWN
SUPPORTING,0.687,True,LEGITIMATE,SUSPECTED
SUPPORTING,0.912,True,LEGITIMATE,CONFIRMED
SUPPORTING,0.878,True,LEGITIMATE,CONFIRMED
CONTRADICTING,0.416,True,AMBIGUOUS,FALSE
CONTRADICTING,0.249,True,AMBIGUOUS,FALSE
NEUTRAL,0.459,True,MIXED,UNKNOWN
SUPPORTING,0.824,True,CRIMINAL,CONFIRMED
SUPPORTING,0.716,True,AMBIGUOUS,SUSPECTED
CONTRADICTING,0.241,True,LEGITIMATE,FALSE
NEUTRAL,0.437,True,MIXED,UNKNOWN
NEUTRAL,0.434,True,LEGITIMATE,UNKNOWN
CONTRADICTING,0.207,True,AMBIGUOUS,FALSE
NEUTRAL,0.432,True,AMBIGUOUS,UNKNOWN
SUPPORTING,0.965,True,CRIMINAL,CONFIRMED
SUPPORTING,0.752,True,MIXED,SUSPECTED
NEUTRAL,0.437,True,LEGITIMATE,UNKNOWN
CONTRADICTING,0.313,True,LEGITIMATE,FALSE
CONTRADICTING,0.290,True,LEGITIMATE,FALSE
SUPPORTING,0.751,True,MIXED,SUSPECTED
NEUTRAL,0.270,True,LEGITIMATE,UNKNOWN
SUPPORTING,0.986,True,MIXED,CONFIRMED
CONTRADICTING,0.309,True,CRIMINAL,FALSE
CONTRADICTING,0.181,True,CRIMINAL,FALSE
SUPPORTING,0.886,True,CRIMINAL,CONFIRMED
SUPPORTING,0.815,True,CRIMINAL,SUSPECTED
SUPPORTING,0.824,True,CRIMINAL,CONFIRMED
NEUTRAL,0.251,True,AMBIGUOUS,UNKNOWN
SUPPORTING,0.875,True,CRIMINAL,CONFIRMED
CONTRADICTING,0.408,True,CRIMINAL,FALSE
SUPPORTING,0.722,True,CRIMINAL,SUSPECTED
CONTRADICTING,0.389,True,AMBIGUOUS,FALSE
SUPPORTING,0.790,True,MIXED,SUSPECTED
CONTRADICTING,0.404,True,LEGITIMATE,FALSE
SUPPORTING,0.838,True,AMBIGUOUS,SUSPECTED
CONTRADICTING,0.361,True,LEGITIMATE,FALSE
SUPPORTING,0.592,True,MIXED,SUSPECTED
SUPPORTING,0.961,True,CRIMINAL,CONFIRMED
NEUTRAL,0.491,True,MIXED,UNKNOWN
NEUTRAL,0.324,True,LEGITIMATE,UNKNOWN
CONTRADICTING,0.325,True,AMBIGUOUS,FALSE
NEUTRAL,0.228,True,MIXED,UNKNOWN
NEUTRAL,0.258,True,AMBIGUOUS,UNKNOWN
SUPPORTING,0.790,True,LEGITIMATE,SUSPECTED
SUPPORTING,0.633,True,LEGITIMATE,SUSPECTED
SUPPORTING,0.633,True,LEGITIMATE,SUSPECTED
SUPPORTING,0.917,True,CRIMINAL,CONFIRMED
NEUTRAL,0.449,True,CRIMINAL,UNKNOWN
SUPPORTING,0.858,True,LEGITIMATE,CONFIRMED
NEUTRAL,0.299,True,CRIMINAL,UNKNOWN
SUPPORTING,0.697,True,AMBIGUOUS,SUSPECTED
NEUTRAL,0.453,True,AMBIGUOUS,UNKNOWN
NEUTRAL,0.382,True,MIXED,UNKNOWN
SUPPORTING,0.945,True,MIXED,CONFIRMED
NEUTRAL,0.305,True,CRIMINAL,UNKNOWN
NEUTRAL,0.264,True,CRIMINAL,UNKNOWN
NEUTRAL,0.259,True,AMBIGUOUS,UNKNOWN
CONTRADICTING,0.378,True,CRIMINAL,FALSE
NEUTRAL,0.207,True,MIXED,UNKNOWN
NEUTRAL,0.412,True,LEGITIMATE,UNKNOWN
SUPPORTING,0.679,True,CRIMINAL,SUSPECTED
CONTRADICTING,0.244,True,LEGITIMATE,FALSE
CONTRADICTING,0.135,True,CRIMINAL,FALSE
NEUTRAL,0.409,True,AMBIGUOUS,UNKNOWN
NEUTRAL,0.279,True,LEGITIMATE,UNKNOWN
SUPPORTING,0.854,True,CRIMINAL,SUSPECTED
SUPPORTING,0.855,True,CRIMINAL,CONFIRMED
NEUTRAL,0.542,True,AMBIGUOUS,UNKNOWN
SUPPORTING,0.722,True,MIXED,SUSPECTED
SUPPORTING,0.846,True,CRIMINAL,CONFIRMED
NEUTRAL,0.222,True,CRIMINAL,UNKNOWN
SUPPORTING,0.803,True,CRIMINAL,SUSPECTED
SUPPORTING,0.864,True,CRIMINAL,CONFIRMED
SUPPORTING,0.896,True,CRIMINAL,CONFIRMED
SUPPORTING,0.652,True,AMBIGUOUS,SUSPECTED
SUPPORTING,0.659,True,CRIMINAL,SUSPECTED
SUPPORTING,0.722,True,AMBIGUOUS,SUSPECTED
NEUTRAL,0.245,True,AMBIGUOUS,UNKNOWN
CONTRADICTING,0.371,True,LEGITIMATE,FALSE
NEUTRAL,0.415,True,MIXED,UNKNOWN
SUPPORTING,0.716,True,MIXED,SUSPECTED
SUPPORTING,0.920,True,MIXED,CONFIRMED
NEUTRAL,0.339,True,MIXED,UNKNOWN
SUPPORTING,0.906,True,MIXED,CONFIRMED
NEUTRAL,0.390,True,LEGITIMATE,UNKNOWN
SUPPORTING,0.607,True,LEGITIMATE,SUSPECTED
SUPPORTING,0.833,True,CRIMINAL,CONFIRMED
SUPPORTING,0.637,True,AMBIGUOUS,SUSPECTED
NEUTRAL,0.450,True,CRIMINAL,UNKNOWN
SUPPORTING,0.710,True,MIXED,SUSPECTED
SUPPORTING,0.867,True,MIXED,CONFIRMED
NEUTRAL,0.540,True,LEGITIMATE,UNKNOWN
SUPPORTING,0.674,True,MIXED,SUSPECTED
SUPPORTING,0.894,True,CRIMINAL,CONFIRMED
NEUTRAL,0.487,True,CRIMINAL,UNKNOWN
NEUTRAL,0.550,True,MIXED,UNKNOWN
SUPPORTING,0.590,True,CRIMINAL,SUSPECTED
SUPPORTING,0.852,True,CRIMINAL,SUSPECTED
SUPPORTING,0.896,True,CRIMINAL,CONFIRMED
SUPPORTING,0.944,True,CRIMINAL,CONFIRMED
CONTRADICTING,0.298,True,CRIMINAL,FALSE
SUPPORTING,0.924,True,CRIMINAL,CONFIRMED
SUPPORTING,0.935,True,CRIMINAL,CONFIRMED
SUPPORTING,0.784,True,CRIMINAL,SUSPECTED
CONTRADICTING,0.222,True,CRIMINAL,FALSE
NEUTRAL,0.262,True,LEGITIMATE,UNKNOWN
SUPPORTING,0.754,True,CRIMINAL,SUSPECTED
NEUTRAL,0.261,True,AMBIGUOUS,UNKNOWN
NEUTRAL,0.293,True,CRIMINAL,UNKNOWN
SUPPORTING,0.752,True,MIXED,SUSPECTED
CONTRADICTING,0.235,True,AMBIGUOUS,FALSE
SUPPORTING,0.875,True,CRIMINAL,CONFIRMED
SUPPORTING,0.645,True,AMBIGUOUS,SUSPECTED
SUPPORTING,0.724,True,CRIMINAL,SUSPECTED
NEUTRAL,0.351,True,LEGITIMATE,UNKNOWN
CONTRADICTING,0.400,True,LEGITIMATE,FALSE
SUPPORTING,0.815,True,MIXED,SUSPECTED
SUPPORTING,0.728,True,CRIMINAL,SUSPECTED
SUPPORTING,0.760,True,MIXED,SUSPECTED
SUPPORTING,0.719,True,MIXED,SUSPECTED
CONTRADICTING,0.401,True,MIXED,FALSE
SUPPORTING,0.616,True,CRIMINAL,SUSPECTED
SUPPORTING,0.830,True,MIXED,CONFIRMED
CONTRADICTING,0.134,True,MIXED,FALSE
NEUTRAL,0.391,True,AMBIGUOUS,UNKNOWN
NEUTRAL,0.231,True,LEGITIMATE,UNKNOWN
NEUTRAL,0.349,True,AMBIGUOUS,UNKNOWN
NEUTRAL,0.539,True,AMBIGUOUS,UNKNOWN
SUPPORTING,0.651,True,CRIMINAL,SUSPECTED
CONTRADICTING,0.304,True,MIXED,FALSE
SUPPORTING,0.669,True,LEGITIMATE,SUSPECTED
SUPPORTING,0.707,True,LEGITIMATE,SUSPECTED
NEUTRAL,0.495,True,MIXED,UNKNOWN
SUPPORTING,0.596,True,MIXED,SUSPECTED
SUPPORTING,0.934,True,AMBIGUOUS,CONFIRMED
CONTRADICTING,0.269,True,CRIMINAL,FALSE
SUPPORTING,0.708,True,MIXED,SUSPECTED
SUPPORTING,0.687,True,MIXED,SUSPECTED
CONTRADICTING,0.212,True,LEGITIMATE,FALSE
SUPPORTING,0.857,True,MIXED,CONFIRMED
CONTRADICTING,0.298,True,LEGITIMATE,FALSE
CONTRADICTING,0.345,True,LEGITIMATE,FALSE
NEUTRAL,0.525,True,LEGITIMATE,UNKNOWN
SUPPORTING,0.614,True,MIXED,SUSPECTED
SUPPORTING,0.659,True,CRIMINAL,SUSPECTED
CONTRADICTING,0.233,True,MIXED,FALSE
SUPPORTING,0.901,True,CRIMINAL,CONFIRMED
NEUTRAL,0.309,True,LEGITIMATE,UNKNOWN
NEUTRAL,0.249,True,AMBIGUOUS,UNKNOWN
NEUTRAL,0.290,True,MIXED,UNKNOWN
SUPPORTING,0.786,True,MIXED,SUSPECTED
SUPPORTING,0.719,True,CRIMINAL,SUSPECTED
CONTRADICTING,0.178,True,CRIMINAL,FALSE
SUPPORTING,0.694,True,AMBIGUOUS,SUSPECTED
CONTRADICTING,0.303,True,AMBIGUOUS,FALSE
SUPPORTING,0.835,True,CRIMINAL,CONFIRMED
NEUTRAL,0.326,True,AMBIGUOUS,UNKNOWN
SUPPORTING,0.741,True,MIXED,SUSPECTED
SUPPORTING,0.608,True,MIXED,SUSPECTED
SUPPORTING,0.929,True,CRIMINAL,CONFIRMED
CONTRADICTING,0.183,True,LEGITIMATE,FALSE
SUPPORTING,0.851,True,MIXED,CONFIRMED
SUPPORTING,0.753,True,LEGITIMATE,SUSPECTED
SUPPORTING,0.861,True,CRIMINAL,CONFIRMED
NEUTRAL,0.384,True,AMBIGUOUS,UNKNOWN
NEUTRAL,0.466,True,LEGITIMATE,UNKNOWN
SUPPORTING,0.989,True,MIXED,CONFIRMED
CONTRADICTING,0.417,True,CRIMINAL,FALSE
NEUTRAL,0.245,True,AMBIGUOUS,UNKNOWN
SUPPORTING,0.974,True,MIXED,CONFIRMED
SUPPORTING,0.950,True,CRIMINAL,CONFIRMED
CONTRADICTING,0.255,True,MIXED,FALSE
SUPPORTING,0.960,True,CRIMINAL,CONFIRMED
SUPPORTING,0.831,True,CRIMINAL,CONFIRMED
SUPPORTING,0.904,True,CRIMINAL,CONFIRMED
SUPPORTING,0.953,True,AMBIGUOUS,CONFIRMED
NEUTRAL,0.375,True,LEGITIMATE,UNKNOWN
NEUTRAL,0.266,True,CRIMINAL,UNKNOWN
SUPPORTING,0.840,True,CRIMINAL,CONFIRMED
NEUTRAL,0.514,True,AMBIGUOUS,UNKNOWN
SUPPORTING,0.882,True,MIXED,CONFIRMED
NEUTRAL,0.502,True,MIXED,UNKNOWN
CONTRADICTING,0.330,True,CRIMINAL,FALSE
NEUTRAL,0.357,True,LEGITIMATE,UNKNOWN
NEUTRAL,0.382,True,CRIMINAL,UNKNOWN
NEUTRAL,0.358,True,LEGITIMATE,UNKNOWN
SUPPORTING,0.782,True,AMBIGUOUS,SUSPECTED
NEUTRAL,0.425,True,CRIMINAL,UNKNOWN
SUPPORTING,0.950,True,MIXED,CONFIRMED
SUPPORTING,0.629,True,AMBIGUOUS,SUSPECTED
SUPPORTING,0.974,True,AMBIGUOUS,CONFIRMED
SUPPORTING,0.899,True,CRIMINAL,CONFIRMED
NEUTRAL,0.395,True,CRIMINAL,UNKNOWN
NEUTRAL,0.539,True,CRIMINAL,UNKNOWN
SUPPORTING,0.816,True,CRIMINAL,SUSPECTED
SUPPORTING,0.942,True,MIXED,CONFIRMED
NEUTRAL,0.310,True,MIXED,UNKNOWN
SUPPORTING,0.765,True,CRIMINAL,SUSPECTED
NEUTRAL,0.500,True,AMBIGUOUS,UNKNOWN
CONTRADICTING,0.151,True,CRIMINAL,FALSE
SUPPORTING,0.984,True,MIXED,CONFIRMED
SUPPORTING,0.886,True,CRIMINAL,CONFIRMED
NEUTRAL,0.306,True,LEGITIMATE,UNKNOWN
SUPPORTING,0.693,True,LEGITIMATE,SUSPECTED
SUPPORTING,0.906,True,CRIMINAL,CONFIRMED
NEUTRAL,0.352,True,CRIMINAL,UNKNOWN
SUPPORTING,0.658,True,MIXED,SUSPECTED
CONTRADICTING,0.387,True,AMBIGUOUS,FALSE
SUPPORTING,0.942,True,CRIMINAL,CONFIRMED
SUPPORTING,0.930,True,CRIMINAL,CONFIRMED
SUPPORTING,0.727,True,CRIMINAL,SUSPECTED
CONTRADICTING,0.387,True,CRIMINAL,FALSE
SUPPORTING,0.770,True,LEGITIMATE,SUSPECTED
SUPPORTING,0.692,True,AMBIGUOUS,SUSPECTED
SUPPORTING,0.714,True,LEGITIMATE,SUSPECTED
NEUTRAL,0.204,True,AMBIGUOUS,UNKNOWN
SUPPORTING,0.593,True,LEGITIMATE,SUSPECTED
SUPPORTING,0.962,True,MIXED,CONFIRMED
CONTRADICTING,0.256,True,LEGITIMATE,FALSE
SUPPORTING,0.828,True,MIXED,SUSPECTED
SUPPORTING,0.821,True,CRIMINAL,CONFIRMED
SUPPORTING,0.630,True,LEGITIMATE,SUSPECTED
SUPPORTING,0.907,True,MIXED,CONFIRMED
NEUTRAL,0.479,True,MIXED,UNKNOWN
SUPPORTING,0.909,True,CRIMINAL,CONFIRMED
NEUTRAL,0.221,True,LEGITIMATE,UNKNOWN
NEUTRAL,0.336,True,CRIMINAL,UNKNOWN
SUPPORTING,0.934,True,AMBIGUOUS,CONFIRMED
SUPPORTING,0.601,True,MIXED,SUSPECTED
CONTRADICTING,0.344,True,AMBIGUOUS,FALSE
SUPPORTING,0.879,True,CRIMINAL,CONFIRMED
SUPPORTING,0.784,True,CRIMINAL,SUSPECTED
NEUTRAL,0.222,True,CRIMINAL,UNKNOWN
SUPPORTING,0.978,True,MIXED,CONFIRMED
SUPPORTING,0.933,True,CRIMINAL,CONFIRMED
SUPPORTING,0.591,True,CRIMINAL,SUSPECTED
NEUTRAL,0.201,True,LEGITIMATE,UNKNOWN
SUPPORTING,0.929,True,CRIMINAL,CONFIRMED
NEUTRAL,0.429,True,CRIMINAL,UNKNOWN
SUPPORTING,0.602,True,CRIMINAL,SUSPECTED
CONTRADICTING,0.138,True,LEGITIMATE,FALSE
CONTRADICTING,0.295,True,MIXED,FALSE
NEUTRAL,0.233,True,CRIMINAL,UNKNOWN
SUPPORTING,0.874,True,LEGITIMATE,CONFIRMED
SUPPORTING,0.832,True,CRIMINAL,CONFIRMED
NEUTRAL,0.334,True,AMBIGUOUS,UNKNOWN
NEUTRAL,0.516,True,LEGITIMATE,UNKNOWN
CONTRADICTING,0.323,True,LEGITIMATE,FALSE
CONTRADICTING,0.347,True,CRIMINAL,FALSE
CONTRADICTING,0.314,True,AMBIGUOUS,FALSE
CONTRADICTING,0.156,True,MIXED,FALSE
SUPPORTING,0.618,True,MIXED,SUSPECTED
SUPPORTING,0.965,True,CRIMINAL,CONFIRMED
CONTRADICTING,0.138,True,AMBIGUOUS,FALSE
NEUTRAL,0.256,True,AMBIGUOUS,UNKNOWN
NEUTRAL,0.273,True,AMBIGUOUS,UNKNOWN
SUPPORTING,0.874,True,CRIMINAL,CONFIRMED
NEUTRAL,0.497,True,LEGITIMATE,UNKNOWN
CONTRADICTING,0.126,True,LEGITIMATE,FALSE
SUPPORTING,0.645,True,CRIMINAL,SUSPECTED
NEUTRAL,0.405,True,MIXED,UNKNOWN
CONTRADICTING,0.123,True,AMBIGUOUS,FALSE
SUPPORTING,0.750,True,CRIMINAL,SUSPECTED
NEUTRAL,0.421,True,MIXED,UNKNOWN
SUPPORTING,0.978,True,MIXED,CONFIRMED
NEUTRAL,0.439,True,CRIMINAL,UNKNOWN
SUPPORTING,0.726,True,CRIMINAL,SUSPECTED
CONTRADICTING,0.225,True,MIXED,FALSE
SUPPORTING,0.928,True,LEGITIMATE,CONFIRMED
SUPPORTING,0.823,True,CRIMINAL,CONFIRMED
NEUTRAL,0.437,True,MIXED,UNKNOWN
SUPPORTING,0.858,True,MIXED,SUSPECTED
NEUTRAL,0.208,True,AMBIGUOUS,UNKNOWN
SUPPORTING,0.922,True,CRIMINAL,CONFIRMED
CONTRADICTING,0.419,True,AMBIGUOUS,FALSE
NEUTRAL,0.472,True,LEGITIMATE,UNKNOWN
SUPPORTING,0.756,True,AMBIGUOUS,SUSPECTED
SUPPORTING,0.987,True,LEGITIMATE,CONFIRMED
SUPPORTING,0.779,True,CRIMINAL,SUSPECTED
SUPPORTING,0.882,True,LEGITIMATE,CONFIRMED
NEUTRAL,0.520,True,CRIMINAL,UNKNOWN
NEUTRAL,0.419,True,MIXED,UNKNOWN
SUPPORTING,0.589,True,CRIMINAL,SUSPECTED
CONTRADICTING,0.201,True,CRIMINAL,FALSE
CONTRADICTING,0.283,True,CRIMINAL,FALSE
SUPPORTING,0.911,True,CRIMINAL,CONFIRMED
NEUTRAL,0.411,True,LEGITIMATE,UNKNOWN
CONTRADICTING,0.283,True,AMBIGUOUS,FALSE
SUPPORTING,0.785,True,CRIMINAL,SUSPECTED
NEUTRAL,0.499,True,CRIMINAL,UNKNOWN
SUPPORTING,0.835,True,MIXED,CONFIRMED
CONTRADICTING,0.268,True,AMBIGUOUS,FALSE
SUPPORTING,0.819,True,CRIMINAL,SUSPECTED
SUPPORTING,0.849,True,AMBIGUOUS,SUSPECTED
SUPPORTING,0.895,True,CRIMINAL,CONFIRMED
SUPPORTING,0.913,True,CRIMINAL,CONFIRMED
SUPPORTING,0.852,True,MIXED,SUSPECTED
SUPPORTING,0.673,True,AMBIGUOUS,SUSPECTED
SUPPORTING,0.672,True,AMBIGUOUS,SUSPECTED
SUPPORTING,0.950,True,LEGITIMATE,CONFIRMED
SUPPORTING,0.909,True,MIXED,CONFIRMED
SUPPORTING,0.834,True,CRIMINAL,CONFIRMED
SUPPORTING,0.910,True,CRIMINAL,CONFIRMED
SUPPORTING,0.755,True,LEGITIMATE,SUSPECTED
SUPPORTING,0.652,True,CRIMINAL,SUSPECTED
SUPPORTING,0.804,True,MIXED,SUSPECTED
SUPPORTING,0.777,True,LEGITIMATE,SUSPECTED
SUPPORTING,0.830,True,MIXED,SUSPECTED
SUPPORTING,0.823,True,MIXED,CONFIRMED
CONTRADICTING,0.353,True,AMBIGUOUS,FALSE
CONTRADICTING,0.120,True,LEGITIMATE,FALSE
SUPPORTING,0.736,True,AMBIGUOUS,SUSPECTED
CONTRADICTING,0.137,True,AMBIGUOUS,FALSE
SUPPORTING,0.752,True,LEGITIMATE,SUSPECTED
CONTRADICTING,0.198,True,AMBIGUOUS,FALSE
SUPPORTING,0.833,True,CRIMINAL,SUSPECTED
SUPPORTING,0.931,True,CRIMINAL,CONFIRMED
CONTRADICTING,0.171,True,MIXED,FALSE
SUPPORTING,0.886,True,CRIMINAL,CONFIRMED
CONTRADICTING,0.240,True,LEGITIMATE,FALSE
SUPPORTING,0.666,True,CRIMINAL,SUSPECTED
CONTRADICTING,0.387,True,LEGITIMATE,FALSE
NEUTRAL,0.357,True,CRIMINAL,UNKNOWN
NEUTRAL,0.463,True,LEGITIMATE,UNKNOWN
NEUTRAL,0.532,True,CRIMINAL,UNKNOWN
NEUTRAL,0.224,True,LEGITIMATE,UNKNOWN
CONTRADICTING,0.144,True,CRIMINAL,FALSE
SUPPORTING,0.635,True,AMBIGUOUS,SUSPECTED
NEUTRAL,0.526,True,CRIMINAL,UNKNOWN
NEUTRAL,0.529,True,MIXED,UNKNOWN
NEUTRAL,0.263,True,CRIMINAL,UNKNOWN
CONTRADICTING,0.404,True,CRIMINAL,FALSE
NEUTRAL,0.333,True,CRIMINAL,UNKNOWN
SUPPORTING,0.769,True,AMBIGUOUS,SUSPECTED
SUPPORTING,0.976,True,LEGITIMATE,CONFIRMED
CONTRADICTING,0.316,True,CRIMINAL,FALSE
CONTRADICTING,0.204,True,AMBIGUOUS,FALSE
SUPPORTING,0.842,True,MIXED,SUSPECTED
SUPPORTING,0.837,True,CRIMINAL,CONFIRMED
SUPPORTING,0.589,True,MIXED,SUSPECTED
SUPPORTING,0.702,True,CRIMINAL,SUSPECTED
CONTRADICTING,0.259,True,CRIMINAL,FALSE
SUPPORTING,0.709,True,CRIMINAL,SUSPECTED
CONTRADICTING,0.126,True,LEGITIMATE,FALSE
SUPPORTING,0.943,True,CRIMINAL,CONFIRMED
SUPPORTING,0.781,True,CRIMINAL,SUSPECTED
CONTRADICTING,0.336,True,LEGITIMATE,FALSE
NEUTRAL,0.289,True,AMBIGUOUS,UNKNOWN
NEUTRAL,0.401,True,CRIMINAL,UNKNOWN
SUPPORTING,0.708,True,CRIMINAL,SUSPECTED
NEUTRAL,0.291,True,CRIMINAL,UNKNOWN
CONTRADICTING,0.198,True,LEGITIMATE,FALSE
SUPPORTING,0.672,True,CRIMINAL,SUSPECTED
SUPPORTING,0.896,True,MIXED,CONFIRMED
SUPPORTING,0.610,True,CRIMINAL,SUSPECTED
SUPPORTING,0.895,True,CRIMINAL,CONFIRMED
SUPPORTING,0.780,True,CRIMINAL,SUSPECTED
SUPPORTING,0.988,True,CRIMINAL,CONFIRMED
SUPPORTING,0.921,True,CRIMINAL,CONFIRMED
SUPPORTING,0.925,True,AMBIGUOUS,CONFIRMED
CONTRADICTING,0.321,True,MIXED,FALSE
SUPPORTING,0.886,True,CRIMINAL,CONFIRMED
SUPPORTING,0.882,True,MIXED,CONFIRMED
NEUTRAL,0.381,True,AMBIGUOUS,UNKNOWN
CONTRADICTING,0.351,True,AMBIGUOUS,FALSE
SUPPORTING,0.945,True,MIXED,CONFIRMED
SUPPORTING,0.706,True,CRIMINAL,SUSPECTED
SUPPORTING,0.751,True,CRIMINAL,SUSPECTED
CONTRADICTING,0.336,True,MIXED,FALSE
SUPPORTING,0.942,True,CRIMINAL,CONFIRMED
SUPPORTING,0.816,True,MIXED,SUSPECTED
SUPPORTING,0.891,True,CRIMINAL,CONFIRMED
SUPPORTING,0.965,True,LEGITIMATE,CONFIRMED
SUPPORTING,0.929,True,CRIMINAL,CONFIRMED
SUPPORTING,0.637,True,AMBIGUOUS,SUSPECTED
SUPPORTING,0.863,True,CRIMINAL,CONFIRMED
NEUTRAL,0.471,True,AMBIGUOUS,UNKNOWN
NEUTRAL,0.430,True,CRIMINAL,UNKNOWN
SUPPORTING,0.798,True,CRIMINAL,SUSPECTED
SUPPORTING,0.751,True,CRIMINAL,SUSPECTED
SUPPORTING,0.864,True,CRIMINAL,CONFIRMED
SUPPORTING,0.912,True,MIXED,CONFIRMED
SUPPORTING,0.825,True,CRIMINAL,SUSPECTED
NEUTRAL,0.400,True,LEGITIMATE,UNKNOWN
SUPPORTING,0.881,True,CRIMINAL,CONFIRMED
NEUTRAL,0.256,True,MIXED,UNKNOWN
NEUTRAL,0.217,True,MIXED,UNKNOWN
SUPPORTING,0.977,True,MIXED,CONFIRMED
CONTRADICTING,0.140,True,LEGITIMATE,FALSE
SUPPORTING,0.827,True,MIXED,CONFIRMED
CONTRADICTING,0.264,True,AMBIGUOUS,FALSE
SUPPORTING,0.757,True,AMBIGUOUS,SUSPECTED
SUPPORTING,0.875,True,CRIMINAL,CONFIRMED
SUPPORTING,0.685,True,MIXED,SUSPECTED
SUPPORTING,0.693,True,MIXED,SUSPECTED
SUPPORTING,0.782,True,LEGITIMATE,SUSPECTED
SUPPORTING,0.962,True,AMBIGUOUS,CONFIRMED
SUPPORTING,0.962,True,CRIMINAL,CONFIRMED
SUPPORTING,0.611,True,LEGITIMATE,SUSPECTED
SUPPORTING,0.979,True,CRIMINAL,CONFIRMED
SUPPORTING,0.834,True,MIXED,CONFIRMED
SUPPORTING,0.643,True,CRIMINAL,SUSPECTED
NEUTRAL,0.478,True,MIXED,UNKNOWN
SUPPORTING,0.651,True,LEGITIMATE,SUSPECTED
NEUTRAL,0.243,True,LEGITIMATE,UNKNOWN
SUPPORTING,0.879,True,CRIMINAL,CONFIRMED
SUPPORTING,0.951,True,CRIMINAL,CONFIRMED
CONTRADICTING,0.307,True,MIXED,FALSE
SUPPORTING,0.906,True,CRIMINAL,CONFIRMED
SUPPORTING,0.911,True,AMBIGUOUS,CONFIRMED
CONTRADICTING,0.383,True,LEGITIMATE,FALSE
NEUTRAL,0.406,True,MIXED,UNKNOWN
NEUTRAL,0.361,True,MIXED,UNKNOWN
CONTRADICTING,0.249,True,AMBIGUOUS,FALSE
SUPPORTING,0.960,True,CRIMINAL,CONFIRMED
SUPPORTING,0.829,True,MIXED,CONFIRMED
SUPPORTING,0.936,True,CRIMINAL,CONFIRMED
CONTRADICTING,0.230,True,CRIMINAL,FALSE
SUPPORTING,0.823,True,CRIMINAL,SUSPECTED
SUPPORTING,0.954,True,CRIMINAL,CONFIRMED
SUPPORTING,0.850,True,CRIMINAL,CONFIRMED
SUPPORTING,0.882,True,MIXED,CONFIRMED
CONTRADICTING,0.165,True,AMBIGUOUS,FALSE
SUPPORTING,0.990,True,CRIMINAL,CONFIRMED
NEUTRAL,0.475,True,AMBIGUOUS,UNKNOWN
NEUTRAL,0.404,True,MIXED,UNKNOWN
NEUTRAL,0.455,True,MIXED,UNKNOWN
SUPPORTING,0.735,True,MIXED,SUSPECTED
SUPPORTING,0.766,True,CRIMINAL,SUSPECTED
SUPPORTING,0.974,True,AMBIGUOUS,CONFIRMED
NEUTRAL,0.275,True,LEGITIMATE,UNKNOWN
SUPPORTING,0.935,True,MIXED,CONFIRMED
CONTRADICTING,0.352,True,LEGITIMATE,FALSE
SUPPORTING,0.964,True,CRIMINAL,CONFIRMED
SUPPORTING,0.626,True,CRIMINAL,SUSPECTED
SUPPORTING,0.914,True,CRIMINAL,CONFIRMED
CONTRADICTING,0.279,True,CRIMINAL,FALSE
CONTRADICTING,0.261,True,LEGITIMATE,FALSE
CONTRADICTING,0.338,True,AMBIGUOUS,FALSE
NEUTRAL,0.506,True,CRIMINAL,UNKNOWN
SUPPORTING,0.597,True,MIXED,SUSPECTED
CONTRADICTING,0.381,True,MIXED,FALSE
SUPPORTING,0.681,True,LEGITIMATE,SUSPECTED
NEUTRAL,0.221,True,AMBIGUOUS,UNKNOWN
CONTRADICTING,0.229,True,CRIMINAL,FALSE
SUPPORTING,0.851,True,MIXED,SUSPECTED
SUPPORTING,0.819,True,LEGITIMATE,SUSPECTED
SUPPORTING,0.840,True,AMBIGUOUS,SUSPECTED
NEUTRAL,0.387,True,LEGITIMATE,UNKNOWN
NEUTRAL,0.254,True,LEGITIMATE,UNKNOWN
SUPPORTING,0.713,True,CRIMINAL,SUSPECTED
NEUTRAL,0.403,True,AMBIGUOUS,UNKNOWN
CONTRADICTING,0.297,True,MIXED,FALSE
SUPPORTING,0.895,True,AMBIGUOUS,CONFIRMED
SUPPORTING,0.924,True,LEGITIMATE,CONFIRMED
SUPPORTING,0.832,True,CRIMINAL,CONFIRMED
SUPPORTING,0.728,True,LEGITIMATE,SUSPECTED
CONTRADICTING,0.194,True,LEGITIMATE,FALSE
SUPPORTING,0.949,True,CRIMINAL,CONFIRMED
SUPPORTING,0.944,True,LEGITIMATE,CONFIRMED
SUPPORTING,0.841,True,AMBIGUOUS,CONFIRMED
SUPPORTING,0.610,True,CRIMINAL,SUSPECTED
NEUTRAL,0.438,True,MIXED,UNKNOWN
SUPPORTING,0.644,True,LEGITIMATE,SUSPECTED
CONTRADICTING,0.290,True,CRIMINAL,FALSE
NEUTRAL,0.263,True,CRIMINAL,UNKNOWN
SUPPORTING,0.714,True,AMBIGUOUS,SUSPECTED
NEUTRAL,0.273,True,LEGITIMATE,UNKNOWN
SUPPORTING,0.659,True,MIXED,SUSPECTED
SUPPORTING,0.910,True,AMBIGUOUS,CONFIRMED
SUPPORTING,0.666,True,CRIMINAL,SUSPECTED
SUPPORTING,0.602,True,CRIMINAL,SUSPECTED
CONTRADICTING,0.152,True,CRIMINAL,FALSE
NEUTRAL,0.321,True,CRIMINAL,UNKNOWN
SUPPORTING,0.822,True,CRIMINAL,CONFIRMED
SUPPORTING,0.820,True,CRIMINAL,SUSPECTED
NEUTRAL,0.529,True,AMBIGUOUS,UNKNOWN
SUPPORTING,0.663,True,MIXED,SUSPECTED
SUPPORTING,0.831,True,LEGITIMATE,SUSPECTED
CONTRADICTING,0.161,True,LEGITIMATE,FALSE
SUPPORTING,0.687,True,CRIMINAL,SUSPECTED
SUPPORTING,0.796,True,CRIMINAL,SUSPECTED
CONTRADICTING,0.164,True,MIXED,FALSE
SUPPORTING,0.929,True,AMBIGUOUS,CONFIRMED
SUPPORTING,0.701,True,LEGITIMATE,SUSPECTED
SUPPORTING,0.942,True,CRIMINAL,CONFIRMED
SUPPORTING,0.590,True,MIXED,SUSPECTED
SUPPORTING,0.701,True,LEGITIMATE,SUSPECTED
NEUTRAL,0.241,True,MIXED,UNKNOWN
SUPPORTING,0.846,True,MIXED,CONFIRMED
CONTRADICTING,0.162,True,MIXED,FALSE
SUPPORTING,0.845,True,AMBIGUOUS,SUSPECTED
SUPPORTING,0.712,True,CRIMINAL,SUSPECTED
NEUTRAL,0.208,True,MIXED,UNKNOWN
SUPPORTING,0.985,True,CRIMINAL,CONFIRMED
SUPPORTING,0.736,True,CRIMINAL,SUSPECTED
SUPPORTING,0.716,True,CRIMINAL,SUSPECTED
SUPPORTING,0.742,True,AMBIGUOUS,SUSPECTED
CONTRADICTING,0.237,True,MIXED,FALSE
SUPPORTING,0.756,True,AMBIGUOUS,SUSPECTED
NEUTRAL,0.472,True,LEGITIMATE,UNKNOWN
NEUTRAL,0.414,True,MIXED,UNKNOWN
SUPPORTING,0.808,True,CRIMINAL,SUSPECTED
CONTRADICTING,0.268,True,MIXED,FALSE
SUPPORTING,0.940,True,CRIMINAL,CONFIRMED
NEUTRAL,0.388,True,AMBIGUOUS,UNKNOWN
CONTRADICTING,0.216,True,CRIMINAL,FALSE
CONTRADICTING,0.350,True,LEGITIMATE,FALSE
CONTRADICTING,0.317,True,CRIMINAL,FALSE
SUPPORTING,0.583,True,CRIMINAL,SUSPECTED
CONTRADICTING,0.233,True,MIXED,FALSE
SUPPORTING,0.885,True,CRIMINAL,CONFIRMED
NEUTRAL,0.247,True,CRIMINAL,UNKNOWN
SUPPORTING,0.725,True,AMBIGUOUS,SUSPECTED
NEUTRAL,0.537,True,LEGITIMATE,UNKNOWN
SUPPORTING,0.813,True,CRIMINAL,SUSPECTED
CONTRADICTING,0.352,True,MIXED,FALSE
NEUTRAL,0.418,True,MIXED,UNKNOWN
SUPPORTING,0.837,True,MIXED,SUSPECTED
SUPPORTING,0.842,True,AMBIGUOUS,SUSPECTED
SUPPORTING,0.849,True,MIXED,SUSPECTED
SUPPORTING,0.669,True,LEGITIMATE,SUSPECTED
SUPPORTING,0.820,True,MIXED,CONFIRMED
NEUTRAL,0.437,True,LEGITIMATE,UNKNOWN
CONTRADICTING,0.124,True,MIXED,FALSE
SUPPORTING,0.609,True,CRIMINAL,SUSPECTED
NEUTRAL,0.348,True,LEGITIMATE,UNKNOWN
NEUTRAL,0.376,True,AMBIGUOUS,UNKNOWN
SUPPORTING,0.663,True,LEGITIMATE,SUSPECTED
NEUTRAL,0.272,True,AMBIGUOUS,UNKNOWN
NEUTRAL,0.230,True,LEGITIMATE,UNKNOWN
SUPPORTING,0.838,True,CRIMINAL,CONFIRMED
NEUTRAL,0.369,True,MIXED,UNKNOWN
SUPPORTING,0.860,True,LEGITIMATE,SUSPECTED
NEUTRAL,0.337,True,CRIMINAL,UNKNOWN
NEUTRAL,0.266,True,CRIMINAL,UNKNOWN
SUPPORTING,0.599,True,CRIMINAL,SUSPECTED
SUPPORTING,0.929,True,LEGITIMATE,CONFIRMED
SUPPORTING,0.688,True,MIXED,SUSPECTED
SUPPORTING,0.930,True,AMBIGUOUS,CONFIRMED
SUPPORTING,0.694,True,CRIMINAL,SUSPECTED
CONTRADICTING,0.265,True,MIXED,FALSE
SUPPORTING,0.719,True,LEGITIMATE,SUSPECTED
CONTRADICTING,0.382,True,CRIMINAL,FALSE
SUPPORTING,0.896,True,CRIMINAL,CONFIRMED
SUPPORTING,0.859,True,CRIMINAL,CONFIRMED
SUPPORTING,0.896,True,CRIMINAL,CONFIRMED
SUPPORTING,0.908,True,MIXED,CONFIRMED
SUPPORTING,0.663,True,CRIMINAL,SUSPECTED
NEUTRAL,0.427,True,CRIMINAL,UNKNOWN
NEUTRAL,0.438,True,CRIMINAL,UNKNOWN
SUPPORTING,0.780,True,CRIMINAL,SUSPECTED
NEUTRAL,0.200,True,MIXED,UNKNOWN
NEUTRAL,0.477,True,CRIMINAL,UNKNOWN
CONTRADICTING,0.254,True,LEGITIMATE,FALSE
NEUTRAL,0.272,True,CRIMINAL,UNKNOWN
SUPPORTING,0.805,True,CRIMINAL,SUSPECTED
NEUTRAL,0.291,True,AMBIGUOUS,UNKNOWN
CONTRADICTING,0.363,True,CRIMINAL,FALSE
NEUTRAL,0.211,True,AMBIGUOUS,UNKNOWN
CONTRADICTING,0.124,True,AMBIGUOUS,FALSE
SUPPORTING,0.728,True,MIXED,SUSPECTED
SUPPORTING,0.960,True,CRIMINAL,CONFIRMED
SUPPORTING,0.615,True,MIXED,SUSPECTED
NEUTRAL,0.350,True,LEGITIMATE,UNKNOWN
SUPPORTING,0.856,True,LEGITIMATE,SUSPECTED
NEUTRAL,0.537,True,MIXED,UNKNOWN
SUPPORTING,0.641,True,CRIMINAL,SUSPECTED
NEUTRAL,0.405,True,AMBIGUOUS,UNKNOWN
SUPPORTING,0.710,True,MIXED,SUSPECTED
SUPPORTING,0.643,True,MIXED,SUSPECTED
SUPPORTING,0.868,True,AMBIGUOUS,CONFIRMED
SUPPORTING,0.941,True,CRIMINAL,CONFIRMED
SUPPORTING,0.723,True,MIXED,SUSPECTED
NEUTRAL,0.550,True,CRIMINAL,UNKNOWN
SUPPORTING,0.801,True,CRIMINAL,SUSPECTED
NEUTRAL,0.369,True,AMBIGUOUS,UNKNOWN
SUPPORTING,0.590,True,MIXED,SUSPECTED
SUPPORTING,0.943,True,CRIMINAL,CONFIRMED
SUPPORTING,0.986,True,CRIMINAL,CONFIRMED
NEUTRAL,0.265,True,CRIMINAL,UNKNOWN
SUPPORTING,0.821,True,CRIMINAL,CONFIRMED
CONTRADICTING,0.231,True,AMBIGUOUS,FALSE
SUPPORTING,0.969,True,LEGITIMATE,CONFIRMED
SUPPORTING,0.870,True,MIXED,CONFIRMED
NEUTRAL,0.533,True,LEGITIMATE,UNKNOWN
NEUTRAL,0.386,True,AMBIGUOUS,UNKNOWN
SUPPORTING,0.955,True,CRIMINAL,CONFIRMED
SUPPORTING,0.980,True,LEGITIMATE,CONFIRMED
SUPPORTING,0.759,True,CRIMINAL,SUSPECTED
NEUTRAL,0.208,True,CRIMINAL,UNKNOWN
CONTRADICTING,0.294,True,CRIMINAL,FALSE
SUPPORTING,0.627,True,MIXED,SUSPECTED
CONTRADICTING,0.337,True,CRIMINAL,FALSE
NEUTRAL,0.294,True,LEGITIMATE,UNKNOWN
SUPPORTING,0.853,True,MIXED,SUSPECTED
SUPPORTING,0.739,True,MIXED,SUSPECTED
NEUTRAL,0.461,True,MIXED,UNKNOWN
CONTRADICTING,0.339,True,CRIMINAL,FALSE
SUPPORTING,0.859,True,LEGITIMATE,CONFIRMED
SUPPORTING,0.721,True,MIXED,SUSPECTED
NEUTRAL,0.490,True,CRIMINAL,UNKNOWN
CONTRADICTING,0.345,True,CRIMINAL,FALSE
CONTRADICTING,0.404,True,CRIMINAL,FALSE
SUPPORTING,0.898,True,MIXED,CONFIRMED
SUPPORTING,0.960,True,CRIMINAL,CONFIRMED
SUPPORTING,0.987,True,CRIMINAL,CONFIRMED
SUPPORTING,0.928,True,MIXED,CONFIRMED
CONTRADICTING,0.379,True,MIXED,FALSE
SUPPORTING,0.678,True,AMBIGUOUS,SUSPECTED
NEUTRAL,0.481,True,CRIMINAL,UNKNOWN
SUPPORTING,0.829,True,LEGITIMATE,CONFIRMED
CONTRADICTING,0.301,True,AMBIGUOUS,FALSE
SUPPORTING,0.635,True,LEGITIMATE,SUSPECTED
SUPPORTING,0.914,True,CRIMINAL,CONFIRMED
NEUTRAL,0.326,True,MIXED,UNKNOWN
SUPPORTING,0.931,True,LEGITIMATE,CONFIRMED
SUPPORTING,0.584,True,LEGITIMATE,SUSPECTED
NEUTRAL,0.348,True,CRIMINAL,UNKNOWN
SUPPORTING,0.728,True,CRIMINAL,SUSPECTED
SUPPORTING,0.933,True,AMBIGUOUS,CONFIRMED
CONTRADICTING,0.361,True,MIXED,FALSE
SUPPORTING,0.756,True,CRIMINAL,SUSPECTED
SUPPORTING,0.980,True,CRIMINAL,CONFIRMED
NEUTRAL,0.275,True,CRIMINAL,UNKNOWN
SUPPORTING,0.883,True,CRIMINAL,CONFIRMED
NEUTRAL,0.344,True,AMBIGUOUS,UNKNOWN
SUPPORTING,0.875,True,LEGITIMATE,CONFIRMED
SUPPORTING,0.931,True,MIXED,CONFIRMED
SUPPORTING,0.705,True,LEGITIMATE,SUSPECTED
SUPPORTING,0.825,True,LEGITIMATE,CONFIRMED
SUPPORTING,0.909,True,CRIMINAL,CONFIRMED
SUPPORTING,0.819,True,MIXED,SUSPECTED
SUPPORTING,0.615,True,CRIMINAL,SUSPECTED
NEUTRAL,0.415,True,LEGITIMATE,UNKNOWN
SUPPORTING,0.825,True,MIXED,CONFIRMED
NEUTRAL,0.307,True,AMBIGUOUS,UNKNOWN
SUPPORTING,0.722,True,MIXED,SUSPECTED
SUPPORTING,0.968,True,CRIMINAL,CONFIRMED
SUPPORTING,0.709,True,LEGITIMATE,SUSPECTED
SUPPORTING,0.742,True,MIXED,SUSPECTED
SUPPORTING,0.891,True,MIXED,CONFIRMED
SUPPORTING,0.735,True,MIXED,SUSPECTED
SUPPORTING,0.890,True,CRIMINAL,CONFIRMED
NEUTRAL,0.549,True,LEGITIMATE,UNKNOWN
NEUTRAL,0.323,True,AMBIGUOUS,UNKNOWN
SUPPORTING,0.799,True,LEGITIMATE,SUSPECTED
CONTRADICTING,0.376,True,CRIMINAL,FALSE
CONTRADICTING,0.386,True,LEGITIMATE,FALSE
SUPPORTING,0.741,True,LEGITIMATE,SUSPECTED
SUPPORTING,0.619,True,AMBIGUOUS,SUSPECTED
SUPPORTING,0.854,True,AMBIGUOUS,SUSPECTED
NEUTRAL,0.357,True,MIXED,UNKNOWN
CONTRADICTING,0.285,True,CRIMINAL,FALSE
SUPPORTING,0.883,True,MIXED,CONFIRMED
NEUTRAL,0.228,True,AMBIGUOUS,UNKNOWN
SUPPORTING,0.937,True,MIXED,CONFIRMED
SUPPORTING,0.722,True,AMBIGUOUS,SUSPECTED
CONTRADICTING,0.132,True,CRIMINAL,FALSE
SUPPORTING,0.742,True,CRIMINAL,SUSPECTED
SUPPORTING,0.857,True,CRIMINAL,SUSPECTED
SUPPORTING,0.675,True,MIXED,SUSPECTED
CONTRADICTING,0.216,True,CRIMINAL,FALSE
SUPPORTING,0.968,True,MIXED,CONFIRMED
SUPPORTING,0.855,True,MIXED,CONFIRMED
NEUTRAL,0.354,True,LEGITIMATE,UNKNOWN
CONTRADICTING,0.223,True,CRIMINAL,FALSE
CONTRADICTING,0.249,True,CRIMINAL,FALSE
NEUTRAL,0.401,True,LEGITIMATE,UNKNOWN
SUPPORTING,0.632,True,MIXED,SUSPECTED
CONTRADICTING,0.381,True,CRIMINAL,FALSE
NEUTRAL,0.245,True,CRIMINAL,UNKNOWN
SUPPORTING,0.824,True,MIXED,SUSPECTED
SUPPORTING,0.770,True,CRIMINAL,SUSPECTED
SUPPORTING,0.733,True,MIXED,SUSPECTED
SUPPORTING,0.966,True,CRIMINAL,CONFIRMED
SUPPORTING,0.842,True,CRIMINAL,CONFIRMED
SUPPORTING,0.825,True,MIXED,SUSPECTED
NEUTRAL,0.548,True,AMBIGUOUS,UNKNOWN
SUPPORTING,0.625,True,LEGITIMATE,SUSPECTED
NEUTRAL,0.501,True,CRIMINAL,UNKNOWN
SUPPORTING,0.757,True,MIXED,SUSPECTED
NEUTRAL,0.418,True,MIXED,UNKNOWN
SUPPORTING,0.910,True,LEGITIMATE,CONFIRMED
SUPPORTING,0.632,True,MIXED,SUSPECTED
NEUTRAL,0.522,True,LEGITIMATE,UNKNOWN
CONTRADICTING,0.214,True,LEGITIMATE,FALSE
CONTRADICTING,0.216,True,MIXED,FALSE
NEUTRAL,0.536,True,LEGITIMATE,UNKNOWN
NEUTRAL,0.209,True,MIXED,UNKNOWN
CONTRADICTING,0.268,True,LEGITIMATE,FALSE
SUPPORTING,0.651,True,CRIMINAL,SUSPECTED
SUPPORTING,0.888,True,MIXED,CONFIRMED
NEUTRAL,0.352,True,CRIMINAL,UNKNOWN
SUPPORTING,0.774,True,LEGITIMATE,SUSPECTED
SUPPORTING,0.624,True,CRIMINAL,SUSPECTED
SUPPORTING,0.811,True,MIXED,SUSPECTED
CONTRADICTING,0.411,True,MIXED,FALSE
SUPPORTING,0.889,True,AMBIGUOUS,CONFIRMED
NEUTRAL,0.474,True,LEGITIMATE,UNKNOWN
SUPPORTING,0.645,True,CRIMINAL,SUSPECTED
NEUTRAL,0.427,True,AMBIGUOUS,UNKNOWN
SUPPORTING,0.685,True,CRIMINAL,SUSPECTED
SUPPORTING,0.835,True,LEGITIMATE,SUSPECTED
SUPPORTING,0.942,True,AMBIGUOUS,CONFIRMED
SUPPORTING,0.924,True,LEGITIMATE,CONFIRMED
SUPPORTING,0.812,True,CRIMINAL,SUSPECTED
SUPPORTING,0.597,True,MIXED,SUSPECTED
SUPPORTING,0.830,True,CRIMINAL,CONFIRMED
SUPPORTING,0.663,True,CRIMINAL,SUSPECTED
SUPPORTING,0.872,True,AMBIGUOUS,CONFIRMED
SUPPORTING,0.989,True,CRIMINAL,CONFIRMED
SUPPORTING,0.881,True,CRIMINAL,CONFIRMED
SUPPORTING,0.879,True,CRIMINAL,CONFIRMED
SUPPORTING,0.832,True,CRIMINAL,SUSPECTED
CONTRADICTING,0.362,True,AMBIGUOUS,FALSE
SUPPORTING,0.657,True,CRIMINAL,SUSPECTED
SUPPORTING,0.885,True,LEGITIMATE,CONFIRMED
SUPPORTING,0.837,True,AMBIGUOUS,CONFIRMED
SUPPORTING,0.851,True,AMBIGUOUS,SUSPECTED
CONTRADICTING,0.349,True,MIXED,FALSE
NEUTRAL,0.404,True,MIXED,UNKNOWN
NEUTRAL,0.505,True,CRIMINAL,UNKNOWN
SUPPORTING,0.841,True,MIXED,CONFIRMED
SUPPORTING,0.864,True,MIXED,CONFIRMED
CONTRADICTING,0.219,True,CRIMINAL,FALSE
SUPPORTING,0.904,True,AMBIGUOUS,CONFIRMED
SUPPORTING,0.925,True,MIXED,CONFIRMED
SUPPORTING,0.854,True,LEGITIMATE,CONFIRMED
SUPPORTING,0.958,True,CRIMINAL,CONFIRMED
SUPPORTING,0.830,True,CRIMINAL,CONFIRMED
CONTRADICTING,0.230,True,LEGITIMATE,FALSE
CONTRADICTING,0.219,True,LEGITIMATE,FALSE
CONTRADICTING,0.275,True,MIXED,FALSE
SUPPORTING,0.794,True,CRIMINAL,SUSPECTED
SUPPORTING,0.937,True,CRIMINAL,CONFIRMED
SUPPORTING,0.622,True,CRIMINAL,SUSPECTED
NEUTRAL,0.386,True,MIXED,UNKNOWN
NEUTRAL,0.398,True,LEGITIMATE,UNKNOWN
NEUTRAL,0.263,True,MIXED,UNKNOWN
SUPPORTING,0.920,True,CRIMINAL,CONFIRMED
SUPPORTING,0.751,True,CRIMINAL,SUSPECTED
NEUTRAL,0.465,True,CRIMINAL,UNKNOWN
SUPPORTING,0.903,True,CRIMINAL,CONFIRMED
SUPPORTING,0.939,True,CRIMINAL,CONFIRMED
SUPPORTING,0.884,True,CRIMINAL,CONFIRMED
SUPPORTING,0.775,True,MIXED,SUSPECTED
CONTRADICTING,0.267,True,AMBIGUOUS,FALSE
SUPPORTING,0.829,True,CRIMINAL,CONFIRMED
NEUTRAL,0.504,True,LEGITIMATE,UNKNOWN
CONTRADICTING,0.201,True,MIXED,FALSE
SUPPORTING,0.760,True,LEGITIMATE,SUSPECTED
SUPPORTING,0.842,True,MIXED,SUSPECTED
CONTRADICTING,0.359,True,MIXED,FALSE
NEUTRAL,0.489,True,AMBIGUOUS,UNKNOWN
CONTRADICTING,0.164,True,AMBIGUOUS,FALSE
SUPPORTING,0.837,True,MIXED,CONFIRMED
NEUTRAL,0.367,True,MIXED,UNKNOWN
SUPPORTING,0.677,True,MIXED,SUSPECTED
CONTRADICTING,0.268,True,AMBIGUOUS,FALSE
SUPPORTING,0.598,True,CRIMINAL,SUSPECTED
SUPPORTING,0.807,True,CRIMINAL,SUSPECTED
SUPPORTING,0.834,True,CRIMINAL,CONFIRMED
SUPPORTING,0.979,True,CRIMINAL,CONFIRMED
CONTRADICTING,0.380,True,CRIMINAL,FALSE
NEUTRAL,0.403,True,MIXED,UNKNOWN
SUPPORTING,0.808,True,CRIMINAL,SUSPECTED
CONTRADICTING,0.304,True,CRIMINAL,FALSE
SUPPORTING,0.942,True,LEGITIMATE,CONFIRMED
SUPPORTING,0.787,True,LEGITIMATE,SUSPECTED
SUPPORTING,0.891,True,MIXED,CONFIRMED
NEUTRAL,0.387,True,CRIMINAL,UNKNOWN
SUPPORTING,0.857,True,CRIMINAL,SUSPECTED
SUPPORTING,0.858,True,CRIMINAL,SUSPECTED
SUPPORTING,0.604,True,CRIMINAL,SUSPECTED
SUPPORTING,0.963,True,MIXED,CONFIRMED
NEUTRAL,0.381,True,CRIMINAL,UNKNOWN
SUPPORTING,0.698,True,MIXED,SUSPECTED
SUPPORTING,0.878,True,MIXED,CONFIRMED
SUPPORTING,0.939,True,AMBIGUOUS,CONFIRMED
SUPPORTING,0.808,True,AMBIGUOUS,SUSPECTED
SUPPORTING,0.859,True,CRIMINAL,CONFIRMED
SUPPORTING,0.933,True,CRIMINAL,CONFIRMED
SUPPORTING,0.873,True,MIXED,CONFIRMED
NEUTRAL,0.294,True,CRIMINAL,UNKNOWN
CONTRADICTING,0.307,True,MIXED,FALSE
NEUTRAL,0.388,True,LEGITIMATE,UNKNOWN
CONTRADICTING,0.187,True,LEGITIMATE,FALSE
SUPPORTING,0.775,True,LEGITIMATE,SUSPECTED
NEUTRAL,0.278,True,MIXED,UNKNOWN
NEUTRAL,0.437,True,CRIMINAL,UNKNOWN
CONTRADICTING,0.211,True,LEGITIMATE,FALSE
NEUTRAL,0.216,True,AMBIGUOUS,UNKNOWN
NEUTRAL,0.480,True,MIXED,UNKNOWN
SUPPORTING,0.960,True,MIXED,CONFIRMED
SUPPORTING,0.763,True,MIXED,SUSPECTED
NEUTRAL,0.336,True,AMBIGUOUS,UNKNOWN
SUPPORTING,0.661,True,MIXED,SUSPECTED
SUPPORTING,0.880,True,LEGITIMATE,CONFIRMED
SUPPORTING,0.968,True,MIXED,CONFIRMED
SUPPORTING,0.657,True,MIXED,SUSPECTED
SUPPORTING,0.635,True,MIXED,SUSPECTED
CONTRADICTING,0.128,True,LEGITIMATE,FALSE
SUPPORTING,0.611,True,MIXED,SUSPECTED
SUPPORTING,0.913,True,MIXED,CONFIRMED
CONTRADICTING,0.400,True,LEGITIMATE,FALSE
SUPPORTING,0.694,True,LEGITIMATE,SUSPECTED
SUPPORTING,0.904,True,CRIMINAL,CONFIRMED
CONTRADICTING,0.122,True,CRIMINAL,FALSE
NEUTRAL,0.467,True,CRIMINAL,UNKNOWN
SUPPORTING,0.890,True,CRIMINAL,CONFIRMED
NEUTRAL,0.200,True,CRIMINAL,UNKNOWN
SUPPORTING,0.940,True,CRIMINAL,CONFIRMED
SUPPORTING,0.902,True,CRIMINAL,CONFIRMED
SUPPORTING,0.937,True,CRIMINAL,CONFIRMED
SUPPORTING,0.930,True,AMBIGUOUS,CONFIRMED
SUPPORTING,0.707,True,AMBIGUOUS,SUSPECTED
SUPPORTING,0.662,True,AMBIGUOUS,SUSPECTED
CONTRADICTING,0.392,True,LEGITIMATE,FALSE
NEUTRAL,0.309,True,MIXED,UNKNOWN
SUPPORTING,0.958,True,MIXED,CONFIRMED
NEUTRAL,0.396,True,CRIMINAL,UNKNOWN
NEUTRAL,0.404,True,LEGITIMATE,UNKNOWN
SUPPORTING,0.780,True,AMBIGUOUS,SUSPECTED
SUPPORTING,0.873,True,CRIMINAL,CONFIRMED
NEUTRAL,0.345,True,LEGITIMATE,UNKNOWN
SUPPORTING,0.826,True,CRIMINAL,SUSPECTED
NEUTRAL,0.430,True,CRIMINAL,UNKNOWN
CONTRADICTING,0.350,True,MIXED,FALSE
SUPPORTING,0.797,True,MIXED,SUSPECTED
CONTRADICTING,0.295,True,MIXED,FALSE
NEUTRAL,0.467,True,LEGITIMATE,UNKNOWN
SUPPORTING,0.948,True,AMBIGUOUS,CONFIRMED
SUPPORTING,0.682,True,MIXED,SUSPECTED
SUPPORTING,0.974,True,MIXED,CONFIRMED
SUPPORTING,0.987,True,LEGITIMATE,CONFIRMED
NEUTRAL,0.362,True,AMBIGUOUS,UNKNOWN
SUPPORTING,0.947,True,AMBIGUOUS,CONFIRMED
SUPPORTING,0.934,True,CRIMINAL,CONFIRMED
SUPPORTING,0.847,True,MIXED,SUSPECTED
SUPPORTING,0.851,True,CRIMINAL,CONFIRMED
NEUTRAL,0.396,True,CRIMINAL,UNKNOWN
NEUTRAL,0.369,True,LEGITIMATE,UNKNOWN
SUPPORTING,0.732,True,CRIMINAL,SUSPECTED
NEUTRAL,0.399,True,LEGITIMATE,UNKNOWN
SUPPORTING,0.861,True,CRIMINAL,CONFIRMED
SUPPORTING,0.931,True,CRIMINAL,CONFIRMED
SUPPORTING,0.802,True,CRIMINAL,SUSPECTED
NEUTRAL,0.345,True,MIXED,UNKNOWN
SUPPORTING,0.844,True,CRIMINAL,CONFIRMED
SUPPORTING,0.732,True,MIXED,SUSPECTED
NEUTRAL,0.424,True,CRIMINAL,UNKNOWN
SUPPORTING,0.770,True,CRIMINAL,SUSPECTED
SUPPORTING,0.975,True,CRIMINAL,CONFIRMED
SUPPORTING,0.973,True,LEGITIMATE,CONFIRMED
SUPPORTING,0.981,True,LEGITIMATE,CONFIRMED
NEUTRAL,0.229,True,AMBIGUOUS,UNKNOWN
SUPPORTING,0.844,True,CRIMINAL,CONFIRMED
CONTRADICTING,0.190,True,CRIMINAL,FALSE
SUPPORTING,0.954,True,MIXED,CONFIRMED
SUPPORTING,0.779,True,AMBIGUOUS,SUSPECTED
NEUTRAL,0.357,True,LEGITIMATE,UNKNOWN
SUPPORTING,0.948,True,MIXED,CONFIRMED
SUPPORTING,0.706,True,AMBIGUOUS,SUSPECTED
SUPPORTING,0.638,True,MIXED,SUSPECTED
NEUTRAL,0.459,True,LEGITIMATE,UNKNOWN
SUPPORTING,0.848,True,AMBIGUOUS,SUSPECTED
SUPPORTING,0.798,True,MIXED,SUSPECTED
NEUTRAL,0.286,True,MIXED,UNKNOWN
NEUTRAL,0.234,True,MIXED,UNKNOWN
CONTRADICTING,0.416,True,LEGITIMATE,FALSE
NEUTRAL,0.431,True,LEGITIMATE,UNKNOWN
NEUTRAL,0.479,True,AMBIGUOUS,UNKNOWN
NEUTRAL,0.497,True,AMBIGUOUS,UNKNOWN
SUPPORTING,0.834,True,MIXED,CONFIRMED
NEUTRAL,0.392,True,CRIMINAL,UNKNOWN
SUPPORTING,0.770,True,CRIMINAL,SUSPECTED
CONTRADICTING,0.291,True,LEGITIMATE,FALSE
SUPPORTING,0.910,True,LEGITIMATE,CONFIRMED
NEUTRAL,0.518,True,CRIMINAL,UNKNOWN
CONTRADICTING,0.194,True,CRIMINAL,FALSE
SUPPORTING,0.837,True,CRIMINAL,SUSPECTED
SUPPORTING,0.828,True,CRIMINAL,CONFIRMED
NEUTRAL,0.291,True,MIXED,UNKNOWN
NEUTRAL,0.206,True,MIXED,UNKNOWN
SUPPORTING,0.877,True,MIXED,CONFIRMED
SUPPORTING,0.882,True,MIXED,CONFIRMED
SUPPORTING,0.961,True,CRIMINAL,CONFIRMED
CONTRADICTING,0.361,True,CRIMINAL,FALSE
NEUTRAL,0.380,True,MIXED,UNKNOWN
SUPPORTING,0.784,True,AMBIGUOUS,SUSPECTED
SUPPORTING,0.919,True,CRIMINAL,CONFIRMED
NEUTRAL,0.424,True,LEGITIMATE,UNKNOWN
SUPPORTING,0.977,True,CRIMINAL,CONFIRMED
CONTRADICTING,0.355,True,MIXED,FALSE
NEUTRAL,0.334,True,CRIMINAL,UNKNOWN
CONTRADICTING,0.289,True,MIXED,FALSE
SUPPORTING,0.821,True,CRIMINAL,SUSPECTED
SUPPORTING,0.937,True,CRIMINAL,CONFIRMED
NEUTRAL,0.208,True,AMBIGUOUS,UNKNOWN
SUPPORTING,0.831,True,AMBIGUOUS,CONFIRMED
SUPPORTING,0.642,True,MIXED,SUSPECTED
CONTRADICTING,0.170,True,MIXED,FALSE
SUPPORTING,0.842,True,MIXED,CONFIRMED
SUPPORTING,0.638,True,AMBIGUOUS,SUSPECTED
SUPPORTING,0.843,True,MIXED,SUSPECTED
SUPPORTING,0.766,True,MIXED,SUSPECTED
SUPPORTING,0.944,True,CRIMINAL,CONFIRMED
SUPPORTING,0.975,True,LEGITIMATE,CONFIRMED
SUPPORTING,0.893,True,MIXED,CONFIRMED
SUPPORTING,0.754,True,MIXED,SUSPECTED
SUPPORTING,0.987,True,CRIMINAL,CONFIRMED
SUPPORTING,0.869,True,LEGITIMATE,CONFIRMED
SUPPORTING,0.896,True,MIXED,CONFIRMED
SUPPORTING,0.621,True,AMBIGUOUS,SUSPECTED
CONTRADICTING,0.412,True,CRIMINAL,FALSE
SUPPORTING,0.912,True,LEGITIMATE,CONFIRMED
SUPPORTING,0.935,True,MIXED,CONFIRMED
SUPPORTING,0.986,True,CRIMINAL,CONFIRMED
SUPPORTING,0.710,True,AMBIGUOUS,SUSPECTED
SUPPORTING,0.816,True,CRIMINAL,SUSPECTED
NEUTRAL,0.247,True,LEGITIMATE,UNKNOWN
NEUTRAL,0.415,True,CRIMINAL,UNKNOWN
SUPPORTING,0.595,True,MIXED,SUSPECTED
NEUTRAL,0.497,True,LEGITIMATE,UNKNOWN
SUPPORTING,0.864,True,CRIMINAL,CONFIRMED
NEUTRAL,0.296,True,CRIMINAL,UNKNOWN
NEUTRAL,0.549,True,MIXED,UNKNOWN
SUPPORTING,0.599,True,CRIMINAL,SUSPECTED
SUPPORTING,0.693,True,MIXED,SUSPECTED
SUPPORTING,0.853,True,CRIMINAL,CONFIRMED
CONTRADICTING,0.164,True,LEGITIMATE,FALSE
NEUTRAL,0.500,True,MIXED,UNKNOWN
SUPPORTING,0.706,True,CRIMINAL,SUSPECTED
SUPPORTING,0.584,True,MIXED,SUSPECTED
SUPPORTING,0.705,True,LEGITIMATE,SUSPECTED
SUPPORTING,0.592,True,MIXED,SUSPECTED
SUPPORTING,0.857,True,AMBIGUOUS,SUSPECTED
SUPPORTING,0.829,True,CRIMINAL,SUSPECTED
NEUTRAL,0.479,True,LEGITIMATE,UNKNOWN
NEUTRAL,0.396,True,LEGITIMATE,UNKNOWN
NEUTRAL,0.495,True,CRIMINAL,UNKNOWN
SUPPORTING,0.912,True,CRIMINAL,CONFIRMED
SUPPORTING,0.656,True,AMBIGUOUS,SUSPECTED
NEUTRAL,0.346,True,CRIMINAL,UNKNOWN
SUPPORTING,0.693,True,CRIMINAL,SUSPECTED
NEUTRAL,0.350,True,AMBIGUOUS,UNKNOWN
NEUTRAL,0.421,True,MIXED,UNKNOWN
CONTRADICTING,0.274,True,LEGITIMATE,FALSE
SUPPORTING,0.849,True,LEGITIMATE,CONFIRMED
CONTRADICTING,0.250,True,MIXED,FALSE
SUPPORTING,0.924,True,CRIMINAL,CONFIRMED
SUPPORTING,0.594,True,MIXED,SUSPECTED
SUPPORTING,0.769,True,CRIMINAL,SUSPECTED
NEUTRAL,0.476,True,CRIMINAL,UNKNOWN
SUPPORTING,0.882,True,AMBIGUOUS,CONFIRMED
SUPPORTING,0.582,True,MIXED,SUSPECTED
SUPPORTING,0.851,True,CRIMINAL,SUSPECTED
SUPPORTING,0.799,True,LEGITIMATE,SUSPECTED
SUPPORTING,0.622,True,CRIMINAL,SUSPECTED
SUPPORTING,0.870,True,LEGITIMATE,CONFIRMED
SUPPORTING,0.915,True,CRIMINAL,CONFIRMED
SUPPORTING,0.672,True,MIXED,SUSPECTED
SUPPORTING,0.941,True,MIXED,CONFIRMED
SUPPORTING,0.701,True,CRIMINAL,SUSPECTED
NEUTRAL,0.278,True,MIXED,UNKNOWN
SUPPORTING,0.773,True,CRIMINAL,SUSPECTED
NEUTRAL,0.305,True,AMBIGUOUS,UNKNOWN
NEUTRAL,0.419,True,MIXED,UNKNOWN
SUPPORTING,0.900,True,CRIMINAL,CONFIRMED
NEUTRAL,0.403,True,AMBIGUOUS,UNKNOWN
SUPPORTING,0.874,True,CRIMINAL,CONFIRMED
SUPPORTING,0.923,True,MIXED,CONFIRMED
SUPPORTING,0.821,True,CRIMINAL,CONFIRMED
SUPPORTING,0.607,True,CRIMINAL,SUSPECTED
NEUTRAL,0.378,True,MIXED,UNKNOWN
NEUTRAL,0.291,True,CRIMINAL,UNKNOWN
SUPPORTING,0.595,True,CRIMINAL,SUSPECTED
SUPPORTING,0.952,True,MIXED,CONFIRMED
SUPPORTING,0.971,True,MIXED,CONFIRMED
SUPPORTING,0.699,True,CRIMINAL,SUSPECTED
SUPPORTING,0.887,True,MIXED,CONFIRMED
NEUTRAL,0.270,True,CRIMINAL,UNKNOWN
SUPPORTING,0.838,True,CRIMINAL,CONFIRMED
SUPPORTING,0.819,True,CRIMINAL,SUSPECTED
SUPPORTING,0.953,True,CRIMINAL,CONFIRMED
NEUTRAL,0.363,True,CRIMINAL,UNKNOWN
SUPPORTING,0.856,True,CRIMINAL,SUSPECTED
CONTRADICTING,0.416,True,MIXED,FALSE
SUPPORTING,0.952,True,MIXED,CONFIRMED
SUPPORTING,0.861,True,AMBIGUOUS,CONFIRMED
SUPPORTING,0.914,True,CRIMINAL,CONFIRMED
CONTRADICTING,0.264,True,LEGITIMATE,FALSE
NEUTRAL,0.429,True,CRIMINAL,UNKNOWN
SUPPORTING,0.778,True,AMBIGUOUS,SUSPECTED
SUPPORTING,0.925,True,CRIMINAL,CONFIRMED
SUPPORTING,0.786,True,MIXED,SUSPECTED
SUPPORTING,0.888,True,CRIMINAL,CONFIRMED
SUPPORTING,0.972,True,MIXED,CONFIRMED
NEUTRAL,0.497,True,CRIMINAL,UNKNOWN
NEUTRAL,0.529,True,MIXED,UNKNOWN
NEUTRAL,0.228,True,CRIMINAL,UNKNOWN
CONTRADICTING,0.140,True,AMBIGUOUS,FALSE
NEUTRAL,0.470,True,CRIMINAL,UNKNOWN
CONTRADICTING,0.347,True,CRIMINAL,FALSE
SUPPORTING,0.620,True,LEGITIMATE,SUSPECTED
SUPPORTING,0.959,True,MIXED,CONFIRMED
NEUTRAL,0.223,True,LEGITIMATE,UNKNOWN
SUPPORTING,0.848,True,CRIMINAL,CONFIRMED
SUPPORTING,0.825,True,CRIMINAL,CONFIRMED
CONTRADICTING,0.172,True,MIXED,FALSE
SUPPORTING,0.871,True,LEGITIMATE,CONFIRMED
SUPPORTING,0.695,True,LEGITIMATE,SUSPECTED
CONTRADICTING,0.303,True,LEGITIMATE,FALSE
SUPPORTING,0.861,True,MIXED,CONFIRMED
SUPPORTING,0.701,True,CRIMINAL,SUSPECTED
NEUTRAL,0.349,True,AMBIGUOUS,UNKNOWN
SUPPORTING,0.599,True,MIXED,SUSPECTED
SUPPORTING,0.883,True,CRIMINAL,CONFIRMED
NEUTRAL,0.403,True,LEGITIMATE,UNKNOWN
SUPPORTING,0.619,True,MIXED,SUSPECTED
SUPPORTING,0.987,True,AMBIGUOUS,CONFIRMED
SUPPORTING,0.601,True,CRIMINAL,SUSPECTED
SUPPORTING,0.866,True,LEGITIMATE,CONFIRMED
CONTRADICTING,0.369,True,MIXED,FALSE
SUPPORTING,0.835,True,CRIMINAL,CONFIRMED
SUPPORTING,0.701,True,MIXED,SUSPECTED
SUPPORTING,0.887,True,CRIMINAL,CONFIRMED
SUPPORTING,0.883,True,CRIMINAL,CONFIRMED
NEUTRAL,0.241,True,CRIMINAL,UNKNOWN
SUPPORTING,0.837,True,MIXED,SUSPECTED
CONTRADICTING,0.314,True,LEGITIMATE,FALSE
SUPPORTING,0.824,True,MIXED,SUSPECTED
NEUTRAL,0.438,True,MIXED,UNKNOWN
SUPPORTING,0.841,True,CRIMINAL,SUSPECTED
SUPPORTING,0.703,True,CRIMINAL,SUSPECTED
NEUTRAL,0.357,True,CRIMINAL,UNKNOWN
SUPPORTING,0.749,True,CRIMINAL,SUSPECTED
SUPPORTING,0.784,True,CRIMINAL,SUSPECTED
SUPPORTING,0.926,True,CRIMINAL,CONFIRMED
NEUTRAL,0.271,True,LEGITIMATE,UNKNOWN
SUPPORTING,0.746,True,CRIMINAL,SUSPECTED
SUPPORTING,0.815,True,AMBIGUOUS,SUSPECTED
NEUTRAL,0.356,True,CRIMINAL,UNKNOWN
SUPPORTING,0.615,True,MIXED,SUSPECTED
CONTRADICTING,0.384,True,AMBIGUOUS,FALSE
NEUTRAL,0.299,True,AMBIGUOUS,UNKNOWN
SUPPORTING,0.841,True,AMBIGUOUS,SUSPECTED
SUPPORTING,0.831,True,LEGITIMATE,CONFIRMED
SUPPORTING,0.639,True,CRIMINAL,SUSPECTED
SUPPORTING,0.677,True,AMBIGUOUS,SUSPECTED
NEUTRAL,0.334,True,MIXED,UNKNOWN
SUPPORTING,0.604,True,CRIMINAL,SUSPECTED
SUPPORTING,0.798,True,CRIMINAL,SUSPECTED
SUPPORTING,0.981,True,CRIMINAL,CONFIRMED
SUPPORTING,0.580,True,MIXED,SUSPECTED
NEUTRAL,0.208,True,MIXED,UNKNOWN
CONTRADICTING,0.217,True,LEGITIMATE,FALSE
SUPPORTING,0.839,True,CRIMINAL,CONFIRMED
CONTRADICTING,0.327,True,MIXED,FALSE
SUPPORTING,0.978,True,CRIMINAL,CONFIRMED
NEUTRAL,0.209,True,AMBIGUOUS,UNKNOWN
SUPPORTING,0.990,True,CRIMINAL,CONFIRMED
NEUTRAL,0.297,True,CRIMINAL,UNKNOWN
SUPPORTING,0.925,True,CRIMINAL,CONFIRMED
SUPPORTING,0.794,True,LEGITIMATE,SUSPECTED
NEUTRAL,0.303,True,CRIMINAL,UNKNOWN
SUPPORTING,0.604,True,MIXED,SUSPECTED
NEUTRAL,0.323,True,MIXED,UNKNOWN
NEUTRAL,0.475,True,MIXED,UNKNOWN
CONTRADICTING,0.413,True,MIXED,FALSE
SUPPORTING,0.765,True,CRIMINAL,SUSPECTED
NEUTRAL,0.509,True,CRIMINAL,UNKNOWN
SUPPORTING,0.850,True,CRIMINAL,CONFIRMED
CONTRADICTING,0.341,True,MIXED,FALSE
NEUTRAL,0.516,True,LEGITIMATE,UNKNOWN
CONTRADICTING,0.152,True,CRIMINAL,FALSE
NEUTRAL,0.543,True,MIXED,UNKNOWN
SUPPORTING,0.935,True,CRIMINAL,CONFIRMED
SUPPORTING,0.927,True,CRIMINAL,CONFIRMED
NEUTRAL,0.336,True,MIXED,UNKNOWN
CONTRADICTING,0.188,True,MIXED,FALSE
SUPPORTING,0.892,True,CRIMINAL,CONFIRMED
NEUTRAL,0.322,True,LEGITIMATE,UNKNOWN
CONTRADICTING,0.322,True,AMBIGUOUS,FALSE
SUPPORTING,0.973,True,AMBIGUOUS,CONFIRMED
CONTRADICTING,0.249,True,AMBIGUOUS,FALSE
SUPPORTING,0.850,True,CRIMINAL,CONFIRMED
SUPPORTING,0.873,True,CRIMINAL,CONFIRMED
SUPPORTING,0.754,True,CRIMINAL,SUSPECTED
SUPPORTING,0.894,True,CRIMINAL,CONFIRMED
SUPPORTING,0.987,True,CRIMINAL,CONFIRMED
SUPPORTING,0.901,True,LEGITIMATE,CONFIRMED
SUPPORTING,0.878,True,CRIMINAL,CONFIRMED
SUPPORTING,0.896,True,CRIMINAL,CONFIRMED
SUPPORTING,0.834,True,LEGITIMATE,CONFIRMED
NEUTRAL,0.359,True,CRIMINAL,UNKNOWN
SUPPORTING,0.591,True,AMBIGUOUS,SUSPECTED
NEUTRAL,0.448,True,AMBIGUOUS,UNKNOWN
SUPPORTING,0.827,True,MIXED,SUSPECTED
NEUTRAL,0.346,True,LEGITIMATE,UNKNOWN
SUPPORTING,0.912,True,AMBIGUOUS,CONFIRMED
SUPPORTING,0.711,True,CRIMINAL,SUSPECTED
NEUTRAL,0.550,True,LEGITIMATE,UNKNOWN
CONTRADICTING,0.267,True,CRIMINAL,FALSE
CONTRADICTING,0.124,True,LEGITIMATE,FALSE
SUPPORTING,0.738,True,AMBIGUOUS,SUSPECTED
SUPPORTING,0.707,True,MIXED,SUSPECTED
NEUTRAL,0.357,True,LEGITIMATE,UNKNOWN
SUPPORTING,0.655,True,CRIMINAL,SUSPECTED
NEUTRAL,0.352,True,CRIMINAL,UNKNOWN
SUPPORTING,0.939,True,CRIMINAL,CONFIRMED
NEUTRAL,0.250,True,CRIMINAL,UNKNOWN
NEUTRAL,0.334,True,LEGITIMATE,UNKNOWN
SUPPORTING,0.853,True,CRIMINAL,SUSPECTED
SUPPORTING,0.958,True,CRIMINAL,CONFIRMED
NEUTRAL,0.294,True,LEGITIMATE,UNKNOWN
NEUTRAL,0.280,True,CRIMINAL,UNKNOWN
NEUTRAL,0.274,True,LEGITIMATE,UNKNOWN
SUPPORTING,0.897,True,CRIMINAL,CONFIRMED
SUPPORTING,0.872,True,CRIMINAL,CONFIRMED
NEUTRAL,0.303,True,LEGITIMATE,UNKNOWN
SUPPORTING,0.774,True,LEGITIMATE,SUSPECTED
SUPPORTING,0.833,True,CRIMINAL,SUSPECTED
SUPPORTING,0.852,True,AMBIGUOUS,SUSPECTED
SUPPORTING,0.731,True,AMBIGUOUS,SUSPECTED
SUPPORTING,0.850,True,CRIMINAL,CONFIRMED
CONTRADICTING,0.291,True,MIXED,FALSE
NEUTRAL,0.494,True,LEGITIMATE,UNKNOWN
SUPPORTING,0.750,True,AMBIGUOUS,SUSPECTED
NEUTRAL,0.339,True,AMBIGUOUS,UNKNOWN
NEUTRAL,0.250,True,CRIMINAL,UNKNOWN
NEUTRAL,0.309,True,CRIMINAL,UNKNOWN
SUPPORTING,0.655,True,MIXED,SUSPECTED
CONTRADICTING,0.279,True,LEGITIMATE,FALSE
CONTRADICTING,0.370,True,CRIMINAL,FALSE
SUPPORTING,0.879,True,CRIMINAL,CONFIRMED
SUPPORTING,0.811,True,AMBIGUOUS,SUSPECTED
NEUTRAL,0.541,True,MIXED,UNKNOWN
NEUTRAL,0.451,True,LEGITIMATE,UNKNOWN
NEUTRAL,0.342,True,LEGITIMATE,UNKNOWN
CONTRADICTING,0.282,True,LEGITIMATE,FALSE
SUPPORTING,0.939,True,LEGITIMATE,CONFIRMED
SUPPORTING,0.987,True,CRIMINAL,CONFIRMED
CONTRADICTING,0.288,True,LEGITIMATE,FALSE
CONTRADICTING,0.381,True,AMBIGUOUS,FALSE
SUPPORTING,0.851,True,CRIMINAL,SUSPECTED
NEUTRAL,0.246,True,LEGITIMATE,UNKNOWN
CONTRADICTING,0.279,True,LEGITIMATE,FALSE
NEUTRAL,0.459,True,AMBIGUOUS,UNKNOWN
NEUTRAL,0.208,True,LEGITIMATE,UNKNOWN
SUPPORTING,0.864,True,MIXED,CONFIRMED
NEUTRAL,0.270,True,MIXED,UNKNOWN
NEUTRAL,0.547,True,MIXED,UNKNOWN
CONTRADICTING,0.123,True,MIXED,FALSE
SUPPORTING,0.929,True,CRIMINAL,CONFIRMED
CONTRADICTING,0.318,True,CRIMINAL,FALSE
CONTRADICTING,0.223,True,CRIMINAL,FALSE
SUPPORTING,0.844,True,CRIMINAL,SUSPECTED
SUPPORTING,0.873,True,MIXED,CONFIRMED
NEUTRAL,0.317,True,MIXED,UNKNOWN
NEUTRAL,0.413,True,MIXED,UNKNOWN
SUPPORTING,0.686,True,MIXED,SUSPECTED
SUPPORTING,0.813,True,CRIMINAL,SUSPECTED
NEUTRAL,0.516,True,AMBIGUOUS,UNKNOWN
SUPPORTING,0.898,True,AMBIGUOUS,CONFIRMED
SUPPORTING,0.934,True,MIXED,CONFIRMED
SUPPORTING,0.758,True,CRIMINAL,SUSPECTED
SUPPORTING,0.799,True,CRIMINAL,SUSPECTED
SUPPORTING,0.942,True,LEGITIMATE,CONFIRMED
SUPPORTING,0.678,True,CRIMINAL,SUSPECTED
SUPPORTING,0.626,True,CRIMINAL,SUSPECTED
SUPPORTING,0.609,True,LEGITIMATE,SUSPECTED
CONTRADICTING,0.194,True,LEGITIMATE,FALSE
NEUTRAL,0.250,True,MIXED,UNKNOWN
CONTRADICTING,0.307,True,LEGITIMATE,FALSE
NEUTRAL,0.354,True,MIXED,UNKNOWN
NEUTRAL,0.431,True,AMBIGUOUS,UNKNOWN
SUPPORTING,0.977,True,CRIMINAL,CONFIRMED
SUPPORTING,0.758,True,LEGITIMATE,SUSPECTED
SUPPORTING,0.595,True,LEGITIMATE,SUSPECTED
SUPPORTING,0.724,True,AMBIGUOUS,SUSPECTED
NEUTRAL,0.305,True,MIXED,UNKNOWN
SUPPORTING,0.698,True,AMBIGUOUS,SUSPECTED
SUPPORTING,0.831,True,LEGITIMATE,SUSPECTED
SUPPORTING,0.913,True,CRIMINAL,CONFIRMED
SUPPORTING,0.927,True,CRIMINAL,CONFIRMED
NEUTRAL,0.262,True,CRIMINAL,UNKNOWN
SUPPORTING,0.848,True,CRIMINAL,SUSPECTED
CONTRADICTING,0.332,True,MIXED,FALSE
SUPPORTING,0.947,True,CRIMINAL,CONFIRMED
SUPPORTING,0.869,True,CRIMINAL,CONFIRMED
NEUTRAL,0.294,True,MIXED,UNKNOWN
SUPPORTING,0.969,True,CRIMINAL,CONFIRMED
SUPPORTING,0.877,True,CRIMINAL,CONFIRMED
SUPPORTING,0.598,True,AMBIGUOUS,SUSPECTED
NEUTRAL,0.531,True,AMBIGUOUS,UNKNOWN
CONTRADICTING,0.284,True,LEGITIMATE,FALSE
CONTRADICTING,0.282,True,LEGITIMATE,FALSE
SUPPORTING,0.760,True,CRIMINAL,SUSPECTED
SUPPORTING,0.871,True,CRIMINAL,CONFIRMED
SUPPORTING,0.639,True,CRIMINAL,SUSPECTED
CONTRADICTING,0.409,True,LEGITIMATE,FALSE
NEUTRAL,0.215,True,LEGITIMATE,UNKNOWN
SUPPORTING,0.688,True,LEGITIMATE,SUSPECTED
SUPPORTING,0.656,True,CRIMINAL,SUSPECTED
CONTRADICTING,0.302,True,AMBIGUOUS,FALSE
SUPPORTING,0.863,True,CRIMINAL,CONFIRMED
NEUTRAL,0.372,True,AMBIGUOUS,UNKNOWN
SUPPORTING,0.837,True,AMBIGUOUS,CONFIRMED
SUPPORTING,0.860,True,CRIMINAL,CONFIRMED
CONTRADICTING,0.335,True,LEGITIMATE,FALSE
NEUTRAL,0.343,True,CRIMINAL,UNKNOWN
SUPPORTING,0.663,True,MIXED,SUSPECTED
SUPPORTING,0.612,True,MIXED,SUSPECTED
SUPPORTING,0.887,True,AMBIGUOUS,CONFIRMED
NEUTRAL,0.216,True,CRIMINAL,UNKNOWN
SUPPORTING,0.842,True,CRIMINAL,CONFIRMED
CONTRADICTING,0.318,True,LEGITIMATE,FALSE
SUPPORTING,0.967,True,AMBIGUOUS,CONFIRMED
SUPPORTING,0.904,True,CRIMINAL,CONFIRMED
SUPPORTING,0.865,True,CRIMINAL,CONFIRMED
SUPPORTING,0.625,True,CRIMINAL,SUSPECTED
SUPPORTING,0.945,True,LEGITIMATE,CONFIRMED
SUPPORTING,0.978,True,LEGITIMATE,CONFIRMED
SUPPORTING,0.886,True,AMBIGUOUS,CONFIRMED
SUPPORTING,0.628,True,LEGITIMATE,SUSPECTED
SUPPORTING,0.689,True,CRIMINAL,SUSPECTED
CONTRADICTING,0.355,True,CRIMINAL,FALSE
SUPPORTING,0.927,True,CRIMINAL,CONFIRMED
SUPPORTING,0.859,True,CRIMINAL,SUSPECTED
SUPPORTING,0.775,True,MIXED,SUSPECTED
SUPPORTING,0.763,True,CRIMINAL,SUSPECTED
CONTRADICTING,0.399,True,CRIMINAL,FALSE
SUPPORTING,0.883,True,CRIMINAL,CONFIRMED
SUPPORTING,0.844,True,CRIMINAL,CONFIRMED
SUPPORTING,0.672,True,CRIMINAL,SUSPECTED
CONTRADICTING,0.266,True,LEGITIMATE,FALSE
NEUTRAL,0.535,True,LEGITIMATE,UNKNOWN
SUPPORTING,0.738,True,CRIMINAL,SUSPECTED
SUPPORTING,0.878,True,CRIMINAL,CONFIRMED
SUPPORTING,0.882,True,CRIMINAL,CONFIRMED
SUPPORTING,0.979,True,MIXED,CONFIRMED
SUPPORTING,0.833,True,AMBIGUOUS,CONFIRMED
SUPPORTING,0.929,True,CRIMINAL,CONFIRMED
SUPPORTING,0.983,True,MIXED,CONFIRMED
SUPPORTING,0.954,True,CRIMINAL,CONFIRMED
SUPPORTING,0.610,True,CRIMINAL,SUSPECTED
NEUTRAL,0.383,True,MIXED,UNKNOWN
SUPPORTING,0.772,True,MIXED,SUSPECTED
SUPPORTING,0.887,True,AMBIGUOUS,CONFIRMED
SUPPORTING,0.828,True,CRIMINAL,CONFIRMED
CONTRADICTING,0.140,True,LEGITIMATE,FALSE
SUPPORTING,0.709,True,AMBIGUOUS,SUSPECTED
SUPPORTING,0.987,True,LEGITIMATE,CONFIRMED
SUPPORTING,0.746,True,LEGITIMATE,SUSPECTED
SUPPORTING,0.869,True,MIXED,CONFIRMED
CONTRADICTING,0.229,True,MIXED,FALSE
CONTRADICTING,0.214,True,LEGITIMATE,FALSE
NEUTRAL,0.336,True,MIXED,UNKNOWN
CONTRADICTING,0.308,True,MIXED,FALSE
SUPPORTING,0.751,True,LEGITIMATE,SUSPECTED
NEUTRAL,0.432,True,CRIMINAL,UNKNOWN
SUPPORTING,0.711,True,AMBIGUOUS,SUSPECTED
SUPPORTING,0.741,True,MIXED,SUSPECTED
CONTRADICTING,0.189,True,MIXED,FALSE
NEUTRAL,0.225,True,AMBIGUOUS,UNKNOWN
SUPPORTING,0.618,True,CRIMINAL,SUSPECTED
SUPPORTING,0.972,True,CRIMINAL,CONFIRMED
SUPPORTING,0.731,True,CRIMINAL,SUSPECTED
NEUTRAL,0.447,True,CRIMINAL,UNKNOWN
SUPPORTING,0.721,True,MIXED,SUSPECTED
CONTRADICTING,0.187,True,CRIMINAL,FALSE
SUPPORTING,0.610,True,AMBIGUOUS,SUSPECTED
CONTRADICTING,0.284,True,LEGITIMATE,FALSE
NEUTRAL,0.215,True,AMBIGUOUS,UNKNOWN
NEUTRAL,0.467,True,LEGITIMATE,UNKNOWN
SUPPORTING,0.723,True,CRIMINAL,SUSPECTED
CONTRADICTING,0.134,True,LEGITIMATE,FALSE
SUPPORTING,0.909,True,CRIMINAL,CONFIRMED
SUPPORTING,0.759,True,CRIMINAL,SUSPECTED
CONTRADICTING,0.194,True,LEGITIMATE,FALSE
SUPPORTING,0.868,True,CRIMINAL,CONFIRMED
SUPPORTING,0.902,True,CRIMINAL,CONFIRMED
NEUTRAL,0.513,True,CRIMINAL,UNKNOWN
SUPPORTING,0.769,True,CRIMINAL,SUSPECTED
SUPPORTING,0.676,True,AMBIGUOUS,SUSPECTED
NEUTRAL,0.519,True,LEGITIMATE,UNKNOWN
CONTRADICTING,0.250,True,LEGITIMATE,FALSE
NEUTRAL,0.390,True,MIXED,UNKNOWN
SUPPORTING,0.746,True,LEGITIMATE,SUSPECTED
SUPPORTING,0.704,True,MIXED,SUSPECTED
CONTRADICTING,0.153,True,LEGITIMATE,FALSE
CONTRADICTING,0.138,True,CRIMINAL,FALSE
SUPPORTING,0.879,True,CRIMINAL,CONFIRMED
SUPPORTING,0.611,True,LEGITIMATE,SUSPECTED
NEUTRAL,0.255,True,LEGITIMATE,UNKNOWN
CONTRADICTING,0.237,True,MIXED,FALSE
CONTRADICTING,0.153,True,LEGITIMATE,FALSE
CONTRADICTING,0.272,True,MIXED,FALSE
SUPPORTING,0.653,True,CRIMINAL,SUSPECTED
SUPPORTING,0.629,True,LEGITIMATE,SUSPECTED
NEUTRAL,0.204,True,CRIMINAL,UNKNOWN
SUPPORTING,0.830,True,MIXED,CONFIRMED
CONTRADICTING,0.360,True,AMBIGUOUS,FALSE
SUPPORTING,0.906,True,LEGITIMATE,CONFIRMED
CONTRADICTING,0.412,True,MIXED,FALSE
NEUTRAL,0.536,True,MIXED,UNKNOWN
NEUTRAL,0.440,True,LEGITIMATE,UNKNOWN
SUPPORTING,0.810,True,CRIMINAL,SUSPECTED
SUPPORTING,0.755,True,CRIMINAL,SUSPECTED
SUPPORTING,0.863,True,LEGITIMATE,CONFIRMED
SUPPORTING,0.928,True,CRIMINAL,CONFIRMED
NEUTRAL,0.363,True,LEGITIMATE,UNKNOWN
CONTRADICTING,0.316,True,LEGITIMATE,FALSE
SUPPORTING,0.958,True,CRIMINAL,CONFIRMED
CONTRADICTING,0.358,True,MIXED,FALSE
SUPPORTING,0.890,True,CRIMINAL,CONFIRMED
SUPPORTING,0.936,True,LEGITIMATE,CONFIRMED
NEUTRAL,0.380,True,CRIMINAL,UNKNOWN
SUPPORTING,0.754,True,CRIMINAL,SUSPECTED
SUPPORTING,0.598,True,LEGITIMATE,SUSPECTED
SUPPORTING,0.849,True,CRIMINAL,CONFIRMED
SUPPORTING,0.875,True,MIXED,CONFIRMED
SUPPORTING,0.861,True,CRIMINAL,CONFIRMED
SUPPORTING,0.964,True,CRIMINAL,CONFIRMED
SUPPORTING,0.981,True,CRIMINAL,CONFIRMED
SUPPORTING,0.631,True,LEGITIMATE,SUSPECTED
SUPPORTING,0.847,True,MIXED,SUSPECTED
SUPPORTING,0.959,True,LEGITIMATE,CONFIRMED
SUPPORTING,0.932,True,CRIMINAL,CONFIRMED
NEUTRAL,0.368,True,CRIMINAL,UNKNOWN
SUPPORTING,0.844,True,CRIMINAL,CONFIRMED
CONTRADICTING,0.182,True,LEGITIMATE,FALSE
CONTRADICTING,0.203,True,LEGITIMATE,FALSE
CONTRADICTING,0.193,True,LEGITIMATE,FALSE
SUPPORTING,0.856,True,CRIMINAL,CONFIRMED
NEUTRAL,0.380,True,AMBIGUOUS,UNKNOWN
SUPPORTING,0.667,True,CRIMINAL,SUSPECTED
NEUTRAL,0.376,True,AMBIGUOUS,UNKNOWN
SUPPORTING,0.906,True,LEGITIMATE,CONFIRMED
SUPPORTING,0.944,True,LEGITIMATE,CONFIRMED
SUPPORTING,0.836,True,CRIMINAL,CONFIRMED
SUPPORTING,0.822,True,MIXED,SUSPECTED
SUPPORTING,0.871,True,MIXED,CONFIRMED
CONTRADICTING,0.295,True,MIXED,FALSE
SUPPORTING,0.890,True,CRIMINAL,CONFIRMED
NEUTRAL,0.495,True,CRIMINAL,UNKNOWN
SUPPORTING,0.670,True,CRIMINAL,SUSPECTED
NEUTRAL,0.469,True,LEGITIMATE,UNKNOWN
SUPPORTING,0.884,True,CRIMINAL,CONFIRMED
SUPPORTING,0.627,True,AMBIGUOUS,SUSPECTED
SUPPORTING,0.912,True,CRIMINAL,CONFIRMED
CONTRADICTING,0.253,True,MIXED,FALSE
SUPPORTING,0.632,True,CRIMINAL,SUSPECTED
SUPPORTING,0.673,True,CRIMINAL,SUSPECTED
NEUTRAL,0.203,True,CRIMINAL,UNKNOWN
CONTRADICTING,0.152,True,AMBIGUOUS,FALSE
NEUTRAL,0.318,True,LEGITIMATE,UNKNOWN
SUPPORTING,0.731,True,MIXED,SUSPECTED
SUPPORTING,0.682,True,CRIMINAL,SUSPECTED
CONTRADICTING,0.371,True,LEGITIMATE,FALSE
NEUTRAL,0.479,True,CRIMINAL,UNKNOWN
SUPPORTING,0.842,True,CRIMINAL,CONFIRMED
NEUTRAL,0.383,True,LEGITIMATE,UNKNOWN
SUPPORTING,0.761,True,CRIMINAL,SUSPECTED
SUPPORTING,0.718,True,CRIMINAL,SUSPECTED
NEUTRAL,0.288,True,MIXED,UNKNOWN
SUPPORTING,0.955,True,AMBIGUOUS,CONFIRMED
SUPPORTING,0.873,True,CRIMINAL,CONFIRMED
SUPPORTING,0.752,True,CRIMINAL,SUSPECTED
NEUTRAL,0.449,True,MIXED,UNKNOWN
SUPPORTING,0.944,True,CRIMINAL,CONFIRMED
CONTRADICTING,0.329,True,CRIMINAL,FALSE
CONTRADICTING,0.248,True,CRIMINAL,FALSE
NEUTRAL,0.256,True,LEGITIMATE,UNKNOWN
SUPPORTING,0.944,True,CRIMINAL,CONFIRMED
SUPPORTING,0.892,True,MIXED,CONFIRMED
SUPPORTING,0.836,True,LEGITIMATE,SUSPECTED
SUPPORTING,0.734,True,AMBIGUOUS,SUSPECTED
CONTRADICTING,0.149,True,LEGITIMATE,FALSE
SUPPORTING,0.868,True,CRIMINAL,CONFIRMED
NEUTRAL,0.489,True,AMBIGUOUS,UNKNOWN
CONTRADICTING,0.244,True,MIXED,FALSE
SUPPORTING,0.889,True,CRIMINAL,CONFIRMED
CONTRADICTING,0.273,True,MIXED,FALSE
SUPPORTING,0.816,True,CRIMINAL,SUSPECTED
SUPPORTING,0.971,True,MIXED,CONFIRMED
SUPPORTING,0.705,True,LEGITIMATE,SUSPECTED
SUPPORTING,0.933,True,AMBIGUOUS,CONFIRMED
NEUTRAL,0.544,True,MIXED,UNKNOWN
CONTRADICTING,0.161,True,MIXED,FALSE
SUPPORTING,0.833,True,CRIMINAL,CONFIRMED
SUPPORTING,0.955,True,AMBIGUOUS,CONFIRMED
SUPPORTING,0.814,True,CRIMINAL,SUSPECTED
NEUTRAL,0.209,True,MIXED,UNKNOWN
NEUTRAL,0.217,True,MIXED,UNKNOWN
SUPPORTING,0.777,True,CRIMINAL,SUSPECTED
SUPPORTING,0.843,True,CRIMINAL,CONFIRMED
CONTRADICTING,0.239,True,MIXED,FALSE
SUPPORTING,0.960,True,MIXED,CONFIRMED
SUPPORTING,0.910,True,LEGITIMATE,CONFIRMED
NEUTRAL,0.212,True,MIXED,UNKNOWN
CONTRADICTING,0.125,True,LEGITIMATE,FALSE
CONTRADICTING,0.178,True,AMBIGUOUS,FALSE
CONTRADICTING,0.324,True,CRIMINAL,FALSE
SUPPORTING,0.845,True,CRIMINAL,CONFIRMED
SUPPORTING,0.609,True,LEGITIMATE,SUSPECTED
NEUTRAL,0.421,True,AMBIGUOUS,UNKNOWN
SUPPORTING,0.939,True,CRIMINAL,CONFIRMED
SUPPORTING,0.823,True,LEGITIMATE,CONFIRMED
SUPPORTING,0.828,True,CRIMINAL,SUSPECTED
NEUTRAL,0.333,True,MIXED,UNKNOWN
SUPPORTING,0.671,True,LEGITIMATE,SUSPECTED
SUPPORTING,0.686,True,CRIMINAL,SUSPECTED
NEUTRAL,0.355,True,MIXED,UNKNOWN
SUPPORTING,0.772,True,MIXED,SUSPECTED
SUPPORTING,0.968,True,CRIMINAL,CONFIRMED
NEUTRAL,0.339,True,LEGITIMATE,UNKNOWN
SUPPORTING,0.615,True,CRIMINAL,SUSPECTED
SUPPORTING,0.793,True,CRIMINAL,SUSPECTED
NEUTRAL,0.449,True,AMBIGUOUS,UNKNOWN
CONTRADICTING,0.401,True,LEGITIMATE,FALSE
SUPPORTING,0.634,True,CRIMINAL,SUSPECTED
SUPPORTING,0.836,True,MIXED,SUSPECTED
SUPPORTING,0.868,True,MIXED,CONFIRMED
SUPPORTING,0.893,True,MIXED,CONFIRMED
SUPPORTING,0.972,True,MIXED,CONFIRMED
CONTRADICTING,0.189,True,MIXED,FALSE
NEUTRAL,0.434,True,CRIMINAL,UNKNOWN
SUPPORTING,0.616,True,LEGITIMATE,SUSPECTED
SUPPORTING,0.653,True,CRIMINAL,SUSPECTED
SUPPORTING,0.815,True,MIXED,SUSPECTED
NEUTRAL,0.352,True,AMBIGUOUS,UNKNOWN
NEUTRAL,0.313,True,AMBIGUOUS,UNKNOWN
SUPPORTING,0.688,True,CRIMINAL,SUSPECTED
SUPPORTING,0.833,True,AMBIGUOUS,SUSPECTED
SUPPORTING,0.609,True,CRIMINAL,SUSPECTED
SUPPORTING,0.730,True,MIXED,SUSPECTED
CONTRADICTING,0.157,True,MIXED,FALSE
SUPPORTING,0.776,True,CRIMINAL,SUSPECTED
NEUTRAL,0.515,True,CRIMINAL,UNKNOWN
CONTRADICTING,0.327,True,MIXED,FALSE
SUPPORTING,0.824,True,CRIMINAL,CONFIRMED
SUPPORTING,0.735,True,CRIMINAL,SUSPECTED
CONTRADICTING,0.311,True,CRIMINAL,FALSE
CONTRADICTING,0.355,True,CRIMINAL,FALSE
SUPPORTING,0.924,True,MIXED,CONFIRMED
SUPPORTING,0.982,True,AMBIGUOUS,CONFIRMED
CONTRADICTING,0.164,True,LEGITIMATE,FALSE
NEUTRAL,0.230,True,CRIMINAL,UNKNOWN
NEUTRAL,0.447,True,MIXED,UNKNOWN
CONTRADICTING,0.153,True,MIXED,FALSE
SUPPORTING,0.592,True,AMBIGUOUS,SUSPECTED
SUPPORTING,0.968,True,CRIMINAL,CONFIRMED
NEUTRAL,0.486,True,LEGITIMATE,UNKNOWN
NEUTRAL,0.336,True,AMBIGUOUS,UNKNOWN
SUPPORTING,0.691,True,CRIMINAL,SUSPECTED
NEUTRAL,0.212,True,MIXED,UNKNOWN
SUPPORTING,0.901,True,MIXED,CONFIRMED
SUPPORTING,0.796,True,AMBIGUOUS,SUSPECTED
SUPPORTING,0.735,True,MIXED,SUSPECTED
NEUTRAL,0.443,True,CRIMINAL,UNKNOWN
CONTRADICTING,0.148,True,LEGITIMATE,FALSE
CONTRADICTING,0.299,True,CRIMINAL,FALSE
SUPPORTING,0.671,True,MIXED,SUSPECTED
SUPPORTING,0.787,True,LEGITIMATE,SUSPECTED
SUPPORTING,0.583,True,LEGITIMATE,SUSPECTED
SUPPORTING,0.789,True,CRIMINAL,SUSPECTED
SUPPORTING,0.962,True,CRIMINAL,CONFIRMED
SUPPORTING,0.970,True,LEGITIMATE,CONFIRMED
SUPPORTING,0.804,True,CRIMINAL,SUSPECTED
SUPPORTING,0.711,True,LEGITIMATE,SUSPECTED
SUPPORTING,0.751,True,CRIMINAL,SUSPECTED
SUPPORTING,0.968,True,CRIMINAL,CONFIRMED
SUPPORTING,0.588,True,CRIMINAL,SUSPECTED
SUPPORTING,0.941,True,AMBIGUOUS,CONFIRMED
NEUTRAL,0.236,True,MIXED,UNKNOWN
CONTRADICTING,0.342,True,CRIMINAL,FALSE
NEUTRAL,0.251,True,CRIMINAL,UNKNOWN
NEUTRAL,0.436,True,MIXED,UNKNOWN
SUPPORTING,0.580,True,AMBIGUOUS,SUSPECTED
NEUTRAL,0.270,True,MIXED,UNKNOWN
SUPPORTING,0.666,True,AMBIGUOUS,SUSPECTED
NEUTRAL,0.253,True,LEGITIMATE,UNKNOWN
NEUTRAL,0.261,True,AMBIGUOUS,UNKNOWN
SUPPORTING,0.626,True,MIXED,SUSPECTED
SUPPORTING,0.877,True,CRIMINAL,CONFIRMED
SUPPORTING,0.911,True,CRIMINAL,CONFIRMED
NEUTRAL,0.202,True,LEGITIMATE,UNKNOWN
SUPPORTING,0.797,True,AMBIGUOUS,SUSPECTED
CONTRADICTING,0.175,True,AMBIGUOUS,FALSE
CONTRADICTING,0.216,True,LEGITIMATE,FALSE
SUPPORTING,0.836,True,CRIMINAL,SUSPECTED
NEUTRAL,0.223,True,CRIMINAL,UNKNOWN
SUPPORTING,0.705,True,LEGITIMATE,SUSPECTED
SUPPORTING,0.865,True,CRIMINAL,CONFIRMED
CONTRADICTING,0.229,True,LEGITIMATE,FALSE
SUPPORTING,0.790,True,CRIMINAL,SUSPECTED
NEUTRAL,0.330,True,CRIMINAL,UNKNOWN
CONTRADICTING,0.144,True,LEGITIMATE,FALSE
SUPPORTING,0.941,True,LEGITIMATE,CONFIRMED
SUPPORTING,0.912,True,MIXED,CONFIRMED
SUPPORTING,0.966,True,AMBIGUOUS,CONFIRMED
SUPPORTING,0.718,True,CRIMINAL,SUSPECTED
SUPPORTING,0.970,True,CRIMINAL,CONFIRMED
NEUTRAL,0.477,True,CRIMINAL,UNKNOWN
CONTRADICTING,0.341,True,LEGITIMATE,FALSE
NEUTRAL,0.417,True,LEGITIMATE,UNKNOWN
NEUTRAL,0.314,True,CRIMINAL,UNKNOWN
CONTRADICTING,0.418,True,LEGITIMATE,FALSE
SUPPORTING,0.858,True,CRIMINAL,SUSPECTED
CONTRADICTING,0.290,True,LEGITIMATE,FALSE
SUPPORTING,0.892,True,CRIMINAL,CONFIRMED
SUPPORTING,0.657,True,MIXED,SUSPECTED
NEUTRAL,0.200,True,LEGITIMATE,UNKNOWN
SUPPORTING,0.804,True,CRIMINAL,SUSPECTED
SUPPORTING,0.847,True,MIXED,CONFIRMED
SUPPORTING,0.839,True,LEGITIMATE,CONFIRMED
NEUTRAL,0.415,True,LEGITIMATE,UNKNOWN
CONTRADICTING,0.127,True,LEGITIMATE,FALSE
SUPPORTING,0.950,True,CRIMINAL,CONFIRMED
CONTRADICTING,0.326,True,CRIMINAL,FALSE
NEUTRAL,0.387,True,AMBIGUOUS,UNKNOWN
SUPPORTING,0.829,True,MIXED,CONFIRMED
CONTRADICTING,0.236,True,LEGITIMATE,FALSE
SUPPORTING,0.685,True,CRIMINAL,SUSPECTED
SUPPORTING,0.955,True,AMBIGUOUS,CONFIRMED
CONTRADICTING,0.385,True,LEGITIMATE,FALSE
SUPPORTING,0.950,True,CRIMINAL,CONFIRMED
NEUTRAL,0.475,True,AMBIGUOUS,UNKNOWN
NEUTRAL,0.319,True,CRIMINAL,UNKNOWN
SUPPORTING,0.741,True,LEGITIMATE,SUSPECTED
SUPPORTING,0.876,True,LEGITIMATE,CONFIRMED
NEUTRAL,0.249,True,LEGITIMATE,UNKNOWN
CONTRADICTING,0.219,True,LEGITIMATE,FALSE
SUPPORTING,0.743,True,CRIMINAL,SUSPECTED
NEUTRAL,0.296,True,LEGITIMATE,UNKNOWN
NEUTRAL,0.501,True,AMBIGUOUS,UNKNOWN
SUPPORTING,0.604,True,CRIMINAL,SUSPECTED
SUPPORTING,0.846,True,MIXED,CONFIRMED
NEUTRAL,0.413,True,AMBIGUOUS,UNKNOWN
SUPPORTING,0.840,True,LEGITIMATE,CONFIRMED
CONTRADICTING,0.211,True,LEGITIMATE,FALSE
SUPPORTING,0.944,True,LEGITIMATE,CONFIRMED
CONTRADICTING,0.245,True,CRIMINAL,FALSE
SUPPORTING,0.859,True,CRIMINAL,CONFIRMED
NEUTRAL,0.453,True,AMBIGUOUS,UNKNOWN
SUPPORTING,0.666,True,CRIMINAL,SUSPECTED
CONTRADICTING,0.179,True,MIXED,FALSE
SUPPORTING,0.740,True,MIXED,SUSPECTED
NEUTRAL,0.383,True,MIXED,UNKNOWN
NEUTRAL,0.363,True,LEGITIMATE,UNKNOWN
CONTRADICTING,0.324,True,CRIMINAL,FALSE
NEUTRAL,0.491,True,LEGITIMATE,UNKNOWN
SUPPORTING,0.868,True,CRIMINAL,CONFIRMED
SUPPORTING,0.677,True,CRIMINAL,SUSPECTED
SUPPORTING,0.683,True,MIXED,SUSPECTED
CONTRADICTING,0.414,True,LEGITIMATE,FALSE
SUPPORTING,0.741,True,MIXED,SUSPECTED
NEUTRAL,0.526,True,AMBIGUOUS,UNKNOWN
SUPPORTING,0.930,True,CRIMINAL,CONFIRMED
CONTRADICTING,0.340,True,CRIMINAL,FALSE
SUPPORTING,0.580,True,LEGITIMATE,SUSPECTED
SUPPORTING,0.985,True,CRIMINAL,CONFIRMED
CONTRADICTING,0.409,True,LEGITIMATE,FALSE
SUPPORTING,0.635,True,MIXED,SUSPECTED
SUPPORTING,0.886,True,MIXED,CONFIRMED
SUPPORTING,0.862,True,CRIMINAL,CONFIRMED
SUPPORTING,0.691,True,CRIMINAL,SUSPECTED
SUPPORTING,0.935,True,CRIMINAL,CONFIRMED
SUPPORTING,0.828,True,LEGITIMATE,SUSPECTED
CONTRADICTING,0.288,True,CRIMINAL,FALSE
CONTRADICTING,0.304,True,LEGITIMATE,FALSE
SUPPORTING,0.794,True,CRIMINAL,SUSPECTED
SUPPORTING,0.856,True,LEGITIMATE,CONFIRMED
NEUTRAL,0.311,True,AMBIGUOUS,UNKNOWN
NEUTRAL,0.545,True,AMBIGUOUS,UNKNOWN
SUPPORTING,0.711,True,CRIMINAL,SUSPECTED
SUPPORTING,0.750,True,CRIMINAL,SUSPECTED
SUPPORTING,0.623,True,CRIMINAL,SUSPECTED
SUPPORTING,0.855,True,MIXED,CONFIRMED
SUPPORTING,0.844,True,MIXED,CONFIRMED
CONTRADICTING,0.146,True,LEGITIMATE,FALSE
NEUTRAL,0.445,True,CRIMINAL,UNKNOWN
SUPPORTING,0.852,True,CRIMINAL,SUSPECTED
SUPPORTING,0.941,True,CRIMINAL,CONFIRMED
SUPPORTING,0.726,True,MIXED,SUSPECTED
SUPPORTING,0.945,True,CRIMINAL,CONFIRMED
SUPPORTING,0.605,True,CRIMINAL,SUSPECTED
NEUTRAL,0.504,True,MIXED,UNKNOWN
SUPPORTING,0.960,True,CRIMINAL,CONFIRMED
NEUTRAL,0.276,True,CRIMINAL,UNKNOWN
CONTRADICTING,0.365,True,MIXED,FALSE
SUPPORTING,0.732,True,CRIMINAL,SUSPECTED
SUPPORTING,0.601,True,MIXED,SUSPECTED
SUPPORTING,0.988,True,CRIMINAL,CONFIRMED
SUPPORTING,0.917,True,MIXED,CONFIRMED
SUPPORTING,0.954,True,MIXED,CONFIRMED
NEUTRAL,0.481,True,LEGITIMATE,UNKNOWN
SUPPORTING,0.984,True,LEGITIMATE,CONFIRMED
SUPPORTING,0.835,True,MIXED,CONFIRMED
SUPPORTING,0.849,True,MIXED,CONFIRMED
SUPPORTING,0.914,True,AMBIGUOUS,CONFIRMED
CONTRADICTING,0.301,True,LEGITIMATE,FALSE
SUPPORTING,0.658,True,MIXED,SUSPECTED
SUPPORTING,0.753,True,AMBIGUOUS,SUSPECTED
CONTRADICTING,0.336,True,MIXED,FALSE
NEUTRAL,0.240,True,MIXED,UNKNOWN
SUPPORTING,0.765,True,AMBIGUOUS,SUSPECTED
CONTRADICTING,0.401,True,AMBIGUOUS,FALSE
SUPPORTING,0.939,True,CRIMINAL,CONFIRMED
SUPPORTING,0.940,True,AMBIGUOUS,CONFIRMED
SUPPORTING,0.762,True,CRIMINAL,SUSPECTED
SUPPORTING,0.843,True,LEGITIMATE,CONFIRMED
NEUTRAL,0.433,True,AMBIGUOUS,UNKNOWN
SUPPORTING,0.650,True,CRIMINAL,SUSPECTED
SUPPORTING,0.885,True,CRIMINAL,CONFIRMED
SUPPORTING,0.701,True,MIXED,SUSPECTED
SUPPORTING,0.821,True,CRIMINAL,SUSPECTED
SUPPORTING,0.670,True,AMBIGUOUS,SUSPECTED
NEUTRAL,0.471,True,CRIMINAL,UNKNOWN
SUPPORTING,0.854,True,MIXED,SUSPECTED
SUPPORTING,0.732,True,AMBIGUOUS,SUSPECTED
CONTRADICTING,0.396,True,MIXED,FALSE
CONTRADICTING,0.293,True,LEGITIMATE,FALSE
CONTRADICTING,0.290,True,LEGITIMATE,FALSE
CONTRADICTING,0.181,True,LEGITIMATE,FALSE
SUPPORTING,0.834,True,AMBIGUOUS,SUSPECTED
SUPPORTING,0.808,True,MIXED,SUSPECTED
CONTRADICTING,0.121,True,LEGITIMATE,FALSE
CONTRADICTING,0.371,True,LEGITIMATE,FALSE
SUPPORTING,0.738,True,MIXED,SUSPECTED
NEUTRAL,0.334,True,MIXED,UNKNOWN
NEUTRAL,0.354,True,MIXED,UNKNOWN
SUPPORTING,0.897,True,CRIMINAL,CONFIRMED
SUPPORTING,0.701,True,CRIMINAL,SUSPECTED
SUPPORTING,0.646,True,AMBIGUOUS,SUSPECTED
CONTRADICTING,0.366,True,LEGITIMATE,FALSE
NEUTRAL,0.275,True,CRIMINAL,UNKNOWN
NEUTRAL,0.484,True,CRIMINAL,UNKNOWN
SUPPORTING,0.858,True,CRIMINAL,CONFIRMED
CONTRADICTING,0.274,True,MIXED,FALSE
SUPPORTING,0.912,True,CRIMINAL,CONFIRMED
SUPPORTING,0.964,True,MIXED,CONFIRMED
CONTRADICTING,0.299,True,LEGITIMATE,FALSE
SUPPORTING,0.642,True,CRIMINAL,SUSPECTED
SUPPORTING,0.961,True,CRIMINAL,CONFIRMED
CONTRADICTING,0.383,True,LEGITIMATE,FALSE
NEUTRAL,0.501,True,MIXED,UNKNOWN
SUPPORTING,0.910,True,CRIMINAL,CONFIRMED
SUPPORTING,0.747,True,CRIMINAL,SUSPECTED
CONTRADICTING,0.248,True,LEGITIMATE,FALSE
CONTRADICTING,0.190,True,LEGITIMATE,FALSE
SUPPORTING,0.850,True,AMBIGUOUS,CONFIRMED
SUPPORTING,0.718,True,CRIMINAL,SUSPECTED
SUPPORTING,0.613,True,CRIMINAL,SUSPECTED
SUPPORTING,0.630,True,LEGITIMATE,SUSPECTED
NEUTRAL,0.365,True,MIXED,UNKNOWN
SUPPORTING,0.826,True,CRIMINAL,CONFIRMED
CONTRADICTING,0.178,True,MIXED,FALSE
NEUTRAL,0.216,True,MIXED,UNKNOWN
SUPPORTING,0.937,True,MIXED,CONFIRMED
CONTRADICTING,0.321,True,AMBIGUOUS,FALSE
SUPPORTING,0.801,True,CRIMINAL,SUSPECTED
CONTRADICTING,0.401,True,CRIMINAL,FALSE
SUPPORTING,0.960,True,MIXED,CONFIRMED
SUPPORTING,0.780,True,CRIMINAL,SUSPECTED
SUPPORTING,0.679,True,LEGITIMATE,SUSPECTED
SUPPORTING,0.946,True,MIXED,CONFIRMED
SUPPORTING,0.661,True,CRIMINAL,SUSPECTED
NEUTRAL,0.514,True,LEGITIMATE,UNKNOWN
SUPPORTING,0.985,True,MIXED,CONFIRMED
NEUTRAL,0.220,True,CRIMINAL,UNKNOWN
SUPPORTING,0.970,True,CRIMINAL,CONFIRMED
SUPPORTING,0.627,True,CRIMINAL,SUSPECTED
SUPPORTING,0.879,True,AMBIGUOUS,CONFIRMED
NEUTRAL,0.337,True,AMBIGUOUS,UNKNOWN
SUPPORTING,0.624,True,CRIMINAL,SUSPECTED
NEUTRAL,0.405,True,CRIMINAL,UNKNOWN
CONTRADICTING,0.299,True,MIXED,FALSE
CONTRADICTING,0.364,True,CRIMINAL,FALSE
CONTRADICTING,0.242,True,CRIMINAL,FALSE
SUPPORTING,0.906,True,AMBIGUOUS,CONFIRMED
SUPPORTING,0.842,True,CRIMINAL,SUSPECTED
SUPPORTING,0.873,True,CRIMINAL,CONFIRMED
SUPPORTING,0.828,True,AMBIGUOUS,CONFIRMED
CONTRADICTING,0.152,True,LEGITIMATE,FALSE
SUPPORTING,0.662,True,MIXED,SUSPECTED
SUPPORTING,0.760,True,CRIMINAL,SUSPECTED
SUPPORTING,0.838,True,MIXED,CONFIRMED
CONTRADICTING,0.273,True,LEGITIMATE,FALSE
SUPPORTING,0.912,True,MIXED,CONFIRMED
SUPPORTING,0.870,True,AMBIGUOUS,CONFIRMED
SUPPORTING,0.798,True,CRIMINAL,SUSPECTED
NEUTRAL,0.358,True,AMBIGUOUS,UNKNOWN
NEUTRAL,0.211,True,LEGITIMATE,UNKNOWN
SUPPORTING,0.703,True,MIXED,SUSPECTED
CONTRADICTING,0.414,True,MIXED,FALSE
NEUTRAL,0.533,True,MIXED,UNKNOWN
SUPPORTING,0.677,True,CRIMINAL,SUSPECTED
SUPPORTING,0.961,True,CRIMINAL,CONFIRMED
SUPPORTING,0.770,True,AMBIGUOUS,SUSPECTED
SUPPORTING,0.949,True,CRIMINAL,CONFIRMED
NEUTRAL,0.543,True,AMBIGUOUS,UNKNOWN
SUPPORTING,0.662,True,CRIMINAL,SUSPECTED
NEUTRAL,0.305,True,LEGITIMATE,UNKNOWN
SUPPORTING,0.610,True,AMBIGUOUS,SUSPECTED
SUPPORTING,0.616,True,MIXED,SUSPECTED
NEUTRAL,0.452,True,AMBIGUOUS,UNKNOWN
NEUTRAL,0.548,True,MIXED,UNKNOWN
CONTRADICTING,0.360,True,CRIMINAL,FALSE
CONTRADICTING,0.135,True,AMBIGUOUS,FALSE
SUPPORTING,0.781,True,CRIMINAL,SUSPECTED
SUPPORTING,0.847,True,CRIMINAL,SUSPECTED
NEUTRAL,0.540,True,LEGITIMATE,UNKNOWN
CONTRADICTING,0.163,True,LEGITIMATE,FALSE
NEUTRAL,0.416,True,CRIMINAL,UNKNOWN
SUPPORTING,0.957,True,CRIMINAL,CONFIRMED
SUPPORTING,0.903,True,CRIMINAL,CONFIRMED
SUPPORTING,0.856,True,MIXED,SUSPECTED
SUPPORTING,0.783,True,CRIMINAL,SUSPECTED
SUPPORTING,0.840,True,MIXED,CONFIRMED
SUPPORTING,0.645,True,MIXED,SUSPECTED
SUPPORTING,0.891,True,MIXED,CONFIRMED
NEUTRAL,0.352,True,MIXED,UNKNOWN
SUPPORTING,0.636,True,MIXED,SUSPECTED
NEUTRAL,0.355,True,AMBIGUOUS,UNKNOWN
SUPPORTING,0.767,True,AMBIGUOUS,SUSPECTED
NEUTRAL,0.498,True,AMBIGUOUS,UNKNOWN
SUPPORTING,0.755,True,LEGITIMATE,SUSPECTED
SUPPORTING,0.765,True,MIXED,SUSPECTED
CONTRADICTING,0.162,True,CRIMINAL,FALSE
NEUTRAL,0.383,True,CRIMINAL,UNKNOWN
CONTRADICTING,0.191,True,CRIMINAL,FALSE
SUPPORTING,0.935,True,LEGITIMATE,CONFIRMED
SUPPORTING,0.619,True,MIXED,SUSPECTED
SUPPORTING,0.905,True,CRIMINAL,CONFIRMED
SUPPORTING,0.701,True,CRIMINAL,SUSPECTED
SUPPORTING,0.843,True,MIXED,SUSPECTED
CONTRADICTING,0.131,True,CRIMINAL,FALSE
NEUTRAL,0.549,True,LEGITIMATE,UNKNOWN
CONTRADICTING,0.333,True,LEGITIMATE,FALSE
NEUTRAL,0.364,True,LEGITIMATE,UNKNOWN
SUPPORTING,0.820,True,CRIMINAL,CONFIRMED
SUPPORTING,0.833,True,AMBIGUOUS,SUSPECTED
SUPPORTING,0.630,True,MIXED,SUSPECTED
SUPPORTING,0.829,True,CRIMINAL,CONFIRMED
SUPPORTING,0.888,True,AMBIGUOUS,CONFIRMED
NEUTRAL,0.517,True,AMBIGUOUS,UNKNOWN
SUPPORTING,0.654,True,AMBIGUOUS,SUSPECTED
SUPPORTING,0.948,True,CRIMINAL,CONFIRMED
SUPPORTING,0.620,True,CRIMINAL,SUSPECTED
SUPPORTING,0.700,True,AMBIGUOUS,SUSPECTED
CONTRADICTING,0.413,True,MIXED,FALSE
SUPPORTING,0.687,True,LEGITIMATE,SUSPECTED
NEUTRAL,0.475,True,MIXED,UNKNOWN
NEUTRAL,0.250,True,LEGITIMATE,UNKNOWN
NEUTRAL,0.238,True,LEGITIMATE,UNKNOWN
SUPPORTING,0.822,True,LEGITIMATE,CONFIRMED
SUPPORTING,0.874,True,CRIMINAL,CONFIRMED
NEUTRAL,0.405,True,CRIMINAL,UNKNOWN
SUPPORTING,0.721,True,MIXED,SUSPECTED
NEUTRAL,0.433,True,MIXED,UNKNOWN
SUPPORTING,0.730,True,CRIMINAL,SUSPECTED
CONTRADICTING,0.164,True,CRIMINAL,FALSE
SUPPORTING,0.850,True,AMBIGUOUS,CONFIRMED
CONTRADICTING,0.300,True,MIXED,FALSE
NEUTRAL,0.411,True,MIXED,UNKNOWN
SUPPORTING,0.834,True,CRIMINAL,CONFIRMED
NEUTRAL,0.473,True,LEGITIMATE,UNKNOWN
SUPPORTING,0.961,True,CRIMINAL,CONFIRMED
SUPPORTING,0.755,True,CRIMINAL,SUSPECTED
NEUTRAL,0.452,True,CRIMINAL,UNKNOWN
SUPPORTING,0.697,True,LEGITIMATE,SUSPECTED
SUPPORTING,0.990,True,CRIMINAL,CONFIRMED
SUPPORTING,0.695,True,LEGITIMATE,SUSPECTED
CONTRADICTING,0.192,True,MIXED,FALSE
SUPPORTING,0.908,True,AMBIGUOUS,CONFIRMED
SUPPORTING,0.737,True,LEGITIMATE,SUSPECTED
SUPPORTING,0.836,True,CRIMINAL,CONFIRMED
SUPPORTING,0.939,True,CRIMINAL,CONFIRMED
NEUTRAL,0.416,True,MIXED,UNKNOWN
NEUTRAL,0.483,True,CRIMINAL,UNKNOWN
SUPPORTING,0.930,True,AMBIGUOUS,CONFIRMED
NEUTRAL,0.290,True,AMBIGUOUS,UNKNOWN
CONTRADICTING,0.130,True,LEGITIMATE,FALSE
SUPPORTING,0.686,True,CRIMINAL,SUSPECTED
SUPPORTING,0.933,True,LEGITIMATE,CONFIRMED
SUPPORTING,0.928,True,MIXED,CONFIRMED
SUPPORTING,0.926,True,AMBIGUOUS,CONFIRMED
SUPPORTING,0.867,True,AMBIGUOUS,CONFIRMED
NEUTRAL,0.307,True,CRIMINAL,UNKNOWN
NEUTRAL,0.544,True,CRIMINAL,UNKNOWN
NEUTRAL,0.361,True,CRIMINAL,UNKNOWN
SUPPORTING,0.762,True,CRIMINAL,SUSPECTED
CONTRADICTING,0.259,True,MIXED,FALSE
CONTRADICTING,0.181,True,CRIMINAL,FALSE
SUPPORTING,0.689,True,CRIMINAL,SUSPECTED
NEUTRAL,0.421,True,AMBIGUOUS,UNKNOWN
NEUTRAL,0.380,True,MIXED,UNKNOWN
SUPPORTING,0.957,True,AMBIGUOUS,CONFIRMED
SUPPORTING,0.760,True,CRIMINAL,SUSPECTED
SUPPORTING,0.816,True,AMBIGUOUS,SUSPECTED
SUPPORTING,0.747,True,MIXED,SUSPECTED
CONTRADICTING,0.292,True,MIXED,FALSE
NEUTRAL,0.324,True,LEGITIMATE,UNKNOWN
SUPPORTING,0.642,True,AMBIGUOUS,SUSPECTED
SUPPORTING,0.805,True,CRIMINAL,SUSPECTED
CONTRADICTING,0.342,True,LEGITIMATE,FALSE
CONTRADICTING,0.396,True,LEGITIMATE,FALSE
CONTRADICTING,0.182,True,LEGITIMATE,FALSE
NEUTRAL,0.517,True,AMBIGUOUS,UNKNOWN
CONTRADICTING,0.191,True,AMBIGUOUS,FALSE
SUPPORTING,0.615,True,CRIMINAL,SUSPECTED
SUPPORTING,0.709,True,MIXED,SUSPECTED
SUPPORTING,0.850,True,AMBIGUOUS,CONFIRMED
NEUTRAL,0.363,True,AMBIGUOUS,UNKNOWN
SUPPORTING,0.906,True,MIXED,CONFIRMED
SUPPORTING,0.739,True,MIXED,SUSPECTED
SUPPORTING,0.862,True,CRIMINAL,CONFIRMED
SUPPORTING,0.646,True,AMBIGUOUS,SUSPECTED
SUPPORTING,0.951,True,MIXED,CONFIRMED
CONTRADICTING,0.377,True,MIXED,FALSE
SUPPORTING,0.882,True,CRIMINAL,CONFIRMED
SUPPORTING,0.956,True,CRIMINAL,CONFIRMED
SUPPORTING,0.843,True,LEGITIMATE,CONFIRMED
SUPPORTING,0.608,True,MIXED,SUSPECTED
NEUTRAL,0.241,True,CRIMINAL,UNKNOWN
SUPPORTING,0.826,True,CRIMINAL,CONFIRMED
SUPPORTING,0.846,True,LEGITIMATE,SUSPECTED
SUPPORTING,0.715,True,MIXED,SUSPECTED
SUPPORTING,0.985,True,CRIMINAL,CONFIRMED
SUPPORTING,0.979,True,CRIMINAL,CONFIRMED
NEUTRAL,0.437,True,CRIMINAL,UNKNOWN
SUPPORTING,0.590,True,LEGITIMATE,SUSPECTED
NEUTRAL,0.364,True,CRIMINAL,UNKNOWN
SUPPORTING,0.778,True,AMBIGUOUS,SUSPECTED
SUPPORTING,0.845,True,CRIMINAL,SUSPECTED
NEUTRAL,0.341,True,AMBIGUOUS,UNKNOWN
NEUTRAL,0.386,True,AMBIGUOUS,UNKNOWN
SUPPORTING,0.934,True,LEGITIMATE,CONFIRMED
SUPPORTING,0.822,True,CRIMINAL,CONFIRMED
CONTRADICTING,0.408,True,CRIMINAL,FALSE
SUPPORTING,0.670,True,MIXED,SUSPECTED
CONTRADICTING,0.369,True,CRIMINAL,FALSE
SUPPORTING,0.866,True,CRIMINAL,CONFIRMED
NEUTRAL,0.496,True,MIXED,UNKNOWN
CONTRADICTING,0.347,True,CRIMINAL,FALSE
NEUTRAL,0.401,True,LEGITIMATE,UNKNOWN
SUPPORTING,0.815,True,LEGITIMATE,SUSPECTED
NEUTRAL,0.246,True,MIXED,UNKNOWN
SUPPORTING,0.620,True,MIXED,SUSPECTED
SUPPORTING,0.938,True,CRIMINAL,CONFIRMED
SUPPORTING,0.860,True,CRIMINAL,CONFIRMED
SUPPORTING,0.646,True,MIXED,SUSPECTED
CONTRADICTING,0.239,True,LEGITIMATE,FALSE
CONTRADICTING,0.285,True,MIXED,FALSE
NEUTRAL,0.351,True,AMBIGUOUS,UNKNOWN
SUPPORTING,0.657,True,CRIMINAL,SUSPECTED
SUPPORTING,0.923,True,CRIMINAL,CONFIRMED
SUPPORTING,0.987,True,CRIMINAL,CONFIRMED
NEUTRAL,0.518,True,LEGITIMATE,UNKNOWN
SUPPORTING,0.743,True,LEGITIMATE,SUSPECTED
SUPPORTING,0.709,True,LEGITIMATE,SUSPECTED
SUPPORTING,0.671,True,CRIMINAL,SUSPECTED
SUPPORTING,0.924,True,MIXED,CONFIRMED
SUPPORTING,0.844,True,CRIMINAL,CONFIRMED
SUPPORTING,0.689,True,LEGITIMATE,SUSPECTED
SUPPORTING,0.911,True,LEGITIMATE,CONFIRMED
SUPPORTING,0.897,True,CRIMINAL,CONFIRMED
SUPPORTING,0.882,True,CRIMINAL,CONFIRMED
SUPPORTING,0.634,True,CRIMINAL,SUSPECTED
SUPPORTING,0.889,True,MIXED,CONFIRMED
NEUTRAL,0.221,True,CRIMINAL,UNKNOWN
CONTRADICTING,0.381,True,LEGITIMATE,FALSE
CONTRADICTING,0.328,True,MIXED,FALSE
SUPPORTING,0.747,True,CRIMINAL,SUSPECTED
SUPPORTING,0.968,True,AMBIGUOUS,CONFIRMED
SUPPORTING,0.580,True,LEGITIMATE,SUSPECTED
CONTRADICTING,0.345,True,LEGITIMATE,FALSE
NEUTRAL,0.288,True,CRIMINAL,UNKNOWN
SUPPORTING,0.937,True,CRIMINAL,CONFIRMED
SUPPORTING,0.780,True,CRIMINAL,SUSPECTED
CONTRADICTING,0.154,True,CRIMINAL,FALSE
SUPPORTING,0.647,True,MIXED,SUSPECTED
NEUTRAL,0.262,True,LEGITIMATE,UNKNOWN
NEUTRAL,0.432,True,LEGITIMATE,UNKNOWN
SUPPORTING,0.745,True,AMBIGUOUS,SUSPECTED
SUPPORTING,0.742,True,CRIMINAL,SUSPECTED
NEUTRAL,0.255,True,LEGITIMATE,UNKNOWN
NEUTRAL,0.323,True,AMBIGUOUS,UNKNOWN
NEUTRAL,0.244,True,CRIMINAL,UNKNOWN
SUPPORTING,0.895,True,MIXED,CONFIRMED
CONTRADICTING,0.403,True,MIXED,FALSE
CONTRADICTING,0.275,True,CRIMINAL,FALSE
NEUTRAL,0.420,True,CRIMINAL,UNKNOWN
SUPPORTING,0.844,True,AMBIGUOUS,CONFIRMED
NEUTRAL,0.374,True,AMBIGUOUS,UNKNOWN
SUPPORTING,0.689,True,AMBIGUOUS,SUSPECTED
SUPPORTING,0.616,True,LEGITIMATE,SUSPECTED
SUPPORTING,0.594,True,LEGITIMATE,SUSPECTED
SUPPORTING,0.687,True,LEGITIMATE,SUSPECTED
SUPPORTING,0.845,True,AMBIGUOUS,CONFIRMED
SUPPORTING,0.892,True,CRIMINAL,CONFIRMED
CONTRADICTING,0.257,True,LEGITIMATE,FALSE
SUPPORTING,0.673,True,MIXED,SUSPECTED
SUPPORTING,0.749,True,CRIMINAL,SUSPECTED
SUPPORTING,0.697,True,CRIMINAL,SUSPECTED
SUPPORTING,0.767,True,CRIMINAL,SUSPECTED
SUPPORTING,0.892,True,CRIMINAL,CONFIRMED
SUPPORTING,0.896,True,AMBIGUOUS,CONFIRMED
NEUTRAL,0.329,True,LEGITIMATE,UNKNOWN
SUPPORTING,0.951,True,LEGITIMATE,CONFIRMED
SUPPORTING,0.971,True,MIXED,CONFIRMED
CONTRADICTING,0.361,True,LEGITIMATE,FALSE
NEUTRAL,0.466,True,LEGITIMATE,UNKNOWN
SUPPORTING,0.866,True,CRIMINAL,CONFIRMED
NEUTRAL,0.525,True,AMBIGUOUS,UNKNOWN
NEUTRAL,0.248,True,CRIMINAL,UNKNOWN
NEUTRAL,0.301,True,CRIMINAL,UNKNOWN
SUPPORTING,0.817,True,CRIMINAL,SUSPECTED
NEUTRAL,0.234,True,LEGITIMATE,UNKNOWN
SUPPORTING,0.823,True,CRIMINAL,CONFIRMED
NEUTRAL,0.425,True,AMBIGUOUS,UNKNOWN
CONTRADICTING,0.169,True,LEGITIMATE,FALSE
NEUTRAL,0.456,True,CRIMINAL,UNKNOWN
SUPPORTING,0.770,True,LEGITIMATE,SUSPECTED
NEUTRAL,0.486,True,CRIMINAL,UNKNOWN
SUPPORTING,0.897,True,AMBIGUOUS,CONFIRMED
NEUTRAL,0.349,True,LEGITIMATE,UNKNOWN
SUPPORTING,0.611,True,CRIMINAL,SUSPECTED
NEUTRAL,0.290,True,MIXED,UNKNOWN
NEUTRAL,0.381,True,MIXED,UNKNOWN
SUPPORTING,0.981,True,MIXED,CONFIRMED
SUPPORTING,0.887,True,CRIMINAL,CONFIRMED
CONTRADICTING,0.381,True,LEGITIMATE,FALSE
SUPPORTING,0.821,True,LEGITIMATE,CONFIRMED
NEUTRAL,0.398,True,LEGITIMATE,UNKNOWN
SUPPORTING,0.613,True,CRIMINAL,SUSPECTED
NEUTRAL,0.381,True,AMBIGUOUS,UNKNOWN
SUPPORTING,0.684,True,AMBIGUOUS,SUSPECTED
SUPPORTING,0.736,True,MIXED,SUSPECTED
CONTRADICTING,0.250,True,AMBIGUOUS,FALSE
NEUTRAL,0.222,True,CRIMINAL,UNKNOWN
NEUTRAL,0.533,True,LEGITIMATE,UNKNOWN
CONTRADICTING,0.263,True,MIXED,FALSE
SUPPORTING,0.687,True,CRIMINAL,SUSPECTED
NEUTRAL,0.476,True,LEGITIMATE,UNKNOWN
NEUTRAL,0.496,True,LEGITIMATE,UNKNOWN
CONTRADICTING,0.321,True,CRIMINAL,FALSE
SUPPORTING,0.765,True,LEGITIMATE,SUSPECTED
SUPPORTING,0.869,True,CRIMINAL,CONFIRMED
SUPPORTING,0.832,True,MIXED,SUSPECTED
SUPPORTING,0.672,True,CRIMINAL,SUSPECTED
SUPPORTING,0.899,True,CRIMINAL,CONFIRMED
NEUTRAL,0.459,True,CRIMINAL,UNKNOWN
SUPPORTING,0.891,True,MIXED,CONFIRMED
NEUTRAL,0.378,True,CRIMINAL,UNKNOWN
SUPPORTING,0.970,True,AMBIGUOUS,CONFIRMED
CONTRADICTING,0.367,True,AMBIGUOUS,FALSE
SUPPORTING,0.930,True,MIXED,CONFIRMED
SUPPORTING,0.905,True,MIXED,CONFIRMED
CONTRADICTING,0.154,True,CRIMINAL,FALSE
SUPPORTING,0.908,True,CRIMINAL,CONFIRMED
CONTRADICTING,0.386,True,MIXED,FALSE
SUPPORTING,0.814,True,CRIMINAL,SUSPECTED
SUPPORTING,0.666,True,MIXED,SUSPECTED
NEUTRAL,0.423,True,LEGITIMATE,UNKNOWN
NEUTRAL,0.344,True,CRIMINAL,UNKNOWN
SUPPORTING,0.667,True,CRIMINAL,SUSPECTED
CONTRADICTING,0.295,True,LEGITIMATE,FALSE
NEUTRAL,0.504,True,MIXED,UNKNOWN
SUPPORTING,0.640,True,CRIMINAL,SUSPECTED
NEUTRAL,0.504,True,MIXED,UNKNOWN
CONTRADICTING,0.285,True,CRIMINAL,FALSE
SUPPORTING,0.898,True,AMBIGUOUS,CONFIRMED
SUPPORTING,0.651,True,LEGITIMATE,SUSPECTED
SUPPORTING,0.836,True,CRIMINAL,SUSPECTED
NEUTRAL,0.369,True,LEGITIMATE,UNKNOWN
CONTRADICTING,0.231,True,LEGITIMATE,FALSE
CONTRADICTING,0.398,True,AMBIGUOUS,FALSE
CONTRADICTING,0.357,True,MIXED,FALSE
SUPPORTING,0.707,True,MIXED,SUSPECTED
SUPPORTING,0.658,True,CRIMINAL,SUSPECTED
CONTRADICTING,0.333,True,MIXED,FALSE
SUPPORTING,0.971,True,CRIMINAL,CONFIRMED
NEUTRAL,0.252,True,LEGITIMATE,UNKNOWN
NEUTRAL,0.368,True,AMBIGUOUS,UNKNOWN
SUPPORTING,0.638,True,MIXED,SUSPECTED
NEUTRAL,0.519,True,CRIMINAL,UNKNOWN
SUPPORTING,0.875,True,CRIMINAL,CONFIRMED
NEUTRAL,0.446,True,CRIMINAL,UNKNOWN
CONTRADICTING,0.323,True,LEGITIMATE,FALSE
CONTRADICTING,0.354,True,AMBIGUOUS,FALSE
NEUTRAL,0.517,True,LEGITIMATE,UNKNOWN
NEUTRAL,0.540,True,CRIMINAL,UNKNOWN
NEUTRAL,0.485,True,MIXED,UNKNOWN
CONTRADICTING,0.309,True,CRIMINAL,FALSE
SUPPORTING,0.768,True,AMBIGUOUS,SUSPECTED
SUPPORTING,0.813,True,LEGITIMATE,SUSPECTED
SUPPORTING,0.589,True,CRIMINAL,SUSPECTED
SUPPORTING,0.846,True,AMBIGUOUS,SUSPECTED
SUPPORTING,0.652,True,CRIMINAL,SUSPECTED
CONTRADICTING,0.197,True,LEGITIMATE,FALSE
SUPPORTING,0.978,True,CRIMINAL,CONFIRMED
SUPPORTING,0.658,True,MIXED,SUSPECTED
SUPPORTING,0.793,True,CRIMINAL,SUSPECTED
SUPPORTING,0.844,True,LEGITIMATE,SUSPECTED
NEUTRAL,0.332,True,CRIMINAL,UNKNOWN
NEUTRAL,0.415,True,LEGITIMATE,UNKNOWN
CONTRADICTING,0.284,True,CRIMINAL,FALSE
SUPPORTING,0.657,True,CRIMINAL,SUSPECTED
NEUTRAL,0.380,True,MIXED,UNKNOWN
SUPPORTING,0.789,True,MIXED,SUSPECTED
SUPPORTING,0.951,True,AMBIGUOUS,CONFIRMED
SUPPORTING,0.885,True,CRIMINAL,CONFIRMED
SUPPORTING,0.580,True,CRIMINAL,SUSPECTED
SUPPORTING,0.785,True,MIXED,SUSPECTED
SUPPORTING,0.661,True,AMBIGUOUS,SUSPECTED
SUPPORTING,0.779,True,AMBIGUOUS,SUSPECTED
SUPPORTING,0.684,True,CRIMINAL,SUSPECTED
SUPPORTING,0.967,True,AMBIGUOUS,CONFIRMED
SUPPORTING,0.876,True,CRIMINAL,CONFIRMED
SUPPORTING,0.693,True,CRIMINAL,SUSPECTED
SUPPORTING,0.613,True,MIXED,SUSPECTED
NEUTRAL,0.223,True,AMBIGUOUS,UNKNOWN
NEUTRAL,0.206,True,CRIMINAL,UNKNOWN
NEUTRAL,0.244,True,LEGITIMATE,UNKNOWN
NEUTRAL,0.294,True,AMBIGUOUS,UNKNOWN
SUPPORTING,0.658,True,MIXED,SUSPECTED
CONTRADICTING,0.139,True,MIXED,FALSE
NEUTRAL,0.452,True,CRIMINAL,UNKNOWN
SUPPORTING,0.896,True,CRIMINAL,CONFIRMED
SUPPORTING,0.656,True,AMBIGUOUS,SUSPECTED
SUPPORTING,0.870,True,LEGITIMATE,CONFIRMED
NEUTRAL,0.422,True,CRIMINAL,UNKNOWN
CONTRADICTING,0.361,True,MIXED,FALSE
CONTRADICTING,0.187,True,LEGITIMATE,FALSE
SUPPORTING,0.674,True,MIXED,SUSPECTED
CONTRADICTING,0.383,True,LEGITIMATE,FALSE
CONTRADICTING,0.202,True,LEGITIMATE,FALSE
CONTRADICTING,0.327,True,MIXED,FALSE
SUPPORTING,0.735,True,MIXED,SUSPECTED
NEUTRAL,0.312,True,MIXED,UNKNOWN
SUPPORTING,0.685,True,MIXED,SUSPECTED
NEUTRAL,0.256,True,AMBIGUOUS,UNKNOWN
SUPPORTING,0.840,True,LEGITIMATE,SUSPECTED
SUPPORTING,0.858,True,MIXED,CONFIRMED
SUPPORTING,0.789,True,CRIMINAL,SUSPECTED
CONTRADICTING,0.319,True,AMBIGUOUS,FALSE
SUPPORTING,0.729,True,MIXED,SUSPECTED
SUPPORTING,0.984,True,LEGITIMATE,CONFIRMED
SUPPORTING,0.811,True,MIXED,SUSPECTED
SUPPORTING,0.761,True,LEGITIMATE,SUSPECTED
NEUTRAL,0.206,True,AMBIGUOUS,UNKNOWN
SUPPORTING,0.805,True,CRIMINAL,SUSPECTED
SUPPORTING,0.917,True,CRIMINAL,CONFIRMED
SUPPORTING,0.946,True,LEGITIMATE,CONFIRMED
CONTRADICTING,0.199,True,LEGITIMATE,FALSE
SUPPORTING,0.684,True,LEGITIMATE,SUSPECTED
NEUTRAL,0.431,True,CRIMINAL,UNKNOWN
SUPPORTING,0.941,True,CRIMINAL,CONFIRMED
NEUTRAL,0.433,True,CRIMINAL,UNKNOWN
CONTRADICTING,0.345,True,LEGITIMATE,FALSE
NEUTRAL,0.431,True,AMBIGUOUS,UNKNOWN
SUPPORTING,0.986,True,AMBIGUOUS,CONFIRMED
SUPPORTING,0.884,True,LEGITIMATE,CONFIRMED
SUPPORTING,0.684,True,CRIMINAL,SUSPECTED
SUPPORTING,0.600,True,CRIMINAL,SUSPECTED
SUPPORTING,0.686,True,LEGITIMATE,SUSPECTED
SUPPORTING,0.610,True,AMBIGUOUS,SUSPECTED
CONTRADICTING,0.290,True,LEGITIMATE,FALSE
SUPPORTING,0.983,True,MIXED,CONFIRMED
CONTRADICTING,0.334,True,CRIMINAL,FALSE
CONTRADICTING,0.396,True,MIXED,FALSE
SUPPORTING,0.854,True,LEGITIMATE,CONFIRMED
CONTRADICTING,0.397,True,LEGITIMATE,FALSE
CONTRADICTING,0.283,True,AMBIGUOUS,FALSE
NEUTRAL,0.505,True,CRIMINAL,UNKNOWN
NEUTRAL,0.338,True,MIXED,UNKNOWN
SUPPORTING,0.973,True,CRIMINAL,CONFIRMED
NEUTRAL,0.446,True,AMBIGUOUS,UNKNOWN
NEUTRAL,0.467,True,CRIMINAL,UNKNOWN
CONTRADICTING,0.180,True,MIXED,FALSE
NEUTRAL,0.469,True,MIXED,UNKNOWN
CONTRADICTING,0.313,True,LEGITIMATE,FALSE
SUPPORTING,0.797,True,CRIMINAL,SUSPECTED
NEUTRAL,0.391,True,MIXED,UNKNOWN
SUPPORTING,0.893,True,AMBIGUOUS,CONFIRMED
CONTRADICTING,0.335,True,LEGITIMATE,FALSE
SUPPORTING,0.894,True,MIXED,CONFIRMED
SUPPORTING,0.719,True,CRIMINAL,SUSPECTED
CONTRADICTING,0.356,True,CRIMINAL,FALSE
SUPPORTING,0.784,True,CRIMINAL,SUSPECTED
CONTRADICTING,0.183,True,LEGITIMATE,FALSE
SUPPORTING,0.862,True,CRIMINAL,CONFIRMED
NEUTRAL,0.442,True,AMBIGUOUS,UNKNOWN
NEUTRAL,0.428,True,LEGITIMATE,UNKNOWN
SUPPORTING,0.947,True,AMBIGUOUS,CONFIRMED
NEUTRAL,0.524,True,LEGITIMATE,UNKNOWN
NEUTRAL,0.257,True,LEGITIMATE,UNKNOWN
SUPPORTING,0.839,True,CRIMINAL,CONFIRMED
SUPPORTING,0.889,True,MIXED,CONFIRMED
SUPPORTING,0.745,True,MIXED,SUSPECTED
SUPPORTING,0.860,True,MIXED,CONFIRMED
SUPPORTING,0.610,True,LEGITIMATE,SUSPECTED
SUPPORTING,0.912,True,CRIMINAL,CONFIRMED
SUPPORTING,0.627,True,CRIMINAL,SUSPECTED
SUPPORTING,0.873,True,CRIMINAL,CONFIRMED
NEUTRAL,0.350,True,CRIMINAL,UNKNOWN
NEUTRAL,0.297,True,LEGITIMATE,UNKNOWN
SUPPORTING,0.826,True,CRIMINAL,CONFIRMED
NEUTRAL,0.541,True,MIXED,UNKNOWN
SUPPORTING,0.748,True,AMBIGUOUS,SUSPECTED
SUPPORTING,0.680,True,MIXED,SUSPECTED
NEUTRAL,0.428,True,CRIMINAL,UNKNOWN
SUPPORTING,0.942,True,AMBIGUOUS,CONFIRMED
SUPPORTING,0.872,True,CRIMINAL,CONFIRMED
SUPPORTING,0.990,True,CRIMINAL,CONFIRMED
SUPPORTING,0.818,True,MIXED,SUSPECTED
NEUTRAL,0.543,True,CRIMINAL,UNKNOWN
SUPPORTING,0.780,True,CRIMINAL,SUSPECTED
CONTRADICTING,0.148,True,MIXED,FALSE
CONTRADICTING,0.210,True,LEGITIMATE,FALSE
NEUTRAL,0.219,True,LEGITIMATE,UNKNOWN
SUPPORTING,0.717,True,LEGITIMATE,SUSPECTED
CONTRADICTING,0.236,True,LEGITIMATE,FALSE
SUPPORTING,0.728,True,CRIMINAL,SUSPECTED
CONTRADICTING,0.153,True,CRIMINAL,FALSE
SUPPORTING,0.824,True,CRIMINAL,CONFIRMED
NEUTRAL,0.338,True,LEGITIMATE,UNKNOWN
SUPPORTING,0.706,True,CRIMINAL,SUSPECTED
SUPPORTING,0.753,True,LEGITIMATE,SUSPECTED
SUPPORTING,0.638,True,CRIMINAL,SUSPECTED
SUPPORTING,0.611,True,MIXED,SUSPECTED
CONTRADICTING,0.399,True,LEGITIMATE,FALSE
SUPPORTING,0.716,True,AMBIGUOUS,SUSPECTED
CONTRADICTING,0.134,True,LEGITIMATE,FALSE
SUPPORTING,0.747,True,LEGITIMATE,SUSPECTED
SUPPORTING,0.619,True,MIXED,SUSPECTED
SUPPORTING,0.773,True,CRIMINAL,SUSPECTED
SUPPORTING,0.832,True,CRIMINAL,CONFIRMED
NEUTRAL,0.383,True,LEGITIMATE,UNKNOWN
NEUTRAL,0.324,True,MIXED,UNKNOWN
SUPPORTING,0.760,True,CRIMINAL,SUSPECTED
CONTRADICTING,0.411,True,MIXED,FALSE
SUPPORTING,0.595,True,CRIMINAL,SUSPECTED
NEUTRAL,0.514,True,CRIMINAL,UNKNOWN
CONTRADICTING,0.332,True,AMBIGUOUS,FALSE
SUPPORTING,0.942,True,CRIMINAL,CONFIRMED
NEUTRAL,0.407,True,AMBIGUOUS,UNKNOWN
SUPPORTING,0.872,True,AMBIGUOUS,CONFIRMED
SUPPORTING,0.757,True,CRIMINAL,SUSPECTED
SUPPORTING,0.588,True,CRIMINAL,SUSPECTED
NEUTRAL,0.385,True,LEGITIMATE,UNKNOWN
SUPPORTING,0.835,True,LEGITIMATE,CONFIRMED
SUPPORTING,0.896,True,CRIMINAL,CONFIRMED
CONTRADICTING,0.189,True,MIXED,FALSE
SUPPORTING,0.822,True,MIXED,SUSPECTED
SUPPORTING,0.851,True,MIXED,CONFIRMED
NEUTRAL,0.550,True,CRIMINAL,UNKNOWN
SUPPORTING,0.643,True,AMBIGUOUS,SUSPECTED
NEUTRAL,0.313,True,CRIMINAL,UNKNOWN
SUPPORTING,0.812,True,MIXED,SUSPECTED
SUPPORTING,0.915,True,LEGITIMATE,CONFIRMED
NEUTRAL,0.442,True,AMBIGUOUS,UNKNOWN
NEUTRAL,0.491,True,LEGITIMATE,UNKNOWN
SUPPORTING,0.970,True,CRIMINAL,CONFIRMED
SUPPORTING,0.983,True,MIXED,CONFIRMED
SUPPORTING,0.627,True,CRIMINAL,SUSPECTED
CONTRADICTING,0.397,True,CRIMINAL,FALSE
NEUTRAL,0.396,True,CRIMINAL,UNKNOWN
SUPPORTING,0.584,True,AMBIGUOUS,SUSPECTED
NEUTRAL,0.224,True,LEGITIMATE,UNKNOWN
CONTRADICTING,0.169,True,CRIMINAL,FALSE
CONTRADICTING,0.157,True,LEGITIMATE,FALSE
SUPPORTING,0.964,True,CRIMINAL,CONFIRMED
NEUTRAL,0.371,True,AMBIGUOUS,UNKNOWN
NEUTRAL,0.542,True,CRIMINAL,UNKNOWN
SUPPORTING,0.586,True,MIXED,SUSPECTED
NEUTRAL,0.468,True,LEGITIMATE,UNKNOWN
NEUTRAL,0.251,True,MIXED,UNKNOWN
SUPPORTING,0.967,True,CRIMINAL,CONFIRMED
CONTRADICTING,0.230,True,MIXED,FALSE
CONTRADICTING,0.352,True,CRIMINAL,FALSE
CONTRADICTING,0.267,True,CRIMINAL,FALSE
SUPPORTING,0.827,True,LEGITIMATE,SUSPECTED
SUPPORTING,0.834,True,CRIMINAL,CONFIRMED
SUPPORTING,0.953,True,LEGITIMATE,CONFIRMED
CONTRADICTING,0.396,True,AMBIGUOUS,FALSE
CONTRADICTING,0.278,True,CRIMINAL,FALSE
SUPPORTING,0.737,True,CRIMINAL,SUSPECTED
SUPPORTING,0.839,True,CRIMINAL,SUSPECTED
NEUTRAL,0.536,True,LEGITIMATE,UNKNOWN
SUPPORTING,0.824,True,CRIMINAL,SUSPECTED
SUPPORTING,0.759,True,LEGITIMATE,SUSPECTED
CONTRADICTING,0.263,True,CRIMINAL,FALSE
SUPPORTING,0.796,True,MIXED,SUSPECTED
SUPPORTING,0.777,True,LEGITIMATE,SUSPECTED
SUPPORTING,0.689,True,CRIMINAL,SUSPECTED
SUPPORTING,0.947,True,LEGITIMATE,CONFIRMED
NEUTRAL,0.404,True,CRIMINAL,UNKNOWN
SUPPORTING,0.673,True,LEGITIMATE,SUSPECTED
NEUTRAL,0.436,True,LEGITIMATE,UNKNOWN
SUPPORTING,0.957,True,AMBIGUOUS,CONFIRMED
NEUTRAL,0.412,True,CRIMINAL,UNKNOWN
SUPPORTING,0.786,True,LEGITIMATE,SUSPECTED
SUPPORTING,0.678,True,MIXED,SUSPECTED
SUPPORTING,0.722,True,CRIMINAL,SUSPECTED
NEUTRAL,0.268,True,LEGITIMATE,UNKNOWN
SUPPORTING,0.650,True,CRIMINAL,SUSPECTED
CONTRADICTING,0.200,True,CRIMINAL,FALSE
SUPPORTING,0.934,True,CRIMINAL,CONFIRMED
SUPPORTING,0.989,True,CRIMINAL,CONFIRMED
NEUTRAL,0.295,True,LEGITIMATE,UNKNOWN
NEUTRAL,0.473,True,CRIMINAL,UNKNOWN
NEUTRAL,0.541,True,MIXED,UNKNOWN
SUPPORTING,0.597,True,LEGITIMATE,SUSPECTED
SUPPORTING,0.651,True,LEGITIMATE,SUSPECTED
CONTRADICTING,0.153,True,CRIMINAL,FALSE
SUPPORTING,0.924,True,AMBIGUOUS,CONFIRMED
SUPPORTING,0.948,True,MIXED,CONFIRMED
CONTRADICTING,0.337,True,MIXED,FALSE
SUPPORTING,0.645,True,AMBIGUOUS,SUSPECTED
CONTRADICTING,0.260,True,AMBIGUOUS,FALSE
SUPPORTING,0.938,True,CRIMINAL,CONFIRMED
NEUTRAL,0.445,True,MIXED,UNKNOWN
SUPPORTING,0.831,True,CRIMINAL,SUSPECTED
NEUTRAL,0.234,True,AMBIGUOUS,UNKNOWN
SUPPORTING,0.908,True,CRIMINAL,CONFIRMED
SUPPORTING,0.920,True,CRIMINAL,CONFIRMED
SUPPORTING,0.771,True,CRIMINAL,SUSPECTED
NEUTRAL,0.303,True,CRIMINAL,UNKNOWN
CONTRADICTING,0.143,True,CRIMINAL,FALSE
SUPPORTING,0.886,True,CRIMINAL,CONFIRMED
NEUTRAL,0.439,True,CRIMINAL,UNKNOWN
NEUTRAL,0.532,True,CRIMINAL,UNKNOWN
SUPPORTING,0.653,True,LEGITIMATE,SUSPECTED
SUPPORTING,0.633,True,LEGITIMATE,SUSPECTED
SUPPORTING,0.641,True,LEGITIMATE,SUSPECTED
SUPPORTING,0.919,True,CRIMINAL,CONFIRMED
NEUTRAL,0.292,True,CRIMINAL,UNKNOWN
NEUTRAL,0.290,True,MIXED,UNKNOWN
SUPPORTING,0.660,True,CRIMINAL,SUSPECTED
CONTRADICTING,0.243,True,CRIMINAL,FALSE
NEUTRAL,0.488,True,LEGITIMATE,UNKNOWN
NEUTRAL,0.246,True,AMBIGUOUS,UNKNOWN
CONTRADICTING,0.144,True,LEGITIMATE,FALSE
NEUTRAL,0.398,True,MIXED,UNKNOWN
SUPPORTING,0.667,True,CRIMINAL,SUSPECTED
CONTRADICTING,0.161,True,LEGITIMATE,FALSE
SUPPORTING,0.845,True,MIXED,CONFIRMED
NEUTRAL,0.206,True,AMBIGUOUS,UNKNOWN
SUPPORTING,0.828,True,LEGITIMATE,CONFIRMED
NEUTRAL,0.511,True,MIXED,UNKNOWN
SUPPORTING,0.886,True,MIXED,CONFIRMED
SUPPORTING,0.879,True,CRIMINAL,CONFIRMED
NEUTRAL,0.285,True,CRIMINAL,UNKNOWN
SUPPORTING,0.692,True,CRIMINAL,SUSPECTED
SUPPORTING,0.661,True,AMBIGUOUS,SUSPECTED
SUPPORTING,0.648,True,CRIMINAL,SUSPECTED
SUPPORTING,0.914,True,CRIMINAL,CONFIRMED
NEUTRAL,0.251,True,LEGITIMATE,UNKNOWN
CONTRADICTING,0.354,True,LEGITIMATE,FALSE
SUPPORTING,0.744,True,MIXED,SUSPECTED
NEUTRAL,0.449,True,MIXED,UNKNOWN
CONTRADICTING,0.396,True,LEGITIMATE,FALSE
SUPPORTING,0.798,True,CRIMINAL,SUSPECTED
CONTRADICTING,0.241,True,LEGITIMATE,FALSE
NEUTRAL,0.539,True,MIXED,UNKNOWN
CONTRADICTING,0.173,True,LEGITIMATE,FALSE
CONTRADICTING,0.141,True,CRIMINAL,FALSE
CONTRADICTING,0.139,True,LEGITIMATE,FALSE
SUPPORTING,0.856,True,CRIMINAL,SUSPECTED
NEUTRAL,0.447,True,AMBIGUOUS,UNKNOWN
SUPPORTING,0.677,True,CRIMINAL,SUSPECTED
SUPPORTING,0.608,True,CRIMINAL,SUSPECTED
SUPPORTING,0.814,True,MIXED,SUSPECTED
SUPPORTING,0.937,True,AMBIGUOUS,CONFIRMED
SUPPORTING,0.792,True,CRIMINAL,SUSPECTED
SUPPORTING,0.836,True,CRIMINAL,CONFIRMED
SUPPORTING,0.950,True,MIXED,CONFIRMED
SUPPORTING,0.909,True,MIXED,CONFIRMED
NEUTRAL,0.284,True,MIXED,UNKNOWN
SUPPORTING,0.884,True,CRIMINAL,CONFIRMED
SUPPORTING,0.832,True,CRIMINAL,CONFIRMED
SUPPORTING,0.839,True,CRIMINAL,CONFIRMED
NEUTRAL,0.491,True,CRIMINAL,UNKNOWN
NEUTRAL,0.517,True,CRIMINAL,UNKNOWN
SUPPORTING,0.831,True,MIXED,SUSPECTED
SUPPORTING,0.605,True,CRIMINAL,SUSPECTED
SUPPORTING,0.622,True,CRIMINAL,SUSPECTED
SUPPORTING,0.725,True,CRIMINAL,SUSPECTED
SUPPORTING,0.851,True,MIXED,SUSPECTED
SUPPORTING,0.680,True,MIXED,SUSPECTED
SUPPORTING,0.933,True,AMBIGUOUS,CONFIRMED
SUPPORTING,0.840,True,CRIMINAL,CONFIRMED
NEUTRAL,0.394,True,AMBIGUOUS,UNKNOWN
NEUTRAL,0.461,True,MIXED,UNKNOWN
NEUTRAL,0.205,True,CRIMINAL,UNKNOWN
SUPPORTING,0.696,True,CRIMINAL,SUSPECTED
SUPPORTING,0.829,True,CRIMINAL,SUSPECTED
SUPPORTING,0.646,True,CRIMINAL,SUSPECTED
SUPPORTING,0.653,True,MIXED,SUSPECTED
NEUTRAL,0.452,True,MIXED,UNKNOWN
SUPPORTING,0.909,True,CRIMINAL,CONFIRMED
NEUTRAL,0.220,True,AMBIGUOUS,UNKNOWN
SUPPORTING,0.697,True,CRIMINAL,SUSPECTED
SUPPORTING,0.684,True,AMBIGUOUS,SUSPECTED
SUPPORTING,0.855,True,MIXED,SUSPECTED
SUPPORTING,0.958,True,CRIMINAL,CONFIRMED
SUPPORTING,0.853,True,CRIMINAL,CONFIRMED
SUPPORTING,0.931,True,CRIMINAL,CONFIRMED
SUPPORTING,0.792,True,CRIMINAL,SUSPECTED
SUPPORTING,0.830,True,CRIMINAL,CONFIRMED
SUPPORTING,0.981,True,MIXED,CONFIRMED
NEUTRAL,0.272,True,AMBIGUOUS,UNKNOWN
SUPPORTING,0.869,True,LEGITIMATE,CONFIRMED
CONTRADICTING,0.378,True,LEGITIMATE,FALSE
NEUTRAL,0.328,True,AMBIGUOUS,UNKNOWN
NEUTRAL,0.410,True,CRIMINAL,UNKNOWN
SUPPORTING,0.823,True,CRIMINAL,CONFIRMED
NEUTRAL,0.332,True,AMBIGUOUS,UNKNOWN
SUPPORTING,0.963,True,AMBIGUOUS,CONFIRMED
CONTRADICTING,0.386,True,LEGITIMATE,FALSE
SUPPORTING,0.931,True,CRIMINAL,CONFIRMED
SUPPORTING,0.727,True,CRIMINAL,SUSPECTED
CONTRADICTING,0.329,True,AMBIGUOUS,FALSE
SUPPORTING,0.619,True,MIXED,SUSPECTED
SUPPORTING,0.832,True,LEGITIMATE,SUSPECTED
SUPPORTING,0.639,True,MIXED,SUSPECTED
NEUTRAL,0.408,True,CRIMINAL,UNKNOWN
NEUTRAL,0.505,True,LEGITIMATE,UNKNOWN
NEUTRAL,0.367,True,CRIMINAL,UNKNOWN
SUPPORTING,0.832,True,CRIMINAL,CONFIRMED
SUPPORTING,0.868,True,CRIMINAL,CONFIRMED
CONTRADICTING,0.293,True,LEGITIMATE,FALSE
SUPPORTING,0.655,True,CRIMINAL,SUSPECTED
NEUTRAL,0.447,True,AMBIGUOUS,UNKNOWN
SUPPORTING,0.980,True,AMBIGUOUS,CONFIRMED
SUPPORTING,0.876,True,LEGITIMATE,CONFIRMED
SUPPORTING,0.859,True,CRIMINAL,SUSPECTED
SUPPORTING,0.838,True,CRIMINAL,CONFIRMED
SUPPORTING,0.641,True,LEGITIMATE,SUSPECTED
SUPPORTING,0.591,True,LEGITIMATE,SUSPECTED
SUPPORTING,0.721,True,MIXED,SUSPECTED
NEUTRAL,0.508,True,MIXED,UNKNOWN
SUPPORTING,0.826,True,LEGITIMATE,SUSPECTED
NEUTRAL,0.457,True,MIXED,UNKNOWN
NEUTRAL,0.324,True,AMBIGUOUS,UNKNOWN
SUPPORTING,0.683,True,CRIMINAL,SUSPECTED
SUPPORTING,0.985,True,MIXED,CONFIRMED
NEUTRAL,0.455,True,LEGITIMATE,UNKNOWN
NEUTRAL,0.532,True,AMBIGUOUS,UNKNOWN
SUPPORTING,0.755,True,CRIMINAL,SUSPECTED
SUPPORTING,0.900,True,CRIMINAL,CONFIRMED
CONTRADICTING,0.395,True,LEGITIMATE,FALSE
SUPPORTING,0.707,True,MIXED,SUSPECTED
NEUTRAL,0.370,True,MIXED,UNKNOWN
SUPPORTING,0.665,True,CRIMINAL,SUSPECTED
NEUTRAL,0.490,True,LEGITIMATE,UNKNOWN
NEUTRAL,0.230,True,CRIMINAL,UNKNOWN
SUPPORTING,0.824,True,CRIMINAL,CONFIRMED
CONTRADICTING,0.231,True,MIXED,FALSE
SUPPORTING,0.707,True,LEGITIMATE,SUSPECTED
SUPPORTING,0.786,True,CRIMINAL,SUSPECTED
NEUTRAL,0.292,True,AMBIGUOUS,UNKNOWN
NEUTRAL,0.255,True,CRIMINAL,UNKNOWN
SUPPORTING,0.765,True,CRIMINAL,SUSPECTED
SUPPORTING,0.797,True,CRIMINAL,SUSPECTED
SUPPORTING,0.693,True,AMBIGUOUS,SUSPECTED
SUPPORTING,0.939,True,CRIMINAL,CONFIRMED
NEUTRAL,0.345,True,CRIMINAL,UNKNOWN
SUPPORTING,0.586,True,MIXED,SUSPECTED
NEUTRAL,0.541,True,MIXED,UNKNOWN
CONTRADICTING,0.357,True,MIXED,FALSE
NEUTRAL,0.445,True,MIXED,UNKNOWN
NEUTRAL,0.237,True,LEGITIMATE,UNKNOWN
CONTRADICTING,0.148,True,CRIMINAL,FALSE
CONTRADICTING,0.245,True,CRIMINAL,FALSE
CONTRADICTING,0.277,True,CRIMINAL,FALSE
SUPPORTING,0.832,True,MIXED,SUSPECTED
SUPPORTING,0.932,True,MIXED,CONFIRMED
NEUTRAL,0.220,True,CRIMINAL,UNKNOWN
NEUTRAL,0.243,True,MIXED,UNKNOWN
CONTRADICTING,0.211,True,LEGITIMATE,FALSE
SUPPORTING,0.850,True,CRIMINAL,CONFIRMED
SUPPORTING,0.898,True,MIXED,CONFIRMED
NEUTRAL,0.540,True,AMBIGUOUS,UNKNOWN
SUPPORTING,0.967,True,CRIMINAL,CONFIRMED
SUPPORTING,0.754,True,MIXED,SUSPECTED
NEUTRAL,0.547,True,AMBIGUOUS,UNKNOWN
NEUTRAL,0.412,True,MIXED,UNKNOWN
SUPPORTING,0.890,True,CRIMINAL,CONFIRMED
NEUTRAL,0.319,True,LEGITIMATE,UNKNOWN
SUPPORTING,0.941,True,CRIMINAL,CONFIRMED
SUPPORTING,0.914,True,CRIMINAL,CONFIRMED
NEUTRAL,0.493,True,MIXED,UNKNOWN
CONTRADICTING,0.310,True,CRIMINAL,FALSE
SUPPORTING,0.938,True,CRIMINAL,CONFIRMED
NEUTRAL,0.245,True,AMBIGUOUS,UNKNOWN
CONTRADICTING,0.326,True,AMBIGUOUS,FALSE
NEUTRAL,0.550,True,LEGITIMATE,UNKNOWN
SUPPORTING,0.862,True,CRIMINAL,CONFIRMED
SUPPORTING,0.823,True,AMBIGUOUS,SUSPECTED
SUPPORTING,0.926,True,LEGITIMATE,CONFIRMED
NEUTRAL,0.362,True,MIXED,UNKNOWN
SUPPORTING,0.846,True,MIXED,CONFIRMED
SUPPORTING,0.901,True,CRIMINAL,CONFIRMED
SUPPORTING,0.951,True,CRIMINAL,CONFIRMED
SUPPORTING,0.827,True,MIXED,SUSPECTED
SUPPORTING,0.894,True,CRIMINAL,CONFIRMED
SUPPORTING,0.664,True,MIXED,SUSPECTED
NEUTRAL,0.549,True,AMBIGUOUS,UNKNOWN
CONTRADICTING,0.354,True,MIXED,FALSE
SUPPORTING,0.737,True,CRIMINAL,SUSPECTED
SUPPORTING,0.751,True,LEGITIMATE,SUSPECTED
SUPPORTING,0.601,True,AMBIGUOUS,SUSPECTED
SUPPORTING,0.809,True,AMBIGUOUS,SUSPECTED
CONTRADICTING,0.228,True,CRIMINAL,FALSE
SUPPORTING,0.728,True,CRIMINAL,SUSPECTED
SUPPORTING,0.949,True,MIXED,CONFIRMED
SUPPORTING,0.879,True,CRIMINAL,CONFIRMED
SUPPORTING,0.962,True,LEGITIMATE,CONFIRMED
CONTRADICTING,0.325,True,MIXED,FALSE
SUPPORTING,0.735,True,MIXED,SUSPECTED
SUPPORTING,0.918,True,CRIMINAL,CONFIRMED
SUPPORTING,0.633,True,CRIMINAL,SUSPECTED
NEUTRAL,0.469,True,LEGITIMATE,UNKNOWN
CONTRADICTING,0.191,True,LEGITIMATE,FALSE
NEUTRAL,0.427,True,AMBIGUOUS,UNKNOWN
SUPPORTING,0.642,True,AMBIGUOUS,SUSPECTED
CONTRADICTING,0.191,True,AMBIGUOUS,FALSE
NEUTRAL,0.215,True,LEGITIMATE,UNKNOWN
SUPPORTING,0.673,True,CRIMINAL,SUSPECTED
CONTRADICTING,0.201,True,LEGITIMATE,FALSE
NEUTRAL,0.549,True,MIXED,UNKNOWN
SUPPORTING,0.960,True,CRIMINAL,CONFIRMED
SUPPORTING,0.717,True,CRIMINAL,SUSPECTED
SUPPORTING,0.815,True,CRIMINAL,SUSPECTED
SUPPORTING,0.828,True,CRIMINAL,SUSPECTED
SUPPORTING,0.897,True,MIXED,CONFIRMED
CONTRADICTING,0.224,True,CRIMINAL,FALSE
SUPPORTING,0.917,True,LEGITIMATE,CONFIRMED
NEUTRAL,0.337,True,MIXED,UNKNOWN
NEUTRAL,0.230,True,MIXED,UNKNOWN
NEUTRAL,0.501,True,MIXED,UNKNOWN
SUPPORTING,0.699,True,AMBIGUOUS,SUSPECTED
NEUTRAL,0.519,True,LEGITIMATE,UNKNOWN
CONTRADICTING,0.281,True,MIXED,FALSE
SUPPORTING,0.907,True,CRIMINAL,CONFIRMED
SUPPORTING,0.670,True,MIXED,SUSPECTED
NEUTRAL,0.501,True,MIXED,UNKNOWN
SUPPORTING,0.989,True,LEGITIMATE,CONFIRMED
SUPPORTING,0.673,True,LEGITIMATE,SUSPECTED
SUPPORTING,0.796,True,CRIMINAL,SUSPECTED
CONTRADICTING,0.350,True,CRIMINAL,FALSE
NEUTRAL,0.508,True,LEGITIMATE,UNKNOWN
SUPPORTING,0.918,True,AMBIGUOUS,CONFIRMED
SUPPORTING,0.803,True,MIXED,SUSPECTED
SUPPORTING,0.965,True,AMBIGUOUS,CONFIRMED
CONTRADICTING,0.271,True,MIXED,FALSE
CONTRADICTING,0.243,True,AMBIGUOUS,FALSE
SUPPORTING,0.669,True,LEGITIMATE,SUSPECTED
NEUTRAL,0.327,True,AMBIGUOUS,UNKNOWN
SUPPORTING,0.635,True,MIXED,SUSPECTED
SUPPORTING,0.940,True,CRIMINAL,CONFIRMED
SUPPORTING,0.593,True,CRIMINAL,SUSPECTED
SUPPORTING,0.641,True,MIXED,SUSPECTED
SUPPORTING,0.914,True,MIXED,CONFIRMED
SUPPORTING,0.969,True,CRIMINAL,CONFIRMED
SUPPORTING,0.898,True,LEGITIMATE,CONFIRMED
NEUTRAL,0.440,True,AMBIGUOUS,UNKNOWN
SUPPORTING,0.611,True,AMBIGUOUS,SUSPECTED
SUPPORTING,0.858,True,CRIMINAL,SUSPECTED
NEUTRAL,0.479,True,MIXED,UNKNOWN
SUPPORTING,0.984,True,CRIMINAL,CONFIRMED
NEUTRAL,0.226,True,LEGITIMATE,UNKNOWN
SUPPORTING,0.896,True,CRIMINAL,CONFIRMED
NEUTRAL,0.532,True,MIXED,UNKNOWN
SUPPORTING,0.851,True,MIXED,CONFIRMED
SUPPORTING,0.947,True,MIXED,CONFIRMED
SUPPORTING,0.909,True,MIXED,CONFIRMED
SUPPORTING,0.727,True,CRIMINAL,SUSPECTED
SUPPORTING,0.867,True,MIXED,CONFIRMED
SUPPORTING,0.976,True,CRIMINAL,CONFIRMED
CONTRADICTING,0.296,True,CRIMINAL,FALSE
SUPPORTING,0.846,True,LEGITIMATE,CONFIRMED
SUPPORTING,0.987,True,CRIMINAL,CONFIRMED
CONTRADICTING,0.264,True,LEGITIMATE,FALSE
NEUTRAL,0.416,True,MIXED,UNKNOWN
CONTRADICTING,0.286,True,LEGITIMATE,FALSE
SUPPORTING,0.744,True,LEGITIMATE,SUSPECTED
NEUTRAL,0.338,True,CRIMINAL,UNKNOWN
SUPPORTING,0.981,True,LEGITIMATE,CONFIRMED
SUPPORTING,0.730,True,CRIMINAL,SUSPECTED
SUPPORTING,0.902,True,CRIMINAL,CONFIRMED
CONTRADICTING,0.165,True,CRIMINAL,FALSE
CONTRADICTING,0.382,True,LEGITIMATE,FALSE
SUPPORTING,0.674,True,LEGITIMATE,SUSPECTED
NEUTRAL,0.481,True,AMBIGUOUS,UNKNOWN
NEUTRAL,0.273,True,LEGITIMATE,UNKNOWN
SUPPORTING,0.949,True,LEGITIMATE,CONFIRMED
CONTRADICTING,0.196,True,LEGITIMATE,FALSE
SUPPORTING,0.917,True,AMBIGUOUS,CONFIRMED
CONTRADICTING,0.231,True,CRIMINAL,FALSE
SUPPORTING,0.604,True,MIXED,SUSPECTED
CONTRADICTING,0.258,True,CRIMINAL,FALSE
SUPPORTING,0.715,True,CRIMINAL,SUSPECTED
SUPPORTING,0.979,True,LEGITIMATE,CONFIRMED
SUPPORTING,0.855,True,CRIMINAL,CONFIRMED
CONTRADICTING,0.236,True,CRIMINAL,FALSE
CONTRADICTING,0.320,True,MIXED,FALSE
NEUTRAL,0.295,True,CRIMINAL,UNKNOWN
CONTRADICTING,0.215,True,CRIMINAL,FALSE
SUPPORTING,0.619,True,CRIMINAL,SUSPECTED
NEUTRAL,0.282,True,AMBIGUOUS,UNKNOWN
NEUTRAL,0.482,True,AMBIGUOUS,UNKNOWN
SUPPORTING,0.828,True,CRIMINAL,SUSPECTED
NEUTRAL,0.242,True,CRIMINAL,UNKNOWN
SUPPORTING,0.844,True,AMBIGUOUS,SUSPECTED
SUPPORTING,0.654,True,AMBIGUOUS,SUSPECTED
SUPPORTING,0.821,True,CRIMINAL,SUSPECTED
NEUTRAL,0.217,True,AMBIGUOUS,UNKNOWN
NEUTRAL,0.300,True,LEGITIMATE,UNKNOWN
SUPPORTING,0.864,True,CRIMINAL,CONFIRMED
CONTRADICTING,0.210,True,LEGITIMATE,FALSE
CONTRADICTING,0.402,True,LEGITIMATE,FALSE
SUPPORTING,0.956,True,CRIMINAL,CONFIRMED
SUPPORTING,0.802,True,AMBIGUOUS,SUSPECTED
NEUTRAL,0.519,True,AMBIGUOUS,UNKNOWN
SUPPORTING,0.835,True,CRIMINAL,CONFIRMED
NEUTRAL,0.534,True,AMBIGUOUS,UNKNOWN
SUPPORTING,0.946,True,CRIMINAL,CONFIRMED
SUPPORTING,0.906,True,CRIMINAL,CONFIRMED
CONTRADICTING,0.323,True,MIXED,FALSE
SUPPORTING,0.809,True,MIXED,SUSPECTED
NEUTRAL,0.532,True,AMBIGUOUS,UNKNOWN
SUPPORTING,0.916,True,AMBIGUOUS,CONFIRMED
CONTRADICTING,0.417,True,CRIMINAL,FALSE
SUPPORTING,0.676,True,LEGITIMATE,SUSPECTED
SUPPORTING,0.830,True,CRIMINAL,CONFIRMED
NEUTRAL,0.204,True,CRIMINAL,UNKNOWN
NEUTRAL,0.237,True,MIXED,UNKNOWN
SUPPORTING,0.909,True,LEGITIMATE,CONFIRMED
NEUTRAL,0.467,True,AMBIGUOUS,UNKNOWN
SUPPORTING,0.702,True,CRIMINAL,SUSPECTED
SUPPORTING,0.867,True,CRIMINAL,CONFIRMED
NEUTRAL,0.501,True,LEGITIMATE,UNKNOWN
CONTRADICTING,0.251,True,CRIMINAL,FALSE
SUPPORTING,0.676,True,CRIMINAL,SUSPECTED
SUPPORTING,0.975,True,CRIMINAL,CONFIRMED
SUPPORTING,0.880,True,CRIMINAL,CONFIRMED
SUPPORTING,0.832,True,CRIMINAL,SUSPECTED
NEUTRAL,0.374,True,MIXED,UNKNOWN
SUPPORTING,0.878,True,CRIMINAL,CONFIRMED
NEUTRAL,0.457,True,AMBIGUOUS,UNKNOWN
CONTRADICTING,0.278,True,AMBIGUOUS,FALSE
SUPPORTING,0.684,True,CRIMINAL,SUSPECTED
CONTRADICTING,0.153,True,CRIMINAL,FALSE
SUPPORTING,0.907,True,CRIMINAL,CONFIRMED
NEUTRAL,0.220,True,MIXED,UNKNOWN
SUPPORTING,0.603,True,CRIMINAL,SUSPECTED
CONTRADICTING,0.235,True,LEGITIMATE,FALSE
SUPPORTING,0.959,True,CRIMINAL,CONFIRMED
SUPPORTING,0.950,True,CRIMINAL,CONFIRMED
SUPPORTING,0.653,True,CRIMINAL,SUSPECTED
SUPPORTING,0.859,True,LEGITIMATE,SUSPECTED
NEUTRAL,0.413,True,LEGITIMATE,UNKNOWN
CONTRADICTING,0.350,True,MIXED,FALSE
NEUTRAL,0.236,True,CRIMINAL,UNKNOWN
NEUTRAL,0.532,True,LEGITIMATE,UNKNOWN
SUPPORTING,0.682,True,CRIMINAL,SUSPECTED
SUPPORTING,0.793,True,CRIMINAL,SUSPECTED
NEUTRAL,0.253,True,MIXED,UNKNOWN
NEUTRAL,0.404,True,LEGITIMATE,UNKNOWN
SUPPORTING,0.826,True,CRIMINAL,SUSPECTED
SUPPORTING,0.929,True,CRIMINAL,CONFIRMED
SUPPORTING,0.789,True,CRIMINAL,SUSPECTED
SUPPORTING,0.632,True,CRIMINAL,SUSPECTED
SUPPORTING,0.820,True,CRIMINAL,CONFIRMED
CONTRADICTING,0.265,True,MIXED,FALSE
SUPPORTING,0.800,True,MIXED,SUSPECTED
SUPPORTING,0.903,True,MIXED,CONFIRMED
NEUTRAL,0.395,True,LEGITIMATE,UNKNOWN
NEUTRAL,0.335,True,MIXED,UNKNOWN
SUPPORTING,0.616,True,LEGITIMATE,SUSPECTED
SUPPORTING,0.706,True,CRIMINAL,SUSPECTED
SUPPORTING,0.916,True,LEGITIMATE,CONFIRMED
SUPPORTING,0.933,True,CRIMINAL,CONFIRMED
SUPPORTING,0.752,True,MIXED,SUSPECTED
NEUTRAL,0.256,True,AMBIGUOUS,UNKNOWN
SUPPORTING,0.855,True,LEGITIMATE,CONFIRMED
SUPPORTING,0.755,True,MIXED,SUSPECTED
SUPPORTING,0.604,True,CRIMINAL,SUSPECTED
SUPPORTING,0.740,True,CRIMINAL,SUSPECTED
SUPPORTING,0.672,True,LEGITIMATE,SUSPECTED
CONTRADICTING,0.332,True,LEGITIMATE,FALSE
NEUTRAL,0.492,True,MIXED,UNKNOWN
CONTRADICTING,0.154,True,AMBIGUOUS,FALSE
CONTRADICTING,0.156,True,LEGITIMATE,FALSE
NEUTRAL,0.249,True,LEGITIMATE,UNKNOWN
NEUTRAL,0.485,True,LEGITIMATE,UNKNOWN
SUPPORTING,0.868,True,CRIMINAL,CONFIRMED
SUPPORTING,0.981,True,LEGITIMATE,CONFIRMED
NEUTRAL,0.301,True,AMBIGUOUS,UNKNOWN
CONTRADICTING,0.144,True,CRIMINAL,FALSE
NEUTRAL,0.411,True,CRIMINAL,UNKNOWN
CONTRADICTING,0.190,True,LEGITIMATE,FALSE
CONTRADICTING,0.349,True,CRIMINAL,FALSE
SUPPORTING,0.869,True,AMBIGUOUS,CONFIRMED
CONTRADICTING,0.203,True,MIXED,FALSE
NEUTRAL,0.453,True,AMBIGUOUS,UNKNOWN
SUPPORTING,0.874,True,MIXED,CONFIRMED
SUPPORTING,0.880,True,CRIMINAL,CONFIRMED
SUPPORTING,0.652,True,MIXED,SUSPECTED
SUPPORTING,0.648,True,CRIMINAL,SUSPECTED
SUPPORTING,0.743,True,CRIMINAL,SUSPECTED
SUPPORTING,0.976,True,CRIMINAL,CONFIRMED
SUPPORTING,0.757,True,MIXED,SUSPECTED
SUPPORTING,0.811,True,CRIMINAL,SUSPECTED
SUPPORTING,0.721,True,LEGITIMATE,SUSPECTED
CONTRADICTING,0.196,True,AMBIGUOUS,FALSE
CONTRADICTING,0.383,True,LEGITIMATE,FALSE
CONTRADICTING,0.341,True,MIXED,FALSE
CONTRADICTING,0.313,True,LEGITIMATE,FALSE
SUPPORTING,0.977,True,CRIMINAL,CONFIRMED
SUPPORTING,0.890,True,AMBIGUOUS,CONFIRMED
SUPPORTING,0.724,True,AMBIGUOUS,SUSPECTED
SUPPORTING,0.596,True,CRIMINAL,SUSPECTED
SUPPORTING,0.796,True,CRIMINAL,SUSPECTED
NEUTRAL,0.511,True,MIXED,UNKNOWN
NEUTRAL,0.374,True,MIXED,UNKNOWN
SUPPORTING,0.972,True,AMBIGUOUS,CONFIRMED
SUPPORTING,0.982,True,CRIMINAL,CONFIRMED
NEUTRAL,0.477,True,MIXED,UNKNOWN
NEUTRAL,0.513,True,CRIMINAL,UNKNOWN
NEUTRAL,0.288,True,CRIMINAL,UNKNOWN
NEUTRAL,0.480,True,MIXED,UNKNOWN
NEUTRAL,0.425,True,AMBIGUOUS,UNKNOWN
SUPPORTING,0.631,True,CRIMINAL,SUSPECTED
SUPPORTING,0.984,True,CRIMINAL,CONFIRMED
SUPPORTING,0.695,True,MIXED,SUSPECTED
CONTRADICTING,0.297,True,MIXED,FALSE
SUPPORTING,0.632,True,MIXED,SUSPECTED
SUPPORTING,0.882,True,CRIMINAL,CONFIRMED
NEUTRAL,0.415,True,MIXED,UNKNOWN
SUPPORTING,0.659,True,CRIMINAL,SUSPECTED
SUPPORTING,0.692,True,MIXED,SUSPECTED
NEUTRAL,0.256,True,AMBIGUOUS,UNKNOWN
NEUTRAL,0.249,True,LEGITIMATE,UNKNOWN
CONTRADICTING,0.185,True,CRIMINAL,FALSE
SUPPORTING,0.982,True,LEGITIMATE,CONFIRMED
SUPPORTING,0.875,True,LEGITIMATE,CONFIRMED
CONTRADICTING,0.416,True,LEGITIMATE,FALSE
NEUTRAL,0.236,True,MIXED,UNKNOWN
NEUTRAL,0.414,True,CRIMINAL,UNKNOWN
SUPPORTING,0.843,True,CRIMINAL,SUSPECTED
NEUTRAL,0.542,True,LEGITIMATE,UNKNOWN
SUPPORTING,0.627,True,AMBIGUOUS,SUSPECTED
NEUTRAL,0.338,True,AMBIGUOUS,UNKNOWN
SUPPORTING,0.704,True,CRIMINAL,SUSPECTED
SUPPORTING,0.903,True,AMBIGUOUS,CONFIRMED
SUPPORTING,0.852,True,CRIMINAL,CONFIRMED
CONTRADICTING,0.221,True,LEGITIMATE,FALSE
CONTRADICTING,0.239,True,LEGITIMATE,FALSE
NEUTRAL,0.532,True,MIXED,UNKNOWN
SUPPORTING,0.678,True,LEGITIMATE,SUSPECTED
SUPPORTING,0.719,True,LEGITIMATE,SUSPECTED
CONTRADICTING,0.146,True,LEGITIMATE,FALSE
CONTRADICTING,0.161,True,CRIMINAL,FALSE
NEUTRAL,0.275,True,LEGITIMATE,UNKNOWN
SUPPORTING,0.847,True,CRIMINAL,SUSPECTED
CONTRADICTING,0.246,True,LEGITIMATE,FALSE
SUPPORTING,0.945,True,CRIMINAL,CONFIRMED
SUPPORTING,0.925,True,CRIMINAL,CONFIRMED
NEUTRAL,0.290,True,AMBIGUOUS,UNKNOWN
NEUTRAL,0.239,True,AMBIGUOUS,UNKNOWN
CONTRADICTING,0.419,True,MIXED,FALSE
SUPPORTING,0.703,True,CRIMINAL,SUSPECTED
SUPPORTING,0.739,True,CRIMINAL,SUSPECTED
SUPPORTING,0.698,True,CRIMINAL,SUSPECTED
NEUTRAL,0.213,True,CRIMINAL,UNKNOWN
NEUTRAL,0.401,True,CRIMINAL,UNKNOWN
SUPPORTING,0.798,True,MIXED,SUSPECTED
SUPPORTING,0.765,True,MIXED,SUSPECTED
SUPPORTING,0.645,True,CRIMINAL,SUSPECTED
NEUTRAL,0.317,True,MIXED,UNKNOWN
CONTRADICTING,0.131,True,CRIMINAL,FALSE
SUPPORTING,0.789,True,CRIMINAL,SUSPECTED
SUPPORTING,0.961,True,CRIMINAL,CONFIRMED
SUPPORTING,0.811,True,CRIMINAL,SUSPECTED
SUPPORTING,0.792,True,CRIMINAL,SUSPECTED
SUPPORTING,0.969,True,MIXED,CONFIRMED
SUPPORTING,0.594,True,CRIMINAL,SUSPECTED
SUPPORTING,0.829,True,CRIMINAL,CONFIRMED
SUPPORTING,0.779,True,MIXED,SUSPECTED
SUPPORTING,0.955,True,CRIMINAL,CONFIRMED
NEUTRAL,0.503,True,AMBIGUOUS,UNKNOWN
SUPPORTING,0.594,True,MIXED,SUSPECTED
CONTRADICTING,0.165,True,CRIMINAL,FALSE
CONTRADICTING,0.418,True,CRIMINAL,FALSE
NEUTRAL,0.404,True,MIXED,UNKNOWN
CONTRADICTING,0.356,True,CRIMINAL,FALSE
CONTRADICTING,0.172,True,LEGITIMATE,FALSE
NEUTRAL,0.461,True,CRIMINAL,UNKNOWN
NEUTRAL,0.357,True,AMBIGUOUS,UNKNOWN
SUPPORTING,0.658,True,MIXED,SUSPECTED
NEUTRAL,0.407,True,AMBIGUOUS,UNKNOWN
SUPPORTING,0.847,True,MIXED,CONFIRMED
NEUTRAL,0.478,True,CRIMINAL,UNKNOWN
CONTRADICTING,0.344,True,AMBIGUOUS,FALSE
CONTRADICTING,0.419,True,CRIMINAL,FALSE
SUPPORTING,0.617,True,MIXED,SUSPECTED
NEUTRAL,0.321,True,MIXED,UNKNOWN
CONTRADICTING,0.246,True,MIXED,FALSE
SUPPORTING,0.839,True,LEGITIMATE,SUSPECTED
SUPPORTING,0.783,True,AMBIGUOUS,SUSPECTED
CONTRADICTING,0.387,True,LEGITIMATE,FALSE
SUPPORTING,0.723,True,LEGITIMATE,SUSPECTED
SUPPORTING,0.601,True,MIXED,SUSPECTED
NEUTRAL,0.282,True,MIXED,UNKNOWN
CONTRADICTING,0.261,True,CRIMINAL,FALSE
SUPPORTING,0.843,True,MIXED,SUSPECTED
SUPPORTING,0.960,True,MIXED,CONFIRMED
NEUTRAL,0.453,True,MIXED,UNKNOWN
SUPPORTING,0.786,True,CRIMINAL,SUSPECTED
SUPPORTING,0.843,True,MIXED,SUSPECTED
SUPPORTING,0.921,True,CRIMINAL,CONFIRMED
SUPPORTING,0.877,True,MIXED,CONFIRMED
NEUTRAL,0.343,True,CRIMINAL,UNKNOWN
CONTRADICTING,0.145,True,MIXED,FALSE
NEUTRAL,0.451,True,CRIMINAL,UNKNOWN
SUPPORTING,0.956,True,CRIMINAL,CONFIRMED
NEUTRAL,0.311,True,CRIMINAL,UNKNOWN
NEUTRAL,0.491,True,CRIMINAL,UNKNOWN
CONTRADICTING,0.338,True,LEGITIMATE,FALSE
SUPPORTING,0.766,True,MIXED,SUSPECTED
SUPPORTING,0.879,True,MIXED,CONFIRMED
SUPPORTING,0.581,True,LEGITIMATE,SUSPECTED
NEUTRAL,0.363,True,MIXED,UNKNOWN
NEUTRAL,0.509,True,AMBIGUOUS,UNKNOWN
SUPPORTING,0.989,True,AMBIGUOUS,CONFIRMED
NEUTRAL,0.209,True,AMBIGUOUS,UNKNOWN
SUPPORTING,0.872,True,CRIMINAL,CONFIRMED
SUPPORTING,0.696,True,CRIMINAL,SUSPECTED
NEUTRAL,0.336,True,CRIMINAL,UNKNOWN
NEUTRAL,0.336,True,MIXED,UNKNOWN
CONTRADICTING,0.290,True,MIXED,FALSE
NEUTRAL,0.405,True,CRIMINAL,UNKNOWN
NEUTRAL,0.427,True,LEGITIMATE,UNKNOWN
SUPPORTING,0.705,True,AMBIGUOUS,SUSPECTED
CONTRADICTING,0.142,True,CRIMINAL,FALSE
NEUTRAL,0.475,True,MIXED,UNKNOWN
SUPPORTING,0.826,True,AMBIGUOUS,CONFIRMED
NEUTRAL,0.477,True,MIXED,UNKNOWN
SUPPORTING,0.803,True,AMBIGUOUS,SUSPECTED
SUPPORTING,0.745,True,CRIMINAL,SUSPECTED
SUPPORTING,0.788,True,LEGITIMATE,SUSPECTED
NEUTRAL,0.306,True,LEGITIMATE,UNKNOWN
CONTRADICTING,0.364,True,MIXED,FALSE
SUPPORTING,0.842,True,CRIMINAL,CONFIRMED
NEUTRAL,0.293,True,AMBIGUOUS,UNKNOWN
SUPPORTING,0.909,True,CRIMINAL,CONFIRMED
SUPPORTING,0.889,True,MIXED,CONFIRMED
SUPPORTING,0.619,True,CRIMINAL,SUSPECTED
SUPPORTING,0.673,True,CRIMINAL,SUSPECTED
SUPPORTING,0.801,True,CRIMINAL,SUSPECTED
SUPPORTING,0.847,True,LEGITIMATE,CONFIRMED
SUPPORTING,0.664,True,CRIMINAL,SUSPECTED
CONTRADICTING,0.210,True,AMBIGUOUS,FALSE
CONTRADICTING,0.157,True,LEGITIMATE,FALSE
CONTRADICTING,0.312,True,CRIMINAL,FALSE
SUPPORTING,0.717,True,CRIMINAL,SUSPECTED
SUPPORTING,0.607,True,CRIMINAL,SUSPECTED
SUPPORTING,0.876,True,MIXED,CONFIRMED
SUPPORTING,0.826,True,CRIMINAL,CONFIRMED
CONTRADICTING,0.159,True,AMBIGUOUS,FALSE
SUPPORTING,0.822,True,LEGITIMATE,SUSPECTED
SUPPORTING,0.741,True,CRIMINAL,SUSPECTED
NEUTRAL,0.488,True,CRIMINAL,UNKNOWN
SUPPORTING,0.612,True,CRIMINAL,SUSPECTED
NEUTRAL,0.469,True,MIXED,UNKNOWN
SUPPORTING,0.890,True,LEGITIMATE,CONFIRMED
NEUTRAL,0.221,True,LEGITIMATE,UNKNOWN
SUPPORTING,0.633,True,CRIMINAL,SUSPECTED
SUPPORTING,0.756,True,LEGITIMATE,SUSPECTED
SUPPORTING,0.979,True,CRIMINAL,CONFIRMED
NEUTRAL,0.495,True,MIXED,UNKNOWN
NEUTRAL,0.455,True,MIXED,UNKNOWN
NEUTRAL,0.465,True,AMBIGUOUS,UNKNOWN
CONTRADICTING,0.389,True,LEGITIMATE,FALSE
SUPPORTING,0.872,True,MIXED,CONFIRMED
NEUTRAL,0.505,True,CRIMINAL,UNKNOWN
NEUTRAL,0.473,True,MIXED,UNKNOWN
NEUTRAL,0.527,True,AMBIGUOUS,UNKNOWN
SUPPORTING,0.937,True,CRIMINAL,CONFIRMED
SUPPORTING,0.859,True,CRIMINAL,SUSPECTED
SUPPORTING,0.781,True,LEGITIMATE,SUSPECTED
SUPPORTING,0.604,True,MIXED,SUSPECTED
SUPPORTING,0.821,True,MIXED,CONFIRMED
SUPPORTING,0.887,True,CRIMINAL,CONFIRMED
SUPPORTING,0.711,True,CRIMINAL,SUSPECTED
SUPPORTING,0.864,True,AMBIGUOUS,CONFIRMED
NEUTRAL,0.201,True,LEGITIMATE,UNKNOWN
SUPPORTING,0.746,True,AMBIGUOUS,SUSPECTED
SUPPORTING,0.974,True,CRIMINAL,CONFIRMED
SUPPORTING,0.848,True,MIXED,SUSPECTED
NEUTRAL,0.500,True,LEGITIMATE,UNKNOWN
CONTRADICTING,0.297,True,CRIMINAL,FALSE
CONTRADICTING,0.387,True,MIXED,FALSE
SUPPORTING,0.810,True,MIXED,SUSPECTED
SUPPORTING,0.677,True,MIXED,SUSPECTED
SUPPORTING,0.797,True,MIXED,SUSPECTED
CONTRADICTING,0.315,True,MIXED,FALSE
SUPPORTING,0.626,True,MIXED,SUSPECTED
SUPPORTING,0.615,True,CRIMINAL,SUSPECTED
SUPPORTING,0.681,True,CRIMINAL,SUSPECTED
NEUTRAL,0.281,True,LEGITIMATE,UNKNOWN
SUPPORTING,0.663,True,MIXED,SUSPECTED
SUPPORTING,0.634,True,CRIMINAL,SUSPECTED
SUPPORTING,0.666,True,CRIMINAL,SUSPECTED
NEUTRAL,0.401,True,LEGITIMATE,UNKNOWN
SUPPORTING,0.954,True,LEGITIMATE,CONFIRMED
SUPPORTING,0.836,True,CRIMINAL,SUSPECTED
SUPPORTING,0.961,True,CRIMINAL,CONFIRMED
SUPPORTING,0.896,True,LEGITIMATE,CONFIRMED
SUPPORTING,0.589,True,LEGITIMATE,SUSPECTED
SUPPORTING,0.674,True,CRIMINAL,SUSPECTED
SUPPORTING,0.807,True,CRIMINAL,SUSPECTED
NEUTRAL,0.337,True,CRIMINAL,UNKNOWN
CONTRADICTING,0.162,True,LEGITIMATE,FALSE
SUPPORTING,0.844,True,CRIMINAL,SUSPECTED
SUPPORTING,0.775,True,CRIMINAL,SUSPECTED
SUPPORTING,0.747,True,MIXED,SUSPECTED
CONTRADICTING,0.207,True,LEGITIMATE,FALSE
SUPPORTING,0.627,True,CRIMINAL,SUSPECTED
NEUTRAL,0.358,True,CRIMINAL,UNKNOWN
SUPPORTING,0.926,True,CRIMINAL,CONFIRMED
SUPPORTING,0.620,True,CRIMINAL,SUSPECTED
SUPPORTING,0.844,True,CRIMINAL,CONFIRMED
NEUTRAL,0.282,True,AMBIGUOUS,UNKNOWN
SUPPORTING,0.732,True,LEGITIMATE,SUSPECTED
CONTRADICTING,0.267,True,CRIMINAL,FALSE
SUPPORTING,0.870,True,CRIMINAL,CONFIRMED
CONTRADICTING,0.185,True,MIXED,FALSE
SUPPORTING,0.903,True,AMBIGUOUS,CONFIRMED
CONTRADICTING,0.147,True,LEGITIMATE,FALSE
NEUTRAL,0.352,True,LEGITIMATE,UNKNOWN
SUPPORTING,0.904,True,CRIMINAL,CONFIRMED
SUPPORTING,0.725,True,CRIMINAL,SUSPECTED
SUPPORTING,0.634,True,MIXED,SUSPECTED
SUPPORTING,0.933,True,CRIMINAL,CONFIRMED
SUPPORTING,0.774,True,MIXED,SUSPECTED
SUPPORTING,0.839,True,CRIMINAL,CONFIRMED
SUPPORTING,0.745,True,CRIMINAL,SUSPECTED
NEUTRAL,0.346,True,AMBIGUOUS,UNKNOWN
CONTRADICTING,0.266,True,LEGITIMATE,FALSE
NEUTRAL,0.265,True,MIXED,UNKNOWN
SUPPORTING,0.675,True,CRIMINAL,SUSPECTED
NEUTRAL,0.305,True,AMBIGUOUS,UNKNOWN
SUPPORTING,0.877,True,MIXED,CONFIRMED
CONTRADICTING,0.244,True,MIXED,FALSE
NEUTRAL,0.489,True,CRIMINAL,UNKNOWN
NEUTRAL,0.390,True,CRIMINAL,UNKNOWN
NEUTRAL,0.219,True,CRIMINAL,UNKNOWN
SUPPORTING,0.907,True,MIXED,CONFIRMED
SUPPORTING,0.960,True,CRIMINAL,CONFIRMED
CONTRADICTING,0.187,True,LEGITIMATE,FALSE
SUPPORTING,0.952,True,CRIMINAL,CONFIRMED
SUPPORTING,0.790,True,CRIMINAL,SUSPECTED
NEUTRAL,0.228,True,LEGITIMATE,UNKNOWN
NEUTRAL,0.309,True,AMBIGUOUS,UNKNOWN
SUPPORTING,0.915,True,AMBIGUOUS,CONFIRMED
CONTRADICTING,0.136,True,LEGITIMATE,FALSE
CONTRADICTING,0.350,True,CRIMINAL,FALSE
SUPPORTING,0.832,True,LEGITIMATE,CONFIRMED
NEUTRAL,0.206,True,CRIMINAL,UNKNOWN
SUPPORTING,0.594,True,AMBIGUOUS,SUSPECTED
SUPPORTING,0.987,True,CRIMINAL,CONFIRMED
SUPPORTING,0.947,True,LEGITIMATE,CONFIRMED
NEUTRAL,0.437,True,AMBIGUOUS,UNKNOWN
SUPPORTING,0.620,True,MIXED,SUSPECTED
SUPPORTING,0.586,True,MIXED,SUSPECTED
NEUTRAL,0.238,True,AMBIGUOUS,UNKNOWN
CONTRADICTING,0.213,True,LEGITIMATE,FALSE
SUPPORTING,0.842,True,MIXED,CONFIRMED
SUPPORTING,0.827,True,LEGITIMATE,SUSPECTED
CONTRADICTING,0.332,True,MIXED,FALSE
SUPPORTING,0.873,True,MIXED,CONFIRMED
SUPPORTING,0.946,True,CRIMINAL,CONFIRMED
CONTRADICTING,0.159,True,LEGITIMATE,FALSE
CONTRADICTING,0.207,True,CRIMINAL,FALSE
NEUTRAL,0.217,True,LEGITIMATE,UNKNOWN
SUPPORTING,0.597,True,LEGITIMATE,SUSPECTED
SUPPORTING,0.789,True,AMBIGUOUS,SUSPECTED
NEUTRAL,0.232,True,CRIMINAL,UNKNOWN
CONTRADICTING,0.223,True,AMBIGUOUS,FALSE
NEUTRAL,0.230,True,AMBIGUOUS,UNKNOWN
CONTRADICTING,0.155,True,AMBIGUOUS,FALSE
SUPPORTING,0.872,True,MIXED,CONFIRMED
SUPPORTING,0.584,True,MIXED,SUSPECTED
NEUTRAL,0.482,True,MIXED,UNKNOWN
CONTRADICTING,0.220,True,CRIMINAL,FALSE
NEUTRAL,0.478,True,CRIMINAL,UNKNOWN
SUPPORTING,0.633,True,MIXED,SUSPECTED
NEUTRAL,0.244,True,AMBIGUOUS,UNKNOWN
SUPPORTING,0.832,True,CRIMINAL,CONFIRMED
CONTRADICTING,0.340,True,LEGITIMATE,FALSE
CONTRADICTING,0.296,True,MIXED,FALSE
SUPPORTING,0.637,True,AMBIGUOUS,SUSPECTED
SUPPORTING,0.793,True,LEGITIMATE,SUSPECTED
CONTRADICTING,0.196,True,LEGITIMATE,FALSE
NEUTRAL,0.360,True,LEGITIMATE,UNKNOWN
NEUTRAL,0.411,True,AMBIGUOUS,UNKNOWN
SUPPORTING,0.981,True,CRIMINAL,CONFIRMED
CONTRADICTING,0.137,True,CRIMINAL,FALSE
NEUTRAL,0.449,True,LEGITIMATE,UNKNOWN
NEUTRAL,0.375,True,AMBIGUOUS,UNKNOWN
SUPPORTING,0.623,True,CRIMINAL,SUSPECTED
SUPPORTING,0.849,True,AMBIGUOUS,SUSPECTED
CONTRADICTING,0.375,True,LEGITIMATE,FALSE
SUPPORTING,0.825,True,CRIMINAL,CONFIRMED
SUPPORTING,0.845,True,MIXED,SUSPECTED
CONTRADICTING,0.409,True,CRIMINAL,FALSE
SUPPORTING,0.743,True,MIXED,SUSPECTED
NEUTRAL,0.217,True,MIXED,UNKNOWN
SUPPORTING,0.867,True,CRIMINAL,CONFIRMED
SUPPORTING,0.859,True,CRIMINAL,CONFIRMED
NEUTRAL,0.240,True,LEGITIMATE,UNKNOWN
NEUTRAL,0.435,True,MIXED,UNKNOWN
SUPPORTING,0.637,True,MIXED,SUSPECTED
SUPPORTING,0.927,True,CRIMINAL,CONFIRMED
SUPPORTING,0.582,True,CRIMINAL,SUSPECTED
NEUTRAL,0.492,True,CRIMINAL,UNKNOWN
SUPPORTING,0.963,True,LEGITIMATE,CONFIRMED
SUPPORTING,0.878,True,CRIMINAL,CONFIRMED
CONTRADICTING,0.388,True,LEGITIMATE,FALSE
NEUTRAL,0.414,True,MIXED,UNKNOWN
NEUTRAL,0.220,True,AMBIGUOUS,UNKNOWN
NEUTRAL,0.344,True,LEGITIMATE,UNKNOWN
SUPPORTING,0.724,True,MIXED,SUSPECTED
SUPPORTING,0.832,True,AMBIGUOUS,SUSPECTED
SUPPORTING,0.599,True,MIXED,SUSPECTED
SUPPORTING,0.932,True,CRIMINAL,CONFIRMED
CONTRADICTING,0.304,True,CRIMINAL,FALSE
SUPPORTING,0.639,True,LEGITIMATE,SUSPECTED
CONTRADICTING,0.409,True,AMBIGUOUS,FALSE
SUPPORTING,0.963,True,CRIMINAL,CONFIRMED
NEUTRAL,0.455,True,CRIMINAL,UNKNOWN
SUPPORTING,0.828,True,MIXED,CONFIRMED
CONTRADICTING,0.230,True,MIXED,FALSE
SUPPORTING,0.975,True,AMBIGUOUS,CONFIRMED
CONTRADICTING,0.337,True,MIXED,FALSE
SUPPORTING,0.684,True,MIXED,SUSPECTED
CONTRADICTING,0.184,True,LEGITIMATE,FALSE
SUPPORTING,0.930,True,CRIMINAL,CONFIRMED
NEUTRAL,0.424,True,MIXED,UNKNOWN
CONTRADICTING,0.191,True,LEGITIMATE,FALSE
SUPPORTING,0.910,True,CRIMINAL,CONFIRMED
NEUTRAL,0.382,True,AMBIGUOUS,UNKNOWN
SUPPORTING,0.857,True,CRIMINAL,SUSPECTED
CONTRADICTING,0.359,True,CRIMINAL,FALSE
NEUTRAL,0.369,True,CRIMINAL,UNKNOWN
CONTRADICTING,0.301,True,LEGITIMATE,FALSE
NEUTRAL,0.393,True,AMBIGUOUS,UNKNOWN
SUPPORTING,0.643,True,LEGITIMATE,SUSPECTED
NEUTRAL,0.239,True,CRIMINAL,UNKNOWN
NEUTRAL,0.517,True,LEGITIMATE,UNKNOWN
NEUTRAL,0.418,True,CRIMINAL,UNKNOWN
NEUTRAL,0.266,True,CRIMINAL,UNKNOWN
SUPPORTING,0.666,True,CRIMINAL,SUSPECTED
SUPPORTING,0.619,True,CRIMINAL,SUSPECTED
SUPPORTING,0.990,True,CRIMINAL,CONFIRMED
NEUTRAL,0.437,True,LEGITIMATE,UNKNOWN
NEUTRAL,0.541,True,CRIMINAL,UNKNOWN
NEUTRAL,0.441,True,MIXED,UNKNOWN
SUPPORTING,0.853,True,MIXED,CONFIRMED
CONTRADICTING,0.295,True,MIXED,FALSE
CONTRADICTING,0.193,True,AMBIGUOUS,FALSE
CONTRADICTING,0.346,True,MIXED,FALSE
NEUTRAL,0.522,True,AMBIGUOUS,UNKNOWN
NEUTRAL,0.477,True,CRIMINAL,UNKNOWN
SUPPORTING,0.882,True,CRIMINAL,CONFIRMED
SUPPORTING,0.629,True,CRIMINAL,SUSPECTED
SUPPORTING,0.672,True,CRIMINAL,SUSPECTED
NEUTRAL,0.513,True,CRIMINAL,UNKNOWN
SUPPORTING,0.589,True,CRIMINAL,SUSPECTED
NEUTRAL,0.217,True,CRIMINAL,UNKNOWN
SUPPORTING,0.829,True,MIXED,CONFIRMED
SUPPORTING,0.839,True,CRIMINAL,CONFIRMED
SUPPORTING,0.630,True,CRIMINAL,SUSPECTED
SUPPORTING,0.888,True,AMBIGUOUS,CONFIRMED
NEUTRAL,0.373,True,LEGITIMATE,UNKNOWN
SUPPORTING,0.898,True,AMBIGUOUS,CONFIRMED
SUPPORTING,0.918,True,AMBIGUOUS,CONFIRMED
NEUTRAL,0.208,True,MIXED,UNKNOWN
CONTRADICTING,0.322,True,LEGITIMATE,FALSE
SUPPORTING,0.927,True,MIXED,CONFIRMED
SUPPORTING,0.712,True,MIXED,SUSPECTED
SUPPORTING,0.771,True,CRIMINAL,SUSPECTED
SUPPORTING,0.681,True,LEGITIMATE,SUSPECTED
SUPPORTING,0.583,True,CRIMINAL,SUSPECTED
SUPPORTING,0.857,True,CRIMINAL,CONFIRMED
SUPPORTING,0.880,True,CRIMINAL,CONFIRMED
SUPPORTING,0.648,True,AMBIGUOUS,SUSPECTED
NEUTRAL,0.414,True,LEGITIMATE,UNKNOWN
SUPPORTING,0.960,True,LEGITIMATE,CONFIRMED
SUPPORTING,0.802,True,CRIMINAL,SUSPECTED
SUPPORTING,0.824,True,MIXED,CONFIRMED
CONTRADICTING,0.381,True,LEGITIMATE,FALSE
CONTRADICTING,0.261,True,LEGITIMATE,FALSE
SUPPORTING,0.950,True,AMBIGUOUS,CONFIRMED
NEUTRAL,0.436,True,LEGITIMATE,UNKNOWN
SUPPORTING,0.677,True,CRIMINAL,SUSPECTED
CONTRADICTING,0.328,True,LEGITIMATE,FALSE
SUPPORTING,0.795,True,CRIMINAL,SUSPECTED
SUPPORTING,0.799,True,AMBIGUOUS,SUSPECTED
SUPPORTING,0.913,True,CRIMINAL,CONFIRMED
NEUTRAL,0.516,True,LEGITIMATE,UNKNOWN
SUPPORTING,0.844,True,CRIMINAL,SUSPECTED
NEUTRAL,0.391,True,MIXED,UNKNOWN
SUPPORTING,0.750,True,CRIMINAL,SUSPECTED
SUPPORTING,0.690,True,CRIMINAL,SUSPECTED
NEUTRAL,0.285,True,CRIMINAL,UNKNOWN
CONTRADICTING,0.387,True,CRIMINAL,FALSE
SUPPORTING,0.921,True,CRIMINAL,CONFIRMED
SUPPORTING,0.876,True,CRIMINAL,CONFIRMED
SUPPORTING,0.655,True,CRIMINAL,SUSPECTED
SUPPORTING,0.601,True,AMBIGUOUS,SUSPECTED
SUPPORTING,0.858,True,CRIMINAL,CONFIRMED
SUPPORTING,0.839,True,CRIMINAL,SUSPECTED
SUPPORTING,0.919,True,MIXED,CONFIRMED
CONTRADICTING,0.244,True,AMBIGUOUS,FALSE
CONTRADICTING,0.214,True,LEGITIMATE,FALSE
NEUTRAL,0.425,True,AMBIGUOUS,UNKNOWN
CONTRADICTING,0.149,True,MIXED,FALSE
SUPPORTING,0.694,True,CRIMINAL,SUSPECTED
NEUTRAL,0.281,True,AMBIGUOUS,UNKNOWN
SUPPORTING,0.662,True,CRIMINAL,SUSPECTED
SUPPORTING,0.810,True,CRIMINAL,SUSPECTED
SUPPORTING,0.823,True,AMBIGUOUS,SUSPECTED
SUPPORTING,0.718,True,CRIMINAL,SUSPECTED
CONTRADICTING,0.171,True,AMBIGUOUS,FALSE
NEUTRAL,0.485,True,CRIMINAL,UNKNOWN
SUPPORTING,0.880,True,LEGITIMATE,CONFIRMED
SUPPORTING,0.673,True,MIXED,SUSPECTED
SUPPORTING,0.915,True,LEGITIMATE,CONFIRMED
NEUTRAL,0.243,True,MIXED,UNKNOWN
CONTRADICTING,0.338,True,LEGITIMATE,FALSE
NEUTRAL,0.429,True,AMBIGUOUS,UNKNOWN
SUPPORTING,0.882,True,LEGITIMATE,CONFIRMED
SUPPORTING,0.805,True,CRIMINAL,SUSPECTED
SUPPORTING,0.883,True,CRIMINAL,CONFIRMED
SUPPORTING,0.742,True,LEGITIMATE,SUSPECTED
CONTRADICTING,0.156,True,CRIMINAL,FALSE
CONTRADICTING,0.352,True,LEGITIMATE,FALSE
SUPPORTING,0.719,True,CRIMINAL,SUSPECTED
CONTRADICTING,0.248,True,CRIMINAL,FALSE
CONTRADICTING,0.368,True,CRIMINAL,FALSE
SUPPORTING,0.906,True,LEGITIMATE,CONFIRMED
SUPPORTING,0.762,True,CRIMINAL,SUSPECTED
NEUTRAL,0.327,True,MIXED,UNKNOWN
SUPPORTING,0.934,True,LEGITIMATE,CONFIRMED
NEUTRAL,0.299,True,LEGITIMATE,UNKNOWN
SUPPORTING,0.667,True,AMBIGUOUS,SUSPECTED
SUPPORTING,0.648,True,CRIMINAL,SUSPECTED
CONTRADICTING,0.372,True,CRIMINAL,FALSE
SUPPORTING,0.657,True,CRIMINAL,SUSPECTED
CONTRADICTING,0.206,True,AMBIGUOUS,FALSE
SUPPORTING,0.750,True,CRIMINAL,SUSPECTED
CONTRADICTING,0.139,True,CRIMINAL,FALSE
SUPPORTING,0.780,True,AMBIGUOUS,SUSPECTED
CONTRADICTING,0.409,True,LEGITIMATE,FALSE
NEUTRAL,0.301,True,LEGITIMATE,UNKNOWN
SUPPORTING,0.767,True,LEGITIMATE,SUSPECTED
NEUTRAL,0.484,True,AMBIGUOUS,UNKNOWN
NEUTRAL,0.310,True,LEGITIMATE,UNKNOWN
SUPPORTING,0.605,True,LEGITIMATE,SUSPECTED
CONTRADICTING,0.238,True,CRIMINAL,FALSE
NEUTRAL,0.262,True,CRIMINAL,UNKNOWN
NEUTRAL,0.508,True,MIXED,UNKNOWN
NEUTRAL,0.405,True,CRIMINAL,UNKNOWN
SUPPORTING,0.984,True,CRIMINAL,CONFIRMED
CONTRADICTING,0.250,True,AMBIGUOUS,FALSE
SUPPORTING,0.698,True,LEGITIMATE,SUSPECTED
SUPPORTING,0.783,True,LEGITIMATE,SUSPECTED
SUPPORTING,0.926,True,CRIMINAL,CONFIRMED
CONTRADICTING,0.402,True,CRIMINAL,FALSE
SUPPORTING,0.789,True,CRIMINAL,SUSPECTED
SUPPORTING,0.837,True,AMBIGUOUS,SUSPECTED
SUPPORTING,0.799,True,MIXED,SUSPECTED
CONTRADICTING,0.267,True,LEGITIMATE,FALSE
NEUTRAL,0.388,True,MIXED,UNKNOWN
SUPPORTING,0.770,True,MIXED,SUSPECTED
NEUTRAL,0.523,True,CRIMINAL,UNKNOWN
SUPPORTING,0.593,True,CRIMINAL,SUSPECTED
NEUTRAL,0.414,True,CRIMINAL,UNKNOWN
NEUTRAL,0.229,True,MIXED,UNKNOWN
CONTRADICTING,0.251,True,LEGITIMATE,FALSE
SUPPORTING,0.873,True,LEGITIMATE,CONFIRMED
SUPPORTING,0.943,True,LEGITIMATE,CONFIRMED
SUPPORTING,0.848,True,CRIMINAL,CONFIRMED
CONTRADICTING,0.388,True,MIXED,FALSE
SUPPORTING,0.707,True,CRIMINAL,SUSPECTED
NEUTRAL,0.352,True,MIXED,UNKNOWN
CONTRADICTING,0.159,True,AMBIGUOUS,FALSE
SUPPORTING,0.690,True,AMBIGUOUS,SUSPECTED
NEUTRAL,0.389,True,LEGITIMATE,UNKNOWN
NEUTRAL,0.538,True,LEGITIMATE,UNKNOWN
SUPPORTING,0.882,True,CRIMINAL,CONFIRMED
CONTRADICTING,0.182,True,MIXED,FALSE
NEUTRAL,0.356,True,CRIMINAL,UNKNOWN
SUPPORTING,0.742,True,LEGITIMATE,SUSPECTED
SUPPORTING,0.802,True,MIXED,SUSPECTED
CONTRADICTING,0.218,True,LEGITIMATE,FALSE
CONTRADICTING,0.375,True,MIXED,FALSE
SUPPORTING,0.947,True,CRIMINAL,CONFIRMED
CONTRADICTING,0.366,True,MIXED,FALSE
NEUTRAL,0.301,True,LEGITIMATE,UNKNOWN
SUPPORTING,0.790,True,MIXED,SUSPECTED
SUPPORTING,0.955,True,AMBIGUOUS,CONFIRMED
SUPPORTING,0.692,True,AMBIGUOUS,SUSPECTED
SUPPORTING,0.643,True,CRIMINAL,SUSPECTED
NEUTRAL,0.390,True,LEGITIMATE,UNKNOWN
NEUTRAL,0.337,True,MIXED,UNKNOWN
NEUTRAL,0.259,True,CRIMINAL,UNKNOWN
SUPPORTING,0.700,True,CRIMINAL,SUSPECTED
SUPPORTING,0.902,True,CRIMINAL,CONFIRMED
SUPPORTING,0.897,True,CRIMINAL,CONFIRMED
SUPPORTING,0.942,True,AMBIGUOUS,CONFIRMED
NEUTRAL,0.507,True,AMBIGUOUS,UNKNOWN
SUPPORTING,0.980,True,MIXED,CONFIRMED
NEUTRAL,0.228,True,CRIMINAL,UNKNOWN
SUPPORTING,0.729,True,CRIMINAL,SUSPECTED
NEUTRAL,0.501,True,CRIMINAL,UNKNOWN
SUPPORTING,0.933,True,CRIMINAL,CONFIRMED
SUPPORTING,0.924,True,AMBIGUOUS,CONFIRMED
CONTRADICTING,0.379,True,CRIMINAL,FALSE
CONTRADICTING,0.334,True,LEGITIMATE,FALSE
SUPPORTING,0.835,True,LEGITIMATE,SUSPECTED
CONTRADICTING,0.365,True,LEGITIMATE,FALSE
CONTRADICTING,0.361,True,CRIMINAL,FALSE
CONTRADICTING,0.186,True,LEGITIMATE,FALSE
SUPPORTING,0.655,True,LEGITIMATE,SUSPECTED
CONTRADICTING,0.197,True,LEGITIMATE,FALSE
SUPPORTING,0.865,True,CRIMINAL,CONFIRMED
CONTRADICTING,0.134,True,CRIMINAL,FALSE
SUPPORTING,0.966,True,AMBIGUOUS,CONFIRMED
NEUTRAL,0.218,True,AMBIGUOUS,UNKNOWN
SUPPORTING,0.612,True,CRIMINAL,SUSPECTED
NEUTRAL,0.409,True,MIXED,UNKNOWN
SUPPORTING,0.772,True,CRIMINAL,SUSPECTED
SUPPORTING,0.694,True,AMBIGUOUS,SUSPECTED
NEUTRAL,0.252,True,LEGITIMATE,UNKNOWN
CONTRADICTING,0.230,True,LEGITIMATE,FALSE
CONTRADICTING,0.380,True,AMBIGUOUS,FALSE
SUPPORTING,0.809,True,MIXED,SUSPECTED
SUPPORTING,0.952,True,MIXED,CONFIRMED
SUPPORTING,0.924,True,MIXED,CONFIRMED
SUPPORTING,0.916,True,CRIMINAL,CONFIRMED
SUPPORTING,0.887,True,CRIMINAL,CONFIRMED
NEUTRAL,0.499,True,CRIMINAL,UNKNOWN
SUPPORTING,0.788,True,CRIMINAL,SUSPECTED
SUPPORTING,0.873,True,CRIMINAL,CONFIRMED
NEUTRAL,0.420,True,CRIMINAL,UNKNOWN
SUPPORTING,0.986,True,AMBIGUOUS,CONFIRMED
NEUTRAL,0.511,True,LEGITIMATE,UNKNOWN
NEUTRAL,0.546,True,AMBIGUOUS,UNKNOWN
SUPPORTING,0.921,True,CRIMINAL,CONFIRMED
NEUTRAL,0.328,True,MIXED,UNKNOWN
SUPPORTING,0.990,True,MIXED,CONFIRMED
SUPPORTING,0.877,True,CRIMINAL,CONFIRMED
NEUTRAL,0.289,True,AMBIGUOUS,UNKNOWN
CONTRADICTING,0.232,True,AMBIGUOUS,FALSE
SUPPORTING,0.969,True,AMBIGUOUS,CONFIRMED
SUPPORTING,0.844,True,CRIMINAL,SUSPECTED
NEUTRAL,0.515,True,AMBIGUOUS,UNKNOWN
NEUTRAL,0.450,True,AMBIGUOUS,UNKNOWN
SUPPORTING,0.916,True,MIXED,CONFIRMED
CONTRADICTING,0.305,True,LEGITIMATE,FALSE
NEUTRAL,0.486,True,AMBIGUOUS,UNKNOWN
CONTRADICTING,0.404,True,LEGITIMATE,FALSE
SUPPORTING,0.934,True,MIXED,CONFIRMED
NEUTRAL,0.510,True,CRIMINAL,UNKNOWN
CONTRADICTING,0.172,True,MIXED,FALSE
CONTRADICTING,0.132,True,LEGITIMATE,FALSE
SUPPORTING,0.832,True,MIXED,SUSPECTED
NEUTRAL,0.217,True,LEGITIMATE,UNKNOWN
SUPPORTING,0.659,True,MIXED,SUSPECTED
CONTRADICTING,0.367,True,LEGITIMATE,FALSE
CONTRADICTING,0.150,True,LEGITIMATE,FALSE
CONTRADICTING,0.401,True,CRIMINAL,FALSE
NEUTRAL,0.506,True,CRIMINAL,UNKNOWN
SUPPORTING,0.709,True,AMBIGUOUS,SUSPECTED
SUPPORTING,0.846,True,AMBIGUOUS,SUSPECTED
SUPPORTING,0.674,True,CRIMINAL,SUSPECTED
NEUTRAL,0.510,True,MIXED,UNKNOWN
SUPPORTING,0.823,True,MIXED,CONFIRMED
SUPPORTING,0.772,True,CRIMINAL,SUSPECTED
CONTRADICTING,0.126,True,MIXED,FALSE
SUPPORTING,0.715,True,MIXED,SUSPECTED
SUPPORTING,0.652,True,MIXED,SUSPECTED
SUPPORTING,0.880,True,CRIMINAL,CONFIRMED
SUPPORTING,0.956,True,CRIMINAL,CONFIRMED
SUPPORTING,0.848,True,MIXED,SUSPECTED
NEUTRAL,0.486,True,MIXED,UNKNOWN
SUPPORTING,0.866,True,MIXED,CONFIRMED
NEUTRAL,0.378,True,MIXED,UNKNOWN
NEUTRAL,0.210,True,LEGITIMATE,UNKNOWN
SUPPORTING,0.742,True,MIXED,SUSPECTED
CONTRADICTING,0.412,True,CRIMINAL,FALSE
CONTRADICTING,0.321,True,MIXED,FALSE
NEUTRAL,0.229,True,LEGITIMATE,UNKNOWN
SUPPORTING,0.649,True,CRIMINAL,SUSPECTED
SUPPORTING,0.922,True,CRIMINAL,CONFIRMED
SUPPORTING,0.802,True,MIXED,SUSPECTED
SUPPORTING,0.648,True,MIXED,SUSPECTED
NEUTRAL,0.428,True,LEGITIMATE,UNKNOWN
SUPPORTING,0.856,True,LEGITIMATE,SUSPECTED
SUPPORTING,0.972,True,CRIMINAL,CONFIRMED
CONTRADICTING,0.290,True,LEGITIMATE,FALSE
SUPPORTING,0.931,True,CRIMINAL,CONFIRMED
SUPPORTING,0.730,True,MIXED,SUSPECTED
NEUTRAL,0.387,True,AMBIGUOUS,UNKNOWN
CONTRADICTING,0.373,True,MIXED,FALSE
NEUTRAL,0.268,True,AMBIGUOUS,UNKNOWN
NEUTRAL,0.209,True,AMBIGUOUS,UNKNOWN
SUPPORTING,0.799,True,MIXED,SUSPECTED
SUPPORTING,0.902,True,CRIMINAL,CONFIRMED
SUPPORTING,0.940,True,CRIMINAL,CONFIRMED
CONTRADICTING,0.167,True,LEGITIMATE,FALSE
SUPPORTING,0.733,True,CRIMINAL,SUSPECTED
SUPPORTING,0.656,True,LEGITIMATE,SUSPECTED
SUPPORTING,0.828,True,MIXED,CONFIRMED
SUPPORTING,0.894,True,MIXED,CONFIRMED
SUPPORTING,0.827,True,CRIMINAL,SUSPECTED
CONTRADICTING,0.268,True,MIXED,FALSE
SUPPORTING,0.755,True,CRIMINAL,SUSPECTED
SUPPORTING,0.937,True,LEGITIMATE,CONFIRMED
CONTRADICTING,0.319,True,CRIMINAL,FALSE
SUPPORTING,0.624,True,AMBIGUOUS,SUSPECTED
SUPPORTING,0.939,True,MIXED,CONFIRMED
SUPPORTING,0.971,True,CRIMINAL,CONFIRMED
SUPPORTING,0.655,True,MIXED,SUSPECTED
SUPPORTING,0.616,True,AMBIGUOUS,SUSPECTED
NEUTRAL,0.272,True,AMBIGUOUS,UNKNOWN
CONTRADICTING,0.409,True,CRIMINAL,FALSE
SUPPORTING,0.829,True,MIXED,SUSPECTED
SUPPORTING,0.877,True,MIXED,CONFIRMED
NEUTRAL,0.398,True,AMBIGUOUS,UNKNOWN
NEUTRAL,0.204,True,MIXED,UNKNOWN
SUPPORTING,0.944,True,CRIMINAL,CONFIRMED
SUPPORTING,0.919,True,CRIMINAL,CONFIRMED
SUPPORTING,0.890,True,MIXED,CONFIRMED
SUPPORTING,0.829,True,MIXED,SUSPECTED
SUPPORTING,0.607,True,MIXED,SUSPECTED
SUPPORTING,0.820,True,MIXED,CONFIRMED
SUPPORTING,0.637,True,CRIMINAL,SUSPECTED
SUPPORTING,0.837,True,CRIMINAL,CONFIRMED
NEUTRAL,0.396,True,LEGITIMATE,UNKNOWN
SUPPORTING,0.794,True,CRIMINAL,SUSPECTED
SUPPORTING,0.922,True,MIXED,CONFIRMED
SUPPORTING,0.864,True,LEGITIMATE,CONFIRMED
CONTRADICTING,0.347,True,AMBIGUOUS,FALSE
SUPPORTING,0.953,True,CRIMINAL,CONFIRMED
CONTRADICTING,0.150,True,MIXED,FALSE
SUPPORTING,0.717,True,CRIMINAL,SUSPECTED
SUPPORTING,0.669,True,LEGITIMATE,SUSPECTED
SUPPORTING,0.839,True,CRIMINAL,CONFIRMED
SUPPORTING,0.630,True,CRIMINAL,SUSPECTED
SUPPORTING,0.943,True,MIXED,CONFIRMED
SUPPORTING,0.978,True,CRIMINAL,CONFIRMED
SUPPORTING,0.636,True,CRIMINAL,SUSPECTED
SUPPORTING,0.667,True,MIXED,SUSPECTED
SUPPORTING,0.648,True,CRIMINAL,SUSPECTED
SUPPORTING,0.805,True,CRIMINAL,SUSPECTED
SUPPORTING,0.829,True,MIXED,CONFIRMED
NEUTRAL,0.259,True,AMBIGUOUS,UNKNOWN
SUPPORTING,0.740,True,LEGITIMATE,SUSPECTED
CONTRADICTING,0.146,True,CRIMINAL,FALSE
CONTRADICTING,0.405,True,LEGITIMATE,FALSE
SUPPORTING,0.634,True,CRIMINAL,SUSPECTED
SUPPORTING,0.986,True,MIXED,CONFIRMED
SUPPORTING,0.891,True,MIXED,CONFIRMED
CONTRADICTING,0.227,True,CRIMINAL,FALSE
NEUTRAL,0.460,True,CRIMINAL,UNKNOWN
SUPPORTING,0.818,True,AMBIGUOUS,SUSPECTED
SUPPORTING,0.975,True,CRIMINAL,CONFIRMED
CONTRADICTING,0.349,True,MIXED,FALSE
SUPPORTING,0.758,True,CRIMINAL,SUSPECTED
SUPPORTING,0.960,True,MIXED,CONFIRMED
NEUTRAL,0.266,True,LEGITIMATE,UNKNOWN
SUPPORTING,0.821,True,MIXED,CONFIRMED
NEUTRAL,0.464,True,CRIMINAL,UNKNOWN
SUPPORTING,0.824,True,LEGITIMATE,SUSPECTED
CONTRADICTING,0.126,True,LEGITIMATE,FALSE
SUPPORTING,0.833,True,MIXED,CONFIRMED
NEUTRAL,0.229,True,CRIMINAL,UNKNOWN
NEUTRAL,0.300,True,CRIMINAL,UNKNOWN
SUPPORTING,0.656,True,MIXED,SUSPECTED
NEUTRAL,0.548,True,AMBIGUOUS,UNKNOWN
CONTRADICTING,0.241,True,MIXED,FALSE
SUPPORTING,0.981,True,MIXED,CONFIRMED
NEUTRAL,0.515,True,LEGITIMATE,UNKNOWN
CONTRADICTING,0.275,True,CRIMINAL,FALSE
SUPPORTING,0.955,True,CRIMINAL,CONFIRMED
NEUTRAL,0.398,True,MIXED,UNKNOWN
SUPPORTING,0.973,True,CRIMINAL,CONFIRMED
SUPPORTING,0.609,True,MIXED,SUSPECTED
SUPPORTING,0.850,True,MIXED,CONFIRMED
CONTRADICTING,0.338,True,LEGITIMATE,FALSE
SUPPORTING,0.961,True,CRIMINAL,CONFIRMED
SUPPORTING,0.834,True,LEGITIMATE,SUSPECTED
CONTRADICTING,0.343,True,CRIMINAL,FALSE
SUPPORTING,0.732,True,MIXED,SUSPECTED
CONTRADICTING,0.188,True,CRIMINAL,FALSE
SUPPORTING,0.925,True,CRIMINAL,CONFIRMED
NEUTRAL,0.372,True,MIXED,UNKNOWN
SUPPORTING,0.655,True,CRIMINAL,SUSPECTED
SUPPORTING,0.932,True,CRIMINAL,CONFIRMED
SUPPORTING,0.651,True,AMBIGUOUS,SUSPECTED
NEUTRAL,0.517,True,LEGITIMATE,UNKNOWN
NEUTRAL,0.313,True,AMBIGUOUS,UNKNOWN
CONTRADICTING,0.348,True,LEGITIMATE,FALSE
SUPPORTING,0.800,True,CRIMINAL,SUSPECTED
SUPPORTING,0.977,True,CRIMINAL,CONFIRMED
NEUTRAL,0.339,True,MIXED,UNKNOWN
NEUTRAL,0.486,True,AMBIGUOUS,UNKNOWN
NEUTRAL,0.203,True,CRIMINAL,UNKNOWN
SUPPORTING,0.850,True,AMBIGUOUS,SUSPECTED
SUPPORTING,0.934,True,AMBIGUOUS,CONFIRMED
CONTRADICTING,0.374,True,MIXED,FALSE
CONTRADICTING,0.266,True,AMBIGUOUS,FALSE
NEUTRAL,0.518,True,AMBIGUOUS,UNKNOWN
NEUTRAL,0.418,True,AMBIGUOUS,UNKNOWN
SUPPORTING,0.767,True,MIXED,SUSPECTED
NEUTRAL,0.375,True,AMBIGUOUS,UNKNOWN
SUPPORTING,0.944,True,CRIMINAL,CONFIRMED
NEUTRAL,0.356,True,MIXED,UNKNOWN
CONTRADICTING,0.233,True,AMBIGUOUS,FALSE
SUPPORTING,0.795,True,CRIMINAL,SUSPECTED
SUPPORTING,0.833,True,AMBIGUOUS,SUSPECTED
SUPPORTING,0.984,True,MIXED,CONFIRMED
CONTRADICTING,0.337,True,CRIMINAL,FALSE
NEUTRAL,0.353,True,CRIMINAL,UNKNOWN
CONTRADICTING,0.308,True,CRIMINAL,FALSE
NEUTRAL,0.396,True,LEGITIMATE,UNKNOWN
SUPPORTING,0.920,True,CRIMINAL,CONFIRMED
SUPPORTING,0.707,True,AMBIGUOUS,SUSPECTED
SUPPORTING,0.916,True,LEGITIMATE,CONFIRMED
SUPPORTING,0.878,True,CRIMINAL,CONFIRMED
CONTRADICTING,0.367,True,CRIMINAL,FALSE
SUPPORTING,0.842,True,CRIMINAL,CONFIRMED
SUPPORTING,0.787,True,LEGITIMATE,SUSPECTED
SUPPORTING,0.776,True,CRIMINAL,SUSPECTED
SUPPORTING,0.842,True,LEGITIMATE,SUSPECTED
SUPPORTING,0.661,True,MIXED,SUSPECTED
SUPPORTING,0.984,True,CRIMINAL,CONFIRMED
SUPPORTING,0.945,True,LEGITIMATE,CONFIRMED
NEUTRAL,0.416,True,CRIMINAL,UNKNOWN
SUPPORTING,0.659,True,CRIMINAL,SUSPECTED
NEUTRAL,0.230,True,CRIMINAL,UNKNOWN
SUPPORTING,0.902,True,CRIMINAL,CONFIRMED
SUPPORTING,0.883,True,MIXED,CONFIRMED
SUPPORTING,0.666,True,MIXED,SUSPECTED
CONTRADICTING,0.363,True,CRIMINAL,FALSE
CONTRADICTING,0.339,True,LEGITIMATE,FALSE
NEUTRAL,0.313,True,CRIMINAL,UNKNOWN
NEUTRAL,0.276,True,LEGITIMATE,UNKNOWN
NEUTRAL,0.384,True,AMBIGUOUS,UNKNOWN
NEUTRAL,0.440,True,LEGITIMATE,UNKNOWN
CONTRADICTING,0.221,True,CRIMINAL,FALSE
CONTRADICTING,0.305,True,LEGITIMATE,FALSE
SUPPORTING,0.887,True,LEGITIMATE,CONFIRMED
SUPPORTING,0.804,True,MIXED,SUSPECTED
SUPPORTING,0.989,True,CRIMINAL,CONFIRMED
SUPPORTING,0.765,True,MIXED,SUSPECTED
NEUTRAL,0.319,True,MIXED,UNKNOWN
SUPPORTING,0.949,True,CRIMINAL,CONFIRMED
SUPPORTING,0.619,True,AMBIGUOUS,SUSPECTED
CONTRADICTING,0.391,True,CRIMINAL,FALSE
CONTRADICTING,0.199,True,LEGITIMATE,FALSE
SUPPORTING,0.962,True,LEGITIMATE,CONFIRMED
SUPPORTING,0.872,True,CRIMINAL,CONFIRMED
SUPPORTING,0.903,True,LEGITIMATE,CONFIRMED
SUPPORTING,0.932,True,MIXED,CONFIRMED
SUPPORTING,0.844,True,LEGITIMATE,SUSPECTED
SUPPORTING,0.759,True,CRIMINAL,SUSPECTED
SUPPORTING,0.719,True,MIXED,SUSPECTED
CONTRADICTING,0.205,True,LEGITIMATE,FALSE
NEUTRAL,0.203,True,LEGITIMATE,UNKNOWN
SUPPORTING,0.951,True,CRIMINAL,CONFIRMED
SUPPORTING,0.634,True,LEGITIMATE,SUSPECTED
NEUTRAL,0.502,True,LEGITIMATE,UNKNOWN
SUPPORTING,0.906,True,LEGITIMATE,CONFIRMED
CONTRADICTING,0.356,True,MIXED,FALSE
SUPPORTING,0.891,True,CRIMINAL,CONFIRMED
SUPPORTING,0.857,True,CRIMINAL,CONFIRMED
NEUTRAL,0.444,True,LEGITIMATE,UNKNOWN
CONTRADICTING,0.341,True,CRIMINAL,FALSE
SUPPORTING,0.806,True,MIXED,SUSPECTED
SUPPORTING,0.610,True,CRIMINAL,SUSPECTED
SUPPORTING,0.834,True,CRIMINAL,SUSPECTED
CONTRADICTING,0.361,True,LEGITIMATE,FALSE
NEUTRAL,0.299,True,LEGITIMATE,UNKNOWN
CONTRADICTING,0.260,True,CRIMINAL,FALSE
NEUTRAL,0.412,True,MIXED,UNKNOWN
SUPPORTING,0.942,True,CRIMINAL,CONFIRMED
SUPPORTING,0.845,True,MIXED,CONFIRMED
CONTRADICTING,0.261,True,AMBIGUOUS,FALSE
SUPPORTING,0.583,True,LEGITIMATE,SUSPECTED
SUPPORTING,0.972,True,LEGITIMATE,CONFIRMED
SUPPORTING,0.914,True,CRIMINAL,CONFIRMED
NEUTRAL,0.349,True,LEGITIMATE,UNKNOWN
CONTRADICTING,0.359,True,CRIMINAL,FALSE
SUPPORTING,0.982,True,CRIMINAL,CONFIRMED
SUPPORTING,0.665,True,CRIMINAL,SUSPECTED
SUPPORTING,0.583,True,AMBIGUOUS,SUSPECTED
NEUTRAL,0.334,True,CRIMINAL,UNKNOWN
SUPPORTING,0.876,True,AMBIGUOUS,CONFIRMED
SUPPORTING,0.603,True,MIXED,SUSPECTED
SUPPORTING,0.919,True,CRIMINAL,CONFIRMED
SUPPORTING,0.801,True,CRIMINAL,SUSPECTED
NEUTRAL,0.337,True,LEGITIMATE,UNKNOWN
CONTRADICTING,0.378,True,LEGITIMATE,FALSE
SUPPORTING,0.981,True,CRIMINAL,CONFIRMED
CONTRADICTING,0.398,True,LEGITIMATE,FALSE
SUPPORTING,0.883,True,MIXED,CONFIRMED
SUPPORTING,0.865,True,CRIMINAL,CONFIRMED
SUPPORTING,0.948,True,CRIMINAL,CONFIRMED
CONTRADICTING,0.397,True,MIXED,FALSE
SUPPORTING,0.839,True,CRIMINAL,SUSPECTED
NEUTRAL,0.486,True,CRIMINAL,UNKNOWN
SUPPORTING,0.624,True,MIXED,SUSPECTED
NEUTRAL,0.201,True,MIXED,UNKNOWN
NEUTRAL,0.402,True,LEGITIMATE,UNKNOWN
SUPPORTING,0.656,True,CRIMINAL,SUSPECTED
SUPPORTING,0.687,True,CRIMINAL,SUSPECTED
NEUTRAL,0.332,True,CRIMINAL,UNKNOWN
NEUTRAL,0.525,True,CRIMINAL,UNKNOWN
SUPPORTING,0.941,True,CRIMINAL,CONFIRMED
NEUTRAL,0.405,True,LEGITIMATE,UNKNOWN
NEUTRAL,0.292,True,CRIMINAL,UNKNOWN
NEUTRAL,0.369,True,MIXED,UNKNOWN
SUPPORTING,0.893,True,CRIMINAL,CONFIRMED
SUPPORTING,0.697,True,LEGITIMATE,SUSPECTED
NEUTRAL,0.271,True,AMBIGUOUS,UNKNOWN
SUPPORTING,0.747,True,LEGITIMATE,SUSPECTED
SUPPORTING,0.883,True,CRIMINAL,CONFIRMED
SUPPORTING,0.787,True,MIXED,SUSPECTED
SUPPORTING,0.808,True,CRIMINAL,SUSPECTED
SUPPORTING,0.979,True,MIXED,CONFIRMED
SUPPORTING,0.659,True,MIXED,SUSPECTED
CONTRADICTING,0.184,True,AMBIGUOUS,FALSE
SUPPORTING,0.641,True,MIXED,SUSPECTED
CONTRADICTING,0.177,True,MIXED,FALSE
SUPPORTING,0.860,True,CRIMINAL,CONFIRMED
SUPPORTING,0.899,True,CRIMINAL,CONFIRMED
SUPPORTING,0.868,True,AMBIGUOUS,CONFIRMED
NEUTRAL,0.242,True,AMBIGUOUS,UNKNOWN
CONTRADICTING,0.349,True,LEGITIMATE,FALSE
CONTRADICTING,0.304,True,CRIMINAL,FALSE
NEUTRAL,0.361,True,AMBIGUOUS,UNKNOWN
CONTRADICTING,0.358,True,MIXED,FALSE
NEUTRAL,0.415,True,MIXED,UNKNOWN
SUPPORTING,0.870,True,AMBIGUOUS,CONFIRMED
SUPPORTING,0.801,True,MIXED,SUSPECTED
SUPPORTING,0.856,True,MIXED,SUSPECTED
SUPPORTING,0.606,True,MIXED,SUSPECTED
SUPPORTING,0.785,True,CRIMINAL,SUSPECTED
SUPPORTING,0.624,True,MIXED,SUSPECTED
NEUTRAL,0.318,True,CRIMINAL,UNKNOWN
NEUTRAL,0.389,True,CRIMINAL,UNKNOWN
SUPPORTING,0.890,True,LEGITIMATE,CONFIRMED
SUPPORTING,0.967,True,CRIMINAL,CONFIRMED
SUPPORTING,0.986,True,LEGITIMATE,CONFIRMED
SUPPORTING,0.975,True,LEGITIMATE,CONFIRMED
SUPPORTING,0.654,True,CRIMINAL,SUSPECTED
SUPPORTING,0.847,True,CRIMINAL,CONFIRMED
SUPPORTING,0.616,True,MIXED,SUSPECTED
NEUTRAL,0.245,True,CRIMINAL,UNKNOWN
CONTRADICTING,0.173,True,AMBIGUOUS,FALSE
NEUTRAL,0.535,True,LEGITIMATE,UNKNOWN
SUPPORTING,0.975,True,CRIMINAL,CONFIRMED
SUPPORTING,0.961,True,LEGITIMATE,CONFIRMED
SUPPORTING,0.747,True,CRIMINAL,SUSPECTED
SUPPORTING,0.879,True,LEGITIMATE,CONFIRMED
NEUTRAL,0.245,True,AMBIGUOUS,UNKNOWN
SUPPORTING,0.915,True,AMBIGUOUS,CONFIRMED
SUPPORTING,0.858,True,MIXED,SUSPECTED
SUPPORTING,0.836,True,CRIMINAL,CONFIRMED
NEUTRAL,0.424,True,AMBIGUOUS,UNKNOWN
SUPPORTING,0.973,True,CRIMINAL,CONFIRMED
SUPPORTING,0.842,True,CRIMINAL,CONFIRMED
SUPPORTING,0.636,True,CRIMINAL,SUSPECTED
SUPPORTING,0.821,True,CRIMINAL,CONFIRMED
SUPPORTING,0.851,True,CRIMINAL,CONFIRMED
SUPPORTING,0.769,True,CRIMINAL,SUSPECTED
CONTRADICTING,0.199,True,MIXED,FALSE
SUPPORTING,0.978,True,CRIMINAL,CONFIRMED
SUPPORTING,0.977,True,CRIMINAL,CONFIRMED
SUPPORTING,0.741,True,LEGITIMATE,SUSPECTED
SUPPORTING,0.725,True,LEGITIMATE,SUSPECTED
NEUTRAL,0.246,True,LEGITIMATE,UNKNOWN
SUPPORTING,0.937,True,CRIMINAL,CONFIRMED
NEUTRAL,0.482,True,MIXED,UNKNOWN
SUPPORTING,0.655,True,MIXED,SUSPECTED
SUPPORTING,0.757,True,MIXED,SUSPECTED
CONTRADICTING,0.355,True,LEGITIMATE,FALSE
SUPPORTING,0.721,True,CRIMINAL,SUSPECTED
NEUTRAL,0.201,True,LEGITIMATE,UNKNOWN
SUPPORTING,0.988,True,MIXED,CONFIRMED
NEUTRAL,0.430,True,AMBIGUOUS,UNKNOWN
SUPPORTING,0.689,True,CRIMINAL,SUSPECTED
SUPPORTING,0.803,True,CRIMINAL,SUSPECTED
SUPPORTING,0.737,True,LEGITIMATE,SUSPECTED
SUPPORTING,0.924,True,CRIMINAL,CONFIRMED
SUPPORTING,0.918,True,MIXED,CONFIRMED
SUPPORTING,0.708,True,AMBIGUOUS,SUSPECTED
NEUTRAL,0.280,True,AMBIGUOUS,UNKNOWN
CONTRADICTING,0.359,True,LEGITIMATE,FALSE
SUPPORTING,0.757,True,CRIMINAL,SUSPECTED
NEUTRAL,0.205,True,AMBIGUOUS,UNKNOWN
SUPPORTING,0.683,True,CRIMINAL,SUSPECTED
SUPPORTING,0.953,True,CRIMINAL,CONFIRMED
CONTRADICTING,0.387,True,LEGITIMATE,FALSE
SUPPORTING,0.868,True,CRIMINAL,CONFIRMED
SUPPORTING,0.606,True,MIXED,SUSPECTED
CONTRADICTING,0.180,True,LEGITIMATE,FALSE
SUPPORTING,0.887,True,CRIMINAL,CONFIRMED
NEUTRAL,0.419,True,MIXED,UNKNOWN
SUPPORTING,0.989,True,CRIMINAL,CONFIRMED
SUPPORTING,0.625,True,CRIMINAL,SUSPECTED
SUPPORTING,0.979,True,CRIMINAL,CONFIRMED
CONTRADICTING,0.159,True,MIXED,FALSE
NEUTRAL,0.517,True,CRIMINAL,UNKNOWN
SUPPORTING,0.958,True,CRIMINAL,CONFIRMED
NEUTRAL,0.326,True,MIXED,UNKNOWN
SUPPORTING,0.859,True,CRIMINAL,CONFIRMED
SUPPORTING,0.742,True,MIXED,SUSPECTED
SUPPORTING,0.632,True,AMBIGUOUS,SUSPECTED
SUPPORTING,0.829,True,CRIMINAL,SUSPECTED
CONTRADICTING,0.295,True,AMBIGUOUS,FALSE
NEUTRAL,0.514,True,MIXED,UNKNOWN
SUPPORTING,0.756,True,CRIMINAL,SUSPECTED
SUPPORTING,0.589,True,CRIMINAL,SUSPECTED
NEUTRAL,0.211,True,CRIMINAL,UNKNOWN
SUPPORTING,0.840,True,CRIMINAL,SUSPECTED
SUPPORTING,0.766,True,LEGITIMATE,SUSPECTED
SUPPORTING,0.810,True,MIXED,SUSPECTED
SUPPORTING,0.823,True,CRIMINAL,CONFIRMED
SUPPORTING,0.816,True,LEGITIMATE,SUSPECTED
NEUTRAL,0.274,True,CRIMINAL,UNKNOWN
NEUTRAL,0.439,True,MIXED,UNKNOWN
CONTRADICTING,0.283,True,MIXED,FALSE
NEUTRAL,0.389,True,MIXED,UNKNOWN
SUPPORTING,0.621,True,CRIMINAL,SUSPECTED
SUPPORTING,0.669,True,CRIMINAL,SUSPECTED
NEUTRAL,0.307,True,LEGITIMATE,UNKNOWN
SUPPORTING,0.673,True,CRIMINAL,SUSPECTED
SUPPORTING,0.665,True,AMBIGUOUS,SUSPECTED
SUPPORTING,0.622,True,MIXED,SUSPECTED
CONTRADICTING,0.178,True,LEGITIMATE,FALSE
SUPPORTING,0.945,True,MIXED,CONFIRMED
CONTRADICTING,0.354,True,AMBIGUOUS,FALSE
SUPPORTING,0.868,True,CRIMINAL,CONFIRMED
SUPPORTING,0.598,True,AMBIGUOUS,SUSPECTED
NEUTRAL,0.304,True,CRIMINAL,UNKNOWN
SUPPORTING,0.675,True,CRIMINAL,SUSPECTED
SUPPORTING,0.614,True,MIXED,SUSPECTED
SUPPORTING,0.774,True,CRIMINAL,SUSPECTED
SUPPORTING,0.844,True,CRIMINAL,CONFIRMED
CONTRADICTING,0.314,True,MIXED,FALSE
NEUTRAL,0.235,True,LEGITIMATE,UNKNOWN
SUPPORTING,0.883,True,CRIMINAL,CONFIRMED
SUPPORTING,0.781,True,CRIMINAL,SUSPECTED
NEUTRAL,0.435,True,LEGITIMATE,UNKNOWN
NEUTRAL,0.541,True,LEGITIMATE,UNKNOWN
SUPPORTING,0.706,True,CRIMINAL,SUSPECTED
NEUTRAL,0.534,True,MIXED,UNKNOWN
CONTRADICTING,0.361,True,MIXED,FALSE
SUPPORTING,0.837,True,CRIMINAL,SUSPECTED
CONTRADICTING,0.321,True,CRIMINAL,FALSE
NEUTRAL,0.518,True,AMBIGUOUS,UNKNOWN
SUPPORTING,0.925,True,AMBIGUOUS,CONFIRMED
NEUTRAL,0.239,True,LEGITIMATE,UNKNOWN
CONTRADICTING,0.414,True,MIXED,FALSE
NEUTRAL,0.521,True,CRIMINAL,UNKNOWN
NEUTRAL,0.379,True,LEGITIMATE,UNKNOWN
SUPPORTING,0.935,True,MIXED,CONFIRMED
SUPPORTING,0.854,True,CRIMINAL,SUSPECTED
CONTRADICTING,0.200,True,CRIMINAL,FALSE
SUPPORTING,0.876,True,MIXED,CONFIRMED
NEUTRAL,0.425,True,MIXED,UNKNOWN
SUPPORTING,0.927,True,CRIMINAL,CONFIRMED
SUPPORTING,0.790,True,LEGITIMATE,SUSPECTED
CONTRADICTING,0.137,True,CRIMINAL,FALSE
SUPPORTING,0.966,True,MIXED,CONFIRMED
SUPPORTING,0.847,True,MIXED,CONFIRMED
SUPPORTING,0.710,True,CRIMINAL,SUSPECTED
SUPPORTING,0.833,True,AMBIGUOUS,CONFIRMED
NEUTRAL,0.335,True,MIXED,UNKNOWN
SUPPORTING,0.789,True,CRIMINAL,SUSPECTED
SUPPORTING,0.889,True,AMBIGUOUS,CONFIRMED
SUPPORTING,0.819,True,MIXED,SUSPECTED
SUPPORTING,0.920,True,CRIMINAL,CONFIRMED
CONTRADICTING,0.361,True,LEGITIMATE,FALSE
NEUTRAL,0.383,True,CRIMINAL,UNKNOWN
SUPPORTING,0.842,True,LEGITIMATE,SUSPECTED
SUPPORTING,0.955,True,MIXED,CONFIRMED
NEUTRAL,0.438,True,LEGITIMATE,UNKNOWN
NEUTRAL,0.241,True,CRIMINAL,UNKNOWN
SUPPORTING,0.792,True,AMBIGUOUS,SUSPECTED
SUPPORTING,0.959,True,CRIMINAL,CONFIRMED
SUPPORTING,0.918,True,MIXED,CONFIRMED
NEUTRAL,0.337,True,MIXED,UNKNOWN
SUPPORTING,0.671,True,CRIMINAL,SUSPECTED
NEUTRAL,0.227,True,AMBIGUOUS,UNKNOWN
SUPPORTING,0.700,True,CRIMINAL,SUSPECTED
SUPPORTING,0.746,True,AMBIGUOUS,SUSPECTED
SUPPORTING,0.724,True,AMBIGUOUS,SUSPECTED
NEUTRAL,0.277,True,AMBIGUOUS,UNKNOWN
SUPPORTING,0.847,True,MIXED,SUSPECTED
CONTRADICTING,0.291,True,CRIMINAL,FALSE
SUPPORTING,0.791,True,AMBIGUOUS,SUSPECTED
SUPPORTING,0.893,True,CRIMINAL,CONFIRMED
SUPPORTING,0.917,True,MIXED,CONFIRMED
SUPPORTING,0.827,True,CRIMINAL,CONFIRMED
SUPPORTING,0.906,True,AMBIGUOUS,CONFIRMED
SUPPORTING,0.888,True,LEGITIMATE,CONFIRMED
CONTRADICTING,0.247,True,LEGITIMATE,FALSE
SUPPORTING,0.642,True,MIXED,SUSPECTED
SUPPORTING,0.838,True,CRIMINAL,CONFIRMED
NEUTRAL,0.480,True,LEGITIMATE,UNKNOWN
NEUTRAL,0.207,True,AMBIGUOUS,UNKNOWN
SUPPORTING,0.792,True,AMBIGUOUS,SUSPECTED
CONTRADICTING,0.175,True,LEGITIMATE,FALSE
SUPPORTING,0.778,True,CRIMINAL,SUSPECTED
SUPPORTING,0.629,True,LEGITIMATE,SUSPECTED
SUPPORTING,0.891,True,MIXED,CONFIRMED
SUPPORTING,0.808,True,AMBIGUOUS,SUSPECTED
SUPPORTING,0.602,True,CRIMINAL,SUSPECTED
NEUTRAL,0.440,True,CRIMINAL,UNKNOWN
CONTRADICTING,0.343,True,LEGITIMATE,FALSE
SUPPORTING,0.699,True,CRIMINAL,SUSPECTED
CONTRADICTING,0.392,True,LEGITIMATE,FALSE
NEUTRAL,0.460,True,LEGITIMATE,UNKNOWN
SUPPORTING,0.988,True,CRIMINAL,CONFIRMED
SUPPORTING,0.936,True,AMBIGUOUS,CONFIRMED
SUPPORTING,0.701,True,MIXED,SUSPECTED
SUPPORTING,0.834,True,CRIMINAL,CONFIRMED
SUPPORTING,0.872,True,CRIMINAL,CONFIRMED
CONTRADICTING,0.349,True,CRIMINAL,FALSE
SUPPORTING,0.800,True,MIXED,SUSPECTED
SUPPORTING,0.825,True,LEGITIMATE,CONFIRMED
SUPPORTING,0.862,True,CRIMINAL,CONFIRMED
SUPPORTING,0.890,True,AMBIGUOUS,CONFIRMED
CONTRADICTING,0.403,True,LEGITIMATE,FALSE
SUPPORTING,0.850,True,LEGITIMATE,SUSPECTED
SUPPORTING,0.958,True,CRIMINAL,CONFIRMED
SUPPORTING,0.967,True,CRIMINAL,CONFIRMED
SUPPORTING,0.977,True,CRIMINAL,CONFIRMED
NEUTRAL,0.287,True,LEGITIMATE,UNKNOWN
NEUTRAL,0.497,True,AMBIGUOUS,UNKNOWN
SUPPORTING,0.634,True,CRIMINAL,SUSPECTED
NEUTRAL,0.447,True,CRIMINAL,UNKNOWN
NEUTRAL,0.505,True,AMBIGUOUS,UNKNOWN
SUPPORTING,0.659,True,CRIMINAL,SUSPECTED
SUPPORTING,0.732,True,LEGITIMATE,SUSPECTED
SUPPORTING,0.693,True,CRIMINAL,SUSPECTED
CONTRADICTING,0.376,True,CRIMINAL,FALSE
CONTRADICTING,0.415,True,CRIMINAL,FALSE
NEUTRAL,0.355,True,MIXED,UNKNOWN
SUPPORTING,0.921,True,CRIMINAL,CONFIRMED
NEUTRAL,0.513,True,LEGITIMATE,UNKNOWN
NEUTRAL,0.333,True,LEGITIMATE,UNKNOWN
NEUTRAL,0.317,True,AMBIGUOUS,UNKNOWN
SUPPORTING,0.707,True,CRIMINAL,SUSPECTED
SUPPORTING,0.663,True,CRIMINAL,SUSPECTED
NEUTRAL,0.257,True,LEGITIMATE,UNKNOWN
SUPPORTING,0.770,True,MIXED,SUSPECTED
CONTRADICTING,0.227,True,CRIMINAL,FALSE
CONTRADICTING,0.148,True,MIXED,FALSE
SUPPORTING,0.865,True,CRIMINAL,CONFIRMED
SUPPORTING,0.985,True,AMBIGUOUS,CONFIRMED
NEUTRAL,0.240,True,CRIMINAL,UNKNOWN
SUPPORTING,0.795,True,CRIMINAL,SUSPECTED
NEUTRAL,0.505,True,AMBIGUOUS,UNKNOWN
NEUTRAL,0.400,True,LEGITIMATE,UNKNOWN
NEUTRAL,0.392,True,LEGITIMATE,UNKNOWN
SUPPORTING,0.780,True,LEGITIMATE,SUSPECTED
CONTRADICTING,0.217,True,AMBIGUOUS,FALSE
SUPPORTING,0.867,True,CRIMINAL,CONFIRMED
CONTRADICTING,0.327,True,LEGITIMATE,FALSE
NEUTRAL,0.323,True,LEGITIMATE,UNKNOWN
SUPPORTING,0.609,True,AMBIGUOUS,SUSPECTED
SUPPORTING,0.629,True,CRIMINAL,SUSPECTED
NEUTRAL,0.205,True,MIXED,UNKNOWN
SUPPORTING,0.802,True,MIXED,SUSPECTED
NEUTRAL,0.361,True,AMBIGUOUS,UNKNOWN
NEUTRAL,0.475,True,LEGITIMATE,UNKNOWN
NEUTRAL,0.325,True,CRIMINAL,UNKNOWN
NEUTRAL,0.421,True,CRIMINAL,UNKNOWN
SUPPORTING,0.676,True,MIXED,SUSPECTED
SUPPORTING,0.895,True,LEGITIMATE,CONFIRMED
CONTRADICTING,0.260,True,CRIMINAL,FALSE
NEUTRAL,0.517,True,MIXED,UNKNOWN
SUPPORTING,0.929,True,CRIMINAL,CONFIRMED
SUPPORTING,0.709,True,LEGITIMATE,SUSPECTED
NEUTRAL,0.259,True,MIXED,UNKNOWN
CONTRADICTING,0.379,True,LEGITIMATE,FALSE
CONTRADICTING,0.140,True,AMBIGUOUS,FALSE
SUPPORTING,0.789,True,CRIMINAL,SUSPECTED
NEUTRAL,0.376,True,LEGITIMATE,UNKNOWN
SUPPORTING,0.786,True,CRIMINAL,SUSPECTED
SUPPORTING,0.924,True,CRIMINAL,CONFIRMED
SUPPORTING,0.607,True,CRIMINAL,SUSPECTED
NEUTRAL,0.354,True,CRIMINAL,UNKNOWN
NEUTRAL,0.480,True,CRIMINAL,UNKNOWN
SUPPORTING,0.862,True,CRIMINAL,CONFIRMED
SUPPORTING,0.849,True,MIXED,CONFIRMED
SUPPORTING,0.812,True,CRIMINAL,SUSPECTED
NEUTRAL,0.266,True,CRIMINAL,UNKNOWN
SUPPORTING,0.713,True,LEGITIMATE,SUSPECTED
SUPPORTING,0.903,True,LEGITIMATE,CONFIRMED
CONTRADICTING,0.234,True,LEGITIMATE,FALSE
SUPPORTING,0.731,True,MIXED,SUSPECTED
SUPPORTING,0.682,True,CRIMINAL,SUSPECTED
SUPPORTING,0.662,True,MIXED,SUSPECTED
SUPPORTING,0.925,True,MIXED,CONFIRMED
SUPPORTING,0.849,True,MIXED,CONFIRMED
SUPPORTING,0.616,True,MIXED,SUSPECTED
CONTRADICTING,0.171,True,AMBIGUOUS,FALSE
SUPPORTING,0.705,True,MIXED,SUSPECTED
SUPPORTING,0.909,True,MIXED,CONFIRMED
SUPPORTING,0.666,True,MIXED,SUSPECTED
SUPPORTING,0.930,True,CRIMINAL,CONFIRMED
SUPPORTING,0.910,True,CRIMINAL,CONFIRMED
NEUTRAL,0.504,True,MIXED,UNKNOWN
SUPPORTING,0.727,True,CRIMINAL,SUSPECTED
NEUTRAL,0.515,True,CRIMINAL,UNKNOWN
NEUTRAL,0.305,True,MIXED,UNKNOWN
SUPPORTING,0.664,True,AMBIGUOUS,SUSPECTED
NEUTRAL,0.366,True,CRIMINAL,UNKNOWN
NEUTRAL,0.278,True,CRIMINAL,UNKNOWN
NEUTRAL,0.281,True,LEGITIMATE,UNKNOWN
NEUTRAL,0.327,True,MIXED,UNKNOWN
CONTRADICTING,0.254,True,AMBIGUOUS,FALSE
SUPPORTING,0.626,True,CRIMINAL,SUSPECTED
NEUTRAL,0.471,True,CRIMINAL,UNKNOWN
SUPPORTING,0.979,True,CRIMINAL,CONFIRMED
SUPPORTING,0.978,True,CRIMINAL,CONFIRMED
CONTRADICTING,0.128,True,CRIMINAL,FALSE
SUPPORTING,0.888,True,CRIMINAL,CONFIRMED
NEUTRAL,0.325,True,AMBIGUOUS,UNKNOWN
NEUTRAL,0.202,True,AMBIGUOUS,UNKNOWN
SUPPORTING,0.928,True,LEGITIMATE,CONFIRMED
NEUTRAL,0.548,True,CRIMINAL,UNKNOWN
SUPPORTING,0.918,True,AMBIGUOUS,CONFIRMED
NEUTRAL,0.214,True,LEGITIMATE,UNKNOWN
NEUTRAL,0.339,True,LEGITIMATE,UNKNOWN
CONTRADICTING,0.120,True,MIXED,FALSE
NEUTRAL,0.399,True,MIXED,UNKNOWN
NEUTRAL,0.360,True,LEGITIMATE,UNKNOWN
SUPPORTING,0.610,True,AMBIGUOUS,SUSPECTED
CONTRADICTING,0.273,True,CRIMINAL,FALSE
NEUTRAL,0.312,True,MIXED,UNKNOWN
NEUTRAL,0.290,True,MIXED,UNKNOWN
NEUTRAL,0.500,True,MIXED,UNKNOWN
CONTRADICTING,0.196,True,CRIMINAL,FALSE
NEUTRAL,0.201,True,CRIMINAL,UNKNOWN
CONTRADICTING,0.311,True,LEGITIMATE,FALSE
SUPPORTING,0.726,True,CRIMINAL,SUSPECTED
SUPPORTING,0.679,True,LEGITIMATE,SUSPECTED
CONTRADICTING,0.135,True,LEGITIMATE,FALSE
CONTRADICTING,0.258,True,MIXED,FALSE
NEUTRAL,0.214,True,MIXED,UNKNOWN
CONTRADICTING,0.334,True,LEGITIMATE,FALSE
NEUTRAL,0.461,True,MIXED,UNKNOWN
NEUTRAL,0.395,True,CRIMINAL,UNKNOWN
CONTRADICTING,0.235,True,MIXED,FALSE
SUPPORTING,0.987,True,AMBIGUOUS,CONFIRMED
SUPPORTING,0.639,True,AMBIGUOUS,SUSPECTED
SUPPORTING,0.973,True,CRIMINAL,CONFIRMED
CONTRADICTING,0.211,True,AMBIGUOUS,FALSE
SUPPORTING,0.921,True,CRIMINAL,CONFIRMED
CONTRADICTING,0.196,True,MIXED,FALSE
SUPPORTING,0.843,True,CRIMINAL,SUSPECTED
NEUTRAL,0.332,True,AMBIGUOUS,UNKNOWN
SUPPORTING,0.845,True,MIXED,CONFIRMED
SUPPORTING,0.837,True,CRIMINAL,CONFIRMED
NEUTRAL,0.217,True,CRIMINAL,UNKNOWN
SUPPORTING,0.821,True,CRIMINAL,SUSPECTED
SUPPORTING,0.922,True,MIXED,CONFIRMED
CONTRADICTING,0.162,True,AMBIGUOUS,FALSE
SUPPORTING,0.898,True,MIXED,CONFIRMED
NEUTRAL,0.428,True,LEGITIMATE,UNKNOWN
NEUTRAL,0.334,True,CRIMINAL,UNKNOWN
SUPPORTING,0.828,True,CRIMINAL,CONFIRMED
NEUTRAL,0.219,True,CRIMINAL,UNKNOWN
NEUTRAL,0.276,True,LEGITIMATE,UNKNOWN
SUPPORTING,0.799,True,CRIMINAL,SUSPECTED
SUPPORTING,0.844,True,LEGITIMATE,SUSPECTED
CONTRADICTING,0.320,True,LEGITIMATE,FALSE
SUPPORTING,0.635,True,CRIMINAL,SUSPECTED
SUPPORTING,0.693,True,CRIMINAL,SUSPECTED
NEUTRAL,0.358,True,MIXED,UNKNOWN
SUPPORTING,0.776,True,CRIMINAL,SUSPECTED
SUPPORTING,0.772,True,CRIMINAL,SUSPECTED
NEUTRAL,0.242,True,LEGITIMATE,UNKNOWN
SUPPORTING,0.955,True,MIXED,CONFIRMED
CONTRADICTING,0.147,True,AMBIGUOUS,FALSE
SUPPORTING,0.830,True,MIXED,CONFIRMED
SUPPORTING,0.794,True,LEGITIMATE,SUSPECTED
CONTRADICTING,0.251,True,LEGITIMATE,FALSE
NEUTRAL,0.228,True,AMBIGUOUS,UNKNOWN
SUPPORTING,0.961,True,CRIMINAL,CONFIRMED
NEUTRAL,0.239,True,AMBIGUOUS,UNKNOWN
SUPPORTING,0.967,True,MIXED,CONFIRMED
CONTRADICTING,0.224,True,MIXED,FALSE
SUPPORTING,0.727,True,CRIMINAL,SUSPECTED
SUPPORTING,0.631,True,CRIMINAL,SUSPECTED
SUPPORTING,0.756,True,CRIMINAL,SUSPECTED
SUPPORTING,0.717,True,MIXED,SUSPECTED
CONTRADICTING,0.371,True,MIXED,FALSE
SUPPORTING,0.652,True,AMBIGUOUS,SUSPECTED
CONTRADICTING,0.216,True,LEGITIMATE,FALSE
CONTRADICTING,0.220,True,MIXED,FALSE
CONTRADICTING,0.226,True,CRIMINAL,FALSE
SUPPORTING,0.697,True,MIXED,SUSPECTED
SUPPORTING,0.980,True,LEGITIMATE,CONFIRMED
SUPPORTING,0.858,True,MIXED,CONFIRMED
SUPPORTING,0.877,True,CRIMINAL,CONFIRMED
SUPPORTING,0.641,True,AMBIGUOUS,SUSPECTED
SUPPORTING,0.586,True,CRIMINAL,SUSPECTED
SUPPORTING,0.749,True,CRIMINAL,SUSPECTED
NEUTRAL,0.219,True,LEGITIMATE,UNKNOWN
CONTRADICTING,0.161,True,MIXED,FALSE
SUPPORTING,0.903,True,MIXED,CONFIRMED
SUPPORTING,0.974,True,CRIMINAL,CONFIRMED
NEUTRAL,0.419,True,LEGITIMATE,UNKNOWN
SUPPORTING,0.613,True,MIXED,SUSPECTED
SUPPORTING,0.798,True,MIXED,SUSPECTED
SUPPORTING,0.780,True,CRIMINAL,SUSPECTED
CONTRADICTING,0.139,True,AMBIGUOUS,FALSE
SUPPORTING,0.809,True,MIXED,SUSPECTED
SUPPORTING,0.975,True,CRIMINAL,CONFIRMED
NEUTRAL,0.337,True,LEGITIMATE,UNKNOWN
CONTRADICTING,0.377,True,LEGITIMATE,FALSE
SUPPORTING,0.673,True,LEGITIMATE,SUSPECTED
SUPPORTING,0.951,True,AMBIGUOUS,CONFIRMED
SUPPORTING,0.719,True,AMBIGUOUS,SUSPECTED
SUPPORTING,0.854,True,CRIMINAL,CONFIRMED
SUPPORTING,0.818,True,AMBIGUOUS,SUSPECTED
NEUTRAL,0.220,True,CRIMINAL,UNKNOWN
CONTRADICTING,0.200,True,LEGITIMATE,FALSE
CONTRADICTING,0.309,True,LEGITIMATE,FALSE
CONTRADICTING,0.154,True,CRIMINAL,FALSE
SUPPORTING,0.855,True,MIXED,SUSPECTED
SUPPORTING,0.606,True,AMBIGUOUS,SUSPECTED
NEUTRAL,0.386,True,AMBIGUOUS,UNKNOWN
SUPPORTING,0.812,True,AMBIGUOUS,SUSPECTED
SUPPORTING,0.806,True,AMBIGUOUS,SUSPECTED
SUPPORTING,0.598,True,AMBIGUOUS,SUSPECTED
NEUTRAL,0.202,True,LEGITIMATE,UNKNOWN
SUPPORTING,0.665,True,CRIMINAL,SUSPECTED
NEUTRAL,0.512,True,MIXED,UNKNOWN
SUPPORTING,0.825,True,MIXED,SUSPECTED
SUPPORTING,0.588,True,CRIMINAL,SUSPECTED
NEUTRAL,0.267,True,LEGITIMATE,UNKNOWN
SUPPORTING,0.894,True,CRIMINAL,CONFIRMED
SUPPORTING,0.958,True,MIXED,CONFIRMED
SUPPORTING,0.683,True,CRIMINAL,SUSPECTED
SUPPORTING,0.817,True,CRIMINAL,SUSPECTED
NEUTRAL,0.403,True,LEGITIMATE,UNKNOWN
SUPPORTING,0.750,True,CRIMINAL,SUSPECTED
SUPPORTING,0.824,True,LEGITIMATE,CONFIRMED
NEUTRAL,0.269,True,CRIMINAL,UNKNOWN
SUPPORTING,0.635,True,MIXED,SUSPECTED
CONTRADICTING,0.266,True,CRIMINAL,FALSE
CONTRADICTING,0.281,True,MIXED,FALSE
SUPPORTING,0.588,True,CRIMINAL,SUSPECTED
SUPPORTING,0.911,True,LEGITIMATE,CONFIRMED
SUPPORTING,0.789,True,CRIMINAL,SUSPECTED
SUPPORTING,0.799,True,CRIMINAL,SUSPECTED
SUPPORTING,0.709,True,CRIMINAL,SUSPECTED
SUPPORTING,0.784,True,MIXED,SUSPECTED
NEUTRAL,0.535,True,LEGITIMATE,UNKNOWN
NEUTRAL,0.209,True,MIXED,UNKNOWN
CONTRADICTING,0.143,True,MIXED,FALSE
SUPPORTING,0.699,True,AMBIGUOUS,SUSPECTED
CONTRADICTING,0.211,True,AMBIGUOUS,FALSE
SUPPORTING,0.914,True,CRIMINAL,CONFIRMED
CONTRADICTING,0.195,True,CRIMINAL,FALSE
SUPPORTING,0.738,True,MIXED,SUSPECTED
SUPPORTING,0.929,True,MIXED,CONFIRMED
SUPPORTING,0.896,True,AMBIGUOUS,CONFIRMED
SUPPORTING,0.860,True,CRIMINAL,SUSPECTED
NEUTRAL,0.298,True,CRIMINAL,UNKNOWN
SUPPORTING,0.791,True,LEGITIMATE,SUSPECTED
CONTRADICTING,0.185,True,MIXED,FALSE
NEUTRAL,0.534,True,MIXED,UNKNOWN
NEUTRAL,0.215,True,MIXED,UNKNOWN
NEUTRAL,0.443,True,LEGITIMATE,UNKNOWN
SUPPORTING,0.740,True,AMBIGUOUS,SUSPECTED
SUPPORTING,0.608,True,LEGITIMATE,SUSPECTED
SUPPORTING,0.823,True,MIXED,CONFIRMED
NEUTRAL,0.342,True,AMBIGUOUS,UNKNOWN
SUPPORTING,0.841,True,CRIMINAL,CONFIRMED
CONTRADICTING,0.241,True,CRIMINAL,FALSE
SUPPORTING,0.702,True,CRIMINAL,SUSPECTED
SUPPORTING,0.848,True,CRIMINAL,SUSPECTED
CONTRADICTING,0.345,True,AMBIGUOUS,FALSE
SUPPORTING,0.842,True,CRIMINAL,CONFIRMED
CONTRADICTING,0.187,True,AMBIGUOUS,FALSE
SUPPORTING,0.932,True,AMBIGUOUS,CONFIRMED
SUPPORTING,0.762,True,AMBIGUOUS,SUSPECTED
SUPPORTING,0.765,True,CRIMINAL,SUSPECTED
CONTRADICTING,0.375,True,MIXED,FALSE
CONTRADICTING,0.157,True,CRIMINAL,FALSE
SUPPORTING,0.824,True,LEGITIMATE,SUSPECTED
SUPPORTING,0.738,True,CRIMINAL,SUSPECTED
NEUTRAL,0.268,True,MIXED,UNKNOWN
SUPPORTING,0.598,True,MIXED,SUSPECTED
CONTRADICTING,0.215,True,AMBIGUOUS,FALSE
NEUTRAL,0.542,True,LEGITIMATE,UNKNOWN
NEUTRAL,0.201,True,MIXED,UNKNOWN
SUPPORTING,0.743,True,CRIMINAL,SUSPECTED
SUPPORTING,0.827,True,CRIMINAL,CONFIRMED
CONTRADICTING,0.175,True,AMBIGUOUS,FALSE
SUPPORTING,0.646,True,CRIMINAL,SUSPECTED
SUPPORTING,0.675,True,CRIMINAL,SUSPECTED
SUPPORTING,0.880,True,MIXED,CONFIRMED
SUPPORTING,0.722,True,MIXED,SUSPECTED
SUPPORTING,0.862,True,LEGITIMATE,CONFIRMED
SUPPORTING,0.945,True,CRIMINAL,CONFIRMED
SUPPORTING,0.909,True,CRIMINAL,CONFIRMED
SUPPORTING,0.956,True,CRIMINAL,CONFIRMED
SUPPORTING,0.975,True,CRIMINAL,CONFIRMED
SUPPORTING,0.751,True,MIXED,SUSPECTED
SUPPORTING,0.887,True,MIXED,CONFIRMED
SUPPORTING,0.976,True,CRIMINAL,CONFIRMED
NEUTRAL,0.455,True,MIXED,UNKNOWN
NEUTRAL,0.470,True,LEGITIMATE,UNKNOWN
SUPPORTING,0.755,True,AMBIGUOUS,SUSPECTED
CONTRADICTING,0.252,True,CRIMINAL,FALSE
SUPPORTING,0.686,True,AMBIGUOUS,SUSPECTED
NEUTRAL,0.550,True,CRIMINAL,UNKNOWN
CONTRADICTING,0.167,True,AMBIGUOUS,FALSE
SUPPORTING,0.665,True,AMBIGUOUS,SUSPECTED
SUPPORTING,0.840,True,MIXED,SUSPECTED
NEUTRAL,0.346,True,AMBIGUOUS,UNKNOWN
SUPPORTING,0.910,True,MIXED,CONFIRMED
SUPPORTING,0.896,True,CRIMINAL,CONFIRMED
NEUTRAL,0.478,True,LEGITIMATE,UNKNOWN
SUPPORTING,0.912,True,CRIMINAL,CONFIRMED
SUPPORTING,0.877,True,CRIMINAL,CONFIRMED
NEUTRAL,0.307,True,AMBIGUOUS,UNKNOWN
NEUTRAL,0.406,True,CRIMINAL,UNKNOWN
NEUTRAL,0.212,True,CRIMINAL,UNKNOWN
SUPPORTING,0.608,True,MIXED,SUSPECTED
SUPPORTING,0.792,True,MIXED,SUSPECTED
SUPPORTING,0.868,True,CRIMINAL,CONFIRMED
CONTRADICTING,0.195,True,MIXED,FALSE
SUPPORTING,0.826,True,CRIMINAL,SUSPECTED
SUPPORTING,0.933,True,CRIMINAL,CONFIRMED
SUPPORTING,0.926,True,LEGITIMATE,CONFIRMED
SUPPORTING,0.970,True,LEGITIMATE,CONFIRMED
SUPPORTING,0.756,True,CRIMINAL,SUSPECTED
SUPPORTING,0.687,True,CRIMINAL,SUSPECTED
NEUTRAL,0.237,True,LEGITIMATE,UNKNOWN
SUPPORTING,0.772,True,CRIMINAL,SUSPECTED
SUPPORTING,0.610,True,CRIMINAL,SUSPECTED
NEUTRAL,0.404,True,MIXED,UNKNOWN
SUPPORTING,0.592,True,MIXED,SUSPECTED
SUPPORTING,0.678,True,CRIMINAL,SUSPECTED
NEUTRAL,0.472,True,CRIMINAL,UNKNOWN
SUPPORTING,0.619,True,AMBIGUOUS,SUSPECTED
SUPPORTING,0.597,True,CRIMINAL,SUSPECTED
SUPPORTING,0.850,True,CRIMINAL,CONFIRMED
SUPPORTING,0.966,True,CRIMINAL,CONFIRMED
CONTRADICTING,0.148,True,CRIMINAL,FALSE
SUPPORTING,0.643,True,AMBIGUOUS,SUSPECTED
SUPPORTING,0.766,True,AMBIGUOUS,SUSPECTED
SUPPORTING,0.811,True,CRIMINAL,SUSPECTED
CONTRADICTING,0.298,True,LEGITIMATE,FALSE
CONTRADICTING,0.278,True,MIXED,FALSE
SUPPORTING,0.938,True,LEGITIMATE,CONFIRMED
SUPPORTING,0.788,True,LEGITIMATE,SUSPECTED
SUPPORTING,0.981,True,LEGITIMATE,CONFIRMED
CONTRADICTING,0.314,True,LEGITIMATE,FALSE
CONTRADICTING,0.349,True,LEGITIMATE,FALSE
NEUTRAL,0.476,True,CRIMINAL,UNKNOWN
NEUTRAL,0.267,True,MIXED,UNKNOWN
NEUTRAL,0.388,True,LEGITIMATE,UNKNOWN
SUPPORTING,0.939,True,AMBIGUOUS,CONFIRMED
NEUTRAL,0.549,True,AMBIGUOUS,UNKNOWN
SUPPORTING,0.966,True,AMBIGUOUS,CONFIRMED
NEUTRAL,0.362,True,AMBIGUOUS,UNKNOWN
SUPPORTING,0.788,True,LEGITIMATE,SUSPECTED
SUPPORTING,0.780,True,MIXED,SUSPECTED
CONTRADICTING,0.221,True,AMBIGUOUS,FALSE
NEUTRAL,0.398,True,MIXED,UNKNOWN
SUPPORTING,0.927,True,CRIMINAL,CONFIRMED
SUPPORTING,0.822,True,CRIMINAL,CONFIRMED
SUPPORTING,0.728,True,AMBIGUOUS,SUSPECTED
NEUTRAL,0.208,True,AMBIGUOUS,UNKNOWN
SUPPORTING,0.654,True,MIXED,SUSPECTED
SUPPORTING,0.806,True,MIXED,SUSPECTED
SUPPORTING,0.846,True,LEGITIMATE,SUSPECTED
NEUTRAL,0.271,True,MIXED,UNKNOWN
CONTRADICTING,0.173,True,LEGITIMATE,FALSE
SUPPORTING,0.832,True,MIXED,CONFIRMED
NEUTRAL,0.483,True,CRIMINAL,UNKNOWN
SUPPORTING,0.844,True,CRIMINAL,SUSPECTED
SUPPORTING,0.922,True,MIXED,CONFIRMED
SUPPORTING,0.773,True,CRIMINAL,SUSPECTED
NEUTRAL,0.342,True,CRIMINAL,UNKNOWN
SUPPORTING,0.945,True,AMBIGUOUS,CONFIRMED
SUPPORTING,0.791,True,AMBIGUOUS,SUSPECTED
SUPPORTING,0.827,True,MIXED,SUSPECTED
NEUTRAL,0.362,True,CRIMINAL,UNKNOWN
CONTRADICTING,0.343,True,CRIMINAL,FALSE
NEUTRAL,0.291,True,AMBIGUOUS,UNKNOWN
SUPPORTING,0.841,True,CRIMINAL,CONFIRMED
CONTRADICTING,0.270,True,AMBIGUOUS,FALSE
NEUTRAL,0.532,True,LEGITIMATE,UNKNOWN
NEUTRAL,0.464,True,AMBIGUOUS,UNKNOWN
CONTRADICTING,0.170,True,LEGITIMATE,FALSE
SUPPORTING,0.757,True,MIXED,SUSPECTED
SUPPORTING,0.684,True,MIXED,SUSPECTED
SUPPORTING,0.642,True,LEGITIMATE,SUSPECTED
NEUTRAL,0.358,True,CRIMINAL,UNKNOWN
SUPPORTING,0.916,True,AMBIGUOUS,CONFIRMED
SUPPORTING,0.725,True,MIXED,SUSPECTED
SUPPORTING,0.852,True,CRIMINAL,CONFIRMED
SUPPORTING,0.796,True,CRIMINAL,SUSPECTED
SUPPORTING,0.825,True,LEGITIMATE,CONFIRMED
CONTRADICTING,0.364,True,CRIMINAL,FALSE
SUPPORTING,0.968,True,MIXED,CONFIRMED
CONTRADICTING,0.232,True,CRIMINAL,FALSE
SUPPORTING,0.699,True,MIXED,SUSPECTED
SUPPORTING,0.891,True,CRIMINAL,CONFIRMED
SUPPORTING,0.850,True,CRIMINAL,SUSPECTED
SUPPORTING,0.664,True,MIXED,SUSPECTED
SUPPORTING,0.838,True,CRIMINAL,CONFIRMED
CONTRADICTING,0.351,True,LEGITIMATE,FALSE
SUPPORTING,0.708,True,MIXED,SUSPECTED
NEUTRAL,0.350,True,LEGITIMATE,UNKNOWN
SUPPORTING,0.672,True,CRIMINAL,SUSPECTED
SUPPORTING,0.977,True,CRIMINAL,CONFIRMED
SUPPORTING,0.685,True,CRIMINAL,SUSPECTED
SUPPORTING,0.610,True,CRIMINAL,SUSPECTED
SUPPORTING,0.954,True,CRIMINAL,CONFIRMED
NEUTRAL,0.425,True,LEGITIMATE,UNKNOWN
SUPPORTING,0.954,True,CRIMINAL,CONFIRMED
SUPPORTING,0.888,True,AMBIGUOUS,CONFIRMED
SUPPORTING,0.818,True,MIXED,SUSPECTED
SUPPORTING,0.850,True,CRIMINAL,CONFIRMED
SUPPORTING,0.731,True,AMBIGUOUS,SUSPECTED
NEUTRAL,0.330,True,CRIMINAL,UNKNOWN
CONTRADICTING,0.291,True,CRIMINAL,FALSE
SUPPORTING,0.646,True,AMBIGUOUS,SUSPECTED
SUPPORTING,0.907,True,CRIMINAL,CONFIRMED
SUPPORTING,0.803,True,AMBIGUOUS,SUSPECTED
NEUTRAL,0.330,True,MIXED,UNKNOWN
SUPPORTING,0.969,True,CRIMINAL,CONFIRMED
SUPPORTING,0.678,True,CRIMINAL,SUSPECTED
SUPPORTING,0.701,True,CRIMINAL,SUSPECTED
NEUTRAL,0.372,True,AMBIGUOUS,UNKNOWN
CONTRADICTING,0.169,True,AMBIGUOUS,FALSE
SUPPORTING,0.601,True,CRIMINAL,SUSPECTED
NEUTRAL,0.490,True,CRIMINAL,UNKNOWN
NEUTRAL,0.226,True,CRIMINAL,UNKNOWN
SUPPORTING,0.700,True,AMBIGUOUS,SUSPECTED
SUPPORTING,0.948,True,AMBIGUOUS,CONFIRMED
SUPPORTING,0.606,True,MIXED,SUSPECTED
CONTRADICTING,0.168,True,CRIMINAL,FALSE
SUPPORTING,0.622,True,MIXED,SUSPECTED
SUPPORTING,0.608,True,MIXED,SUSPECTED
CONTRADICTING,0.334,True,CRIMINAL,FALSE
CONTRADICTING,0.233,True,MIXED,FALSE
SUPPORTING,0.628,True,AMBIGUOUS,SUSPECTED
CONTRADICTING,0.344,True,CRIMINAL,FALSE
SUPPORTING,0.968,True,CRIMINAL,CONFIRMED
SUPPORTING,0.858,True,CRIMINAL,SUSPECTED
SUPPORTING,0.850,True,CRIMINAL,CONFIRMED
SUPPORTING,0.838,True,CRIMINAL,SUSPECTED
NEUTRAL,0.508,True,CRIMINAL,UNKNOWN
CONTRADICTING,0.125,True,MIXED,FALSE
SUPPORTING,0.890,True,CRIMINAL,CONFIRMED
CONTRADICTING,0.170,True,AMBIGUOUS,FALSE
SUPPORTING,0.989,True,MIXED,CONFIRMED
SUPPORTING,0.838,True,CRIMINAL,SUSPECTED
SUPPORTING,0.899,True,AMBIGUOUS,CONFIRMED
NEUTRAL,0.383,True,CRIMINAL,UNKNOWN
SUPPORTING,0.656,True,CRIMINAL,SUSPECTED
NEUTRAL,0.289,True,AMBIGUOUS,UNKNOWN
SUPPORTING,0.698,True,CRIMINAL,SUSPECTED
NEUTRAL,0.416,True,LEGITIMATE,UNKNOWN
SUPPORTING,0.675,True,CRIMINAL,SUSPECTED
NEUTRAL,0.258,True,LEGITIMATE,UNKNOWN
NEUTRAL,0.494,True,MIXED,UNKNOWN
SUPPORTING,0.856,True,MIXED,SUSPECTED
SUPPORTING,0.869,True,CRIMINAL,CONFIRMED
SUPPORTING,0.918,True,LEGITIMATE,CONFIRMED
NEUTRAL,0.291,True,MIXED,UNKNOWN
NEUTRAL,0.218,True,AMBIGUOUS,UNKNOWN
SUPPORTING,0.870,True,MIXED,CONFIRMED
SUPPORTING,0.720,True,MIXED,SUSPECTED
SUPPORTING,0.818,True,CRIMINAL,SUSPECTED
SUPPORTING,0.662,True,CRIMINAL,SUSPECTED
NEUTRAL,0.403,True,CRIMINAL,UNKNOWN
CONTRADICTING,0.250,True,LEGITIMATE,FALSE
SUPPORTING,0.803,True,CRIMINAL,SUSPECTED
CONTRADICTING,0.267,True,CRIMINAL,FALSE
NEUTRAL,0.322,True,AMBIGUOUS,UNKNOWN
SUPPORTING,0.917,True,CRIMINAL,CONFIRMED
SUPPORTING,0.785,True,CRIMINAL,SUSPECTED
SUPPORTING,0.633,True,CRIMINAL,SUSPECTED
SUPPORTING,0.833,True,MIXED,CONFIRMED
SUPPORTING,0.811,True,LEGITIMATE,SUSPECTED
SUPPORTING,0.593,True,CRIMINAL,SUSPECTED
SUPPORTING,0.856,True,CRIMINAL,SUSPECTED
NEUTRAL,0.532,True,MIXED,UNKNOWN
CONTRADICTING,0.174,True,CRIMINAL,FALSE
SUPPORTING,0.884,True,LEGITIMATE,CONFIRMED
SUPPORTING,0.605,True,CRIMINAL,SUSPECTED
SUPPORTING,0.850,True,MIXED,CONFIRMED
NEUTRAL,0.246,True,MIXED,UNKNOWN
NEUTRAL,0.378,True,LEGITIMATE,UNKNOWN
SUPPORTING,0.951,True,CRIMINAL,CONFIRMED
SUPPORTING,0.750,True,AMBIGUOUS,SUSPECTED
NEUTRAL,0.248,True,CRIMINAL,UNKNOWN
NEUTRAL,0.379,True,LEGITIMATE,UNKNOWN
SUPPORTING,0.932,True,CRIMINAL,CONFIRMED
SUPPORTING,0.850,True,CRIMINAL,CONFIRMED
SUPPORTING,0.783,True,MIXED,SUSPECTED
SUPPORTING,0.984,True,MIXED,CONFIRMED
SUPPORTING,0.665,True,MIXED,SUSPECTED
SUPPORTING,0.758,True,CRIMINAL,SUSPECTED
SUPPORTING,0.832,True,CRIMINAL,CONFIRMED
SUPPORTING,0.986,True,LEGITIMATE,CONFIRMED
SUPPORTING,0.854,True,CRIMINAL,CONFIRMED
SUPPORTING,0.686,True,AMBIGUOUS,SUSPECTED
SUPPORTING,0.679,True,LEGITIMATE,SUSPECTED
NEUTRAL,0.383,True,CRIMINAL,UNKNOWN
SUPPORTING,0.684,True,MIXED,SUSPECTED
SUPPORTING,0.769,True,CRIMINAL,SUSPECTED
NEUTRAL,0.369,True,CRIMINAL,UNKNOWN
SUPPORTING,0.812,True,LEGITIMATE,SUSPECTED
SUPPORTING,0.910,True,CRIMINAL,CONFIRMED
SUPPORTING,0.827,True,CRIMINAL,CONFIRMED
CONTRADICTING,0.271,True,AMBIGUOUS,FALSE
SUPPORTING,0.796,True,MIXED,SUSPECTED
SUPPORTING,0.680,True,CRIMINAL,SUSPECTED
CONTRADICTING,0.219,True,LEGITIMATE,FALSE
CONTRADICTING,0.235,True,AMBIGUOUS,FALSE
SUPPORTING,0.867,True,MIXED,CONFIRMED
SUPPORTING,0.956,True,CRIMINAL,CONFIRMED
SUPPORTING,0.682,True,MIXED,SUSPECTED
SUPPORTING,0.860,True,CRIMINAL,CONFIRMED
SUPPORTING,0.753,True,CRIMINAL,SUSPECTED
CONTRADICTING,0.265,True,AMBIGUOUS,FALSE
SUPPORTING,0.935,True,CRIMINAL,CONFIRMED
NEUTRAL,0.396,True,MIXED,UNKNOWN
SUPPORTING,0.843,True,AMBIGUOUS,SUSPECTED
SUPPORTING,0.722,True,MIXED,SUSPECTED
NEUTRAL,0.401,True,LEGITIMATE,UNKNOWN
SUPPORTING,0.894,True,LEGITIMATE,CONFIRMED
SUPPORTING,0.726,True,CRIMINAL,SUSPECTED
SUPPORTING,0.843,True,CRIMINAL,SUSPECTED
NEUTRAL,0.280,True,CRIMINAL,UNKNOWN
SUPPORTING,0.603,True,MIXED,SUSPECTED
SUPPORTING,0.717,True,AMBIGUOUS,SUSPECTED
SUPPORTING,0.700,True,AMBIGUOUS,SUSPECTED
CONTRADICTING,0.120,True,AMBIGUOUS,FALSE
SUPPORTING,0.908,True,CRIMINAL,CONFIRMED
SUPPORTING,0.828,True,CRIMINAL,CONFIRMED
CONTRADICTING,0.186,True,LEGITIMATE,FALSE
SUPPORTING,0.617,True,MIXED,SUSPECTED
NEUTRAL,0.269,True,MIXED,UNKNOWN
SUPPORTING,0.821,True,CRIMINAL,SUSPECTED
SUPPORTING,0.977,True,CRIMINAL,CONFIRMED
CONTRADICTING,0.269,True,MIXED,FALSE
SUPPORTING,0.636,True,CRIMINAL,SUSPECTED
CONTRADICTING,0.350,True,LEGITIMATE,FALSE
SUPPORTING,0.959,True,CRIMINAL,CONFIRMED
SUPPORTING,0.876,True,MIXED,CONFIRMED
NEUTRAL,0.274,True,LEGITIMATE,UNKNOWN
NEUTRAL,0.415,True,LEGITIMATE,UNKNOWN
NEUTRAL,0.415,True,AMBIGUOUS,UNKNOWN
SUPPORTING,0.941,True,MIXED,CONFIRMED
CONTRADICTING,0.227,True,LEGITIMATE,FALSE
SUPPORTING,0.689,True,CRIMINAL,SUSPECTED
SUPPORTING,0.583,True,MIXED,SUSPECTED
SUPPORTING,0.613,True,CRIMINAL,SUSPECTED
SUPPORTING,0.848,True,MIXED,SUSPECTED
SUPPORTING,0.969,True,CRIMINAL,CONFIRMED
CONTRADICTING,0.312,True,MIXED,FALSE
NEUTRAL,0.342,True,CRIMINAL,UNKNOWN
SUPPORTING,0.941,True,MIXED,CONFIRMED
SUPPORTING,0.719,True,CRIMINAL,SUSPECTED
CONTRADICTING,0.234,True,LEGITIMATE,FALSE
NEUTRAL,0.204,True,AMBIGUOUS,UNKNOWN
SUPPORTING,0.827,True,CRIMINAL,SUSPECTED
SUPPORTING,0.671,True,MIXED,SUSPECTED
NEUTRAL,0.288,True,LEGITIMATE,UNKNOWN
SUPPORTING,0.769,True,CRIMINAL,SUSPECTED
SUPPORTING,0.611,True,LEGITIMATE,SUSPECTED
NEUTRAL,0.299,True,LEGITIMATE,UNKNOWN
SUPPORTING,0.816,True,LEGITIMATE,SUSPECTED
NEUTRAL,0.510,True,AMBIGUOUS,UNKNOWN
SUPPORTING,0.683,True,LEGITIMATE,SUSPECTED
SUPPORTING,0.798,True,CRIMINAL,SUSPECTED
SUPPORTING,0.913,True,CRIMINAL,CONFIRMED
SUPPORTING,0.670,True,CRIMINAL,SUSPECTED
SUPPORTING,0.821,True,MIXED,SUSPECTED
NEUTRAL,0.543,True,LEGITIMATE,UNKNOWN
SUPPORTING,0.670,True,MIXED,SUSPECTED
SUPPORTING,0.842,True,CRIMINAL,CONFIRMED
SUPPORTING,0.842,True,AMBIGUOUS,CONFIRMED
SUPPORTING,0.851,True,CRIMINAL,CONFIRMED
SUPPORTING,0.854,True,LEGITIMATE,CONFIRMED
SUPPORTING,0.699,True,LEGITIMATE,SUSPECTED
SUPPORTING,0.978,True,CRIMINAL,CONFIRMED
NEUTRAL,0.405,True,MIXED,UNKNOWN
CONTRADICTING,0.261,True,CRIMINAL,FALSE
NEUTRAL,0.535,True,LEGITIMATE,UNKNOWN
SUPPORTING,0.624,True,MIXED,SUSPECTED
SUPPORTING,0.853,True,CRIMINAL,SUSPECTED
SUPPORTING,0.981,True,MIXED,CONFIRMED
CONTRADICTING,0.181,True,MIXED,FALSE
SUPPORTING,0.599,True,CRIMINAL,SUSPECTED
SUPPORTING,0.931,True,CRIMINAL,CONFIRMED
NEUTRAL,0.379,True,AMBIGUOUS,UNKNOWN
SUPPORTING,0.928,True,AMBIGUOUS,CONFIRMED
NEUTRAL,0.450,True,AMBIGUOUS,UNKNOWN
SUPPORTING,0.680,True,CRIMINAL,SUSPECTED
NEUTRAL,0.466,True,CRIMINAL,UNKNOWN
SUPPORTING,0.652,True,MIXED,SUSPECTED
NEUTRAL,0.325,True,MIXED,UNKNOWN
SUPPORTING,0.790,True,CRIMINAL,SUSPECTED
SUPPORTING,0.696,True,CRIMINAL,SUSPECTED
NEUTRAL,0.446,True,CRIMINAL,UNKNOWN
NEUTRAL,0.467,True,CRIMINAL,UNKNOWN
SUPPORTING,0.660,True,AMBIGUOUS,SUSPECTED
NEUTRAL,0.430,True,AMBIGUOUS,UNKNOWN
CONTRADICTING,0.336,True,CRIMINAL,FALSE
NEUTRAL,0.447,True,MIXED,UNKNOWN
CONTRADICTING,0.280,True,CRIMINAL,FALSE
SUPPORTING,0.583,True,LEGITIMATE,SUSPECTED
SUPPORTING,0.776,True,CRIMINAL,SUSPECTED
SUPPORTING,0.873,True,MIXED,CONFIRMED
SUPPORTING,0.856,True,MIXED,SUSPECTED
SUPPORTING,0.811,True,CRIMINAL,SUSPECTED
SUPPORTING,0.733,True,CRIMINAL,SUSPECTED
SUPPORTING,0.833,True,CRIMINAL,SUSPECTED
SUPPORTING,0.650,True,LEGITIMATE,SUSPECTED
SUPPORTING,0.882,True,CRIMINAL,CONFIRMED
NEUTRAL,0.421,True,MIXED,UNKNOWN
SUPPORTING,0.984,True,MIXED,CONFIRMED
SUPPORTING,0.979,True,CRIMINAL,CONFIRMED
CONTRADICTING,0.146,True,LEGITIMATE,FALSE
CONTRADICTING,0.166,True,MIXED,FALSE
CONTRADICTING,0.217,True,LEGITIMATE,FALSE
NEUTRAL,0.511,True,CRIMINAL,UNKNOWN
SUPPORTING,0.625,True,CRIMINAL,SUSPECTED
NEUTRAL,0.419,True,AMBIGUOUS,UNKNOWN
SUPPORTING,0.857,True,MIXED,CONFIRMED
SUPPORTING,0.976,True,MIXED,CONFIRMED
SUPPORTING,0.891,True,CRIMINAL,CONFIRMED
NEUTRAL,0.452,True,MIXED,UNKNOWN
SUPPORTING,0.604,True,LEGITIMATE,SUSPECTED
CONTRADICTING,0.382,True,CRIMINAL,FALSE
NEUTRAL,0.267,True,MIXED,UNKNOWN
NEUTRAL,0.204,True,MIXED,UNKNOWN
NEUTRAL,0.505,True,MIXED,UNKNOWN
SUPPORTING,0.974,True,LEGITIMATE,CONFIRMED
NEUTRAL,0.480,True,MIXED,UNKNOWN
NEUTRAL,0.510,True,LEGITIMATE,UNKNOWN
SUPPORTING,0.933,True,LEGITIMATE,CONFIRMED
NEUTRAL,0.485,True,CRIMINAL,UNKNOWN
SUPPORTING,0.744,True,LEGITIMATE,SUSPECTED
SUPPORTING,0.750,True,LEGITIMATE,SUSPECTED
NEUTRAL,0.426,True,AMBIGUOUS,UNKNOWN
SUPPORTING,0.716,True,CRIMINAL,SUSPECTED
CONTRADICTING,0.361,True,MIXED,FALSE
SUPPORTING,0.964,True,CRIMINAL,CONFIRMED
CONTRADICTING,0.152,True,LEGITIMATE,FALSE
NEUTRAL,0.528,True,CRIMINAL,UNKNOWN
SUPPORTING,0.757,True,MIXED,SUSPECTED
SUPPORTING,0.924,True,CRIMINAL,CONFIRMED
SUPPORTING,0.618,True,CRIMINAL,SUSPECTED
NEUTRAL,0.250,True,AMBIGUOUS,UNKNOWN
SUPPORTING,0.781,True,CRIMINAL,SUSPECTED
SUPPORTING,0.815,True,CRIMINAL,SUSPECTED
CONTRADICTING,0.382,True,LEGITIMATE,FALSE
NEUTRAL,0.212,True,CRIMINAL,UNKNOWN
SUPPORTING,0.844,True,CRIMINAL,SUSPECTED
NEUTRAL,0.210,True,CRIMINAL,UNKNOWN
SUPPORTING,0.652,True,AMBIGUOUS,SUSPECTED
SUPPORTING,0.710,True,MIXED,SUSPECTED
SUPPORTING,0.920,True,MIXED,CONFIRMED
CONTRADICTING,0.338,True,LEGITIMATE,FALSE
SUPPORTING,0.640,True,CRIMINAL,SUSPECTED
CONTRADICTING,0.228,True,LEGITIMATE,FALSE
NEUTRAL,0.224,True,MIXED,UNKNOWN
CONTRADICTING,0.405,True,MIXED,FALSE
CONTRADICTING,0.296,True,CRIMINAL,FALSE
SUPPORTING,0.857,True,CRIMINAL,CONFIRMED
SUPPORTING,0.967,True,CRIMINAL,CONFIRMED
SUPPORTING,0.697,True,AMBIGUOUS,SUSPECTED
SUPPORTING,0.592,True,LEGITIMATE,SUSPECTED
SUPPORTING,0.629,True,CRIMINAL,SUSPECTED
NEUTRAL,0.324,True,AMBIGUOUS,UNKNOWN
SUPPORTING,0.648,True,MIXED,SUSPECTED
CONTRADICTING,0.147,True,MIXED,FALSE
SUPPORTING,0.943,True,MIXED,CONFIRMED
SUPPORTING,0.609,True,LEGITIMATE,SUSPECTED
SUPPORTING,0.665,True,CRIMINAL,SUSPECTED
SUPPORTING,0.826,True,CRIMINAL,CONFIRMED
CONTRADICTING,0.370,True,LEGITIMATE,FALSE
SUPPORTING,0.685,True,LEGITIMATE,SUSPECTED
SUPPORTING,0.641,True,AMBIGUOUS,SUSPECTED
SUPPORTING,0.786,True,CRIMINAL,SUSPECTED
SUPPORTING,0.845,True,CRIMINAL,CONFIRMED
SUPPORTING,0.622,True,CRIMINAL,SUSPECTED
SUPPORTING,0.671,True,CRIMINAL,SUSPECTED
CONTRADICTING,0.196,True,LEGITIMATE,FALSE
SUPPORTING,0.872,True,MIXED,CONFIRMED
NEUTRAL,0.505,True,CRIMINAL,UNKNOWN
NEUTRAL,0.394,True,MIXED,UNKNOWN
SUPPORTING,0.665,True,MIXED,SUSPECTED
SUPPORTING,0.855,True,CRIMINAL,SUSPECTED
SUPPORTING,0.989,True,MIXED,CONFIRMED
SUPPORTING,0.751,True,AMBIGUOUS,SUSPECTED
SUPPORTING,0.757,True,MIXED,SUSPECTED
SUPPORTING,0.897,True,MIXED,CONFIRMED
NEUTRAL,0.509,True,CRIMINAL,UNKNOWN
NEUTRAL,0.332,True,AMBIGUOUS,UNKNOWN
SUPPORTING,0.835,True,MIXED,SUSPECTED
NEUTRAL,0.337,True,MIXED,UNKNOWN
SUPPORTING,0.835,True,CRIMINAL,CONFIRMED
NEUTRAL,0.239,True,MIXED,UNKNOWN
SUPPORTING,0.859,True,AMBIGUOUS,SUSPECTED
NEUTRAL,0.429,True,CRIMINAL,UNKNOWN
NEUTRAL,0.319,True,CRIMINAL,UNKNOWN
NEUTRAL,0.279,True,LEGITIMATE,UNKNOWN
NEUTRAL,0.226,True,CRIMINAL,UNKNOWN
NEUTRAL,0.326,True,LEGITIMATE,UNKNOWN
SUPPORTING,0.756,True,MIXED,SUSPECTED
CONTRADICTING,0.138,True,CRIMINAL,FALSE
SUPPORTING,0.701,True,AMBIGUOUS,SUSPECTED
SUPPORTING,0.610,True,AMBIGUOUS,SUSPECTED
SUPPORTING,0.582,True,AMBIGUOUS,SUSPECTED
NEUTRAL,0.533,True,MIXED,UNKNOWN
SUPPORTING,0.662,True,MIXED,SUSPECTED
NEUTRAL,0.411,True,LEGITIMATE,UNKNOWN
SUPPORTING,0.947,True,CRIMINAL,CONFIRMED
SUPPORTING,0.908,True,CRIMINAL,CONFIRMED
NEUTRAL,0.218,True,LEGITIMATE,UNKNOWN
SUPPORTING,0.801,True,CRIMINAL,SUSPECTED
SUPPORTING,0.622,True,MIXED,SUSPECTED
CONTRADICTING,0.155,True,MIXED,FALSE
CONTRADICTING,0.173,True,LEGITIMATE,FALSE
SUPPORTING,0.967,True,LEGITIMATE,CONFIRMED
NEUTRAL,0.428,True,MIXED,UNKNOWN
SUPPORTING,0.685,True,CRIMINAL,SUSPECTED
SUPPORTING,0.919,True,CRIMINAL,CONFIRMED
NEUTRAL,0.467,True,LEGITIMATE,UNKNOWN
SUPPORTING,0.599,True,MIXED,SUSPECTED
NEUTRAL,0.473,True,CRIMINAL,UNKNOWN
CONTRADICTING,0.356,True,LEGITIMATE,FALSE
SUPPORTING,0.880,True,MIXED,CONFIRMED
SUPPORTING,0.885,True,AMBIGUOUS,CONFIRMED
SUPPORTING,0.666,True,CRIMINAL,SUSPECTED
SUPPORTING,0.678,True,AMBIGUOUS,SUSPECTED
SUPPORTING,0.804,True,CRIMINAL,SUSPECTED
NEUTRAL,0.529,True,AMBIGUOUS,UNKNOWN
SUPPORTING,0.664,True,CRIMINAL,SUSPECTED
SUPPORTING,0.671,True,CRIMINAL,SUSPECTED
SUPPORTING,0.916,True,CRIMINAL,CONFIRMED
SUPPORTING,0.854,True,AMBIGUOUS,CONFIRMED
NEUTRAL,0.242,True,LEGITIMATE,UNKNOWN
NEUTRAL,0.440,True,MIXED,UNKNOWN
CONTRADICTING,0.341,True,CRIMINAL,FALSE
SUPPORTING,0.839,True,CRIMINAL,SUSPECTED
SUPPORTING,0.792,True,MIXED,SUSPECTED
NEUTRAL,0.201,True,CRIMINAL,UNKNOWN
SUPPORTING,0.735,True,CRIMINAL,SUSPECTED
NEUTRAL,0.507,True,MIXED,UNKNOWN
SUPPORTING,0.816,True,CRIMINAL,SUSPECTED
SUPPORTING,0.926,True,CRIMINAL,CONFIRMED
NEUTRAL,0.358,True,MIXED,UNKNOWN
CONTRADICTING,0.405,True,MIXED,FALSE
SUPPORTING,0.678,True,MIXED,SUSPECTED
NEUTRAL,0.375,True,CRIMINAL,UNKNOWN
SUPPORTING,0.914,True,CRIMINAL,CONFIRMED
CONTRADICTING,0.187,True,MIXED,FALSE
SUPPORTING,0.608,True,MIXED,SUSPECTED
CONTRADICTING,0.346,True,LEGITIMATE,FALSE
SUPPORTING,0.704,True,CRIMINAL,SUSPECTED
NEUTRAL,0.296,True,LEGITIMATE,UNKNOWN
SUPPORTING,0.843,True,CRIMINAL,CONFIRMED
SUPPORTING,0.651,True,CRIMINAL,SUSPECTED
CONTRADICTING,0.187,True,CRIMINAL,FALSE
SUPPORTING,0.859,True,CRIMINAL,CONFIRMED
NEUTRAL,0.301,True,LEGITIMATE,UNKNOWN
SUPPORTING,0.791,True,AMBIGUOUS,SUSPECTED
SUPPORTING,0.919,True,AMBIGUOUS,CONFIRMED
NEUTRAL,0.491,True,AMBIGUOUS,UNKNOWN
SUPPORTING,0.672,True,CRIMINAL,SUSPECTED
SUPPORTING,0.753,True,AMBIGUOUS,SUSPECTED
SUPPORTING,0.635,True,CRIMINAL,SUSPECTED
SUPPORTING,0.654,True,AMBIGUOUS,SUSPECTED
CONTRADICTING,0.267,True,MIXED,FALSE
SUPPORTING,0.708,True,CRIMINAL,SUSPECTED
CONTRADICTING,0.252,True,CRIMINAL,FALSE
SUPPORTING,0.829,True,CRIMINAL,SUSPECTED
SUPPORTING,0.615,True,MIXED,SUSPECTED
SUPPORTING,0.911,True,AMBIGUOUS,CONFIRMED
NEUTRAL,0.247,True,CRIMINAL,UNKNOWN
CONTRADICTING,0.291,True,LEGITIMATE,FALSE
SUPPORTING,0.590,True,LEGITIMATE,SUSPECTED
NEUTRAL,0.446,True,MIXED,UNKNOWN
SUPPORTING,0.781,True,CRIMINAL,SUSPECTED
SUPPORTING,0.971,True,LEGITIMATE,CONFIRMED
SUPPORTING,0.595,True,MIXED,SUSPECTED
SUPPORTING,0.723,True,LEGITIMATE,SUSPECTED
CONTRADICTING,0.188,True,LEGITIMATE,FALSE
SUPPORTING,0.860,True,MIXED,SUSPECTED
SUPPORTING,0.918,True,CRIMINAL,CONFIRMED
SUPPORTING,0.648,True,MIXED,SUSPECTED
SUPPORTING,0.965,True,CRIMINAL,CONFIRMED
CONTRADICTING,0.206,True,LEGITIMATE,FALSE
SUPPORTING,0.824,True,MIXED,CONFIRMED
NEUTRAL,0.207,True,LEGITIMATE,UNKNOWN
SUPPORTING,0.872,True,MIXED,CONFIRMED
SUPPORTING,0.846,True,LEGITIMATE,CONFIRMED
SUPPORTING,0.977,True,MIXED,CONFIRMED
CONTRADICTING,0.144,True,LEGITIMATE,FALSE
SUPPORTING,0.917,True,CRIMINAL,CONFIRMED
SUPPORTING,0.813,True,MIXED,SUSPECTED
SUPPORTING,0.791,True,LEGITIMATE,SUSPECTED
NEUTRAL,0.376,True,MIXED,UNKNOWN
CONTRADICTING,0.169,True,MIXED,FALSE
CONTRADICTING,0.155,True,LEGITIMATE,FALSE
SUPPORTING,0.670,True,LEGITIMATE,SUSPECTED
SUPPORTING,0.857,True,CRIMINAL,CONFIRMED
SUPPORTING,0.632,True,CRIMINAL,SUSPECTED
NEUTRAL,0.544,True,CRIMINAL,UNKNOWN
SUPPORTING,0.680,True,CRIMINAL,SUSPECTED
SUPPORTING,0.966,True,CRIMINAL,CONFIRMED
NEUTRAL,0.482,True,AMBIGUOUS,UNKNOWN
SUPPORTING,0.811,True,AMBIGUOUS,SUSPECTED
SUPPORTING,0.818,True,CRIMINAL,SUSPECTED
SUPPORTING,0.761,True,CRIMINAL,SUSPECTED
SUPPORTING,0.855,True,CRIMINAL,CONFIRMED
SUPPORTING,0.847,True,MIXED,CONFIRMED
NEUTRAL,0.381,True,LEGITIMATE,UNKNOWN
SUPPORTING,0.738,True,CRIMINAL,SUSPECTED
NEUTRAL,0.300,True,MIXED,UNKNOWN
NEUTRAL,0.463,True,CRIMINAL,UNKNOWN
SUPPORTING,0.852,True,MIXED,SUSPECTED
NEUTRAL,0.299,True,CRIMINAL,UNKNOWN
NEUTRAL,0.278,True,CRIMINAL,UNKNOWN
SUPPORTING,0.908,True,CRIMINAL,CONFIRMED
NEUTRAL,0.271,True,MIXED,UNKNOWN
NEUTRAL,0.521,True,CRIMINAL,UNKNOWN
NEUTRAL,0.338,True,MIXED,UNKNOWN
SUPPORTING,0.823,True,LEGITIMATE,SUSPECTED
SUPPORTING,0.676,True,CRIMINAL,SUSPECTED
CONTRADICTING,0.245,True,CRIMINAL,FALSE
NEUTRAL,0.384,True,MIXED,UNKNOWN
CONTRADICTING,0.200,True,MIXED,FALSE
SUPPORTING,0.677,True,CRIMINAL,SUSPECTED
CONTRADICTING,0.412,True,AMBIGUOUS,FALSE
CONTRADICTING,0.169,True,LEGITIMATE,FALSE
SUPPORTING,0.760,True,MIXED,SUSPECTED
SUPPORTING,0.727,True,CRIMINAL,SUSPECTED
SUPPORTING,0.759,True,CRIMINAL,SUSPECTED
NEUTRAL,0.341,True,AMBIGUOUS,UNKNOWN
SUPPORTING,0.903,True,CRIMINAL,CONFIRMED
SUPPORTING,0.702,True,CRIMINAL,SUSPECTED
SUPPORTING,0.647,True,MIXED,SUSPECTED
SUPPORTING,0.698,True,CRIMINAL,SUSPECTED
SUPPORTING,0.770,True,MIXED,SUSPECTED
SUPPORTING,0.989,True,MIXED,CONFIRMED
SUPPORTING,0.689,True,MIXED,SUSPECTED
SUPPORTING,0.881,True,CRIMINAL,CONFIRMED
SUPPORTING,0.640,True,MIXED,SUSPECTED
SUPPORTING,0.651,True,MIXED,SUSPECTED
NEUTRAL,0.387,True,AMBIGUOUS,UNKNOWN
SUPPORTING,0.649,True,MIXED,SUSPECTED
SUPPORTING,0.802,True,LEGITIMATE,SUSPECTED
SUPPORTING,0.860,True,CRIMINAL,CONFIRMED
SUPPORTING,0.664,True,AMBIGUOUS,SUSPECTED
CONTRADICTING,0.144,True,LEGITIMATE,FALSE
SUPPORTING,0.854,True,AMBIGUOUS,SUSPECTED
NEUTRAL,0.313,True,MIXED,UNKNOWN
SUPPORTING,0.848,True,AMBIGUOUS,SUSPECTED
CONTRADICTING,0.121,True,MIXED,FALSE
SUPPORTING,0.947,True,LEGITIMATE,CONFIRMED
SUPPORTING,0.816,True,AMBIGUOUS,SUSPECTED
NEUTRAL,0.353,True,AMBIGUOUS,UNKNOWN
SUPPORTING,0.801,True,CRIMINAL,SUSPECTED
CONTRADICTING,0.176,True,MIXED,FALSE
SUPPORTING,0.872,True,CRIMINAL,CONFIRMED
NEUTRAL,0.543,True,LEGITIMATE,UNKNOWN
SUPPORTING,0.626,True,CRIMINAL,SUSPECTED
NEUTRAL,0.238,True,CRIMINAL,UNKNOWN
SUPPORTING,0.840,True,AMBIGUOUS,SUSPECTED
NEUTRAL,0.205,True,LEGITIMATE,UNKNOWN
NEUTRAL,0.418,True,CRIMINAL,UNKNOWN
NEUTRAL,0.305,True,LEGITIMATE,UNKNOWN
SUPPORTING,0.837,True,AMBIGUOUS,SUSPECTED
NEUTRAL,0.303,True,LEGITIMATE,UNKNOWN
SUPPORTING,0.853,True,CRIMINAL,SUSPECTED
NEUTRAL,0.516,True,LEGITIMATE,UNKNOWN
SUPPORTING,0.968,True,CRIMINAL,CONFIRMED
SUPPORTING,0.723,True,CRIMINAL,SUSPECTED
SUPPORTING,0.649,True,CRIMINAL,SUSPECTED
CONTRADICTING,0.363,True,MIXED,FALSE
SUPPORTING,0.635,True,CRIMINAL,SUSPECTED
SUPPORTING,0.859,True,CRIMINAL,SUSPECTED
SUPPORTING,0.744,True,AMBIGUOUS,SUSPECTED
CONTRADICTING,0.306,True,CRIMINAL,FALSE
SUPPORTING,0.971,True,LEGITIMATE,CONFIRMED
NEUTRAL,0.301,True,LEGITIMATE,UNKNOWN
NEUTRAL,0.429,True,MIXED,UNKNOWN
NEUTRAL,0.255,True,MIXED,UNKNOWN
SUPPORTING,0.765,True,AMBIGUOUS,SUSPECTED
NEUTRAL,0.340,True,LEGITIMATE,UNKNOWN
SUPPORTING,0.897,True,MIXED,CONFIRMED
SUPPORTING,0.836,True,AMBIGUOUS,SUSPECTED
CONTRADICTING,0.282,True,MIXED,FALSE
CONTRADICTING,0.217,True,CRIMINAL,FALSE
SUPPORTING,0.819,True,LEGITIMATE,SUSPECTED
SUPPORTING,0.869,True,CRIMINAL,CONFIRMED
SUPPORTING,0.977,True,MIXED,CONFIRMED
SUPPORTING,0.846,True,AMBIGUOUS,CONFIRMED
SUPPORTING,0.884,True,CRIMINAL,CONFIRMED
NEUTRAL,0.361,True,CRIMINAL,UNKNOWN
NEUTRAL,0.459,True,CRIMINAL,UNKNOWN
NEUTRAL,0.403,True,MIXED,UNKNOWN
NEUTRAL,0.517,True,CRIMINAL,UNKNOWN
SUPPORTING,0.643,True,LEGITIMATE,SUSPECTED
SUPPORTING,0.583,True,MIXED,SUSPECTED
SUPPORTING,0.678,True,LEGITIMATE,SUSPECTED
SUPPORTING,0.941,True,CRIMINAL,CONFIRMED
NEUTRAL,0.474,True,AMBIGUOUS,UNKNOWN
SUPPORTING,0.821,True,CRIMINAL,SUSPECTED
SUPPORTING,0.826,True,LEGITIMATE,SUSPECTED
SUPPORTING,0.832,True,CRIMINAL,CONFIRMED
CONTRADICTING,0.188,True,LEGITIMATE,FALSE
SUPPORTING,0.912,True,CRIMINAL,CONFIRMED
SUPPORTING,0.801,True,CRIMINAL,SUSPECTED
NEUTRAL,0.371,True,CRIMINAL,UNKNOWN
SUPPORTING,0.823,True,CRIMINAL,CONFIRMED
SUPPORTING,0.979,True,CRIMINAL,CONFIRMED
SUPPORTING,0.941,True,CRIMINAL,CONFIRMED
CONTRADICTING,0.194,True,MIXED,FALSE
NEUTRAL,0.301,True,LEGITIMATE,UNKNOWN
SUPPORTING,0.854,True,MIXED,CONFIRMED
SUPPORTING,0.977,True,CRIMINAL,CONFIRMED
SUPPORTING,0.581,True,CRIMINAL,SUSPECTED
SUPPORTING,0.813,True,MIXED,SUSPECTED
CONTRADICTING,0.318,True,LEGITIMATE,FALSE
CONTRADICTING,0.188,True,MIXED,FALSE
SUPPORTING,0.856,True,CRIMINAL,SUSPECTED
SUPPORTING,0.686,True,AMBIGUOUS,SUSPECTED
NEUTRAL,0.353,True,MIXED,UNKNOWN
SUPPORTING,0.652,True,CRIMINAL,SUSPECTED
CONTRADICTING,0.285,True,AMBIGUOUS,FALSE
SUPPORTING,0.963,True,CRIMINAL,CONFIRMED
NEUTRAL,0.330,True,AMBIGUOUS,UNKNOWN
CONTRADICTING,0.374,True,AMBIGUOUS,FALSE
SUPPORTING,0.975,True,LEGITIMATE,CONFIRMED
SUPPORTING,0.885,True,CRIMINAL,CONFIRMED
CONTRADICTING,0.126,True,CRIMINAL,FALSE
SUPPORTING,0.669,True,CRIMINAL,SUSPECTED
SUPPORTING,0.596,True,LEGITIMATE,SUSPECTED
NEUTRAL,0.274,True,AMBIGUOUS,UNKNOWN
SUPPORTING,0.937,True,MIXED,CONFIRMED
SUPPORTING,0.595,True,CRIMINAL,SUSPECTED
SUPPORTING,0.630,True,MIXED,SUSPECTED
SUPPORTING,0.810,True,AMBIGUOUS,SUSPECTED
SUPPORTING,0.805,True,CRIMINAL,SUSPECTED
SUPPORTING,0.902,True,CRIMINAL,CONFIRMED
CONTRADICTING,0.408,True,CRIMINAL,FALSE
NEUTRAL,0.367,True,MIXED,UNKNOWN
SUPPORTING,0.600,True,AMBIGUOUS,SUSPECTED
SUPPORTING,0.978,True,CRIMINAL,CONFIRMED
SUPPORTING,0.961,True,CRIMINAL,CONFIRMED
NEUTRAL,0.461,True,AMBIGUOUS,UNKNOWN
SUPPORTING,0.585,True,MIXED,SUSPECTED
SUPPORTING,0.879,True,CRIMINAL,CONFIRMED
NEUTRAL,0.313,True,MIXED,UNKNOWN
SUPPORTING,0.712,True,CRIMINAL,SUSPECTED
SUPPORTING,0.851,True,MIXED,CONFIRMED
SUPPORTING,0.918,True,AMBIGUOUS,CONFIRMED
NEUTRAL,0.216,True,CRIMINAL,UNKNOWN
CONTRADICTING,0.417,True,MIXED,FALSE
NEUTRAL,0.469,True,AMBIGUOUS,UNKNOWN
SUPPORTING,0.623,True,MIXED,SUSPECTED
SUPPORTING,0.701,True,MIXED,SUSPECTED
SUPPORTING,0.828,True,CRIMINAL,CONFIRMED
SUPPORTING,0.891,True,CRIMINAL,CONFIRMED
SUPPORTING,0.755,True,MIXED,SUSPECTED
NEUTRAL,0.540,True,CRIMINAL,UNKNOWN
SUPPORTING,0.719,True,CRIMINAL,SUSPECTED
SUPPORTING,0.940,True,LEGITIMATE,CONFIRMED
SUPPORTING,0.928,True,CRIMINAL,CONFIRMED
NEUTRAL,0.263,True,AMBIGUOUS,UNKNOWN
NEUTRAL,0.545,True,MIXED,UNKNOWN
SUPPORTING,0.943,True,AMBIGUOUS,CONFIRMED
SUPPORTING,0.770,True,LEGITIMATE,SUSPECTED
NEUTRAL,0.501,True,AMBIGUOUS,UNKNOWN
CONTRADICTING,0.131,True,CRIMINAL,FALSE
SUPPORTING,0.749,True,LEGITIMATE,SUSPECTED
SUPPORTING,0.973,True,MIXED,CONFIRMED
CONTRADICTING,0.343,True,LEGITIMATE,FALSE
SUPPORTING,0.658,True,CRIMINAL,SUSPECTED
NEUTRAL,0.285,True,CRIMINAL,UNKNOWN
NEUTRAL,0.441,True,MIXED,UNKNOWN
SUPPORTING,0.871,True,CRIMINAL,CONFIRMED
SUPPORTING,0.693,True,MIXED,SUSPECTED
SUPPORTING,0.941,True,MIXED,CONFIRMED
SUPPORTING,0.927,True,MIXED,CONFIRMED
NEUTRAL,0.396,True,AMBIGUOUS,UNKNOWN
SUPPORTING,0.850,True,MIXED,SUSPECTED
CONTRADICTING,0.293,True,LEGITIMATE,FALSE
CONTRADICTING,0.386,True,CRIMINAL,FALSE
SUPPORTING,0.937,True,AMBIGUOUS,CONFIRMED
CONTRADICTING,0.374,True,LEGITIMATE,FALSE
SUPPORTING,0.866,True,AMBIGUOUS,CONFIRMED
NEUTRAL,0.355,True,MIXED,UNKNOWN
SUPPORTING,0.629,True,CRIMINAL,SUSPECTED
SUPPORTING,0.686,True,MIXED,SUSPECTED
SUPPORTING,0.827,True,CRIMINAL,SUSPECTED
CONTRADICTING,0.333,True,LEGITIMATE,FALSE
SUPPORTING,0.596,True,MIXED,SUSPECTED
SUPPORTING,0.600,True,AMBIGUOUS,SUSPECTED
SUPPORTING,0.660,True,CRIMINAL,SUSPECTED
SUPPORTING,0.879,True,CRIMINAL,CONFIRMED
SUPPORTING,0.781,True,MIXED,SUSPECTED
CONTRADICTING,0.395,True,CRIMINAL,FALSE
NEUTRAL,0.226,True,MIXED,UNKNOWN
SUPPORTING,0.938,True,CRIMINAL,CONFIRMED
SUPPORTING,0.898,True,CRIMINAL,CONFIRMED
SUPPORTING,0.633,True,LEGITIMATE,SUSPECTED
SUPPORTING,0.829,True,MIXED,SUSPECTED
SUPPORTING,0.732,True,CRIMINAL,SUSPECTED
SUPPORTING,0.630,True,CRIMINAL,SUSPECTED
CONTRADICTING,0.207,True,CRIMINAL,FALSE
CONTRADICTING,0.285,True,LEGITIMATE,FALSE
SUPPORTING,0.759,True,CRIMINAL,SUSPECTED
SUPPORTING,0.833,True,AMBIGUOUS,CONFIRMED
SUPPORTING,0.729,True,LEGITIMATE,SUSPECTED
SUPPORTING,0.914,True,MIXED,CONFIRMED
NEUTRAL,0.293,True,AMBIGUOUS,UNKNOWN
SUPPORTING,0.848,True,MIXED,CONFIRMED
SUPPORTING,0.715,True,MIXED,SUSPECTED
SUPPORTING,0.837,True,CRIMINAL,CONFIRMED
SUPPORTING,0.780,True,MIXED,SUSPECTED
SUPPORTING,0.786,True,CRIMINAL,SUSPECTED
CONTRADICTING,0.284,True,LEGITIMATE,FALSE
CONTRADICTING,0.407,True,MIXED,FALSE
CONTRADICTING,0.309,True,CRIMINAL,FALSE
SUPPORTING,0.668,True,CRIMINAL,SUSPECTED
SUPPORTING,0.903,True,CRIMINAL,CONFIRMED
SUPPORTING,0.750,True,CRIMINAL,SUSPECTED
NEUTRAL,0.431,True,AMBIGUOUS,UNKNOWN
CONTRADICTING,0.130,True,LEGITIMATE,FALSE
NEUTRAL,0.526,True,CRIMINAL,UNKNOWN
SUPPORTING,0.913,True,MIXED,CONFIRMED
CONTRADICTING,0.318,True,MIXED,FALSE
NEUTRAL,0.408,True,LEGITIMATE,UNKNOWN
SUPPORTING,0.881,True,MIXED,CONFIRMED
NEUTRAL,0.394,True,AMBIGUOUS,UNKNOWN
SUPPORTING,0.884,True,CRIMINAL,CONFIRMED
CONTRADICTING,0.402,True,AMBIGUOUS,FALSE
NEUTRAL,0.429,True,MIXED,UNKNOWN
SUPPORTING,0.703,True,CRIMINAL,SUSPECTED
SUPPORTING,0.594,True,AMBIGUOUS,SUSPECTED
NEUTRAL,0.301,True,CRIMINAL,UNKNOWN
NEUTRAL,0.544,True,CRIMINAL,UNKNOWN
NEUTRAL,0.327,True,MIXED,UNKNOWN
NEUTRAL,0.424,True,AMBIGUOUS,UNKNOWN
SUPPORTING,0.910,True,AMBIGUOUS,CONFIRMED
SUPPORTING,0.728,True,AMBIGUOUS,SUSPECTED
SUPPORTING,0.703,True,CRIMINAL,SUSPECTED
NEUTRAL,0.488,True,MIXED,UNKNOWN
SUPPORTING,0.767,True,MIXED,SUSPECTED
SUPPORTING,0.692,True,CRIMINAL,SUSPECTED
SUPPORTING,0.676,True,LEGITIMATE,SUSPECTED
CONTRADICTING,0.388,True,LEGITIMATE,FALSE
CONTRADICTING,0.177,True,CRIMINAL,FALSE
NEUTRAL,0.278,True,AMBIGUOUS,UNKNOWN
SUPPORTING,0.969,True,CRIMINAL,CONFIRMED
NEUTRAL,0.398,True,MIXED,UNKNOWN
NEUTRAL,0.541,True,LEGITIMATE,UNKNOWN
SUPPORTING,0.933,True,MIXED,CONFIRMED
SUPPORTING,0.699,True,MIXED,SUSPECTED
NEUTRAL,0.502,True,LEGITIMATE,UNKNOWN
SUPPORTING,0.625,True,LEGITIMATE,SUSPECTED
CONTRADICTING,0.198,True,AMBIGUOUS,FALSE
NEUTRAL,0.447,True,LEGITIMATE,UNKNOWN
SUPPORTING,0.903,True,CRIMINAL,CONFIRMED
SUPPORTING,0.923,True,MIXED,CONFIRMED
SUPPORTING,0.766,True,MIXED,SUSPECTED
NEUTRAL,0.312,True,AMBIGUOUS,UNKNOWN
CONTRADICTING,0.129,True,CRIMINAL,FALSE
NEUTRAL,0.242,True,AMBIGUOUS,UNKNOWN
SUPPORTING,0.671,True,CRIMINAL,SUSPECTED
SUPPORTING,0.619,True,CRIMINAL,SUSPECTED
SUPPORTING,0.904,True,LEGITIMATE,CONFIRMED
CONTRADICTING,0.236,True,AMBIGUOUS,FALSE
SUPPORTING,0.828,True,MIXED,SUSPECTED
NEUTRAL,0.328,True,LEGITIMATE,UNKNOWN
NEUTRAL,0.462,True,LEGITIMATE,UNKNOWN
NEUTRAL,0.456,True,CRIMINAL,UNKNOWN
SUPPORTING,0.854,True,MIXED,SUSPECTED
SUPPORTING,0.967,True,MIXED,CONFIRMED
NEUTRAL,0.420,True,MIXED,UNKNOWN
SUPPORTING,0.659,True,MIXED,SUSPECTED
NEUTRAL,0.376,True,CRIMINAL,UNKNOWN
CONTRADICTING,0.175,True,LEGITIMATE,FALSE
NEUTRAL,0.266,True,MIXED,UNKNOWN
NEUTRAL,0.430,True,MIXED,UNKNOWN
CONTRADICTING,0.122,True,AMBIGUOUS,FALSE
SUPPORTING,0.849,True,LEGITIMATE,CONFIRMED
SUPPORTING,0.919,True,CRIMINAL,CONFIRMED
SUPPORTING,0.858,True,AMBIGUOUS,CONFIRMED
NEUTRAL,0.222,True,CRIMINAL,UNKNOWN
CONTRADICTING,0.254,True,AMBIGUOUS,FALSE
SUPPORTING,0.763,True,MIXED,SUSPECTED
SUPPORTING,0.949,True,CRIMINAL,CONFIRMED
SUPPORTING,0.666,True,MIXED,SUSPECTED
SUPPORTING,0.950,True,AMBIGUOUS,CONFIRMED
NEUTRAL,0.325,True,LEGITIMATE,UNKNOWN
NEUTRAL,0.325,True,AMBIGUOUS,UNKNOWN
SUPPORTING,0.729,True,MIXED,SUSPECTED
NEUTRAL,0.364,True,MIXED,UNKNOWN
SUPPORTING,0.693,True,MIXED,SUSPECTED
SUPPORTING,0.657,True,CRIMINAL,SUSPECTED
SUPPORTING,0.837,True,LEGITIMATE,CONFIRMED
NEUTRAL,0.368,True,CRIMINAL,UNKNOWN
SUPPORTING,0.957,True,AMBIGUOUS,CONFIRMED
SUPPORTING,0.968,True,CRIMINAL,CONFIRMED
SUPPORTING,0.959,True,CRIMINAL,CONFIRMED
CONTRADICTING,0.147,True,MIXED,FALSE
NEUTRAL,0.506,True,CRIMINAL,UNKNOWN
SUPPORTING,0.965,True,CRIMINAL,CONFIRMED
CONTRADICTING,0.228,True,LEGITIMATE,FALSE
NEUTRAL,0.372,True,LEGITIMATE,UNKNOWN
NEUTRAL,0.365,True,CRIMINAL,UNKNOWN
SUPPORTING,0.830,True,CRIMINAL,CONFIRMED
SUPPORTING,0.602,True,MIXED,SUSPECTED
SUPPORTING,0.678,True,CRIMINAL,SUSPECTED
NEUTRAL,0.322,True,MIXED,UNKNOWN
CONTRADICTING,0.273,True,CRIMINAL,FALSE
SUPPORTING,0.680,True,MIXED,SUSPECTED
CONTRADICTING,0.401,True,AMBIGUOUS,FALSE
CONTRADICTING,0.363,True,MIXED,FALSE
SUPPORTING,0.628,True,CRIMINAL,SUSPECTED
SUPPORTING,0.848,True,LEGITIMATE,CONFIRMED
SUPPORTING,0.640,True,AMBIGUOUS,SUSPECTED
CONTRADICTING,0.213,True,LEGITIMATE,FALSE
SUPPORTING,0.856,True,MIXED,SUSPECTED
SUPPORTING,0.981,True,CRIMINAL,CONFIRMED
NEUTRAL,0.393,True,LEGITIMATE,UNKNOWN
SUPPORTING,0.858,True,LEGITIMATE,SUSPECTED
SUPPORTING,0.630,True,CRIMINAL,SUSPECTED
SUPPORTING,0.892,True,CRIMINAL,CONFIRMED
CONTRADICTING,0.122,True,CRIMINAL,FALSE
NEUTRAL,0.418,True,CRIMINAL,UNKNOWN
NEUTRAL,0.260,True,MIXED,UNKNOWN
SUPPORTING,0.907,True,CRIMINAL,CONFIRMED
NEUTRAL,0.484,True,LEGITIMATE,UNKNOWN
SUPPORTING,0.847,True,CRIMINAL,CONFIRMED
NEUTRAL,0.523,True,AMBIGUOUS,UNKNOWN
NEUTRAL,0.203,True,MIXED,UNKNOWN
NEUTRAL,0.514,True,MIXED,UNKNOWN
SUPPORTING,0.901,True,CRIMINAL,CONFIRMED
NEUTRAL,0.201,True,LEGITIMATE,UNKNOWN
SUPPORTING,0.598,True,MIXED,SUSPECTED
SUPPORTING,0.946,True,CRIMINAL,CONFIRMED
NEUTRAL,0.376,True,MIXED,UNKNOWN
CONTRADICTING,0.362,True,LEGITIMATE,FALSE
SUPPORTING,0.596,True,AMBIGUOUS,SUSPECTED
SUPPORTING,0.589,True,MIXED,SUSPECTED
SUPPORTING,0.630,True,CRIMINAL,SUSPECTED
NEUTRAL,0.283,True,MIXED,UNKNOWN
NEUTRAL,0.375,True,MIXED,UNKNOWN
NEUTRAL,0.332,True,LEGITIMATE,UNKNOWN
NEUTRAL,0.350,True,MIXED,UNKNOWN
NEUTRAL,0.210,True,CRIMINAL,UNKNOWN
SUPPORTING,0.765,True,AMBIGUOUS,SUSPECTED
SUPPORTING,0.908,True,LEGITIMATE,CONFIRMED
SUPPORTING,0.594,True,AMBIGUOUS,SUSPECTED
SUPPORTING,0.609,True,MIXED,SUSPECTED
NEUTRAL,0.457,True,LEGITIMATE,UNKNOWN
NEUTRAL,0.242,True,CRIMINAL,UNKNOWN
CONTRADICTING,0.168,True,CRIMINAL,FALSE
SUPPORTING,0.619,True,MIXED,SUSPECTED
SUPPORTING,0.757,True,MIXED,SUSPECTED
SUPPORTING,0.858,True,MIXED,CONFIRMED
SUPPORTING,0.740,True,MIXED,SUSPECTED
NEUTRAL,0.229,True,MIXED,UNKNOWN
SUPPORTING,0.774,True,LEGITIMATE,SUSPECTED
CONTRADICTING,0.384,True,MIXED,FALSE
SUPPORTING,0.697,True,MIXED,SUSPECTED
SUPPORTING,0.589,True,CRIMINAL,SUSPECTED
CONTRADICTING,0.226,True,AMBIGUOUS,FALSE
SUPPORTING,0.947,True,CRIMINAL,CONFIRMED
SUPPORTING,0.884,True,AMBIGUOUS,CONFIRMED
CONTRADICTING,0.167,True,CRIMINAL,FALSE
SUPPORTING,0.847,True,AMBIGUOUS,SUSPECTED
SUPPORTING,0.877,True,AMBIGUOUS,CONFIRMED
NEUTRAL,0.372,True,CRIMINAL,UNKNOWN
SUPPORTING,0.832,True,MIXED,CONFIRMED
SUPPORTING,0.583,True,CRIMINAL,SUSPECTED
NEUTRAL,0.522,True,AMBIGUOUS,UNKNOWN
SUPPORTING,0.879,True,CRIMINAL,CONFIRMED
CONTRADICTING,0.241,True,MIXED,FALSE
SUPPORTING,0.814,True,MIXED,SUSPECTED
NEUTRAL,0.476,True,MIXED,UNKNOWN
SUPPORTING,0.777,True,MIXED,SUSPECTED
SUPPORTING,0.620,True,MIXED,SUSPECTED
SUPPORTING,0.855,True,CRIMINAL,CONFIRMED
SUPPORTING,0.952,True,CRIMINAL,CONFIRMED
SUPPORTING,0.593,True,LEGITIMATE,SUSPECTED
SUPPORTING,0.818,True,CRIMINAL,SUSPECTED
SUPPORTING,0.986,True,LEGITIMATE,CONFIRMED
SUPPORTING,0.834,True,CRIMINAL,SUSPECTED
SUPPORTING,0.807,True,AMBIGUOUS,SUSPECTED
NEUTRAL,0.372,True,CRIMINAL,UNKNOWN
SUPPORTING,0.703,True,CRIMINAL,SUSPECTED
SUPPORTING,0.962,True,CRIMINAL,CONFIRMED
NEUTRAL,0.418,True,LEGITIMATE,UNKNOWN
NEUTRAL,0.377,True,LEGITIMATE,UNKNOWN
SUPPORTING,0.974,True,CRIMINAL,CONFIRMED
SUPPORTING,0.681,True,CRIMINAL,SUSPECTED
SUPPORTING,0.847,True,LEGITIMATE,CONFIRMED
NEUTRAL,0.457,True,MIXED,UNKNOWN
SUPPORTING,0.614,True,MIXED,SUSPECTED
SUPPORTING,0.870,True,MIXED,CONFIRMED
SUPPORTING,0.713,True,AMBIGUOUS,SUSPECTED
CONTRADICTING,0.140,True,CRIMINAL,FALSE
SUPPORTING,0.666,True,LEGITIMATE,SUSPECTED
NEUTRAL,0.296,True,AMBIGUOUS,UNKNOWN
SUPPORTING,0.957,True,MIXED,CONFIRMED
SUPPORTING,0.838,True,CRIMINAL,CONFIRMED
CONTRADICTING,0.373,True,CRIMINAL,FALSE
NEUTRAL,0.435,True,CRIMINAL,UNKNOWN
SUPPORTING,0.627,True,LEGITIMATE,SUSPECTED
NEUTRAL,0.299,True,CRIMINAL,UNKNOWN
SUPPORTING,0.893,True,MIXED,CONFIRMED
CONTRADICTING,0.394,True,LEGITIMATE,FALSE
SUPPORTING,0.707,True,LEGITIMATE,SUSPECTED
SUPPORTING,0.692,True,LEGITIMATE,SUSPECTED
NEUTRAL,0.484,True,AMBIGUOUS,UNKNOWN
SUPPORTING,0.852,True,MIXED,CONFIRMED
CONTRADICTING,0.258,True,CRIMINAL,FALSE
NEUTRAL,0.366,True,LEGITIMATE,UNKNOWN
SUPPORTING,0.764,True,CRIMINAL,SUSPECTED
SUPPORTING,0.745,True,CRIMINAL,SUSPECTED
NEUTRAL,0.400,True,CRIMINAL,UNKNOWN
NEUTRAL,0.480,True,LEGITIMATE,UNKNOWN
SUPPORTING,0.870,True,CRIMINAL,CONFIRMED
SUPPORTING,0.669,True,CRIMINAL,SUSPECTED
SUPPORTING,0.964,True,CRIMINAL,CONFIRMED
SUPPORTING,0.627,True,LEGITIMATE,SUSPECTED
SUPPORTING,0.822,True,CRIMINAL,CONFIRMED
NEUTRAL,0.504,True,AMBIGUOUS,UNKNOWN
SUPPORTING,0.587,True,AMBIGUOUS,SUSPECTED
NEUTRAL,0.237,True,MIXED,UNKNOWN
SUPPORTING,0.781,True,AMBIGUOUS,SUSPECTED
SUPPORTING,0.916,True,MIXED,CONFIRMED
SUPPORTING,0.907,True,AMBIGUOUS,CONFIRMED
CONTRADICTING,0.207,True,CRIMINAL,FALSE
SUPPORTING,0.618,True,LEGITIMATE,SUSPECTED
CONTRADICTING,0.397,True,MIXED,FALSE
SUPPORTING,0.612,True,CRIMINAL,SUSPECTED
SUPPORTING,0.869,True,MIXED,CONFIRMED
SUPPORTING,0.911,True,LEGITIMATE,CONFIRMED
NEUTRAL,0.312,True,MIXED,UNKNOWN
CONTRADICTING,0.266,True,MIXED,FALSE
SUPPORTING,0.923,True,CRIMINAL,CONFIRMED
NEUTRAL,0.446,True,LEGITIMATE,UNKNOWN
NEUTRAL,0.447,True,CRIMINAL,UNKNOWN
SUPPORTING,0.901,True,MIXED,CONFIRMED
NEUTRAL,0.208,True,MIXED,UNKNOWN
SUPPORTING,0.738,True,MIXED,SUSPECTED
NEUTRAL,0.424,True,AMBIGUOUS,UNKNOWN
SUPPORTING,0.680,True,CRIMINAL,SUSPECTED
CONTRADICTING,0.332,True,MIXED,FALSE
SUPPORTING,0.764,True,LEGITIMATE,SUSPECTED
NEUTRAL,0.380,True,LEGITIMATE,UNKNOWN
NEUTRAL,0.262,True,MIXED,UNKNOWN
CONTRADICTING,0.340,True,LEGITIMATE,FALSE
SUPPORTING,0.841,True,MIXED,CONFIRMED
NEUTRAL,0.366,True,AMBIGUOUS,UNKNOWN
NEUTRAL,0.369,True,CRIMINAL,UNKNOWN
SUPPORTING,0.886,True,CRIMINAL,CONFIRMED
SUPPORTING,0.804,True,MIXED,SUSPECTED
SUPPORTING,0.868,True,CRIMINAL,CONFIRMED
CONTRADICTING,0.181,True,MIXED,FALSE
NEUTRAL,0.315,True,AMBIGUOUS,UNKNOWN
SUPPORTING,0.915,True,AMBIGUOUS,CONFIRMED
CONTRADICTING,0.360,True,LEGITIMATE,FALSE
CONTRADICTING,0.279,True,CRIMINAL,FALSE
SUPPORTING,0.755,True,AMBIGUOUS,SUSPECTED
SUPPORTING,0.822,True,MIXED,SUSPECTED
SUPPORTING,0.929,True,AMBIGUOUS,CONFIRMED
NEUTRAL,0.450,True,MIXED,UNKNOWN
NEUTRAL,0.517,True,CRIMINAL,UNKNOWN
SUPPORTING,0.946,True,MIXED,CONFIRMED
CONTRADICTING,0.228,True,MIXED,FALSE
NEUTRAL,0.258,True,CRIMINAL,UNKNOWN
SUPPORTING,0.758,True,CRIMINAL,SUSPECTED
SUPPORTING,0.825,True,MIXED,SUSPECTED
NEUTRAL,0.318,True,MIXED,UNKNOWN
NEUTRAL,0.504,True,CRIMINAL,UNKNOWN
CONTRADICTING,0.166,True,CRIMINAL,FALSE
NEUTRAL,0.515,True,MIXED,UNKNOWN
SUPPORTING,0.655,True,CRIMINAL,SUSPECTED
NEUTRAL,0.368,True,CRIMINAL,UNKNOWN
SUPPORTING,0.942,True,MIXED,CONFIRMED
NEUTRAL,0.479,True,MIXED,UNKNOWN
NEUTRAL,0.388,True,AMBIGUOUS,UNKNOWN
SUPPORTING,0.898,True,MIXED,CONFIRMED
CONTRADICTING,0.234,True,LEGITIMATE,FALSE
NEUTRAL,0.420,True,CRIMINAL,UNKNOWN
CONTRADICTING,0.381,True,LEGITIMATE,FALSE
NEUTRAL,0.514,True,AMBIGUOUS,UNKNOWN
SUPPORTING,0.894,True,MIXED,CONFIRMED
CONTRADICTING,0.401,True,AMBIGUOUS,FALSE
SUPPORTING,0.981,True,CRIMINAL,CONFIRMED
SUPPORTING,0.751,True,MIXED,SUSPECTED
NEUTRAL,0.347,True,AMBIGUOUS,UNKNOWN
NEUTRAL,0.211,True,LEGITIMATE,UNKNOWN
SUPPORTING,0.904,True,CRIMINAL,CONFIRMED
NEUTRAL,0.347,True,AMBIGUOUS,UNKNOWN
SUPPORTING,0.843,True,CRIMINAL,CONFIRMED
SUPPORTING,0.821,True,CRIMINAL,CONFIRMED
NEUTRAL,0.233,True,AMBIGUOUS,UNKNOWN
SUPPORTING,0.845,True,CRIMINAL,CONFIRMED
CONTRADICTING,0.346,True,MIXED,FALSE
SUPPORTING,0.876,True,CRIMINAL,CONFIRMED
SUPPORTING,0.808,True,MIXED,SUSPECTED
NEUTRAL,0.386,True,LEGITIMATE,UNKNOWN
SUPPORTING,0.975,True,AMBIGUOUS,CONFIRMED
SUPPORTING,0.654,True,CRIMINAL,SUSPECTED
SUPPORTING,0.866,True,LEGITIMATE,CONFIRMED
SUPPORTING,0.849,True,CRIMINAL,CONFIRMED
NEUTRAL,0.549,True,MIXED,UNKNOWN
SUPPORTING,0.632,True,CRIMINAL,SUSPECTED
SUPPORTING,0.590,True,CRIMINAL,SUSPECTED
NEUTRAL,0.457,True,AMBIGUOUS,UNKNOWN
SUPPORTING,0.677,True,AMBIGUOUS,SUSPECTED
SUPPORTING,0.728,True,CRIMINAL,SUSPECTED
SUPPORTING,0.750,True,AMBIGUOUS,SUSPECTED
NEUTRAL,0.534,True,AMBIGUOUS,UNKNOWN
NEUTRAL,0.245,True,LEGITIMATE,UNKNOWN
CONTRADICTING,0.356,True,MIXED,FALSE
SUPPORTING,0.956,True,CRIMINAL,CONFIRMED
CONTRADICTING,0.383,True,AMBIGUOUS,FALSE
SUPPORTING,0.980,True,MIXED,CONFIRMED
SUPPORTING,0.882,True,AMBIGUOUS,CONFIRMED
NEUTRAL,0.416,True,CRIMINAL,UNKNOWN
SUPPORTING,0.825,True,AMBIGUOUS,SUSPECTED
SUPPORTING,0.866,True,CRIMINAL,CONFIRMED
CONTRADICTING,0.390,True,LEGITIMATE,FALSE
SUPPORTING,0.964,True,MIXED,CONFIRMED
SUPPORTING,0.674,True,CRIMINAL,SUSPECTED
SUPPORTING,0.609,True,AMBIGUOUS,SUSPECTED
NEUTRAL,0.549,True,AMBIGUOUS,UNKNOWN
NEUTRAL,0.487,True,AMBIGUOUS,UNKNOWN
CONTRADICTING,0.278,True,MIXED,FALSE
SUPPORTING,0.816,True,LEGITIMATE,SUSPECTED
SUPPORTING,0.797,True,MIXED,SUSPECTED
CONTRADICTING,0.340,True,CRIMINAL,FALSE
SUPPORTING,0.875,True,CRIMINAL,CONFIRMED
SUPPORTING,0.649,True,MIXED,SUSPECTED
SUPPORTING,0.805,True,CRIMINAL,SUSPECTED
CONTRADICTING,0.373,True,MIXED,FALSE
NEUTRAL,0.300,True,CRIMINAL,UNKNOWN
SUPPORTING,0.822,True,CRIMINAL,CONFIRMED
SUPPORTING,0.925,True,CRIMINAL,CONFIRMED
SUPPORTING,0.948,True,MIXED,CONFIRMED
CONTRADICTING,0.223,True,LEGITIMATE,FALSE
CONTRADICTING,0.329,True,LEGITIMATE,FALSE
CONTRADICTING,0.412,True,MIXED,FALSE
CONTRADICTING,0.196,True,LEGITIMATE,FALSE
SUPPORTING,0.936,True,MIXED,CONFIRMED
CONTRADICTING,0.168,True,CRIMINAL,FALSE
SUPPORTING,0.680,True,MIXED,SUSPECTED
SUPPORTING,0.854,True,LEGITIMATE,SUSPECTED
SUPPORTING,0.677,True,MIXED,SUSPECTED
SUPPORTING,0.904,True,AMBIGUOUS,CONFIRMED
SUPPORTING,0.613,True,CRIMINAL,SUSPECTED
NEUTRAL,0.211,True,CRIMINAL,UNKNOWN
SUPPORTING,0.884,True,CRIMINAL,CONFIRMED
SUPPORTING,0.823,True,CRIMINAL,SUSPECTED
SUPPORTING,0.951,True,MIXED,CONFIRMED
NEUTRAL,0.378,True,CRIMINAL,UNKNOWN
SUPPORTING,0.840,True,CRIMINAL,SUSPECTED
CONTRADICTING,0.331,True,MIXED,FALSE
CONTRADICTING,0.180,True,CRIMINAL,FALSE
CONTRADICTING,0.356,True,LEGITIMATE,FALSE
NEUTRAL,0.279,True,CRIMINAL,UNKNOWN
SUPPORTING,0.740,True,MIXED,SUSPECTED
NEUTRAL,0.411,True,MIXED,UNKNOWN
SUPPORTING,0.904,True,MIXED,CONFIRMED
CONTRADICTING,0.289,True,CRIMINAL,FALSE
CONTRADICTING,0.350,True,CRIMINAL,FALSE
SUPPORTING,0.815,True,CRIMINAL,SUSPECTED
CONTRADICTING,0.345,True,CRIMINAL,FALSE
CONTRADICTING,0.140,True,MIXED,FALSE
SUPPORTING,0.969,True,MIXED,CONFIRMED
CONTRADICTING,0.407,True,MIXED,FALSE
CONTRADICTING,0.301,True,LEGITIMATE,FALSE
NEUTRAL,0.334,True,MIXED,UNKNOWN
SUPPORTING,0.752,True,MIXED,SUSPECTED
CONTRADICTING,0.131,True,AMBIGUOUS,FALSE
SUPPORTING,0.855,True,CRIMINAL,CONFIRMED
SUPPORTING,0.665,True,MIXED,SUSPECTED
SUPPORTING,0.929,True,CRIMINAL,CONFIRMED
SUPPORTING,0.623,True,MIXED,SUSPECTED
NEUTRAL,0.511,True,LEGITIMATE,UNKNOWN
SUPPORTING,0.684,True,MIXED,SUSPECTED
NEUTRAL,0.498,True,CRIMINAL,UNKNOWN
SUPPORTING,0.703,True,MIXED,SUSPECTED
SUPPORTING,0.777,True,MIXED,SUSPECTED
CONTRADICTING,0.378,True,AMBIGUOUS,FALSE
CONTRADICTING,0.394,True,LEGITIMATE,FALSE
SUPPORTING,0.686,True,CRIMINAL,SUSPECTED
SUPPORTING,0.828,True,LEGITIMATE,SUSPECTED
NEUTRAL,0.212,True,CRIMINAL,UNKNOWN
CONTRADICTING,0.344,True,LEGITIMATE,FALSE
SUPPORTING,0.873,True,MIXED,CONFIRMED
NEUTRAL,0.391,True,AMBIGUOUS,UNKNOWN
SUPPORTING,0.875,True,CRIMINAL,CONFIRMED
SUPPORTING,0.711,True,AMBIGUOUS,SUSPECTED
NEUTRAL,0.466,True,LEGITIMATE,UNKNOWN
NEUTRAL,0.350,True,LEGITIMATE,UNKNOWN
SUPPORTING,0.848,True,CRIMINAL,CONFIRMED
SUPPORTING,0.698,True,CRIMINAL,SUSPECTED
SUPPORTING,0.932,True,AMBIGUOUS,CONFIRMED
SUPPORTING,0.973,True,AMBIGUOUS,CONFIRMED
CONTRADICTING,0.276,True,LEGITIMATE,FALSE
SUPPORTING,0.697,True,CRIMINAL,SUSPECTED
SUPPORTING,0.736,True,MIXED,SUSPECTED
SUPPORTING,0.934,True,LEGITIMATE,CONFIRMED
NEUTRAL,0.342,True,AMBIGUOUS,UNKNOWN
SUPPORTING,0.740,True,CRIMINAL,SUSPECTED
SUPPORTING,0.824,True,LEGITIMATE,SUSPECTED
CONTRADICTING,0.289,True,CRIMINAL,FALSE
CONTRADICTING,0.413,True,CRIMINAL,FALSE
NEUTRAL,0.452,True,LEGITIMATE,UNKNOWN
NEUTRAL,0.375,True,MIXED,UNKNOWN
CONTRADICTING,0.123,True,LEGITIMATE,FALSE
CONTRADICTING,0.355,True,LEGITIMATE,FALSE
SUPPORTING,0.863,True,CRIMINAL,CONFIRMED
CONTRADICTING,0.339,True,LEGITIMATE,FALSE
SUPPORTING,0.792,True,MIXED,SUSPECTED
CONTRADICTING,0.204,True,AMBIGUOUS,FALSE
SUPPORTING,0.904,True,CRIMINAL,CONFIRMED
NEUTRAL,0.386,True,LEGITIMATE,UNKNOWN
SUPPORTING,0.604,True,AMBIGUOUS,SUSPECTED
NEUTRAL,0.356,True,LEGITIMATE,UNKNOWN
CONTRADICTING,0.179,True,LEGITIMATE,FALSE
SUPPORTING,0.920,True,CRIMINAL,CONFIRMED
CONTRADICTING,0.369,True,LEGITIMATE,FALSE
SUPPORTING,0.651,True,CRIMINAL,SUSPECTED
CONTRADICTING,0.223,True,CRIMINAL,FALSE
SUPPORTING,0.939,True,MIXED,CONFIRMED
SUPPORTING,0.589,True,MIXED,SUSPECTED
SUPPORTING,0.790,True,LEGITIMATE,SUSPECTED
SUPPORTING,0.963,True,CRIMINAL,CONFIRMED
SUPPORTING,0.681,True,AMBIGUOUS,SUSPECTED
NEUTRAL,0.534,True,MIXED,UNKNOWN
SUPPORTING,0.884,True,MIXED,CONFIRMED
SUPPORTING,0.865,True,CRIMINAL,CONFIRMED
SUPPORTING,0.639,True,CRIMINAL,SUSPECTED
SUPPORTING,0.739,True,MIXED,SUSPECTED
SUPPORTING,0.878,True,CRIMINAL,CONFIRMED
SUPPORTING,0.708,True,AMBIGUOUS,SUSPECTED
NEUTRAL,0.333,True,LEGITIMATE,UNKNOWN
NEUTRAL,0.459,True,CRIMINAL,UNKNOWN
CONTRADICTING,0.389,True,LEGITIMATE,FALSE
SUPPORTING,0.831,True,AMBIGUOUS,CONFIRMED
SUPPORTING,0.865,True,CRIMINAL,CONFIRMED
SUPPORTING,0.597,True,CRIMINAL,SUSPECTED
SUPPORTING,0.840,True,CRIMINAL,CONFIRMED
NEUTRAL,0.379,True,MIXED,UNKNOWN
SUPPORTING,0.666,True,LEGITIMATE,SUSPECTED
SUPPORTING,0.843,True,CRIMINAL,SUSPECTED
SUPPORTING,0.684,True,CRIMINAL,SUSPECTED
SUPPORTING,0.779,True,CRIMINAL,SUSPECTED
CONTRADICTING,0.331,True,LEGITIMATE,FALSE
NEUTRAL,0.490,True,AMBIGUOUS,UNKNOWN
SUPPORTING,0.845,True,AMBIGUOUS,CONFIRMED
SUPPORTING,0.969,True,CRIMINAL,CONFIRMED
NEUTRAL,0.224,True,CRIMINAL,UNKNOWN
SUPPORTING,0.867,True,AMBIGUOUS,CONFIRMED
SUPPORTING,0.825,True,MIXED,CONFIRMED
SUPPORTING,0.753,True,CRIMINAL,SUSPECTED
SUPPORTING,0.939,True,MIXED,CONFIRMED
CONTRADICTING,0.338,True,MIXED,FALSE
CONTRADICTING,0.324,True,MIXED,FALSE
CONTRADICTING,0.297,True,CRIMINAL,FALSE
NEUTRAL,0.411,True,AMBIGUOUS,UNKNOWN
CONTRADICTING,0.339,True,MIXED,FALSE
SUPPORTING,0.867,True,CRIMINAL,CONFIRMED
SUPPORTING,0.791,True,AMBIGUOUS,SUSPECTED
CONTRADICTING,0.186,True,CRIMINAL,FALSE
SUPPORTING,0.631,True,CRIMINAL,SUSPECTED
SUPPORTING,0.984,True,CRIMINAL,CONFIRMED
SUPPORTING,0.843,True,CRIMINAL,CONFIRMED
NEUTRAL,0.221,True,AMBIGUOUS,UNKNOWN
SUPPORTING,0.725,True,AMBIGUOUS,SUSPECTED
SUPPORTING,0.781,True,CRIMINAL,SUSPECTED
SUPPORTING,0.744,True,CRIMINAL,SUSPECTED
SUPPORTING,0.607,True,LEGITIMATE,SUSPECTED
CONTRADICTING,0.386,True,AMBIGUOUS,FALSE
SUPPORTING,0.685,True,LEGITIMATE,SUSPECTED
SUPPORTING,0.869,True,CRIMINAL,CONFIRMED
SUPPORTING,0.772,True,AMBIGUOUS,SUSPECTED
NEUTRAL,0.516,True,LEGITIMATE,UNKNOWN
CONTRADICTING,0.283,True,LEGITIMATE,FALSE
SUPPORTING,0.681,True,CRIMINAL,SUSPECTED
SUPPORTING,0.760,True,AMBIGUOUS,SUSPECTED
NEUTRAL,0.310,True,CRIMINAL,UNKNOWN
SUPPORTING,0.905,True,AMBIGUOUS,CONFIRMED
SUPPORTING,0.608,True,AMBIGUOUS,SUSPECTED
SUPPORTING,0.877,True,CRIMINAL,CONFIRMED
CONTRADICTING,0.203,True,AMBIGUOUS,FALSE
SUPPORTING,0.680,True,CRIMINAL,SUSPECTED
NEUTRAL,0.472,True,LEGITIMATE,UNKNOWN
SUPPORTING,0.705,True,CRIMINAL,SUSPECTED
NEUTRAL,0.409,True,LEGITIMATE,UNKNOWN
CONTRADICTING,0.141,True,AMBIGUOUS,FALSE
NEUTRAL,0.315,True,AMBIGUOUS,UNKNOWN
NEUTRAL,0.206,True,CRIMINAL,UNKNOWN
NEUTRAL,0.238,True,CRIMINAL,UNKNOWN
SUPPORTING,0.890,True,CRIMINAL,CONFIRMED
SUPPORTING,0.725,True,MIXED,SUSPECTED
CONTRADICTING,0.246,True,MIXED,FALSE
NEUTRAL,0.322,True,MIXED,UNKNOWN
SUPPORTING,0.627,True,MIXED,SUSPECTED
SUPPORTING,0.682,True,CRIMINAL,SUSPECTED
SUPPORTING,0.815,True,AMBIGUOUS,SUSPECTED
SUPPORTING,0.926,True,CRIMINAL,CONFIRMED
SUPPORTING,0.909,True,CRIMINAL,CONFIRMED
CONTRADICTING,0.386,True,AMBIGUOUS,FALSE
NEUTRAL,0.384,True,LEGITIMATE,UNKNOWN
SUPPORTING,0.890,True,AMBIGUOUS,CONFIRMED
CONTRADICTING,0.215,True,CRIMINAL,FALSE
SUPPORTING,0.708,True,CRIMINAL,SUSPECTED
SUPPORTING,0.894,True,CRIMINAL,CONFIRMED
CONTRADICTING,0.301,True,LEGITIMATE,FALSE
NEUTRAL,0.418,True,CRIMINAL,UNKNOWN
CONTRADICTING,0.356,True,CRIMINAL,FALSE
SUPPORTING,0.683,True,MIXED,SUSPECTED
SUPPORTING,0.946,True,CRIMINAL,CONFIRMED
CONTRADICTING,0.221,True,AMBIGUOUS,FALSE
CONTRADICTING,0.312,True,LEGITIMATE,FALSE
CONTRADICTING,0.346,True,MIXED,FALSE
CONTRADICTING,0.134,True,MIXED,FALSE
SUPPORTING,0.808,True,CRIMINAL,SUSPECTED
NEUTRAL,0.420,True,CRIMINAL,UNKNOWN
SUPPORTING,0.766,True,CRIMINAL,SUSPECTED
CONTRADICTING,0.387,True,MIXED,FALSE
SUPPORTING,0.754,True,LEGITIMATE,SUSPECTED
NEUTRAL,0.234,True,AMBIGUOUS,UNKNOWN
SUPPORTING,0.933,True,CRIMINAL,CONFIRMED
SUPPORTING,0.962,True,CRIMINAL,CONFIRMED
NEUTRAL,0.441,True,AMBIGUOUS,UNKNOWN
CONTRADICTING,0.239,True,AMBIGUOUS,FALSE
SUPPORTING,0.791,True,CRIMINAL,SUSPECTED
CONTRADICTING,0.155,True,LEGITIMATE,FALSE
SUPPORTING,0.832,True,AMBIGUOUS,CONFIRMED
SUPPORTING,0.984,True,MIXED,CONFIRMED
SUPPORTING,0.814,True,LEGITIMATE,SUSPECTED
SUPPORTING,0.862,True,CRIMINAL,CONFIRMED
SUPPORTING,0.837,True,MIXED,SUSPECTED
SUPPORTING,0.838,True,CRIMINAL,CONFIRMED
NEUTRAL,0.293,True,MIXED,UNKNOWN
NEUTRAL,0.301,True,AMBIGUOUS,UNKNOWN
NEUTRAL,0.547,True,AMBIGUOUS,UNKNOWN
NEUTRAL,0.526,True,AMBIGUOUS,UNKNOWN
SUPPORTING,0.813,True,LEGITIMATE,SUSPECTED
SUPPORTING,0.829,True,LEGITIMATE,CONFIRMED
NEUTRAL,0.238,True,LEGITIMATE,UNKNOWN
SUPPORTING,0.602,True,CRIMINAL,SUSPECTED
SUPPORTING,0.863,True,MIXED,CONFIRMED
SUPPORTING,0.878,True,CRIMINAL,CONFIRMED
SUPPORTING,0.629,True,MIXED,SUSPECTED
SUPPORTING,0.706,True,LEGITIMATE,SUSPECTED
SUPPORTING,0.830,True,AMBIGUOUS,SUSPECTED
NEUTRAL,0.325,True,AMBIGUOUS,UNKNOWN
SUPPORTING,0.849,True,MIXED,SUSPECTED
SUPPORTING,0.665,True,AMBIGUOUS,SUSPECTED
SUPPORTING,0.696,True,LEGITIMATE,SUSPECTED
CONTRADICTING,0.140,True,LEGITIMATE,FALSE
SUPPORTING,0.909,True,CRIMINAL,CONFIRMED
SUPPORTING,0.904,True,CRIMINAL,CONFIRMED
NEUTRAL,0.405,True,CRIMINAL,UNKNOWN
SUPPORTING,0.597,True,CRIMINAL,SUSPECTED
SUPPORTING,0.874,True,CRIMINAL,CONFIRMED
NEUTRAL,0.208,True,LEGITIMATE,UNKNOWN
SUPPORTING,0.963,True,AMBIGUOUS,CONFIRMED
SUPPORTING,0.830,True,MIXED,CONFIRMED
NEUTRAL,0.353,True,CRIMINAL,UNKNOWN
NEUTRAL,0.543,True,MIXED,UNKNOWN
CONTRADICTING,0.354,True,AMBIGUOUS,FALSE
NEUTRAL,0.378,True,MIXED,UNKNOWN
SUPPORTING,0.963,True,LEGITIMATE,CONFIRMED
SUPPORTING,0.882,True,MIXED,CONFIRMED
SUPPORTING,0.946,True,CRIMINAL,CONFIRMED
SUPPORTING,0.623,True,CRIMINAL,SUSPECTED
SUPPORTING,0.789,True,MIXED,SUSPECTED
SUPPORTING,0.921,True,CRIMINAL,CONFIRMED
SUPPORTING,0.927,True,CRIMINAL,CONFIRMED
SUPPORTING,0.928,True,CRIMINAL,CONFIRMED
SUPPORTING,0.752,True,CRIMINAL,SUSPECTED
SUPPORTING,0.823,True,CRIMINAL,SUSPECTED
SUPPORTING,0.828,True,CRIMINAL,CONFIRMED
NEUTRAL,0.488,True,AMBIGUOUS,UNKNOWN
NEUTRAL,0.289,True,LEGITIMATE,UNKNOWN
SUPPORTING,0.617,True,MIXED,SUSPECTED
SUPPORTING,0.664,True,CRIMINAL,SUSPECTED
SUPPORTING,0.693,True,MIXED,SUSPECTED
NEUTRAL,0.312,True,CRIMINAL,UNKNOWN
NEUTRAL,0.444,True,AMBIGUOUS,UNKNOWN
NEUTRAL,0.254,True,LEGITIMATE,UNKNOWN
SUPPORTING,0.602,True,CRIMINAL,SUSPECTED
SUPPORTING,0.911,True,CRIMINAL,CONFIRMED
SUPPORTING,0.585,True,MIXED,SUSPECTED
SUPPORTING,0.830,True,MIXED,SUSPECTED
CONTRADICTING,0.362,True,MIXED,FALSE
SUPPORTING,0.793,True,CRIMINAL,SUSPECTED
CONTRADICTING,0.409,True,MIXED,FALSE
NEUTRAL,0.482,True,MIXED,UNKNOWN
CONTRADICTING,0.144,True,MIXED,FALSE
NEUTRAL,0.323,True,AMBIGUOUS,UNKNOWN
SUPPORTING,0.633,True,LEGITIMATE,SUSPECTED
SUPPORTING,0.858,True,LEGITIMATE,SUSPECTED
SUPPORTING,0.908,True,CRIMINAL,CONFIRMED
SUPPORTING,0.825,True,AMBIGUOUS,CONFIRMED
SUPPORTING,0.776,True,CRIMINAL,SUSPECTED
NEUTRAL,0.273,True,LEGITIMATE,UNKNOWN
SUPPORTING,0.846,True,CRIMINAL,CONFIRMED
NEUTRAL,0.522,True,LEGITIMATE,UNKNOWN
CONTRADICTING,0.217,True,LEGITIMATE,FALSE
SUPPORTING,0.910,True,MIXED,CONFIRMED
SUPPORTING,0.695,True,MIXED,SUSPECTED
NEUTRAL,0.335,True,CRIMINAL,UNKNOWN
SUPPORTING,0.868,True,MIXED,CONFIRMED
CONTRADICTING,0.375,True,LEGITIMATE,FALSE
NEUTRAL,0.307,True,AMBIGUOUS,UNKNOWN
NEUTRAL,0.539,True,AMBIGUOUS,UNKNOWN
NEUTRAL,0.434,True,CRIMINAL,UNKNOWN
SUPPORTING,0.627,True,CRIMINAL,SUSPECTED
NEUTRAL,0.317,True,MIXED,UNKNOWN
NEUTRAL,0.454,True,LEGITIMATE,UNKNOWN
SUPPORTING,0.845,True,MIXED,SUSPECTED
SUPPORTING,0.693,True,AMBIGUOUS,SUSPECTED
CONTRADICTING,0.140,True,AMBIGUOUS,FALSE
CONTRADICTING,0.341,True,CRIMINAL,FALSE
NEUTRAL,0.312,True,LEGITIMATE,UNKNOWN
SUPPORTING,0.707,True,CRIMINAL,SUSPECTED
NEUTRAL,0.319,True,CRIMINAL,UNKNOWN
SUPPORTING,0.619,True,LEGITIMATE,SUSPECTED
NEUTRAL,0.238,True,AMBIGUOUS,UNKNOWN
NEUTRAL,0.302,True,MIXED,UNKNOWN
NEUTRAL,0.287,True,AMBIGUOUS,UNKNOWN
SUPPORTING,0.948,True,LEGITIMATE,CONFIRMED
NEUTRAL,0.214,True,LEGITIMATE,UNKNOWN
SUPPORTING,0.849,True,LEGITIMATE,CONFIRMED
SUPPORTING,0.712,True,CRIMINAL,SUSPECTED
NEUTRAL,0.308,True,LEGITIMATE,UNKNOWN
SUPPORTING,0.821,True,CRIMINAL,SUSPECTED
CONTRADICTING,0.353,True,LEGITIMATE,FALSE
SUPPORTING,0.854,True,MIXED,SUSPECTED
SUPPORTING,0.623,True,LEGITIMATE,SUSPECTED
SUPPORTING,0.788,True,AMBIGUOUS,SUSPECTED
NEUTRAL,0.215,True,LEGITIMATE,UNKNOWN
SUPPORTING,0.643,True,AMBIGUOUS,SUSPECTED
SUPPORTING,0.861,True,CRIMINAL,CONFIRMED
SUPPORTING,0.657,True,MIXED,SUSPECTED
SUPPORTING,0.840,True,CRIMINAL,CONFIRMED
CONTRADICTING,0.192,True,MIXED,FALSE
SUPPORTING,0.947,True,MIXED,CONFIRMED
NEUTRAL,0.402,True,AMBIGUOUS,UNKNOWN
SUPPORTING,0.833,True,CRIMINAL,CONFIRMED
SUPPORTING,0.862,True,CRIMINAL,CONFIRMED
NEUTRAL,0.324,True,CRIMINAL,UNKNOWN
SUPPORTING,0.734,True,CRIMINAL,SUSPECTED
NEUTRAL,0.531,True,AMBIGUOUS,UNKNOWN
SUPPORTING,0.662,True,CRIMINAL,SUSPECTED
NEUTRAL,0.212,True,AMBIGUOUS,UNKNOWN
SUPPORTING,0.885,True,MIXED,CONFIRMED
CONTRADICTING,0.255,True,AMBIGUOUS,FALSE
SUPPORTING,0.784,True,MIXED,SUSPECTED
NEUTRAL,0.357,True,CRIMINAL,UNKNOWN
SUPPORTING,0.913,True,LEGITIMATE,CONFIRMED
SUPPORTING,0.859,True,MIXED,SUSPECTED
SUPPORTING,0.615,True,CRIMINAL,SUSPECTED
SUPPORTING,0.928,True,CRIMINAL,CONFIRMED
NEUTRAL,0.395,True,LEGITIMATE,UNKNOWN
CONTRADICTING,0.394,True,CRIMINAL,FALSE
NEUTRAL,0.521,True,AMBIGUOUS,UNKNOWN
SUPPORTING,0.890,True,CRIMINAL,CONFIRMED
SUPPORTING,0.749,True,AMBIGUOUS,SUSPECTED
NEUTRAL,0.440,True,AMBIGUOUS,UNKNOWN
SUPPORTING,0.759,True,CRIMINAL,SUSPECTED
SUPPORTING,0.710,True,CRIMINAL,SUSPECTED
CONTRADICTING,0.221,True,CRIMINAL,FALSE
SUPPORTING,0.688,True,CRIMINAL,SUSPECTED
SUPPORTING,0.968,True,LEGITIMATE,CONFIRMED
NEUTRAL,0.511,True,AMBIGUOUS,UNKNOWN
SUPPORTING,0.820,True,MIXED,SUSPECTED
NEUTRAL,0.472,True,AMBIGUOUS,UNKNOWN
SUPPORTING,0.832,True,AMBIGUOUS,CONFIRMED
SUPPORTING,0.913,True,CRIMINAL,CONFIRMED
NEUTRAL,0.285,True,LEGITIMATE,UNKNOWN
SUPPORTING,0.742,True,CRIMINAL,SUSPECTED
NEUTRAL,0.498,True,CRIMINAL,UNKNOWN
SUPPORTING,0.590,True,LEGITIMATE,SUSPECTED
SUPPORTING,0.834,True,CRIMINAL,SUSPECTED
SUPPORTING,0.822,True,AMBIGUOUS,CONFIRMED
SUPPORTING,0.850,True,CRIMINAL,CONFIRMED
CONTRADICTING,0.196,True,CRIMINAL,FALSE
SUPPORTING,0.851,True,LEGITIMATE,SUSPECTED
SUPPORTING,0.699,True,CRIMINAL,SUSPECTED
SUPPORTING,0.857,True,CRIMINAL,SUSPECTED
SUPPORTING,0.974,True,CRIMINAL,CONFIRMED
SUPPORTING,0.855,True,MIXED,SUSPECTED
SUPPORTING,0.632,True,CRIMINAL,SUSPECTED
NEUTRAL,0.393,True,CRIMINAL,UNKNOWN
SUPPORTING,0.907,True,CRIMINAL,CONFIRMED
NEUTRAL,0.472,True,AMBIGUOUS,UNKNOWN
SUPPORTING,0.612,True,CRIMINAL,SUSPECTED
CONTRADICTING,0.280,True,LEGITIMATE,FALSE
SUPPORTING,0.905,True,CRIMINAL,CONFIRMED
SUPPORTING,0.855,True,CRIMINAL,CONFIRMED
SUPPORTING,0.653,True,LEGITIMATE,SUSPECTED
CONTRADICTING,0.161,True,LEGITIMATE,FALSE
NEUTRAL,0.322,True,MIXED,UNKNOWN
CONTRADICTING,0.365,True,MIXED,FALSE
CONTRADICTING,0.226,True,LEGITIMATE,FALSE
CONTRADICTING,0.185,True,AMBIGUOUS,FALSE
NEUTRAL,0.398,True,MIXED,UNKNOWN
CONTRADICTING,0.401,True,CRIMINAL,FALSE
NEUTRAL,0.479,True,CRIMINAL,UNKNOWN
SUPPORTING,0.719,True,LEGITIMATE,SUSPECTED
CONTRADICTING,0.262,True,AMBIGUOUS,FALSE
SUPPORTING,0.875,True,CRIMINAL,CONFIRMED
SUPPORTING,0.892,True,CRIMINAL,CONFIRMED
CONTRADICTING,0.271,True,CRIMINAL,FALSE
NEUTRAL,0.349,True,AMBIGUOUS,UNKNOWN
NEUTRAL,0.458,True,CRIMINAL,UNKNOWN
SUPPORTING,0.860,True,CRIMINAL,CONFIRMED
SUPPORTING,0.586,True,CRIMINAL,SUSPECTED
SUPPORTING,0.688,True,MIXED,SUSPECTED
SUPPORTING,0.933,True,MIXED,CONFIRMED
SUPPORTING,0.824,True,MIXED,SUSPECTED
NEUTRAL,0.302,True,AMBIGUOUS,UNKNOWN
SUPPORTING,0.678,True,CRIMINAL,SUSPECTED
SUPPORTING,0.713,True,CRIMINAL,SUSPECTED
SUPPORTING,0.813,True,MIXED,SUSPECTED
CONTRADICTING,0.197,True,MIXED,FALSE
SUPPORTING,0.928,True,AMBIGUOUS,CONFIRMED
NEUTRAL,0.548,True,LEGITIMATE,UNKNOWN
SUPPORTING,0.905,True,MIXED,CONFIRMED
SUPPORTING,0.957,True,LEGITIMATE,CONFIRMED
SUPPORTING,0.825,True,CRIMINAL,SUSPECTED
SUPPORTING,0.782,True,AMBIGUOUS,SUSPECTED
NEUTRAL,0.407,True,AMBIGUOUS,UNKNOWN
SUPPORTING,0.738,True,LEGITIMATE,SUSPECTED
SUPPORTING,0.887,True,MIXED,CONFIRMED
CONTRADICTING,0.331,True,CRIMINAL,FALSE
SUPPORTING,0.945,True,CRIMINAL,CONFIRMED
SUPPORTING,0.730,True,CRIMINAL,SUSPECTED
SUPPORTING,0.713,True,LEGITIMATE,SUSPECTED
SUPPORTING,0.679,True,MIXED,SUSPECTED
SUPPORTING,0.977,True,CRIMINAL,CONFIRMED
NEUTRAL,0.499,True,LEGITIMATE,UNKNOWN
CONTRADICTING,0.365,True,MIXED,FALSE
NEUTRAL,0.368,True,LEGITIMATE,UNKNOWN
SUPPORTING,0.790,True,AMBIGUOUS,SUSPECTED
SUPPORTING,0.616,True,LEGITIMATE,SUSPECTED
NEUTRAL,0.268,True,CRIMINAL,UNKNOWN
NEUTRAL,0.487,True,CRIMINAL,UNKNOWN
CONTRADICTING,0.344,True,CRIMINAL,FALSE
NEUTRAL,0.520,True,CRIMINAL,UNKNOWN
NEUTRAL,0.269,True,AMBIGUOUS,UNKNOWN
SUPPORTING,0.910,True,LEGITIMATE,CONFIRMED
NEUTRAL,0.494,True,AMBIGUOUS,UNKNOWN
NEUTRAL,0.538,True,CRIMINAL,UNKNOWN
SUPPORTING,0.918,True,CRIMINAL,CONFIRMED
SUPPORTING,0.854,True,MIXED,CONFIRMED
SUPPORTING,0.780,True,MIXED,SUSPECTED
SUPPORTING,0.876,True,AMBIGUOUS,CONFIRMED
CONTRADICTING,0.179,True,MIXED,FALSE
SUPPORTING,0.673,True,LEGITIMATE,SUSPECTED
NEUTRAL,0.429,True,AMBIGUOUS,UNKNOWN
SUPPORTING,0.701,True,LEGITIMATE,SUSPECTED
SUPPORTING,0.741,True,AMBIGUOUS,SUSPECTED
SUPPORTING,0.888,True,CRIMINAL,CONFIRMED
SUPPORTING,0.930,True,LEGITIMATE,CONFIRMED
CONTRADICTING,0.258,True,CRIMINAL,FALSE
NEUTRAL,0.287,True,MIXED,UNKNOWN
SUPPORTING,0.912,True,LEGITIMATE,CONFIRMED
SUPPORTING,0.587,True,CRIMINAL,SUSPECTED
SUPPORTING,0.714,True,CRIMINAL,SUSPECTED
SUPPORTING,0.943,True,CRIMINAL,CONFIRMED
CONTRADICTING,0.373,True,LEGITIMATE,FALSE
SUPPORTING,0.590,True,CRIMINAL,SUSPECTED
SUPPORTING,0.581,True,CRIMINAL,SUSPECTED
CONTRADICTING,0.345,True,MIXED,FALSE
SUPPORTING,0.611,True,CRIMINAL,SUSPECTED
SUPPORTING,0.822,True,MIXED,CONFIRMED
SUPPORTING,0.653,True,CRIMINAL,SUSPECTED
CONTRADICTING,0.360,True,AMBIGUOUS,FALSE
SUPPORTING,0.792,True,LEGITIMATE,SUSPECTED
SUPPORTING,0.843,True,AMBIGUOUS,SUSPECTED
SUPPORTING,0.942,True,CRIMINAL,CONFIRMED
SUPPORTING,0.961,True,MIXED,CONFIRMED
SUPPORTING,0.894,True,MIXED,CONFIRMED
SUPPORTING,0.876,True,AMBIGUOUS,CONFIRMED
NEUTRAL,0.518,True,MIXED,UNKNOWN
SUPPORTING,0.940,True,CRIMINAL,CONFIRMED
SUPPORTING,0.737,True,CRIMINAL,SUSPECTED
SUPPORTING,0.868,True,MIXED,CONFIRMED
SUPPORTING,0.811,True,CRIMINAL,SUSPECTED
SUPPORTING,0.613,True,CRIMINAL,SUSPECTED
NEUTRAL,0.262,True,MIXED,UNKNOWN
NEUTRAL,0.296,True,MIXED,UNKNOWN
CONTRADICTING,0.164,True,MIXED,FALSE
SUPPORTING,0.836,True,CRIMINAL,SUSPECTED
SUPPORTING,0.621,True,AMBIGUOUS,SUSPECTED
SUPPORTING,0.961,True,CRIMINAL,CONFIRMED
NEUTRAL,0.216,True,AMBIGUOUS,UNKNOWN
CONTRADICTING,0.312,True,CRIMINAL,FALSE
NEUTRAL,0.516,True,LEGITIMATE,UNKNOWN
CONTRADICTING,0.410,True,MIXED,FALSE
NEUTRAL,0.398,True,CRIMINAL,UNKNOWN
NEUTRAL,0.356,True,CRIMINAL,UNKNOWN
SUPPORTING,0.921,True,CRIMINAL,CONFIRMED
SUPPORTING,0.807,True,AMBIGUOUS,SUSPECTED
SUPPORTING,0.643,True,MIXED,SUSPECTED
SUPPORTING,0.927,True,CRIMINAL,CONFIRMED
CONTRADICTING,0.373,True,CRIMINAL,FALSE
CONTRADICTING,0.348,True,MIXED,FALSE
NEUTRAL,0.382,True,MIXED,UNKNOWN
NEUTRAL,0.354,True,LEGITIMATE,UNKNOWN
SUPPORTING,0.713,True,CRIMINAL,SUSPECTED
CONTRADICTING,0.390,True,CRIMINAL,FALSE
SUPPORTING,0.581,True,LEGITIMATE,SUSPECTED
CONTRADICTING,0.319,True,AMBIGUOUS,FALSE
SUPPORTING,0.837,True,LEGITIMATE,CONFIRMED
SUPPORTING,0.841,True,AMBIGUOUS,SUSPECTED
NEUTRAL,0.508,True,LEGITIMATE,UNKNOWN
CONTRADICTING,0.335,True,MIXED,FALSE
SUPPORTING,0.799,True,MIXED,SUSPECTED
SUPPORTING,0.921,True,CRIMINAL,CONFIRMED
SUPPORTING,0.805,True,CRIMINAL,SUSPECTED
SUPPORTING,0.834,True,CRIMINAL,CONFIRMED
SUPPORTING,0.588,True,AMBIGUOUS,SUSPECTED
CONTRADICTING,0.371,True,LEGITIMATE,FALSE
SUPPORTING,0.802,True,CRIMINAL,SUSPECTED
SUPPORTING,0.797,True,AMBIGUOUS,SUSPECTED
CONTRADICTING,0.198,True,AMBIGUOUS,FALSE
NEUTRAL,0.517,True,LEGITIMATE,UNKNOWN
SUPPORTING,0.941,True,CRIMINAL,CONFIRMED
SUPPORTING,0.684,True,LEGITIMATE,SUSPECTED
SUPPORTING,0.605,True,AMBIGUOUS,SUSPECTED
SUPPORTING,0.770,True,CRIMINAL,SUSPECTED
SUPPORTING,0.937,True,MIXED,CONFIRMED
SUPPORTING,0.930,True,AMBIGUOUS,CONFIRMED
SUPPORTING,0.726,True,LEGITIMATE,SUSPECTED
SUPPORTING,0.800,True,LEGITIMATE,SUSPECTED
NEUTRAL,0.434,True,CRIMINAL,UNKNOWN
NEUTRAL,0.253,True,MIXED,UNKNOWN
SUPPORTING,0.646,True,LEGITIMATE,SUSPECTED
NEUTRAL,0.471,True,AMBIGUOUS,UNKNOWN
SUPPORTING,0.753,True,CRIMINAL,SUSPECTED
SUPPORTING,0.677,True,CRIMINAL,SUSPECTED
SUPPORTING,0.606,True,MIXED,SUSPECTED
NEUTRAL,0.443,True,MIXED,UNKNOWN
SUPPORTING,0.924,True,AMBIGUOUS,CONFIRMED
SUPPORTING,0.596,True,AMBIGUOUS,SUSPECTED
SUPPORTING,0.978,True,CRIMINAL,CONFIRMED
SUPPORTING,0.780,True,MIXED,SUSPECTED
SUPPORTING,0.939,True,AMBIGUOUS,CONFIRMED
SUPPORTING,0.621,True,CRIMINAL,SUSPECTED
SUPPORTING,0.701,True,MIXED,SUSPECTED
SUPPORTING,0.907,True,AMBIGUOUS,CONFIRMED
SUPPORTING,0.912,True,CRIMINAL,CONFIRMED
SUPPORTING,0.673,True,MIXED,SUSPECTED
SUPPORTING,0.975,True,MIXED,CONFIRMED
SUPPORTING,0.631,True,LEGITIMATE,SUSPECTED
SUPPORTING,0.653,True,MIXED,SUSPECTED
NEUTRAL,0.202,True,LEGITIMATE,UNKNOWN
SUPPORTING,0.645,True,CRIMINAL,SUSPECTED
CONTRADICTING,0.330,True,MIXED,FALSE
SUPPORTING,0.919,True,MIXED,CONFIRMED
SUPPORTING,0.943,True,CRIMINAL,CONFIRMED
SUPPORTING,0.723,True,LEGITIMATE,SUSPECTED
SUPPORTING,0.662,True,MIXED,SUSPECTED
NEUTRAL,0.437,True,MIXED,UNKNOWN
SUPPORTING,0.990,True,AMBIGUOUS,CONFIRMED
NEUTRAL,0.417,True,CRIMINAL,UNKNOWN
SUPPORTING,0.713,True,MIXED,SUSPECTED
SUPPORTING,0.657,True,CRIMINAL,SUSPECTED
SUPPORTING,0.694,True,MIXED,SUSPECTED
SUPPORTING,0.615,True,CRIMINAL,SUSPECTED
SUPPORTING,0.661,True,MIXED,SUSPECTED
SUPPORTING,0.886,True,CRIMINAL,CONFIRMED
SUPPORTING,0.689,True,CRIMINAL,SUSPECTED
SUPPORTING,0.712,True,CRIMINAL,SUSPECTED
SUPPORTING,0.920,True,MIXED,CONFIRMED
NEUTRAL,0.269,True,AMBIGUOUS,UNKNOWN
SUPPORTING,0.953,True,LEGITIMATE,CONFIRMED
NEUTRAL,0.448,True,MIXED,UNKNOWN
SUPPORTING,0.837,True,CRIMINAL,CONFIRMED
CONTRADICTING,0.266,True,LEGITIMATE,FALSE
SUPPORTING,0.635,True,LEGITIMATE,SUSPECTED
SUPPORTING,0.917,True,CRIMINAL,CONFIRMED
SUPPORTING,0.675,True,MIXED,SUSPECTED
CONTRADICTING,0.207,True,CRIMINAL,FALSE
NEUTRAL,0.382,True,CRIMINAL,UNKNOWN
SUPPORTING,0.821,True,MIXED,CONFIRMED
SUPPORTING,0.837,True,CRIMINAL,SUSPECTED
SUPPORTING,0.871,True,AMBIGUOUS,CONFIRMED
NEUTRAL,0.430,True,CRIMINAL,UNKNOWN
SUPPORTING,0.933,True,LEGITIMATE,CONFIRMED
SUPPORTING,0.939,True,MIXED,CONFIRMED
SUPPORTING,0.827,True,CRIMINAL,SUSPECTED
SUPPORTING,0.778,True,MIXED,SUSPECTED
SUPPORTING,0.609,True,MIXED,SUSPECTED
SUPPORTING,0.862,True,LEGITIMATE,CONFIRMED
SUPPORTING,0.859,True,MIXED,SUSPECTED
SUPPORTING,0.856,True,AMBIGUOUS,SUSPECTED
CONTRADICTING,0.258,True,AMBIGUOUS,FALSE
SUPPORTING,0.931,True,CRIMINAL,CONFIRMED
SUPPORTING,0.592,True,LEGITIMATE,SUSPECTED
SUPPORTING,0.881,True,MIXED,CONFIRMED
NEUTRAL,0.261,True,MIXED,UNKNOWN
SUPPORTING,0.869,True,AMBIGUOUS,CONFIRMED
NEUTRAL,0.302,True,LEGITIMATE,UNKNOWN
SUPPORTING,0.837,True,MIXED,SUSPECTED
SUPPORTING,0.897,True,CRIMINAL,CONFIRMED
CONTRADICTING,0.159,True,MIXED,FALSE
SUPPORTING,0.742,True,CRIMINAL,SUSPECTED
SUPPORTING,0.688,True,CRIMINAL,SUSPECTED
NEUTRAL,0.293,True,AMBIGUOUS,UNKNOWN
SUPPORTING,0.861,True,CRIMINAL,CONFIRMED
CONTRADICTING,0.341,True,LEGITIMATE,FALSE
SUPPORTING,0.652,True,MIXED,SUSPECTED
SUPPORTING,0.842,True,LEGITIMATE,SUSPECTED
CONTRADICTING,0.385,True,MIXED,FALSE
SUPPORTING,0.910,True,CRIMINAL,CONFIRMED
NEUTRAL,0.399,True,CRIMINAL,UNKNOWN
SUPPORTING,0.985,True,CRIMINAL,CONFIRMED
NEUTRAL,0.539,True,AMBIGUOUS,UNKNOWN
SUPPORTING,0.669,True,LEGITIMATE,SUSPECTED
SUPPORTING,0.829,True,CRIMINAL,SUSPECTED
SUPPORTING,0.897,True,CRIMINAL,CONFIRMED
NEUTRAL,0.513,True,AMBIGUOUS,UNKNOWN
SUPPORTING,0.738,True,LEGITIMATE,SUSPECTED
CONTRADICTING,0.316,True,CRIMINAL,FALSE
SUPPORTING,0.860,True,CRIMINAL,SUSPECTED
NEUTRAL,0.394,True,MIXED,UNKNOWN
CONTRADICTING,0.299,True,MIXED,FALSE
CONTRADICTING,0.271,True,AMBIGUOUS,FALSE
CONTRADICTING,0.202,True,CRIMINAL,FALSE
CONTRADICTING,0.249,True,LEGITIMATE,FALSE
NEUTRAL,0.240,True,CRIMINAL,UNKNOWN
SUPPORTING,0.820,True,CRIMINAL,CONFIRMED
SUPPORTING,0.928,True,CRIMINAL,CONFIRMED
SUPPORTING,0.932,True,CRIMINAL,CONFIRMED
SUPPORTING,0.829,True,AMBIGUOUS,CONFIRMED
SUPPORTING,0.921,True,CRIMINAL,CONFIRMED
SUPPORTING,0.703,True,MIXED,SUSPECTED
NEUTRAL,0.415,True,LEGITIMATE,UNKNOWN
CONTRADICTING,0.193,True,AMBIGUOUS,FALSE
SUPPORTING,0.697,True,CRIMINAL,SUSPECTED
SUPPORTING,0.839,True,CRIMINAL,CONFIRMED
SUPPORTING,0.884,True,CRIMINAL,CONFIRMED
SUPPORTING,0.922,True,CRIMINAL,CONFIRMED
CONTRADICTING,0.363,True,MIXED,FALSE
SUPPORTING,0.635,True,AMBIGUOUS,SUSPECTED
NEUTRAL,0.461,True,LEGITIMATE,UNKNOWN
SUPPORTING,0.708,True,MIXED,SUSPECTED
SUPPORTING,0.948,True,CRIMINAL,CONFIRMED
SUPPORTING,0.603,True,CRIMINAL,SUSPECTED
SUPPORTING,0.603,True,CRIMINAL,SUSPECTED
SUPPORTING,0.790,True,LEGITIMATE,SUSPECTED
NEUTRAL,0.365,True,MIXED,UNKNOWN
CONTRADICTING,0.182,True,CRIMINAL,FALSE
NEUTRAL,0.294,True,AMBIGUOUS,UNKNOWN
SUPPORTING,0.650,True,CRIMINAL,SUSPECTED
CONTRADICTING,0.133,True,CRIMINAL,FALSE
SUPPORTING,0.582,True,CRIMINAL,SUSPECTED
CONTRADICTING,0.322,True,LEGITIMATE,FALSE
NEUTRAL,0.533,True,AMBIGUOUS,UNKNOWN
SUPPORTING,0.939,True,CRIMINAL,CONFIRMED
CONTRADICTING,0.239,True,AMBIGUOUS,FALSE
SUPPORTING,0.660,True,AMBIGUOUS,SUSPECTED
SUPPORTING,0.846,True,CRIMINAL,CONFIRMED
CONTRADICTING,0.390,True,CRIMINAL,FALSE
SUPPORTING,0.927,True,MIXED,CONFIRMED
SUPPORTING,0.847,True,CRIMINAL,CONFIRMED
NEUTRAL,0.307,True,LEGITIMATE,UNKNOWN
SUPPORTING,0.685,True,MIXED,SUSPECTED
SUPPORTING,0.916,True,CRIMINAL,CONFIRMED
SUPPORTING,0.876,True,LEGITIMATE,CONFIRMED
NEUTRAL,0.341,True,LEGITIMATE,UNKNOWN
SUPPORTING,0.641,True,CRIMINAL,SUSPECTED
SUPPORTING,0.632,True,CRIMINAL,SUSPECTED
SUPPORTING,0.977,True,CRIMINAL,CONFIRMED
SUPPORTING,0.787,True,MIXED,SUSPECTED
CONTRADICTING,0.415,True,MIXED,FALSE
NEUTRAL,0.303,True,MIXED,UNKNOWN
CONTRADICTING,0.186,True,CRIMINAL,FALSE
CONTRADICTING,0.395,True,CRIMINAL,FALSE
CONTRADICTING,0.282,True,MIXED,FALSE
NEUTRAL,0.288,True,MIXED,UNKNOWN
NEUTRAL,0.374,True,MIXED,UNKNOWN
SUPPORTING,0.923,True,CRIMINAL,CONFIRMED
SUPPORTING,0.981,True,AMBIGUOUS,CONFIRMED
SUPPORTING,0.716,True,MIXED,SUSPECTED
SUPPORTING,0.959,True,MIXED,CONFIRMED
SUPPORTING,0.889,True,CRIMINAL,CONFIRMED
CONTRADICTING,0.377,True,CRIMINAL,FALSE
NEUTRAL,0.339,True,LEGITIMATE,UNKNOWN
NEUTRAL,0.290,True,CRIMINAL,UNKNOWN
CONTRADICTING,0.334,True,LEGITIMATE,FALSE
NEUTRAL,0.512,True,AMBIGUOUS,UNKNOWN
SUPPORTING,0.911,True,MIXED,CONFIRMED
NEUTRAL,0.427,True,MIXED,UNKNOWN
NEUTRAL,0.431,True,MIXED,UNKNOWN
SUPPORTING,0.854,True,CRIMINAL,CONFIRMED
SUPPORTING,0.673,True,MIXED,SUSPECTED
SUPPORTING,0.660,True,CRIMINAL,SUSPECTED
SUPPORTING,0.950,True,CRIMINAL,CONFIRMED
SUPPORTING,0.819,True,CRIMINAL,SUSPECTED
SUPPORTING,0.860,True,CRIMINAL,CONFIRMED
NEUTRAL,0.359,True,CRIMINAL,UNKNOWN
SUPPORTING,0.930,True,CRIMINAL,CONFIRMED
SUPPORTING,0.893,True,CRIMINAL,CONFIRMED
SUPPORTING,0.620,True,MIXED,SUSPECTED
NEUTRAL,0.384,True,CRIMINAL,UNKNOWN
NEUTRAL,0.548,True,CRIMINAL,UNKNOWN
SUPPORTING,0.606,True,MIXED,SUSPECTED
SUPPORTING,0.883,True,CRIMINAL,CONFIRMED
CONTRADICTING,0.188,True,LEGITIMATE,FALSE
CONTRADICTING,0.414,True,LEGITIMATE,FALSE
CONTRADICTING,0.152,True,CRIMINAL,FALSE
SUPPORTING,0.782,True,CRIMINAL,SUSPECTED
NEUTRAL,0.262,True,CRIMINAL,UNKNOWN
CONTRADICTING,0.321,True,AMBIGUOUS,FALSE
SUPPORTING,0.721,True,CRIMINAL,SUSPECTED
CONTRADICTING,0.237,True,LEGITIMATE,FALSE
NEUTRAL,0.396,True,LEGITIMATE,UNKNOWN
NEUTRAL,0.338,True,AMBIGUOUS,UNKNOWN
SUPPORTING,0.972,True,LEGITIMATE,CONFIRMED
SUPPORTING,0.853,True,CRIMINAL,CONFIRMED
CONTRADICTING,0.127,True,MIXED,FALSE
CONTRADICTING,0.416,True,MIXED,FALSE
SUPPORTING,0.715,True,LEGITIMATE,SUSPECTED
SUPPORTING,0.962,True,CRIMINAL,CONFIRMED
NEUTRAL,0.474,True,LEGITIMATE,UNKNOWN
SUPPORTING,0.895,True,MIXED,CONFIRMED
SUPPORTING,0.798,True,CRIMINAL,SUSPECTED
NEUTRAL,0.415,True,LEGITIMATE,UNKNOWN
SUPPORTING,0.849,True,CRIMINAL,CONFIRMED
SUPPORTING,0.701,True,MIXED,SUSPECTED
NEUTRAL,0.436,True,MIXED,UNKNOWN
NEUTRAL,0.460,True,CRIMINAL,UNKNOWN
SUPPORTING,0.837,True,CRIMINAL,CONFIRMED
NEUTRAL,0.489,True,LEGITIMATE,UNKNOWN
SUPPORTING,0.821,True,MIXED,CONFIRMED
CONTRADICTING,0.368,True,CRIMINAL,FALSE
SUPPORTING,0.767,True,LEGITIMATE,SUSPECTED
NEUTRAL,0.305,True,CRIMINAL,UNKNOWN
SUPPORTING,0.734,True,LEGITIMATE,SUSPECTED
SUPPORTING,0.856,True,LEGITIMATE,CONFIRMED
SUPPORTING,0.721,True,LEGITIMATE,SUSPECTED
NEUTRAL,0.288,True,CRIMINAL,UNKNOWN
SUPPORTING,0.765,True,AMBIGUOUS,SUSPECTED
SUPPORTING,0.851,True,LEGITIMATE,SUSPECTED
CONTRADICTING,0.399,True,CRIMINAL,FALSE
NEUTRAL,0.275,True,CRIMINAL,UNKNOWN
CONTRADICTING,0.408,True,AMBIGUOUS,FALSE
SUPPORTING,0.817,True,MIXED,SUSPECTED
SUPPORTING,0.607,True,CRIMINAL,SUSPECTED
SUPPORTING,0.768,True,LEGITIMATE,SUSPECTED
SUPPORTING,0.824,True,CRIMINAL,CONFIRMED
NEUTRAL,0.206,True,AMBIGUOUS,UNKNOWN
NEUTRAL,0.349,True,MIXED,UNKNOWN
NEUTRAL,0.411,True,LEGITIMATE,UNKNOWN
NEUTRAL,0.399,True,CRIMINAL,UNKNOWN
CONTRADICTING,0.407,True,MIXED,FALSE
NEUTRAL,0.213,True,LEGITIMATE,UNKNOWN
CONTRADICTING,0.239,True,MIXED,FALSE
CONTRADICTING,0.302,True,LEGITIMATE,FALSE
NEUTRAL,0.339,True,AMBIGUOUS,UNKNOWN
SUPPORTING,0.950,True,CRIMINAL,CONFIRMED
SUPPORTING,0.696,True,CRIMINAL,SUSPECTED
NEUTRAL,0.476,True,AMBIGUOUS,UNKNOWN
SUPPORTING,0.704,True,MIXED,SUSPECTED
SUPPORTING,0.733,True,MIXED,SUSPECTED
SUPPORTING,0.837,True,MIXED,CONFIRMED
SUPPORTING,0.666,True,CRIMINAL,SUSPECTED
SUPPORTING,0.770,True,MIXED,SUSPECTED
NEUTRAL,0.245,True,MIXED,UNKNOWN
SUPPORTING,0.979,True,MIXED,CONFIRMED
SUPPORTING,0.797,True,CRIMINAL,SUSPECTED
SUPPORTING,0.635,True,MIXED,SUSPECTED
SUPPORTING,0.831,True,MIXED,CONFIRMED
SUPPORTING,0.841,True,MIXED,CONFIRMED
SUPPORTING,0.660,True,CRIMINAL,SUSPECTED
SUPPORTING,0.738,True,CRIMINAL,SUSPECTED
SUPPORTING,0.593,True,MIXED,SUSPECTED
SUPPORTING,0.929,True,CRIMINAL,CONFIRMED
SUPPORTING,0.984,True,CRIMINAL,CONFIRMED
NEUTRAL,0.253,True,MIXED,UNKNOWN
CONTRADICTING,0.268,True,MIXED,FALSE
SUPPORTING,0.972,True,AMBIGUOUS,CONFIRMED
CONTRADICTING,0.263,True,MIXED,FALSE
CONTRADICTING,0.380,True,LEGITIMATE,FALSE
SUPPORTING,0.593,True,CRIMINAL,SUSPECTED
SUPPORTING,0.924,True,CRIMINAL,CONFIRMED
NEUTRAL,0.283,True,MIXED,UNKNOWN
SUPPORTING,0.720,True,CRIMINAL,SUSPECTED
NEUTRAL,0.417,True,MIXED,UNKNOWN
NEUTRAL,0.334,True,LEGITIMATE,UNKNOWN
SUPPORTING,0.755,True,MIXED,SUSPECTED
SUPPORTING,0.981,True,CRIMINAL,CONFIRMED
SUPPORTING,0.802,True,CRIMINAL,SUSPECTED
SUPPORTING,0.890,True,CRIMINAL,CONFIRMED
NEUTRAL,0.479,True,AMBIGUOUS,UNKNOWN
SUPPORTING,0.872,True,LEGITIMATE,CONFIRMED
NEUTRAL,0.283,True,CRIMINAL,UNKNOWN
SUPPORTING,0.713,True,MIXED,SUSPECTED
SUPPORTING,0.934,True,MIXED,CONFIRMED
SUPPORTING,0.755,True,MIXED,SUSPECTED
SUPPORTING,0.983,True,CRIMINAL,CONFIRMED
SUPPORTING,0.690,True,CRIMINAL,SUSPECTED
SUPPORTING,0.638,True,CRIMINAL,SUSPECTED
SUPPORTING,0.857,True,MIXED,CONFIRMED
NEUTRAL,0.412,True,CRIMINAL,UNKNOWN
SUPPORTING,0.712,True,AMBIGUOUS,SUSPECTED
SUPPORTING,0.962,True,CRIMINAL,CONFIRMED
NEUTRAL,0.511,True,AMBIGUOUS,UNKNOWN
SUPPORTING,0.845,True,MIXED,SUSPECTED
NEUTRAL,0.239,True,CRIMINAL,UNKNOWN
SUPPORTING,0.950,True,LEGITIMATE,CONFIRMED
SUPPORTING,0.753,True,CRIMINAL,SUSPECTED
SUPPORTING,0.722,True,CRIMINAL,SUSPECTED
SUPPORTING,0.948,True,CRIMINAL,CONFIRMED
NEUTRAL,0.337,True,MIXED,UNKNOWN
CONTRADICTING,0.322,True,MIXED,FALSE
CONTRADICTING,0.155,True,LEGITIMATE,FALSE
NEUTRAL,0.436,True,CRIMINAL,UNKNOWN
CONTRADICTING,0.291,True,MIXED,FALSE
SUPPORTING,0.676,True,LEGITIMATE,SUSPECTED
SUPPORTING,0.862,True,CRIMINAL,CONFIRMED
SUPPORTING,0.868,True,CRIMINAL,CONFIRMED
CONTRADICTING,0.399,True,LEGITIMATE,FALSE
SUPPORTING,0.898,True,CRIMINAL,CONFIRMED
SUPPORTING,0.936,True,CRIMINAL,CONFIRMED
CONTRADICTING,0.287,True,LEGITIMATE,FALSE
NEUTRAL,0.239,True,CRIMINAL,UNKNOWN
NEUTRAL,0.221,True,LEGITIMATE,UNKNOWN
SUPPORTING,0.784,True,CRIMINAL,SUSPECTED
CONTRADICTING,0.418,True,LEGITIMATE,FALSE
SUPPORTING,0.882,True,CRIMINAL,CONFIRMED
SUPPORTING,0.801,True,CRIMINAL,SUSPECTED
CONTRADICTING,0.198,True,MIXED,FALSE
SUPPORTING,0.828,True,MIXED,SUSPECTED
SUPPORTING,0.754,True,CRIMINAL,SUSPECTED
SUPPORTING,0.966,True,LEGITIMATE,CONFIRMED
CONTRADICTING,0.285,True,AMBIGUOUS,FALSE
NEUTRAL,0.373,True,CRIMINAL,UNKNOWN
SUPPORTING,0.823,True,MIXED,CONFIRMED
NEUTRAL,0.273,True,AMBIGUOUS,UNKNOWN
CONTRADICTING,0.128,True,LEGITIMATE,FALSE
SUPPORTING,0.809,True,MIXED,SUSPECTED
SUPPORTING,0.865,True,AMBIGUOUS,CONFIRMED
CONTRADICTING,0.377,True,AMBIGUOUS,FALSE
NEUTRAL,0.465,True,CRIMINAL,UNKNOWN
SUPPORTING,0.837,True,AMBIGUOUS,SUSPECTED
SUPPORTING,0.796,True,CRIMINAL,SUSPECTED
CONTRADICTING,0.370,True,LEGITIMATE,FALSE
CONTRADICTING,0.317,True,MIXED,FALSE
CONTRADICTING,0.346,True,AMBIGUOUS,FALSE
SUPPORTING,0.666,True,AMBIGUOUS,SUSPECTED
SUPPORTING,0.663,True,CRIMINAL,SUSPECTED
NEUTRAL,0.527,True,LEGITIMATE,UNKNOWN
CONTRADICTING,0.388,True,MIXED,FALSE
NEUTRAL,0.488,True,LEGITIMATE,UNKNOWN
SUPPORTING,0.870,True,MIXED,CONFIRMED
CONTRADICTING,0.241,True,CRIMINAL,FALSE
SUPPORTING,0.747,True,LEGITIMATE,SUSPECTED
NEUTRAL,0.321,True,AMBIGUOUS,UNKNOWN
CONTRADICTING,0.311,True,LEGITIMATE,FALSE
SUPPORTING,0.687,True,CRIMINAL,SUSPECTED
CONTRADICTING,0.152,True,CRIMINAL,FALSE
SUPPORTING,0.943,True,CRIMINAL,CONFIRMED
SUPPORTING,0.732,True,CRIMINAL,SUSPECTED
SUPPORTING,0.769,True,AMBIGUOUS,SUSPECTED
NEUTRAL,0.230,True,LEGITIMATE,UNKNOWN
SUPPORTING,0.913,True,MIXED,CONFIRMED
SUPPORTING,0.732,True,CRIMINAL,SUSPECTED
SUPPORTING,0.605,True,MIXED,SUSPECTED
SUPPORTING,0.632,True,CRIMINAL,SUSPECTED
SUPPORTING,0.859,True,MIXED,SUSPECTED
CONTRADICTING,0.342,True,MIXED,FALSE
CONTRADICTING,0.146,True,CRIMINAL,FALSE
SUPPORTING,0.827,True,MIXED,CONFIRMED
NEUTRAL,0.508,True,CRIMINAL,UNKNOWN
SUPPORTING,0.854,True,CRIMINAL,CONFIRMED
NEUTRAL,0.361,True,MIXED,UNKNOWN
SUPPORTING,0.863,True,CRIMINAL,CONFIRMED
SUPPORTING,0.857,True,AMBIGUOUS,SUSPECTED
NEUTRAL,0.507,True,CRIMINAL,UNKNOWN
CONTRADICTING,0.401,True,MIXED,FALSE
NEUTRAL,0.344,True,LEGITIMATE,UNKNOWN
NEUTRAL,0.432,True,LEGITIMATE,UNKNOWN
NEUTRAL,0.354,True,AMBIGUOUS,UNKNOWN
NEUTRAL,0.531,True,LEGITIMATE,UNKNOWN
NEUTRAL,0.436,True,CRIMINAL,UNKNOWN
SUPPORTING,0.762,True,CRIMINAL,SUSPECTED
SUPPORTING,0.663,True,MIXED,SUSPECTED
CONTRADICTING,0.284,True,CRIMINAL,FALSE
SUPPORTING,0.950,True,CRIMINAL,CONFIRMED
SUPPORTING,0.741,True,CRIMINAL,SUSPECTED
SUPPORTING,0.635,True,CRIMINAL,SUSPECTED
SUPPORTING,0.630,True,CRIMINAL,SUSPECTED
CONTRADICTING,0.285,True,MIXED,FALSE
SUPPORTING,0.619,True,MIXED,SUSPECTED
SUPPORTING,0.824,True,LEGITIMATE,CONFIRMED
NEUTRAL,0.209,True,LEGITIMATE,UNKNOWN
CONTRADICTING,0.193,True,LEGITIMATE,FALSE
SUPPORTING,0.982,True,CRIMINAL,CONFIRMED
NEUTRAL,0.285,True,LEGITIMATE,UNKNOWN
SUPPORTING,0.720,True,MIXED,SUSPECTED
SUPPORTING,0.704,True,MIXED,SUSPECTED
SUPPORTING,0.836,True,CRIMINAL,CONFIRMED
SUPPORTING,0.717,True,MIXED,SUSPECTED
SUPPORTING,0.855,True,CRIMINAL,SUSPECTED
NEUTRAL,0.273,True,LEGITIMATE,UNKNOWN
SUPPORTING,0.703,True,CRIMINAL,SUSPECTED
SUPPORTING,0.988,True,CRIMINAL,CONFIRMED
SUPPORTING,0.850,True,CRIMINAL,SUSPECTED
CONTRADICTING,0.353,True,LEGITIMATE,FALSE
NEUTRAL,0.540,True,LEGITIMATE,UNKNOWN
SUPPORTING,0.731,True,CRIMINAL,SUSPECTED
SUPPORTING,0.935,True,CRIMINAL,CONFIRMED
NEUTRAL,0.425,True,LEGITIMATE,UNKNOWN
CONTRADICTING,0.161,True,LEGITIMATE,FALSE
SUPPORTING,0.707,True,MIXED,SUSPECTED
CONTRADICTING,0.122,True,MIXED,FALSE
SUPPORTING,0.793,True,CRIMINAL,SUSPECTED
SUPPORTING,0.754,True,AMBIGUOUS,SUSPECTED
SUPPORTING,0.847,True,CRIMINAL,CONFIRMED
NEUTRAL,0.315,True,CRIMINAL,UNKNOWN
SUPPORTING,0.921,True,CRIMINAL,CONFIRMED
NEUTRAL,0.261,True,LEGITIMATE,UNKNOWN
NEUTRAL,0.333,True,CRIMINAL,UNKNOWN
SUPPORTING,0.918,True,MIXED,CONFIRMED
SUPPORTING,0.947,True,AMBIGUOUS,CONFIRMED
NEUTRAL,0.219,True,CRIMINAL,UNKNOWN
CONTRADICTING,0.295,True,MIXED,FALSE
CONTRADICTING,0.408,True,MIXED,FALSE
SUPPORTING,0.812,True,CRIMINAL,SUSPECTED
SUPPORTING,0.630,True,MIXED,SUSPECTED
SUPPORTING,0.962,True,CRIMINAL,CONFIRMED
SUPPORTING,0.593,True,CRIMINAL,SUSPECTED
SUPPORTING,0.940,True,MIXED,CONFIRMED
NEUTRAL,0.519,True,CRIMINAL,UNKNOWN
SUPPORTING,0.822,True,CRIMINAL,CONFIRMED
SUPPORTING,0.957,True,CRIMINAL,CONFIRMED
SUPPORTING,0.823,True,LEGITIMATE,SUSPECTED
CONTRADICTING,0.144,True,LEGITIMATE,FALSE
CONTRADICTING,0.392,True,MIXED,FALSE
NEUTRAL,0.527,True,MIXED,UNKNOWN
SUPPORTING,0.853,True,CRIMINAL,SUSPECTED
CONTRADICTING,0.299,True,LEGITIMATE,FALSE
NEUTRAL,0.330,True,LEGITIMATE,UNKNOWN
SUPPORTING,0.625,True,AMBIGUOUS,SUSPECTED
SUPPORTING,0.830,True,LEGITIMATE,CONFIRMED
CONTRADICTING,0.266,True,LEGITIMATE,FALSE
NEUTRAL,0.383,True,AMBIGUOUS,UNKNOWN
SUPPORTING,0.613,True,MIXED,SUSPECTED
NEUTRAL,0.338,True,MIXED,UNKNOWN
SUPPORTING,0.860,True,AMBIGUOUS,CONFIRMED
SUPPORTING,0.946,True,CRIMINAL,CONFIRMED
SUPPORTING,0.683,True,LEGITIMATE,SUSPECTED
CONTRADICTING,0.397,True,MIXED,FALSE
SUPPORTING,0.956,True,CRIMINAL,CONFIRMED
SUPPORTING,0.978,True,CRIMINAL,CONFIRMED
NEUTRAL,0.421,True,LEGITIMATE,UNKNOWN
SUPPORTING,0.892,True,CRIMINAL,CONFIRMED
NEUTRAL,0.291,True,CRIMINAL,UNKNOWN
CONTRADICTING,0.395,True,CRIMINAL,FALSE
SUPPORTING,0.617,True,MIXED,SUSPECTED
NEUTRAL,0.281,True,CRIMINAL,UNKNOWN
SUPPORTING,0.932,True,MIXED,CONFIRMED
CONTRADICTING,0.179,True,LEGITIMATE,FALSE
SUPPORTING,0.582,True,AMBIGUOUS,SUSPECTED
SUPPORTING,0.963,True,CRIMINAL,CONFIRMED
SUPPORTING,0.777,True,AMBIGUOUS,SUSPECTED
NEUTRAL,0.306,True,MIXED,UNKNOWN
SUPPORTING,0.865,True,CRIMINAL,CONFIRMED
CONTRADICTING,0.257,True,CRIMINAL,FALSE
SUPPORTING,0.966,True,MIXED,CONFIRMED
NEUTRAL,0.383,True,AMBIGUOUS,UNKNOWN
SUPPORTING,0.702,True,AMBIGUOUS,SUSPECTED
SUPPORTING,0.902,True,CRIMINAL,CONFIRMED
SUPPORTING,0.967,True,AMBIGUOUS,CONFIRMED
SUPPORTING,0.622,True,MIXED,SUSPECTED
SUPPORTING,0.852,True,LEGITIMATE,CONFIRMED
NEUTRAL,0.264,True,AMBIGUOUS,UNKNOWN
NEUTRAL,0.319,True,CRIMINAL,UNKNOWN
NEUTRAL,0.308,True,LEGITIMATE,UNKNOWN
SUPPORTING,0.677,True,CRIMINAL,SUSPECTED
SUPPORTING,0.784,True,LEGITIMATE,SUSPECTED
NEUTRAL,0.416,True,AMBIGUOUS,UNKNOWN
CONTRADICTING,0.322,True,AMBIGUOUS,FALSE
SUPPORTING,0.871,True,CRIMINAL,CONFIRMED
SUPPORTING,0.635,True,AMBIGUOUS,SUSPECTED
SUPPORTING,0.624,True,AMBIGUOUS,SUSPECTED
SUPPORTING,0.675,True,LEGITIMATE,SUSPECTED
CONTRADICTING,0.265,True,CRIMINAL,FALSE
CONTRADICTING,0.319,True,LEGITIMATE,FALSE
SUPPORTING,0.709,True,CRIMINAL,SUSPECTED
SUPPORTING,0.848,True,CRIMINAL,CONFIRMED
SUPPORTING,0.952,True,LEGITIMATE,CONFIRMED
SUPPORTING,0.759,True,LEGITIMATE,SUSPECTED
SUPPORTING,0.632,True,CRIMINAL,SUSPECTED
NEUTRAL,0.496,True,AMBIGUOUS,UNKNOWN
SUPPORTING,0.823,True,CRIMINAL,CONFIRMED
NEUTRAL,0.283,True,LEGITIMATE,UNKNOWN
SUPPORTING,0.926,True,CRIMINAL,CONFIRMED
CONTRADICTING,0.275,True,MIXED,FALSE
SUPPORTING,0.899,True,CRIMINAL,CONFIRMED
SUPPORTING,0.819,True,CRIMINAL,SUSPECTED
SUPPORTING,0.807,True,CRIMINAL,SUSPECTED
NEUTRAL,0.399,True,AMBIGUOUS,UNKNOWN
NEUTRAL,0.425,True,MIXED,UNKNOWN
SUPPORTING,0.777,True,LEGITIMATE,SUSPECTED
CONTRADICTING,0.261,True,LEGITIMATE,FALSE
SUPPORTING,0.962,True,CRIMINAL,CONFIRMED
CONTRADICTING,0.154,True,MIXED,FALSE
NEUTRAL,0.526,True,CRIMINAL,UNKNOWN
SUPPORTING,0.851,True,CRIMINAL,SUSPECTED
SUPPORTING,0.839,True,CRIMINAL,SUSPECTED
NEUTRAL,0.441,True,MIXED,UNKNOWN
SUPPORTING,0.802,True,LEGITIMATE,SUSPECTED
CONTRADICTING,0.247,True,LEGITIMATE,FALSE
SUPPORTING,0.835,True,MIXED,CONFIRMED
SUPPORTING,0.845,True,CRIMINAL,CONFIRMED
NEUTRAL,0.442,True,MIXED,UNKNOWN
SUPPORTING,0.699,True,AMBIGUOUS,SUSPECTED
SUPPORTING,0.761,True,MIXED,SUSPECTED
NEUTRAL,0.239,True,AMBIGUOUS,UNKNOWN
CONTRADICTING,0.282,True,LEGITIMATE,FALSE
SUPPORTING,0.608,True,CRIMINAL,SUSPECTED
SUPPORTING,0.828,True,MIXED,SUSPECTED
NEUTRAL,0.527,True,LEGITIMATE,UNKNOWN
SUPPORTING,0.942,True,CRIMINAL,CONFIRMED
SUPPORTING,0.651,True,MIXED,SUSPECTED
SUPPORTING,0.846,True,CRIMINAL,SUSPECTED
CONTRADICTING,0.348,True,AMBIGUOUS,FALSE
NEUTRAL,0.516,True,CRIMINAL,UNKNOWN
SUPPORTING,0.842,True,AMBIGUOUS,CONFIRMED
CONTRADICTING,0.232,True,LEGITIMATE,FALSE
SUPPORTING,0.635,True,MIXED,SUSPECTED
SUPPORTING,0.601,True,MIXED,SUSPECTED
SUPPORTING,0.656,True,LEGITIMATE,SUSPECTED
SUPPORTING,0.851,True,CRIMINAL,SUSPECTED
SUPPORTING,0.986,True,MIXED,CONFIRMED
SUPPORTING,0.726,True,MIXED,SUSPECTED
NEUTRAL,0.410,True,AMBIGUOUS,UNKNOWN
NEUTRAL,0.262,True,LEGITIMATE,UNKNOWN
SUPPORTING,0.797,True,MIXED,SUSPECTED
SUPPORTING,0.823,True,CRIMINAL,CONFIRMED
SUPPORTING,0.928,True,CRIMINAL,CONFIRMED
SUPPORTING,0.844,True,MIXED,SUSPECTED
SUPPORTING,0.832,True,MIXED,SUSPECTED
CONTRADICTING,0.351,True,CRIMINAL,FALSE
CONTRADICTING,0.294,True,CRIMINAL,FALSE
SUPPORTING,0.767,True,LEGITIMATE,SUSPECTED
NEUTRAL,0.264,True,CRIMINAL,UNKNOWN
CONTRADICTING,0.375,True,AMBIGUOUS,FALSE
SUPPORTING,0.901,True,MIXED,CONFIRMED
SUPPORTING,0.773,True,AMBIGUOUS,SUSPECTED
SUPPORTING,0.909,True,CRIMINAL,CONFIRMED
SUPPORTING,0.661,True,LEGITIMATE,SUSPECTED
CONTRADICTING,0.408,True,LEGITIMATE,FALSE
SUPPORTING,0.783,True,MIXED,SUSPECTED
SUPPORTING,0.972,True,AMBIGUOUS,CONFIRMED
SUPPORTING,0.718,True,CRIMINAL,SUSPECTED
SUPPORTING,0.802,True,MIXED,SUSPECTED
SUPPORTING,0.830,True,MIXED,CONFIRMED
SUPPORTING,0.874,True,LEGITIMATE,CONFIRMED
CONTRADICTING,0.317,True,CRIMINAL,FALSE
SUPPORTING,0.871,True,AMBIGUOUS,CONFIRMED
SUPPORTING,0.598,True,CRIMINAL,SUSPECTED
SUPPORTING,0.792,True,MIXED,SUSPECTED
CONTRADICTING,0.408,True,MIXED,FALSE
SUPPORTING,0.716,True,MIXED,SUSPECTED
SUPPORTING,0.765,True,CRIMINAL,SUSPECTED
SUPPORTING,0.971,True,AMBIGUOUS,CONFIRMED
CONTRADICTING,0.153,True,AMBIGUOUS,FALSE
CONTRADICTING,0.123,True,AMBIGUOUS,FALSE
SUPPORTING,0.928,True,CRIMINAL,CONFIRMED
SUPPORTING,0.631,True,AMBIGUOUS,SUSPECTED
SUPPORTING,0.745,True,LEGITIMATE,SUSPECTED
SUPPORTING,0.776,True,LEGITIMATE,SUSPECTED
SUPPORTING,0.663,True,LEGITIMATE,SUSPECTED
SUPPORTING,0.660,True,CRIMINAL,SUSPECTED
CONTRADICTING,0.411,True,CRIMINAL,FALSE
CONTRADICTING,0.414,True,LEGITIMATE,FALSE
SUPPORTING,0.696,True,MIXED,SUSPECTED
SUPPORTING,0.932,True,CRIMINAL,CONFIRMED
SUPPORTING,0.643,True,MIXED,SUSPECTED
CONTRADICTING,0.225,True,LEGITIMATE,FALSE
SUPPORTING,0.816,True,LEGITIMATE,SUSPECTED
SUPPORTING,0.628,True,LEGITIMATE,SUSPECTED
NEUTRAL,0.201,True,AMBIGUOUS,UNKNOWN
SUPPORTING,0.755,True,LEGITIMATE,SUSPECTED
SUPPORTING,0.948,True,LEGITIMATE,CONFIRMED
SUPPORTING,0.660,True,CRIMINAL,SUSPECTED
CONTRADICTING,0.234,True,MIXED,FALSE
SUPPORTING,0.651,True,CRIMINAL,SUSPECTED
SUPPORTING,0.590,True,CRIMINAL,SUSPECTED
NEUTRAL,0.210,True,MIXED,UNKNOWN
SUPPORTING,0.872,True,MIXED,CONFIRMED
CONTRADICTING,0.375,True,AMBIGUOUS,FALSE
SUPPORTING,0.586,True,CRIMINAL,SUSPECTED
SUPPORTING,0.698,True,MIXED,SUSPECTED
SUPPORTING,0.969,True,MIXED,CONFIRMED
SUPPORTING,0.825,True,CRIMINAL,CONFIRMED
SUPPORTING,0.986,True,CRIMINAL,CONFIRMED
SUPPORTING,0.932,True,CRIMINAL,CONFIRMED
SUPPORTING,0.624,True,CRIMINAL,SUSPECTED
SUPPORTING,0.836,True,MIXED,CONFIRMED
SUPPORTING,0.761,True,MIXED,SUSPECTED
SUPPORTING,0.901,True,CRIMINAL,CONFIRMED
NEUTRAL,0.325,True,MIXED,UNKNOWN
NEUTRAL,0.340,True,MIXED,UNKNOWN
CONTRADICTING,0.158,True,LEGITIMATE,FALSE
CONTRADICTING,0.369,True,LEGITIMATE,FALSE
SUPPORTING,0.832,True,CRIMINAL,SUSPECTED
NEUTRAL,0.236,True,LEGITIMATE,UNKNOWN
SUPPORTING,0.841,True,CRIMINAL,CONFIRMED
NEUTRAL,0.283,True,MIXED,UNKNOWN
NEUTRAL,0.524,True,MIXED,UNKNOWN
SUPPORTING,0.644,True,CRIMINAL,SUSPECTED
SUPPORTING,0.774,True,CRIMINAL,SUSPECTED
SUPPORTING,0.592,True,AMBIGUOUS,SUSPECTED
NEUTRAL,0.363,True,CRIMINAL,UNKNOWN
SUPPORTING,0.880,True,AMBIGUOUS,CONFIRMED
SUPPORTING,0.678,True,LEGITIMATE,SUSPECTED
SUPPORTING,0.875,True,CRIMINAL,CONFIRMED
NEUTRAL,0.482,True,LEGITIMATE,UNKNOWN
SUPPORTING,0.929,True,AMBIGUOUS,CONFIRMED
NEUTRAL,0.221,True,LEGITIMATE,UNKNOWN
SUPPORTING,0.828,True,MIXED,CONFIRMED
SUPPORTING,0.840,True,CRIMINAL,CONFIRMED
SUPPORTING,0.919,True,AMBIGUOUS,CONFIRMED
SUPPORTING,0.826,True,CRIMINAL,SUSPECTED
NEUTRAL,0.289,True,AMBIGUOUS,UNKNOWN
NEUTRAL,0.285,True,LEGITIMATE,UNKNOWN
SUPPORTING,0.852,True,CRIMINAL,SUSPECTED
SUPPORTING,0.825,True,CRIMINAL,CONFIRMED
SUPPORTING,0.596,True,CRIMINAL,SUSPECTED
CONTRADICTING,0.405,True,CRIMINAL,FALSE
SUPPORTING,0.928,True,LEGITIMATE,CONFIRMED
NEUTRAL,0.431,True,LEGITIMATE,UNKNOWN
SUPPORTING,0.642,True,AMBIGUOUS,SUSPECTED
SUPPORTING,0.644,True,AMBIGUOUS,SUSPECTED
SUPPORTING,0.768,True,CRIMINAL,SUSPECTED
SUPPORTING,0.946,True,CRIMINAL,CONFIRMED
NEUTRAL,0.540,True,AMBIGUOUS,UNKNOWN
NEUTRAL,0.265,True,LEGITIMATE,UNKNOWN
SUPPORTING,0.692,True,LEGITIMATE,SUSPECTED
SUPPORTING,0.645,True,CRIMINAL,SUSPECTED
SUPPORTING,0.878,True,CRIMINAL,CONFIRMED
CONTRADICTING,0.369,True,LEGITIMATE,FALSE
SUPPORTING,0.876,True,MIXED,CONFIRMED
SUPPORTING,0.668,True,MIXED,SUSPECTED
SUPPORTING,0.705,True,CRIMINAL,SUSPECTED
SUPPORTING,0.638,True,MIXED,SUSPECTED
NEUTRAL,0.511,True,MIXED,UNKNOWN
SUPPORTING,0.841,True,CRIMINAL,CONFIRMED
SUPPORTING,0.728,True,CRIMINAL,SUSPECTED
SUPPORTING,0.763,True,CRIMINAL,SUSPECTED
SUPPORTING,0.831,True,CRIMINAL,SUSPECTED
CONTRADICTING,0.236,True,MIXED,FALSE
SUPPORTING,0.904,True,CRIMINAL,CONFIRMED
NEUTRAL,0.365,True,CRIMINAL,UNKNOWN
SUPPORTING,0.912,True,MIXED,CONFIRMED
SUPPORTING,0.831,True,CRIMINAL,CONFIRMED
NEUTRAL,0.325,True,LEGITIMATE,UNKNOWN
SUPPORTING,0.845,True,CRIMINAL,CONFIRMED
SUPPORTING,0.945,True,CRIMINAL,CONFIRMED
SUPPORTING,0.989,True,LEGITIMATE,CONFIRMED
NEUTRAL,0.218,True,CRIMINAL,UNKNOWN
SUPPORTING,0.783,True,LEGITIMATE,SUSPECTED
NEUTRAL,0.321,True,LEGITIMATE,UNKNOWN
SUPPORTING,0.677,True,LEGITIMATE,SUSPECTED
SUPPORTING,0.700,True,MIXED,SUSPECTED
SUPPORTING,0.781,True,CRIMINAL,SUSPECTED
CONTRADICTING,0.308,True,CRIMINAL,FALSE
SUPPORTING,0.669,True,CRIMINAL,SUSPECTED
SUPPORTING,0.797,True,LEGITIMATE,SUSPECTED
NEUTRAL,0.516,True,LEGITIMATE,UNKNOWN
SUPPORTING,0.804,True,CRIMINAL,SUSPECTED
SUPPORTING,0.922,True,CRIMINAL,CONFIRMED
SUPPORTING,0.684,True,CRIMINAL,SUSPECTED
CONTRADICTING,0.133,True,LEGITIMATE,FALSE
SUPPORTING,0.849,True,MIXED,SUSPECTED
NEUTRAL,0.318,True,CRIMINAL,UNKNOWN
SUPPORTING,0.698,True,MIXED,SUSPECTED
SUPPORTING,0.710,True,MIXED,SUSPECTED
CONTRADICTING,0.190,True,CRIMINAL,FALSE
SUPPORTING,0.888,True,MIXED,CONFIRMED
SUPPORTING,0.694,True,LEGITIMATE,SUSPECTED
SUPPORTING,0.829,True,CRIMINAL,CONFIRMED
SUPPORTING,0.860,True,CRIMINAL,SUSPECTED
SUPPORTING,0.700,True,MIXED,SUSPECTED
SUPPORTING,0.687,True,CRIMINAL,SUSPECTED
SUPPORTING,0.632,True,AMBIGUOUS,SUSPECTED
SUPPORTING,0.610,True,AMBIGUOUS,SUSPECTED
SUPPORTING,0.868,True,CRIMINAL,CONFIRMED
CONTRADICTING,0.263,True,MIXED,FALSE
SUPPORTING,0.945,True,MIXED,CONFIRMED
SUPPORTING,0.877,True,LEGITIMATE,CONFIRMED
SUPPORTING,0.807,True,CRIMINAL,SUSPECTED
CONTRADICTING,0.235,True,LEGITIMATE,FALSE
SUPPORTING,0.729,True,CRIMINAL,SUSPECTED
NEUTRAL,0.244,True,LEGITIMATE,UNKNOWN
SUPPORTING,0.772,True,LEGITIMATE,SUSPECTED
SUPPORTING,0.589,True,LEGITIMATE,SUSPECTED
NEUTRAL,0.434,True,CRIMINAL,UNKNOWN
SUPPORTING,0.595,True,LEGITIMATE,SUSPECTED
SUPPORTING,0.703,True,LEGITIMATE,SUSPECTED
SUPPORTING,0.965,True,AMBIGUOUS,CONFIRMED
NEUTRAL,0.409,True,CRIMINAL,UNKNOWN
NEUTRAL,0.382,True,CRIMINAL,UNKNOWN
SUPPORTING,0.757,True,MIXED,SUSPECTED
NEUTRAL,0.258,True,MIXED,UNKNOWN
SUPPORTING,0.973,True,CRIMINAL,CONFIRMED
CONTRADICTING,0.237,True,CRIMINAL,FALSE
SUPPORTING,0.857,True,LEGITIMATE,CONFIRMED
CONTRADICTING,0.233,True,LEGITIMATE,FALSE
CONTRADICTING,0.345,True,LEGITIMATE,FALSE
NEUTRAL,0.343,True,AMBIGUOUS,UNKNOWN
CONTRADICTING,0.199,True,LEGITIMATE,FALSE
SUPPORTING,0.783,True,CRIMINAL,SUSPECTED
NEUTRAL,0.483,True,AMBIGUOUS,UNKNOWN
SUPPORTING,0.912,True,CRIMINAL,CONFIRMED
CONTRADICTING,0.386,True,LEGITIMATE,FALSE
SUPPORTING,0.677,True,AMBIGUOUS,SUSPECTED
SUPPORTING,0.845,True,CRIMINAL,CONFIRMED
NEUTRAL,0.455,True,CRIMINAL,UNKNOWN
NEUTRAL,0.361,True,MIXED,UNKNOWN
SUPPORTING,0.645,True,CRIMINAL,SUSPECTED
SUPPORTING,0.817,True,MIXED,SUSPECTED
NEUTRAL,0.303,True,LEGITIMATE,UNKNOWN
SUPPORTING,0.946,True,CRIMINAL,CONFIRMED
SUPPORTING,0.822,True,CRIMINAL,SUSPECTED
SUPPORTING,0.690,True,LEGITIMATE,SUSPECTED
SUPPORTING,0.844,True,CRIMINAL,CONFIRMED
SUPPORTING,0.975,True,CRIMINAL,CONFIRMED
SUPPORTING,0.977,True,CRIMINAL,CONFIRMED
NEUTRAL,0.307,True,CRIMINAL,UNKNOWN
SUPPORTING,0.607,True,LEGITIMATE,SUSPECTED
SUPPORTING,0.902,True,AMBIGUOUS,CONFIRMED
SUPPORTING,0.635,True,AMBIGUOUS,SUSPECTED
SUPPORTING,0.794,True,MIXED,SUSPECTED
NEUTRAL,0.426,True,LEGITIMATE,UNKNOWN
SUPPORTING,0.922,True,CRIMINAL,CONFIRMED
SUPPORTING,0.822,True,MIXED,SUSPECTED
SUPPORTING,0.656,True,LEGITIMATE,SUSPECTED
SUPPORTING,0.984,True,CRIMINAL,CONFIRMED
SUPPORTING,0.893,True,CRIMINAL,CONFIRMED
NEUTRAL,0.466,True,LEGITIMATE,UNKNOWN
SUPPORTING,0.844,True,AMBIGUOUS,CONFIRMED
CONTRADICTING,0.241,True,MIXED,FALSE
SUPPORTING,0.622,True,CRIMINAL,SUSPECTED
NEUTRAL,0.366,True,MIXED,UNKNOWN
SUPPORTING,0.778,True,MIXED,SUSPECTED
NEUTRAL,0.267,True,AMBIGUOUS,UNKNOWN
SUPPORTING,0.846,True,LEGITIMATE,CONFIRMED
CONTRADICTING,0.381,True,CRIMINAL,FALSE
CONTRADICTING,0.217,True,CRIMINAL,FALSE
SUPPORTING,0.744,True,MIXED,SUSPECTED
NEUTRAL,0.248,True,LEGITIMATE,UNKNOWN
CONTRADICTING,0.398,True,CRIMINAL,FALSE
SUPPORTING,0.662,True,CRIMINAL,SUSPECTED
SUPPORTING,0.697,True,LEGITIMATE,SUSPECTED
SUPPORTING,0.856,True,CRIMINAL,SUSPECTED
SUPPORTING,0.706,True,LEGITIMATE,SUSPECTED
NEUTRAL,0.357,True,CRIMINAL,UNKNOWN
SUPPORTING,0.599,True,MIXED,SUSPECTED
NEUTRAL,0.276,True,LEGITIMATE,UNKNOWN
CONTRADICTING,0.277,True,LEGITIMATE,FALSE
SUPPORTING,0.894,True,CRIMINAL,CONFIRMED
SUPPORTING,0.795,True,CRIMINAL,SUSPECTED
SUPPORTING,0.784,True,CRIMINAL,SUSPECTED
NEUTRAL,0.502,True,AMBIGUOUS,UNKNOWN
SUPPORTING,0.691,True,MIXED,SUSPECTED
SUPPORTING,0.974,True,CRIMINAL,CONFIRMED
SUPPORTING,0.854,True,CRIMINAL,CONFIRMED
SUPPORTING,0.925,True,LEGITIMATE,CONFIRMED
CONTRADICTING,0.419,True,AMBIGUOUS,FALSE
CONTRADICTING,0.188,True,LEGITIMATE,FALSE
NEUTRAL,0.314,True,MIXED,UNKNOWN
NEUTRAL,0.363,True,CRIMINAL,UNKNOWN
SUPPORTING,0.825,True,MIXED,CONFIRMED
SUPPORTING,0.955,True,MIXED,CONFIRMED
SUPPORTING,0.589,True,CRIMINAL,SUSPECTED
SUPPORTING,0.958,True,CRIMINAL,CONFIRMED
CONTRADICTING,0.178,True,LEGITIMATE,FALSE
NEUTRAL,0.241,True,AMBIGUOUS,UNKNOWN
SUPPORTING,0.765,True,MIXED,SUSPECTED
CONTRADICTING,0.182,True,LEGITIMATE,FALSE
SUPPORTING,0.614,True,LEGITIMATE,SUSPECTED
NEUTRAL,0.451,True,MIXED,UNKNOWN
SUPPORTING,0.821,True,MIXED,SUSPECTED
SUPPORTING,0.865,True,AMBIGUOUS,CONFIRMED
SUPPORTING,0.829,True,CRIMINAL,CONFIRMED
SUPPORTING,0.966,True,CRIMINAL,CONFIRMED
CONTRADICTING,0.372,True,MIXED,FALSE
SUPPORTING,0.765,True,CRIMINAL,SUSPECTED
NEUTRAL,0.429,True,LEGITIMATE,UNKNOWN
SUPPORTING,0.675,True,CRIMINAL,SUSPECTED
SUPPORTING,0.812,True,AMBIGUOUS,SUSPECTED
SUPPORTING,0.806,True,AMBIGUOUS,SUSPECTED
NEUTRAL,0.442,True,LEGITIMATE,UNKNOWN
SUPPORTING,0.900,True,LEGITIMATE,CONFIRMED
SUPPORTING,0.605,True,MIXED,SUSPECTED
SUPPORTING,0.893,True,CRIMINAL,CONFIRMED
NEUTRAL,0.465,True,CRIMINAL,UNKNOWN
NEUTRAL,0.366,True,MIXED,UNKNOWN
SUPPORTING,0.794,True,LEGITIMATE,SUSPECTED
SUPPORTING,0.685,True,CRIMINAL,SUSPECTED
NEUTRAL,0.498,True,AMBIGUOUS,UNKNOWN
SUPPORTING,0.739,True,CRIMINAL,SUSPECTED
NEUTRAL,0.413,True,MIXED,UNKNOWN
SUPPORTING,0.798,True,CRIMINAL,SUSPECTED
NEUTRAL,0.426,True,CRIMINAL,UNKNOWN
NEUTRAL,0.214,True,CRIMINAL,UNKNOWN
NEUTRAL,0.455,True,AMBIGUOUS,UNKNOWN
NEUTRAL,0.494,True,CRIMINAL,UNKNOWN
SUPPORTING,0.749,True,LEGITIMATE,SUSPECTED
SUPPORTING,0.872,True,MIXED,CONFIRMED
SUPPORTING,0.877,True,MIXED,CONFIRMED
CONTRADICTING,0.259,True,CRIMINAL,FALSE
SUPPORTING,0.681,True,MIXED,SUSPECTED
SUPPORTING,0.810,True,CRIMINAL,SUSPECTED
SUPPORTING,0.720,True,MIXED,SUSPECTED
NEUTRAL,0.272,True,CRIMINAL,UNKNOWN
CONTRADICTING,0.328,True,LEGITIMATE,FALSE
CONTRADICTING,0.209,True,AMBIGUOUS,FALSE
SUPPORTING,0.606,True,MIXED,SUSPECTED
SUPPORTING,0.921,True,CRIMINAL,CONFIRMED
NEUTRAL,0.215,True,CRIMINAL,UNKNOWN
CONTRADICTING,0.187,True,CRIMINAL,FALSE
SUPPORTING,0.945,True,CRIMINAL,CONFIRMED
NEUTRAL,0.373,True,LEGITIMATE,UNKNOWN
NEUTRAL,0.475,True,MIXED,UNKNOWN
NEUTRAL,0.549,True,CRIMINAL,UNKNOWN
SUPPORTING,0.956,True,MIXED,CONFIRMED
SUPPORTING,0.988,True,CRIMINAL,CONFIRMED
SUPPORTING,0.966,True,MIXED,CONFIRMED
SUPPORTING,0.946,True,LEGITIMATE,CONFIRMED
SUPPORTING,0.710,True,AMBIGUOUS,SUSPECTED
NEUTRAL,0.498,True,CRIMINAL,UNKNOWN
SUPPORTING,0.922,True,CRIMINAL,CONFIRMED
NEUTRAL,0.235,True,LEGITIMATE,UNKNOWN
CONTRADICTING,0.123,True,CRIMINAL,FALSE
SUPPORTING,0.854,True,CRIMINAL,SUSPECTED
SUPPORTING,0.705,True,MIXED,SUSPECTED
SUPPORTING,0.875,True,CRIMINAL,CONFIRMED
NEUTRAL,0.525,True,CRIMINAL,UNKNOWN
SUPPORTING,0.619,True,CRIMINAL,SUSPECTED
NEUTRAL,0.279,True,MIXED,UNKNOWN
SUPPORTING,0.886,True,CRIMINAL,CONFIRMED
CONTRADICTING,0.237,True,LEGITIMATE,FALSE
SUPPORTING,0.786,True,AMBIGUOUS,SUSPECTED
SUPPORTING,0.783,True,CRIMINAL,SUSPECTED
SUPPORTING,0.824,True,AMBIGUOUS,CONFIRMED
SUPPORTING,0.770,True,CRIMINAL,SUSPECTED
SUPPORTING,0.826,True,CRIMINAL,SUSPECTED
SUPPORTING,0.591,True,CRIMINAL,SUSPECTED
SUPPORTING,0.966,True,MIXED,CONFIRMED
SUPPORTING,0.800,True,CRIMINAL,SUSPECTED
NEUTRAL,0.255,True,CRIMINAL,UNKNOWN
SUPPORTING,0.984,True,MIXED,CONFIRMED
SUPPORTING,0.839,True,AMBIGUOUS,SUSPECTED
CONTRADICTING,0.291,True,MIXED,FALSE
SUPPORTING,0.828,True,CRIMINAL,SUSPECTED
SUPPORTING,0.604,True,CRIMINAL,SUSPECTED
CONTRADICTING,0.243,True,LEGITIMATE,FALSE
SUPPORTING,0.891,True,CRIMINAL,CONFIRMED
NEUTRAL,0.337,True,AMBIGUOUS,UNKNOWN
SUPPORTING,0.853,True,MIXED,CONFIRMED
NEUTRAL,0.235,True,LEGITIMATE,UNKNOWN
SUPPORTING,0.982,True,MIXED,CONFIRMED
SUPPORTING,0.983,True,AMBIGUOUS,CONFIRMED
NEUTRAL,0.467,True,AMBIGUOUS,UNKNOWN
CONTRADICTING,0.416,True,CRIMINAL,FALSE
NEUTRAL,0.465,True,AMBIGUOUS,UNKNOWN
SUPPORTING,0.637,True,CRIMINAL,SUSPECTED
NEUTRAL,0.491,True,LEGITIMATE,UNKNOWN
NEUTRAL,0.383,True,LEGITIMATE,UNKNOWN
SUPPORTING,0.989,True,CRIMINAL,CONFIRMED
CONTRADICTING,0.242,True,CRIMINAL,FALSE
CONTRADICTING,0.332,True,MIXED,FALSE
SUPPORTING,0.922,True,LEGITIMATE,CONFIRMED
SUPPORTING,0.739,True,LEGITIMATE,SUSPECTED
SUPPORTING,0.850,True,CRIMINAL,CONFIRMED
NEUTRAL,0.218,True,AMBIGUOUS,UNKNOWN
NEUTRAL,0.331,True,LEGITIMATE,UNKNOWN
NEUTRAL,0.457,True,LEGITIMATE,UNKNOWN
NEUTRAL,0.357,True,AMBIGUOUS,UNKNOWN
SUPPORTING,0.709,True,LEGITIMATE,SUSPECTED
SUPPORTING,0.841,True,CRIMINAL,SUSPECTED
SUPPORTING,0.770,True,MIXED,SUSPECTED
NEUTRAL,0.216,True,MIXED,UNKNOWN
SUPPORTING,0.903,True,AMBIGUOUS,CONFIRMED
SUPPORTING,0.801,True,AMBIGUOUS,SUSPECTED
SUPPORTING,0.696,True,LEGITIMATE,SUSPECTED
SUPPORTING,0.917,True,CRIMINAL,CONFIRMED
SUPPORTING,0.946,True,AMBIGUOUS,CONFIRMED
SUPPORTING,0.988,True,MIXED,CONFIRMED
NEUTRAL,0.228,True,AMBIGUOUS,UNKNOWN
SUPPORTING,0.825,True,LEGITIMATE,SUSPECTED
SUPPORTING,0.826,True,CRIMINAL,CONFIRMED
NEUTRAL,0.537,True,MIXED,UNKNOWN
NEUTRAL,0.342,True,LEGITIMATE,UNKNOWN
SUPPORTING,0.645,True,MIXED,SUSPECTED
NEUTRAL,0.373,True,MIXED,UNKNOWN
SUPPORTING,0.775,True,MIXED,SUSPECTED
SUPPORTING,0.807,True,CRIMINAL,SUSPECTED
CONTRADICTING,0.196,True,LEGITIMATE,FALSE
SUPPORTING,0.670,True,MIXED,SUSPECTED
SUPPORTING,0.863,True,CRIMINAL,CONFIRMED
SUPPORTING,0.776,True,CRIMINAL,SUSPECTED
SUPPORTING,0.855,True,LEGITIMATE,CONFIRMED
NEUTRAL,0.330,True,MIXED,UNKNOWN
NEUTRAL,0.238,True,LEGITIMATE,UNKNOWN
SUPPORTING,0.834,True,LEGITIMATE,CONFIRMED
NEUTRAL,0.275,True,MIXED,UNKNOWN
NEUTRAL,0.323,True,MIXED,UNKNOWN
SUPPORTING,0.805,True,MIXED,SUSPECTED
NEUTRAL,0.365,True,AMBIGUOUS,UNKNOWN
SUPPORTING,0.936,True,MIXED,CONFIRMED
SUPPORTING,0.904,True,MIXED,CONFIRMED
SUPPORTING,0.962,True,MIXED,CONFIRMED
SUPPORTING,0.675,True,LEGITIMATE,SUSPECTED
NEUTRAL,0.527,True,CRIMINAL,UNKNOWN
CONTRADICTING,0.342,True,AMBIGUOUS,FALSE
SUPPORTING,0.966,True,CRIMINAL,CONFIRMED
NEUTRAL,0.513,True,LEGITIMATE,UNKNOWN
CONTRADICTING,0.214,True,LEGITIMATE,FALSE
NEUTRAL,0.460,True,LEGITIMATE,UNKNOWN
SUPPORTING,0.711,True,CRIMINAL,SUSPECTED
SUPPORTING,0.811,True,AMBIGUOUS,SUSPECTED
SUPPORTING,0.583,True,MIXED,SUSPECTED
NEUTRAL,0.537,True,CRIMINAL,UNKNOWN
SUPPORTING,0.800,True,MIXED,SUSPECTED
CONTRADICTING,0.258,True,MIXED,FALSE
SUPPORTING,0.977,True,CRIMINAL,CONFIRMED
SUPPORTING,0.667,True,CRIMINAL,SUSPECTED
SUPPORTING,0.864,True,CRIMINAL,CONFIRMED
SUPPORTING,0.869,True,MIXED,CONFIRMED
SUPPORTING,0.790,True,LEGITIMATE,SUSPECTED
SUPPORTING,0.845,True,CRIMINAL,SUSPECTED
CONTRADICTING,0.168,True,CRIMINAL,FALSE
CONTRADICTING,0.156,True,MIXED,FALSE
SUPPORTING,0.772,True,CRIMINAL,SUSPECTED
SUPPORTING,0.830,True,MIXED,SUSPECTED
NEUTRAL,0.312,True,MIXED,UNKNOWN
SUPPORTING,0.797,True,LEGITIMATE,SUSPECTED
SUPPORTING,0.929,True,MIXED,CONFIRMED
SUPPORTING,0.967,True,MIXED,CONFIRMED
SUPPORTING,0.724,True,MIXED,SUSPECTED
SUPPORTING,0.657,True,MIXED,SUSPECTED
CONTRADICTING,0.144,True,MIXED,FALSE
NEUTRAL,0.473,True,MIXED,UNKNOWN
CONTRADICTING,0.313,True,LEGITIMATE,FALSE
SUPPORTING,0.746,True,CRIMINAL,SUSPECTED
CONTRADICTING,0.203,True,CRIMINAL,FALSE
NEUTRAL,0.376,True,AMBIGUOUS,UNKNOWN
NEUTRAL,0.219,True,CRIMINAL,UNKNOWN
SUPPORTING,0.885,True,AMBIGUOUS,CONFIRMED
NEUTRAL,0.314,True,LEGITIMATE,UNKNOWN
CONTRADICTING,0.335,True,CRIMINAL,FALSE
NEUTRAL,0.401,True,MIXED,UNKNOWN
NEUTRAL,0.419,True,CRIMINAL,UNKNOWN
NEUTRAL,0.474,True,LEGITIMATE,UNKNOWN
SUPPORTING,0.751,True,MIXED,SUSPECTED
CONTRADICTING,0.121,True,CRIMINAL,FALSE
NEUTRAL,0.365,True,LEGITIMATE,UNKNOWN
CONTRADICTING,0.131,True,CRIMINAL,FALSE
SUPPORTING,0.903,True,MIXED,CONFIRMED
NEUTRAL,0.292,True,CRIMINAL,UNKNOWN
CONTRADICTING,0.227,True,CRIMINAL,FALSE
NEUTRAL,0.294,True,CRIMINAL,UNKNOWN
CONTRADICTING,0.155,True,AMBIGUOUS,FALSE
NEUTRAL,0.546,True,LEGITIMATE,UNKNOWN
CONTRADICTING,0.416,True,LEGITIMATE,FALSE
NEUTRAL,0.456,True,LEGITIMATE,UNKNOWN
SUPPORTING,0.959,True,CRIMINAL,CONFIRMED
NEUTRAL,0.298,True,MIXED,UNKNOWN
SUPPORTING,0.975,True,MIXED,CONFIRMED
SUPPORTING,0.960,True,CRIMINAL,CONFIRMED
SUPPORTING,0.850,True,CRIMINAL,SUSPECTED
SUPPORTING,0.873,True,CRIMINAL,CONFIRMED
NEUTRAL,0.480,True,LEGITIMATE,UNKNOWN
SUPPORTING,0.747,True,MIXED,SUSPECTED
CONTRADICTING,0.208,True,LEGITIMATE,FALSE
SUPPORTING,0.793,True,MIXED,SUSPECTED
SUPPORTING,0.812,True,CRIMINAL,SUSPECTED
SUPPORTING,0.828,True,CRIMINAL,SUSPECTED
SUPPORTING,0.637,True,AMBIGUOUS,SUSPECTED
NEUTRAL,0.237,True,LEGITIMATE,UNKNOWN
SUPPORTING,0.637,True,MIXED,SUSPECTED
SUPPORTING,0.672,True,MIXED,SUSPECTED
NEUTRAL,0.435,True,AMBIGUOUS,UNKNOWN
SUPPORTING,0.733,True,LEGITIMATE,SUSPECTED
NEUTRAL,0.359,True,MIXED,UNKNOWN
SUPPORTING,0.953,True,CRIMINAL,CONFIRMED
SUPPORTING,0.783,True,CRIMINAL,SUSPECTED
SUPPORTING,0.931,True,CRIMINAL,CONFIRMED
SUPPORTING,0.849,True,CRIMINAL,CONFIRMED
SUPPORTING,0.854,True,CRIMINAL,CONFIRMED
SUPPORTING,0.898,True,CRIMINAL,CONFIRMED
NEUTRAL,0.258,True,MIXED,UNKNOWN
NEUTRAL,0.288,True,CRIMINAL,UNKNOWN
NEUTRAL,0.375,True,CRIMINAL,UNKNOWN
SUPPORTING,0.852,True,MIXED,CONFIRMED
CONTRADICTING,0.134,True,CRIMINAL,FALSE
NEUTRAL,0.285,True,AMBIGUOUS,UNKNOWN
SUPPORTING,0.830,True,CRIMINAL,SUSPECTED
CONTRADICTING,0.171,True,MIXED,FALSE
NEUTRAL,0.303,True,LEGITIMATE,UNKNOWN
SUPPORTING,0.587,True,MIXED,SUSPECTED
CONTRADICTING,0.414,True,AMBIGUOUS,FALSE
SUPPORTING,0.954,True,LEGITIMATE,CONFIRMED
NEUTRAL,0.460,True,CRIMINAL,UNKNOWN
SUPPORTING,0.731,True,MIXED,SUSPECTED
SUPPORTING,0.797,True,MIXED,SUSPECTED
CONTRADICTING,0.129,True,MIXED,FALSE
NEUTRAL,0.371,True,CRIMINAL,UNKNOWN
SUPPORTING,0.633,True,CRIMINAL,SUSPECTED
NEUTRAL,0.369,True,AMBIGUOUS,UNKNOWN
SUPPORTING,0.940,True,LEGITIMATE,CONFIRMED
SUPPORTING,0.846,True,CRIMINAL,CONFIRMED
NEUTRAL,0.374,True,CRIMINAL,UNKNOWN
NEUTRAL,0.204,True,CRIMINAL,UNKNOWN
SUPPORTING,0.933,True,CRIMINAL,CONFIRMED
SUPPORTING,0.655,True,CRIMINAL,SUSPECTED
SUPPORTING,0.898,True,MIXED,CONFIRMED
SUPPORTING,0.684,True,MIXED,SUSPECTED
SUPPORTING,0.872,True,CRIMINAL,CONFIRMED
SUPPORTING,0.822,True,MIXED,SUSPECTED
SUPPORTING,0.894,True,LEGITIMATE,CONFIRMED
SUPPORTING,0.800,True,AMBIGUOUS,SUSPECTED
SUPPORTING,0.944,True,AMBIGUOUS,CONFIRMED
SUPPORTING,0.869,True,AMBIGUOUS,CONFIRMED
NEUTRAL,0.353,True,CRIMINAL,UNKNOWN
CONTRADICTING,0.305,True,CRIMINAL,FALSE
SUPPORTING,0.973,True,MIXED,CONFIRMED
SUPPORTING,0.796,True,CRIMINAL,SUSPECTED
CONTRADICTING,0.275,True,AMBIGUOUS,FALSE
SUPPORTING,0.768,True,CRIMINAL,SUSPECTED
SUPPORTING,0.922,True,CRIMINAL,CONFIRMED
SUPPORTING,0.838,True,CRIMINAL,CONFIRMED
SUPPORTING,0.923,True,CRIMINAL,CONFIRMED
SUPPORTING,0.961,True,MIXED,CONFIRMED
CONTRADICTING,0.363,True,MIXED,FALSE
NEUTRAL,0.452,True,CRIMINAL,UNKNOWN
NEUTRAL,0.550,True,CRIMINAL,UNKNOWN
SUPPORTING,0.854,True,CRIMINAL,SUSPECTED
SUPPORTING,0.952,True,MIXED,CONFIRMED
NEUTRAL,0.219,True,CRIMINAL,UNKNOWN
SUPPORTING,0.861,True,LEGITIMATE,CONFIRMED
SUPPORTING,0.804,True,AMBIGUOUS,SUSPECTED
SUPPORTING,0.869,True,CRIMINAL,CONFIRMED
CONTRADICTING,0.125,True,CRIMINAL,FALSE
SUPPORTING,0.600,True,AMBIGUOUS,SUSPECTED
SUPPORTING,0.982,True,CRIMINAL,CONFIRMED
SUPPORTING,0.768,True,MIXED,SUSPECTED
SUPPORTING,0.722,True,LEGITIMATE,SUSPECTED
NEUTRAL,0.450,True,LEGITIMATE,UNKNOWN
SUPPORTING,0.641,True,LEGITIMATE,SUSPECTED
SUPPORTING,0.881,True,CRIMINAL,CONFIRMED
NEUTRAL,0.365,True,MIXED,UNKNOWN
SUPPORTING,0.736,True,CRIMINAL,SUSPECTED
SUPPORTING,0.852,True,CRIMINAL,CONFIRMED
SUPPORTING,0.804,True,CRIMINAL,SUSPECTED
SUPPORTING,0.922,True,LEGITIMATE,CONFIRMED
SUPPORTING,0.827,True,CRIMINAL,CONFIRMED
SUPPORTING,0.826,True,LEGITIMATE,CONFIRMED
SUPPORTING,0.643,True,CRIMINAL,SUSPECTED
SUPPORTING,0.845,True,CRIMINAL,CONFIRMED
NEUTRAL,0.304,True,LEGITIMATE,UNKNOWN
SUPPORTING,0.881,True,CRIMINAL,CONFIRMED
SUPPORTING,0.927,True,LEGITIMATE,CONFIRMED
SUPPORTING,0.869,True,CRIMINAL,CONFIRMED
SUPPORTING,0.747,True,AMBIGUOUS,SUSPECTED
SUPPORTING,0.763,True,AMBIGUOUS,SUSPECTED
SUPPORTING,0.654,True,CRIMINAL,SUSPECTED
SUPPORTING,0.959,True,CRIMINAL,CONFIRMED
CONTRADICTING,0.338,True,LEGITIMATE,FALSE
SUPPORTING,0.850,True,MIXED,CONFIRMED
SUPPORTING,0.726,True,MIXED,SUSPECTED
SUPPORTING,0.954,True,CRIMINAL,CONFIRMED
CONTRADICTING,0.199,True,LEGITIMATE,FALSE
CONTRADICTING,0.366,True,CRIMINAL,FALSE
SUPPORTING,0.982,True,MIXED,CONFIRMED
NEUTRAL,0.241,True,CRIMINAL,UNKNOWN
CONTRADICTING,0.356,True,LEGITIMATE,FALSE
SUPPORTING,0.983,True,LEGITIMATE,CONFIRMED
NEUTRAL,0.434,True,CRIMINAL,UNKNOWN
CONTRADICTING,0.297,True,CRIMINAL,FALSE
NEUTRAL,0.241,True,LEGITIMATE,UNKNOWN
SUPPORTING,0.825,True,CRIMINAL,CONFIRMED
NEUTRAL,0.520,True,CRIMINAL,UNKNOWN
NEUTRAL,0.518,True,AMBIGUOUS,UNKNOWN
SUPPORTING,0.728,True,CRIMINAL,SUSPECTED
SUPPORTING,0.870,True,CRIMINAL,CONFIRMED
SUPPORTING,0.661,True,CRIMINAL,SUSPECTED
SUPPORTING,0.954,True,LEGITIMATE,CONFIRMED
CONTRADICTING,0.327,True,LEGITIMATE,FALSE
SUPPORTING,0.648,True,LEGITIMATE,SUSPECTED
SUPPORTING,0.706,True,AMBIGUOUS,SUSPECTED
CONTRADICTING,0.358,True,AMBIGUOUS,FALSE
NEUTRAL,0.275,True,CRIMINAL,UNKNOWN
SUPPORTING,0.860,True,CRIMINAL,CONFIRMED
SUPPORTING,0.823,True,MIXED,CONFIRMED
CONTRADICTING,0.298,True,MIXED,FALSE
SUPPORTING,0.759,True,MIXED,SUSPECTED
SUPPORTING,0.828,True,LEGITIMATE,SUSPECTED
SUPPORTING,0.840,True,LEGITIMATE,SUSPECTED
SUPPORTING,0.823,True,MIXED,CONFIRMED
NEUTRAL,0.438,True,CRIMINAL,UNKNOWN
SUPPORTING,0.838,True,CRIMINAL,CONFIRMED
SUPPORTING,0.709,True,MIXED,SUSPECTED
SUPPORTING,0.591,True,CRIMINAL,SUSPECTED
NEUTRAL,0.296,True,MIXED,UNKNOWN
SUPPORTING,0.922,True,MIXED,CONFIRMED
SUPPORTING,0.608,True,MIXED,SUSPECTED
NEUTRAL,0.455,True,MIXED,UNKNOWN
SUPPORTING,0.602,True,LEGITIMATE,SUSPECTED
SUPPORTING,0.586,True,MIXED,SUSPECTED
SUPPORTING,0.855,True,AMBIGUOUS,SUSPECTED
CONTRADICTING,0.188,True,MIXED,FALSE
SUPPORTING,0.890,True,MIXED,CONFIRMED
SUPPORTING,0.672,True,AMBIGUOUS,SUSPECTED
SUPPORTING,0.821,True,MIXED,SUSPECTED
CONTRADICTING,0.377,True,CRIMINAL,FALSE
SUPPORTING,0.673,True,LEGITIMATE,SUSPECTED
NEUTRAL,0.505,True,CRIMINAL,UNKNOWN
CONTRADICTING,0.131,True,LEGITIMATE,FALSE
SUPPORTING,0.983,True,CRIMINAL,CONFIRMED
SUPPORTING,0.944,True,MIXED,CONFIRMED
SUPPORTING,0.680,True,CRIMINAL,SUSPECTED
SUPPORTING,0.712,True,MIXED,SUSPECTED
SUPPORTING,0.877,True,AMBIGUOUS,CONFIRMED
SUPPORTING,0.902,True,CRIMINAL,CONFIRMED
SUPPORTING,0.742,True,CRIMINAL,SUSPECTED
SUPPORTING,0.661,True,AMBIGUOUS,SUSPECTED
SUPPORTING,0.812,True,MIXED,SUSPECTED
NEUTRAL,0.226,True,AMBIGUOUS,UNKNOWN
SUPPORTING,0.621,True,LEGITIMATE,SUSPECTED
SUPPORTING,0.853,True,CRIMINAL,CONFIRMED
CONTRADICTING,0.405,True,CRIMINAL,FALSE
SUPPORTING,0.721,True,AMBIGUOUS,SUSPECTED
NEUTRAL,0.293,True,CRIMINAL,UNKNOWN
SUPPORTING,0.838,True,MIXED,SUSPECTED
NEUTRAL,0.445,True,MIXED,UNKNOWN
NEUTRAL,0.501,True,LEGITIMATE,UNKNOWN
SUPPORTING,0.861,True,CRIMINAL,CONFIRMED
SUPPORTING,0.922,True,AMBIGUOUS,CONFIRMED
SUPPORTING,0.880,True,AMBIGUOUS,CONFIRMED
CONTRADICTING,0.339,True,CRIMINAL,FALSE
SUPPORTING,0.910,True,CRIMINAL,CONFIRMED
SUPPORTING,0.817,True,CRIMINAL,SUSPECTED
SUPPORTING,0.878,True,MIXED,CONFIRMED
CONTRADICTING,0.330,True,LEGITIMATE,FALSE
SUPPORTING,0.715,True,CRIMINAL,SUSPECTED
NEUTRAL,0.330,True,MIXED,UNKNOWN
SUPPORTING,0.727,True,MIXED,SUSPECTED
SUPPORTING,0.857,True,CRIMINAL,CONFIRMED
NEUTRAL,0.279,True,AMBIGUOUS,UNKNOWN
SUPPORTING,0.600,True,MIXED,SUSPECTED
SUPPORTING,0.975,True,CRIMINAL,CONFIRMED
NEUTRAL,0.309,True,MIXED,UNKNOWN
SUPPORTING,0.871,True,CRIMINAL,CONFIRMED
SUPPORTING,0.943,True,CRIMINAL,CONFIRMED
NEUTRAL,0.440,True,MIXED,UNKNOWN
SUPPORTING,0.833,True,MIXED,SUSPECTED
SUPPORTING,0.624,True,MIXED,SUSPECTED
SUPPORTING,0.711,True,CRIMINAL,SUSPECTED
NEUTRAL,0.383,True,AMBIGUOUS,UNKNOWN
SUPPORTING,0.849,True,CRIMINAL,SUSPECTED
SUPPORTING,0.926,True,CRIMINAL,CONFIRMED
NEUTRAL,0.374,True,MIXED,UNKNOWN
SUPPORTING,0.678,True,MIXED,SUSPECTED
NEUTRAL,0.203,True,MIXED,UNKNOWN
SUPPORTING,0.958,True,CRIMINAL,CONFIRMED
SUPPORTING,0.890,True,AMBIGUOUS,CONFIRMED
SUPPORTING,0.738,True,CRIMINAL,SUSPECTED
SUPPORTING,0.965,True,AMBIGUOUS,CONFIRMED
SUPPORTING,0.977,True,CRIMINAL,CONFIRMED
SUPPORTING,0.822,True,MIXED,CONFIRMED
SUPPORTING,0.918,True,MIXED,CONFIRMED
SUPPORTING,0.920,True,CRIMINAL,CONFIRMED
NEUTRAL,0.325,True,LEGITIMATE,UNKNOWN
SUPPORTING,0.990,True,MIXED,CONFIRMED
SUPPORTING,0.947,True,AMBIGUOUS,CONFIRMED
SUPPORTING,0.887,True,CRIMINAL,CONFIRMED
SUPPORTING,0.748,True,CRIMINAL,SUSPECTED
SUPPORTING,0.973,True,CRIMINAL,CONFIRMED
SUPPORTING,0.861,True,MIXED,CONFIRMED
NEUTRAL,0.270,True,AMBIGUOUS,UNKNOWN
SUPPORTING,0.893,True,AMBIGUOUS,CONFIRMED
SUPPORTING,0.761,True,MIXED,SUSPECTED
SUPPORTING,0.847,True,CRIMINAL,CONFIRMED
NEUTRAL,0.253,True,CRIMINAL,UNKNOWN
CONTRADICTING,0.154,True,CRIMINAL,FALSE
SUPPORTING,0.873,True,CRIMINAL,CONFIRMED
NEUTRAL,0.479,True,CRIMINAL,UNKNOWN
SUPPORTING,0.721,True,MIXED,SUSPECTED
SUPPORTING,0.983,True,CRIMINAL,CONFIRMED
NEUTRAL,0.421,True,CRIMINAL,UNKNOWN
CONTRADICTING,0.267,True,MIXED,FALSE
SUPPORTING,0.802,True,CRIMINAL,SUSPECTED
SUPPORTING,0.830,True,MIXED,CONFIRMED
SUPPORTING,0.823,True,LEGITIMATE,CONFIRMED
SUPPORTING,0.847,True,CRIMINAL,CONFIRMED
NEUTRAL,0.252,True,LEGITIMATE,UNKNOWN
CONTRADICTING,0.176,True,CRIMINAL,FALSE
SUPPORTING,0.945,True,MIXED,CONFIRMED
SUPPORTING,0.850,True,CRIMINAL,CONFIRMED
SUPPORTING,0.699,True,MIXED,SUSPECTED
SUPPORTING,0.725,True,CRIMINAL,SUSPECTED
SUPPORTING,0.731,True,MIXED,SUSPECTED
SUPPORTING,0.655,True,LEGITIMATE,SUSPECTED
CONTRADICTING,0.243,True,LEGITIMATE,FALSE
SUPPORTING,0.762,True,AMBIGUOUS,SUSPECTED
SUPPORTING,0.740,True,CRIMINAL,SUSPECTED
SUPPORTING,0.984,True,MIXED,CONFIRMED
SUPPORTING,0.833,True,MIXED,SUSPECTED
CONTRADICTING,0.343,True,AMBIGUOUS,FALSE
CONTRADICTING,0.225,True,AMBIGUOUS,FALSE
SUPPORTING,0.857,True,CRIMINAL,CONFIRMED
CONTRADICTING,0.313,True,LEGITIMATE,FALSE
NEUTRAL,0.281,True,LEGITIMATE,UNKNOWN
NEUTRAL,0.206,True,LEGITIMATE,UNKNOWN
SUPPORTING,0.647,True,CRIMINAL,SUSPECTED
NEUTRAL,0.546,True,AMBIGUOUS,UNKNOWN
SUPPORTING,0.884,True,CRIMINAL,CONFIRMED
CONTRADICTING,0.225,True,LEGITIMATE,FALSE
NEUTRAL,0.263,True,CRIMINAL,UNKNOWN
SUPPORTING,0.910,True,MIXED,CONFIRMED
NEUTRAL,0.531,True,LEGITIMATE,UNKNOWN
SUPPORTING,0.912,True,CRIMINAL,CONFIRMED
SUPPORTING,0.938,True,MIXED,CONFIRMED
NEUTRAL,0.377,True,MIXED,UNKNOWN
SUPPORTING,0.843,True,LEGITIMATE,SUSPECTED
NEUTRAL,0.445,True,CRIMINAL,UNKNOWN
SUPPORTING,0.905,True,AMBIGUOUS,CONFIRMED
CONTRADICTING,0.377,True,MIXED,FALSE
SUPPORTING,0.760,True,MIXED,SUSPECTED
NEUTRAL,0.538,True,AMBIGUOUS,UNKNOWN
SUPPORTING,0.872,True,CRIMINAL,CONFIRMED
CONTRADICTING,0.308,True,CRIMINAL,FALSE
CONTRADICTING,0.182,True,MIXED,FALSE
SUPPORTING,0.843,True,MIXED,SUSPECTED
NEUTRAL,0.283,True,CRIMINAL,UNKNOWN
CONTRADICTING,0.226,True,MIXED,FALSE
NEUTRAL,0.208,True,AMBIGUOUS,UNKNOWN
SUPPORTING,0.830,True,AMBIGUOUS,SUSPECTED
SUPPORTING,0.730,True,AMBIGUOUS,SUSPECTED
NEUTRAL,0.382,True,MIXED,UNKNOWN
NEUTRAL,0.429,True,CRIMINAL,UNKNOWN
CONTRADICTING,0.141,True,LEGITIMATE,FALSE
CONTRADICTING,0.297,True,LEGITIMATE,FALSE
SUPPORTING,0.941,True,CRIMINAL,CONFIRMED
SUPPORTING,0.938,True,AMBIGUOUS,CONFIRMED
SUPPORTING,0.774,True,CRIMINAL,SUSPECTED
SUPPORTING,0.828,True,CRIMINAL,SUSPECTED
NEUTRAL,0.242,True,CRIMINAL,UNKNOWN
SUPPORTING,0.964,True,CRIMINAL,CONFIRMED
SUPPORTING,0.747,True,CRIMINAL,SUSPECTED
SUPPORTING,0.904,True,MIXED,CONFIRMED
SUPPORTING,0.870,True,MIXED,CONFIRMED
SUPPORTING,0.739,True,CRIMINAL,SUSPECTED
SUPPORTING,0.932,True,CRIMINAL,CONFIRMED
NEUTRAL,0.539,True,MIXED,UNKNOWN
SUPPORTING,0.687,True,AMBIGUOUS,SUSPECTED
SUPPORTING,0.737,True,MIXED,SUSPECTED
SUPPORTING,0.971,True,CRIMINAL,CONFIRMED
SUPPORTING,0.817,True,CRIMINAL,SUSPECTED
SUPPORTING,0.979,True,CRIMINAL,CONFIRMED
CONTRADICTING,0.351,True,AMBIGUOUS,FALSE
SUPPORTING,0.724,True,AMBIGUOUS,SUSPECTED
CONTRADICTING,0.236,True,LEGITIMATE,FALSE
SUPPORTING,0.862,True,CRIMINAL,CONFIRMED
SUPPORTING,0.855,True,CRIMINAL,CONFIRMED
SUPPORTING,0.895,True,AMBIGUOUS,CONFIRMED
CONTRADICTING,0.122,True,CRIMINAL,FALSE
NEUTRAL,0.462,True,LEGITIMATE,UNKNOWN
NEUTRAL,0.499,True,MIXED,UNKNOWN
NEUTRAL,0.206,True,MIXED,UNKNOWN
SUPPORTING,0.843,True,CRIMINAL,SUSPECTED
SUPPORTING,0.903,True,CRIMINAL,CONFIRMED
SUPPORTING,0.771,True,CRIMINAL,SUSPECTED
NEUTRAL,0.458,True,CRIMINAL,UNKNOWN
CONTRADICTING,0.412,True,LEGITIMATE,FALSE
CONTRADICTING,0.335,True,LEGITIMATE,FALSE
NEUTRAL,0.402,True,MIXED,UNKNOWN
SUPPORTING,0.873,True,MIXED,CONFIRMED
CONTRADICTING,0.196,True,AMBIGUOUS,FALSE
SUPPORTING,0.851,True,CRIMINAL,CONFIRMED
CONTRADICTING,0.165,True,CRIMINAL,FALSE
SUPPORTING,0.924,True,CRIMINAL,CONFIRMED
NEUTRAL,0.468,True,MIXED,UNKNOWN
SUPPORTING,0.718,True,AMBIGUOUS,SUSPECTED
NEUTRAL,0.298,True,MIXED,UNKNOWN
SUPPORTING,0.836,True,LEGITIMATE,CONFIRMED
SUPPORTING,0.851,True,AMBIGUOUS,SUSPECTED
NEUTRAL,0.489,True,CRIMINAL,UNKNOWN
NEUTRAL,0.332,True,MIXED,UNKNOWN
SUPPORTING,0.827,True,CRIMINAL,SUSPECTED
SUPPORTING,0.769,True,CRIMINAL,SUSPECTED
SUPPORTING,0.723,True,CRIMINAL,SUSPECTED
CONTRADICTING,0.341,True,MIXED,FALSE
SUPPORTING,0.775,True,CRIMINAL,SUSPECTED
SUPPORTING,0.603,True,MIXED,SUSPECTED
SUPPORTING,0.654,True,CRIMINAL,SUSPECTED
NEUTRAL,0.261,True,AMBIGUOUS,UNKNOWN
NEUTRAL,0.542,True,LEGITIMATE,UNKNOWN
SUPPORTING,0.783,True,AMBIGUOUS,SUSPECTED
NEUTRAL,0.353,True,LEGITIMATE,UNKNOWN
SUPPORTING,0.815,True,CRIMINAL,SUSPECTED
SUPPORTING,0.703,True,CRIMINAL,SUSPECTED
NEUTRAL,0.305,True,CRIMINAL,UNKNOWN
CONTRADICTING,0.230,True,MIXED,FALSE
NEUTRAL,0.487,True,CRIMINAL,UNKNOWN
SUPPORTING,0.911,True,CRIMINAL,CONFIRMED
SUPPORTING,0.708,True,CRIMINAL,SUSPECTED
SUPPORTING,0.634,True,CRIMINAL,SUSPECTED
NEUTRAL,0.252,True,CRIMINAL,UNKNOWN
SUPPORTING,0.638,True,MIXED,SUSPECTED
SUPPORTING,0.904,True,CRIMINAL,CONFIRMED
NEUTRAL,0.359,True,AMBIGUOUS,UNKNOWN
SUPPORTING,0.860,True,CRIMINAL,SUSPECTED
NEUTRAL,0.303,True,CRIMINAL,UNKNOWN
NEUTRAL,0.498,True,MIXED,UNKNOWN
NEUTRAL,0.230,True,MIXED,UNKNOWN
SUPPORTING,0.827,True,CRIMINAL,SUSPECTED
SUPPORTING,0.952,True,CRIMINAL,CONFIRMED
SUPPORTING,0.692,True,CRIMINAL,SUSPECTED
NEUTRAL,0.347,True,CRIMINAL,UNKNOWN
NEUTRAL,0.530,True,CRIMINAL,UNKNOWN
CONTRADICTING,0.348,True,LEGITIMATE,FALSE
SUPPORTING,0.843,True,CRIMINAL,CONFIRMED
NEUTRAL,0.363,True,MIXED,UNKNOWN
NEUTRAL,0.484,True,LEGITIMATE,UNKNOWN
SUPPORTING,0.904,True,LEGITIMATE,CONFIRMED
SUPPORTING,0.970,True,CRIMINAL,CONFIRMED
SUPPORTING,0.596,True,CRIMINAL,SUSPECTED
SUPPORTING,0.848,True,AMBIGUOUS,CONFIRMED
SUPPORTING,0.596,True,MIXED,SUSPECTED
SUPPORTING,0.591,True,CRIMINAL,SUSPECTED
NEUTRAL,0.273,True,CRIMINAL,UNKNOWN
NEUTRAL,0.508,True,CRIMINAL,UNKNOWN
NEUTRAL,0.224,True,LEGITIMATE,UNKNOWN
SUPPORTING,0.610,True,CRIMINAL,SUSPECTED
SUPPORTING,0.712,True,CRIMINAL,SUSPECTED
SUPPORTING,0.749,True,CRIMINAL,SUSPECTED
NEUTRAL,0.219,True,MIXED,UNKNOWN
CONTRADICTING,0.382,True,LEGITIMATE,FALSE
NEUTRAL,0.315,True,MIXED,UNKNOWN
CONTRADICTING,0.200,True,LEGITIMATE,FALSE
SUPPORTING,0.889,True,MIXED,CONFIRMED
SUPPORTING,0.745,True,LEGITIMATE,SUSPECTED
SUPPORTING,0.804,True,CRIMINAL,SUSPECTED
SUPPORTING,0.854,True,LEGITIMATE,CONFIRMED
SUPPORTING,0.607,True,MIXED,SUSPECTED
CONTRADICTING,0.244,True,LEGITIMATE,FALSE
SUPPORTING,0.909,True,CRIMINAL,CONFIRMED
SUPPORTING,0.893,True,LEGITIMATE,CONFIRMED
SUPPORTING,0.820,True,AMBIGUOUS,CONFIRMED
SUPPORTING,0.757,True,CRIMINAL,SUSPECTED
CONTRADICTING,0.379,True,CRIMINAL,FALSE
SUPPORTING,0.728,True,MIXED,SUSPECTED
SUPPORTING,0.680,True,CRIMINAL,SUSPECTED
SUPPORTING,0.712,True,AMBIGUOUS,SUSPECTED
CONTRADICTING,0.389,True,CRIMINAL,FALSE
CONTRADICTING,0.230,True,AMBIGUOUS,FALSE
NEUTRAL,0.206,True,AMBIGUOUS,UNKNOWN
SUPPORTING,0.841,True,CRIMINAL,SUSPECTED
NEUTRAL,0.519,True,MIXED,UNKNOWN
SUPPORTING,0.779,True,CRIMINAL,SUSPECTED
CONTRADICTING,0.315,True,CRIMINAL,FALSE
SUPPORTING,0.872,True,CRIMINAL,CONFIRMED
CONTRADICTING,0.365,True,LEGITIMATE,FALSE
SUPPORTING,0.613,True,CRIMINAL,SUSPECTED
SUPPORTING,0.947,True,MIXED,CONFIRMED
CONTRADICTING,0.282,True,CRIMINAL,FALSE
NEUTRAL,0.494,True,AMBIGUOUS,UNKNOWN
NEUTRAL,0.366,True,LEGITIMATE,UNKNOWN
NEUTRAL,0.516,True,MIXED,UNKNOWN
SUPPORTING,0.644,True,CRIMINAL,SUSPECTED
SUPPORTING,0.954,True,CRIMINAL,CONFIRMED
SUPPORTING,0.656,True,AMBIGUOUS,SUSPECTED
CONTRADICTING,0.370,True,LEGITIMATE,FALSE
SUPPORTING,0.860,True,CRIMINAL,CONFIRMED
SUPPORTING,0.710,True,MIXED,SUSPECTED
SUPPORTING,0.641,True,LEGITIMATE,SUSPECTED
CONTRADICTING,0.355,True,LEGITIMATE,FALSE
NEUTRAL,0.300,True,CRIMINAL,UNKNOWN
SUPPORTING,0.957,True,CRIMINAL,CONFIRMED
CONTRADICTING,0.377,True,LEGITIMATE,FALSE
CONTRADICTING,0.166,True,MIXED,FALSE
SUPPORTING,0.913,True,AMBIGUOUS,CONFIRMED
SUPPORTING,0.591,True,AMBIGUOUS,SUSPECTED
NEUTRAL,0.477,True,MIXED,UNKNOWN
SUPPORTING,0.852,True,CRIMINAL,SUSPECTED
SUPPORTING,0.702,True,MIXED,SUSPECTED
SUPPORTING,0.610,True,MIXED,SUSPECTED
SUPPORTING,0.917,True,CRIMINAL,CONFIRMED
NEUTRAL,0.219,True,LEGITIMATE,UNKNOWN
CONTRADICTING,0.413,True,LEGITIMATE,FALSE
NEUTRAL,0.400,True,AMBIGUOUS,UNKNOWN
SUPPORTING,0.714,True,LEGITIMATE,SUSPECTED
SUPPORTING,0.670,True,LEGITIMATE,SUSPECTED
NEUTRAL,0.473,True,CRIMINAL,UNKNOWN
SUPPORTING,0.765,True,CRIMINAL,SUSPECTED
SUPPORTING,0.856,True,AMBIGUOUS,SUSPECTED
SUPPORTING,0.781,True,MIXED,SUSPECTED
SUPPORTING,0.585,True,CRIMINAL,SUSPECTED
SUPPORTING,0.691,True,LEGITIMATE,SUSPECTED
CONTRADICTING,0.327,True,MIXED,FALSE
SUPPORTING,0.707,True,LEGITIMATE,SUSPECTED
NEUTRAL,0.484,True,LEGITIMATE,UNKNOWN
SUPPORTING,0.885,True,CRIMINAL,CONFIRMED
CONTRADICTING,0.152,True,CRIMINAL,FALSE
SUPPORTING,0.859,True,MIXED,SUSPECTED
SUPPORTING,0.979,True,MIXED,CONFIRMED
CONTRADICTING,0.280,True,MIXED,FALSE
NEUTRAL,0.377,True,MIXED,UNKNOWN
SUPPORTING,0.726,True,LEGITIMATE,SUSPECTED
SUPPORTING,0.820,True,MIXED,SUSPECTED
SUPPORTING,0.723,True,CRIMINAL,SUSPECTED
CONTRADICTING,0.186,True,CRIMINAL,FALSE
NEUTRAL,0.302,True,AMBIGUOUS,UNKNOWN
SUPPORTING,0.847,True,CRIMINAL,CONFIRMED
SUPPORTING,0.739,True,CRIMINAL,SUSPECTED
SUPPORTING,0.724,True,CRIMINAL,SUSPECTED
NEUTRAL,0.455,True,MIXED,UNKNOWN
SUPPORTING,0.760,True,AMBIGUOUS,SUSPECTED
CONTRADICTING,0.152,True,LEGITIMATE,FALSE
SUPPORTING,0.897,True,MIXED,CONFIRMED
SUPPORTING,0.879,True,MIXED,CONFIRMED
SUPPORTING,0.768,True,LEGITIMATE,SUSPECTED
SUPPORTING,0.831,True,LEGITIMATE,SUSPECTED
CONTRADICTING,0.391,True,MIXED,FALSE
SUPPORTING,0.685,True,AMBIGUOUS,SUSPECTED
CONTRADICTING,0.264,True,CRIMINAL,FALSE
SUPPORTING,0.591,True,LEGITIMATE,SUSPECTED
NEUTRAL,0.466,True,CRIMINAL,UNKNOWN
SUPPORTING,0.686,True,AMBIGUOUS,SUSPECTED
SUPPORTING,0.840,True,CRIMINAL,SUSPECTED
CONTRADICTING,0.139,True,LEGITIMATE,FALSE
NEUTRAL,0.375,True,LEGITIMATE,UNKNOWN
CONTRADICTING,0.388,True,MIXED,FALSE
SUPPORTING,0.948,True,CRIMINAL,CONFIRMED
NEUTRAL,0.234,True,LEGITIMATE,UNKNOWN
SUPPORTING,0.602,True,CRIMINAL,SUSPECTED
SUPPORTING,0.877,True,AMBIGUOUS,CONFIRMED
NEUTRAL,0.384,True,AMBIGUOUS,UNKNOWN
CONTRADICTING,0.355,True,CRIMINAL,FALSE
NEUTRAL,0.447,True,CRIMINAL,UNKNOWN
CONTRADICTING,0.336,True,CRIMINAL,FALSE
SUPPORTING,0.658,True,AMBIGUOUS,SUSPECTED
SUPPORTING,0.840,True,CRIMINAL,CONFIRMED
CONTRADICTING,0.322,True,LEGITIMATE,FALSE
SUPPORTING,0.727,True,CRIMINAL,SUSPECTED
CONTRADICTING,0.180,True,AMBIGUOUS,FALSE
CONTRADICTING,0.214,True,LEGITIMATE,FALSE
SUPPORTING,0.938,True,MIXED,CONFIRMED
SUPPORTING,0.844,True,CRIMINAL,CONFIRMED
SUPPORTING,0.836,True,CRIMINAL,CONFIRMED
SUPPORTING,0.683,True,CRIMINAL,SUSPECTED
SUPPORTING,0.602,True,CRIMINAL,SUSPECTED
SUPPORTING,0.960,True,CRIMINAL,CONFIRMED
CONTRADICTING,0.254,True,CRIMINAL,FALSE
SUPPORTING,0.835,True,AMBIGUOUS,SUSPECTED
CONTRADICTING,0.224,True,MIXED,FALSE
SUPPORTING,0.830,True,MIXED,SUSPECTED
NEUTRAL,0.546,True,CRIMINAL,UNKNOWN
SUPPORTING,0.732,True,CRIMINAL,SUSPECTED
SUPPORTING,0.845,True,CRIMINAL,CONFIRMED
SUPPORTING,0.927,True,CRIMINAL,CONFIRMED
CONTRADICTING,0.335,True,CRIMINAL,FALSE
SUPPORTING,0.749,True,MIXED,SUSPECTED
SUPPORTING,0.723,True,LEGITIMATE,SUSPECTED
SUPPORTING,0.624,True,CRIMINAL,SUSPECTED
SUPPORTING,0.872,True,LEGITIMATE,CONFIRMED
CONTRADICTING,0.223,True,LEGITIMATE,FALSE
NEUTRAL,0.419,True,CRIMINAL,UNKNOWN
NEUTRAL,0.500,True,CRIMINAL,UNKNOWN
SUPPORTING,0.586,True,CRIMINAL,SUSPECTED
SUPPORTING,0.836,True,MIXED,SUSPECTED
NEUTRAL,0.338,True,AMBIGUOUS,UNKNOWN
SUPPORTING,0.831,True,MIXED,SUSPECTED
CONTRADICTING,0.154,True,AMBIGUOUS,FALSE
CONTRADICTING,0.191,True,CRIMINAL,FALSE
NEUTRAL,0.243,True,MIXED,UNKNOWN
SUPPORTING,0.798,True,CRIMINAL,SUSPECTED
SUPPORTING,0.697,True,LEGITIMATE,SUSPECTED
SUPPORTING,0.932,True,CRIMINAL,CONFIRMED
SUPPORTING,0.811,True,LEGITIMATE,SUSPECTED
SUPPORTING,0.733,True,CRIMINAL,SUSPECTED
SUPPORTING,0.764,True,MIXED,SUSPECTED
SUPPORTING,0.852,True,AMBIGUOUS,CONFIRMED
SUPPORTING,0.846,True,MIXED,CONFIRMED
NEUTRAL,0.525,True,MIXED,UNKNOWN
SUPPORTING,0.915,True,LEGITIMATE,CONFIRMED
NEUTRAL,0.224,True,MIXED,UNKNOWN
NEUTRAL,0.275,True,MIXED,UNKNOWN
SUPPORTING,0.645,True,CRIMINAL,SUSPECTED
NEUTRAL,0.385,True,MIXED,UNKNOWN
NEUTRAL,0.335,True,CRIMINAL,UNKNOWN
SUPPORTING,0.891,True,CRIMINAL,CONFIRMED
SUPPORTING,0.941,True,CRIMINAL,CONFIRMED
SUPPORTING,0.803,True,MIXED,SUSPECTED
CONTRADICTING,0.399,True,CRIMINAL,FALSE
SUPPORTING,0.792,True,LEGITIMATE,SUSPECTED
CONTRADICTING,0.218,True,MIXED,FALSE
SUPPORTING,0.599,True,AMBIGUOUS,SUSPECTED
CONTRADICTING,0.227,True,MIXED,FALSE
NEUTRAL,0.290,True,CRIMINAL,UNKNOWN
SUPPORTING,0.698,True,AMBIGUOUS,SUSPECTED
SUPPORTING,0.830,True,MIXED,SUSPECTED
SUPPORTING,0.818,True,MIXED,SUSPECTED
SUPPORTING,0.967,True,CRIMINAL,CONFIRMED
SUPPORTING,0.621,True,LEGITIMATE,SUSPECTED
NEUTRAL,0.251,True,CRIMINAL,UNKNOWN
SUPPORTING,0.661,True,LEGITIMATE,SUSPECTED
SUPPORTING,0.843,True,CRIMINAL,CONFIRMED
NEUTRAL,0.281,True,CRIMINAL,UNKNOWN
NEUTRAL,0.283,True,CRIMINAL,UNKNOWN
CONTRADICTING,0.138,True,LEGITIMATE,FALSE
SUPPORTING,0.690,True,MIXED,SUSPECTED
NEUTRAL,0.234,True,MIXED,UNKNOWN
SUPPORTING,0.696,True,MIXED,SUSPECTED
NEUTRAL,0.431,True,CRIMINAL,UNKNOWN
SUPPORTING,0.580,True,CRIMINAL,SUSPECTED
SUPPORTING,0.848,True,CRIMINAL,SUSPECTED
CONTRADICTING,0.174,True,CRIMINAL,FALSE
SUPPORTING,0.925,True,LEGITIMATE,CONFIRMED
CONTRADICTING,0.393,True,LEGITIMATE,FALSE
SUPPORTING,0.930,True,CRIMINAL,CONFIRMED
SUPPORTING,0.842,True,CRIMINAL,CONFIRMED
SUPPORTING,0.685,True,CRIMINAL,SUSPECTED
NEUTRAL,0.236,True,AMBIGUOUS,UNKNOWN
SUPPORTING,0.870,True,MIXED,CONFIRMED
NEUTRAL,0.259,True,LEGITIMATE,UNKNOWN
SUPPORTING,0.783,True,LEGITIMATE,SUSPECTED
SUPPORTING,0.760,True,LEGITIMATE,SUSPECTED
SUPPORTING,0.827,True,AMBIGUOUS,SUSPECTED
SUPPORTING,0.911,True,MIXED,CONFIRMED
SUPPORTING,0.708,True,CRIMINAL,SUSPECTED
SUPPORTING,0.779,True,LEGITIMATE,SUSPECTED
NEUTRAL,0.407,True,LEGITIMATE,UNKNOWN
NEUTRAL,0.303,True,MIXED,UNKNOWN
SUPPORTING,0.840,True,MIXED,CONFIRMED
SUPPORTING,0.766,True,CRIMINAL,SUSPECTED
SUPPORTING,0.632,True,CRIMINAL,SUSPECTED
SUPPORTING,0.583,True,AMBIGUOUS,SUSPECTED
CONTRADICTING,0.416,True,LEGITIMATE,FALSE
NEUTRAL,0.321,True,MIXED,UNKNOWN
SUPPORTING,0.845,True,CRIMINAL,SUSPECTED
SUPPORTING,0.949,True,LEGITIMATE,CONFIRMED
CONTRADICTING,0.255,True,AMBIGUOUS,FALSE
CONTRADICTING,0.175,True,CRIMINAL,FALSE
NEUTRAL,0.377,True,AMBIGUOUS,UNKNOWN
NEUTRAL,0.384,True,MIXED,UNKNOWN
SUPPORTING,0.882,True,CRIMINAL,CONFIRMED
NEUTRAL,0.241,True,MIXED,UNKNOWN
CONTRADICTING,0.223,True,CRIMINAL,FALSE
NEUTRAL,0.525,True,LEGITIMATE,UNKNOWN
SUPPORTING,0.701,True,MIXED,SUSPECTED
SUPPORTING,0.891,True,LEGITIMATE,CONFIRMED
CONTRADICTING,0.181,True,CRIMINAL,FALSE
SUPPORTING,0.828,True,LEGITIMATE,SUSPECTED
SUPPORTING,0.795,True,MIXED,SUSPECTED
SUPPORTING,0.963,True,MIXED,CONFIRMED
SUPPORTING,0.646,True,AMBIGUOUS,SUSPECTED
SUPPORTING,0.589,True,CRIMINAL,SUSPECTED
SUPPORTING,0.913,True,CRIMINAL,CONFIRMED
NEUTRAL,0.280,True,LEGITIMATE,UNKNOWN
SUPPORTING,0.850,True,CRIMINAL,SUSPECTED
NEUTRAL,0.414,True,MIXED,UNKNOWN
CONTRADICTING,0.229,True,LEGITIMATE,FALSE
NEUTRAL,0.243,True,LEGITIMATE,UNKNOWN
CONTRADICTING,0.145,True,CRIMINAL,FALSE
SUPPORTING,0.590,True,MIXED,SUSPECTED
CONTRADICTING,0.352,True,AMBIGUOUS,FALSE
SUPPORTING,0.725,True,LEGITIMATE,SUSPECTED
CONTRADICTING,0.137,True,CRIMINAL,FALSE
SUPPORTING,0.905,True,LEGITIMATE,CONFIRMED
NEUTRAL,0.457,True,AMBIGUOUS,UNKNOWN
SUPPORTING,0.840,True,CRIMINAL,CONFIRMED
SUPPORTING,0.803,True,LEGITIMATE,SUSPECTED
SUPPORTING,0.928,True,LEGITIMATE,CONFIRMED
SUPPORTING,0.824,True,CRIMINAL,SUSPECTED
SUPPORTING,0.854,True,CRIMINAL,CONFIRMED
NEUTRAL,0.457,True,AMBIGUOUS,UNKNOWN
SUPPORTING,0.925,True,CRIMINAL,CONFIRMED
SUPPORTING,0.615,True,AMBIGUOUS,SUSPECTED
SUPPORTING,0.724,True,AMBIGUOUS,SUSPECTED
SUPPORTING,0.593,True,CRIMINAL,SUSPECTED
SUPPORTING,0.934,True,CRIMINAL,CONFIRMED
NEUTRAL,0.288,True,AMBIGUOUS,UNKNOWN
NEUTRAL,0.530,True,CRIMINAL,UNKNOWN
NEUTRAL,0.491,True,AMBIGUOUS,UNKNOWN
NEUTRAL,0.412,True,CRIMINAL,UNKNOWN
SUPPORTING,0.780,True,AMBIGUOUS,SUSPECTED
SUPPORTING,0.856,True,CRIMINAL,SUSPECTED
NEUTRAL,0.282,True,CRIMINAL,UNKNOWN
CONTRADICTING,0.262,True,CRIMINAL,FALSE
NEUTRAL,0.506,True,CRIMINAL,UNKNOWN
SUPPORTING,0.783,True,CRIMINAL,SUSPECTED
CONTRADICTING,0.305,True,CRIMINAL,FALSE
SUPPORTING,0.930,True,CRIMINAL,CONFIRMED
SUPPORTING,0.894,True,CRIMINAL,CONFIRMED
SUPPORTING,0.885,True,MIXED,CONFIRMED
NEUTRAL,0.233,True,LEGITIMATE,UNKNOWN
CONTRADICTING,0.241,True,LEGITIMATE,FALSE
SUPPORTING,0.709,True,CRIMINAL,SUSPECTED
SUPPORTING,0.640,True,LEGITIMATE,SUSPECTED
SUPPORTING,0.873,True,CRIMINAL,CONFIRMED
SUPPORTING,0.659,True,CRIMINAL,SUSPECTED
CONTRADICTING,0.139,True,CRIMINAL,FALSE
SUPPORTING,0.646,True,CRIMINAL,SUSPECTED
SUPPORTING,0.940,True,AMBIGUOUS,CONFIRMED
NEUTRAL,0.536,True,AMBIGUOUS,UNKNOWN
CONTRADICTING,0.198,True,CRIMINAL,FALSE
SUPPORTING,0.815,True,LEGITIMATE,SUSPECTED
SUPPORTING,0.848,True,LEGITIMATE,SUSPECTED
SUPPORTING,0.736,True,CRIMINAL,SUSPECTED
CONTRADICTING,0.167,True,LEGITIMATE,FALSE
NEUTRAL,0.201,True,CRIMINAL,UNKNOWN
SUPPORTING,0.940,True,CRIMINAL,CONFIRMED
NEUTRAL,0.368,True,LEGITIMATE,UNKNOWN
SUPPORTING,0.974,True,CRIMINAL,CONFIRMED
SUPPORTING,0.961,True,CRIMINAL,CONFIRMED
NEUTRAL,0.419,True,LEGITIMATE,UNKNOWN
NEUTRAL,0.496,True,LEGITIMATE,UNKNOWN
SUPPORTING,0.695,True,CRIMINAL,SUSPECTED
NEUTRAL,0.330,True,AMBIGUOUS,UNKNOWN
SUPPORTING,0.741,True,CRIMINAL,SUSPECTED
SUPPORTING,0.775,True,CRIMINAL,SUSPECTED
SUPPORTING,0.588,True,CRIMINAL,SUSPECTED
CONTRADICTING,0.295,True,CRIMINAL,FALSE
CONTRADICTING,0.351,True,LEGITIMATE,FALSE
SUPPORTING,0.890,True,MIXED,CONFIRMED
NEUTRAL,0.372,True,CRIMINAL,UNKNOWN
SUPPORTING,0.943,True,CRIMINAL,CONFIRMED
SUPPORTING,0.829,True,MIXED,SUSPECTED
CONTRADICTING,0.375,True,LEGITIMATE,FALSE
NEUTRAL,0.325,True,AMBIGUOUS,UNKNOWN
SUPPORTING,0.877,True,CRIMINAL,CONFIRMED
SUPPORTING,0.743,True,CRIMINAL,SUSPECTED
SUPPORTING,0.587,True,CRIMINAL,SUSPECTED
SUPPORTING,0.648,True,MIXED,SUSPECTED
SUPPORTING,0.903,True,CRIMINAL,CONFIRMED
SUPPORTING,0.710,True,LEGITIMATE,SUSPECTED
SUPPORTING,0.822,True,AMBIGUOUS,CONFIRMED
SUPPORTING,0.921,True,AMBIGUOUS,CONFIRMED
SUPPORTING,0.706,True,LEGITIMATE,SUSPECTED
NEUTRAL,0.316,True,AMBIGUOUS,UNKNOWN
NEUTRAL,0.205,True,MIXED,UNKNOWN
SUPPORTING,0.787,True,CRIMINAL,SUSPECTED
SUPPORTING,0.722,True,AMBIGUOUS,SUSPECTED
SUPPORTING,0.932,True,AMBIGUOUS,CONFIRMED
SUPPORTING,0.864,True,LEGITIMATE,CONFIRMED
SUPPORTING,0.859,True,AMBIGUOUS,CONFIRMED
NEUTRAL,0.262,True,CRIMINAL,UNKNOWN
SUPPORTING,0.951,True,LEGITIMATE,CONFIRMED
SUPPORTING,0.796,True,MIXED,SUSPECTED
NEUTRAL,0.447,True,CRIMINAL,UNKNOWN
NEUTRAL,0.444,True,CRIMINAL,UNKNOWN
NEUTRAL,0.214,True,LEGITIMATE,UNKNOWN
NEUTRAL,0.518,True,LEGITIMATE,UNKNOWN
NEUTRAL,0.258,True,CRIMINAL,UNKNOWN
SUPPORTING,0.702,True,LEGITIMATE,SUSPECTED
SUPPORTING,0.937,True,CRIMINAL,CONFIRMED
NEUTRAL,0.339,True,CRIMINAL,UNKNOWN
NEUTRAL,0.542,True,MIXED,UNKNOWN
NEUTRAL,0.497,True,LEGITIMATE,UNKNOWN
SUPPORTING,0.672,True,AMBIGUOUS,SUSPECTED
NEUTRAL,0.479,True,AMBIGUOUS,UNKNOWN
NEUTRAL,0.297,True,CRIMINAL,UNKNOWN
SUPPORTING,0.859,True,AMBIGUOUS,SUSPECTED
SUPPORTING,0.775,True,CRIMINAL,SUSPECTED
SUPPORTING,0.872,True,CRIMINAL,CONFIRMED
NEUTRAL,0.526,True,CRIMINAL,UNKNOWN
CONTRADICTING,0.190,True,LEGITIMATE,FALSE
NEUTRAL,0.414,True,LEGITIMATE,UNKNOWN
CONTRADICTING,0.241,True,MIXED,FALSE
CONTRADICTING,0.377,True,LEGITIMATE,FALSE
NEUTRAL,0.327,True,AMBIGUOUS,UNKNOWN
SUPPORTING,0.868,True,CRIMINAL,CONFIRMED
CONTRADICTING,0.263,True,AMBIGUOUS,FALSE
SUPPORTING,0.619,True,CRIMINAL,SUSPECTED
SUPPORTING,0.790,True,CRIMINAL,SUSPECTED
SUPPORTING,0.909,True,MIXED,CONFIRMED
CONTRADICTING,0.299,True,CRIMINAL,FALSE
SUPPORTING,0.798,True,AMBIGUOUS,SUSPECTED
SUPPORTING,0.718,True,CRIMINAL,SUSPECTED
CONTRADICTING,0.354,True,CRIMINAL,FALSE
CONTRADICTING,0.288,True,LEGITIMATE,FALSE
NEUTRAL,0.272,True,AMBIGUOUS,UNKNOWN
SUPPORTING,0.721,True,MIXED,SUSPECTED
SUPPORTING,0.835,True,CRIMINAL,CONFIRMED
CONTRADICTING,0.121,True,MIXED,FALSE
NEUTRAL,0.400,True,MIXED,UNKNOWN
NEUTRAL,0.459,True,AMBIGUOUS,UNKNOWN
SUPPORTING,0.597,True,MIXED,SUSPECTED
NEUTRAL,0.410,True,MIXED,UNKNOWN
SUPPORTING,0.855,True,CRIMINAL,SUSPECTED
SUPPORTING,0.683,True,CRIMINAL,SUSPECTED
SUPPORTING,0.607,True,AMBIGUOUS,SUSPECTED
SUPPORTING,0.830,True,CRIMINAL,CONFIRMED
SUPPORTING,0.823,True,AMBIGUOUS,CONFIRMED
SUPPORTING,0.818,True,CRIMINAL,SUSPECTED
SUPPORTING,0.755,True,AMBIGUOUS,SUSPECTED
SUPPORTING,0.660,True,MIXED,SUSPECTED
NEUTRAL,0.483,True,MIXED,UNKNOWN
NEUTRAL,0.463,True,CRIMINAL,UNKNOWN
SUPPORTING,0.838,True,LEGITIMATE,CONFIRMED
SUPPORTING,0.857,True,CRIMINAL,CONFIRMED
NEUTRAL,0.304,True,MIXED,UNKNOWN
SUPPORTING,0.871,True,MIXED,CONFIRMED
NEUTRAL,0.398,True,LEGITIMATE,UNKNOWN
SUPPORTING,0.844,True,CRIMINAL,SUSPECTED
SUPPORTING,0.841,True,MIXED,CONFIRMED
NEUTRAL,0.446,True,MIXED,UNKNOWN
SUPPORTING,0.873,True,CRIMINAL,CONFIRMED
NEUTRAL,0.487,True,LEGITIMATE,UNKNOWN
SUPPORTING,0.887,True,CRIMINAL,CONFIRMED
SUPPORTING,0.905,True,MIXED,CONFIRMED
SUPPORTING,0.588,True,CRIMINAL,SUSPECTED
SUPPORTING,0.815,True,MIXED,SUSPECTED
NEUTRAL,0.216,True,CRIMINAL,UNKNOWN
SUPPORTING,0.899,True,MIXED,CONFIRMED
NEUTRAL,0.277,True,LEGITIMATE,UNKNOWN
NEUTRAL,0.250,True,AMBIGUOUS,UNKNOWN
SUPPORTING,0.769,True,CRIMINAL,SUSPECTED
NEUTRAL,0.526,True,MIXED,UNKNOWN
CONTRADICTING,0.168,True,AMBIGUOUS,FALSE
SUPPORTING,0.825,True,AMBIGUOUS,SUSPECTED
NEUTRAL,0.396,True,CRIMINAL,UNKNOWN
CONTRADICTING,0.386,True,CRIMINAL,FALSE
SUPPORTING,0.696,True,CRIMINAL,SUSPECTED
CONTRADICTING,0.176,True,LEGITIMATE,FALSE
NEUTRAL,0.207,True,CRIMINAL,UNKNOWN
SUPPORTING,0.743,True,MIXED,SUSPECTED
SUPPORTING,0.941,True,CRIMINAL,CONFIRMED
CONTRADICTING,0.286,True,LEGITIMATE,FALSE
SUPPORTING,0.794,True,CRIMINAL,SUSPECTED
SUPPORTING,0.786,True,CRIMINAL,SUSPECTED
SUPPORTING,0.685,True,CRIMINAL,SUSPECTED
NEUTRAL,0.453,True,MIXED,UNKNOWN
SUPPORTING,0.666,True,CRIMINAL,SUSPECTED
NEUTRAL,0.457,True,MIXED,UNKNOWN
SUPPORTING,0.977,True,CRIMINAL,CONFIRMED
NEUTRAL,0.205,True,CRIMINAL,UNKNOWN
SUPPORTING,0.944,True,LEGITIMATE,CONFIRMED
SUPPORTING,0.858,True,LEGITIMATE,CONFIRMED
SUPPORTING,0.809,True,CRIMINAL,SUSPECTED
SUPPORTING,0.867,True,CRIMINAL,CONFIRMED
CONTRADICTING,0.170,True,LEGITIMATE,FALSE
NEUTRAL,0.226,True,MIXED,UNKNOWN
SUPPORTING,0.896,True,AMBIGUOUS,CONFIRMED
CONTRADICTING,0.163,True,LEGITIMATE,FALSE
SUPPORTING,0.773,True,CRIMINAL,SUSPECTED
SUPPORTING,0.765,True,CRIMINAL,SUSPECTED
SUPPORTING,0.864,True,CRIMINAL,CONFIRMED
CONTRADICTING,0.155,True,LEGITIMATE,FALSE
SUPPORTING,0.891,True,CRIMINAL,CONFIRMED
CONTRADICTING,0.215,True,MIXED,FALSE
SUPPORTING,0.835,True,CRIMINAL,CONFIRMED
NEUTRAL,0.252,True,MIXED,UNKNOWN
SUPPORTING,0.974,True,AMBIGUOUS,CONFIRMED
SUPPORTING,0.650,True,CRIMINAL,SUSPECTED
SUPPORTING,0.805,True,CRIMINAL,SUSPECTED
NEUTRAL,0.500,True,MIXED,UNKNOWN
SUPPORTING,0.582,True,MIXED,SUSPECTED
SUPPORTING,0.841,True,CRIMINAL,CONFIRMED
NEUTRAL,0.351,True,AMBIGUOUS,UNKNOWN
SUPPORTING,0.948,True,LEGITIMATE,CONFIRMED
SUPPORTING,0.844,True,CRIMINAL,CONFIRMED
SUPPORTING,0.920,True,CRIMINAL,CONFIRMED
SUPPORTING,0.950,True,CRIMINAL,CONFIRMED
CONTRADICTING,0.315,True,AMBIGUOUS,FALSE
SUPPORTING,0.983,True,MIXED,CONFIRMED
CONTRADICTING,0.337,True,LEGITIMATE,FALSE
SUPPORTING,0.748,True,MIXED,SUSPECTED
SUPPORTING,0.976,True,CRIMINAL,CONFIRMED
CONTRADICTING,0.309,True,AMBIGUOUS,FALSE
SUPPORTING,0.929,True,MIXED,CONFIRMED
SUPPORTING,0.841,True,MIXED,SUSPECTED
SUPPORTING,0.907,True,LEGITIMATE,CONFIRMED
SUPPORTING,0.795,True,LEGITIMATE,SUSPECTED
SUPPORTING,0.841,True,CRIMINAL,CONFIRMED
NEUTRAL,0.346,True,LEGITIMATE,UNKNOWN
SUPPORTING,0.989,True,MIXED,CONFIRMED
SUPPORTING,0.678,True,MIXED,SUSPECTED
SUPPORTING,0.970,True,MIXED,CONFIRMED
SUPPORTING,0.720,True,MIXED,SUSPECTED
SUPPORTING,0.868,True,MIXED,CONFIRMED
SUPPORTING,0.980,True,CRIMINAL,CONFIRMED
CONTRADICTING,0.319,True,LEGITIMATE,FALSE
SUPPORTING,0.765,True,MIXED,SUSPECTED
CONTRADICTING,0.419,True,AMBIGUOUS,FALSE
NEUTRAL,0.420,True,AMBIGUOUS,UNKNOWN
SUPPORTING,0.772,True,CRIMINAL,SUSPECTED
SUPPORTING,0.691,True,AMBIGUOUS,SUSPECTED
NEUTRAL,0.415,True,CRIMINAL,UNKNOWN
CONTRADICTING,0.382,True,CRIMINAL,FALSE
NEUTRAL,0.248,True,CRIMINAL,UNKNOWN
SUPPORTING,0.896,True,MIXED,CONFIRMED
SUPPORTING,0.624,True,MIXED,SUSPECTED
NEUTRAL,0.453,True,MIXED,UNKNOWN
NEUTRAL,0.501,True,MIXED,UNKNOWN
NEUTRAL,0.508,True,MIXED,UNKNOWN
NEUTRAL,0.490,True,AMBIGUOUS,UNKNOWN
SUPPORTING,0.909,True,CRIMINAL,CONFIRMED
SUPPORTING,0.733,True,CRIMINAL,SUSPECTED
NEUTRAL,0.537,True,AMBIGUOUS,UNKNOWN
SUPPORTING,0.865,True,MIXED,CONFIRMED
CONTRADICTING,0.407,True,CRIMINAL,FALSE
SUPPORTING,0.690,True,CRIMINAL,SUSPECTED
SUPPORTING,0.609,True,MIXED,SUSPECTED
SUPPORTING,0.945,True,MIXED,CONFIRMED
NEUTRAL,0.295,True,AMBIGUOUS,UNKNOWN
CONTRADICTING,0.346,True,CRIMINAL,FALSE
CONTRADICTING,0.392,True,LEGITIMATE,FALSE
CONTRADICTING,0.247,True,CRIMINAL,FALSE
SUPPORTING,0.648,True,CRIMINAL,SUSPECTED
SUPPORTING,0.990,True,AMBIGUOUS,CONFIRMED
CONTRADICTING,0.250,True,AMBIGUOUS,FALSE
SUPPORTING,0.656,True,MIXED,SUSPECTED
CONTRADICTING,0.186,True,CRIMINAL,FALSE
SUPPORTING,0.686,True,LEGITIMATE,SUSPECTED
SUPPORTING,0.825,True,CRIMINAL,SUSPECTED
SUPPORTING,0.841,True,CRIMINAL,CONFIRMED
CONTRADICTING,0.246,True,MIXED,FALSE
NEUTRAL,0.201,True,LEGITIMATE,UNKNOWN
NEUTRAL,0.360,True,AMBIGUOUS,UNKNOWN
SUPPORTING,0.646,True,MIXED,SUSPECTED
NEUTRAL,0.483,True,AMBIGUOUS,UNKNOWN
SUPPORTING,0.857,True,LEGITIMATE,CONFIRMED
NEUTRAL,0.493,True,MIXED,UNKNOWN
SUPPORTING,0.869,True,CRIMINAL,CONFIRMED
SUPPORTING,0.600,True,CRIMINAL,SUSPECTED
SUPPORTING,0.772,True,LEGITIMATE,SUSPECTED
CONTRADICTING,0.349,True,AMBIGUOUS,FALSE
CONTRADICTING,0.314,True,LEGITIMATE,FALSE
SUPPORTING,0.869,True,CRIMINAL,CONFIRMED
CONTRADICTING,0.167,True,MIXED,FALSE
SUPPORTING,0.848,True,LEGITIMATE,CONFIRMED
NEUTRAL,0.541,True,AMBIGUOUS,UNKNOWN
SUPPORTING,0.784,True,MIXED,SUSPECTED
SUPPORTING,0.947,True,AMBIGUOUS,CONFIRMED
SUPPORTING,0.684,True,MIXED,SUSPECTED
CONTRADICTING,0.274,True,LEGITIMATE,FALSE
SUPPORTING,0.656,True,MIXED,SUSPECTED
SUPPORTING,0.896,True,CRIMINAL,CONFIRMED
SUPPORTING,0.775,True,CRIMINAL,SUSPECTED
SUPPORTING,0.825,True,MIXED,CONFIRMED
SUPPORTING,0.935,True,MIXED,CONFIRMED
SUPPORTING,0.843,True,CRIMINAL,SUSPECTED
SUPPORTING,0.659,True,CRIMINAL,SUSPECTED
SUPPORTING,0.833,True,MIXED,CONFIRMED
NEUTRAL,0.345,True,LEGITIMATE,UNKNOWN
NEUTRAL,0.460,True,MIXED,UNKNOWN
SUPPORTING,0.906,True,LEGITIMATE,CONFIRMED
SUPPORTING,0.902,True,AMBIGUOUS,CONFIRMED
NEUTRAL,0.389,True,AMBIGUOUS,UNKNOWN
NEUTRAL,0.351,True,CRIMINAL,UNKNOWN
SUPPORTING,0.910,True,MIXED,CONFIRMED
CONTRADICTING,0.327,True,CRIMINAL,FALSE
CONTRADICTING,0.304,True,CRIMINAL,FALSE
SUPPORTING,0.622,True,CRIMINAL,SUSPECTED
SUPPORTING,0.899,True,MIXED,CONFIRMED
SUPPORTING,0.747,True,LEGITIMATE,SUSPECTED
SUPPORTING,0.971,True,CRIMINAL,CONFIRMED
CONTRADICTING,0.183,True,LEGITIMATE,FALSE
CONTRADICTING,0.121,True,CRIMINAL,FALSE
NEUTRAL,0.422,True,CRIMINAL,UNKNOWN
SUPPORTING,0.948,True,LEGITIMATE,CONFIRMED
SUPPORTING,0.926,True,LEGITIMATE,CONFIRMED
SUPPORTING,0.806,True,CRIMINAL,SUSPECTED
NEUTRAL,0.367,True,MIXED,UNKNOWN
NEUTRAL,0.252,True,CRIMINAL,UNKNOWN
SUPPORTING,0.732,True,CRIMINAL,SUSPECTED
CONTRADICTING,0.388,True,LEGITIMATE,FALSE
SUPPORTING,0.770,True,AMBIGUOUS,SUSPECTED
SUPPORTING,0.808,True,CRIMINAL,SUSPECTED
SUPPORTING,0.957,True,MIXED,CONFIRMED
SUPPORTING,0.850,True,CRIMINAL,CONFIRMED
SUPPORTING,0.836,True,CRIMINAL,CONFIRMED
SUPPORTING,0.777,True,CRIMINAL,SUSPECTED
NEUTRAL,0.269,True,CRIMINAL,UNKNOWN
NEUTRAL,0.528,True,CRIMINAL,UNKNOWN
CONTRADICTING,0.160,True,CRIMINAL,FALSE
SUPPORTING,0.948,True,CRIMINAL,CONFIRMED
SUPPORTING,0.942,True,CRIMINAL,CONFIRMED
SUPPORTING,0.656,True,MIXED,SUSPECTED
SUPPORTING,0.809,True,MIXED,SUSPECTED
SUPPORTING,0.696,True,MIXED,SUSPECTED
SUPPORTING,0.730,True,MIXED,SUSPECTED
SUPPORTING,0.635,True,AMBIGUOUS,SUSPECTED
CONTRADICTING,0.284,True,CRIMINAL,FALSE
SUPPORTING,0.961,True,CRIMINAL,CONFIRMED
SUPPORTING,0.972,True,CRIMINAL,CONFIRMED
CONTRADICTING,0.148,True,MIXED,FALSE
CONTRADICTING,0.345,True,LEGITIMATE,FALSE
CONTRADICTING,0.286,True,CRIMINAL,FALSE
NEUTRAL,0.381,True,AMBIGUOUS,UNKNOWN
CONTRADICTING,0.179,True,CRIMINAL,FALSE
SUPPORTING,0.644,True,LEGITIMATE,SUSPECTED
CONTRADICTING,0.320,True,CRIMINAL,FALSE
NEUTRAL,0.294,True,CRIMINAL,UNKNOWN
SUPPORTING,0.878,True,LEGITIMATE,CONFIRMED
CONTRADICTING,0.283,True,CRIMINAL,FALSE
SUPPORTING,0.620,True,CRIMINAL,SUSPECTED
SUPPORTING,0.822,True,MIXED,CONFIRMED
NEUTRAL,0.305,True,AMBIGUOUS,UNKNOWN
NEUTRAL,0.526,True,LEGITIMATE,UNKNOWN
CONTRADICTING,0.264,True,LEGITIMATE,FALSE
NEUTRAL,0.359,True,CRIMINAL,UNKNOWN
SUPPORTING,0.697,True,AMBIGUOUS,SUSPECTED
NEUTRAL,0.532,True,CRIMINAL,UNKNOWN
CONTRADICTING,0.392,True,LEGITIMATE,FALSE
NEUTRAL,0.486,True,MIXED,UNKNOWN
NEUTRAL,0.403,True,MIXED,UNKNOWN
SUPPORTING,0.780,True,MIXED,SUSPECTED
NEUTRAL,0.318,True,CRIMINAL,UNKNOWN
CONTRADICTING,0.138,True,AMBIGUOUS,FALSE
SUPPORTING,0.776,True,AMBIGUOUS,SUSPECTED
CONTRADICTING,0.227,True,LEGITIMATE,FALSE
NEUTRAL,0.222,True,CRIMINAL,UNKNOWN
SUPPORTING,0.601,True,CRIMINAL,SUSPECTED
SUPPORTING,0.858,True,MIXED,SUSPECTED
SUPPORTING,0.789,True,CRIMINAL,SUSPECTED
CONTRADICTING,0.147,True,LEGITIMATE,FALSE
CONTRADICTING,0.400,True,CRIMINAL,FALSE
SUPPORTING,0.612,True,LEGITIMATE,SUSPECTED
SUPPORTING,0.913,True,AMBIGUOUS,CONFIRMED
SUPPORTING,0.859,True,CRIMINAL,SUSPECTED
SUPPORTING,0.909,True,AMBIGUOUS,CONFIRMED
CONTRADICTING,0.313,True,MIXED,FALSE
NEUTRAL,0.521,True,CRIMINAL,UNKNOWN
SUPPORTING,0.902,True,MIXED,CONFIRMED
SUPPORTING,0.964,True,LEGITIMATE,CONFIRMED
CONTRADICTING,0.168,True,LEGITIMATE,FALSE
NEUTRAL,0.459,True,MIXED,UNKNOWN
NEUTRAL,0.425,True,CRIMINAL,UNKNOWN
SUPPORTING,0.727,True,AMBIGUOUS,SUSPECTED
NEUTRAL,0.309,True,MIXED,UNKNOWN
NEUTRAL,0.298,True,LEGITIMATE,UNKNOWN
SUPPORTING,0.831,True,CRIMINAL,CONFIRMED
SUPPORTING,0.870,True,LEGITIMATE,CONFIRMED
SUPPORTING,0.875,True,CRIMINAL,CONFIRMED
NEUTRAL,0.359,True,LEGITIMATE,UNKNOWN
SUPPORTING,0.811,True,CRIMINAL,SUSPECTED
CONTRADICTING,0.310,True,MIXED,FALSE
SUPPORTING,0.584,True,AMBIGUOUS,SUSPECTED
SUPPORTING,0.817,True,CRIMINAL,SUSPECTED
SUPPORTING,0.914,True,CRIMINAL,CONFIRMED
SUPPORTING,0.829,True,MIXED,SUSPECTED
SUPPORTING,0.974,True,LEGITIMATE,CONFIRMED
NEUTRAL,0.230,True,AMBIGUOUS,UNKNOWN
SUPPORTING,0.931,True,LEGITIMATE,CONFIRMED
NEUTRAL,0.239,True,AMBIGUOUS,UNKNOWN
SUPPORTING,0.668,True,MIXED,SUSPECTED
SUPPORTING,0.616,True,AMBIGUOUS,SUSPECTED
CONTRADICTING,0.207,True,CRIMINAL,FALSE
SUPPORTING,0.876,True,CRIMINAL,CONFIRMED
NEUTRAL,0.212,True,LEGITIMATE,UNKNOWN
NEUTRAL,0.399,True,MIXED,UNKNOWN
SUPPORTING,0.905,True,CRIMINAL,CONFIRMED
SUPPORTING,0.806,True,MIXED,SUSPECTED
SUPPORTING,0.606,True,CRIMINAL,SUSPECTED
CONTRADICTING,0.355,True,MIXED,FALSE
SUPPORTING,0.928,True,LEGITIMATE,CONFIRMED
CONTRADICTING,0.277,True,CRIMINAL,FALSE
SUPPORTING,0.978,True,CRIMINAL,CONFIRMED
SUPPORTING,0.905,True,LEGITIMATE,CONFIRMED
NEUTRAL,0.363,True,MIXED,UNKNOWN
CONTRADICTING,0.207,True,CRIMINAL,FALSE
SUPPORTING,0.970,True,LEGITIMATE,CONFIRMED
NEUTRAL,0.538,True,MIXED,UNKNOWN
SUPPORTING,0.959,True,CRIMINAL,CONFIRMED
SUPPORTING,0.827,True,CRIMINAL,SUSPECTED
SUPPORTING,0.929,True,MIXED,CONFIRMED
SUPPORTING,0.850,True,CRIMINAL,CONFIRMED
SUPPORTING,0.897,True,CRIMINAL,CONFIRMED
SUPPORTING,0.848,True,CRIMINAL,CONFIRMED
CONTRADICTING,0.159,True,LEGITIMATE,FALSE
NEUTRAL,0.333,True,MIXED,UNKNOWN
CONTRADICTING,0.159,True,LEGITIMATE,FALSE
CONTRADICTING,0.354,True,CRIMINAL,FALSE
SUPPORTING,0.861,True,CRIMINAL,CONFIRMED
CONTRADICTING,0.364,True,LEGITIMATE,FALSE
SUPPORTING,0.860,True,CRIMINAL,SUSPECTED
SUPPORTING,0.759,True,MIXED,SUSPECTED
SUPPORTING,0.851,True,CRIMINAL,SUSPECTED
CONTRADICTING,0.358,True,AMBIGUOUS,FALSE
NEUTRAL,0.317,True,AMBIGUOUS,UNKNOWN
NEUTRAL,0.481,True,CRIMINAL,UNKNOWN
CONTRADICTING,0.360,True,LEGITIMATE,FALSE
SUPPORTING,0.876,True,LEGITIMATE,CONFIRMED
SUPPORTING,0.893,True,CRIMINAL,CONFIRMED
NEUTRAL,0.436,True,AMBIGUOUS,UNKNOWN
SUPPORTING,0.936,True,CRIMINAL,CONFIRMED
NEUTRAL,0.417,True,MIXED,UNKNOWN
CONTRADICTING,0.145,True,MIXED,FALSE
SUPPORTING,0.817,True,AMBIGUOUS,SUSPECTED
NEUTRAL,0.423,True,MIXED,UNKNOWN
SUPPORTING,0.845,True,MIXED,SUSPECTED
SUPPORTING,0.796,True,CRIMINAL,SUSPECTED
NEUTRAL,0.350,True,CRIMINAL,UNKNOWN
SUPPORTING,0.601,True,MIXED,SUSPECTED
SUPPORTING,0.923,True,LEGITIMATE,CONFIRMED
NEUTRAL,0.484,True,CRIMINAL,UNKNOWN
SUPPORTING,0.741,True,CRIMINAL,SUSPECTED
SUPPORTING,0.923,True,CRIMINAL,CONFIRMED
NEUTRAL,0.526,True,MIXED,UNKNOWN
NEUTRAL,0.231,True,MIXED,UNKNOWN
NEUTRAL,0.289,True,AMBIGUOUS,UNKNOWN
CONTRADICTING,0.332,True,CRIMINAL,FALSE
SUPPORTING,0.964,True,CRIMINAL,CONFIRMED
SUPPORTING,0.760,True,LEGITIMATE,SUSPECTED
SUPPORTING,0.702,True,CRIMINAL,SUSPECTED
NEUTRAL,0.400,True,AMBIGUOUS,UNKNOWN
NEUTRAL,0.243,True,CRIMINAL,UNKNOWN
NEUTRAL,0.241,True,AMBIGUOUS,UNKNOWN
NEUTRAL,0.533,True,MIXED,UNKNOWN
NEUTRAL,0.202,True,LEGITIMATE,UNKNOWN
SUPPORTING,0.638,True,CRIMINAL,SUSPECTED
SUPPORTING,0.953,True,MIXED,CONFIRMED
NEUTRAL,0.359,True,LEGITIMATE,UNKNOWN
CONTRADICTING,0.122,True,LEGITIMATE,FALSE
SUPPORTING,0.737,True,CRIMINAL,SUSPECTED
SUPPORTING,0.762,True,CRIMINAL,SUSPECTED
NEUTRAL,0.325,True,CRIMINAL,UNKNOWN
SUPPORTING,0.824,True,CRIMINAL,SUSPECTED
SUPPORTING,0.636,True,CRIMINAL,SUSPECTED
SUPPORTING,0.749,True,MIXED,SUSPECTED
SUPPORTING,0.936,True,LEGITIMATE,CONFIRMED
CONTRADICTING,0.128,True,CRIMINAL,FALSE
NEUTRAL,0.545,True,AMBIGUOUS,UNKNOWN
SUPPORTING,0.596,True,CRIMINAL,SUSPECTED
SUPPORTING,0.946,True,CRIMINAL,CONFIRMED
SUPPORTING,0.857,True,AMBIGUOUS,SUSPECTED
SUPPORTING,0.679,True,CRIMINAL,SUSPECTED
CONTRADICTING,0.124,True,MIXED,FALSE
SUPPORTING,0.906,True,CRIMINAL,CONFIRMED
SUPPORTING,0.610,True,CRIMINAL,SUSPECTED
CONTRADICTING,0.197,True,CRIMINAL,FALSE
NEUTRAL,0.333,True,LEGITIMATE,UNKNOWN
CONTRADICTING,0.180,True,CRIMINAL,FALSE
SUPPORTING,0.886,True,MIXED,CONFIRMED
NEUTRAL,0.258,True,CRIMINAL,UNKNOWN
NEUTRAL,0.526,True,AMBIGUOUS,UNKNOWN
NEUTRAL,0.468,True,LEGITIMATE,UNKNOWN
SUPPORTING,0.703,True,AMBIGUOUS,SUSPECTED
SUPPORTING,0.834,True,CRIMINAL,CONFIRMED
SUPPORTING,0.605,True,LEGITIMATE,SUSPECTED
CONTRADICTING,0.380,True,CRIMINAL,FALSE
NEUTRAL,0.388,True,CRIMINAL,UNKNOWN
SUPPORTING,0.956,True,CRIMINAL,CONFIRMED
NEUTRAL,0.233,True,LEGITIMATE,UNKNOWN
CONTRADICTING,0.256,True,LEGITIMATE,FALSE
CONTRADICTING,0.133,True,LEGITIMATE,FALSE
SUPPORTING,0.893,True,CRIMINAL,CONFIRMED
SUPPORTING,0.697,True,CRIMINAL,SUSPECTED
SUPPORTING,0.946,True,LEGITIMATE,CONFIRMED
SUPPORTING,0.861,True,CRIMINAL,CONFIRMED
SUPPORTING,0.917,True,AMBIGUOUS,CONFIRMED
SUPPORTING,0.812,True,CRIMINAL,SUSPECTED
SUPPORTING,0.958,True,CRIMINAL,CONFIRMED
NEUTRAL,0.351,True,CRIMINAL,UNKNOWN
CONTRADICTING,0.137,True,LEGITIMATE,FALSE
SUPPORTING,0.885,True,LEGITIMATE,CONFIRMED
SUPPORTING,0.887,True,CRIMINAL,CONFIRMED
CONTRADICTING,0.122,True,AMBIGUOUS,FALSE
SUPPORTING,0.912,True,MIXED,CONFIRMED
SUPPORTING,0.681,True,CRIMINAL,SUSPECTED
NEUTRAL,0.402,True,MIXED,UNKNOWN
SUPPORTING,0.662,True,LEGITIMATE,SUSPECTED
NEUTRAL,0.385,True,MIXED,UNKNOWN
SUPPORTING,0.833,True,AMBIGUOUS,CONFIRMED
SUPPORTING,0.887,True,CRIMINAL,CONFIRMED
CONTRADICTING,0.183,True,LEGITIMATE,FALSE
SUPPORTING,0.833,True,CRIMINAL,SUSPECTED
SUPPORTING,0.705,True,CRIMINAL,SUSPECTED
SUPPORTING,0.847,True,CRIMINAL,CONFIRMED
SUPPORTING,0.850,True,MIXED,SUSPECTED
NEUTRAL,0.440,True,CRIMINAL,UNKNOWN
SUPPORTING,0.898,True,CRIMINAL,CONFIRMED
CONTRADICTING,0.138,True,MIXED,FALSE
SUPPORTING,0.696,True,CRIMINAL,SUSPECTED
SUPPORTING,0.806,True,MIXED,SUSPECTED
SUPPORTING,0.983,True,CRIMINAL,CONFIRMED
SUPPORTING,0.834,True,LEGITIMATE,SUSPECTED
SUPPORTING,0.779,True,AMBIGUOUS,SUSPECTED
SUPPORTING,0.659,True,CRIMINAL,SUSPECTED
NEUTRAL,0.247,True,MIXED,UNKNOWN
NEUTRAL,0.239,True,AMBIGUOUS,UNKNOWN
SUPPORTING,0.723,True,CRIMINAL,SUSPECTED
SUPPORTING,0.653,True,CRIMINAL,SUSPECTED
SUPPORTING,0.752,True,LEGITIMATE,SUSPECTED
SUPPORTING,0.849,True,MIXED,CONFIRMED
SUPPORTING,0.731,True,AMBIGUOUS,SUSPECTED
CONTRADICTING,0.387,True,MIXED,FALSE
CONTRADICTING,0.309,True,LEGITIMATE,FALSE
SUPPORTING,0.934,True,LEGITIMATE,CONFIRMED
SUPPORTING,0.840,True,CRIMINAL,CONFIRMED
SUPPORTING,0.691,True,MIXED,SUSPECTED
SUPPORTING,0.738,True,AMBIGUOUS,SUSPECTED
SUPPORTING,0.633,True,MIXED,SUSPECTED
SUPPORTING,0.969,True,MIXED,CONFIRMED
SUPPORTING,0.874,True,LEGITIMATE,CONFIRMED
NEUTRAL,0.243,True,MIXED,UNKNOWN
SUPPORTING,0.760,True,CRIMINAL,SUSPECTED
SUPPORTING,0.585,True,CRIMINAL,SUSPECTED
NEUTRAL,0.479,True,LEGITIMATE,UNKNOWN
SUPPORTING,0.874,True,CRIMINAL,CONFIRMED
NEUTRAL,0.248,True,CRIMINAL,UNKNOWN
NEUTRAL,0.388,True,MIXED,UNKNOWN
SUPPORTING,0.624,True,MIXED,SUSPECTED
SUPPORTING,0.751,True,MIXED,SUSPECTED
NEUTRAL,0.202,True,LEGITIMATE,UNKNOWN
NEUTRAL,0.460,True,CRIMINAL,UNKNOWN
NEUTRAL,0.471,True,CRIMINAL,UNKNOWN
NEUTRAL,0.279,True,CRIMINAL,UNKNOWN
SUPPORTING,0.909,True,CRIMINAL,CONFIRMED
SUPPORTING,0.785,True,CRIMINAL,SUSPECTED
NEUTRAL,0.451,True,LEGITIMATE,UNKNOWN
SUPPORTING,0.907,True,MIXED,CONFIRMED
SUPPORTING,0.837,True,MIXED,CONFIRMED
NEUTRAL,0.519,True,AMBIGUOUS,UNKNOWN
NEUTRAL,0.294,True,AMBIGUOUS,UNKNOWN
SUPPORTING,0.746,True,AMBIGUOUS,SUSPECTED
SUPPORTING,0.774,True,CRIMINAL,SUSPECTED
SUPPORTING,0.849,True,MIXED,CONFIRMED
SUPPORTING,0.747,True,AMBIGUOUS,SUSPECTED
SUPPORTING,0.667,True,AMBIGUOUS,SUSPECTED
NEUTRAL,0.424,True,LEGITIMATE,UNKNOWN
SUPPORTING,0.841,True,CRIMINAL,CONFIRMED
SUPPORTING,0.964,True,MIXED,CONFIRMED
SUPPORTING,0.985,True,MIXED,CONFIRMED
SUPPORTING,0.832,True,MIXED,SUSPECTED
NEUTRAL,0.315,True,CRIMINAL,UNKNOWN
SUPPORTING,0.845,True,LEGITIMATE,CONFIRMED
CONTRADICTING,0.254,True,LEGITIMATE,FALSE
CONTRADICTING,0.396,True,MIXED,FALSE
SUPPORTING,0.627,True,CRIMINAL,SUSPECTED
NEUTRAL,0.524,True,MIXED,UNKNOWN
NEUTRAL,0.470,True,AMBIGUOUS,UNKNOWN
SUPPORTING,0.813,True,LEGITIMATE,SUSPECTED
CONTRADICTING,0.392,True,CRIMINAL,FALSE
NEUTRAL,0.405,True,LEGITIMATE,UNKNOWN
NEUTRAL,0.384,True,AMBIGUOUS,UNKNOWN
SUPPORTING,0.654,True,CRIMINAL,SUSPECTED
NEUTRAL,0.407,True,LEGITIMATE,UNKNOWN
NEUTRAL,0.443,True,MIXED,UNKNOWN
NEUTRAL,0.369,True,CRIMINAL,UNKNOWN
SUPPORTING,0.969,True,CRIMINAL,CONFIRMED
NEUTRAL,0.222,True,CRIMINAL,UNKNOWN
SUPPORTING,0.766,True,LEGITIMATE,SUSPECTED
NEUTRAL,0.465,True,CRIMINAL,UNKNOWN
SUPPORTING,0.972,True,CRIMINAL,CONFIRMED
SUPPORTING,0.755,True,CRIMINAL,SUSPECTED
SUPPORTING,0.958,True,CRIMINAL,CONFIRMED
SUPPORTING,0.716,True,LEGITIMATE,SUSPECTED
SUPPORTING,0.963,True,CRIMINAL,CONFIRMED
SUPPORTING,0.805,True,MIXED,SUSPECTED
CONTRADICTING,0.393,True,MIXED,FALSE
NEUTRAL,0.370,True,LEGITIMATE,UNKNOWN
CONTRADICTING,0.187,True,AMBIGUOUS,FALSE
CONTRADICTING,0.292,True,CRIMINAL,FALSE
NEUTRAL,0.469,True,MIXED,UNKNOWN
SUPPORTING,0.962,True,CRIMINAL,CONFIRMED
SUPPORTING,0.624,True,CRIMINAL,SUSPECTED
NEUTRAL,0.284,True,CRIMINAL,UNKNOWN
NEUTRAL,0.455,True,AMBIGUOUS,UNKNOWN
SUPPORTING,0.630,True,LEGITIMATE,SUSPECTED
SUPPORTING,0.828,True,CRIMINAL,CONFIRMED
SUPPORTING,0.958,True,CRIMINAL,CONFIRMED
SUPPORTING,0.846,True,MIXED,CONFIRMED
SUPPORTING,0.683,True,CRIMINAL,SUSPECTED
CONTRADICTING,0.265,True,CRIMINAL,FALSE
SUPPORTING,0.658,True,MIXED,SUSPECTED
NEUTRAL,0.379,True,LEGITIMATE,UNKNOWN
SUPPORTING,0.988,True,CRIMINAL,CONFIRMED
SUPPORTING,0.814,True,LEGITIMATE,SUSPECTED
SUPPORTING,0.627,True,CRIMINAL,SUSPECTED
NEUTRAL,0.419,True,AMBIGUOUS,UNKNOWN
SUPPORTING,0.781,True,MIXED,SUSPECTED
SUPPORTING,0.682,True,CRIMINAL,SUSPECTED
SUPPORTING,0.824,True,CRIMINAL,CONFIRMED
NEUTRAL,0.440,True,MIXED,UNKNOWN
CONTRADICTING,0.250,True,CRIMINAL,FALSE
NEUTRAL,0.406,True,MIXED,UNKNOWN
SUPPORTING,0.882,True,LEGITIMATE,CONFIRMED
NEUTRAL,0.444,True,MIXED,UNKNOWN
SUPPORTING,0.804,True,MIXED,SUSPECTED
NEUTRAL,0.292,True,AMBIGUOUS,UNKNOWN
SUPPORTING,0.857,True,CRIMINAL,CONFIRMED
CONTRADICTING,0.369,True,CRIMINAL,FALSE
SUPPORTING,0.917,True,CRIMINAL,CONFIRMED
SUPPORTING,0.731,True,CRIMINAL,SUSPECTED
NEUTRAL,0.265,True,LEGITIMATE,UNKNOWN
SUPPORTING,0.873,True,MIXED,CONFIRMED
SUPPORTING,0.968,True,CRIMINAL,CONFIRMED
NEUTRAL,0.230,True,MIXED,UNKNOWN
SUPPORTING,0.819,True,AMBIGUOUS,SUSPECTED
SUPPORTING,0.755,True,LEGITIMATE,SUSPECTED
NEUTRAL,0.340,True,MIXED,UNKNOWN
CONTRADICTING,0.290,True,LEGITIMATE,FALSE
NEUTRAL,0.550,True,LEGITIMATE,UNKNOWN
SUPPORTING,0.917,True,CRIMINAL,CONFIRMED
SUPPORTING,0.770,True,LEGITIMATE,SUSPECTED
SUPPORTING,0.637,True,MIXED,SUSPECTED
SUPPORTING,0.858,True,CRIMINAL,SUSPECTED
SUPPORTING,0.964,True,MIXED,CONFIRMED
CONTRADICTING,0.209,True,CRIMINAL,FALSE
NEUTRAL,0.541,True,MIXED,UNKNOWN
SUPPORTING,0.648,True,MIXED,SUSPECTED
SUPPORTING,0.967,True,MIXED,CONFIRMED
SUPPORTING,0.836,True,CRIMINAL,CONFIRMED
SUPPORTING,0.834,True,MIXED,CONFIRMED
NEUTRAL,0.351,True,CRIMINAL,UNKNOWN
NEUTRAL,0.490,True,AMBIGUOUS,UNKNOWN
SUPPORTING,0.948,True,LEGITIMATE,CONFIRMED
SUPPORTING,0.860,True,CRIMINAL,CONFIRMED
CONTRADICTING,0.366,True,CRIMINAL,FALSE
SUPPORTING,0.859,True,MIXED,CONFIRMED
NEUTRAL,0.517,True,LEGITIMATE,UNKNOWN
SUPPORTING,0.899,True,AMBIGUOUS,CONFIRMED
SUPPORTING,0.775,True,MIXED,SUSPECTED
SUPPORTING,0.756,True,CRIMINAL,SUSPECTED
NEUTRAL,0.475,True,AMBIGUOUS,UNKNOWN
CONTRADICTING,0.387,True,LEGITIMATE,FALSE
CONTRADICTING,0.211,True,CRIMINAL,FALSE
SUPPORTING,0.729,True,MIXED,SUSPECTED
SUPPORTING,0.853,True,MIXED,SUSPECTED
NEUTRAL,0.472,True,AMBIGUOUS,UNKNOWN
SUPPORTING,0.606,True,AMBIGUOUS,SUSPECTED
CONTRADICTING,0.348,True,LEGITIMATE,FALSE
SUPPORTING,0.824,True,CRIMINAL,SUSPECTED
NEUTRAL,0.375,True,LEGITIMATE,UNKNOWN
SUPPORTING,0.809,True,CRIMINAL,SUSPECTED
SUPPORTING,0.605,True,CRIMINAL,SUSPECTED
SUPPORTING,0.810,True,CRIMINAL,SUSPECTED
SUPPORTING,0.843,True,MIXED,SUSPECTED
SUPPORTING,0.708,True,CRIMINAL,SUSPECTED
CONTRADICTING,0.190,True,CRIMINAL,FALSE
SUPPORTING,0.612,True,MIXED,SUSPECTED
SUPPORTING,0.860,True,MIXED,CONFIRMED
SUPPORTING,0.833,True,MIXED,CONFIRMED
SUPPORTING,0.608,True,MIXED,SUSPECTED
NEUTRAL,0.446,True,LEGITIMATE,UNKNOWN
SUPPORTING,0.864,True,CRIMINAL,CONFIRMED
CONTRADICTING,0.241,True,CRIMINAL,FALSE
SUPPORTING,0.848,True,CRIMINAL,SUSPECTED
SUPPORTING,0.696,True,CRIMINAL,SUSPECTED
CONTRADICTING,0.302,True,CRIMINAL,FALSE
NEUTRAL,0.335,True,AMBIGUOUS,UNKNOWN
NEUTRAL,0.299,True,AMBIGUOUS,UNKNOWN
SUPPORTING,0.982,True,MIXED,CONFIRMED
SUPPORTING,0.618,True,CRIMINAL,SUSPECTED
CONTRADICTING,0.251,True,CRIMINAL,FALSE
CONTRADICTING,0.202,True,AMBIGUOUS,FALSE
SUPPORTING,0.854,True,CRIMINAL,CONFIRMED
CONTRADICTING,0.209,True,CRIMINAL,FALSE
NEUTRAL,0.432,True,MIXED,UNKNOWN
CONTRADICTING,0.198,True,LEGITIMATE,FALSE
SUPPORTING,0.756,True,AMBIGUOUS,SUSPECTED
SUPPORTING,0.645,True,CRIMINAL,SUSPECTED
SUPPORTING,0.619,True,CRIMINAL,SUSPECTED
SUPPORTING,0.830,True,CRIMINAL,CONFIRMED
SUPPORTING,0.887,True,CRIMINAL,CONFIRMED
NEUTRAL,0.297,True,CRIMINAL,UNKNOWN
CONTRADICTING,0.327,True,LEGITIMATE,FALSE
SUPPORTING,0.716,True,LEGITIMATE,SUSPECTED
SUPPORTING,0.928,True,CRIMINAL,CONFIRMED
CONTRADICTING,0.231,True,MIXED,FALSE
CONTRADICTING,0.284,True,LEGITIMATE,FALSE
SUPPORTING,0.775,True,CRIMINAL,SUSPECTED
SUPPORTING,0.702,True,MIXED,SUSPECTED
CONTRADICTING,0.374,True,CRIMINAL,FALSE
NEUTRAL,0.211,True,MIXED,UNKNOWN
SUPPORTING,0.916,True,CRIMINAL,CONFIRMED
SUPPORTING,0.908,True,CRIMINAL,CONFIRMED
SUPPORTING,0.618,True,AMBIGUOUS,SUSPECTED
SUPPORTING,0.694,True,MIXED,SUSPECTED
SUPPORTING,0.820,True,LEGITIMATE,CONFIRMED
CONTRADICTING,0.294,True,CRIMINAL,FALSE
SUPPORTING,0.870,True,AMBIGUOUS,CONFIRMED
SUPPORTING,0.881,True,AMBIGUOUS,CONFIRMED
SUPPORTING,0.815,True,LEGITIMATE,SUSPECTED
NEUTRAL,0.454,True,LEGITIMATE,UNKNOWN
CONTRADICTING,0.200,True,AMBIGUOUS,FALSE
SUPPORTING,0.676,True,CRIMINAL,SUSPECTED
SUPPORTING,0.917,True,MIXED,CONFIRMED
SUPPORTING,0.887,True,CRIMINAL,CONFIRMED
NEUTRAL,0.494,True,CRIMINAL,UNKNOWN
SUPPORTING,0.598,True,CRIMINAL,SUSPECTED
SUPPORTING,0.841,True,LEGITIMATE,SUSPECTED
SUPPORTING,0.651,True,CRIMINAL,SUSPECTED
SUPPORTING,0.747,True,LEGITIMATE,SUSPECTED
SUPPORTING,0.962,True,CRIMINAL,CONFIRMED
NEUTRAL,0.353,True,AMBIGUOUS,UNKNOWN
SUPPORTING,0.808,True,CRIMINAL,SUSPECTED
NEUTRAL,0.267,True,LEGITIMATE,UNKNOWN
CONTRADICTING,0.398,True,CRIMINAL,FALSE
SUPPORTING,0.819,True,CRIMINAL,SUSPECTED
CONTRADICTING,0.227,True,AMBIGUOUS,FALSE
SUPPORTING,0.584,True,LEGITIMATE,SUSPECTED
SUPPORTING,0.923,True,AMBIGUOUS,CONFIRMED
SUPPORTING,0.864,True,CRIMINAL,CONFIRMED
SUPPORTING,0.887,True,CRIMINAL,CONFIRMED
SUPPORTING,0.660,True,LEGITIMATE,SUSPECTED
SUPPORTING,0.774,True,CRIMINAL,SUSPECTED
SUPPORTING,0.834,True,CRIMINAL,CONFIRMED
SUPPORTING,0.959,True,LEGITIMATE,CONFIRMED
SUPPORTING,0.840,True,AMBIGUOUS,CONFIRMED
CONTRADICTING,0.248,True,CRIMINAL,FALSE
CONTRADICTING,0.232,True,LEGITIMATE,FALSE
SUPPORTING,0.600,True,MIXED,SUSPECTED
SUPPORTING,0.587,True,CRIMINAL,SUSPECTED
SUPPORTING,0.600,True,LEGITIMATE,SUSPECTED
SUPPORTING,0.611,True,AMBIGUOUS,SUSPECTED
NEUTRAL,0.269,True,CRIMINAL,UNKNOWN
SUPPORTING,0.978,True,CRIMINAL,CONFIRMED
SUPPORTING,0.809,True,AMBIGUOUS,SUSPECTED
SUPPORTING,0.843,True,CRIMINAL,CONFIRMED
SUPPORTING,0.806,True,AMBIGUOUS,SUSPECTED
SUPPORTING,0.587,True,CRIMINAL,SUSPECTED
NEUTRAL,0.527,True,LEGITIMATE,UNKNOWN
CONTRADICTING,0.178,True,AMBIGUOUS,FALSE
SUPPORTING,0.869,True,CRIMINAL,CONFIRMED
SUPPORTING,0.849,True,MIXED,CONFIRMED
SUPPORTING,0.709,True,AMBIGUOUS,SUSPECTED
SUPPORTING,0.898,True,AMBIGUOUS,CONFIRMED
SUPPORTING,0.811,True,CRIMINAL,SUSPECTED
SUPPORTING,0.763,True,CRIMINAL,SUSPECTED
SUPPORTING,0.692,True,LEGITIMATE,SUSPECTED
SUPPORTING,0.592,True,LEGITIMATE,SUSPECTED
SUPPORTING,0.834,True,MIXED,SUSPECTED
SUPPORTING,0.907,True,MIXED,CONFIRMED
SUPPORTING,0.843,True,LEGITIMATE,SUSPECTED
CONTRADICTING,0.310,True,LEGITIMATE,FALSE
CONTRADICTING,0.410,True,LEGITIMATE,FALSE
NEUTRAL,0.449,True,AMBIGUOUS,UNKNOWN
SUPPORTING,0.853,True,AMBIGUOUS,SUSPECTED
NEUTRAL,0.312,True,AMBIGUOUS,UNKNOWN
SUPPORTING,0.823,True,CRIMINAL,CONFIRMED
SUPPORTING,0.592,True,CRIMINAL,SUSPECTED
SUPPORTING,0.829,True,MIXED,CONFIRMED
CONTRADICTING,0.130,True,LEGITIMATE,FALSE
SUPPORTING,0.724,True,CRIMINAL,SUSPECTED
NEUTRAL,0.268,True,AMBIGUOUS,UNKNOWN
SUPPORTING,0.979,True,MIXED,CONFIRMED
NEUTRAL,0.493,True,AMBIGUOUS,UNKNOWN
NEUTRAL,0.230,True,CRIMINAL,UNKNOWN
CONTRADICTING,0.142,True,MIXED,FALSE
NEUTRAL,0.470,True,CRIMINAL,UNKNOWN
CONTRADICTING,0.399,True,MIXED,FALSE
SUPPORTING,0.669,True,LEGITIMATE,SUSPECTED
SUPPORTING,0.957,True,MIXED,CONFIRMED
SUPPORTING,0.752,True,CRIMINAL,SUSPECTED
NEUTRAL,0.262,True,AMBIGUOUS,UNKNOWN
NEUTRAL,0.243,True,MIXED,UNKNOWN
SUPPORTING,0.840,True,CRIMINAL,CONFIRMED
SUPPORTING,0.815,True,MIXED,SUSPECTED
SUPPORTING,0.779,True,MIXED,SUSPECTED
SUPPORTING,0.836,True,AMBIGUOUS,CONFIRMED
SUPPORTING,0.627,True,LEGITIMATE,SUSPECTED
NEUTRAL,0.386,True,MIXED,UNKNOWN
SUPPORTING,0.710,True,MIXED,SUSPECTED
SUPPORTING,0.908,True,CRIMINAL,CONFIRMED
SUPPORTING,0.888,True,CRIMINAL,CONFIRMED
NEUTRAL,0.404,True,CRIMINAL,UNKNOWN
SUPPORTING,0.837,True,MIXED,CONFIRMED
NEUTRAL,0.293,True,MIXED,UNKNOWN
CONTRADICTING,0.351,True,CRIMINAL,FALSE
NEUTRAL,0.491,True,CRIMINAL,UNKNOWN
NEUTRAL,0.495,True,CRIMINAL,UNKNOWN
NEUTRAL,0.440,True,CRIMINAL,UNKNOWN
NEUTRAL,0.442,True,MIXED,UNKNOWN
CONTRADICTING,0.157,True,LEGITIMATE,FALSE
SUPPORTING,0.966,True,CRIMINAL,CONFIRMED
SUPPORTING,0.768,True,CRIMINAL,SUSPECTED
SUPPORTING,0.787,True,MIXED,SUSPECTED
NEUTRAL,0.531,True,LEGITIMATE,UNKNOWN
SUPPORTING,0.973,True,CRIMINAL,CONFIRMED
NEUTRAL,0.209,True,CRIMINAL,UNKNOWN
CONTRADICTING,0.306,True,CRIMINAL,FALSE
SUPPORTING,0.820,True,CRIMINAL,CONFIRMED
CONTRADICTING,0.209,True,AMBIGUOUS,FALSE
CONTRADICTING,0.390,True,LEGITIMATE,FALSE
SUPPORTING,0.883,True,CRIMINAL,CONFIRMED
SUPPORTING,0.616,True,CRIMINAL,SUSPECTED
SUPPORTING,0.942,True,MIXED,CONFIRMED
SUPPORTING,0.602,True,MIXED,SUSPECTED
SUPPORTING,0.964,True,CRIMINAL,CONFIRMED
NEUTRAL,0.225,True,MIXED,UNKNOWN
SUPPORTING,0.950,True,CRIMINAL,CONFIRMED
SUPPORTING,0.986,True,MIXED,CONFIRMED
SUPPORTING,0.590,True,MIXED,SUSPECTED
CONTRADICTING,0.406,True,CRIMINAL,FALSE
NEUTRAL,0.225,True,CRIMINAL,UNKNOWN
SUPPORTING,0.722,True,LEGITIMATE,SUSPECTED
CONTRADICTING,0.171,True,LEGITIMATE,FALSE
CONTRADICTING,0.285,True,MIXED,FALSE
CONTRADICTING,0.390,True,MIXED,FALSE
SUPPORTING,0.745,True,MIXED,SUSPECTED
SUPPORTING,0.852,True,CRIMINAL,SUSPECTED
CONTRADICTING,0.346,True,MIXED,FALSE
CONTRADICTING,0.352,True,LEGITIMATE,FALSE
CONTRADICTING,0.130,True,LEGITIMATE,FALSE
NEUTRAL,0.475,True,MIXED,UNKNOWN
SUPPORTING,0.693,True,CRIMINAL,SUSPECTED
SUPPORTING,0.942,True,MIXED,CONFIRMED
NEUTRAL,0.487,True,CRIMINAL,UNKNOWN
NEUTRAL,0.366,True,LEGITIMATE,UNKNOWN
SUPPORTING,0.757,True,MIXED,SUSPECTED
NEUTRAL,0.366,True,AMBIGUOUS,UNKNOWN
SUPPORTING,0.847,True,MIXED,SUSPECTED
SUPPORTING,0.613,True,AMBIGUOUS,SUSPECTED
SUPPORTING,0.872,True,MIXED,CONFIRMED
CONTRADICTING,0.350,True,CRIMINAL,FALSE
NEUTRAL,0.464,True,AMBIGUOUS,UNKNOWN
SUPPORTING,0.985,True,MIXED,CONFIRMED
SUPPORTING,0.707,True,MIXED,SUSPECTED
CONTRADICTING,0.183,True,MIXED,FALSE
SUPPORTING,0.870,True,CRIMINAL,CONFIRMED
SUPPORTING,0.859,True,MIXED,CONFIRMED
SUPPORTING,0.865,True,MIXED,CONFIRMED
NEUTRAL,0.484,True,CRIMINAL,UNKNOWN
SUPPORTING,0.842,True,CRIMINAL,SUSPECTED
NEUTRAL,0.291,True,CRIMINAL,UNKNOWN
SUPPORTING,0.854,True,CRIMINAL,CONFIRMED
CONTRADICTING,0.367,True,MIXED,FALSE
SUPPORTING,0.989,True,CRIMINAL,CONFIRMED
NEUTRAL,0.270,True,AMBIGUOUS,UNKNOWN
SUPPORTING,0.637,True,LEGITIMATE,SUSPECTED
NEUTRAL,0.454,True,AMBIGUOUS,UNKNOWN
SUPPORTING,0.784,True,AMBIGUOUS,SUSPECTED
NEUTRAL,0.523,True,CRIMINAL,UNKNOWN
NEUTRAL,0.430,True,CRIMINAL,UNKNOWN
CONTRADICTING,0.299,True,MIXED,FALSE
NEUTRAL,0.284,True,CRIMINAL,UNKNOWN
NEUTRAL,0.397,True,CRIMINAL,UNKNOWN
SUPPORTING,0.830,True,AMBIGUOUS,SUSPECTED
SUPPORTING,0.854,True,CRIMINAL,CONFIRMED
SUPPORTING,0.817,True,CRIMINAL,SUSPECTED
SUPPORTING,0.880,True,CRIMINAL,CONFIRMED
CONTRADICTING,0.241,True,CRIMINAL,FALSE
CONTRADICTING,0.249,True,CRIMINAL,FALSE
SUPPORTING,0.723,True,CRIMINAL,SUSPECTED
CONTRADICTING,0.188,True,CRIMINAL,FALSE
CONTRADICTING,0.138,True,AMBIGUOUS,FALSE
SUPPORTING,0.716,True,AMBIGUOUS,SUSPECTED
SUPPORTING,0.857,True,LEGITIMATE,CONFIRMED
NEUTRAL,0.341,True,MIXED,UNKNOWN
CONTRADICTING,0.392,True,MIXED,FALSE
SUPPORTING,0.586,True,MIXED,SUSPECTED
SUPPORTING,0.681,True,MIXED,SUSPECTED
SUPPORTING,0.625,True,CRIMINAL,SUSPECTED
SUPPORTING,0.765,True,MIXED,SUSPECTED
NEUTRAL,0.276,True,MIXED,UNKNOWN
SUPPORTING,0.805,True,MIXED,SUSPECTED
SUPPORTING,0.743,True,MIXED,SUSPECTED
SUPPORTING,0.595,True,CRIMINAL,SUSPECTED
SUPPORTING,0.755,True,CRIMINAL,SUSPECTED
CONTRADICTING,0.205,True,CRIMINAL,FALSE
SUPPORTING,0.809,True,CRIMINAL,SUSPECTED
CONTRADICTING,0.277,True,CRIMINAL,FALSE
CONTRADICTING,0.144,True,MIXED,FALSE
SUPPORTING,0.852,True,MIXED,SUSPECTED
NEUTRAL,0.250,True,CRIMINAL,UNKNOWN
CONTRADICTING,0.319,True,CRIMINAL,FALSE
SUPPORTING,0.723,True,AMBIGUOUS,SUSPECTED
SUPPORTING,0.882,True,MIXED,CONFIRMED
SUPPORTING,0.846,True,CRIMINAL,SUSPECTED
NEUTRAL,0.528,True,AMBIGUOUS,UNKNOWN
SUPPORTING,0.816,True,LEGITIMATE,SUSPECTED
SUPPORTING,0.674,True,CRIMINAL,SUSPECTED
SUPPORTING,0.776,True,MIXED,SUSPECTED
SUPPORTING,0.859,True,CRIMINAL,SUSPECTED
NEUTRAL,0.511,True,AMBIGUOUS,UNKNOWN
SUPPORTING,0.766,True,MIXED,SUSPECTED
CONTRADICTING,0.192,True,LEGITIMATE,FALSE
SUPPORTING,0.897,True,CRIMINAL,CONFIRMED
CONTRADICTING,0.339,True,AMBIGUOUS,FALSE
SUPPORTING,0.854,True,AMBIGUOUS,SUSPECTED
SUPPORTING,0.984,True,CRIMINAL,CONFIRMED
CONTRADICTING,0.239,True,LEGITIMATE,FALSE
CONTRADICTING,0.302,True,MIXED,FALSE
SUPPORTING,0.967,True,CRIMINAL,CONFIRMED
CONTRADICTING,0.333,True,AMBIGUOUS,FALSE
SUPPORTING,0.931,True,LEGITIMATE,CONFIRMED
SUPPORTING,0.907,True,MIXED,CONFIRMED
SUPPORTING,0.864,True,MIXED,CONFIRMED
SUPPORTING,0.626,True,AMBIGUOUS,SUSPECTED
NEUTRAL,0.398,True,LEGITIMATE,UNKNOWN
SUPPORTING,0.980,True,AMBIGUOUS,CONFIRMED
NEUTRAL,0.269,True,LEGITIMATE,UNKNOWN
SUPPORTING,0.946,True,LEGITIMATE,CONFIRMED
SUPPORTING,0.745,True,LEGITIMATE,SUSPECTED
SUPPORTING,0.742,True,CRIMINAL,SUSPECTED
CONTRADICTING,0.256,True,MIXED,FALSE
SUPPORTING,0.611,True,CRIMINAL,SUSPECTED
NEUTRAL,0.540,True,AMBIGUOUS,UNKNOWN
SUPPORTING,0.955,True,CRIMINAL,CONFIRMED
SUPPORTING,0.970,True,CRIMINAL,CONFIRMED
SUPPORTING,0.684,True,LEGITIMATE,SUSPECTED
SUPPORTING,0.733,True,LEGITIMATE,SUSPECTED
SUPPORTING,0.762,True,CRIMINAL,SUSPECTED
SUPPORTING,0.951,True,CRIMINAL,CONFIRMED
SUPPORTING,0.958,True,CRIMINAL,CONFIRMED
SUPPORTING,0.583,True,CRIMINAL,SUSPECTED
CONTRADICTING,0.240,True,CRIMINAL,FALSE
CONTRADICTING,0.371,True,LEGITIMATE,FALSE
CONTRADICTING,0.188,True,MIXED,FALSE
CONTRADICTING,0.358,True,LEGITIMATE,FALSE
CONTRADICTING,0.261,True,MIXED,FALSE
SUPPORTING,0.581,True,MIXED,SUSPECTED
SUPPORTING,0.816,True,CRIMINAL,SUSPECTED
NEUTRAL,0.308,True,MIXED,UNKNOWN
SUPPORTING,0.692,True,CRIMINAL,SUSPECTED
SUPPORTING,0.939,True,CRIMINAL,CONFIRMED
NEUTRAL,0.395,True,CRIMINAL,UNKNOWN
SUPPORTING,0.863,True,MIXED,CONFIRMED
SUPPORTING,0.778,True,AMBIGUOUS,SUSPECTED
CONTRADICTING,0.156,True,MIXED,FALSE
SUPPORTING,0.905,True,MIXED,CONFIRMED
NEUTRAL,0.239,True,LEGITIMATE,UNKNOWN
NEUTRAL,0.408,True,LEGITIMATE,UNKNOWN
NEUTRAL,0.416,True,CRIMINAL,UNKNOWN
SUPPORTING,0.651,True,MIXED,SUSPECTED
CONTRADICTING,0.360,True,MIXED,FALSE
CONTRADICTING,0.244,True,AMBIGUOUS,FALSE
CONTRADICTING,0.359,True,LEGITIMATE,FALSE
SUPPORTING,0.679,True,CRIMINAL,SUSPECTED
SUPPORTING,0.735,True,LEGITIMATE,SUSPECTED
CONTRADICTING,0.168,True,CRIMINAL,FALSE
CONTRADICTING,0.225,True,CRIMINAL,FALSE
CONTRADICTING,0.203,True,LEGITIMATE,FALSE
SUPPORTING,0.822,True,MIXED,CONFIRMED
NEUTRAL,0.460,True,LEGITIMATE,UNKNOWN
SUPPORTING,0.892,True,LEGITIMATE,CONFIRMED
NEUTRAL,0.339,True,CRIMINAL,UNKNOWN
SUPPORTING,0.733,True,CRIMINAL,SUSPECTED
CONTRADICTING,0.365,True,AMBIGUOUS,FALSE
SUPPORTING,0.856,True,CRIMINAL,CONFIRMED
SUPPORTING,0.825,True,CRIMINAL,SUSPECTED
SUPPORTING,0.708,True,CRIMINAL,SUSPECTED
SUPPORTING,0.849,True,MIXED,CONFIRMED
CONTRADICTING,0.146,True,CRIMINAL,FALSE
CONTRADICTING,0.122,True,LEGITIMATE,FALSE
SUPPORTING,0.658,True,MIXED,SUSPECTED
SUPPORTING,0.800,True,CRIMINAL,SUSPECTED
SUPPORTING,0.863,True,MIXED,CONFIRMED
SUPPORTING,0.877,True,CRIMINAL,CONFIRMED
SUPPORTING,0.767,True,CRIMINAL,SUSPECTED
CONTRADICTING,0.191,True,MIXED,FALSE
SUPPORTING,0.680,True,AMBIGUOUS,SUSPECTED
CONTRADICTING,0.146,True,LEGITIMATE,FALSE
SUPPORTING,0.649,True,LEGITIMATE,SUSPECTED
CONTRADICTING,0.209,True,CRIMINAL,FALSE
CONTRADICTING,0.158,True,LEGITIMATE,FALSE
CONTRADICTING,0.302,True,MIXED,FALSE
NEUTRAL,0.202,True,CRIMINAL,UNKNOWN
SUPPORTING,0.701,True,CRIMINAL,SUSPECTED
SUPPORTING,0.848,True,MIXED,SUSPECTED
NEUTRAL,0.356,True,MIXED,UNKNOWN
CONTRADICTING,0.413,True,CRIMINAL,FALSE
CONTRADICTING,0.248,True,CRIMINAL,FALSE
SUPPORTING,0.812,True,CRIMINAL,SUSPECTED
CONTRADICTING,0.414,True,MIXED,FALSE
SUPPORTING,0.783,True,LEGITIMATE,SUSPECTED
SUPPORTING,0.648,True,MIXED,SUSPECTED
NEUTRAL,0.292,True,MIXED,UNKNOWN
CONTRADICTING,0.405,True,MIXED,FALSE
NEUTRAL,0.249,True,LEGITIMATE,UNKNOWN
CONTRADICTING,0.298,True,CRIMINAL,FALSE
CONTRADICTING,0.362,True,LEGITIMATE,FALSE
CONTRADICTING,0.179,True,CRIMINAL,FALSE
SUPPORTING,0.912,True,LEGITIMATE,CONFIRMED
SUPPORTING,0.844,True,LEGITIMATE,CONFIRMED
SUPPORTING,0.739,True,AMBIGUOUS,SUSPECTED
NEUTRAL,0.523,True,AMBIGUOUS,UNKNOWN
SUPPORTING,0.685,True,CRIMINAL,SUSPECTED
SUPPORTING,0.724,True,MIXED,SUSPECTED
CONTRADICTING,0.348,True,CRIMINAL,FALSE
SUPPORTING,0.854,True,CRIMINAL,SUSPECTED
SUPPORTING,0.881,True,MIXED,CONFIRMED
SUPPORTING,0.889,True,CRIMINAL,CONFIRMED
SUPPORTING,0.925,True,AMBIGUOUS,CONFIRMED
SUPPORTING,0.927,True,CRIMINAL,CONFIRMED
SUPPORTING,0.842,True,CRIMINAL,CONFIRMED
NEUTRAL,0.306,True,AMBIGUOUS,UNKNOWN
SUPPORTING,0.892,True,CRIMINAL,CONFIRMED
NEUTRAL,0.382,True,CRIMINAL,UNKNOWN
NEUTRAL,0.376,True,AMBIGUOUS,UNKNOWN
CONTRADICTING,0.367,True,MIXED,FALSE
SUPPORTING,0.593,True,CRIMINAL,SUSPECTED
SUPPORTING,0.643,True,CRIMINAL,SUSPECTED
SUPPORTING,0.827,True,CRIMINAL,SUSPECTED
SUPPORTING,0.757,True,MIXED,SUSPECTED
NEUTRAL,0.432,True,MIXED,UNKNOWN
NEUTRAL,0.411,True,LEGITIMATE,UNKNOWN
SUPPORTING,0.761,True,MIXED,SUSPECTED
CONTRADICTING,0.258,True,CRIMINAL,FALSE
NEUTRAL,0.267,True,LEGITIMATE,UNKNOWN
SUPPORTING,0.882,True,MIXED,CONFIRMED
NEUTRAL,0.435,True,CRIMINAL,UNKNOWN
SUPPORTING,0.900,True,MIXED,CONFIRMED
SUPPORTING,0.628,True,CRIMINAL,SUSPECTED
SUPPORTING,0.784,True,MIXED,SUSPECTED
SUPPORTING,0.872,True,CRIMINAL,CONFIRMED
SUPPORTING,0.836,True,MIXED,CONFIRMED
CONTRADICTING,0.372,True,MIXED,FALSE
SUPPORTING,0.884,True,CRIMINAL,CONFIRMED
NEUTRAL,0.488,True,CRIMINAL,UNKNOWN
SUPPORTING,0.653,True,MIXED,SUSPECTED
SUPPORTING,0.695,True,AMBIGUOUS,SUSPECTED
SUPPORTING,0.901,True,MIXED,CONFIRMED
NEUTRAL,0.266,True,AMBIGUOUS,UNKNOWN
SUPPORTING,0.658,True,AMBIGUOUS,SUSPECTED
CONTRADICTING,0.412,True,AMBIGUOUS,FALSE
NEUTRAL,0.372,True,CRIMINAL,UNKNOWN
SUPPORTING,0.941,True,CRIMINAL,CONFIRMED
NEUTRAL,0.242,True,CRIMINAL,UNKNOWN
NEUTRAL,0.249,True,CRIMINAL,UNKNOWN
SUPPORTING,0.867,True,CRIMINAL,CONFIRMED
NEUTRAL,0.517,True,CRIMINAL,UNKNOWN
SUPPORTING,0.863,True,AMBIGUOUS,CONFIRMED
SUPPORTING,0.831,True,MIXED,SUSPECTED
SUPPORTING,0.851,True,MIXED,CONFIRMED
NEUTRAL,0.353,True,AMBIGUOUS,UNKNOWN
NEUTRAL,0.382,True,MIXED,UNKNOWN
SUPPORTING,0.832,True,CRIMINAL,CONFIRMED
NEUTRAL,0.342,True,LEGITIMATE,UNKNOWN
CONTRADICTING,0.338,True,MIXED,FALSE
SUPPORTING,0.615,True,CRIMINAL,SUSPECTED
SUPPORTING,0.643,True,CRIMINAL,SUSPECTED
SUPPORTING,0.831,True,CRIMINAL,SUSPECTED
NEUTRAL,0.550,True,LEGITIMATE,UNKNOWN
SUPPORTING,0.898,True,CRIMINAL,CONFIRMED
NEUTRAL,0.312,True,MIXED,UNKNOWN
SUPPORTING,0.982,True,AMBIGUOUS,CONFIRMED
SUPPORTING,0.802,True,MIXED,SUSPECTED
SUPPORTING,0.842,True,MIXED,SUSPECTED
SUPPORTING,0.924,True,CRIMINAL,CONFIRMED
SUPPORTING,0.648,True,MIXED,SUSPECTED
SUPPORTING,0.874,True,CRIMINAL,CONFIRMED
CONTRADICTING,0.274,True,LEGITIMATE,FALSE
NEUTRAL,0.282,True,CRIMINAL,UNKNOWN
NEUTRAL,0.333,True,CRIMINAL,UNKNOWN
NEUTRAL,0.516,True,CRIMINAL,UNKNOWN
CONTRADICTING,0.390,True,CRIMINAL,FALSE
SUPPORTING,0.834,True,MIXED,SUSPECTED
SUPPORTING,0.777,True,CRIMINAL,SUSPECTED
CONTRADICTING,0.277,True,AMBIGUOUS,FALSE
NEUTRAL,0.443,True,MIXED,UNKNOWN
CONTRADICTING,0.227,True,AMBIGUOUS,FALSE
SUPPORTING,0.959,True,CRIMINAL,CONFIRMED
SUPPORTING,0.925,True,MIXED,CONFIRMED
SUPPORTING,0.788,True,LEGITIMATE,SUSPECTED
CONTRADICTING,0.406,True,CRIMINAL,FALSE
SUPPORTING,0.934,True,CRIMINAL,CONFIRMED
CONTRADICTING,0.376,True,CRIMINAL,FALSE
NEUTRAL,0.355,True,AMBIGUOUS,UNKNOWN
CONTRADICTING,0.311,True,CRIMINAL,FALSE
SUPPORTING,0.916,True,CRIMINAL,CONFIRMED
CONTRADICTING,0.171,True,LEGITIMATE,FALSE
SUPPORTING,0.906,True,CRIMINAL,CONFIRMED
SUPPORTING,0.790,True,LEGITIMATE,SUSPECTED
SUPPORTING,0.767,True,LEGITIMATE,SUSPECTED
NEUTRAL,0.289,True,CRIMINAL,UNKNOWN
NEUTRAL,0.391,True,MIXED,UNKNOWN
SUPPORTING,0.642,True,CRIMINAL,SUSPECTED
SUPPORTING,0.658,True,CRIMINAL,SUSPECTED
SUPPORTING,0.977,True,CRIMINAL,CONFIRMED
SUPPORTING,0.859,True,CRIMINAL,SUSPECTED
SUPPORTING,0.847,True,MIXED,SUSPECTED
CONTRADICTING,0.266,True,MIXED,FALSE
NEUTRAL,0.354,True,LEGITIMATE,UNKNOWN
CONTRADICTING,0.291,True,LEGITIMATE,FALSE
NEUTRAL,0.322,True,MIXED,UNKNOWN
SUPPORTING,0.974,True,CRIMINAL,CONFIRMED
NEUTRAL,0.477,True,CRIMINAL,UNKNOWN
CONTRADICTING,0.158,True,CRIMINAL,FALSE
SUPPORTING,0.730,True,CRIMINAL,SUSPECTED
CONTRADICTING,0.152,True,LEGITIMATE,FALSE
SUPPORTING,0.831,True,CRIMINAL,CONFIRMED
SUPPORTING,0.984,True,CRIMINAL,CONFIRMED
SUPPORTING,0.728,True,CRIMINAL,SUSPECTED
SUPPORTING,0.829,True,MIXED,CONFIRMED
CONTRADICTING,0.327,True,LEGITIMATE,FALSE
SUPPORTING,0.984,True,AMBIGUOUS,CONFIRMED
NEUTRAL,0.506,True,MIXED,UNKNOWN
SUPPORTING,0.852,True,AMBIGUOUS,SUSPECTED
SUPPORTING,0.841,True,MIXED,CONFIRMED
SUPPORTING,0.952,True,CRIMINAL,CONFIRMED
CONTRADICTING,0.323,True,MIXED,FALSE
SUPPORTING,0.885,True,CRIMINAL,CONFIRMED
SUPPORTING,0.951,True,AMBIGUOUS,CONFIRMED
NEUTRAL,0.229,True,CRIMINAL,UNKNOWN
NEUTRAL,0.507,True,AMBIGUOUS,UNKNOWN
CONTRADICTING,0.372,True,CRIMINAL,FALSE
NEUTRAL,0.266,True,MIXED,UNKNOWN
SUPPORTING,0.973,True,CRIMINAL,CONFIRMED
SUPPORTING,0.687,True,CRIMINAL,SUSPECTED
NEUTRAL,0.487,True,CRIMINAL,UNKNOWN
SUPPORTING,0.873,True,MIXED,CONFIRMED
SUPPORTING,0.918,True,MIXED,CONFIRMED
SUPPORTING,0.614,True,AMBIGUOUS,SUSPECTED
SUPPORTING,0.828,True,AMBIGUOUS,SUSPECTED
CONTRADICTING,0.236,True,LEGITIMATE,FALSE
SUPPORTING,0.981,True,CRIMINAL,CONFIRMED
SUPPORTING,0.656,True,MIXED,SUSPECTED
SUPPORTING,0.683,True,MIXED,SUSPECTED
NEUTRAL,0.454,True,LEGITIMATE,UNKNOWN
SUPPORTING,0.830,True,AMBIGUOUS,SUSPECTED
CONTRADICTING,0.386,True,MIXED,FALSE
SUPPORTING,0.645,True,AMBIGUOUS,SUSPECTED
SUPPORTING,0.952,True,CRIMINAL,CONFIRMED
SUPPORTING,0.759,True,MIXED,SUSPECTED
SUPPORTING,0.675,True,CRIMINAL,SUSPECTED
NEUTRAL,0.460,True,CRIMINAL,UNKNOWN
NEUTRAL,0.432,True,MIXED,UNKNOWN
NEUTRAL,0.307,True,LEGITIMATE,UNKNOWN
SUPPORTING,0.794,True,LEGITIMATE,SUSPECTED
SUPPORTING,0.851,True,AMBIGUOUS,SUSPECTED
SUPPORTING,0.824,True,MIXED,CONFIRMED
NEUTRAL,0.522,True,CRIMINAL,UNKNOWN
CONTRADICTING,0.147,True,CRIMINAL,FALSE
SUPPORTING,0.694,True,MIXED,SUSPECTED
NEUTRAL,0.377,True,CRIMINAL,UNKNOWN
CONTRADICTING,0.248,True,LEGITIMATE,FALSE
SUPPORTING,0.912,True,CRIMINAL,CONFIRMED
NEUTRAL,0.362,True,AMBIGUOUS,UNKNOWN
SUPPORTING,0.779,True,CRIMINAL,SUSPECTED
SUPPORTING,0.632,True,MIXED,SUSPECTED
SUPPORTING,0.710,True,CRIMINAL,SUSPECTED
SUPPORTING,0.703,True,CRIMINAL,SUSPECTED
SUPPORTING,0.683,True,CRIMINAL,SUSPECTED
CONTRADICTING,0.265,True,MIXED,FALSE
SUPPORTING,0.753,True,AMBIGUOUS,SUSPECTED
SUPPORTING,0.916,True,MIXED,CONFIRMED
SUPPORTING,0.696,True,MIXED,SUSPECTED
SUPPORTING,0.807,True,MIXED,SUSPECTED
NEUTRAL,0.459,True,CRIMINAL,UNKNOWN
SUPPORTING,0.759,True,MIXED,SUSPECTED
CONTRADICTING,0.281,True,CRIMINAL,FALSE
SUPPORTING,0.837,True,AMBIGUOUS,SUSPECTED
NEUTRAL,0.409,True,MIXED,UNKNOWN
NEUTRAL,0.423,True,CRIMINAL,UNKNOWN
SUPPORTING,0.985,True,LEGITIMATE,CONFIRMED
NEUTRAL,0.224,True,AMBIGUOUS,UNKNOWN
SUPPORTING,0.753,True,CRIMINAL,SUSPECTED
SUPPORTING,0.602,True,CRIMINAL,SUSPECTED
CONTRADICTING,0.185,True,CRIMINAL,FALSE
NEUTRAL,0.347,True,AMBIGUOUS,UNKNOWN
SUPPORTING,0.758,True,CRIMINAL,SUSPECTED
SUPPORTING,0.830,True,MIXED,SUSPECTED
SUPPORTING,0.946,True,MIXED,CONFIRMED
NEUTRAL,0.494,True,AMBIGUOUS,UNKNOWN
SUPPORTING,0.862,True,CRIMINAL,CONFIRMED
CONTRADICTING,0.189,True,CRIMINAL,FALSE
NEUTRAL,0.236,True,CRIMINAL,UNKNOWN
SUPPORTING,0.835,True,CRIMINAL,CONFIRMED
SUPPORTING,0.927,True,CRIMINAL,CONFIRMED
CONTRADICTING,0.383,True,CRIMINAL,FALSE
SUPPORTING,0.842,True,CRIMINAL,CONFIRMED
SUPPORTING,0.749,True,CRIMINAL,SUSPECTED
SUPPORTING,0.789,True,CRIMINAL,SUSPECTED
SUPPORTING,0.762,True,LEGITIMATE,SUSPECTED
SUPPORTING,0.924,True,CRIMINAL,CONFIRMED
CONTRADICTING,0.366,True,LEGITIMATE,FALSE
CONTRADICTING,0.141,True,LEGITIMATE,FALSE
SUPPORTING,0.590,True,CRIMINAL,SUSPECTED
SUPPORTING,0.975,True,MIXED,CONFIRMED
CONTRADICTING,0.381,True,LEGITIMATE,FALSE
SUPPORTING,0.893,True,LEGITIMATE,CONFIRMED
SUPPORTING,0.645,True,MIXED,SUSPECTED
SUPPORTING,0.964,True,CRIMINAL,CONFIRMED
NEUTRAL,0.242,True,CRIMINAL,UNKNOWN
SUPPORTING,0.709,True,MIXED,SUSPECTED
SUPPORTING,0.582,True,CRIMINAL,SUSPECTED
NEUTRAL,0.537,True,MIXED,UNKNOWN
SUPPORTING,0.670,True,CRIMINAL,SUSPECTED
SUPPORTING,0.953,True,CRIMINAL,CONFIRMED
CONTRADICTING,0.258,True,CRIMINAL,FALSE
SUPPORTING,0.823,True,CRIMINAL,SUSPECTED
SUPPORTING,0.962,True,LEGITIMATE,CONFIRMED
SUPPORTING,0.842,True,CRIMINAL,CONFIRMED
NEUTRAL,0.454,True,AMBIGUOUS,UNKNOWN
NEUTRAL,0.250,True,LEGITIMATE,UNKNOWN
NEUTRAL,0.518,True,CRIMINAL,UNKNOWN
SUPPORTING,0.841,True,AMBIGUOUS,SUSPECTED
SUPPORTING,0.692,True,CRIMINAL,SUSPECTED
NEUTRAL,0.359,True,LEGITIMATE,UNKNOWN
NEUTRAL,0.391,True,MIXED,UNKNOWN
NEUTRAL,0.522,True,LEGITIMATE,UNKNOWN
SUPPORTING,0.828,True,CRIMINAL,CONFIRMED
CONTRADICTING,0.330,True,LEGITIMATE,FALSE
NEUTRAL,0.328,True,MIXED,UNKNOWN
SUPPORTING,0.650,True,MIXED,SUSPECTED
CONTRADICTING,0.384,True,LEGITIMATE,FALSE
NEUTRAL,0.349,True,CRIMINAL,UNKNOWN
CONTRADICTING,0.144,True,CRIMINAL,FALSE
NEUTRAL,0.206,True,MIXED,UNKNOWN
NEUTRAL,0.351,True,MIXED,UNKNOWN
CONTRADICTING,0.362,True,CRIMINAL,FALSE
SUPPORTING,0.961,True,AMBIGUOUS,CONFIRMED
SUPPORTING,0.695,True,MIXED,SUSPECTED
NEUTRAL,0.334,True,LEGITIMATE,UNKNOWN
NEUTRAL,0.488,True,LEGITIMATE,UNKNOWN
SUPPORTING,0.945,True,CRIMINAL,CONFIRMED
SUPPORTING,0.792,True,MIXED,SUSPECTED
SUPPORTING,0.820,True,CRIMINAL,CONFIRMED
SUPPORTING,0.623,True,MIXED,SUSPECTED
SUPPORTING,0.967,True,AMBIGUOUS,CONFIRMED
SUPPORTING,0.612,True,MIXED,SUSPECTED
SUPPORTING,0.827,True,MIXED,SUSPECTED
SUPPORTING,0.822,True,CRIMINAL,CONFIRMED
NEUTRAL,0.360,True,MIXED,UNKNOWN
NEUTRAL,0.358,True,MIXED,UNKNOWN
NEUTRAL,0.522,True,MIXED,UNKNOWN
CONTRADICTING,0.262,True,MIXED,FALSE
SUPPORTING,0.852,True,AMBIGUOUS,CONFIRMED
SUPPORTING,0.821,True,CRIMINAL,CONFIRMED
SUPPORTING,0.988,True,CRIMINAL,CONFIRMED
SUPPORTING,0.616,True,CRIMINAL,SUSPECTED
SUPPORTING,0.966,True,CRIMINAL,CONFIRMED
NEUTRAL,0.431,True,AMBIGUOUS,UNKNOWN
CONTRADICTING,0.267,True,MIXED,FALSE
CONTRADICTING,0.307,True,LEGITIMATE,FALSE
SUPPORTING,0.802,True,CRIMINAL,SUSPECTED
SUPPORTING,0.932,True,CRIMINAL,CONFIRMED
NEUTRAL,0.351,True,LEGITIMATE,UNKNOWN
NEUTRAL,0.446,True,LEGITIMATE,UNKNOWN
SUPPORTING,0.582,True,MIXED,SUSPECTED
NEUTRAL,0.347,True,MIXED,UNKNOWN
SUPPORTING,0.949,True,CRIMINAL,CONFIRMED
SUPPORTING,0.896,True,LEGITIMATE,CONFIRMED
NEUTRAL,0.270,True,AMBIGUOUS,UNKNOWN
NEUTRAL,0.220,True,LEGITIMATE,UNKNOWN
CONTRADICTING,0.378,True,LEGITIMATE,FALSE
NEUTRAL,0.467,True,AMBIGUOUS,UNKNOWN
NEUTRAL,0.347,True,MIXED,UNKNOWN
SUPPORTING,0.804,True,AMBIGUOUS,SUSPECTED
SUPPORTING,0.638,True,CRIMINAL,SUSPECTED
SUPPORTING,0.772,True,MIXED,SUSPECTED
SUPPORTING,0.950,True,MIXED,CONFIRMED
CONTRADICTING,0.316,True,MIXED,FALSE
SUPPORTING,0.898,True,CRIMINAL,CONFIRMED
SUPPORTING,0.923,True,CRIMINAL,CONFIRMED
SUPPORTING,0.908,True,CRIMINAL,CONFIRMED
NEUTRAL,0.247,True,LEGITIMATE,UNKNOWN
NEUTRAL,0.279,True,MIXED,UNKNOWN
SUPPORTING,0.754,True,LEGITIMATE,SUSPECTED
NEUTRAL,0.541,True,MIXED,UNKNOWN
SUPPORTING,0.851,True,LEGITIMATE,SUSPECTED
SUPPORTING,0.594,True,MIXED,SUSPECTED
SUPPORTING,0.852,True,MIXED,CONFIRMED
SUPPORTING,0.967,True,LEGITIMATE,CONFIRMED
SUPPORTING,0.729,True,CRIMINAL,SUSPECTED
SUPPORTING,0.706,True,LEGITIMATE,SUSPECTED
SUPPORTING,0.644,True,MIXED,SUSPECTED
SUPPORTING,0.668,True,CRIMINAL,SUSPECTED
NEUTRAL,0.425,True,LEGITIMATE,UNKNOWN
SUPPORTING,0.713,True,CRIMINAL,SUSPECTED
NEUTRAL,0.402,True,CRIMINAL,UNKNOWN
SUPPORTING,0.918,True,CRIMINAL,CONFIRMED
CONTRADICTING,0.385,True,CRIMINAL,FALSE
NEUTRAL,0.421,True,AMBIGUOUS,UNKNOWN
CONTRADICTING,0.166,True,LEGITIMATE,FALSE
SUPPORTING,0.704,True,CRIMINAL,SUSPECTED
NEUTRAL,0.535,True,CRIMINAL,UNKNOWN
SUPPORTING,0.612,True,CRIMINAL,SUSPECTED
CONTRADICTING,0.408,True,AMBIGUOUS,FALSE
SUPPORTING,0.893,True,CRIMINAL,CONFIRMED
NEUTRAL,0.308,True,LEGITIMATE,UNKNOWN
NEUTRAL,0.334,True,LEGITIMATE,UNKNOWN
CONTRADICTING,0.186,True,CRIMINAL,FALSE
SUPPORTING,0.723,True,CRIMINAL,SUSPECTED
SUPPORTING,0.855,True,MIXED,CONFIRMED
NEUTRAL,0.514,True,CRIMINAL,UNKNOWN
SUPPORTING,0.606,True,AMBIGUOUS,SUSPECTED
SUPPORTING,0.745,True,MIXED,SUSPECTED
SUPPORTING,0.873,True,CRIMINAL,CONFIRMED
SUPPORTING,0.859,True,MIXED,CONFIRMED
NEUTRAL,0.453,True,AMBIGUOUS,UNKNOWN
SUPPORTING,0.784,True,CRIMINAL,SUSPECTED
SUPPORTING,0.833,True,CRIMINAL,CONFIRMED
CONTRADICTING,0.242,True,LEGITIMATE,FALSE
SUPPORTING,0.680,True,LEGITIMATE,SUSPECTED
CONTRADICTING,0.216,True,CRIMINAL,FALSE
SUPPORTING,0.632,True,AMBIGUOUS,SUSPECTED
SUPPORTING,0.860,True,CRIMINAL,CONFIRMED
SUPPORTING,0.780,True,AMBIGUOUS,SUSPECTED
NEUTRAL,0.524,True,LEGITIMATE,UNKNOWN
SUPPORTING,0.712,True,MIXED,SUSPECTED
SUPPORTING,0.885,True,LEGITIMATE,CONFIRMED
SUPPORTING,0.937,True,MIXED,CONFIRMED
CONTRADICTING,0.309,True,MIXED,FALSE
NEUTRAL,0.302,True,MIXED,UNKNOWN
NEUTRAL,0.386,True,LEGITIMATE,UNKNOWN
NEUTRAL,0.360,True,CRIMINAL,UNKNOWN
SUPPORTING,0.825,True,CRIMINAL,SUSPECTED
CONTRADICTING,0.408,True,LEGITIMATE,FALSE
SUPPORTING,0.622,True,AMBIGUOUS,SUSPECTED
NEUTRAL,0.497,True,LEGITIMATE,UNKNOWN
SUPPORTING,0.949,True,CRIMINAL,CONFIRMED
NEUTRAL,0.439,True,MIXED,UNKNOWN
SUPPORTING,0.744,True,MIXED,SUSPECTED
SUPPORTING,0.739,True,CRIMINAL,SUSPECTED
CONTRADICTING,0.405,True,CRIMINAL,FALSE
SUPPORTING,0.783,True,CRIMINAL,SUSPECTED
NEUTRAL,0.237,True,CRIMINAL,UNKNOWN
SUPPORTING,0.664,True,CRIMINAL,SUSPECTED
CONTRADICTING,0.415,True,LEGITIMATE,FALSE
NEUTRAL,0.300,True,MIXED,UNKNOWN
SUPPORTING,0.902,True,MIXED,CONFIRMED
CONTRADICTING,0.349,True,CRIMINAL,FALSE
NEUTRAL,0.329,True,MIXED,UNKNOWN
CONTRADICTING,0.194,True,MIXED,FALSE
CONTRADICTING,0.352,True,AMBIGUOUS,FALSE
SUPPORTING,0.884,True,CRIMINAL,CONFIRMED
SUPPORTING,0.686,True,MIXED,SUSPECTED
CONTRADICTING,0.208,True,AMBIGUOUS,FALSE
SUPPORTING,0.886,True,AMBIGUOUS,CONFIRMED
NEUTRAL,0.246,True,CRIMINAL,UNKNOWN
SUPPORTING,0.702,True,CRIMINAL,SUSPECTED
SUPPORTING,0.724,True,CRIMINAL,SUSPECTED
CONTRADICTING,0.316,True,AMBIGUOUS,FALSE
SUPPORTING,0.680,True,AMBIGUOUS,SUSPECTED
SUPPORTING,0.955,True,MIXED,CONFIRMED
SUPPORTING,0.619,True,MIXED,SUSPECTED
NEUTRAL,0.310,True,AMBIGUOUS,UNKNOWN
SUPPORTING,0.908,True,CRIMINAL,CONFIRMED
SUPPORTING,0.884,True,MIXED,CONFIRMED
SUPPORTING,0.642,True,CRIMINAL,SUSPECTED
SUPPORTING,0.811,True,AMBIGUOUS,SUSPECTED
SUPPORTING,0.708,True,CRIMINAL,SUSPECTED
SUPPORTING,0.841,True,CRIMINAL,SUSPECTED
CONTRADICTING,0.228,True,CRIMINAL,FALSE
NEUTRAL,0.356,True,LEGITIMATE,UNKNOWN
NEUTRAL,0.422,True,MIXED,UNKNOWN
SUPPORTING,0.887,True,CRIMINAL,CONFIRMED
SUPPORTING,0.850,True,AMBIGUOUS,CONFIRMED
SUPPORTING,0.853,True,AMBIGUOUS,SUSPECTED
CONTRADICTING,0.305,True,CRIMINAL,FALSE
NEUTRAL,0.266,True,MIXED,UNKNOWN
SUPPORTING,0.944,True,LEGITIMATE,CONFIRMED
SUPPORTING,0.863,True,CRIMINAL,CONFIRMED
NEUTRAL,0.521,True,LEGITIMATE,UNKNOWN
SUPPORTING,0.613,True,AMBIGUOUS,SUSPECTED
SUPPORTING,0.806,True,MIXED,SUSPECTED
CONTRADICTING,0.186,True,AMBIGUOUS,FALSE
NEUTRAL,0.513,True,LEGITIMATE,UNKNOWN
SUPPORTING,0.591,True,MIXED,SUSPECTED
CONTRADICTING,0.333,True,CRIMINAL,FALSE
CONTRADICTING,0.138,True,AMBIGUOUS,FALSE
SUPPORTING,0.823,True,CRIMINAL,CONFIRMED
SUPPORTING,0.581,True,CRIMINAL,SUSPECTED
NEUTRAL,0.444,True,AMBIGUOUS,UNKNOWN
SUPPORTING,0.932,True,CRIMINAL,CONFIRMED
SUPPORTING,0.662,True,MIXED,SUSPECTED
SUPPORTING,0.643,True,CRIMINAL,SUSPECTED
CONTRADICTING,0.298,True,MIXED,FALSE
NEUTRAL,0.409,True,LEGITIMATE,UNKNOWN
SUPPORTING,0.886,True,CRIMINAL,CONFIRMED
SUPPORTING,0.805,True,CRIMINAL,SUSPECTED
SUPPORTING,0.654,True,MIXED,SUSPECTED
SUPPORTING,0.846,True,MIXED,SUSPECTED
SUPPORTING,0.984,True,MIXED,CONFIRMED
SUPPORTING,0.849,True,CRIMINAL,SUSPECTED
NEUTRAL,0.301,True,MIXED,UNKNOWN
NEUTRAL,0.374,True,AMBIGUOUS,UNKNOWN
SUPPORTING,0.859,True,MIXED,SUSPECTED
NEUTRAL,0.420,True,LEGITIMATE,UNKNOWN
SUPPORTING,0.825,True,CRIMINAL,SUSPECTED
SUPPORTING,0.979,True,MIXED,CONFIRMED
NEUTRAL,0.290,True,LEGITIMATE,UNKNOWN
NEUTRAL,0.315,True,CRIMINAL,UNKNOWN
NEUTRAL,0.319,True,MIXED,UNKNOWN
SUPPORTING,0.779,True,AMBIGUOUS,SUSPECTED
NEUTRAL,0.336,True,AMBIGUOUS,UNKNOWN
NEUTRAL,0.215,True,LEGITIMATE,UNKNOWN
SUPPORTING,0.972,True,CRIMINAL,CONFIRMED
CONTRADICTING,0.153,True,LEGITIMATE,FALSE
SUPPORTING,0.767,True,CRIMINAL,SUSPECTED
SUPPORTING,0.828,True,CRIMINAL,CONFIRMED
NEUTRAL,0.242,True,CRIMINAL,UNKNOWN
SUPPORTING,0.935,True,CRIMINAL,CONFIRMED
CONTRADICTING,0.247,True,LEGITIMATE,FALSE
SUPPORTING,0.764,True,CRIMINAL,SUSPECTED
SUPPORTING,0.948,True,LEGITIMATE,CONFIRMED
SUPPORTING,0.583,True,CRIMINAL,SUSPECTED
CONTRADICTING,0.345,True,MIXED,FALSE
SUPPORTING,0.639,True,CRIMINAL,SUSPECTED
SUPPORTING,0.948,True,CRIMINAL,CONFIRMED
NEUTRAL,0.336,True,AMBIGUOUS,UNKNOWN
NEUTRAL,0.290,True,CRIMINAL,UNKNOWN
SUPPORTING,0.885,True,CRIMINAL,CONFIRMED
SUPPORTING,0.925,True,CRIMINAL,CONFIRMED
SUPPORTING,0.829,True,CRIMINAL,CONFIRMED
SUPPORTING,0.639,True,CRIMINAL,SUSPECTED
CONTRADICTING,0.301,True,AMBIGUOUS,FALSE
SUPPORTING,0.594,True,CRIMINAL,SUSPECTED
CONTRADICTING,0.291,True,CRIMINAL,FALSE
NEUTRAL,0.497,True,MIXED,UNKNOWN
NEUTRAL,0.301,True,AMBIGUOUS,UNKNOWN
NEUTRAL,0.498,True,MIXED,UNKNOWN
SUPPORTING,0.945,True,CRIMINAL,CONFIRMED
CONTRADICTING,0.403,True,AMBIGUOUS,FALSE
SUPPORTING,0.582,True,AMBIGUOUS,SUSPECTED
SUPPORTING,0.587,True,AMBIGUOUS,SUSPECTED
SUPPORTING,0.897,True,AMBIGUOUS,CONFIRMED
SUPPORTING,0.879,True,MIXED,CONFIRMED
SUPPORTING,0.986,True,CRIMINAL,CONFIRMED
SUPPORTING,0.965,True,CRIMINAL,CONFIRMED
SUPPORTING,0.926,True,CRIMINAL,CONFIRMED
SUPPORTING,0.644,True,MIXED,SUSPECTED
SUPPORTING,0.607,True,CRIMINAL,SUSPECTED
SUPPORTING,0.604,True,CRIMINAL,SUSPECTED
CONTRADICTING,0.375,True,LEGITIMATE,FALSE
SUPPORTING,0.840,True,CRIMINAL,CONFIRMED
SUPPORTING,0.813,True,MIXED,SUSPECTED
NEUTRAL,0.226,True,CRIMINAL,UNKNOWN
CONTRADICTING,0.364,True,AMBIGUOUS,FALSE
SUPPORTING,0.841,True,MIXED,SUSPECTED
SUPPORTING,0.827,True,MIXED,CONFIRMED
NEUTRAL,0.422,True,AMBIGUOUS,UNKNOWN
CONTRADICTING,0.134,True,LEGITIMATE,FALSE
NEUTRAL,0.317,True,LEGITIMATE,UNKNOWN
SUPPORTING,0.944,True,LEGITIMATE,CONFIRMED
NEUTRAL,0.533,True,AMBIGUOUS,UNKNOWN
SUPPORTING,0.950,True,CRIMINAL,CONFIRMED
SUPPORTING,0.942,True,CRIMINAL,CONFIRMED
SUPPORTING,0.852,True,CRIMINAL,SUSPECTED
NEUTRAL,0.249,True,CRIMINAL,UNKNOWN
CONTRADICTING,0.304,True,LEGITIMATE,FALSE
SUPPORTING,0.989,True,AMBIGUOUS,CONFIRMED
NEUTRAL,0.362,True,CRIMINAL,UNKNOWN
SUPPORTING,0.848,True,CRIMINAL,SUSPECTED
SUPPORTING,0.739,True,CRIMINAL,SUSPECTED
SUPPORTING,0.650,True,MIXED,SUSPECTED
SUPPORTING,0.907,True,LEGITIMATE,CONFIRMED
NEUTRAL,0.413,True,AMBIGUOUS,UNKNOWN
SUPPORTING,0.720,True,CRIMINAL,SUSPECTED
CONTRADICTING,0.351,True,LEGITIMATE,FALSE
SUPPORTING,0.831,True,AMBIGUOUS,SUSPECTED
CONTRADICTING,0.260,True,CRIMINAL,FALSE
SUPPORTING,0.878,True,LEGITIMATE,CONFIRMED
SUPPORTING,0.982,True,CRIMINAL,CONFIRMED
CONTRADICTING,0.292,True,LEGITIMATE,FALSE
SUPPORTING,0.839,True,MIXED,SUSPECTED
NEUTRAL,0.205,True,CRIMINAL,UNKNOWN
NEUTRAL,0.236,True,AMBIGUOUS,UNKNOWN
CONTRADICTING,0.122,True,AMBIGUOUS,FALSE
SUPPORTING,0.955,True,MIXED,CONFIRMED
SUPPORTING,0.846,True,MIXED,CONFIRMED
SUPPORTING,0.899,True,MIXED,CONFIRMED
SUPPORTING,0.943,True,AMBIGUOUS,CONFIRMED
SUPPORTING,0.860,True,CRIMINAL,CONFIRMED
SUPPORTING,0.691,True,CRIMINAL,SUSPECTED
NEUTRAL,0.252,True,LEGITIMATE,UNKNOWN
NEUTRAL,0.287,True,CRIMINAL,UNKNOWN
SUPPORTING,0.851,True,LEGITIMATE,CONFIRMED
SUPPORTING,0.635,True,AMBIGUOUS,SUSPECTED
SUPPORTING,0.970,True,LEGITIMATE,CONFIRMED
NEUTRAL,0.433,True,LEGITIMATE,UNKNOWN
SUPPORTING,0.948,True,AMBIGUOUS,CONFIRMED
CONTRADICTING,0.415,True,LEGITIMATE,FALSE
SUPPORTING,0.735,True,CRIMINAL,SUSPECTED
SUPPORTING,0.768,True,CRIMINAL,SUSPECTED
NEUTRAL,0.316,True,AMBIGUOUS,UNKNOWN
SUPPORTING,0.896,True,CRIMINAL,CONFIRMED
SUPPORTING,0.837,True,CRIMINAL,SUSPECTED
SUPPORTING,0.715,True,CRIMINAL,SUSPECTED
NEUTRAL,0.317,True,AMBIGUOUS,UNKNOWN
CONTRADICTING,0.188,True,LEGITIMATE,FALSE
SUPPORTING,0.747,True,MIXED,SUSPECTED
SUPPORTING,0.823,True,MIXED,CONFIRMED
NEUTRAL,0.436,True,AMBIGUOUS,UNKNOWN
SUPPORTING,0.834,True,MIXED,SUSPECTED
NEUTRAL,0.378,True,MIXED,UNKNOWN
NEUTRAL,0.414,True,LEGITIMATE,UNKNOWN
NEUTRAL,0.340,True,LEGITIMATE,UNKNOWN
SUPPORTING,0.941,True,MIXED,CONFIRMED
NEUTRAL,0.386,True,CRIMINAL,UNKNOWN
NEUTRAL,0.396,True,AMBIGUOUS,UNKNOWN
SUPPORTING,0.943,True,CRIMINAL,CONFIRMED
SUPPORTING,0.835,True,AMBIGUOUS,SUSPECTED
NEUTRAL,0.220,True,CRIMINAL,UNKNOWN
NEUTRAL,0.222,True,MIXED,UNKNOWN
CONTRADICTING,0.303,True,CRIMINAL,FALSE
SUPPORTING,0.632,True,LEGITIMATE,SUSPECTED
SUPPORTING,0.815,True,MIXED,SUSPECTED
SUPPORTING,0.794,True,AMBIGUOUS,SUSPECTED
SUPPORTING,0.726,True,LEGITIMATE,SUSPECTED
SUPPORTING,0.735,True,MIXED,SUSPECTED
NEUTRAL,0.234,True,CRIMINAL,UNKNOWN
SUPPORTING,0.637,True,AMBIGUOUS,SUSPECTED
NEUTRAL,0.249,True,MIXED,UNKNOWN
SUPPORTING,0.709,True,CRIMINAL,SUSPECTED
SUPPORTING,0.720,True,AMBIGUOUS,SUSPECTED
CONTRADICTING,0.219,True,CRIMINAL,FALSE
NEUTRAL,0.340,True,LEGITIMATE,UNKNOWN
NEUTRAL,0.219,True,MIXED,UNKNOWN
NEUTRAL,0.282,True,LEGITIMATE,UNKNOWN
SUPPORTING,0.621,True,AMBIGUOUS,SUSPECTED
SUPPORTING,0.899,True,AMBIGUOUS,CONFIRMED
SUPPORTING,0.721,True,CRIMINAL,SUSPECTED
SUPPORTING,0.920,True,AMBIGUOUS,CONFIRMED
SUPPORTING,0.826,True,CRIMINAL,SUSPECTED
SUPPORTING,0.821,True,MIXED,CONFIRMED
SUPPORTING,0.889,True,CRIMINAL,CONFIRMED
NEUTRAL,0.428,True,CRIMINAL,UNKNOWN
SUPPORTING,0.846,True,MIXED,SUSPECTED
CONTRADICTING,0.397,True,LEGITIMATE,FALSE
NEUTRAL,0.473,True,LEGITIMATE,UNKNOWN
NEUTRAL,0.432,True,MIXED,UNKNOWN
NEUTRAL,0.442,True,LEGITIMATE,UNKNOWN
SUPPORTING,0.858,True,MIXED,CONFIRMED
CONTRADICTING,0.196,True,AMBIGUOUS,FALSE
NEUTRAL,0.498,True,MIXED,UNKNOWN
SUPPORTING,0.946,True,MIXED,CONFIRMED
SUPPORTING,0.606,True,LEGITIMATE,SUSPECTED
SUPPORTING,0.706,True,MIXED,SUSPECTED
NEUTRAL,0.318,True,LEGITIMATE,UNKNOWN
SUPPORTING,0.721,True,AMBIGUOUS,SUSPECTED
CONTRADICTING,0.164,True,MIXED,FALSE
SUPPORTING,0.850,True,CRIMINAL,SUSPECTED
SUPPORTING,0.854,True,CRIMINAL,CONFIRMED
SUPPORTING,0.875,True,CRIMINAL,CONFIRMED
NEUTRAL,0.355,True,MIXED,UNKNOWN
SUPPORTING,0.850,True,MIXED,CONFIRMED
NEUTRAL,0.260,True,MIXED,UNKNOWN
NEUTRAL,0.234,True,AMBIGUOUS,UNKNOWN
CONTRADICTING,0.261,True,CRIMINAL,FALSE
SUPPORTING,0.955,True,MIXED,CONFIRMED
CONTRADICTING,0.192,True,CRIMINAL,FALSE
SUPPORTING,0.738,True,LEGITIMATE,SUSPECTED
CONTRADICTING,0.385,True,CRIMINAL,FALSE
NEUTRAL,0.299,True,CRIMINAL,UNKNOWN
SUPPORTING,0.689,True,MIXED,SUSPECTED
CONTRADICTING,0.321,True,LEGITIMATE,FALSE
CONTRADICTING,0.246,True,AMBIGUOUS,FALSE
SUPPORTING,0.956,True,MIXED,CONFIRMED
SUPPORTING,0.905,True,CRIMINAL,CONFIRMED
CONTRADICTING,0.415,True,LEGITIMATE,FALSE
SUPPORTING,0.692,True,CRIMINAL,SUSPECTED
SUPPORTING,0.593,True,LEGITIMATE,SUSPECTED
SUPPORTING,0.754,True,LEGITIMATE,SUSPECTED
SUPPORTING,0.943,True,LEGITIMATE,CONFIRMED
NEUTRAL,0.476,True,CRIMINAL,UNKNOWN
NEUTRAL,0.354,True,LEGITIMATE,UNKNOWN
NEUTRAL,0.512,True,LEGITIMATE,UNKNOWN
SUPPORTING,0.841,True,CRIMINAL,CONFIRMED
CONTRADICTING,0.392,True,CRIMINAL,FALSE
CONTRADICTING,0.167,True,CRIMINAL,FALSE
SUPPORTING,0.828,True,CRIMINAL,CONFIRMED
SUPPORTING,0.701,True,AMBIGUOUS,SUSPECTED
SUPPORTING,0.875,True,AMBIGUOUS,CONFIRMED
SUPPORTING,0.845,True,LEGITIMATE,CONFIRMED
NEUTRAL,0.423,True,LEGITIMATE,UNKNOWN
CONTRADICTING,0.237,True,LEGITIMATE,FALSE
SUPPORTING,0.885,True,MIXED,CONFIRMED
SUPPORTING,0.847,True,LEGITIMATE,CONFIRMED
NEUTRAL,0.348,True,AMBIGUOUS,UNKNOWN
SUPPORTING,0.913,True,CRIMINAL,CONFIRMED
SUPPORTING,0.704,True,LEGITIMATE,SUSPECTED
NEUTRAL,0.391,True,CRIMINAL,UNKNOWN
SUPPORTING,0.981,True,AMBIGUOUS,CONFIRMED
SUPPORTING,0.938,True,AMBIGUOUS,CONFIRMED
SUPPORTING,0.782,True,MIXED,SUSPECTED
NEUTRAL,0.306,True,CRIMINAL,UNKNOWN
SUPPORTING,0.744,True,CRIMINAL,SUSPECTED
NEUTRAL,0.315,True,LEGITIMATE,UNKNOWN
SUPPORTING,0.914,True,CRIMINAL,CONFIRMED
SUPPORTING,0.963,True,CRIMINAL,CONFIRMED
SUPPORTING,0.876,True,LEGITIMATE,CONFIRMED
SUPPORTING,0.648,True,MIXED,SUSPECTED
NEUTRAL,0.409,True,CRIMINAL,UNKNOWN
NEUTRAL,0.417,True,LEGITIMATE,UNKNOWN
CONTRADICTING,0.326,True,MIXED,FALSE
NEUTRAL,0.315,True,AMBIGUOUS,UNKNOWN
SUPPORTING,0.917,True,CRIMINAL,CONFIRMED
SUPPORTING,0.984,True,MIXED,CONFIRMED
SUPPORTING,0.944,True,MIXED,CONFIRMED
SUPPORTING,0.964,True,LEGITIMATE,CONFIRMED
SUPPORTING,0.817,True,LEGITIMATE,SUSPECTED
SUPPORTING,0.722,True,CRIMINAL,SUSPECTED
SUPPORTING,0.751,True,MIXED,SUSPECTED
CONTRADICTING,0.323,True,CRIMINAL,FALSE
SUPPORTING,0.662,True,MIXED,SUSPECTED
SUPPORTING,0.653,True,MIXED,SUSPECTED
SUPPORTING,0.690,True,CRIMINAL,SUSPECTED
SUPPORTING,0.863,True,CRIMINAL,CONFIRMED
SUPPORTING,0.609,True,MIXED,SUSPECTED
NEUTRAL,0.499,True,AMBIGUOUS,UNKNOWN
SUPPORTING,0.987,True,CRIMINAL,CONFIRMED
SUPPORTING,0.883,True,CRIMINAL,CONFIRMED
NEUTRAL,0.297,True,CRIMINAL,UNKNOWN
NEUTRAL,0.533,True,CRIMINAL,UNKNOWN
NEUTRAL,0.353,True,MIXED,UNKNOWN
SUPPORTING,0.665,True,MIXED,SUSPECTED
NEUTRAL,0.277,True,CRIMINAL,UNKNOWN
SUPPORTING,0.700,True,CRIMINAL,SUSPECTED
NEUTRAL,0.535,True,AMBIGUOUS,UNKNOWN
CONTRADICTING,0.164,True,LEGITIMATE,FALSE
SUPPORTING,0.849,True,MIXED,SUSPECTED
SUPPORTING,0.845,True,CRIMINAL,CONFIRMED
SUPPORTING,0.904,True,CRIMINAL,CONFIRMED
CONTRADICTING,0.123,True,MIXED,FALSE
SUPPORTING,0.822,True,MIXED,SUSPECTED
CONTRADICTING,0.323,True,CRIMINAL,FALSE
SUPPORTING,0.866,True,AMBIGUOUS,CONFIRMED
NEUTRAL,0.211,True,AMBIGUOUS,UNKNOWN
SUPPORTING,0.857,True,CRIMINAL,CONFIRMED
SUPPORTING,0.609,True,CRIMINAL,SUSPECTED
SUPPORTING,0.855,True,MIXED,SUSPECTED
SUPPORTING,0.944,True,CRIMINAL,CONFIRMED
SUPPORTING,0.743,True,CRIMINAL,SUSPECTED
NEUTRAL,0.223,True,LEGITIMATE,UNKNOWN
SUPPORTING,0.581,True,LEGITIMATE,SUSPECTED
SUPPORTING,0.768,True,CRIMINAL,SUSPECTED
SUPPORTING,0.926,True,MIXED,CONFIRMED
CONTRADICTING,0.371,True,LEGITIMATE,FALSE
SUPPORTING,0.880,True,CRIMINAL,CONFIRMED
NEUTRAL,0.371,True,CRIMINAL,UNKNOWN
NEUTRAL,0.410,True,AMBIGUOUS,UNKNOWN
NEUTRAL,0.337,True,AMBIGUOUS,UNKNOWN
NEUTRAL,0.275,True,LEGITIMATE,UNKNOWN
CONTRADICTING,0.263,True,MIXED,FALSE
SUPPORTING,0.859,True,CRIMINAL,SUSPECTED
SUPPORTING,0.867,True,CRIMINAL,CONFIRMED
CONTRADICTING,0.211,True,CRIMINAL,FALSE
NEUTRAL,0.242,True,AMBIGUOUS,UNKNOWN
NEUTRAL,0.491,True,LEGITIMATE,UNKNOWN
SUPPORTING,0.656,True,CRIMINAL,SUSPECTED
CONTRADICTING,0.379,True,LEGITIMATE,FALSE
SUPPORTING,0.885,True,CRIMINAL,CONFIRMED
SUPPORTING,0.873,True,CRIMINAL,CONFIRMED
NEUTRAL,0.333,True,CRIMINAL,UNKNOWN
SUPPORTING,0.815,True,CRIMINAL,SUSPECTED
SUPPORTING,0.830,True,CRIMINAL,SUSPECTED
SUPPORTING,0.668,True,AMBIGUOUS,SUSPECTED
SUPPORTING,0.805,True,AMBIGUOUS,SUSPECTED
CONTRADICTING,0.289,True,LEGITIMATE,FALSE
SUPPORTING,0.823,True,CRIMINAL,SUSPECTED
NEUTRAL,0.355,True,MIXED,UNKNOWN
NEUTRAL,0.457,True,AMBIGUOUS,UNKNOWN
SUPPORTING,0.701,True,MIXED,SUSPECTED
CONTRADICTING,0.361,True,CRIMINAL,FALSE
SUPPORTING,0.842,True,CRIMINAL,SUSPECTED
SUPPORTING,0.604,True,MIXED,SUSPECTED
CONTRADICTING,0.269,True,CRIMINAL,FALSE
SUPPORTING,0.961,True,CRIMINAL,CONFIRMED
SUPPORTING,0.733,True,CRIMINAL,SUSPECTED
SUPPORTING,0.783,True,LEGITIMATE,SUSPECTED
CONTRADICTING,0.407,True,LEGITIMATE,FALSE
NEUTRAL,0.361,True,AMBIGUOUS,UNKNOWN
NEUTRAL,0.427,True,AMBIGUOUS,UNKNOWN
SUPPORTING,0.821,True,MIXED,CONFIRMED
CONTRADICTING,0.248,True,LEGITIMATE,FALSE
SUPPORTING,0.855,True,CRIMINAL,CONFIRMED
SUPPORTING,0.833,True,CRIMINAL,CONFIRMED
SUPPORTING,0.972,True,CRIMINAL,CONFIRMED
NEUTRAL,0.317,True,LEGITIMATE,UNKNOWN
SUPPORTING,0.927,True,MIXED,CONFIRMED
NEUTRAL,0.318,True,CRIMINAL,UNKNOWN
SUPPORTING,0.688,True,CRIMINAL,SUSPECTED
NEUTRAL,0.460,True,LEGITIMATE,UNKNOWN
NEUTRAL,0.203,True,LEGITIMATE,UNKNOWN
CONTRADICTING,0.386,True,LEGITIMATE,FALSE
SUPPORTING,0.854,True,LEGITIMATE,CONFIRMED
SUPPORTING,0.689,True,AMBIGUOUS,SUSPECTED
SUPPORTING,0.678,True,MIXED,SUSPECTED
SUPPORTING,0.847,True,CRIMINAL,CONFIRMED
SUPPORTING,0.913,True,MIXED,CONFIRMED
SUPPORTING,0.835,True,MIXED,CONFIRMED
SUPPORTING,0.961,True,CRIMINAL,CONFIRMED
NEUTRAL,0.490,True,AMBIGUOUS,UNKNOWN
SUPPORTING,0.961,True,CRIMINAL,CONFIRMED
CONTRADICTING,0.134,True,LEGITIMATE,FALSE
CONTRADICTING,0.143,True,MIXED,FALSE
SUPPORTING,0.957,True,LEGITIMATE,CONFIRMED
SUPPORTING,0.733,True,CRIMINAL,SUSPECTED
SUPPORTING,0.918,True,AMBIGUOUS,CONFIRMED
SUPPORTING,0.793,True,CRIMINAL,SUSPECTED
SUPPORTING,0.814,True,CRIMINAL,SUSPECTED
SUPPORTING,0.622,True,AMBIGUOUS,SUSPECTED
SUPPORTING,0.589,True,LEGITIMATE,SUSPECTED
NEUTRAL,0.466,True,MIXED,UNKNOWN
SUPPORTING,0.641,True,LEGITIMATE,SUSPECTED
NEUTRAL,0.525,True,AMBIGUOUS,UNKNOWN
CONTRADICTING,0.358,True,LEGITIMATE,FALSE
NEUTRAL,0.453,True,CRIMINAL,UNKNOWN
NEUTRAL,0.207,True,MIXED,UNKNOWN
SUPPORTING,0.629,True,AMBIGUOUS,SUSPECTED
CONTRADICTING,0.380,True,MIXED,FALSE
CONTRADICTING,0.134,True,MIXED,FALSE
SUPPORTING,0.656,True,LEGITIMATE,SUSPECTED
CONTRADICTING,0.233,True,LEGITIMATE,FALSE
SUPPORTING,0.739,True,CRIMINAL,SUSPECTED
CONTRADICTING,0.415,True,CRIMINAL,FALSE
NEUTRAL,0.257,True,LEGITIMATE,UNKNOWN
CONTRADICTING,0.248,True,LEGITIMATE,FALSE
NEUTRAL,0.228,True,CRIMINAL,UNKNOWN
CONTRADICTING,0.299,True,AMBIGUOUS,FALSE
CONTRADICTING,0.166,True,CRIMINAL,FALSE
SUPPORTING,0.969,True,MIXED,CONFIRMED
SUPPORTING,0.651,True,AMBIGUOUS,SUSPECTED
SUPPORTING,0.754,True,MIXED,SUSPECTED
SUPPORTING,0.834,True,MIXED,SUSPECTED
SUPPORTING,0.752,True,CRIMINAL,SUSPECTED
SUPPORTING,0.745,True,CRIMINAL,SUSPECTED
SUPPORTING,0.977,True,MIXED,CONFIRMED
NEUTRAL,0.434,True,LEGITIMATE,UNKNOWN
NEUTRAL,0.395,True,MIXED,UNKNOWN
CONTRADICTING,0.282,True,LEGITIMATE,FALSE
NEUTRAL,0.327,True,MIXED,UNKNOWN
SUPPORTING,0.815,True,MIXED,SUSPECTED
CONTRADICTING,0.190,True,AMBIGUOUS,FALSE
SUPPORTING,0.720,True,MIXED,SUSPECTED
CONTRADICTING,0.179,True,MIXED,FALSE
NEUTRAL,0.268,True,CRIMINAL,UNKNOWN
NEUTRAL,0.500,True,MIXED,UNKNOWN
SUPPORTING,0.721,True,CRIMINAL,SUSPECTED
CONTRADICTING,0.183,True,LEGITIMATE,FALSE
SUPPORTING,0.864,True,LEGITIMATE,CONFIRMED
SUPPORTING,0.866,True,CRIMINAL,CONFIRMED
SUPPORTING,0.799,True,MIXED,SUSPECTED
NEUTRAL,0.451,True,MIXED,UNKNOWN
NEUTRAL,0.494,True,CRIMINAL,UNKNOWN
NEUTRAL,0.528,True,LEGITIMATE,UNKNOWN
CONTRADICTING,0.232,True,MIXED,FALSE
SUPPORTING,0.969,True,CRIMINAL,CONFIRMED
SUPPORTING,0.819,True,MIXED,SUSPECTED
NEUTRAL,0.252,True,AMBIGUOUS,UNKNOWN
SUPPORTING,0.625,True,AMBIGUOUS,SUSPECTED
CONTRADICTING,0.253,True,CRIMINAL,FALSE
NEUTRAL,0.476,True,MIXED,UNKNOWN
SUPPORTING,0.698,True,CRIMINAL,SUSPECTED
SUPPORTING,0.943,True,MIXED,CONFIRMED
SUPPORTING,0.641,True,AMBIGUOUS,SUSPECTED
SUPPORTING,0.936,True,LEGITIMATE,CONFIRMED
SUPPORTING,0.681,True,MIXED,SUSPECTED
SUPPORTING,0.724,True,MIXED,SUSPECTED
SUPPORTING,0.745,True,AMBIGUOUS,SUSPECTED
SUPPORTING,0.867,True,CRIMINAL,CONFIRMED
NEUTRAL,0.368,True,MIXED,UNKNOWN
SUPPORTING,0.879,True,CRIMINAL,CONFIRMED
NEUTRAL,0.385,True,MIXED,UNKNOWN
NEUTRAL,0.356,True,CRIMINAL,UNKNOWN
SUPPORTING,0.930,True,CRIMINAL,CONFIRMED
NEUTRAL,0.248,True,AMBIGUOUS,UNKNOWN
SUPPORTING,0.662,True,MIXED,SUSPECTED
SUPPORTING,0.855,True,LEGITIMATE,SUSPECTED
NEUTRAL,0.347,True,LEGITIMATE,UNKNOWN
CONTRADICTING,0.200,True,LEGITIMATE,FALSE
NEUTRAL,0.385,True,CRIMINAL,UNKNOWN
CONTRADICTING,0.335,True,CRIMINAL,FALSE
NEUTRAL,0.380,True,LEGITIMATE,UNKNOWN
NEUTRAL,0.263,True,LEGITIMATE,UNKNOWN
SUPPORTING,0.891,True,CRIMINAL,CONFIRMED
SUPPORTING,0.981,True,CRIMINAL,CONFIRMED
CONTRADICTING,0.156,True,AMBIGUOUS,FALSE
CONTRADICTING,0.189,True,MIXED,FALSE
SUPPORTING,0.750,True,MIXED,SUSPECTED
NEUTRAL,0.311,True,CRIMINAL,UNKNOWN
SUPPORTING,0.990,True,CRIMINAL,CONFIRMED
CONTRADICTING,0.129,True,AMBIGUOUS,FALSE
SUPPORTING,0.728,True,CRIMINAL,SUSPECTED
SUPPORTING,0.889,True,CRIMINAL,CONFIRMED
NEUTRAL,0.242,True,AMBIGUOUS,UNKNOWN
SUPPORTING,0.762,True,AMBIGUOUS,SUSPECTED
NEUTRAL,0.309,True,CRIMINAL,UNKNOWN
CONTRADICTING,0.162,True,CRIMINAL,FALSE
SUPPORTING,0.834,True,AMBIGUOUS,CONFIRMED
NEUTRAL,0.541,True,AMBIGUOUS,UNKNOWN
SUPPORTING,0.603,True,AMBIGUOUS,SUSPECTED
NEUTRAL,0.233,True,MIXED,UNKNOWN
CONTRADICTING,0.332,True,CRIMINAL,FALSE
CONTRADICTING,0.300,True,MIXED,FALSE
SUPPORTING,0.850,True,LEGITIMATE,CONFIRMED
NEUTRAL,0.523,True,LEGITIMATE,UNKNOWN
SUPPORTING,0.952,True,CRIMINAL,CONFIRMED
SUPPORTING,0.764,True,CRIMINAL,SUSPECTED
SUPPORTING,0.671,True,LEGITIMATE,SUSPECTED
NEUTRAL,0.324,True,CRIMINAL,UNKNOWN
NEUTRAL,0.474,True,CRIMINAL,UNKNOWN
SUPPORTING,0.598,True,CRIMINAL,SUSPECTED
SUPPORTING,0.961,True,LEGITIMATE,CONFIRMED
SUPPORTING,0.740,True,CRIMINAL,SUSPECTED
NEUTRAL,0.263,True,CRIMINAL,UNKNOWN
SUPPORTING,0.826,True,CRIMINAL,SUSPECTED
SUPPORTING,0.958,True,CRIMINAL,CONFIRMED
NEUTRAL,0.470,True,AMBIGUOUS,UNKNOWN
SUPPORTING,0.891,True,LEGITIMATE,CONFIRMED
NEUTRAL,0.298,True,LEGITIMATE,UNKNOWN
SUPPORTING,0.885,True,LEGITIMATE,CONFIRMED
SUPPORTING,0.639,True,CRIMINAL,SUSPECTED
NEUTRAL,0.204,True,CRIMINAL,UNKNOWN
SUPPORTING,0.599,True,MIXED,SUSPECTED
SUPPORTING,0.832,True,CRIMINAL,SUSPECTED
SUPPORTING,0.635,True,LEGITIMATE,SUSPECTED
CONTRADICTING,0.408,True,AMBIGUOUS,FALSE
CONTRADICTING,0.394,True,LEGITIMATE,FALSE
SUPPORTING,0.984,True,CRIMINAL,CONFIRMED
SUPPORTING,0.859,True,CRIMINAL,CONFIRMED
NEUTRAL,0.210,True,CRIMINAL,UNKNOWN
SUPPORTING,0.864,True,LEGITIMATE,CONFIRMED
NEUTRAL,0.260,True,CRIMINAL,UNKNOWN
SUPPORTING,0.983,True,LEGITIMATE,CONFIRMED
CONTRADICTING,0.127,True,CRIMINAL,FALSE
SUPPORTING,0.942,True,MIXED,CONFIRMED
CONTRADICTING,0.121,True,LEGITIMATE,FALSE
SUPPORTING,0.887,True,CRIMINAL,CONFIRMED
SUPPORTING,0.827,True,CRIMINAL,SUSPECTED
NEUTRAL,0.235,True,MIXED,UNKNOWN
CONTRADICTING,0.359,True,CRIMINAL,FALSE
NEUTRAL,0.527,True,CRIMINAL,UNKNOWN
SUPPORTING,0.860,True,LEGITIMATE,CONFIRMED
SUPPORTING,0.824,True,LEGITIMATE,SUSPECTED
SUPPORTING,0.859,True,CRIMINAL,CONFIRMED
SUPPORTING,0.825,True,LEGITIMATE,CONFIRMED
SUPPORTING,0.830,True,MIXED,SUSPECTED
SUPPORTING,0.886,True,LEGITIMATE,CONFIRMED
SUPPORTING,0.819,True,CRIMINAL,SUSPECTED
SUPPORTING,0.685,True,MIXED,SUSPECTED
SUPPORTING,0.907,True,CRIMINAL,CONFIRMED
SUPPORTING,0.979,True,CRIMINAL,CONFIRMED
SUPPORTING,0.805,True,CRIMINAL,SUSPECTED
NEUTRAL,0.503,True,CRIMINAL,UNKNOWN
NEUTRAL,0.338,True,LEGITIMATE,UNKNOWN
NEUTRAL,0.263,True,MIXED,UNKNOWN
SUPPORTING,0.782,True,MIXED,SUSPECTED
SUPPORTING,0.943,True,AMBIGUOUS,CONFIRMED
SUPPORTING,0.768,True,LEGITIMATE,SUSPECTED
SUPPORTING,0.713,True,CRIMINAL,SUSPECTED
SUPPORTING,0.783,True,AMBIGUOUS,SUSPECTED
CONTRADICTING,0.394,True,CRIMINAL,FALSE
NEUTRAL,0.363,True,CRIMINAL,UNKNOWN
SUPPORTING,0.622,True,MIXED,SUSPECTED
SUPPORTING,0.616,True,MIXED,SUSPECTED
SUPPORTING,0.752,True,LEGITIMATE,SUSPECTED
CONTRADICTING,0.318,True,LEGITIMATE,FALSE
CONTRADICTING,0.303,True,LEGITIMATE,FALSE
NEUTRAL,0.202,True,MIXED,UNKNOWN
SUPPORTING,0.960,True,MIXED,CONFIRMED
NEUTRAL,0.495,True,AMBIGUOUS,UNKNOWN
SUPPORTING,0.681,True,MIXED,SUSPECTED
SUPPORTING,0.852,True,CRIMINAL,SUSPECTED
NEUTRAL,0.347,True,AMBIGUOUS,UNKNOWN
SUPPORTING,0.679,True,CRIMINAL,SUSPECTED
SUPPORTING,0.968,True,LEGITIMATE,CONFIRMED
SUPPORTING,0.668,True,CRIMINAL,SUSPECTED
CONTRADICTING,0.203,True,CRIMINAL,FALSE
CONTRADICTING,0.399,True,CRIMINAL,FALSE
NEUTRAL,0.252,True,CRIMINAL,UNKNOWN
CONTRADICTING,0.257,True,MIXED,FALSE
SUPPORTING,0.653,True,CRIMINAL,SUSPECTED
SUPPORTING,0.910,True,AMBIGUOUS,CONFIRMED
SUPPORTING,0.855,True,MIXED,CONFIRMED
SUPPORTING,0.981,True,MIXED,CONFIRMED
CONTRADICTING,0.289,True,LEGITIMATE,FALSE
CONTRADICTING,0.175,True,CRIMINAL,FALSE
SUPPORTING,0.825,True,CRIMINAL,CONFIRMED
CONTRADICTING,0.225,True,LEGITIMATE,FALSE
SUPPORTING,0.885,True,CRIMINAL,CONFIRMED
SUPPORTING,0.854,True,MIXED,SUSPECTED
SUPPORTING,0.961,True,CRIMINAL,CONFIRMED
SUPPORTING,0.855,True,CRIMINAL,CONFIRMED
SUPPORTING,0.800,True,AMBIGUOUS,SUSPECTED
SUPPORTING,0.891,True,CRIMINAL,CONFIRMED
NEUTRAL,0.263,True,MIXED,UNKNOWN
SUPPORTING,0.669,True,CRIMINAL,SUSPECTED
CONTRADICTING,0.128,True,MIXED,FALSE
SUPPORTING,0.642,True,LEGITIMATE,SUSPECTED
SUPPORTING,0.814,True,LEGITIMATE,SUSPECTED
SUPPORTING,0.977,True,MIXED,CONFIRMED
SUPPORTING,0.917,True,AMBIGUOUS,CONFIRMED
SUPPORTING,0.634,True,CRIMINAL,SUSPECTED
NEUTRAL,0.205,True,CRIMINAL,UNKNOWN
NEUTRAL,0.319,True,MIXED,UNKNOWN
NEUTRAL,0.321,True,LEGITIMATE,UNKNOWN
CONTRADICTING,0.205,True,AMBIGUOUS,FALSE
SUPPORTING,0.923,True,CRIMINAL,CONFIRMED
NEUTRAL,0.243,True,MIXED,UNKNOWN
SUPPORTING,0.699,True,MIXED,SUSPECTED
SUPPORTING,0.767,True,CRIMINAL,SUSPECTED
NEUTRAL,0.223,True,AMBIGUOUS,UNKNOWN
SUPPORTING,0.936,True,AMBIGUOUS,CONFIRMED
SUPPORTING,0.806,True,AMBIGUOUS,SUSPECTED
SUPPORTING,0.608,True,MIXED,SUSPECTED
SUPPORTING,0.923,True,AMBIGUOUS,CONFIRMED
SUPPORTING,0.666,True,CRIMINAL,SUSPECTED
NEUTRAL,0.351,True,MIXED,UNKNOWN
SUPPORTING,0.747,True,CRIMINAL,SUSPECTED
SUPPORTING,0.915,True,CRIMINAL,CONFIRMED
SUPPORTING,0.845,True,AMBIGUOUS,CONFIRMED
NEUTRAL,0.332,True,LEGITIMATE,UNKNOWN
SUPPORTING,0.868,True,CRIMINAL,CONFIRMED
SUPPORTING,0.840,True,MIXED,CONFIRMED
SUPPORTING,0.926,True,CRIMINAL,CONFIRMED
SUPPORTING,0.817,True,AMBIGUOUS,SUSPECTED
SUPPORTING,0.917,True,AMBIGUOUS,CONFIRMED
SUPPORTING,0.846,True,MIXED,CONFIRMED
SUPPORTING,0.848,True,CRIMINAL,CONFIRMED
SUPPORTING,0.839,True,LEGITIMATE,SUSPECTED
NEUTRAL,0.438,True,CRIMINAL,UNKNOWN
SUPPORTING,0.820,True,CRIMINAL,SUSPECTED
SUPPORTING,0.635,True,LEGITIMATE,SUSPECTED
CONTRADICTING,0.355,True,CRIMINAL,FALSE
SUPPORTING,0.888,True,AMBIGUOUS,CONFIRMED
CONTRADICTING,0.360,True,AMBIGUOUS,FALSE
SUPPORTING,0.815,True,CRIMINAL,SUSPECTED
SUPPORTING,0.821,True,MIXED,SUSPECTED
CONTRADICTING,0.330,True,CRIMINAL,FALSE
SUPPORTING,0.787,True,CRIMINAL,SUSPECTED
SUPPORTING,0.827,True,LEGITIMATE,SUSPECTED
SUPPORTING,0.943,True,MIXED,CONFIRMED
SUPPORTING,0.960,True,CRIMINAL,CONFIRMED
NEUTRAL,0.326,True,MIXED,UNKNOWN
SUPPORTING,0.677,True,CRIMINAL,SUSPECTED
CONTRADICTING,0.129,True,CRIMINAL,FALSE
SUPPORTING,0.919,True,MIXED,CONFIRMED
NEUTRAL,0.245,True,AMBIGUOUS,UNKNOWN
CONTRADICTING,0.298,True,CRIMINAL,FALSE
CONTRADICTING,0.178,True,LEGITIMATE,FALSE
NEUTRAL,0.337,True,AMBIGUOUS,UNKNOWN
CONTRADICTING,0.146,True,CRIMINAL,FALSE
SUPPORTING,0.950,True,AMBIGUOUS,CONFIRMED
SUPPORTING,0.784,True,CRIMINAL,SUSPECTED
CONTRADICTING,0.401,True,LEGITIMATE,FALSE
CONTRADICTING,0.193,True,CRIMINAL,FALSE
SUPPORTING,0.819,True,CRIMINAL,SUSPECTED
NEUTRAL,0.490,True,AMBIGUOUS,UNKNOWN
SUPPORTING,0.971,True,AMBIGUOUS,CONFIRMED
NEUTRAL,0.415,True,MIXED,UNKNOWN
NEUTRAL,0.423,True,LEGITIMATE,UNKNOWN
SUPPORTING,0.950,True,MIXED,CONFIRMED
SUPPORTING,0.618,True,MIXED,SUSPECTED
NEUTRAL,0.405,True,MIXED,UNKNOWN
SUPPORTING,0.810,True,CRIMINAL,SUSPECTED
CONTRADICTING,0.305,True,LEGITIMATE,FALSE
SUPPORTING,0.889,True,CRIMINAL,CONFIRMED
CONTRADICTING,0.228,True,MIXED,FALSE
SUPPORTING,0.673,True,CRIMINAL,SUSPECTED
SUPPORTING,0.936,True,MIXED,CONFIRMED
SUPPORTING,0.853,True,CRIMINAL,SUSPECTED
SUPPORTING,0.938,True,CRIMINAL,CONFIRMED
SUPPORTING,0.646,True,MIXED,SUSPECTED
NEUTRAL,0.535,True,LEGITIMATE,UNKNOWN
SUPPORTING,0.930,True,MIXED,CONFIRMED
SUPPORTING,0.584,True,MIXED,SUSPECTED
CONTRADICTING,0.268,True,CRIMINAL,FALSE
SUPPORTING,0.612,True,CRIMINAL,SUSPECTED
SUPPORTING,0.827,True,MIXED,SUSPECTED
NEUTRAL,0.385,True,CRIMINAL,UNKNOWN
NEUTRAL,0.344,True,CRIMINAL,UNKNOWN
SUPPORTING,0.715,True,MIXED,SUSPECTED
SUPPORTING,0.852,True,AMBIGUOUS,SUSPECTED
SUPPORTING,0.763,True,AMBIGUOUS,SUSPECTED
NEUTRAL,0.352,True,AMBIGUOUS,UNKNOWN
SUPPORTING,0.589,True,AMBIGUOUS,SUSPECTED
SUPPORTING,0.986,True,MIXED,CONFIRMED
SUPPORTING,0.731,True,MIXED,SUSPECTED
NEUTRAL,0.253,True,CRIMINAL,UNKNOWN
SUPPORTING,0.955,True,LEGITIMATE,CONFIRMED
SUPPORTING,0.694,True,CRIMINAL,SUSPECTED
CONTRADICTING,0.414,True,AMBIGUOUS,FALSE
NEUTRAL,0.547,True,LEGITIMATE,UNKNOWN
CONTRADICTING,0.337,True,LEGITIMATE,FALSE
CONTRADICTING,0.288,True,LEGITIMATE,FALSE
SUPPORTING,0.829,True,CRIMINAL,SUSPECTED
SUPPORTING,0.785,True,CRIMINAL,SUSPECTED
SUPPORTING,0.691,True,CRIMINAL,SUSPECTED
CONTRADICTING,0.369,True,MIXED,FALSE
NEUTRAL,0.391,True,LEGITIMATE,UNKNOWN
SUPPORTING,0.724,True,MIXED,SUSPECTED
SUPPORTING,0.641,True,AMBIGUOUS,SUSPECTED
SUPPORTING,0.844,True,LEGITIMATE,CONFIRMED
NEUTRAL,0.381,True,LEGITIMATE,UNKNOWN
CONTRADICTING,0.218,True,MIXED,FALSE
NEUTRAL,0.285,True,LEGITIMATE,UNKNOWN
SUPPORTING,0.946,True,MIXED,CONFIRMED
SUPPORTING,0.642,True,CRIMINAL,SUSPECTED
SUPPORTING,0.954,True,CRIMINAL,CONFIRMED
CONTRADICTING,0.381,True,AMBIGUOUS,FALSE
SUPPORTING,0.962,True,LEGITIMATE,CONFIRMED
SUPPORTING,0.833,True,CRIMINAL,CONFIRMED
NEUTRAL,0.325,True,CRIMINAL,UNKNOWN
CONTRADICTING,0.267,True,MIXED,FALSE
SUPPORTING,0.701,True,CRIMINAL,SUSPECTED
CONTRADICTING,0.311,True,LEGITIMATE,FALSE
SUPPORTING,0.582,True,CRIMINAL,SUSPECTED
SUPPORTING,0.795,True,LEGITIMATE,SUSPECTED
SUPPORTING,0.798,True,MIXED,SUSPECTED
NEUTRAL,0.264,True,AMBIGUOUS,UNKNOWN
SUPPORTING,0.780,True,CRIMINAL,SUSPECTED
NEUTRAL,0.413,True,MIXED,UNKNOWN
SUPPORTING,0.889,True,CRIMINAL,CONFIRMED
SUPPORTING,0.884,True,CRIMINAL,CONFIRMED
NEUTRAL,0.228,True,CRIMINAL,UNKNOWN
NEUTRAL,0.416,True,LEGITIMATE,UNKNOWN
SUPPORTING,0.663,True,CRIMINAL,SUSPECTED
SUPPORTING,0.857,True,MIXED,CONFIRMED
NEUTRAL,0.425,True,AMBIGUOUS,UNKNOWN
CONTRADICTING,0.241,True,CRIMINAL,FALSE
SUPPORTING,0.849,True,CRIMINAL,SUSPECTED
SUPPORTING,0.895,True,CRIMINAL,CONFIRMED
NEUTRAL,0.360,True,CRIMINAL,UNKNOWN
NEUTRAL,0.349,True,AMBIGUOUS,UNKNOWN
SUPPORTING,0.803,True,MIXED,SUSPECTED
SUPPORTING,0.805,True,AMBIGUOUS,SUSPECTED
NEUTRAL,0.280,True,LEGITIMATE,UNKNOWN
SUPPORTING,0.753,True,MIXED,SUSPECTED
CONTRADICTING,0.405,True,AMBIGUOUS,FALSE
SUPPORTING,0.851,True,LEGITIMATE,SUSPECTED
NEUTRAL,0.398,True,MIXED,UNKNOWN
NEUTRAL,0.541,True,AMBIGUOUS,UNKNOWN
SUPPORTING,0.632,True,MIXED,SUSPECTED
SUPPORTING,0.903,True,LEGITIMATE,CONFIRMED
SUPPORTING,0.837,True,MIXED,SUSPECTED
CONTRADICTING,0.305,True,MIXED,FALSE
SUPPORTING,0.852,True,CRIMINAL,SUSPECTED
CONTRADICTING,0.311,True,MIXED,FALSE
SUPPORTING,0.828,True,AMBIGUOUS,SUSPECTED
SUPPORTING,0.828,True,CRIMINAL,CONFIRMED
SUPPORTING,0.828,True,CRIMINAL,SUSPECTED
CONTRADICTING,0.175,True,LEGITIMATE,FALSE
SUPPORTING,0.768,True,CRIMINAL,SUSPECTED
NEUTRAL,0.255,True,MIXED,UNKNOWN
SUPPORTING,0.668,True,MIXED,SUSPECTED
SUPPORTING,0.885,True,CRIMINAL,CONFIRMED
NEUTRAL,0.421,True,CRIMINAL,UNKNOWN
SUPPORTING,0.693,True,CRIMINAL,SUSPECTED
SUPPORTING,0.986,True,AMBIGUOUS,CONFIRMED
SUPPORTING,0.928,True,CRIMINAL,CONFIRMED
SUPPORTING,0.593,True,CRIMINAL,SUSPECTED
SUPPORTING,0.941,True,CRIMINAL,CONFIRMED
CONTRADICTING,0.202,True,LEGITIMATE,FALSE
SUPPORTING,0.831,True,CRIMINAL,CONFIRMED
NEUTRAL,0.461,True,CRIMINAL,UNKNOWN
SUPPORTING,0.897,True,CRIMINAL,CONFIRMED
SUPPORTING,0.834,True,CRIMINAL,SUSPECTED
NEUTRAL,0.293,True,CRIMINAL,UNKNOWN
CONTRADICTING,0.346,True,CRIMINAL,FALSE
SUPPORTING,0.914,True,CRIMINAL,CONFIRMED
NEUTRAL,0.289,True,CRIMINAL,UNKNOWN
SUPPORTING,0.649,True,CRIMINAL,SUSPECTED
NEUTRAL,0.359,True,AMBIGUOUS,UNKNOWN
SUPPORTING,0.630,True,CRIMINAL,SUSPECTED
NEUTRAL,0.486,True,CRIMINAL,UNKNOWN
SUPPORTING,0.825,True,CRIMINAL,CONFIRMED
CONTRADICTING,0.194,True,AMBIGUOUS,FALSE
SUPPORTING,0.983,True,CRIMINAL,CONFIRMED
SUPPORTING,0.825,True,CRIMINAL,CONFIRMED
NEUTRAL,0.268,True,LEGITIMATE,UNKNOWN
SUPPORTING,0.902,True,CRIMINAL,CONFIRMED
CONTRADICTING,0.380,True,AMBIGUOUS,FALSE
SUPPORTING,0.847,True,AMBIGUOUS,CONFIRMED
NEUTRAL,0.236,True,AMBIGUOUS,UNKNOWN
NEUTRAL,0.544,True,CRIMINAL,UNKNOWN
CONTRADICTING,0.401,True,CRIMINAL,FALSE
SUPPORTING,0.853,True,LEGITIMATE,CONFIRMED
SUPPORTING,0.935,True,MIXED,CONFIRMED
SUPPORTING,0.782,True,MIXED,SUSPECTED
SUPPORTING,0.745,True,CRIMINAL,SUSPECTED
SUPPORTING,0.766,True,AMBIGUOUS,SUSPECTED
SUPPORTING,0.887,True,CRIMINAL,CONFIRMED
SUPPORTING,0.706,True,CRIMINAL,SUSPECTED
SUPPORTING,0.964,True,CRIMINAL,CONFIRMED
SUPPORTING,0.880,True,MIXED,CONFIRMED
NEUTRAL,0.220,True,MIXED,UNKNOWN
CONTRADICTING,0.164,True,LEGITIMATE,FALSE
SUPPORTING,0.633,True,CRIMINAL,SUSPECTED
SUPPORTING,0.674,True,LEGITIMATE,SUSPECTED
SUPPORTING,0.744,True,LEGITIMATE,SUSPECTED
SUPPORTING,0.876,True,MIXED,CONFIRMED
SUPPORTING,0.831,True,CRIMINAL,CONFIRMED
SUPPORTING,0.748,True,CRIMINAL,SUSPECTED
NEUTRAL,0.387,True,CRIMINAL,UNKNOWN
SUPPORTING,0.818,True,MIXED,SUSPECTED
SUPPORTING,0.827,True,MIXED,SUSPECTED
NEUTRAL,0.422,True,CRIMINAL,UNKNOWN
SUPPORTING,0.985,True,LEGITIMATE,CONFIRMED
NEUTRAL,0.444,True,AMBIGUOUS,UNKNOWN
SUPPORTING,0.875,True,CRIMINAL,CONFIRMED
NEUTRAL,0.375,True,CRIMINAL,UNKNOWN
SUPPORTING,0.942,True,CRIMINAL,CONFIRMED
NEUTRAL,0.390,True,MIXED,UNKNOWN
SUPPORTING,0.635,True,MIXED,SUSPECTED
SUPPORTING,0.910,True,CRIMINAL,CONFIRMED
SUPPORTING,0.650,True,CRIMINAL,SUSPECTED
SUPPORTING,0.873,True,CRIMINAL,CONFIRMED
SUPPORTING,0.813,True,MIXED,SUSPECTED
CONTRADICTING,0.132,True,MIXED,FALSE
SUPPORTING,0.751,True,AMBIGUOUS,SUSPECTED
SUPPORTING,0.902,True,CRIMINAL,CONFIRMED
SUPPORTING,0.788,True,CRIMINAL,SUSPECTED
CONTRADICTING,0.186,True,MIXED,FALSE
SUPPORTING,0.899,True,LEGITIMATE,CONFIRMED
NEUTRAL,0.414,True,AMBIGUOUS,UNKNOWN
CONTRADICTING,0.325,True,LEGITIMATE,FALSE
SUPPORTING,0.878,True,LEGITIMATE,CONFIRMED
SUPPORTING,0.671,True,LEGITIMATE,SUSPECTED
NEUTRAL,0.486,True,LEGITIMATE,UNKNOWN
SUPPORTING,0.635,True,LEGITIMATE,SUSPECTED
SUPPORTING,0.850,True,MIXED,CONFIRMED
NEUTRAL,0.265,True,MIXED,UNKNOWN
NEUTRAL,0.376,True,CRIMINAL,UNKNOWN
SUPPORTING,0.888,True,CRIMINAL,CONFIRMED
SUPPORTING,0.990,True,LEGITIMATE,CONFIRMED
SUPPORTING,0.896,True,CRIMINAL,CONFIRMED
SUPPORTING,0.758,True,AMBIGUOUS,SUSPECTED
SUPPORTING,0.655,True,MIXED,SUSPECTED
CONTRADICTING,0.171,True,AMBIGUOUS,FALSE
SUPPORTING,0.680,True,MIXED,SUSPECTED
SUPPORTING,0.884,True,AMBIGUOUS,CONFIRMED
NEUTRAL,0.388,True,CRIMINAL,UNKNOWN
SUPPORTING,0.754,True,MIXED,SUSPECTED
SUPPORTING,0.932,True,MIXED,CONFIRMED
SUPPORTING,0.961,True,LEGITIMATE,CONFIRMED
SUPPORTING,0.703,True,CRIMINAL,SUSPECTED
SUPPORTING,0.606,True,MIXED,SUSPECTED
NEUTRAL,0.224,True,LEGITIMATE,UNKNOWN
SUPPORTING,0.981,True,CRIMINAL,CONFIRMED
SUPPORTING,0.830,True,MIXED,SUSPECTED
CONTRADICTING,0.218,True,CRIMINAL,FALSE
SUPPORTING,0.913,True,CRIMINAL,CONFIRMED
CONTRADICTING,0.214,True,AMBIGUOUS,FALSE
SUPPORTING,0.900,True,CRIMINAL,CONFIRMED
SUPPORTING,0.894,True,LEGITIMATE,CONFIRMED
NEUTRAL,0.211,True,MIXED,UNKNOWN
SUPPORTING,0.921,True,AMBIGUOUS,CONFIRMED
SUPPORTING,0.944,True,MIXED,CONFIRMED
SUPPORTING,0.665,True,MIXED,SUSPECTED
SUPPORTING,0.990,True,AMBIGUOUS,CONFIRMED
SUPPORTING,0.962,True,CRIMINAL,CONFIRMED
SUPPORTING,0.599,True,CRIMINAL,SUSPECTED
SUPPORTING,0.928,True,CRIMINAL,CONFIRMED
SUPPORTING,0.855,True,MIXED,SUSPECTED
NEUTRAL,0.435,True,CRIMINAL,UNKNOWN
SUPPORTING,0.911,True,CRIMINAL,CONFIRMED
CONTRADICTING,0.224,True,MIXED,FALSE
SUPPORTING,0.698,True,LEGITIMATE,SUSPECTED
SUPPORTING,0.933,True,LEGITIMATE,CONFIRMED
SUPPORTING,0.582,True,AMBIGUOUS,SUSPECTED
SUPPORTING,0.672,True,CRIMINAL,SUSPECTED
SUPPORTING,0.750,True,MIXED,SUSPECTED
SUPPORTING,0.655,True,CRIMINAL,SUSPECTED
CONTRADICTING,0.283,True,CRIMINAL,FALSE
CONTRADICTING,0.210,True,CRIMINAL,FALSE
NEUTRAL,0.439,True,MIXED,UNKNOWN
SUPPORTING,0.880,True,CRIMINAL,CONFIRMED
SUPPORTING,0.721,True,CRIMINAL,SUSPECTED
CONTRADICTING,0.249,True,CRIMINAL,FALSE
SUPPORTING,0.627,True,CRIMINAL,SUSPECTED
NEUTRAL,0.493,True,CRIMINAL,UNKNOWN
SUPPORTING,0.870,True,AMBIGUOUS,CONFIRMED
SUPPORTING,0.966,True,CRIMINAL,CONFIRMED
NEUTRAL,0.414,True,LEGITIMATE,UNKNOWN
NEUTRAL,0.206,True,MIXED,UNKNOWN
CONTRADICTING,0.146,True,MIXED,FALSE
SUPPORTING,0.734,True,MIXED,SUSPECTED
SUPPORTING,0.972,True,CRIMINAL,CONFIRMED
SUPPORTING,0.915,True,MIXED,CONFIRMED
CONTRADICTING,0.152,True,MIXED,FALSE
SUPPORTING,0.788,True,MIXED,SUSPECTED
SUPPORTING,0.965,True,CRIMINAL,CONFIRMED
CONTRADICTING,0.301,True,CRIMINAL,FALSE
NEUTRAL,0.328,True,AMBIGUOUS,UNKNOWN
CONTRADICTING,0.235,True,LEGITIMATE,FALSE
SUPPORTING,0.738,True,MIXED,SUSPECTED
SUPPORTING,0.848,True,CRIMINAL,SUSPECTED
NEUTRAL,0.345,True,CRIMINAL,UNKNOWN
NEUTRAL,0.394,True,MIXED,UNKNOWN
SUPPORTING,0.681,True,AMBIGUOUS,SUSPECTED
SUPPORTING,0.706,True,CRIMINAL,SUSPECTED
SUPPORTING,0.604,True,LEGITIMATE,SUSPECTED
CONTRADICTING,0.257,True,MIXED,FALSE
CONTRADICTING,0.256,True,CRIMINAL,FALSE
SUPPORTING,0.800,True,MIXED,SUSPECTED
SUPPORTING,0.893,True,CRIMINAL,CONFIRMED
CONTRADICTING,0.410,True,AMBIGUOUS,FALSE
SUPPORTING,0.680,True,MIXED,SUSPECTED
CONTRADICTING,0.295,True,CRIMINAL,FALSE
SUPPORTING,0.778,True,CRIMINAL,SUSPECTED
SUPPORTING,0.917,True,AMBIGUOUS,CONFIRMED
SUPPORTING,0.854,True,AMBIGUOUS,SUSPECTED
NEUTRAL,0.488,True,CRIMINAL,UNKNOWN
SUPPORTING,0.945,True,CRIMINAL,CONFIRMED
SUPPORTING,0.758,True,CRIMINAL,SUSPECTED
SUPPORTING,0.731,True,MIXED,SUSPECTED
SUPPORTING,0.625,True,CRIMINAL,SUSPECTED
CONTRADICTING,0.349,True,MIXED,FALSE
SUPPORTING,0.893,True,MIXED,CONFIRMED
NEUTRAL,0.376,True,CRIMINAL,UNKNOWN
SUPPORTING,0.619,True,LEGITIMATE,SUSPECTED
SUPPORTING,0.588,True,LEGITIMATE,SUSPECTED
CONTRADICTING,0.256,True,MIXED,FALSE
CONTRADICTING,0.261,True,MIXED,FALSE
SUPPORTING,0.973,True,MIXED,CONFIRMED
SUPPORTING,0.822,True,LEGITIMATE,CONFIRMED
NEUTRAL,0.466,True,AMBIGUOUS,UNKNOWN
SUPPORTING,0.721,True,MIXED,SUSPECTED
SUPPORTING,0.824,True,CRIMINAL,CONFIRMED
SUPPORTING,0.875,True,CRIMINAL,CONFIRMED
NEUTRAL,0.466,True,CRIMINAL,UNKNOWN
SUPPORTING,0.838,True,AMBIGUOUS,SUSPECTED
SUPPORTING,0.848,True,AMBIGUOUS,SUSPECTED
NEUTRAL,0.376,True,CRIMINAL,UNKNOWN
SUPPORTING,0.942,True,CRIMINAL,CONFIRMED
CONTRADICTING,0.274,True,AMBIGUOUS,FALSE
CONTRADICTING,0.367,True,CRIMINAL,FALSE
NEUTRAL,0.253,True,CRIMINAL,UNKNOWN
SUPPORTING,0.748,True,CRIMINAL,SUSPECTED
NEUTRAL,0.322,True,CRIMINAL,UNKNOWN
SUPPORTING,0.843,True,CRIMINAL,CONFIRMED
SUPPORTING,0.814,True,MIXED,SUSPECTED
CONTRADICTING,0.332,True,MIXED,FALSE
CONTRADICTING,0.241,True,MIXED,FALSE
SUPPORTING,0.820,True,MIXED,SUSPECTED
NEUTRAL,0.445,True,AMBIGUOUS,UNKNOWN
NEUTRAL,0.460,True,MIXED,UNKNOWN
NEUTRAL,0.500,True,CRIMINAL,UNKNOWN
SUPPORTING,0.879,True,CRIMINAL,CONFIRMED
SUPPORTING,0.949,True,CRIMINAL,CONFIRMED
SUPPORTING,0.869,True,CRIMINAL,CONFIRMED
SUPPORTING,0.906,True,AMBIGUOUS,CONFIRMED
NEUTRAL,0.445,True,LEGITIMATE,UNKNOWN
SUPPORTING,0.630,True,MIXED,SUSPECTED
CONTRADICTING,0.363,True,MIXED,FALSE
SUPPORTING,0.636,True,LEGITIMATE,SUSPECTED
NEUTRAL,0.246,True,CRIMINAL,UNKNOWN
SUPPORTING,0.877,True,LEGITIMATE,CONFIRMED
NEUTRAL,0.508,True,MIXED,UNKNOWN
SUPPORTING,0.620,True,MIXED,SUSPECTED
SUPPORTING,0.658,True,MIXED,SUSPECTED
SUPPORTING,0.935,True,MIXED,CONFIRMED
NEUTRAL,0.439,True,AMBIGUOUS,UNKNOWN
NEUTRAL,0.318,True,CRIMINAL,UNKNOWN
SUPPORTING,0.597,True,CRIMINAL,SUSPECTED
SUPPORTING,0.941,True,MIXED,CONFIRMED
NEUTRAL,0.332,True,LEGITIMATE,UNKNOWN
NEUTRAL,0.532,True,CRIMINAL,UNKNOWN
SUPPORTING,0.875,True,CRIMINAL,CONFIRMED
NEUTRAL,0.426,True,LEGITIMATE,UNKNOWN
CONTRADICTING,0.272,True,LEGITIMATE,FALSE
SUPPORTING,0.717,True,CRIMINAL,SUSPECTED
SUPPORTING,0.638,True,CRIMINAL,SUSPECTED
SUPPORTING,0.630,True,CRIMINAL,SUSPECTED
CONTRADICTING,0.213,True,LEGITIMATE,FALSE
SUPPORTING,0.803,True,CRIMINAL,SUSPECTED
CONTRADICTING,0.170,True,CRIMINAL,FALSE
SUPPORTING,0.859,True,CRIMINAL,SUSPECTED
SUPPORTING,0.753,True,CRIMINAL,SUSPECTED
CONTRADICTING,0.255,True,CRIMINAL,FALSE
SUPPORTING,0.904,True,AMBIGUOUS,CONFIRMED
SUPPORTING,0.800,True,CRIMINAL,SUSPECTED
NEUTRAL,0.449,True,CRIMINAL,UNKNOWN
NEUTRAL,0.397,True,CRIMINAL,UNKNOWN
SUPPORTING,0.902,True,CRIMINAL,CONFIRMED
CONTRADICTING,0.169,True,AMBIGUOUS,FALSE
SUPPORTING,0.847,True,CRIMINAL,SUSPECTED
NEUTRAL,0.431,True,CRIMINAL,UNKNOWN
SUPPORTING,0.645,True,CRIMINAL,SUSPECTED
SUPPORTING,0.826,True,LEGITIMATE,CONFIRMED
SUPPORTING,0.695,True,CRIMINAL,SUSPECTED
CONTRADICTING,0.396,True,MIXED,FALSE
NEUTRAL,0.388,True,CRIMINAL,UNKNOWN
SUPPORTING,0.695,True,LEGITIMATE,SUSPECTED
CONTRADICTING,0.246,True,LEGITIMATE,FALSE
SUPPORTING,0.879,True,CRIMINAL,CONFIRMED
SUPPORTING,0.886,True,CRIMINAL,CONFIRMED
SUPPORTING,0.635,True,AMBIGUOUS,SUSPECTED
SUPPORTING,0.801,True,AMBIGUOUS,SUSPECTED
NEUTRAL,0.302,True,AMBIGUOUS,UNKNOWN
SUPPORTING,0.856,True,CRIMINAL,SUSPECTED
SUPPORTING,0.761,True,MIXED,SUSPECTED
SUPPORTING,0.667,True,CRIMINAL,SUSPECTED
NEUTRAL,0.293,True,LEGITIMATE,UNKNOWN
SUPPORTING,0.879,True,CRIMINAL,CONFIRMED
NEUTRAL,0.229,True,LEGITIMATE,UNKNOWN
SUPPORTING,0.980,True,MIXED,CONFIRMED
NEUTRAL,0.261,True,MIXED,UNKNOWN
SUPPORTING,0.835,True,CRIMINAL,CONFIRMED
CONTRADICTING,0.125,True,LEGITIMATE,FALSE
NEUTRAL,0.358,True,AMBIGUOUS,UNKNOWN
SUPPORTING,0.825,True,LEGITIMATE,CONFIRMED
SUPPORTING,0.972,True,CRIMINAL,CONFIRMED
SUPPORTING,0.748,True,CRIMINAL,SUSPECTED
CONTRADICTING,0.177,True,CRIMINAL,FALSE
CONTRADICTING,0.239,True,MIXED,FALSE
NEUTRAL,0.286,True,AMBIGUOUS,UNKNOWN
CONTRADICTING,0.387,True,CRIMINAL,FALSE
SUPPORTING,0.926,True,AMBIGUOUS,CONFIRMED
NEUTRAL,0.382,True,AMBIGUOUS,UNKNOWN
NEUTRAL,0.425,True,MIXED,UNKNOWN
SUPPORTING,0.698,True,CRIMINAL,SUSPECTED
SUPPORTING,0.911,True,CRIMINAL,CONFIRMED
SUPPORTING,0.703,True,AMBIGUOUS,SUSPECTED
SUPPORTING,0.699,True,CRIMINAL,SUSPECTED
CONTRADICTING,0.316,True,CRIMINAL,FALSE
SUPPORTING,0.770,True,CRIMINAL,SUSPECTED
NEUTRAL,0.267,True,CRIMINAL,UNKNOWN
SUPPORTING,0.806,True,CRIMINAL,SUSPECTED
SUPPORTING,0.927,True,LEGITIMATE,CONFIRMED
SUPPORTING,0.859,True,CRIMINAL,SUSPECTED
SUPPORTING,0.639,True,AMBIGUOUS,SUSPECTED
CONTRADICTING,0.370,True,CRIMINAL,FALSE
SUPPORTING,0.775,True,LEGITIMATE,SUSPECTED
NEUTRAL,0.447,True,MIXED,UNKNOWN
SUPPORTING,0.823,True,MIXED,SUSPECTED
SUPPORTING,0.858,True,LEGITIMATE,CONFIRMED
SUPPORTING,0.818,True,MIXED,SUSPECTED
NEUTRAL,0.390,True,LEGITIMATE,UNKNOWN
SUPPORTING,0.648,True,AMBIGUOUS,SUSPECTED
SUPPORTING,0.779,True,CRIMINAL,SUSPECTED
SUPPORTING,0.750,True,AMBIGUOUS,SUSPECTED
SUPPORTING,0.852,True,AMBIGUOUS,CONFIRMED
SUPPORTING,0.786,True,CRIMINAL,SUSPECTED
SUPPORTING,0.781,True,AMBIGUOUS,SUSPECTED
SUPPORTING,0.913,True,MIXED,CONFIRMED
SUPPORTING,0.623,True,AMBIGUOUS,SUSPECTED
NEUTRAL,0.453,True,MIXED,UNKNOWN
NEUTRAL,0.401,True,LEGITIMATE,UNKNOWN
SUPPORTING,0.980,True,CRIMINAL,CONFIRMED
CONTRADICTING,0.239,True,CRIMINAL,FALSE
SUPPORTING,0.889,True,AMBIGUOUS,CONFIRMED
SUPPORTING,0.939,True,CRIMINAL,CONFIRMED
NEUTRAL,0.253,True,CRIMINAL,UNKNOWN
SUPPORTING,0.835,True,CRIMINAL,CONFIRMED
SUPPORTING,0.822,True,AMBIGUOUS,SUSPECTED
SUPPORTING,0.955,True,CRIMINAL,CONFIRMED
SUPPORTING,0.717,True,LEGITIMATE,SUSPECTED
CONTRADICTING,0.254,True,CRIMINAL,FALSE
SUPPORTING,0.941,True,AMBIGUOUS,CONFIRMED
SUPPORTING,0.682,True,LEGITIMATE,SUSPECTED
SUPPORTING,0.685,True,AMBIGUOUS,SUSPECTED
SUPPORTING,0.738,True,LEGITIMATE,SUSPECTED
SUPPORTING,0.663,True,LEGITIMATE,SUSPECTED
NEUTRAL,0.344,True,AMBIGUOUS,UNKNOWN
NEUTRAL,0.273,True,AMBIGUOUS,UNKNOWN
SUPPORTING,0.698,True,MIXED,SUSPECTED
SUPPORTING,0.703,True,LEGITIMATE,SUSPECTED
SUPPORTING,0.686,True,MIXED,SUSPECTED
CONTRADICTING,0.336,True,CRIMINAL,FALSE
SUPPORTING,0.803,True,MIXED,SUSPECTED
NEUTRAL,0.257,True,CRIMINAL,UNKNOWN
SUPPORTING,0.620,True,CRIMINAL,SUSPECTED
SUPPORTING,0.844,True,CRIMINAL,SUSPECTED
CONTRADICTING,0.229,True,AMBIGUOUS,FALSE
CONTRADICTING,0.278,True,AMBIGUOUS,FALSE
SUPPORTING,0.828,True,AMBIGUOUS,CONFIRMED
NEUTRAL,0.514,True,CRIMINAL,UNKNOWN
CONTRADICTING,0.300,True,LEGITIMATE,FALSE
SUPPORTING,0.802,True,LEGITIMATE,SUSPECTED
CONTRADICTING,0.180,True,LEGITIMATE,FALSE
SUPPORTING,0.694,True,MIXED,SUSPECTED
SUPPORTING,0.641,True,AMBIGUOUS,SUSPECTED
NEUTRAL,0.488,True,AMBIGUOUS,UNKNOWN
SUPPORTING,0.715,True,MIXED,SUSPECTED
CONTRADICTING,0.287,True,CRIMINAL,FALSE
CONTRADICTING,0.363,True,CRIMINAL,FALSE
NEUTRAL,0.295,True,MIXED,UNKNOWN
CONTRADICTING,0.148,True,CRIMINAL,FALSE
SUPPORTING,0.831,True,AMBIGUOUS,SUSPECTED
NEUTRAL,0.462,True,LEGITIMATE,UNKNOWN
CONTRADICTING,0.322,True,LEGITIMATE,FALSE
CONTRADICTING,0.155,True,CRIMINAL,FALSE
SUPPORTING,0.843,True,LEGITIMATE,CONFIRMED
NEUTRAL,0.301,True,CRIMINAL,UNKNOWN
CONTRADICTING,0.338,True,LEGITIMATE,FALSE
SUPPORTING,0.950,True,CRIMINAL,CONFIRMED
NEUTRAL,0.499,True,CRIMINAL,UNKNOWN
SUPPORTING,0.847,True,CRIMINAL,CONFIRMED
NEUTRAL,0.329,True,LEGITIMATE,UNKNOWN
CONTRADICTING,0.351,True,LEGITIMATE,FALSE
SUPPORTING,0.898,True,CRIMINAL,CONFIRMED
CONTRADICTING,0.380,True,LEGITIMATE,FALSE
NEUTRAL,0.465,True,CRIMINAL,UNKNOWN
NEUTRAL,0.528,True,AMBIGUOUS,UNKNOWN
NEUTRAL,0.361,True,LEGITIMATE,UNKNOWN
SUPPORTING,0.939,True,LEGITIMATE,CONFIRMED
CONTRADICTING,0.315,True,CRIMINAL,FALSE
CONTRADICTING,0.121,True,AMBIGUOUS,FALSE
SUPPORTING,0.940,True,CRIMINAL,CONFIRMED
NEUTRAL,0.540,True,AMBIGUOUS,UNKNOWN
SUPPORTING,0.603,True,CRIMINAL,SUSPECTED
NEUTRAL,0.465,True,AMBIGUOUS,UNKNOWN
SUPPORTING,0.909,True,CRIMINAL,CONFIRMED
CONTRADICTING,0.127,True,AMBIGUOUS,FALSE
SUPPORTING,0.841,True,LEGITIMATE,CONFIRMED
SUPPORTING,0.879,True,CRIMINAL,CONFIRMED
SUPPORTING,0.832,True,LEGITIMATE,CONFIRMED
SUPPORTING,0.907,True,MIXED,CONFIRMED
CONTRADICTING,0.154,True,AMBIGUOUS,FALSE
SUPPORTING,0.842,True,CRIMINAL,CONFIRMED
NEUTRAL,0.459,True,AMBIGUOUS,UNKNOWN
SUPPORTING,0.589,True,MIXED,SUSPECTED
CONTRADICTING,0.252,True,AMBIGUOUS,FALSE
SUPPORTING,0.977,True,CRIMINAL,CONFIRMED
SUPPORTING,0.605,True,CRIMINAL,SUSPECTED
NEUTRAL,0.313,True,MIXED,UNKNOWN
NEUTRAL,0.251,True,CRIMINAL,UNKNOWN
SUPPORTING,0.893,True,CRIMINAL,CONFIRMED
NEUTRAL,0.508,True,LEGITIMATE,UNKNOWN
SUPPORTING,0.660,True,AMBIGUOUS,SUSPECTED
CONTRADICTING,0.401,True,CRIMINAL,FALSE
CONTRADICTING,0.151,True,LEGITIMATE,FALSE
NEUTRAL,0.439,True,LEGITIMATE,UNKNOWN
SUPPORTING,0.834,True,MIXED,SUSPECTED
CONTRADICTING,0.406,True,MIXED,FALSE
SUPPORTING,0.753,True,MIXED,SUSPECTED
SUPPORTING,0.900,True,LEGITIMATE,CONFIRMED
SUPPORTING,0.840,True,CRIMINAL,SUSPECTED
SUPPORTING,0.827,True,MIXED,SUSPECTED
SUPPORTING,0.734,True,AMBIGUOUS,SUSPECTED
NEUTRAL,0.359,True,LEGITIMATE,UNKNOWN
SUPPORTING,0.961,True,AMBIGUOUS,CONFIRMED
NEUTRAL,0.224,True,CRIMINAL,UNKNOWN
SUPPORTING,0.843,True,CRIMINAL,CONFIRMED
SUPPORTING,0.692,True,MIXED,SUSPECTED
SUPPORTING,0.712,True,MIXED,SUSPECTED
SUPPORTING,0.676,True,LEGITIMATE,SUSPECTED
SUPPORTING,0.751,True,MIXED,SUSPECTED
NEUTRAL,0.341,True,AMBIGUOUS,UNKNOWN
SUPPORTING,0.971,True,MIXED,CONFIRMED
SUPPORTING,0.963,True,CRIMINAL,CONFIRMED
NEUTRAL,0.214,True,LEGITIMATE,UNKNOWN
CONTRADICTING,0.126,True,AMBIGUOUS,FALSE
CONTRADICTING,0.402,True,LEGITIMATE,FALSE
SUPPORTING,0.750,True,CRIMINAL,SUSPECTED
SUPPORTING,0.596,True,LEGITIMATE,SUSPECTED
SUPPORTING,0.829,True,AMBIGUOUS,CONFIRMED
SUPPORTING,0.695,True,LEGITIMATE,SUSPECTED
CONTRADICTING,0.393,True,LEGITIMATE,FALSE
CONTRADICTING,0.391,True,CRIMINAL,FALSE
NEUTRAL,0.534,True,LEGITIMATE,UNKNOWN
SUPPORTING,0.664,True,MIXED,SUSPECTED
SUPPORTING,0.889,True,CRIMINAL,CONFIRMED
SUPPORTING,0.768,True,LEGITIMATE,SUSPECTED
CONTRADICTING,0.367,True,AMBIGUOUS,FALSE
NEUTRAL,0.382,True,MIXED,UNKNOWN
NEUTRAL,0.534,True,MIXED,UNKNOWN
SUPPORTING,0.637,True,AMBIGUOUS,SUSPECTED
SUPPORTING,0.921,True,AMBIGUOUS,CONFIRMED
CONTRADICTING,0.321,True,LEGITIMATE,FALSE
SUPPORTING,0.610,True,MIXED,SUSPECTED
CONTRADICTING,0.316,True,AMBIGUOUS,FALSE
NEUTRAL,0.310,True,MIXED,UNKNOWN
SUPPORTING,0.758,True,CRIMINAL,SUSPECTED
CONTRADICTING,0.200,True,LEGITIMATE,FALSE
SUPPORTING,0.744,True,CRIMINAL,SUSPECTED
NEUTRAL,0.269,True,AMBIGUOUS,UNKNOWN
CONTRADICTING,0.340,True,MIXED,FALSE
NEUTRAL,0.442,True,LEGITIMATE,UNKNOWN
SUPPORTING,0.642,True,MIXED,SUSPECTED
SUPPORTING,0.855,True,LEGITIMATE,CONFIRMED
SUPPORTING,0.866,True,AMBIGUOUS,CONFIRMED
SUPPORTING,0.983,True,MIXED,CONFIRMED
SUPPORTING,0.951,True,CRIMINAL,CONFIRMED
NEUTRAL,0.253,True,LEGITIMATE,UNKNOWN
SUPPORTING,0.766,True,MIXED,SUSPECTED
NEUTRAL,0.451,True,LEGITIMATE,UNKNOWN
CONTRADICTING,0.165,True,CRIMINAL,FALSE
CONTRADICTING,0.337,True,LEGITIMATE,FALSE
SUPPORTING,0.923,True,CRIMINAL,CONFIRMED
SUPPORTING,0.621,True,CRIMINAL,SUSPECTED
CONTRADICTING,0.285,True,LEGITIMATE,FALSE
CONTRADICTING,0.300,True,AMBIGUOUS,FALSE
NEUTRAL,0.477,True,CRIMINAL,UNKNOWN
SUPPORTING,0.973,True,LEGITIMATE,CONFIRMED
SUPPORTING,0.858,True,LEGITIMATE,CONFIRMED
NEUTRAL,0.521,True,LEGITIMATE,UNKNOWN
SUPPORTING,0.927,True,MIXED,CONFIRMED
NEUTRAL,0.377,True,CRIMINAL,UNKNOWN
CONTRADICTING,0.183,True,LEGITIMATE,FALSE
NEUTRAL,0.483,True,CRIMINAL,UNKNOWN
SUPPORTING,0.809,True,CRIMINAL,SUSPECTED
SUPPORTING,0.844,True,CRIMINAL,CONFIRMED
SUPPORTING,0.941,True,LEGITIMATE,CONFIRMED
NEUTRAL,0.477,True,LEGITIMATE,UNKNOWN
SUPPORTING,0.833,True,CRIMINAL,SUSPECTED
SUPPORTING,0.969,True,CRIMINAL,CONFIRMED
SUPPORTING,0.960,True,MIXED,CONFIRMED
SUPPORTING,0.678,True,AMBIGUOUS,SUSPECTED
SUPPORTING,0.909,True,CRIMINAL,CONFIRMED
NEUTRAL,0.341,True,CRIMINAL,UNKNOWN
SUPPORTING,0.837,True,AMBIGUOUS,CONFIRMED
NEUTRAL,0.451,True,MIXED,UNKNOWN
NEUTRAL,0.512,True,MIXED,UNKNOWN
CONTRADICTING,0.167,True,CRIMINAL,FALSE
SUPPORTING,0.969,True,CRIMINAL,CONFIRMED
NEUTRAL,0.513,True,MIXED,UNKNOWN
NEUTRAL,0.467,True,MIXED,UNKNOWN
NEUTRAL,0.337,True,MIXED,UNKNOWN
SUPPORTING,0.654,True,CRIMINAL,SUSPECTED
NEUTRAL,0.437,True,MIXED,UNKNOWN
NEUTRAL,0.310,True,CRIMINAL,UNKNOWN
SUPPORTING,0.685,True,CRIMINAL,SUSPECTED
NEUTRAL,0.340,True,MIXED,UNKNOWN
NEUTRAL,0.297,True,CRIMINAL,UNKNOWN
SUPPORTING,0.638,True,CRIMINAL,SUSPECTED
SUPPORTING,0.773,True,CRIMINAL,SUSPECTED
CONTRADICTING,0.154,True,LEGITIMATE,FALSE
SUPPORTING,0.688,True,MIXED,SUSPECTED
NEUTRAL,0.335,True,CRIMINAL,UNKNOWN
SUPPORTING,0.982,True,CRIMINAL,CONFIRMED
CONTRADICTING,0.231,True,LEGITIMATE,FALSE
NEUTRAL,0.524,True,MIXED,UNKNOWN
NEUTRAL,0.319,True,MIXED,UNKNOWN
NEUTRAL,0.460,True,CRIMINAL,UNKNOWN
SUPPORTING,0.613,True,CRIMINAL,SUSPECTED
SUPPORTING,0.800,True,MIXED,SUSPECTED
SUPPORTING,0.879,True,LEGITIMATE,CONFIRMED
CONTRADICTING,0.375,True,LEGITIMATE,FALSE
SUPPORTING,0.669,True,CRIMINAL,SUSPECTED
SUPPORTING,0.869,True,CRIMINAL,CONFIRMED
SUPPORTING,0.980,True,CRIMINAL,CONFIRMED
SUPPORTING,0.834,True,MIXED,CONFIRMED
NEUTRAL,0.271,True,AMBIGUOUS,UNKNOWN
SUPPORTING,0.860,True,MIXED,SUSPECTED
SUPPORTING,0.864,True,AMBIGUOUS,CONFIRMED
SUPPORTING,0.929,True,CRIMINAL,CONFIRMED
SUPPORTING,0.891,True,MIXED,CONFIRMED
NEUTRAL,0.227,True,AMBIGUOUS,UNKNOWN
SUPPORTING,0.760,True,CRIMINAL,SUSPECTED
SUPPORTING,0.935,True,MIXED,CONFIRMED
NEUTRAL,0.501,True,AMBIGUOUS,UNKNOWN
SUPPORTING,0.882,True,MIXED,CONFIRMED
NEUTRAL,0.285,True,CRIMINAL,UNKNOWN
SUPPORTING,0.848,True,LEGITIMATE,SUSPECTED
SUPPORTING,0.967,True,CRIMINAL,CONFIRMED
SUPPORTING,0.870,True,CRIMINAL,CONFIRMED
SUPPORTING,0.977,True,AMBIGUOUS,CONFIRMED
NEUTRAL,0.259,True,CRIMINAL,UNKNOWN
SUPPORTING,0.598,True,MIXED,SUSPECTED
SUPPORTING,0.893,True,CRIMINAL,CONFIRMED
SUPPORTING,0.827,True,CRIMINAL,CONFIRMED
CONTRADICTING,0.308,True,CRIMINAL,FALSE
SUPPORTING,0.596,True,CRIMINAL,SUSPECTED
CONTRADICTING,0.221,True,CRIMINAL,FALSE
NEUTRAL,0.341,True,CRIMINAL,UNKNOWN
SUPPORTING,0.651,True,AMBIGUOUS,SUSPECTED
SUPPORTING,0.833,True,MIXED,SUSPECTED
NEUTRAL,0.209,True,MIXED,UNKNOWN
NEUTRAL,0.284,True,AMBIGUOUS,UNKNOWN
CONTRADICTING,0.170,True,CRIMINAL,FALSE
SUPPORTING,0.896,True,CRIMINAL,CONFIRMED
SUPPORTING,0.599,True,CRIMINAL,SUSPECTED
SUPPORTING,0.641,True,CRIMINAL,SUSPECTED
SUPPORTING,0.886,True,CRIMINAL,CONFIRMED
CONTRADICTING,0.367,True,LEGITIMATE,FALSE
CONTRADICTING,0.366,True,CRIMINAL,FALSE
NEUTRAL,0.388,True,MIXED,UNKNOWN
NEUTRAL,0.213,True,LEGITIMATE,UNKNOWN
SUPPORTING,0.660,True,CRIMINAL,SUSPECTED
NEUTRAL,0.265,True,AMBIGUOUS,UNKNOWN
SUPPORTING,0.968,True,LEGITIMATE,CONFIRMED
NEUTRAL,0.392,True,CRIMINAL,UNKNOWN
NEUTRAL,0.245,True,MIXED,UNKNOWN
SUPPORTING,0.766,True,MIXED,SUSPECTED
SUPPORTING,0.809,True,MIXED,SUSPECTED
NEUTRAL,0.496,True,LEGITIMATE,UNKNOWN
SUPPORTING,0.657,True,CRIMINAL,SUSPECTED
SUPPORTING,0.933,True,CRIMINAL,CONFIRMED
CONTRADICTING,0.256,True,AMBIGUOUS,FALSE
SUPPORTING,0.772,True,CRIMINAL,SUSPECTED
SUPPORTING,0.941,True,AMBIGUOUS,CONFIRMED
NEUTRAL,0.373,True,MIXED,UNKNOWN
SUPPORTING,0.814,True,AMBIGUOUS,SUSPECTED
SUPPORTING,0.680,True,LEGITIMATE,SUSPECTED
CONTRADICTING,0.144,True,LEGITIMATE,FALSE
NEUTRAL,0.317,True,AMBIGUOUS,UNKNOWN
SUPPORTING,0.622,True,MIXED,SUSPECTED
SUPPORTING,0.665,True,LEGITIMATE,SUSPECTED
SUPPORTING,0.768,True,CRIMINAL,SUSPECTED
SUPPORTING,0.633,True,LEGITIMATE,SUSPECTED
SUPPORTING,0.728,True,MIXED,SUSPECTED
NEUTRAL,0.234,True,CRIMINAL,UNKNOWN
NEUTRAL,0.242,True,CRIMINAL,UNKNOWN
NEUTRAL,0.491,True,CRIMINAL,UNKNOWN
SUPPORTING,0.804,True,AMBIGUOUS,SUSPECTED
NEUTRAL,0.477,True,AMBIGUOUS,UNKNOWN
SUPPORTING,0.827,True,AMBIGUOUS,CONFIRMED
SUPPORTING,0.954,True,AMBIGUOUS,CONFIRMED
SUPPORTING,0.918,True,MIXED,CONFIRMED
CONTRADICTING,0.305,True,LEGITIMATE,FALSE
SUPPORTING,0.844,True,CRIMINAL,CONFIRMED
SUPPORTING,0.932,True,CRIMINAL,CONFIRMED
NEUTRAL,0.544,True,LEGITIMATE,UNKNOWN
SUPPORTING,0.670,True,CRIMINAL,SUSPECTED
SUPPORTING,0.919,True,CRIMINAL,CONFIRMED
CONTRADICTING,0.342,True,AMBIGUOUS,FALSE
CONTRADICTING,0.176,True,LEGITIMATE,FALSE
SUPPORTING,0.889,True,LEGITIMATE,CONFIRMED
SUPPORTING,0.903,True,CRIMINAL,CONFIRMED
SUPPORTING,0.920,True,LEGITIMATE,CONFIRMED
CONTRADICTING,0.262,True,LEGITIMATE,FALSE
NEUTRAL,0.374,True,LEGITIMATE,UNKNOWN
SUPPORTING,0.806,True,AMBIGUOUS,SUSPECTED
SUPPORTING,0.807,True,CRIMINAL,SUSPECTED
SUPPORTING,0.984,True,MIXED,CONFIRMED
NEUTRAL,0.248,True,CRIMINAL,UNKNOWN
SUPPORTING,0.833,True,CRIMINAL,CONFIRMED
NEUTRAL,0.334,True,CRIMINAL,UNKNOWN
NEUTRAL,0.354,True,CRIMINAL,UNKNOWN
SUPPORTING,0.729,True,AMBIGUOUS,SUSPECTED
SUPPORTING,0.709,True,MIXED,SUSPECTED
NEUTRAL,0.466,True,MIXED,UNKNOWN
SUPPORTING,0.684,True,CRIMINAL,SUSPECTED
SUPPORTING,0.679,True,MIXED,SUSPECTED
SUPPORTING,0.952,True,LEGITIMATE,CONFIRMED
NEUTRAL,0.458,True,LEGITIMATE,UNKNOWN
NEUTRAL,0.411,True,MIXED,UNKNOWN
SUPPORTING,0.876,True,LEGITIMATE,CONFIRMED
CONTRADICTING,0.242,True,LEGITIMATE,FALSE
NEUTRAL,0.292,True,CRIMINAL,UNKNOWN
NEUTRAL,0.401,True,MIXED,UNKNOWN
NEUTRAL,0.423,True,LEGITIMATE,UNKNOWN
NEUTRAL,0.293,True,AMBIGUOUS,UNKNOWN
SUPPORTING,0.743,True,MIXED,SUSPECTED
SUPPORTING,0.605,True,CRIMINAL,SUSPECTED
CONTRADICTING,0.173,True,MIXED,FALSE
CONTRADICTING,0.240,True,LEGITIMATE,FALSE
NEUTRAL,0.416,True,LEGITIMATE,UNKNOWN
SUPPORTING,0.874,True,CRIMINAL,CONFIRMED
CONTRADICTING,0.414,True,MIXED,FALSE
SUPPORTING,0.919,True,CRIMINAL,CONFIRMED
SUPPORTING,0.834,True,MIXED,CONFIRMED
CONTRADICTING,0.398,True,MIXED,FALSE
NEUTRAL,0.510,True,AMBIGUOUS,UNKNOWN
NEUTRAL,0.516,True,MIXED,UNKNOWN
SUPPORTING,0.757,True,LEGITIMATE,SUSPECTED
SUPPORTING,0.792,True,LEGITIMATE,SUSPECTED
SUPPORTING,0.817,True,CRIMINAL,SUSPECTED
SUPPORTING,0.909,True,CRIMINAL,CONFIRMED
SUPPORTING,0.824,True,CRIMINAL,SUSPECTED
NEUTRAL,0.469,True,AMBIGUOUS,UNKNOWN
CONTRADICTING,0.396,True,AMBIGUOUS,FALSE
SUPPORTING,0.904,True,CRIMINAL,CONFIRMED
SUPPORTING,0.877,True,LEGITIMATE,CONFIRMED
CONTRADICTING,0.384,True,MIXED,FALSE
SUPPORTING,0.685,True,MIXED,SUSPECTED
NEUTRAL,0.365,True,CRIMINAL,UNKNOWN
NEUTRAL,0.333,True,MIXED,UNKNOWN
SUPPORTING,0.871,True,MIXED,CONFIRMED
CONTRADICTING,0.200,True,CRIMINAL,FALSE
NEUTRAL,0.405,True,CRIMINAL,UNKNOWN
SUPPORTING,0.942,True,CRIMINAL,CONFIRMED
NEUTRAL,0.522,True,CRIMINAL,UNKNOWN
SUPPORTING,0.838,True,CRIMINAL,CONFIRMED
NEUTRAL,0.350,True,LEGITIMATE,UNKNOWN
SUPPORTING,0.768,True,LEGITIMATE,SUSPECTED
SUPPORTING,0.962,True,AMBIGUOUS,CONFIRMED
SUPPORTING,0.949,True,AMBIGUOUS,CONFIRMED
SUPPORTING,0.934,True,AMBIGUOUS,CONFIRMED
SUPPORTING,0.835,True,CRIMINAL,CONFIRMED
CONTRADICTING,0.331,True,AMBIGUOUS,FALSE
SUPPORTING,0.639,True,MIXED,SUSPECTED
NEUTRAL,0.403,True,CRIMINAL,UNKNOWN
CONTRADICTING,0.394,True,LEGITIMATE,FALSE
NEUTRAL,0.432,True,CRIMINAL,UNKNOWN
SUPPORTING,0.754,True,MIXED,SUSPECTED
SUPPORTING,0.838,True,AMBIGUOUS,CONFIRMED
NEUTRAL,0.308,True,LEGITIMATE,UNKNOWN
NEUTRAL,0.450,True,CRIMINAL,UNKNOWN
CONTRADICTING,0.184,True,CRIMINAL,FALSE
NEUTRAL,0.258,True,MIXED,UNKNOWN
SUPPORTING,0.961,True,MIXED,CONFIRMED
SUPPORTING,0.919,True,CRIMINAL,CONFIRMED
SUPPORTING,0.626,True,MIXED,SUSPECTED
NEUTRAL,0.438,True,LEGITIMATE,UNKNOWN
SUPPORTING,0.833,True,AMBIGUOUS,CONFIRMED
SUPPORTING,0.659,True,LEGITIMATE,SUSPECTED
SUPPORTING,0.964,True,CRIMINAL,CONFIRMED
NEUTRAL,0.346,True,AMBIGUOUS,UNKNOWN
SUPPORTING,0.840,True,CRIMINAL,CONFIRMED
SUPPORTING,0.822,True,CRIMINAL,SUSPECTED
SUPPORTING,0.829,True,CRIMINAL,CONFIRMED
CONTRADICTING,0.136,True,LEGITIMATE,FALSE
SUPPORTING,0.927,True,CRIMINAL,CONFIRMED
CONTRADICTING,0.379,True,MIXED,FALSE
SUPPORTING,0.878,True,CRIMINAL,CONFIRMED
SUPPORTING,0.885,True,MIXED,CONFIRMED
NEUTRAL,0.415,True,AMBIGUOUS,UNKNOWN
SUPPORTING,0.851,True,LEGITIMATE,SUSPECTED
NEUTRAL,0.431,True,LEGITIMATE,UNKNOWN
NEUTRAL,0.276,True,MIXED,UNKNOWN
SUPPORTING,0.869,True,MIXED,CONFIRMED
SUPPORTING,0.714,True,MIXED,SUSPECTED
SUPPORTING,0.917,True,CRIMINAL,CONFIRMED
NEUTRAL,0.348,True,MIXED,UNKNOWN
SUPPORTING,0.742,True,MIXED,SUSPECTED
NEUTRAL,0.447,True,AMBIGUOUS,UNKNOWN
SUPPORTING,0.615,True,LEGITIMATE,SUSPECTED
SUPPORTING,0.850,True,LEGITIMATE,SUSPECTED
SUPPORTING,0.753,True,AMBIGUOUS,SUSPECTED
SUPPORTING,0.719,True,MIXED,SUSPECTED
NEUTRAL,0.500,True,CRIMINAL,UNKNOWN
SUPPORTING,0.625,True,MIXED,SUSPECTED
NEUTRAL,0.468,True,CRIMINAL,UNKNOWN
SUPPORTING,0.698,True,AMBIGUOUS,SUSPECTED
SUPPORTING,0.609,True,CRIMINAL,SUSPECTED
CONTRADICTING,0.207,True,CRIMINAL,FALSE
SUPPORTING,0.752,True,CRIMINAL,SUSPECTED
SUPPORTING,0.826,True,CRIMINAL,CONFIRMED
SUPPORTING,0.786,True,CRIMINAL,SUSPECTED
SUPPORTING,0.832,True,MIXED,SUSPECTED
NEUTRAL,0.515,True,CRIMINAL,UNKNOWN
SUPPORTING,0.939,True,CRIMINAL,CONFIRMED
CONTRADICTING,0.187,True,CRIMINAL,FALSE
CONTRADICTING,0.224,True,MIXED,FALSE
SUPPORTING,0.866,True,CRIMINAL,CONFIRMED
SUPPORTING,0.966,True,CRIMINAL,CONFIRMED
SUPPORTING,0.837,True,LEGITIMATE,SUSPECTED
SUPPORTING,0.829,True,MIXED,CONFIRMED
SUPPORTING,0.830,True,CRIMINAL,SUSPECTED
SUPPORTING,0.872,True,CRIMINAL,CONFIRMED
NEUTRAL,0.526,True,CRIMINAL,UNKNOWN
CONTRADICTING,0.239,True,MIXED,FALSE
NEUTRAL,0.306,True,AMBIGUOUS,UNKNOWN
SUPPORTING,0.923,True,LEGITIMATE,CONFIRMED
SUPPORTING,0.715,True,MIXED,SUSPECTED
SUPPORTING,0.660,True,LEGITIMATE,SUSPECTED
NEUTRAL,0.518,True,AMBIGUOUS,UNKNOWN
NEUTRAL,0.394,True,LEGITIMATE,UNKNOWN
SUPPORTING,0.959,True,AMBIGUOUS,CONFIRMED
SUPPORTING,0.953,True,MIXED,CONFIRMED
CONTRADICTING,0.146,True,CRIMINAL,FALSE
NEUTRAL,0.210,True,LEGITIMATE,UNKNOWN
SUPPORTING,0.891,True,CRIMINAL,CONFIRMED
SUPPORTING,0.838,True,MIXED,SUSPECTED
NEUTRAL,0.296,True,AMBIGUOUS,UNKNOWN
SUPPORTING,0.984,True,LEGITIMATE,CONFIRMED
NEUTRAL,0.248,True,CRIMINAL,UNKNOWN
CONTRADICTING,0.189,True,CRIMINAL,FALSE
SUPPORTING,0.622,True,MIXED,SUSPECTED
NEUTRAL,0.515,True,LEGITIMATE,UNKNOWN
NEUTRAL,0.230,True,MIXED,UNKNOWN
SUPPORTING,0.847,True,CRIMINAL,CONFIRMED
SUPPORTING,0.789,True,CRIMINAL,SUSPECTED
SUPPORTING,0.882,True,LEGITIMATE,CONFIRMED
SUPPORTING,0.871,True,MIXED,CONFIRMED
SUPPORTING,0.828,True,AMBIGUOUS,SUSPECTED
SUPPORTING,0.840,True,MIXED,CONFIRMED
CONTRADICTING,0.161,True,CRIMINAL,FALSE
SUPPORTING,0.877,True,AMBIGUOUS,CONFIRMED
CONTRADICTING,0.345,True,MIXED,FALSE
CONTRADICTING,0.318,True,MIXED,FALSE
NEUTRAL,0.242,True,AMBIGUOUS,UNKNOWN
SUPPORTING,0.791,True,CRIMINAL,SUSPECTED
SUPPORTING,0.848,True,CRIMINAL,SUSPECTED
SUPPORTING,0.875,True,LEGITIMATE,CONFIRMED
CONTRADICTING,0.122,True,CRIMINAL,FALSE
NEUTRAL,0.488,True,MIXED,UNKNOWN
CONTRADICTING,0.254,True,MIXED,FALSE
NEUTRAL,0.343,True,MIXED,UNKNOWN
SUPPORTING,0.879,True,AMBIGUOUS,CONFIRMED
NEUTRAL,0.252,True,AMBIGUOUS,UNKNOWN
SUPPORTING,0.974,True,CRIMINAL,CONFIRMED
SUPPORTING,0.589,True,CRIMINAL,SUSPECTED
SUPPORTING,0.921,True,MIXED,CONFIRMED
SUPPORTING,0.755,True,LEGITIMATE,SUSPECTED
SUPPORTING,0.610,True,MIXED,SUSPECTED
NEUTRAL,0.209,True,AMBIGUOUS,UNKNOWN
SUPPORTING,0.852,True,MIXED,CONFIRMED
SUPPORTING,0.978,True,CRIMINAL,CONFIRMED
SUPPORTING,0.828,True,LEGITIMATE,CONFIRMED
SUPPORTING,0.622,True,MIXED,SUSPECTED
SUPPORTING,0.842,True,LEGITIMATE,SUSPECTED
SUPPORTING,0.988,True,CRIMINAL,CONFIRMED
SUPPORTING,0.924,True,LEGITIMATE,CONFIRMED
SUPPORTING,0.869,True,CRIMINAL,CONFIRMED
NEUTRAL,0.370,True,AMBIGUOUS,UNKNOWN
NEUTRAL,0.310,True,AMBIGUOUS,UNKNOWN
NEUTRAL,0.550,True,LEGITIMATE,UNKNOWN
SUPPORTING,0.674,True,LEGITIMATE,SUSPECTED
SUPPORTING,0.853,True,CRIMINAL,CONFIRMED
SUPPORTING,0.633,True,LEGITIMATE,SUSPECTED
SUPPORTING,0.626,True,CRIMINAL,SUSPECTED
NEUTRAL,0.328,True,LEGITIMATE,UNKNOWN
NEUTRAL,0.412,True,MIXED,UNKNOWN
SUPPORTING,0.728,True,AMBIGUOUS,SUSPECTED
NEUTRAL,0.309,True,AMBIGUOUS,UNKNOWN
NEUTRAL,0.203,True,LEGITIMATE,UNKNOWN
SUPPORTING,0.740,True,MIXED,SUSPECTED
NEUTRAL,0.297,True,CRIMINAL,UNKNOWN
CONTRADICTING,0.393,True,AMBIGUOUS,FALSE
SUPPORTING,0.792,True,CRIMINAL,SUSPECTED
NEUTRAL,0.367,True,MIXED,UNKNOWN
NEUTRAL,0.254,True,MIXED,UNKNOWN
SUPPORTING,0.854,True,CRIMINAL,SUSPECTED
NEUTRAL,0.220,True,AMBIGUOUS,UNKNOWN
CONTRADICTING,0.377,True,CRIMINAL,FALSE
SUPPORTING,0.630,True,MIXED,SUSPECTED
CONTRADICTING,0.148,True,LEGITIMATE,FALSE
SUPPORTING,0.593,True,MIXED,SUSPECTED
SUPPORTING,0.865,True,LEGITIMATE,CONFIRMED
NEUTRAL,0.288,True,AMBIGUOUS,UNKNOWN
CONTRADICTING,0.137,True,CRIMINAL,FALSE
SUPPORTING,0.899,True,CRIMINAL,CONFIRMED
CONTRADICTING,0.260,True,LEGITIMATE,FALSE
NEUTRAL,0.489,True,AMBIGUOUS,UNKNOWN
SUPPORTING,0.745,True,CRIMINAL,SUSPECTED
SUPPORTING,0.623,True,MIXED,SUSPECTED
SUPPORTING,0.884,True,CRIMINAL,CONFIRMED
NEUTRAL,0.502,True,MIXED,UNKNOWN
SUPPORTING,0.988,True,CRIMINAL,CONFIRMED
SUPPORTING,0.863,True,CRIMINAL,CONFIRMED
CONTRADICTING,0.247,True,LEGITIMATE,FALSE
SUPPORTING,0.844,True,LEGITIMATE,SUSPECTED
SUPPORTING,0.657,True,CRIMINAL,SUSPECTED
NEUTRAL,0.259,True,CRIMINAL,UNKNOWN
CONTRADICTING,0.334,True,LEGITIMATE,FALSE
SUPPORTING,0.726,True,LEGITIMATE,SUSPECTED
SUPPORTING,0.872,True,CRIMINAL,CONFIRMED
NEUTRAL,0.458,True,CRIMINAL,UNKNOWN
SUPPORTING,0.635,True,CRIMINAL,SUSPECTED
NEUTRAL,0.226,True,LEGITIMATE,UNKNOWN
SUPPORTING,0.909,True,CRIMINAL,CONFIRMED
SUPPORTING,0.767,True,LEGITIMATE,SUSPECTED
NEUTRAL,0.493,True,CRIMINAL,UNKNOWN
SUPPORTING,0.979,True,LEGITIMATE,CONFIRMED
SUPPORTING,0.855,True,MIXED,CONFIRMED
SUPPORTING,0.945,True,MIXED,CONFIRMED
SUPPORTING,0.697,True,MIXED,SUSPECTED
SUPPORTING,0.639,True,AMBIGUOUS,SUSPECTED
SUPPORTING,0.804,True,CRIMINAL,SUSPECTED
CONTRADICTING,0.133,True,CRIMINAL,FALSE
SUPPORTING,0.976,True,MIXED,CONFIRMED
NEUTRAL,0.512,True,LEGITIMATE,UNKNOWN
CONTRADICTING,0.135,True,CRIMINAL,FALSE
SUPPORTING,0.584,True,LEGITIMATE,SUSPECTED
SUPPORTING,0.938,True,CRIMINAL,CONFIRMED
SUPPORTING,0.941,True,CRIMINAL,CONFIRMED
NEUTRAL,0.483,True,MIXED,UNKNOWN
SUPPORTING,0.595,True,LEGITIMATE,SUSPECTED
SUPPORTING,0.852,True,CRIMINAL,SUSPECTED
NEUTRAL,0.381,True,MIXED,UNKNOWN
SUPPORTING,0.963,True,MIXED,CONFIRMED
NEUTRAL,0.521,True,CRIMINAL,UNKNOWN
SUPPORTING,0.945,True,CRIMINAL,CONFIRMED
SUPPORTING,0.910,True,MIXED,CONFIRMED
SUPPORTING,0.629,True,LEGITIMATE,SUSPECTED
SUPPORTING,0.633,True,CRIMINAL,SUSPECTED
SUPPORTING,0.626,True,CRIMINAL,SUSPECTED
SUPPORTING,0.745,True,CRIMINAL,SUSPECTED
CONTRADICTING,0.331,True,CRIMINAL,FALSE
SUPPORTING,0.919,True,LEGITIMATE,CONFIRMED
NEUTRAL,0.359,True,LEGITIMATE,UNKNOWN
SUPPORTING,0.609,True,CRIMINAL,SUSPECTED
SUPPORTING,0.652,True,AMBIGUOUS,SUSPECTED
NEUTRAL,0.282,True,CRIMINAL,UNKNOWN
NEUTRAL,0.324,True,AMBIGUOUS,UNKNOWN
SUPPORTING,0.834,True,MIXED,SUSPECTED
SUPPORTING,0.895,True,CRIMINAL,CONFIRMED
SUPPORTING,0.829,True,MIXED,CONFIRMED
NEUTRAL,0.337,True,MIXED,UNKNOWN
SUPPORTING,0.949,True,CRIMINAL,CONFIRMED
CONTRADICTING,0.164,True,MIXED,FALSE
SUPPORTING,0.681,True,LEGITIMATE,SUSPECTED
NEUTRAL,0.400,True,MIXED,UNKNOWN
SUPPORTING,0.979,True,CRIMINAL,CONFIRMED
SUPPORTING,0.963,True,MIXED,CONFIRMED
NEUTRAL,0.243,True,LEGITIMATE,UNKNOWN
SUPPORTING,0.983,True,CRIMINAL,CONFIRMED
SUPPORTING,0.788,True,CRIMINAL,SUSPECTED
SUPPORTING,0.635,True,AMBIGUOUS,SUSPECTED
SUPPORTING,0.848,True,CRIMINAL,CONFIRMED
SUPPORTING,0.753,True,AMBIGUOUS,SUSPECTED
NEUTRAL,0.283,True,LEGITIMATE,UNKNOWN
SUPPORTING,0.738,True,MIXED,SUSPECTED
SUPPORTING,0.855,True,MIXED,SUSPECTED
SUPPORTING,0.930,True,MIXED,CONFIRMED
NEUTRAL,0.310,True,LEGITIMATE,UNKNOWN
NEUTRAL,0.524,True,AMBIGUOUS,UNKNOWN
SUPPORTING,0.729,True,CRIMINAL,SUSPECTED
CONTRADICTING,0.244,True,LEGITIMATE,FALSE
SUPPORTING,0.908,True,LEGITIMATE,CONFIRMED
SUPPORTING,0.903,True,LEGITIMATE,CONFIRMED
NEUTRAL,0.270,True,MIXED,UNKNOWN
SUPPORTING,0.623,True,CRIMINAL,SUSPECTED
SUPPORTING,0.621,True,CRIMINAL,SUSPECTED
SUPPORTING,0.968,True,MIXED,CONFIRMED
CONTRADICTING,0.348,True,CRIMINAL,FALSE
SUPPORTING,0.700,True,CRIMINAL,SUSPECTED
SUPPORTING,0.918,True,AMBIGUOUS,CONFIRMED
SUPPORTING,0.597,True,MIXED,SUSPECTED
NEUTRAL,0.352,True,AMBIGUOUS,UNKNOWN
SUPPORTING,0.724,True,CRIMINAL,SUSPECTED
NEUTRAL,0.527,True,CRIMINAL,UNKNOWN
SUPPORTING,0.698,True,CRIMINAL,SUSPECTED
SUPPORTING,0.667,True,LEGITIMATE,SUSPECTED
CONTRADICTING,0.220,True,AMBIGUOUS,FALSE
SUPPORTING,0.940,True,CRIMINAL,CONFIRMED
CONTRADICTING,0.248,True,CRIMINAL,FALSE
SUPPORTING,0.690,True,MIXED,SUSPECTED
SUPPORTING,0.788,True,CRIMINAL,SUSPECTED
SUPPORTING,0.781,True,CRIMINAL,SUSPECTED
SUPPORTING,0.810,True,CRIMINAL,SUSPECTED
CONTRADICTING,0.273,True,MIXED,FALSE
CONTRADICTING,0.237,True,CRIMINAL,FALSE
SUPPORTING,0.868,True,CRIMINAL,CONFIRMED
NEUTRAL,0.493,True,CRIMINAL,UNKNOWN
CONTRADICTING,0.132,True,CRIMINAL,FALSE
SUPPORTING,0.850,True,MIXED,CONFIRMED
SUPPORTING,0.880,True,CRIMINAL,CONFIRMED
NEUTRAL,0.334,True,CRIMINAL,UNKNOWN
SUPPORTING,0.919,True,CRIMINAL,CONFIRMED
NEUTRAL,0.456,True,LEGITIMATE,UNKNOWN
SUPPORTING,0.650,True,CRIMINAL,SUSPECTED
SUPPORTING,0.825,True,LEGITIMATE,SUSPECTED
SUPPORTING,0.634,True,CRIMINAL,SUSPECTED
NEUTRAL,0.400,True,CRIMINAL,UNKNOWN
NEUTRAL,0.463,True,CRIMINAL,UNKNOWN
SUPPORTING,0.933,True,MIXED,CONFIRMED
SUPPORTING,0.922,True,CRIMINAL,CONFIRMED
SUPPORTING,0.721,True,LEGITIMATE,SUSPECTED
NEUTRAL,0.212,True,MIXED,UNKNOWN
SUPPORTING,0.895,True,MIXED,CONFIRMED
CONTRADICTING,0.198,True,MIXED,FALSE
SUPPORTING,0.872,True,LEGITIMATE,CONFIRMED
SUPPORTING,0.950,True,MIXED,CONFIRMED
SUPPORTING,0.823,True,CRIMINAL,SUSPECTED
SUPPORTING,0.601,True,CRIMINAL,SUSPECTED
SUPPORTING,0.700,True,MIXED,SUSPECTED
SUPPORTING,0.591,True,MIXED,SUSPECTED
SUPPORTING,0.849,True,CRIMINAL,SUSPECTED
SUPPORTING,0.752,True,MIXED,SUSPECTED
NEUTRAL,0.366,True,LEGITIMATE,UNKNOWN
SUPPORTING,0.804,True,MIXED,SUSPECTED
CONTRADICTING,0.333,True,MIXED,FALSE
SUPPORTING,0.988,True,MIXED,CONFIRMED
SUPPORTING,0.773,True,LEGITIMATE,SUSPECTED
SUPPORTING,0.803,True,CRIMINAL,SUSPECTED
SUPPORTING,0.933,True,CRIMINAL,CONFIRMED
SUPPORTING,0.851,True,MIXED,CONFIRMED
SUPPORTING,0.805,True,CRIMINAL,SUSPECTED
SUPPORTING,0.843,True,AMBIGUOUS,CONFIRMED
SUPPORTING,0.598,True,CRIMINAL,SUSPECTED
SUPPORTING,0.806,True,LEGITIMATE,SUSPECTED
NEUTRAL,0.325,True,MIXED,UNKNOWN
SUPPORTING,0.663,True,AMBIGUOUS,SUSPECTED
SUPPORTING,0.969,True,LEGITIMATE,CONFIRMED
NEUTRAL,0.294,True,AMBIGUOUS,UNKNOWN
SUPPORTING,0.971,True,CRIMINAL,CONFIRMED
NEUTRAL,0.370,True,MIXED,UNKNOWN
SUPPORTING,0.837,True,LEGITIMATE,SUSPECTED
NEUTRAL,0.435,True,CRIMINAL,UNKNOWN
CONTRADICTING,0.195,True,CRIMINAL,FALSE
CONTRADICTING,0.312,True,LEGITIMATE,FALSE
SUPPORTING,0.752,True,CRIMINAL,SUSPECTED
CONTRADICTING,0.191,True,LEGITIMATE,FALSE
NEUTRAL,0.483,True,LEGITIMATE,UNKNOWN
SUPPORTING,0.685,True,LEGITIMATE,SUSPECTED
CONTRADICTING,0.281,True,CRIMINAL,FALSE
NEUTRAL,0.478,True,CRIMINAL,UNKNOWN
NEUTRAL,0.266,True,CRIMINAL,UNKNOWN
SUPPORTING,0.616,True,MIXED,SUSPECTED
NEUTRAL,0.201,True,MIXED,UNKNOWN
NEUTRAL,0.439,True,CRIMINAL,UNKNOWN
NEUTRAL,0.238,True,CRIMINAL,UNKNOWN
SUPPORTING,0.608,True,CRIMINAL,SUSPECTED
SUPPORTING,0.877,True,MIXED,CONFIRMED
SUPPORTING,0.623,True,LEGITIMATE,SUSPECTED
NEUTRAL,0.259,True,CRIMINAL,UNKNOWN
SUPPORTING,0.649,True,MIXED,SUSPECTED
SUPPORTING,0.622,True,MIXED,SUSPECTED
SUPPORTING,0.949,True,CRIMINAL,CONFIRMED
SUPPORTING,0.622,True,LEGITIMATE,SUSPECTED
CONTRADICTING,0.270,True,MIXED,FALSE
SUPPORTING,0.920,True,CRIMINAL,CONFIRMED
SUPPORTING,0.844,True,CRIMINAL,CONFIRMED
SUPPORTING,0.900,True,CRIMINAL,CONFIRMED
NEUTRAL,0.238,True,MIXED,UNKNOWN
SUPPORTING,0.880,True,AMBIGUOUS,CONFIRMED
CONTRADICTING,0.132,True,LEGITIMATE,FALSE
SUPPORTING,0.867,True,LEGITIMATE,CONFIRMED
SUPPORTING,0.624,True,CRIMINAL,SUSPECTED
SUPPORTING,0.801,True,AMBIGUOUS,SUSPECTED
NEUTRAL,0.281,True,MIXED,UNKNOWN
NEUTRAL,0.335,True,LEGITIMATE,UNKNOWN
SUPPORTING,0.838,True,AMBIGUOUS,CONFIRMED
SUPPORTING,0.882,True,CRIMINAL,CONFIRMED
SUPPORTING,0.808,True,MIXED,SUSPECTED
SUPPORTING,0.643,True,CRIMINAL,SUSPECTED
NEUTRAL,0.304,True,CRIMINAL,UNKNOWN
CONTRADICTING,0.306,True,CRIMINAL,FALSE
SUPPORTING,0.837,True,CRIMINAL,CONFIRMED
CONTRADICTING,0.154,True,LEGITIMATE,FALSE
SUPPORTING,0.964,True,CRIMINAL,CONFIRMED
SUPPORTING,0.858,True,MIXED,SUSPECTED
NEUTRAL,0.493,True,MIXED,UNKNOWN
CONTRADICTING,0.171,True,LEGITIMATE,FALSE
SUPPORTING,0.716,True,MIXED,SUSPECTED
CONTRADICTING,0.343,True,MIXED,FALSE
NEUTRAL,0.261,True,MIXED,UNKNOWN
SUPPORTING,0.848,True,CRIMINAL,CONFIRMED
CONTRADICTING,0.157,True,LEGITIMATE,FALSE
SUPPORTING,0.858,True,CRIMINAL,CONFIRMED
SUPPORTING,0.925,True,CRIMINAL,CONFIRMED
SUPPORTING,0.810,True,MIXED,SUSPECTED
CONTRADICTING,0.419,True,CRIMINAL,FALSE
NEUTRAL,0.453,True,LEGITIMATE,UNKNOWN
NEUTRAL,0.517,True,AMBIGUOUS,UNKNOWN
SUPPORTING,0.843,True,LEGITIMATE,CONFIRMED
SUPPORTING,0.885,True,CRIMINAL,CONFIRMED
SUPPORTING,0.780,True,MIXED,SUSPECTED
CONTRADICTING,0.208,True,LEGITIMATE,FALSE
CONTRADICTING,0.250,True,CRIMINAL,FALSE
SUPPORTING,0.964,True,LEGITIMATE,CONFIRMED
SUPPORTING,0.821,True,CRIMINAL,CONFIRMED
SUPPORTING,0.840,True,MIXED,SUSPECTED
NEUTRAL,0.318,True,LEGITIMATE,UNKNOWN
SUPPORTING,0.744,True,MIXED,SUSPECTED
CONTRADICTING,0.351,True,MIXED,FALSE
SUPPORTING,0.858,True,LEGITIMATE,CONFIRMED
NEUTRAL,0.229,True,MIXED,UNKNOWN
SUPPORTING,0.894,True,CRIMINAL,CONFIRMED
SUPPORTING,0.583,True,AMBIGUOUS,SUSPECTED
NEUTRAL,0.218,True,CRIMINAL,UNKNOWN
NEUTRAL,0.438,True,CRIMINAL,UNKNOWN
NEUTRAL,0.524,True,MIXED,UNKNOWN
SUPPORTING,0.928,True,CRIMINAL,CONFIRMED
NEUTRAL,0.388,True,LEGITIMATE,UNKNOWN
SUPPORTING,0.798,True,CRIMINAL,SUSPECTED
CONTRADICTING,0.247,True,AMBIGUOUS,FALSE
SUPPORTING,0.920,True,MIXED,CONFIRMED
NEUTRAL,0.526,True,LEGITIMATE,UNKNOWN
SUPPORTING,0.675,True,LEGITIMATE,SUSPECTED
NEUTRAL,0.224,True,CRIMINAL,UNKNOWN
NEUTRAL,0.541,True,CRIMINAL,UNKNOWN
SUPPORTING,0.828,True,CRIMINAL,SUSPECTED
SUPPORTING,0.934,True,CRIMINAL,CONFIRMED
SUPPORTING,0.976,True,CRIMINAL,CONFIRMED
SUPPORTING,0.665,True,CRIMINAL,SUSPECTED
CONTRADICTING,0.127,True,LEGITIMATE,FALSE
SUPPORTING,0.726,True,AMBIGUOUS,SUSPECTED
SUPPORTING,0.938,True,MIXED,CONFIRMED
SUPPORTING,0.952,True,CRIMINAL,CONFIRMED
SUPPORTING,0.637,True,CRIMINAL,SUSPECTED
SUPPORTING,0.938,True,MIXED,CONFIRMED
CONTRADICTING,0.159,True,MIXED,FALSE
SUPPORTING,0.935,True,MIXED,CONFIRMED
SUPPORTING,0.684,True,CRIMINAL,SUSPECTED
NEUTRAL,0.479,True,MIXED,UNKNOWN
SUPPORTING,0.801,True,AMBIGUOUS,SUSPECTED
NEUTRAL,0.475,True,CRIMINAL,UNKNOWN
SUPPORTING,0.821,True,LEGITIMATE,CONFIRMED
SUPPORTING,0.812,True,AMBIGUOUS,SUSPECTED
SUPPORTING,0.952,True,LEGITIMATE,CONFIRMED
SUPPORTING,0.849,True,AMBIGUOUS,CONFIRMED
SUPPORTING,0.930,True,CRIMINAL,CONFIRMED
SUPPORTING,0.662,True,MIXED,SUSPECTED
NEUTRAL,0.255,True,AMBIGUOUS,UNKNOWN
CONTRADICTING,0.154,True,LEGITIMATE,FALSE
SUPPORTING,0.846,True,CRIMINAL,CONFIRMED
NEUTRAL,0.512,True,LEGITIMATE,UNKNOWN
CONTRADICTING,0.267,True,LEGITIMATE,FALSE
NEUTRAL,0.437,True,CRIMINAL,UNKNOWN
SUPPORTING,0.757,True,MIXED,SUSPECTED
NEUTRAL,0.268,True,CRIMINAL,UNKNOWN
CONTRADICTING,0.330,True,MIXED,FALSE
CONTRADICTING,0.245,True,MIXED,FALSE
SUPPORTING,0.957,True,CRIMINAL,CONFIRMED
SUPPORTING,0.771,True,CRIMINAL,SUSPECTED
NEUTRAL,0.484,True,MIXED,UNKNOWN
NEUTRAL,0.255,True,CRIMINAL,UNKNOWN
SUPPORTING,0.966,True,CRIMINAL,CONFIRMED
NEUTRAL,0.449,True,MIXED,UNKNOWN
SUPPORTING,0.840,True,MIXED,SUSPECTED
SUPPORTING,0.690,True,AMBIGUOUS,SUSPECTED
CONTRADICTING,0.160,True,MIXED,FALSE
SUPPORTING,0.845,True,MIXED,SUSPECTED
SUPPORTING,0.623,True,CRIMINAL,SUSPECTED
SUPPORTING,0.758,True,CRIMINAL,SUSPECTED
SUPPORTING,0.716,True,CRIMINAL,SUSPECTED
SUPPORTING,0.762,True,CRIMINAL,SUSPECTED
SUPPORTING,0.653,True,LEGITIMATE,SUSPECTED
CONTRADICTING,0.380,True,LEGITIMATE,FALSE
CONTRADICTING,0.380,True,MIXED,FALSE
NEUTRAL,0.488,True,MIXED,UNKNOWN
SUPPORTING,0.716,True,MIXED,SUSPECTED
SUPPORTING,0.809,True,MIXED,SUSPECTED
CONTRADICTING,0.279,True,LEGITIMATE,FALSE
SUPPORTING,0.891,True,CRIMINAL,CONFIRMED
SUPPORTING,0.840,True,CRIMINAL,SUSPECTED
CONTRADICTING,0.303,True,CRIMINAL,FALSE
NEUTRAL,0.308,True,AMBIGUOUS,UNKNOWN
NEUTRAL,0.231,True,CRIMINAL,UNKNOWN
SUPPORTING,0.935,True,MIXED,CONFIRMED
NEUTRAL,0.522,True,CRIMINAL,UNKNOWN
SUPPORTING,0.799,True,LEGITIMATE,SUSPECTED
SUPPORTING,0.850,True,CRIMINAL,CONFIRMED
SUPPORTING,0.842,True,LEGITIMATE,SUSPECTED
SUPPORTING,0.976,True,LEGITIMATE,CONFIRMED
SUPPORTING,0.818,True,CRIMINAL,SUSPECTED
SUPPORTING,0.913,True,CRIMINAL,CONFIRMED
NEUTRAL,0.306,True,LEGITIMATE,UNKNOWN
SUPPORTING,0.621,True,CRIMINAL,SUSPECTED
SUPPORTING,0.978,True,CRIMINAL,CONFIRMED
SUPPORTING,0.944,True,CRIMINAL,CONFIRMED
CONTRADICTING,0.179,True,CRIMINAL,FALSE
SUPPORTING,0.655,True,MIXED,SUSPECTED
CONTRADICTING,0.296,True,CRIMINAL,FALSE
SUPPORTING,0.849,True,MIXED,CONFIRMED
SUPPORTING,0.760,True,MIXED,SUSPECTED
SUPPORTING,0.719,True,LEGITIMATE,SUSPECTED
NEUTRAL,0.282,True,CRIMINAL,UNKNOWN
NEUTRAL,0.513,True,AMBIGUOUS,UNKNOWN
SUPPORTING,0.890,True,LEGITIMATE,CONFIRMED
CONTRADICTING,0.370,True,CRIMINAL,FALSE
CONTRADICTING,0.410,True,LEGITIMATE,FALSE
SUPPORTING,0.940,True,AMBIGUOUS,CONFIRMED
SUPPORTING,0.785,True,CRIMINAL,SUSPECTED
SUPPORTING,0.753,True,MIXED,SUSPECTED
SUPPORTING,0.806,True,MIXED,SUSPECTED
SUPPORTING,0.599,True,AMBIGUOUS,SUSPECTED
NEUTRAL,0.237,True,LEGITIMATE,UNKNOWN
SUPPORTING,0.838,True,MIXED,CONFIRMED
CONTRADICTING,0.350,True,CRIMINAL,FALSE
NEUTRAL,0.296,True,CRIMINAL,UNKNOWN
SUPPORTING,0.657,True,CRIMINAL,SUSPECTED
SUPPORTING,0.662,True,CRIMINAL,SUSPECTED
NEUTRAL,0.435,True,MIXED,UNKNOWN
SUPPORTING,0.935,True,CRIMINAL,CONFIRMED
SUPPORTING,0.750,True,CRIMINAL,SUSPECTED
SUPPORTING,0.917,True,CRIMINAL,CONFIRMED
CONTRADICTING,0.248,True,AMBIGUOUS,FALSE
SUPPORTING,0.676,True,CRIMINAL,SUSPECTED
SUPPORTING,0.749,True,CRIMINAL,SUSPECTED
CONTRADICTING,0.126,True,CRIMINAL,FALSE
SUPPORTING,0.795,True,CRIMINAL,SUSPECTED
SUPPORTING,0.680,True,LEGITIMATE,SUSPECTED
SUPPORTING,0.863,True,CRIMINAL,CONFIRMED
CONTRADICTING,0.277,True,CRIMINAL,FALSE
SUPPORTING,0.702,True,MIXED,SUSPECTED
NEUTRAL,0.303,True,MIXED,UNKNOWN
SUPPORTING,0.837,True,CRIMINAL,CONFIRMED
SUPPORTING,0.914,True,CRIMINAL,CONFIRMED
SUPPORTING,0.750,True,MIXED,SUSPECTED
CONTRADICTING,0.129,True,MIXED,FALSE
SUPPORTING,0.969,True,CRIMINAL,CONFIRMED
SUPPORTING,0.644,True,CRIMINAL,SUSPECTED
NEUTRAL,0.539,True,CRIMINAL,UNKNOWN
SUPPORTING,0.941,True,MIXED,CONFIRMED
CONTRADICTING,0.398,True,LEGITIMATE,FALSE
CONTRADICTING,0.363,True,LEGITIMATE,FALSE
SUPPORTING,0.703,True,CRIMINAL,SUSPECTED
SUPPORTING,0.694,True,CRIMINAL,SUSPECTED
CONTRADICTING,0.336,True,MIXED,FALSE
NEUTRAL,0.201,True,LEGITIMATE,UNKNOWN
SUPPORTING,0.674,True,AMBIGUOUS,SUSPECTED
SUPPORTING,0.813,True,MIXED,SUSPECTED
SUPPORTING,0.843,True,MIXED,CONFIRMED
SUPPORTING,0.907,True,CRIMINAL,CONFIRMED
SUPPORTING,0.642,True,CRIMINAL,SUSPECTED
NEUTRAL,0.485,True,MIXED,UNKNOWN
CONTRADICTING,0.248,True,CRIMINAL,FALSE
SUPPORTING,0.960,True,MIXED,CONFIRMED
NEUTRAL,0.500,True,CRIMINAL,UNKNOWN
CONTRADICTING,0.396,True,CRIMINAL,FALSE
CONTRADICTING,0.250,True,LEGITIMATE,FALSE
CONTRADICTING,0.351,True,LEGITIMATE,FALSE
NEUTRAL,0.407,True,CRIMINAL,UNKNOWN
NEUTRAL,0.301,True,MIXED,UNKNOWN
SUPPORTING,0.623,True,LEGITIMATE,SUSPECTED
SUPPORTING,0.944,True,CRIMINAL,CONFIRMED
SUPPORTING,0.678,True,CRIMINAL,SUSPECTED
CONTRADICTING,0.198,True,CRIMINAL,FALSE
SUPPORTING,0.697,True,AMBIGUOUS,SUSPECTED
NEUTRAL,0.481,True,LEGITIMATE,UNKNOWN
SUPPORTING,0.983,True,CRIMINAL,CONFIRMED
NEUTRAL,0.518,True,AMBIGUOUS,UNKNOWN
SUPPORTING,0.583,True,LEGITIMATE,SUSPECTED
SUPPORTING,0.762,True,CRIMINAL,SUSPECTED
SUPPORTING,0.959,True,CRIMINAL,CONFIRMED
CONTRADICTING,0.344,True,CRIMINAL,FALSE
SUPPORTING,0.946,True,MIXED,CONFIRMED
CONTRADICTING,0.300,True,CRIMINAL,FALSE
SUPPORTING,0.827,True,AMBIGUOUS,SUSPECTED
NEUTRAL,0.478,True,LEGITIMATE,UNKNOWN
SUPPORTING,0.713,True,MIXED,SUSPECTED
SUPPORTING,0.828,True,AMBIGUOUS,CONFIRMED
SUPPORTING,0.833,True,CRIMINAL,CONFIRMED
NEUTRAL,0.495,True,AMBIGUOUS,UNKNOWN
NEUTRAL,0.209,True,AMBIGUOUS,UNKNOWN
SUPPORTING,0.835,True,CRIMINAL,SUSPECTED
SUPPORTING,0.725,True,LEGITIMATE,SUSPECTED
SUPPORTING,0.927,True,LEGITIMATE,CONFIRMED
SUPPORTING,0.770,True,CRIMINAL,SUSPECTED
NEUTRAL,0.220,True,AMBIGUOUS,UNKNOWN
SUPPORTING,0.847,True,MIXED,CONFIRMED
NEUTRAL,0.394,True,CRIMINAL,UNKNOWN
NEUTRAL,0.435,True,LEGITIMATE,UNKNOWN
SUPPORTING,0.683,True,MIXED,SUSPECTED
NEUTRAL,0.221,True,MIXED,UNKNOWN
SUPPORTING,0.876,True,AMBIGUOUS,CONFIRMED
SUPPORTING,0.881,True,MIXED,CONFIRMED
NEUTRAL,0.411,True,MIXED,UNKNOWN
SUPPORTING,0.888,True,CRIMINAL,CONFIRMED
SUPPORTING,0.797,True,CRIMINAL,SUSPECTED
CONTRADICTING,0.279,True,CRIMINAL,FALSE
SUPPORTING,0.596,True,CRIMINAL,SUSPECTED
NEUTRAL,0.438,True,CRIMINAL,UNKNOWN
SUPPORTING,0.598,True,MIXED,SUSPECTED
SUPPORTING,0.858,True,MIXED,CONFIRMED
SUPPORTING,0.863,True,CRIMINAL,CONFIRMED
SUPPORTING,0.768,True,CRIMINAL,SUSPECTED
SUPPORTING,0.797,True,MIXED,SUSPECTED
SUPPORTING,0.850,True,CRIMINAL,CONFIRMED
NEUTRAL,0.260,True,CRIMINAL,UNKNOWN
SUPPORTING,0.693,True,AMBIGUOUS,SUSPECTED
NEUTRAL,0.352,True,CRIMINAL,UNKNOWN
NEUTRAL,0.272,True,LEGITIMATE,UNKNOWN
SUPPORTING,0.885,True,LEGITIMATE,CONFIRMED
NEUTRAL,0.528,True,MIXED,UNKNOWN
SUPPORTING,0.847,True,MIXED,CONFIRMED
SUPPORTING,0.850,True,MIXED,CONFIRMED
SUPPORTING,0.947,True,CRIMINAL,CONFIRMED
SUPPORTING,0.722,True,CRIMINAL,SUSPECTED
NEUTRAL,0.401,True,LEGITIMATE,UNKNOWN
SUPPORTING,0.876,True,MIXED,CONFIRMED
NEUTRAL,0.540,True,CRIMINAL,UNKNOWN
NEUTRAL,0.476,True,CRIMINAL,UNKNOWN
SUPPORTING,0.763,True,CRIMINAL,SUSPECTED
SUPPORTING,0.834,True,AMBIGUOUS,CONFIRMED
CONTRADICTING,0.232,True,CRIMINAL,FALSE
NEUTRAL,0.220,True,CRIMINAL,UNKNOWN
SUPPORTING,0.827,True,AMBIGUOUS,CONFIRMED
SUPPORTING,0.821,True,LEGITIMATE,CONFIRMED
SUPPORTING,0.841,True,MIXED,CONFIRMED
SUPPORTING,0.673,True,LEGITIMATE,SUSPECTED
CONTRADICTING,0.327,True,LEGITIMATE,FALSE
CONTRADICTING,0.215,True,MIXED,FALSE
NEUTRAL,0.510,True,CRIMINAL,UNKNOWN
SUPPORTING,0.862,True,CRIMINAL,CONFIRMED
SUPPORTING,0.611,True,AMBIGUOUS,SUSPECTED
SUPPORTING,0.601,True,AMBIGUOUS,SUSPECTED
CONTRADICTING,0.329,True,AMBIGUOUS,FALSE
SUPPORTING,0.719,True,MIXED,SUSPECTED
SUPPORTING,0.919,True,LEGITIMATE,CONFIRMED
CONTRADICTING,0.251,True,LEGITIMATE,FALSE
SUPPORTING,0.730,True,CRIMINAL,SUSPECTED
CONTRADICTING,0.416,True,LEGITIMATE,FALSE
SUPPORTING,0.805,True,CRIMINAL,SUSPECTED
NEUTRAL,0.324,True,AMBIGUOUS,UNKNOWN
NEUTRAL,0.370,True,LEGITIMATE,UNKNOWN
SUPPORTING,0.692,True,CRIMINAL,SUSPECTED
NEUTRAL,0.503,True,AMBIGUOUS,UNKNOWN
SUPPORTING,0.987,True,CRIMINAL,CONFIRMED
SUPPORTING,0.834,True,CRIMINAL,CONFIRMED
SUPPORTING,0.679,True,LEGITIMATE,SUSPECTED
NEUTRAL,0.215,True,CRIMINAL,UNKNOWN
SUPPORTING,0.594,True,CRIMINAL,SUSPECTED
CONTRADICTING,0.275,True,LEGITIMATE,FALSE
SUPPORTING,0.981,True,CRIMINAL,CONFIRMED
SUPPORTING,0.821,True,MIXED,CONFIRMED
SUPPORTING,0.904,True,CRIMINAL,CONFIRMED
SUPPORTING,0.815,True,MIXED,SUSPECTED
SUPPORTING,0.956,True,AMBIGUOUS,CONFIRMED
SUPPORTING,0.764,True,LEGITIMATE,SUSPECTED
NEUTRAL,0.449,True,MIXED,UNKNOWN
SUPPORTING,0.782,True,AMBIGUOUS,SUSPECTED
SUPPORTING,0.776,True,LEGITIMATE,SUSPECTED
CONTRADICTING,0.355,True,LEGITIMATE,FALSE
SUPPORTING,0.795,True,AMBIGUOUS,SUSPECTED
SUPPORTING,0.990,True,CRIMINAL,CONFIRMED
SUPPORTING,0.942,True,MIXED,CONFIRMED
NEUTRAL,0.544,True,LEGITIMATE,UNKNOWN
SUPPORTING,0.734,True,MIXED,SUSPECTED
SUPPORTING,0.828,True,CRIMINAL,CONFIRMED
NEUTRAL,0.454,True,LEGITIMATE,UNKNOWN
SUPPORTING,0.840,True,CRIMINAL,CONFIRMED
SUPPORTING,0.615,True,AMBIGUOUS,SUSPECTED
NEUTRAL,0.255,True,LEGITIMATE,UNKNOWN
SUPPORTING,0.972,True,MIXED,CONFIRMED
SUPPORTING,0.967,True,LEGITIMATE,CONFIRMED
SUPPORTING,0.767,True,CRIMINAL,SUSPECTED
NEUTRAL,0.476,True,CRIMINAL,UNKNOWN
CONTRADICTING,0.194,True,AMBIGUOUS,FALSE
CONTRADICTING,0.285,True,LEGITIMATE,FALSE
SUPPORTING,0.635,True,LEGITIMATE,SUSPECTED
SUPPORTING,0.828,True,AMBIGUOUS,CONFIRMED
SUPPORTING,0.979,True,CRIMINAL,CONFIRMED
CONTRADICTING,0.268,True,MIXED,FALSE
NEUTRAL,0.475,True,LEGITIMATE,UNKNOWN
SUPPORTING,0.684,True,LEGITIMATE,SUSPECTED
CONTRADICTING,0.184,True,LEGITIMATE,FALSE
NEUTRAL,0.245,True,MIXED,UNKNOWN
NEUTRAL,0.360,True,CRIMINAL,UNKNOWN
SUPPORTING,0.857,True,MIXED,SUSPECTED
SUPPORTING,0.875,True,MIXED,CONFIRMED
SUPPORTING,0.884,True,CRIMINAL,CONFIRMED
SUPPORTING,0.979,True,CRIMINAL,CONFIRMED
NEUTRAL,0.346,True,CRIMINAL,UNKNOWN
NEUTRAL,0.455,True,CRIMINAL,UNKNOWN
CONTRADICTING,0.277,True,CRIMINAL,FALSE
CONTRADICTING,0.165,True,AMBIGUOUS,FALSE
SUPPORTING,0.799,True,CRIMINAL,SUSPECTED
SUPPORTING,0.836,True,CRIMINAL,CONFIRMED
SUPPORTING,0.595,True,MIXED,SUSPECTED
SUPPORTING,0.766,True,CRIMINAL,SUSPECTED
NEUTRAL,0.527,True,LEGITIMATE,UNKNOWN
SUPPORTING,0.851,True,CRIMINAL,CONFIRMED
NEUTRAL,0.201,True,LEGITIMATE,UNKNOWN
SUPPORTING,0.860,True,AMBIGUOUS,CONFIRMED
SUPPORTING,0.827,True,CRIMINAL,CONFIRMED
SUPPORTING,0.659,True,CRIMINAL,SUSPECTED
SUPPORTING,0.833,True,MIXED,SUSPECTED
NEUTRAL,0.275,True,MIXED,UNKNOWN
SUPPORTING,0.972,True,CRIMINAL,CONFIRMED
CONTRADICTING,0.137,True,LEGITIMATE,FALSE
SUPPORTING,0.974,True,AMBIGUOUS,CONFIRMED
SUPPORTING,0.648,True,LEGITIMATE,SUSPECTED
NEUTRAL,0.500,True,CRIMINAL,UNKNOWN
SUPPORTING,0.825,True,LEGITIMATE,SUSPECTED
NEUTRAL,0.493,True,MIXED,UNKNOWN
NEUTRAL,0.284,True,MIXED,UNKNOWN
SUPPORTING,0.854,True,CRIMINAL,SUSPECTED
SUPPORTING,0.824,True,CRIMINAL,CONFIRMED
SUPPORTING,0.678,True,CRIMINAL,SUSPECTED
SUPPORTING,0.744,True,LEGITIMATE,SUSPECTED
SUPPORTING,0.753,True,MIXED,SUSPECTED
SUPPORTING,0.652,True,MIXED,SUSPECTED
NEUTRAL,0.250,True,AMBIGUOUS,UNKNOWN
NEUTRAL,0.490,True,LEGITIMATE,UNKNOWN
SUPPORTING,0.743,True,MIXED,SUSPECTED
NEUTRAL,0.455,True,MIXED,UNKNOWN
SUPPORTING,0.617,True,AMBIGUOUS,SUSPECTED
SUPPORTING,0.960,True,LEGITIMATE,CONFIRMED
NEUTRAL,0.400,True,CRIMINAL,UNKNOWN
SUPPORTING,0.760,True,AMBIGUOUS,SUSPECTED
NEUTRAL,0.352,True,AMBIGUOUS,UNKNOWN
NEUTRAL,0.432,True,LEGITIMATE,UNKNOWN
SUPPORTING,0.954,True,CRIMINAL,CONFIRMED
NEUTRAL,0.337,True,AMBIGUOUS,UNKNOWN
SUPPORTING,0.589,True,CRIMINAL,SUSPECTED
SUPPORTING,0.947,True,AMBIGUOUS,CONFIRMED
SUPPORTING,0.952,True,CRIMINAL,CONFIRMED
SUPPORTING,0.720,True,CRIMINAL,SUSPECTED
SUPPORTING,0.939,True,LEGITIMATE,CONFIRMED
NEUTRAL,0.490,True,CRIMINAL,UNKNOWN
NEUTRAL,0.202,True,MIXED,UNKNOWN
SUPPORTING,0.832,True,CRIMINAL,CONFIRMED
SUPPORTING,0.839,True,CRIMINAL,CONFIRMED
NEUTRAL,0.313,True,CRIMINAL,UNKNOWN
SUPPORTING,0.583,True,CRIMINAL,SUSPECTED
CONTRADICTING,0.267,True,CRIMINAL,FALSE
SUPPORTING,0.667,True,CRIMINAL,SUSPECTED
SUPPORTING,0.937,True,CRIMINAL,CONFIRMED
NEUTRAL,0.259,True,CRIMINAL,UNKNOWN
SUPPORTING,0.841,True,MIXED,SUSPECTED
SUPPORTING,0.796,True,CRIMINAL,SUSPECTED
SUPPORTING,0.894,True,CRIMINAL,CONFIRMED
SUPPORTING,0.748,True,LEGITIMATE,SUSPECTED
SUPPORTING,0.839,True,MIXED,CONFIRMED
SUPPORTING,0.777,True,MIXED,SUSPECTED
CONTRADICTING,0.210,True,LEGITIMATE,FALSE
SUPPORTING,0.919,True,MIXED,CONFIRMED
NEUTRAL,0.400,True,LEGITIMATE,UNKNOWN
NEUTRAL,0.344,True,AMBIGUOUS,UNKNOWN
SUPPORTING,0.951,True,CRIMINAL,CONFIRMED
SUPPORTING,0.842,True,LEGITIMATE,CONFIRMED
NEUTRAL,0.414,True,MIXED,UNKNOWN
SUPPORTING,0.928,True,CRIMINAL,CONFIRMED
NEUTRAL,0.306,True,LEGITIMATE,UNKNOWN
SUPPORTING,0.820,True,CRIMINAL,SUSPECTED
SUPPORTING,0.909,True,MIXED,CONFIRMED
SUPPORTING,0.610,True,CRIMINAL,SUSPECTED
SUPPORTING,0.859,True,LEGITIMATE,CONFIRMED
SUPPORTING,0.948,True,AMBIGUOUS,CONFIRMED
SUPPORTING,0.718,True,CRIMINAL,SUSPECTED
SUPPORTING,0.830,True,CRIMINAL,CONFIRMED
SUPPORTING,0.756,True,LEGITIMATE,SUSPECTED
SUPPORTING,0.628,True,MIXED,SUSPECTED
NEUTRAL,0.314,True,MIXED,UNKNOWN
CONTRADICTING,0.377,True,CRIMINAL,FALSE
CONTRADICTING,0.393,True,CRIMINAL,FALSE
NEUTRAL,0.437,True,MIXED,UNKNOWN
SUPPORTING,0.694,True,MIXED,SUSPECTED
SUPPORTING,0.880,True,MIXED,CONFIRMED
CONTRADICTING,0.374,True,LEGITIMATE,FALSE
NEUTRAL,0.306,True,AMBIGUOUS,UNKNOWN
CONTRADICTING,0.197,True,CRIMINAL,FALSE
SUPPORTING,0.620,True,CRIMINAL,SUSPECTED
SUPPORTING,0.950,True,MIXED,CONFIRMED
CONTRADICTING,0.301,True,AMBIGUOUS,FALSE
SUPPORTING,0.856,True,CRIMINAL,CONFIRMED
CONTRADICTING,0.209,True,AMBIGUOUS,FALSE
SUPPORTING,0.657,True,MIXED,SUSPECTED
SUPPORTING,0.825,True,CRIMINAL,CONFIRMED
SUPPORTING,0.914,True,CRIMINAL,CONFIRMED
SUPPORTING,0.725,True,CRIMINAL,SUSPECTED
NEUTRAL,0.250,True,CRIMINAL,UNKNOWN
NEUTRAL,0.229,True,LEGITIMATE,UNKNOWN
SUPPORTING,0.973,True,AMBIGUOUS,CONFIRMED
SUPPORTING,0.784,True,MIXED,SUSPECTED
SUPPORTING,0.779,True,MIXED,SUSPECTED
NEUTRAL,0.432,True,CRIMINAL,UNKNOWN
CONTRADICTING,0.370,True,MIXED,FALSE
NEUTRAL,0.336,True,LEGITIMATE,UNKNOWN
NEUTRAL,0.508,True,AMBIGUOUS,UNKNOWN
NEUTRAL,0.320,True,CRIMINAL,UNKNOWN
SUPPORTING,0.816,True,CRIMINAL,SUSPECTED
SUPPORTING,0.892,True,MIXED,CONFIRMED
SUPPORTING,0.904,True,CRIMINAL,CONFIRMED
SUPPORTING,0.630,True,LEGITIMATE,SUSPECTED
SUPPORTING,0.950,True,CRIMINAL,CONFIRMED
SUPPORTING,0.831,True,MIXED,CONFIRMED
NEUTRAL,0.362,True,LEGITIMATE,UNKNOWN
SUPPORTING,0.911,True,LEGITIMATE,CONFIRMED
SUPPORTING,0.583,True,AMBIGUOUS,SUSPECTED
SUPPORTING,0.935,True,CRIMINAL,CONFIRMED
SUPPORTING,0.971,True,AMBIGUOUS,CONFIRMED
SUPPORTING,0.583,True,LEGITIMATE,SUSPECTED
CONTRADICTING,0.171,True,MIXED,FALSE
SUPPORTING,0.829,True,MIXED,CONFIRMED
NEUTRAL,0.340,True,CRIMINAL,UNKNOWN
SUPPORTING,0.893,True,MIXED,CONFIRMED
SUPPORTING,0.810,True,AMBIGUOUS,SUSPECTED
SUPPORTING,0.594,True,CRIMINAL,SUSPECTED
SUPPORTING,0.660,True,CRIMINAL,SUSPECTED
NEUTRAL,0.484,True,MIXED,UNKNOWN
SUPPORTING,0.736,True,CRIMINAL,SUSPECTED
SUPPORTING,0.761,True,LEGITIMATE,SUSPECTED
CONTRADICTING,0.198,True,LEGITIMATE,FALSE
SUPPORTING,0.580,True,CRIMINAL,SUSPECTED
CONTRADICTING,0.332,True,AMBIGUOUS,FALSE
SUPPORTING,0.831,True,CRIMINAL,CONFIRMED
SUPPORTING,0.934,True,MIXED,CONFIRMED
SUPPORTING,0.761,True,MIXED,SUSPECTED
SUPPORTING,0.843,True,AMBIGUOUS,SUSPECTED
SUPPORTING,0.628,True,MIXED,SUSPECTED
SUPPORTING,0.938,True,LEGITIMATE,CONFIRMED
SUPPORTING,0.581,True,CRIMINAL,SUSPECTED
SUPPORTING,0.834,True,CRIMINAL,CONFIRMED
NEUTRAL,0.315,True,LEGITIMATE,UNKNOWN
SUPPORTING,0.971,True,CRIMINAL,CONFIRMED
SUPPORTING,0.676,True,CRIMINAL,SUSPECTED
SUPPORTING,0.715,True,LEGITIMATE,SUSPECTED
SUPPORTING,0.693,True,AMBIGUOUS,SUSPECTED
SUPPORTING,0.950,True,CRIMINAL,CONFIRMED
NEUTRAL,0.339,True,CRIMINAL,UNKNOWN
CONTRADICTING,0.367,True,LEGITIMATE,FALSE
NEUTRAL,0.404,True,CRIMINAL,UNKNOWN
SUPPORTING,0.761,True,MIXED,SUSPECTED
SUPPORTING,0.614,True,CRIMINAL,SUSPECTED
SUPPORTING,0.938,True,CRIMINAL,CONFIRMED
SUPPORTING,0.981,True,CRIMINAL,CONFIRMED
SUPPORTING,0.584,True,CRIMINAL,SUSPECTED
CONTRADICTING,0.314,True,CRIMINAL,FALSE
NEUTRAL,0.465,True,MIXED,UNKNOWN
SUPPORTING,0.634,True,MIXED,SUSPECTED
NEUTRAL,0.296,True,AMBIGUOUS,UNKNOWN
NEUTRAL,0.221,True,LEGITIMATE,UNKNOWN
SUPPORTING,0.758,True,CRIMINAL,SUSPECTED
SUPPORTING,0.700,True,CRIMINAL,SUSPECTED
SUPPORTING,0.835,True,AMBIGUOUS,CONFIRMED
CONTRADICTING,0.306,True,CRIMINAL,FALSE
SUPPORTING,0.848,True,CRIMINAL,CONFIRMED
CONTRADICTING,0.334,True,MIXED,FALSE
CONTRADICTING,0.264,True,AMBIGUOUS,FALSE
NEUTRAL,0.386,True,MIXED,UNKNOWN
CONTRADICTING,0.175,True,CRIMINAL,FALSE
NEUTRAL,0.214,True,CRIMINAL,UNKNOWN
NEUTRAL,0.350,True,AMBIGUOUS,UNKNOWN
NEUTRAL,0.443,True,CRIMINAL,UNKNOWN
SUPPORTING,0.626,True,CRIMINAL,SUSPECTED
SUPPORTING,0.896,True,LEGITIMATE,CONFIRMED
SUPPORTING,0.975,True,CRIMINAL,CONFIRMED
SUPPORTING,0.833,True,MIXED,CONFIRMED
SUPPORTING,0.982,True,MIXED,CONFIRMED
SUPPORTING,0.752,True,CRIMINAL,SUSPECTED
SUPPORTING,0.683,True,AMBIGUOUS,SUSPECTED
SUPPORTING,0.648,True,LEGITIMATE,SUSPECTED
SUPPORTING,0.791,True,MIXED,SUSPECTED
SUPPORTING,0.948,True,CRIMINAL,CONFIRMED
CONTRADICTING,0.209,True,LEGITIMATE,FALSE
SUPPORTING,0.694,True,CRIMINAL,SUSPECTED
SUPPORTING,0.960,True,AMBIGUOUS,CONFIRMED
SUPPORTING,0.975,True,AMBIGUOUS,CONFIRMED
SUPPORTING,0.922,True,LEGITIMATE,CONFIRMED
SUPPORTING,0.967,True,CRIMINAL,CONFIRMED
SUPPORTING,0.980,True,MIXED,CONFIRMED
CONTRADICTING,0.281,True,LEGITIMATE,FALSE
NEUTRAL,0.422,True,CRIMINAL,UNKNOWN
NEUTRAL,0.308,True,AMBIGUOUS,UNKNOWN
SUPPORTING,0.942,True,CRIMINAL,CONFIRMED
SUPPORTING,0.919,True,LEGITIMATE,CONFIRMED
NEUTRAL,0.523,True,CRIMINAL,UNKNOWN
SUPPORTING,0.823,True,CRIMINAL,CONFIRMED
SUPPORTING,0.597,True,CRIMINAL,SUSPECTED
NEUTRAL,0.521,True,MIXED,UNKNOWN
SUPPORTING,0.834,True,MIXED,SUSPECTED
SUPPORTING,0.857,True,CRIMINAL,SUSPECTED
SUPPORTING,0.709,True,MIXED,SUSPECTED
NEUTRAL,0.462,True,CRIMINAL,UNKNOWN
SUPPORTING,0.836,True,CRIMINAL,CONFIRMED
SUPPORTING,0.635,True,CRIMINAL,SUSPECTED
CONTRADICTING,0.135,True,AMBIGUOUS,FALSE
SUPPORTING,0.677,True,CRIMINAL,SUSPECTED
SUPPORTING,0.867,True,MIXED,CONFIRMED
NEUTRAL,0.372,True,CRIMINAL,UNKNOWN
SUPPORTING,0.694,True,AMBIGUOUS,SUSPECTED
CONTRADICTING,0.221,True,LEGITIMATE,FALSE
SUPPORTING,0.944,True,MIXED,CONFIRMED
CONTRADICTING,0.302,True,LEGITIMATE,FALSE
SUPPORTING,0.870,True,CRIMINAL,CONFIRMED
CONTRADICTING,0.122,True,AMBIGUOUS,FALSE
SUPPORTING,0.770,True,CRIMINAL,SUSPECTED
NEUTRAL,0.529,True,MIXED,UNKNOWN
NEUTRAL,0.244,True,LEGITIMATE,UNKNOWN
SUPPORTING,0.917,True,MIXED,CONFIRMED
SUPPORTING,0.913,True,MIXED,CONFIRMED
SUPPORTING,0.783,True,MIXED,SUSPECTED
NEUTRAL,0.378,True,CRIMINAL,UNKNOWN
SUPPORTING,0.907,True,CRIMINAL,CONFIRMED
SUPPORTING,0.909,True,CRIMINAL,CONFIRMED
NEUTRAL,0.422,True,CRIMINAL,UNKNOWN
SUPPORTING,0.732,True,LEGITIMATE,SUSPECTED
SUPPORTING,0.778,True,AMBIGUOUS,SUSPECTED
NEUTRAL,0.351,True,CRIMINAL,UNKNOWN
SUPPORTING,0.591,True,MIXED,SUSPECTED
SUPPORTING,0.843,True,LEGITIMATE,SUSPECTED
SUPPORTING,0.729,True,CRIMINAL,SUSPECTED
SUPPORTING,0.940,True,CRIMINAL,CONFIRMED
SUPPORTING,0.806,True,AMBIGUOUS,SUSPECTED
SUPPORTING,0.905,True,MIXED,CONFIRMED
CONTRADICTING,0.251,True,CRIMINAL,FALSE
SUPPORTING,0.634,True,AMBIGUOUS,SUSPECTED
NEUTRAL,0.476,True,CRIMINAL,UNKNOWN
NEUTRAL,0.363,True,CRIMINAL,UNKNOWN
NEUTRAL,0.314,True,AMBIGUOUS,UNKNOWN
SUPPORTING,0.836,True,AMBIGUOUS,CONFIRMED
CONTRADICTING,0.151,True,CRIMINAL,FALSE
SUPPORTING,0.978,True,MIXED,CONFIRMED
NEUTRAL,0.548,True,LEGITIMATE,UNKNOWN
SUPPORTING,0.696,True,CRIMINAL,SUSPECTED
SUPPORTING,0.884,True,LEGITIMATE,CONFIRMED
CONTRADICTING,0.381,True,LEGITIMATE,FALSE
NEUTRAL,0.415,True,AMBIGUOUS,UNKNOWN
NEUTRAL,0.387,True,LEGITIMATE,UNKNOWN
SUPPORTING,0.781,True,CRIMINAL,SUSPECTED
CONTRADICTING,0.328,True,LEGITIMATE,FALSE
SUPPORTING,0.699,True,CRIMINAL,SUSPECTED
SUPPORTING,0.626,True,CRIMINAL,SUSPECTED
SUPPORTING,0.730,True,CRIMINAL,SUSPECTED
NEUTRAL,0.385,True,AMBIGUOUS,UNKNOWN
SUPPORTING,0.955,True,CRIMINAL,CONFIRMED
NEUTRAL,0.425,True,LEGITIMATE,UNKNOWN
SUPPORTING,0.902,True,CRIMINAL,CONFIRMED
SUPPORTING,0.595,True,CRIMINAL,SUSPECTED
SUPPORTING,0.724,True,MIXED,SUSPECTED
SUPPORTING,0.815,True,MIXED,SUSPECTED
SUPPORTING,0.985,True,MIXED,CONFIRMED
SUPPORTING,0.594,True,MIXED,SUSPECTED
SUPPORTING,0.962,True,CRIMINAL,CONFIRMED
SUPPORTING,0.784,True,MIXED,SUSPECTED
NEUTRAL,0.478,True,CRIMINAL,UNKNOWN
SUPPORTING,0.827,True,CRIMINAL,CONFIRMED
NEUTRAL,0.548,True,MIXED,UNKNOWN
NEUTRAL,0.503,True,LEGITIMATE,UNKNOWN
SUPPORTING,0.808,True,MIXED,SUSPECTED
SUPPORTING,0.843,True,CRIMINAL,SUSPECTED
NEUTRAL,0.334,True,CRIMINAL,UNKNOWN
SUPPORTING,0.606,True,CRIMINAL,SUSPECTED
SUPPORTING,0.679,True,CRIMINAL,SUSPECTED
SUPPORTING,0.939,True,CRIMINAL,CONFIRMED
NEUTRAL,0.424,True,LEGITIMATE,UNKNOWN
NEUTRAL,0.393,True,MIXED,UNKNOWN
SUPPORTING,0.990,True,AMBIGUOUS,CONFIRMED
CONTRADICTING,0.397,True,LEGITIMATE,FALSE
NEUTRAL,0.231,True,MIXED,UNKNOWN
NEUTRAL,0.505,True,CRIMINAL,UNKNOWN
SUPPORTING,0.738,True,AMBIGUOUS,SUSPECTED
NEUTRAL,0.420,True,LEGITIMATE,UNKNOWN
SUPPORTING,0.845,True,CRIMINAL,CONFIRMED
SUPPORTING,0.972,True,CRIMINAL,CONFIRMED
SUPPORTING,0.681,True,CRIMINAL,SUSPECTED
NEUTRAL,0.220,True,MIXED,UNKNOWN
SUPPORTING,0.953,True,MIXED,CONFIRMED
SUPPORTING,0.968,True,CRIMINAL,CONFIRMED
SUPPORTING,0.969,True,MIXED,CONFIRMED
CONTRADICTING,0.294,True,LEGITIMATE,FALSE
SUPPORTING,0.759,True,MIXED,SUSPECTED
NEUTRAL,0.524,True,LEGITIMATE,UNKNOWN
CONTRADICTING,0.252,True,CRIMINAL,FALSE
SUPPORTING,0.848,True,MIXED,SUSPECTED
NEUTRAL,0.315,True,MIXED,UNKNOWN
NEUTRAL,0.332,True,AMBIGUOUS,UNKNOWN
NEUTRAL,0.338,True,AMBIGUOUS,UNKNOWN
NEUTRAL,0.242,True,CRIMINAL,UNKNOWN
NEUTRAL,0.205,True,CRIMINAL,UNKNOWN
SUPPORTING,0.959,True,MIXED,CONFIRMED
CONTRADICTING,0.396,True,AMBIGUOUS,FALSE
NEUTRAL,0.218,True,CRIMINAL,UNKNOWN
NEUTRAL,0.475,True,AMBIGUOUS,UNKNOWN
NEUTRAL,0.213,True,AMBIGUOUS,UNKNOWN
NEUTRAL,0.435,True,MIXED,UNKNOWN
SUPPORTING,0.584,True,LEGITIMATE,SUSPECTED
SUPPORTING,0.702,True,LEGITIMATE,SUSPECTED
SUPPORTING,0.871,True,AMBIGUOUS,CONFIRMED
SUPPORTING,0.849,True,CRIMINAL,CONFIRMED
SUPPORTING,0.966,True,CRIMINAL,CONFIRMED
CONTRADICTING,0.214,True,LEGITIMATE,FALSE
SUPPORTING,0.896,True,MIXED,CONFIRMED
SUPPORTING,0.802,True,MIXED,SUSPECTED
CONTRADICTING,0.211,True,LEGITIMATE,FALSE
NEUTRAL,0.311,True,MIXED,UNKNOWN
NEUTRAL,0.227,True,MIXED,UNKNOWN
SUPPORTING,0.857,True,CRIMINAL,CONFIRMED
NEUTRAL,0.209,True,LEGITIMATE,UNKNOWN
SUPPORTING,0.856,True,CRIMINAL,CONFIRMED
SUPPORTING,0.736,True,CRIMINAL,SUSPECTED
SUPPORTING,0.656,True,CRIMINAL,SUSPECTED
CONTRADICTING,0.294,True,LEGITIMATE,FALSE
NEUTRAL,0.280,True,AMBIGUOUS,UNKNOWN
SUPPORTING,0.821,True,AMBIGUOUS,SUSPECTED
NEUTRAL,0.376,True,CRIMINAL,UNKNOWN
SUPPORTING,0.915,True,MIXED,CONFIRMED
SUPPORTING,0.667,True,CRIMINAL,SUSPECTED
SUPPORTING,0.812,True,CRIMINAL,SUSPECTED
CONTRADICTING,0.243,True,LEGITIMATE,FALSE
SUPPORTING,0.909,True,CRIMINAL,CONFIRMED
NEUTRAL,0.267,True,CRIMINAL,UNKNOWN
SUPPORTING,0.862,True,MIXED,CONFIRMED
NEUTRAL,0.511,True,AMBIGUOUS,UNKNOWN
SUPPORTING,0.791,True,AMBIGUOUS,SUSPECTED
SUPPORTING,0.828,True,MIXED,CONFIRMED
SUPPORTING,0.944,True,CRIMINAL,CONFIRMED
SUPPORTING,0.772,True,AMBIGUOUS,SUSPECTED
SUPPORTING,0.610,True,CRIMINAL,SUSPECTED
NEUTRAL,0.301,True,CRIMINAL,UNKNOWN
SUPPORTING,0.617,True,LEGITIMATE,SUSPECTED
SUPPORTING,0.674,True,AMBIGUOUS,SUSPECTED
SUPPORTING,0.906,True,CRIMINAL,CONFIRMED
NEUTRAL,0.359,True,MIXED,UNKNOWN
SUPPORTING,0.747,True,CRIMINAL,SUSPECTED
SUPPORTING,0.988,True,CRIMINAL,CONFIRMED
NEUTRAL,0.365,True,MIXED,UNKNOWN
SUPPORTING,0.588,True,LEGITIMATE,SUSPECTED
CONTRADICTING,0.335,True,LEGITIMATE,FALSE
SUPPORTING,0.838,True,MIXED,CONFIRMED
CONTRADICTING,0.255,True,CRIMINAL,FALSE
SUPPORTING,0.786,True,MIXED,SUSPECTED
SUPPORTING,0.590,True,AMBIGUOUS,SUSPECTED
SUPPORTING,0.581,True,LEGITIMATE,SUSPECTED
NEUTRAL,0.509,True,LEGITIMATE,UNKNOWN
SUPPORTING,0.835,True,CRIMINAL,CONFIRMED
SUPPORTING,0.941,True,CRIMINAL,CONFIRMED
CONTRADICTING,0.259,True,MIXED,FALSE
NEUTRAL,0.204,True,MIXED,UNKNOWN
SUPPORTING,0.705,True,MIXED,SUSPECTED
SUPPORTING,0.759,True,MIXED,SUSPECTED
SUPPORTING,0.942,True,CRIMINAL,CONFIRMED
SUPPORTING,0.853,True,MIXED,SUSPECTED
NEUTRAL,0.323,True,MIXED,UNKNOWN
NEUTRAL,0.377,True,AMBIGUOUS,UNKNOWN
SUPPORTING,0.758,True,AMBIGUOUS,SUSPECTED
SUPPORTING,0.867,True,CRIMINAL,CONFIRMED
NEUTRAL,0.263,True,MIXED,UNKNOWN
SUPPORTING,0.923,True,MIXED,CONFIRMED
SUPPORTING,0.864,True,LEGITIMATE,CONFIRMED
SUPPORTING,0.741,True,CRIMINAL,SUSPECTED
NEUTRAL,0.517,True,CRIMINAL,UNKNOWN
NEUTRAL,0.436,True,AMBIGUOUS,UNKNOWN
SUPPORTING,0.687,True,CRIMINAL,SUSPECTED
NEUTRAL,0.364,True,AMBIGUOUS,UNKNOWN
SUPPORTING,0.834,True,AMBIGUOUS,SUSPECTED
NEUTRAL,0.304,True,MIXED,UNKNOWN
NEUTRAL,0.535,True,AMBIGUOUS,UNKNOWN
SUPPORTING,0.832,True,CRIMINAL,CONFIRMED
SUPPORTING,0.829,True,MIXED,CONFIRMED
SUPPORTING,0.924,True,CRIMINAL,CONFIRMED
SUPPORTING,0.670,True,LEGITIMATE,SUSPECTED
SUPPORTING,0.791,True,MIXED,SUSPECTED
SUPPORTING,0.806,True,MIXED,SUSPECTED
NEUTRAL,0.213,True,CRIMINAL,UNKNOWN
SUPPORTING,0.939,True,MIXED,CONFIRMED
SUPPORTING,0.692,True,CRIMINAL,SUSPECTED
CONTRADICTING,0.341,True,LEGITIMATE,FALSE
CONTRADICTING,0.398,True,MIXED,FALSE
SUPPORTING,0.988,True,LEGITIMATE,CONFIRMED
NEUTRAL,0.478,True,AMBIGUOUS,UNKNOWN
NEUTRAL,0.242,True,AMBIGUOUS,UNKNOWN
SUPPORTING,0.827,True,CRIMINAL,SUSPECTED
CONTRADICTING,0.334,True,CRIMINAL,FALSE
SUPPORTING,0.890,True,MIXED,CONFIRMED
SUPPORTING,0.860,True,AMBIGUOUS,SUSPECTED
SUPPORTING,0.833,True,CRIMINAL,SUSPECTED
CONTRADICTING,0.237,True,AMBIGUOUS,FALSE
NEUTRAL,0.206,True,LEGITIMATE,UNKNOWN
SUPPORTING,0.843,True,MIXED,SUSPECTED
CONTRADICTING,0.320,True,CRIMINAL,FALSE
NEUTRAL,0.401,True,MIXED,UNKNOWN
CONTRADICTING,0.312,True,CRIMINAL,FALSE
SUPPORTING,0.645,True,AMBIGUOUS,SUSPECTED
CONTRADICTING,0.407,True,CRIMINAL,FALSE
SUPPORTING,0.928,True,AMBIGUOUS,CONFIRMED
NEUTRAL,0.250,True,CRIMINAL,UNKNOWN
SUPPORTING,0.819,True,MIXED,SUSPECTED
NEUTRAL,0.232,True,MIXED,UNKNOWN
NEUTRAL,0.540,True,LEGITIMATE,UNKNOWN
SUPPORTING,0.920,True,MIXED,CONFIRMED
NEUTRAL,0.519,True,AMBIGUOUS,UNKNOWN
SUPPORTING,0.750,True,LEGITIMATE,SUSPECTED
SUPPORTING,0.864,True,MIXED,CONFIRMED
CONTRADICTING,0.336,True,CRIMINAL,FALSE
SUPPORTING,0.775,True,CRIMINAL,SUSPECTED
SUPPORTING,0.962,True,LEGITIMATE,CONFIRMED
SUPPORTING,0.643,True,AMBIGUOUS,SUSPECTED
SUPPORTING,0.588,True,CRIMINAL,SUSPECTED
SUPPORTING,0.751,True,CRIMINAL,SUSPECTED
NEUTRAL,0.348,True,MIXED,UNKNOWN
SUPPORTING,0.722,True,CRIMINAL,SUSPECTED
SUPPORTING,0.935,True,MIXED,CONFIRMED
NEUTRAL,0.419,True,AMBIGUOUS,UNKNOWN
CONTRADICTING,0.386,True,MIXED,FALSE
NEUTRAL,0.276,True,AMBIGUOUS,UNKNOWN
NEUTRAL,0.358,True,LEGITIMATE,UNKNOWN
CONTRADICTING,0.405,True,MIXED,FALSE
SUPPORTING,0.797,True,MIXED,SUSPECTED
NEUTRAL,0.463,True,AMBIGUOUS,UNKNOWN
SUPPORTING,0.845,True,CRIMINAL,SUSPECTED
SUPPORTING,0.768,True,CRIMINAL,SUSPECTED
CONTRADICTING,0.317,True,CRIMINAL,FALSE
SUPPORTING,0.920,True,CRIMINAL,CONFIRMED
SUPPORTING,0.968,True,CRIMINAL,CONFIRMED
SUPPORTING,0.793,True,MIXED,SUSPECTED
SUPPORTING,0.592,True,CRIMINAL,SUSPECTED
SUPPORTING,0.839,True,AMBIGUOUS,SUSPECTED
NEUTRAL,0.439,True,LEGITIMATE,UNKNOWN
SUPPORTING,0.988,True,AMBIGUOUS,CONFIRMED
SUPPORTING,0.783,True,LEGITIMATE,SUSPECTED
SUPPORTING,0.715,True,MIXED,SUSPECTED
NEUTRAL,0.297,True,CRIMINAL,UNKNOWN
SUPPORTING,0.650,True,MIXED,SUSPECTED
SUPPORTING,0.779,True,MIXED,SUSPECTED
SUPPORTING,0.767,True,CRIMINAL,SUSPECTED
NEUTRAL,0.448,True,LEGITIMATE,UNKNOWN
CONTRADICTING,0.169,True,CRIMINAL,FALSE
SUPPORTING,0.819,True,MIXED,SUSPECTED
SUPPORTING,0.674,True,LEGITIMATE,SUSPECTED
CONTRADICTING,0.346,True,LEGITIMATE,FALSE
SUPPORTING,0.811,True,MIXED,SUSPECTED
NEUTRAL,0.409,True,AMBIGUOUS,UNKNOWN
NEUTRAL,0.535,True,MIXED,UNKNOWN
SUPPORTING,0.926,True,MIXED,CONFIRMED
CONTRADICTING,0.277,True,LEGITIMATE,FALSE
NEUTRAL,0.500,True,CRIMINAL,UNKNOWN
CONTRADICTING,0.275,True,CRIMINAL,FALSE
CONTRADICTING,0.349,True,LEGITIMATE,FALSE
NEUTRAL,0.222,True,CRIMINAL,UNKNOWN
SUPPORTING,0.839,True,CRIMINAL,CONFIRMED
CONTRADICTING,0.268,True,CRIMINAL,FALSE
SUPPORTING,0.605,True,MIXED,SUSPECTED
NEUTRAL,0.345,True,CRIMINAL,UNKNOWN
CONTRADICTING,0.275,True,MIXED,FALSE
NEUTRAL,0.410,True,CRIMINAL,UNKNOWN
NEUTRAL,0.423,True,MIXED,UNKNOWN
SUPPORTING,0.948,True,CRIMINAL,CONFIRMED
CONTRADICTING,0.333,True,LEGITIMATE,FALSE
CONTRADICTING,0.335,True,MIXED,FALSE
SUPPORTING,0.882,True,MIXED,CONFIRMED
CONTRADICTING,0.226,True,CRIMINAL,FALSE
NEUTRAL,0.539,True,CRIMINAL,UNKNOWN
SUPPORTING,0.845,True,CRIMINAL,CONFIRMED
SUPPORTING,0.725,True,MIXED,SUSPECTED
SUPPORTING,0.695,True,AMBIGUOUS,SUSPECTED
NEUTRAL,0.430,True,MIXED,UNKNOWN
NEUTRAL,0.444,True,CRIMINAL,UNKNOWN
SUPPORTING,0.659,True,CRIMINAL,SUSPECTED
NEUTRAL,0.489,True,MIXED,UNKNOWN
NEUTRAL,0.347,True,CRIMINAL,UNKNOWN
NEUTRAL,0.343,True,CRIMINAL,UNKNOWN
CONTRADICTING,0.388,True,LEGITIMATE,FALSE
NEUTRAL,0.382,True,CRIMINAL,UNKNOWN
SUPPORTING,0.893,True,CRIMINAL,CONFIRMED
SUPPORTING,0.831,True,LEGITIMATE,CONFIRMED
CONTRADICTING,0.172,True,CRIMINAL,FALSE
SUPPORTING,0.721,True,AMBIGUOUS,SUSPECTED
SUPPORTING,0.623,True,CRIMINAL,SUSPECTED
SUPPORTING,0.915,True,MIXED,CONFIRMED
SUPPORTING,0.846,True,LEGITIMATE,CONFIRMED
CONTRADICTING,0.325,True,LEGITIMATE,FALSE
CONTRADICTING,0.176,True,MIXED,FALSE
SUPPORTING,0.857,True,CRIMINAL,CONFIRMED
SUPPORTING,0.783,True,LEGITIMATE,SUSPECTED
SUPPORTING,0.852,True,AMBIGUOUS,SUSPECTED
NEUTRAL,0.269,True,LEGITIMATE,UNKNOWN
SUPPORTING,0.981,True,MIXED,CONFIRMED
SUPPORTING,0.583,True,CRIMINAL,SUSPECTED
SUPPORTING,0.593,True,LEGITIMATE,SUSPECTED
CONTRADICTING,0.355,True,CRIMINAL,FALSE
CONTRADICTING,0.311,True,MIXED,FALSE
SUPPORTING,0.980,True,CRIMINAL,CONFIRMED
NEUTRAL,0.275,True,CRIMINAL,UNKNOWN
SUPPORTING,0.942,True,AMBIGUOUS,CONFIRMED
CONTRADICTING,0.286,True,CRIMINAL,FALSE
SUPPORTING,0.795,True,CRIMINAL,SUSPECTED
CONTRADICTING,0.201,True,AMBIGUOUS,FALSE
NEUTRAL,0.296,True,AMBIGUOUS,UNKNOWN
NEUTRAL,0.226,True,AMBIGUOUS,UNKNOWN
SUPPORTING,0.763,True,AMBIGUOUS,SUSPECTED
SUPPORTING,0.674,True,CRIMINAL,SUSPECTED
SUPPORTING,0.648,True,CRIMINAL,SUSPECTED
SUPPORTING,0.766,True,LEGITIMATE,SUSPECTED
NEUTRAL,0.463,True,CRIMINAL,UNKNOWN
SUPPORTING,0.735,True,MIXED,SUSPECTED
SUPPORTING,0.927,True,CRIMINAL,CONFIRMED
CONTRADICTING,0.351,True,LEGITIMATE,FALSE
SUPPORTING,0.607,True,LEGITIMATE,SUSPECTED
SUPPORTING,0.841,True,MIXED,SUSPECTED
SUPPORTING,0.973,True,CRIMINAL,CONFIRMED
CONTRADICTING,0.287,True,CRIMINAL,FALSE
SUPPORTING,0.844,True,CRIMINAL,CONFIRMED
SUPPORTING,0.943,True,CRIMINAL,CONFIRMED
SUPPORTING,0.766,True,CRIMINAL,SUSPECTED
CONTRADICTING,0.179,True,CRIMINAL,FALSE
SUPPORTING,0.757,True,CRIMINAL,SUSPECTED
CONTRADICTING,0.394,True,AMBIGUOUS,FALSE
SUPPORTING,0.631,True,AMBIGUOUS,SUSPECTED
NEUTRAL,0.465,True,AMBIGUOUS,UNKNOWN
CONTRADICTING,0.222,True,CRIMINAL,FALSE
SUPPORTING,0.687,True,MIXED,SUSPECTED
CONTRADICTING,0.330,True,LEGITIMATE,FALSE
CONTRADICTING,0.206,True,LEGITIMATE,FALSE
SUPPORTING,0.884,True,MIXED,CONFIRMED
NEUTRAL,0.380,True,CRIMINAL,UNKNOWN
CONTRADICTING,0.416,True,CRIMINAL,FALSE
CONTRADICTING,0.203,True,AMBIGUOUS,FALSE
SUPPORTING,0.936,True,AMBIGUOUS,CONFIRMED
SUPPORTING,0.831,True,MIXED,CONFIRMED
NEUTRAL,0.526,True,AMBIGUOUS,UNKNOWN
SUPPORTING,0.936,True,AMBIGUOUS,CONFIRMED
SUPPORTING,0.661,True,MIXED,SUSPECTED
NEUTRAL,0.219,True,CRIMINAL,UNKNOWN
SUPPORTING,0.820,True,CRIMINAL,SUSPECTED
NEUTRAL,0.316,True,MIXED,UNKNOWN
NEUTRAL,0.491,True,CRIMINAL,UNKNOWN
NEUTRAL,0.275,True,LEGITIMATE,UNKNOWN
CONTRADICTING,0.400,True,MIXED,FALSE
NEUTRAL,0.245,True,AMBIGUOUS,UNKNOWN
NEUTRAL,0.482,True,CRIMINAL,UNKNOWN
SUPPORTING,0.664,True,CRIMINAL,SUSPECTED
SUPPORTING,0.697,True,AMBIGUOUS,SUSPECTED
CONTRADICTING,0.194,True,LEGITIMATE,FALSE
SUPPORTING,0.616,True,MIXED,SUSPECTED
NEUTRAL,0.470,True,LEGITIMATE,UNKNOWN
SUPPORTING,0.664,True,AMBIGUOUS,SUSPECTED
NEUTRAL,0.414,True,CRIMINAL,UNKNOWN
NEUTRAL,0.458,True,LEGITIMATE,UNKNOWN
SUPPORTING,0.831,True,CRIMINAL,CONFIRMED
CONTRADICTING,0.214,True,MIXED,FALSE
NEUTRAL,0.512,True,CRIMINAL,UNKNOWN
NEUTRAL,0.495,True,MIXED,UNKNOWN
SUPPORTING,0.810,True,MIXED,SUSPECTED
SUPPORTING,0.842,True,AMBIGUOUS,CONFIRMED
SUPPORTING,0.787,True,LEGITIMATE,SUSPECTED
SUPPORTING,0.888,True,CRIMINAL,CONFIRMED
SUPPORTING,0.607,True,CRIMINAL,SUSPECTED
NEUTRAL,0.337,True,LEGITIMATE,UNKNOWN
SUPPORTING,0.872,True,AMBIGUOUS,CONFIRMED
SUPPORTING,0.870,True,CRIMINAL,CONFIRMED
CONTRADICTING,0.403,True,MIXED,FALSE
SUPPORTING,0.897,True,CRIMINAL,CONFIRMED
NEUTRAL,0.466,True,LEGITIMATE,UNKNOWN
NEUTRAL,0.505,True,CRIMINAL,UNKNOWN
SUPPORTING,0.869,True,CRIMINAL,CONFIRMED
CONTRADICTING,0.419,True,LEGITIMATE,FALSE
NEUTRAL,0.207,True,MIXED,UNKNOWN
NEUTRAL,0.453,True,LEGITIMATE,UNKNOWN
CONTRADICTING,0.132,True,LEGITIMATE,FALSE
SUPPORTING,0.659,True,MIXED,SUSPECTED
NEUTRAL,0.541,True,CRIMINAL,UNKNOWN
SUPPORTING,0.763,True,AMBIGUOUS,SUSPECTED
SUPPORTING,0.766,True,MIXED,SUSPECTED
SUPPORTING,0.986,True,CRIMINAL,CONFIRMED
CONTRADICTING,0.215,True,LEGITIMATE,FALSE
CONTRADICTING,0.281,True,CRIMINAL,FALSE
SUPPORTING,0.851,True,LEGITIMATE,SUSPECTED
CONTRADICTING,0.185,True,CRIMINAL,FALSE
CONTRADICTING,0.369,True,MIXED,FALSE
SUPPORTING,0.596,True,MIXED,SUSPECTED
SUPPORTING,0.878,True,MIXED,CONFIRMED
SUPPORTING,0.741,True,MIXED,SUSPECTED
NEUTRAL,0.358,True,CRIMINAL,UNKNOWN
SUPPORTING,0.596,True,LEGITIMATE,SUSPECTED
NEUTRAL,0.285,True,CRIMINAL,UNKNOWN
NEUTRAL,0.432,True,AMBIGUOUS,UNKNOWN
SUPPORTING,0.961,True,MIXED,CONFIRMED
SUPPORTING,0.918,True,LEGITIMATE,CONFIRMED
NEUTRAL,0.221,True,MIXED,UNKNOWN
SUPPORTING,0.712,True,AMBIGUOUS,SUSPECTED
SUPPORTING,0.755,True,MIXED,SUSPECTED
CONTRADICTING,0.287,True,AMBIGUOUS,FALSE
SUPPORTING,0.761,True,AMBIGUOUS,SUSPECTED
SUPPORTING,0.695,True,CRIMINAL,SUSPECTED
CONTRADICTING,0.124,True,MIXED,FALSE
SUPPORTING,0.635,True,CRIMINAL,SUSPECTED
SUPPORTING,0.793,True,CRIMINAL,SUSPECTED
SUPPORTING,0.693,True,CRIMINAL,SUSPECTED
SUPPORTING,0.957,True,CRIMINAL,CONFIRMED
SUPPORTING,0.656,True,CRIMINAL,SUSPECTED
SUPPORTING,0.960,True,CRIMINAL,CONFIRMED
SUPPORTING,0.828,True,MIXED,SUSPECTED
SUPPORTING,0.827,True,CRIMINAL,CONFIRMED
SUPPORTING,0.918,True,CRIMINAL,CONFIRMED
NEUTRAL,0.310,True,CRIMINAL,UNKNOWN
NEUTRAL,0.313,True,LEGITIMATE,UNKNOWN
SUPPORTING,0.948,True,MIXED,CONFIRMED
SUPPORTING,0.778,True,CRIMINAL,SUSPECTED
SUPPORTING,0.828,True,LEGITIMATE,SUSPECTED
SUPPORTING,0.834,True,CRIMINAL,CONFIRMED
NEUTRAL,0.263,True,CRIMINAL,UNKNOWN
SUPPORTING,0.654,True,CRIMINAL,SUSPECTED
SUPPORTING,0.975,True,LEGITIMATE,CONFIRMED
SUPPORTING,0.856,True,MIXED,SUSPECTED
SUPPORTING,0.770,True,MIXED,SUSPECTED
NEUTRAL,0.292,True,MIXED,UNKNOWN
SUPPORTING,0.729,True,MIXED,SUSPECTED
SUPPORTING,0.838,True,CRIMINAL,SUSPECTED
CONTRADICTING,0.280,True,MIXED,FALSE
SUPPORTING,0.823,True,CRIMINAL,SUSPECTED
NEUTRAL,0.381,True,CRIMINAL,UNKNOWN
NEUTRAL,0.340,True,MIXED,UNKNOWN
SUPPORTING,0.837,True,LEGITIMATE,CONFIRMED
SUPPORTING,0.597,True,MIXED,SUSPECTED
NEUTRAL,0.438,True,LEGITIMATE,UNKNOWN
SUPPORTING,0.616,True,CRIMINAL,SUSPECTED
NEUTRAL,0.309,True,LEGITIMATE,UNKNOWN
NEUTRAL,0.345,True,MIXED,UNKNOWN
CONTRADICTING,0.407,True,AMBIGUOUS,FALSE
SUPPORTING,0.745,True,MIXED,SUSPECTED
NEUTRAL,0.401,True,LEGITIMATE,UNKNOWN
SUPPORTING,0.720,True,LEGITIMATE,SUSPECTED
SUPPORTING,0.655,True,LEGITIMATE,SUSPECTED
SUPPORTING,0.884,True,LEGITIMATE,CONFIRMED
SUPPORTING,0.961,True,CRIMINAL,CONFIRMED
SUPPORTING,0.856,True,AMBIGUOUS,SUSPECTED
SUPPORTING,0.618,True,CRIMINAL,SUSPECTED
SUPPORTING,0.746,True,LEGITIMATE,SUSPECTED
SUPPORTING,0.626,True,MIXED,SUSPECTED
SUPPORTING,0.708,True,MIXED,SUSPECTED
CONTRADICTING,0.214,True,MIXED,FALSE
SUPPORTING,0.864,True,MIXED,CONFIRMED
CONTRADICTING,0.296,True,MIXED,FALSE
SUPPORTING,0.891,True,CRIMINAL,CONFIRMED
NEUTRAL,0.467,True,AMBIGUOUS,UNKNOWN
CONTRADICTING,0.301,True,AMBIGUOUS,FALSE
SUPPORTING,0.844,True,LEGITIMATE,CONFIRMED
SUPPORTING,0.613,True,MIXED,SUSPECTED
NEUTRAL,0.534,True,MIXED,UNKNOWN
CONTRADICTING,0.322,True,MIXED,FALSE
SUPPORTING,0.890,True,CRIMINAL,CONFIRMED
SUPPORTING,0.854,True,CRIMINAL,SUSPECTED
NEUTRAL,0.521,True,CRIMINAL,UNKNOWN
SUPPORTING,0.835,True,LEGITIMATE,SUSPECTED
SUPPORTING,0.634,True,MIXED,SUSPECTED
SUPPORTING,0.619,True,CRIMINAL,SUSPECTED
NEUTRAL,0.316,True,AMBIGUOUS,UNKNOWN
NEUTRAL,0.232,True,AMBIGUOUS,UNKNOWN
NEUTRAL,0.533,True,AMBIGUOUS,UNKNOWN
CONTRADICTING,0.172,True,CRIMINAL,FALSE
NEUTRAL,0.321,True,AMBIGUOUS,UNKNOWN
CONTRADICTING,0.194,True,CRIMINAL,FALSE
SUPPORTING,0.782,True,AMBIGUOUS,SUSPECTED
NEUTRAL,0.262,True,MIXED,UNKNOWN
SUPPORTING,0.636,True,LEGITIMATE,SUSPECTED
NEUTRAL,0.261,True,MIXED,UNKNOWN
NEUTRAL,0.208,True,CRIMINAL,UNKNOWN
NEUTRAL,0.508,True,AMBIGUOUS,UNKNOWN
CONTRADICTING,0.147,True,LEGITIMATE,FALSE
NEUTRAL,0.385,True,MIXED,UNKNOWN
SUPPORTING,0.961,True,CRIMINAL,CONFIRMED
SUPPORTING,0.817,True,CRIMINAL,SUSPECTED
NEUTRAL,0.527,True,LEGITIMATE,UNKNOWN
CONTRADICTING,0.152,True,CRIMINAL,FALSE
SUPPORTING,0.595,True,MIXED,SUSPECTED
NEUTRAL,0.287,True,MIXED,UNKNOWN
SUPPORTING,0.842,True,MIXED,CONFIRMED
SUPPORTING,0.679,True,MIXED,SUSPECTED
SUPPORTING,0.686,True,AMBIGUOUS,SUSPECTED
NEUTRAL,0.237,True,LEGITIMATE,UNKNOWN
SUPPORTING,0.953,True,CRIMINAL,CONFIRMED
SUPPORTING,0.838,True,AMBIGUOUS,CONFIRMED
SUPPORTING,0.850,True,AMBIGUOUS,SUSPECTED
CONTRADICTING,0.142,True,CRIMINAL,FALSE
NEUTRAL,0.315,True,MIXED,UNKNOWN
SUPPORTING,0.856,True,CRIMINAL,SUSPECTED
NEUTRAL,0.299,True,LEGITIMATE,UNKNOWN
SUPPORTING,0.918,True,CRIMINAL,CONFIRMED
SUPPORTING,0.737,True,AMBIGUOUS,SUSPECTED
SUPPORTING,0.806,True,AMBIGUOUS,SUSPECTED
CONTRADICTING,0.257,True,CRIMINAL,FALSE
SUPPORTING,0.758,True,CRIMINAL,SUSPECTED
NEUTRAL,0.294,True,CRIMINAL,UNKNOWN
SUPPORTING,0.829,True,CRIMINAL,SUSPECTED
SUPPORTING,0.932,True,AMBIGUOUS,CONFIRMED
CONTRADICTING,0.348,True,MIXED,FALSE
SUPPORTING,0.606,True,CRIMINAL,SUSPECTED
NEUTRAL,0.228,True,CRIMINAL,UNKNOWN
CONTRADICTING,0.187,True,CRIMINAL,FALSE
NEUTRAL,0.408,True,MIXED,UNKNOWN
CONTRADICTING,0.258,True,CRIMINAL,FALSE
CONTRADICTING,0.372,True,LEGITIMATE,FALSE
NEUTRAL,0.471,True,LEGITIMATE,UNKNOWN
SUPPORTING,0.837,True,CRIMINAL,CONFIRMED
NEUTRAL,0.370,True,AMBIGUOUS,UNKNOWN
NEUTRAL,0.485,True,CRIMINAL,UNKNOWN
NEUTRAL,0.332,True,MIXED,UNKNOWN
CONTRADICTING,0.229,True,CRIMINAL,FALSE
NEUTRAL,0.206,True,CRIMINAL,UNKNOWN
SUPPORTING,0.958,True,LEGITIMATE,CONFIRMED
SUPPORTING,0.830,True,LEGITIMATE,CONFIRMED
SUPPORTING,0.798,True,CRIMINAL,SUSPECTED
NEUTRAL,0.531,True,CRIMINAL,UNKNOWN
SUPPORTING,0.920,True,CRIMINAL,CONFIRMED
NEUTRAL,0.424,True,AMBIGUOUS,UNKNOWN
NEUTRAL,0.525,True,AMBIGUOUS,UNKNOWN
SUPPORTING,0.928,True,AMBIGUOUS,CONFIRMED
CONTRADICTING,0.341,True,AMBIGUOUS,FALSE
SUPPORTING,0.789,True,CRIMINAL,SUSPECTED
SUPPORTING,0.668,True,CRIMINAL,SUSPECTED
NEUTRAL,0.318,True,MIXED,UNKNOWN
SUPPORTING,0.974,True,CRIMINAL,CONFIRMED
SUPPORTING,0.953,True,CRIMINAL,CONFIRMED
NEUTRAL,0.251,True,MIXED,UNKNOWN
SUPPORTING,0.614,True,CRIMINAL,SUSPECTED
SUPPORTING,0.957,True,CRIMINAL,CONFIRMED
CONTRADICTING,0.254,True,AMBIGUOUS,FALSE
SUPPORTING,0.896,True,MIXED,CONFIRMED
NEUTRAL,0.274,True,AMBIGUOUS,UNKNOWN
SUPPORTING,0.897,True,MIXED,CONFIRMED
NEUTRAL,0.515,True,CRIMINAL,UNKNOWN
SUPPORTING,0.637,True,MIXED,SUSPECTED
SUPPORTING,0.978,True,MIXED,CONFIRMED
SUPPORTING,0.937,True,CRIMINAL,CONFIRMED
SUPPORTING,0.679,True,MIXED,SUSPECTED
SUPPORTING,0.637,True,MIXED,SUSPECTED
NEUTRAL,0.524,True,CRIMINAL,UNKNOWN
NEUTRAL,0.362,True,CRIMINAL,UNKNOWN
NEUTRAL,0.309,True,LEGITIMATE,UNKNOWN
SUPPORTING,0.859,True,MIXED,SUSPECTED
SUPPORTING,0.763,True,CRIMINAL,SUSPECTED
CONTRADICTING,0.417,True,LEGITIMATE,FALSE
SUPPORTING,0.723,True,MIXED,SUSPECTED
NEUTRAL,0.376,True,CRIMINAL,UNKNOWN
SUPPORTING,0.787,True,AMBIGUOUS,SUSPECTED
NEUTRAL,0.487,True,MIXED,UNKNOWN
SUPPORTING,0.859,True,CRIMINAL,SUSPECTED
NEUTRAL,0.509,True,CRIMINAL,UNKNOWN
SUPPORTING,0.795,True,CRIMINAL,SUSPECTED
SUPPORTING,0.970,True,LEGITIMATE,CONFIRMED
SUPPORTING,0.855,True,MIXED,CONFIRMED
NEUTRAL,0.459,True,MIXED,UNKNOWN
SUPPORTING,0.915,True,CRIMINAL,CONFIRMED
NEUTRAL,0.312,True,LEGITIMATE,UNKNOWN
SUPPORTING,0.726,True,AMBIGUOUS,SUSPECTED
NEUTRAL,0.515,True,AMBIGUOUS,UNKNOWN
CONTRADICTING,0.195,True,CRIMINAL,FALSE
SUPPORTING,0.937,True,CRIMINAL,CONFIRMED
SUPPORTING,0.850,True,MIXED,SUSPECTED
SUPPORTING,0.672,True,CRIMINAL,SUSPECTED
SUPPORTING,0.852,True,CRIMINAL,SUSPECTED
SUPPORTING,0.611,True,CRIMINAL,SUSPECTED
SUPPORTING,0.835,True,CRIMINAL,SUSPECTED
SUPPORTING,0.891,True,CRIMINAL,CONFIRMED
SUPPORTING,0.618,True,LEGITIMATE,SUSPECTED
CONTRADICTING,0.371,True,MIXED,FALSE
SUPPORTING,0.920,True,LEGITIMATE,CONFIRMED
NEUTRAL,0.365,True,AMBIGUOUS,UNKNOWN
NEUTRAL,0.203,True,AMBIGUOUS,UNKNOWN
SUPPORTING,0.884,True,CRIMINAL,CONFIRMED
SUPPORTING,0.580,True,AMBIGUOUS,SUSPECTED
NEUTRAL,0.547,True,MIXED,UNKNOWN
SUPPORTING,0.867,True,LEGITIMATE,CONFIRMED
CONTRADICTING,0.303,True,AMBIGUOUS,FALSE
SUPPORTING,0.960,True,CRIMINAL,CONFIRMED
NEUTRAL,0.334,True,CRIMINAL,UNKNOWN
SUPPORTING,0.825,True,CRIMINAL,CONFIRMED
CONTRADICTING,0.222,True,LEGITIMATE,FALSE
NEUTRAL,0.314,True,MIXED,UNKNOWN
SUPPORTING,0.920,True,CRIMINAL,CONFIRMED
NEUTRAL,0.421,True,CRIMINAL,UNKNOWN
CONTRADICTING,0.258,True,CRIMINAL,FALSE
SUPPORTING,0.908,True,LEGITIMATE,CONFIRMED
SUPPORTING,0.843,True,MIXED,CONFIRMED
SUPPORTING,0.939,True,CRIMINAL,CONFIRMED
SUPPORTING,0.891,True,MIXED,CONFIRMED
SUPPORTING,0.584,True,CRIMINAL,SUSPECTED
NEUTRAL,0.454,True,LEGITIMATE,UNKNOWN
SUPPORTING,0.852,True,AMBIGUOUS,CONFIRMED
SUPPORTING,0.732,True,LEGITIMATE,SUSPECTED
SUPPORTING,0.928,True,MIXED,CONFIRMED
CONTRADICTING,0.129,True,LEGITIMATE,FALSE
NEUTRAL,0.396,True,MIXED,UNKNOWN
SUPPORTING,0.824,True,CRIMINAL,CONFIRMED
NEUTRAL,0.306,True,AMBIGUOUS,UNKNOWN
SUPPORTING,0.911,True,CRIMINAL,CONFIRMED
SUPPORTING,0.810,True,LEGITIMATE,SUSPECTED
NEUTRAL,0.452,True,CRIMINAL,UNKNOWN
NEUTRAL,0.353,True,LEGITIMATE,UNKNOWN
CONTRADICTING,0.223,True,MIXED,FALSE
CONTRADICTING,0.404,True,LEGITIMATE,FALSE
SUPPORTING,0.588,True,CRIMINAL,SUSPECTED
NEUTRAL,0.357,True,AMBIGUOUS,UNKNOWN
SUPPORTING,0.959,True,CRIMINAL,CONFIRMED
NEUTRAL,0.377,True,LEGITIMATE,UNKNOWN
SUPPORTING,0.649,True,CRIMINAL,SUSPECTED
SUPPORTING,0.750,True,CRIMINAL,SUSPECTED
NEUTRAL,0.434,True,CRIMINAL,UNKNOWN
SUPPORTING,0.681,True,LEGITIMATE,SUSPECTED
SUPPORTING,0.806,True,CRIMINAL,SUSPECTED
SUPPORTING,0.954,True,MIXED,CONFIRMED
SUPPORTING,0.843,True,AMBIGUOUS,CONFIRMED
SUPPORTING,0.695,True,CRIMINAL,SUSPECTED
CONTRADICTING,0.306,True,AMBIGUOUS,FALSE
SUPPORTING,0.919,True,MIXED,CONFIRMED
NEUTRAL,0.261,True,CRIMINAL,UNKNOWN
SUPPORTING,0.825,True,LEGITIMATE,SUSPECTED
NEUTRAL,0.205,True,MIXED,UNKNOWN
SUPPORTING,0.958,True,CRIMINAL,CONFIRMED
SUPPORTING,0.698,True,AMBIGUOUS,SUSPECTED
SUPPORTING,0.639,True,AMBIGUOUS,SUSPECTED
SUPPORTING,0.741,True,MIXED,SUSPECTED
SUPPORTING,0.828,True,CRIMINAL,CONFIRMED
SUPPORTING,0.612,True,MIXED,SUSPECTED
SUPPORTING,0.665,True,CRIMINAL,SUSPECTED
CONTRADICTING,0.131,True,CRIMINAL,FALSE
CONTRADICTING,0.289,True,AMBIGUOUS,FALSE
NEUTRAL,0.496,True,LEGITIMATE,UNKNOWN
SUPPORTING,0.837,True,AMBIGUOUS,CONFIRMED
SUPPORTING,0.702,True,LEGITIMATE,SUSPECTED
SUPPORTING,0.839,True,CRIMINAL,CONFIRMED
SUPPORTING,0.823,True,CRIMINAL,CONFIRMED
SUPPORTING,0.679,True,MIXED,SUSPECTED
SUPPORTING,0.707,True,CRIMINAL,SUSPECTED
CONTRADICTING,0.328,True,LEGITIMATE,FALSE
SUPPORTING,0.855,True,CRIMINAL,SUSPECTED
SUPPORTING,0.602,True,AMBIGUOUS,SUSPECTED
CONTRADICTING,0.225,True,MIXED,FALSE
SUPPORTING,0.857,True,LEGITIMATE,CONFIRMED
NEUTRAL,0.518,True,MIXED,UNKNOWN
SUPPORTING,0.905,True,CRIMINAL,CONFIRMED
NEUTRAL,0.433,True,MIXED,UNKNOWN
SUPPORTING,0.855,True,CRIMINAL,CONFIRMED
SUPPORTING,0.772,True,MIXED,SUSPECTED
NEUTRAL,0.343,True,MIXED,UNKNOWN
CONTRADICTING,0.199,True,LEGITIMATE,FALSE
CONTRADICTING,0.356,True,LEGITIMATE,FALSE
NEUTRAL,0.355,True,LEGITIMATE,UNKNOWN
SUPPORTING,0.970,True,CRIMINAL,CONFIRMED
SUPPORTING,0.963,True,AMBIGUOUS,CONFIRMED
NEUTRAL,0.356,True,MIXED,UNKNOWN
NEUTRAL,0.376,True,MIXED,UNKNOWN
NEUTRAL,0.339,True,AMBIGUOUS,UNKNOWN
NEUTRAL,0.496,True,MIXED,UNKNOWN
SUPPORTING,0.891,True,CRIMINAL,CONFIRMED
NEUTRAL,0.415,True,CRIMINAL,UNKNOWN
SUPPORTING,0.825,True,MIXED,CONFIRMED
CONTRADICTING,0.141,True,CRIMINAL,FALSE
SUPPORTING,0.883,True,CRIMINAL,CONFIRMED
CONTRADICTING,0.212,True,LEGITIMATE,FALSE
SUPPORTING,0.859,True,CRIMINAL,SUSPECTED
SUPPORTING,0.639,True,MIXED,SUSPECTED
SUPPORTING,0.609,True,CRIMINAL,SUSPECTED
SUPPORTING,0.858,True,CRIMINAL,CONFIRMED
NEUTRAL,0.357,True,MIXED,UNKNOWN
CONTRADICTING,0.300,True,CRIMINAL,FALSE
NEUTRAL,0.352,True,AMBIGUOUS,UNKNOWN
CONTRADICTING,0.406,True,AMBIGUOUS,FALSE
NEUTRAL,0.378,True,CRIMINAL,UNKNOWN
NEUTRAL,0.527,True,CRIMINAL,UNKNOWN
SUPPORTING,0.959,True,MIXED,CONFIRMED
SUPPORTING,0.674,True,MIXED,SUSPECTED
SUPPORTING,0.784,True,MIXED,SUSPECTED
NEUTRAL,0.388,True,MIXED,UNKNOWN
NEUTRAL,0.501,True,CRIMINAL,UNKNOWN
NEUTRAL,0.301,True,AMBIGUOUS,UNKNOWN
SUPPORTING,0.843,True,CRIMINAL,CONFIRMED
SUPPORTING,0.789,True,CRIMINAL,SUSPECTED
SUPPORTING,0.894,True,CRIMINAL,CONFIRMED
SUPPORTING,0.825,True,CRIMINAL,SUSPECTED
SUPPORTING,0.754,True,CRIMINAL,SUSPECTED
CONTRADICTING,0.397,True,LEGITIMATE,FALSE
SUPPORTING,0.624,True,LEGITIMATE,SUSPECTED
SUPPORTING,0.951,True,MIXED,CONFIRMED
SUPPORTING,0.863,True,LEGITIMATE,CONFIRMED
CONTRADICTING,0.219,True,CRIMINAL,FALSE
NEUTRAL,0.476,True,LEGITIMATE,UNKNOWN
NEUTRAL,0.271,True,LEGITIMATE,UNKNOWN
SUPPORTING,0.701,True,CRIMINAL,SUSPECTED
SUPPORTING,0.867,True,CRIMINAL,CONFIRMED
SUPPORTING,0.779,True,CRIMINAL,SUSPECTED
SUPPORTING,0.751,True,MIXED,SUSPECTED
NEUTRAL,0.380,True,CRIMINAL,UNKNOWN
SUPPORTING,0.692,True,CRIMINAL,SUSPECTED
SUPPORTING,0.623,True,MIXED,SUSPECTED
SUPPORTING,0.878,True,CRIMINAL,CONFIRMED
SUPPORTING,0.783,True,CRIMINAL,SUSPECTED
NEUTRAL,0.313,True,LEGITIMATE,UNKNOWN
SUPPORTING,0.697,True,LEGITIMATE,SUSPECTED
SUPPORTING,0.767,True,CRIMINAL,SUSPECTED
SUPPORTING,0.814,True,CRIMINAL,SUSPECTED
SUPPORTING,0.908,True,CRIMINAL,CONFIRMED
SUPPORTING,0.623,True,AMBIGUOUS,SUSPECTED
SUPPORTING,0.855,True,CRIMINAL,CONFIRMED
SUPPORTING,0.775,True,CRIMINAL,SUSPECTED
SUPPORTING,0.654,True,CRIMINAL,SUSPECTED
NEUTRAL,0.498,True,LEGITIMATE,UNKNOWN
NEUTRAL,0.510,True,CRIMINAL,UNKNOWN
SUPPORTING,0.911,True,CRIMINAL,CONFIRMED
SUPPORTING,0.663,True,CRIMINAL,SUSPECTED
CONTRADICTING,0.266,True,MIXED,FALSE
NEUTRAL,0.385,True,CRIMINAL,UNKNOWN
SUPPORTING,0.709,True,CRIMINAL,SUSPECTED
SUPPORTING,0.859,True,MIXED,CONFIRMED
NEUTRAL,0.297,True,MIXED,UNKNOWN
NEUTRAL,0.316,True,CRIMINAL,UNKNOWN
CONTRADICTING,0.401,True,LEGITIMATE,FALSE
CONTRADICTING,0.260,True,MIXED,FALSE
SUPPORTING,0.944,True,CRIMINAL,CONFIRMED
SUPPORTING,0.709,True,AMBIGUOUS,SUSPECTED
CONTRADICTING,0.190,True,LEGITIMATE,FALSE
SUPPORTING,0.869,True,MIXED,CONFIRMED
SUPPORTING,0.606,True,MIXED,SUSPECTED
SUPPORTING,0.913,True,MIXED,CONFIRMED
NEUTRAL,0.219,True,AMBIGUOUS,UNKNOWN
SUPPORTING,0.820,True,CRIMINAL,SUSPECTED
SUPPORTING,0.829,True,CRIMINAL,CONFIRMED
SUPPORTING,0.926,True,CRIMINAL,CONFIRMED
CONTRADICTING,0.280,True,LEGITIMATE,FALSE
NEUTRAL,0.276,True,LEGITIMATE,UNKNOWN
SUPPORTING,0.828,True,CRIMINAL,SUSPECTED
SUPPORTING,0.696,True,CRIMINAL,SUSPECTED
SUPPORTING,0.588,True,CRIMINAL,SUSPECTED
CONTRADICTING,0.402,True,LEGITIMATE,FALSE
NEUTRAL,0.460,True,AMBIGUOUS,UNKNOWN
NEUTRAL,0.290,True,CRIMINAL,UNKNOWN
SUPPORTING,0.869,True,MIXED,CONFIRMED
NEUTRAL,0.478,True,CRIMINAL,UNKNOWN
SUPPORTING,0.697,True,CRIMINAL,SUSPECTED
SUPPORTING,0.897,True,MIXED,CONFIRMED
SUPPORTING,0.925,True,AMBIGUOUS,CONFIRMED
SUPPORTING,0.845,True,LEGITIMATE,CONFIRMED
SUPPORTING,0.898,True,MIXED,CONFIRMED
CONTRADICTING,0.204,True,LEGITIMATE,FALSE
SUPPORTING,0.822,True,MIXED,CONFIRMED
NEUTRAL,0.517,True,CRIMINAL,UNKNOWN
SUPPORTING,0.853,True,CRIMINAL,CONFIRMED
NEUTRAL,0.277,True,LEGITIMATE,UNKNOWN
CONTRADICTING,0.343,True,LEGITIMATE,FALSE
NEUTRAL,0.336,True,CRIMINAL,UNKNOWN
NEUTRAL,0.505,True,MIXED,UNKNOWN
SUPPORTING,0.981,True,CRIMINAL,CONFIRMED
NEUTRAL,0.363,True,LEGITIMATE,UNKNOWN
SUPPORTING,0.835,True,CRIMINAL,CONFIRMED
CONTRADICTING,0.344,True,LEGITIMATE,FALSE
NEUTRAL,0.395,True,AMBIGUOUS,UNKNOWN
SUPPORTING,0.791,True,CRIMINAL,SUSPECTED
NEUTRAL,0.287,True,AMBIGUOUS,UNKNOWN
SUPPORTING,0.757,True,LEGITIMATE,SUSPECTED
NEUTRAL,0.203,True,CRIMINAL,UNKNOWN
SUPPORTING,0.959,True,MIXED,CONFIRMED
SUPPORTING,0.881,True,CRIMINAL,CONFIRMED
SUPPORTING,0.950,True,CRIMINAL,CONFIRMED
CONTRADICTING,0.217,True,CRIMINAL,FALSE
SUPPORTING,0.842,True,MIXED,SUSPECTED
NEUTRAL,0.397,True,AMBIGUOUS,UNKNOWN
NEUTRAL,0.538,True,CRIMINAL,UNKNOWN
SUPPORTING,0.742,True,CRIMINAL,SUSPECTED
NEUTRAL,0.307,True,AMBIGUOUS,UNKNOWN
SUPPORTING,0.709,True,MIXED,SUSPECTED
SUPPORTING,0.669,True,CRIMINAL,SUSPECTED
SUPPORTING,0.666,True,CRIMINAL,SUSPECTED
NEUTRAL,0.235,True,LEGITIMATE,UNKNOWN
SUPPORTING,0.598,True,CRIMINAL,SUSPECTED
SUPPORTING,0.785,True,CRIMINAL,SUSPECTED
SUPPORTING,0.612,True,CRIMINAL,SUSPECTED
NEUTRAL,0.401,True,MIXED,UNKNOWN
SUPPORTING,0.861,True,LEGITIMATE,CONFIRMED
NEUTRAL,0.310,True,MIXED,UNKNOWN
SUPPORTING,0.716,True,LEGITIMATE,SUSPECTED
SUPPORTING,0.988,True,CRIMINAL,CONFIRMED
SUPPORTING,0.937,True,CRIMINAL,CONFIRMED
SUPPORTING,0.827,True,CRIMINAL,CONFIRMED
CONTRADICTING,0.417,True,MIXED,FALSE
SUPPORTING,0.718,True,CRIMINAL,SUSPECTED
NEUTRAL,0.368,True,MIXED,UNKNOWN
NEUTRAL,0.255,True,AMBIGUOUS,UNKNOWN
SUPPORTING,0.865,True,MIXED,CONFIRMED
SUPPORTING,0.806,True,MIXED,SUSPECTED
SUPPORTING,0.876,True,CRIMINAL,CONFIRMED
NEUTRAL,0.264,True,CRIMINAL,UNKNOWN
SUPPORTING,0.640,True,MIXED,SUSPECTED
SUPPORTING,0.641,True,CRIMINAL,SUSPECTED
CONTRADICTING,0.329,True,LEGITIMATE,FALSE
NEUTRAL,0.244,True,AMBIGUOUS,UNKNOWN
SUPPORTING,0.638,True,MIXED,SUSPECTED
SUPPORTING,0.817,True,LEGITIMATE,SUSPECTED
SUPPORTING,0.966,True,CRIMINAL,CONFIRMED
SUPPORTING,0.781,True,CRIMINAL,SUSPECTED
NEUTRAL,0.462,True,LEGITIMATE,UNKNOWN
NEUTRAL,0.524,True,AMBIGUOUS,UNKNOWN
SUPPORTING,0.801,True,MIXED,SUSPECTED
CONTRADICTING,0.297,True,LEGITIMATE,FALSE
SUPPORTING,0.629,True,AMBIGUOUS,SUSPECTED
NEUTRAL,0.538,True,LEGITIMATE,UNKNOWN
SUPPORTING,0.943,True,MIXED,CONFIRMED
SUPPORTING,0.877,True,AMBIGUOUS,CONFIRMED
SUPPORTING,0.869,True,CRIMINAL,CONFIRMED
SUPPORTING,0.768,True,MIXED,SUSPECTED
SUPPORTING,0.955,True,LEGITIMATE,CONFIRMED
NEUTRAL,0.487,True,LEGITIMATE,UNKNOWN
SUPPORTING,0.987,True,CRIMINAL,CONFIRMED
CONTRADICTING,0.214,True,CRIMINAL,FALSE
SUPPORTING,0.895,True,CRIMINAL,CONFIRMED
NEUTRAL,0.414,True,CRIMINAL,UNKNOWN
CONTRADICTING,0.316,True,CRIMINAL,FALSE
SUPPORTING,0.938,True,LEGITIMATE,CONFIRMED
CONTRADICTING,0.320,True,MIXED,FALSE
SUPPORTING,0.874,True,CRIMINAL,CONFIRMED
NEUTRAL,0.526,True,MIXED,UNKNOWN
NEUTRAL,0.473,True,MIXED,UNKNOWN
SUPPORTING,0.890,True,CRIMINAL,CONFIRMED
CONTRADICTING,0.254,True,MIXED,FALSE
NEUTRAL,0.462,True,AMBIGUOUS,UNKNOWN
SUPPORTING,0.848,True,CRIMINAL,CONFIRMED
SUPPORTING,0.877,True,CRIMINAL,CONFIRMED
NEUTRAL,0.537,True,CRIMINAL,UNKNOWN
SUPPORTING,0.801,True,AMBIGUOUS,SUSPECTED
NEUTRAL,0.239,True,CRIMINAL,UNKNOWN
NEUTRAL,0.258,True,AMBIGUOUS,UNKNOWN
SUPPORTING,0.605,True,MIXED,SUSPECTED
NEUTRAL,0.514,True,AMBIGUOUS,UNKNOWN
SUPPORTING,0.778,True,MIXED,SUSPECTED
SUPPORTING,0.959,True,MIXED,CONFIRMED
NEUTRAL,0.508,True,LEGITIMATE,UNKNOWN
SUPPORTING,0.755,True,AMBIGUOUS,SUSPECTED
CONTRADICTING,0.376,True,CRIMINAL,FALSE
SUPPORTING,0.958,True,AMBIGUOUS,CONFIRMED
SUPPORTING,0.606,True,CRIMINAL,SUSPECTED
CONTRADICTING,0.233,True,CRIMINAL,FALSE
SUPPORTING,0.922,True,LEGITIMATE,CONFIRMED
SUPPORTING,0.885,True,LEGITIMATE,CONFIRMED
CONTRADICTING,0.226,True,MIXED,FALSE
SUPPORTING,0.603,True,CRIMINAL,SUSPECTED
SUPPORTING,0.827,True,CRIMINAL,SUSPECTED
SUPPORTING,0.628,True,MIXED,SUSPECTED
NEUTRAL,0.309,True,LEGITIMATE,UNKNOWN
SUPPORTING,0.973,True,MIXED,CONFIRMED
NEUTRAL,0.416,True,CRIMINAL,UNKNOWN
NEUTRAL,0.307,True,CRIMINAL,UNKNOWN
NEUTRAL,0.481,True,LEGITIMATE,UNKNOWN
NEUTRAL,0.265,True,CRIMINAL,UNKNOWN
SUPPORTING,0.804,True,AMBIGUOUS,SUSPECTED
SUPPORTING,0.973,True,MIXED,CONFIRMED
SUPPORTING,0.839,True,CRIMINAL,CONFIRMED
SUPPORTING,0.921,True,CRIMINAL,CONFIRMED
SUPPORTING,0.976,True,CRIMINAL,CONFIRMED
SUPPORTING,0.827,True,CRIMINAL,CONFIRMED
NEUTRAL,0.250,True,LEGITIMATE,UNKNOWN
SUPPORTING,0.857,True,MIXED,CONFIRMED
CONTRADICTING,0.285,True,CRIMINAL,FALSE
CONTRADICTING,0.247,True,AMBIGUOUS,FALSE
SUPPORTING,0.861,True,CRIMINAL,CONFIRMED
SUPPORTING,0.647,True,MIXED,SUSPECTED
SUPPORTING,0.977,True,MIXED,CONFIRMED
SUPPORTING,0.852,True,CRIMINAL,CONFIRMED
SUPPORTING,0.928,True,CRIMINAL,CONFIRMED
SUPPORTING,0.819,True,MIXED,SUSPECTED
NEUTRAL,0.393,True,CRIMINAL,UNKNOWN
SUPPORTING,0.744,True,CRIMINAL,SUSPECTED
SUPPORTING,0.692,True,CRIMINAL,SUSPECTED
NEUTRAL,0.391,True,AMBIGUOUS,UNKNOWN
CONTRADICTING,0.251,True,AMBIGUOUS,FALSE
SUPPORTING,0.961,True,CRIMINAL,CONFIRMED
SUPPORTING,0.901,True,LEGITIMATE,CONFIRMED
NEUTRAL,0.537,True,AMBIGUOUS,UNKNOWN
SUPPORTING,0.823,True,CRIMINAL,CONFIRMED
SUPPORTING,0.948,True,CRIMINAL,CONFIRMED
CONTRADICTING,0.363,True,AMBIGUOUS,FALSE
NEUTRAL,0.453,True,AMBIGUOUS,UNKNOWN
SUPPORTING,0.716,True,AMBIGUOUS,SUSPECTED
SUPPORTING,0.685,True,MIXED,SUSPECTED
SUPPORTING,0.866,True,MIXED,CONFIRMED
SUPPORTING,0.924,True,AMBIGUOUS,CONFIRMED
SUPPORTING,0.790,True,MIXED,SUSPECTED
SUPPORTING,0.628,True,MIXED,SUSPECTED
SUPPORTING,0.918,True,CRIMINAL,CONFIRMED
NEUTRAL,0.489,True,AMBIGUOUS,UNKNOWN
CONTRADICTING,0.388,True,LEGITIMATE,FALSE
CONTRADICTING,0.199,True,MIXED,FALSE
NEUTRAL,0.409,True,MIXED,UNKNOWN
SUPPORTING,0.624,True,CRIMINAL,SUSPECTED
SUPPORTING,0.979,True,CRIMINAL,CONFIRMED
SUPPORTING,0.804,True,CRIMINAL,SUSPECTED
SUPPORTING,0.896,True,MIXED,CONFIRMED
SUPPORTING,0.839,True,LEGITIMATE,CONFIRMED
SUPPORTING,0.950,True,CRIMINAL,CONFIRMED
SUPPORTING,0.833,True,MIXED,CONFIRMED
CONTRADICTING,0.350,True,AMBIGUOUS,FALSE
CONTRADICTING,0.238,True,LEGITIMATE,FALSE
SUPPORTING,0.856,True,CRIMINAL,CONFIRMED
SUPPORTING,0.941,True,CRIMINAL,CONFIRMED
SUPPORTING,0.798,True,CRIMINAL,SUSPECTED
SUPPORTING,0.973,True,CRIMINAL,CONFIRMED
SUPPORTING,0.943,True,AMBIGUOUS,CONFIRMED
SUPPORTING,0.588,True,LEGITIMATE,SUSPECTED
NEUTRAL,0.351,True,CRIMINAL,UNKNOWN
CONTRADICTING,0.416,True,LEGITIMATE,FALSE
SUPPORTING,0.897,True,LEGITIMATE,CONFIRMED
NEUTRAL,0.226,True,LEGITIMATE,UNKNOWN
CONTRADICTING,0.293,True,CRIMINAL,FALSE
NEUTRAL,0.462,True,AMBIGUOUS,UNKNOWN
SUPPORTING,0.823,True,MIXED,CONFIRMED
CONTRADICTING,0.145,True,AMBIGUOUS,FALSE
SUPPORTING,0.968,True,CRIMINAL,CONFIRMED
SUPPORTING,0.789,True,MIXED,SUSPECTED
SUPPORTING,0.861,True,AMBIGUOUS,CONFIRMED
NEUTRAL,0.481,True,CRIMINAL,UNKNOWN
SUPPORTING,0.806,True,LEGITIMATE,SUSPECTED
SUPPORTING,0.721,True,CRIMINAL,SUSPECTED
NEUTRAL,0.536,True,AMBIGUOUS,UNKNOWN
SUPPORTING,0.776,True,CRIMINAL,SUSPECTED
SUPPORTING,0.711,True,MIXED,SUSPECTED
SUPPORTING,0.939,True,CRIMINAL,CONFIRMED
SUPPORTING,0.850,True,CRIMINAL,CONFIRMED
CONTRADICTING,0.289,True,LEGITIMATE,FALSE
SUPPORTING,0.717,True,CRIMINAL,SUSPECTED
SUPPORTING,0.604,True,CRIMINAL,SUSPECTED
NEUTRAL,0.417,True,CRIMINAL,UNKNOWN
NEUTRAL,0.534,True,CRIMINAL,UNKNOWN
NEUTRAL,0.351,True,CRIMINAL,UNKNOWN
CONTRADICTING,0.252,True,CRIMINAL,FALSE
SUPPORTING,0.636,True,MIXED,SUSPECTED
SUPPORTING,0.640,True,CRIMINAL,SUSPECTED
SUPPORTING,0.871,True,CRIMINAL,CONFIRMED
NEUTRAL,0.361,True,CRIMINAL,UNKNOWN
SUPPORTING,0.865,True,CRIMINAL,CONFIRMED
SUPPORTING,0.597,True,MIXED,SUSPECTED
SUPPORTING,0.717,True,CRIMINAL,SUSPECTED
NEUTRAL,0.290,True,AMBIGUOUS,UNKNOWN
SUPPORTING,0.617,True,MIXED,SUSPECTED
CONTRADICTING,0.197,True,MIXED,FALSE
NEUTRAL,0.438,True,CRIMINAL,UNKNOWN
SUPPORTING,0.849,True,CRIMINAL,CONFIRMED
NEUTRAL,0.271,True,AMBIGUOUS,UNKNOWN
SUPPORTING,0.668,True,CRIMINAL,SUSPECTED
SUPPORTING,0.825,True,MIXED,SUSPECTED
NEUTRAL,0.252,True,CRIMINAL,UNKNOWN
CONTRADICTING,0.246,True,CRIMINAL,FALSE
CONTRADICTING,0.288,True,LEGITIMATE,FALSE
SUPPORTING,0.986,True,CRIMINAL,CONFIRMED
SUPPORTING,0.961,True,LEGITIMATE,CONFIRMED
SUPPORTING,0.698,True,AMBIGUOUS,SUSPECTED
NEUTRAL,0.423,True,LEGITIMATE,UNKNOWN
NEUTRAL,0.340,True,CRIMINAL,UNKNOWN
NEUTRAL,0.499,True,AMBIGUOUS,UNKNOWN
SUPPORTING,0.902,True,CRIMINAL,CONFIRMED
NEUTRAL,0.440,True,CRIMINAL,UNKNOWN
NEUTRAL,0.413,True,AMBIGUOUS,UNKNOWN
CONTRADICTING,0.161,True,LEGITIMATE,FALSE
NEUTRAL,0.265,True,CRIMINAL,UNKNOWN
CONTRADICTING,0.186,True,MIXED,FALSE
SUPPORTING,0.970,True,AMBIGUOUS,CONFIRMED
CONTRADICTING,0.169,True,LEGITIMATE,FALSE
SUPPORTING,0.943,True,CRIMINAL,CONFIRMED
CONTRADICTING,0.124,True,CRIMINAL,FALSE
SUPPORTING,0.978,True,AMBIGUOUS,CONFIRMED
SUPPORTING,0.833,True,CRIMINAL,CONFIRMED
NEUTRAL,0.257,True,CRIMINAL,UNKNOWN
NEUTRAL,0.474,True,AMBIGUOUS,UNKNOWN
NEUTRAL,0.232,True,LEGITIMATE,UNKNOWN
NEUTRAL,0.513,True,MIXED,UNKNOWN
NEUTRAL,0.361,True,MIXED,UNKNOWN
CONTRADICTING,0.173,True,LEGITIMATE,FALSE
SUPPORTING,0.859,True,CRIMINAL,CONFIRMED
SUPPORTING,0.857,True,CRIMINAL,CONFIRMED
SUPPORTING,0.834,True,CRIMINAL,SUSPECTED
NEUTRAL,0.372,True,CRIMINAL,UNKNOWN
SUPPORTING,0.837,True,CRIMINAL,CONFIRMED
CONTRADICTING,0.252,True,LEGITIMATE,FALSE
NEUTRAL,0.403,True,LEGITIMATE,UNKNOWN
SUPPORTING,0.845,True,CRIMINAL,CONFIRMED
CONTRADICTING,0.413,True,CRIMINAL,FALSE
CONTRADICTING,0.156,True,LEGITIMATE,FALSE
NEUTRAL,0.500,True,LEGITIMATE,UNKNOWN
NEUTRAL,0.507,True,AMBIGUOUS,UNKNOWN
CONTRADICTING,0.238,True,LEGITIMATE,FALSE
NEUTRAL,0.354,True,AMBIGUOUS,UNKNOWN
NEUTRAL,0.402,True,CRIMINAL,UNKNOWN
SUPPORTING,0.687,True,LEGITIMATE,SUSPECTED
NEUTRAL,0.511,True,AMBIGUOUS,UNKNOWN
NEUTRAL,0.396,True,LEGITIMATE,UNKNOWN
SUPPORTING,0.704,True,CRIMINAL,SUSPECTED
SUPPORTING,0.920,True,AMBIGUOUS,CONFIRMED
SUPPORTING,0.682,True,CRIMINAL,SUSPECTED
SUPPORTING,0.749,True,MIXED,SUSPECTED
SUPPORTING,0.827,True,CRIMINAL,CONFIRMED
SUPPORTING,0.814,True,CRIMINAL,SUSPECTED
SUPPORTING,0.976,True,CRIMINAL,CONFIRMED
SUPPORTING,0.844,True,CRIMINAL,CONFIRMED
NEUTRAL,0.427,True,MIXED,UNKNOWN
SUPPORTING,0.827,True,CRIMINAL,CONFIRMED
SUPPORTING,0.847,True,LEGITIMATE,SUSPECTED
NEUTRAL,0.411,True,MIXED,UNKNOWN
NEUTRAL,0.436,True,AMBIGUOUS,UNKNOWN
NEUTRAL,0.478,True,MIXED,UNKNOWN
CONTRADICTING,0.126,True,LEGITIMATE,FALSE
NEUTRAL,0.390,True,MIXED,UNKNOWN
NEUTRAL,0.256,True,CRIMINAL,UNKNOWN
SUPPORTING,0.954,True,MIXED,CONFIRMED
SUPPORTING,0.822,True,CRIMINAL,SUSPECTED
SUPPORTING,0.711,True,MIXED,SUSPECTED
NEUTRAL,0.542,True,LEGITIMATE,UNKNOWN
CONTRADICTING,0.296,True,LEGITIMATE,FALSE
SUPPORTING,0.800,True,LEGITIMATE,SUSPECTED
CONTRADICTING,0.407,True,LEGITIMATE,FALSE
SUPPORTING,0.942,True,CRIMINAL,CONFIRMED
SUPPORTING,0.923,True,MIXED,CONFIRMED
SUPPORTING,0.876,True,CRIMINAL,CONFIRMED
NEUTRAL,0.357,True,LEGITIMATE,UNKNOWN
SUPPORTING,0.917,True,LEGITIMATE,CONFIRMED
SUPPORTING,0.811,True,MIXED,SUSPECTED
SUPPORTING,0.857,True,MIXED,CONFIRMED
SUPPORTING,0.784,True,CRIMINAL,SUSPECTED
NEUTRAL,0.406,True,MIXED,UNKNOWN
NEUTRAL,0.549,True,CRIMINAL,UNKNOWN
SUPPORTING,0.620,True,CRIMINAL,SUSPECTED
CONTRADICTING,0.238,True,MIXED,FALSE
SUPPORTING,0.939,True,MIXED,CONFIRMED
SUPPORTING,0.952,True,CRIMINAL,CONFIRMED
CONTRADICTING,0.398,True,MIXED,FALSE
SUPPORTING,0.751,True,MIXED,SUSPECTED
NEUTRAL,0.339,True,LEGITIMATE,UNKNOWN
SUPPORTING,0.614,True,CRIMINAL,SUSPECTED
NEUTRAL,0.494,True,CRIMINAL,UNKNOWN
CONTRADICTING,0.150,True,MIXED,FALSE
NEUTRAL,0.359,True,LEGITIMATE,UNKNOWN
SUPPORTING,0.776,True,LEGITIMATE,SUSPECTED
SUPPORTING,0.875,True,CRIMINAL,CONFIRMED
SUPPORTING,0.857,True,MIXED,SUSPECTED
SUPPORTING,0.702,True,LEGITIMATE,SUSPECTED
SUPPORTING,0.957,True,CRIMINAL,CONFIRMED
SUPPORTING,0.744,True,LEGITIMATE,SUSPECTED
NEUTRAL,0.506,True,MIXED,UNKNOWN
SUPPORTING,0.685,True,MIXED,SUSPECTED
CONTRADICTING,0.346,True,MIXED,FALSE
SUPPORTING,0.850,True,MIXED,SUSPECTED
SUPPORTING,0.744,True,LEGITIMATE,SUSPECTED
SUPPORTING,0.861,True,AMBIGUOUS,CONFIRMED
CONTRADICTING,0.150,True,LEGITIMATE,FALSE
SUPPORTING,0.644,True,LEGITIMATE,SUSPECTED
SUPPORTING,0.902,True,CRIMINAL,CONFIRMED
SUPPORTING,0.936,True,CRIMINAL,CONFIRMED
SUPPORTING,0.965,True,LEGITIMATE,CONFIRMED
NEUTRAL,0.454,True,LEGITIMATE,UNKNOWN
NEUTRAL,0.539,True,CRIMINAL,UNKNOWN
NEUTRAL,0.281,True,LEGITIMATE,UNKNOWN
SUPPORTING,0.857,True,CRIMINAL,SUSPECTED
NEUTRAL,0.474,True,LEGITIMATE,UNKNOWN
SUPPORTING,0.720,True,MIXED,SUSPECTED
CONTRADICTING,0.152,True,CRIMINAL,FALSE
SUPPORTING,0.876,True,CRIMINAL,CONFIRMED
NEUTRAL,0.311,True,MIXED,UNKNOWN
SUPPORTING,0.943,True,CRIMINAL,CONFIRMED
NEUTRAL,0.542,True,LEGITIMATE,UNKNOWN
NEUTRAL,0.359,True,AMBIGUOUS,UNKNOWN
CONTRADICTING,0.350,True,CRIMINAL,FALSE
CONTRADICTING,0.160,True,MIXED,FALSE
SUPPORTING,0.832,True,CRIMINAL,CONFIRMED
SUPPORTING,0.776,True,CRIMINAL,SUSPECTED
NEUTRAL,0.463,True,AMBIGUOUS,UNKNOWN
SUPPORTING,0.942,True,MIXED,CONFIRMED
SUPPORTING,0.749,True,AMBIGUOUS,SUSPECTED
SUPPORTING,0.865,True,CRIMINAL,CONFIRMED
NEUTRAL,0.384,True,AMBIGUOUS,UNKNOWN
SUPPORTING,0.822,True,AMBIGUOUS,CONFIRMED
SUPPORTING,0.584,True,CRIMINAL,SUSPECTED
NEUTRAL,0.334,True,LEGITIMATE,UNKNOWN
NEUTRAL,0.412,True,CRIMINAL,UNKNOWN
NEUTRAL,0.449,True,MIXED,UNKNOWN
CONTRADICTING,0.335,True,LEGITIMATE,FALSE
SUPPORTING,0.969,True,MIXED,CONFIRMED
NEUTRAL,0.411,True,AMBIGUOUS,UNKNOWN
SUPPORTING,0.667,True,CRIMINAL,SUSPECTED
SUPPORTING,0.874,True,CRIMINAL,CONFIRMED
SUPPORTING,0.703,True,CRIMINAL,SUSPECTED
SUPPORTING,0.595,True,LEGITIMATE,SUSPECTED
NEUTRAL,0.507,True,CRIMINAL,UNKNOWN
CONTRADICTING,0.263,True,CRIMINAL,FALSE
NEUTRAL,0.327,True,LEGITIMATE,UNKNOWN
SUPPORTING,0.904,True,LEGITIMATE,CONFIRMED
SUPPORTING,0.874,True,AMBIGUOUS,CONFIRMED
SUPPORTING,0.809,True,CRIMINAL,SUSPECTED
SUPPORTING,0.747,True,CRIMINAL,SUSPECTED
CONTRADICTING,0.262,True,CRIMINAL,FALSE
SUPPORTING,0.984,True,CRIMINAL,CONFIRMED
CONTRADICTING,0.290,True,MIXED,FALSE
CONTRADICTING,0.391,True,LEGITIMATE,FALSE
CONTRADICTING,0.199,True,MIXED,FALSE
SUPPORTING,0.822,True,CRIMINAL,CONFIRMED
NEUTRAL,0.285,True,MIXED,UNKNOWN
CONTRADICTING,0.312,True,MIXED,FALSE
NEUTRAL,0.439,True,AMBIGUOUS,UNKNOWN
SUPPORTING,0.641,True,CRIMINAL,SUSPECTED
SUPPORTING,0.797,True,CRIMINAL,SUSPECTED
SUPPORTING,0.854,True,CRIMINAL,CONFIRMED
SUPPORTING,0.892,True,CRIMINAL,CONFIRMED
SUPPORTING,0.695,True,MIXED,SUSPECTED
SUPPORTING,0.859,True,MIXED,SUSPECTED
SUPPORTING,0.590,True,CRIMINAL,SUSPECTED
NEUTRAL,0.527,True,LEGITIMATE,UNKNOWN
NEUTRAL,0.294,True,CRIMINAL,UNKNOWN
SUPPORTING,0.900,True,CRIMINAL,CONFIRMED
NEUTRAL,0.284,True,LEGITIMATE,UNKNOWN
SUPPORTING,0.821,True,CRIMINAL,CONFIRMED
NEUTRAL,0.280,True,LEGITIMATE,UNKNOWN
SUPPORTING,0.946,True,MIXED,CONFIRMED
NEUTRAL,0.545,True,AMBIGUOUS,UNKNOWN
CONTRADICTING,0.228,True,LEGITIMATE,FALSE
NEUTRAL,0.467,True,AMBIGUOUS,UNKNOWN
CONTRADICTING,0.263,True,LEGITIMATE,FALSE
SUPPORTING,0.765,True,AMBIGUOUS,SUSPECTED
NEUTRAL,0.296,True,MIXED,UNKNOWN
NEUTRAL,0.212,True,CRIMINAL,UNKNOWN
SUPPORTING,0.916,True,MIXED,CONFIRMED
NEUTRAL,0.338,True,AMBIGUOUS,UNKNOWN
SUPPORTING,0.829,True,CRIMINAL,CONFIRMED
SUPPORTING,0.618,True,MIXED,SUSPECTED
NEUTRAL,0.333,True,MIXED,UNKNOWN
NEUTRAL,0.260,True,AMBIGUOUS,UNKNOWN
SUPPORTING,0.810,True,MIXED,SUSPECTED
NEUTRAL,0.326,True,MIXED,UNKNOWN
CONTRADICTING,0.369,True,CRIMINAL,FALSE
SUPPORTING,0.861,True,CRIMINAL,CONFIRMED
SUPPORTING,0.606,True,CRIMINAL,SUSPECTED
NEUTRAL,0.455,True,CRIMINAL,UNKNOWN
CONTRADICTING,0.136,True,AMBIGUOUS,FALSE
NEUTRAL,0.330,True,LEGITIMATE,UNKNOWN
NEUTRAL,0.528,True,AMBIGUOUS,UNKNOWN
CONTRADICTING,0.257,True,MIXED,FALSE
SUPPORTING,0.826,True,CRIMINAL,SUSPECTED
CONTRADICTING,0.413,True,CRIMINAL,FALSE
SUPPORTING,0.967,True,LEGITIMATE,CONFIRMED
SUPPORTING,0.912,True,CRIMINAL,CONFIRMED
NEUTRAL,0.478,True,LEGITIMATE,UNKNOWN
SUPPORTING,0.822,True,CRIMINAL,CONFIRMED
SUPPORTING,0.644,True,AMBIGUOUS,SUSPECTED
SUPPORTING,0.646,True,MIXED,SUSPECTED
SUPPORTING,0.679,True,AMBIGUOUS,SUSPECTED
NEUTRAL,0.365,True,AMBIGUOUS,UNKNOWN
SUPPORTING,0.981,True,CRIMINAL,CONFIRMED
SUPPORTING,0.962,True,MIXED,CONFIRMED
SUPPORTING,0.862,True,LEGITIMATE,CONFIRMED
CONTRADICTING,0.121,True,CRIMINAL,FALSE
SUPPORTING,0.970,True,AMBIGUOUS,CONFIRMED
NEUTRAL,0.418,True,CRIMINAL,UNKNOWN
NEUTRAL,0.357,True,AMBIGUOUS,UNKNOWN
SUPPORTING,0.761,True,CRIMINAL,SUSPECTED
SUPPORTING,0.656,True,MIXED,SUSPECTED
SUPPORTING,0.891,True,CRIMINAL,CONFIRMED
NEUTRAL,0.402,True,CRIMINAL,UNKNOWN
NEUTRAL,0.320,True,MIXED,UNKNOWN
SUPPORTING,0.948,True,CRIMINAL,CONFIRMED
SUPPORTING,0.926,True,CRIMINAL,CONFIRMED
SUPPORTING,0.867,True,CRIMINAL,CONFIRMED
SUPPORTING,0.799,True,CRIMINAL,SUSPECTED
SUPPORTING,0.874,True,CRIMINAL,CONFIRMED
SUPPORTING,0.745,True,CRIMINAL,SUSPECTED
SUPPORTING,0.946,True,CRIMINAL,CONFIRMED
SUPPORTING,0.598,True,CRIMINAL,SUSPECTED
NEUTRAL,0.462,True,MIXED,UNKNOWN
SUPPORTING,0.687,True,AMBIGUOUS,SUSPECTED
NEUTRAL,0.262,True,CRIMINAL,UNKNOWN
CONTRADICTING,0.168,True,LEGITIMATE,FALSE
SUPPORTING,0.851,True,CRIMINAL,CONFIRMED
SUPPORTING,0.691,True,LEGITIMATE,SUSPECTED
SUPPORTING,0.816,True,CRIMINAL,SUSPECTED
NEUTRAL,0.385,True,AMBIGUOUS,UNKNOWN
NEUTRAL,0.292,True,LEGITIMATE,UNKNOWN
SUPPORTING,0.818,True,MIXED,SUSPECTED
SUPPORTING,0.937,True,AMBIGUOUS,CONFIRMED
SUPPORTING,0.780,True,CRIMINAL,SUSPECTED
SUPPORTING,0.746,True,CRIMINAL,SUSPECTED
SUPPORTING,0.614,True,MIXED,SUSPECTED
NEUTRAL,0.444,True,MIXED,UNKNOWN
SUPPORTING,0.667,True,LEGITIMATE,SUSPECTED
SUPPORTING,0.667,True,AMBIGUOUS,SUSPECTED
SUPPORTING,0.927,True,CRIMINAL,CONFIRMED
NEUTRAL,0.425,True,CRIMINAL,UNKNOWN
NEUTRAL,0.459,True,MIXED,UNKNOWN
NEUTRAL,0.234,True,CRIMINAL,UNKNOWN
NEUTRAL,0.531,True,MIXED,UNKNOWN
CONTRADICTING,0.206,True,LEGITIMATE,FALSE
SUPPORTING,0.735,True,AMBIGUOUS,SUSPECTED
SUPPORTING,0.636,True,LEGITIMATE,SUSPECTED
NEUTRAL,0.349,True,CRIMINAL,UNKNOWN
SUPPORTING,0.974,True,CRIMINAL,CONFIRMED
NEUTRAL,0.307,True,AMBIGUOUS,UNKNOWN
SUPPORTING,0.821,True,CRIMINAL,CONFIRMED
SUPPORTING,0.895,True,CRIMINAL,CONFIRMED
CONTRADICTING,0.124,True,LEGITIMATE,FALSE
SUPPORTING,0.875,True,CRIMINAL,CONFIRMED
SUPPORTING,0.790,True,AMBIGUOUS,SUSPECTED
NEUTRAL,0.468,True,CRIMINAL,UNKNOWN
SUPPORTING,0.746,True,MIXED,SUSPECTED
NEUTRAL,0.237,True,MIXED,UNKNOWN
NEUTRAL,0.379,True,CRIMINAL,UNKNOWN
NEUTRAL,0.282,True,LEGITIMATE,UNKNOWN
SUPPORTING,0.658,True,CRIMINAL,SUSPECTED
SUPPORTING,0.986,True,CRIMINAL,CONFIRMED
SUPPORTING,0.922,True,MIXED,CONFIRMED
SUPPORTING,0.815,True,MIXED,SUSPECTED
SUPPORTING,0.814,True,CRIMINAL,SUSPECTED
SUPPORTING,0.643,True,LEGITIMATE,SUSPECTED
SUPPORTING,0.838,True,MIXED,CONFIRMED
SUPPORTING,0.690,True,CRIMINAL,SUSPECTED
SUPPORTING,0.925,True,CRIMINAL,CONFIRMED
NEUTRAL,0.224,True,AMBIGUOUS,UNKNOWN
SUPPORTING,0.929,True,CRIMINAL,CONFIRMED
SUPPORTING,0.933,True,MIXED,CONFIRMED
NEUTRAL,0.339,True,CRIMINAL,UNKNOWN
SUPPORTING,0.881,True,CRIMINAL,CONFIRMED
SUPPORTING,0.826,True,MIXED,CONFIRMED
NEUTRAL,0.378,True,CRIMINAL,UNKNOWN
SUPPORTING,0.676,True,MIXED,SUSPECTED
SUPPORTING,0.832,True,LEGITIMATE,CONFIRMED
SUPPORTING,0.661,True,CRIMINAL,SUSPECTED
CONTRADICTING,0.340,True,MIXED,FALSE
SUPPORTING,0.908,True,AMBIGUOUS,CONFIRMED
SUPPORTING,0.591,True,CRIMINAL,SUSPECTED
SUPPORTING,0.891,True,CRIMINAL,CONFIRMED
SUPPORTING,0.969,True,LEGITIMATE,CONFIRMED
SUPPORTING,0.826,True,CRIMINAL,CONFIRMED
SUPPORTING,0.643,True,LEGITIMATE,SUSPECTED
NEUTRAL,0.273,True,MIXED,UNKNOWN
SUPPORTING,0.833,True,AMBIGUOUS,CONFIRMED
NEUTRAL,0.444,True,AMBIGUOUS,UNKNOWN
SUPPORTING,0.707,True,CRIMINAL,SUSPECTED
SUPPORTING,0.885,True,LEGITIMATE,CONFIRMED
SUPPORTING,0.756,True,CRIMINAL,SUSPECTED
SUPPORTING,0.741,True,CRIMINAL,SUSPECTED
SUPPORTING,0.591,True,MIXED,SUSPECTED
CONTRADICTING,0.290,True,CRIMINAL,FALSE
SUPPORTING,0.981,True,CRIMINAL,CONFIRMED
SUPPORTING,0.839,True,CRIMINAL,SUSPECTED
CONTRADICTING,0.275,True,LEGITIMATE,FALSE
CONTRADICTING,0.283,True,MIXED,FALSE
SUPPORTING,0.671,True,CRIMINAL,SUSPECTED
CONTRADICTING,0.320,True,CRIMINAL,FALSE
NEUTRAL,0.347,True,MIXED,UNKNOWN
SUPPORTING,0.594,True,CRIMINAL,SUSPECTED
SUPPORTING,0.957,True,CRIMINAL,CONFIRMED
SUPPORTING,0.740,True,AMBIGUOUS,SUSPECTED
SUPPORTING,0.785,True,MIXED,SUSPECTED
CONTRADICTING,0.302,True,LEGITIMATE,FALSE
NEUTRAL,0.530,True,CRIMINAL,UNKNOWN
SUPPORTING,0.891,True,CRIMINAL,CONFIRMED
NEUTRAL,0.256,True,LEGITIMATE,UNKNOWN
SUPPORTING,0.826,True,CRIMINAL,SUSPECTED
SUPPORTING,0.843,True,LEGITIMATE,CONFIRMED
NEUTRAL,0.211,True,LEGITIMATE,UNKNOWN
CONTRADICTING,0.131,True,CRIMINAL,FALSE
SUPPORTING,0.587,True,CRIMINAL,SUSPECTED
NEUTRAL,0.316,True,MIXED,UNKNOWN
SUPPORTING,0.909,True,AMBIGUOUS,CONFIRMED
SUPPORTING,0.924,True,AMBIGUOUS,CONFIRMED
NEUTRAL,0.365,True,LEGITIMATE,UNKNOWN
SUPPORTING,0.801,True,MIXED,SUSPECTED
SUPPORTING,0.844,True,MIXED,CONFIRMED
SUPPORTING,0.885,True,CRIMINAL,CONFIRMED
SUPPORTING,0.741,True,MIXED,SUSPECTED
NEUTRAL,0.401,True,AMBIGUOUS,UNKNOWN
SUPPORTING,0.923,True,AMBIGUOUS,CONFIRMED
SUPPORTING,0.918,True,MIXED,CONFIRMED
SUPPORTING,0.711,True,CRIMINAL,SUSPECTED
SUPPORTING,0.905,True,CRIMINAL,CONFIRMED
SUPPORTING,0.922,True,CRIMINAL,CONFIRMED
SUPPORTING,0.836,True,MIXED,SUSPECTED
NEUTRAL,0.203,True,CRIMINAL,UNKNOWN
SUPPORTING,0.809,True,MIXED,SUSPECTED
NEUTRAL,0.275,True,CRIMINAL,UNKNOWN
NEUTRAL,0.523,True,MIXED,UNKNOWN
CONTRADICTING,0.385,True,CRIMINAL,FALSE
NEUTRAL,0.526,True,AMBIGUOUS,UNKNOWN
SUPPORTING,0.938,True,CRIMINAL,CONFIRMED
NEUTRAL,0.263,True,CRIMINAL,UNKNOWN
SUPPORTING,0.853,True,MIXED,SUSPECTED
NEUTRAL,0.535,True,AMBIGUOUS,UNKNOWN
SUPPORTING,0.921,True,CRIMINAL,CONFIRMED
NEUTRAL,0.346,True,LEGITIMATE,UNKNOWN
SUPPORTING,0.849,True,AMBIGUOUS,CONFIRMED
SUPPORTING,0.784,True,MIXED,SUSPECTED
SUPPORTING,0.831,True,MIXED,SUSPECTED
SUPPORTING,0.899,True,CRIMINAL,CONFIRMED
SUPPORTING,0.747,True,MIXED,SUSPECTED
SUPPORTING,0.648,True,MIXED,SUSPECTED
CONTRADICTING,0.219,True,LEGITIMATE,FALSE
NEUTRAL,0.542,True,MIXED,UNKNOWN
SUPPORTING,0.735,True,LEGITIMATE,SUSPECTED
SUPPORTING,0.766,True,CRIMINAL,SUSPECTED
SUPPORTING,0.687,True,MIXED,SUSPECTED
CONTRADICTING,0.209,True,LEGITIMATE,FALSE
SUPPORTING,0.813,True,AMBIGUOUS,SUSPECTED
NEUTRAL,0.260,True,CRIMINAL,UNKNOWN
SUPPORTING,0.847,True,CRIMINAL,CONFIRMED
NEUTRAL,0.393,True,MIXED,UNKNOWN
SUPPORTING,0.653,True,LEGITIMATE,SUSPECTED
CONTRADICTING,0.310,True,AMBIGUOUS,FALSE
SUPPORTING,0.765,True,CRIMINAL,SUSPECTED
CONTRADICTING,0.260,True,MIXED,FALSE
NEUTRAL,0.388,True,LEGITIMATE,UNKNOWN
SUPPORTING,0.989,True,CRIMINAL,CONFIRMED
NEUTRAL,0.506,True,AMBIGUOUS,UNKNOWN
SUPPORTING,0.583,True,CRIMINAL,SUSPECTED
SUPPORTING,0.622,True,CRIMINAL,SUSPECTED
NEUTRAL,0.266,True,MIXED,UNKNOWN
SUPPORTING,0.927,True,LEGITIMATE,CONFIRMED
SUPPORTING,0.861,True,AMBIGUOUS,CONFIRMED
NEUTRAL,0.349,True,AMBIGUOUS,UNKNOWN
SUPPORTING,0.731,True,CRIMINAL,SUSPECTED
SUPPORTING,0.974,True,LEGITIMATE,CONFIRMED
SUPPORTING,0.826,True,CRIMINAL,CONFIRMED
NEUTRAL,0.280,True,CRIMINAL,UNKNOWN
SUPPORTING,0.980,True,LEGITIMATE,CONFIRMED
SUPPORTING,0.873,True,CRIMINAL,CONFIRMED
NEUTRAL,0.374,True,MIXED,UNKNOWN
SUPPORTING,0.978,True,CRIMINAL,CONFIRMED
SUPPORTING,0.878,True,AMBIGUOUS,CONFIRMED
NEUTRAL,0.480,True,MIXED,UNKNOWN
SUPPORTING,0.776,True,LEGITIMATE,SUSPECTED
SUPPORTING,0.912,True,MIXED,CONFIRMED
NEUTRAL,0.219,True,LEGITIMATE,UNKNOWN
NEUTRAL,0.472,True,AMBIGUOUS,UNKNOWN
CONTRADICTING,0.359,True,LEGITIMATE,FALSE
NEUTRAL,0.505,True,CRIMINAL,UNKNOWN
SUPPORTING,0.773,True,MIXED,SUSPECTED
NEUTRAL,0.364,True,LEGITIMATE,UNKNOWN
NEUTRAL,0.386,True,LEGITIMATE,UNKNOWN
NEUTRAL,0.508,True,LEGITIMATE,UNKNOWN
SUPPORTING,0.683,True,LEGITIMATE,SUSPECTED
NEUTRAL,0.446,True,AMBIGUOUS,UNKNOWN
NEUTRAL,0.299,True,CRIMINAL,UNKNOWN
SUPPORTING,0.820,True,MIXED,CONFIRMED
SUPPORTING,0.805,True,MIXED,SUSPECTED
SUPPORTING,0.838,True,LEGITIMATE,CONFIRMED
CONTRADICTING,0.226,True,AMBIGUOUS,FALSE
NEUTRAL,0.203,True,MIXED,UNKNOWN
SUPPORTING,0.584,True,CRIMINAL,SUSPECTED
SUPPORTING,0.644,True,MIXED,SUSPECTED
SUPPORTING,0.722,True,MIXED,SUSPECTED
NEUTRAL,0.449,True,CRIMINAL,UNKNOWN
CONTRADICTING,0.278,True,CRIMINAL,FALSE
CONTRADICTING,0.152,True,CRIMINAL,FALSE
SUPPORTING,0.694,True,LEGITIMATE,SUSPECTED
SUPPORTING,0.711,True,MIXED,SUSPECTED
SUPPORTING,0.720,True,MIXED,SUSPECTED
CONTRADICTING,0.402,True,CRIMINAL,FALSE
SUPPORTING,0.917,True,MIXED,CONFIRMED
CONTRADICTING,0.245,True,LEGITIMATE,FALSE
CONTRADICTING,0.299,True,LEGITIMATE,FALSE
SUPPORTING,0.823,True,CRIMINAL,CONFIRMED
SUPPORTING,0.840,True,CRIMINAL,CONFIRMED
SUPPORTING,0.983,True,AMBIGUOUS,CONFIRMED
SUPPORTING,0.610,True,CRIMINAL,SUSPECTED
SUPPORTING,0.833,True,CRIMINAL,CONFIRMED
NEUTRAL,0.368,True,MIXED,UNKNOWN
SUPPORTING,0.649,True,CRIMINAL,SUSPECTED
NEUTRAL,0.451,True,MIXED,UNKNOWN
SUPPORTING,0.849,True,CRIMINAL,CONFIRMED
NEUTRAL,0.508,True,LEGITIMATE,UNKNOWN
SUPPORTING,0.676,True,CRIMINAL,SUSPECTED
CONTRADICTING,0.189,True,LEGITIMATE,FALSE
SUPPORTING,0.642,True,LEGITIMATE,SUSPECTED
SUPPORTING,0.869,True,AMBIGUOUS,CONFIRMED
NEUTRAL,0.251,True,MIXED,UNKNOWN
CONTRADICTING,0.240,True,LEGITIMATE,FALSE
CONTRADICTING,0.138,True,LEGITIMATE,FALSE
SUPPORTING,0.732,True,MIXED,SUSPECTED
NEUTRAL,0.387,True,CRIMINAL,UNKNOWN
SUPPORTING,0.834,True,CRIMINAL,SUSPECTED
SUPPORTING,0.749,True,CRIMINAL,SUSPECTED
SUPPORTING,0.929,True,MIXED,CONFIRMED
NEUTRAL,0.331,True,CRIMINAL,UNKNOWN
CONTRADICTING,0.222,True,CRIMINAL,FALSE
SUPPORTING,0.950,True,MIXED,CONFIRMED
SUPPORTING,0.665,True,CRIMINAL,SUSPECTED
SUPPORTING,0.899,True,CRIMINAL,CONFIRMED
NEUTRAL,0.415,True,LEGITIMATE,UNKNOWN
NEUTRAL,0.347,True,CRIMINAL,UNKNOWN
NEUTRAL,0.377,True,LEGITIMATE,UNKNOWN
SUPPORTING,0.949,True,MIXED,CONFIRMED
SUPPORTING,0.824,True,CRIMINAL,SUSPECTED
SUPPORTING,0.785,True,AMBIGUOUS,SUSPECTED
SUPPORTING,0.865,True,CRIMINAL,CONFIRMED
SUPPORTING,0.895,True,LEGITIMATE,CONFIRMED
CONTRADICTING,0.217,True,AMBIGUOUS,FALSE
SUPPORTING,0.924,True,AMBIGUOUS,CONFIRMED
SUPPORTING,0.911,True,MIXED,CONFIRMED
SUPPORTING,0.693,True,CRIMINAL,SUSPECTED
SUPPORTING,0.768,True,CRIMINAL,SUSPECTED
CONTRADICTING,0.129,True,CRIMINAL,FALSE
NEUTRAL,0.442,True,CRIMINAL,UNKNOWN
SUPPORTING,0.829,True,CRIMINAL,CONFIRMED
SUPPORTING,0.954,True,CRIMINAL,CONFIRMED
SUPPORTING,0.890,True,CRIMINAL,CONFIRMED
SUPPORTING,0.856,True,AMBIGUOUS,CONFIRMED
SUPPORTING,0.827,True,AMBIGUOUS,CONFIRMED
CONTRADICTING,0.203,True,CRIMINAL,FALSE
NEUTRAL,0.495,True,MIXED,UNKNOWN
NEUTRAL,0.327,True,AMBIGUOUS,UNKNOWN
SUPPORTING,0.854,True,MIXED,CONFIRMED
NEUTRAL,0.385,True,MIXED,UNKNOWN
CONTRADICTING,0.126,True,CRIMINAL,FALSE
SUPPORTING,0.883,True,MIXED,CONFIRMED
NEUTRAL,0.384,True,CRIMINAL,UNKNOWN
CONTRADICTING,0.186,True,MIXED,FALSE
NEUTRAL,0.473,True,AMBIGUOUS,UNKNOWN
SUPPORTING,0.711,True,CRIMINAL,SUSPECTED
NEUTRAL,0.403,True,LEGITIMATE,UNKNOWN
SUPPORTING,0.946,True,AMBIGUOUS,CONFIRMED
SUPPORTING,0.848,True,CRIMINAL,SUSPECTED
SUPPORTING,0.914,True,MIXED,CONFIRMED
SUPPORTING,0.790,True,LEGITIMATE,SUSPECTED
CONTRADICTING,0.224,True,LEGITIMATE,FALSE
SUPPORTING,0.786,True,CRIMINAL,SUSPECTED
NEUTRAL,0.342,True,CRIMINAL,UNKNOWN
SUPPORTING,0.830,True,CRIMINAL,CONFIRMED
SUPPORTING,0.822,True,LEGITIMATE,CONFIRMED
CONTRADICTING,0.143,True,LEGITIMATE,FALSE
SUPPORTING,0.981,True,AMBIGUOUS,CONFIRMED
NEUTRAL,0.541,True,LEGITIMATE,UNKNOWN
NEUTRAL,0.543,True,CRIMINAL,UNKNOWN
NEUTRAL,0.312,True,CRIMINAL,UNKNOWN
SUPPORTING,0.620,True,CRIMINAL,SUSPECTED
CONTRADICTING,0.336,True,LEGITIMATE,FALSE
CONTRADICTING,0.346,True,LEGITIMATE,FALSE
SUPPORTING,0.814,True,MIXED,SUSPECTED
NEUTRAL,0.330,True,MIXED,UNKNOWN
SUPPORTING,0.619,True,CRIMINAL,SUSPECTED
SUPPORTING,0.933,True,CRIMINAL,CONFIRMED
SUPPORTING,0.747,True,CRIMINAL,SUSPECTED
NEUTRAL,0.229,True,CRIMINAL,UNKNOWN
NEUTRAL,0.371,True,MIXED,UNKNOWN
NEUTRAL,0.324,True,AMBIGUOUS,UNKNOWN
NEUTRAL,0.431,True,MIXED,UNKNOWN
SUPPORTING,0.865,True,MIXED,CONFIRMED
SUPPORTING,0.620,True,AMBIGUOUS,SUSPECTED
CONTRADICTING,0.247,True,LEGITIMATE,FALSE
SUPPORTING,0.832,True,CRIMINAL,SUSPECTED
SUPPORTING,0.830,True,CRIMINAL,CONFIRMED
NEUTRAL,0.503,True,AMBIGUOUS,UNKNOWN
SUPPORTING,0.983,True,CRIMINAL,CONFIRMED
SUPPORTING,0.601,True,AMBIGUOUS,SUSPECTED
NEUTRAL,0.332,True,MIXED,UNKNOWN
CONTRADICTING,0.152,True,MIXED,FALSE
NEUTRAL,0.369,True,MIXED,UNKNOWN
SUPPORTING,0.874,True,CRIMINAL,CONFIRMED
SUPPORTING,0.850,True,CRIMINAL,CONFIRMED
SUPPORTING,0.761,True,CRIMINAL,SUSPECTED
SUPPORTING,0.986,True,CRIMINAL,CONFIRMED
NEUTRAL,0.327,True,MIXED,UNKNOWN
SUPPORTING,0.663,True,MIXED,SUSPECTED
SUPPORTING,0.945,True,CRIMINAL,CONFIRMED
CONTRADICTING,0.307,True,MIXED,FALSE
SUPPORTING,0.832,True,CRIMINAL,CONFIRMED
CONTRADICTING,0.320,True,LEGITIMATE,FALSE
CONTRADICTING,0.297,True,MIXED,FALSE
NEUTRAL,0.239,True,MIXED,UNKNOWN
SUPPORTING,0.981,True,AMBIGUOUS,CONFIRMED
SUPPORTING,0.877,True,CRIMINAL,CONFIRMED
CONTRADICTING,0.403,True,AMBIGUOUS,FALSE
SUPPORTING,0.976,True,LEGITIMATE,CONFIRMED
SUPPORTING,0.909,True,MIXED,CONFIRMED
SUPPORTING,0.640,True,LEGITIMATE,SUSPECTED
SUPPORTING,0.917,True,CRIMINAL,CONFIRMED
SUPPORTING,0.787,True,MIXED,SUSPECTED
SUPPORTING,0.846,True,CRIMINAL,CONFIRMED
SUPPORTING,0.582,True,MIXED,SUSPECTED
SUPPORTING,0.894,True,CRIMINAL,CONFIRMED
CONTRADICTING,0.176,True,AMBIGUOUS,FALSE
SUPPORTING,0.581,True,CRIMINAL,SUSPECTED
CONTRADICTING,0.350,True,AMBIGUOUS,FALSE
CONTRADICTING,0.169,True,CRIMINAL,FALSE
SUPPORTING,0.765,True,MIXED,SUSPECTED
NEUTRAL,0.392,True,CRIMINAL,UNKNOWN
SUPPORTING,0.831,True,CRIMINAL,CONFIRMED
SUPPORTING,0.947,True,CRIMINAL,CONFIRMED
SUPPORTING,0.859,True,LEGITIMATE,SUSPECTED
NEUTRAL,0.242,True,MIXED,UNKNOWN
SUPPORTING,0.954,True,CRIMINAL,CONFIRMED
SUPPORTING,0.735,True,MIXED,SUSPECTED
SUPPORTING,0.907,True,CRIMINAL,CONFIRMED
SUPPORTING,0.745,True,LEGITIMATE,SUSPECTED
NEUTRAL,0.246,True,CRIMINAL,UNKNOWN
SUPPORTING,0.796,True,AMBIGUOUS,SUSPECTED
NEUTRAL,0.337,True,CRIMINAL,UNKNOWN
SUPPORTING,0.621,True,CRIMINAL,SUSPECTED
NEUTRAL,0.344,True,LEGITIMATE,UNKNOWN
SUPPORTING,0.825,True,CRIMINAL,CONFIRMED
SUPPORTING,0.637,True,MIXED,SUSPECTED
SUPPORTING,0.842,True,CRIMINAL,CONFIRMED
SUPPORTING,0.710,True,AMBIGUOUS,SUSPECTED
CONTRADICTING,0.363,True,CRIMINAL,FALSE
NEUTRAL,0.517,True,LEGITIMATE,UNKNOWN
NEUTRAL,0.450,True,MIXED,UNKNOWN
SUPPORTING,0.623,True,MIXED,SUSPECTED
SUPPORTING,0.853,True,MIXED,CONFIRMED
SUPPORTING,0.746,True,AMBIGUOUS,SUSPECTED
NEUTRAL,0.216,True,MIXED,UNKNOWN
SUPPORTING,0.943,True,CRIMINAL,CONFIRMED
CONTRADICTING,0.212,True,MIXED,FALSE
SUPPORTING,0.604,True,MIXED,SUSPECTED
SUPPORTING,0.727,True,CRIMINAL,SUSPECTED
SUPPORTING,0.912,True,CRIMINAL,CONFIRMED
NEUTRAL,0.408,True,AMBIGUOUS,UNKNOWN
SUPPORTING,0.853,True,CRIMINAL,SUSPECTED
NEUTRAL,0.285,True,MIXED,UNKNOWN
CONTRADICTING,0.313,True,CRIMINAL,FALSE
NEUTRAL,0.226,True,MIXED,UNKNOWN
NEUTRAL,0.472,True,CRIMINAL,UNKNOWN
SUPPORTING,0.971,True,MIXED,CONFIRMED
SUPPORTING,0.908,True,CRIMINAL,CONFIRMED
CONTRADICTING,0.266,True,MIXED,FALSE
SUPPORTING,0.847,True,CRIMINAL,CONFIRMED
CONTRADICTING,0.185,True,CRIMINAL,FALSE
NEUTRAL,0.422,True,CRIMINAL,UNKNOWN
NEUTRAL,0.257,True,AMBIGUOUS,UNKNOWN
NEUTRAL,0.351,True,CRIMINAL,UNKNOWN
CONTRADICTING,0.217,True,MIXED,FALSE
CONTRADICTING,0.294,True,CRIMINAL,FALSE
SUPPORTING,0.601,True,CRIMINAL,SUSPECTED
SUPPORTING,0.879,True,LEGITIMATE,CONFIRMED
NEUTRAL,0.258,True,AMBIGUOUS,UNKNOWN
NEUTRAL,0.205,True,LEGITIMATE,UNKNOWN
NEUTRAL,0.375,True,CRIMINAL,UNKNOWN
NEUTRAL,0.284,True,MIXED,UNKNOWN
NEUTRAL,0.523,True,AMBIGUOUS,UNKNOWN
CONTRADICTING,0.209,True,CRIMINAL,FALSE
CONTRADICTING,0.359,True,CRIMINAL,FALSE
SUPPORTING,0.747,True,MIXED,SUSPECTED
CONTRADICTING,0.342,True,CRIMINAL,FALSE
SUPPORTING,0.946,True,LEGITIMATE,CONFIRMED
NEUTRAL,0.282,True,CRIMINAL,UNKNOWN
CONTRADICTING,0.234,True,MIXED,FALSE
SUPPORTING,0.971,True,CRIMINAL,CONFIRMED
SUPPORTING,0.839,True,LEGITIMATE,CONFIRMED
NEUTRAL,0.269,True,AMBIGUOUS,UNKNOWN
SUPPORTING,0.668,True,MIXED,SUSPECTED
NEUTRAL,0.452,True,LEGITIMATE,UNKNOWN
SUPPORTING,0.714,True,LEGITIMATE,SUSPECTED
NEUTRAL,0.346,True,MIXED,UNKNOWN
SUPPORTING,0.802,True,CRIMINAL,SUSPECTED
CONTRADICTING,0.374,True,CRIMINAL,FALSE
NEUTRAL,0.465,True,MIXED,UNKNOWN
SUPPORTING,0.848,True,LEGITIMATE,SUSPECTED
SUPPORTING,0.695,True,MIXED,SUSPECTED
NEUTRAL,0.288,True,MIXED,UNKNOWN
NEUTRAL,0.327,True,CRIMINAL,UNKNOWN
SUPPORTING,0.652,True,CRIMINAL,SUSPECTED
NEUTRAL,0.242,True,CRIMINAL,UNKNOWN
SUPPORTING,0.830,True,CRIMINAL,CONFIRMED
SUPPORTING,0.957,True,CRIMINAL,CONFIRMED
SUPPORTING,0.764,True,AMBIGUOUS,SUSPECTED
NEUTRAL,0.444,True,MIXED,UNKNOWN
NEUTRAL,0.423,True,MIXED,UNKNOWN
NEUTRAL,0.313,True,CRIMINAL,UNKNOWN
NEUTRAL,0.351,True,LEGITIMATE,UNKNOWN
SUPPORTING,0.970,True,CRIMINAL,CONFIRMED
SUPPORTING,0.857,True,CRIMINAL,SUSPECTED
NEUTRAL,0.202,True,LEGITIMATE,UNKNOWN
NEUTRAL,0.512,True,LEGITIMATE,UNKNOWN
CONTRADICTING,0.356,True,CRIMINAL,FALSE
SUPPORTING,0.917,True,CRIMINAL,CONFIRMED
CONTRADICTING,0.296,True,AMBIGUOUS,FALSE
SUPPORTING,0.683,True,LEGITIMATE,SUSPECTED
CONTRADICTING,0.169,True,LEGITIMATE,FALSE
SUPPORTING,0.707,True,CRIMINAL,SUSPECTED
SUPPORTING,0.624,True,MIXED,SUSPECTED
CONTRADICTING,0.256,True,AMBIGUOUS,FALSE
SUPPORTING,0.721,True,CRIMINAL,SUSPECTED
SUPPORTING,0.874,True,LEGITIMATE,CONFIRMED
SUPPORTING,0.859,True,LEGITIMATE,SUSPECTED
NEUTRAL,0.468,True,LEGITIMATE,UNKNOWN
NEUTRAL,0.514,True,LEGITIMATE,UNKNOWN
NEUTRAL,0.330,True,CRIMINAL,UNKNOWN
SUPPORTING,0.594,True,LEGITIMATE,SUSPECTED
SUPPORTING,0.607,True,LEGITIMATE,SUSPECTED
NEUTRAL,0.345,True,LEGITIMATE,UNKNOWN
NEUTRAL,0.302,True,CRIMINAL,UNKNOWN
SUPPORTING,0.588,True,AMBIGUOUS,SUSPECTED
NEUTRAL,0.357,True,CRIMINAL,UNKNOWN
SUPPORTING,0.954,True,CRIMINAL,CONFIRMED
SUPPORTING,0.841,True,CRIMINAL,CONFIRMED
SUPPORTING,0.692,True,LEGITIMATE,SUSPECTED
SUPPORTING,0.895,True,AMBIGUOUS,CONFIRMED
SUPPORTING,0.825,True,LEGITIMATE,SUSPECTED
SUPPORTING,0.591,True,AMBIGUOUS,SUSPECTED
NEUTRAL,0.505,True,CRIMINAL,UNKNOWN
NEUTRAL,0.370,True,AMBIGUOUS,UNKNOWN
SUPPORTING,0.979,True,CRIMINAL,CONFIRMED
NEUTRAL,0.461,True,MIXED,UNKNOWN
NEUTRAL,0.424,True,MIXED,UNKNOWN
SUPPORTING,0.768,True,CRIMINAL,SUSPECTED
SUPPORTING,0.943,True,MIXED,CONFIRMED
CONTRADICTING,0.166,True,CRIMINAL,FALSE
NEUTRAL,0.540,True,MIXED,UNKNOWN
NEUTRAL,0.281,True,MIXED,UNKNOWN
NEUTRAL,0.397,True,CRIMINAL,UNKNOWN
SUPPORTING,0.765,True,LEGITIMATE,SUSPECTED
CONTRADICTING,0.196,True,MIXED,FALSE
NEUTRAL,0.367,True,AMBIGUOUS,UNKNOWN
CONTRADICTING,0.141,True,LEGITIMATE,FALSE
CONTRADICTING,0.350,True,CRIMINAL,FALSE
SUPPORTING,0.734,True,CRIMINAL,SUSPECTED
NEUTRAL,0.428,True,LEGITIMATE,UNKNOWN
SUPPORTING,0.780,True,CRIMINAL,SUSPECTED
CONTRADICTING,0.331,True,CRIMINAL,FALSE
NEUTRAL,0.291,True,AMBIGUOUS,UNKNOWN
SUPPORTING,0.725,True,MIXED,SUSPECTED
CONTRADICTING,0.190,True,MIXED,FALSE
SUPPORTING,0.886,True,MIXED,CONFIRMED
NEUTRAL,0.428,True,MIXED,UNKNOWN
CONTRADICTING,0.375,True,CRIMINAL,FALSE
SUPPORTING,0.600,True,CRIMINAL,SUSPECTED
CONTRADICTING,0.230,True,LEGITIMATE,FALSE
SUPPORTING,0.732,True,LEGITIMATE,SUSPECTED
SUPPORTING,0.719,True,CRIMINAL,SUSPECTED
SUPPORTING,0.763,True,MIXED,SUSPECTED
SUPPORTING,0.599,True,CRIMINAL,SUSPECTED
SUPPORTING,0.862,True,CRIMINAL,CONFIRMED
SUPPORTING,0.899,True,AMBIGUOUS,CONFIRMED
NEUTRAL,0.524,True,MIXED,UNKNOWN
SUPPORTING,0.921,True,CRIMINAL,CONFIRMED
NEUTRAL,0.547,True,AMBIGUOUS,UNKNOWN
SUPPORTING,0.901,True,LEGITIMATE,CONFIRMED
NEUTRAL,0.428,True,MIXED,UNKNOWN
SUPPORTING,0.776,True,MIXED,SUSPECTED
SUPPORTING,0.704,True,CRIMINAL,SUSPECTED
SUPPORTING,0.689,True,CRIMINAL,SUSPECTED
NEUTRAL,0.212,True,MIXED,UNKNOWN
SUPPORTING,0.829,True,LEGITIMATE,SUSPECTED
SUPPORTING,0.605,True,CRIMINAL,SUSPECTED
SUPPORTING,0.784,True,AMBIGUOUS,SUSPECTED
NEUTRAL,0.529,True,CRIMINAL,UNKNOWN
CONTRADICTING,0.409,True,AMBIGUOUS,FALSE
SUPPORTING,0.873,True,LEGITIMATE,CONFIRMED
SUPPORTING,0.757,True,CRIMINAL,SUSPECTED
SUPPORTING,0.628,True,LEGITIMATE,SUSPECTED
CONTRADICTING,0.412,True,MIXED,FALSE
CONTRADICTING,0.400,True,MIXED,FALSE
NEUTRAL,0.221,True,AMBIGUOUS,UNKNOWN
CONTRADICTING,0.226,True,CRIMINAL,FALSE
SUPPORTING,0.694,True,LEGITIMATE,SUSPECTED
NEUTRAL,0.336,True,CRIMINAL,UNKNOWN
NEUTRAL,0.330,True,LEGITIMATE,UNKNOWN
SUPPORTING,0.822,True,MIXED,CONFIRMED
SUPPORTING,0.833,True,CRIMINAL,CONFIRMED
SUPPORTING,0.826,True,MIXED,CONFIRMED
NEUTRAL,0.494,True,LEGITIMATE,UNKNOWN
NEUTRAL,0.274,True,LEGITIMATE,UNKNOWN
CONTRADICTING,0.153,True,MIXED,FALSE
CONTRADICTING,0.258,True,MIXED,FALSE
SUPPORTING,0.899,True,CRIMINAL,CONFIRMED
CONTRADICTING,0.287,True,CRIMINAL,FALSE
SUPPORTING,0.846,True,CRIMINAL,CONFIRMED
SUPPORTING,0.834,True,CRIMINAL,CONFIRMED
SUPPORTING,0.850,True,LEGITIMATE,SUSPECTED
CONTRADICTING,0.301,True,LEGITIMATE,FALSE
SUPPORTING,0.696,True,LEGITIMATE,SUSPECTED
SUPPORTING,0.965,True,CRIMINAL,CONFIRMED
NEUTRAL,0.518,True,CRIMINAL,UNKNOWN
SUPPORTING,0.851,True,CRIMINAL,CONFIRMED
SUPPORTING,0.834,True,MIXED,SUSPECTED
SUPPORTING,0.853,True,LEGITIMATE,CONFIRMED
NEUTRAL,0.446,True,MIXED,UNKNOWN
SUPPORTING,0.809,True,CRIMINAL,SUSPECTED
CONTRADICTING,0.327,True,MIXED,FALSE
CONTRADICTING,0.166,True,LEGITIMATE,FALSE
NEUTRAL,0.253,True,AMBIGUOUS,UNKNOWN
SUPPORTING,0.835,True,LEGITIMATE,CONFIRMED
SUPPORTING,0.693,True,AMBIGUOUS,SUSPECTED
CONTRADICTING,0.254,True,LEGITIMATE,FALSE
SUPPORTING,0.838,True,CRIMINAL,SUSPECTED
SUPPORTING,0.914,True,CRIMINAL,CONFIRMED
SUPPORTING,0.989,True,LEGITIMATE,CONFIRMED
SUPPORTING,0.848,True,CRIMINAL,SUSPECTED
CONTRADICTING,0.220,True,MIXED,FALSE
NEUTRAL,0.242,True,CRIMINAL,UNKNOWN
CONTRADICTING,0.121,True,LEGITIMATE,FALSE
CONTRADICTING,0.258,True,AMBIGUOUS,FALSE
SUPPORTING,0.887,True,CRIMINAL,CONFIRMED
CONTRADICTING,0.330,True,LEGITIMATE,FALSE
NEUTRAL,0.309,True,AMBIGUOUS,UNKNOWN
SUPPORTING,0.697,True,MIXED,SUSPECTED
SUPPORTING,0.794,True,LEGITIMATE,SUSPECTED
NEUTRAL,0.271,True,MIXED,UNKNOWN
NEUTRAL,0.520,True,CRIMINAL,UNKNOWN
CONTRADICTING,0.185,True,LEGITIMATE,FALSE
SUPPORTING,0.947,True,CRIMINAL,CONFIRMED
SUPPORTING,0.907,True,CRIMINAL,CONFIRMED
SUPPORTING,0.700,True,MIXED,SUSPECTED
CONTRADICTING,0.413,True,CRIMINAL,FALSE
CONTRADICTING,0.356,True,LEGITIMATE,FALSE
NEUTRAL,0.258,True,CRIMINAL,UNKNOWN
SUPPORTING,0.708,True,MIXED,SUSPECTED
SUPPORTING,0.587,True,CRIMINAL,SUSPECTED
SUPPORTING,0.954,True,CRIMINAL,CONFIRMED
SUPPORTING,0.620,True,CRIMINAL,SUSPECTED
SUPPORTING,0.779,True,CRIMINAL,SUSPECTED
SUPPORTING,0.769,True,MIXED,SUSPECTED
SUPPORTING,0.820,True,CRIMINAL,SUSPECTED
NEUTRAL,0.455,True,AMBIGUOUS,UNKNOWN
CONTRADICTING,0.126,True,LEGITIMATE,FALSE
NEUTRAL,0.224,True,LEGITIMATE,UNKNOWN
SUPPORTING,0.800,True,AMBIGUOUS,SUSPECTED
SUPPORTING,0.849,True,CRIMINAL,CONFIRMED
SUPPORTING,0.929,True,CRIMINAL,CONFIRMED
SUPPORTING,0.729,True,LEGITIMATE,SUSPECTED
SUPPORTING,0.937,True,LEGITIMATE,CONFIRMED
NEUTRAL,0.363,True,LEGITIMATE,UNKNOWN
SUPPORTING,0.958,True,CRIMINAL,CONFIRMED
NEUTRAL,0.403,True,CRIMINAL,UNKNOWN
SUPPORTING,0.958,True,CRIMINAL,CONFIRMED
SUPPORTING,0.584,True,LEGITIMATE,SUSPECTED
SUPPORTING,0.757,True,CRIMINAL,SUSPECTED
NEUTRAL,0.540,True,CRIMINAL,UNKNOWN
SUPPORTING,0.920,True,CRIMINAL,CONFIRMED
SUPPORTING,0.830,True,MIXED,CONFIRMED
NEUTRAL,0.333,True,LEGITIMATE,UNKNOWN
SUPPORTING,0.629,True,CRIMINAL,SUSPECTED
NEUTRAL,0.454,True,AMBIGUOUS,UNKNOWN
CONTRADICTING,0.389,True,LEGITIMATE,FALSE
CONTRADICTING,0.176,True,LEGITIMATE,FALSE
SUPPORTING,0.885,True,CRIMINAL,CONFIRMED
CONTRADICTING,0.184,True,MIXED,FALSE
NEUTRAL,0.206,True,AMBIGUOUS,UNKNOWN
NEUTRAL,0.510,True,MIXED,UNKNOWN
NEUTRAL,0.449,True,LEGITIMATE,UNKNOWN
SUPPORTING,0.879,True,LEGITIMATE,CONFIRMED
SUPPORTING,0.974,True,MIXED,CONFIRMED
SUPPORTING,0.702,True,MIXED,SUSPECTED
CONTRADICTING,0.231,True,AMBIGUOUS,FALSE
SUPPORTING,0.825,True,CRIMINAL,CONFIRMED
NEUTRAL,0.534,True,MIXED,UNKNOWN
SUPPORTING,0.874,True,CRIMINAL,CONFIRMED
SUPPORTING,0.669,True,CRIMINAL,SUSPECTED
SUPPORTING,0.771,True,LEGITIMATE,SUSPECTED
CONTRADICTING,0.260,True,AMBIGUOUS,FALSE
SUPPORTING,0.752,True,MIXED,SUSPECTED
NEUTRAL,0.241,True,CRIMINAL,UNKNOWN
SUPPORTING,0.834,True,CRIMINAL,SUSPECTED
SUPPORTING,0.794,True,MIXED,SUSPECTED
NEUTRAL,0.438,True,LEGITIMATE,UNKNOWN
SUPPORTING,0.934,True,MIXED,CONFIRMED
SUPPORTING,0.676,True,LEGITIMATE,SUSPECTED
NEUTRAL,0.511,True,LEGITIMATE,UNKNOWN
SUPPORTING,0.633,True,LEGITIMATE,SUSPECTED
NEUTRAL,0.444,True,AMBIGUOUS,UNKNOWN
CONTRADICTING,0.319,True,LEGITIMATE,FALSE
NEUTRAL,0.475,True,MIXED,UNKNOWN
CONTRADICTING,0.326,True,LEGITIMATE,FALSE
NEUTRAL,0.234,True,MIXED,UNKNOWN
SUPPORTING,0.597,True,CRIMINAL,SUSPECTED
CONTRADICTING,0.403,True,LEGITIMATE,FALSE
NEUTRAL,0.417,True,CRIMINAL,UNKNOWN
SUPPORTING,0.842,True,MIXED,SUSPECTED
SUPPORTING,0.760,True,LEGITIMATE,SUSPECTED
SUPPORTING,0.942,True,CRIMINAL,CONFIRMED
CONTRADICTING,0.237,True,CRIMINAL,FALSE
SUPPORTING,0.927,True,CRIMINAL,CONFIRMED
NEUTRAL,0.362,True,AMBIGUOUS,UNKNOWN
NEUTRAL,0.357,True,AMBIGUOUS,UNKNOWN
SUPPORTING,0.672,True,CRIMINAL,SUSPECTED
NEUTRAL,0.427,True,MIXED,UNKNOWN
SUPPORTING,0.819,True,LEGITIMATE,SUSPECTED
SUPPORTING,0.869,True,MIXED,CONFIRMED
SUPPORTING,0.882,True,AMBIGUOUS,CONFIRMED
SUPPORTING,0.848,True,CRIMINAL,SUSPECTED
NEUTRAL,0.468,True,MIXED,UNKNOWN
CONTRADICTING,0.263,True,LEGITIMATE,FALSE
SUPPORTING,0.623,True,AMBIGUOUS,SUSPECTED
CONTRADICTING,0.129,True,AMBIGUOUS,FALSE
SUPPORTING,0.719,True,AMBIGUOUS,SUSPECTED
CONTRADICTING,0.245,True,AMBIGUOUS,FALSE
SUPPORTING,0.643,True,MIXED,SUSPECTED
NEUTRAL,0.395,True,AMBIGUOUS,UNKNOWN
SUPPORTING,0.831,True,CRIMINAL,CONFIRMED
SUPPORTING,0.815,True,AMBIGUOUS,SUSPECTED
SUPPORTING,0.837,True,MIXED,CONFIRMED
NEUTRAL,0.487,True,MIXED,UNKNOWN
CONTRADICTING,0.127,True,AMBIGUOUS,FALSE
SUPPORTING,0.583,True,AMBIGUOUS,SUSPECTED
SUPPORTING,0.634,True,LEGITIMATE,SUSPECTED
SUPPORTING,0.655,True,LEGITIMATE,SUSPECTED
CONTRADICTING,0.208,True,AMBIGUOUS,FALSE
SUPPORTING,0.798,True,CRIMINAL,SUSPECTED
CONTRADICTING,0.327,True,LEGITIMATE,FALSE
SUPPORTING,0.690,True,CRIMINAL,SUSPECTED
SUPPORTING,0.880,True,AMBIGUOUS,CONFIRMED
SUPPORTING,0.670,True,AMBIGUOUS,SUSPECTED
NEUTRAL,0.353,True,AMBIGUOUS,UNKNOWN
NEUTRAL,0.361,True,LEGITIMATE,UNKNOWN
SUPPORTING,0.655,True,CRIMINAL,SUSPECTED
SUPPORTING,0.710,True,CRIMINAL,SUSPECTED
SUPPORTING,0.845,True,MIXED,CONFIRMED
CONTRADICTING,0.289,True,CRIMINAL,FALSE
NEUTRAL,0.311,True,MIXED,UNKNOWN
NEUTRAL,0.490,True,CRIMINAL,UNKNOWN
NEUTRAL,0.274,True,MIXED,UNKNOWN
CONTRADICTING,0.212,True,LEGITIMATE,FALSE
CONTRADICTING,0.288,True,MIXED,FALSE
SUPPORTING,0.885,True,CRIMINAL,CONFIRMED
SUPPORTING,0.909,True,LEGITIMATE,CONFIRMED
NEUTRAL,0.324,True,LEGITIMATE,UNKNOWN
CONTRADICTING,0.333,True,CRIMINAL,FALSE
NEUTRAL,0.528,True,LEGITIMATE,UNKNOWN
SUPPORTING,0.803,True,MIXED,SUSPECTED
SUPPORTING,0.937,True,MIXED,CONFIRMED
NEUTRAL,0.359,True,LEGITIMATE,UNKNOWN
SUPPORTING,0.687,True,AMBIGUOUS,SUSPECTED
CONTRADICTING,0.154,True,CRIMINAL,FALSE
CONTRADICTING,0.151,True,CRIMINAL,FALSE
SUPPORTING,0.797,True,LEGITIMATE,SUSPECTED
NEUTRAL,0.511,True,AMBIGUOUS,UNKNOWN
SUPPORTING,0.918,True,CRIMINAL,CONFIRMED
CONTRADICTING,0.211,True,LEGITIMATE,FALSE
SUPPORTING,0.785,True,LEGITIMATE,SUSPECTED
CONTRADICTING,0.184,True,LEGITIMATE,FALSE
SUPPORTING,0.836,True,AMBIGUOUS,SUSPECTED
CONTRADICTING,0.190,True,LEGITIMATE,FALSE
NEUTRAL,0.353,True,LEGITIMATE,UNKNOWN
SUPPORTING,0.874,True,MIXED,CONFIRMED
SUPPORTING,0.982,True,CRIMINAL,CONFIRMED
SUPPORTING,0.725,True,AMBIGUOUS,SUSPECTED
SUPPORTING,0.968,True,MIXED,CONFIRMED
SUPPORTING,0.736,True,AMBIGUOUS,SUSPECTED
SUPPORTING,0.622,True,MIXED,SUSPECTED
NEUTRAL,0.246,True,AMBIGUOUS,UNKNOWN
CONTRADICTING,0.323,True,LEGITIMATE,FALSE
NEUTRAL,0.279,True,AMBIGUOUS,UNKNOWN
CONTRADICTING,0.312,True,LEGITIMATE,FALSE
SUPPORTING,0.870,True,CRIMINAL,CONFIRMED
SUPPORTING,0.735,True,CRIMINAL,SUSPECTED
SUPPORTING,0.721,True,CRIMINAL,SUSPECTED
NEUTRAL,0.322,True,LEGITIMATE,UNKNOWN
NEUTRAL,0.228,True,MIXED,UNKNOWN
CONTRADICTING,0.390,True,MIXED,FALSE
SUPPORTING,0.848,True,CRIMINAL,CONFIRMED
CONTRADICTING,0.295,True,AMBIGUOUS,FALSE
CONTRADICTING,0.372,True,LEGITIMATE,FALSE
SUPPORTING,0.759,True,MIXED,SUSPECTED
SUPPORTING,0.846,True,MIXED,CONFIRMED
SUPPORTING,0.849,True,CRIMINAL,SUSPECTED
SUPPORTING,0.874,True,CRIMINAL,CONFIRMED
NEUTRAL,0.356,True,LEGITIMATE,UNKNOWN
SUPPORTING,0.923,True,AMBIGUOUS,CONFIRMED
SUPPORTING,0.851,True,CRIMINAL,SUSPECTED
SUPPORTING,0.872,True,CRIMINAL,CONFIRMED
NEUTRAL,0.247,True,AMBIGUOUS,UNKNOWN
CONTRADICTING,0.386,True,CRIMINAL,FALSE
NEUTRAL,0.370,True,AMBIGUOUS,UNKNOWN
NEUTRAL,0.530,True,MIXED,UNKNOWN
NEUTRAL,0.397,True,CRIMINAL,UNKNOWN
SUPPORTING,0.694,True,MIXED,SUSPECTED
SUPPORTING,0.688,True,CRIMINAL,SUSPECTED
CONTRADICTING,0.293,True,MIXED,FALSE
SUPPORTING,0.669,True,AMBIGUOUS,SUSPECTED
NEUTRAL,0.514,True,CRIMINAL,UNKNOWN
NEUTRAL,0.307,True,CRIMINAL,UNKNOWN
SUPPORTING,0.988,True,CRIMINAL,CONFIRMED
SUPPORTING,0.862,True,LEGITIMATE,CONFIRMED
CONTRADICTING,0.342,True,MIXED,FALSE
SUPPORTING,0.745,True,MIXED,SUSPECTED
SUPPORTING,0.858,True,MIXED,CONFIRMED
NEUTRAL,0.523,True,CRIMINAL,UNKNOWN
NEUTRAL,0.496,True,AMBIGUOUS,UNKNOWN
SUPPORTING,0.949,True,AMBIGUOUS,CONFIRMED
CONTRADICTING,0.307,True,LEGITIMATE,FALSE
SUPPORTING,0.985,True,MIXED,CONFIRMED
CONTRADICTING,0.183,True,LEGITIMATE,FALSE
SUPPORTING,0.843,True,MIXED,SUSPECTED
SUPPORTING,0.763,True,AMBIGUOUS,SUSPECTED
CONTRADICTING,0.382,True,AMBIGUOUS,FALSE
CONTRADICTING,0.214,True,LEGITIMATE,FALSE
SUPPORTING,0.959,True,CRIMINAL,CONFIRMED
SUPPORTING,0.589,True,AMBIGUOUS,SUSPECTED
CONTRADICTING,0.253,True,CRIMINAL,FALSE
SUPPORTING,0.736,True,LEGITIMATE,SUSPECTED
NEUTRAL,0.477,True,MIXED,UNKNOWN
NEUTRAL,0.346,True,LEGITIMATE,UNKNOWN
NEUTRAL,0.352,True,AMBIGUOUS,UNKNOWN
NEUTRAL,0.210,True,CRIMINAL,UNKNOWN
SUPPORTING,0.837,True,LEGITIMATE,SUSPECTED
SUPPORTING,0.948,True,LEGITIMATE,CONFIRMED
SUPPORTING,0.843,True,CRIMINAL,CONFIRMED
SUPPORTING,0.864,True,MIXED,CONFIRMED
SUPPORTING,0.783,True,CRIMINAL,SUSPECTED
SUPPORTING,0.890,True,MIXED,CONFIRMED
NEUTRAL,0.523,True,MIXED,UNKNOWN
NEUTRAL,0.297,True,CRIMINAL,UNKNOWN
SUPPORTING,0.804,True,LEGITIMATE,SUSPECTED
SUPPORTING,0.864,True,MIXED,CONFIRMED
SUPPORTING,0.645,True,AMBIGUOUS,SUSPECTED
NEUTRAL,0.452,True,AMBIGUOUS,UNKNOWN
NEUTRAL,0.337,True,CRIMINAL,UNKNOWN
SUPPORTING,0.693,True,CRIMINAL,SUSPECTED
NEUTRAL,0.546,True,AMBIGUOUS,UNKNOWN
NEUTRAL,0.468,True,LEGITIMATE,UNKNOWN
CONTRADICTING,0.200,True,MIXED,FALSE
NEUTRAL,0.324,True,CRIMINAL,UNKNOWN
CONTRADICTING,0.147,True,LEGITIMATE,FALSE
SUPPORTING,0.611,True,CRIMINAL,SUSPECTED
SUPPORTING,0.721,True,CRIMINAL,SUSPECTED
NEUTRAL,0.202,True,MIXED,UNKNOWN
SUPPORTING,0.946,True,CRIMINAL,CONFIRMED
NEUTRAL,0.486,True,MIXED,UNKNOWN
NEUTRAL,0.539,True,CRIMINAL,UNKNOWN
SUPPORTING,0.690,True,MIXED,SUSPECTED
CONTRADICTING,0.404,True,CRIMINAL,FALSE
NEUTRAL,0.244,True,LEGITIMATE,UNKNOWN
NEUTRAL,0.295,True,CRIMINAL,UNKNOWN
SUPPORTING,0.842,True,LEGITIMATE,CONFIRMED
NEUTRAL,0.289,True,MIXED,UNKNOWN
SUPPORTING,0.750,True,CRIMINAL,SUSPECTED
SUPPORTING,0.749,True,LEGITIMATE,SUSPECTED
SUPPORTING,0.870,True,CRIMINAL,CONFIRMED
CONTRADICTING,0.121,True,AMBIGUOUS,FALSE
SUPPORTING,0.958,True,CRIMINAL,CONFIRMED
SUPPORTING,0.685,True,CRIMINAL,SUSPECTED
SUPPORTING,0.682,True,LEGITIMATE,SUSPECTED
SUPPORTING,0.680,True,AMBIGUOUS,SUSPECTED
SUPPORTING,0.705,True,CRIMINAL,SUSPECTED
SUPPORTING,0.597,True,MIXED,SUSPECTED
CONTRADICTING,0.221,True,LEGITIMATE,FALSE
SUPPORTING,0.714,True,CRIMINAL,SUSPECTED
SUPPORTING,0.875,True,LEGITIMATE,CONFIRMED
SUPPORTING,0.611,True,CRIMINAL,SUSPECTED
CONTRADICTING,0.303,True,AMBIGUOUS,FALSE
NEUTRAL,0.225,True,CRIMINAL,UNKNOWN
SUPPORTING,0.847,True,CRIMINAL,SUSPECTED
NEUTRAL,0.396,True,MIXED,UNKNOWN
CONTRADICTING,0.259,True,LEGITIMATE,FALSE
NEUTRAL,0.363,True,CRIMINAL,UNKNOWN
NEUTRAL,0.363,True,LEGITIMATE,UNKNOWN
SUPPORTING,0.592,True,CRIMINAL,SUSPECTED
SUPPORTING,0.850,True,LEGITIMATE,CONFIRMED
NEUTRAL,0.456,True,CRIMINAL,UNKNOWN
SUPPORTING,0.673,True,MIXED,SUSPECTED
SUPPORTING,0.982,True,CRIMINAL,CONFIRMED
SUPPORTING,0.930,True,CRIMINAL,CONFIRMED
SUPPORTING,0.695,True,AMBIGUOUS,SUSPECTED
SUPPORTING,0.612,True,CRIMINAL,SUSPECTED
SUPPORTING,0.710,True,AMBIGUOUS,SUSPECTED
CONTRADICTING,0.364,True,LEGITIMATE,FALSE
NEUTRAL,0.416,True,MIXED,UNKNOWN
SUPPORTING,0.613,True,CRIMINAL,SUSPECTED
NEUTRAL,0.431,True,MIXED,UNKNOWN
NEUTRAL,0.376,True,MIXED,UNKNOWN
SUPPORTING,0.672,True,MIXED,SUSPECTED
SUPPORTING,0.668,True,LEGITIMATE,SUSPECTED
SUPPORTING,0.827,True,CRIMINAL,CONFIRMED
SUPPORTING,0.849,True,CRIMINAL,CONFIRMED
SUPPORTING,0.623,True,AMBIGUOUS,SUSPECTED
NEUTRAL,0.278,True,AMBIGUOUS,UNKNOWN
SUPPORTING,0.832,True,LEGITIMATE,CONFIRMED
NEUTRAL,0.387,True,CRIMINAL,UNKNOWN
NEUTRAL,0.298,True,MIXED,UNKNOWN
SUPPORTING,0.932,True,LEGITIMATE,CONFIRMED
SUPPORTING,0.882,True,AMBIGUOUS,CONFIRMED
SUPPORTING,0.843,True,AMBIGUOUS,SUSPECTED
SUPPORTING,0.639,True,CRIMINAL,SUSPECTED
SUPPORTING,0.892,True,CRIMINAL,CONFIRMED
SUPPORTING,0.614,True,AMBIGUOUS,SUSPECTED
SUPPORTING,0.824,True,CRIMINAL,CONFIRMED
SUPPORTING,0.663,True,MIXED,SUSPECTED
NEUTRAL,0.543,True,MIXED,UNKNOWN
SUPPORTING,0.617,True,CRIMINAL,SUSPECTED
SUPPORTING,0.582,True,LEGITIMATE,SUSPECTED
NEUTRAL,0.282,True,AMBIGUOUS,UNKNOWN
NEUTRAL,0.224,True,AMBIGUOUS,UNKNOWN
NEUTRAL,0.346,True,LEGITIMATE,UNKNOWN
CONTRADICTING,0.223,True,CRIMINAL,FALSE
SUPPORTING,0.974,True,AMBIGUOUS,CONFIRMED
NEUTRAL,0.358,True,LEGITIMATE,UNKNOWN
NEUTRAL,0.521,True,CRIMINAL,UNKNOWN
SUPPORTING,0.827,True,CRIMINAL,CONFIRMED
SUPPORTING,0.708,True,LEGITIMATE,SUSPECTED
SUPPORTING,0.640,True,CRIMINAL,SUSPECTED
SUPPORTING,0.601,True,CRIMINAL,SUSPECTED
SUPPORTING,0.655,True,MIXED,SUSPECTED
SUPPORTING,0.751,True,LEGITIMATE,SUSPECTED
SUPPORTING,0.914,True,CRIMINAL,CONFIRMED
SUPPORTING,0.808,True,CRIMINAL,SUSPECTED
SUPPORTING,0.849,True,AMBIGUOUS,CONFIRMED
SUPPORTING,0.731,True,MIXED,SUSPECTED
SUPPORTING,0.798,True,CRIMINAL,SUSPECTED
SUPPORTING,0.869,True,CRIMINAL,CONFIRMED
SUPPORTING,0.834,True,LEGITIMATE,SUSPECTED
SUPPORTING,0.707,True,MIXED,SUSPECTED
SUPPORTING,0.878,True,CRIMINAL,CONFIRMED
SUPPORTING,0.780,True,MIXED,SUSPECTED
NEUTRAL,0.340,True,LEGITIMATE,UNKNOWN
NEUTRAL,0.393,True,MIXED,UNKNOWN
NEUTRAL,0.286,True,CRIMINAL,UNKNOWN
SUPPORTING,0.839,True,CRIMINAL,SUSPECTED
CONTRADICTING,0.214,True,LEGITIMATE,FALSE
SUPPORTING,0.965,True,CRIMINAL,CONFIRMED
SUPPORTING,0.982,True,AMBIGUOUS,CONFIRMED
SUPPORTING,0.664,True,LEGITIMATE,SUSPECTED
SUPPORTING,0.870,True,CRIMINAL,CONFIRMED
SUPPORTING,0.780,True,LEGITIMATE,SUSPECTED
SUPPORTING,0.609,True,MIXED,SUSPECTED
CONTRADICTING,0.266,True,CRIMINAL,FALSE
CONTRADICTING,0.363,True,MIXED,FALSE
CONTRADICTING,0.248,True,LEGITIMATE,FALSE
NEUTRAL,0.516,True,LEGITIMATE,UNKNOWN
SUPPORTING,0.637,True,MIXED,SUSPECTED
SUPPORTING,0.581,True,MIXED,SUSPECTED
SUPPORTING,0.792,True,CRIMINAL,SUSPECTED
CONTRADICTING,0.371,True,LEGITIMATE,FALSE
CONTRADICTING,0.200,True,CRIMINAL,FALSE
SUPPORTING,0.913,True,AMBIGUOUS,CONFIRMED
CONTRADICTING,0.231,True,LEGITIMATE,FALSE
SUPPORTING,0.943,True,LEGITIMATE,CONFIRMED
SUPPORTING,0.842,True,CRIMINAL,CONFIRMED
SUPPORTING,0.944,True,MIXED,CONFIRMED
SUPPORTING,0.844,True,LEGITIMATE,SUSPECTED
CONTRADICTING,0.168,True,LEGITIMATE,FALSE
SUPPORTING,0.832,True,CRIMINAL,CONFIRMED
SUPPORTING,0.843,True,CRIMINAL,CONFIRMED
CONTRADICTING,0.305,True,LEGITIMATE,FALSE
CONTRADICTING,0.189,True,LEGITIMATE,FALSE
SUPPORTING,0.955,True,CRIMINAL,CONFIRMED
SUPPORTING,0.648,True,CRIMINAL,SUSPECTED
NEUTRAL,0.417,True,AMBIGUOUS,UNKNOWN
SUPPORTING,0.613,True,AMBIGUOUS,SUSPECTED
CONTRADICTING,0.142,True,LEGITIMATE,FALSE
CONTRADICTING,0.303,True,LEGITIMATE,FALSE
SUPPORTING,0.802,True,LEGITIMATE,SUSPECTED
SUPPORTING,0.965,True,MIXED,CONFIRMED
CONTRADICTING,0.216,True,CRIMINAL,FALSE
CONTRADICTING,0.174,True,MIXED,FALSE
SUPPORTING,0.839,True,CRIMINAL,CONFIRMED
NEUTRAL,0.423,True,MIXED,UNKNOWN
SUPPORTING,0.916,True,LEGITIMATE,CONFIRMED
SUPPORTING,0.897,True,CRIMINAL,CONFIRMED
SUPPORTING,0.586,True,AMBIGUOUS,SUSPECTED
SUPPORTING,0.845,True,AMBIGUOUS,CONFIRMED
NEUTRAL,0.425,True,MIXED,UNKNOWN
SUPPORTING,0.831,True,MIXED,SUSPECTED
SUPPORTING,0.897,True,AMBIGUOUS,CONFIRMED
CONTRADICTING,0.340,True,LEGITIMATE,FALSE
CONTRADICTING,0.166,True,AMBIGUOUS,FALSE
SUPPORTING,0.638,True,LEGITIMATE,SUSPECTED
SUPPORTING,0.676,True,CRIMINAL,SUSPECTED
SUPPORTING,0.941,True,CRIMINAL,CONFIRMED
SUPPORTING,0.775,True,CRIMINAL,SUSPECTED
SUPPORTING,0.683,True,AMBIGUOUS,SUSPECTED
NEUTRAL,0.352,True,AMBIGUOUS,UNKNOWN
SUPPORTING,0.854,True,CRIMINAL,CONFIRMED
SUPPORTING,0.666,True,MIXED,SUSPECTED
NEUTRAL,0.210,True,MIXED,UNKNOWN
SUPPORTING,0.637,True,CRIMINAL,SUSPECTED
SUPPORTING,0.605,True,CRIMINAL,SUSPECTED
SUPPORTING,0.581,True,MIXED,SUSPECTED
SUPPORTING,0.760,True,MIXED,SUSPECTED
SUPPORTING,0.859,True,AMBIGUOUS,CONFIRMED
SUPPORTING,0.883,True,LEGITIMATE,CONFIRMED
CONTRADICTING,0.344,True,LEGITIMATE,FALSE
NEUTRAL,0.283,True,AMBIGUOUS,UNKNOWN
SUPPORTING,0.729,True,CRIMINAL,SUSPECTED
NEUTRAL,0.465,True,MIXED,UNKNOWN
SUPPORTING,0.663,True,AMBIGUOUS,SUSPECTED
SUPPORTING,0.946,True,LEGITIMATE,CONFIRMED
CONTRADICTING,0.127,True,AMBIGUOUS,FALSE
CONTRADICTING,0.243,True,LEGITIMATE,FALSE
SUPPORTING,0.822,True,MIXED,CONFIRMED
SUPPORTING,0.772,True,CRIMINAL,SUSPECTED
SUPPORTING,0.619,True,AMBIGUOUS,SUSPECTED
CONTRADICTING,0.275,True,LEGITIMATE,FALSE
NEUTRAL,0.207,True,LEGITIMATE,UNKNOWN
SUPPORTING,0.891,True,MIXED,CONFIRMED
CONTRADICTING,0.287,True,CRIMINAL,FALSE
SUPPORTING,0.936,True,LEGITIMATE,CONFIRMED
SUPPORTING,0.789,True,LEGITIMATE,SUSPECTED
CONTRADICTING,0.326,True,LEGITIMATE,FALSE
SUPPORTING,0.940,True,CRIMINAL,CONFIRMED
SUPPORTING,0.649,True,MIXED,SUSPECTED
SUPPORTING,0.923,True,MIXED,CONFIRMED
CONTRADICTING,0.275,True,CRIMINAL,FALSE
NEUTRAL,0.424,True,LEGITIMATE,UNKNOWN
SUPPORTING,0.836,True,LEGITIMATE,CONFIRMED
SUPPORTING,0.921,True,CRIMINAL,CONFIRMED
NEUTRAL,0.235,True,MIXED,UNKNOWN
NEUTRAL,0.342,True,CRIMINAL,UNKNOWN
SUPPORTING,0.847,True,CRIMINAL,CONFIRMED
SUPPORTING,0.644,True,AMBIGUOUS,SUSPECTED
SUPPORTING,0.718,True,CRIMINAL,SUSPECTED
SUPPORTING,0.715,True,CRIMINAL,SUSPECTED
SUPPORTING,0.678,True,MIXED,SUSPECTED
CONTRADICTING,0.167,True,LEGITIMATE,FALSE
SUPPORTING,0.750,True,MIXED,SUSPECTED
NEUTRAL,0.404,True,AMBIGUOUS,UNKNOWN
CONTRADICTING,0.324,True,AMBIGUOUS,FALSE
NEUTRAL,0.352,True,LEGITIMATE,UNKNOWN
SUPPORTING,0.728,True,CRIMINAL,SUSPECTED
SUPPORTING,0.775,True,LEGITIMATE,SUSPECTED
SUPPORTING,0.869,True,CRIMINAL,CONFIRMED
CONTRADICTING,0.190,True,CRIMINAL,FALSE
NEUTRAL,0.232,True,CRIMINAL,UNKNOWN
NEUTRAL,0.278,True,LEGITIMATE,UNKNOWN
NEUTRAL,0.370,True,LEGITIMATE,UNKNOWN
SUPPORTING,0.889,True,CRIMINAL,CONFIRMED
SUPPORTING,0.761,True,CRIMINAL,SUSPECTED
SUPPORTING,0.915,True,LEGITIMATE,CONFIRMED
SUPPORTING,0.827,True,CRIMINAL,CONFIRMED
SUPPORTING,0.697,True,MIXED,SUSPECTED
CONTRADICTING,0.292,True,AMBIGUOUS,FALSE
NEUTRAL,0.339,True,AMBIGUOUS,UNKNOWN
SUPPORTING,0.841,True,AMBIGUOUS,SUSPECTED
CONTRADICTING,0.415,True,LEGITIMATE,FALSE
SUPPORTING,0.611,True,MIXED,SUSPECTED
SUPPORTING,0.882,True,CRIMINAL,CONFIRMED
SUPPORTING,0.881,True,MIXED,CONFIRMED
SUPPORTING,0.875,True,CRIMINAL,CONFIRMED
NEUTRAL,0.548,True,MIXED,UNKNOWN
SUPPORTING,0.936,True,LEGITIMATE,CONFIRMED
CONTRADICTING,0.137,True,LEGITIMATE,FALSE
NEUTRAL,0.265,True,LEGITIMATE,UNKNOWN
SUPPORTING,0.643,True,AMBIGUOUS,SUSPECTED
NEUTRAL,0.422,True,CRIMINAL,UNKNOWN
SUPPORTING,0.715,True,MIXED,SUSPECTED
CONTRADICTING,0.381,True,LEGITIMATE,FALSE
SUPPORTING,0.826,True,CRIMINAL,SUSPECTED
SUPPORTING,0.770,True,MIXED,SUSPECTED
SUPPORTING,0.924,True,CRIMINAL,CONFIRMED
SUPPORTING,0.940,True,AMBIGUOUS,CONFIRMED
SUPPORTING,0.838,True,AMBIGUOUS,CONFIRMED
SUPPORTING,0.825,True,CRIMINAL,SUSPECTED
SUPPORTING,0.958,True,CRIMINAL,CONFIRMED
SUPPORTING,0.644,True,AMBIGUOUS,SUSPECTED
NEUTRAL,0.435,True,MIXED,UNKNOWN
SUPPORTING,0.745,True,LEGITIMATE,SUSPECTED
NEUTRAL,0.287,True,CRIMINAL,UNKNOWN
SUPPORTING,0.677,True,CRIMINAL,SUSPECTED
SUPPORTING,0.952,True,LEGITIMATE,CONFIRMED
NEUTRAL,0.469,True,MIXED,UNKNOWN
SUPPORTING,0.673,True,CRIMINAL,SUSPECTED
NEUTRAL,0.294,True,CRIMINAL,UNKNOWN
SUPPORTING,0.964,True,CRIMINAL,CONFIRMED
SUPPORTING,0.761,True,CRIMINAL,SUSPECTED
SUPPORTING,0.610,True,CRIMINAL,SUSPECTED
NEUTRAL,0.373,True,AMBIGUOUS,UNKNOWN
NEUTRAL,0.274,True,CRIMINAL,UNKNOWN
SUPPORTING,0.747,True,CRIMINAL,SUSPECTED
CONTRADICTING,0.223,True,CRIMINAL,FALSE
SUPPORTING,0.847,True,CRIMINAL,CONFIRMED
SUPPORTING,0.868,True,CRIMINAL,CONFIRMED
NEUTRAL,0.361,True,LEGITIMATE,UNKNOWN
SUPPORTING,0.643,True,CRIMINAL,SUSPECTED
NEUTRAL,0.505,True,AMBIGUOUS,UNKNOWN
CONTRADICTING,0.129,True,MIXED,FALSE
NEUTRAL,0.266,True,CRIMINAL,UNKNOWN
SUPPORTING,0.778,True,CRIMINAL,SUSPECTED
CONTRADICTING,0.210,True,CRIMINAL,FALSE
SUPPORTING,0.904,True,CRIMINAL,CONFIRMED
SUPPORTING,0.803,True,MIXED,SUSPECTED
SUPPORTING,0.858,True,LEGITIMATE,CONFIRMED
SUPPORTING,0.870,True,MIXED,CONFIRMED
SUPPORTING,0.833,True,LEGITIMATE,SUSPECTED
SUPPORTING,0.930,True,LEGITIMATE,CONFIRMED
SUPPORTING,0.681,True,CRIMINAL,SUSPECTED
NEUTRAL,0.229,True,LEGITIMATE,UNKNOWN
SUPPORTING,0.580,True,AMBIGUOUS,SUSPECTED
NEUTRAL,0.255,True,CRIMINAL,UNKNOWN
SUPPORTING,0.976,True,CRIMINAL,CONFIRMED
SUPPORTING,0.781,True,CRIMINAL,SUSPECTED
NEUTRAL,0.399,True,AMBIGUOUS,UNKNOWN
SUPPORTING,0.966,True,CRIMINAL,CONFIRMED
SUPPORTING,0.661,True,CRIMINAL,SUSPECTED
SUPPORTING,0.611,True,MIXED,SUSPECTED
NEUTRAL,0.325,True,MIXED,UNKNOWN
SUPPORTING,0.593,True,AMBIGUOUS,SUSPECTED
SUPPORTING,0.932,True,CRIMINAL,CONFIRMED
NEUTRAL,0.307,True,LEGITIMATE,UNKNOWN
CONTRADICTING,0.419,True,LEGITIMATE,FALSE
CONTRADICTING,0.210,True,MIXED,FALSE
NEUTRAL,0.480,True,MIXED,UNKNOWN
SUPPORTING,0.820,True,CRIMINAL,SUSPECTED
SUPPORTING,0.895,True,CRIMINAL,CONFIRMED
NEUTRAL,0.246,True,CRIMINAL,UNKNOWN
SUPPORTING,0.835,True,MIXED,CONFIRMED
SUPPORTING,0.848,True,CRIMINAL,CONFIRMED
SUPPORTING,0.714,True,LEGITIMATE,SUSPECTED
SUPPORTING,0.645,True,CRIMINAL,SUSPECTED
SUPPORTING,0.968,True,CRIMINAL,CONFIRMED
SUPPORTING,0.602,True,MIXED,SUSPECTED
CONTRADICTING,0.368,True,MIXED,FALSE
NEUTRAL,0.304,True,AMBIGUOUS,UNKNOWN
SUPPORTING,0.867,True,LEGITIMATE,CONFIRMED
SUPPORTING,0.986,True,CRIMINAL,CONFIRMED
SUPPORTING,0.847,True,CRIMINAL,CONFIRMED
SUPPORTING,0.822,True,MIXED,CONFIRMED
SUPPORTING,0.639,True,CRIMINAL,SUSPECTED
SUPPORTING,0.626,True,LEGITIMATE,SUSPECTED
SUPPORTING,0.648,True,CRIMINAL,SUSPECTED
SUPPORTING,0.834,True,CRIMINAL,CONFIRMED
SUPPORTING,0.669,True,CRIMINAL,SUSPECTED
SUPPORTING,0.979,True,CRIMINAL,CONFIRMED
CONTRADICTING,0.265,True,CRIMINAL,FALSE
SUPPORTING,0.846,True,CRIMINAL,CONFIRMED
SUPPORTING,0.822,True,MIXED,SUSPECTED
NEUTRAL,0.219,True,CRIMINAL,UNKNOWN
NEUTRAL,0.495,True,CRIMINAL,UNKNOWN
CONTRADICTING,0.238,True,AMBIGUOUS,FALSE
SUPPORTING,0.833,True,CRIMINAL,SUSPECTED
CONTRADICTING,0.180,True,AMBIGUOUS,FALSE
SUPPORTING,0.832,True,LEGITIMATE,CONFIRMED
SUPPORTING,0.731,True,AMBIGUOUS,SUSPECTED
NEUTRAL,0.536,True,AMBIGUOUS,UNKNOWN
NEUTRAL,0.382,True,AMBIGUOUS,UNKNOWN
NEUTRAL,0.221,True,LEGITIMATE,UNKNOWN
SUPPORTING,0.812,True,MIXED,SUSPECTED
SUPPORTING,0.780,True,MIXED,SUSPECTED
SUPPORTING,0.649,True,CRIMINAL,SUSPECTED
SUPPORTING,0.976,True,CRIMINAL,CONFIRMED
SUPPORTING,0.698,True,CRIMINAL,SUSPECTED
SUPPORTING,0.888,True,LEGITIMATE,CONFIRMED
CONTRADICTING,0.311,True,LEGITIMATE,FALSE
NEUTRAL,0.250,True,MIXED,UNKNOWN
SUPPORTING,0.591,True,LEGITIMATE,SUSPECTED
SUPPORTING,0.586,True,CRIMINAL,SUSPECTED
NEUTRAL,0.406,True,MIXED,UNKNOWN
NEUTRAL,0.260,True,AMBIGUOUS,UNKNOWN
CONTRADICTING,0.389,True,MIXED,FALSE
SUPPORTING,0.753,True,AMBIGUOUS,SUSPECTED
SUPPORTING,0.859,True,CRIMINAL,CONFIRMED
SUPPORTING,0.863,True,CRIMINAL,CONFIRMED
CONTRADICTING,0.394,True,MIXED,FALSE
SUPPORTING,0.873,True,CRIMINAL,CONFIRMED
SUPPORTING,0.967,True,CRIMINAL,CONFIRMED
NEUTRAL,0.408,True,MIXED,UNKNOWN
CONTRADICTING,0.213,True,LEGITIMATE,FALSE
SUPPORTING,0.797,True,MIXED,SUSPECTED
SUPPORTING,0.640,True,AMBIGUOUS,SUSPECTED
CONTRADICTING,0.375,True,MIXED,FALSE
SUPPORTING,0.828,True,CRIMINAL,CONFIRMED
SUPPORTING,0.712,True,MIXED,SUSPECTED
SUPPORTING,0.863,True,CRIMINAL,CONFIRMED
SUPPORTING,0.708,True,LEGITIMATE,SUSPECTED
SUPPORTING,0.962,True,CRIMINAL,CONFIRMED
SUPPORTING,0.817,True,MIXED,SUSPECTED
SUPPORTING,0.979,True,MIXED,CONFIRMED
NEUTRAL,0.537,True,CRIMINAL,UNKNOWN
SUPPORTING,0.963,True,CRIMINAL,CONFIRMED
NEUTRAL,0.486,True,LEGITIMATE,UNKNOWN
SUPPORTING,0.901,True,CRIMINAL,CONFIRMED
NEUTRAL,0.483,True,AMBIGUOUS,UNKNOWN
SUPPORTING,0.655,True,MIXED,SUSPECTED
CONTRADICTING,0.122,True,MIXED,FALSE
SUPPORTING,0.600,True,CRIMINAL,SUSPECTED
CONTRADICTING,0.419,True,LEGITIMATE,FALSE
NEUTRAL,0.428,True,CRIMINAL,UNKNOWN
SUPPORTING,0.860,True,CRIMINAL,CONFIRMED
SUPPORTING,0.697,True,LEGITIMATE,SUSPECTED
CONTRADICTING,0.379,True,CRIMINAL,FALSE
SUPPORTING,0.757,True,CRIMINAL,SUSPECTED
SUPPORTING,0.857,True,LEGITIMATE,CONFIRMED
SUPPORTING,0.769,True,MIXED,SUSPECTED
CONTRADICTING,0.260,True,LEGITIMATE,FALSE
NEUTRAL,0.292,True,MIXED,UNKNOWN
NEUTRAL,0.389,True,AMBIGUOUS,UNKNOWN
SUPPORTING,0.676,True,MIXED,SUSPECTED
NEUTRAL,0.463,True,LEGITIMATE,UNKNOWN
NEUTRAL,0.478,True,LEGITIMATE,UNKNOWN
SUPPORTING,0.825,True,MIXED,CONFIRMED
NEUTRAL,0.280,True,CRIMINAL,UNKNOWN
SUPPORTING,0.715,True,MIXED,SUSPECTED
SUPPORTING,0.831,True,CRIMINAL,SUSPECTED
SUPPORTING,0.835,True,LEGITIMATE,SUSPECTED
SUPPORTING,0.745,True,CRIMINAL,SUSPECTED
SUPPORTING,0.954,True,CRIMINAL,CONFIRMED
SUPPORTING,0.885,True,CRIMINAL,CONFIRMED
SUPPORTING,0.981,True,AMBIGUOUS,CONFIRMED
SUPPORTING,0.647,True,CRIMINAL,SUSPECTED
CONTRADICTING,0.182,True,LEGITIMATE,FALSE
NEUTRAL,0.331,True,MIXED,UNKNOWN
NEUTRAL,0.365,True,LEGITIMATE,UNKNOWN
SUPPORTING,0.821,True,AMBIGUOUS,SUSPECTED
NEUTRAL,0.266,True,AMBIGUOUS,UNKNOWN
NEUTRAL,0.353,True,CRIMINAL,UNKNOWN
SUPPORTING,0.715,True,AMBIGUOUS,SUSPECTED
NEUTRAL,0.462,True,LEGITIMATE,UNKNOWN
CONTRADICTING,0.356,True,CRIMINAL,FALSE
NEUTRAL,0.327,True,AMBIGUOUS,UNKNOWN
SUPPORTING,0.832,True,CRIMINAL,CONFIRMED
SUPPORTING,0.820,True,MIXED,SUSPECTED
NEUTRAL,0.282,True,LEGITIMATE,UNKNOWN
CONTRADICTING,0.232,True,MIXED,FALSE
SUPPORTING,0.852,True,MIXED,SUSPECTED
CONTRADICTING,0.138,True,AMBIGUOUS,FALSE
SUPPORTING,0.826,True,CRIMINAL,CONFIRMED
CONTRADICTING,0.241,True,CRIMINAL,FALSE
NEUTRAL,0.407,True,CRIMINAL,UNKNOWN
SUPPORTING,0.825,True,CRIMINAL,CONFIRMED
SUPPORTING,0.926,True,AMBIGUOUS,CONFIRMED
SUPPORTING,0.923,True,AMBIGUOUS,CONFIRMED
SUPPORTING,0.770,True,LEGITIMATE,SUSPECTED
SUPPORTING,0.881,True,MIXED,CONFIRMED
SUPPORTING,0.587,True,CRIMINAL,SUSPECTED
NEUTRAL,0.254,True,CRIMINAL,UNKNOWN
SUPPORTING,0.971,True,CRIMINAL,CONFIRMED
SUPPORTING,0.815,True,CRIMINAL,SUSPECTED
SUPPORTING,0.591,True,CRIMINAL,SUSPECTED
CONTRADICTING,0.238,True,AMBIGUOUS,FALSE
NEUTRAL,0.371,True,MIXED,UNKNOWN
CONTRADICTING,0.231,True,MIXED,FALSE
NEUTRAL,0.379,True,CRIMINAL,UNKNOWN
CONTRADICTING,0.386,True,CRIMINAL,FALSE
NEUTRAL,0.254,True,MIXED,UNKNOWN
NEUTRAL,0.429,True,CRIMINAL,UNKNOWN
SUPPORTING,0.818,True,LEGITIMATE,SUSPECTED
SUPPORTING,0.833,True,LEGITIMATE,SUSPECTED
SUPPORTING,0.609,True,LEGITIMATE,SUSPECTED
CONTRADICTING,0.272,True,LEGITIMATE,FALSE
SUPPORTING,0.702,True,MIXED,SUSPECTED
CONTRADICTING,0.213,True,AMBIGUOUS,FALSE
SUPPORTING,0.850,True,CRIMINAL,SUSPECTED
SUPPORTING,0.843,True,MIXED,SUSPECTED
SUPPORTING,0.925,True,CRIMINAL,CONFIRMED
CONTRADICTING,0.417,True,CRIMINAL,FALSE
SUPPORTING,0.827,True,LEGITIMATE,SUSPECTED
SUPPORTING,0.826,True,MIXED,CONFIRMED
SUPPORTING,0.807,True,AMBIGUOUS,SUSPECTED
SUPPORTING,0.624,True,MIXED,SUSPECTED
SUPPORTING,0.779,True,CRIMINAL,SUSPECTED
SUPPORTING,0.906,True,LEGITIMATE,CONFIRMED
CONTRADICTING,0.220,True,LEGITIMATE,FALSE
SUPPORTING,0.793,True,AMBIGUOUS,SUSPECTED
CONTRADICTING,0.242,True,LEGITIMATE,FALSE
SUPPORTING,0.816,True,CRIMINAL,SUSPECTED
SUPPORTING,0.856,True,MIXED,CONFIRMED
SUPPORTING,0.634,True,CRIMINAL,SUSPECTED
SUPPORTING,0.947,True,MIXED,CONFIRMED
SUPPORTING,0.863,True,CRIMINAL,CONFIRMED
SUPPORTING,0.910,True,MIXED,CONFIRMED
SUPPORTING,0.955,True,CRIMINAL,CONFIRMED
SUPPORTING,0.901,True,AMBIGUOUS,CONFIRMED
SUPPORTING,0.724,True,CRIMINAL,SUSPECTED
SUPPORTING,0.867,True,MIXED,CONFIRMED
SUPPORTING,0.889,True,CRIMINAL,CONFIRMED
SUPPORTING,0.727,True,CRIMINAL,SUSPECTED
SUPPORTING,0.594,True,AMBIGUOUS,SUSPECTED
SUPPORTING,0.760,True,MIXED,SUSPECTED
NEUTRAL,0.304,True,LEGITIMATE,UNKNOWN
SUPPORTING,0.765,True,CRIMINAL,SUSPECTED
CONTRADICTING,0.270,True,CRIMINAL,FALSE
SUPPORTING,0.880,True,CRIMINAL,CONFIRMED
CONTRADICTING,0.271,True,MIXED,FALSE
SUPPORTING,0.824,True,CRIMINAL,CONFIRMED
SUPPORTING,0.663,True,LEGITIMATE,SUSPECTED
CONTRADICTING,0.395,True,LEGITIMATE,FALSE
SUPPORTING,0.826,True,MIXED,SUSPECTED
NEUTRAL,0.314,True,CRIMINAL,UNKNOWN
SUPPORTING,0.938,True,CRIMINAL,CONFIRMED
SUPPORTING,0.842,True,MIXED,SUSPECTED
SUPPORTING,0.688,True,AMBIGUOUS,SUSPECTED
SUPPORTING,0.623,True,CRIMINAL,SUSPECTED
NEUTRAL,0.538,True,AMBIGUOUS,UNKNOWN
SUPPORTING,0.907,True,CRIMINAL,CONFIRMED
CONTRADICTING,0.208,True,CRIMINAL,FALSE
SUPPORTING,0.854,True,AMBIGUOUS,SUSPECTED
SUPPORTING,0.856,True,AMBIGUOUS,SUSPECTED
CONTRADICTING,0.140,True,MIXED,FALSE
SUPPORTING,0.918,True,CRIMINAL,CONFIRMED
SUPPORTING,0.951,True,AMBIGUOUS,CONFIRMED
SUPPORTING,0.919,True,MIXED,CONFIRMED
SUPPORTING,0.615,True,MIXED,SUSPECTED
CONTRADICTING,0.341,True,LEGITIMATE,FALSE
SUPPORTING,0.835,True,CRIMINAL,CONFIRMED
SUPPORTING,0.858,True,MIXED,CONFIRMED
SUPPORTING,0.664,True,CRIMINAL,SUSPECTED
SUPPORTING,0.883,True,MIXED,CONFIRMED
SUPPORTING,0.700,True,CRIMINAL,SUSPECTED
SUPPORTING,0.912,True,LEGITIMATE,CONFIRMED
SUPPORTING,0.632,True,CRIMINAL,SUSPECTED
NEUTRAL,0.372,True,LEGITIMATE,UNKNOWN
SUPPORTING,0.827,True,CRIMINAL,SUSPECTED
CONTRADICTING,0.375,True,MIXED,FALSE
CONTRADICTING,0.285,True,AMBIGUOUS,FALSE
NEUTRAL,0.495,True,AMBIGUOUS,UNKNOWN
NEUTRAL,0.426,True,CRIMINAL,UNKNOWN
SUPPORTING,0.776,True,AMBIGUOUS,SUSPECTED
SUPPORTING,0.926,True,MIXED,CONFIRMED
SUPPORTING,0.615,True,LEGITIMATE,SUSPECTED
CONTRADICTING,0.410,True,MIXED,FALSE
SUPPORTING,0.694,True,LEGITIMATE,SUSPECTED
SUPPORTING,0.601,True,CRIMINAL,SUSPECTED
SUPPORTING,0.960,True,CRIMINAL,CONFIRMED
CONTRADICTING,0.304,True,AMBIGUOUS,FALSE
CONTRADICTING,0.401,True,MIXED,FALSE
CONTRADICTING,0.328,True,LEGITIMATE,FALSE
SUPPORTING,0.590,True,CRIMINAL,SUSPECTED
CONTRADICTING,0.262,True,MIXED,FALSE
SUPPORTING,0.827,True,AMBIGUOUS,SUSPECTED
NEUTRAL,0.530,True,AMBIGUOUS,UNKNOWN
SUPPORTING,0.938,True,LEGITIMATE,CONFIRMED
NEUTRAL,0.547,True,LEGITIMATE,UNKNOWN
SUPPORTING,0.706,True,LEGITIMATE,SUSPECTED
NEUTRAL,0.475,True,AMBIGUOUS,UNKNOWN
SUPPORTING,0.987,True,MIXED,CONFIRMED
SUPPORTING,0.749,True,MIXED,SUSPECTED
SUPPORTING,0.973,True,CRIMINAL,CONFIRMED
NEUTRAL,0.334,True,LEGITIMATE,UNKNOWN
SUPPORTING,0.875,True,MIXED,CONFIRMED
SUPPORTING,0.694,True,CRIMINAL,SUSPECTED
SUPPORTING,0.906,True,MIXED,CONFIRMED
CONTRADICTING,0.212,True,AMBIGUOUS,FALSE
NEUTRAL,0.392,True,LEGITIMATE,UNKNOWN
SUPPORTING,0.859,True,MIXED,SUSPECTED
SUPPORTING,0.846,True,MIXED,CONFIRMED
NEUTRAL,0.500,True,AMBIGUOUS,UNKNOWN
NEUTRAL,0.418,True,CRIMINAL,UNKNOWN
NEUTRAL,0.296,True,CRIMINAL,UNKNOWN
SUPPORTING,0.821,True,CRIMINAL,CONFIRMED
SUPPORTING,0.853,True,CRIMINAL,CONFIRMED
SUPPORTING,0.767,True,LEGITIMATE,SUSPECTED
SUPPORTING,0.975,True,MIXED,CONFIRMED
SUPPORTING,0.887,True,CRIMINAL,CONFIRMED
SUPPORTING,0.950,True,LEGITIMATE,CONFIRMED
NEUTRAL,0.532,True,MIXED,UNKNOWN
SUPPORTING,0.652,True,MIXED,SUSPECTED
SUPPORTING,0.621,True,CRIMINAL,SUSPECTED
SUPPORTING,0.809,True,CRIMINAL,SUSPECTED
CONTRADICTING,0.233,True,MIXED,FALSE
CONTRADICTING,0.348,True,CRIMINAL,FALSE
SUPPORTING,0.828,True,MIXED,SUSPECTED
SUPPORTING,0.836,True,CRIMINAL,CONFIRMED
NEUTRAL,0.249,True,AMBIGUOUS,UNKNOWN
CONTRADICTING,0.135,True,AMBIGUOUS,FALSE
SUPPORTING,0.835,True,LEGITIMATE,SUSPECTED
SUPPORTING,0.708,True,CRIMINAL,SUSPECTED
CONTRADICTING,0.178,True,CRIMINAL,FALSE
SUPPORTING,0.862,True,LEGITIMATE,CONFIRMED
CONTRADICTING,0.318,True,LEGITIMATE,FALSE
SUPPORTING,0.769,True,LEGITIMATE,SUSPECTED
CONTRADICTING,0.335,True,AMBIGUOUS,FALSE
SUPPORTING,0.816,True,MIXED,SUSPECTED
NEUTRAL,0.336,True,CRIMINAL,UNKNOWN
CONTRADICTING,0.163,True,LEGITIMATE,FALSE
NEUTRAL,0.318,True,CRIMINAL,UNKNOWN
SUPPORTING,0.869,True,CRIMINAL,CONFIRMED
NEUTRAL,0.349,True,LEGITIMATE,UNKNOWN
NEUTRAL,0.275,True,MIXED,UNKNOWN
SUPPORTING,0.670,True,MIXED,SUSPECTED
CONTRADICTING,0.230,True,MIXED,FALSE
NEUTRAL,0.414,True,AMBIGUOUS,UNKNOWN
CONTRADICTING,0.340,True,CRIMINAL,FALSE
NEUTRAL,0.277,True,LEGITIMATE,UNKNOWN
NEUTRAL,0.549,True,MIXED,UNKNOWN
NEUTRAL,0.504,True,CRIMINAL,UNKNOWN
SUPPORTING,0.894,True,LEGITIMATE,CONFIRMED
SUPPORTING,0.917,True,CRIMINAL,CONFIRMED
SUPPORTING,0.846,True,CRIMINAL,SUSPECTED
SUPPORTING,0.601,True,CRIMINAL,SUSPECTED
SUPPORTING,0.811,True,CRIMINAL,SUSPECTED
CONTRADICTING,0.303,True,LEGITIMATE,FALSE
NEUTRAL,0.431,True,MIXED,UNKNOWN
NEUTRAL,0.517,True,MIXED,UNKNOWN
NEUTRAL,0.271,True,AMBIGUOUS,UNKNOWN
NEUTRAL,0.413,True,AMBIGUOUS,UNKNOWN
SUPPORTING,0.958,True,LEGITIMATE,CONFIRMED
SUPPORTING,0.924,True,CRIMINAL,CONFIRMED
SUPPORTING,0.838,True,CRIMINAL,CONFIRMED
NEUTRAL,0.472,True,MIXED,UNKNOWN
SUPPORTING,0.698,True,CRIMINAL,SUSPECTED
CONTRADICTING,0.379,True,AMBIGUOUS,FALSE
SUPPORTING,0.844,True,AMBIGUOUS,CONFIRMED
SUPPORTING,0.909,True,CRIMINAL,CONFIRMED
SUPPORTING,0.821,True,CRIMINAL,SUSPECTED
SUPPORTING,0.848,True,CRIMINAL,SUSPECTED
CONTRADICTING,0.256,True,CRIMINAL,FALSE
SUPPORTING,0.831,True,MIXED,CONFIRMED
SUPPORTING,0.652,True,CRIMINAL,SUSPECTED
SUPPORTING,0.862,True,LEGITIMATE,CONFIRMED
SUPPORTING,0.914,True,CRIMINAL,CONFIRMED
SUPPORTING,0.798,True,AMBIGUOUS,SUSPECTED
SUPPORTING,0.776,True,AMBIGUOUS,SUSPECTED
SUPPORTING,0.737,True,LEGITIMATE,SUSPECTED
NEUTRAL,0.462,True,AMBIGUOUS,UNKNOWN
SUPPORTING,0.587,True,MIXED,SUSPECTED
NEUTRAL,0.360,True,LEGITIMATE,UNKNOWN
NEUTRAL,0.409,True,LEGITIMATE,UNKNOWN
SUPPORTING,0.820,True,CRIMINAL,SUSPECTED
SUPPORTING,0.965,True,AMBIGUOUS,CONFIRMED
SUPPORTING,0.947,True,CRIMINAL,CONFIRMED
SUPPORTING,0.972,True,CRIMINAL,CONFIRMED
SUPPORTING,0.688,True,MIXED,SUSPECTED
SUPPORTING,0.916,True,CRIMINAL,CONFIRMED
SUPPORTING,0.877,True,CRIMINAL,CONFIRMED
NEUTRAL,0.256,True,CRIMINAL,UNKNOWN
NEUTRAL,0.287,True,AMBIGUOUS,UNKNOWN
SUPPORTING,0.861,True,MIXED,CONFIRMED
SUPPORTING,0.618,True,CRIMINAL,SUSPECTED
CONTRADICTING,0.283,True,AMBIGUOUS,FALSE
SUPPORTING,0.770,True,MIXED,SUSPECTED
NEUTRAL,0.271,True,CRIMINAL,UNKNOWN
CONTRADICTING,0.375,True,LEGITIMATE,FALSE
SUPPORTING,0.895,True,MIXED,CONFIRMED
SUPPORTING,0.990,True,CRIMINAL,CONFIRMED
SUPPORTING,0.930,True,AMBIGUOUS,CONFIRMED
CONTRADICTING,0.150,True,MIXED,FALSE
SUPPORTING,0.828,True,LEGITIMATE,CONFIRMED
SUPPORTING,0.658,True,CRIMINAL,SUSPECTED
SUPPORTING,0.714,True,LEGITIMATE,SUSPECTED
SUPPORTING,0.852,True,CRIMINAL,CONFIRMED
SUPPORTING,0.663,True,MIXED,SUSPECTED
SUPPORTING,0.612,True,CRIMINAL,SUSPECTED
NEUTRAL,0.301,True,MIXED,UNKNOWN
CONTRADICTING,0.362,True,CRIMINAL,FALSE
SUPPORTING,0.894,True,LEGITIMATE,CONFIRMED
SUPPORTING,0.738,True,CRIMINAL,SUSPECTED
CONTRADICTING,0.322,True,MIXED,FALSE
SUPPORTING,0.862,True,CRIMINAL,CONFIRMED
SUPPORTING,0.597,True,CRIMINAL,SUSPECTED
NEUTRAL,0.398,True,CRIMINAL,UNKNOWN
SUPPORTING,0.849,True,CRIMINAL,SUSPECTED
SUPPORTING,0.843,True,LEGITIMATE,SUSPECTED
SUPPORTING,0.893,True,AMBIGUOUS,CONFIRMED
SUPPORTING,0.602,True,MIXED,SUSPECTED
SUPPORTING,0.622,True,MIXED,SUSPECTED
SUPPORTING,0.805,True,LEGITIMATE,SUSPECTED
SUPPORTING,0.742,True,CRIMINAL,SUSPECTED
NEUTRAL,0.265,True,CRIMINAL,UNKNOWN
SUPPORTING,0.966,True,MIXED,CONFIRMED
NEUTRAL,0.517,True,MIXED,UNKNOWN
SUPPORTING,0.848,True,CRIMINAL,SUSPECTED
SUPPORTING,0.824,True,MIXED,SUSPECTED
SUPPORTING,0.677,True,MIXED,SUSPECTED
NEUTRAL,0.366,True,AMBIGUOUS,UNKNOWN
SUPPORTING,0.764,True,CRIMINAL,SUSPECTED
SUPPORTING,0.631,True,CRIMINAL,SUSPECTED
NEUTRAL,0.417,True,CRIMINAL,UNKNOWN
CONTRADICTING,0.257,True,CRIMINAL,FALSE
SUPPORTING,0.687,True,CRIMINAL,SUSPECTED
SUPPORTING,0.985,True,CRIMINAL,CONFIRMED
SUPPORTING,0.708,True,MIXED,SUSPECTED
NEUTRAL,0.216,True,CRIMINAL,UNKNOWN
SUPPORTING,0.944,True,CRIMINAL,CONFIRMED
CONTRADICTING,0.258,True,CRIMINAL,FALSE
CONTRADICTING,0.276,True,CRIMINAL,FALSE
SUPPORTING,0.831,True,CRIMINAL,SUSPECTED
NEUTRAL,0.329,True,LEGITIMATE,UNKNOWN
CONTRADICTING,0.177,True,LEGITIMATE,FALSE
CONTRADICTING,0.237,True,MIXED,FALSE
NEUTRAL,0.258,True,MIXED,UNKNOWN
NEUTRAL,0.471,True,CRIMINAL,UNKNOWN
SUPPORTING,0.935,True,MIXED,CONFIRMED
NEUTRAL,0.224,True,MIXED,UNKNOWN
SUPPORTING,0.681,True,LEGITIMATE,SUSPECTED
SUPPORTING,0.823,True,MIXED,CONFIRMED
NEUTRAL,0.431,True,CRIMINAL,UNKNOWN
SUPPORTING,0.977,True,LEGITIMATE,CONFIRMED
SUPPORTING,0.758,True,CRIMINAL,SUSPECTED
SUPPORTING,0.746,True,CRIMINAL,SUSPECTED
SUPPORTING,0.605,True,CRIMINAL,SUSPECTED
NEUTRAL,0.264,True,LEGITIMATE,UNKNOWN
SUPPORTING,0.953,True,CRIMINAL,CONFIRMED
SUPPORTING,0.605,True,AMBIGUOUS,SUSPECTED
SUPPORTING,0.952,True,CRIMINAL,CONFIRMED
SUPPORTING,0.893,True,CRIMINAL,CONFIRMED
SUPPORTING,0.988,True,CRIMINAL,CONFIRMED
CONTRADICTING,0.414,True,MIXED,FALSE
CONTRADICTING,0.172,True,LEGITIMATE,FALSE
SUPPORTING,0.846,True,LEGITIMATE,CONFIRMED
NEUTRAL,0.408,True,AMBIGUOUS,UNKNOWN
SUPPORTING,0.813,True,AMBIGUOUS,SUSPECTED
SUPPORTING,0.854,True,CRIMINAL,CONFIRMED
SUPPORTING,0.825,True,LEGITIMATE,CONFIRMED
SUPPORTING,0.756,True,CRIMINAL,SUSPECTED
SUPPORTING,0.681,True,MIXED,SUSPECTED
SUPPORTING,0.840,True,LEGITIMATE,CONFIRMED
SUPPORTING,0.862,True,CRIMINAL,CONFIRMED
SUPPORTING,0.633,True,MIXED,SUSPECTED
CONTRADICTING,0.367,True,MIXED,FALSE
SUPPORTING,0.844,True,MIXED,SUSPECTED
NEUTRAL,0.320,True,AMBIGUOUS,UNKNOWN
CONTRADICTING,0.218,True,MIXED,FALSE
SUPPORTING,0.603,True,CRIMINAL,SUSPECTED
SUPPORTING,0.843,True,CRIMINAL,SUSPECTED
SUPPORTING,0.685,True,AMBIGUOUS,SUSPECTED
NEUTRAL,0.405,True,AMBIGUOUS,UNKNOWN
CONTRADICTING,0.418,True,LEGITIMATE,FALSE
SUPPORTING,0.966,True,MIXED,CONFIRMED
SUPPORTING,0.953,True,CRIMINAL,CONFIRMED
CONTRADICTING,0.161,True,LEGITIMATE,FALSE
SUPPORTING,0.807,True,CRIMINAL,SUSPECTED
CONTRADICTING,0.166,True,LEGITIMATE,FALSE
NEUTRAL,0.509,True,CRIMINAL,UNKNOWN
SUPPORTING,0.957,True,AMBIGUOUS,CONFIRMED
SUPPORTING,0.632,True,CRIMINAL,SUSPECTED
SUPPORTING,0.863,True,CRIMINAL,CONFIRMED
SUPPORTING,0.819,True,CRIMINAL,SUSPECTED
SUPPORTING,0.940,True,CRIMINAL,CONFIRMED
CONTRADICTING,0.250,True,LEGITIMATE,FALSE
SUPPORTING,0.581,True,AMBIGUOUS,SUSPECTED
SUPPORTING,0.879,True,MIXED,CONFIRMED
CONTRADICTING,0.193,True,LEGITIMATE,FALSE
SUPPORTING,0.583,True,LEGITIMATE,SUSPECTED
CONTRADICTING,0.330,True,LEGITIMATE,FALSE
SUPPORTING,0.779,True,CRIMINAL,SUSPECTED
SUPPORTING,0.612,True,CRIMINAL,SUSPECTED
NEUTRAL,0.374,True,LEGITIMATE,UNKNOWN
SUPPORTING,0.635,True,MIXED,SUSPECTED
SUPPORTING,0.942,True,MIXED,CONFIRMED
SUPPORTING,0.858,True,LEGITIMATE,CONFIRMED
NEUTRAL,0.401,True,CRIMINAL,UNKNOWN
CONTRADICTING,0.363,True,LEGITIMATE,FALSE
NEUTRAL,0.213,True,LEGITIMATE,UNKNOWN
SUPPORTING,0.620,True,CRIMINAL,SUSPECTED
SUPPORTING,0.744,True,CRIMINAL,SUSPECTED
NEUTRAL,0.221,True,CRIMINAL,UNKNOWN
SUPPORTING,0.944,True,CRIMINAL,CONFIRMED
CONTRADICTING,0.169,True,LEGITIMATE,FALSE
SUPPORTING,0.941,True,CRIMINAL,CONFIRMED
SUPPORTING,0.929,True,MIXED,CONFIRMED
CONTRADICTING,0.286,True,LEGITIMATE,FALSE
SUPPORTING,0.867,True,MIXED,CONFIRMED
SUPPORTING,0.913,True,CRIMINAL,CONFIRMED
CONTRADICTING,0.348,True,CRIMINAL,FALSE
SUPPORTING,0.624,True,CRIMINAL,SUSPECTED
NEUTRAL,0.391,True,LEGITIMATE,UNKNOWN
SUPPORTING,0.726,True,CRIMINAL,SUSPECTED
NEUTRAL,0.211,True,AMBIGUOUS,UNKNOWN
SUPPORTING,0.810,True,LEGITIMATE,SUSPECTED
CONTRADICTING,0.386,True,CRIMINAL,FALSE
SUPPORTING,0.679,True,CRIMINAL,SUSPECTED
SUPPORTING,0.609,True,AMBIGUOUS,SUSPECTED
SUPPORTING,0.875,True,CRIMINAL,CONFIRMED
SUPPORTING,0.948,True,MIXED,CONFIRMED
SUPPORTING,0.848,True,AMBIGUOUS,SUSPECTED
SUPPORTING,0.856,True,CRIMINAL,CONFIRMED
SUPPORTING,0.727,True,AMBIGUOUS,SUSPECTED
CONTRADICTING,0.286,True,LEGITIMATE,FALSE
SUPPORTING,0.857,True,AMBIGUOUS,SUSPECTED
NEUTRAL,0.452,True,AMBIGUOUS,UNKNOWN
SUPPORTING,0.798,True,MIXED,SUSPECTED
SUPPORTING,0.788,True,MIXED,SUSPECTED
SUPPORTING,0.737,True,CRIMINAL,SUSPECTED
NEUTRAL,0.333,True,MIXED,UNKNOWN
SUPPORTING,0.920,True,AMBIGUOUS,CONFIRMED
NEUTRAL,0.519,True,MIXED,UNKNOWN
SUPPORTING,0.817,True,CRIMINAL,SUSPECTED
NEUTRAL,0.210,True,MIXED,UNKNOWN
CONTRADICTING,0.284,True,MIXED,FALSE
SUPPORTING,0.960,True,CRIMINAL,CONFIRMED
SUPPORTING,0.968,True,CRIMINAL,CONFIRMED
NEUTRAL,0.288,True,CRIMINAL,UNKNOWN
NEUTRAL,0.312,True,AMBIGUOUS,UNKNOWN
CONTRADICTING,0.187,True,AMBIGUOUS,FALSE
SUPPORTING,0.853,True,CRIMINAL,CONFIRMED
SUPPORTING,0.708,True,MIXED,SUSPECTED
SUPPORTING,0.687,True,CRIMINAL,SUSPECTED
NEUTRAL,0.419,True,MIXED,UNKNOWN
SUPPORTING,0.894,True,CRIMINAL,CONFIRMED
SUPPORTING,0.812,True,LEGITIMATE,SUSPECTED
SUPPORTING,0.768,True,CRIMINAL,SUSPECTED
SUPPORTING,0.763,True,CRIMINAL,SUSPECTED
SUPPORTING,0.872,True,CRIMINAL,CONFIRMED
SUPPORTING,0.712,True,AMBIGUOUS,SUSPECTED
NEUTRAL,0.506,True,MIXED,UNKNOWN
SUPPORTING,0.884,True,AMBIGUOUS,CONFIRMED
SUPPORTING,0.729,True,CRIMINAL,SUSPECTED
SUPPORTING,0.925,True,AMBIGUOUS,CONFIRMED
SUPPORTING,0.740,True,CRIMINAL,SUSPECTED
SUPPORTING,0.632,True,CRIMINAL,SUSPECTED
CONTRADICTING,0.211,True,AMBIGUOUS,FALSE
NEUTRAL,0.302,True,LEGITIMATE,UNKNOWN
SUPPORTING,0.799,True,CRIMINAL,SUSPECTED
SUPPORTING,0.617,True,AMBIGUOUS,SUSPECTED
NEUTRAL,0.409,True,AMBIGUOUS,UNKNOWN
SUPPORTING,0.866,True,LEGITIMATE,CONFIRMED
SUPPORTING,0.751,True,CRIMINAL,SUSPECTED
CONTRADICTING,0.123,True,LEGITIMATE,FALSE
NEUTRAL,0.201,True,MIXED,UNKNOWN
SUPPORTING,0.809,True,CRIMINAL,SUSPECTED
SUPPORTING,0.822,True,MIXED,CONFIRMED
CONTRADICTING,0.330,True,LEGITIMATE,FALSE
NEUTRAL,0.240,True,MIXED,UNKNOWN
CONTRADICTING,0.238,True,AMBIGUOUS,FALSE
SUPPORTING,0.692,True,CRIMINAL,SUSPECTED
SUPPORTING,0.958,True,CRIMINAL,CONFIRMED
SUPPORTING,0.959,True,CRIMINAL,CONFIRMED
CONTRADICTING,0.207,True,LEGITIMATE,FALSE
SUPPORTING,0.827,True,MIXED,CONFIRMED
SUPPORTING,0.641,True,LEGITIMATE,SUSPECTED
CONTRADICTING,0.189,True,CRIMINAL,FALSE
CONTRADICTING,0.337,True,CRIMINAL,FALSE
SUPPORTING,0.702,True,CRIMINAL,SUSPECTED
CONTRADICTING,0.311,True,MIXED,FALSE
SUPPORTING,0.774,True,MIXED,SUSPECTED
SUPPORTING,0.837,True,CRIMINAL,CONFIRMED
SUPPORTING,0.698,True,AMBIGUOUS,SUSPECTED
NEUTRAL,0.360,True,MIXED,UNKNOWN
NEUTRAL,0.379,True,LEGITIMATE,UNKNOWN
NEUTRAL,0.240,True,AMBIGUOUS,UNKNOWN
SUPPORTING,0.699,True,MIXED,SUSPECTED
NEUTRAL,0.277,True,MIXED,UNKNOWN
SUPPORTING,0.810,True,CRIMINAL,SUSPECTED
SUPPORTING,0.627,True,CRIMINAL,SUSPECTED
SUPPORTING,0.726,True,MIXED,SUSPECTED
NEUTRAL,0.454,True,MIXED,UNKNOWN
NEUTRAL,0.331,True,LEGITIMATE,UNKNOWN
SUPPORTING,0.626,True,AMBIGUOUS,SUSPECTED
NEUTRAL,0.481,True,CRIMINAL,UNKNOWN
SUPPORTING,0.845,True,MIXED,CONFIRMED
NEUTRAL,0.295,True,MIXED,UNKNOWN
NEUTRAL,0.532,True,CRIMINAL,UNKNOWN
NEUTRAL,0.252,True,LEGITIMATE,UNKNOWN
SUPPORTING,0.931,True,CRIMINAL,CONFIRMED
SUPPORTING,0.902,True,CRIMINAL,CONFIRMED
SUPPORTING,0.581,True,AMBIGUOUS,SUSPECTED
SUPPORTING,0.641,True,CRIMINAL,SUSPECTED
CONTRADICTING,0.348,True,LEGITIMATE,FALSE
NEUTRAL,0.527,True,LEGITIMATE,UNKNOWN
NEUTRAL,0.439,True,MIXED,UNKNOWN
SUPPORTING,0.663,True,CRIMINAL,SUSPECTED
NEUTRAL,0.210,True,MIXED,UNKNOWN
NEUTRAL,0.280,True,LEGITIMATE,UNKNOWN
SUPPORTING,0.953,True,CRIMINAL,CONFIRMED
SUPPORTING,0.934,True,AMBIGUOUS,CONFIRMED
CONTRADICTING,0.274,True,AMBIGUOUS,FALSE
SUPPORTING,0.897,True,AMBIGUOUS,CONFIRMED
SUPPORTING,0.985,True,MIXED,CONFIRMED
SUPPORTING,0.956,True,LEGITIMATE,CONFIRMED
SUPPORTING,0.608,True,MIXED,SUSPECTED
NEUTRAL,0.272,True,LEGITIMATE,UNKNOWN
CONTRADICTING,0.323,True,CRIMINAL,FALSE
SUPPORTING,0.767,True,CRIMINAL,SUSPECTED
NEUTRAL,0.483,True,AMBIGUOUS,UNKNOWN
SUPPORTING,0.596,True,MIXED,SUSPECTED
SUPPORTING,0.730,True,AMBIGUOUS,SUSPECTED
NEUTRAL,0.281,True,MIXED,UNKNOWN
SUPPORTING,0.826,True,CRIMINAL,CONFIRMED
SUPPORTING,0.793,True,LEGITIMATE,SUSPECTED
CONTRADICTING,0.191,True,LEGITIMATE,FALSE
NEUTRAL,0.313,True,CRIMINAL,UNKNOWN
SUPPORTING,0.836,True,MIXED,SUSPECTED
SUPPORTING,0.958,True,CRIMINAL,CONFIRMED
NEUTRAL,0.391,True,CRIMINAL,UNKNOWN
NEUTRAL,0.249,True,CRIMINAL,UNKNOWN
CONTRADICTING,0.227,True,CRIMINAL,FALSE
CONTRADICTING,0.274,True,MIXED,FALSE
SUPPORTING,0.707,True,MIXED,SUSPECTED
SUPPORTING,0.911,True,CRIMINAL,CONFIRMED
NEUTRAL,0.538,True,CRIMINAL,UNKNOWN
NEUTRAL,0.343,True,LEGITIMATE,UNKNOWN
CONTRADICTING,0.287,True,CRIMINAL,FALSE
NEUTRAL,0.537,True,AMBIGUOUS,UNKNOWN
SUPPORTING,0.739,True,CRIMINAL,SUSPECTED
SUPPORTING,0.957,True,AMBIGUOUS,CONFIRMED
NEUTRAL,0.433,True,AMBIGUOUS,UNKNOWN
SUPPORTING,0.741,True,CRIMINAL,SUSPECTED
SUPPORTING,0.649,True,LEGITIMATE,SUSPECTED
SUPPORTING,0.637,True,MIXED,SUSPECTED
SUPPORTING,0.891,True,AMBIGUOUS,CONFIRMED
SUPPORTING,0.716,True,CRIMINAL,SUSPECTED
NEUTRAL,0.290,True,LEGITIMATE,UNKNOWN
SUPPORTING,0.847,True,MIXED,SUSPECTED
CONTRADICTING,0.149,True,LEGITIMATE,FALSE
SUPPORTING,0.637,True,AMBIGUOUS,SUSPECTED
NEUTRAL,0.427,True,AMBIGUOUS,UNKNOWN
CONTRADICTING,0.383,True,LEGITIMATE,FALSE
SUPPORTING,0.700,True,MIXED,SUSPECTED
NEUTRAL,0.337,True,CRIMINAL,UNKNOWN
NEUTRAL,0.423,True,AMBIGUOUS,UNKNOWN
SUPPORTING,0.773,True,CRIMINAL,SUSPECTED
SUPPORTING,0.784,True,MIXED,SUSPECTED
SUPPORTING,0.928,True,CRIMINAL,CONFIRMED
SUPPORTING,0.813,True,CRIMINAL,SUSPECTED
NEUTRAL,0.479,True,MIXED,UNKNOWN
SUPPORTING,0.923,True,AMBIGUOUS,CONFIRMED
CONTRADICTING,0.328,True,MIXED,FALSE
NEUTRAL,0.271,True,LEGITIMATE,UNKNOWN
NEUTRAL,0.207,True,MIXED,UNKNOWN
SUPPORTING,0.834,True,CRIMINAL,CONFIRMED
NEUTRAL,0.242,True,CRIMINAL,UNKNOWN
CONTRADICTING,0.348,True,MIXED,FALSE
CONTRADICTING,0.153,True,CRIMINAL,FALSE
CONTRADICTING,0.181,True,LEGITIMATE,FALSE
CONTRADICTING,0.291,True,CRIMINAL,FALSE
CONTRADICTING,0.292,True,MIXED,FALSE
CONTRADICTING,0.214,True,CRIMINAL,FALSE
SUPPORTING,0.946,True,AMBIGUOUS,CONFIRMED
SUPPORTING,0.809,True,CRIMINAL,SUSPECTED
SUPPORTING,0.859,True,CRIMINAL,SUSPECTED
NEUTRAL,0.386,True,LEGITIMATE,UNKNOWN
SUPPORTING,0.719,True,MIXED,SUSPECTED
NEUTRAL,0.488,True,AMBIGUOUS,UNKNOWN
SUPPORTING,0.744,True,LEGITIMATE,SUSPECTED
SUPPORTING,0.769,True,AMBIGUOUS,SUSPECTED
SUPPORTING,0.953,True,AMBIGUOUS,CONFIRMED
SUPPORTING,0.944,True,CRIMINAL,CONFIRMED
NEUTRAL,0.489,True,CRIMINAL,UNKNOWN
SUPPORTING,0.849,True,MIXED,SUSPECTED
SUPPORTING,0.801,True,AMBIGUOUS,SUSPECTED
SUPPORTING,0.624,True,CRIMINAL,SUSPECTED
NEUTRAL,0.368,True,CRIMINAL,UNKNOWN
SUPPORTING,0.871,True,MIXED,CONFIRMED
SUPPORTING,0.592,True,LEGITIMATE,SUSPECTED
SUPPORTING,0.705,True,CRIMINAL,SUSPECTED
SUPPORTING,0.774,True,AMBIGUOUS,SUSPECTED
CONTRADICTING,0.243,True,MIXED,FALSE
SUPPORTING,0.670,True,CRIMINAL,SUSPECTED
SUPPORTING,0.799,True,LEGITIMATE,SUSPECTED
NEUTRAL,0.387,True,MIXED,UNKNOWN
SUPPORTING,0.917,True,MIXED,CONFIRMED
SUPPORTING,0.855,True,MIXED,SUSPECTED
SUPPORTING,0.926,True,LEGITIMATE,CONFIRMED
CONTRADICTING,0.306,True,LEGITIMATE,FALSE
CONTRADICTING,0.305,True,MIXED,FALSE
SUPPORTING,0.792,True,CRIMINAL,SUSPECTED
NEUTRAL,0.249,True,AMBIGUOUS,UNKNOWN
SUPPORTING,0.828,True,MIXED,CONFIRMED
SUPPORTING,0.864,True,MIXED,CONFIRMED
SUPPORTING,0.647,True,MIXED,SUSPECTED
SUPPORTING,0.657,True,AMBIGUOUS,SUSPECTED
SUPPORTING,0.636,True,MIXED,SUSPECTED
NEUTRAL,0.520,True,LEGITIMATE,UNKNOWN
SUPPORTING,0.808,True,LEGITIMATE,SUSPECTED
SUPPORTING,0.980,True,CRIMINAL,CONFIRMED
NEUTRAL,0.399,True,AMBIGUOUS,UNKNOWN
NEUTRAL,0.394,True,LEGITIMATE,UNKNOWN
NEUTRAL,0.342,True,CRIMINAL,UNKNOWN
CONTRADICTING,0.130,True,LEGITIMATE,FALSE
NEUTRAL,0.407,True,CRIMINAL,UNKNOWN
NEUTRAL,0.320,True,LEGITIMATE,UNKNOWN
SUPPORTING,0.694,True,MIXED,SUSPECTED
SUPPORTING,0.819,True,AMBIGUOUS,SUSPECTED
SUPPORTING,0.692,True,CRIMINAL,SUSPECTED
CONTRADICTING,0.405,True,LEGITIMATE,FALSE
NEUTRAL,0.296,True,CRIMINAL,UNKNOWN
SUPPORTING,0.990,True,CRIMINAL,CONFIRMED
SUPPORTING,0.885,True,CRIMINAL,CONFIRMED
SUPPORTING,0.766,True,MIXED,SUSPECTED
SUPPORTING,0.605,True,CRIMINAL,SUSPECTED
CONTRADICTING,0.282,True,LEGITIMATE,FALSE
SUPPORTING,0.826,True,CRIMINAL,CONFIRMED
CONTRADICTING,0.342,True,AMBIGUOUS,FALSE
CONTRADICTING,0.325,True,LEGITIMATE,FALSE
SUPPORTING,0.863,True,MIXED,CONFIRMED
CONTRADICTING,0.324,True,CRIMINAL,FALSE
SUPPORTING,0.659,True,CRIMINAL,SUSPECTED
SUPPORTING,0.696,True,MIXED,SUSPECTED
NEUTRAL,0.326,True,MIXED,UNKNOWN
SUPPORTING,0.856,True,CRIMINAL,SUSPECTED
NEUTRAL,0.361,True,MIXED,UNKNOWN
SUPPORTING,0.882,True,CRIMINAL,CONFIRMED
SUPPORTING,0.959,True,LEGITIMATE,CONFIRMED
SUPPORTING,0.825,True,AMBIGUOUS,SUSPECTED
SUPPORTING,0.840,True,CRIMINAL,CONFIRMED
CONTRADICTING,0.413,True,MIXED,FALSE
CONTRADICTING,0.265,True,LEGITIMATE,FALSE
CONTRADICTING,0.359,True,MIXED,FALSE
SUPPORTING,0.863,True,CRIMINAL,CONFIRMED
SUPPORTING,0.934,True,CRIMINAL,CONFIRMED
NEUTRAL,0.522,True,CRIMINAL,UNKNOWN
NEUTRAL,0.443,True,CRIMINAL,UNKNOWN
SUPPORTING,0.714,True,CRIMINAL,SUSPECTED
NEUTRAL,0.408,True,LEGITIMATE,UNKNOWN
SUPPORTING,0.894,True,AMBIGUOUS,CONFIRMED
NEUTRAL,0.204,True,AMBIGUOUS,UNKNOWN
SUPPORTING,0.762,True,MIXED,SUSPECTED
SUPPORTING,0.835,True,MIXED,CONFIRMED
NEUTRAL,0.215,True,AMBIGUOUS,UNKNOWN
NEUTRAL,0.377,True,LEGITIMATE,UNKNOWN
CONTRADICTING,0.234,True,CRIMINAL,FALSE
NEUTRAL,0.262,True,MIXED,UNKNOWN
SUPPORTING,0.652,True,LEGITIMATE,SUSPECTED
SUPPORTING,0.845,True,MIXED,SUSPECTED
NEUTRAL,0.446,True,CRIMINAL,UNKNOWN
NEUTRAL,0.357,True,CRIMINAL,UNKNOWN
SUPPORTING,0.833,True,AMBIGUOUS,SUSPECTED
SUPPORTING,0.831,True,MIXED,SUSPECTED
CONTRADICTING,0.231,True,LEGITIMATE,FALSE
SUPPORTING,0.728,True,MIXED,SUSPECTED
NEUTRAL,0.544,True,AMBIGUOUS,UNKNOWN
SUPPORTING,0.743,True,LEGITIMATE,SUSPECTED
NEUTRAL,0.219,True,LEGITIMATE,UNKNOWN
CONTRADICTING,0.140,True,LEGITIMATE,FALSE
CONTRADICTING,0.121,True,CRIMINAL,FALSE
SUPPORTING,0.986,True,CRIMINAL,CONFIRMED
SUPPORTING,0.894,True,CRIMINAL,CONFIRMED
SUPPORTING,0.983,True,MIXED,CONFIRMED
NEUTRAL,0.358,True,AMBIGUOUS,UNKNOWN
CONTRADICTING,0.273,True,LEGITIMATE,FALSE
CONTRADICTING,0.322,True,CRIMINAL,FALSE
CONTRADICTING,0.414,True,LEGITIMATE,FALSE
SUPPORTING,0.681,True,AMBIGUOUS,SUSPECTED
SUPPORTING,0.839,True,AMBIGUOUS,CONFIRMED
SUPPORTING,0.759,True,AMBIGUOUS,SUSPECTED
SUPPORTING,0.964,True,CRIMINAL,CONFIRMED
SUPPORTING,0.677,True,CRIMINAL,SUSPECTED
SUPPORTING,0.856,True,MIXED,CONFIRMED
NEUTRAL,0.507,True,LEGITIMATE,UNKNOWN
CONTRADICTING,0.218,True,CRIMINAL,FALSE
SUPPORTING,0.901,True,MIXED,CONFIRMED
NEUTRAL,0.423,True,AMBIGUOUS,UNKNOWN
SUPPORTING,0.875,True,CRIMINAL,CONFIRMED
SUPPORTING,0.987,True,CRIMINAL,CONFIRMED
SUPPORTING,0.828,True,CRIMINAL,SUSPECTED
NEUTRAL,0.396,True,CRIMINAL,UNKNOWN
SUPPORTING,0.986,True,AMBIGUOUS,CONFIRMED
NEUTRAL,0.344,True,CRIMINAL,UNKNOWN
SUPPORTING,0.830,True,MIXED,SUSPECTED
SUPPORTING,0.724,True,CRIMINAL,SUSPECTED
SUPPORTING,0.835,True,CRIMINAL,SUSPECTED
SUPPORTING,0.672,True,MIXED,SUSPECTED
SUPPORTING,0.845,True,LEGITIMATE,CONFIRMED
SUPPORTING,0.852,True,CRIMINAL,CONFIRMED
SUPPORTING,0.666,True,LEGITIMATE,SUSPECTED
SUPPORTING,0.935,True,CRIMINAL,CONFIRMED
CONTRADICTING,0.286,True,MIXED,FALSE
SUPPORTING,0.587,True,LEGITIMATE,SUSPECTED
SUPPORTING,0.765,True,CRIMINAL,SUSPECTED
SUPPORTING,0.852,True,CRIMINAL,CONFIRMED
SUPPORTING,0.967,True,CRIMINAL,CONFIRMED
SUPPORTING,0.749,True,MIXED,SUSPECTED
CONTRADICTING,0.417,True,MIXED,FALSE
NEUTRAL,0.530,True,CRIMINAL,UNKNOWN
SUPPORTING,0.961,True,AMBIGUOUS,CONFIRMED
CONTRADICTING,0.146,True,AMBIGUOUS,FALSE
CONTRADICTING,0.204,True,LEGITIMATE,FALSE
SUPPORTING,0.986,True,CRIMINAL,CONFIRMED
CONTRADICTING,0.217,True,MIXED,FALSE
NEUTRAL,0.443,True,AMBIGUOUS,UNKNOWN
NEUTRAL,0.363,True,CRIMINAL,UNKNOWN
NEUTRAL,0.405,True,CRIMINAL,UNKNOWN
CONTRADICTING,0.127,True,AMBIGUOUS,FALSE
SUPPORTING,0.741,True,LEGITIMATE,SUSPECTED
NEUTRAL,0.398,True,MIXED,UNKNOWN
NEUTRAL,0.354,True,CRIMINAL,UNKNOWN
SUPPORTING,0.766,True,CRIMINAL,SUSPECTED
SUPPORTING,0.801,True,CRIMINAL,SUSPECTED
SUPPORTING,0.760,True,AMBIGUOUS,SUSPECTED
NEUTRAL,0.454,True,AMBIGUOUS,UNKNOWN
SUPPORTING,0.983,True,CRIMINAL,CONFIRMED
CONTRADICTING,0.366,True,CRIMINAL,FALSE
NEUTRAL,0.363,True,CRIMINAL,UNKNOWN
NEUTRAL,0.411,True,AMBIGUOUS,UNKNOWN
SUPPORTING,0.905,True,MIXED,CONFIRMED
SUPPORTING,0.825,True,LEGITIMATE,SUSPECTED
CONTRADICTING,0.274,True,LEGITIMATE,FALSE
SUPPORTING,0.644,True,CRIMINAL,SUSPECTED
SUPPORTING,0.969,True,CRIMINAL,CONFIRMED
CONTRADICTING,0.146,True,CRIMINAL,FALSE
SUPPORTING,0.769,True,CRIMINAL,SUSPECTED
SUPPORTING,0.838,True,LEGITIMATE,CONFIRMED
SUPPORTING,0.884,True,CRIMINAL,CONFIRMED
SUPPORTING,0.948,True,LEGITIMATE,CONFIRMED
SUPPORTING,0.786,True,CRIMINAL,SUSPECTED
SUPPORTING,0.729,True,MIXED,SUSPECTED
SUPPORTING,0.698,True,LEGITIMATE,SUSPECTED
SUPPORTING,0.838,True,LEGITIMATE,CONFIRMED
SUPPORTING,0.821,True,LEGITIMATE,CONFIRMED
CONTRADICTING,0.198,True,LEGITIMATE,FALSE
SUPPORTING,0.646,True,AMBIGUOUS,SUSPECTED
SUPPORTING,0.644,True,CRIMINAL,SUSPECTED
SUPPORTING,0.709,True,CRIMINAL,SUSPECTED
SUPPORTING,0.711,True,LEGITIMATE,SUSPECTED
SUPPORTING,0.873,True,CRIMINAL,CONFIRMED
SUPPORTING,0.964,True,LEGITIMATE,CONFIRMED
NEUTRAL,0.353,True,CRIMINAL,UNKNOWN
CONTRADICTING,0.376,True,LEGITIMATE,FALSE
NEUTRAL,0.253,True,MIXED,UNKNOWN
SUPPORTING,0.659,True,CRIMINAL,SUSPECTED
NEUTRAL,0.482,True,LEGITIMATE,UNKNOWN
CONTRADICTING,0.341,True,CRIMINAL,FALSE
SUPPORTING,0.985,True,AMBIGUOUS,CONFIRMED
SUPPORTING,0.726,True,CRIMINAL,SUSPECTED
NEUTRAL,0.449,True,AMBIGUOUS,UNKNOWN
SUPPORTING,0.915,True,LEGITIMATE,CONFIRMED
SUPPORTING,0.896,True,CRIMINAL,CONFIRMED
SUPPORTING,0.937,True,CRIMINAL,CONFIRMED
CONTRADICTING,0.265,True,AMBIGUOUS,FALSE
SUPPORTING,0.850,True,AMBIGUOUS,CONFIRMED
SUPPORTING,0.851,True,AMBIGUOUS,CONFIRMED
SUPPORTING,0.941,True,CRIMINAL,CONFIRMED
CONTRADICTING,0.247,True,CRIMINAL,FALSE
SUPPORTING,0.834,True,CRIMINAL,CONFIRMED
SUPPORTING,0.944,True,CRIMINAL,CONFIRMED
SUPPORTING,0.869,True,CRIMINAL,CONFIRMED
SUPPORTING,0.611,True,LEGITIMATE,SUSPECTED
SUPPORTING,0.776,True,CRIMINAL,SUSPECTED
SUPPORTING,0.855,True,CRIMINAL,CONFIRMED
SUPPORTING,0.596,True,MIXED,SUSPECTED
SUPPORTING,0.986,True,LEGITIMATE,CONFIRMED
CONTRADICTING,0.202,True,CRIMINAL,FALSE
CONTRADICTING,0.301,True,MIXED,FALSE
NEUTRAL,0.370,True,AMBIGUOUS,UNKNOWN
SUPPORTING,0.876,True,CRIMINAL,CONFIRMED
SUPPORTING,0.850,True,LEGITIMATE,CONFIRMED
SUPPORTING,0.921,True,MIXED,CONFIRMED
SUPPORTING,0.961,True,MIXED,CONFIRMED
NEUTRAL,0.216,True,MIXED,UNKNOWN
SUPPORTING,0.584,True,CRIMINAL,SUSPECTED
CONTRADICTING,0.343,True,CRIMINAL,FALSE
NEUTRAL,0.540,True,MIXED,UNKNOWN
SUPPORTING,0.900,True,CRIMINAL,CONFIRMED
SUPPORTING,0.918,True,CRIMINAL,CONFIRMED
SUPPORTING,0.669,True,MIXED,SUSPECTED
SUPPORTING,0.650,True,CRIMINAL,SUSPECTED
SUPPORTING,0.844,True,CRIMINAL,CONFIRMED
NEUTRAL,0.216,True,CRIMINAL,UNKNOWN
SUPPORTING,0.620,True,MIXED,SUSPECTED
SUPPORTING,0.921,True,LEGITIMATE,CONFIRMED
SUPPORTING,0.684,True,LEGITIMATE,SUSPECTED
SUPPORTING,0.745,True,CRIMINAL,SUSPECTED
NEUTRAL,0.330,True,AMBIGUOUS,UNKNOWN
CONTRADICTING,0.403,True,CRIMINAL,FALSE
NEUTRAL,0.352,True,CRIMINAL,UNKNOWN
SUPPORTING,0.807,True,LEGITIMATE,SUSPECTED
CONTRADICTING,0.271,True,LEGITIMATE,FALSE
SUPPORTING,0.813,True,MIXED,SUSPECTED
CONTRADICTING,0.409,True,LEGITIMATE,FALSE
SUPPORTING,0.790,True,MIXED,SUSPECTED
SUPPORTING,0.581,True,LEGITIMATE,SUSPECTED
NEUTRAL,0.472,True,CRIMINAL,UNKNOWN
SUPPORTING,0.821,True,CRIMINAL,CONFIRMED
CONTRADICTING,0.277,True,AMBIGUOUS,FALSE
SUPPORTING,0.868,True,CRIMINAL,CONFIRMED
CONTRADICTING,0.314,True,CRIMINAL,FALSE
SUPPORTING,0.678,True,CRIMINAL,SUSPECTED
SUPPORTING,0.920,True,AMBIGUOUS,CONFIRMED
NEUTRAL,0.426,True,CRIMINAL,UNKNOWN
SUPPORTING,0.649,True,CRIMINAL,SUSPECTED
NEUTRAL,0.307,True,CRIMINAL,UNKNOWN
CONTRADICTING,0.288,True,AMBIGUOUS,FALSE
SUPPORTING,0.946,True,CRIMINAL,CONFIRMED
NEUTRAL,0.437,True,MIXED,UNKNOWN
SUPPORTING,0.673,True,CRIMINAL,SUSPECTED
SUPPORTING,0.862,True,CRIMINAL,CONFIRMED
CONTRADICTING,0.229,True,CRIMINAL,FALSE
SUPPORTING,0.745,True,AMBIGUOUS,SUSPECTED
NEUTRAL,0.522,True,MIXED,UNKNOWN
SUPPORTING,0.939,True,CRIMINAL,CONFIRMED
SUPPORTING,0.810,True,CRIMINAL,SUSPECTED
SUPPORTING,0.829,True,LEGITIMATE,SUSPECTED
SUPPORTING,0.850,True,AMBIGUOUS,CONFIRMED
SUPPORTING,0.774,True,MIXED,SUSPECTED
SUPPORTING,0.796,True,CRIMINAL,SUSPECTED
SUPPORTING,0.967,True,CRIMINAL,CONFIRMED
SUPPORTING,0.842,True,LEGITIMATE,CONFIRMED
SUPPORTING,0.602,True,AMBIGUOUS,SUSPECTED
NEUTRAL,0.351,True,CRIMINAL,UNKNOWN
SUPPORTING,0.925,True,CRIMINAL,CONFIRMED
SUPPORTING,0.942,True,CRIMINAL,CONFIRMED
SUPPORTING,0.827,True,MIXED,CONFIRMED
SUPPORTING,0.940,True,CRIMINAL,CONFIRMED
SUPPORTING,0.705,True,AMBIGUOUS,SUSPECTED
SUPPORTING,0.868,True,CRIMINAL,CONFIRMED
SUPPORTING,0.596,True,MIXED,SUSPECTED
SUPPORTING,0.851,True,CRIMINAL,CONFIRMED
SUPPORTING,0.759,True,LEGITIMATE,SUSPECTED
NEUTRAL,0.486,True,CRIMINAL,UNKNOWN
SUPPORTING,0.944,True,CRIMINAL,CONFIRMED
CONTRADICTING,0.260,True,LEGITIMATE,FALSE
SUPPORTING,0.624,True,CRIMINAL,SUSPECTED
SUPPORTING,0.770,True,AMBIGUOUS,SUSPECTED
SUPPORTING,0.869,True,CRIMINAL,CONFIRMED
SUPPORTING,0.931,True,AMBIGUOUS,CONFIRMED
NEUTRAL,0.433,True,MIXED,UNKNOWN
SUPPORTING,0.989,True,LEGITIMATE,CONFIRMED
NEUTRAL,0.285,True,CRIMINAL,UNKNOWN
CONTRADICTING,0.320,True,LEGITIMATE,FALSE
SUPPORTING,0.901,True,LEGITIMATE,CONFIRMED
CONTRADICTING,0.356,True,CRIMINAL,FALSE
NEUTRAL,0.316,True,LEGITIMATE,UNKNOWN
CONTRADICTING,0.185,True,LEGITIMATE,FALSE
SUPPORTING,0.899,True,CRIMINAL,CONFIRMED
NEUTRAL,0.300,True,MIXED,UNKNOWN
CONTRADICTING,0.142,True,MIXED,FALSE
NEUTRAL,0.307,True,MIXED,UNKNOWN
SUPPORTING,0.657,True,CRIMINAL,SUSPECTED
SUPPORTING,0.808,True,LEGITIMATE,SUSPECTED
SUPPORTING,0.817,True,CRIMINAL,SUSPECTED
SUPPORTING,0.869,True,MIXED,CONFIRMED
NEUTRAL,0.339,True,MIXED,UNKNOWN
SUPPORTING,0.659,True,AMBIGUOUS,SUSPECTED
NEUTRAL,0.313,True,MIXED,UNKNOWN
CONTRADICTING,0.414,True,LEGITIMATE,FALSE
CONTRADICTING,0.264,True,MIXED,FALSE
SUPPORTING,0.584,True,CRIMINAL,SUSPECTED
SUPPORTING,0.921,True,CRIMINAL,CONFIRMED
NEUTRAL,0.413,True,AMBIGUOUS,UNKNOWN
CONTRADICTING,0.314,True,AMBIGUOUS,FALSE
SUPPORTING,0.866,True,CRIMINAL,CONFIRMED
SUPPORTING,0.892,True,CRIMINAL,CONFIRMED
SUPPORTING,0.980,True,CRIMINAL,CONFIRMED
SUPPORTING,0.833,True,MIXED,CONFIRMED
SUPPORTING,0.964,True,MIXED,CONFIRMED
SUPPORTING,0.691,True,MIXED,SUSPECTED
CONTRADICTING,0.153,True,MIXED,FALSE
SUPPORTING,0.851,True,CRIMINAL,CONFIRMED
SUPPORTING,0.879,True,MIXED,CONFIRMED
SUPPORTING,0.751,True,AMBIGUOUS,SUSPECTED
NEUTRAL,0.515,True,CRIMINAL,UNKNOWN
CONTRADICTING,0.177,True,CRIMINAL,FALSE
SUPPORTING,0.762,True,CRIMINAL,SUSPECTED
SUPPORTING,0.911,True,CRIMINAL,CONFIRMED
SUPPORTING,0.979,True,LEGITIMATE,CONFIRMED
SUPPORTING,0.770,True,LEGITIMATE,SUSPECTED
SUPPORTING,0.886,True,CRIMINAL,CONFIRMED
SUPPORTING,0.689,True,AMBIGUOUS,SUSPECTED
NEUTRAL,0.501,True,CRIMINAL,UNKNOWN
CONTRADICTING,0.235,True,LEGITIMATE,FALSE
SUPPORTING,0.622,True,MIXED,SUSPECTED
SUPPORTING,0.841,True,MIXED,CONFIRMED
SUPPORTING,0.879,True,MIXED,CONFIRMED
CONTRADICTING,0.341,True,LEGITIMATE,FALSE
SUPPORTING,0.831,True,LEGITIMATE,SUSPECTED
SUPPORTING,0.763,True,CRIMINAL,SUSPECTED
NEUTRAL,0.463,True,MIXED,UNKNOWN
NEUTRAL,0.231,True,CRIMINAL,UNKNOWN
CONTRADICTING,0.394,True,MIXED,FALSE
NEUTRAL,0.298,True,CRIMINAL,UNKNOWN
NEUTRAL,0.245,True,MIXED,UNKNOWN
CONTRADICTING,0.253,True,MIXED,FALSE
SUPPORTING,0.937,True,LEGITIMATE,CONFIRMED
SUPPORTING,0.667,True,MIXED,SUSPECTED
NEUTRAL,0.544,True,LEGITIMATE,UNKNOWN
SUPPORTING,0.614,True,CRIMINAL,SUSPECTED
CONTRADICTING,0.266,True,LEGITIMATE,FALSE
NEUTRAL,0.206,True,CRIMINAL,UNKNOWN
SUPPORTING,0.969,True,CRIMINAL,CONFIRMED
SUPPORTING,0.693,True,CRIMINAL,SUSPECTED
SUPPORTING,0.937,True,CRIMINAL,CONFIRMED
SUPPORTING,0.729,True,CRIMINAL,SUSPECTED
SUPPORTING,0.767,True,AMBIGUOUS,SUSPECTED
CONTRADICTING,0.186,True,LEGITIMATE,FALSE
NEUTRAL,0.213,True,MIXED,UNKNOWN
NEUTRAL,0.368,True,CRIMINAL,UNKNOWN
NEUTRAL,0.538,True,CRIMINAL,UNKNOWN
SUPPORTING,0.749,True,MIXED,SUSPECTED
CONTRADICTING,0.349,True,AMBIGUOUS,FALSE
SUPPORTING,0.834,True,LEGITIMATE,CONFIRMED
SUPPORTING,0.676,True,AMBIGUOUS,SUSPECTED
SUPPORTING,0.724,True,LEGITIMATE,SUSPECTED
SUPPORTING,0.838,True,AMBIGUOUS,CONFIRMED
SUPPORTING,0.944,True,MIXED,CONFIRMED
SUPPORTING,0.611,True,AMBIGUOUS,SUSPECTED
NEUTRAL,0.422,True,CRIMINAL,UNKNOWN
CONTRADICTING,0.307,True,LEGITIMATE,FALSE
NEUTRAL,0.453,True,AMBIGUOUS,UNKNOWN
NEUTRAL,0.407,True,AMBIGUOUS,UNKNOWN
NEUTRAL,0.437,True,LEGITIMATE,UNKNOWN
SUPPORTING,0.940,True,MIXED,CONFIRMED
SUPPORTING,0.676,True,LEGITIMATE,SUSPECTED
NEUTRAL,0.263,True,MIXED,UNKNOWN
SUPPORTING,0.857,True,AMBIGUOUS,SUSPECTED
NEUTRAL,0.425,True,MIXED,UNKNOWN
NEUTRAL,0.485,True,CRIMINAL,UNKNOWN
SUPPORTING,0.865,True,CRIMINAL,CONFIRMED
SUPPORTING,0.671,True,CRIMINAL,SUSPECTED
SUPPORTING,0.813,True,LEGITIMATE,SUSPECTED
SUPPORTING,0.775,True,CRIMINAL,SUSPECTED
SUPPORTING,0.984,True,LEGITIMATE,CONFIRMED
SUPPORTING,0.659,True,LEGITIMATE,SUSPECTED
NEUTRAL,0.534,True,MIXED,UNKNOWN
CONTRADICTING,0.217,True,CRIMINAL,FALSE
SUPPORTING,0.874,True,CRIMINAL,CONFIRMED
SUPPORTING,0.655,True,CRIMINAL,SUSPECTED
SUPPORTING,0.779,True,MIXED,SUSPECTED
SUPPORTING,0.879,True,CRIMINAL,CONFIRMED
SUPPORTING,0.626,True,AMBIGUOUS,SUSPECTED
SUPPORTING,0.656,True,MIXED,SUSPECTED
SUPPORTING,0.841,True,CRIMINAL,CONFIRMED
NEUTRAL,0.548,True,CRIMINAL,UNKNOWN
NEUTRAL,0.226,True,MIXED,UNKNOWN
SUPPORTING,0.925,True,LEGITIMATE,CONFIRMED
CONTRADICTING,0.178,True,CRIMINAL,FALSE
NEUTRAL,0.490,True,LEGITIMATE,UNKNOWN
NEUTRAL,0.266,True,CRIMINAL,UNKNOWN
NEUTRAL,0.485,True,CRIMINAL,UNKNOWN
SUPPORTING,0.841,True,MIXED,SUSPECTED
SUPPORTING,0.688,True,MIXED,SUSPECTED
CONTRADICTING,0.340,True,LEGITIMATE,FALSE
NEUTRAL,0.431,True,MIXED,UNKNOWN
SUPPORTING,0.626,True,MIXED,SUSPECTED
NEUTRAL,0.318,True,AMBIGUOUS,UNKNOWN
SUPPORTING,0.805,True,CRIMINAL,SUSPECTED
SUPPORTING,0.887,True,CRIMINAL,CONFIRMED
SUPPORTING,0.716,True,CRIMINAL,SUSPECTED
CONTRADICTING,0.166,True,LEGITIMATE,FALSE
CONTRADICTING,0.288,True,LEGITIMATE,FALSE
NEUTRAL,0.390,True,LEGITIMATE,UNKNOWN
SUPPORTING,0.660,True,AMBIGUOUS,SUSPECTED
NEUTRAL,0.345,True,LEGITIMATE,UNKNOWN
SUPPORTING,0.754,True,CRIMINAL,SUSPECTED
NEUTRAL,0.435,True,MIXED,UNKNOWN
SUPPORTING,0.845,True,MIXED,SUSPECTED
NEUTRAL,0.489,True,CRIMINAL,UNKNOWN
SUPPORTING,0.587,True,MIXED,SUSPECTED
SUPPORTING,0.873,True,CRIMINAL,CONFIRMED
SUPPORTING,0.841,True,CRIMINAL,SUSPECTED
SUPPORTING,0.948,True,LEGITIMATE,CONFIRMED
SUPPORTING,0.780,True,MIXED,SUSPECTED
NEUTRAL,0.499,True,LEGITIMATE,UNKNOWN
NEUTRAL,0.414,True,CRIMINAL,UNKNOWN
SUPPORTING,0.944,True,LEGITIMATE,CONFIRMED
SUPPORTING,0.788,True,CRIMINAL,SUSPECTED
SUPPORTING,0.987,True,CRIMINAL,CONFIRMED
SUPPORTING,0.937,True,MIXED,CONFIRMED
SUPPORTING,0.876,True,LEGITIMATE,CONFIRMED
SUPPORTING,0.869,True,CRIMINAL,CONFIRMED
SUPPORTING,0.823,True,CRIMINAL,CONFIRMED
CONTRADICTING,0.404,True,AMBIGUOUS,FALSE
SUPPORTING,0.854,True,CRIMINAL,CONFIRMED
SUPPORTING,0.594,True,AMBIGUOUS,SUSPECTED
SUPPORTING,0.945,True,MIXED,CONFIRMED
NEUTRAL,0.507,True,CRIMINAL,UNKNOWN
NEUTRAL,0.257,True,LEGITIMATE,UNKNOWN
NEUTRAL,0.372,True,LEGITIMATE,UNKNOWN
NEUTRAL,0.240,True,LEGITIMATE,UNKNOWN
NEUTRAL,0.427,True,MIXED,UNKNOWN
NEUTRAL,0.339,True,MIXED,UNKNOWN
CONTRADICTING,0.190,True,AMBIGUOUS,FALSE
SUPPORTING,0.649,True,MIXED,SUSPECTED
SUPPORTING,0.765,True,MIXED,SUSPECTED
SUPPORTING,0.624,True,LEGITIMATE,SUSPECTED
NEUTRAL,0.374,True,MIXED,UNKNOWN
NEUTRAL,0.364,True,CRIMINAL,UNKNOWN
SUPPORTING,0.960,True,CRIMINAL,CONFIRMED
CONTRADICTING,0.351,True,LEGITIMATE,FALSE
NEUTRAL,0.247,True,MIXED,UNKNOWN
SUPPORTING,0.891,True,CRIMINAL,CONFIRMED
SUPPORTING,0.838,True,LEGITIMATE,SUSPECTED
SUPPORTING,0.911,True,CRIMINAL,CONFIRMED
NEUTRAL,0.358,True,AMBIGUOUS,UNKNOWN
SUPPORTING,0.869,True,CRIMINAL,CONFIRMED
NEUTRAL,0.405,True,MIXED,UNKNOWN
SUPPORTING,0.882,True,LEGITIMATE,CONFIRMED
CONTRADICTING,0.310,True,LEGITIMATE,FALSE
NEUTRAL,0.448,True,AMBIGUOUS,UNKNOWN
NEUTRAL,0.331,True,AMBIGUOUS,UNKNOWN
SUPPORTING,0.978,True,CRIMINAL,CONFIRMED
SUPPORTING,0.883,True,CRIMINAL,CONFIRMED
NEUTRAL,0.536,True,LEGITIMATE,UNKNOWN
NEUTRAL,0.342,True,MIXED,UNKNOWN
SUPPORTING,0.715,True,CRIMINAL,SUSPECTED
CONTRADICTING,0.375,True,CRIMINAL,FALSE
NEUTRAL,0.533,True,MIXED,UNKNOWN
NEUTRAL,0.474,True,AMBIGUOUS,UNKNOWN
SUPPORTING,0.977,True,CRIMINAL,CONFIRMED
CONTRADICTING,0.343,True,LEGITIMATE,FALSE
NEUTRAL,0.368,True,LEGITIMATE,UNKNOWN
SUPPORTING,0.784,True,AMBIGUOUS,SUSPECTED
SUPPORTING,0.668,True,CRIMINAL,SUSPECTED
CONTRADICTING,0.220,True,MIXED,FALSE
SUPPORTING,0.938,True,MIXED,CONFIRMED
SUPPORTING,0.770,True,CRIMINAL,SUSPECTED
NEUTRAL,0.454,True,CRIMINAL,UNKNOWN
SUPPORTING,0.822,True,AMBIGUOUS,SUSPECTED
CONTRADICTING,0.338,True,CRIMINAL,FALSE
SUPPORTING,0.806,True,CRIMINAL,SUSPECTED
NEUTRAL,0.441,True,CRIMINAL,UNKNOWN
SUPPORTING,0.616,True,LEGITIMATE,SUSPECTED
NEUTRAL,0.521,True,CRIMINAL,UNKNOWN
SUPPORTING,0.957,True,CRIMINAL,CONFIRMED
NEUTRAL,0.295,True,MIXED,UNKNOWN
NEUTRAL,0.369,True,CRIMINAL,UNKNOWN
NEUTRAL,0.310,True,CRIMINAL,UNKNOWN
SUPPORTING,0.828,True,MIXED,SUSPECTED
NEUTRAL,0.289,True,LEGITIMATE,UNKNOWN
NEUTRAL,0.458,True,AMBIGUOUS,UNKNOWN
SUPPORTING,0.968,True,CRIMINAL,CONFIRMED
SUPPORTING,0.712,True,CRIMINAL,SUSPECTED
SUPPORTING,0.751,True,MIXED,SUSPECTED
SUPPORTING,0.731,True,LEGITIMATE,SUSPECTED
SUPPORTING,0.832,True,MIXED,SUSPECTED
SUPPORTING,0.902,True,AMBIGUOUS,CONFIRMED
NEUTRAL,0.220,True,CRIMINAL,UNKNOWN
NEUTRAL,0.374,True,LEGITIMATE,UNKNOWN
CONTRADICTING,0.231,True,LEGITIMATE,FALSE
SUPPORTING,0.849,True,CRIMINAL,SUSPECTED
SUPPORTING,0.685,True,CRIMINAL,SUSPECTED
CONTRADICTING,0.183,True,LEGITIMATE,FALSE
SUPPORTING,0.902,True,MIXED,CONFIRMED
SUPPORTING,0.913,True,MIXED,CONFIRMED
SUPPORTING,0.896,True,LEGITIMATE,CONFIRMED
CONTRADICTING,0.313,True,LEGITIMATE,FALSE
NEUTRAL,0.389,True,AMBIGUOUS,UNKNOWN
CONTRADICTING,0.402,True,CRIMINAL,FALSE
SUPPORTING,0.833,True,CRIMINAL,CONFIRMED
NEUTRAL,0.373,True,CRIMINAL,UNKNOWN
SUPPORTING,0.949,True,AMBIGUOUS,CONFIRMED
CONTRADICTING,0.228,True,AMBIGUOUS,FALSE
SUPPORTING,0.882,True,AMBIGUOUS,CONFIRMED
NEUTRAL,0.337,True,CRIMINAL,UNKNOWN
SUPPORTING,0.812,True,LEGITIMATE,SUSPECTED
SUPPORTING,0.636,True,CRIMINAL,SUSPECTED
SUPPORTING,0.871,True,MIXED,CONFIRMED
SUPPORTING,0.888,True,CRIMINAL,CONFIRMED
NEUTRAL,0.211,True,MIXED,UNKNOWN
NEUTRAL,0.375,True,CRIMINAL,UNKNOWN
SUPPORTING,0.670,True,CRIMINAL,SUSPECTED
SUPPORTING,0.747,True,MIXED,SUSPECTED
NEUTRAL,0.502,True,MIXED,UNKNOWN
SUPPORTING,0.695,True,AMBIGUOUS,SUSPECTED
CONTRADICTING,0.288,True,CRIMINAL,FALSE
NEUTRAL,0.216,True,CRIMINAL,UNKNOWN
SUPPORTING,0.844,True,LEGITIMATE,CONFIRMED
SUPPORTING,0.976,True,CRIMINAL,CONFIRMED
CONTRADICTING,0.392,True,LEGITIMATE,FALSE
SUPPORTING,0.703,True,CRIMINAL,SUSPECTED
NEUTRAL,0.486,True,LEGITIMATE,UNKNOWN
CONTRADICTING,0.247,True,MIXED,FALSE
SUPPORTING,0.963,True,CRIMINAL,CONFIRMED
NEUTRAL,0.510,True,MIXED,UNKNOWN
SUPPORTING,0.984,True,MIXED,CONFIRMED
SUPPORTING,0.781,True,MIXED,SUSPECTED
NEUTRAL,0.488,True,CRIMINAL,UNKNOWN
SUPPORTING,0.839,True,MIXED,CONFIRMED
NEUTRAL,0.339,True,LEGITIMATE,UNKNOWN
NEUTRAL,0.386,True,AMBIGUOUS,UNKNOWN
SUPPORTING,0.709,True,MIXED,SUSPECTED
SUPPORTING,0.654,True,CRIMINAL,SUSPECTED
NEUTRAL,0.521,True,AMBIGUOUS,UNKNOWN
CONTRADICTING,0.181,True,LEGITIMATE,FALSE
NEUTRAL,0.512,True,AMBIGUOUS,UNKNOWN
SUPPORTING,0.916,True,AMBIGUOUS,CONFIRMED
NEUTRAL,0.267,True,LEGITIMATE,UNKNOWN
SUPPORTING,0.852,True,MIXED,CONFIRMED
SUPPORTING,0.859,True,CRIMINAL,CONFIRMED
SUPPORTING,0.864,True,CRIMINAL,CONFIRMED
SUPPORTING,0.977,True,CRIMINAL,CONFIRMED
SUPPORTING,0.908,True,CRIMINAL,CONFIRMED
SUPPORTING,0.826,True,CRIMINAL,CONFIRMED
SUPPORTING,0.928,True,CRIMINAL,CONFIRMED
CONTRADICTING,0.336,True,CRIMINAL,FALSE
SUPPORTING,0.958,True,CRIMINAL,CONFIRMED
SUPPORTING,0.931,True,CRIMINAL,CONFIRMED
SUPPORTING,0.935,True,CRIMINAL,CONFIRMED
SUPPORTING,0.937,True,AMBIGUOUS,CONFIRMED
SUPPORTING,0.580,True,CRIMINAL,SUSPECTED
SUPPORTING,0.900,True,AMBIGUOUS,CONFIRMED
SUPPORTING,0.913,True,CRIMINAL,CONFIRMED
NEUTRAL,0.221,True,MIXED,UNKNOWN
NEUTRAL,0.230,True,AMBIGUOUS,UNKNOWN
SUPPORTING,0.699,True,CRIMINAL,SUSPECTED
SUPPORTING,0.861,True,LEGITIMATE,CONFIRMED
CONTRADICTING,0.207,True,LEGITIMATE,FALSE
SUPPORTING,0.831,True,AMBIGUOUS,CONFIRMED
NEUTRAL,0.249,True,LEGITIMATE,UNKNOWN
NEUTRAL,0.270,True,AMBIGUOUS,UNKNOWN
SUPPORTING,0.823,True,MIXED,SUSPECTED
CONTRADICTING,0.131,True,CRIMINAL,FALSE
SUPPORTING,0.864,True,AMBIGUOUS,CONFIRMED
NEUTRAL,0.274,True,MIXED,UNKNOWN
SUPPORTING,0.828,True,CRIMINAL,CONFIRMED
SUPPORTING,0.669,True,CRIMINAL,SUSPECTED
NEUTRAL,0.537,True,CRIMINAL,UNKNOWN
CONTRADICTING,0.284,True,LEGITIMATE,FALSE
SUPPORTING,0.949,True,CRIMINAL,CONFIRMED
CONTRADICTING,0.231,True,LEGITIMATE,FALSE
SUPPORTING,0.852,True,CRIMINAL,SUSPECTED
SUPPORTING,0.916,True,LEGITIMATE,CONFIRMED
SUPPORTING,0.598,True,MIXED,SUSPECTED
NEUTRAL,0.351,True,AMBIGUOUS,UNKNOWN
SUPPORTING,0.625,True,CRIMINAL,SUSPECTED
SUPPORTING,0.886,True,CRIMINAL,CONFIRMED
NEUTRAL,0.213,True,LEGITIMATE,UNKNOWN
NEUTRAL,0.511,True,LEGITIMATE,UNKNOWN
SUPPORTING,0.608,True,LEGITIMATE,SUSPECTED
NEUTRAL,0.476,True,LEGITIMATE,UNKNOWN
SUPPORTING,0.839,True,MIXED,CONFIRMED
CONTRADICTING,0.420,True,LEGITIMATE,FALSE
NEUTRAL,0.358,True,CRIMINAL,UNKNOWN
SUPPORTING,0.742,True,MIXED,SUSPECTED
SUPPORTING,0.693,True,CRIMINAL,SUSPECTED
SUPPORTING,0.676,True,CRIMINAL,SUSPECTED
SUPPORTING,0.801,True,AMBIGUOUS,SUSPECTED
NEUTRAL,0.453,True,LEGITIMATE,UNKNOWN
CONTRADICTING,0.298,True,MIXED,FALSE
SUPPORTING,0.865,True,MIXED,CONFIRMED
SUPPORTING,0.759,True,LEGITIMATE,SUSPECTED
SUPPORTING,0.845,True,LEGITIMATE,SUSPECTED
SUPPORTING,0.857,True,MIXED,CONFIRMED
SUPPORTING,0.740,True,MIXED,SUSPECTED
NEUTRAL,0.373,True,LEGITIMATE,UNKNOWN
SUPPORTING,0.832,True,LEGITIMATE,SUSPECTED
SUPPORTING,0.975,True,AMBIGUOUS,CONFIRMED
SUPPORTING,0.899,True,CRIMINAL,CONFIRMED
SUPPORTING,0.816,True,CRIMINAL,SUSPECTED
SUPPORTING,0.839,True,CRIMINAL,CONFIRMED
SUPPORTING,0.666,True,CRIMINAL,SUSPECTED
SUPPORTING,0.872,True,CRIMINAL,CONFIRMED
NEUTRAL,0.248,True,CRIMINAL,UNKNOWN
SUPPORTING,0.692,True,CRIMINAL,SUSPECTED
NEUTRAL,0.476,True,LEGITIMATE,UNKNOWN
NEUTRAL,0.398,True,LEGITIMATE,UNKNOWN
SUPPORTING,0.896,True,CRIMINAL,CONFIRMED
CONTRADICTING,0.413,True,MIXED,FALSE
SUPPORTING,0.957,True,MIXED,CONFIRMED
NEUTRAL,0.504,True,MIXED,UNKNOWN
SUPPORTING,0.839,True,MIXED,CONFIRMED
NEUTRAL,0.519,True,MIXED,UNKNOWN
SUPPORTING,0.789,True,MIXED,SUSPECTED
SUPPORTING,0.627,True,CRIMINAL,SUSPECTED
SUPPORTING,0.682,True,CRIMINAL,SUSPECTED
SUPPORTING,0.846,True,MIXED,CONFIRMED
SUPPORTING,0.932,True,LEGITIMATE,CONFIRMED
NEUTRAL,0.433,True,MIXED,UNKNOWN
SUPPORTING,0.900,True,AMBIGUOUS,CONFIRMED
SUPPORTING,0.649,True,MIXED,SUSPECTED
SUPPORTING,0.607,True,LEGITIMATE,SUSPECTED
SUPPORTING,0.932,True,CRIMINAL,CONFIRMED
CONTRADICTING,0.147,True,CRIMINAL,FALSE
SUPPORTING,0.719,True,CRIMINAL,SUSPECTED
SUPPORTING,0.829,True,CRIMINAL,SUSPECTED
CONTRADICTING,0.246,True,LEGITIMATE,FALSE
SUPPORTING,0.715,True,CRIMINAL,SUSPECTED
SUPPORTING,0.676,True,LEGITIMATE,SUSPECTED
NEUTRAL,0.521,True,LEGITIMATE,UNKNOWN
CONTRADICTING,0.191,True,MIXED,FALSE
SUPPORTING,0.700,True,CRIMINAL,SUSPECTED
SUPPORTING,0.672,True,CRIMINAL,SUSPECTED
NEUTRAL,0.493,True,MIXED,UNKNOWN
SUPPORTING,0.871,True,MIXED,CONFIRMED
SUPPORTING,0.621,True,MIXED,SUSPECTED
SUPPORTING,0.826,True,MIXED,CONFIRMED
CONTRADICTING,0.248,True,LEGITIMATE,FALSE
SUPPORTING,0.851,True,MIXED,CONFIRMED
NEUTRAL,0.260,True,CRIMINAL,UNKNOWN
NEUTRAL,0.395,True,CRIMINAL,UNKNOWN
NEUTRAL,0.323,True,CRIMINAL,UNKNOWN
CONTRADICTING,0.414,True,LEGITIMATE,FALSE
CONTRADICTING,0.150,True,LEGITIMATE,FALSE
SUPPORTING,0.838,True,CRIMINAL,CONFIRMED
SUPPORTING,0.860,True,AMBIGUOUS,SUSPECTED
SUPPORTING,0.844,True,CRIMINAL,CONFIRMED
NEUTRAL,0.353,True,CRIMINAL,UNKNOWN
SUPPORTING,0.714,True,AMBIGUOUS,SUSPECTED
SUPPORTING,0.850,True,CRIMINAL,CONFIRMED
SUPPORTING,0.584,True,AMBIGUOUS,SUSPECTED
SUPPORTING,0.615,True,CRIMINAL,SUSPECTED
NEUTRAL,0.330,True,LEGITIMATE,UNKNOWN
NEUTRAL,0.478,True,AMBIGUOUS,UNKNOWN
CONTRADICTING,0.154,True,LEGITIMATE,FALSE
NEUTRAL,0.491,True,CRIMINAL,UNKNOWN
SUPPORTING,0.655,True,CRIMINAL,SUSPECTED
SUPPORTING,0.848,True,CRIMINAL,CONFIRMED
NEUTRAL,0.250,True,CRIMINAL,UNKNOWN
SUPPORTING,0.957,True,CRIMINAL,CONFIRMED
NEUTRAL,0.246,True,LEGITIMATE,UNKNOWN
SUPPORTING,0.916,True,CRIMINAL,CONFIRMED
SUPPORTING,0.883,True,MIXED,CONFIRMED
SUPPORTING,0.832,True,MIXED,SUSPECTED
NEUTRAL,0.346,True,LEGITIMATE,UNKNOWN
NEUTRAL,0.320,True,LEGITIMATE,UNKNOWN
NEUTRAL,0.352,True,AMBIGUOUS,UNKNOWN
CONTRADICTING,0.197,True,CRIMINAL,FALSE
SUPPORTING,0.836,True,LEGITIMATE,CONFIRMED
NEUTRAL,0.349,True,AMBIGUOUS,UNKNOWN
NEUTRAL,0.352,True,AMBIGUOUS,UNKNOWN
SUPPORTING,0.632,True,CRIMINAL,SUSPECTED
CONTRADICTING,0.184,True,LEGITIMATE,FALSE
NEUTRAL,0.301,True,CRIMINAL,UNKNOWN
SUPPORTING,0.853,True,MIXED,SUSPECTED
SUPPORTING,0.655,True,MIXED,SUSPECTED
SUPPORTING,0.659,True,CRIMINAL,SUSPECTED
CONTRADICTING,0.370,True,LEGITIMATE,FALSE
NEUTRAL,0.277,True,CRIMINAL,UNKNOWN
NEUTRAL,0.292,True,LEGITIMATE,UNKNOWN
CONTRADICTING,0.359,True,MIXED,FALSE
SUPPORTING,0.701,True,MIXED,SUSPECTED
CONTRADICTING,0.157,True,MIXED,FALSE
SUPPORTING,0.926,True,CRIMINAL,CONFIRMED
CONTRADICTING,0.328,True,CRIMINAL,FALSE
NEUTRAL,0.214,True,AMBIGUOUS,UNKNOWN
CONTRADICTING,0.168,True,LEGITIMATE,FALSE
CONTRADICTING,0.364,True,CRIMINAL,FALSE
SUPPORTING,0.652,True,MIXED,SUSPECTED
NEUTRAL,0.207,True,AMBIGUOUS,UNKNOWN
CONTRADICTING,0.280,True,AMBIGUOUS,FALSE
SUPPORTING,0.631,True,LEGITIMATE,SUSPECTED
SUPPORTING,0.685,True,CRIMINAL,SUSPECTED
NEUTRAL,0.437,True,CRIMINAL,UNKNOWN
SUPPORTING,0.627,True,CRIMINAL,SUSPECTED
SUPPORTING,0.984,True,AMBIGUOUS,CONFIRMED
NEUTRAL,0.449,True,AMBIGUOUS,UNKNOWN
SUPPORTING,0.890,True,CRIMINAL,CONFIRMED
SUPPORTING,0.757,True,CRIMINAL,SUSPECTED
CONTRADICTING,0.234,True,AMBIGUOUS,FALSE
SUPPORTING,0.908,True,LEGITIMATE,CONFIRMED
NEUTRAL,0.457,True,AMBIGUOUS,UNKNOWN
SUPPORTING,0.904,True,CRIMINAL,CONFIRMED
NEUTRAL,0.242,True,LEGITIMATE,UNKNOWN
CONTRADICTING,0.178,True,MIXED,FALSE
CONTRADICTING,0.338,True,CRIMINAL,FALSE
CONTRADICTING,0.358,True,LEGITIMATE,FALSE
NEUTRAL,0.385,True,LEGITIMATE,UNKNOWN
SUPPORTING,0.882,True,MIXED,CONFIRMED
SUPPORTING,0.910,True,CRIMINAL,CONFIRMED
CONTRADICTING,0.330,True,MIXED,FALSE
NEUTRAL,0.379,True,CRIMINAL,UNKNOWN
SUPPORTING,0.826,True,CRIMINAL,SUSPECTED
SUPPORTING,0.603,True,LEGITIMATE,SUSPECTED
SUPPORTING,0.615,True,LEGITIMATE,SUSPECTED
NEUTRAL,0.463,True,AMBIGUOUS,UNKNOWN
SUPPORTING,0.629,True,CRIMINAL,SUSPECTED
SUPPORTING,0.984,True,MIXED,CONFIRMED
NEUTRAL,0.424,True,MIXED,UNKNOWN
SUPPORTING,0.959,True,CRIMINAL,CONFIRMED
SUPPORTING,0.741,True,LEGITIMATE,SUSPECTED
SUPPORTING,0.748,True,LEGITIMATE,SUSPECTED
SUPPORTING,0.786,True,LEGITIMATE,SUSPECTED
NEUTRAL,0.371,True,LEGITIMATE,UNKNOWN
NEUTRAL,0.317,True,LEGITIMATE,UNKNOWN
CONTRADICTING,0.195,True,LEGITIMATE,FALSE
CONTRADICTING,0.194,True,LEGITIMATE,FALSE
SUPPORTING,0.697,True,AMBIGUOUS,SUSPECTED
SUPPORTING,0.945,True,CRIMINAL,CONFIRMED
SUPPORTING,0.767,True,MIXED,SUSPECTED
SUPPORTING,0.878,True,LEGITIMATE,CONFIRMED
NEUTRAL,0.538,True,LEGITIMATE,UNKNOWN
SUPPORTING,0.691,True,CRIMINAL,SUSPECTED
NEUTRAL,0.212,True,LEGITIMATE,UNKNOWN
SUPPORTING,0.883,True,CRIMINAL,CONFIRMED
NEUTRAL,0.481,True,MIXED,UNKNOWN
CONTRADICTING,0.156,True,CRIMINAL,FALSE
SUPPORTING,0.945,True,CRIMINAL,CONFIRMED
SUPPORTING,0.824,True,AMBIGUOUS,SUSPECTED
SUPPORTING,0.782,True,CRIMINAL,SUSPECTED
SUPPORTING,0.921,True,CRIMINAL,CONFIRMED
SUPPORTING,0.973,True,CRIMINAL,CONFIRMED
NEUTRAL,0.441,True,CRIMINAL,UNKNOWN
NEUTRAL,0.548,True,CRIMINAL,UNKNOWN
NEUTRAL,0.267,True,CRIMINAL,UNKNOWN
SUPPORTING,0.983,True,MIXED,CONFIRMED
SUPPORTING,0.853,True,CRIMINAL,CONFIRMED
SUPPORTING,0.592,True,CRIMINAL,SUSPECTED
NEUTRAL,0.381,True,LEGITIMATE,UNKNOWN
SUPPORTING,0.955,True,CRIMINAL,CONFIRMED
SUPPORTING,0.668,True,CRIMINAL,SUSPECTED
SUPPORTING,0.989,True,CRIMINAL,CONFIRMED
SUPPORTING,0.870,True,MIXED,CONFIRMED
CONTRADICTING,0.309,True,CRIMINAL,FALSE
SUPPORTING,0.950,True,AMBIGUOUS,CONFIRMED
SUPPORTING,0.597,True,LEGITIMATE,SUSPECTED
CONTRADICTING,0.191,True,CRIMINAL,FALSE
SUPPORTING,0.836,True,LEGITIMATE,CONFIRMED
SUPPORTING,0.907,True,CRIMINAL,CONFIRMED
SUPPORTING,0.761,True,CRIMINAL,SUSPECTED
SUPPORTING,0.914,True,CRIMINAL,CONFIRMED
CONTRADICTING,0.304,True,CRIMINAL,FALSE
SUPPORTING,0.825,True,AMBIGUOUS,SUSPECTED
CONTRADICTING,0.243,True,CRIMINAL,FALSE
SUPPORTING,0.968,True,LEGITIMATE,CONFIRMED
NEUTRAL,0.260,True,LEGITIMATE,UNKNOWN
CONTRADICTING,0.291,True,CRIMINAL,FALSE
SUPPORTING,0.901,True,MIXED,CONFIRMED
SUPPORTING,0.841,True,CRIMINAL,SUSPECTED
NEUTRAL,0.348,True,AMBIGUOUS,UNKNOWN
NEUTRAL,0.548,True,AMBIGUOUS,UNKNOWN
NEUTRAL,0.297,True,AMBIGUOUS,UNKNOWN
SUPPORTING,0.776,True,AMBIGUOUS,SUSPECTED
SUPPORTING,0.963,True,LEGITIMATE,CONFIRMED
SUPPORTING,0.953,True,MIXED,CONFIRMED
SUPPORTING,0.860,True,CRIMINAL,CONFIRMED
SUPPORTING,0.979,True,CRIMINAL,CONFIRMED
CONTRADICTING,0.300,True,CRIMINAL,FALSE
SUPPORTING,0.819,True,LEGITIMATE,SUSPECTED
CONTRADICTING,0.313,True,LEGITIMATE,FALSE
NEUTRAL,0.239,True,MIXED,UNKNOWN
SUPPORTING,0.906,True,MIXED,CONFIRMED
SUPPORTING,0.707,True,CRIMINAL,SUSPECTED
SUPPORTING,0.885,True,LEGITIMATE,CONFIRMED
SUPPORTING,0.918,True,CRIMINAL,CONFIRMED
NEUTRAL,0.311,True,CRIMINAL,UNKNOWN
SUPPORTING,0.642,True,CRIMINAL,SUSPECTED
SUPPORTING,0.767,True,CRIMINAL,SUSPECTED
SUPPORTING,0.686,True,MIXED,SUSPECTED
NEUTRAL,0.482,True,AMBIGUOUS,UNKNOWN
NEUTRAL,0.443,True,LEGITIMATE,UNKNOWN
SUPPORTING,0.661,True,CRIMINAL,SUSPECTED
SUPPORTING,0.673,True,CRIMINAL,SUSPECTED
CONTRADICTING,0.239,True,MIXED,FALSE
CONTRADICTING,0.278,True,LEGITIMATE,FALSE
SUPPORTING,0.887,True,LEGITIMATE,CONFIRMED
SUPPORTING,0.862,True,CRIMINAL,CONFIRMED
SUPPORTING,0.898,True,AMBIGUOUS,CONFIRMED
SUPPORTING,0.764,True,AMBIGUOUS,SUSPECTED
SUPPORTING,0.603,True,MIXED,SUSPECTED
CONTRADICTING,0.330,True,AMBIGUOUS,FALSE
NEUTRAL,0.510,True,AMBIGUOUS,UNKNOWN
NEUTRAL,0.468,True,AMBIGUOUS,UNKNOWN
NEUTRAL,0.527,True,MIXED,UNKNOWN
SUPPORTING,0.652,True,LEGITIMATE,SUSPECTED
SUPPORTING,0.895,True,CRIMINAL,CONFIRMED
NEUTRAL,0.217,True,MIXED,UNKNOWN
SUPPORTING,0.822,True,MIXED,SUSPECTED
CONTRADICTING,0.189,True,MIXED,FALSE
SUPPORTING,0.841,True,CRIMINAL,CONFIRMED
NEUTRAL,0.549,True,CRIMINAL,UNKNOWN
CONTRADICTING,0.211,True,AMBIGUOUS,FALSE
SUPPORTING,0.839,True,AMBIGUOUS,SUSPECTED
SUPPORTING,0.644,True,AMBIGUOUS,SUSPECTED
NEUTRAL,0.246,True,CRIMINAL,UNKNOWN
NEUTRAL,0.536,True,MIXED,UNKNOWN
CONTRADICTING,0.183,True,LEGITIMATE,FALSE
SUPPORTING,0.692,True,LEGITIMATE,SUSPECTED
CONTRADICTING,0.177,True,CRIMINAL,FALSE
NEUTRAL,0.350,True,CRIMINAL,UNKNOWN
CONTRADICTING,0.288,True,CRIMINAL,FALSE
SUPPORTING,0.881,True,CRIMINAL,CONFIRMED
SUPPORTING,0.834,True,MIXED,SUSPECTED
SUPPORTING,0.892,True,CRIMINAL,CONFIRMED
NEUTRAL,0.334,True,AMBIGUOUS,UNKNOWN
NEUTRAL,0.526,True,CRIMINAL,UNKNOWN
NEUTRAL,0.316,True,MIXED,UNKNOWN
SUPPORTING,0.670,True,AMBIGUOUS,SUSPECTED
CONTRADICTING,0.328,True,LEGITIMATE,FALSE
SUPPORTING,0.757,True,MIXED,SUSPECTED
SUPPORTING,0.829,True,LEGITIMATE,CONFIRMED
SUPPORTING,0.589,True,CRIMINAL,SUSPECTED
CONTRADICTING,0.395,True,CRIMINAL,FALSE
NEUTRAL,0.247,True,CRIMINAL,UNKNOWN
SUPPORTING,0.860,True,MIXED,SUSPECTED
CONTRADICTING,0.198,True,LEGITIMATE,FALSE
SUPPORTING,0.856,True,CRIMINAL,CONFIRMED
SUPPORTING,0.903,True,AMBIGUOUS,CONFIRMED
SUPPORTING,0.979,True,MIXED,CONFIRMED
SUPPORTING,0.964,True,MIXED,CONFIRMED
SUPPORTING,0.964,True,CRIMINAL,CONFIRMED
SUPPORTING,0.832,True,MIXED,SUSPECTED
SUPPORTING,0.861,True,AMBIGUOUS,CONFIRMED
SUPPORTING,0.790,True,CRIMINAL,SUSPECTED
SUPPORTING,0.857,True,AMBIGUOUS,CONFIRMED
SUPPORTING,0.829,True,CRIMINAL,CONFIRMED
NEUTRAL,0.340,True,AMBIGUOUS,UNKNOWN
SUPPORTING,0.684,True,CRIMINAL,SUSPECTED
SUPPORTING,0.813,True,MIXED,SUSPECTED
NEUTRAL,0.360,True,CRIMINAL,UNKNOWN
CONTRADICTING,0.396,True,CRIMINAL,FALSE
SUPPORTING,0.774,True,CRIMINAL,SUSPECTED
CONTRADICTING,0.370,True,LEGITIMATE,FALSE
CONTRADICTING,0.321,True,CRIMINAL,FALSE
CONTRADICTING,0.395,True,MIXED,FALSE
SUPPORTING,0.735,True,CRIMINAL,SUSPECTED
CONTRADICTING,0.329,True,LEGITIMATE,FALSE
CONTRADICTING,0.363,True,LEGITIMATE,FALSE
SUPPORTING,0.941,True,CRIMINAL,CONFIRMED
CONTRADICTING,0.174,True,AMBIGUOUS,FALSE
NEUTRAL,0.281,True,MIXED,UNKNOWN
SUPPORTING,0.965,True,CRIMINAL,CONFIRMED
CONTRADICTING,0.140,True,LEGITIMATE,FALSE
SUPPORTING,0.753,True,AMBIGUOUS,SUSPECTED
SUPPORTING,0.779,True,MIXED,SUSPECTED
SUPPORTING,0.872,True,CRIMINAL,CONFIRMED
NEUTRAL,0.467,True,LEGITIMATE,UNKNOWN
CONTRADICTING,0.185,True,LEGITIMATE,FALSE
SUPPORTING,0.821,True,MIXED,SUSPECTED
NEUTRAL,0.236,True,CRIMINAL,UNKNOWN
NEUTRAL,0.247,True,LEGITIMATE,UNKNOWN
SUPPORTING,0.716,True,CRIMINAL,SUSPECTED
NEUTRAL,0.343,True,AMBIGUOUS,UNKNOWN
NEUTRAL,0.416,True,MIXED,UNKNOWN
SUPPORTING,0.988,True,LEGITIMATE,CONFIRMED
NEUTRAL,0.366,True,LEGITIMATE,UNKNOWN
CONTRADICTING,0.362,True,LEGITIMATE,FALSE
SUPPORTING,0.773,True,MIXED,SUSPECTED
SUPPORTING,0.883,True,CRIMINAL,CONFIRMED
SUPPORTING,0.931,True,MIXED,CONFIRMED
NEUTRAL,0.262,True,CRIMINAL,UNKNOWN
CONTRADICTING,0.138,True,LEGITIMATE,FALSE
SUPPORTING,0.907,True,MIXED,CONFIRMED
SUPPORTING,0.911,True,CRIMINAL,CONFIRMED
SUPPORTING,0.840,True,CRIMINAL,SUSPECTED
NEUTRAL,0.435,True,CRIMINAL,UNKNOWN
SUPPORTING,0.742,True,LEGITIMATE,SUSPECTED
CONTRADICTING,0.329,True,LEGITIMATE,FALSE
SUPPORTING,0.952,True,CRIMINAL,CONFIRMED
SUPPORTING,0.833,True,CRIMINAL,SUSPECTED
CONTRADICTING,0.347,True,AMBIGUOUS,FALSE
SUPPORTING,0.837,True,MIXED,SUSPECTED
NEUTRAL,0.365,True,AMBIGUOUS,UNKNOWN
SUPPORTING,0.898,True,CRIMINAL,CONFIRMED
SUPPORTING,0.964,True,CRIMINAL,CONFIRMED
NEUTRAL,0.463,True,AMBIGUOUS,UNKNOWN
SUPPORTING,0.908,True,CRIMINAL,CONFIRMED
NEUTRAL,0.312,True,MIXED,UNKNOWN
NEUTRAL,0.317,True,AMBIGUOUS,UNKNOWN
SUPPORTING,0.917,True,CRIMINAL,CONFIRMED
SUPPORTING,0.898,True,CRIMINAL,CONFIRMED
CONTRADICTING,0.378,True,LEGITIMATE,FALSE
SUPPORTING,0.855,True,AMBIGUOUS,CONFIRMED
CONTRADICTING,0.269,True,AMBIGUOUS,FALSE
NEUTRAL,0.396,True,MIXED,UNKNOWN
SUPPORTING,0.952,True,CRIMINAL,CONFIRMED
SUPPORTING,0.730,True,AMBIGUOUS,SUSPECTED
NEUTRAL,0.440,True,CRIMINAL,UNKNOWN
SUPPORTING,0.606,True,MIXED,SUSPECTED
SUPPORTING,0.886,True,CRIMINAL,CONFIRMED
SUPPORTING,0.851,True,CRIMINAL,CONFIRMED
NEUTRAL,0.364,True,CRIMINAL,UNKNOWN
CONTRADICTING,0.356,True,MIXED,FALSE
SUPPORTING,0.854,True,MIXED,CONFIRMED
SUPPORTING,0.952,True,CRIMINAL,CONFIRMED
SUPPORTING,0.911,True,CRIMINAL,CONFIRMED
SUPPORTING,0.700,True,AMBIGUOUS,SUSPECTED
SUPPORTING,0.641,True,MIXED,SUSPECTED
SUPPORTING,0.686,True,CRIMINAL,SUSPECTED
SUPPORTING,0.911,True,CRIMINAL,CONFIRMED
SUPPORTING,0.696,True,MIXED,SUSPECTED
NEUTRAL,0.359,True,AMBIGUOUS,UNKNOWN
SUPPORTING,0.922,True,CRIMINAL,CONFIRMED
NEUTRAL,0.338,True,MIXED,UNKNOWN
SUPPORTING,0.614,True,CRIMINAL,SUSPECTED
SUPPORTING,0.783,True,MIXED,SUSPECTED
NEUTRAL,0.459,True,AMBIGUOUS,UNKNOWN
CONTRADICTING,0.344,True,CRIMINAL,FALSE
CONTRADICTING,0.263,True,CRIMINAL,FALSE
SUPPORTING,0.940,True,MIXED,CONFIRMED
SUPPORTING,0.849,True,LEGITIMATE,CONFIRMED
SUPPORTING,0.887,True,MIXED,CONFIRMED
SUPPORTING,0.858,True,LEGITIMATE,CONFIRMED
SUPPORTING,0.914,True,MIXED,CONFIRMED
NEUTRAL,0.246,True,MIXED,UNKNOWN
SUPPORTING,0.728,True,CRIMINAL,SUSPECTED
SUPPORTING,0.661,True,MIXED,SUSPECTED
CONTRADICTING,0.303,True,MIXED,FALSE
CONTRADICTING,0.311,True,LEGITIMATE,FALSE
SUPPORTING,0.650,True,CRIMINAL,SUSPECTED
SUPPORTING,0.635,True,MIXED,SUSPECTED
SUPPORTING,0.591,True,MIXED,SUSPECTED
CONTRADICTING,0.251,True,CRIMINAL,FALSE
NEUTRAL,0.457,True,CRIMINAL,UNKNOWN
SUPPORTING,0.728,True,MIXED,SUSPECTED
SUPPORTING,0.626,True,MIXED,SUSPECTED
SUPPORTING,0.886,True,AMBIGUOUS,CONFIRMED
SUPPORTING,0.701,True,CRIMINAL,SUSPECTED
NEUTRAL,0.453,True,AMBIGUOUS,UNKNOWN
SUPPORTING,0.751,True,CRIMINAL,SUSPECTED
CONTRADICTING,0.349,True,CRIMINAL,FALSE
SUPPORTING,0.658,True,CRIMINAL,SUSPECTED
SUPPORTING,0.583,True,CRIMINAL,SUSPECTED
NEUTRAL,0.524,True,CRIMINAL,UNKNOWN
NEUTRAL,0.510,True,LEGITIMATE,UNKNOWN
CONTRADICTING,0.141,True,LEGITIMATE,FALSE
SUPPORTING,0.699,True,CRIMINAL,SUSPECTED
SUPPORTING,0.727,True,CRIMINAL,SUSPECTED
NEUTRAL,0.252,True,AMBIGUOUS,UNKNOWN
SUPPORTING,0.850,True,LEGITIMATE,SUSPECTED
NEUTRAL,0.543,True,CRIMINAL,UNKNOWN
CONTRADICTING,0.168,True,MIXED,FALSE
SUPPORTING,0.827,True,CRIMINAL,CONFIRMED
CONTRADICTING,0.191,True,CRIMINAL,FALSE
SUPPORTING,0.926,True,CRIMINAL,CONFIRMED
CONTRADICTING,0.314,True,CRIMINAL,FALSE
SUPPORTING,0.956,True,CRIMINAL,CONFIRMED
SUPPORTING,0.820,True,CRIMINAL,CONFIRMED
SUPPORTING,0.859,True,CRIMINAL,SUSPECTED
CONTRADICTING,0.348,True,LEGITIMATE,FALSE
SUPPORTING,0.922,True,AMBIGUOUS,CONFIRMED
SUPPORTING,0.650,True,LEGITIMATE,SUSPECTED
SUPPORTING,0.932,True,CRIMINAL,CONFIRMED
SUPPORTING,0.697,True,CRIMINAL,SUSPECTED
SUPPORTING,0.957,True,LEGITIMATE,CONFIRMED
SUPPORTING,0.725,True,MIXED,SUSPECTED
SUPPORTING,0.955,True,CRIMINAL,CONFIRMED
SUPPORTING,0.898,True,LEGITIMATE,CONFIRMED
SUPPORTING,0.749,True,CRIMINAL,SUSPECTED
SUPPORTING,0.925,True,MIXED,CONFIRMED
SUPPORTING,0.610,True,AMBIGUOUS,SUSPECTED
SUPPORTING,0.952,True,CRIMINAL,CONFIRMED
CONTRADICTING,0.370,True,MIXED,FALSE
SUPPORTING,0.895,True,AMBIGUOUS,CONFIRMED
NEUTRAL,0.306,True,LEGITIMATE,UNKNOWN
NEUTRAL,0.247,True,LEGITIMATE,UNKNOWN
CONTRADICTING,0.130,True,LEGITIMATE,FALSE
CONTRADICTING,0.236,True,AMBIGUOUS,FALSE
SUPPORTING,0.988,True,CRIMINAL,CONFIRMED
SUPPORTING,0.750,True,CRIMINAL,SUSPECTED
SUPPORTING,0.953,True,CRIMINAL,CONFIRMED
SUPPORTING,0.701,True,AMBIGUOUS,SUSPECTED
CONTRADICTING,0.251,True,AMBIGUOUS,FALSE
SUPPORTING,0.909,True,CRIMINAL,CONFIRMED
SUPPORTING,0.893,True,CRIMINAL,CONFIRMED
SUPPORTING,0.945,True,CRIMINAL,CONFIRMED
CONTRADICTING,0.127,True,LEGITIMATE,FALSE
SUPPORTING,0.826,True,CRIMINAL,CONFIRMED
SUPPORTING,0.789,True,CRIMINAL,SUSPECTED
NEUTRAL,0.417,True,AMBIGUOUS,UNKNOWN
SUPPORTING,0.823,True,CRIMINAL,CONFIRMED
SUPPORTING,0.933,True,CRIMINAL,CONFIRMED
NEUTRAL,0.245,True,MIXED,UNKNOWN
SUPPORTING,0.896,True,CRIMINAL,CONFIRMED
SUPPORTING,0.703,True,MIXED,SUSPECTED
SUPPORTING,0.703,True,MIXED,SUSPECTED
SUPPORTING,0.764,True,LEGITIMATE,SUSPECTED
NEUTRAL,0.209,True,MIXED,UNKNOWN
CONTRADICTING,0.343,True,MIXED,FALSE
CONTRADICTING,0.395,True,CRIMINAL,FALSE
NEUTRAL,0.471,True,AMBIGUOUS,UNKNOWN
NEUTRAL,0.476,True,CRIMINAL,UNKNOWN
NEUTRAL,0.217,True,MIXED,UNKNOWN
NEUTRAL,0.376,True,AMBIGUOUS,UNKNOWN
NEUTRAL,0.394,True,LEGITIMATE,UNKNOWN
CONTRADICTING,0.170,True,LEGITIMATE,FALSE
SUPPORTING,0.709,True,CRIMINAL,SUSPECTED
SUPPORTING,0.758,True,CRIMINAL,SUSPECTED
SUPPORTING,0.843,True,LEGITIMATE,SUSPECTED
SUPPORTING,0.836,True,CRIMINAL,SUSPECTED
SUPPORTING,0.888,True,CRIMINAL,CONFIRMED
SUPPORTING,0.727,True,AMBIGUOUS,SUSPECTED
NEUTRAL,0.243,True,AMBIGUOUS,UNKNOWN
SUPPORTING,0.648,True,MIXED,SUSPECTED
CONTRADICTING,0.178,True,CRIMINAL,FALSE
SUPPORTING,0.824,True,LEGITIMATE,CONFIRMED
CONTRADICTING,0.129,True,MIXED,FALSE
NEUTRAL,0.325,True,AMBIGUOUS,UNKNOWN
NEUTRAL,0.203,True,AMBIGUOUS,UNKNOWN
SUPPORTING,0.735,True,CRIMINAL,SUSPECTED
SUPPORTING,0.625,True,MIXED,SUSPECTED
SUPPORTING,0.654,True,MIXED,SUSPECTED
SUPPORTING,0.853,True,CRIMINAL,SUSPECTED
SUPPORTING,0.831,True,LEGITIMATE,CONFIRMED
CONTRADICTING,0.214,True,AMBIGUOUS,FALSE
SUPPORTING,0.854,True,AMBIGUOUS,SUSPECTED
SUPPORTING,0.823,True,LEGITIMATE,CONFIRMED
NEUTRAL,0.463,True,CRIMINAL,UNKNOWN
CONTRADICTING,0.297,True,MIXED,FALSE
NEUTRAL,0.304,True,LEGITIMATE,UNKNOWN
CONTRADICTING,0.215,True,LEGITIMATE,FALSE
SUPPORTING,0.927,True,CRIMINAL,CONFIRMED
SUPPORTING,0.885,True,AMBIGUOUS,CONFIRMED
CONTRADICTING,0.152,True,MIXED,FALSE
SUPPORTING,0.872,True,AMBIGUOUS,CONFIRMED
SUPPORTING,0.943,True,CRIMINAL,CONFIRMED
SUPPORTING,0.714,True,LEGITIMATE,SUSPECTED
SUPPORTING,0.686,True,MIXED,SUSPECTED
SUPPORTING,0.780,True,MIXED,SUSPECTED
NEUTRAL,0.543,True,MIXED,UNKNOWN
SUPPORTING,0.962,True,CRIMINAL,CONFIRMED
SUPPORTING,0.763,True,CRIMINAL,SUSPECTED
SUPPORTING,0.797,True,CRIMINAL,SUSPECTED
NEUTRAL,0.303,True,MIXED,UNKNOWN
SUPPORTING,0.880,True,MIXED,CONFIRMED
SUPPORTING,0.844,True,LEGITIMATE,SUSPECTED
CONTRADICTING,0.343,True,LEGITIMATE,FALSE
CONTRADICTING,0.356,True,CRIMINAL,FALSE
SUPPORTING,0.854,True,MIXED,CONFIRMED
NEUTRAL,0.515,True,LEGITIMATE,UNKNOWN
CONTRADICTING,0.193,True,MIXED,FALSE
SUPPORTING,0.855,True,CRIMINAL,SUSPECTED
NEUTRAL,0.436,True,LEGITIMATE,UNKNOWN
CONTRADICTING,0.166,True,CRIMINAL,FALSE
SUPPORTING,0.892,True,LEGITIMATE,CONFIRMED
SUPPORTING,0.848,True,CRIMINAL,SUSPECTED
SUPPORTING,0.878,True,MIXED,CONFIRMED
SUPPORTING,0.904,True,LEGITIMATE,CONFIRMED
SUPPORTING,0.770,True,LEGITIMATE,SUSPECTED
SUPPORTING,0.935,True,AMBIGUOUS,CONFIRMED
NEUTRAL,0.288,True,CRIMINAL,UNKNOWN
NEUTRAL,0.209,True,AMBIGUOUS,UNKNOWN
SUPPORTING,0.934,True,MIXED,CONFIRMED
SUPPORTING,0.691,True,CRIMINAL,SUSPECTED
SUPPORTING,0.691,True,MIXED,SUSPECTED
SUPPORTING,0.698,True,AMBIGUOUS,SUSPECTED
NEUTRAL,0.442,True,CRIMINAL,UNKNOWN
CONTRADICTING,0.149,True,CRIMINAL,FALSE
SUPPORTING,0.635,True,MIXED,SUSPECTED
SUPPORTING,0.648,True,CRIMINAL,SUSPECTED
CONTRADICTING,0.310,True,LEGITIMATE,FALSE
SUPPORTING,0.818,True,MIXED,SUSPECTED
NEUTRAL,0.487,True,CRIMINAL,UNKNOWN
SUPPORTING,0.838,True,MIXED,CONFIRMED
SUPPORTING,0.580,True,MIXED,SUSPECTED
SUPPORTING,0.904,True,CRIMINAL,CONFIRMED
CONTRADICTING,0.362,True,LEGITIMATE,FALSE
SUPPORTING,0.716,True,LEGITIMATE,SUSPECTED
NEUTRAL,0.276,True,AMBIGUOUS,UNKNOWN
SUPPORTING,0.862,True,MIXED,CONFIRMED
NEUTRAL,0.472,True,LEGITIMATE,UNKNOWN
NEUTRAL,0.486,True,CRIMINAL,UNKNOWN
SUPPORTING,0.651,True,MIXED,SUSPECTED
SUPPORTING,0.963,True,LEGITIMATE,CONFIRMED
SUPPORTING,0.693,True,CRIMINAL,SUSPECTED
SUPPORTING,0.644,True,AMBIGUOUS,SUSPECTED
SUPPORTING,0.661,True,LEGITIMATE,SUSPECTED
NEUTRAL,0.208,True,MIXED,UNKNOWN
CONTRADICTING,0.332,True,AMBIGUOUS,FALSE
SUPPORTING,0.719,True,MIXED,SUSPECTED
CONTRADICTING,0.151,True,CRIMINAL,FALSE
NEUTRAL,0.540,True,AMBIGUOUS,UNKNOWN
NEUTRAL,0.202,True,LEGITIMATE,UNKNOWN
SUPPORTING,0.595,True,AMBIGUOUS,SUSPECTED
SUPPORTING,0.803,True,LEGITIMATE,SUSPECTED
SUPPORTING,0.689,True,MIXED,SUSPECTED
SUPPORTING,0.837,True,CRIMINAL,SUSPECTED
NEUTRAL,0.304,True,AMBIGUOUS,UNKNOWN
SUPPORTING,0.903,True,CRIMINAL,CONFIRMED
CONTRADICTING,0.188,True,LEGITIMATE,FALSE
SUPPORTING,0.597,True,CRIMINAL,SUSPECTED
SUPPORTING,0.652,True,CRIMINAL,SUSPECTED
SUPPORTING,0.926,True,MIXED,CONFIRMED
SUPPORTING,0.621,True,CRIMINAL,SUSPECTED
SUPPORTING,0.900,True,CRIMINAL,CONFIRMED
SUPPORTING,0.593,True,CRIMINAL,SUSPECTED
SUPPORTING,0.985,True,CRIMINAL,CONFIRMED
CONTRADICTING,0.195,True,LEGITIMATE,FALSE
NEUTRAL,0.217,True,LEGITIMATE,UNKNOWN
NEUTRAL,0.366,True,LEGITIMATE,UNKNOWN
CONTRADICTING,0.175,True,LEGITIMATE,FALSE
SUPPORTING,0.884,True,AMBIGUOUS,CONFIRMED
NEUTRAL,0.248,True,LEGITIMATE,UNKNOWN
SUPPORTING,0.845,True,MIXED,SUSPECTED
NEUTRAL,0.513,True,AMBIGUOUS,UNKNOWN
SUPPORTING,0.983,True,CRIMINAL,CONFIRMED
NEUTRAL,0.340,True,MIXED,UNKNOWN
CONTRADICTING,0.256,True,CRIMINAL,FALSE
SUPPORTING,0.628,True,CRIMINAL,SUSPECTED
SUPPORTING,0.879,True,MIXED,CONFIRMED
NEUTRAL,0.516,True,LEGITIMATE,UNKNOWN
SUPPORTING,0.605,True,CRIMINAL,SUSPECTED
SUPPORTING,0.721,True,MIXED,SUSPECTED
SUPPORTING,0.666,True,LEGITIMATE,SUSPECTED
SUPPORTING,0.805,True,LEGITIMATE,SUSPECTED
SUPPORTING,0.696,True,MIXED,SUSPECTED
SUPPORTING,0.629,True,CRIMINAL,SUSPECTED
SUPPORTING,0.692,True,CRIMINAL,SUSPECTED
NEUTRAL,0.266,True,MIXED,UNKNOWN
SUPPORTING,0.990,True,MIXED,CONFIRMED
CONTRADICTING,0.379,True,MIXED,FALSE
NEUTRAL,0.327,True,AMBIGUOUS,UNKNOWN
NEUTRAL,0.443,True,LEGITIMATE,UNKNOWN
SUPPORTING,0.936,True,CRIMINAL,CONFIRMED
SUPPORTING,0.582,True,CRIMINAL,SUSPECTED
SUPPORTING,0.756,True,CRIMINAL,SUSPECTED
SUPPORTING,0.921,True,CRIMINAL,CONFIRMED
SUPPORTING,0.653,True,MIXED,SUSPECTED
SUPPORTING,0.680,True,CRIMINAL,SUSPECTED
SUPPORTING,0.846,True,MIXED,SUSPECTED
SUPPORTING,0.620,True,AMBIGUOUS,SUSPECTED
SUPPORTING,0.966,True,LEGITIMATE,CONFIRMED
CONTRADICTING,0.388,True,CRIMINAL,FALSE
NEUTRAL,0.504,True,AMBIGUOUS,UNKNOWN
SUPPORTING,0.867,True,MIXED,CONFIRMED
SUPPORTING,0.984,True,AMBIGUOUS,CONFIRMED
CONTRADICTING,0.178,True,LEGITIMATE,FALSE
NEUTRAL,0.418,True,CRIMINAL,UNKNOWN
SUPPORTING,0.714,True,MIXED,SUSPECTED
SUPPORTING,0.737,True,LEGITIMATE,SUSPECTED
SUPPORTING,0.679,True,AMBIGUOUS,SUSPECTED
SUPPORTING,0.944,True,MIXED,CONFIRMED
SUPPORTING,0.876,True,CRIMINAL,CONFIRMED
CONTRADICTING,0.254,True,MIXED,FALSE
SUPPORTING,0.871,True,CRIMINAL,CONFIRMED
NEUTRAL,0.498,True,LEGITIMATE,UNKNOWN
SUPPORTING,0.620,True,CRIMINAL,SUSPECTED
SUPPORTING,0.870,True,MIXED,CONFIRMED
NEUTRAL,0.315,True,LEGITIMATE,UNKNOWN
NEUTRAL,0.319,True,LEGITIMATE,UNKNOWN
SUPPORTING,0.849,True,LEGITIMATE,CONFIRMED
NEUTRAL,0.270,True,MIXED,UNKNOWN
NEUTRAL,0.327,True,AMBIGUOUS,UNKNOWN
NEUTRAL,0.304,True,MIXED,UNKNOWN
SUPPORTING,0.864,True,LEGITIMATE,CONFIRMED
CONTRADICTING,0.185,True,LEGITIMATE,FALSE
NEUTRAL,0.397,True,MIXED,UNKNOWN
SUPPORTING,0.619,True,AMBIGUOUS,SUSPECTED
CONTRADICTING,0.349,True,LEGITIMATE,FALSE
CONTRADICTING,0.267,True,CRIMINAL,FALSE
NEUTRAL,0.289,True,CRIMINAL,UNKNOWN
SUPPORTING,0.673,True,MIXED,SUSPECTED
SUPPORTING,0.820,True,MIXED,CONFIRMED
CONTRADICTING,0.159,True,MIXED,FALSE
NEUTRAL,0.427,True,CRIMINAL,UNKNOWN
SUPPORTING,0.636,True,CRIMINAL,SUSPECTED
SUPPORTING,0.695,True,MIXED,SUSPECTED
SUPPORTING,0.929,True,MIXED,CONFIRMED
SUPPORTING,0.980,True,LEGITIMATE,CONFIRMED
SUPPORTING,0.779,True,CRIMINAL,SUSPECTED
SUPPORTING,0.750,True,CRIMINAL,SUSPECTED
SUPPORTING,0.923,True,LEGITIMATE,CONFIRMED
SUPPORTING,0.805,True,CRIMINAL,SUSPECTED
CONTRADICTING,0.181,True,LEGITIMATE,FALSE
NEUTRAL,0.343,True,CRIMINAL,UNKNOWN
SUPPORTING,0.983,True,MIXED,CONFIRMED
SUPPORTING,0.925,True,MIXED,CONFIRMED
NEUTRAL,0.267,True,LEGITIMATE,UNKNOWN
SUPPORTING,0.902,True,CRIMINAL,CONFIRMED
NEUTRAL,0.524,True,MIXED,UNKNOWN
SUPPORTING,0.789,True,CRIMINAL,SUSPECTED
CONTRADICTING,0.332,True,LEGITIMATE,FALSE
SUPPORTING,0.770,True,CRIMINAL,SUSPECTED
NEUTRAL,0.257,True,CRIMINAL,UNKNOWN
SUPPORTING,0.990,True,AMBIGUOUS,CONFIRMED
NEUTRAL,0.508,True,MIXED,UNKNOWN
SUPPORTING,0.652,True,MIXED,SUSPECTED
NEUTRAL,0.310,True,AMBIGUOUS,UNKNOWN
SUPPORTING,0.930,True,MIXED,CONFIRMED
SUPPORTING,0.875,True,LEGITIMATE,CONFIRMED
SUPPORTING,0.699,True,AMBIGUOUS,SUSPECTED
SUPPORTING,0.905,True,MIXED,CONFIRMED
SUPPORTING,0.742,True,MIXED,SUSPECTED
CONTRADICTING,0.267,True,MIXED,FALSE
SUPPORTING,0.833,True,MIXED,SUSPECTED
SUPPORTING,0.773,True,CRIMINAL,SUSPECTED
CONTRADICTING,0.323,True,LEGITIMATE,FALSE
NEUTRAL,0.377,True,AMBIGUOUS,UNKNOWN
NEUTRAL,0.429,True,AMBIGUOUS,UNKNOWN
SUPPORTING,0.616,True,MIXED,SUSPECTED
SUPPORTING,0.605,True,CRIMINAL,SUSPECTED
NEUTRAL,0.202,True,AMBIGUOUS,UNKNOWN
SUPPORTING,0.928,True,MIXED,CONFIRMED
SUPPORTING,0.743,True,CRIMINAL,SUSPECTED
SUPPORTING,0.755,True,CRIMINAL,SUSPECTED
SUPPORTING,0.957,True,AMBIGUOUS,CONFIRMED
SUPPORTING,0.827,True,CRIMINAL,CONFIRMED
NEUTRAL,0.327,True,CRIMINAL,UNKNOWN
NEUTRAL,0.544,True,MIXED,UNKNOWN
SUPPORTING,0.914,True,CRIMINAL,CONFIRMED
SUPPORTING,0.705,True,MIXED,SUSPECTED
SUPPORTING,0.586,True,AMBIGUOUS,SUSPECTED
SUPPORTING,0.915,True,CRIMINAL,CONFIRMED
SUPPORTING,0.742,True,MIXED,SUSPECTED
SUPPORTING,0.654,True,CRIMINAL,SUSPECTED
SUPPORTING,0.841,True,CRIMINAL,CONFIRMED
CONTRADICTING,0.293,True,LEGITIMATE,FALSE
CONTRADICTING,0.386,True,MIXED,FALSE
SUPPORTING,0.837,True,CRIMINAL,CONFIRMED
CONTRADICTING,0.228,True,MIXED,FALSE
SUPPORTING,0.635,True,CRIMINAL,SUSPECTED
CONTRADICTING,0.256,True,CRIMINAL,FALSE
SUPPORTING,0.629,True,AMBIGUOUS,SUSPECTED
NEUTRAL,0.273,True,MIXED,UNKNOWN
CONTRADICTING,0.234,True,MIXED,FALSE
CONTRADICTING,0.249,True,AMBIGUOUS,FALSE
SUPPORTING,0.677,True,AMBIGUOUS,SUSPECTED
SUPPORTING,0.963,True,LEGITIMATE,CONFIRMED
SUPPORTING,0.640,True,MIXED,SUSPECTED
SUPPORTING,0.643,True,CRIMINAL,SUSPECTED
SUPPORTING,0.762,True,LEGITIMATE,SUSPECTED
SUPPORTING,0.946,True,LEGITIMATE,CONFIRMED
NEUTRAL,0.221,True,MIXED,UNKNOWN
SUPPORTING,0.665,True,CRIMINAL,SUSPECTED
CONTRADICTING,0.305,True,CRIMINAL,FALSE
SUPPORTING,0.982,True,AMBIGUOUS,CONFIRMED
SUPPORTING,0.837,True,CRIMINAL,CONFIRMED
CONTRADICTING,0.309,True,LEGITIMATE,FALSE
SUPPORTING,0.879,True,CRIMINAL,CONFIRMED
SUPPORTING,0.850,True,CRIMINAL,SUSPECTED
NEUTRAL,0.430,True,CRIMINAL,UNKNOWN
SUPPORTING,0.789,True,MIXED,SUSPECTED
CONTRADICTING,0.370,True,AMBIGUOUS,FALSE
NEUTRAL,0.223,True,CRIMINAL,UNKNOWN
SUPPORTING,0.952,True,CRIMINAL,CONFIRMED
SUPPORTING,0.799,True,MIXED,SUSPECTED
NEUTRAL,0.457,True,MIXED,UNKNOWN
SUPPORTING,0.869,True,CRIMINAL,CONFIRMED
SUPPORTING,0.820,True,AMBIGUOUS,SUSPECTED
SUPPORTING,0.853,True,CRIMINAL,CONFIRMED
NEUTRAL,0.435,True,LEGITIMATE,UNKNOWN
SUPPORTING,0.623,True,MIXED,SUSPECTED
SUPPORTING,0.847,True,CRIMINAL,CONFIRMED
NEUTRAL,0.441,True,MIXED,UNKNOWN
SUPPORTING,0.897,True,LEGITIMATE,CONFIRMED
NEUTRAL,0.465,True,MIXED,UNKNOWN
SUPPORTING,0.911,True,CRIMINAL,CONFIRMED
SUPPORTING,0.830,True,MIXED,SUSPECTED
SUPPORTING,0.808,True,LEGITIMATE,SUSPECTED
SUPPORTING,0.851,True,CRIMINAL,CONFIRMED
SUPPORTING,0.698,True,CRIMINAL,SUSPECTED
SUPPORTING,0.989,True,CRIMINAL,CONFIRMED
CONTRADICTING,0.234,True,MIXED,FALSE
NEUTRAL,0.255,True,LEGITIMATE,UNKNOWN
NEUTRAL,0.258,True,AMBIGUOUS,UNKNOWN
SUPPORTING,0.791,True,CRIMINAL,SUSPECTED
SUPPORTING,0.873,True,MIXED,CONFIRMED
CONTRADICTING,0.222,True,MIXED,FALSE
NEUTRAL,0.264,True,AMBIGUOUS,UNKNOWN
SUPPORTING,0.898,True,LEGITIMATE,CONFIRMED
SUPPORTING,0.592,True,CRIMINAL,SUSPECTED
CONTRADICTING,0.145,True,MIXED,FALSE
CONTRADICTING,0.401,True,CRIMINAL,FALSE
SUPPORTING,0.585,True,MIXED,SUSPECTED
SUPPORTING,0.634,True,MIXED,SUSPECTED
NEUTRAL,0.207,True,LEGITIMATE,UNKNOWN
CONTRADICTING,0.147,True,AMBIGUOUS,FALSE
SUPPORTING,0.604,True,CRIMINAL,SUSPECTED
SUPPORTING,0.906,True,CRIMINAL,CONFIRMED
SUPPORTING,0.797,True,CRIMINAL,SUSPECTED
SUPPORTING,0.961,True,CRIMINAL,CONFIRMED
SUPPORTING,0.966,True,MIXED,CONFIRMED
NEUTRAL,0.535,True,AMBIGUOUS,UNKNOWN
NEUTRAL,0.384,True,AMBIGUOUS,UNKNOWN
NEUTRAL,0.382,True,CRIMINAL,UNKNOWN
CONTRADICTING,0.303,True,MIXED,FALSE
SUPPORTING,0.770,True,LEGITIMATE,SUSPECTED
SUPPORTING,0.831,True,LEGITIMATE,SUSPECTED
SUPPORTING,0.731,True,CRIMINAL,SUSPECTED
SUPPORTING,0.852,True,CRIMINAL,SUSPECTED
NEUTRAL,0.260,True,LEGITIMATE,UNKNOWN
SUPPORTING,0.985,True,CRIMINAL,CONFIRMED
NEUTRAL,0.395,True,MIXED,UNKNOWN
SUPPORTING,0.851,True,CRIMINAL,CONFIRMED
SUPPORTING,0.710,True,CRIMINAL,SUSPECTED
NEUTRAL,0.358,True,CRIMINAL,UNKNOWN
CONTRADICTING,0.309,True,MIXED,FALSE
NEUTRAL,0.422,True,AMBIGUOUS,UNKNOWN
SUPPORTING,0.884,True,CRIMINAL,CONFIRMED
NEUTRAL,0.353,True,LEGITIMATE,UNKNOWN
SUPPORTING,0.985,True,CRIMINAL,CONFIRMED
NEUTRAL,0.314,True,LEGITIMATE,UNKNOWN
SUPPORTING,0.810,True,CRIMINAL,SUSPECTED
NEUTRAL,0.284,True,AMBIGUOUS,UNKNOWN
SUPPORTING,0.659,True,LEGITIMATE,SUSPECTED
SUPPORTING,0.686,True,MIXED,SUSPECTED
CONTRADICTING,0.302,True,AMBIGUOUS,FALSE
SUPPORTING,0.961,True,MIXED,CONFIRMED
CONTRADICTING,0.392,True,CRIMINAL,FALSE
SUPPORTING,0.919,True,AMBIGUOUS,CONFIRMED
SUPPORTING,0.978,True,MIXED,CONFIRMED
SUPPORTING,0.827,True,MIXED,CONFIRMED
SUPPORTING,0.682,True,AMBIGUOUS,SUSPECTED
SUPPORTING,0.643,True,CRIMINAL,SUSPECTED
SUPPORTING,0.883,True,MIXED,CONFIRMED
SUPPORTING,0.859,True,CRIMINAL,CONFIRMED
SUPPORTING,0.822,True,CRIMINAL,CONFIRMED
SUPPORTING,0.689,True,CRIMINAL,SUSPECTED
CONTRADICTING,0.223,True,LEGITIMATE,FALSE
CONTRADICTING,0.420,True,LEGITIMATE,FALSE
SUPPORTING,0.784,True,LEGITIMATE,SUSPECTED
SUPPORTING,0.661,True,CRIMINAL,SUSPECTED
SUPPORTING,0.954,True,LEGITIMATE,CONFIRMED
NEUTRAL,0.294,True,AMBIGUOUS,UNKNOWN
SUPPORTING,0.866,True,LEGITIMATE,CONFIRMED
SUPPORTING,0.656,True,AMBIGUOUS,SUSPECTED
SUPPORTING,0.680,True,MIXED,SUSPECTED
SUPPORTING,0.717,True,LEGITIMATE,SUSPECTED
SUPPORTING,0.751,True,LEGITIMATE,SUSPECTED
NEUTRAL,0.486,True,MIXED,UNKNOWN
CONTRADICTING,0.130,True,MIXED,FALSE
CONTRADICTING,0.357,True,LEGITIMATE,FALSE
SUPPORTING,0.834,True,CRIMINAL,CONFIRMED
SUPPORTING,0.614,True,MIXED,SUSPECTED
SUPPORTING,0.715,True,CRIMINAL,SUSPECTED
SUPPORTING,0.636,True,MIXED,SUSPECTED
NEUTRAL,0.383,True,CRIMINAL,UNKNOWN
SUPPORTING,0.906,True,CRIMINAL,CONFIRMED
CONTRADICTING,0.206,True,CRIMINAL,FALSE
SUPPORTING,0.760,True,MIXED,SUSPECTED
NEUTRAL,0.254,True,LEGITIMATE,UNKNOWN
NEUTRAL,0.337,True,LEGITIMATE,UNKNOWN
SUPPORTING,0.730,True,AMBIGUOUS,SUSPECTED
SUPPORTING,0.734,True,CRIMINAL,SUSPECTED
SUPPORTING,0.983,True,CRIMINAL,CONFIRMED
CONTRADICTING,0.252,True,LEGITIMATE,FALSE
SUPPORTING,0.643,True,LEGITIMATE,SUSPECTED
SUPPORTING,0.725,True,CRIMINAL,SUSPECTED
SUPPORTING,0.618,True,CRIMINAL,SUSPECTED
NEUTRAL,0.328,True,MIXED,UNKNOWN
CONTRADICTING,0.306,True,MIXED,FALSE
SUPPORTING,0.978,True,MIXED,CONFIRMED
NEUTRAL,0.218,True,CRIMINAL,UNKNOWN
SUPPORTING,0.796,True,MIXED,SUSPECTED
SUPPORTING,0.695,True,LEGITIMATE,SUSPECTED
NEUTRAL,0.457,True,MIXED,UNKNOWN
SUPPORTING,0.674,True,CRIMINAL,SUSPECTED
SUPPORTING,0.660,True,CRIMINAL,SUSPECTED
SUPPORTING,0.774,True,CRIMINAL,SUSPECTED
SUPPORTING,0.894,True,MIXED,CONFIRMED
SUPPORTING,0.947,True,CRIMINAL,CONFIRMED
NEUTRAL,0.393,True,AMBIGUOUS,UNKNOWN
SUPPORTING,0.841,True,CRIMINAL,CONFIRMED
SUPPORTING,0.980,True,AMBIGUOUS,CONFIRMED
CONTRADICTING,0.123,True,MIXED,FALSE
NEUTRAL,0.442,True,CRIMINAL,UNKNOWN
CONTRADICTING,0.339,True,LEGITIMATE,FALSE
NEUTRAL,0.375,True,CRIMINAL,UNKNOWN
SUPPORTING,0.749,True,MIXED,SUSPECTED
SUPPORTING,0.826,True,CRIMINAL,CONFIRMED
CONTRADICTING,0.212,True,CRIMINAL,FALSE
SUPPORTING,0.833,True,CRIMINAL,CONFIRMED
NEUTRAL,0.431,True,MIXED,UNKNOWN
SUPPORTING,0.771,True,CRIMINAL,SUSPECTED
SUPPORTING,0.833,True,CRIMINAL,CONFIRMED
SUPPORTING,0.776,True,AMBIGUOUS,SUSPECTED
SUPPORTING,0.722,True,LEGITIMATE,SUSPECTED
SUPPORTING,0.635,True,AMBIGUOUS,SUSPECTED
SUPPORTING,0.697,True,LEGITIMATE,SUSPECTED
NEUTRAL,0.212,True,LEGITIMATE,UNKNOWN
NEUTRAL,0.403,True,MIXED,UNKNOWN
NEUTRAL,0.435,True,MIXED,UNKNOWN
CONTRADICTING,0.406,True,LEGITIMATE,FALSE
SUPPORTING,0.752,True,CRIMINAL,SUSPECTED
SUPPORTING,0.965,True,AMBIGUOUS,CONFIRMED
SUPPORTING,0.846,True,AMBIGUOUS,CONFIRMED
SUPPORTING,0.743,True,CRIMINAL,SUSPECTED
SUPPORTING,0.981,True,CRIMINAL,CONFIRMED
NEUTRAL,0.465,True,CRIMINAL,UNKNOWN
SUPPORTING,0.651,True,MIXED,SUSPECTED
SUPPORTING,0.818,True,CRIMINAL,SUSPECTED
SUPPORTING,0.960,True,MIXED,CONFIRMED
SUPPORTING,0.953,True,CRIMINAL,CONFIRMED
SUPPORTING,0.820,True,CRIMINAL,SUSPECTED
CONTRADICTING,0.297,True,LEGITIMATE,FALSE
SUPPORTING,0.924,True,MIXED,CONFIRMED
CONTRADICTING,0.380,True,CRIMINAL,FALSE
SUPPORTING,0.687,True,CRIMINAL,SUSPECTED
SUPPORTING,0.786,True,CRIMINAL,SUSPECTED
NEUTRAL,0.435,True,AMBIGUOUS,UNKNOWN
SUPPORTING,0.672,True,MIXED,SUSPECTED
CONTRADICTING,0.382,True,AMBIGUOUS,FALSE
NEUTRAL,0.252,True,LEGITIMATE,UNKNOWN
SUPPORTING,0.635,True,MIXED,SUSPECTED
SUPPORTING,0.610,True,AMBIGUOUS,SUSPECTED
SUPPORTING,0.785,True,CRIMINAL,SUSPECTED
SUPPORTING,0.976,True,CRIMINAL,CONFIRMED
SUPPORTING,0.679,True,MIXED,SUSPECTED
SUPPORTING,0.796,True,AMBIGUOUS,SUSPECTED
CONTRADICTING,0.354,True,MIXED,FALSE
NEUTRAL,0.365,True,AMBIGUOUS,UNKNOWN
SUPPORTING,0.919,True,CRIMINAL,CONFIRMED
NEUTRAL,0.306,True,LEGITIMATE,UNKNOWN
SUPPORTING,0.905,True,CRIMINAL,CONFIRMED
SUPPORTING,0.597,True,LEGITIMATE,SUSPECTED
SUPPORTING,0.852,True,CRIMINAL,CONFIRMED
NEUTRAL,0.483,True,CRIMINAL,UNKNOWN
CONTRADICTING,0.273,True,CRIMINAL,FALSE
SUPPORTING,0.911,True,AMBIGUOUS,CONFIRMED
CONTRADICTING,0.346,True,CRIMINAL,FALSE
NEUTRAL,0.460,True,CRIMINAL,UNKNOWN
SUPPORTING,0.907,True,CRIMINAL,CONFIRMED
SUPPORTING,0.829,True,CRIMINAL,SUSPECTED
SUPPORTING,0.853,True,CRIMINAL,SUSPECTED
SUPPORTING,0.772,True,MIXED,SUSPECTED
SUPPORTING,0.972,True,CRIMINAL,CONFIRMED
CONTRADICTING,0.309,True,AMBIGUOUS,FALSE
NEUTRAL,0.451,True,MIXED,UNKNOWN
SUPPORTING,0.829,True,LEGITIMATE,SUSPECTED
NEUTRAL,0.465,True,AMBIGUOUS,UNKNOWN
NEUTRAL,0.413,True,CRIMINAL,UNKNOWN
CONTRADICTING,0.221,True,CRIMINAL,FALSE
NEUTRAL,0.356,True,CRIMINAL,UNKNOWN
SUPPORTING,0.640,True,LEGITIMATE,SUSPECTED
SUPPORTING,0.757,True,MIXED,SUSPECTED
SUPPORTING,0.614,True,CRIMINAL,SUSPECTED
NEUTRAL,0.371,True,LEGITIMATE,UNKNOWN
SUPPORTING,0.807,True,CRIMINAL,SUSPECTED
SUPPORTING,0.976,True,MIXED,CONFIRMED
SUPPORTING,0.610,True,CRIMINAL,SUSPECTED
SUPPORTING,0.722,True,MIXED,SUSPECTED
CONTRADICTING,0.120,True,LEGITIMATE,FALSE
SUPPORTING,0.831,True,LEGITIMATE,CONFIRMED
NEUTRAL,0.509,True,MIXED,UNKNOWN
SUPPORTING,0.885,True,CRIMINAL,CONFIRMED
CONTRADICTING,0.405,True,MIXED,FALSE
SUPPORTING,0.913,True,LEGITIMATE,CONFIRMED
SUPPORTING,0.937,True,CRIMINAL,CONFIRMED
NEUTRAL,0.516,True,AMBIGUOUS,UNKNOWN
SUPPORTING,0.656,True,LEGITIMATE,SUSPECTED
NEUTRAL,0.409,True,CRIMINAL,UNKNOWN
SUPPORTING,0.818,True,CRIMINAL,SUSPECTED
NEUTRAL,0.204,True,CRIMINAL,UNKNOWN
SUPPORTING,0.740,True,CRIMINAL,SUSPECTED
SUPPORTING,0.867,True,MIXED,CONFIRMED
CONTRADICTING,0.183,True,MIXED,FALSE
NEUTRAL,0.387,True,MIXED,UNKNOWN
SUPPORTING,0.971,True,LEGITIMATE,CONFIRMED
CONTRADICTING,0.401,True,AMBIGUOUS,FALSE
SUPPORTING,0.838,True,MIXED,CONFIRMED
SUPPORTING,0.600,True,CRIMINAL,SUSPECTED
SUPPORTING,0.866,True,MIXED,CONFIRMED
CONTRADICTING,0.334,True,LEGITIMATE,FALSE
NEUTRAL,0.221,True,CRIMINAL,UNKNOWN
NEUTRAL,0.316,True,CRIMINAL,UNKNOWN
NEUTRAL,0.394,True,MIXED,UNKNOWN
SUPPORTING,0.908,True,LEGITIMATE,CONFIRMED
NEUTRAL,0.505,True,MIXED,UNKNOWN
SUPPORTING,0.944,True,MIXED,CONFIRMED
SUPPORTING,0.721,True,MIXED,SUSPECTED
NEUTRAL,0.221,True,MIXED,UNKNOWN
CONTRADICTING,0.179,True,AMBIGUOUS,FALSE
SUPPORTING,0.884,True,AMBIGUOUS,CONFIRMED
SUPPORTING,0.860,True,MIXED,CONFIRMED
SUPPORTING,0.858,True,CRIMINAL,SUSPECTED
SUPPORTING,0.910,True,CRIMINAL,CONFIRMED
NEUTRAL,0.497,True,MIXED,UNKNOWN
SUPPORTING,0.869,True,CRIMINAL,CONFIRMED
NEUTRAL,0.289,True,AMBIGUOUS,UNKNOWN
NEUTRAL,0.298,True,CRIMINAL,UNKNOWN
NEUTRAL,0.378,True,MIXED,UNKNOWN
SUPPORTING,0.802,True,AMBIGUOUS,SUSPECTED
SUPPORTING,0.626,True,LEGITIMATE,SUSPECTED
SUPPORTING,0.949,True,CRIMINAL,CONFIRMED
NEUTRAL,0.214,True,AMBIGUOUS,UNKNOWN
CONTRADICTING,0.251,True,AMBIGUOUS,FALSE
SUPPORTING,0.807,True,AMBIGUOUS,SUSPECTED
SUPPORTING,0.743,True,MIXED,SUSPECTED
SUPPORTING,0.581,True,CRIMINAL,SUSPECTED
NEUTRAL,0.434,True,MIXED,UNKNOWN
SUPPORTING,0.915,True,CRIMINAL,CONFIRMED
NEUTRAL,0.348,True,MIXED,UNKNOWN
SUPPORTING,0.844,True,MIXED,SUSPECTED
SUPPORTING,0.737,True,AMBIGUOUS,SUSPECTED
SUPPORTING,0.823,True,CRIMINAL,CONFIRMED
SUPPORTING,0.876,True,CRIMINAL,CONFIRMED
SUPPORTING,0.910,True,CRIMINAL,CONFIRMED
SUPPORTING,0.709,True,CRIMINAL,SUSPECTED
SUPPORTING,0.951,True,CRIMINAL,CONFIRMED
SUPPORTING,0.835,True,LEGITIMATE,SUSPECTED
NEUTRAL,0.216,True,CRIMINAL,UNKNOWN
NEUTRAL,0.379,True,LEGITIMATE,UNKNOWN
NEUTRAL,0.417,True,AMBIGUOUS,UNKNOWN
NEUTRAL,0.343,True,AMBIGUOUS,UNKNOWN
CONTRADICTING,0.357,True,CRIMINAL,FALSE
SUPPORTING,0.921,True,MIXED,CONFIRMED
NEUTRAL,0.297,True,MIXED,UNKNOWN
NEUTRAL,0.377,True,CRIMINAL,UNKNOWN
SUPPORTING,0.941,True,MIXED,CONFIRMED
SUPPORTING,0.779,True,CRIMINAL,SUSPECTED
SUPPORTING,0.657,True,CRIMINAL,SUSPECTED
SUPPORTING,0.876,True,AMBIGUOUS,CONFIRMED
CONTRADICTING,0.260,True,MIXED,FALSE
CONTRADICTING,0.136,True,MIXED,FALSE
SUPPORTING,0.771,True,LEGITIMATE,SUSPECTED
NEUTRAL,0.237,True,AMBIGUOUS,UNKNOWN
CONTRADICTING,0.376,True,LEGITIMATE,FALSE
SUPPORTING,0.666,True,MIXED,SUSPECTED
SUPPORTING,0.597,True,CRIMINAL,SUSPECTED
SUPPORTING,0.929,True,CRIMINAL,CONFIRMED
SUPPORTING,0.651,True,LEGITIMATE,SUSPECTED
SUPPORTING,0.699,True,AMBIGUOUS,SUSPECTED
SUPPORTING,0.959,True,MIXED,CONFIRMED
SUPPORTING,0.878,True,CRIMINAL,CONFIRMED
SUPPORTING,0.831,True,CRIMINAL,CONFIRMED
NEUTRAL,0.338,True,AMBIGUOUS,UNKNOWN
NEUTRAL,0.481,True,MIXED,UNKNOWN
CONTRADICTING,0.206,True,AMBIGUOUS,FALSE
SUPPORTING,0.728,True,MIXED,SUSPECTED
SUPPORTING,0.618,True,CRIMINAL,SUSPECTED
SUPPORTING,0.645,True,CRIMINAL,SUSPECTED
SUPPORTING,0.849,True,CRIMINAL,SUSPECTED
SUPPORTING,0.628,True,LEGITIMATE,SUSPECTED
SUPPORTING,0.698,True,CRIMINAL,SUSPECTED
CONTRADICTING,0.404,True,CRIMINAL,FALSE
NEUTRAL,0.229,True,AMBIGUOUS,UNKNOWN
SUPPORTING,0.914,True,CRIMINAL,CONFIRMED
NEUTRAL,0.438,True,CRIMINAL,UNKNOWN
SUPPORTING,0.920,True,CRIMINAL,CONFIRMED
NEUTRAL,0.385,True,MIXED,UNKNOWN
SUPPORTING,0.750,True,CRIMINAL,SUSPECTED
SUPPORTING,0.600,True,CRIMINAL,SUSPECTED
SUPPORTING,0.785,True,MIXED,SUSPECTED
CONTRADICTING,0.404,True,CRIMINAL,FALSE
SUPPORTING,0.595,True,MIXED,SUSPECTED
SUPPORTING,0.625,True,CRIMINAL,SUSPECTED
SUPPORTING,0.669,True,CRIMINAL,SUSPECTED
SUPPORTING,0.746,True,AMBIGUOUS,SUSPECTED
SUPPORTING,0.975,True,LEGITIMATE,CONFIRMED
SUPPORTING,0.758,True,MIXED,SUSPECTED
SUPPORTING,0.936,True,CRIMINAL,CONFIRMED
NEUTRAL,0.428,True,CRIMINAL,UNKNOWN
CONTRADICTING,0.292,True,CRIMINAL,FALSE
SUPPORTING,0.598,True,CRIMINAL,SUSPECTED
CONTRADICTING,0.301,True,CRIMINAL,FALSE
SUPPORTING,0.842,True,CRIMINAL,CONFIRMED
NEUTRAL,0.449,True,CRIMINAL,UNKNOWN
NEUTRAL,0.424,True,CRIMINAL,UNKNOWN
CONTRADICTING,0.354,True,MIXED,FALSE
SUPPORTING,0.762,True,LEGITIMATE,SUSPECTED
SUPPORTING,0.781,True,LEGITIMATE,SUSPECTED
SUPPORTING,0.909,True,CRIMINAL,CONFIRMED
SUPPORTING,0.817,True,LEGITIMATE,SUSPECTED
CONTRADICTING,0.162,True,AMBIGUOUS,FALSE
SUPPORTING,0.931,True,LEGITIMATE,CONFIRMED
NEUTRAL,0.225,True,CRIMINAL,UNKNOWN
NEUTRAL,0.258,True,CRIMINAL,UNKNOWN
SUPPORTING,0.829,True,CRIMINAL,CONFIRMED
NEUTRAL,0.454,True,CRIMINAL,UNKNOWN
SUPPORTING,0.922,True,MIXED,CONFIRMED
CONTRADICTING,0.373,True,LEGITIMATE,FALSE
SUPPORTING,0.821,True,CRIMINAL,CONFIRMED
SUPPORTING,0.870,True,CRIMINAL,CONFIRMED
CONTRADICTING,0.300,True,LEGITIMATE,FALSE
NEUTRAL,0.532,True,MIXED,UNKNOWN
SUPPORTING,0.977,True,CRIMINAL,CONFIRMED
SUPPORTING,0.846,True,CRIMINAL,CONFIRMED
NEUTRAL,0.318,True,AMBIGUOUS,UNKNOWN
SUPPORTING,0.852,True,CRIMINAL,CONFIRMED
SUPPORTING,0.628,True,CRIMINAL,SUSPECTED
SUPPORTING,0.668,True,CRIMINAL,SUSPECTED
NEUTRAL,0.399,True,LEGITIMATE,UNKNOWN
CONTRADICTING,0.343,True,LEGITIMATE,FALSE
CONTRADICTING,0.191,True,MIXED,FALSE
SUPPORTING,0.983,True,CRIMINAL,CONFIRMED
NEUTRAL,0.444,True,MIXED,UNKNOWN
SUPPORTING,0.912,True,CRIMINAL,CONFIRMED
SUPPORTING,0.913,True,CRIMINAL,CONFIRMED
CONTRADICTING,0.187,True,MIXED,FALSE
SUPPORTING,0.609,True,AMBIGUOUS,SUSPECTED
SUPPORTING,0.963,True,MIXED,CONFIRMED
SUPPORTING,0.683,True,AMBIGUOUS,SUSPECTED
SUPPORTING,0.837,True,CRIMINAL,CONFIRMED
CONTRADICTING,0.318,True,CRIMINAL,FALSE
SUPPORTING,0.916,True,AMBIGUOUS,CONFIRMED
SUPPORTING,0.937,True,MIXED,CONFIRMED
NEUTRAL,0.439,True,AMBIGUOUS,UNKNOWN
CONTRADICTING,0.332,True,MIXED,FALSE
SUPPORTING,0.826,True,CRIMINAL,CONFIRMED
SUPPORTING,0.845,True,MIXED,CONFIRMED
SUPPORTING,0.847,True,CRIMINAL,SUSPECTED
NEUTRAL,0.536,True,AMBIGUOUS,UNKNOWN
CONTRADICTING,0.166,True,MIXED,FALSE
SUPPORTING,0.795,True,LEGITIMATE,SUSPECTED
CONTRADICTING,0.299,True,CRIMINAL,FALSE
CONTRADICTING,0.206,True,MIXED,FALSE
SUPPORTING,0.914,True,CRIMINAL,CONFIRMED
SUPPORTING,0.924,True,MIXED,CONFIRMED
NEUTRAL,0.394,True,MIXED,UNKNOWN
NEUTRAL,0.401,True,MIXED,UNKNOWN
NEUTRAL,0.475,True,CRIMINAL,UNKNOWN
SUPPORTING,0.648,True,MIXED,SUSPECTED
NEUTRAL,0.260,True,CRIMINAL,UNKNOWN
SUPPORTING,0.989,True,MIXED,CONFIRMED
SUPPORTING,0.756,True,CRIMINAL,SUSPECTED
NEUTRAL,0.258,True,AMBIGUOUS,UNKNOWN
CONTRADICTING,0.288,True,CRIMINAL,FALSE
SUPPORTING,0.939,True,AMBIGUOUS,CONFIRMED
SUPPORTING,0.688,True,AMBIGUOUS,SUSPECTED
SUPPORTING,0.843,True,CRIMINAL,SUSPECTED
CONTRADICTING,0.240,True,LEGITIMATE,FALSE
SUPPORTING,0.984,True,MIXED,CONFIRMED
NEUTRAL,0.455,True,AMBIGUOUS,UNKNOWN
CONTRADICTING,0.328,True,CRIMINAL,FALSE
CONTRADICTING,0.240,True,CRIMINAL,FALSE
SUPPORTING,0.896,True,LEGITIMATE,CONFIRMED
SUPPORTING,0.823,True,LEGITIMATE,SUSPECTED
SUPPORTING,0.857,True,LEGITIMATE,CONFIRMED
NEUTRAL,0.348,True,MIXED,UNKNOWN
NEUTRAL,0.334,True,CRIMINAL,UNKNOWN
SUPPORTING,0.852,True,CRIMINAL,CONFIRMED
NEUTRAL,0.375,True,CRIMINAL,UNKNOWN
SUPPORTING,0.827,True,CRIMINAL,SUSPECTED
SUPPORTING,0.827,True,MIXED,CONFIRMED
SUPPORTING,0.586,True,MIXED,SUSPECTED
SUPPORTING,0.758,True,CRIMINAL,SUSPECTED
SUPPORTING,0.720,True,MIXED,SUSPECTED
SUPPORTING,0.655,True,MIXED,SUSPECTED
SUPPORTING,0.636,True,MIXED,SUSPECTED
NEUTRAL,0.458,True,AMBIGUOUS,UNKNOWN
SUPPORTING,0.713,True,CRIMINAL,SUSPECTED
SUPPORTING,0.758,True,AMBIGUOUS,SUSPECTED
SUPPORTING,0.980,True,CRIMINAL,CONFIRMED
SUPPORTING,0.664,True,CRIMINAL,SUSPECTED
SUPPORTING,0.621,True,CRIMINAL,SUSPECTED
SUPPORTING,0.935,True,CRIMINAL,CONFIRMED
SUPPORTING,0.764,True,CRIMINAL,SUSPECTED
SUPPORTING,0.770,True,LEGITIMATE,SUSPECTED
SUPPORTING,0.756,True,AMBIGUOUS,SUSPECTED
CONTRADICTING,0.278,True,CRIMINAL,FALSE
CONTRADICTING,0.416,True,LEGITIMATE,FALSE
NEUTRAL,0.248,True,MIXED,UNKNOWN
SUPPORTING,0.913,True,AMBIGUOUS,CONFIRMED
SUPPORTING,0.772,True,MIXED,SUSPECTED
NEUTRAL,0.223,True,AMBIGUOUS,UNKNOWN
SUPPORTING,0.969,True,CRIMINAL,CONFIRMED
CONTRADICTING,0.211,True,MIXED,FALSE
CONTRADICTING,0.276,True,AMBIGUOUS,FALSE
SUPPORTING,0.813,True,AMBIGUOUS,SUSPECTED
SUPPORTING,0.929,True,AMBIGUOUS,CONFIRMED
CONTRADICTING,0.386,True,LEGITIMATE,FALSE
SUPPORTING,0.707,True,AMBIGUOUS,SUSPECTED
SUPPORTING,0.651,True,LEGITIMATE,SUSPECTED
SUPPORTING,0.911,True,CRIMINAL,CONFIRMED
NEUTRAL,0.266,True,AMBIGUOUS,UNKNOWN
SUPPORTING,0.859,True,CRIMINAL,SUSPECTED
SUPPORTING,0.951,True,AMBIGUOUS,CONFIRMED
NEUTRAL,0.235,True,MIXED,UNKNOWN
SUPPORTING,0.814,True,LEGITIMATE,SUSPECTED
SUPPORTING,0.853,True,LEGITIMATE,CONFIRMED
SUPPORTING,0.712,True,CRIMINAL,SUSPECTED
CONTRADICTING,0.186,True,LEGITIMATE,FALSE
NEUTRAL,0.217,True,AMBIGUOUS,UNKNOWN
SUPPORTING,0.599,True,CRIMINAL,SUSPECTED
NEUTRAL,0.408,True,AMBIGUOUS,UNKNOWN
SUPPORTING,0.724,True,AMBIGUOUS,SUSPECTED
CONTRADICTING,0.181,True,LEGITIMATE,FALSE
SUPPORTING,0.913,True,CRIMINAL,CONFIRMED
NEUTRAL,0.243,True,LEGITIMATE,UNKNOWN
SUPPORTING,0.771,True,MIXED,SUSPECTED
CONTRADICTING,0.247,True,CRIMINAL,FALSE
SUPPORTING,0.729,True,CRIMINAL,SUSPECTED
SUPPORTING,0.952,True,AMBIGUOUS,CONFIRMED
NEUTRAL,0.281,True,MIXED,UNKNOWN
CONTRADICTING,0.329,True,LEGITIMATE,FALSE
SUPPORTING,0.680,True,CRIMINAL,SUSPECTED
SUPPORTING,0.959,True,MIXED,CONFIRMED
SUPPORTING,0.682,True,MIXED,SUSPECTED
CONTRADICTING,0.134,True,LEGITIMATE,FALSE
NEUTRAL,0.423,True,LEGITIMATE,UNKNOWN
NEUTRAL,0.361,True,LEGITIMATE,UNKNOWN
NEUTRAL,0.240,True,MIXED,UNKNOWN
SUPPORTING,0.824,True,MIXED,SUSPECTED
NEUTRAL,0.201,True,CRIMINAL,UNKNOWN
SUPPORTING,0.943,True,AMBIGUOUS,CONFIRMED
SUPPORTING,0.907,True,LEGITIMATE,CONFIRMED
SUPPORTING,0.651,True,MIXED,SUSPECTED
SUPPORTING,0.859,True,CRIMINAL,CONFIRMED
SUPPORTING,0.683,True,MIXED,SUSPECTED
SUPPORTING,0.955,True,AMBIGUOUS,CONFIRMED
NEUTRAL,0.233,True,MIXED,UNKNOWN
SUPPORTING,0.683,True,AMBIGUOUS,SUSPECTED
SUPPORTING,0.630,True,CRIMINAL,SUSPECTED
SUPPORTING,0.670,True,CRIMINAL,SUSPECTED
NEUTRAL,0.370,True,MIXED,UNKNOWN
NEUTRAL,0.535,True,CRIMINAL,UNKNOWN
SUPPORTING,0.766,True,AMBIGUOUS,SUSPECTED
SUPPORTING,0.626,True,CRIMINAL,SUSPECTED
SUPPORTING,0.626,True,MIXED,SUSPECTED
SUPPORTING,0.897,True,CRIMINAL,CONFIRMED
SUPPORTING,0.812,True,LEGITIMATE,SUSPECTED
SUPPORTING,0.980,True,CRIMINAL,CONFIRMED
NEUTRAL,0.480,True,LEGITIMATE,UNKNOWN
SUPPORTING,0.911,True,MIXED,CONFIRMED
SUPPORTING,0.620,True,AMBIGUOUS,SUSPECTED
SUPPORTING,0.970,True,AMBIGUOUS,CONFIRMED
NEUTRAL,0.473,True,CRIMINAL,UNKNOWN
SUPPORTING,0.761,True,CRIMINAL,SUSPECTED
SUPPORTING,0.767,True,AMBIGUOUS,SUSPECTED
SUPPORTING,0.851,True,AMBIGUOUS,SUSPECTED
NEUTRAL,0.543,True,LEGITIMATE,UNKNOWN
NEUTRAL,0.220,True,AMBIGUOUS,UNKNOWN
SUPPORTING,0.842,True,CRIMINAL,CONFIRMED
SUPPORTING,0.889,True,MIXED,CONFIRMED
SUPPORTING,0.585,True,AMBIGUOUS,SUSPECTED
SUPPORTING,0.959,True,MIXED,CONFIRMED
NEUTRAL,0.336,True,AMBIGUOUS,UNKNOWN
SUPPORTING,0.856,True,MIXED,SUSPECTED
NEUTRAL,0.211,True,LEGITIMATE,UNKNOWN
CONTRADICTING,0.261,True,LEGITIMATE,FALSE
SUPPORTING,0.681,True,AMBIGUOUS,SUSPECTED
SUPPORTING,0.936,True,AMBIGUOUS,CONFIRMED
NEUTRAL,0.411,True,CRIMINAL,UNKNOWN
CONTRADICTING,0.127,True,AMBIGUOUS,FALSE
NEUTRAL,0.496,True,CRIMINAL,UNKNOWN
NEUTRAL,0.491,True,LEGITIMATE,UNKNOWN
CONTRADICTING,0.383,True,LEGITIMATE,FALSE
NEUTRAL,0.345,True,LEGITIMATE,UNKNOWN
SUPPORTING,0.868,True,LEGITIMATE,CONFIRMED
NEUTRAL,0.430,True,AMBIGUOUS,UNKNOWN
CONTRADICTING,0.171,True,AMBIGUOUS,FALSE
SUPPORTING,0.680,True,CRIMINAL,SUSPECTED
SUPPORTING,0.706,True,MIXED,SUSPECTED
SUPPORTING,0.847,True,MIXED,SUSPECTED
SUPPORTING,0.828,True,MIXED,CONFIRMED
SUPPORTING,0.775,True,CRIMINAL,SUSPECTED
CONTRADICTING,0.378,True,LEGITIMATE,FALSE
SUPPORTING,0.584,True,AMBIGUOUS,SUSPECTED
CONTRADICTING,0.208,True,LEGITIMATE,FALSE
NEUTRAL,0.301,True,LEGITIMATE,UNKNOWN
SUPPORTING,0.847,True,CRIMINAL,CONFIRMED
SUPPORTING,0.637,True,MIXED,SUSPECTED
SUPPORTING,0.783,True,AMBIGUOUS,SUSPECTED
SUPPORTING,0.761,True,CRIMINAL,SUSPECTED
SUPPORTING,0.967,True,CRIMINAL,CONFIRMED
SUPPORTING,0.799,True,CRIMINAL,SUSPECTED
SUPPORTING,0.584,True,AMBIGUOUS,SUSPECTED
SUPPORTING,0.930,True,CRIMINAL,CONFIRMED
NEUTRAL,0.263,True,AMBIGUOUS,UNKNOWN
SUPPORTING,0.856,True,CRIMINAL,CONFIRMED
NEUTRAL,0.273,True,CRIMINAL,UNKNOWN
CONTRADICTING,0.275,True,MIXED,FALSE
SUPPORTING,0.741,True,MIXED,SUSPECTED
SUPPORTING,0.936,True,CRIMINAL,CONFIRMED
SUPPORTING,0.865,True,LEGITIMATE,CONFIRMED
SUPPORTING,0.719,True,CRIMINAL,SUSPECTED
SUPPORTING,0.848,True,CRIMINAL,SUSPECTED
SUPPORTING,0.736,True,LEGITIMATE,SUSPECTED
NEUTRAL,0.464,True,CRIMINAL,UNKNOWN
SUPPORTING,0.921,True,AMBIGUOUS,CONFIRMED
SUPPORTING,0.948,True,CRIMINAL,CONFIRMED
SUPPORTING,0.845,True,AMBIGUOUS,CONFIRMED
SUPPORTING,0.922,True,LEGITIMATE,CONFIRMED
SUPPORTING,0.726,True,MIXED,SUSPECTED
SUPPORTING,0.756,True,LEGITIMATE,SUSPECTED
SUPPORTING,0.696,True,MIXED,SUSPECTED
SUPPORTING,0.744,True,CRIMINAL,SUSPECTED
SUPPORTING,0.873,True,AMBIGUOUS,CONFIRMED
CONTRADICTING,0.239,True,CRIMINAL,FALSE
SUPPORTING,0.682,True,CRIMINAL,SUSPECTED
NEUTRAL,0.506,True,CRIMINAL,UNKNOWN
SUPPORTING,0.984,True,MIXED,CONFIRMED
SUPPORTING,0.846,True,CRIMINAL,CONFIRMED
NEUTRAL,0.390,True,AMBIGUOUS,UNKNOWN
NEUTRAL,0.326,True,CRIMINAL,UNKNOWN
NEUTRAL,0.327,True,CRIMINAL,UNKNOWN
SUPPORTING,0.726,True,CRIMINAL,SUSPECTED
NEUTRAL,0.272,True,CRIMINAL,UNKNOWN
CONTRADICTING,0.384,True,MIXED,FALSE
SUPPORTING,0.956,True,CRIMINAL,CONFIRMED
SUPPORTING,0.632,True,CRIMINAL,SUSPECTED
SUPPORTING,0.642,True,AMBIGUOUS,SUSPECTED
SUPPORTING,0.807,True,MIXED,SUSPECTED
NEUTRAL,0.492,True,CRIMINAL,UNKNOWN
SUPPORTING,0.632,True,LEGITIMATE,SUSPECTED
SUPPORTING,0.590,True,CRIMINAL,SUSPECTED
SUPPORTING,0.657,True,MIXED,SUSPECTED
NEUTRAL,0.221,True,LEGITIMATE,UNKNOWN
SUPPORTING,0.796,True,MIXED,SUSPECTED
NEUTRAL,0.275,True,AMBIGUOUS,UNKNOWN
SUPPORTING,0.851,True,LEGITIMATE,SUSPECTED
SUPPORTING,0.866,True,LEGITIMATE,CONFIRMED
SUPPORTING,0.748,True,CRIMINAL,SUSPECTED
SUPPORTING,0.857,True,CRIMINAL,SUSPECTED
SUPPORTING,0.595,True,LEGITIMATE,SUSPECTED
SUPPORTING,0.954,True,AMBIGUOUS,CONFIRMED
CONTRADICTING,0.299,True,LEGITIMATE,FALSE
NEUTRAL,0.458,True,CRIMINAL,UNKNOWN
SUPPORTING,0.726,True,CRIMINAL,SUSPECTED
CONTRADICTING,0.297,True,CRIMINAL,FALSE
SUPPORTING,0.752,True,AMBIGUOUS,SUSPECTED
SUPPORTING,0.692,True,MIXED,SUSPECTED
SUPPORTING,0.815,True,AMBIGUOUS,SUSPECTED
SUPPORTING,0.698,True,CRIMINAL,SUSPECTED
SUPPORTING,0.853,True,MIXED,SUSPECTED
CONTRADICTING,0.229,True,AMBIGUOUS,FALSE
NEUTRAL,0.312,True,CRIMINAL,UNKNOWN
NEUTRAL,0.320,True,AMBIGUOUS,UNKNOWN
SUPPORTING,0.928,True,MIXED,CONFIRMED
NEUTRAL,0.302,True,CRIMINAL,UNKNOWN
SUPPORTING,0.767,True,MIXED,SUSPECTED
NEUTRAL,0.296,True,AMBIGUOUS,UNKNOWN
NEUTRAL,0.282,True,CRIMINAL,UNKNOWN
NEUTRAL,0.401,True,AMBIGUOUS,UNKNOWN
CONTRADICTING,0.190,True,CRIMINAL,FALSE
SUPPORTING,0.911,True,MIXED,CONFIRMED
SUPPORTING,0.979,True,CRIMINAL,CONFIRMED
SUPPORTING,0.905,True,CRIMINAL,CONFIRMED
CONTRADICTING,0.336,True,LEGITIMATE,FALSE
CONTRADICTING,0.386,True,LEGITIMATE,FALSE
SUPPORTING,0.741,True,CRIMINAL,SUSPECTED
SUPPORTING,0.831,True,LEGITIMATE,SUSPECTED
SUPPORTING,0.891,True,CRIMINAL,CONFIRMED
NEUTRAL,0.241,True,LEGITIMATE,UNKNOWN
CONTRADICTING,0.232,True,MIXED,FALSE
CONTRADICTING,0.356,True,CRIMINAL,FALSE
SUPPORTING,0.829,True,MIXED,SUSPECTED
NEUTRAL,0.477,True,AMBIGUOUS,UNKNOWN
NEUTRAL,0.517,True,CRIMINAL,UNKNOWN
CONTRADICTING,0.349,True,CRIMINAL,FALSE
NEUTRAL,0.432,True,AMBIGUOUS,UNKNOWN
SUPPORTING,0.951,True,LEGITIMATE,CONFIRMED
CONTRADICTING,0.177,True,CRIMINAL,FALSE
NEUTRAL,0.548,True,LEGITIMATE,UNKNOWN
NEUTRAL,0.495,True,AMBIGUOUS,UNKNOWN
NEUTRAL,0.234,True,AMBIGUOUS,UNKNOWN
SUPPORTING,0.674,True,MIXED,SUSPECTED
NEUTRAL,0.382,True,MIXED,UNKNOWN
SUPPORTING,0.739,True,LEGITIMATE,SUSPECTED
CONTRADICTING,0.288,True,CRIMINAL,FALSE
NEUTRAL,0.262,True,AMBIGUOUS,UNKNOWN
SUPPORTING,0.912,True,LEGITIMATE,CONFIRMED
CONTRADICTING,0.334,True,MIXED,FALSE
CONTRADICTING,0.208,True,CRIMINAL,FALSE
SUPPORTING,0.941,True,CRIMINAL,CONFIRMED
SUPPORTING,0.933,True,CRIMINAL,CONFIRMED
NEUTRAL,0.349,True,AMBIGUOUS,UNKNOWN
SUPPORTING,0.693,True,MIXED,SUSPECTED
SUPPORTING,0.726,True,CRIMINAL,SUSPECTED
SUPPORTING,0.798,True,AMBIGUOUS,SUSPECTED
SUPPORTING,0.814,True,CRIMINAL,SUSPECTED
SUPPORTING,0.982,True,MIXED,CONFIRMED
NEUTRAL,0.485,True,LEGITIMATE,UNKNOWN
CONTRADICTING,0.200,True,CRIMINAL,FALSE
SUPPORTING,0.947,True,MIXED,CONFIRMED
SUPPORTING,0.790,True,CRIMINAL,SUSPECTED
CONTRADICTING,0.170,True,LEGITIMATE,FALSE
SUPPORTING,0.618,True,CRIMINAL,SUSPECTED
NEUTRAL,0.236,True,MIXED,UNKNOWN
NEUTRAL,0.506,True,MIXED,UNKNOWN
SUPPORTING,0.722,True,MIXED,SUSPECTED
NEUTRAL,0.311,True,LEGITIMATE,UNKNOWN
SUPPORTING,0.640,True,MIXED,SUSPECTED
SUPPORTING,0.787,True,AMBIGUOUS,SUSPECTED
CONTRADICTING,0.206,True,MIXED,FALSE
NEUTRAL,0.296,True,AMBIGUOUS,UNKNOWN
SUPPORTING,0.639,True,AMBIGUOUS,SUSPECTED
SUPPORTING,0.815,True,LEGITIMATE,SUSPECTED
NEUTRAL,0.278,True,AMBIGUOUS,UNKNOWN
SUPPORTING,0.602,True,CRIMINAL,SUSPECTED
CONTRADICTING,0.170,True,MIXED,FALSE
NEUTRAL,0.387,True,LEGITIMATE,UNKNOWN
SUPPORTING,0.607,True,AMBIGUOUS,SUSPECTED
NEUTRAL,0.291,True,LEGITIMATE,UNKNOWN
SUPPORTING,0.670,True,AMBIGUOUS,SUSPECTED
SUPPORTING,0.911,True,CRIMINAL,CONFIRMED
SUPPORTING,0.682,True,CRIMINAL,SUSPECTED
CONTRADICTING,0.315,True,AMBIGUOUS,FALSE
SUPPORTING,0.875,True,CRIMINAL,CONFIRMED
SUPPORTING,0.615,True,CRIMINAL,SUSPECTED
SUPPORTING,0.873,True,CRIMINAL,CONFIRMED
SUPPORTING,0.982,True,LEGITIMATE,CONFIRMED
NEUTRAL,0.535,True,CRIMINAL,UNKNOWN
CONTRADICTING,0.354,True,LEGITIMATE,FALSE
SUPPORTING,0.833,True,CRIMINAL,CONFIRMED
NEUTRAL,0.367,True,AMBIGUOUS,UNKNOWN
CONTRADICTING,0.128,True,MIXED,FALSE
SUPPORTING,0.848,True,AMBIGUOUS,CONFIRMED
SUPPORTING,0.969,True,CRIMINAL,CONFIRMED
CONTRADICTING,0.251,True,MIXED,FALSE
CONTRADICTING,0.406,True,MIXED,FALSE
CONTRADICTING,0.173,True,LEGITIMATE,FALSE
NEUTRAL,0.334,True,LEGITIMATE,UNKNOWN
CONTRADICTING,0.315,True,MIXED,FALSE
SUPPORTING,0.747,True,MIXED,SUSPECTED
CONTRADICTING,0.225,True,MIXED,FALSE
CONTRADICTING,0.253,True,LEGITIMATE,FALSE
NEUTRAL,0.433,True,AMBIGUOUS,UNKNOWN
CONTRADICTING,0.309,True,CRIMINAL,FALSE
NEUTRAL,0.465,True,CRIMINAL,UNKNOWN
SUPPORTING,0.671,True,LEGITIMATE,SUSPECTED
CONTRADICTING,0.316,True,MIXED,FALSE
SUPPORTING,0.918,True,LEGITIMATE,CONFIRMED
CONTRADICTING,0.130,True,CRIMINAL,FALSE
NEUTRAL,0.241,True,CRIMINAL,UNKNOWN
CONTRADICTING,0.281,True,CRIMINAL,FALSE
SUPPORTING,0.739,True,CRIMINAL,SUSPECTED
NEUTRAL,0.335,True,LEGITIMATE,UNKNOWN
NEUTRAL,0.294,True,MIXED,UNKNOWN
NEUTRAL,0.339,True,AMBIGUOUS,UNKNOWN
SUPPORTING,0.864,True,CRIMINAL,CONFIRMED
SUPPORTING,0.736,True,CRIMINAL,SUSPECTED
NEUTRAL,0.265,True,MIXED,UNKNOWN
NEUTRAL,0.522,True,LEGITIMATE,UNKNOWN
SUPPORTING,0.766,True,CRIMINAL,SUSPECTED
SUPPORTING,0.653,True,MIXED,SUSPECTED
SUPPORTING,0.706,True,CRIMINAL,SUSPECTED
SUPPORTING,0.907,True,AMBIGUOUS,CONFIRMED
SUPPORTING,0.708,True,AMBIGUOUS,SUSPECTED
NEUTRAL,0.437,True,LEGITIMATE,UNKNOWN
SUPPORTING,0.690,True,MIXED,SUSPECTED
SUPPORTING,0.641,True,CRIMINAL,SUSPECTED
SUPPORTING,0.844,True,CRIMINAL,CONFIRMED
SUPPORTING,0.616,True,CRIMINAL,SUSPECTED
NEUTRAL,0.243,True,MIXED,UNKNOWN
CONTRADICTING,0.151,True,AMBIGUOUS,FALSE
NEUTRAL,0.277,True,CRIMINAL,UNKNOWN
CONTRADICTING,0.242,True,LEGITIMATE,FALSE
NEUTRAL,0.379,True,CRIMINAL,UNKNOWN
SUPPORTING,0.665,True,AMBIGUOUS,SUSPECTED
SUPPORTING,0.893,True,LEGITIMATE,CONFIRMED
SUPPORTING,0.592,True,CRIMINAL,SUSPECTED
NEUTRAL,0.349,True,LEGITIMATE,UNKNOWN
NEUTRAL,0.545,True,CRIMINAL,UNKNOWN
CONTRADICTING,0.165,True,LEGITIMATE,FALSE
SUPPORTING,0.909,True,CRIMINAL,CONFIRMED
NEUTRAL,0.324,True,MIXED,UNKNOWN
NEUTRAL,0.340,True,MIXED,UNKNOWN
SUPPORTING,0.691,True,CRIMINAL,SUSPECTED
NEUTRAL,0.386,True,CRIMINAL,UNKNOWN
SUPPORTING,0.844,True,MIXED,CONFIRMED
NEUTRAL,0.506,True,MIXED,UNKNOWN
SUPPORTING,0.936,True,CRIMINAL,CONFIRMED
NEUTRAL,0.232,True,MIXED,UNKNOWN
SUPPORTING,0.674,True,LEGITIMATE,SUSPECTED
NEUTRAL,0.409,True,AMBIGUOUS,UNKNOWN
SUPPORTING,0.876,True,CRIMINAL,CONFIRMED
SUPPORTING,0.851,True,CRIMINAL,CONFIRMED
SUPPORTING,0.918,True,CRIMINAL,CONFIRMED
SUPPORTING,0.622,True,AMBIGUOUS,SUSPECTED
NEUTRAL,0.254,True,AMBIGUOUS,UNKNOWN
SUPPORTING,0.881,True,AMBIGUOUS,CONFIRMED
NEUTRAL,0.524,True,CRIMINAL,UNKNOWN
CONTRADICTING,0.259,True,AMBIGUOUS,FALSE
SUPPORTING,0.740,True,MIXED,SUSPECTED
NEUTRAL,0.225,True,AMBIGUOUS,UNKNOWN
SUPPORTING,0.738,True,AMBIGUOUS,SUSPECTED
SUPPORTING,0.871,True,CRIMINAL,CONFIRMED
NEUTRAL,0.461,True,LEGITIMATE,UNKNOWN
SUPPORTING,0.988,True,CRIMINAL,CONFIRMED
SUPPORTING,0.625,True,CRIMINAL,SUSPECTED
CONTRADICTING,0.167,True,MIXED,FALSE
CONTRADICTING,0.197,True,CRIMINAL,FALSE
SUPPORTING,0.969,True,MIXED,CONFIRMED
SUPPORTING,0.862,True,CRIMINAL,CONFIRMED
SUPPORTING,0.864,True,CRIMINAL,CONFIRMED
NEUTRAL,0.228,True,CRIMINAL,UNKNOWN
SUPPORTING,0.744,True,CRIMINAL,SUSPECTED
NEUTRAL,0.487,True,CRIMINAL,UNKNOWN
NEUTRAL,0.460,True,CRIMINAL,UNKNOWN
SUPPORTING,0.696,True,MIXED,SUSPECTED
SUPPORTING,0.720,True,MIXED,SUSPECTED
SUPPORTING,0.848,True,CRIMINAL,CONFIRMED
NEUTRAL,0.368,True,CRIMINAL,UNKNOWN
NEUTRAL,0.534,True,CRIMINAL,UNKNOWN
CONTRADICTING,0.349,True,MIXED,FALSE
SUPPORTING,0.840,True,LEGITIMATE,CONFIRMED
SUPPORTING,0.888,True,MIXED,CONFIRMED
SUPPORTING,0.976,True,CRIMINAL,CONFIRMED
NEUTRAL,0.238,True,MIXED,UNKNOWN
CONTRADICTING,0.238,True,LEGITIMATE,FALSE
SUPPORTING,0.594,True,CRIMINAL,SUSPECTED
SUPPORTING,0.853,True,LEGITIMATE,CONFIRMED
SUPPORTING,0.738,True,MIXED,SUSPECTED
NEUTRAL,0.428,True,CRIMINAL,UNKNOWN
CONTRADICTING,0.208,True,CRIMINAL,FALSE
SUPPORTING,0.828,True,CRIMINAL,CONFIRMED
NEUTRAL,0.444,True,CRIMINAL,UNKNOWN
SUPPORTING,0.776,True,MIXED,SUSPECTED
CONTRADICTING,0.183,True,LEGITIMATE,FALSE
SUPPORTING,0.824,True,CRIMINAL,SUSPECTED
SUPPORTING,0.712,True,MIXED,SUSPECTED
SUPPORTING,0.675,True,MIXED,SUSPECTED
CONTRADICTING,0.355,True,LEGITIMATE,FALSE
SUPPORTING,0.890,True,LEGITIMATE,CONFIRMED
SUPPORTING,0.855,True,CRIMINAL,CONFIRMED
SUPPORTING,0.949,True,AMBIGUOUS,CONFIRMED
SUPPORTING,0.877,True,CRIMINAL,CONFIRMED
NEUTRAL,0.409,True,LEGITIMATE,UNKNOWN
NEUTRAL,0.530,True,MIXED,UNKNOWN
SUPPORTING,0.819,True,LEGITIMATE,SUSPECTED
NEUTRAL,0.224,True,MIXED,UNKNOWN
SUPPORTING,0.936,True,CRIMINAL,CONFIRMED
NEUTRAL,0.323,True,LEGITIMATE,UNKNOWN
SUPPORTING,0.916,True,MIXED,CONFIRMED
NEUTRAL,0.366,True,AMBIGUOUS,UNKNOWN
NEUTRAL,0.334,True,LEGITIMATE,UNKNOWN
NEUTRAL,0.382,True,AMBIGUOUS,UNKNOWN
SUPPORTING,0.794,True,AMBIGUOUS,SUSPECTED
CONTRADICTING,0.133,True,CRIMINAL,FALSE
SUPPORTING,0.722,True,AMBIGUOUS,SUSPECTED
SUPPORTING,0.714,True,CRIMINAL,SUSPECTED
SUPPORTING,0.884,True,CRIMINAL,CONFIRMED
NEUTRAL,0.296,True,CRIMINAL,UNKNOWN
SUPPORTING,0.712,True,CRIMINAL,SUSPECTED
SUPPORTING,0.834,True,CRIMINAL,SUSPECTED
SUPPORTING,0.965,True,CRIMINAL,CONFIRMED
SUPPORTING,0.830,True,LEGITIMATE,SUSPECTED
SUPPORTING,0.853,True,AMBIGUOUS,SUSPECTED
SUPPORTING,0.727,True,CRIMINAL,SUSPECTED
SUPPORTING,0.921,True,CRIMINAL,CONFIRMED
SUPPORTING,0.935,True,AMBIGUOUS,CONFIRMED
SUPPORTING,0.849,True,CRIMINAL,CONFIRMED
SUPPORTING,0.928,True,CRIMINAL,CONFIRMED
CONTRADICTING,0.343,True,LEGITIMATE,FALSE
NEUTRAL,0.348,True,LEGITIMATE,UNKNOWN
SUPPORTING,0.737,True,MIXED,SUSPECTED
SUPPORTING,0.837,True,CRIMINAL,CONFIRMED
NEUTRAL,0.501,True,LEGITIMATE,UNKNOWN
NEUTRAL,0.411,True,AMBIGUOUS,UNKNOWN
SUPPORTING,0.673,True,AMBIGUOUS,SUSPECTED
CONTRADICTING,0.235,True,LEGITIMATE,FALSE
SUPPORTING,0.832,True,AMBIGUOUS,SUSPECTED
SUPPORTING,0.859,True,CRIMINAL,CONFIRMED
NEUTRAL,0.447,True,AMBIGUOUS,UNKNOWN
SUPPORTING,0.925,True,MIXED,CONFIRMED
CONTRADICTING,0.394,True,LEGITIMATE,FALSE
SUPPORTING,0.605,True,LEGITIMATE,SUSPECTED
SUPPORTING,0.641,True,LEGITIMATE,SUSPECTED
NEUTRAL,0.241,True,AMBIGUOUS,UNKNOWN
CONTRADICTING,0.231,True,MIXED,FALSE
SUPPORTING,0.750,True,LEGITIMATE,SUSPECTED
SUPPORTING,0.914,True,CRIMINAL,CONFIRMED
SUPPORTING,0.815,True,CRIMINAL,SUSPECTED
SUPPORTING,0.649,True,CRIMINAL,SUSPECTED
NEUTRAL,0.269,True,AMBIGUOUS,UNKNOWN
NEUTRAL,0.363,True,LEGITIMATE,UNKNOWN
SUPPORTING,0.859,True,MIXED,SUSPECTED
SUPPORTING,0.646,True,CRIMINAL,SUSPECTED
CONTRADICTING,0.231,True,LEGITIMATE,FALSE
CONTRADICTING,0.283,True,CRIMINAL,FALSE
SUPPORTING,0.854,True,MIXED,CONFIRMED
NEUTRAL,0.354,True,AMBIGUOUS,UNKNOWN
SUPPORTING,0.959,True,CRIMINAL,CONFIRMED
SUPPORTING,0.610,True,CRIMINAL,SUSPECTED
NEUTRAL,0.259,True,LEGITIMATE,UNKNOWN
SUPPORTING,0.737,True,MIXED,SUSPECTED
SUPPORTING,0.934,True,CRIMINAL,CONFIRMED
NEUTRAL,0.211,True,LEGITIMATE,UNKNOWN
NEUTRAL,0.510,True,AMBIGUOUS,UNKNOWN
SUPPORTING,0.757,True,AMBIGUOUS,SUSPECTED
SUPPORTING,0.964,True,CRIMINAL,CONFIRMED
SUPPORTING,0.912,True,CRIMINAL,CONFIRMED
SUPPORTING,0.862,True,CRIMINAL,CONFIRMED
NEUTRAL,0.299,True,LEGITIMATE,UNKNOWN
NEUTRAL,0.209,True,CRIMINAL,UNKNOWN
SUPPORTING,0.856,True,CRIMINAL,SUSPECTED
SUPPORTING,0.922,True,CRIMINAL,CONFIRMED
SUPPORTING,0.742,True,CRIMINAL,SUSPECTED
SUPPORTING,0.968,True,CRIMINAL,CONFIRMED
SUPPORTING,0.730,True,CRIMINAL,SUSPECTED
SUPPORTING,0.911,True,CRIMINAL,CONFIRMED
CONTRADICTING,0.150,True,MIXED,FALSE
SUPPORTING,0.585,True,MIXED,SUSPECTED
SUPPORTING,0.618,True,CRIMINAL,SUSPECTED
NEUTRAL,0.306,True,MIXED,UNKNOWN
SUPPORTING,0.910,True,CRIMINAL,CONFIRMED
SUPPORTING,0.835,True,AMBIGUOUS,CONFIRMED
SUPPORTING,0.613,True,MIXED,SUSPECTED
NEUTRAL,0.222,True,CRIMINAL,UNKNOWN
SUPPORTING,0.954,True,MIXED,CONFIRMED
SUPPORTING,0.836,True,CRIMINAL,CONFIRMED
SUPPORTING,0.608,True,MIXED,SUSPECTED
NEUTRAL,0.503,True,CRIMINAL,UNKNOWN
SUPPORTING,0.961,True,AMBIGUOUS,CONFIRMED
CONTRADICTING,0.157,True,LEGITIMATE,FALSE
SUPPORTING,0.879,True,CRIMINAL,CONFIRMED
SUPPORTING,0.782,True,CRIMINAL,SUSPECTED
SUPPORTING,0.638,True,LEGITIMATE,SUSPECTED
CONTRADICTING,0.174,True,LEGITIMATE,FALSE
SUPPORTING,0.863,True,MIXED,CONFIRMED
NEUTRAL,0.319,True,AMBIGUOUS,UNKNOWN
SUPPORTING,0.877,True,AMBIGUOUS,CONFIRMED
SUPPORTING,0.764,True,AMBIGUOUS,SUSPECTED
NEUTRAL,0.271,True,MIXED,UNKNOWN
CONTRADICTING,0.290,True,MIXED,FALSE
SUPPORTING,0.599,True,CRIMINAL,SUSPECTED
NEUTRAL,0.374,True,CRIMINAL,UNKNOWN
NEUTRAL,0.279,True,AMBIGUOUS,UNKNOWN
SUPPORTING,0.712,True,CRIMINAL,SUSPECTED
SUPPORTING,0.986,True,CRIMINAL,CONFIRMED
NEUTRAL,0.233,True,CRIMINAL,UNKNOWN
SUPPORTING,0.625,True,MIXED,SUSPECTED
CONTRADICTING,0.271,True,LEGITIMATE,FALSE
NEUTRAL,0.253,True,CRIMINAL,UNKNOWN
SUPPORTING,0.595,True,MIXED,SUSPECTED
SUPPORTING,0.856,True,MIXED,CONFIRMED
CONTRADICTING,0.172,True,LEGITIMATE,FALSE
SUPPORTING,0.848,True,LEGITIMATE,CONFIRMED
SUPPORTING,0.938,True,CRIMINAL,CONFIRMED
CONTRADICTING,0.166,True,CRIMINAL,FALSE
SUPPORTING,0.651,True,AMBIGUOUS,SUSPECTED
SUPPORTING,0.620,True,LEGITIMATE,SUSPECTED
SUPPORTING,0.977,True,CRIMINAL,CONFIRMED
NEUTRAL,0.341,True,AMBIGUOUS,UNKNOWN
NEUTRAL,0.336,True,AMBIGUOUS,UNKNOWN
SUPPORTING,0.613,True,CRIMINAL,SUSPECTED
SUPPORTING,0.875,True,LEGITIMATE,CONFIRMED
NEUTRAL,0.514,True,MIXED,UNKNOWN
SUPPORTING,0.769,True,CRIMINAL,SUSPECTED
NEUTRAL,0.225,True,CRIMINAL,UNKNOWN
SUPPORTING,0.590,True,CRIMINAL,SUSPECTED
SUPPORTING,0.811,True,MIXED,SUSPECTED
NEUTRAL,0.479,True,AMBIGUOUS,UNKNOWN
SUPPORTING,0.863,True,CRIMINAL,CONFIRMED
NEUTRAL,0.235,True,CRIMINAL,UNKNOWN
SUPPORTING,0.968,True,MIXED,CONFIRMED
NEUTRAL,0.465,True,LEGITIMATE,UNKNOWN
NEUTRAL,0.415,True,CRIMINAL,UNKNOWN
SUPPORTING,0.601,True,AMBIGUOUS,SUSPECTED
NEUTRAL,0.391,True,MIXED,UNKNOWN
CONTRADICTING,0.196,True,MIXED,FALSE
SUPPORTING,0.586,True,MIXED,SUSPECTED
CONTRADICTING,0.393,True,CRIMINAL,FALSE
SUPPORTING,0.814,True,MIXED,SUSPECTED
CONTRADICTING,0.220,True,CRIMINAL,FALSE
CONTRADICTING,0.149,True,LEGITIMATE,FALSE
NEUTRAL,0.379,True,LEGITIMATE,UNKNOWN
CONTRADICTING,0.252,True,AMBIGUOUS,FALSE
SUPPORTING,0.829,True,CRIMINAL,CONFIRMED
NEUTRAL,0.241,True,MIXED,UNKNOWN
SUPPORTING,0.658,True,CRIMINAL,SUSPECTED
NEUTRAL,0.281,True,CRIMINAL,UNKNOWN
CONTRADICTING,0.406,True,MIXED,FALSE
SUPPORTING,0.966,True,LEGITIMATE,CONFIRMED
NEUTRAL,0.288,True,MIXED,UNKNOWN
SUPPORTING,0.833,True,CRIMINAL,SUSPECTED
SUPPORTING,0.668,True,LEGITIMATE,SUSPECTED
SUPPORTING,0.872,True,MIXED,CONFIRMED
NEUTRAL,0.512,True,CRIMINAL,UNKNOWN
SUPPORTING,0.773,True,MIXED,SUSPECTED
SUPPORTING,0.786,True,MIXED,SUSPECTED
SUPPORTING,0.793,True,MIXED,SUSPECTED
CONTRADICTING,0.215,True,MIXED,FALSE
SUPPORTING,0.827,True,CRIMINAL,SUSPECTED
NEUTRAL,0.235,True,CRIMINAL,UNKNOWN
SUPPORTING,0.951,True,CRIMINAL,CONFIRMED
SUPPORTING,0.950,True,CRIMINAL,CONFIRMED
SUPPORTING,0.621,True,CRIMINAL,SUSPECTED
NEUTRAL,0.394,True,MIXED,UNKNOWN
CONTRADICTING,0.233,True,CRIMINAL,FALSE
CONTRADICTING,0.164,True,CRIMINAL,FALSE
SUPPORTING,0.899,True,AMBIGUOUS,CONFIRMED
CONTRADICTING,0.150,True,CRIMINAL,FALSE
SUPPORTING,0.833,True,CRIMINAL,SUSPECTED
CONTRADICTING,0.390,True,AMBIGUOUS,FALSE
CONTRADICTING,0.309,True,MIXED,FALSE
SUPPORTING,0.711,True,CRIMINAL,SUSPECTED
SUPPORTING,0.789,True,MIXED,SUSPECTED
SUPPORTING,0.933,True,CRIMINAL,CONFIRMED
SUPPORTING,0.643,True,AMBIGUOUS,SUSPECTED
SUPPORTING,0.712,True,LEGITIMATE,SUSPECTED
NEUTRAL,0.316,True,MIXED,UNKNOWN
SUPPORTING,0.730,True,AMBIGUOUS,SUSPECTED
CONTRADICTING,0.296,True,MIXED,FALSE
SUPPORTING,0.907,True,LEGITIMATE,CONFIRMED
SUPPORTING,0.619,True,CRIMINAL,SUSPECTED
CONTRADICTING,0.335,True,MIXED,FALSE
SUPPORTING,0.629,True,LEGITIMATE,SUSPECTED
NEUTRAL,0.439,True,MIXED,UNKNOWN
SUPPORTING,0.877,True,CRIMINAL,CONFIRMED
SUPPORTING,0.950,True,CRIMINAL,CONFIRMED
CONTRADICTING,0.176,True,MIXED,FALSE
NEUTRAL,0.286,True,CRIMINAL,UNKNOWN
NEUTRAL,0.395,True,LEGITIMATE,UNKNOWN
SUPPORTING,0.831,True,CRIMINAL,SUSPECTED
SUPPORTING,0.803,True,CRIMINAL,SUSPECTED
SUPPORTING,0.677,True,LEGITIMATE,SUSPECTED
SUPPORTING,0.693,True,CRIMINAL,SUSPECTED
SUPPORTING,0.825,True,CRIMINAL,SUSPECTED
SUPPORTING,0.956,True,MIXED,CONFIRMED
SUPPORTING,0.874,True,CRIMINAL,CONFIRMED
SUPPORTING,0.978,True,LEGITIMATE,CONFIRMED
SUPPORTING,0.947,True,MIXED,CONFIRMED
SUPPORTING,0.955,True,LEGITIMATE,CONFIRMED
NEUTRAL,0.378,True,CRIMINAL,UNKNOWN
NEUTRAL,0.393,True,LEGITIMATE,UNKNOWN
SUPPORTING,0.980,True,AMBIGUOUS,CONFIRMED
SUPPORTING,0.759,True,LEGITIMATE,SUSPECTED
CONTRADICTING,0.372,True,MIXED,FALSE
SUPPORTING,0.724,True,CRIMINAL,SUSPECTED
SUPPORTING,0.978,True,MIXED,CONFIRMED
SUPPORTING,0.865,True,CRIMINAL,CONFIRMED
SUPPORTING,0.722,True,CRIMINAL,SUSPECTED
CONTRADICTING,0.292,True,LEGITIMATE,FALSE
SUPPORTING,0.989,True,MIXED,CONFIRMED
SUPPORTING,0.856,True,CRIMINAL,CONFIRMED
CONTRADICTING,0.185,True,LEGITIMATE,FALSE
NEUTRAL,0.423,True,CRIMINAL,UNKNOWN
CONTRADICTING,0.334,True,LEGITIMATE,FALSE
SUPPORTING,0.818,True,MIXED,SUSPECTED
SUPPORTING,0.812,True,CRIMINAL,SUSPECTED
SUPPORTING,0.900,True,CRIMINAL,CONFIRMED
NEUTRAL,0.391,True,MIXED,UNKNOWN
NEUTRAL,0.272,True,CRIMINAL,UNKNOWN
SUPPORTING,0.750,True,MIXED,SUSPECTED
CONTRADICTING,0.410,True,LEGITIMATE,FALSE
NEUTRAL,0.458,True,MIXED,UNKNOWN
SUPPORTING,0.935,True,MIXED,CONFIRMED
NEUTRAL,0.281,True,CRIMINAL,UNKNOWN
SUPPORTING,0.789,True,CRIMINAL,SUSPECTED
NEUTRAL,0.312,True,CRIMINAL,UNKNOWN
SUPPORTING,0.622,True,CRIMINAL,SUSPECTED
SUPPORTING,0.989,True,CRIMINAL,CONFIRMED
NEUTRAL,0.222,True,MIXED,UNKNOWN
SUPPORTING,0.850,True,CRIMINAL,CONFIRMED
SUPPORTING,0.712,True,CRIMINAL,SUSPECTED
NEUTRAL,0.533,True,MIXED,UNKNOWN
SUPPORTING,0.807,True,MIXED,SUSPECTED
SUPPORTING,0.841,True,CRIMINAL,CONFIRMED
CONTRADICTING,0.362,True,LEGITIMATE,FALSE
SUPPORTING,0.720,True,AMBIGUOUS,SUSPECTED
SUPPORTING,0.851,True,CRIMINAL,CONFIRMED
SUPPORTING,0.639,True,MIXED,SUSPECTED
NEUTRAL,0.375,True,CRIMINAL,UNKNOWN
SUPPORTING,0.940,True,CRIMINAL,CONFIRMED
SUPPORTING,0.813,True,MIXED,SUSPECTED
SUPPORTING,0.864,True,CRIMINAL,CONFIRMED
SUPPORTING,0.850,True,AMBIGUOUS,CONFIRMED
SUPPORTING,0.626,True,MIXED,SUSPECTED
SUPPORTING,0.980,True,CRIMINAL,CONFIRMED
SUPPORTING,0.596,True,LEGITIMATE,SUSPECTED
SUPPORTING,0.701,True,CRIMINAL,SUSPECTED
NEUTRAL,0.430,True,LEGITIMATE,UNKNOWN
NEUTRAL,0.351,True,LEGITIMATE,UNKNOWN
SUPPORTING,0.848,True,MIXED,CONFIRMED
CONTRADICTING,0.174,True,MIXED,FALSE
SUPPORTING,0.879,True,CRIMINAL,CONFIRMED
SUPPORTING,0.708,True,LEGITIMATE,SUSPECTED
SUPPORTING,0.759,True,LEGITIMATE,SUSPECTED
SUPPORTING,0.696,True,CRIMINAL,SUSPECTED
SUPPORTING,0.898,True,CRIMINAL,CONFIRMED
CONTRADICTING,0.337,True,LEGITIMATE,FALSE
SUPPORTING,0.750,True,MIXED,SUSPECTED
SUPPORTING,0.963,True,MIXED,CONFIRMED
NEUTRAL,0.538,True,LEGITIMATE,UNKNOWN
CONTRADICTING,0.156,True,LEGITIMATE,FALSE
NEUTRAL,0.425,True,AMBIGUOUS,UNKNOWN
NEUTRAL,0.399,True,CRIMINAL,UNKNOWN
CONTRADICTING,0.400,True,MIXED,FALSE
SUPPORTING,0.624,True,CRIMINAL,SUSPECTED
SUPPORTING,0.794,True,MIXED,SUSPECTED
SUPPORTING,0.624,True,CRIMINAL,SUSPECTED
SUPPORTING,0.601,True,MIXED,SUSPECTED
NEUTRAL,0.202,True,LEGITIMATE,UNKNOWN
CONTRADICTING,0.390,True,LEGITIMATE,FALSE
NEUTRAL,0.224,True,CRIMINAL,UNKNOWN
SUPPORTING,0.767,True,AMBIGUOUS,SUSPECTED
NEUTRAL,0.398,True,LEGITIMATE,UNKNOWN
CONTRADICTING,0.377,True,CRIMINAL,FALSE
SUPPORTING,0.680,True,CRIMINAL,SUSPECTED
CONTRADICTING,0.408,True,MIXED,FALSE
SUPPORTING,0.866,True,AMBIGUOUS,CONFIRMED
NEUTRAL,0.306,True,MIXED,UNKNOWN
SUPPORTING,0.917,True,CRIMINAL,CONFIRMED
SUPPORTING,0.934,True,MIXED,CONFIRMED
SUPPORTING,0.851,True,CRIMINAL,CONFIRMED
SUPPORTING,0.981,True,CRIMINAL,CONFIRMED
NEUTRAL,0.506,True,MIXED,UNKNOWN
CONTRADICTING,0.249,True,LEGITIMATE,FALSE
SUPPORTING,0.765,True,MIXED,SUSPECTED
NEUTRAL,0.402,True,AMBIGUOUS,UNKNOWN
SUPPORTING,0.855,True,CRIMINAL,SUSPECTED
NEUTRAL,0.449,True,AMBIGUOUS,UNKNOWN
SUPPORTING,0.614,True,MIXED,SUSPECTED
NEUTRAL,0.492,True,CRIMINAL,UNKNOWN
SUPPORTING,0.931,True,CRIMINAL,CONFIRMED
SUPPORTING,0.861,True,CRIMINAL,CONFIRMED
NEUTRAL,0.321,True,AMBIGUOUS,UNKNOWN
SUPPORTING,0.841,True,AMBIGUOUS,SUSPECTED
SUPPORTING,0.862,True,CRIMINAL,CONFIRMED
SUPPORTING,0.896,True,AMBIGUOUS,CONFIRMED
CONTRADICTING,0.304,True,LEGITIMATE,FALSE
CONTRADICTING,0.391,True,LEGITIMATE,FALSE
CONTRADICTING,0.145,True,LEGITIMATE,FALSE
NEUTRAL,0.357,True,MIXED,UNKNOWN
NEUTRAL,0.339,True,CRIMINAL,UNKNOWN
SUPPORTING,0.754,True,MIXED,SUSPECTED
CONTRADICTING,0.390,True,LEGITIMATE,FALSE
NEUTRAL,0.289,True,CRIMINAL,UNKNOWN
NEUTRAL,0.235,True,MIXED,UNKNOWN
NEUTRAL,0.520,True,CRIMINAL,UNKNOWN
NEUTRAL,0.496,True,AMBIGUOUS,UNKNOWN
CONTRADICTING,0.314,True,LEGITIMATE,FALSE
SUPPORTING,0.711,True,CRIMINAL,SUSPECTED
SUPPORTING,0.726,True,CRIMINAL,SUSPECTED
NEUTRAL,0.454,True,MIXED,UNKNOWN
NEUTRAL,0.511,True,LEGITIMATE,UNKNOWN
SUPPORTING,0.846,True,CRIMINAL,SUSPECTED
NEUTRAL,0.494,True,AMBIGUOUS,UNKNOWN
SUPPORTING,0.966,True,CRIMINAL,CONFIRMED
SUPPORTING,0.868,True,MIXED,CONFIRMED
SUPPORTING,0.912,True,MIXED,CONFIRMED
SUPPORTING,0.704,True,AMBIGUOUS,SUSPECTED
SUPPORTING,0.932,True,LEGITIMATE,CONFIRMED
SUPPORTING,0.693,True,AMBIGUOUS,SUSPECTED
SUPPORTING,0.913,True,MIXED,CONFIRMED
CONTRADICTING,0.337,True,CRIMINAL,FALSE
NEUTRAL,0.475,True,MIXED,UNKNOWN
SUPPORTING,0.856,True,MIXED,CONFIRMED
SUPPORTING,0.825,True,MIXED,CONFIRMED
SUPPORTING,0.821,True,CRIMINAL,CONFIRMED
CONTRADICTING,0.404,True,AMBIGUOUS,FALSE
CONTRADICTING,0.391,True,LEGITIMATE,FALSE
SUPPORTING,0.852,True,MIXED,SUSPECTED
SUPPORTING,0.832,True,MIXED,CONFIRMED
SUPPORTING,0.691,True,CRIMINAL,SUSPECTED
SUPPORTING,0.619,True,LEGITIMATE,SUSPECTED
NEUTRAL,0.205,True,MIXED,UNKNOWN
SUPPORTING,0.615,True,CRIMINAL,SUSPECTED
SUPPORTING,0.849,True,CRIMINAL,CONFIRMED
CONTRADICTING,0.308,True,CRIMINAL,FALSE
NEUTRAL,0.229,True,LEGITIMATE,UNKNOWN
SUPPORTING,0.980,True,CRIMINAL,CONFIRMED
SUPPORTING,0.784,True,CRIMINAL,SUSPECTED
CONTRADICTING,0.417,True,CRIMINAL,FALSE
NEUTRAL,0.243,True,MIXED,UNKNOWN
SUPPORTING,0.654,True,CRIMINAL,SUSPECTED
CONTRADICTING,0.217,True,LEGITIMATE,FALSE
SUPPORTING,0.813,True,MIXED,SUSPECTED
CONTRADICTING,0.121,True,CRIMINAL,FALSE
SUPPORTING,0.849,True,CRIMINAL,CONFIRMED
SUPPORTING,0.934,True,MIXED,CONFIRMED
SUPPORTING,0.835,True,AMBIGUOUS,CONFIRMED
CONTRADICTING,0.347,True,AMBIGUOUS,FALSE
SUPPORTING,0.648,True,AMBIGUOUS,SUSPECTED
CONTRADICTING,0.357,True,AMBIGUOUS,FALSE
NEUTRAL,0.230,True,CRIMINAL,UNKNOWN
SUPPORTING,0.921,True,MIXED,CONFIRMED
SUPPORTING,0.709,True,MIXED,SUSPECTED
SUPPORTING,0.861,True,MIXED,CONFIRMED
SUPPORTING,0.920,True,MIXED,CONFIRMED
SUPPORTING,0.896,True,MIXED,CONFIRMED
SUPPORTING,0.606,True,CRIMINAL,SUSPECTED
NEUTRAL,0.459,True,CRIMINAL,UNKNOWN
SUPPORTING,0.898,True,LEGITIMATE,CONFIRMED
SUPPORTING,0.862,True,AMBIGUOUS,CONFIRMED
SUPPORTING,0.727,True,MIXED,SUSPECTED
NEUTRAL,0.427,True,CRIMINAL,UNKNOWN
SUPPORTING,0.924,True,CRIMINAL,CONFIRMED
SUPPORTING,0.820,True,LEGITIMATE,CONFIRMED
SUPPORTING,0.864,True,LEGITIMATE,CONFIRMED
SUPPORTING,0.668,True,LEGITIMATE,SUSPECTED
SUPPORTING,0.853,True,LEGITIMATE,CONFIRMED
SUPPORTING,0.857,True,AMBIGUOUS,SUSPECTED
NEUTRAL,0.370,True,MIXED,UNKNOWN
CONTRADICTING,0.217,True,MIXED,FALSE
SUPPORTING,0.837,True,MIXED,CONFIRMED
NEUTRAL,0.263,True,CRIMINAL,UNKNOWN
SUPPORTING,0.919,True,MIXED,CONFIRMED
CONTRADICTING,0.327,True,LEGITIMATE,FALSE
SUPPORTING,0.945,True,CRIMINAL,CONFIRMED
NEUTRAL,0.322,True,MIXED,UNKNOWN
SUPPORTING,0.962,True,CRIMINAL,CONFIRMED
NEUTRAL,0.242,True,CRIMINAL,UNKNOWN
SUPPORTING,0.940,True,MIXED,CONFIRMED
SUPPORTING,0.593,True,MIXED,SUSPECTED
SUPPORTING,0.699,True,CRIMINAL,SUSPECTED
SUPPORTING,0.781,True,CRIMINAL,SUSPECTED
SUPPORTING,0.893,True,CRIMINAL,CONFIRMED
NEUTRAL,0.410,True,LEGITIMATE,UNKNOWN
SUPPORTING,0.868,True,AMBIGUOUS,CONFIRMED
SUPPORTING,0.611,True,CRIMINAL,SUSPECTED
SUPPORTING,0.862,True,LEGITIMATE,CONFIRMED
SUPPORTING,0.606,True,MIXED,SUSPECTED
NEUTRAL,0.426,True,LEGITIMATE,UNKNOWN
SUPPORTING,0.695,True,MIXED,SUSPECTED
CONTRADICTING,0.351,True,AMBIGUOUS,FALSE
NEUTRAL,0.538,True,LEGITIMATE,UNKNOWN
SUPPORTING,0.852,True,MIXED,CONFIRMED
NEUTRAL,0.429,True,LEGITIMATE,UNKNOWN
SUPPORTING,0.913,True,AMBIGUOUS,CONFIRMED
CONTRADICTING,0.313,True,LEGITIMATE,FALSE
NEUTRAL,0.422,True,CRIMINAL,UNKNOWN
SUPPORTING,0.951,True,CRIMINAL,CONFIRMED
SUPPORTING,0.836,True,CRIMINAL,SUSPECTED
SUPPORTING,0.729,True,CRIMINAL,SUSPECTED
CONTRADICTING,0.271,True,MIXED,FALSE
CONTRADICTING,0.146,True,MIXED,FALSE
SUPPORTING,0.683,True,CRIMINAL,SUSPECTED
SUPPORTING,0.665,True,MIXED,SUSPECTED
CONTRADICTING,0.332,True,CRIMINAL,FALSE
SUPPORTING,0.835,True,CRIMINAL,CONFIRMED
SUPPORTING,0.903,True,CRIMINAL,CONFIRMED
CONTRADICTING,0.238,True,MIXED,FALSE
CONTRADICTING,0.343,True,MIXED,FALSE
SUPPORTING,0.703,True,LEGITIMATE,SUSPECTED
SUPPORTING,0.975,True,AMBIGUOUS,CONFIRMED
CONTRADICTING,0.250,True,LEGITIMATE,FALSE
NEUTRAL,0.452,True,MIXED,UNKNOWN
NEUTRAL,0.280,True,AMBIGUOUS,UNKNOWN
NEUTRAL,0.406,True,AMBIGUOUS,UNKNOWN
SUPPORTING,0.854,True,CRIMINAL,CONFIRMED
SUPPORTING,0.611,True,AMBIGUOUS,SUSPECTED
CONTRADICTING,0.354,True,MIXED,FALSE
SUPPORTING,0.791,True,CRIMINAL,SUSPECTED
NEUTRAL,0.416,True,AMBIGUOUS,UNKNOWN
SUPPORTING,0.908,True,CRIMINAL,CONFIRMED
NEUTRAL,0.375,True,CRIMINAL,UNKNOWN
SUPPORTING,0.960,True,LEGITIMATE,CONFIRMED
SUPPORTING,0.628,True,CRIMINAL,SUSPECTED
SUPPORTING,0.853,True,CRIMINAL,SUSPECTED
CONTRADICTING,0.363,True,LEGITIMATE,FALSE
SUPPORTING,0.860,True,CRIMINAL,CONFIRMED
SUPPORTING,0.794,True,AMBIGUOUS,SUSPECTED
NEUTRAL,0.369,True,LEGITIMATE,UNKNOWN
CONTRADICTING,0.146,True,LEGITIMATE,FALSE
NEUTRAL,0.462,True,LEGITIMATE,UNKNOWN
SUPPORTING,0.894,True,CRIMINAL,CONFIRMED
SUPPORTING,0.749,True,MIXED,SUSPECTED
SUPPORTING,0.919,True,CRIMINAL,CONFIRMED
NEUTRAL,0.486,True,CRIMINAL,UNKNOWN
NEUTRAL,0.529,True,LEGITIMATE,UNKNOWN
SUPPORTING,0.880,True,CRIMINAL,CONFIRMED
SUPPORTING,0.842,True,CRIMINAL,CONFIRMED
SUPPORTING,0.951,True,MIXED,CONFIRMED
SUPPORTING,0.922,True,CRIMINAL,CONFIRMED
SUPPORTING,0.608,True,MIXED,SUSPECTED
SUPPORTING,0.727,True,MIXED,SUSPECTED
SUPPORTING,0.757,True,MIXED,SUSPECTED
NEUTRAL,0.253,True,AMBIGUOUS,UNKNOWN
SUPPORTING,0.932,True,AMBIGUOUS,CONFIRMED
SUPPORTING,0.700,True,MIXED,SUSPECTED
NEUTRAL,0.346,True,CRIMINAL,UNKNOWN
SUPPORTING,0.775,True,CRIMINAL,SUSPECTED
NEUTRAL,0.388,True,MIXED,UNKNOWN
NEUTRAL,0.517,True,MIXED,UNKNOWN
SUPPORTING,0.929,True,CRIMINAL,CONFIRMED
CONTRADICTING,0.228,True,LEGITIMATE,FALSE
SUPPORTING,0.655,True,AMBIGUOUS,SUSPECTED
SUPPORTING,0.695,True,CRIMINAL,SUSPECTED
CONTRADICTING,0.288,True,CRIMINAL,FALSE
SUPPORTING,0.773,True,CRIMINAL,SUSPECTED
SUPPORTING,0.699,True,LEGITIMATE,SUSPECTED
NEUTRAL,0.392,True,CRIMINAL,UNKNOWN
CONTRADICTING,0.368,True,LEGITIMATE,FALSE
SUPPORTING,0.770,True,AMBIGUOUS,SUSPECTED
SUPPORTING,0.741,True,CRIMINAL,SUSPECTED
SUPPORTING,0.819,True,AMBIGUOUS,SUSPECTED
CONTRADICTING,0.411,True,MIXED,FALSE
SUPPORTING,0.756,True,MIXED,SUSPECTED
NEUTRAL,0.451,True,AMBIGUOUS,UNKNOWN
NEUTRAL,0.416,True,CRIMINAL,UNKNOWN
SUPPORTING,0.592,True,LEGITIMATE,SUSPECTED
SUPPORTING,0.648,True,MIXED,SUSPECTED
NEUTRAL,0.426,True,MIXED,UNKNOWN
SUPPORTING,0.868,True,CRIMINAL,CONFIRMED
CONTRADICTING,0.151,True,LEGITIMATE,FALSE
NEUTRAL,0.326,True,CRIMINAL,UNKNOWN
SUPPORTING,0.615,True,AMBIGUOUS,SUSPECTED
SUPPORTING,0.585,True,AMBIGUOUS,SUSPECTED
CONTRADICTING,0.167,True,CRIMINAL,FALSE
NEUTRAL,0.528,True,LEGITIMATE,UNKNOWN
CONTRADICTING,0.344,True,LEGITIMATE,FALSE
SUPPORTING,0.775,True,CRIMINAL,SUSPECTED
NEUTRAL,0.544,True,CRIMINAL,UNKNOWN
SUPPORTING,0.861,True,CRIMINAL,CONFIRMED
SUPPORTING,0.947,True,CRIMINAL,CONFIRMED
NEUTRAL,0.278,True,CRIMINAL,UNKNOWN
NEUTRAL,0.316,True,MIXED,UNKNOWN
CONTRADICTING,0.157,True,CRIMINAL,FALSE
SUPPORTING,0.873,True,CRIMINAL,CONFIRMED
NEUTRAL,0.276,True,AMBIGUOUS,UNKNOWN
SUPPORTING,0.947,True,CRIMINAL,CONFIRMED
SUPPORTING,0.886,True,CRIMINAL,CONFIRMED
SUPPORTING,0.781,True,LEGITIMATE,SUSPECTED
SUPPORTING,0.693,True,MIXED,SUSPECTED
NEUTRAL,0.524,True,MIXED,UNKNOWN
SUPPORTING,0.867,True,CRIMINAL,CONFIRMED
SUPPORTING,0.855,True,AMBIGUOUS,CONFIRMED
SUPPORTING,0.893,True,MIXED,CONFIRMED
SUPPORTING,0.906,True,MIXED,CONFIRMED
SUPPORTING,0.829,True,MIXED,SUSPECTED
NEUTRAL,0.496,True,MIXED,UNKNOWN
NEUTRAL,0.357,True,CRIMINAL,UNKNOWN
SUPPORTING,0.734,True,CRIMINAL,SUSPECTED
SUPPORTING,0.854,True,CRIMINAL,CONFIRMED
SUPPORTING,0.856,True,MIXED,CONFIRMED
NEUTRAL,0.247,True,CRIMINAL,UNKNOWN
SUPPORTING,0.911,True,CRIMINAL,CONFIRMED
SUPPORTING,0.619,True,CRIMINAL,SUSPECTED
SUPPORTING,0.938,True,CRIMINAL,CONFIRMED
SUPPORTING,0.939,True,MIXED,CONFIRMED
SUPPORTING,0.966,True,LEGITIMATE,CONFIRMED
SUPPORTING,0.730,True,CRIMINAL,SUSPECTED
NEUTRAL,0.510,True,AMBIGUOUS,UNKNOWN
NEUTRAL,0.250,True,LEGITIMATE,UNKNOWN
NEUTRAL,0.291,True,MIXED,UNKNOWN
SUPPORTING,0.614,True,CRIMINAL,SUSPECTED
SUPPORTING,0.790,True,LEGITIMATE,SUSPECTED
NEUTRAL,0.507,True,MIXED,UNKNOWN
NEUTRAL,0.412,True,CRIMINAL,UNKNOWN
SUPPORTING,0.790,True,AMBIGUOUS,SUSPECTED
SUPPORTING,0.729,True,AMBIGUOUS,SUSPECTED
SUPPORTING,0.616,True,CRIMINAL,SUSPECTED
SUPPORTING,0.866,True,AMBIGUOUS,CONFIRMED
CONTRADICTING,0.278,True,MIXED,FALSE
SUPPORTING,0.967,True,CRIMINAL,CONFIRMED
SUPPORTING,0.977,True,LEGITIMATE,CONFIRMED
SUPPORTING,0.893,True,AMBIGUOUS,CONFIRMED
NEUTRAL,0.519,True,CRIMINAL,UNKNOWN
NEUTRAL,0.419,True,CRIMINAL,UNKNOWN
NEUTRAL,0.304,True,MIXED,UNKNOWN
CONTRADICTING,0.379,True,MIXED,FALSE
SUPPORTING,0.968,True,CRIMINAL,CONFIRMED
CONTRADICTING,0.293,True,CRIMINAL,FALSE
CONTRADICTING,0.321,True,CRIMINAL,FALSE
CONTRADICTING,0.404,True,AMBIGUOUS,FALSE
SUPPORTING,0.731,True,MIXED,SUSPECTED
SUPPORTING,0.795,True,MIXED,SUSPECTED
SUPPORTING,0.840,True,CRIMINAL,CONFIRMED
SUPPORTING,0.823,True,CRIMINAL,CONFIRMED
SUPPORTING,0.938,True,CRIMINAL,CONFIRMED
CONTRADICTING,0.295,True,MIXED,FALSE
NEUTRAL,0.333,True,AMBIGUOUS,UNKNOWN
CONTRADICTING,0.369,True,LEGITIMATE,FALSE
NEUTRAL,0.408,True,AMBIGUOUS,UNKNOWN
SUPPORTING,0.687,True,MIXED,SUSPECTED
NEUTRAL,0.255,True,MIXED,UNKNOWN
CONTRADICTING,0.289,True,AMBIGUOUS,FALSE
SUPPORTING,0.583,True,CRIMINAL,SUSPECTED
NEUTRAL,0.436,True,AMBIGUOUS,UNKNOWN
NEUTRAL,0.313,True,AMBIGUOUS,UNKNOWN
NEUTRAL,0.440,True,LEGITIMATE,UNKNOWN
SUPPORTING,0.974,True,CRIMINAL,CONFIRMED
NEUTRAL,0.398,True,LEGITIMATE,UNKNOWN
NEUTRAL,0.330,True,CRIMINAL,UNKNOWN
SUPPORTING,0.735,True,AMBIGUOUS,SUSPECTED
SUPPORTING,0.896,True,CRIMINAL,CONFIRMED
SUPPORTING,0.794,True,MIXED,SUSPECTED
SUPPORTING,0.867,True,MIXED,CONFIRMED
SUPPORTING,0.828,True,CRIMINAL,CONFIRMED
NEUTRAL,0.321,True,AMBIGUOUS,UNKNOWN
NEUTRAL,0.327,True,MIXED,UNKNOWN
NEUTRAL,0.486,True,AMBIGUOUS,UNKNOWN
NEUTRAL,0.344,True,AMBIGUOUS,UNKNOWN
SUPPORTING,0.611,True,MIXED,SUSPECTED
SUPPORTING,0.766,True,CRIMINAL,SUSPECTED
NEUTRAL,0.467,True,CRIMINAL,UNKNOWN
SUPPORTING,0.916,True,CRIMINAL,CONFIRMED
CONTRADICTING,0.176,True,CRIMINAL,FALSE
NEUTRAL,0.253,True,MIXED,UNKNOWN
NEUTRAL,0.527,True,LEGITIMATE,UNKNOWN
SUPPORTING,0.852,True,AMBIGUOUS,SUSPECTED
SUPPORTING,0.984,True,CRIMINAL,CONFIRMED
SUPPORTING,0.920,True,CRIMINAL,CONFIRMED
SUPPORTING,0.943,True,LEGITIMATE,CONFIRMED
SUPPORTING,0.859,True,MIXED,SUSPECTED
SUPPORTING,0.836,True,CRIMINAL,SUSPECTED
SUPPORTING,0.787,True,MIXED,SUSPECTED
SUPPORTING,0.611,True,CRIMINAL,SUSPECTED
SUPPORTING,0.969,True,CRIMINAL,CONFIRMED
SUPPORTING,0.671,True,AMBIGUOUS,SUSPECTED
NEUTRAL,0.265,True,CRIMINAL,UNKNOWN
SUPPORTING,0.653,True,LEGITIMATE,SUSPECTED
NEUTRAL,0.314,True,AMBIGUOUS,UNKNOWN
SUPPORTING,0.582,True,CRIMINAL,SUSPECTED
NEUTRAL,0.242,True,MIXED,UNKNOWN
SUPPORTING,0.918,True,CRIMINAL,CONFIRMED
SUPPORTING,0.908,True,CRIMINAL,CONFIRMED
SUPPORTING,0.724,True,AMBIGUOUS,SUSPECTED
SUPPORTING,0.814,True,CRIMINAL,SUSPECTED
SUPPORTING,0.745,True,MIXED,SUSPECTED
NEUTRAL,0.228,True,MIXED,UNKNOWN
SUPPORTING,0.659,True,MIXED,SUSPECTED
SUPPORTING,0.922,True,MIXED,CONFIRMED
SUPPORTING,0.920,True,MIXED,CONFIRMED
SUPPORTING,0.668,True,CRIMINAL,SUSPECTED
NEUTRAL,0.424,True,AMBIGUOUS,UNKNOWN
SUPPORTING,0.783,True,CRIMINAL,SUSPECTED
NEUTRAL,0.211,True,LEGITIMATE,UNKNOWN
SUPPORTING,0.843,True,CRIMINAL,CONFIRMED
NEUTRAL,0.262,True,AMBIGUOUS,UNKNOWN
CONTRADICTING,0.336,True,AMBIGUOUS,FALSE
SUPPORTING,0.975,True,CRIMINAL,CONFIRMED
SUPPORTING,0.595,True,MIXED,SUSPECTED
SUPPORTING,0.832,True,MIXED,SUSPECTED
SUPPORTING,0.948,True,MIXED,CONFIRMED
SUPPORTING,0.964,True,AMBIGUOUS,CONFIRMED
SUPPORTING,0.628,True,LEGITIMATE,SUSPECTED
SUPPORTING,0.867,True,CRIMINAL,CONFIRMED
CONTRADICTING,0.314,True,LEGITIMATE,FALSE
NEUTRAL,0.371,True,AMBIGUOUS,UNKNOWN
SUPPORTING,0.665,True,MIXED,SUSPECTED
SUPPORTING,0.848,True,CRIMINAL,SUSPECTED
SUPPORTING,0.934,True,LEGITIMATE,CONFIRMED
SUPPORTING,0.656,True,CRIMINAL,SUSPECTED
SUPPORTING,0.884,True,AMBIGUOUS,CONFIRMED
NEUTRAL,0.418,True,CRIMINAL,UNKNOWN
CONTRADICTING,0.340,True,CRIMINAL,FALSE
SUPPORTING,0.946,True,CRIMINAL,CONFIRMED
SUPPORTING,0.817,True,MIXED,SUSPECTED
SUPPORTING,0.961,True,CRIMINAL,CONFIRMED
NEUTRAL,0.275,True,MIXED,UNKNOWN
SUPPORTING,0.937,True,MIXED,CONFIRMED
SUPPORTING,0.724,True,MIXED,SUSPECTED
SUPPORTING,0.988,True,CRIMINAL,CONFIRMED
SUPPORTING,0.990,True,CRIMINAL,CONFIRMED
NEUTRAL,0.245,True,CRIMINAL,UNKNOWN
SUPPORTING,0.618,True,MIXED,SUSPECTED
SUPPORTING,0.938,True,AMBIGUOUS,CONFIRMED
NEUTRAL,0.444,True,LEGITIMATE,UNKNOWN
CONTRADICTING,0.313,True,CRIMINAL,FALSE
SUPPORTING,0.827,True,CRIMINAL,SUSPECTED
SUPPORTING,0.816,True,MIXED,SUSPECTED
CONTRADICTING,0.233,True,MIXED,FALSE
SUPPORTING,0.929,True,CRIMINAL,CONFIRMED
NEUTRAL,0.374,True,MIXED,UNKNOWN
CONTRADICTING,0.367,True,LEGITIMATE,FALSE
NEUTRAL,0.378,True,MIXED,UNKNOWN
SUPPORTING,0.871,True,CRIMINAL,CONFIRMED
SUPPORTING,0.986,True,MIXED,CONFIRMED
CONTRADICTING,0.166,True,LEGITIMATE,FALSE
SUPPORTING,0.869,True,CRIMINAL,CONFIRMED
SUPPORTING,0.660,True,CRIMINAL,SUSPECTED
SUPPORTING,0.802,True,LEGITIMATE,SUSPECTED
CONTRADICTING,0.195,True,AMBIGUOUS,FALSE
SUPPORTING,0.885,True,CRIMINAL,CONFIRMED
NEUTRAL,0.394,True,AMBIGUOUS,UNKNOWN
SUPPORTING,0.872,True,CRIMINAL,CONFIRMED
NEUTRAL,0.514,True,AMBIGUOUS,UNKNOWN
SUPPORTING,0.848,True,CRIMINAL,CONFIRMED
CONTRADICTING,0.339,True,MIXED,FALSE
CONTRADICTING,0.284,True,AMBIGUOUS,FALSE
NEUTRAL,0.297,True,CRIMINAL,UNKNOWN
NEUTRAL,0.225,True,LEGITIMATE,UNKNOWN
SUPPORTING,0.839,True,CRIMINAL,CONFIRMED
SUPPORTING,0.809,True,CRIMINAL,SUSPECTED
NEUTRAL,0.319,True,CRIMINAL,UNKNOWN
SUPPORTING,0.705,True,AMBIGUOUS,SUSPECTED
CONTRADICTING,0.362,True,CRIMINAL,FALSE
NEUTRAL,0.282,True,AMBIGUOUS,UNKNOWN
CONTRADICTING,0.148,True,AMBIGUOUS,FALSE
SUPPORTING,0.934,True,MIXED,CONFIRMED
SUPPORTING,0.638,True,CRIMINAL,SUSPECTED
NEUTRAL,0.265,True,LEGITIMATE,UNKNOWN
NEUTRAL,0.447,True,CRIMINAL,UNKNOWN
SUPPORTING,0.777,True,MIXED,SUSPECTED
SUPPORTING,0.828,True,MIXED,CONFIRMED
NEUTRAL,0.348,True,MIXED,UNKNOWN
CONTRADICTING,0.156,True,CRIMINAL,FALSE
SUPPORTING,0.738,True,CRIMINAL,SUSPECTED
SUPPORTING,0.760,True,LEGITIMATE,SUSPECTED
SUPPORTING,0.604,True,CRIMINAL,SUSPECTED
NEUTRAL,0.481,True,AMBIGUOUS,UNKNOWN
SUPPORTING,0.832,True,MIXED,CONFIRMED
CONTRADICTING,0.149,True,MIXED,FALSE
NEUTRAL,0.514,True,LEGITIMATE,UNKNOWN
NEUTRAL,0.351,True,CRIMINAL,UNKNOWN
NEUTRAL,0.316,True,CRIMINAL,UNKNOWN
SUPPORTING,0.838,True,CRIMINAL,CONFIRMED
SUPPORTING,0.659,True,CRIMINAL,SUSPECTED
SUPPORTING,0.635,True,CRIMINAL,SUSPECTED
SUPPORTING,0.800,True,CRIMINAL,SUSPECTED
SUPPORTING,0.847,True,MIXED,CONFIRMED
SUPPORTING,0.766,True,MIXED,SUSPECTED
SUPPORTING,0.718,True,CRIMINAL,SUSPECTED
CONTRADICTING,0.380,True,CRIMINAL,FALSE
CONTRADICTING,0.133,True,MIXED,FALSE
CONTRADICTING,0.377,True,LEGITIMATE,FALSE
SUPPORTING,0.793,True,LEGITIMATE,SUSPECTED
NEUTRAL,0.356,True,MIXED,UNKNOWN
SUPPORTING,0.664,True,MIXED,SUSPECTED
NEUTRAL,0.236,True,CRIMINAL,UNKNOWN
NEUTRAL,0.331,True,AMBIGUOUS,UNKNOWN
SUPPORTING,0.851,True,CRIMINAL,SUSPECTED
SUPPORTING,0.779,True,MIXED,SUSPECTED
NEUTRAL,0.502,True,MIXED,UNKNOWN
CONTRADICTING,0.213,True,LEGITIMATE,FALSE
SUPPORTING,0.950,True,LEGITIMATE,CONFIRMED
SUPPORTING,0.897,True,LEGITIMATE,CONFIRMED
NEUTRAL,0.344,True,CRIMINAL,UNKNOWN
CONTRADICTING,0.324,True,CRIMINAL,FALSE
NEUTRAL,0.483,True,CRIMINAL,UNKNOWN
SUPPORTING,0.685,True,CRIMINAL,SUSPECTED
SUPPORTING,0.582,True,CRIMINAL,SUSPECTED
NEUTRAL,0.322,True,AMBIGUOUS,UNKNOWN
SUPPORTING,0.753,True,MIXED,SUSPECTED
SUPPORTING,0.954,True,AMBIGUOUS,CONFIRMED
SUPPORTING,0.742,True,AMBIGUOUS,SUSPECTED
NEUTRAL,0.464,True,CRIMINAL,UNKNOWN
CONTRADICTING,0.353,True,CRIMINAL,FALSE
SUPPORTING,0.845,True,LEGITIMATE,SUSPECTED
CONTRADICTING,0.151,True,LEGITIMATE,FALSE
SUPPORTING,0.862,True,AMBIGUOUS,CONFIRMED
SUPPORTING,0.964,True,MIXED,CONFIRMED
SUPPORTING,0.824,True,AMBIGUOUS,SUSPECTED
SUPPORTING,0.700,True,CRIMINAL,SUSPECTED
SUPPORTING,0.616,True,CRIMINAL,SUSPECTED
NEUTRAL,0.435,True,MIXED,UNKNOWN
NEUTRAL,0.398,True,CRIMINAL,UNKNOWN
CONTRADICTING,0.179,True,MIXED,FALSE
NEUTRAL,0.254,True,CRIMINAL,UNKNOWN
CONTRADICTING,0.361,True,CRIMINAL,FALSE
SUPPORTING,0.586,True,CRIMINAL,SUSPECTED
SUPPORTING,0.674,True,MIXED,SUSPECTED
SUPPORTING,0.939,True,CRIMINAL,CONFIRMED
NEUTRAL,0.537,True,LEGITIMATE,UNKNOWN
CONTRADICTING,0.405,True,LEGITIMATE,FALSE
SUPPORTING,0.725,True,MIXED,SUSPECTED
SUPPORTING,0.879,True,AMBIGUOUS,CONFIRMED
NEUTRAL,0.423,True,CRIMINAL,UNKNOWN
SUPPORTING,0.734,True,CRIMINAL,SUSPECTED
SUPPORTING,0.711,True,LEGITIMATE,SUSPECTED
SUPPORTING,0.630,True,LEGITIMATE,SUSPECTED
NEUTRAL,0.480,True,LEGITIMATE,UNKNOWN
SUPPORTING,0.671,True,AMBIGUOUS,SUSPECTED
SUPPORTING,0.787,True,MIXED,SUSPECTED
SUPPORTING,0.939,True,CRIMINAL,CONFIRMED
SUPPORTING,0.803,True,CRIMINAL,SUSPECTED
SUPPORTING,0.772,True,MIXED,SUSPECTED
SUPPORTING,0.869,True,CRIMINAL,CONFIRMED
SUPPORTING,0.605,True,CRIMINAL,SUSPECTED
SUPPORTING,0.930,True,MIXED,CONFIRMED
NEUTRAL,0.299,True,CRIMINAL,UNKNOWN
SUPPORTING,0.805,True,MIXED,SUSPECTED
SUPPORTING,0.734,True,AMBIGUOUS,SUSPECTED
CONTRADICTING,0.336,True,LEGITIMATE,FALSE
NEUTRAL,0.298,True,AMBIGUOUS,UNKNOWN
SUPPORTING,0.611,True,MIXED,SUSPECTED
NEUTRAL,0.431,True,AMBIGUOUS,UNKNOWN
NEUTRAL,0.378,True,AMBIGUOUS,UNKNOWN
NEUTRAL,0.258,True,LEGITIMATE,UNKNOWN
NEUTRAL,0.538,True,LEGITIMATE,UNKNOWN
SUPPORTING,0.588,True,CRIMINAL,SUSPECTED
CONTRADICTING,0.213,True,LEGITIMATE,FALSE
CONTRADICTING,0.229,True,CRIMINAL,FALSE
NEUTRAL,0.268,True,MIXED,UNKNOWN
SUPPORTING,0.861,True,CRIMINAL,CONFIRMED
SUPPORTING,0.727,True,MIXED,SUSPECTED
SUPPORTING,0.878,True,CRIMINAL,CONFIRMED
SUPPORTING,0.600,True,CRIMINAL,SUSPECTED
SUPPORTING,0.660,True,LEGITIMATE,SUSPECTED
SUPPORTING,0.653,True,AMBIGUOUS,SUSPECTED
NEUTRAL,0.510,True,CRIMINAL,UNKNOWN
SUPPORTING,0.847,True,MIXED,SUSPECTED
SUPPORTING,0.699,True,MIXED,SUSPECTED
NEUTRAL,0.342,True,CRIMINAL,UNKNOWN
NEUTRAL,0.548,True,MIXED,UNKNOWN
SUPPORTING,0.929,True,CRIMINAL,CONFIRMED
SUPPORTING,0.890,True,CRIMINAL,CONFIRMED
SUPPORTING,0.896,True,LEGITIMATE,CONFIRMED
SUPPORTING,0.983,True,CRIMINAL,CONFIRMED
NEUTRAL,0.413,True,MIXED,UNKNOWN
CONTRADICTING,0.260,True,MIXED,FALSE
SUPPORTING,0.889,True,CRIMINAL,CONFIRMED
SUPPORTING,0.966,True,CRIMINAL,CONFIRMED
SUPPORTING,0.810,True,MIXED,SUSPECTED
SUPPORTING,0.828,True,CRIMINAL,CONFIRMED
SUPPORTING,0.676,True,CRIMINAL,SUSPECTED
SUPPORTING,0.892,True,AMBIGUOUS,CONFIRMED
SUPPORTING,0.635,True,AMBIGUOUS,SUSPECTED
SUPPORTING,0.908,True,CRIMINAL,CONFIRMED
SUPPORTING,0.698,True,CRIMINAL,SUSPECTED
SUPPORTING,0.961,True,MIXED,CONFIRMED
NEUTRAL,0.298,True,CRIMINAL,UNKNOWN
SUPPORTING,0.980,True,CRIMINAL,CONFIRMED
NEUTRAL,0.274,True,AMBIGUOUS,UNKNOWN
SUPPORTING,0.837,True,CRIMINAL,CONFIRMED
NEUTRAL,0.337,True,AMBIGUOUS,UNKNOWN
SUPPORTING,0.609,True,AMBIGUOUS,SUSPECTED
CONTRADICTING,0.263,True,LEGITIMATE,FALSE
SUPPORTING,0.838,True,CRIMINAL,SUSPECTED
CONTRADICTING,0.272,True,LEGITIMATE,FALSE
SUPPORTING,0.842,True,CRIMINAL,SUSPECTED
CONTRADICTING,0.399,True,LEGITIMATE,FALSE
SUPPORTING,0.614,True,MIXED,SUSPECTED
SUPPORTING,0.931,True,CRIMINAL,CONFIRMED
SUPPORTING,0.951,True,MIXED,CONFIRMED
CONTRADICTING,0.207,True,AMBIGUOUS,FALSE
SUPPORTING,0.839,True,CRIMINAL,SUSPECTED
SUPPORTING,0.836,True,CRIMINAL,CONFIRMED
CONTRADICTING,0.416,True,LEGITIMATE,FALSE
SUPPORTING,0.936,True,CRIMINAL,CONFIRMED
SUPPORTING,0.647,True,LEGITIMATE,SUSPECTED
SUPPORTING,0.961,True,LEGITIMATE,CONFIRMED
NEUTRAL,0.375,True,LEGITIMATE,UNKNOWN
CONTRADICTING,0.385,True,LEGITIMATE,FALSE
SUPPORTING,0.583,True,MIXED,SUSPECTED
SUPPORTING,0.689,True,CRIMINAL,SUSPECTED
NEUTRAL,0.497,True,AMBIGUOUS,UNKNOWN
SUPPORTING,0.954,True,MIXED,CONFIRMED
SUPPORTING,0.967,True,MIXED,CONFIRMED
SUPPORTING,0.912,True,CRIMINAL,CONFIRMED
SUPPORTING,0.813,True,CRIMINAL,SUSPECTED
NEUTRAL,0.388,True,AMBIGUOUS,UNKNOWN
CONTRADICTING,0.306,True,CRIMINAL,FALSE
SUPPORTING,0.745,True,MIXED,SUSPECTED
NEUTRAL,0.390,True,AMBIGUOUS,UNKNOWN
CONTRADICTING,0.145,True,MIXED,FALSE
SUPPORTING,0.697,True,MIXED,SUSPECTED
CONTRADICTING,0.258,True,MIXED,FALSE
NEUTRAL,0.333,True,CRIMINAL,UNKNOWN
CONTRADICTING,0.247,True,MIXED,FALSE
CONTRADICTING,0.416,True,LEGITIMATE,FALSE
NEUTRAL,0.211,True,MIXED,UNKNOWN
SUPPORTING,0.800,True,LEGITIMATE,SUSPECTED
SUPPORTING,0.929,True,CRIMINAL,CONFIRMED
CONTRADICTING,0.205,True,LEGITIMATE,FALSE
SUPPORTING,0.710,True,LEGITIMATE,SUSPECTED
NEUTRAL,0.220,True,CRIMINAL,UNKNOWN
CONTRADICTING,0.267,True,AMBIGUOUS,FALSE
SUPPORTING,0.617,True,CRIMINAL,SUSPECTED
NEUTRAL,0.501,True,AMBIGUOUS,UNKNOWN
SUPPORTING,0.968,True,CRIMINAL,CONFIRMED
SUPPORTING,0.959,True,LEGITIMATE,CONFIRMED
CONTRADICTING,0.236,True,LEGITIMATE,FALSE
NEUTRAL,0.398,True,CRIMINAL,UNKNOWN
SUPPORTING,0.719,True,CRIMINAL,SUSPECTED
SUPPORTING,0.849,True,MIXED,SUSPECTED
CONTRADICTING,0.262,True,MIXED,FALSE
NEUTRAL,0.300,True,AMBIGUOUS,UNKNOWN
SUPPORTING,0.596,True,MIXED,SUSPECTED
SUPPORTING,0.725,True,AMBIGUOUS,SUSPECTED
SUPPORTING,0.924,True,MIXED,CONFIRMED
CONTRADICTING,0.198,True,CRIMINAL,FALSE
SUPPORTING,0.867,True,MIXED,CONFIRMED
SUPPORTING,0.931,True,MIXED,CONFIRMED
SUPPORTING,0.854,True,LEGITIMATE,CONFIRMED
SUPPORTING,0.723,True,LEGITIMATE,SUSPECTED
SUPPORTING,0.582,True,LEGITIMATE,SUSPECTED
NEUTRAL,0.205,True,MIXED,UNKNOWN
SUPPORTING,0.812,True,LEGITIMATE,SUSPECTED
NEUTRAL,0.335,True,CRIMINAL,UNKNOWN
SUPPORTING,0.884,True,MIXED,CONFIRMED
SUPPORTING,0.759,True,CRIMINAL,SUSPECTED
SUPPORTING,0.864,True,CRIMINAL,CONFIRMED
SUPPORTING,0.651,True,CRIMINAL,SUSPECTED
CONTRADICTING,0.261,True,LEGITIMATE,FALSE
SUPPORTING,0.626,True,MIXED,SUSPECTED
SUPPORTING,0.838,True,CRIMINAL,SUSPECTED
SUPPORTING,0.847,True,CRIMINAL,CONFIRMED
SUPPORTING,0.848,True,CRIMINAL,CONFIRMED
CONTRADICTING,0.374,True,AMBIGUOUS,FALSE
SUPPORTING,0.766,True,MIXED,SUSPECTED
SUPPORTING,0.950,True,CRIMINAL,CONFIRMED
SUPPORTING,0.592,True,CRIMINAL,SUSPECTED
SUPPORTING,0.593,True,AMBIGUOUS,SUSPECTED
SUPPORTING,0.912,True,CRIMINAL,CONFIRMED
SUPPORTING,0.891,True,LEGITIMATE,CONFIRMED
SUPPORTING,0.626,True,LEGITIMATE,SUSPECTED
NEUTRAL,0.512,True,CRIMINAL,UNKNOWN
SUPPORTING,0.928,True,AMBIGUOUS,CONFIRMED
NEUTRAL,0.265,True,CRIMINAL,UNKNOWN
CONTRADICTING,0.273,True,LEGITIMATE,FALSE
SUPPORTING,0.722,True,CRIMINAL,SUSPECTED
NEUTRAL,0.356,True,CRIMINAL,UNKNOWN
SUPPORTING,0.859,True,CRIMINAL,CONFIRMED
SUPPORTING,0.938,True,CRIMINAL,CONFIRMED
SUPPORTING,0.824,True,CRIMINAL,CONFIRMED
NEUTRAL,0.413,True,CRIMINAL,UNKNOWN
SUPPORTING,0.846,True,MIXED,SUSPECTED
SUPPORTING,0.732,True,CRIMINAL,SUSPECTED
SUPPORTING,0.972,True,LEGITIMATE,CONFIRMED
NEUTRAL,0.513,True,AMBIGUOUS,UNKNOWN
SUPPORTING,0.722,True,CRIMINAL,SUSPECTED
SUPPORTING,0.863,True,MIXED,CONFIRMED
SUPPORTING,0.891,True,CRIMINAL,CONFIRMED
SUPPORTING,0.949,True,MIXED,CONFIRMED
SUPPORTING,0.982,True,LEGITIMATE,CONFIRMED
NEUTRAL,0.405,True,MIXED,UNKNOWN
SUPPORTING,0.937,True,MIXED,CONFIRMED
NEUTRAL,0.307,True,MIXED,UNKNOWN
SUPPORTING,0.762,True,LEGITIMATE,SUSPECTED
NEUTRAL,0.322,True,MIXED,UNKNOWN
NEUTRAL,0.529,True,AMBIGUOUS,UNKNOWN
SUPPORTING,0.900,True,CRIMINAL,CONFIRMED
SUPPORTING,0.858,True,MIXED,SUSPECTED
CONTRADICTING,0.265,True,AMBIGUOUS,FALSE
NEUTRAL,0.290,True,LEGITIMATE,UNKNOWN
CONTRADICTING,0.186,True,LEGITIMATE,FALSE
SUPPORTING,0.900,True,CRIMINAL,CONFIRMED
NEUTRAL,0.250,True,LEGITIMATE,UNKNOWN
SUPPORTING,0.690,True,CRIMINAL,SUSPECTED
SUPPORTING,0.841,True,LEGITIMATE,CONFIRMED
SUPPORTING,0.947,True,CRIMINAL,CONFIRMED
NEUTRAL,0.474,True,CRIMINAL,UNKNOWN
SUPPORTING,0.893,True,CRIMINAL,CONFIRMED
CONTRADICTING,0.243,True,MIXED,FALSE
SUPPORTING,0.965,True,CRIMINAL,CONFIRMED
SUPPORTING,0.871,True,LEGITIMATE,CONFIRMED
CONTRADICTING,0.128,True,CRIMINAL,FALSE
CONTRADICTING,0.252,True,AMBIGUOUS,FALSE
SUPPORTING,0.739,True,CRIMINAL,SUSPECTED
SUPPORTING,0.688,True,AMBIGUOUS,SUSPECTED
SUPPORTING,0.799,True,MIXED,SUSPECTED
SUPPORTING,0.817,True,AMBIGUOUS,SUSPECTED
CONTRADICTING,0.196,True,CRIMINAL,FALSE
SUPPORTING,0.924,True,CRIMINAL,CONFIRMED
SUPPORTING,0.713,True,MIXED,SUSPECTED
NEUTRAL,0.307,True,CRIMINAL,UNKNOWN
NEUTRAL,0.318,True,LEGITIMATE,UNKNOWN
NEUTRAL,0.354,True,AMBIGUOUS,UNKNOWN
SUPPORTING,0.954,True,CRIMINAL,CONFIRMED
NEUTRAL,0.548,True,AMBIGUOUS,UNKNOWN
SUPPORTING,0.981,True,CRIMINAL,CONFIRMED
SUPPORTING,0.956,True,MIXED,CONFIRMED
SUPPORTING,0.654,True,MIXED,SUSPECTED
SUPPORTING,0.911,True,CRIMINAL,CONFIRMED
SUPPORTING,0.651,True,CRIMINAL,SUSPECTED
SUPPORTING,0.754,True,MIXED,SUSPECTED
SUPPORTING,0.762,True,CRIMINAL,SUSPECTED
SUPPORTING,0.942,True,MIXED,CONFIRMED
SUPPORTING,0.833,True,AMBIGUOUS,CONFIRMED
SUPPORTING,0.602,True,CRIMINAL,SUSPECTED
NEUTRAL,0.257,True,CRIMINAL,UNKNOWN
NEUTRAL,0.209,True,LEGITIMATE,UNKNOWN
SUPPORTING,0.591,True,CRIMINAL,SUSPECTED
CONTRADICTING,0.218,True,CRIMINAL,FALSE
SUPPORTING,0.867,True,LEGITIMATE,CONFIRMED
SUPPORTING,0.954,True,LEGITIMATE,CONFIRMED
SUPPORTING,0.763,True,CRIMINAL,SUSPECTED
CONTRADICTING,0.402,True,CRIMINAL,FALSE
NEUTRAL,0.251,True,AMBIGUOUS,UNKNOWN
CONTRADICTING,0.261,True,CRIMINAL,FALSE
SUPPORTING,0.719,True,CRIMINAL,SUSPECTED
SUPPORTING,0.589,True,CRIMINAL,SUSPECTED
SUPPORTING,0.598,True,CRIMINAL,SUSPECTED
SUPPORTING,0.890,True,CRIMINAL,CONFIRMED
SUPPORTING,0.690,True,LEGITIMATE,SUSPECTED
SUPPORTING,0.812,True,CRIMINAL,SUSPECTED
NEUTRAL,0.474,True,LEGITIMATE,UNKNOWN
NEUTRAL,0.471,True,CRIMINAL,UNKNOWN
NEUTRAL,0.491,True,LEGITIMATE,UNKNOWN
SUPPORTING,0.912,True,MIXED,CONFIRMED
NEUTRAL,0.312,True,LEGITIMATE,UNKNOWN
SUPPORTING,0.974,True,AMBIGUOUS,CONFIRMED
CONTRADICTING,0.183,True,LEGITIMATE,FALSE
SUPPORTING,0.888,True,MIXED,CONFIRMED
NEUTRAL,0.348,True,CRIMINAL,UNKNOWN
CONTRADICTING,0.260,True,MIXED,FALSE
NEUTRAL,0.281,True,CRIMINAL,UNKNOWN
SUPPORTING,0.695,True,MIXED,SUSPECTED
CONTRADICTING,0.352,True,CRIMINAL,FALSE
NEUTRAL,0.234,True,CRIMINAL,UNKNOWN
CONTRADICTING,0.213,True,MIXED,FALSE
SUPPORTING,0.844,True,CRIMINAL,SUSPECTED
SUPPORTING,0.831,True,CRIMINAL,SUSPECTED
SUPPORTING,0.661,True,AMBIGUOUS,SUSPECTED
SUPPORTING,0.950,True,CRIMINAL,CONFIRMED
NEUTRAL,0.392,True,AMBIGUOUS,UNKNOWN
SUPPORTING,0.819,True,MIXED,SUSPECTED
NEUTRAL,0.243,True,MIXED,UNKNOWN
NEUTRAL,0.267,True,MIXED,UNKNOWN
SUPPORTING,0.981,True,CRIMINAL,CONFIRMED
SUPPORTING,0.858,True,AMBIGUOUS,CONFIRMED
SUPPORTING,0.624,True,LEGITIMATE,SUSPECTED
NEUTRAL,0.224,True,AMBIGUOUS,UNKNOWN
SUPPORTING,0.646,True,CRIMINAL,SUSPECTED
CONTRADICTING,0.268,True,CRIMINAL,FALSE
NEUTRAL,0.422,True,MIXED,UNKNOWN
NEUTRAL,0.297,True,LEGITIMATE,UNKNOWN
NEUTRAL,0.243,True,LEGITIMATE,UNKNOWN
SUPPORTING,0.735,True,CRIMINAL,SUSPECTED
CONTRADICTING,0.159,True,CRIMINAL,FALSE
SUPPORTING,0.984,True,CRIMINAL,CONFIRMED
NEUTRAL,0.268,True,CRIMINAL,UNKNOWN
SUPPORTING,0.821,True,AMBIGUOUS,SUSPECTED
NEUTRAL,0.377,True,AMBIGUOUS,UNKNOWN
NEUTRAL,0.311,True,LEGITIMATE,UNKNOWN
SUPPORTING,0.942,True,CRIMINAL,CONFIRMED
SUPPORTING,0.843,True,CRIMINAL,SUSPECTED
SUPPORTING,0.707,True,CRIMINAL,SUSPECTED
SUPPORTING,0.933,True,AMBIGUOUS,CONFIRMED
CONTRADICTING,0.350,True,CRIMINAL,FALSE
CONTRADICTING,0.240,True,CRIMINAL,FALSE
NEUTRAL,0.545,True,CRIMINAL,UNKNOWN
SUPPORTING,0.944,True,CRIMINAL,CONFIRMED
SUPPORTING,0.941,True,AMBIGUOUS,CONFIRMED
SUPPORTING,0.873,True,MIXED,CONFIRMED
NEUTRAL,0.228,True,AMBIGUOUS,UNKNOWN
SUPPORTING,0.810,True,CRIMINAL,SUSPECTED
NEUTRAL,0.538,True,MIXED,UNKNOWN
CONTRADICTING,0.126,True,AMBIGUOUS,FALSE
SUPPORTING,0.870,True,CRIMINAL,CONFIRMED
CONTRADICTING,0.236,True,CRIMINAL,FALSE
NEUTRAL,0.209,True,CRIMINAL,UNKNOWN
SUPPORTING,0.976,True,MIXED,CONFIRMED
SUPPORTING,0.613,True,CRIMINAL,SUSPECTED
NEUTRAL,0.236,True,MIXED,UNKNOWN
CONTRADICTING,0.340,True,CRIMINAL,FALSE
NEUTRAL,0.339,True,LEGITIMATE,UNKNOWN
SUPPORTING,0.843,True,CRIMINAL,SUSPECTED
NEUTRAL,0.461,True,LEGITIMATE,UNKNOWN
SUPPORTING,0.970,True,LEGITIMATE,CONFIRMED
SUPPORTING,0.616,True,AMBIGUOUS,SUSPECTED
SUPPORTING,0.937,True,MIXED,CONFIRMED
SUPPORTING,0.794,True,LEGITIMATE,SUSPECTED
SUPPORTING,0.801,True,MIXED,SUSPECTED
SUPPORTING,0.657,True,MIXED,SUSPECTED
SUPPORTING,0.637,True,LEGITIMATE,SUSPECTED
SUPPORTING,0.818,True,LEGITIMATE,SUSPECTED
SUPPORTING,0.706,True,MIXED,SUSPECTED
SUPPORTING,0.702,True,CRIMINAL,SUSPECTED
SUPPORTING,0.720,True,CRIMINAL,SUSPECTED
NEUTRAL,0.490,True,MIXED,UNKNOWN
SUPPORTING,0.961,True,LEGITIMATE,CONFIRMED
CONTRADICTING,0.131,True,LEGITIMATE,FALSE
NEUTRAL,0.239,True,LEGITIMATE,UNKNOWN
NEUTRAL,0.509,True,CRIMINAL,UNKNOWN
SUPPORTING,0.951,True,CRIMINAL,CONFIRMED
SUPPORTING,0.891,True,MIXED,CONFIRMED
CONTRADICTING,0.143,True,LEGITIMATE,FALSE
SUPPORTING,0.704,True,LEGITIMATE,SUSPECTED
SUPPORTING,0.880,True,AMBIGUOUS,CONFIRMED
SUPPORTING,0.975,True,CRIMINAL,CONFIRMED
NEUTRAL,0.387,True,LEGITIMATE,UNKNOWN
SUPPORTING,0.940,True,CRIMINAL,CONFIRMED
NEUTRAL,0.420,True,AMBIGUOUS,UNKNOWN
SUPPORTING,0.851,True,LEGITIMATE,SUSPECTED
CONTRADICTING,0.155,True,MIXED,FALSE
SUPPORTING,0.856,True,CRIMINAL,CONFIRMED
SUPPORTING,0.850,True,CRIMINAL,SUSPECTED
SUPPORTING,0.836,True,CRIMINAL,CONFIRMED
NEUTRAL,0.493,True,MIXED,UNKNOWN
SUPPORTING,0.945,True,CRIMINAL,CONFIRMED
NEUTRAL,0.443,True,CRIMINAL,UNKNOWN
SUPPORTING,0.813,True,AMBIGUOUS,SUSPECTED
CONTRADICTING,0.241,True,AMBIGUOUS,FALSE
NEUTRAL,0.296,True,AMBIGUOUS,UNKNOWN
NEUTRAL,0.288,True,CRIMINAL,UNKNOWN
SUPPORTING,0.726,True,LEGITIMATE,SUSPECTED
SUPPORTING,0.701,True,MIXED,SUSPECTED
SUPPORTING,0.864,True,CRIMINAL,CONFIRMED
SUPPORTING,0.974,True,LEGITIMATE,CONFIRMED
NEUTRAL,0.284,True,MIXED,UNKNOWN
SUPPORTING,0.928,True,MIXED,CONFIRMED
SUPPORTING,0.888,True,CRIMINAL,CONFIRMED
SUPPORTING,0.889,True,CRIMINAL,CONFIRMED
SUPPORTING,0.848,True,CRIMINAL,CONFIRMED
NEUTRAL,0.363,True,MIXED,UNKNOWN
NEUTRAL,0.462,True,AMBIGUOUS,UNKNOWN
SUPPORTING,0.859,True,CRIMINAL,SUSPECTED
NEUTRAL,0.462,True,LEGITIMATE,UNKNOWN
SUPPORTING,0.599,True,CRIMINAL,SUSPECTED
CONTRADICTING,0.415,True,AMBIGUOUS,FALSE
CONTRADICTING,0.316,True,MIXED,FALSE
SUPPORTING,0.860,True,CRIMINAL,CONFIRMED
SUPPORTING,0.605,True,MIXED,SUSPECTED
CONTRADICTING,0.165,True,CRIMINAL,FALSE
SUPPORTING,0.853,True,CRIMINAL,SUSPECTED
SUPPORTING,0.634,True,CRIMINAL,SUSPECTED
SUPPORTING,0.927,True,CRIMINAL,CONFIRMED
SUPPORTING,0.781,True,CRIMINAL,SUSPECTED
NEUTRAL,0.426,True,CRIMINAL,UNKNOWN
NEUTRAL,0.355,True,MIXED,UNKNOWN
NEUTRAL,0.228,True,LEGITIMATE,UNKNOWN
SUPPORTING,0.775,True,CRIMINAL,SUSPECTED
SUPPORTING,0.916,True,CRIMINAL,CONFIRMED
CONTRADICTING,0.168,True,MIXED,FALSE
NEUTRAL,0.372,True,CRIMINAL,UNKNOWN
NEUTRAL,0.341,True,CRIMINAL,UNKNOWN
SUPPORTING,0.937,True,LEGITIMATE,CONFIRMED
SUPPORTING,0.788,True,MIXED,SUSPECTED
SUPPORTING,0.878,True,MIXED,CONFIRMED
CONTRADICTING,0.229,True,CRIMINAL,FALSE
SUPPORTING,0.908,True,CRIMINAL,CONFIRMED
SUPPORTING,0.856,True,CRIMINAL,CONFIRMED
SUPPORTING,0.679,True,AMBIGUOUS,SUSPECTED
CONTRADICTING,0.344,True,CRIMINAL,FALSE
SUPPORTING,0.610,True,AMBIGUOUS,SUSPECTED
NEUTRAL,0.351,True,LEGITIMATE,UNKNOWN
SUPPORTING,0.650,True,CRIMINAL,SUSPECTED
SUPPORTING,0.747,True,MIXED,SUSPECTED
SUPPORTING,0.985,True,LEGITIMATE,CONFIRMED
SUPPORTING,0.783,True,CRIMINAL,SUSPECTED
CONTRADICTING,0.354,True,AMBIGUOUS,FALSE
NEUTRAL,0.507,True,LEGITIMATE,UNKNOWN
CONTRADICTING,0.245,True,LEGITIMATE,FALSE
CONTRADICTING,0.397,True,LEGITIMATE,FALSE
NEUTRAL,0.488,True,LEGITIMATE,UNKNOWN
CONTRADICTING,0.372,True,LEGITIMATE,FALSE
SUPPORTING,0.926,True,CRIMINAL,CONFIRMED
SUPPORTING,0.641,True,LEGITIMATE,SUSPECTED
NEUTRAL,0.204,True,CRIMINAL,UNKNOWN
CONTRADICTING,0.387,True,MIXED,FALSE
SUPPORTING,0.764,True,LEGITIMATE,SUSPECTED
CONTRADICTING,0.401,True,LEGITIMATE,FALSE
SUPPORTING,0.703,True,CRIMINAL,SUSPECTED
SUPPORTING,0.914,True,CRIMINAL,CONFIRMED
SUPPORTING,0.634,True,CRIMINAL,SUSPECTED
NEUTRAL,0.382,True,MIXED,UNKNOWN
SUPPORTING,0.905,True,MIXED,CONFIRMED
SUPPORTING,0.586,True,CRIMINAL,SUSPECTED
CONTRADICTING,0.220,True,AMBIGUOUS,FALSE
SUPPORTING,0.871,True,AMBIGUOUS,CONFIRMED
SUPPORTING,0.875,True,CRIMINAL,CONFIRMED
SUPPORTING,0.987,True,CRIMINAL,CONFIRMED
SUPPORTING,0.856,True,AMBIGUOUS,CONFIRMED
SUPPORTING,0.704,True,CRIMINAL,SUSPECTED
NEUTRAL,0.354,True,AMBIGUOUS,UNKNOWN
SUPPORTING,0.849,True,MIXED,CONFIRMED
SUPPORTING,0.808,True,CRIMINAL,SUSPECTED
CONTRADICTING,0.196,True,CRIMINAL,FALSE
NEUTRAL,0.405,True,MIXED,UNKNOWN
NEUTRAL,0.296,True,LEGITIMATE,UNKNOWN
SUPPORTING,0.598,True,MIXED,SUSPECTED
SUPPORTING,0.802,True,AMBIGUOUS,SUSPECTED
SUPPORTING,0.655,True,MIXED,SUSPECTED
SUPPORTING,0.739,True,LEGITIMATE,SUSPECTED
CONTRADICTING,0.337,True,LEGITIMATE,FALSE
SUPPORTING,0.794,True,MIXED,SUSPECTED
NEUTRAL,0.232,True,MIXED,UNKNOWN
SUPPORTING,0.900,True,AMBIGUOUS,CONFIRMED
SUPPORTING,0.823,True,MIXED,CONFIRMED
NEUTRAL,0.518,True,CRIMINAL,UNKNOWN
SUPPORTING,0.754,True,LEGITIMATE,SUSPECTED
SUPPORTING,0.823,True,MIXED,CONFIRMED
SUPPORTING,0.597,True,AMBIGUOUS,SUSPECTED
SUPPORTING,0.586,True,AMBIGUOUS,SUSPECTED
SUPPORTING,0.708,True,CRIMINAL,SUSPECTED
SUPPORTING,0.822,True,CRIMINAL,CONFIRMED
SUPPORTING,0.985,True,AMBIGUOUS,CONFIRMED
SUPPORTING,0.581,True,MIXED,SUSPECTED
SUPPORTING,0.640,True,CRIMINAL,SUSPECTED
NEUTRAL,0.286,True,MIXED,UNKNOWN
CONTRADICTING,0.284,True,LEGITIMATE,FALSE
NEUTRAL,0.388,True,MIXED,UNKNOWN
SUPPORTING,0.880,True,CRIMINAL,CONFIRMED
SUPPORTING,0.672,True,CRIMINAL,SUSPECTED
SUPPORTING,0.832,True,MIXED,SUSPECTED
CONTRADICTING,0.347,True,AMBIGUOUS,FALSE
NEUTRAL,0.391,True,MIXED,UNKNOWN
SUPPORTING,0.974,True,CRIMINAL,CONFIRMED
NEUTRAL,0.516,True,LEGITIMATE,UNKNOWN
CONTRADICTING,0.133,True,CRIMINAL,FALSE
CONTRADICTING,0.399,True,LEGITIMATE,FALSE
NEUTRAL,0.350,True,AMBIGUOUS,UNKNOWN
CONTRADICTING,0.167,True,LEGITIMATE,FALSE
SUPPORTING,0.732,True,AMBIGUOUS,SUSPECTED
SUPPORTING,0.826,True,CRIMINAL,CONFIRMED
NEUTRAL,0.202,True,CRIMINAL,UNKNOWN
SUPPORTING,0.780,True,AMBIGUOUS,SUSPECTED
NEUTRAL,0.330,True,CRIMINAL,UNKNOWN
NEUTRAL,0.334,True,MIXED,UNKNOWN
NEUTRAL,0.503,True,AMBIGUOUS,UNKNOWN
NEUTRAL,0.445,True,LEGITIMATE,UNKNOWN
SUPPORTING,0.647,True,CRIMINAL,SUSPECTED
SUPPORTING,0.787,True,CRIMINAL,SUSPECTED
SUPPORTING,0.973,True,CRIMINAL,CONFIRMED
SUPPORTING,0.977,True,CRIMINAL,CONFIRMED
CONTRADICTING,0.321,True,MIXED,FALSE
SUPPORTING,0.717,True,MIXED,SUSPECTED
SUPPORTING,0.891,True,CRIMINAL,CONFIRMED
CONTRADICTING,0.314,True,MIXED,FALSE
NEUTRAL,0.214,True,LEGITIMATE,UNKNOWN
SUPPORTING,0.861,True,CRIMINAL,CONFIRMED
SUPPORTING,0.666,True,LEGITIMATE,SUSPECTED
SUPPORTING,0.836,True,CRIMINAL,SUSPECTED
SUPPORTING,0.863,True,CRIMINAL,CONFIRMED
SUPPORTING,0.810,True,CRIMINAL,SUSPECTED
SUPPORTING,0.581,True,AMBIGUOUS,SUSPECTED
SUPPORTING,0.752,True,MIXED,SUSPECTED
NEUTRAL,0.526,True,LEGITIMATE,UNKNOWN
CONTRADICTING,0.122,True,MIXED,FALSE
NEUTRAL,0.368,True,CRIMINAL,UNKNOWN
SUPPORTING,0.826,True,CRIMINAL,SUSPECTED
SUPPORTING,0.590,True,CRIMINAL,SUSPECTED
CONTRADICTING,0.414,True,LEGITIMATE,FALSE
NEUTRAL,0.358,True,MIXED,UNKNOWN
NEUTRAL,0.414,True,CRIMINAL,UNKNOWN
SUPPORTING,0.716,True,CRIMINAL,SUSPECTED
SUPPORTING,0.641,True,CRIMINAL,SUSPECTED
NEUTRAL,0.435,True,LEGITIMATE,UNKNOWN
NEUTRAL,0.226,True,CRIMINAL,UNKNOWN
CONTRADICTING,0.260,True,LEGITIMATE,FALSE
SUPPORTING,0.822,True,CRIMINAL,CONFIRMED
NEUTRAL,0.371,True,CRIMINAL,UNKNOWN
NEUTRAL,0.401,True,LEGITIMATE,UNKNOWN
NEUTRAL,0.297,True,MIXED,UNKNOWN
SUPPORTING,0.939,True,AMBIGUOUS,CONFIRMED
SUPPORTING,0.874,True,CRIMINAL,CONFIRMED
SUPPORTING,0.774,True,CRIMINAL,SUSPECTED
SUPPORTING,0.956,True,CRIMINAL,CONFIRMED
CONTRADICTING,0.237,True,LEGITIMATE,FALSE
SUPPORTING,0.691,True,AMBIGUOUS,SUSPECTED
SUPPORTING,0.845,True,CRIMINAL,SUSPECTED
CONTRADICTING,0.420,True,LEGITIMATE,FALSE
NEUTRAL,0.276,True,CRIMINAL,UNKNOWN
NEUTRAL,0.502,True,LEGITIMATE,UNKNOWN
SUPPORTING,0.790,True,CRIMINAL,SUSPECTED
SUPPORTING,0.655,True,CRIMINAL,SUSPECTED
SUPPORTING,0.881,True,CRIMINAL,CONFIRMED
NEUTRAL,0.451,True,AMBIGUOUS,UNKNOWN
CONTRADICTING,0.184,True,MIXED,FALSE
CONTRADICTING,0.227,True,MIXED,FALSE
SUPPORTING,0.595,True,MIXED,SUSPECTED
NEUTRAL,0.405,True,LEGITIMATE,UNKNOWN
SUPPORTING,0.894,True,MIXED,CONFIRMED
CONTRADICTING,0.203,True,AMBIGUOUS,FALSE
SUPPORTING,0.791,True,MIXED,SUSPECTED
SUPPORTING,0.850,True,CRIMINAL,CONFIRMED
CONTRADICTING,0.376,True,LEGITIMATE,FALSE
NEUTRAL,0.450,True,LEGITIMATE,UNKNOWN
NEUTRAL,0.252,True,MIXED,UNKNOWN
SUPPORTING,0.638,True,LEGITIMATE,SUSPECTED
NEUTRAL,0.504,True,AMBIGUOUS,UNKNOWN
SUPPORTING,0.908,True,CRIMINAL,CONFIRMED
CONTRADICTING,0.147,True,LEGITIMATE,FALSE
NEUTRAL,0.499,True,LEGITIMATE,UNKNOWN
SUPPORTING,0.892,True,CRIMINAL,CONFIRMED
SUPPORTING,0.666,True,MIXED,SUSPECTED
SUPPORTING,0.973,True,CRIMINAL,CONFIRMED
SUPPORTING,0.625,True,AMBIGUOUS,SUSPECTED
NEUTRAL,0.250,True,AMBIGUOUS,UNKNOWN
NEUTRAL,0.486,True,CRIMINAL,UNKNOWN
NEUTRAL,0.427,True,AMBIGUOUS,UNKNOWN
SUPPORTING,0.805,True,MIXED,SUSPECTED
NEUTRAL,0.357,True,AMBIGUOUS,UNKNOWN
NEUTRAL,0.306,True,CRIMINAL,UNKNOWN
SUPPORTING,0.636,True,CRIMINAL,SUSPECTED
SUPPORTING,0.612,True,MIXED,SUSPECTED
SUPPORTING,0.686,True,CRIMINAL,SUSPECTED
SUPPORTING,0.628,True,AMBIGUOUS,SUSPECTED
SUPPORTING,0.919,True,LEGITIMATE,CONFIRMED
SUPPORTING,0.686,True,LEGITIMATE,SUSPECTED
NEUTRAL,0.269,True,CRIMINAL,UNKNOWN
CONTRADICTING,0.219,True,LEGITIMATE,FALSE
NEUTRAL,0.461,True,LEGITIMATE,UNKNOWN
SUPPORTING,0.642,True,AMBIGUOUS,SUSPECTED
SUPPORTING,0.855,True,MIXED,SUSPECTED
NEUTRAL,0.485,True,LEGITIMATE,UNKNOWN
SUPPORTING,0.616,True,LEGITIMATE,SUSPECTED
NEUTRAL,0.337,True,AMBIGUOUS,UNKNOWN
SUPPORTING,0.829,True,AMBIGUOUS,CONFIRMED
NEUTRAL,0.467,True,CRIMINAL,UNKNOWN
CONTRADICTING,0.179,True,AMBIGUOUS,FALSE
NEUTRAL,0.351,True,AMBIGUOUS,UNKNOWN
CONTRADICTING,0.401,True,LEGITIMATE,FALSE
SUPPORTING,0.822,True,MIXED,SUSPECTED
NEUTRAL,0.512,True,AMBIGUOUS,UNKNOWN
SUPPORTING,0.665,True,AMBIGUOUS,SUSPECTED
SUPPORTING,0.988,True,CRIMINAL,CONFIRMED
SUPPORTING,0.717,True,MIXED,SUSPECTED
CONTRADICTING,0.297,True,LEGITIMATE,FALSE
SUPPORTING,0.626,True,LEGITIMATE,SUSPECTED
SUPPORTING,0.864,True,MIXED,CONFIRMED
SUPPORTING,0.766,True,MIXED,SUSPECTED
SUPPORTING,0.903,True,CRIMINAL,CONFIRMED
SUPPORTING,0.622,True,MIXED,SUSPECTED
NEUTRAL,0.300,True,MIXED,UNKNOWN
SUPPORTING,0.633,True,CRIMINAL,SUSPECTED
SUPPORTING,0.940,True,LEGITIMATE,CONFIRMED
SUPPORTING,0.599,True,CRIMINAL,SUSPECTED
SUPPORTING,0.697,True,CRIMINAL,SUSPECTED
SUPPORTING,0.916,True,AMBIGUOUS,CONFIRMED
CONTRADICTING,0.236,True,AMBIGUOUS,FALSE
SUPPORTING,0.662,True,AMBIGUOUS,SUSPECTED
SUPPORTING,0.712,True,CRIMINAL,SUSPECTED
SUPPORTING,0.745,True,LEGITIMATE,SUSPECTED
SUPPORTING,0.846,True,LEGITIMATE,SUSPECTED
SUPPORTING,0.612,True,CRIMINAL,SUSPECTED
CONTRADICTING,0.139,True,LEGITIMATE,FALSE
SUPPORTING,0.975,True,CRIMINAL,CONFIRMED
SUPPORTING,0.613,True,MIXED,SUSPECTED
CONTRADICTING,0.156,True,CRIMINAL,FALSE
SUPPORTING,0.979,True,MIXED,CONFIRMED
SUPPORTING,0.716,True,CRIMINAL,SUSPECTED
SUPPORTING,0.629,True,CRIMINAL,SUSPECTED
SUPPORTING,0.786,True,MIXED,SUSPECTED
SUPPORTING,0.941,True,CRIMINAL,CONFIRMED
SUPPORTING,0.803,True,CRIMINAL,SUSPECTED
NEUTRAL,0.216,True,CRIMINAL,UNKNOWN
SUPPORTING,0.842,True,CRIMINAL,CONFIRMED
SUPPORTING,0.839,True,CRIMINAL,CONFIRMED
CONTRADICTING,0.282,True,MIXED,FALSE
SUPPORTING,0.822,True,CRIMINAL,CONFIRMED
NEUTRAL,0.340,True,MIXED,UNKNOWN
CONTRADICTING,0.418,True,MIXED,FALSE
SUPPORTING,0.688,True,MIXED,SUSPECTED
SUPPORTING,0.841,True,CRIMINAL,CONFIRMED
SUPPORTING,0.801,True,CRIMINAL,SUSPECTED
NEUTRAL,0.545,True,LEGITIMATE,UNKNOWN
NEUTRAL,0.451,True,AMBIGUOUS,UNKNOWN
SUPPORTING,0.916,True,AMBIGUOUS,CONFIRMED
SUPPORTING,0.797,True,CRIMINAL,SUSPECTED
NEUTRAL,0.345,True,MIXED,UNKNOWN
SUPPORTING,0.689,True,CRIMINAL,SUSPECTED
SUPPORTING,0.973,True,MIXED,CONFIRMED
CONTRADICTING,0.203,True,MIXED,FALSE
SUPPORTING,0.768,True,CRIMINAL,SUSPECTED
SUPPORTING,0.685,True,CRIMINAL,SUSPECTED
SUPPORTING,0.616,True,CRIMINAL,SUSPECTED
SUPPORTING,0.736,True,AMBIGUOUS,SUSPECTED
SUPPORTING,0.962,True,LEGITIMATE,CONFIRMED
NEUTRAL,0.392,True,AMBIGUOUS,UNKNOWN
CONTRADICTING,0.209,True,CRIMINAL,FALSE
SUPPORTING,0.585,True,AMBIGUOUS,SUSPECTED
CONTRADICTING,0.129,True,CRIMINAL,FALSE
CONTRADICTING,0.358,True,LEGITIMATE,FALSE
NEUTRAL,0.393,True,LEGITIMATE,UNKNOWN
SUPPORTING,0.720,True,CRIMINAL,SUSPECTED
NEUTRAL,0.402,True,MIXED,UNKNOWN
CONTRADICTING,0.259,True,LEGITIMATE,FALSE
NEUTRAL,0.230,True,AMBIGUOUS,UNKNOWN
SUPPORTING,0.921,True,AMBIGUOUS,CONFIRMED
SUPPORTING,0.821,True,CRIMINAL,CONFIRMED
SUPPORTING,0.697,True,MIXED,SUSPECTED
NEUTRAL,0.481,True,CRIMINAL,UNKNOWN
NEUTRAL,0.308,True,LEGITIMATE,UNKNOWN
SUPPORTING,0.847,True,LEGITIMATE,CONFIRMED
SUPPORTING,0.627,True,LEGITIMATE,SUSPECTED
CONTRADICTING,0.124,True,MIXED,FALSE
SUPPORTING,0.988,True,CRIMINAL,CONFIRMED
CONTRADICTING,0.311,True,CRIMINAL,FALSE
SUPPORTING,0.976,True,CRIMINAL,CONFIRMED
SUPPORTING,0.863,True,CRIMINAL,CONFIRMED
SUPPORTING,0.918,True,CRIMINAL,CONFIRMED
SUPPORTING,0.589,True,MIXED,SUSPECTED
NEUTRAL,0.409,True,CRIMINAL,UNKNOWN
SUPPORTING,0.604,True,AMBIGUOUS,SUSPECTED
NEUTRAL,0.534,True,AMBIGUOUS,UNKNOWN
SUPPORTING,0.731,True,MIXED,SUSPECTED
SUPPORTING,0.826,True,MIXED,SUSPECTED
CONTRADICTING,0.210,True,CRIMINAL,FALSE
SUPPORTING,0.838,True,CRIMINAL,CONFIRMED
SUPPORTING,0.942,True,LEGITIMATE,CONFIRMED
NEUTRAL,0.279,True,MIXED,UNKNOWN
SUPPORTING,0.831,True,CRIMINAL,CONFIRMED
CONTRADICTING,0.253,True,LEGITIMATE,FALSE
SUPPORTING,0.734,True,CRIMINAL,SUSPECTED
SUPPORTING,0.825,True,CRIMINAL,SUSPECTED
NEUTRAL,0.445,True,AMBIGUOUS,UNKNOWN
NEUTRAL,0.364,True,LEGITIMATE,UNKNOWN
NEUTRAL,0.251,True,CRIMINAL,UNKNOWN
CONTRADICTING,0.391,True,CRIMINAL,FALSE
SUPPORTING,0.857,True,CRIMINAL,CONFIRMED
SUPPORTING,0.853,True,AMBIGUOUS,CONFIRMED
CONTRADICTING,0.193,True,LEGITIMATE,FALSE
SUPPORTING,0.670,True,CRIMINAL,SUSPECTED
NEUTRAL,0.272,True,CRIMINAL,UNKNOWN
SUPPORTING,0.782,True,LEGITIMATE,SUSPECTED
SUPPORTING,0.852,True,CRIMINAL,CONFIRMED
NEUTRAL,0.456,True,CRIMINAL,UNKNOWN
SUPPORTING,0.843,True,MIXED,CONFIRMED
NEUTRAL,0.315,True,MIXED,UNKNOWN
SUPPORTING,0.829,True,LEGITIMATE,CONFIRMED
SUPPORTING,0.972,True,AMBIGUOUS,CONFIRMED
NEUTRAL,0.369,True,CRIMINAL,UNKNOWN
SUPPORTING,0.690,True,AMBIGUOUS,SUSPECTED
CONTRADICTING,0.270,True,MIXED,FALSE
SUPPORTING,0.606,True,LEGITIMATE,SUSPECTED
SUPPORTING,0.962,True,CRIMINAL,CONFIRMED
CONTRADICTING,0.186,True,LEGITIMATE,FALSE
SUPPORTING,0.759,True,CRIMINAL,SUSPECTED
SUPPORTING,0.879,True,MIXED,CONFIRMED
CONTRADICTING,0.377,True,LEGITIMATE,FALSE
CONTRADICTING,0.384,True,CRIMINAL,FALSE
NEUTRAL,0.523,True,LEGITIMATE,UNKNOWN
NEUTRAL,0.271,True,MIXED,UNKNOWN
SUPPORTING,0.822,True,AMBIGUOUS,SUSPECTED
SUPPORTING,0.730,True,AMBIGUOUS,SUSPECTED
NEUTRAL,0.346,True,MIXED,UNKNOWN
SUPPORTING,0.610,True,CRIMINAL,SUSPECTED
SUPPORTING,0.839,True,MIXED,SUSPECTED
SUPPORTING,0.824,True,CRIMINAL,SUSPECTED
CONTRADICTING,0.325,True,LEGITIMATE,FALSE
SUPPORTING,0.675,True,CRIMINAL,SUSPECTED
SUPPORTING,0.980,True,CRIMINAL,CONFIRMED
SUPPORTING,0.839,True,CRIMINAL,CONFIRMED
SUPPORTING,0.673,True,LEGITIMATE,SUSPECTED
SUPPORTING,0.876,True,MIXED,CONFIRMED
CONTRADICTING,0.123,True,AMBIGUOUS,FALSE
NEUTRAL,0.408,True,CRIMINAL,UNKNOWN
SUPPORTING,0.728,True,MIXED,SUSPECTED
SUPPORTING,0.865,True,AMBIGUOUS,CONFIRMED
NEUTRAL,0.521,True,CRIMINAL,UNKNOWN
SUPPORTING,0.826,True,CRIMINAL,CONFIRMED
CONTRADICTING,0.419,True,AMBIGUOUS,FALSE
SUPPORTING,0.581,True,CRIMINAL,SUSPECTED
NEUTRAL,0.546,True,LEGITIMATE,UNKNOWN
CONTRADICTING,0.355,True,CRIMINAL,FALSE
SUPPORTING,0.936,True,CRIMINAL,CONFIRMED
CONTRADICTING,0.391,True,LEGITIMATE,FALSE
SUPPORTING,0.616,True,CRIMINAL,SUSPECTED
SUPPORTING,0.847,True,MIXED,CONFIRMED
NEUTRAL,0.242,True,MIXED,UNKNOWN
SUPPORTING,0.842,True,AMBIGUOUS,CONFIRMED
NEUTRAL,0.473,True,CRIMINAL,UNKNOWN
SUPPORTING,0.776,True,AMBIGUOUS,SUSPECTED
SUPPORTING,0.854,True,MIXED,CONFIRMED
SUPPORTING,0.721,True,MIXED,SUSPECTED
SUPPORTING,0.826,True,CRIMINAL,CONFIRMED
SUPPORTING,0.863,True,LEGITIMATE,CONFIRMED
CONTRADICTING,0.298,True,LEGITIMATE,FALSE
CONTRADICTING,0.376,True,LEGITIMATE,FALSE
SUPPORTING,0.724,True,MIXED,SUSPECTED
SUPPORTING,0.905,True,MIXED,CONFIRMED
CONTRADICTING,0.363,True,LEGITIMATE,FALSE
SUPPORTING,0.664,True,CRIMINAL,SUSPECTED
CONTRADICTING,0.139,True,LEGITIMATE,FALSE
CONTRADICTING,0.404,True,CRIMINAL,FALSE
CONTRADICTING,0.390,True,MIXED,FALSE
CONTRADICTING,0.362,True,LEGITIMATE,FALSE
CONTRADICTING,0.153,True,LEGITIMATE,FALSE
CONTRADICTING,0.200,True,CRIMINAL,FALSE
CONTRADICTING,0.215,True,LEGITIMATE,FALSE
SUPPORTING,0.736,True,CRIMINAL,SUSPECTED
SUPPORTING,0.911,True,AMBIGUOUS,CONFIRMED
NEUTRAL,0.269,True,AMBIGUOUS,UNKNOWN
SUPPORTING,0.668,True,CRIMINAL,SUSPECTED
NEUTRAL,0.369,True,AMBIGUOUS,UNKNOWN
NEUTRAL,0.417,True,MIXED,UNKNOWN
SUPPORTING,0.771,True,MIXED,SUSPECTED
NEUTRAL,0.209,True,MIXED,UNKNOWN
SUPPORTING,0.635,True,MIXED,SUSPECTED
NEUTRAL,0.534,True,MIXED,UNKNOWN
SUPPORTING,0.588,True,CRIMINAL,SUSPECTED
SUPPORTING,0.704,True,MIXED,SUSPECTED
CONTRADICTING,0.305,True,CRIMINAL,FALSE
SUPPORTING,0.659,True,MIXED,SUSPECTED
NEUTRAL,0.327,True,LEGITIMATE,UNKNOWN
CONTRADICTING,0.269,True,AMBIGUOUS,FALSE
NEUTRAL,0.302,True,CRIMINAL,UNKNOWN
NEUTRAL,0.534,True,LEGITIMATE,UNKNOWN
NEUTRAL,0.234,True,AMBIGUOUS,UNKNOWN
SUPPORTING,0.852,True,CRIMINAL,SUSPECTED
NEUTRAL,0.362,True,MIXED,UNKNOWN
SUPPORTING,0.771,True,CRIMINAL,SUSPECTED
SUPPORTING,0.700,True,CRIMINAL,SUSPECTED
NEUTRAL,0.384,True,AMBIGUOUS,UNKNOWN
NEUTRAL,0.307,True,AMBIGUOUS,UNKNOWN
CONTRADICTING,0.316,True,CRIMINAL,FALSE
SUPPORTING,0.826,True,LEGITIMATE,CONFIRMED
SUPPORTING,0.626,True,CRIMINAL,SUSPECTED
CONTRADICTING,0.179,True,LEGITIMATE,FALSE
SUPPORTING,0.958,True,CRIMINAL,CONFIRMED
NEUTRAL,0.272,True,CRIMINAL,UNKNOWN
SUPPORTING,0.817,True,CRIMINAL,SUSPECTED
CONTRADICTING,0.383,True,LEGITIMATE,FALSE
SUPPORTING,0.694,True,MIXED,SUSPECTED
SUPPORTING,0.894,True,AMBIGUOUS,CONFIRMED
CONTRADICTING,0.261,True,CRIMINAL,FALSE
SUPPORTING,0.712,True,MIXED,SUSPECTED
SUPPORTING,0.590,True,MIXED,SUSPECTED
NEUTRAL,0.231,True,MIXED,UNKNOWN
SUPPORTING,0.895,True,LEGITIMATE,CONFIRMED
NEUTRAL,0.248,True,CRIMINAL,UNKNOWN
SUPPORTING,0.841,True,MIXED,CONFIRMED
NEUTRAL,0.548,True,MIXED,UNKNOWN
CONTRADICTING,0.204,True,LEGITIMATE,FALSE
SUPPORTING,0.866,True,CRIMINAL,CONFIRMED
NEUTRAL,0.371,True,CRIMINAL,UNKNOWN
SUPPORTING,0.806,True,MIXED,SUSPECTED
SUPPORTING,0.862,True,MIXED,CONFIRMED
CONTRADICTING,0.210,True,MIXED,FALSE
CONTRADICTING,0.377,True,AMBIGUOUS,FALSE
SUPPORTING,0.791,True,CRIMINAL,SUSPECTED
SUPPORTING,0.594,True,MIXED,SUSPECTED
CONTRADICTING,0.391,True,MIXED,FALSE
SUPPORTING,0.702,True,CRIMINAL,SUSPECTED
SUPPORTING,0.616,True,AMBIGUOUS,SUSPECTED
SUPPORTING,0.986,True,MIXED,CONFIRMED
SUPPORTING,0.628,True,LEGITIMATE,SUSPECTED
NEUTRAL,0.475,True,LEGITIMATE,UNKNOWN
SUPPORTING,0.883,True,CRIMINAL,CONFIRMED
CONTRADICTING,0.349,True,CRIMINAL,FALSE
SUPPORTING,0.821,True,LEGITIMATE,SUSPECTED
CONTRADICTING,0.127,True,CRIMINAL,FALSE
NEUTRAL,0.423,True,CRIMINAL,UNKNOWN
SUPPORTING,0.617,True,CRIMINAL,SUSPECTED
CONTRADICTING,0.349,True,CRIMINAL,FALSE
SUPPORTING,0.612,True,LEGITIMATE,SUSPECTED
NEUTRAL,0.229,True,AMBIGUOUS,UNKNOWN
SUPPORTING,0.625,True,CRIMINAL,SUSPECTED
CONTRADICTING,0.156,True,CRIMINAL,FALSE
SUPPORTING,0.824,True,CRIMINAL,CONFIRMED
NEUTRAL,0.472,True,AMBIGUOUS,UNKNOWN
SUPPORTING,0.946,True,LEGITIMATE,CONFIRMED
SUPPORTING,0.830,True,MIXED,CONFIRMED
SUPPORTING,0.982,True,CRIMINAL,CONFIRMED
NEUTRAL,0.548,True,LEGITIMATE,UNKNOWN
CONTRADICTING,0.220,True,LEGITIMATE,FALSE
CONTRADICTING,0.238,True,LEGITIMATE,FALSE
SUPPORTING,0.605,True,AMBIGUOUS,SUSPECTED
SUPPORTING,0.780,True,AMBIGUOUS,SUSPECTED
SUPPORTING,0.602,True,AMBIGUOUS,SUSPECTED
SUPPORTING,0.951,True,AMBIGUOUS,CONFIRMED
CONTRADICTING,0.125,True,CRIMINAL,FALSE
CONTRADICTING,0.143,True,MIXED,FALSE
SUPPORTING,0.886,True,MIXED,CONFIRMED
NEUTRAL,0.209,True,MIXED,UNKNOWN
NEUTRAL,0.367,True,AMBIGUOUS,UNKNOWN
CONTRADICTING,0.254,True,AMBIGUOUS,FALSE
NEUTRAL,0.400,True,AMBIGUOUS,UNKNOWN
SUPPORTING,0.908,True,AMBIGUOUS,CONFIRMED
SUPPORTING,0.632,True,MIXED,SUSPECTED
SUPPORTING,0.658,True,LEGITIMATE,SUSPECTED
SUPPORTING,0.883,True,CRIMINAL,CONFIRMED
SUPPORTING,0.606,True,LEGITIMATE,SUSPECTED
SUPPORTING,0.975,True,LEGITIMATE,CONFIRMED
CONTRADICTING,0.281,True,LEGITIMATE,FALSE
CONTRADICTING,0.395,True,CRIMINAL,FALSE
CONTRADICTING,0.252,True,LEGITIMATE,FALSE
CONTRADICTING,0.275,True,CRIMINAL,FALSE
NEUTRAL,0.544,True,LEGITIMATE,UNKNOWN
CONTRADICTING,0.149,True,AMBIGUOUS,FALSE
CONTRADICTING,0.222,True,CRIMINAL,FALSE
SUPPORTING,0.859,True,CRIMINAL,CONFIRMED
SUPPORTING,0.864,True,CRIMINAL,CONFIRMED
CONTRADICTING,0.307,True,AMBIGUOUS,FALSE
NEUTRAL,0.481,True,LEGITIMATE,UNKNOWN
NEUTRAL,0.372,True,MIXED,UNKNOWN
SUPPORTING,0.877,True,AMBIGUOUS,CONFIRMED
NEUTRAL,0.218,True,LEGITIMATE,UNKNOWN
NEUTRAL,0.470,True,CRIMINAL,UNKNOWN
SUPPORTING,0.641,True,CRIMINAL,SUSPECTED
SUPPORTING,0.912,True,LEGITIMATE,CONFIRMED
NEUTRAL,0.416,True,LEGITIMATE,UNKNOWN
SUPPORTING,0.848,True,CRIMINAL,CONFIRMED
SUPPORTING,0.873,True,AMBIGUOUS,CONFIRMED
SUPPORTING,0.873,True,CRIMINAL,CONFIRMED
NEUTRAL,0.530,True,CRIMINAL,UNKNOWN
NEUTRAL,0.523,True,MIXED,UNKNOWN
SUPPORTING,0.942,True,CRIMINAL,CONFIRMED
CONTRADICTING,0.406,True,LEGITIMATE,FALSE
SUPPORTING,0.822,True,CRIMINAL,CONFIRMED
SUPPORTING,0.824,True,MIXED,CONFIRMED
NEUTRAL,0.451,True,MIXED,UNKNOWN
CONTRADICTING,0.391,True,CRIMINAL,FALSE
NEUTRAL,0.484,True,LEGITIMATE,UNKNOWN
SUPPORTING,0.861,True,LEGITIMATE,CONFIRMED
CONTRADICTING,0.120,True,MIXED,FALSE
SUPPORTING,0.658,True,CRIMINAL,SUSPECTED
CONTRADICTING,0.212,True,AMBIGUOUS,FALSE
SUPPORTING,0.612,True,MIXED,SUSPECTED
NEUTRAL,0.324,True,AMBIGUOUS,UNKNOWN
SUPPORTING,0.808,True,LEGITIMATE,SUSPECTED
NEUTRAL,0.223,True,LEGITIMATE,UNKNOWN
NEUTRAL,0.255,True,LEGITIMATE,UNKNOWN
NEUTRAL,0.463,True,AMBIGUOUS,UNKNOWN
NEUTRAL,0.239,True,CRIMINAL,UNKNOWN
SUPPORTING,0.761,True,AMBIGUOUS,SUSPECTED
NEUTRAL,0.317,True,LEGITIMATE,UNKNOWN
SUPPORTING,0.721,True,CRIMINAL,SUSPECTED
NEUTRAL,0.275,True,AMBIGUOUS,UNKNOWN
CONTRADICTING,0.203,True,LEGITIMATE,FALSE
SUPPORTING,0.857,True,MIXED,SUSPECTED
NEUTRAL,0.513,True,CRIMINAL,UNKNOWN
NEUTRAL,0.532,True,MIXED,UNKNOWN
SUPPORTING,0.635,True,CRIMINAL,SUSPECTED
NEUTRAL,0.274,True,MIXED,UNKNOWN
NEUTRAL,0.504,True,AMBIGUOUS,UNKNOWN
SUPPORTING,0.899,True,MIXED,CONFIRMED
SUPPORTING,0.761,True,LEGITIMATE,SUSPECTED
CONTRADICTING,0.323,True,MIXED,FALSE
SUPPORTING,0.946,True,LEGITIMATE,CONFIRMED
SUPPORTING,0.826,True,MIXED,SUSPECTED
NEUTRAL,0.392,True,MIXED,UNKNOWN
CONTRADICTING,0.320,True,MIXED,FALSE
SUPPORTING,0.819,True,AMBIGUOUS,SUSPECTED
SUPPORTING,0.844,True,CRIMINAL,CONFIRMED
NEUTRAL,0.480,True,CRIMINAL,UNKNOWN
CONTRADICTING,0.407,True,LEGITIMATE,FALSE
SUPPORTING,0.773,True,AMBIGUOUS,SUSPECTED
NEUTRAL,0.431,True,CRIMINAL,UNKNOWN
NEUTRAL,0.523,True,AMBIGUOUS,UNKNOWN
SUPPORTING,0.834,True,MIXED,SUSPECTED
CONTRADICTING,0.375,True,LEGITIMATE,FALSE
NEUTRAL,0.392,True,MIXED,UNKNOWN
SUPPORTING,0.746,True,MIXED,SUSPECTED
SUPPORTING,0.916,True,MIXED,CONFIRMED
CONTRADICTING,0.185,True,CRIMINAL,FALSE
SUPPORTING,0.854,True,AMBIGUOUS,SUSPECTED
SUPPORTING,0.584,True,MIXED,SUSPECTED
NEUTRAL,0.356,True,AMBIGUOUS,UNKNOWN
SUPPORTING,0.826,True,CRIMINAL,CONFIRMED
SUPPORTING,0.692,True,CRIMINAL,SUSPECTED
SUPPORTING,0.617,True,MIXED,SUSPECTED
SUPPORTING,0.684,True,AMBIGUOUS,SUSPECTED
SUPPORTING,0.936,True,CRIMINAL,CONFIRMED
SUPPORTING,0.972,True,CRIMINAL,CONFIRMED
SUPPORTING,0.691,True,CRIMINAL,SUSPECTED
NEUTRAL,0.234,True,MIXED,UNKNOWN
NEUTRAL,0.217,True,CRIMINAL,UNKNOWN
SUPPORTING,0.598,True,CRIMINAL,SUSPECTED
NEUTRAL,0.347,True,MIXED,UNKNOWN
NEUTRAL,0.210,True,CRIMINAL,UNKNOWN
SUPPORTING,0.582,True,MIXED,SUSPECTED
SUPPORTING,0.850,True,LEGITIMATE,SUSPECTED
NEUTRAL,0.417,True,AMBIGUOUS,UNKNOWN
NEUTRAL,0.494,True,MIXED,UNKNOWN
NEUTRAL,0.453,True,MIXED,UNKNOWN
SUPPORTING,0.879,True,CRIMINAL,CONFIRMED
NEUTRAL,0.486,True,MIXED,UNKNOWN
SUPPORTING,0.871,True,CRIMINAL,CONFIRMED
SUPPORTING,0.942,True,CRIMINAL,CONFIRMED
SUPPORTING,0.617,True,MIXED,SUSPECTED
SUPPORTING,0.840,True,LEGITIMATE,SUSPECTED
NEUTRAL,0.527,True,CRIMINAL,UNKNOWN
CONTRADICTING,0.257,True,AMBIGUOUS,FALSE
SUPPORTING,0.721,True,CRIMINAL,SUSPECTED
CONTRADICTING,0.217,True,MIXED,FALSE
SUPPORTING,0.947,True,MIXED,CONFIRMED
SUPPORTING,0.970,True,CRIMINAL,CONFIRMED
SUPPORTING,0.923,True,LEGITIMATE,CONFIRMED
SUPPORTING,0.932,True,CRIMINAL,CONFIRMED
SUPPORTING,0.661,True,MIXED,SUSPECTED
NEUTRAL,0.290,True,CRIMINAL,UNKNOWN
CONTRADICTING,0.381,True,MIXED,FALSE
SUPPORTING,0.850,True,CRIMINAL,CONFIRMED
CONTRADICTING,0.341,True,LEGITIMATE,FALSE
NEUTRAL,0.543,True,CRIMINAL,UNKNOWN
SUPPORTING,0.655,True,CRIMINAL,SUSPECTED
SUPPORTING,0.708,True,AMBIGUOUS,SUSPECTED
CONTRADICTING,0.130,True,CRIMINAL,FALSE
CONTRADICTING,0.332,True,CRIMINAL,FALSE
CONTRADICTING,0.199,True,LEGITIMATE,FALSE
SUPPORTING,0.662,True,MIXED,SUSPECTED
SUPPORTING,0.654,True,LEGITIMATE,SUSPECTED
NEUTRAL,0.350,True,MIXED,UNKNOWN
CONTRADICTING,0.216,True,CRIMINAL,FALSE
NEUTRAL,0.464,True,AMBIGUOUS,UNKNOWN
SUPPORTING,0.845,True,MIXED,SUSPECTED
SUPPORTING,0.589,True,CRIMINAL,SUSPECTED
CONTRADICTING,0.165,True,AMBIGUOUS,FALSE
SUPPORTING,0.936,True,CRIMINAL,CONFIRMED
SUPPORTING,0.903,True,CRIMINAL,CONFIRMED
CONTRADICTING,0.275,True,CRIMINAL,FALSE
CONTRADICTING,0.171,True,MIXED,FALSE
SUPPORTING,0.869,True,CRIMINAL,CONFIRMED
SUPPORTING,0.889,True,CRIMINAL,CONFIRMED
SUPPORTING,0.725,True,CRIMINAL,SUSPECTED
CONTRADICTING,0.230,True,MIXED,FALSE
CONTRADICTING,0.406,True,MIXED,FALSE
SUPPORTING,0.844,True,CRIMINAL,SUSPECTED
NEUTRAL,0.313,True,MIXED,UNKNOWN
CONTRADICTING,0.347,True,LEGITIMATE,FALSE
SUPPORTING,0.879,True,LEGITIMATE,CONFIRMED
SUPPORTING,0.777,True,CRIMINAL,SUSPECTED
NEUTRAL,0.349,True,LEGITIMATE,UNKNOWN
NEUTRAL,0.467,True,LEGITIMATE,UNKNOWN
CONTRADICTING,0.128,True,CRIMINAL,FALSE
NEUTRAL,0.405,True,LEGITIMATE,UNKNOWN
NEUTRAL,0.404,True,CRIMINAL,UNKNOWN
CONTRADICTING,0.136,True,MIXED,FALSE
SUPPORTING,0.987,True,LEGITIMATE,CONFIRMED
NEUTRAL,0.249,True,AMBIGUOUS,UNKNOWN
SUPPORTING,0.859,True,LEGITIMATE,SUSPECTED
NEUTRAL,0.466,True,LEGITIMATE,UNKNOWN
SUPPORTING,0.717,True,MIXED,SUSPECTED
CONTRADICTING,0.192,True,CRIMINAL,FALSE
SUPPORTING,0.970,True,AMBIGUOUS,CONFIRMED
SUPPORTING,0.753,True,MIXED,SUSPECTED
SUPPORTING,0.878,True,CRIMINAL,CONFIRMED
NEUTRAL,0.360,True,MIXED,UNKNOWN
CONTRADICTING,0.125,True,LEGITIMATE,FALSE
CONTRADICTING,0.306,True,LEGITIMATE,FALSE
CONTRADICTING,0.234,True,CRIMINAL,FALSE
CONTRADICTING,0.211,True,AMBIGUOUS,FALSE
NEUTRAL,0.444,True,AMBIGUOUS,UNKNOWN
SUPPORTING,0.981,True,LEGITIMATE,CONFIRMED
SUPPORTING,0.625,True,LEGITIMATE,SUSPECTED
SUPPORTING,0.849,True,LEGITIMATE,SUSPECTED
NEUTRAL,0.469,True,AMBIGUOUS,UNKNOWN
SUPPORTING,0.834,True,CRIMINAL,SUSPECTED
SUPPORTING,0.609,True,CRIMINAL,SUSPECTED
NEUTRAL,0.295,True,CRIMINAL,UNKNOWN
SUPPORTING,0.791,True,CRIMINAL,SUSPECTED
SUPPORTING,0.919,True,MIXED,CONFIRMED
SUPPORTING,0.974,True,CRIMINAL,CONFIRMED
SUPPORTING,0.632,True,MIXED,SUSPECTED
SUPPORTING,0.698,True,CRIMINAL,SUSPECTED
NEUTRAL,0.309,True,CRIMINAL,UNKNOWN
SUPPORTING,0.663,True,AMBIGUOUS,SUSPECTED
CONTRADICTING,0.229,True,LEGITIMATE,FALSE
CONTRADICTING,0.351,True,CRIMINAL,FALSE
SUPPORTING,0.879,True,MIXED,CONFIRMED
SUPPORTING,0.682,True,AMBIGUOUS,SUSPECTED
SUPPORTING,0.988,True,MIXED,CONFIRMED
SUPPORTING,0.889,True,CRIMINAL,CONFIRMED
SUPPORTING,0.607,True,AMBIGUOUS,SUSPECTED
SUPPORTING,0.714,True,LEGITIMATE,SUSPECTED
NEUTRAL,0.334,True,AMBIGUOUS,UNKNOWN
NEUTRAL,0.548,True,MIXED,UNKNOWN
SUPPORTING,0.904,True,MIXED,CONFIRMED
CONTRADICTING,0.201,True,MIXED,FALSE
NEUTRAL,0.268,True,CRIMINAL,UNKNOWN
CONTRADICTING,0.409,True,LEGITIMATE,FALSE
NEUTRAL,0.395,True,LEGITIMATE,UNKNOWN
NEUTRAL,0.425,True,LEGITIMATE,UNKNOWN
SUPPORTING,0.685,True,CRIMINAL,SUSPECTED
SUPPORTING,0.896,True,MIXED,CONFIRMED
SUPPORTING,0.918,True,MIXED,CONFIRMED
NEUTRAL,0.376,True,CRIMINAL,UNKNOWN
CONTRADICTING,0.369,True,LEGITIMATE,FALSE
SUPPORTING,0.747,True,LEGITIMATE,SUSPECTED
SUPPORTING,0.783,True,MIXED,SUSPECTED
SUPPORTING,0.661,True,MIXED,SUSPECTED
SUPPORTING,0.908,True,LEGITIMATE,CONFIRMED
SUPPORTING,0.871,True,CRIMINAL,CONFIRMED
SUPPORTING,0.841,True,LEGITIMATE,CONFIRMED
CONTRADICTING,0.145,True,CRIMINAL,FALSE
SUPPORTING,0.616,True,CRIMINAL,SUSPECTED
NEUTRAL,0.510,True,AMBIGUOUS,UNKNOWN
SUPPORTING,0.818,True,MIXED,SUSPECTED
SUPPORTING,0.916,True,CRIMINAL,CONFIRMED
SUPPORTING,0.842,True,CRIMINAL,CONFIRMED
SUPPORTING,0.891,True,MIXED,CONFIRMED
SUPPORTING,0.711,True,CRIMINAL,SUSPECTED
SUPPORTING,0.816,True,AMBIGUOUS,SUSPECTED
SUPPORTING,0.877,True,MIXED,CONFIRMED
SUPPORTING,0.817,True,MIXED,SUSPECTED
SUPPORTING,0.857,True,CRIMINAL,CONFIRMED
SUPPORTING,0.829,True,AMBIGUOUS,SUSPECTED
SUPPORTING,0.955,True,CRIMINAL,CONFIRMED
SUPPORTING,0.767,True,LEGITIMATE,SUSPECTED
NEUTRAL,0.244,True,LEGITIMATE,UNKNOWN
SUPPORTING,0.692,True,CRIMINAL,SUSPECTED
SUPPORTING,0.812,True,CRIMINAL,SUSPECTED
NEUTRAL,0.447,True,MIXED,UNKNOWN
SUPPORTING,0.874,True,AMBIGUOUS,CONFIRMED
SUPPORTING,0.698,True,LEGITIMATE,SUSPECTED
CONTRADICTING,0.283,True,CRIMINAL,FALSE
CONTRADICTING,0.192,True,CRIMINAL,FALSE
SUPPORTING,0.902,True,MIXED,CONFIRMED
SUPPORTING,0.971,True,AMBIGUOUS,CONFIRMED
NEUTRAL,0.447,True,LEGITIMATE,UNKNOWN
SUPPORTING,0.947,True,MIXED,CONFIRMED
SUPPORTING,0.964,True,AMBIGUOUS,CONFIRMED
SUPPORTING,0.699,True,LEGITIMATE,SUSPECTED
SUPPORTING,0.585,True,LEGITIMATE,SUSPECTED
CONTRADICTING,0.394,True,CRIMINAL,FALSE
SUPPORTING,0.988,True,MIXED,CONFIRMED
CONTRADICTING,0.250,True,LEGITIMATE,FALSE
SUPPORTING,0.605,True,CRIMINAL,SUSPECTED
SUPPORTING,0.919,True,CRIMINAL,CONFIRMED
NEUTRAL,0.219,True,AMBIGUOUS,UNKNOWN
SUPPORTING,0.662,True,CRIMINAL,SUSPECTED
NEUTRAL,0.521,True,LEGITIMATE,UNKNOWN
NEUTRAL,0.547,True,MIXED,UNKNOWN
SUPPORTING,0.711,True,AMBIGUOUS,SUSPECTED
NEUTRAL,0.215,True,MIXED,UNKNOWN
SUPPORTING,0.627,True,CRIMINAL,SUSPECTED
SUPPORTING,0.827,True,MIXED,SUSPECTED
CONTRADICTING,0.163,True,MIXED,FALSE
NEUTRAL,0.279,True,CRIMINAL,UNKNOWN
SUPPORTING,0.856,True,CRIMINAL,CONFIRMED
NEUTRAL,0.291,True,CRIMINAL,UNKNOWN
CONTRADICTING,0.407,True,MIXED,FALSE
SUPPORTING,0.695,True,LEGITIMATE,SUSPECTED
SUPPORTING,0.912,True,CRIMINAL,CONFIRMED
SUPPORTING,0.876,True,CRIMINAL,CONFIRMED
NEUTRAL,0.444,True,AMBIGUOUS,UNKNOWN
NEUTRAL,0.503,True,MIXED,UNKNOWN
SUPPORTING,0.596,True,MIXED,SUSPECTED
NEUTRAL,0.280,True,CRIMINAL,UNKNOWN
SUPPORTING,0.984,True,MIXED,CONFIRMED
NEUTRAL,0.479,True,AMBIGUOUS,UNKNOWN
SUPPORTING,0.677,True,CRIMINAL,SUSPECTED
CONTRADICTING,0.265,True,CRIMINAL,FALSE
SUPPORTING,0.919,True,AMBIGUOUS,CONFIRMED
SUPPORTING,0.890,True,AMBIGUOUS,CONFIRMED
SUPPORTING,0.695,True,MIXED,SUSPECTED
SUPPORTING,0.762,True,CRIMINAL,SUSPECTED
SUPPORTING,0.915,True,MIXED,CONFIRMED
SUPPORTING,0.852,True,MIXED,SUSPECTED
SUPPORTING,0.689,True,MIXED,SUSPECTED
SUPPORTING,0.835,True,CRIMINAL,CONFIRMED
CONTRADICTING,0.170,True,CRIMINAL,FALSE
SUPPORTING,0.647,True,MIXED,SUSPECTED
NEUTRAL,0.326,True,MIXED,UNKNOWN
SUPPORTING,0.835,True,CRIMINAL,SUSPECTED
SUPPORTING,0.924,True,CRIMINAL,CONFIRMED
SUPPORTING,0.695,True,LEGITIMATE,SUSPECTED
NEUTRAL,0.346,True,LEGITIMATE,UNKNOWN
SUPPORTING,0.897,True,CRIMINAL,CONFIRMED
SUPPORTING,0.597,True,CRIMINAL,SUSPECTED
SUPPORTING,0.641,True,AMBIGUOUS,SUSPECTED
SUPPORTING,0.904,True,AMBIGUOUS,CONFIRMED
NEUTRAL,0.455,True,MIXED,UNKNOWN
SUPPORTING,0.615,True,CRIMINAL,SUSPECTED
NEUTRAL,0.511,True,LEGITIMATE,UNKNOWN
NEUTRAL,0.291,True,CRIMINAL,UNKNOWN
SUPPORTING,0.635,True,MIXED,SUSPECTED
NEUTRAL,0.494,True,MIXED,UNKNOWN
SUPPORTING,0.594,True,MIXED,SUSPECTED
CONTRADICTING,0.271,True,MIXED,FALSE
NEUTRAL,0.538,True,CRIMINAL,UNKNOWN
SUPPORTING,0.974,True,CRIMINAL,CONFIRMED
SUPPORTING,0.763,True,CRIMINAL,SUSPECTED
NEUTRAL,0.334,True,AMBIGUOUS,UNKNOWN
SUPPORTING,0.983,True,CRIMINAL,CONFIRMED
SUPPORTING,0.783,True,LEGITIMATE,SUSPECTED
SUPPORTING,0.680,True,LEGITIMATE,SUSPECTED
SUPPORTING,0.731,True,CRIMINAL,SUSPECTED
CONTRADICTING,0.326,True,AMBIGUOUS,FALSE
CONTRADICTING,0.302,True,MIXED,FALSE
SUPPORTING,0.803,True,LEGITIMATE,SUSPECTED
SUPPORTING,0.951,True,CRIMINAL,CONFIRMED
CONTRADICTING,0.183,True,CRIMINAL,FALSE
SUPPORTING,0.634,True,MIXED,SUSPECTED
NEUTRAL,0.312,True,CRIMINAL,UNKNOWN
NEUTRAL,0.290,True,AMBIGUOUS,UNKNOWN
NEUTRAL,0.388,True,MIXED,UNKNOWN
SUPPORTING,0.977,True,CRIMINAL,CONFIRMED
SUPPORTING,0.875,True,MIXED,CONFIRMED
NEUTRAL,0.365,True,MIXED,UNKNOWN
NEUTRAL,0.479,True,MIXED,UNKNOWN
SUPPORTING,0.771,True,CRIMINAL,SUSPECTED
NEUTRAL,0.476,True,MIXED,UNKNOWN
NEUTRAL,0.214,True,CRIMINAL,UNKNOWN
NEUTRAL,0.314,True,CRIMINAL,UNKNOWN
CONTRADICTING,0.265,True,CRIMINAL,FALSE
SUPPORTING,0.933,True,MIXED,CONFIRMED
NEUTRAL,0.377,True,LEGITIMATE,UNKNOWN
SUPPORTING,0.635,True,AMBIGUOUS,SUSPECTED
SUPPORTING,0.609,True,LEGITIMATE,SUSPECTED
SUPPORTING,0.636,True,CRIMINAL,SUSPECTED
SUPPORTING,0.711,True,MIXED,SUSPECTED
SUPPORTING,0.839,True,AMBIGUOUS,SUSPECTED
NEUTRAL,0.304,True,LEGITIMATE,UNKNOWN
SUPPORTING,0.767,True,MIXED,SUSPECTED
SUPPORTING,0.808,True,MIXED,SUSPECTED
SUPPORTING,0.631,True,CRIMINAL,SUSPECTED
SUPPORTING,0.632,True,CRIMINAL,SUSPECTED
NEUTRAL,0.315,True,AMBIGUOUS,UNKNOWN
CONTRADICTING,0.252,True,LEGITIMATE,FALSE
SUPPORTING,0.584,True,CRIMINAL,SUSPECTED
SUPPORTING,0.928,True,MIXED,CONFIRMED
SUPPORTING,0.730,True,MIXED,SUSPECTED
SUPPORTING,0.968,True,LEGITIMATE,CONFIRMED
SUPPORTING,0.780,True,MIXED,SUSPECTED
SUPPORTING,0.818,True,CRIMINAL,SUSPECTED
NEUTRAL,0.358,True,AMBIGUOUS,UNKNOWN
SUPPORTING,0.769,True,CRIMINAL,SUSPECTED
CONTRADICTING,0.212,True,CRIMINAL,FALSE
SUPPORTING,0.964,True,CRIMINAL,CONFIRMED
SUPPORTING,0.814,True,MIXED,SUSPECTED
CONTRADICTING,0.287,True,LEGITIMATE,FALSE
SUPPORTING,0.755,True,MIXED,SUSPECTED
NEUTRAL,0.386,True,MIXED,UNKNOWN
SUPPORTING,0.590,True,CRIMINAL,SUSPECTED
CONTRADICTING,0.204,True,CRIMINAL,FALSE
NEUTRAL,0.516,True,LEGITIMATE,UNKNOWN
CONTRADICTING,0.147,True,CRIMINAL,FALSE
CONTRADICTING,0.312,True,MIXED,FALSE
SUPPORTING,0.921,True,MIXED,CONFIRMED
SUPPORTING,0.860,True,MIXED,CONFIRMED
SUPPORTING,0.820,True,CRIMINAL,SUSPECTED
NEUTRAL,0.523,True,CRIMINAL,UNKNOWN
SUPPORTING,0.891,True,CRIMINAL,CONFIRMED
SUPPORTING,0.744,True,AMBIGUOUS,SUSPECTED
NEUTRAL,0.221,True,CRIMINAL,UNKNOWN
SUPPORTING,0.714,True,AMBIGUOUS,SUSPECTED
SUPPORTING,0.861,True,CRIMINAL,CONFIRMED
SUPPORTING,0.585,True,MIXED,SUSPECTED
NEUTRAL,0.444,True,AMBIGUOUS,UNKNOWN
SUPPORTING,0.638,True,CRIMINAL,SUSPECTED
SUPPORTING,0.824,True,CRIMINAL,SUSPECTED
SUPPORTING,0.877,True,CRIMINAL,CONFIRMED
SUPPORTING,0.601,True,MIXED,SUSPECTED
CONTRADICTING,0.259,True,CRIMINAL,FALSE
SUPPORTING,0.715,True,MIXED,SUSPECTED
SUPPORTING,0.846,True,MIXED,SUSPECTED
SUPPORTING,0.871,True,CRIMINAL,CONFIRMED
SUPPORTING,0.762,True,MIXED,SUSPECTED
SUPPORTING,0.641,True,CRIMINAL,SUSPECTED
NEUTRAL,0.460,True,MIXED,UNKNOWN
NEUTRAL,0.514,True,CRIMINAL,UNKNOWN
NEUTRAL,0.547,True,AMBIGUOUS,UNKNOWN
NEUTRAL,0.354,True,MIXED,UNKNOWN
NEUTRAL,0.522,True,CRIMINAL,UNKNOWN
CONTRADICTING,0.307,True,MIXED,FALSE
NEUTRAL,0.257,True,MIXED,UNKNOWN
NEUTRAL,0.533,True,CRIMINAL,UNKNOWN
CONTRADICTING,0.278,True,MIXED,FALSE
CONTRADICTING,0.195,True,LEGITIMATE,FALSE
CONTRADICTING,0.187,True,MIXED,FALSE
SUPPORTING,0.933,True,AMBIGUOUS,CONFIRMED
SUPPORTING,0.961,True,MIXED,CONFIRMED
CONTRADICTING,0.206,True,LEGITIMATE,FALSE
NEUTRAL,0.378,True,LEGITIMATE,UNKNOWN
NEUTRAL,0.300,True,MIXED,UNKNOWN
SUPPORTING,0.768,True,CRIMINAL,SUSPECTED
SUPPORTING,0.922,True,AMBIGUOUS,CONFIRMED
NEUTRAL,0.281,True,CRIMINAL,UNKNOWN
SUPPORTING,0.678,True,LEGITIMATE,SUSPECTED
CONTRADICTING,0.407,True,AMBIGUOUS,FALSE
SUPPORTING,0.829,True,CRIMINAL,SUSPECTED
CONTRADICTING,0.348,True,MIXED,FALSE
CONTRADICTING,0.256,True,MIXED,FALSE
SUPPORTING,0.882,True,LEGITIMATE,CONFIRMED
SUPPORTING,0.825,True,CRIMINAL,SUSPECTED
SUPPORTING,0.782,True,LEGITIMATE,SUSPECTED
SUPPORTING,0.824,True,LEGITIMATE,CONFIRMED
CONTRADICTING,0.296,True,MIXED,FALSE
SUPPORTING,0.972,True,CRIMINAL,CONFIRMED
SUPPORTING,0.965,True,CRIMINAL,CONFIRMED
CONTRADICTING,0.216,True,LEGITIMATE,FALSE
SUPPORTING,0.664,True,AMBIGUOUS,SUSPECTED
SUPPORTING,0.688,True,CRIMINAL,SUSPECTED
NEUTRAL,0.412,True,CRIMINAL,UNKNOWN
NEUTRAL,0.214,True,AMBIGUOUS,UNKNOWN
SUPPORTING,0.833,True,AMBIGUOUS,SUSPECTED
SUPPORTING,0.898,True,CRIMINAL,CONFIRMED
NEUTRAL,0.306,True,CRIMINAL,UNKNOWN
CONTRADICTING,0.199,True,CRIMINAL,FALSE
SUPPORTING,0.846,True,MIXED,SUSPECTED
SUPPORTING,0.874,True,CRIMINAL,CONFIRMED
SUPPORTING,0.859,True,LEGITIMATE,SUSPECTED
CONTRADICTING,0.139,True,AMBIGUOUS,FALSE
SUPPORTING,0.832,True,AMBIGUOUS,SUSPECTED
SUPPORTING,0.780,True,LEGITIMATE,SUSPECTED
CONTRADICTING,0.385,True,CRIMINAL,FALSE
SUPPORTING,0.653,True,AMBIGUOUS,SUSPECTED
NEUTRAL,0.518,True,LEGITIMATE,UNKNOWN
CONTRADICTING,0.255,True,AMBIGUOUS,FALSE
SUPPORTING,0.593,True,AMBIGUOUS,SUSPECTED
CONTRADICTING,0.170,True,CRIMINAL,FALSE
SUPPORTING,0.625,True,LEGITIMATE,SUSPECTED
NEUTRAL,0.251,True,AMBIGUOUS,UNKNOWN
SUPPORTING,0.854,True,CRIMINAL,CONFIRMED
NEUTRAL,0.379,True,CRIMINAL,UNKNOWN
SUPPORTING,0.765,True,LEGITIMATE,SUSPECTED
SUPPORTING,0.709,True,CRIMINAL,SUSPECTED
SUPPORTING,0.690,True,LEGITIMATE,SUSPECTED
CONTRADICTING,0.124,True,AMBIGUOUS,FALSE
SUPPORTING,0.734,True,LEGITIMATE,SUSPECTED
SUPPORTING,0.967,True,LEGITIMATE,CONFIRMED
SUPPORTING,0.961,True,CRIMINAL,CONFIRMED
SUPPORTING,0.983,True,AMBIGUOUS,CONFIRMED
CONTRADICTING,0.363,True,MIXED,FALSE
NEUTRAL,0.221,True,CRIMINAL,UNKNOWN
SUPPORTING,0.853,True,AMBIGUOUS,SUSPECTED
NEUTRAL,0.454,True,AMBIGUOUS,UNKNOWN
SUPPORTING,0.827,True,MIXED,CONFIRMED
NEUTRAL,0.357,True,CRIMINAL,UNKNOWN
NEUTRAL,0.244,True,MIXED,UNKNOWN
CONTRADICTING,0.339,True,LEGITIMATE,FALSE
SUPPORTING,0.838,True,MIXED,SUSPECTED
SUPPORTING,0.597,True,LEGITIMATE,SUSPECTED
SUPPORTING,0.934,True,CRIMINAL,CONFIRMED
SUPPORTING,0.843,True,CRIMINAL,SUSPECTED
SUPPORTING,0.887,True,LEGITIMATE,CONFIRMED
SUPPORTING,0.683,True,MIXED,SUSPECTED
SUPPORTING,0.695,True,MIXED,SUSPECTED
SUPPORTING,0.612,True,MIXED,SUSPECTED
SUPPORTING,0.877,True,LEGITIMATE,CONFIRMED
SUPPORTING,0.726,True,CRIMINAL,SUSPECTED
SUPPORTING,0.805,True,CRIMINAL,SUSPECTED
SUPPORTING,0.660,True,AMBIGUOUS,SUSPECTED
NEUTRAL,0.287,True,MIXED,UNKNOWN
CONTRADICTING,0.383,True,CRIMINAL,FALSE
SUPPORTING,0.818,True,CRIMINAL,SUSPECTED
SUPPORTING,0.925,True,MIXED,CONFIRMED
SUPPORTING,0.917,True,CRIMINAL,CONFIRMED
CONTRADICTING,0.270,True,MIXED,FALSE
NEUTRAL,0.336,True,CRIMINAL,UNKNOWN
NEUTRAL,0.521,True,LEGITIMATE,UNKNOWN
CONTRADICTING,0.256,True,CRIMINAL,FALSE
CONTRADICTING,0.178,True,CRIMINAL,FALSE
NEUTRAL,0.372,True,LEGITIMATE,UNKNOWN
SUPPORTING,0.826,True,AMBIGUOUS,CONFIRMED
SUPPORTING,0.918,True,MIXED,CONFIRMED
NEUTRAL,0.451,True,MIXED,UNKNOWN
SUPPORTING,0.719,True,LEGITIMATE,SUSPECTED
NEUTRAL,0.364,True,CRIMINAL,UNKNOWN
CONTRADICTING,0.332,True,LEGITIMATE,FALSE
SUPPORTING,0.812,True,CRIMINAL,SUSPECTED
SUPPORTING,0.863,True,LEGITIMATE,CONFIRMED
CONTRADICTING,0.225,True,MIXED,FALSE
SUPPORTING,0.786,True,MIXED,SUSPECTED
CONTRADICTING,0.200,True,CRIMINAL,FALSE
CONTRADICTING,0.175,True,CRIMINAL,FALSE
SUPPORTING,0.852,True,AMBIGUOUS,CONFIRMED
SUPPORTING,0.896,True,CRIMINAL,CONFIRMED
SUPPORTING,0.882,True,AMBIGUOUS,CONFIRMED
SUPPORTING,0.701,True,CRIMINAL,SUSPECTED
NEUTRAL,0.226,True,CRIMINAL,UNKNOWN
SUPPORTING,0.882,True,CRIMINAL,CONFIRMED
NEUTRAL,0.235,True,CRIMINAL,UNKNOWN
SUPPORTING,0.861,True,AMBIGUOUS,CONFIRMED
SUPPORTING,0.586,True,CRIMINAL,SUSPECTED
SUPPORTING,0.745,True,CRIMINAL,SUSPECTED
SUPPORTING,0.851,True,LEGITIMATE,SUSPECTED
CONTRADICTING,0.136,True,AMBIGUOUS,FALSE
SUPPORTING,0.855,True,CRIMINAL,SUSPECTED
SUPPORTING,0.981,True,CRIMINAL,CONFIRMED
SUPPORTING,0.637,True,CRIMINAL,SUSPECTED
SUPPORTING,0.685,True,CRIMINAL,SUSPECTED
SUPPORTING,0.797,True,AMBIGUOUS,SUSPECTED
NEUTRAL,0.516,True,LEGITIMATE,UNKNOWN
CONTRADICTING,0.227,True,CRIMINAL,FALSE
SUPPORTING,0.890,True,MIXED,CONFIRMED
CONTRADICTING,0.295,True,LEGITIMATE,FALSE
SUPPORTING,0.829,True,LEGITIMATE,CONFIRMED
NEUTRAL,0.211,True,MIXED,UNKNOWN
SUPPORTING,0.630,True,CRIMINAL,SUSPECTED
CONTRADICTING,0.125,True,AMBIGUOUS,FALSE
CONTRADICTING,0.400,True,MIXED,FALSE
SUPPORTING,0.860,True,AMBIGUOUS,CONFIRMED
SUPPORTING,0.927,True,CRIMINAL,CONFIRMED
SUPPORTING,0.820,True,CRIMINAL,CONFIRMED
SUPPORTING,0.740,True,CRIMINAL,SUSPECTED
SUPPORTING,0.949,True,MIXED,CONFIRMED
SUPPORTING,0.598,True,MIXED,SUSPECTED
CONTRADICTING,0.360,True,LEGITIMATE,FALSE
NEUTRAL,0.433,True,AMBIGUOUS,UNKNOWN
SUPPORTING,0.707,True,CRIMINAL,SUSPECTED
SUPPORTING,0.795,True,CRIMINAL,SUSPECTED
SUPPORTING,0.722,True,MIXED,SUSPECTED
SUPPORTING,0.934,True,AMBIGUOUS,CONFIRMED
SUPPORTING,0.917,True,MIXED,CONFIRMED
SUPPORTING,0.689,True,LEGITIMATE,SUSPECTED
CONTRADICTING,0.143,True,CRIMINAL,FALSE
NEUTRAL,0.263,True,CRIMINAL,UNKNOWN
SUPPORTING,0.774,True,AMBIGUOUS,SUSPECTED
NEUTRAL,0.271,True,LEGITIMATE,UNKNOWN
SUPPORTING,0.715,True,CRIMINAL,SUSPECTED
SUPPORTING,0.928,True,CRIMINAL,CONFIRMED
NEUTRAL,0.413,True,CRIMINAL,UNKNOWN
CONTRADICTING,0.343,True,CRIMINAL,FALSE
SUPPORTING,0.956,True,CRIMINAL,CONFIRMED
SUPPORTING,0.693,True,AMBIGUOUS,SUSPECTED
SUPPORTING,0.845,True,CRIMINAL,CONFIRMED
SUPPORTING,0.851,True,AMBIGUOUS,SUSPECTED
SUPPORTING,0.609,True,MIXED,SUSPECTED
SUPPORTING,0.778,True,CRIMINAL,SUSPECTED
NEUTRAL,0.233,True,AMBIGUOUS,UNKNOWN
SUPPORTING,0.761,True,LEGITIMATE,SUSPECTED
NEUTRAL,0.515,True,LEGITIMATE,UNKNOWN
SUPPORTING,0.837,True,AMBIGUOUS,CONFIRMED
SUPPORTING,0.644,True,LEGITIMATE,SUSPECTED
NEUTRAL,0.203,True,CRIMINAL,UNKNOWN
SUPPORTING,0.976,True,MIXED,CONFIRMED
CONTRADICTING,0.217,True,AMBIGUOUS,FALSE
SUPPORTING,0.861,True,MIXED,CONFIRMED
NEUTRAL,0.475,True,AMBIGUOUS,UNKNOWN
NEUTRAL,0.222,True,LEGITIMATE,UNKNOWN
SUPPORTING,0.726,True,MIXED,SUSPECTED
NEUTRAL,0.520,True,AMBIGUOUS,UNKNOWN
SUPPORTING,0.602,True,MIXED,SUSPECTED
SUPPORTING,0.863,True,CRIMINAL,CONFIRMED
SUPPORTING,0.858,True,CRIMINAL,CONFIRMED
SUPPORTING,0.707,True,MIXED,SUSPECTED
SUPPORTING,0.917,True,CRIMINAL,CONFIRMED
CONTRADICTING,0.188,True,LEGITIMATE,FALSE
SUPPORTING,0.675,True,AMBIGUOUS,SUSPECTED
SUPPORTING,0.970,True,CRIMINAL,CONFIRMED
SUPPORTING,0.900,True,AMBIGUOUS,CONFIRMED
SUPPORTING,0.838,True,AMBIGUOUS,SUSPECTED
CONTRADICTING,0.193,True,CRIMINAL,FALSE
CONTRADICTING,0.165,True,LEGITIMATE,FALSE
SUPPORTING,0.963,True,CRIMINAL,CONFIRMED
NEUTRAL,0.254,True,AMBIGUOUS,UNKNOWN
NEUTRAL,0.389,True,AMBIGUOUS,UNKNOWN
CONTRADICTING,0.175,True,CRIMINAL,FALSE
SUPPORTING,0.858,True,MIXED,CONFIRMED
SUPPORTING,0.790,True,AMBIGUOUS,SUSPECTED
SUPPORTING,0.816,True,LEGITIMATE,SUSPECTED
SUPPORTING,0.754,True,CRIMINAL,SUSPECTED
SUPPORTING,0.884,True,CRIMINAL,CONFIRMED
NEUTRAL,0.515,True,AMBIGUOUS,UNKNOWN
SUPPORTING,0.889,True,AMBIGUOUS,CONFIRMED
SUPPORTING,0.967,True,CRIMINAL,CONFIRMED
SUPPORTING,0.905,True,CRIMINAL,CONFIRMED
SUPPORTING,0.851,True,CRIMINAL,CONFIRMED
CONTRADICTING,0.319,True,CRIMINAL,FALSE
CONTRADICTING,0.158,True,LEGITIMATE,FALSE
SUPPORTING,0.705,True,LEGITIMATE,SUSPECTED
SUPPORTING,0.900,True,CRIMINAL,CONFIRMED
SUPPORTING,0.807,True,CRIMINAL,SUSPECTED
NEUTRAL,0.542,True,CRIMINAL,UNKNOWN
CONTRADICTING,0.276,True,LEGITIMATE,FALSE
SUPPORTING,0.756,True,AMBIGUOUS,SUSPECTED
CONTRADICTING,0.174,True,CRIMINAL,FALSE
CONTRADICTING,0.247,True,CRIMINAL,FALSE
CONTRADICTING,0.326,True,CRIMINAL,FALSE
CONTRADICTING,0.279,True,LEGITIMATE,FALSE
SUPPORTING,0.861,True,AMBIGUOUS,CONFIRMED
CONTRADICTING,0.320,True,LEGITIMATE,FALSE
SUPPORTING,0.664,True,LEGITIMATE,SUSPECTED
SUPPORTING,0.883,True,CRIMINAL,CONFIRMED
NEUTRAL,0.333,True,CRIMINAL,UNKNOWN
SUPPORTING,0.641,True,LEGITIMATE,SUSPECTED
SUPPORTING,0.664,True,MIXED,SUSPECTED
NEUTRAL,0.394,True,AMBIGUOUS,UNKNOWN
SUPPORTING,0.910,True,CRIMINAL,CONFIRMED
CONTRADICTING,0.239,True,LEGITIMATE,FALSE
SUPPORTING,0.851,True,LEGITIMATE,SUSPECTED
CONTRADICTING,0.232,True,LEGITIMATE,FALSE
NEUTRAL,0.216,True,CRIMINAL,UNKNOWN
CONTRADICTING,0.335,True,LEGITIMATE,FALSE
NEUTRAL,0.428,True,CRIMINAL,UNKNOWN
SUPPORTING,0.970,True,CRIMINAL,CONFIRMED
NEUTRAL,0.216,True,MIXED,UNKNOWN
SUPPORTING,0.802,True,MIXED,SUSPECTED
NEUTRAL,0.415,True,CRIMINAL,UNKNOWN
CONTRADICTING,0.410,True,MIXED,FALSE
CONTRADICTING,0.330,True,MIXED,FALSE
SUPPORTING,0.763,True,AMBIGUOUS,SUSPECTED
NEUTRAL,0.368,True,LEGITIMATE,UNKNOWN
NEUTRAL,0.472,True,CRIMINAL,UNKNOWN
CONTRADICTING,0.216,True,CRIMINAL,FALSE
CONTRADICTING,0.391,True,CRIMINAL,FALSE
SUPPORTING,0.775,True,CRIMINAL,SUSPECTED
SUPPORTING,0.668,True,MIXED,SUSPECTED
SUPPORTING,0.793,True,CRIMINAL,SUSPECTED
SUPPORTING,0.967,True,CRIMINAL,CONFIRMED
SUPPORTING,0.624,True,LEGITIMATE,SUSPECTED
SUPPORTING,0.981,True,CRIMINAL,CONFIRMED
SUPPORTING,0.921,True,MIXED,CONFIRMED
SUPPORTING,0.828,True,MIXED,CONFIRMED
NEUTRAL,0.401,True,MIXED,UNKNOWN
NEUTRAL,0.509,True,MIXED,UNKNOWN
CONTRADICTING,0.264,True,LEGITIMATE,FALSE
SUPPORTING,0.592,True,MIXED,SUSPECTED
SUPPORTING,0.937,True,CRIMINAL,CONFIRMED
SUPPORTING,0.702,True,MIXED,SUSPECTED
SUPPORTING,0.774,True,CRIMINAL,SUSPECTED
NEUTRAL,0.385,True,LEGITIMATE,UNKNOWN
SUPPORTING,0.937,True,CRIMINAL,CONFIRMED
SUPPORTING,0.954,True,CRIMINAL,CONFIRMED
SUPPORTING,0.793,True,AMBIGUOUS,SUSPECTED
SUPPORTING,0.794,True,CRIMINAL,SUSPECTED
SUPPORTING,0.664,True,CRIMINAL,SUSPECTED
NEUTRAL,0.257,True,MIXED,UNKNOWN
NEUTRAL,0.482,True,LEGITIMATE,UNKNOWN
SUPPORTING,0.847,True,CRIMINAL,CONFIRMED
CONTRADICTING,0.176,True,AMBIGUOUS,FALSE
NEUTRAL,0.354,True,MIXED,UNKNOWN
SUPPORTING,0.840,True,MIXED,CONFIRMED
SUPPORTING,0.829,True,AMBIGUOUS,SUSPECTED
CONTRADICTING,0.298,True,LEGITIMATE,FALSE
SUPPORTING,0.959,True,CRIMINAL,CONFIRMED
NEUTRAL,0.505,True,MIXED,UNKNOWN
NEUTRAL,0.462,True,CRIMINAL,UNKNOWN
SUPPORTING,0.605,True,CRIMINAL,SUSPECTED
SUPPORTING,0.898,True,CRIMINAL,CONFIRMED
SUPPORTING,0.923,True,AMBIGUOUS,CONFIRMED
SUPPORTING,0.674,True,MIXED,SUSPECTED
NEUTRAL,0.367,True,CRIMINAL,UNKNOWN
SUPPORTING,0.733,True,MIXED,SUSPECTED
NEUTRAL,0.270,True,MIXED,UNKNOWN
CONTRADICTING,0.355,True,LEGITIMATE,FALSE
SUPPORTING,0.826,True,MIXED,CONFIRMED
SUPPORTING,0.845,True,CRIMINAL,SUSPECTED
SUPPORTING,0.703,True,MIXED,SUSPECTED
SUPPORTING,0.754,True,CRIMINAL,SUSPECTED
NEUTRAL,0.455,True,LEGITIMATE,UNKNOWN
NEUTRAL,0.475,True,MIXED,UNKNOWN
SUPPORTING,0.765,True,AMBIGUOUS,SUSPECTED
SUPPORTING,0.631,True,MIXED,SUSPECTED
SUPPORTING,0.778,True,LEGITIMATE,SUSPECTED
SUPPORTING,0.674,True,MIXED,SUSPECTED
SUPPORTING,0.836,True,MIXED,CONFIRMED
NEUTRAL,0.458,True,LEGITIMATE,UNKNOWN
SUPPORTING,0.950,True,CRIMINAL,CONFIRMED
NEUTRAL,0.429,True,LEGITIMATE,UNKNOWN
SUPPORTING,0.894,True,MIXED,CONFIRMED
CONTRADICTING,0.299,True,MIXED,FALSE
NEUTRAL,0.537,True,CRIMINAL,UNKNOWN
NEUTRAL,0.215,True,MIXED,UNKNOWN
NEUTRAL,0.398,True,LEGITIMATE,UNKNOWN
SUPPORTING,0.897,True,MIXED,CONFIRMED
SUPPORTING,0.836,True,AMBIGUOUS,CONFIRMED
SUPPORTING,0.876,True,CRIMINAL,CONFIRMED
SUPPORTING,0.885,True,CRIMINAL,CONFIRMED
SUPPORTING,0.899,True,CRIMINAL,CONFIRMED
SUPPORTING,0.828,True,MIXED,CONFIRMED
SUPPORTING,0.843,True,CRIMINAL,CONFIRMED
SUPPORTING,0.660,True,CRIMINAL,SUSPECTED
NEUTRAL,0.402,True,LEGITIMATE,UNKNOWN
CONTRADICTING,0.170,True,AMBIGUOUS,FALSE
SUPPORTING,0.845,True,LEGITIMATE,CONFIRMED
NEUTRAL,0.241,True,CRIMINAL,UNKNOWN
CONTRADICTING,0.363,True,LEGITIMATE,FALSE
SUPPORTING,0.848,True,MIXED,SUSPECTED
SUPPORTING,0.948,True,CRIMINAL,CONFIRMED
SUPPORTING,0.888,True,MIXED,CONFIRMED
SUPPORTING,0.914,True,LEGITIMATE,CONFIRMED
SUPPORTING,0.851,True,MIXED,CONFIRMED
SUPPORTING,0.599,True,MIXED,SUSPECTED
NEUTRAL,0.515,True,LEGITIMATE,UNKNOWN
SUPPORTING,0.821,True,CRIMINAL,CONFIRMED
CONTRADICTING,0.317,True,CRIMINAL,FALSE
SUPPORTING,0.827,True,CRIMINAL,CONFIRMED
NEUTRAL,0.544,True,LEGITIMATE,UNKNOWN
SUPPORTING,0.602,True,LEGITIMATE,SUSPECTED
SUPPORTING,0.790,True,CRIMINAL,SUSPECTED
CONTRADICTING,0.135,True,AMBIGUOUS,FALSE
CONTRADICTING,0.336,True,MIXED,FALSE
CONTRADICTING,0.275,True,CRIMINAL,FALSE
NEUTRAL,0.489,True,LEGITIMATE,UNKNOWN
NEUTRAL,0.325,True,CRIMINAL,UNKNOWN
CONTRADICTING,0.127,True,AMBIGUOUS,FALSE
SUPPORTING,0.658,True,AMBIGUOUS,SUSPECTED
SUPPORTING,0.894,True,CRIMINAL,CONFIRMED
SUPPORTING,0.711,True,CRIMINAL,SUSPECTED
SUPPORTING,0.901,True,AMBIGUOUS,CONFIRMED
SUPPORTING,0.863,True,CRIMINAL,CONFIRMED
SUPPORTING,0.903,True,LEGITIMATE,CONFIRMED
CONTRADICTING,0.142,True,LEGITIMATE,FALSE
SUPPORTING,0.828,True,MIXED,CONFIRMED
NEUTRAL,0.368,True,LEGITIMATE,UNKNOWN
SUPPORTING,0.672,True,CRIMINAL,SUSPECTED
SUPPORTING,0.833,True,CRIMINAL,CONFIRMED
NEUTRAL,0.484,True,CRIMINAL,UNKNOWN
NEUTRAL,0.546,True,LEGITIMATE,UNKNOWN
CONTRADICTING,0.215,True,CRIMINAL,FALSE
CONTRADICTING,0.335,True,AMBIGUOUS,FALSE
SUPPORTING,0.641,True,CRIMINAL,SUSPECTED
SUPPORTING,0.840,True,CRIMINAL,CONFIRMED
SUPPORTING,0.847,True,CRIMINAL,CONFIRMED
CONTRADICTING,0.295,True,LEGITIMATE,FALSE
CONTRADICTING,0.155,True,LEGITIMATE,FALSE
NEUTRAL,0.384,True,LEGITIMATE,UNKNOWN
SUPPORTING,0.686,True,CRIMINAL,SUSPECTED
SUPPORTING,0.762,True,LEGITIMATE,SUSPECTED
NEUTRAL,0.345,True,MIXED,UNKNOWN
NEUTRAL,0.463,True,MIXED,UNKNOWN
SUPPORTING,0.834,True,CRIMINAL,CONFIRMED
CONTRADICTING,0.343,True,MIXED,FALSE
NEUTRAL,0.307,True,CRIMINAL,UNKNOWN
SUPPORTING,0.835,True,CRIMINAL,CONFIRMED
SUPPORTING,0.827,True,CRIMINAL,CONFIRMED
SUPPORTING,0.606,True,LEGITIMATE,SUSPECTED
NEUTRAL,0.328,True,CRIMINAL,UNKNOWN
SUPPORTING,0.607,True,CRIMINAL,SUSPECTED
SUPPORTING,0.948,True,AMBIGUOUS,CONFIRMED
NEUTRAL,0.251,True,AMBIGUOUS,UNKNOWN
NEUTRAL,0.369,True,CRIMINAL,UNKNOWN
CONTRADICTING,0.405,True,AMBIGUOUS,FALSE
SUPPORTING,0.624,True,LEGITIMATE,SUSPECTED
NEUTRAL,0.451,True,LEGITIMATE,UNKNOWN
SUPPORTING,0.766,True,CRIMINAL,SUSPECTED
NEUTRAL,0.222,True,MIXED,UNKNOWN
NEUTRAL,0.232,True,AMBIGUOUS,UNKNOWN
NEUTRAL,0.443,True,LEGITIMATE,UNKNOWN
SUPPORTING,0.710,True,MIXED,SUSPECTED
SUPPORTING,0.862,True,LEGITIMATE,CONFIRMED
NEUTRAL,0.313,True,LEGITIMATE,UNKNOWN
NEUTRAL,0.265,True,MIXED,UNKNOWN
SUPPORTING,0.760,True,LEGITIMATE,SUSPECTED
SUPPORTING,0.895,True,AMBIGUOUS,CONFIRMED
SUPPORTING,0.620,True,CRIMINAL,SUSPECTED
NEUTRAL,0.360,True,LEGITIMATE,UNKNOWN
SUPPORTING,0.702,True,LEGITIMATE,SUSPECTED
SUPPORTING,0.798,True,LEGITIMATE,SUSPECTED
SUPPORTING,0.588,True,CRIMINAL,SUSPECTED
SUPPORTING,0.938,True,CRIMINAL,CONFIRMED
SUPPORTING,0.924,True,CRIMINAL,CONFIRMED
