relationship_truth,evidence_role,evidence_strength,ground_truth_available_for_evaluation,case_network_type
UNKNOWN,NEUTRAL,0.258,True,CRIMINAL
UNKNOWN,NEUTRAL,0.296,True,CRIMINAL
CONFIRMED,SUPPORTING,0.829,True,CRIMINAL
SUSPECTED,SUPPORTING,0.738,True,CRIMINAL
CONFIRMED,SUPPORTING,0.877,True,CRIMINAL
SUSPECTED,SUPPORTING,0.749,True,CRIMINAL
CONFIRMED,SUPPORTING,0.874,True,CRIMINAL
CONFIRMED,SUPPORTING,0.916,True,CRIMINAL
CONFIRMED,SUPPORTING,0.889,True,CRIMINAL
SUSPECTED,SUPPORTING,0.625,True,CRIMINAL
SUSPECTED,SUPPORTING,0.696,True,CRIMINAL
SUSPECTED,SUPPORTING,0.601,True,CRIMINAL
CONFIRMED,SUPPORTING,0.928,True,CRIMINAL
CONFIRMED,SUPPORTING,0.931,True,CRIMINAL
CONFIRMED,SUPPORTING,0.966,True,CRIMINAL
SUSPECTED,SUPPORTING,0.853,True,CRIMINAL
CONFIRMED,SUPPORTING,0.845,True,CRIMINAL
CONFIRMED,SUPPORTING,0.964,True,CRIMINAL
SUSPECTED,SUPPORTING,0.784,True,CRIMINAL
CONFIRMED,SUPPORTING,0.869,True,CRIMINAL
FALSE,CONTRADICTING,0.205,True,CRIMINAL
FALSE,CONTRADICTING,0.290,True,CRIMINAL
CONFIRMED,SUPPORTING,0.989,True,CRIMINAL
CONFIRMED,SUPPORTING,0.910,True,CRIMINAL
SUSPECTED,SUPPORTING,0.690,True,CRIMINAL
UNKNOWN,NEUTRAL,0.419,True,CRIMINAL
CONFIRMED,SUPPORTING,0.843,True,CRIMINAL
CONFIRMED,SUPPORTING,0.926,True,CRIMINAL
SUSPECTED,SUPPORTING,0.789,True,CRIMINAL
CONFIRMED,SUPPORTING,0.899,True,CRIMINAL
SUSPECTED,SUPPORTING,0.782,True,CRIMINAL
CONFIRMED,SUPPORTING,0.839,True,CRIMINAL
CONFIRMED,SUPPORTING,0.986,True,CRIMINAL
UNKNOWN,NEUTRAL,0.270,True,CRIMINAL
FALSE,CONTRADICTING,0.164,True,CRIMINAL
FALSE,CONTRADICTING,0.260,True,CRIMINAL
SUSPECTED,SUPPORTING,0.756,True,CRIMINAL
CONFIRMED,SUPPORTING,0.837,True,CRIMINAL
FALSE,CONTRADICTING,0.126,True,CRIMINAL
CONFIRMED,SUPPORTING,0.827,True,CRIMINAL
FALSE,CONTRADICTING,0.158,True,MIXED
CONFIRMED,SUPPORTING,0.982,True,MIXED
FALSE,CONTRADICTING,0.204,True,MIXED
UNKNOWN,NEUTRAL,0.494,True,MIXED
SUSPECTED,SUPPORTING,0.794,True,MIXED
FALSE,CONTRADICTING,0.152,True,MIXED
UNKNOWN,NEUTRAL,0.274,True,MIXED
CONFIRMED,SUPPORTING,0.950,True,MIXED
CONFIRMED,SUPPORTING,0.849,True,MIXED
FALSE,CONTRADICTING,0.407,True,MIXED
CONFIRMED,SUPPORTING,0.982,True,MIXED
SUSPECTED,SUPPORTING,0.823,True,MIXED
UNKNOWN,NEUTRAL,0.416,True,MIXED
FALSE,CONTRADICTING,0.328,True,MIXED
CONFIRMED,SUPPORTING,0.913,True,MIXED
UNKNOWN,NEUTRAL,0.305,True,MIXED
UNKNOWN,NEUTRAL,0.335,True,MIXED
SUSPECTED,SUPPORTING,0.721,True,MIXED
SUSPECTED,SUPPORTING,0.759,True,MIXED
CONFIRMED,SUPPORTING,0.852,True,MIXED
SUSPECTED,SUPPORTING,0.605,True,MIXED
UNKNOWN,NEUTRAL,0.425,True,MIXED
CONFIRMED,SUPPORTING,0.927,True,MIXED
SUSPECTED,SUPPORTING,0.631,True,MIXED
UNKNOWN,NEUTRAL,0.480,True,MIXED
CONFIRMED,SUPPORTING,0.976,True,LEGITIMATE
UNKNOWN,NEUTRAL,0.501,True,LEGITIMATE
UNKNOWN,NEUTRAL,0.321,True,LEGITIMATE
UNKNOWN,NEUTRAL,0.418,True,LEGITIMATE
UNKNOWN,NEUTRAL,0.467,True,LEGITIMATE
FALSE,CONTRADICTING,0.328,True,LEGITIMATE
UNKNOWN,NEUTRAL,0.323,True,LEGITIMATE
SUSPECTED,SUPPORTING,0.668,True,LEGITIMATE
CONFIRMED,SUPPORTING,0.838,True,LEGITIMATE
FALSE,CONTRADICTING,0.222,True,LEGITIMATE
FALSE,CONTRADICTING,0.379,True,LEGITIMATE
UNKNOWN,NEUTRAL,0.291,True,LEGITIMATE
UNKNOWN,NEUTRAL,0.301,True,LEGITIMATE
SUSPECTED,SUPPORTING,0.744,True,LEGITIMATE
UNKNOWN,NEUTRAL,0.270,True,LEGITIMATE
FALSE,CONTRADICTING,0.182,True,LEGITIMATE
FALSE,CONTRADICTING,0.260,True,LEGITIMATE
FALSE,CONTRADICTING,0.274,True,LEGITIMATE
FALSE,CONTRADICTING,0.285,True,LEGITIMATE
FALSE,CONTRADICTING,0.171,True,LEGITIMATE
FALSE,CONTRADICTING,0.287,True,AMBIGUOUS
CONFIRMED,SUPPORTING,0.986,True,AMBIGUOUS
UNKNOWN,NEUTRAL,0.544,True,AMBIGUOUS
UNKNOWN,NEUTRAL,0.367,True,AMBIGUOUS
UNKNOWN,NEUTRAL,0.533,True,AMBIGUOUS
UNKNOWN,NEUTRAL,0.343,True,AMBIGUOUS
CONFIRMED,SUPPORTING,0.855,True,AMBIGUOUS
SUSPECTED,SUPPORTING,0.629,True,AMBIGUOUS
SUSPECTED,SUPPORTING,0.747,True,AMBIGUOUS
UNKNOWN,NEUTRAL,0.271,True,AMBIGUOUS
UNKNOWN,NEUTRAL,0.502,True,AMBIGUOUS
UNKNOWN,NEUTRAL,0.401,True,AMBIGUOUS
FALSE,CONTRADICTING,0.331,True,AMBIGUOUS
UNKNOWN,NEUTRAL,0.484,True,AMBIGUOUS
FALSE,CONTRADICTING,0.273,True,AMBIGUOUS
SUSPECTED,SUPPORTING,0.825,True,CRIMINAL
CONFIRMED,SUPPORTING,0.962,True,CRIMINAL
FALSE,CONTRADICTING,0.218,True,CRIMINAL
CONFIRMED,SUPPORTING,0.959,True,CRIMINAL
CONFIRMED,SUPPORTING,0.832,True,CRIMINAL
SUSPECTED,SUPPORTING,0.660,True,CRIMINAL
CONFIRMED,SUPPORTING,0.947,True,CRIMINAL
CONFIRMED,SUPPORTING,0.840,True,CRIMINAL
CONFIRMED,SUPPORTING,0.979,True,CRIMINAL
UNKNOWN,NEUTRAL,0.370,True,CRIMINAL
SUSPECTED,SUPPORTING,0.778,True,CRIMINAL
SUSPECTED,SUPPORTING,0.853,True,CRIMINAL
SUSPECTED,SUPPORTING,0.748,True,CRIMINAL
SUSPECTED,SUPPORTING,0.613,True,CRIMINAL
UNKNOWN,NEUTRAL,0.545,True,CRIMINAL
SUSPECTED,SUPPORTING,0.813,True,CRIMINAL
SUSPECTED,SUPPORTING,0.818,True,CRIMINAL
SUSPECTED,SUPPORTING,0.736,True,CRIMINAL
CONFIRMED,SUPPORTING,0.875,True,CRIMINAL
FALSE,CONTRADICTING,0.339,True,CRIMINAL
CONFIRMED,SUPPORTING,0.835,True,CRIMINAL
CONFIRMED,SUPPORTING,0.856,True,CRIMINAL
SUSPECTED,SUPPORTING,0.632,True,CRIMINAL
CONFIRMED,SUPPORTING,0.941,True,CRIMINAL
CONFIRMED,SUPPORTING,0.941,True,CRIMINAL
CONFIRMED,SUPPORTING,0.902,True,CRIMINAL
UNKNOWN,NEUTRAL,0.247,True,CRIMINAL
UNKNOWN,NEUTRAL,0.233,True,CRIMINAL
FALSE,CONTRADICTING,0.251,True,CRIMINAL
CONFIRMED,SUPPORTING,0.913,True,CRIMINAL
SUSPECTED,SUPPORTING,0.617,True,CRIMINAL
FALSE,CONTRADICTING,0.155,True,CRIMINAL
SUSPECTED,SUPPORTING,0.639,True,CRIMINAL
CONFIRMED,SUPPORTING,0.901,True,CRIMINAL
SUSPECTED,SUPPORTING,0.664,True,CRIMINAL
UNKNOWN,NEUTRAL,0.238,True,CRIMINAL
SUSPECTED,SUPPORTING,0.605,True,CRIMINAL
CONFIRMED,SUPPORTING,0.876,True,CRIMINAL
UNKNOWN,NEUTRAL,0.273,True,CRIMINAL
CONFIRMED,SUPPORTING,0.924,True,CRIMINAL
CONFIRMED,SUPPORTING,0.975,True,MIXED
FALSE,CONTRADICTING,0.129,True,MIXED
SUSPECTED,SUPPORTING,0.817,True,MIXED
SUSPECTED,SUPPORTING,0.742,True,MIXED
SUSPECTED,SUPPORTING,0.771,True,MIXED
SUSPECTED,SUPPORTING,0.856,True,MIXED
SUSPECTED,SUPPORTING,0.773,True,MIXED
CONFIRMED,SUPPORTING,0.901,True,MIXED
SUSPECTED,SUPPORTING,0.752,True,MIXED
UNKNOWN,NEUTRAL,0.384,True,MIXED
FALSE,CONTRADICTING,0.150,True,MIXED
SUSPECTED,SUPPORTING,0.790,True,MIXED
UNKNOWN,NEUTRAL,0.410,True,MIXED
SUSPECTED,SUPPORTING,0.732,True,MIXED
CONFIRMED,SUPPORTING,0.827,True,MIXED
SUSPECTED,SUPPORTING,0.637,True,MIXED
CONFIRMED,SUPPORTING,0.969,True,MIXED
SUSPECTED,SUPPORTING,0.749,True,MIXED
UNKNOWN,NEUTRAL,0.480,True,MIXED
SUSPECTED,SUPPORTING,0.822,True,MIXED
CONFIRMED,SUPPORTING,0.981,True,MIXED
FALSE,CONTRADICTING,0.124,True,MIXED
FALSE,CONTRADICTING,0.145,True,MIXED
CONFIRMED,SUPPORTING,0.942,True,MIXED
UNKNOWN,NEUTRAL,0.219,True,MIXED
FALSE,CONTRADICTING,0.132,True,LEGITIMATE
UNKNOWN,NEUTRAL,0.249,True,LEGITIMATE
UNKNOWN,NEUTRAL,0.449,True,LEGITIMATE
FALSE,CONTRADICTING,0.365,True,LEGITIMATE
FALSE,CONTRADICTING,0.284,True,LEGITIMATE
FALSE,CONTRADICTING,0.273,True,LEGITIMATE
UNKNOWN,NEUTRAL,0.222,True,LEGITIMATE
FALSE,CONTRADICTING,0.314,True,LEGITIMATE
FALSE,CONTRADICTING,0.302,True,LEGITIMATE
SUSPECTED,SUPPORTING,0.716,True,LEGITIMATE
FALSE,CONTRADICTING,0.333,True,LEGITIMATE
UNKNOWN,NEUTRAL,0.256,True,LEGITIMATE
UNKNOWN,NEUTRAL,0.328,True,LEGITIMATE
UNKNOWN,NEUTRAL,0.216,True,LEGITIMATE
UNKNOWN,NEUTRAL,0.434,True,LEGITIMATE
UNKNOWN,NEUTRAL,0.520,True,LEGITIMATE
UNKNOWN,NEUTRAL,0.340,True,LEGITIMATE
FALSE,CONTRADICTING,0.238,True,LEGITIMATE
FALSE,CONTRADICTING,0.216,True,LEGITIMATE
SUSPECTED,SUPPORTING,0.757,True,LEGITIMATE
UNKNOWN,NEUTRAL,0.506,True,AMBIGUOUS
SUSPECTED,SUPPORTING,0.609,True,AMBIGUOUS
SUSPECTED,SUPPORTING,0.735,True,AMBIGUOUS
CONFIRMED,SUPPORTING,0.908,True,AMBIGUOUS
UNKNOWN,NEUTRAL,0.333,True,AMBIGUOUS
SUSPECTED,SUPPORTING,0.633,True,AMBIGUOUS
FALSE,CONTRADICTING,0.271,True,AMBIGUOUS
UNKNOWN,NEUTRAL,0.403,True,AMBIGUOUS
SUSPECTED,SUPPORTING,0.687,True,AMBIGUOUS
FALSE,CONTRADICTING,0.314,True,AMBIGUOUS
UNKNOWN,NEUTRAL,0.402,True,AMBIGUOUS
FALSE,CONTRADICTING,0.287,True,AMBIGUOUS
CONFIRMED,SUPPORTING,0.969,True,AMBIGUOUS
CONFIRMED,SUPPORTING,0.903,True,AMBIGUOUS
UNKNOWN,NEUTRAL,0.320,True,AMBIGUOUS
SUSPECTED,SUPPORTING,0.745,True,CRIMINAL
CONFIRMED,SUPPORTING,0.964,True,CRIMINAL
CONFIRMED,SUPPORTING,0.941,True,CRIMINAL
CONFIRMED,SUPPORTING,0.944,True,CRIMINAL
CONFIRMED,SUPPORTING,0.951,True,CRIMINAL
CONFIRMED,SUPPORTING,0.874,True,CRIMINAL
FALSE,CONTRADICTING,0.384,True,CRIMINAL
SUSPECTED,SUPPORTING,0.601,True,CRIMINAL
SUSPECTED,SUPPORTING,0.620,True,CRIMINAL
SUSPECTED,SUPPORTING,0.753,True,CRIMINAL
UNKNOWN,NEUTRAL,0.218,True,CRIMINAL
CONFIRMED,SUPPORTING,0.847,True,CRIMINAL
CONFIRMED,SUPPORTING,0.874,True,CRIMINAL
CONFIRMED,SUPPORTING,0.884,True,CRIMINAL
CONFIRMED,SUPPORTING,0.940,True,CRIMINAL
CONFIRMED,SUPPORTING,0.985,True,CRIMINAL
UNKNOWN,NEUTRAL,0.209,True,CRIMINAL
UNKNOWN,NEUTRAL,0.388,True,CRIMINAL
SUSPECTED,SUPPORTING,0.712,True,CRIMINAL
UNKNOWN,NEUTRAL,0.339,True,CRIMINAL
CONFIRMED,SUPPORTING,0.911,True,CRIMINAL
SUSPECTED,SUPPORTING,0.809,True,CRIMINAL
CONFIRMED,SUPPORTING,0.859,True,CRIMINAL
SUSPECTED,SUPPORTING,0.799,True,CRIMINAL
SUSPECTED,SUPPORTING,0.838,True,CRIMINAL
SUSPECTED,SUPPORTING,0.636,True,CRIMINAL
CONFIRMED,SUPPORTING,0.942,True,CRIMINAL
SUSPECTED,SUPPORTING,0.699,True,CRIMINAL
CONFIRMED,SUPPORTING,0.830,True,CRIMINAL
SUSPECTED,SUPPORTING,0.636,True,CRIMINAL
CONFIRMED,SUPPORTING,0.903,True,CRIMINAL
CONFIRMED,SUPPORTING,0.840,True,CRIMINAL
CONFIRMED,SUPPORTING,0.956,True,CRIMINAL
UNKNOWN,NEUTRAL,0.259,True,CRIMINAL
CONFIRMED,SUPPORTING,0.882,True,CRIMINAL
CONFIRMED,SUPPORTING,0.984,True,CRIMINAL
UNKNOWN,NEUTRAL,0.288,True,CRIMINAL
CONFIRMED,SUPPORTING,0.847,True,CRIMINAL
CONFIRMED,SUPPORTING,0.833,True,CRIMINAL
CONFIRMED,SUPPORTING,0.967,True,CRIMINAL
FALSE,CONTRADICTING,0.419,True,MIXED
FALSE,CONTRADICTING,0.284,True,MIXED
CONFIRMED,SUPPORTING,0.931,True,MIXED
SUSPECTED,SUPPORTING,0.753,True,MIXED
UNKNOWN,NEUTRAL,0.515,True,MIXED
UNKNOWN,NEUTRAL,0.509,True,MIXED
FALSE,CONTRADICTING,0.220,True,MIXED
CONFIRMED,SUPPORTING,0.882,True,MIXED
FALSE,CONTRADICTING,0.172,True,MIXED
FALSE,CONTRADICTING,0.124,True,MIXED
CONFIRMED,SUPPORTING,0.827,True,MIXED
CONFIRMED,SUPPORTING,0.836,True,MIXED
CONFIRMED,SUPPORTING,0.971,True,MIXED
CONFIRMED,SUPPORTING,0.821,True,MIXED
FALSE,CONTRADICTING,0.164,True,MIXED
UNKNOWN,NEUTRAL,0.384,True,MIXED
UNKNOWN,NEUTRAL,0.494,True,MIXED
SUSPECTED,SUPPORTING,0.633,True,MIXED
CONFIRMED,SUPPORTING,0.842,True,MIXED
SUSPECTED,SUPPORTING,0.758,True,MIXED
SUSPECTED,SUPPORTING,0.739,True,MIXED
SUSPECTED,SUPPORTING,0.687,True,MIXED
FALSE,CONTRADICTING,0.188,True,MIXED
SUSPECTED,SUPPORTING,0.591,True,MIXED
SUSPECTED,SUPPORTING,0.849,True,MIXED
UNKNOWN,NEUTRAL,0.518,True,LEGITIMATE
UNKNOWN,NEUTRAL,0.423,True,LEGITIMATE
CONFIRMED,SUPPORTING,0.881,True,LEGITIMATE
FALSE,CONTRADICTING,0.258,True,LEGITIMATE
UNKNOWN,NEUTRAL,0.492,True,LEGITIMATE
UNKNOWN,NEUTRAL,0.256,True,LEGITIMATE
UNKNOWN,NEUTRAL,0.213,True,LEGITIMATE
UNKNOWN,NEUTRAL,0.235,True,LEGITIMATE
FALSE,CONTRADICTING,0.411,True,LEGITIMATE
UNKNOWN,NEUTRAL,0.422,True,LEGITIMATE
UNKNOWN,NEUTRAL,0.363,True,LEGITIMATE
FALSE,CONTRADICTING,0.132,True,LEGITIMATE
FALSE,CONTRADICTING,0.243,True,LEGITIMATE
UNKNOWN,NEUTRAL,0.350,True,LEGITIMATE
FALSE,CONTRADICTING,0.130,True,LEGITIMATE
FALSE,CONTRADICTING,0.130,True,LEGITIMATE
FALSE,CONTRADICTING,0.250,True,LEGITIMATE
UNKNOWN,NEUTRAL,0.540,True,LEGITIMATE
CONFIRMED,SUPPORTING,0.898,True,LEGITIMATE
SUSPECTED,SUPPORTING,0.794,True,LEGITIMATE
UNKNOWN,NEUTRAL,0.351,True,AMBIGUOUS
SUSPECTED,SUPPORTING,0.848,True,AMBIGUOUS
UNKNOWN,NEUTRAL,0.546,True,AMBIGUOUS
SUSPECTED,SUPPORTING,0.730,True,AMBIGUOUS
FALSE,CONTRADICTING,0.176,True,AMBIGUOUS
UNKNOWN,NEUTRAL,0.518,True,AMBIGUOUS
SUSPECTED,SUPPORTING,0.820,True,AMBIGUOUS
FALSE,CONTRADICTING,0.401,True,AMBIGUOUS
UNKNOWN,NEUTRAL,0.245,True,AMBIGUOUS
CONFIRMED,SUPPORTING,0.866,True,AMBIGUOUS
UNKNOWN,NEUTRAL,0.433,True,AMBIGUOUS
UNKNOWN,NEUTRAL,0.345,True,AMBIGUOUS
SUSPECTED,SUPPORTING,0.667,True,AMBIGUOUS
UNKNOWN,NEUTRAL,0.322,True,AMBIGUOUS
UNKNOWN,NEUTRAL,0.479,True,AMBIGUOUS
SUSPECTED,SUPPORTING,0.736,True,CRIMINAL
SUSPECTED,SUPPORTING,0.851,True,CRIMINAL
CONFIRMED,SUPPORTING,0.907,True,CRIMINAL
UNKNOWN,NEUTRAL,0.217,True,CRIMINAL
CONFIRMED,SUPPORTING,0.892,True,CRIMINAL
SUSPECTED,SUPPORTING,0.659,True,CRIMINAL
CONFIRMED,SUPPORTING,0.943,True,CRIMINAL
CONFIRMED,SUPPORTING,0.968,True,CRIMINAL
SUSPECTED,SUPPORTING,0.582,True,CRIMINAL
SUSPECTED,SUPPORTING,0.697,True,CRIMINAL
CONFIRMED,SUPPORTING,0.935,True,CRIMINAL
SUSPECTED,SUPPORTING,0.823,True,CRIMINAL
SUSPECTED,SUPPORTING,0.754,True,CRIMINAL
FALSE,CONTRADICTING,0.316,True,CRIMINAL
CONFIRMED,SUPPORTING,0.846,True,CRIMINAL
CONFIRMED,SUPPORTING,0.844,True,CRIMINAL
CONFIRMED,SUPPORTING,0.940,True,CRIMINAL
SUSPECTED,SUPPORTING,0.736,True,CRIMINAL
UNKNOWN,NEUTRAL,0.487,True,CRIMINAL
CONFIRMED,SUPPORTING,0.886,True,CRIMINAL
FALSE,CONTRADICTING,0.323,True,CRIMINAL
CONFIRMED,SUPPORTING,0.990,True,CRIMINAL
CONFIRMED,SUPPORTING,0.905,True,CRIMINAL
SUSPECTED,SUPPORTING,0.592,True,CRIMINAL
SUSPECTED,SUPPORTING,0.718,True,CRIMINAL
FALSE,CONTRADICTING,0.259,True,CRIMINAL
SUSPECTED,SUPPORTING,0.835,True,CRIMINAL
CONFIRMED,SUPPORTING,0.917,True,CRIMINAL
UNKNOWN,NEUTRAL,0.271,True,CRIMINAL
SUSPECTED,SUPPORTING,0.748,True,CRIMINAL
CONFIRMED,SUPPORTING,0.949,True,CRIMINAL
SUSPECTED,SUPPORTING,0.593,True,CRIMINAL
CONFIRMED,SUPPORTING,0.867,True,CRIMINAL
SUSPECTED,SUPPORTING,0.704,True,CRIMINAL
CONFIRMED,SUPPORTING,0.942,True,CRIMINAL
SUSPECTED,SUPPORTING,0.795,True,CRIMINAL
SUSPECTED,SUPPORTING,0.719,True,CRIMINAL
CONFIRMED,SUPPORTING,0.861,True,CRIMINAL
CONFIRMED,SUPPORTING,0.949,True,CRIMINAL
CONFIRMED,SUPPORTING,0.873,True,CRIMINAL
FALSE,CONTRADICTING,0.312,True,MIXED
UNKNOWN,NEUTRAL,0.305,True,MIXED
UNKNOWN,NEUTRAL,0.309,True,MIXED
UNKNOWN,NEUTRAL,0.549,True,MIXED
UNKNOWN,NEUTRAL,0.398,True,MIXED
FALSE,CONTRADICTING,0.185,True,MIXED
SUSPECTED,SUPPORTING,0.647,True,MIXED
SUSPECTED,SUPPORTING,0.681,True,MIXED
CONFIRMED,SUPPORTING,0.866,True,MIXED
FALSE,CONTRADICTING,0.393,True,MIXED
UNKNOWN,NEUTRAL,0.351,True,MIXED
SUSPECTED,SUPPORTING,0.735,True,MIXED
FALSE,CONTRADICTING,0.261,True,MIXED
CONFIRMED,SUPPORTING,0.895,True,MIXED
FALSE,CONTRADICTING,0.340,True,MIXED
SUSPECTED,SUPPORTING,0.789,True,MIXED
FALSE,CONTRADICTING,0.332,True,MIXED
CONFIRMED,SUPPORTING,0.884,True,MIXED
CONFIRMED,SUPPORTING,0.879,True,MIXED
SUSPECTED,SUPPORTING,0.612,True,MIXED
SUSPECTED,SUPPORTING,0.682,True,MIXED
SUSPECTED,SUPPORTING,0.854,True,MIXED
CONFIRMED,SUPPORTING,0.906,True,MIXED
CONFIRMED,SUPPORTING,0.948,True,MIXED
UNKNOWN,NEUTRAL,0.371,True,MIXED
FALSE,CONTRADICTING,0.210,True,LEGITIMATE
SUSPECTED,SUPPORTING,0.734,True,LEGITIMATE
UNKNOWN,NEUTRAL,0.229,True,LEGITIMATE
UNKNOWN,NEUTRAL,0.372,True,LEGITIMATE
FALSE,CONTRADICTING,0.245,True,LEGITIMATE
FALSE,CONTRADICTING,0.199,True,LEGITIMATE
CONFIRMED,SUPPORTING,0.973,True,LEGITIMATE
UNKNOWN,NEUTRAL,0.419,True,LEGITIMATE
FALSE,CONTRADICTING,0.148,True,LEGITIMATE
CONFIRMED,SUPPORTING,0.873,True,LEGITIMATE
CONFIRMED,SUPPORTING,0.882,True,LEGITIMATE
FALSE,CONTRADICTING,0.236,True,LEGITIMATE
CONFIRMED,SUPPORTING,0.950,True,LEGITIMATE
FALSE,CONTRADICTING,0.300,True,LEGITIMATE
FALSE,CONTRADICTING,0.306,True,LEGITIMATE
UNKNOWN,NEUTRAL,0.275,True,LEGITIMATE
SUSPECTED,SUPPORTING,0.780,True,LEGITIMATE
UNKNOWN,NEUTRAL,0.254,True,LEGITIMATE
SUSPECTED,SUPPORTING,0.641,True,LEGITIMATE
UNKNOWN,NEUTRAL,0.548,True,LEGITIMATE
FALSE,CONTRADICTING,0.284,True,AMBIGUOUS
SUSPECTED,SUPPORTING,0.795,True,AMBIGUOUS
UNKNOWN,NEUTRAL,0.427,True,AMBIGUOUS
FALSE,CONTRADICTING,0.233,True,AMBIGUOUS
UNKNOWN,NEUTRAL,0.238,True,AMBIGUOUS
UNKNOWN,NEUTRAL,0.205,True,AMBIGUOUS
UNKNOWN,NEUTRAL,0.340,True,AMBIGUOUS
UNKNOWN,NEUTRAL,0.267,True,AMBIGUOUS
UNKNOWN,NEUTRAL,0.212,True,AMBIGUOUS
UNKNOWN,NEUTRAL,0.546,True,AMBIGUOUS
UNKNOWN,NEUTRAL,0.522,True,AMBIGUOUS
SUSPECTED,SUPPORTING,0.811,True,AMBIGUOUS
SUSPECTED,SUPPORTING,0.623,True,AMBIGUOUS
UNKNOWN,NEUTRAL,0.240,True,AMBIGUOUS
UNKNOWN,NEUTRAL,0.491,True,AMBIGUOUS
CONFIRMED,SUPPORTING,0.874,True,CRIMINAL
CONFIRMED,SUPPORTING,0.834,True,CRIMINAL
SUSPECTED,SUPPORTING,0.705,True,CRIMINAL
SUSPECTED,SUPPORTING,0.795,True,CRIMINAL
SUSPECTED,SUPPORTING,0.858,True,CRIMINAL
SUSPECTED,SUPPORTING,0.591,True,CRIMINAL
CONFIRMED,SUPPORTING,0.891,True,CRIMINAL
SUSPECTED,SUPPORTING,0.792,True,CRIMINAL
UNKNOWN,NEUTRAL,0.407,True,CRIMINAL
SUSPECTED,SUPPORTING,0.672,True,CRIMINAL
CONFIRMED,SUPPORTING,0.982,True,CRIMINAL
CONFIRMED,SUPPORTING,0.852,True,CRIMINAL
CONFIRMED,SUPPORTING,0.928,True,CRIMINAL
CONFIRMED,SUPPORTING,0.940,True,CRIMINAL
CONFIRMED,SUPPORTING,0.949,True,CRIMINAL
FALSE,CONTRADICTING,0.259,True,CRIMINAL
SUSPECTED,SUPPORTING,0.765,True,CRIMINAL
FALSE,CONTRADICTING,0.415,True,CRIMINAL
FALSE,CONTRADICTING,0.399,True,CRIMINAL
CONFIRMED,SUPPORTING,0.837,True,CRIMINAL
CONFIRMED,SUPPORTING,0.837,True,CRIMINAL
SUSPECTED,SUPPORTING,0.714,True,CRIMINAL
SUSPECTED,SUPPORTING,0.589,True,CRIMINAL
FALSE,CONTRADICTING,0.248,True,CRIMINAL
SUSPECTED,SUPPORTING,0.804,True,CRIMINAL
SUSPECTED,SUPPORTING,0.631,True,CRIMINAL
CONFIRMED,SUPPORTING,0.971,True,CRIMINAL
UNKNOWN,NEUTRAL,0.329,True,CRIMINAL
FALSE,CONTRADICTING,0.180,True,CRIMINAL
CONFIRMED,SUPPORTING,0.943,True,CRIMINAL
SUSPECTED,SUPPORTING,0.735,True,CRIMINAL
CONFIRMED,SUPPORTING,0.968,True,CRIMINAL
SUSPECTED,SUPPORTING,0.675,True,CRIMINAL
UNKNOWN,NEUTRAL,0.249,True,CRIMINAL
SUSPECTED,SUPPORTING,0.592,True,CRIMINAL
SUSPECTED,SUPPORTING,0.729,True,CRIMINAL
CONFIRMED,SUPPORTING,0.885,True,CRIMINAL
SUSPECTED,SUPPORTING,0.757,True,CRIMINAL
UNKNOWN,NEUTRAL,0.525,True,CRIMINAL
FALSE,CONTRADICTING,0.245,True,CRIMINAL
SUSPECTED,SUPPORTING,0.736,True,MIXED
SUSPECTED,SUPPORTING,0.813,True,MIXED
CONFIRMED,SUPPORTING,0.964,True,MIXED
UNKNOWN,NEUTRAL,0.348,True,MIXED
SUSPECTED,SUPPORTING,0.679,True,MIXED
CONFIRMED,SUPPORTING,0.877,True,MIXED
SUSPECTED,SUPPORTING,0.720,True,MIXED
UNKNOWN,NEUTRAL,0.237,True,MIXED
SUSPECTED,SUPPORTING,0.765,True,MIXED
SUSPECTED,SUPPORTING,0.621,True,MIXED
CONFIRMED,SUPPORTING,0.949,True,MIXED
CONFIRMED,SUPPORTING,0.948,True,MIXED
UNKNOWN,NEUTRAL,0.295,True,MIXED
FALSE,CONTRADICTING,0.310,True,MIXED
CONFIRMED,SUPPORTING,0.930,True,MIXED
SUSPECTED,SUPPORTING,0.859,True,MIXED
CONFIRMED,SUPPORTING,0.877,True,MIXED
UNKNOWN,NEUTRAL,0.207,True,MIXED
SUSPECTED,SUPPORTING,0.688,True,MIXED
UNKNOWN,NEUTRAL,0.393,True,MIXED
FALSE,CONTRADICTING,0.306,True,MIXED
SUSPECTED,SUPPORTING,0.784,True,MIXED
SUSPECTED,SUPPORTING,0.755,True,MIXED
SUSPECTED,SUPPORTING,0.704,True,MIXED
SUSPECTED,SUPPORTING,0.835,True,MIXED
FALSE,CONTRADICTING,0.131,True,LEGITIMATE
UNKNOWN,NEUTRAL,0.251,True,LEGITIMATE
FALSE,CONTRADICTING,0.162,True,LEGITIMATE
FALSE,CONTRADICTING,0.251,True,LEGITIMATE
FALSE,CONTRADICTING,0.249,True,LEGITIMATE
UNKNOWN,NEUTRAL,0.425,True,LEGITIMATE
UNKNOWN,NEUTRAL,0.268,True,LEGITIMATE
FALSE,CONTRADICTING,0.237,True,LEGITIMATE
UNKNOWN,NEUTRAL,0.418,True,LEGITIMATE
UNKNOWN,NEUTRAL,0.473,True,LEGITIMATE
UNKNOWN,NEUTRAL,0.228,True,LEGITIMATE
SUSPECTED,SUPPORTING,0.635,True,LEGITIMATE
FALSE,CONTRADICTING,0.352,True,LEGITIMATE
FALSE,CONTRADICTING,0.211,True,LEGITIMATE
UNKNOWN,NEUTRAL,0.455,True,LEGITIMATE
UNKNOWN,NEUTRAL,0.447,True,LEGITIMATE
SUSPECTED,SUPPORTING,0.585,True,LEGITIMATE
FALSE,CONTRADICTING,0.166,True,LEGITIMATE
FALSE,CONTRADICTING,0.138,True,LEGITIMATE
UNKNOWN,NEUTRAL,0.367,True,LEGITIMATE
UNKNOWN,NEUTRAL,0.269,True,AMBIGUOUS
UNKNOWN,NEUTRAL,0.370,True,AMBIGUOUS
SUSPECTED,SUPPORTING,0.600,True,AMBIGUOUS
SUSPECTED,SUPPORTING,0.774,True,AMBIGUOUS
SUSPECTED,SUPPORTING,0.728,True,AMBIGUOUS
UNKNOWN,NEUTRAL,0.242,True,AMBIGUOUS
UNKNOWN,NEUTRAL,0.505,True,AMBIGUOUS
CONFIRMED,SUPPORTING,0.945,True,AMBIGUOUS
SUSPECTED,SUPPORTING,0.775,True,AMBIGUOUS
UNKNOWN,NEUTRAL,0.300,True,AMBIGUOUS
UNKNOWN,NEUTRAL,0.285,True,AMBIGUOUS
FALSE,CONTRADICTING,0.405,True,AMBIGUOUS
UNKNOWN,NEUTRAL,0.469,True,AMBIGUOUS
UNKNOWN,NEUTRAL,0.319,True,AMBIGUOUS
SUSPECTED,SUPPORTING,0.745,True,AMBIGUOUS
SUSPECTED,SUPPORTING,0.711,True,CRIMINAL
SUSPECTED,SUPPORTING,0.775,True,CRIMINAL
FALSE,CONTRADICTING,0.168,True,CRIMINAL
SUSPECTED,SUPPORTING,0.680,True,CRIMINAL
SUSPECTED,SUPPORTING,0.742,True,CRIMINAL
SUSPECTED,SUPPORTING,0.829,True,CRIMINAL
CONFIRMED,SUPPORTING,0.926,True,CRIMINAL
SUSPECTED,SUPPORTING,0.588,True,CRIMINAL
UNKNOWN,NEUTRAL,0.444,True,CRIMINAL
CONFIRMED,SUPPORTING,0.986,True,CRIMINAL
CONFIRMED,SUPPORTING,0.904,True,CRIMINAL
FALSE,CONTRADICTING,0.205,True,CRIMINAL
SUSPECTED,SUPPORTING,0.834,True,CRIMINAL
CONFIRMED,SUPPORTING,0.982,True,CRIMINAL
SUSPECTED,SUPPORTING,0.595,True,CRIMINAL
CONFIRMED,SUPPORTING,0.938,True,CRIMINAL
CONFIRMED,SUPPORTING,0.979,True,CRIMINAL
CONFIRMED,SUPPORTING,0.829,True,CRIMINAL
CONFIRMED,SUPPORTING,0.894,True,CRIMINAL
CONFIRMED,SUPPORTING,0.909,True,CRIMINAL
SUSPECTED,SUPPORTING,0.793,True,CRIMINAL
SUSPECTED,SUPPORTING,0.821,True,CRIMINAL
SUSPECTED,SUPPORTING,0.793,True,CRIMINAL
CONFIRMED,SUPPORTING,0.919,True,CRIMINAL
CONFIRMED,SUPPORTING,0.975,True,CRIMINAL
CONFIRMED,SUPPORTING,0.899,True,CRIMINAL
FALSE,CONTRADICTING,0.276,True,CRIMINAL
SUSPECTED,SUPPORTING,0.771,True,CRIMINAL
CONFIRMED,SUPPORTING,0.939,True,CRIMINAL
CONFIRMED,SUPPORTING,0.909,True,CRIMINAL
CONFIRMED,SUPPORTING,0.885,True,CRIMINAL
CONFIRMED,SUPPORTING,0.860,True,CRIMINAL
CONFIRMED,SUPPORTING,0.829,True,CRIMINAL
CONFIRMED,SUPPORTING,0.853,True,CRIMINAL
CONFIRMED,SUPPORTING,0.947,True,CRIMINAL
UNKNOWN,NEUTRAL,0.293,True,CRIMINAL
SUSPECTED,SUPPORTING,0.682,True,CRIMINAL
UNKNOWN,NEUTRAL,0.442,True,CRIMINAL
SUSPECTED,SUPPORTING,0.750,True,CRIMINAL
FALSE,CONTRADICTING,0.126,True,CRIMINAL
UNKNOWN,NEUTRAL,0.405,True,MIXED
SUSPECTED,SUPPORTING,0.709,True,MIXED
SUSPECTED,SUPPORTING,0.771,True,MIXED
UNKNOWN,NEUTRAL,0.462,True,MIXED
CONFIRMED,SUPPORTING,0.985,True,MIXED
UNKNOWN,NEUTRAL,0.475,True,MIXED
CONFIRMED,SUPPORTING,0.922,True,MIXED
SUSPECTED,SUPPORTING,0.725,True,MIXED
UNKNOWN,NEUTRAL,0.331,True,MIXED
SUSPECTED,SUPPORTING,0.779,True,MIXED
CONFIRMED,SUPPORTING,0.944,True,MIXED
CONFIRMED,SUPPORTING,0.856,True,MIXED
CONFIRMED,SUPPORTING,0.863,True,MIXED
CONFIRMED,SUPPORTING,0.858,True,MIXED
CONFIRMED,SUPPORTING,0.956,True,MIXED
CONFIRMED,SUPPORTING,0.831,True,MIXED
UNKNOWN,NEUTRAL,0.322,True,MIXED
CONFIRMED,SUPPORTING,0.859,True,MIXED
CONFIRMED,SUPPORTING,0.830,True,MIXED
FALSE,CONTRADICTING,0.268,True,MIXED
UNKNOWN,NEUTRAL,0.509,True,MIXED
SUSPECTED,SUPPORTING,0.844,True,MIXED
SUSPECTED,SUPPORTING,0.638,True,MIXED
SUSPECTED,SUPPORTING,0.731,True,MIXED
UNKNOWN,NEUTRAL,0.541,True,MIXED
FALSE,CONTRADICTING,0.377,True,LEGITIMATE
CONFIRMED,SUPPORTING,0.830,True,LEGITIMATE
FALSE,CONTRADICTING,0.392,True,LEGITIMATE
UNKNOWN,NEUTRAL,0.394,True,LEGITIMATE
UNKNOWN,NEUTRAL,0.394,True,LEGITIMATE
FALSE,CONTRADICTING,0.336,True,LEGITIMATE
FALSE,CONTRADICTING,0.306,True,LEGITIMATE
FALSE,CONTRADICTING,0.128,True,LEGITIMATE
UNKNOWN,NEUTRAL,0.391,True,LEGITIMATE
FALSE,CONTRADICTING,0.302,True,LEGITIMATE
UNKNOWN,NEUTRAL,0.472,True,LEGITIMATE
FALSE,CONTRADICTING,0.268,True,LEGITIMATE
SUSPECTED,SUPPORTING,0.711,True,LEGITIMATE
FALSE,CONTRADICTING,0.401,True,LEGITIMATE
FALSE,CONTRADICTING,0.346,True,LEGITIMATE
UNKNOWN,NEUTRAL,0.284,True,LEGITIMATE
UNKNOWN,NEUTRAL,0.214,True,LEGITIMATE
FALSE,CONTRADICTING,0.399,True,LEGITIMATE
FALSE,CONTRADICTING,0.121,True,LEGITIMATE
CONFIRMED,SUPPORTING,0.966,True,LEGITIMATE
UNKNOWN,NEUTRAL,0.487,True,AMBIGUOUS
SUSPECTED,SUPPORTING,0.674,True,AMBIGUOUS
UNKNOWN,NEUTRAL,0.396,True,AMBIGUOUS
UNKNOWN,NEUTRAL,0.419,True,AMBIGUOUS
UNKNOWN,NEUTRAL,0.357,True,AMBIGUOUS
UNKNOWN,NEUTRAL,0.238,True,AMBIGUOUS
UNKNOWN,NEUTRAL,0.212,True,AMBIGUOUS
SUSPECTED,SUPPORTING,0.729,True,AMBIGUOUS
UNKNOWN,NEUTRAL,0.329,True,AMBIGUOUS
CONFIRMED,SUPPORTING,0.886,True,AMBIGUOUS
FALSE,CONTRADICTING,0.257,True,AMBIGUOUS
UNKNOWN,NEUTRAL,0.467,True,AMBIGUOUS
UNKNOWN,NEUTRAL,0.226,True,AMBIGUOUS
SUSPECTED,SUPPORTING,0.658,True,AMBIGUOUS
UNKNOWN,NEUTRAL,0.452,True,AMBIGUOUS
CONFIRMED,SUPPORTING,0.958,True,CRIMINAL
UNKNOWN,NEUTRAL,0.239,True,CRIMINAL
CONFIRMED,SUPPORTING,0.916,True,CRIMINAL
SUSPECTED,SUPPORTING,0.742,True,CRIMINAL
SUSPECTED,SUPPORTING,0.740,True,CRIMINAL
SUSPECTED,SUPPORTING,0.582,True,CRIMINAL
CONFIRMED,SUPPORTING,0.892,True,CRIMINAL
CONFIRMED,SUPPORTING,0.876,True,CRIMINAL
CONFIRMED,SUPPORTING,0.839,True,CRIMINAL
CONFIRMED,SUPPORTING,0.943,True,CRIMINAL
SUSPECTED,SUPPORTING,0.764,True,CRIMINAL
SUSPECTED,SUPPORTING,0.656,True,CRIMINAL
CONFIRMED,SUPPORTING,0.945,True,CRIMINAL
CONFIRMED,SUPPORTING,0.907,True,CRIMINAL
SUSPECTED,SUPPORTING,0.620,True,CRIMINAL
UNKNOWN,NEUTRAL,0.337,True,CRIMINAL
CONFIRMED,SUPPORTING,0.854,True,CRIMINAL
CONFIRMED,SUPPORTING,0.947,True,CRIMINAL
SUSPECTED,SUPPORTING,0.732,True,CRIMINAL
CONFIRMED,SUPPORTING,0.861,True,CRIMINAL
CONFIRMED,SUPPORTING,0.875,True,CRIMINAL
CONFIRMED,SUPPORTING,0.881,True,CRIMINAL
CONFIRMED,SUPPORTING,0.928,True,CRIMINAL
SUSPECTED,SUPPORTING,0.680,True,CRIMINAL
UNKNOWN,NEUTRAL,0.224,True,CRIMINAL
SUSPECTED,SUPPORTING,0.761,True,CRIMINAL
FALSE,CONTRADICTING,0.276,True,CRIMINAL
SUSPECTED,SUPPORTING,0.581,True,CRIMINAL
FALSE,CONTRADICTING,0.270,True,CRIMINAL
CONFIRMED,SUPPORTING,0.905,True,CRIMINAL
SUSPECTED,SUPPORTING,0.854,True,CRIMINAL
CONFIRMED,SUPPORTING,0.857,True,CRIMINAL
CONFIRMED,SUPPORTING,0.849,True,CRIMINAL
CONFIRMED,SUPPORTING,0.898,True,CRIMINAL
SUSPECTED,SUPPORTING,0.740,True,CRIMINAL
CONFIRMED,SUPPORTING,0.927,True,CRIMINAL
FALSE,CONTRADICTING,0.150,True,CRIMINAL
CONFIRMED,SUPPORTING,0.885,True,CRIMINAL
CONFIRMED,SUPPORTING,0.911,True,CRIMINAL
FALSE,CONTRADICTING,0.376,True,CRIMINAL
SUSPECTED,SUPPORTING,0.830,True,MIXED
CONFIRMED,SUPPORTING,0.879,True,MIXED
UNKNOWN,NEUTRAL,0.249,True,MIXED
UNKNOWN,NEUTRAL,0.416,True,MIXED
CONFIRMED,SUPPORTING,0.877,True,MIXED
CONFIRMED,SUPPORTING,0.958,True,MIXED
UNKNOWN,NEUTRAL,0.477,True,MIXED
UNKNOWN,NEUTRAL,0.294,True,MIXED
FALSE,CONTRADICTING,0.248,True,MIXED
CONFIRMED,SUPPORTING,0.838,True,MIXED
SUSPECTED,SUPPORTING,0.841,True,MIXED
SUSPECTED,SUPPORTING,0.817,True,MIXED
FALSE,CONTRADICTING,0.126,True,MIXED
SUSPECTED,SUPPORTING,0.625,True,MIXED
CONFIRMED,SUPPORTING,0.897,True,MIXED
CONFIRMED,SUPPORTING,0.851,True,MIXED
FALSE,CONTRADICTING,0.220,True,MIXED
UNKNOWN,NEUTRAL,0.292,True,MIXED
CONFIRMED,SUPPORTING,0.941,True,MIXED
UNKNOWN,NEUTRAL,0.332,True,MIXED
CONFIRMED,SUPPORTING,0.951,True,MIXED
SUSPECTED,SUPPORTING,0.822,True,MIXED
UNKNOWN,NEUTRAL,0.435,True,MIXED
SUSPECTED,SUPPORTING,0.599,True,MIXED
SUSPECTED,SUPPORTING,0.772,True,MIXED
UNKNOWN,NEUTRAL,0.338,True,LEGITIMATE
UNKNOWN,NEUTRAL,0.266,True,LEGITIMATE
UNKNOWN,NEUTRAL,0.499,True,LEGITIMATE
UNKNOWN,NEUTRAL,0.307,True,LEGITIMATE
UNKNOWN,NEUTRAL,0.270,True,LEGITIMATE
FALSE,CONTRADICTING,0.170,True,LEGITIMATE
FALSE,CONTRADICTING,0.290,True,LEGITIMATE
SUSPECTED,SUPPORTING,0.809,True,LEGITIMATE
SUSPECTED,SUPPORTING,0.686,True,LEGITIMATE
FALSE,CONTRADICTING,0.215,True,LEGITIMATE
FALSE,CONTRADICTING,0.134,True,LEGITIMATE
SUSPECTED,SUPPORTING,0.660,True,LEGITIMATE
UNKNOWN,NEUTRAL,0.421,True,LEGITIMATE
FALSE,CONTRADICTING,0.313,True,LEGITIMATE
FALSE,CONTRADICTING,0.303,True,LEGITIMATE
UNKNOWN,NEUTRAL,0.537,True,LEGITIMATE
UNKNOWN,NEUTRAL,0.333,True,LEGITIMATE
FALSE,CONTRADICTING,0.292,True,LEGITIMATE
FALSE,CONTRADICTING,0.203,True,LEGITIMATE
UNKNOWN,NEUTRAL,0.248,True,LEGITIMATE
SUSPECTED,SUPPORTING,0.582,True,AMBIGUOUS
UNKNOWN,NEUTRAL,0.359,True,AMBIGUOUS
UNKNOWN,NEUTRAL,0.492,True,AMBIGUOUS
UNKNOWN,NEUTRAL,0.463,True,AMBIGUOUS
UNKNOWN,NEUTRAL,0.269,True,AMBIGUOUS
UNKNOWN,NEUTRAL,0.404,True,AMBIGUOUS
UNKNOWN,NEUTRAL,0.263,True,AMBIGUOUS
FALSE,CONTRADICTING,0.356,True,AMBIGUOUS
UNKNOWN,NEUTRAL,0.447,True,AMBIGUOUS
UNKNOWN,NEUTRAL,0.519,True,AMBIGUOUS
UNKNOWN,NEUTRAL,0.326,True,AMBIGUOUS
UNKNOWN,NEUTRAL,0.360,True,AMBIGUOUS
FALSE,CONTRADICTING,0.315,True,AMBIGUOUS
SUSPECTED,SUPPORTING,0.608,True,AMBIGUOUS
CONFIRMED,SUPPORTING,0.969,True,AMBIGUOUS
CONFIRMED,SUPPORTING,0.955,True,CRIMINAL
CONFIRMED,SUPPORTING,0.945,True,CRIMINAL
CONFIRMED,SUPPORTING,0.976,True,CRIMINAL
CONFIRMED,SUPPORTING,0.822,True,CRIMINAL
SUSPECTED,SUPPORTING,0.832,True,CRIMINAL
CONFIRMED,SUPPORTING,0.972,True,CRIMINAL
SUSPECTED,SUPPORTING,0.800,True,CRIMINAL
CONFIRMED,SUPPORTING,0.956,True,CRIMINAL
CONFIRMED,SUPPORTING,0.932,True,CRIMINAL
SUSPECTED,SUPPORTING,0.589,True,CRIMINAL
CONFIRMED,SUPPORTING,0.989,True,CRIMINAL
SUSPECTED,SUPPORTING,0.600,True,CRIMINAL
SUSPECTED,SUPPORTING,0.723,True,CRIMINAL
CONFIRMED,SUPPORTING,0.910,True,CRIMINAL
SUSPECTED,SUPPORTING,0.671,True,CRIMINAL
CONFIRMED,SUPPORTING,0.950,True,CRIMINAL
CONFIRMED,SUPPORTING,0.845,True,CRIMINAL
CONFIRMED,SUPPORTING,0.963,True,CRIMINAL
CONFIRMED,SUPPORTING,0.870,True,CRIMINAL
SUSPECTED,SUPPORTING,0.711,True,CRIMINAL
UNKNOWN,NEUTRAL,0.487,True,CRIMINAL
UNKNOWN,NEUTRAL,0.339,True,CRIMINAL
CONFIRMED,SUPPORTING,0.865,True,CRIMINAL
FALSE,CONTRADICTING,0.191,True,CRIMINAL
UNKNOWN,NEUTRAL,0.285,True,CRIMINAL
CONFIRMED,SUPPORTING,0.860,True,CRIMINAL
SUSPECTED,SUPPORTING,0.840,True,CRIMINAL
CONFIRMED,SUPPORTING,0.922,True,CRIMINAL
CONFIRMED,SUPPORTING,0.925,True,CRIMINAL
UNKNOWN,NEUTRAL,0.517,True,CRIMINAL
SUSPECTED,SUPPORTING,0.720,True,CRIMINAL
SUSPECTED,SUPPORTING,0.839,True,CRIMINAL
CONFIRMED,SUPPORTING,0.868,True,CRIMINAL
FALSE,CONTRADICTING,0.373,True,CRIMINAL
SUSPECTED,SUPPORTING,0.800,True,CRIMINAL
CONFIRMED,SUPPORTING,0.980,True,CRIMINAL
CONFIRMED,SUPPORTING,0.836,True,CRIMINAL
SUSPECTED,SUPPORTING,0.634,True,CRIMINAL
CONFIRMED,SUPPORTING,0.827,True,CRIMINAL
CONFIRMED,SUPPORTING,0.893,True,CRIMINAL
FALSE,CONTRADICTING,0.143,True,MIXED
FALSE,CONTRADICTING,0.294,True,MIXED
CONFIRMED,SUPPORTING,0.875,True,MIXED
SUSPECTED,SUPPORTING,0.758,True,MIXED
FALSE,CONTRADICTING,0.339,True,MIXED
CONFIRMED,SUPPORTING,0.973,True,MIXED
SUSPECTED,SUPPORTING,0.728,True,MIXED
CONFIRMED,SUPPORTING,0.945,True,MIXED
CONFIRMED,SUPPORTING,0.914,True,MIXED
SUSPECTED,SUPPORTING,0.762,True,MIXED
FALSE,CONTRADICTING,0.269,True,MIXED
SUSPECTED,SUPPORTING,0.790,True,MIXED
SUSPECTED,SUPPORTING,0.633,True,MIXED
CONFIRMED,SUPPORTING,0.879,True,MIXED
CONFIRMED,SUPPORTING,0.982,True,MIXED
UNKNOWN,NEUTRAL,0.239,True,MIXED
CONFIRMED,SUPPORTING,0.902,True,MIXED
CONFIRMED,SUPPORTING,0.967,True,MIXED
SUSPECTED,SUPPORTING,0.798,True,MIXED
SUSPECTED,SUPPORTING,0.623,True,MIXED
CONFIRMED,SUPPORTING,0.849,True,MIXED
SUSPECTED,SUPPORTING,0.752,True,MIXED
FALSE,CONTRADICTING,0.277,True,MIXED
CONFIRMED,SUPPORTING,0.849,True,MIXED
SUSPECTED,SUPPORTING,0.830,True,MIXED
FALSE,CONTRADICTING,0.258,True,LEGITIMATE
FALSE,CONTRADICTING,0.209,True,LEGITIMATE
FALSE,CONTRADICTING,0.281,True,LEGITIMATE
FALSE,CONTRADICTING,0.209,True,LEGITIMATE
FALSE,CONTRADICTING,0.203,True,LEGITIMATE
FALSE,CONTRADICTING,0.318,True,LEGITIMATE
FALSE,CONTRADICTING,0.133,True,LEGITIMATE
FALSE,CONTRADICTING,0.192,True,LEGITIMATE
FALSE,CONTRADICTING,0.201,True,LEGITIMATE
UNKNOWN,NEUTRAL,0.358,True,LEGITIMATE
UNKNOWN,NEUTRAL,0.313,True,LEGITIMATE
UNKNOWN,NEUTRAL,0.473,True,LEGITIMATE
SUSPECTED,SUPPORTING,0.788,True,LEGITIMATE
UNKNOWN,NEUTRAL,0.307,True,LEGITIMATE
UNKNOWN,NEUTRAL,0.542,True,LEGITIMATE
FALSE,CONTRADICTING,0.171,True,LEGITIMATE
UNKNOWN,NEUTRAL,0.282,True,LEGITIMATE
UNKNOWN,NEUTRAL,0.534,True,LEGITIMATE
FALSE,CONTRADICTING,0.325,True,LEGITIMATE
FALSE,CONTRADICTING,0.271,True,LEGITIMATE
UNKNOWN,NEUTRAL,0.267,True,AMBIGUOUS
CONFIRMED,SUPPORTING,0.825,True,AMBIGUOUS
FALSE,CONTRADICTING,0.355,True,AMBIGUOUS
UNKNOWN,NEUTRAL,0.422,True,AMBIGUOUS
SUSPECTED,SUPPORTING,0.704,True,AMBIGUOUS
UNKNOWN,NEUTRAL,0.446,True,AMBIGUOUS
UNKNOWN,NEUTRAL,0.319,True,AMBIGUOUS
UNKNOWN,NEUTRAL,0.332,True,AMBIGUOUS
CONFIRMED,SUPPORTING,0.884,True,AMBIGUOUS
FALSE,CONTRADICTING,0.222,True,AMBIGUOUS
CONFIRMED,SUPPORTING,0.929,True,AMBIGUOUS
FALSE,CONTRADICTING,0.376,True,AMBIGUOUS
UNKNOWN,NEUTRAL,0.224,True,AMBIGUOUS
UNKNOWN,NEUTRAL,0.418,True,AMBIGUOUS
SUSPECTED,SUPPORTING,0.767,True,AMBIGUOUS
SUSPECTED,SUPPORTING,0.693,True,CRIMINAL
SUSPECTED,SUPPORTING,0.719,True,CRIMINAL
CONFIRMED,SUPPORTING,0.870,True,CRIMINAL
CONFIRMED,SUPPORTING,0.967,True,CRIMINAL
CONFIRMED,SUPPORTING,0.934,True,CRIMINAL
CONFIRMED,SUPPORTING,0.822,True,CRIMINAL
UNKNOWN,NEUTRAL,0.415,True,CRIMINAL
UNKNOWN,NEUTRAL,0.251,True,CRIMINAL
CONFIRMED,SUPPORTING,0.919,True,CRIMINAL
CONFIRMED,SUPPORTING,0.871,True,CRIMINAL
CONFIRMED,SUPPORTING,0.964,True,CRIMINAL
CONFIRMED,SUPPORTING,0.860,True,CRIMINAL
SUSPECTED,SUPPORTING,0.646,True,CRIMINAL
SUSPECTED,SUPPORTING,0.685,True,CRIMINAL
CONFIRMED,SUPPORTING,0.915,True,CRIMINAL
SUSPECTED,SUPPORTING,0.631,True,CRIMINAL
UNKNOWN,NEUTRAL,0.454,True,CRIMINAL
CONFIRMED,SUPPORTING,0.861,True,CRIMINAL
CONFIRMED,SUPPORTING,0.866,True,CRIMINAL
CONFIRMED,SUPPORTING,0.883,True,CRIMINAL
CONFIRMED,SUPPORTING,0.861,True,CRIMINAL
SUSPECTED,SUPPORTING,0.843,True,CRIMINAL
CONFIRMED,SUPPORTING,0.931,True,CRIMINAL
CONFIRMED,SUPPORTING,0.940,True,CRIMINAL
SUSPECTED,SUPPORTING,0.673,True,CRIMINAL
SUSPECTED,SUPPORTING,0.746,True,CRIMINAL
SUSPECTED,SUPPORTING,0.717,True,CRIMINAL
SUSPECTED,SUPPORTING,0.744,True,CRIMINAL
SUSPECTED,SUPPORTING,0.807,True,CRIMINAL
CONFIRMED,SUPPORTING,0.838,True,CRIMINAL
CONFIRMED,SUPPORTING,0.829,True,CRIMINAL
CONFIRMED,SUPPORTING,0.828,True,CRIMINAL
SUSPECTED,SUPPORTING,0.686,True,CRIMINAL
SUSPECTED,SUPPORTING,0.826,True,CRIMINAL
CONFIRMED,SUPPORTING,0.892,True,CRIMINAL
SUSPECTED,SUPPORTING,0.648,True,CRIMINAL
SUSPECTED,SUPPORTING,0.667,True,CRIMINAL
CONFIRMED,SUPPORTING,0.856,True,CRIMINAL
CONFIRMED,SUPPORTING,0.890,True,CRIMINAL
CONFIRMED,SUPPORTING,0.861,True,CRIMINAL
CONFIRMED,SUPPORTING,0.879,True,MIXED
UNKNOWN,NEUTRAL,0.395,True,MIXED
CONFIRMED,SUPPORTING,0.912,True,MIXED
FALSE,CONTRADICTING,0.270,True,MIXED
FALSE,CONTRADICTING,0.147,True,MIXED
UNKNOWN,NEUTRAL,0.330,True,MIXED
SUSPECTED,SUPPORTING,0.647,True,MIXED
UNKNOWN,NEUTRAL,0.341,True,MIXED
UNKNOWN,NEUTRAL,0.300,True,MIXED
FALSE,CONTRADICTING,0.233,True,MIXED
UNKNOWN,NEUTRAL,0.496,True,MIXED
CONFIRMED,SUPPORTING,0.954,True,MIXED
CONFIRMED,SUPPORTING,0.905,True,MIXED
CONFIRMED,SUPPORTING,0.851,True,MIXED
FALSE,CONTRADICTING,0.266,True,MIXED
CONFIRMED,SUPPORTING,0.963,True,MIXED
CONFIRMED,SUPPORTING,0.903,True,MIXED
CONFIRMED,SUPPORTING,0.915,True,MIXED
CONFIRMED,SUPPORTING,0.952,True,MIXED
SUSPECTED,SUPPORTING,0.789,True,MIXED
UNKNOWN,NEUTRAL,0.537,True,MIXED
CONFIRMED,SUPPORTING,0.825,True,MIXED
SUSPECTED,SUPPORTING,0.700,True,MIXED
CONFIRMED,SUPPORTING,0.926,True,MIXED
CONFIRMED,SUPPORTING,0.832,True,MIXED
UNKNOWN,NEUTRAL,0.278,True,LEGITIMATE
UNKNOWN,NEUTRAL,0.302,True,LEGITIMATE
UNKNOWN,NEUTRAL,0.492,True,LEGITIMATE
FALSE,CONTRADICTING,0.176,True,LEGITIMATE
FALSE,CONTRADICTING,0.336,True,LEGITIMATE
FALSE,CONTRADICTING,0.410,True,LEGITIMATE
FALSE,CONTRADICTING,0.393,True,LEGITIMATE
UNKNOWN,NEUTRAL,0.296,True,LEGITIMATE
SUSPECTED,SUPPORTING,0.711,True,LEGITIMATE
UNKNOWN,NEUTRAL,0.474,True,LEGITIMATE
UNKNOWN,NEUTRAL,0.449,True,LEGITIMATE
UNKNOWN,NEUTRAL,0.254,True,LEGITIMATE
FALSE,CONTRADICTING,0.133,True,LEGITIMATE
FALSE,CONTRADICTING,0.181,True,LEGITIMATE
UNKNOWN,NEUTRAL,0.459,True,LEGITIMATE
FALSE,CONTRADICTING,0.120,True,LEGITIMATE
UNKNOWN,NEUTRAL,0.514,True,LEGITIMATE
UNKNOWN,NEUTRAL,0.435,True,LEGITIMATE
FALSE,CONTRADICTING,0.144,True,LEGITIMATE
FALSE,CONTRADICTING,0.324,True,LEGITIMATE
SUSPECTED,SUPPORTING,0.758,True,AMBIGUOUS
SUSPECTED,SUPPORTING,0.642,True,AMBIGUOUS
UNKNOWN,NEUTRAL,0.231,True,AMBIGUOUS
UNKNOWN,NEUTRAL,0.542,True,AMBIGUOUS
SUSPECTED,SUPPORTING,0.690,True,AMBIGUOUS
UNKNOWN,NEUTRAL,0.266,True,AMBIGUOUS
FALSE,CONTRADICTING,0.365,True,AMBIGUOUS
SUSPECTED,SUPPORTING,0.665,True,AMBIGUOUS
FALSE,CONTRADICTING,0.199,True,AMBIGUOUS
UNKNOWN,NEUTRAL,0.281,True,AMBIGUOUS
SUSPECTED,SUPPORTING,0.775,True,AMBIGUOUS
CONFIRMED,SUPPORTING,0.869,True,AMBIGUOUS
UNKNOWN,NEUTRAL,0.217,True,AMBIGUOUS
CONFIRMED,SUPPORTING,0.870,True,AMBIGUOUS
CONFIRMED,SUPPORTING,0.903,True,AMBIGUOUS
CONFIRMED,SUPPORTING,0.821,True,CRIMINAL
SUSPECTED,SUPPORTING,0.641,True,CRIMINAL
CONFIRMED,SUPPORTING,0.923,True,CRIMINAL
SUSPECTED,SUPPORTING,0.619,True,CRIMINAL
UNKNOWN,NEUTRAL,0.388,True,CRIMINAL
UNKNOWN,NEUTRAL,0.514,True,CRIMINAL
CONFIRMED,SUPPORTING,0.949,True,CRIMINAL
SUSPECTED,SUPPORTING,0.715,True,CRIMINAL
SUSPECTED,SUPPORTING,0.696,True,CRIMINAL
SUSPECTED,SUPPORTING,0.626,True,CRIMINAL
SUSPECTED,SUPPORTING,0.662,True,CRIMINAL
SUSPECTED,SUPPORTING,0.693,True,CRIMINAL
SUSPECTED,SUPPORTING,0.777,True,CRIMINAL
CONFIRMED,SUPPORTING,0.875,True,CRIMINAL
CONFIRMED,SUPPORTING,0.973,True,CRIMINAL
CONFIRMED,SUPPORTING,0.880,True,CRIMINAL
SUSPECTED,SUPPORTING,0.782,True,CRIMINAL
CONFIRMED,SUPPORTING,0.925,True,CRIMINAL
SUSPECTED,SUPPORTING,0.844,True,CRIMINAL
CONFIRMED,SUPPORTING,0.842,True,CRIMINAL
SUSPECTED,SUPPORTING,0.817,True,CRIMINAL
FALSE,CONTRADICTING,0.181,True,CRIMINAL
SUSPECTED,SUPPORTING,0.701,True,CRIMINAL
CONFIRMED,SUPPORTING,0.965,True,CRIMINAL
SUSPECTED,SUPPORTING,0.597,True,CRIMINAL
CONFIRMED,SUPPORTING,0.943,True,CRIMINAL
SUSPECTED,SUPPORTING,0.804,True,CRIMINAL
CONFIRMED,SUPPORTING,0.918,True,CRIMINAL
CONFIRMED,SUPPORTING,0.911,True,CRIMINAL
SUSPECTED,SUPPORTING,0.841,True,CRIMINAL
SUSPECTED,SUPPORTING,0.856,True,CRIMINAL
UNKNOWN,NEUTRAL,0.270,True,CRIMINAL
CONFIRMED,SUPPORTING,0.945,True,CRIMINAL
SUSPECTED,SUPPORTING,0.583,True,CRIMINAL
UNKNOWN,NEUTRAL,0.370,True,CRIMINAL
SUSPECTED,SUPPORTING,0.813,True,CRIMINAL
CONFIRMED,SUPPORTING,0.901,True,CRIMINAL
UNKNOWN,NEUTRAL,0.221,True,CRIMINAL
FALSE,CONTRADICTING,0.377,True,CRIMINAL
CONFIRMED,SUPPORTING,0.900,True,CRIMINAL
UNKNOWN,NEUTRAL,0.338,True,MIXED
FALSE,CONTRADICTING,0.279,True,MIXED
CONFIRMED,SUPPORTING,0.853,True,MIXED
SUSPECTED,SUPPORTING,0.812,True,MIXED
SUSPECTED,SUPPORTING,0.785,True,MIXED
SUSPECTED,SUPPORTING,0.750,True,MIXED
UNKNOWN,NEUTRAL,0.287,True,MIXED
UNKNOWN,NEUTRAL,0.338,True,MIXED
CONFIRMED,SUPPORTING,0.914,True,MIXED
CONFIRMED,SUPPORTING,0.932,True,MIXED
CONFIRMED,SUPPORTING,0.965,True,MIXED
SUSPECTED,SUPPORTING,0.688,True,MIXED
CONFIRMED,SUPPORTING,0.898,True,MIXED
CONFIRMED,SUPPORTING,0.945,True,MIXED
SUSPECTED,SUPPORTING,0.623,True,MIXED
UNKNOWN,NEUTRAL,0.366,True,MIXED
UNKNOWN,NEUTRAL,0.397,True,MIXED
UNKNOWN,NEUTRAL,0.362,True,MIXED
SUSPECTED,SUPPORTING,0.835,True,MIXED
SUSPECTED,SUPPORTING,0.676,True,MIXED
UNKNOWN,NEUTRAL,0.529,True,MIXED
UNKNOWN,NEUTRAL,0.483,True,MIXED
SUSPECTED,SUPPORTING,0.840,True,MIXED
SUSPECTED,SUPPORTING,0.784,True,MIXED
CONFIRMED,SUPPORTING,0.830,True,MIXED
FALSE,CONTRADICTING,0.241,True,LEGITIMATE
FALSE,CONTRADICTING,0.329,True,LEGITIMATE
FALSE,CONTRADICTING,0.333,True,LEGITIMATE
UNKNOWN,NEUTRAL,0.470,True,LEGITIMATE
UNKNOWN,NEUTRAL,0.333,True,LEGITIMATE
FALSE,CONTRADICTING,0.323,True,LEGITIMATE
UNKNOWN,NEUTRAL,0.231,True,LEGITIMATE
UNKNOWN,NEUTRAL,0.505,True,LEGITIMATE
SUSPECTED,SUPPORTING,0.625,True,LEGITIMATE
FALSE,CONTRADICTING,0.335,True,LEGITIMATE
CONFIRMED,SUPPORTING,0.924,True,LEGITIMATE
FALSE,CONTRADICTING,0.402,True,LEGITIMATE
FALSE,CONTRADICTING,0.293,True,LEGITIMATE
FALSE,CONTRADICTING,0.272,True,LEGITIMATE
FALSE,CONTRADICTING,0.184,True,LEGITIMATE
UNKNOWN,NEUTRAL,0.326,True,LEGITIMATE
FALSE,CONTRADICTING,0.249,True,LEGITIMATE
UNKNOWN,NEUTRAL,0.252,True,LEGITIMATE
UNKNOWN,NEUTRAL,0.428,True,LEGITIMATE
UNKNOWN,NEUTRAL,0.245,True,LEGITIMATE
UNKNOWN,NEUTRAL,0.535,True,AMBIGUOUS
FALSE,CONTRADICTING,0.324,True,AMBIGUOUS
UNKNOWN,NEUTRAL,0.496,True,AMBIGUOUS
FALSE,CONTRADICTING,0.123,True,AMBIGUOUS
FALSE,CONTRADICTING,0.225,True,AMBIGUOUS
UNKNOWN,NEUTRAL,0.281,True,AMBIGUOUS
FALSE,CONTRADICTING,0.248,True,AMBIGUOUS
SUSPECTED,SUPPORTING,0.809,True,AMBIGUOUS
SUSPECTED,SUPPORTING,0.665,True,AMBIGUOUS
UNKNOWN,NEUTRAL,0.524,True,AMBIGUOUS
UNKNOWN,NEUTRAL,0.508,True,AMBIGUOUS
CONFIRMED,SUPPORTING,0.859,True,AMBIGUOUS
UNKNOWN,NEUTRAL,0.369,True,AMBIGUOUS
FALSE,CONTRADICTING,0.156,True,AMBIGUOUS
UNKNOWN,NEUTRAL,0.208,True,AMBIGUOUS
CONFIRMED,SUPPORTING,0.847,True,CRIMINAL
SUSPECTED,SUPPORTING,0.773,True,CRIMINAL
SUSPECTED,SUPPORTING,0.745,True,LEGITIMATE
FALSE,CONTRADICTING,0.150,True,CRIMINAL
UNKNOWN,NEUTRAL,0.325,True,LEGITIMATE
CONFIRMED,SUPPORTING,0.970,True,AMBIGUOUS
SUSPECTED,SUPPORTING,0.859,True,CRIMINAL
UNKNOWN,NEUTRAL,0.239,True,CRIMINAL
UNKNOWN,NEUTRAL,0.203,True,CRIMINAL
CONFIRMED,SUPPORTING,0.933,True,MIXED
SUSPECTED,SUPPORTING,0.719,True,CRIMINAL
SUSPECTED,SUPPORTING,0.639,True,MIXED
SUSPECTED,SUPPORTING,0.745,True,MIXED
UNKNOWN,NEUTRAL,0.297,True,LEGITIMATE
FALSE,CONTRADICTING,0.284,True,LEGITIMATE
SUSPECTED,SUPPORTING,0.810,True,CRIMINAL
CONFIRMED,SUPPORTING,0.954,True,LEGITIMATE
FALSE,CONTRADICTING,0.310,True,LEGITIMATE
UNKNOWN,NEUTRAL,0.287,True,AMBIGUOUS
SUSPECTED,SUPPORTING,0.695,True,CRIMINAL
CONFIRMED,SUPPORTING,0.920,True,AMBIGUOUS
CONFIRMED,SUPPORTING,0.911,True,CRIMINAL
FALSE,CONTRADICTING,0.214,True,CRIMINAL
FALSE,CONTRADICTING,0.360,True,CRIMINAL
SUSPECTED,SUPPORTING,0.628,True,CRIMINAL
SUSPECTED,SUPPORTING,0.839,True,MIXED
CONFIRMED,SUPPORTING,0.839,True,LEGITIMATE
SUSPECTED,SUPPORTING,0.660,True,CRIMINAL
CONFIRMED,SUPPORTING,0.918,True,MIXED
UNKNOWN,NEUTRAL,0.393,True,CRIMINAL
SUSPECTED,SUPPORTING,0.716,True,CRIMINAL
FALSE,CONTRADICTING,0.239,True,CRIMINAL
UNKNOWN,NEUTRAL,0.332,True,MIXED
SUSPECTED,SUPPORTING,0.606,True,AMBIGUOUS
FALSE,CONTRADICTING,0.343,True,MIXED
UNKNOWN,NEUTRAL,0.221,True,CRIMINAL
UNKNOWN,NEUTRAL,0.308,True,AMBIGUOUS
UNKNOWN,NEUTRAL,0.466,True,MIXED
CONFIRMED,SUPPORTING,0.893,True,MIXED
SUSPECTED,SUPPORTING,0.745,True,MIXED
FALSE,CONTRADICTING,0.302,True,LEGITIMATE
SUSPECTED,SUPPORTING,0.648,True,CRIMINAL
CONFIRMED,SUPPORTING,0.971,True,CRIMINAL
UNKNOWN,NEUTRAL,0.345,True,LEGITIMATE
UNKNOWN,NEUTRAL,0.223,True,LEGITIMATE
SUSPECTED,SUPPORTING,0.816,True,LEGITIMATE
UNKNOWN,NEUTRAL,0.300,True,CRIMINAL
UNKNOWN,NEUTRAL,0.261,True,CRIMINAL
UNKNOWN,NEUTRAL,0.469,True,MIXED
SUSPECTED,SUPPORTING,0.768,True,CRIMINAL
SUSPECTED,SUPPORTING,0.836,True,CRIMINAL
CONFIRMED,SUPPORTING,0.858,True,MIXED
SUSPECTED,SUPPORTING,0.793,True,LEGITIMATE
UNKNOWN,NEUTRAL,0.461,True,LEGITIMATE
CONFIRMED,SUPPORTING,0.828,True,CRIMINAL
SUSPECTED,SUPPORTING,0.653,True,MIXED
SUSPECTED,SUPPORTING,0.775,True,LEGITIMATE
UNKNOWN,NEUTRAL,0.313,True,LEGITIMATE
UNKNOWN,NEUTRAL,0.444,True,MIXED
UNKNOWN,NEUTRAL,0.360,True,AMBIGUOUS
FALSE,CONTRADICTING,0.239,True,LEGITIMATE
CONFIRMED,SUPPORTING,0.894,True,CRIMINAL
CONFIRMED,SUPPORTING,0.855,True,CRIMINAL
FALSE,CONTRADICTING,0.220,True,LEGITIMATE
SUSPECTED,SUPPORTING,0.602,True,CRIMINAL
CONFIRMED,SUPPORTING,0.835,True,LEGITIMATE
CONFIRMED,SUPPORTING,0.844,True,CRIMINAL
UNKNOWN,NEUTRAL,0.328,True,MIXED
FALSE,CONTRADICTING,0.152,True,AMBIGUOUS
CONFIRMED,SUPPORTING,0.899,True,AMBIGUOUS
FALSE,CONTRADICTING,0.260,True,CRIMINAL
SUSPECTED,SUPPORTING,0.595,True,CRIMINAL
FALSE,CONTRADICTING,0.368,True,MIXED
SUSPECTED,SUPPORTING,0.835,True,MIXED
UNKNOWN,NEUTRAL,0.237,True,MIXED
UNKNOWN,NEUTRAL,0.379,True,CRIMINAL
CONFIRMED,SUPPORTING,0.954,True,CRIMINAL
FALSE,CONTRADICTING,0.245,True,MIXED
SUSPECTED,SUPPORTING,0.820,True,LEGITIMATE
CONFIRMED,SUPPORTING,0.893,True,LEGITIMATE
UNKNOWN,NEUTRAL,0.530,True,LEGITIMATE
SUSPECTED,SUPPORTING,0.840,True,AMBIGUOUS
CONFIRMED,SUPPORTING,0.951,True,MIXED
SUSPECTED,SUPPORTING,0.672,True,CRIMINAL
SUSPECTED,SUPPORTING,0.831,True,MIXED
FALSE,CONTRADICTING,0.126,True,LEGITIMATE
CONFIRMED,SUPPORTING,0.934,True,CRIMINAL
CONFIRMED,SUPPORTING,0.947,True,CRIMINAL
UNKNOWN,NEUTRAL,0.502,True,LEGITIMATE
SUSPECTED,SUPPORTING,0.770,True,CRIMINAL
CONFIRMED,SUPPORTING,0.919,True,AMBIGUOUS
CONFIRMED,SUPPORTING,0.943,True,CRIMINAL
FALSE,CONTRADICTING,0.222,True,LEGITIMATE
SUSPECTED,SUPPORTING,0.627,True,CRIMINAL
CONFIRMED,SUPPORTING,0.896,True,MIXED
CONFIRMED,SUPPORTING,0.885,True,CRIMINAL
CONFIRMED,SUPPORTING,0.929,True,CRIMINAL
FALSE,CONTRADICTING,0.301,True,LEGITIMATE
SUSPECTED,SUPPORTING,0.830,True,CRIMINAL
CONFIRMED,SUPPORTING,0.892,True,CRIMINAL
UNKNOWN,NEUTRAL,0.400,True,CRIMINAL
CONFIRMED,SUPPORTING,0.857,True,CRIMINAL
SUSPECTED,SUPPORTING,0.814,True,LEGITIMATE
SUSPECTED,SUPPORTING,0.678,True,LEGITIMATE
FALSE,CONTRADICTING,0.256,True,MIXED
SUSPECTED,SUPPORTING,0.762,True,CRIMINAL
UNKNOWN,NEUTRAL,0.452,True,LEGITIMATE
FALSE,CONTRADICTING,0.410,True,CRIMINAL
CONFIRMED,SUPPORTING,0.948,True,LEGITIMATE
SUSPECTED,SUPPORTING,0.598,True,MIXED
SUSPECTED,SUPPORTING,0.836,True,AMBIGUOUS
UNKNOWN,NEUTRAL,0.499,True,LEGITIMATE
FALSE,CONTRADICTING,0.400,True,LEGITIMATE
SUSPECTED,SUPPORTING,0.679,True,CRIMINAL
CONFIRMED,SUPPORTING,0.946,True,MIXED
UNKNOWN,NEUTRAL,0.346,True,MIXED
SUSPECTED,SUPPORTING,0.764,True,MIXED
UNKNOWN,NEUTRAL,0.221,True,MIXED
FALSE,CONTRADICTING,0.140,True,LEGITIMATE
FALSE,CONTRADICTING,0.325,True,CRIMINAL
SUSPECTED,SUPPORTING,0.797,True,LEGITIMATE
SUSPECTED,SUPPORTING,0.859,True,AMBIGUOUS
UNKNOWN,NEUTRAL,0.424,True,CRIMINAL
SUSPECTED,SUPPORTING,0.628,True,MIXED
FALSE,CONTRADICTING,0.133,True,LEGITIMATE
UNKNOWN,NEUTRAL,0.387,True,LEGITIMATE
UNKNOWN,NEUTRAL,0.441,True,MIXED
FALSE,CONTRADICTING,0.171,True,LEGITIMATE
FALSE,CONTRADICTING,0.266,True,MIXED
FALSE,CONTRADICTING,0.348,True,MIXED
CONFIRMED,SUPPORTING,0.839,True,CRIMINAL
CONFIRMED,SUPPORTING,0.901,True,CRIMINAL
UNKNOWN,NEUTRAL,0.360,True,MIXED
CONFIRMED,SUPPORTING,0.912,True,MIXED
SUSPECTED,SUPPORTING,0.631,True,MIXED
SUSPECTED,SUPPORTING,0.652,True,MIXED
UNKNOWN,NEUTRAL,0.219,True,CRIMINAL
SUSPECTED,SUPPORTING,0.717,True,CRIMINAL
UNKNOWN,NEUTRAL,0.323,True,LEGITIMATE
SUSPECTED,SUPPORTING,0.676,True,MIXED
UNKNOWN,NEUTRAL,0.507,True,AMBIGUOUS
UNKNOWN,NEUTRAL,0.254,True,MIXED
CONFIRMED,SUPPORTING,0.937,True,MIXED
UNKNOWN,NEUTRAL,0.443,True,CRIMINAL
CONFIRMED,SUPPORTING,0.858,True,CRIMINAL
UNKNOWN,NEUTRAL,0.226,True,AMBIGUOUS
CONFIRMED,SUPPORTING,0.988,True,CRIMINAL
SUSPECTED,SUPPORTING,0.745,True,MIXED
SUSPECTED,SUPPORTING,0.583,True,CRIMINAL
SUSPECTED,SUPPORTING,0.671,True,CRIMINAL
CONFIRMED,SUPPORTING,0.901,True,CRIMINAL
CONFIRMED,SUPPORTING,0.864,True,CRIMINAL
CONFIRMED,SUPPORTING,0.982,True,MIXED
CONFIRMED,SUPPORTING,0.914,True,LEGITIMATE
CONFIRMED,SUPPORTING,0.875,True,MIXED
SUSPECTED,SUPPORTING,0.694,True,LEGITIMATE
CONFIRMED,SUPPORTING,0.828,True,CRIMINAL
UNKNOWN,NEUTRAL,0.323,True,CRIMINAL
UNKNOWN,NEUTRAL,0.261,True,AMBIGUOUS
SUSPECTED,SUPPORTING,0.744,True,CRIMINAL
FALSE,CONTRADICTING,0.236,True,MIXED
SUSPECTED,SUPPORTING,0.630,True,LEGITIMATE
SUSPECTED,SUPPORTING,0.823,True,MIXED
SUSPECTED,SUPPORTING,0.855,True,MIXED
UNKNOWN,NEUTRAL,0.443,True,MIXED
SUSPECTED,SUPPORTING,0.702,True,CRIMINAL
SUSPECTED,SUPPORTING,0.787,True,CRIMINAL
SUSPECTED,SUPPORTING,0.804,True,MIXED
UNKNOWN,NEUTRAL,0.219,True,AMBIGUOUS
UNKNOWN,NEUTRAL,0.485,True,LEGITIMATE
CONFIRMED,SUPPORTING,0.938,True,MIXED
CONFIRMED,SUPPORTING,0.862,True,CRIMINAL
SUSPECTED,SUPPORTING,0.725,True,MIXED
SUSPECTED,SUPPORTING,0.641,True,AMBIGUOUS
CONFIRMED,SUPPORTING,0.871,True,AMBIGUOUS
UNKNOWN,NEUTRAL,0.535,True,LEGITIMATE
CONFIRMED,SUPPORTING,0.891,True,CRIMINAL
CONFIRMED,SUPPORTING,0.844,True,AMBIGUOUS
FALSE,CONTRADICTING,0.315,True,MIXED
CONFIRMED,SUPPORTING,0.926,True,CRIMINAL
FALSE,CONTRADICTING,0.235,True,LEGITIMATE
SUSPECTED,SUPPORTING,0.674,True,AMBIGUOUS
UNKNOWN,NEUTRAL,0.214,True,CRIMINAL
CONFIRMED,SUPPORTING,0.972,True,CRIMINAL
CONFIRMED,SUPPORTING,0.934,True,AMBIGUOUS
SUSPECTED,SUPPORTING,0.596,True,CRIMINAL
SUSPECTED,SUPPORTING,0.751,True,MIXED
CONFIRMED,SUPPORTING,0.883,True,MIXED
CONFIRMED,SUPPORTING,0.950,True,CRIMINAL
FALSE,CONTRADICTING,0.371,True,MIXED
FALSE,CONTRADICTING,0.208,True,MIXED
SUSPECTED,SUPPORTING,0.681,True,MIXED
FALSE,CONTRADICTING,0.145,True,LEGITIMATE
CONFIRMED,SUPPORTING,0.879,True,CRIMINAL
CONFIRMED,SUPPORTING,0.975,True,MIXED
UNKNOWN,NEUTRAL,0.273,True,CRIMINAL
FALSE,CONTRADICTING,0.141,True,MIXED
CONFIRMED,SUPPORTING,0.988,True,CRIMINAL
UNKNOWN,NEUTRAL,0.370,True,MIXED
CONFIRMED,SUPPORTING,0.952,True,MIXED
CONFIRMED,SUPPORTING,0.983,True,MIXED
SUSPECTED,SUPPORTING,0.783,True,MIXED
CONFIRMED,SUPPORTING,0.888,True,CRIMINAL
UNKNOWN,NEUTRAL,0.409,True,CRIMINAL
CONFIRMED,SUPPORTING,0.871,True,CRIMINAL
SUSPECTED,SUPPORTING,0.598,True,MIXED
CONFIRMED,SUPPORTING,0.880,True,CRIMINAL
UNKNOWN,NEUTRAL,0.338,True,AMBIGUOUS
CONFIRMED,SUPPORTING,0.911,True,LEGITIMATE
UNKNOWN,NEUTRAL,0.442,True,MIXED
FALSE,CONTRADICTING,0.205,True,AMBIGUOUS
UNKNOWN,NEUTRAL,0.524,True,LEGITIMATE
SUSPECTED,SUPPORTING,0.639,True,MIXED
FALSE,CONTRADICTING,0.325,True,LEGITIMATE
SUSPECTED,SUPPORTING,0.667,True,AMBIGUOUS
SUSPECTED,SUPPORTING,0.624,True,CRIMINAL
CONFIRMED,SUPPORTING,0.872,True,CRIMINAL
SUSPECTED,SUPPORTING,0.666,True,CRIMINAL
CONFIRMED,SUPPORTING,0.889,True,CRIMINAL
UNKNOWN,NEUTRAL,0.338,True,AMBIGUOUS
CONFIRMED,SUPPORTING,0.902,True,MIXED
CONFIRMED,SUPPORTING,0.873,True,CRIMINAL
UNKNOWN,NEUTRAL,0.333,True,MIXED
CONFIRMED,SUPPORTING,0.879,True,CRIMINAL
SUSPECTED,SUPPORTING,0.731,True,CRIMINAL
SUSPECTED,SUPPORTING,0.833,True,MIXED
CONFIRMED,SUPPORTING,0.940,True,CRIMINAL
SUSPECTED,SUPPORTING,0.774,True,CRIMINAL
SUSPECTED,SUPPORTING,0.798,True,LEGITIMATE
CONFIRMED,SUPPORTING,0.911,True,LEGITIMATE
FALSE,CONTRADICTING,0.390,True,LEGITIMATE
UNKNOWN,NEUTRAL,0.352,True,LEGITIMATE
CONFIRMED,SUPPORTING,0.888,True,CRIMINAL
CONFIRMED,SUPPORTING,0.834,True,CRIMINAL
UNKNOWN,NEUTRAL,0.434,True,MIXED
CONFIRMED,SUPPORTING,0.847,True,MIXED
UNKNOWN,NEUTRAL,0.376,True,MIXED
CONFIRMED,SUPPORTING,0.969,True,MIXED
SUSPECTED,SUPPORTING,0.726,True,MIXED
UNKNOWN,NEUTRAL,0.315,True,AMBIGUOUS
CONFIRMED,SUPPORTING,0.908,True,CRIMINAL
CONFIRMED,SUPPORTING,0.917,True,CRIMINAL
CONFIRMED,SUPPORTING,0.920,True,MIXED
SUSPECTED,SUPPORTING,0.647,True,CRIMINAL
UNKNOWN,NEUTRAL,0.335,True,LEGITIMATE
CONFIRMED,SUPPORTING,0.885,True,AMBIGUOUS
SUSPECTED,SUPPORTING,0.755,True,CRIMINAL
SUSPECTED,SUPPORTING,0.828,True,MIXED
UNKNOWN,NEUTRAL,0.369,True,AMBIGUOUS
CONFIRMED,SUPPORTING,0.943,True,CRIMINAL
CONFIRMED,SUPPORTING,0.961,True,MIXED
SUSPECTED,SUPPORTING,0.808,True,CRIMINAL
FALSE,CONTRADICTING,0.182,True,CRIMINAL
SUSPECTED,SUPPORTING,0.746,True,AMBIGUOUS
UNKNOWN,NEUTRAL,0.312,True,MIXED
SUSPECTED,SUPPORTING,0.696,True,CRIMINAL
CONFIRMED,SUPPORTING,0.979,True,CRIMINAL
SUSPECTED,SUPPORTING,0.746,True,CRIMINAL
CONFIRMED,SUPPORTING,0.841,True,MIXED
CONFIRMED,SUPPORTING,0.831,True,MIXED
SUSPECTED,SUPPORTING,0.643,True,CRIMINAL
CONFIRMED,SUPPORTING,0.892,True,AMBIGUOUS
CONFIRMED,SUPPORTING,0.855,True,CRIMINAL
UNKNOWN,NEUTRAL,0.545,True,CRIMINAL
UNKNOWN,NEUTRAL,0.450,True,AMBIGUOUS
CONFIRMED,SUPPORTING,0.843,True,CRIMINAL
FALSE,CONTRADICTING,0.276,True,MIXED
SUSPECTED,SUPPORTING,0.598,True,LEGITIMATE
CONFIRMED,SUPPORTING,0.958,True,LEGITIMATE
UNKNOWN,NEUTRAL,0.270,True,CRIMINAL
SUSPECTED,SUPPORTING,0.596,True,LEGITIMATE
FALSE,CONTRADICTING,0.264,True,CRIMINAL
CONFIRMED,SUPPORTING,0.886,True,CRIMINAL
CONFIRMED,SUPPORTING,0.837,True,LEGITIMATE
SUSPECTED,SUPPORTING,0.771,True,MIXED
UNKNOWN,NEUTRAL,0.302,True,CRIMINAL
SUSPECTED,SUPPORTING,0.718,True,CRIMINAL
UNKNOWN,NEUTRAL,0.267,True,CRIMINAL
SUSPECTED,SUPPORTING,0.846,True,MIXED
SUSPECTED,SUPPORTING,0.618,True,LEGITIMATE
FALSE,CONTRADICTING,0.335,True,LEGITIMATE
UNKNOWN,NEUTRAL,0.204,True,AMBIGUOUS
SUSPECTED,SUPPORTING,0.588,True,MIXED
SUSPECTED,SUPPORTING,0.830,True,MIXED
SUSPECTED,SUPPORTING,0.646,True,CRIMINAL
UNKNOWN,NEUTRAL,0.499,True,MIXED
CONFIRMED,SUPPORTING,0.969,True,CRIMINAL
FALSE,CONTRADICTING,0.391,True,MIXED
UNKNOWN,NEUTRAL,0.481,True,MIXED
FALSE,CONTRADICTING,0.295,True,MIXED
FALSE,CONTRADICTING,0.284,True,MIXED
UNKNOWN,NEUTRAL,0.419,True,MIXED
FALSE,CONTRADICTING,0.411,True,CRIMINAL
SUSPECTED,SUPPORTING,0.696,True,AMBIGUOUS
SUSPECTED,SUPPORTING,0.688,True,LEGITIMATE
CONFIRMED,SUPPORTING,0.948,True,CRIMINAL
CONFIRMED,SUPPORTING,0.841,True,MIXED
UNKNOWN,NEUTRAL,0.488,True,CRIMINAL
FALSE,CONTRADICTING,0.402,True,AMBIGUOUS
SUSPECTED,SUPPORTING,0.584,True,MIXED
CONFIRMED,SUPPORTING,0.828,True,CRIMINAL
CONFIRMED,SUPPORTING,0.903,True,CRIMINAL
SUSPECTED,SUPPORTING,0.851,True,CRIMINAL
CONFIRMED,SUPPORTING,0.913,True,CRIMINAL
SUSPECTED,SUPPORTING,0.809,True,CRIMINAL
SUSPECTED,SUPPORTING,0.629,True,MIXED
SUSPECTED,SUPPORTING,0.654,True,MIXED
SUSPECTED,SUPPORTING,0.827,True,AMBIGUOUS
UNKNOWN,NEUTRAL,0.440,True,CRIMINAL
CONFIRMED,SUPPORTING,0.822,True,MIXED
UNKNOWN,NEUTRAL,0.495,True,AMBIGUOUS
FALSE,CONTRADICTING,0.201,True,AMBIGUOUS
SUSPECTED,SUPPORTING,0.677,True,MIXED
SUSPECTED,SUPPORTING,0.591,True,LEGITIMATE
CONFIRMED,SUPPORTING,0.879,True,CRIMINAL
CONFIRMED,SUPPORTING,0.973,True,CRIMINAL
UNKNOWN,NEUTRAL,0.540,True,MIXED
FALSE,CONTRADICTING,0.407,True,AMBIGUOUS
FALSE,CONTRADICTING,0.213,True,LEGITIMATE
SUSPECTED,SUPPORTING,0.660,True,CRIMINAL
FALSE,CONTRADICTING,0.173,True,MIXED
UNKNOWN,NEUTRAL,0.387,True,CRIMINAL
SUSPECTED,SUPPORTING,0.822,True,CRIMINAL
CONFIRMED,SUPPORTING,0.951,True,LEGITIMATE
SUSPECTED,SUPPORTING,0.775,True,MIXED
FALSE,CONTRADICTING,0.409,True,LEGITIMATE
UNKNOWN,NEUTRAL,0.538,True,MIXED
UNKNOWN,NEUTRAL,0.466,True,AMBIGUOUS
UNKNOWN,NEUTRAL,0.503,True,LEGITIMATE
FALSE,CONTRADICTING,0.135,True,LEGITIMATE
UNKNOWN,NEUTRAL,0.223,True,LEGITIMATE
UNKNOWN,NEUTRAL,0.205,True,CRIMINAL
CONFIRMED,SUPPORTING,0.840,True,MIXED
FALSE,CONTRADICTING,0.258,True,LEGITIMATE
CONFIRMED,SUPPORTING,0.842,True,CRIMINAL
SUSPECTED,SUPPORTING,0.747,True,CRIMINAL
FALSE,CONTRADICTING,0.213,True,MIXED
UNKNOWN,NEUTRAL,0.518,True,MIXED
CONFIRMED,SUPPORTING,0.931,True,CRIMINAL
UNKNOWN,NEUTRAL,0.529,True,LEGITIMATE
SUSPECTED,SUPPORTING,0.620,True,CRIMINAL
SUSPECTED,SUPPORTING,0.781,True,CRIMINAL
SUSPECTED,SUPPORTING,0.859,True,CRIMINAL
UNKNOWN,NEUTRAL,0.458,True,CRIMINAL
CONFIRMED,SUPPORTING,0.870,True,CRIMINAL
CONFIRMED,SUPPORTING,0.887,True,CRIMINAL
CONFIRMED,SUPPORTING,0.851,True,MIXED
UNKNOWN,NEUTRAL,0.513,True,LEGITIMATE
FALSE,CONTRADICTING,0.192,True,AMBIGUOUS
FALSE,CONTRADICTING,0.410,True,LEGITIMATE
SUSPECTED,SUPPORTING,0.819,True,CRIMINAL
FALSE,CONTRADICTING,0.243,True,AMBIGUOUS
UNKNOWN,NEUTRAL,0.447,True,MIXED
FALSE,CONTRADICTING,0.246,True,MIXED
FALSE,CONTRADICTING,0.185,True,CRIMINAL
UNKNOWN,NEUTRAL,0.334,True,MIXED
CONFIRMED,SUPPORTING,0.872,True,LEGITIMATE
SUSPECTED,SUPPORTING,0.728,True,LEGITIMATE
CONFIRMED,SUPPORTING,0.833,True,CRIMINAL
CONFIRMED,SUPPORTING,0.963,True,CRIMINAL
CONFIRMED,SUPPORTING,0.866,True,CRIMINAL
FALSE,CONTRADICTING,0.231,True,CRIMINAL
UNKNOWN,NEUTRAL,0.246,True,LEGITIMATE
CONFIRMED,SUPPORTING,0.863,True,LEGITIMATE
UNKNOWN,NEUTRAL,0.316,True,CRIMINAL
UNKNOWN,NEUTRAL,0.260,True,MIXED
FALSE,CONTRADICTING,0.414,True,AMBIGUOUS
FALSE,CONTRADICTING,0.328,True,CRIMINAL
CONFIRMED,SUPPORTING,0.888,True,MIXED
SUSPECTED,SUPPORTING,0.850,True,CRIMINAL
CONFIRMED,SUPPORTING,0.972,True,CRIMINAL
SUSPECTED,SUPPORTING,0.789,True,CRIMINAL
FALSE,CONTRADICTING,0.339,True,LEGITIMATE
CONFIRMED,SUPPORTING,0.978,True,CRIMINAL
FALSE,CONTRADICTING,0.259,True,LEGITIMATE
UNKNOWN,NEUTRAL,0.530,True,LEGITIMATE
SUSPECTED,SUPPORTING,0.833,True,CRIMINAL
SUSPECTED,SUPPORTING,0.839,True,AMBIGUOUS
UNKNOWN,NEUTRAL,0.267,True,CRIMINAL
CONFIRMED,SUPPORTING,0.842,True,CRIMINAL
CONFIRMED,SUPPORTING,0.916,True,MIXED
FALSE,CONTRADICTING,0.256,True,LEGITIMATE
SUSPECTED,SUPPORTING,0.648,True,LEGITIMATE
SUSPECTED,SUPPORTING,0.657,True,LEGITIMATE
CONFIRMED,SUPPORTING,0.945,True,CRIMINAL
CONFIRMED,SUPPORTING,0.881,True,MIXED
SUSPECTED,SUPPORTING,0.779,True,CRIMINAL
UNKNOWN,NEUTRAL,0.449,True,CRIMINAL
CONFIRMED,SUPPORTING,0.825,True,CRIMINAL
UNKNOWN,NEUTRAL,0.220,True,LEGITIMATE
SUSPECTED,SUPPORTING,0.622,True,LEGITIMATE
UNKNOWN,NEUTRAL,0.282,True,CRIMINAL
UNKNOWN,NEUTRAL,0.363,True,AMBIGUOUS
CONFIRMED,SUPPORTING,0.891,True,CRIMINAL
UNKNOWN,NEUTRAL,0.202,True,LEGITIMATE
UNKNOWN,NEUTRAL,0.338,True,LEGITIMATE
UNKNOWN,NEUTRAL,0.221,True,MIXED
CONFIRMED,SUPPORTING,0.958,True,MIXED
CONFIRMED,SUPPORTING,0.843,True,CRIMINAL
SUSPECTED,SUPPORTING,0.771,True,MIXED
SUSPECTED,SUPPORTING,0.827,True,LEGITIMATE
CONFIRMED,SUPPORTING,0.969,True,MIXED
UNKNOWN,NEUTRAL,0.257,True,CRIMINAL
FALSE,CONTRADICTING,0.124,True,AMBIGUOUS
UNKNOWN,NEUTRAL,0.474,True,LEGITIMATE
UNKNOWN,NEUTRAL,0.470,True,AMBIGUOUS
UNKNOWN,NEUTRAL,0.532,True,AMBIGUOUS
FALSE,CONTRADICTING,0.127,True,AMBIGUOUS
UNKNOWN,NEUTRAL,0.265,True,MIXED
UNKNOWN,NEUTRAL,0.542,True,MIXED
SUSPECTED,SUPPORTING,0.828,True,MIXED
CONFIRMED,SUPPORTING,0.915,True,AMBIGUOUS
UNKNOWN,NEUTRAL,0.301,True,MIXED
SUSPECTED,SUPPORTING,0.749,True,CRIMINAL
UNKNOWN,NEUTRAL,0.317,True,CRIMINAL
FALSE,CONTRADICTING,0.251,True,LEGITIMATE
FALSE,CONTRADICTING,0.361,True,LEGITIMATE
CONFIRMED,SUPPORTING,0.824,True,CRIMINAL
CONFIRMED,SUPPORTING,0.947,True,LEGITIMATE
SUSPECTED,SUPPORTING,0.640,True,CRIMINAL
CONFIRMED,SUPPORTING,0.864,True,CRIMINAL
FALSE,CONTRADICTING,0.249,True,LEGITIMATE
CONFIRMED,SUPPORTING,0.851,True,CRIMINAL
SUSPECTED,SUPPORTING,0.701,True,MIXED
SUSPECTED,SUPPORTING,0.804,True,MIXED
CONFIRMED,SUPPORTING,0.893,True,CRIMINAL
UNKNOWN,NEUTRAL,0.448,True,LEGITIMATE
SUSPECTED,SUPPORTING,0.808,True,CRIMINAL
SUSPECTED,SUPPORTING,0.706,True,AMBIGUOUS
CONFIRMED,SUPPORTING,0.891,True,LEGITIMATE
UNKNOWN,NEUTRAL,0.504,True,LEGITIMATE
SUSPECTED,SUPPORTING,0.778,True,AMBIGUOUS
UNKNOWN,NEUTRAL,0.478,True,LEGITIMATE
UNKNOWN,NEUTRAL,0.487,True,CRIMINAL
FALSE,CONTRADICTING,0.342,True,MIXED
SUSPECTED,SUPPORTING,0.613,True,CRIMINAL
UNKNOWN,NEUTRAL,0.538,True,MIXED
SUSPECTED,SUPPORTING,0.726,True,CRIMINAL
SUSPECTED,SUPPORTING,0.720,True,AMBIGUOUS
CONFIRMED,SUPPORTING,0.889,True,CRIMINAL
UNKNOWN,NEUTRAL,0.483,True,MIXED
CONFIRMED,SUPPORTING,0.986,True,CRIMINAL
FALSE,CONTRADICTING,0.170,True,CRIMINAL
UNKNOWN,NEUTRAL,0.536,True,MIXED
SUSPECTED,SUPPORTING,0.730,True,MIXED
SUSPECTED,SUPPORTING,0.719,True,LEGITIMATE
UNKNOWN,NEUTRAL,0.393,True,LEGITIMATE
FALSE,CONTRADICTING,0.399,True,CRIMINAL
UNKNOWN,NEUTRAL,0.226,True,MIXED
UNKNOWN,NEUTRAL,0.212,True,CRIMINAL
UNKNOWN,NEUTRAL,0.209,True,MIXED
SUSPECTED,SUPPORTING,0.648,True,CRIMINAL
CONFIRMED,SUPPORTING,0.877,True,MIXED
SUSPECTED,SUPPORTING,0.658,True,CRIMINAL
SUSPECTED,SUPPORTING,0.585,True,CRIMINAL
SUSPECTED,SUPPORTING,0.663,True,MIXED
CONFIRMED,SUPPORTING,0.943,True,CRIMINAL
UNKNOWN,NEUTRAL,0.504,True,LEGITIMATE
UNKNOWN,NEUTRAL,0.230,True,MIXED
CONFIRMED,SUPPORTING,0.823,True,LEGITIMATE
SUSPECTED,SUPPORTING,0.730,True,CRIMINAL
UNKNOWN,NEUTRAL,0.320,True,MIXED
UNKNOWN,NEUTRAL,0.206,True,MIXED
SUSPECTED,SUPPORTING,0.797,True,CRIMINAL
FALSE,CONTRADICTING,0.376,True,LEGITIMATE
FALSE,CONTRADICTING,0.385,True,MIXED
FALSE,CONTRADICTING,0.182,True,MIXED
UNKNOWN,NEUTRAL,0.469,True,CRIMINAL
SUSPECTED,SUPPORTING,0.786,True,CRIMINAL
FALSE,CONTRADICTING,0.217,True,AMBIGUOUS
FALSE,CONTRADICTING,0.418,True,CRIMINAL
SUSPECTED,SUPPORTING,0.701,True,CRIMINAL
UNKNOWN,NEUTRAL,0.358,True,MIXED
SUSPECTED,SUPPORTING,0.684,True,CRIMINAL
FALSE,CONTRADICTING,0.313,True,LEGITIMATE
UNKNOWN,NEUTRAL,0.255,True,CRIMINAL
UNKNOWN,NEUTRAL,0.526,True,MIXED
SUSPECTED,SUPPORTING,0.655,True,MIXED
SUSPECTED,SUPPORTING,0.671,True,LEGITIMATE
CONFIRMED,SUPPORTING,0.872,True,CRIMINAL
UNKNOWN,NEUTRAL,0.308,True,CRIMINAL
UNKNOWN,NEUTRAL,0.466,True,AMBIGUOUS
CONFIRMED,SUPPORTING,0.867,True,CRIMINAL
SUSPECTED,SUPPORTING,0.735,True,MIXED
SUSPECTED,SUPPORTING,0.845,True,CRIMINAL
SUSPECTED,SUPPORTING,0.642,True,CRIMINAL
UNKNOWN,NEUTRAL,0.353,True,LEGITIMATE
FALSE,CONTRADICTING,0.227,True,LEGITIMATE
SUSPECTED,SUPPORTING,0.586,True,AMBIGUOUS
SUSPECTED,SUPPORTING,0.680,True,CRIMINAL
UNKNOWN,NEUTRAL,0.306,True,MIXED
SUSPECTED,SUPPORTING,0.672,True,CRIMINAL
SUSPECTED,SUPPORTING,0.581,True,AMBIGUOUS
CONFIRMED,SUPPORTING,0.916,True,CRIMINAL
FALSE,CONTRADICTING,0.170,True,LEGITIMATE
CONFIRMED,SUPPORTING,0.828,True,CRIMINAL
CONFIRMED,SUPPORTING,0.919,True,LEGITIMATE
CONFIRMED,SUPPORTING,0.985,True,MIXED
SUSPECTED,SUPPORTING,0.748,True,CRIMINAL
SUSPECTED,SUPPORTING,0.854,True,CRIMINAL
UNKNOWN,NEUTRAL,0.333,True,CRIMINAL
FALSE,CONTRADICTING,0.241,True,MIXED
SUSPECTED,SUPPORTING,0.778,True,CRIMINAL
UNKNOWN,NEUTRAL,0.367,True,LEGITIMATE
SUSPECTED,SUPPORTING,0.698,True,CRIMINAL
CONFIRMED,SUPPORTING,0.846,True,CRIMINAL
FALSE,CONTRADICTING,0.406,True,LEGITIMATE
SUSPECTED,SUPPORTING,0.843,True,CRIMINAL
FALSE,CONTRADICTING,0.321,True,AMBIGUOUS
SUSPECTED,SUPPORTING,0.796,True,CRIMINAL
UNKNOWN,NEUTRAL,0.265,True,AMBIGUOUS
CONFIRMED,SUPPORTING,0.881,True,CRIMINAL
FALSE,CONTRADICTING,0.162,True,CRIMINAL
SUSPECTED,SUPPORTING,0.666,True,MIXED
SUSPECTED,SUPPORTING,0.752,True,CRIMINAL
SUSPECTED,SUPPORTING,0.743,True,CRIMINAL
SUSPECTED,SUPPORTING,0.840,True,MIXED
FALSE,CONTRADICTING,0.258,True,CRIMINAL
FALSE,CONTRADICTING,0.244,True,AMBIGUOUS
SUSPECTED,SUPPORTING,0.823,True,MIXED
CONFIRMED,SUPPORTING,0.978,True,MIXED
SUSPECTED,SUPPORTING,0.790,True,AMBIGUOUS
SUSPECTED,SUPPORTING,0.691,True,MIXED
FALSE,CONTRADICTING,0.148,True,LEGITIMATE
CONFIRMED,SUPPORTING,0.833,True,MIXED
UNKNOWN,NEUTRAL,0.515,True,AMBIGUOUS
CONFIRMED,SUPPORTING,0.978,True,LEGITIMATE
SUSPECTED,SUPPORTING,0.658,True,LEGITIMATE
CONFIRMED,SUPPORTING,0.878,True,CRIMINAL
FALSE,CONTRADICTING,0.319,True,CRIMINAL
UNKNOWN,NEUTRAL,0.503,True,MIXED
CONFIRMED,SUPPORTING,0.949,True,CRIMINAL
SUSPECTED,SUPPORTING,0.611,True,CRIMINAL
CONFIRMED,SUPPORTING,0.871,True,MIXED
UNKNOWN,NEUTRAL,0.472,True,MIXED
UNKNOWN,NEUTRAL,0.225,True,AMBIGUOUS
SUSPECTED,SUPPORTING,0.627,True,MIXED
CONFIRMED,SUPPORTING,0.979,True,CRIMINAL
SUSPECTED,SUPPORTING,0.708,True,LEGITIMATE
SUSPECTED,SUPPORTING,0.653,True,LEGITIMATE
FALSE,CONTRADICTING,0.277,True,CRIMINAL
CONFIRMED,SUPPORTING,0.977,True,MIXED
FALSE,CONTRADICTING,0.184,True,LEGITIMATE
CONFIRMED,SUPPORTING,0.940,True,AMBIGUOUS
SUSPECTED,SUPPORTING,0.771,True,CRIMINAL
FALSE,CONTRADICTING,0.243,True,AMBIGUOUS
UNKNOWN,NEUTRAL,0.291,True,LEGITIMATE
FALSE,CONTRADICTING,0.329,True,MIXED
UNKNOWN,NEUTRAL,0.253,True,MIXED
UNKNOWN,NEUTRAL,0.504,True,CRIMINAL
CONFIRMED,SUPPORTING,0.988,True,CRIMINAL
UNKNOWN,NEUTRAL,0.289,True,AMBIGUOUS
UNKNOWN,NEUTRAL,0.302,True,MIXED
UNKNOWN,NEUTRAL,0.398,True,CRIMINAL
SUSPECTED,SUPPORTING,0.739,True,CRIMINAL
FALSE,CONTRADICTING,0.304,True,LEGITIMATE
SUSPECTED,SUPPORTING,0.847,True,CRIMINAL
SUSPECTED,SUPPORTING,0.747,True,CRIMINAL
CONFIRMED,SUPPORTING,0.904,True,CRIMINAL
UNKNOWN,NEUTRAL,0.493,True,CRIMINAL
UNKNOWN,NEUTRAL,0.516,True,LEGITIMATE
CONFIRMED,SUPPORTING,0.985,True,CRIMINAL
UNKNOWN,NEUTRAL,0.426,True,CRIMINAL
UNKNOWN,NEUTRAL,0.216,True,LEGITIMATE
CONFIRMED,SUPPORTING,0.965,True,CRIMINAL
FALSE,CONTRADICTING,0.138,True,LEGITIMATE
SUSPECTED,SUPPORTING,0.811,True,CRIMINAL
SUSPECTED,SUPPORTING,0.654,True,LEGITIMATE
UNKNOWN,NEUTRAL,0.416,True,MIXED
FALSE,CONTRADICTING,0.130,True,MIXED
UNKNOWN,NEUTRAL,0.437,True,MIXED
FALSE,CONTRADICTING,0.173,True,MIXED
CONFIRMED,SUPPORTING,0.835,True,CRIMINAL
SUSPECTED,SUPPORTING,0.624,True,LEGITIMATE
SUSPECTED,SUPPORTING,0.790,True,MIXED
UNKNOWN,NEUTRAL,0.217,True,CRIMINAL
CONFIRMED,SUPPORTING,0.890,True,CRIMINAL
UNKNOWN,NEUTRAL,0.321,True,MIXED
CONFIRMED,SUPPORTING,0.941,True,LEGITIMATE
SUSPECTED,SUPPORTING,0.764,True,CRIMINAL
CONFIRMED,SUPPORTING,0.872,True,CRIMINAL
SUSPECTED,SUPPORTING,0.748,True,CRIMINAL
SUSPECTED,SUPPORTING,0.708,True,LEGITIMATE
UNKNOWN,NEUTRAL,0.319,True,CRIMINAL
CONFIRMED,SUPPORTING,0.825,True,MIXED
UNKNOWN,NEUTRAL,0.379,True,LEGITIMATE
FALSE,CONTRADICTING,0.284,True,LEGITIMATE
CONFIRMED,SUPPORTING,0.913,True,MIXED
SUSPECTED,SUPPORTING,0.606,True,CRIMINAL
FALSE,CONTRADICTING,0.378,True,CRIMINAL
CONFIRMED,SUPPORTING,0.865,True,CRIMINAL
UNKNOWN,NEUTRAL,0.466,True,MIXED
UNKNOWN,NEUTRAL,0.427,True,LEGITIMATE
SUSPECTED,SUPPORTING,0.763,True,CRIMINAL
SUSPECTED,SUPPORTING,0.854,True,CRIMINAL
CONFIRMED,SUPPORTING,0.925,True,CRIMINAL
FALSE,CONTRADICTING,0.388,True,MIXED
SUSPECTED,SUPPORTING,0.693,True,CRIMINAL
CONFIRMED,SUPPORTING,0.940,True,LEGITIMATE
FALSE,CONTRADICTING,0.185,True,MIXED
CONFIRMED,SUPPORTING,0.969,True,LEGITIMATE
CONFIRMED,SUPPORTING,0.836,True,CRIMINAL
UNKNOWN,NEUTRAL,0.397,True,CRIMINAL
UNKNOWN,NEUTRAL,0.496,True,LEGITIMATE
CONFIRMED,SUPPORTING,0.933,True,CRIMINAL
UNKNOWN,NEUTRAL,0.312,True,CRIMINAL
UNKNOWN,NEUTRAL,0.410,True,CRIMINAL
CONFIRMED,SUPPORTING,0.889,True,CRIMINAL
SUSPECTED,SUPPORTING,0.762,True,MIXED
FALSE,CONTRADICTING,0.308,True,LEGITIMATE
SUSPECTED,SUPPORTING,0.858,True,CRIMINAL
CONFIRMED,SUPPORTING,0.927,True,CRIMINAL
CONFIRMED,SUPPORTING,0.911,True,CRIMINAL
CONFIRMED,SUPPORTING,0.979,True,CRIMINAL
UNKNOWN,NEUTRAL,0.365,True,MIXED
FALSE,CONTRADICTING,0.303,True,AMBIGUOUS
CONFIRMED,SUPPORTING,0.939,True,CRIMINAL
SUSPECTED,SUPPORTING,0.812,True,CRIMINAL
FALSE,CONTRADICTING,0.219,True,CRIMINAL
SUSPECTED,SUPPORTING,0.788,True,AMBIGUOUS
FALSE,CONTRADICTING,0.389,True,LEGITIMATE
SUSPECTED,SUPPORTING,0.688,True,CRIMINAL
UNKNOWN,NEUTRAL,0.336,True,LEGITIMATE
CONFIRMED,SUPPORTING,0.920,True,CRIMINAL
CONFIRMED,SUPPORTING,0.925,True,AMBIGUOUS
CONFIRMED,SUPPORTING,0.853,True,CRIMINAL
CONFIRMED,SUPPORTING,0.990,True,CRIMINAL
SUSPECTED,SUPPORTING,0.714,True,LEGITIMATE
UNKNOWN,NEUTRAL,0.419,True,AMBIGUOUS
UNKNOWN,NEUTRAL,0.466,True,MIXED
CONFIRMED,SUPPORTING,0.893,True,MIXED
SUSPECTED,SUPPORTING,0.736,True,MIXED
UNKNOWN,NEUTRAL,0.300,True,AMBIGUOUS
UNKNOWN,NEUTRAL,0.231,True,MIXED
CONFIRMED,SUPPORTING,0.907,True,MIXED
SUSPECTED,SUPPORTING,0.659,True,MIXED
UNKNOWN,NEUTRAL,0.516,True,MIXED
SUSPECTED,SUPPORTING,0.853,True,AMBIGUOUS
SUSPECTED,SUPPORTING,0.705,True,LEGITIMATE
CONFIRMED,SUPPORTING,0.972,True,LEGITIMATE
SUSPECTED,SUPPORTING,0.787,True,MIXED
SUSPECTED,SUPPORTING,0.659,True,AMBIGUOUS
SUSPECTED,SUPPORTING,0.712,True,CRIMINAL
SUSPECTED,SUPPORTING,0.719,True,CRIMINAL
UNKNOWN,NEUTRAL,0.293,True,CRIMINAL
FALSE,CONTRADICTING,0.257,True,LEGITIMATE
SUSPECTED,SUPPORTING,0.655,True,CRIMINAL
CONFIRMED,SUPPORTING,0.965,True,CRIMINAL
FALSE,CONTRADICTING,0.308,True,CRIMINAL
FALSE,CONTRADICTING,0.280,True,AMBIGUOUS
UNKNOWN,NEUTRAL,0.514,True,CRIMINAL
SUSPECTED,SUPPORTING,0.749,True,MIXED
UNKNOWN,NEUTRAL,0.268,True,AMBIGUOUS
CONFIRMED,SUPPORTING,0.959,True,CRIMINAL
SUSPECTED,SUPPORTING,0.712,True,CRIMINAL
UNKNOWN,NEUTRAL,0.352,True,LEGITIMATE
CONFIRMED,SUPPORTING,0.835,True,LEGITIMATE
CONFIRMED,SUPPORTING,0.986,True,CRIMINAL
UNKNOWN,NEUTRAL,0.269,True,CRIMINAL
UNKNOWN,NEUTRAL,0.486,True,CRIMINAL
CONFIRMED,SUPPORTING,0.885,True,CRIMINAL
SUSPECTED,SUPPORTING,0.688,True,CRIMINAL
CONFIRMED,SUPPORTING,0.920,True,CRIMINAL
CONFIRMED,SUPPORTING,0.930,True,LEGITIMATE
CONFIRMED,SUPPORTING,0.868,True,AMBIGUOUS
UNKNOWN,NEUTRAL,0.466,True,CRIMINAL
CONFIRMED,SUPPORTING,0.892,True,LEGITIMATE
CONFIRMED,SUPPORTING,0.927,True,MIXED
SUSPECTED,SUPPORTING,0.785,True,AMBIGUOUS
SUSPECTED,SUPPORTING,0.683,True,CRIMINAL
SUSPECTED,SUPPORTING,0.671,True,LEGITIMATE
UNKNOWN,NEUTRAL,0.270,True,AMBIGUOUS
SUSPECTED,SUPPORTING,0.638,True,CRIMINAL
UNKNOWN,NEUTRAL,0.414,True,MIXED
SUSPECTED,SUPPORTING,0.681,True,MIXED
CONFIRMED,SUPPORTING,0.929,True,LEGITIMATE
CONFIRMED,SUPPORTING,0.953,True,MIXED
FALSE,CONTRADICTING,0.284,True,CRIMINAL
UNKNOWN,NEUTRAL,0.417,True,CRIMINAL
SUSPECTED,SUPPORTING,0.622,True,CRIMINAL
CONFIRMED,SUPPORTING,0.886,True,MIXED
FALSE,CONTRADICTING,0.371,True,AMBIGUOUS
CONFIRMED,SUPPORTING,0.950,True,AMBIGUOUS
FALSE,CONTRADICTING,0.248,True,MIXED
CONFIRMED,SUPPORTING,0.949,True,MIXED
FALSE,CONTRADICTING,0.189,True,CRIMINAL
FALSE,CONTRADICTING,0.194,True,MIXED
FALSE,CONTRADICTING,0.180,True,LEGITIMATE
FALSE,CONTRADICTING,0.224,True,MIXED
FALSE,CONTRADICTING,0.398,True,AMBIGUOUS
UNKNOWN,NEUTRAL,0.419,True,MIXED
SUSPECTED,SUPPORTING,0.688,True,LEGITIMATE
UNKNOWN,NEUTRAL,0.299,True,CRIMINAL
CONFIRMED,SUPPORTING,0.862,True,CRIMINAL
UNKNOWN,NEUTRAL,0.317,True,AMBIGUOUS
UNKNOWN,NEUTRAL,0.526,True,LEGITIMATE
SUSPECTED,SUPPORTING,0.678,True,AMBIGUOUS
CONFIRMED,SUPPORTING,0.952,True,CRIMINAL
CONFIRMED,SUPPORTING,0.925,True,CRIMINAL
UNKNOWN,NEUTRAL,0.398,True,CRIMINAL
CONFIRMED,SUPPORTING,0.840,True,CRIMINAL
CONFIRMED,SUPPORTING,0.938,True,CRIMINAL
FALSE,CONTRADICTING,0.379,True,LEGITIMATE
FALSE,CONTRADICTING,0.301,True,MIXED
FALSE,CONTRADICTING,0.291,True,AMBIGUOUS
SUSPECTED,SUPPORTING,0.791,True,CRIMINAL
SUSPECTED,SUPPORTING,0.602,True,AMBIGUOUS
CONFIRMED,SUPPORTING,0.962,True,LEGITIMATE
SUSPECTED,SUPPORTING,0.616,True,CRIMINAL
CONFIRMED,SUPPORTING,0.928,True,CRIMINAL
SUSPECTED,SUPPORTING,0.745,True,CRIMINAL
UNKNOWN,NEUTRAL,0.457,True,LEGITIMATE
SUSPECTED,SUPPORTING,0.839,True,CRIMINAL
UNKNOWN,NEUTRAL,0.417,True,CRIMINAL
CONFIRMED,SUPPORTING,0.855,True,CRIMINAL
UNKNOWN,NEUTRAL,0.283,True,CRIMINAL
SUSPECTED,SUPPORTING,0.584,True,CRIMINAL
CONFIRMED,SUPPORTING,0.900,True,LEGITIMATE
UNKNOWN,NEUTRAL,0.321,True,CRIMINAL
CONFIRMED,SUPPORTING,0.953,True,LEGITIMATE
CONFIRMED,SUPPORTING,0.970,True,CRIMINAL
CONFIRMED,SUPPORTING,0.969,True,CRIMINAL
UNKNOWN,NEUTRAL,0.357,True,CRIMINAL
CONFIRMED,SUPPORTING,0.857,True,MIXED
FALSE,CONTRADICTING,0.322,True,LEGITIMATE
SUSPECTED,SUPPORTING,0.790,True,LEGITIMATE
UNKNOWN,NEUTRAL,0.538,True,LEGITIMATE
SUSPECTED,SUPPORTING,0.652,True,MIXED
CONFIRMED,SUPPORTING,0.937,True,CRIMINAL
CONFIRMED,SUPPORTING,0.846,True,CRIMINAL
UNKNOWN,NEUTRAL,0.453,True,MIXED
UNKNOWN,NEUTRAL,0.258,True,LEGITIMATE
CONFIRMED,SUPPORTING,0.936,True,CRIMINAL
UNKNOWN,NEUTRAL,0.209,True,MIXED
SUSPECTED,SUPPORTING,0.668,True,LEGITIMATE
FALSE,CONTRADICTING,0.354,True,CRIMINAL
CONFIRMED,SUPPORTING,0.893,True,CRIMINAL
SUSPECTED,SUPPORTING,0.833,True,CRIMINAL
SUSPECTED,SUPPORTING,0.718,True,AMBIGUOUS
CONFIRMED,SUPPORTING,0.855,True,MIXED
UNKNOWN,NEUTRAL,0.408,True,AMBIGUOUS
CONFIRMED,SUPPORTING,0.866,True,MIXED
UNKNOWN,NEUTRAL,0.281,True,AMBIGUOUS
FALSE,CONTRADICTING,0.209,True,CRIMINAL
SUSPECTED,SUPPORTING,0.839,True,CRIMINAL
CONFIRMED,SUPPORTING,0.865,True,MIXED
UNKNOWN,NEUTRAL,0.384,True,CRIMINAL
UNKNOWN,NEUTRAL,0.326,True,CRIMINAL
CONFIRMED,SUPPORTING,0.892,True,CRIMINAL
SUSPECTED,SUPPORTING,0.786,True,CRIMINAL
FALSE,CONTRADICTING,0.302,True,LEGITIMATE
UNKNOWN,NEUTRAL,0.464,True,CRIMINAL
SUSPECTED,SUPPORTING,0.768,True,MIXED
SUSPECTED,SUPPORTING,0.794,True,LEGITIMATE
CONFIRMED,SUPPORTING,0.952,True,CRIMINAL
FALSE,CONTRADICTING,0.150,True,CRIMINAL
CONFIRMED,SUPPORTING,0.937,True,LEGITIMATE
UNKNOWN,NEUTRAL,0.509,True,MIXED
CONFIRMED,SUPPORTING,0.902,True,CRIMINAL
FALSE,CONTRADICTING,0.142,True,CRIMINAL
UNKNOWN,NEUTRAL,0.545,True,AMBIGUOUS
SUSPECTED,SUPPORTING,0.618,True,LEGITIMATE
FALSE,CONTRADICTING,0.288,True,LEGITIMATE
CONFIRMED,SUPPORTING,0.884,True,CRIMINAL
CONFIRMED,SUPPORTING,0.916,True,CRIMINAL
SUSPECTED,SUPPORTING,0.599,True,MIXED
UNKNOWN,NEUTRAL,0.327,True,LEGITIMATE
UNKNOWN,NEUTRAL,0.217,True,CRIMINAL
CONFIRMED,SUPPORTING,0.863,True,CRIMINAL
FALSE,CONTRADICTING,0.256,True,LEGITIMATE
SUSPECTED,SUPPORTING,0.747,True,MIXED
CONFIRMED,SUPPORTING,0.849,True,MIXED
UNKNOWN,NEUTRAL,0.345,True,CRIMINAL
SUSPECTED,SUPPORTING,0.815,True,LEGITIMATE
FALSE,CONTRADICTING,0.207,True,LEGITIMATE
SUSPECTED,SUPPORTING,0.782,True,CRIMINAL
CONFIRMED,SUPPORTING,0.943,True,CRIMINAL
SUSPECTED,SUPPORTING,0.707,True,LEGITIMATE
SUSPECTED,SUPPORTING,0.638,True,MIXED
SUSPECTED,SUPPORTING,0.647,True,LEGITIMATE
UNKNOWN,NEUTRAL,0.234,True,LEGITIMATE
UNKNOWN,NEUTRAL,0.549,True,AMBIGUOUS
CONFIRMED,SUPPORTING,0.913,True,MIXED
FALSE,CONTRADICTING,0.339,True,LEGITIMATE
CONFIRMED,SUPPORTING,0.977,True,LEGITIMATE
CONFIRMED,SUPPORTING,0.869,True,MIXED
CONFIRMED,SUPPORTING,0.953,True,CRIMINAL
FALSE,CONTRADICTING,0.346,True,LEGITIMATE
FALSE,CONTRADICTING,0.315,True,AMBIGUOUS
SUSPECTED,SUPPORTING,0.668,True,CRIMINAL
UNKNOWN,NEUTRAL,0.204,True,CRIMINAL
CONFIRMED,SUPPORTING,0.859,True,CRIMINAL
SUSPECTED,SUPPORTING,0.599,True,MIXED
CONFIRMED,SUPPORTING,0.942,True,LEGITIMATE
SUSPECTED,SUPPORTING,0.788,True,CRIMINAL
FALSE,CONTRADICTING,0.304,True,CRIMINAL
SUSPECTED,SUPPORTING,0.701,True,AMBIGUOUS
UNKNOWN,NEUTRAL,0.379,True,MIXED
CONFIRMED,SUPPORTING,0.912,True,CRIMINAL
SUSPECTED,SUPPORTING,0.654,True,CRIMINAL
SUSPECTED,SUPPORTING,0.809,True,CRIMINAL
FALSE,CONTRADICTING,0.412,True,AMBIGUOUS
SUSPECTED,SUPPORTING,0.758,True,AMBIGUOUS
SUSPECTED,SUPPORTING,0.844,True,CRIMINAL
FALSE,CONTRADICTING,0.165,True,LEGITIMATE
UNKNOWN,NEUTRAL,0.342,True,MIXED
CONFIRMED,SUPPORTING,0.967,True,MIXED
SUSPECTED,SUPPORTING,0.791,True,AMBIGUOUS
UNKNOWN,NEUTRAL,0.528,True,MIXED
CONFIRMED,SUPPORTING,0.871,True,MIXED
FALSE,CONTRADICTING,0.151,True,LEGITIMATE
SUSPECTED,SUPPORTING,0.595,True,LEGITIMATE
CONFIRMED,SUPPORTING,0.915,True,CRIMINAL
SUSPECTED,SUPPORTING,0.699,True,CRIMINAL
UNKNOWN,NEUTRAL,0.497,True,AMBIGUOUS
UNKNOWN,NEUTRAL,0.272,True,CRIMINAL
UNKNOWN,NEUTRAL,0.327,True,CRIMINAL
SUSPECTED,SUPPORTING,0.713,True,LEGITIMATE
SUSPECTED,SUPPORTING,0.645,True,LEGITIMATE
FALSE,CONTRADICTING,0.308,True,MIXED
CONFIRMED,SUPPORTING,0.989,True,CRIMINAL
FALSE,CONTRADICTING,0.341,True,CRIMINAL
SUSPECTED,SUPPORTING,0.725,True,LEGITIMATE
CONFIRMED,SUPPORTING,0.887,True,CRIMINAL
SUSPECTED,SUPPORTING,0.671,True,CRIMINAL
CONFIRMED,SUPPORTING,0.834,True,AMBIGUOUS
SUSPECTED,SUPPORTING,0.836,True,AMBIGUOUS
CONFIRMED,SUPPORTING,0.896,True,MIXED
SUSPECTED,SUPPORTING,0.637,True,CRIMINAL
SUSPECTED,SUPPORTING,0.818,True,MIXED
SUSPECTED,SUPPORTING,0.763,True,AMBIGUOUS
CONFIRMED,SUPPORTING,0.859,True,AMBIGUOUS
FALSE,CONTRADICTING,0.396,True,LEGITIMATE
UNKNOWN,NEUTRAL,0.509,True,AMBIGUOUS
SUSPECTED,SUPPORTING,0.585,True,CRIMINAL
FALSE,CONTRADICTING,0.395,True,MIXED
UNKNOWN,NEUTRAL,0.289,True,LEGITIMATE
CONFIRMED,SUPPORTING,0.833,True,MIXED
UNKNOWN,NEUTRAL,0.495,True,MIXED
UNKNOWN,NEUTRAL,0.328,True,CRIMINAL
SUSPECTED,SUPPORTING,0.710,True,LEGITIMATE
SUSPECTED,SUPPORTING,0.615,True,AMBIGUOUS
CONFIRMED,SUPPORTING,0.828,True,CRIMINAL
SUSPECTED,SUPPORTING,0.632,True,CRIMINAL
SUSPECTED,SUPPORTING,0.599,True,CRIMINAL
FALSE,CONTRADICTING,0.269,True,LEGITIMATE
CONFIRMED,SUPPORTING,0.922,True,CRIMINAL
SUSPECTED,SUPPORTING,0.793,True,MIXED
UNKNOWN,NEUTRAL,0.319,True,MIXED
UNKNOWN,NEUTRAL,0.461,True,LEGITIMATE
UNKNOWN,NEUTRAL,0.543,True,CRIMINAL
SUSPECTED,SUPPORTING,0.672,True,CRIMINAL
CONFIRMED,SUPPORTING,0.836,True,MIXED
CONFIRMED,SUPPORTING,0.913,True,LEGITIMATE
CONFIRMED,SUPPORTING,0.911,True,CRIMINAL
SUSPECTED,SUPPORTING,0.632,True,MIXED
FALSE,CONTRADICTING,0.293,True,CRIMINAL
SUSPECTED,SUPPORTING,0.847,True,CRIMINAL
SUSPECTED,SUPPORTING,0.670,True,CRIMINAL
SUSPECTED,SUPPORTING,0.696,True,CRIMINAL
CONFIRMED,SUPPORTING,0.887,True,MIXED
SUSPECTED,SUPPORTING,0.713,True,CRIMINAL
SUSPECTED,SUPPORTING,0.856,True,LEGITIMATE
UNKNOWN,NEUTRAL,0.260,True,CRIMINAL
UNKNOWN,NEUTRAL,0.408,True,LEGITIMATE
FALSE,CONTRADICTING,0.155,True,CRIMINAL
FALSE,CONTRADICTING,0.416,True,CRIMINAL
CONFIRMED,SUPPORTING,0.908,True,AMBIGUOUS
FALSE,CONTRADICTING,0.267,True,CRIMINAL
FALSE,CONTRADICTING,0.149,True,CRIMINAL
UNKNOWN,NEUTRAL,0.257,True,MIXED
SUSPECTED,SUPPORTING,0.721,True,LEGITIMATE
UNKNOWN,NEUTRAL,0.249,True,CRIMINAL
CONFIRMED,SUPPORTING,0.902,True,AMBIGUOUS
UNKNOWN,NEUTRAL,0.372,True,AMBIGUOUS
UNKNOWN,NEUTRAL,0.465,True,AMBIGUOUS
CONFIRMED,SUPPORTING,0.908,True,MIXED
UNKNOWN,NEUTRAL,0.340,True,LEGITIMATE
FALSE,CONTRADICTING,0.249,True,LEGITIMATE
UNKNOWN,NEUTRAL,0.446,True,CRIMINAL
UNKNOWN,NEUTRAL,0.247,True,LEGITIMATE
CONFIRMED,SUPPORTING,0.970,True,CRIMINAL
CONFIRMED,SUPPORTING,0.844,True,AMBIGUOUS
CONFIRMED,SUPPORTING,0.942,True,CRIMINAL
SUSPECTED,SUPPORTING,0.833,True,CRIMINAL
UNKNOWN,NEUTRAL,0.261,True,LEGITIMATE
CONFIRMED,SUPPORTING,0.927,True,CRIMINAL
SUSPECTED,SUPPORTING,0.719,True,MIXED
SUSPECTED,SUPPORTING,0.674,True,LEGITIMATE
CONFIRMED,SUPPORTING,0.853,True,CRIMINAL
SUSPECTED,SUPPORTING,0.652,True,AMBIGUOUS
UNKNOWN,NEUTRAL,0.290,True,LEGITIMATE
UNKNOWN,NEUTRAL,0.429,True,AMBIGUOUS
SUSPECTED,SUPPORTING,0.842,True,LEGITIMATE
SUSPECTED,SUPPORTING,0.644,True,AMBIGUOUS
FALSE,CONTRADICTING,0.352,True,AMBIGUOUS
UNKNOWN,NEUTRAL,0.541,True,MIXED
CONFIRMED,SUPPORTING,0.851,True,CRIMINAL
FALSE,CONTRADICTING,0.143,True,MIXED
FALSE,CONTRADICTING,0.264,True,LEGITIMATE
FALSE,CONTRADICTING,0.256,True,AMBIGUOUS
UNKNOWN,NEUTRAL,0.251,True,CRIMINAL
CONFIRMED,SUPPORTING,0.874,True,MIXED
CONFIRMED,SUPPORTING,0.822,True,CRIMINAL
SUSPECTED,SUPPORTING,0.597,True,MIXED
CONFIRMED,SUPPORTING,0.845,True,CRIMINAL
UNKNOWN,NEUTRAL,0.388,True,MIXED
CONFIRMED,SUPPORTING,0.830,True,CRIMINAL
UNKNOWN,NEUTRAL,0.259,True,MIXED
CONFIRMED,SUPPORTING,0.946,True,CRIMINAL
SUSPECTED,SUPPORTING,0.636,True,AMBIGUOUS
CONFIRMED,SUPPORTING,0.856,True,MIXED
SUSPECTED,SUPPORTING,0.744,True,CRIMINAL
SUSPECTED,SUPPORTING,0.642,True,MIXED
UNKNOWN,NEUTRAL,0.307,True,LEGITIMATE
FALSE,CONTRADICTING,0.297,True,MIXED
CONFIRMED,SUPPORTING,0.949,True,MIXED
UNKNOWN,NEUTRAL,0.421,True,AMBIGUOUS
CONFIRMED,SUPPORTING,0.822,True,CRIMINAL
UNKNOWN,NEUTRAL,0.266,True,CRIMINAL
SUSPECTED,SUPPORTING,0.596,True,CRIMINAL
CONFIRMED,SUPPORTING,0.898,True,MIXED
FALSE,CONTRADICTING,0.162,True,AMBIGUOUS
CONFIRMED,SUPPORTING,0.943,True,CRIMINAL
CONFIRMED,SUPPORTING,0.866,True,MIXED
SUSPECTED,SUPPORTING,0.762,True,AMBIGUOUS
CONFIRMED,SUPPORTING,0.874,True,MIXED
SUSPECTED,SUPPORTING,0.609,True,CRIMINAL
UNKNOWN,NEUTRAL,0.439,True,AMBIGUOUS
SUSPECTED,SUPPORTING,0.651,True,CRIMINAL
SUSPECTED,SUPPORTING,0.602,True,CRIMINAL
SUSPECTED,SUPPORTING,0.745,True,LEGITIMATE
SUSPECTED,SUPPORTING,0.674,True,CRIMINAL
UNKNOWN,NEUTRAL,0.421,True,LEGITIMATE
FALSE,CONTRADICTING,0.209,True,LEGITIMATE
CONFIRMED,SUPPORTING,0.881,True,LEGITIMATE
CONFIRMED,SUPPORTING,0.907,True,CRIMINAL
UNKNOWN,NEUTRAL,0.437,True,LEGITIMATE
SUSPECTED,SUPPORTING,0.656,True,LEGITIMATE
UNKNOWN,NEUTRAL,0.549,True,LEGITIMATE
UNKNOWN,NEUTRAL,0.217,True,MIXED
CONFIRMED,SUPPORTING,0.888,True,CRIMINAL
SUSPECTED,SUPPORTING,0.657,True,CRIMINAL
FALSE,CONTRADICTING,0.370,True,LEGITIMATE
SUSPECTED,SUPPORTING,0.856,True,MIXED
FALSE,CONTRADICTING,0.387,True,MIXED
UNKNOWN,NEUTRAL,0.368,True,AMBIGUOUS
SUSPECTED,SUPPORTING,0.617,True,CRIMINAL
UNKNOWN,NEUTRAL,0.281,True,LEGITIMATE
UNKNOWN,NEUTRAL,0.477,True,LEGITIMATE
UNKNOWN,NEUTRAL,0.402,True,AMBIGUOUS
SUSPECTED,SUPPORTING,0.674,True,MIXED
CONFIRMED,SUPPORTING,0.990,True,CRIMINAL
SUSPECTED,SUPPORTING,0.807,True,LEGITIMATE
CONFIRMED,SUPPORTING,0.960,True,CRIMINAL
CONFIRMED,SUPPORTING,0.856,True,CRIMINAL
FALSE,CONTRADICTING,0.125,True,CRIMINAL
SUSPECTED,SUPPORTING,0.705,True,CRIMINAL
UNKNOWN,NEUTRAL,0.532,True,AMBIGUOUS
FALSE,CONTRADICTING,0.404,True,LEGITIMATE
SUSPECTED,SUPPORTING,0.706,True,CRIMINAL
SUSPECTED,SUPPORTING,0.751,True,CRIMINAL
CONFIRMED,SUPPORTING,0.876,True,CRIMINAL
CONFIRMED,SUPPORTING,0.876,True,AMBIGUOUS
CONFIRMED,SUPPORTING,0.845,True,CRIMINAL
CONFIRMED,SUPPORTING,0.879,True,CRIMINAL
CONFIRMED,SUPPORTING,0.969,True,MIXED
UNKNOWN,NEUTRAL,0.345,True,CRIMINAL
FALSE,CONTRADICTING,0.300,True,LEGITIMATE
UNKNOWN,NEUTRAL,0.238,True,CRIMINAL
FALSE,CONTRADICTING,0.167,True,AMBIGUOUS
CONFIRMED,SUPPORTING,0.987,True,CRIMINAL
FALSE,CONTRADICTING,0.378,True,CRIMINAL
CONFIRMED,SUPPORTING,0.867,True,CRIMINAL
CONFIRMED,SUPPORTING,0.915,True,LEGITIMATE
UNKNOWN,NEUTRAL,0.499,True,AMBIGUOUS
CONFIRMED,SUPPORTING,0.895,True,CRIMINAL
FALSE,CONTRADICTING,0.290,True,LEGITIMATE
UNKNOWN,NEUTRAL,0.372,True,AMBIGUOUS
CONFIRMED,SUPPORTING,0.954,True,MIXED
UNKNOWN,NEUTRAL,0.288,True,MIXED
SUSPECTED,SUPPORTING,0.582,True,LEGITIMATE
SUSPECTED,SUPPORTING,0.627,True,MIXED
CONFIRMED,SUPPORTING,0.952,True,CRIMINAL
CONFIRMED,SUPPORTING,0.969,True,LEGITIMATE
SUSPECTED,SUPPORTING,0.750,True,CRIMINAL
SUSPECTED,SUPPORTING,0.605,True,LEGITIMATE
SUSPECTED,SUPPORTING,0.803,True,CRIMINAL
UNKNOWN,NEUTRAL,0.261,True,AMBIGUOUS
CONFIRMED,SUPPORTING,0.984,True,CRIMINAL
FALSE,CONTRADICTING,0.265,True,MIXED
FALSE,CONTRADICTING,0.299,True,CRIMINAL
FALSE,CONTRADICTING,0.296,True,LEGITIMATE
CONFIRMED,SUPPORTING,0.898,True,CRIMINAL
CONFIRMED,SUPPORTING,0.912,True,MIXED
FALSE,CONTRADICTING,0.377,True,CRIMINAL
UNKNOWN,NEUTRAL,0.265,True,MIXED
CONFIRMED,SUPPORTING,0.950,True,MIXED
FALSE,CONTRADICTING,0.307,True,CRIMINAL
UNKNOWN,NEUTRAL,0.424,True,LEGITIMATE
CONFIRMED,SUPPORTING,0.985,True,CRIMINAL
SUSPECTED,SUPPORTING,0.642,True,CRIMINAL
SUSPECTED,SUPPORTING,0.722,True,LEGITIMATE
FALSE,CONTRADICTING,0.333,True,CRIMINAL
UNKNOWN,NEUTRAL,0.278,True,MIXED
UNKNOWN,NEUTRAL,0.461,True,LEGITIMATE
CONFIRMED,SUPPORTING,0.853,True,MIXED
UNKNOWN,NEUTRAL,0.325,True,AMBIGUOUS
SUSPECTED,SUPPORTING,0.711,True,CRIMINAL
SUSPECTED,SUPPORTING,0.594,True,CRIMINAL
UNKNOWN,NEUTRAL,0.357,True,AMBIGUOUS
SUSPECTED,SUPPORTING,0.752,True,MIXED
SUSPECTED,SUPPORTING,0.715,True,CRIMINAL
FALSE,CONTRADICTING,0.219,True,CRIMINAL
CONFIRMED,SUPPORTING,0.826,True,MIXED
SUSPECTED,SUPPORTING,0.753,True,CRIMINAL
UNKNOWN,NEUTRAL,0.425,True,AMBIGUOUS
CONFIRMED,SUPPORTING,0.895,True,MIXED
SUSPECTED,SUPPORTING,0.644,True,CRIMINAL
CONFIRMED,SUPPORTING,0.983,True,CRIMINAL
SUSPECTED,SUPPORTING,0.687,True,CRIMINAL
FALSE,CONTRADICTING,0.143,True,CRIMINAL
SUSPECTED,SUPPORTING,0.755,True,CRIMINAL
CONFIRMED,SUPPORTING,0.927,True,CRIMINAL
UNKNOWN,NEUTRAL,0.406,True,CRIMINAL
CONFIRMED,SUPPORTING,0.924,True,MIXED
UNKNOWN,NEUTRAL,0.201,True,MIXED
FALSE,CONTRADICTING,0.322,True,LEGITIMATE
CONFIRMED,SUPPORTING,0.834,True,CRIMINAL
UNKNOWN,NEUTRAL,0.348,True,MIXED
FALSE,CONTRADICTING,0.352,True,CRIMINAL
SUSPECTED,SUPPORTING,0.658,True,MIXED
UNKNOWN,NEUTRAL,0.478,True,AMBIGUOUS
SUSPECTED,SUPPORTING,0.767,True,LEGITIMATE
CONFIRMED,SUPPORTING,0.836,True,MIXED
CONFIRMED,SUPPORTING,0.973,True,MIXED
SUSPECTED,SUPPORTING,0.672,True,MIXED
SUSPECTED,SUPPORTING,0.834,True,CRIMINAL
UNKNOWN,NEUTRAL,0.461,True,CRIMINAL
SUSPECTED,SUPPORTING,0.838,True,AMBIGUOUS
UNKNOWN,NEUTRAL,0.431,True,LEGITIMATE
CONFIRMED,SUPPORTING,0.920,True,LEGITIMATE
CONFIRMED,SUPPORTING,0.847,True,LEGITIMATE
SUSPECTED,SUPPORTING,0.664,True,LEGITIMATE
FALSE,CONTRADICTING,0.384,True,CRIMINAL
SUSPECTED,SUPPORTING,0.718,True,CRIMINAL
FALSE,CONTRADICTING,0.341,True,LEGITIMATE
SUSPECTED,SUPPORTING,0.632,True,MIXED
SUSPECTED,SUPPORTING,0.854,True,CRIMINAL
FALSE,CONTRADICTING,0.225,True,LEGITIMATE
FALSE,CONTRADICTING,0.219,True,LEGITIMATE
UNKNOWN,NEUTRAL,0.542,True,MIXED
UNKNOWN,NEUTRAL,0.288,True,CRIMINAL
CONFIRMED,SUPPORTING,0.968,True,CRIMINAL
FALSE,CONTRADICTING,0.356,True,CRIMINAL
SUSPECTED,SUPPORTING,0.787,True,MIXED
CONFIRMED,SUPPORTING,0.970,True,CRIMINAL
SUSPECTED,SUPPORTING,0.813,True,MIXED
CONFIRMED,SUPPORTING,0.953,True,CRIMINAL
CONFIRMED,SUPPORTING,0.960,True,CRIMINAL
FALSE,CONTRADICTING,0.247,True,AMBIGUOUS
CONFIRMED,SUPPORTING,0.844,True,CRIMINAL
SUSPECTED,SUPPORTING,0.826,True,AMBIGUOUS
FALSE,CONTRADICTING,0.324,True,LEGITIMATE
UNKNOWN,NEUTRAL,0.343,True,CRIMINAL
SUSPECTED,SUPPORTING,0.658,True,LEGITIMATE
SUSPECTED,SUPPORTING,0.670,True,AMBIGUOUS
FALSE,CONTRADICTING,0.212,True,AMBIGUOUS
CONFIRMED,SUPPORTING,0.825,True,CRIMINAL
FALSE,CONTRADICTING,0.220,True,LEGITIMATE
CONFIRMED,SUPPORTING,0.852,True,CRIMINAL
UNKNOWN,NEUTRAL,0.325,True,CRIMINAL
FALSE,CONTRADICTING,0.273,True,LEGITIMATE
CONFIRMED,SUPPORTING,0.859,True,CRIMINAL
FALSE,CONTRADICTING,0.398,True,CRIMINAL
UNKNOWN,NEUTRAL,0.400,True,LEGITIMATE
SUSPECTED,SUPPORTING,0.804,True,LEGITIMATE
FALSE,CONTRADICTING,0.189,True,MIXED
FALSE,CONTRADICTING,0.175,True,CRIMINAL
UNKNOWN,NEUTRAL,0.235,True,MIXED
UNKNOWN,NEUTRAL,0.240,True,LEGITIMATE
UNKNOWN,NEUTRAL,0.462,True,AMBIGUOUS
UNKNOWN,NEUTRAL,0.252,True,LEGITIMATE
FALSE,CONTRADICTING,0.225,True,MIXED
CONFIRMED,SUPPORTING,0.888,True,LEGITIMATE
UNKNOWN,NEUTRAL,0.270,True,CRIMINAL
FALSE,CONTRADICTING,0.290,True,LEGITIMATE
FALSE,CONTRADICTING,0.287,True,LEGITIMATE
FALSE,CONTRADICTING,0.244,True,MIXED
SUSPECTED,SUPPORTING,0.662,True,AMBIGUOUS
FALSE,CONTRADICTING,0.129,True,CRIMINAL
SUSPECTED,SUPPORTING,0.699,True,AMBIGUOUS
FALSE,CONTRADICTING,0.410,True,CRIMINAL
UNKNOWN,NEUTRAL,0.244,True,MIXED
SUSPECTED,SUPPORTING,0.603,True,CRIMINAL
CONFIRMED,SUPPORTING,0.926,True,CRIMINAL
FALSE,CONTRADICTING,0.355,True,MIXED
SUSPECTED,SUPPORTING,0.713,True,CRIMINAL
UNKNOWN,NEUTRAL,0.218,True,CRIMINAL
SUSPECTED,SUPPORTING,0.787,True,MIXED
FALSE,CONTRADICTING,0.338,True,AMBIGUOUS
UNKNOWN,NEUTRAL,0.435,True,LEGITIMATE
UNKNOWN,NEUTRAL,0.479,True,AMBIGUOUS
SUSPECTED,SUPPORTING,0.849,True,LEGITIMATE
FALSE,CONTRADICTING,0.315,True,CRIMINAL
FALSE,CONTRADICTING,0.372,True,MIXED
UNKNOWN,NEUTRAL,0.423,True,CRIMINAL
SUSPECTED,SUPPORTING,0.731,True,MIXED
UNKNOWN,NEUTRAL,0.295,True,AMBIGUOUS
CONFIRMED,SUPPORTING,0.871,True,CRIMINAL
SUSPECTED,SUPPORTING,0.730,True,CRIMINAL
SUSPECTED,SUPPORTING,0.654,True,CRIMINAL
UNKNOWN,NEUTRAL,0.508,True,CRIMINAL
UNKNOWN,NEUTRAL,0.335,True,AMBIGUOUS
CONFIRMED,SUPPORTING,0.895,True,CRIMINAL
UNKNOWN,NEUTRAL,0.425,True,LEGITIMATE
SUSPECTED,SUPPORTING,0.745,True,CRIMINAL
UNKNOWN,NEUTRAL,0.440,True,CRIMINAL
CONFIRMED,SUPPORTING,0.904,True,MIXED
CONFIRMED,SUPPORTING,0.968,True,CRIMINAL
UNKNOWN,NEUTRAL,0.363,True,MIXED
SUSPECTED,SUPPORTING,0.726,True,AMBIGUOUS
UNKNOWN,NEUTRAL,0.373,True,MIXED
UNKNOWN,NEUTRAL,0.471,True,LEGITIMATE
UNKNOWN,NEUTRAL,0.346,True,CRIMINAL
SUSPECTED,SUPPORTING,0.676,True,AMBIGUOUS
SUSPECTED,SUPPORTING,0.600,True,MIXED
SUSPECTED,SUPPORTING,0.818,True,MIXED
CONFIRMED,SUPPORTING,0.902,True,MIXED
FALSE,CONTRADICTING,0.174,True,MIXED
CONFIRMED,SUPPORTING,0.838,True,MIXED
CONFIRMED,SUPPORTING,0.887,True,AMBIGUOUS
SUSPECTED,SUPPORTING,0.679,True,MIXED
CONFIRMED,SUPPORTING,0.924,True,CRIMINAL
CONFIRMED,SUPPORTING,0.944,True,CRIMINAL
CONFIRMED,SUPPORTING,0.916,True,LEGITIMATE
UNKNOWN,NEUTRAL,0.484,True,MIXED
UNKNOWN,NEUTRAL,0.256,True,AMBIGUOUS
UNKNOWN,NEUTRAL,0.449,True,MIXED
UNKNOWN,NEUTRAL,0.320,True,CRIMINAL
CONFIRMED,SUPPORTING,0.975,True,CRIMINAL
CONFIRMED,SUPPORTING,0.989,True,CRIMINAL
SUSPECTED,SUPPORTING,0.700,True,LEGITIMATE
FALSE,CONTRADICTING,0.206,True,MIXED
CONFIRMED,SUPPORTING,0.822,True,LEGITIMATE
SUSPECTED,SUPPORTING,0.592,True,CRIMINAL
CONFIRMED,SUPPORTING,0.926,True,CRIMINAL
SUSPECTED,SUPPORTING,0.743,True,MIXED
FALSE,CONTRADICTING,0.399,True,MIXED
UNKNOWN,NEUTRAL,0.282,True,CRIMINAL
SUSPECTED,SUPPORTING,0.647,True,CRIMINAL
CONFIRMED,SUPPORTING,0.913,True,CRIMINAL
FALSE,CONTRADICTING,0.391,True,CRIMINAL
CONFIRMED,SUPPORTING,0.973,True,LEGITIMATE
SUSPECTED,SUPPORTING,0.723,True,MIXED
SUSPECTED,SUPPORTING,0.622,True,CRIMINAL
SUSPECTED,SUPPORTING,0.583,True,CRIMINAL
CONFIRMED,SUPPORTING,0.920,True,AMBIGUOUS
UNKNOWN,NEUTRAL,0.324,True,CRIMINAL
UNKNOWN,NEUTRAL,0.469,True,AMBIGUOUS
CONFIRMED,SUPPORTING,0.929,True,MIXED
UNKNOWN,NEUTRAL,0.426,True,MIXED
CONFIRMED,SUPPORTING,0.958,True,CRIMINAL
CONFIRMED,SUPPORTING,0.988,True,CRIMINAL
FALSE,CONTRADICTING,0.343,True,LEGITIMATE
SUSPECTED,SUPPORTING,0.609,True,AMBIGUOUS
UNKNOWN,NEUTRAL,0.312,True,MIXED
FALSE,CONTRADICTING,0.204,True,AMBIGUOUS
UNKNOWN,NEUTRAL,0.389,True,MIXED
CONFIRMED,SUPPORTING,0.903,True,MIXED
SUSPECTED,SUPPORTING,0.649,True,LEGITIMATE
CONFIRMED,SUPPORTING,0.918,True,MIXED
SUSPECTED,SUPPORTING,0.694,True,AMBIGUOUS
UNKNOWN,NEUTRAL,0.419,True,LEGITIMATE
UNKNOWN,NEUTRAL,0.319,True,CRIMINAL
SUSPECTED,SUPPORTING,0.718,True,CRIMINAL
SUSPECTED,SUPPORTING,0.796,True,MIXED
FALSE,CONTRADICTING,0.328,True,CRIMINAL
CONFIRMED,SUPPORTING,0.884,True,CRIMINAL
FALSE,CONTRADICTING,0.393,True,CRIMINAL
UNKNOWN,NEUTRAL,0.374,True,MIXED
FALSE,CONTRADICTING,0.352,True,MIXED
CONFIRMED,SUPPORTING,0.828,True,AMBIGUOUS
SUSPECTED,SUPPORTING,0.840,True,CRIMINAL
SUSPECTED,SUPPORTING,0.799,True,CRIMINAL
CONFIRMED,SUPPORTING,0.935,True,CRIMINAL
FALSE,CONTRADICTING,0.217,True,LEGITIMATE
CONFIRMED,SUPPORTING,0.860,True,MIXED
CONFIRMED,SUPPORTING,0.936,True,CRIMINAL
FALSE,CONTRADICTING,0.147,True,CRIMINAL
SUSPECTED,SUPPORTING,0.821,True,CRIMINAL
SUSPECTED,SUPPORTING,0.833,True,AMBIGUOUS
FALSE,CONTRADICTING,0.208,True,MIXED
UNKNOWN,NEUTRAL,0.397,True,MIXED
FALSE,CONTRADICTING,0.227,True,LEGITIMATE
CONFIRMED,SUPPORTING,0.970,True,MIXED
CONFIRMED,SUPPORTING,0.892,True,CRIMINAL
CONFIRMED,SUPPORTING,0.969,True,MIXED
CONFIRMED,SUPPORTING,0.924,True,CRIMINAL
SUSPECTED,SUPPORTING,0.712,True,CRIMINAL
SUSPECTED,SUPPORTING,0.668,True,MIXED
SUSPECTED,SUPPORTING,0.848,True,AMBIGUOUS
SUSPECTED,SUPPORTING,0.691,True,MIXED
UNKNOWN,NEUTRAL,0.368,True,CRIMINAL
CONFIRMED,SUPPORTING,0.985,True,LEGITIMATE
CONFIRMED,SUPPORTING,0.986,True,AMBIGUOUS
SUSPECTED,SUPPORTING,0.677,True,LEGITIMATE
SUSPECTED,SUPPORTING,0.708,True,CRIMINAL
UNKNOWN,NEUTRAL,0.335,True,LEGITIMATE
UNKNOWN,NEUTRAL,0.214,True,CRIMINAL
UNKNOWN,NEUTRAL,0.497,True,AMBIGUOUS
UNKNOWN,NEUTRAL,0.345,True,CRIMINAL
UNKNOWN,NEUTRAL,0.375,True,AMBIGUOUS
UNKNOWN,NEUTRAL,0.497,True,AMBIGUOUS
FALSE,CONTRADICTING,0.360,True,LEGITIMATE
UNKNOWN,NEUTRAL,0.289,True,CRIMINAL
CONFIRMED,SUPPORTING,0.844,True,CRIMINAL
UNKNOWN,NEUTRAL,0.246,True,MIXED
FALSE,CONTRADICTING,0.359,True,MIXED
SUSPECTED,SUPPORTING,0.588,True,CRIMINAL
UNKNOWN,NEUTRAL,0.476,True,CRIMINAL
UNKNOWN,NEUTRAL,0.408,True,MIXED
SUSPECTED,SUPPORTING,0.630,True,MIXED
FALSE,CONTRADICTING,0.151,True,MIXED
UNKNOWN,NEUTRAL,0.394,True,LEGITIMATE
UNKNOWN,NEUTRAL,0.403,True,MIXED
SUSPECTED,SUPPORTING,0.743,True,CRIMINAL
FALSE,CONTRADICTING,0.300,True,MIXED
UNKNOWN,NEUTRAL,0.239,True,LEGITIMATE
UNKNOWN,NEUTRAL,0.206,True,LEGITIMATE
SUSPECTED,SUPPORTING,0.793,True,MIXED
CONFIRMED,SUPPORTING,0.956,True,LEGITIMATE
UNKNOWN,NEUTRAL,0.222,True,LEGITIMATE
FALSE,CONTRADICTING,0.273,True,CRIMINAL
CONFIRMED,SUPPORTING,0.928,True,MIXED
CONFIRMED,SUPPORTING,0.952,True,AMBIGUOUS
SUSPECTED,SUPPORTING,0.649,True,MIXED
CONFIRMED,SUPPORTING,0.879,True,CRIMINAL
SUSPECTED,SUPPORTING,0.846,True,CRIMINAL
SUSPECTED,SUPPORTING,0.679,True,CRIMINAL
SUSPECTED,SUPPORTING,0.672,True,CRIMINAL
UNKNOWN,NEUTRAL,0.479,True,LEGITIMATE
CONFIRMED,SUPPORTING,0.863,True,CRIMINAL
SUSPECTED,SUPPORTING,0.752,True,AMBIGUOUS
UNKNOWN,NEUTRAL,0.440,True,MIXED
CONFIRMED,SUPPORTING,0.878,True,AMBIGUOUS
CONFIRMED,SUPPORTING,0.957,True,MIXED
CONFIRMED,SUPPORTING,0.889,True,LEGITIMATE
FALSE,CONTRADICTING,0.237,True,CRIMINAL
SUSPECTED,SUPPORTING,0.719,True,AMBIGUOUS
SUSPECTED,SUPPORTING,0.686,True,LEGITIMATE
SUSPECTED,SUPPORTING,0.828,True,AMBIGUOUS
SUSPECTED,SUPPORTING,0.860,True,AMBIGUOUS
UNKNOWN,NEUTRAL,0.259,True,MIXED
UNKNOWN,NEUTRAL,0.272,True,AMBIGUOUS
FALSE,CONTRADICTING,0.248,True,MIXED
UNKNOWN,NEUTRAL,0.379,True,AMBIGUOUS
CONFIRMED,SUPPORTING,0.944,True,LEGITIMATE
FALSE,CONTRADICTING,0.251,True,LEGITIMATE
CONFIRMED,SUPPORTING,0.917,True,AMBIGUOUS
FALSE,CONTRADICTING,0.121,True,LEGITIMATE
CONFIRMED,SUPPORTING,0.970,True,CRIMINAL
CONFIRMED,SUPPORTING,0.916,True,CRIMINAL
UNKNOWN,NEUTRAL,0.526,True,CRIMINAL
UNKNOWN,NEUTRAL,0.359,True,LEGITIMATE
CONFIRMED,SUPPORTING,0.950,True,CRIMINAL
CONFIRMED,SUPPORTING,0.856,True,AMBIGUOUS
FALSE,CONTRADICTING,0.129,True,LEGITIMATE
SUSPECTED,SUPPORTING,0.585,True,CRIMINAL
FALSE,CONTRADICTING,0.176,True,CRIMINAL
SUSPECTED,SUPPORTING,0.599,True,CRIMINAL
SUSPECTED,SUPPORTING,0.737,True,MIXED
SUSPECTED,SUPPORTING,0.701,True,LEGITIMATE
SUSPECTED,SUPPORTING,0.793,True,CRIMINAL
FALSE,CONTRADICTING,0.253,True,AMBIGUOUS
SUSPECTED,SUPPORTING,0.721,True,CRIMINAL
FALSE,CONTRADICTING,0.345,True,CRIMINAL
CONFIRMED,SUPPORTING,0.850,True,LEGITIMATE
SUSPECTED,SUPPORTING,0.586,True,CRIMINAL
FALSE,CONTRADICTING,0.299,True,LEGITIMATE
UNKNOWN,NEUTRAL,0.443,True,MIXED
CONFIRMED,SUPPORTING,0.854,True,LEGITIMATE
SUSPECTED,SUPPORTING,0.612,True,CRIMINAL
SUSPECTED,SUPPORTING,0.764,True,MIXED
SUSPECTED,SUPPORTING,0.588,True,LEGITIMATE
SUSPECTED,SUPPORTING,0.776,True,CRIMINAL
UNKNOWN,NEUTRAL,0.491,True,CRIMINAL
CONFIRMED,SUPPORTING,0.873,True,MIXED
UNKNOWN,NEUTRAL,0.360,True,LEGITIMATE
SUSPECTED,SUPPORTING,0.728,True,CRIMINAL
CONFIRMED,SUPPORTING,0.884,True,CRIMINAL
FALSE,CONTRADICTING,0.239,True,CRIMINAL
UNKNOWN,NEUTRAL,0.472,True,LEGITIMATE
UNKNOWN,NEUTRAL,0.323,True,CRIMINAL
SUSPECTED,SUPPORTING,0.593,True,LEGITIMATE
UNKNOWN,NEUTRAL,0.280,True,MIXED
UNKNOWN,NEUTRAL,0.221,True,CRIMINAL
CONFIRMED,SUPPORTING,0.899,True,CRIMINAL
SUSPECTED,SUPPORTING,0.785,True,CRIMINAL
SUSPECTED,SUPPORTING,0.851,True,AMBIGUOUS
FALSE,CONTRADICTING,0.141,True,CRIMINAL
CONFIRMED,SUPPORTING,0.951,True,CRIMINAL
CONFIRMED,SUPPORTING,0.861,True,CRIMINAL
SUSPECTED,SUPPORTING,0.727,True,MIXED
SUSPECTED,SUPPORTING,0.648,True,AMBIGUOUS
SUSPECTED,SUPPORTING,0.771,True,LEGITIMATE
SUSPECTED,SUPPORTING,0.847,True,AMBIGUOUS
CONFIRMED,SUPPORTING,0.967,True,CRIMINAL
SUSPECTED,SUPPORTING,0.802,True,CRIMINAL
UNKNOWN,NEUTRAL,0.234,True,CRIMINAL
UNKNOWN,NEUTRAL,0.268,True,MIXED
SUSPECTED,SUPPORTING,0.708,True,MIXED
FALSE,CONTRADICTING,0.248,True,LEGITIMATE
UNKNOWN,NEUTRAL,0.206,True,AMBIGUOUS
CONFIRMED,SUPPORTING,0.985,True,CRIMINAL
CONFIRMED,SUPPORTING,0.933,True,MIXED
SUSPECTED,SUPPORTING,0.806,True,CRIMINAL
SUSPECTED,SUPPORTING,0.709,True,LEGITIMATE
UNKNOWN,NEUTRAL,0.468,True,AMBIGUOUS
CONFIRMED,SUPPORTING,0.874,True,LEGITIMATE
SUSPECTED,SUPPORTING,0.796,True,CRIMINAL
CONFIRMED,SUPPORTING,0.841,True,MIXED
SUSPECTED,SUPPORTING,0.806,True,LEGITIMATE
SUSPECTED,SUPPORTING,0.624,True,CRIMINAL
SUSPECTED,SUPPORTING,0.617,True,MIXED
UNKNOWN,NEUTRAL,0.268,True,LEGITIMATE
CONFIRMED,SUPPORTING,0.868,True,CRIMINAL
SUSPECTED,SUPPORTING,0.727,True,CRIMINAL
SUSPECTED,SUPPORTING,0.747,True,MIXED
CONFIRMED,SUPPORTING,0.939,True,CRIMINAL
CONFIRMED,SUPPORTING,0.820,True,AMBIGUOUS
SUSPECTED,SUPPORTING,0.609,True,CRIMINAL
SUSPECTED,SUPPORTING,0.819,True,CRIMINAL
SUSPECTED,SUPPORTING,0.698,True,CRIMINAL
CONFIRMED,SUPPORTING,0.913,True,CRIMINAL
CONFIRMED,SUPPORTING,0.904,True,CRIMINAL
SUSPECTED,SUPPORTING,0.806,True,MIXED
CONFIRMED,SUPPORTING,0.903,True,CRIMINAL
UNKNOWN,NEUTRAL,0.414,True,LEGITIMATE
CONFIRMED,SUPPORTING,0.850,True,LEGITIMATE
SUSPECTED,SUPPORTING,0.628,True,CRIMINAL
CONFIRMED,SUPPORTING,0.925,True,AMBIGUOUS
CONFIRMED,SUPPORTING,0.860,True,CRIMINAL
SUSPECTED,SUPPORTING,0.625,True,CRIMINAL
CONFIRMED,SUPPORTING,0.876,True,CRIMINAL
SUSPECTED,SUPPORTING,0.796,True,MIXED
UNKNOWN,NEUTRAL,0.291,True,LEGITIMATE
SUSPECTED,SUPPORTING,0.777,True,CRIMINAL
UNKNOWN,NEUTRAL,0.393,True,MIXED
UNKNOWN,NEUTRAL,0.491,True,LEGITIMATE
SUSPECTED,SUPPORTING,0.828,True,LEGITIMATE
SUSPECTED,SUPPORTING,0.730,True,MIXED
UNKNOWN,NEUTRAL,0.273,True,CRIMINAL
SUSPECTED,SUPPORTING,0.711,True,AMBIGUOUS
FALSE,CONTRADICTING,0.178,True,CRIMINAL
SUSPECTED,SUPPORTING,0.804,True,CRIMINAL
FALSE,CONTRADICTING,0.223,True,LEGITIMATE
UNKNOWN,NEUTRAL,0.220,True,LEGITIMATE
CONFIRMED,SUPPORTING,0.890,True,CRIMINAL
SUSPECTED,SUPPORTING,0.669,True,MIXED
CONFIRMED,SUPPORTING,0.899,True,CRIMINAL
SUSPECTED,SUPPORTING,0.796,True,MIXED
UNKNOWN,NEUTRAL,0.362,True,AMBIGUOUS
FALSE,CONTRADICTING,0.393,True,MIXED
CONFIRMED,SUPPORTING,0.939,True,MIXED
UNKNOWN,NEUTRAL,0.539,True,MIXED
CONFIRMED,SUPPORTING,0.894,True,CRIMINAL
CONFIRMED,SUPPORTING,0.928,True,CRIMINAL
CONFIRMED,SUPPORTING,0.844,True,CRIMINAL
UNKNOWN,NEUTRAL,0.344,True,CRIMINAL
SUSPECTED,SUPPORTING,0.702,True,CRIMINAL
CONFIRMED,SUPPORTING,0.932,True,CRIMINAL
UNKNOWN,NEUTRAL,0.381,True,LEGITIMATE
UNKNOWN,NEUTRAL,0.254,True,AMBIGUOUS
CONFIRMED,SUPPORTING,0.863,True,MIXED
CONFIRMED,SUPPORTING,0.903,True,AMBIGUOUS
SUSPECTED,SUPPORTING,0.637,True,CRIMINAL
SUSPECTED,SUPPORTING,0.823,True,CRIMINAL
SUSPECTED,SUPPORTING,0.656,True,LEGITIMATE
CONFIRMED,SUPPORTING,0.957,True,CRIMINAL
FALSE,CONTRADICTING,0.191,True,LEGITIMATE
CONFIRMED,SUPPORTING,0.887,True,CRIMINAL
SUSPECTED,SUPPORTING,0.736,True,CRIMINAL
CONFIRMED,SUPPORTING,0.861,True,LEGITIMATE
UNKNOWN,NEUTRAL,0.242,True,CRIMINAL
FALSE,CONTRADICTING,0.237,True,AMBIGUOUS
FALSE,CONTRADICTING,0.336,True,LEGITIMATE
SUSPECTED,SUPPORTING,0.629,True,LEGITIMATE
SUSPECTED,SUPPORTING,0.761,True,MIXED
FALSE,CONTRADICTING,0.326,True,LEGITIMATE
SUSPECTED,SUPPORTING,0.774,True,CRIMINAL
CONFIRMED,SUPPORTING,0.985,True,MIXED
UNKNOWN,NEUTRAL,0.251,True,CRIMINAL
CONFIRMED,SUPPORTING,0.944,True,LEGITIMATE
CONFIRMED,SUPPORTING,0.911,True,CRIMINAL
SUSPECTED,SUPPORTING,0.639,True,CRIMINAL
SUSPECTED,SUPPORTING,0.590,True,LEGITIMATE
SUSPECTED,SUPPORTING,0.763,True,CRIMINAL
SUSPECTED,SUPPORTING,0.814,True,MIXED
SUSPECTED,SUPPORTING,0.815,True,CRIMINAL
SUSPECTED,SUPPORTING,0.610,True,AMBIGUOUS
CONFIRMED,SUPPORTING,0.903,True,MIXED
UNKNOWN,NEUTRAL,0.515,True,AMBIGUOUS
CONFIRMED,SUPPORTING,0.989,True,CRIMINAL
UNKNOWN,NEUTRAL,0.250,True,MIXED
SUSPECTED,SUPPORTING,0.808,True,AMBIGUOUS
SUSPECTED,SUPPORTING,0.794,True,CRIMINAL
SUSPECTED,SUPPORTING,0.832,True,CRIMINAL
CONFIRMED,SUPPORTING,0.899,True,LEGITIMATE
CONFIRMED,SUPPORTING,0.918,True,CRIMINAL
CONFIRMED,SUPPORTING,0.863,True,CRIMINAL
CONFIRMED,SUPPORTING,0.968,True,MIXED
UNKNOWN,NEUTRAL,0.376,True,CRIMINAL
FALSE,CONTRADICTING,0.206,True,LEGITIMATE
SUSPECTED,SUPPORTING,0.588,True,AMBIGUOUS
SUSPECTED,SUPPORTING,0.626,True,CRIMINAL
FALSE,CONTRADICTING,0.163,True,LEGITIMATE
UNKNOWN,NEUTRAL,0.262,True,LEGITIMATE
UNKNOWN,NEUTRAL,0.343,True,LEGITIMATE
FALSE,CONTRADICTING,0.276,True,CRIMINAL
UNKNOWN,NEUTRAL,0.470,True,MIXED
SUSPECTED,SUPPORTING,0.662,True,CRIMINAL
FALSE,CONTRADICTING,0.158,True,AMBIGUOUS
UNKNOWN,NEUTRAL,0.501,True,LEGITIMATE
FALSE,CONTRADICTING,0.406,True,AMBIGUOUS
FALSE,CONTRADICTING,0.353,True,AMBIGUOUS
UNKNOWN,NEUTRAL,0.204,True,CRIMINAL
CONFIRMED,SUPPORTING,0.838,True,CRIMINAL
CONFIRMED,SUPPORTING,0.859,True,MIXED
FALSE,CONTRADICTING,0.256,True,MIXED
SUSPECTED,SUPPORTING,0.711,True,MIXED
UNKNOWN,NEUTRAL,0.468,True,LEGITIMATE
UNKNOWN,NEUTRAL,0.322,True,CRIMINAL
FALSE,CONTRADICTING,0.320,True,LEGITIMATE
UNKNOWN,NEUTRAL,0.320,True,LEGITIMATE
SUSPECTED,SUPPORTING,0.618,True,MIXED
UNKNOWN,NEUTRAL,0.326,True,LEGITIMATE
SUSPECTED,SUPPORTING,0.742,True,AMBIGUOUS
UNKNOWN,NEUTRAL,0.512,True,MIXED
SUSPECTED,SUPPORTING,0.734,True,MIXED
SUSPECTED,SUPPORTING,0.823,True,MIXED
SUSPECTED,SUPPORTING,0.754,True,CRIMINAL
FALSE,CONTRADICTING,0.326,True,LEGITIMATE
SUSPECTED,SUPPORTING,0.712,True,AMBIGUOUS
SUSPECTED,SUPPORTING,0.587,True,CRIMINAL
CONFIRMED,SUPPORTING,0.926,True,CRIMINAL
CONFIRMED,SUPPORTING,0.974,True,MIXED
SUSPECTED,SUPPORTING,0.696,True,AMBIGUOUS
SUSPECTED,SUPPORTING,0.644,True,CRIMINAL
SUSPECTED,SUPPORTING,0.823,True,CRIMINAL
UNKNOWN,NEUTRAL,0.416,True,AMBIGUOUS
SUSPECTED,SUPPORTING,0.707,True,LEGITIMATE
SUSPECTED,SUPPORTING,0.651,True,CRIMINAL
UNKNOWN,NEUTRAL,0.209,True,CRIMINAL
FALSE,CONTRADICTING,0.348,True,LEGITIMATE
SUSPECTED,SUPPORTING,0.759,True,LEGITIMATE
UNKNOWN,NEUTRAL,0.545,True,LEGITIMATE
FALSE,CONTRADICTING,0.289,True,MIXED
FALSE,CONTRADICTING,0.251,True,CRIMINAL
FALSE,CONTRADICTING,0.254,True,CRIMINAL
CONFIRMED,SUPPORTING,0.913,True,AMBIGUOUS
UNKNOWN,NEUTRAL,0.384,True,AMBIGUOUS
SUSPECTED,SUPPORTING,0.801,True,CRIMINAL
CONFIRMED,SUPPORTING,0.941,True,CRIMINAL
UNKNOWN,NEUTRAL,0.541,True,LEGITIMATE
CONFIRMED,SUPPORTING,0.850,True,LEGITIMATE
SUSPECTED,SUPPORTING,0.665,True,MIXED
UNKNOWN,NEUTRAL,0.415,True,CRIMINAL
SUSPECTED,SUPPORTING,0.647,True,CRIMINAL
FALSE,CONTRADICTING,0.208,True,LEGITIMATE
CONFIRMED,SUPPORTING,0.897,True,CRIMINAL
SUSPECTED,SUPPORTING,0.637,True,LEGITIMATE
FALSE,CONTRADICTING,0.287,True,AMBIGUOUS
UNKNOWN,NEUTRAL,0.319,True,MIXED
CONFIRMED,SUPPORTING,0.977,True,CRIMINAL
CONFIRMED,SUPPORTING,0.885,True,AMBIGUOUS
CONFIRMED,SUPPORTING,0.955,True,CRIMINAL
CONFIRMED,SUPPORTING,0.909,True,AMBIGUOUS
CONFIRMED,SUPPORTING,0.982,True,CRIMINAL
CONFIRMED,SUPPORTING,0.886,True,AMBIGUOUS
CONFIRMED,SUPPORTING,0.968,True,CRIMINAL
UNKNOWN,NEUTRAL,0.533,True,CRIMINAL
SUSPECTED,SUPPORTING,0.749,True,AMBIGUOUS
UNKNOWN,NEUTRAL,0.272,True,CRIMINAL
UNKNOWN,NEUTRAL,0.300,True,CRIMINAL
CONFIRMED,SUPPORTING,0.859,True,AMBIGUOUS
UNKNOWN,NEUTRAL,0.389,True,LEGITIMATE
SUSPECTED,SUPPORTING,0.726,True,MIXED
SUSPECTED,SUPPORTING,0.794,True,MIXED
CONFIRMED,SUPPORTING,0.845,True,CRIMINAL
UNKNOWN,NEUTRAL,0.337,True,MIXED
UNKNOWN,NEUTRAL,0.313,True,MIXED
SUSPECTED,SUPPORTING,0.638,True,MIXED
CONFIRMED,SUPPORTING,0.954,True,MIXED
UNKNOWN,NEUTRAL,0.347,True,MIXED
SUSPECTED,SUPPORTING,0.649,True,MIXED
SUSPECTED,SUPPORTING,0.655,True,MIXED
SUSPECTED,SUPPORTING,0.768,True,LEGITIMATE
SUSPECTED,SUPPORTING,0.618,True,CRIMINAL
SUSPECTED,SUPPORTING,0.658,True,LEGITIMATE
FALSE,CONTRADICTING,0.205,True,CRIMINAL
UNKNOWN,NEUTRAL,0.328,True,AMBIGUOUS
FALSE,CONTRADICTING,0.359,True,MIXED
CONFIRMED,SUPPORTING,0.882,True,MIXED
UNKNOWN,NEUTRAL,0.489,True,LEGITIMATE
SUSPECTED,SUPPORTING,0.816,True,MIXED
CONFIRMED,SUPPORTING,0.871,True,CRIMINAL
FALSE,CONTRADICTING,0.232,True,AMBIGUOUS
FALSE,CONTRADICTING,0.205,True,LEGITIMATE
SUSPECTED,SUPPORTING,0.590,True,MIXED
CONFIRMED,SUPPORTING,0.880,True,MIXED
SUSPECTED,SUPPORTING,0.644,True,MIXED
CONFIRMED,SUPPORTING,0.869,True,CRIMINAL
FALSE,CONTRADICTING,0.286,True,MIXED
UNKNOWN,NEUTRAL,0.342,True,LEGITIMATE
UNKNOWN,NEUTRAL,0.247,True,MIXED
SUSPECTED,SUPPORTING,0.766,True,LEGITIMATE
SUSPECTED,SUPPORTING,0.758,True,CRIMINAL
CONFIRMED,SUPPORTING,0.955,True,CRIMINAL
CONFIRMED,SUPPORTING,0.828,True,AMBIGUOUS
CONFIRMED,SUPPORTING,0.829,True,AMBIGUOUS
SUSPECTED,SUPPORTING,0.748,True,MIXED
CONFIRMED,SUPPORTING,0.829,True,CRIMINAL
SUSPECTED,SUPPORTING,0.776,True,LEGITIMATE
FALSE,CONTRADICTING,0.292,True,LEGITIMATE
CONFIRMED,SUPPORTING,0.869,True,CRIMINAL
FALSE,CONTRADICTING,0.292,True,LEGITIMATE
SUSPECTED,SUPPORTING,0.825,True,AMBIGUOUS
SUSPECTED,SUPPORTING,0.686,True,AMBIGUOUS
FALSE,CONTRADICTING,0.232,True,MIXED
SUSPECTED,SUPPORTING,0.725,True,CRIMINAL
UNKNOWN,NEUTRAL,0.460,True,CRIMINAL
SUSPECTED,SUPPORTING,0.849,True,LEGITIMATE
FALSE,CONTRADICTING,0.262,True,CRIMINAL
UNKNOWN,NEUTRAL,0.378,True,MIXED
CONFIRMED,SUPPORTING,0.858,True,MIXED
CONFIRMED,SUPPORTING,0.938,True,MIXED
CONFIRMED,SUPPORTING,0.833,True,MIXED
SUSPECTED,SUPPORTING,0.790,True,AMBIGUOUS
SUSPECTED,SUPPORTING,0.777,True,MIXED
UNKNOWN,NEUTRAL,0.502,True,AMBIGUOUS
CONFIRMED,SUPPORTING,0.854,True,CRIMINAL
CONFIRMED,SUPPORTING,0.973,True,MIXED
SUSPECTED,SUPPORTING,0.830,True,LEGITIMATE
FALSE,CONTRADICTING,0.180,True,MIXED
SUSPECTED,SUPPORTING,0.673,True,MIXED
SUSPECTED,SUPPORTING,0.848,True,CRIMINAL
FALSE,CONTRADICTING,0.346,True,LEGITIMATE
FALSE,CONTRADICTING,0.296,True,LEGITIMATE
SUSPECTED,SUPPORTING,0.656,True,CRIMINAL
CONFIRMED,SUPPORTING,0.938,True,CRIMINAL
SUSPECTED,SUPPORTING,0.678,True,MIXED
CONFIRMED,SUPPORTING,0.894,True,LEGITIMATE
SUSPECTED,SUPPORTING,0.697,True,LEGITIMATE
UNKNOWN,NEUTRAL,0.304,True,AMBIGUOUS
UNKNOWN,NEUTRAL,0.471,True,CRIMINAL
SUSPECTED,SUPPORTING,0.846,True,AMBIGUOUS
UNKNOWN,NEUTRAL,0.336,True,MIXED
UNKNOWN,NEUTRAL,0.369,True,AMBIGUOUS
UNKNOWN,NEUTRAL,0.365,True,CRIMINAL
SUSPECTED,SUPPORTING,0.845,True,MIXED
SUSPECTED,SUPPORTING,0.814,True,MIXED
SUSPECTED,SUPPORTING,0.689,True,CRIMINAL
CONFIRMED,SUPPORTING,0.832,True,MIXED
UNKNOWN,NEUTRAL,0.497,True,CRIMINAL
SUSPECTED,SUPPORTING,0.624,True,CRIMINAL
SUSPECTED,SUPPORTING,0.849,True,LEGITIMATE
FALSE,CONTRADICTING,0.165,True,CRIMINAL
SUSPECTED,SUPPORTING,0.668,True,CRIMINAL
SUSPECTED,SUPPORTING,0.658,True,AMBIGUOUS
FALSE,CONTRADICTING,0.320,True,CRIMINAL
SUSPECTED,SUPPORTING,0.791,True,CRIMINAL
CONFIRMED,SUPPORTING,0.841,True,CRIMINAL
UNKNOWN,NEUTRAL,0.284,True,LEGITIMATE
SUSPECTED,SUPPORTING,0.746,True,MIXED
CONFIRMED,SUPPORTING,0.965,True,MIXED
SUSPECTED,SUPPORTING,0.777,True,AMBIGUOUS
SUSPECTED,SUPPORTING,0.625,True,LEGITIMATE
UNKNOWN,NEUTRAL,0.480,True,MIXED
CONFIRMED,SUPPORTING,0.906,True,CRIMINAL
UNKNOWN,NEUTRAL,0.469,True,AMBIGUOUS
FALSE,CONTRADICTING,0.144,True,CRIMINAL
SUSPECTED,SUPPORTING,0.703,True,MIXED
CONFIRMED,SUPPORTING,0.934,True,CRIMINAL
SUSPECTED,SUPPORTING,0.676,True,CRIMINAL
FALSE,CONTRADICTING,0.316,True,LEGITIMATE
CONFIRMED,SUPPORTING,0.845,True,AMBIGUOUS
CONFIRMED,SUPPORTING,0.970,True,CRIMINAL
SUSPECTED,SUPPORTING,0.732,True,CRIMINAL
UNKNOWN,NEUTRAL,0.509,True,LEGITIMATE
FALSE,CONTRADICTING,0.233,True,LEGITIMATE
SUSPECTED,SUPPORTING,0.625,True,MIXED
SUSPECTED,SUPPORTING,0.739,True,MIXED
CONFIRMED,SUPPORTING,0.968,True,CRIMINAL
CONFIRMED,SUPPORTING,0.854,True,MIXED
SUSPECTED,SUPPORTING,0.704,True,CRIMINAL
FALSE,CONTRADICTING,0.323,True,LEGITIMATE
FALSE,CONTRADICTING,0.246,True,CRIMINAL
FALSE,CONTRADICTING,0.404,True,CRIMINAL
UNKNOWN,NEUTRAL,0.493,True,CRIMINAL
UNKNOWN,NEUTRAL,0.366,True,LEGITIMATE
CONFIRMED,SUPPORTING,0.900,True,AMBIGUOUS
FALSE,CONTRADICTING,0.250,True,LEGITIMATE
UNKNOWN,NEUTRAL,0.482,True,CRIMINAL
SUSPECTED,SUPPORTING,0.652,True,AMBIGUOUS
SUSPECTED,SUPPORTING,0.714,True,CRIMINAL
SUSPECTED,SUPPORTING,0.674,True,MIXED
CONFIRMED,SUPPORTING,0.987,True,MIXED
UNKNOWN,NEUTRAL,0.419,True,CRIMINAL
FALSE,CONTRADICTING,0.241,True,CRIMINAL
SUSPECTED,SUPPORTING,0.594,True,MIXED
UNKNOWN,NEUTRAL,0.315,True,AMBIGUOUS
FALSE,CONTRADICTING,0.273,True,MIXED
FALSE,CONTRADICTING,0.221,True,MIXED
UNKNOWN,NEUTRAL,0.512,True,CRIMINAL
SUSPECTED,SUPPORTING,0.819,True,CRIMINAL
CONFIRMED,SUPPORTING,0.909,True,CRIMINAL
SUSPECTED,SUPPORTING,0.598,True,LEGITIMATE
CONFIRMED,SUPPORTING,0.837,True,CRIMINAL
UNKNOWN,NEUTRAL,0.309,True,MIXED
CONFIRMED,SUPPORTING,0.852,True,MIXED
CONFIRMED,SUPPORTING,0.836,True,AMBIGUOUS
SUSPECTED,SUPPORTING,0.642,True,CRIMINAL
FALSE,CONTRADICTING,0.260,True,CRIMINAL
UNKNOWN,NEUTRAL,0.353,True,LEGITIMATE
UNKNOWN,NEUTRAL,0.257,True,CRIMINAL
SUSPECTED,SUPPORTING,0.633,True,CRIMINAL
SUSPECTED,SUPPORTING,0.849,True,MIXED
SUSPECTED,SUPPORTING,0.812,True,CRIMINAL
CONFIRMED,SUPPORTING,0.914,True,CRIMINAL
SUSPECTED,SUPPORTING,0.721,True,CRIMINAL
SUSPECTED,SUPPORTING,0.827,True,LEGITIMATE
SUSPECTED,SUPPORTING,0.586,True,AMBIGUOUS
SUSPECTED,SUPPORTING,0.772,True,CRIMINAL
FALSE,CONTRADICTING,0.154,True,LEGITIMATE
UNKNOWN,NEUTRAL,0.227,True,AMBIGUOUS
CONFIRMED,SUPPORTING,0.977,True,MIXED
FALSE,CONTRADICTING,0.263,True,CRIMINAL
UNKNOWN,NEUTRAL,0.503,True,MIXED
SUSPECTED,SUPPORTING,0.831,True,AMBIGUOUS
SUSPECTED,SUPPORTING,0.607,True,LEGITIMATE
FALSE,CONTRADICTING,0.290,True,CRIMINAL
CONFIRMED,SUPPORTING,0.891,True,CRIMINAL
UNKNOWN,NEUTRAL,0.429,True,CRIMINAL
SUSPECTED,SUPPORTING,0.674,True,MIXED
FALSE,CONTRADICTING,0.140,True,CRIMINAL
SUSPECTED,SUPPORTING,0.659,True,AMBIGUOUS
FALSE,CONTRADICTING,0.357,True,LEGITIMATE
CONFIRMED,SUPPORTING,0.853,True,MIXED
SUSPECTED,SUPPORTING,0.673,True,AMBIGUOUS
FALSE,CONTRADICTING,0.214,True,MIXED
SUSPECTED,SUPPORTING,0.774,True,CRIMINAL
CONFIRMED,SUPPORTING,0.896,True,LEGITIMATE
SUSPECTED,SUPPORTING,0.589,True,AMBIGUOUS
CONFIRMED,SUPPORTING,0.856,True,CRIMINAL
CONFIRMED,SUPPORTING,0.952,True,CRIMINAL
FALSE,CONTRADICTING,0.236,True,CRIMINAL
SUSPECTED,SUPPORTING,0.773,True,AMBIGUOUS
SUSPECTED,SUPPORTING,0.778,True,MIXED
FALSE,CONTRADICTING,0.342,True,AMBIGUOUS
SUSPECTED,SUPPORTING,0.785,True,CRIMINAL
SUSPECTED,SUPPORTING,0.800,True,LEGITIMATE
UNKNOWN,NEUTRAL,0.447,True,LEGITIMATE
SUSPECTED,SUPPORTING,0.598,True,CRIMINAL
SUSPECTED,SUPPORTING,0.755,True,AMBIGUOUS
SUSPECTED,SUPPORTING,0.788,True,CRIMINAL
CONFIRMED,SUPPORTING,0.893,True,CRIMINAL
UNKNOWN,NEUTRAL,0.204,True,CRIMINAL
FALSE,CONTRADICTING,0.346,True,LEGITIMATE
SUSPECTED,SUPPORTING,0.845,True,CRIMINAL
UNKNOWN,NEUTRAL,0.452,True,CRIMINAL
CONFIRMED,SUPPORTING,0.884,True,CRIMINAL
CONFIRMED,SUPPORTING,0.986,True,MIXED
CONFIRMED,SUPPORTING,0.950,True,CRIMINAL
SUSPECTED,SUPPORTING,0.693,True,CRIMINAL
UNKNOWN,NEUTRAL,0.415,True,LEGITIMATE
SUSPECTED,SUPPORTING,0.712,True,CRIMINAL
UNKNOWN,NEUTRAL,0.415,True,AMBIGUOUS
UNKNOWN,NEUTRAL,0.351,True,MIXED
UNKNOWN,NEUTRAL,0.400,True,MIXED
UNKNOWN,NEUTRAL,0.383,True,LEGITIMATE
FALSE,CONTRADICTING,0.192,True,MIXED
SUSPECTED,SUPPORTING,0.593,True,MIXED
CONFIRMED,SUPPORTING,0.970,True,CRIMINAL
CONFIRMED,SUPPORTING,0.902,True,AMBIGUOUS
CONFIRMED,SUPPORTING,0.981,True,MIXED
FALSE,CONTRADICTING,0.418,True,MIXED
CONFIRMED,SUPPORTING,0.826,True,AMBIGUOUS
UNKNOWN,NEUTRAL,0.541,True,LEGITIMATE
CONFIRMED,SUPPORTING,0.924,True,CRIMINAL
FALSE,CONTRADICTING,0.159,True,AMBIGUOUS
CONFIRMED,SUPPORTING,0.951,True,CRIMINAL
SUSPECTED,SUPPORTING,0.627,True,AMBIGUOUS
UNKNOWN,NEUTRAL,0.438,True,LEGITIMATE
SUSPECTED,SUPPORTING,0.698,True,LEGITIMATE
UNKNOWN,NEUTRAL,0.268,True,LEGITIMATE
CONFIRMED,SUPPORTING,0.933,True,CRIMINAL
FALSE,CONTRADICTING,0.209,True,LEGITIMATE
CONFIRMED,SUPPORTING,0.869,True,CRIMINAL
SUSPECTED,SUPPORTING,0.756,True,CRIMINAL
SUSPECTED,SUPPORTING,0.711,True,CRIMINAL
UNKNOWN,NEUTRAL,0.367,True,LEGITIMATE
CONFIRMED,SUPPORTING,0.831,True,MIXED
UNKNOWN,NEUTRAL,0.227,True,LEGITIMATE
SUSPECTED,SUPPORTING,0.788,True,MIXED
SUSPECTED,SUPPORTING,0.725,True,CRIMINAL
SUSPECTED,SUPPORTING,0.761,True,MIXED
CONFIRMED,SUPPORTING,0.820,True,CRIMINAL
UNKNOWN,NEUTRAL,0.480,True,AMBIGUOUS
CONFIRMED,SUPPORTING,0.936,True,MIXED
SUSPECTED,SUPPORTING,0.744,True,LEGITIMATE
SUSPECTED,SUPPORTING,0.733,True,MIXED
UNKNOWN,NEUTRAL,0.217,True,AMBIGUOUS
SUSPECTED,SUPPORTING,0.664,True,MIXED
SUSPECTED,SUPPORTING,0.637,True,CRIMINAL
UNKNOWN,NEUTRAL,0.423,True,MIXED
CONFIRMED,SUPPORTING,0.989,True,LEGITIMATE
CONFIRMED,SUPPORTING,0.916,True,MIXED
FALSE,CONTRADICTING,0.397,True,CRIMINAL
UNKNOWN,NEUTRAL,0.475,True,LEGITIMATE
CONFIRMED,SUPPORTING,0.922,True,MIXED
UNKNOWN,NEUTRAL,0.475,True,AMBIGUOUS
SUSPECTED,SUPPORTING,0.624,True,AMBIGUOUS
SUSPECTED,SUPPORTING,0.672,True,LEGITIMATE
UNKNOWN,NEUTRAL,0.362,True,LEGITIMATE
UNKNOWN,NEUTRAL,0.433,True,CRIMINAL
SUSPECTED,SUPPORTING,0.836,True,MIXED
SUSPECTED,SUPPORTING,0.712,True,CRIMINAL
UNKNOWN,NEUTRAL,0.471,True,AMBIGUOUS
SUSPECTED,SUPPORTING,0.686,True,CRIMINAL
CONFIRMED,SUPPORTING,0.888,True,CRIMINAL
UNKNOWN,NEUTRAL,0.228,True,MIXED
SUSPECTED,SUPPORTING,0.723,True,MIXED
FALSE,CONTRADICTING,0.363,True,MIXED
SUSPECTED,SUPPORTING,0.855,True,CRIMINAL
UNKNOWN,NEUTRAL,0.380,True,CRIMINAL
SUSPECTED,SUPPORTING,0.597,True,LEGITIMATE
UNKNOWN,NEUTRAL,0.408,True,MIXED
SUSPECTED,SUPPORTING,0.832,True,CRIMINAL
CONFIRMED,SUPPORTING,0.824,True,CRIMINAL
FALSE,CONTRADICTING,0.299,True,CRIMINAL
SUSPECTED,SUPPORTING,0.794,True,CRIMINAL
SUSPECTED,SUPPORTING,0.709,True,LEGITIMATE
UNKNOWN,NEUTRAL,0.489,True,AMBIGUOUS
SUSPECTED,SUPPORTING,0.592,True,CRIMINAL
CONFIRMED,SUPPORTING,0.951,True,CRIMINAL
CONFIRMED,SUPPORTING,0.937,True,MIXED
CONFIRMED,SUPPORTING,0.976,True,CRIMINAL
FALSE,CONTRADICTING,0.157,True,MIXED
CONFIRMED,SUPPORTING,0.919,True,MIXED
UNKNOWN,NEUTRAL,0.428,True,AMBIGUOUS
CONFIRMED,SUPPORTING,0.947,True,CRIMINAL
CONFIRMED,SUPPORTING,0.831,True,MIXED
SUSPECTED,SUPPORTING,0.720,True,LEGITIMATE
CONFIRMED,SUPPORTING,0.851,True,MIXED
SUSPECTED,SUPPORTING,0.674,True,MIXED
CONFIRMED,SUPPORTING,0.940,True,MIXED
FALSE,CONTRADICTING,0.255,True,LEGITIMATE
SUSPECTED,SUPPORTING,0.606,True,LEGITIMATE
UNKNOWN,NEUTRAL,0.362,True,MIXED
CONFIRMED,SUPPORTING,0.855,True,AMBIGUOUS
SUSPECTED,SUPPORTING,0.754,True,MIXED
FALSE,CONTRADICTING,0.330,True,LEGITIMATE
SUSPECTED,SUPPORTING,0.827,True,AMBIGUOUS
CONFIRMED,SUPPORTING,0.897,True,AMBIGUOUS
SUSPECTED,SUPPORTING,0.750,True,AMBIGUOUS
CONFIRMED,SUPPORTING,0.975,True,MIXED
SUSPECTED,SUPPORTING,0.637,True,MIXED
CONFIRMED,SUPPORTING,0.911,True,AMBIGUOUS
SUSPECTED,SUPPORTING,0.649,True,CRIMINAL
CONFIRMED,SUPPORTING,0.848,True,AMBIGUOUS
SUSPECTED,SUPPORTING,0.647,True,CRIMINAL
CONFIRMED,SUPPORTING,0.856,True,CRIMINAL
UNKNOWN,NEUTRAL,0.283,True,MIXED
SUSPECTED,SUPPORTING,0.804,True,CRIMINAL
UNKNOWN,NEUTRAL,0.370,True,CRIMINAL
SUSPECTED,SUPPORTING,0.807,True,AMBIGUOUS
SUSPECTED,SUPPORTING,0.818,True,CRIMINAL
UNKNOWN,NEUTRAL,0.218,True,MIXED
UNKNOWN,NEUTRAL,0.404,True,MIXED
CONFIRMED,SUPPORTING,0.945,True,LEGITIMATE
UNKNOWN,NEUTRAL,0.489,True,MIXED
UNKNOWN,NEUTRAL,0.344,True,AMBIGUOUS
SUSPECTED,SUPPORTING,0.817,True,CRIMINAL
CONFIRMED,SUPPORTING,0.956,True,AMBIGUOUS
FALSE,CONTRADICTING,0.317,True,MIXED
SUSPECTED,SUPPORTING,0.708,True,LEGITIMATE
CONFIRMED,SUPPORTING,0.951,True,AMBIGUOUS
SUSPECTED,SUPPORTING,0.762,True,MIXED
UNKNOWN,NEUTRAL,0.470,True,CRIMINAL
SUSPECTED,SUPPORTING,0.786,True,LEGITIMATE
UNKNOWN,NEUTRAL,0.208,True,CRIMINAL
CONFIRMED,SUPPORTING,0.977,True,CRIMINAL
FALSE,CONTRADICTING,0.167,True,LEGITIMATE
CONFIRMED,SUPPORTING,0.959,True,CRIMINAL
SUSPECTED,SUPPORTING,0.583,True,LEGITIMATE
UNKNOWN,NEUTRAL,0.542,True,MIXED
UNKNOWN,NEUTRAL,0.412,True,MIXED
SUSPECTED,SUPPORTING,0.823,True,CRIMINAL
CONFIRMED,SUPPORTING,0.973,True,LEGITIMATE
SUSPECTED,SUPPORTING,0.860,True,CRIMINAL
UNKNOWN,NEUTRAL,0.387,True,MIXED
SUSPECTED,SUPPORTING,0.729,True,MIXED
UNKNOWN,NEUTRAL,0.329,True,CRIMINAL
CONFIRMED,SUPPORTING,0.966,True,CRIMINAL
CONFIRMED,SUPPORTING,0.902,True,CRIMINAL
FALSE,CONTRADICTING,0.146,True,CRIMINAL
SUSPECTED,SUPPORTING,0.582,True,AMBIGUOUS
FALSE,CONTRADICTING,0.294,True,CRIMINAL
CONFIRMED,SUPPORTING,0.851,True,LEGITIMATE
CONFIRMED,SUPPORTING,0.973,True,CRIMINAL
SUSPECTED,SUPPORTING,0.859,True,MIXED
UNKNOWN,NEUTRAL,0.476,True,LEGITIMATE
CONFIRMED,SUPPORTING,0.885,True,MIXED
SUSPECTED,SUPPORTING,0.612,True,LEGITIMATE
UNKNOWN,NEUTRAL,0.212,True,CRIMINAL
FALSE,CONTRADICTING,0.418,True,CRIMINAL
UNKNOWN,NEUTRAL,0.247,True,CRIMINAL
CONFIRMED,SUPPORTING,0.884,True,MIXED
CONFIRMED,SUPPORTING,0.969,True,CRIMINAL
CONFIRMED,SUPPORTING,0.829,True,CRIMINAL
SUSPECTED,SUPPORTING,0.693,True,MIXED
UNKNOWN,NEUTRAL,0.338,True,AMBIGUOUS
UNKNOWN,NEUTRAL,0.266,True,CRIMINAL
FALSE,CONTRADICTING,0.370,True,CRIMINAL
UNKNOWN,NEUTRAL,0.471,True,LEGITIMATE
UNKNOWN,NEUTRAL,0.536,True,CRIMINAL
CONFIRMED,SUPPORTING,0.892,True,CRIMINAL
SUSPECTED,SUPPORTING,0.622,True,AMBIGUOUS
FALSE,CONTRADICTING,0.205,True,AMBIGUOUS
UNKNOWN,NEUTRAL,0.393,True,AMBIGUOUS
SUSPECTED,SUPPORTING,0.762,True,MIXED
SUSPECTED,SUPPORTING,0.652,True,CRIMINAL
SUSPECTED,SUPPORTING,0.636,True,CRIMINAL
FALSE,CONTRADICTING,0.379,True,LEGITIMATE
FALSE,CONTRADICTING,0.135,True,CRIMINAL
SUSPECTED,SUPPORTING,0.691,True,AMBIGUOUS
CONFIRMED,SUPPORTING,0.912,True,CRIMINAL
SUSPECTED,SUPPORTING,0.848,True,CRIMINAL
FALSE,CONTRADICTING,0.405,True,CRIMINAL
FALSE,CONTRADICTING,0.366,True,CRIMINAL
SUSPECTED,SUPPORTING,0.765,True,AMBIGUOUS
SUSPECTED,SUPPORTING,0.819,True,MIXED
CONFIRMED,SUPPORTING,0.967,True,CRIMINAL
SUSPECTED,SUPPORTING,0.766,True,CRIMINAL
SUSPECTED,SUPPORTING,0.625,True,CRIMINAL
SUSPECTED,SUPPORTING,0.837,True,CRIMINAL
SUSPECTED,SUPPORTING,0.586,True,LEGITIMATE
CONFIRMED,SUPPORTING,0.834,True,CRIMINAL
CONFIRMED,SUPPORTING,0.827,True,CRIMINAL
FALSE,CONTRADICTING,0.360,True,MIXED
UNKNOWN,NEUTRAL,0.513,True,MIXED
FALSE,CONTRADICTING,0.367,True,MIXED
CONFIRMED,SUPPORTING,0.938,True,CRIMINAL
FALSE,CONTRADICTING,0.264,True,AMBIGUOUS
SUSPECTED,SUPPORTING,0.623,True,LEGITIMATE
SUSPECTED,SUPPORTING,0.741,True,MIXED
FALSE,CONTRADICTING,0.373,True,AMBIGUOUS
UNKNOWN,NEUTRAL,0.257,True,CRIMINAL
CONFIRMED,SUPPORTING,0.825,True,AMBIGUOUS
FALSE,CONTRADICTING,0.352,True,CRIMINAL
CONFIRMED,SUPPORTING,0.939,True,CRIMINAL
SUSPECTED,SUPPORTING,0.804,True,AMBIGUOUS
SUSPECTED,SUPPORTING,0.790,True,LEGITIMATE
UNKNOWN,NEUTRAL,0.342,True,MIXED
SUSPECTED,SUPPORTING,0.758,True,MIXED
CONFIRMED,SUPPORTING,0.885,True,MIXED
UNKNOWN,NEUTRAL,0.206,True,LEGITIMATE
CONFIRMED,SUPPORTING,0.932,True,CRIMINAL
UNKNOWN,NEUTRAL,0.384,True,MIXED
UNKNOWN,NEUTRAL,0.222,True,MIXED
CONFIRMED,SUPPORTING,0.990,True,LEGITIMATE
UNKNOWN,NEUTRAL,0.424,True,CRIMINAL
CONFIRMED,SUPPORTING,0.872,True,LEGITIMATE
UNKNOWN,NEUTRAL,0.486,True,AMBIGUOUS
FALSE,CONTRADICTING,0.267,True,CRIMINAL
UNKNOWN,NEUTRAL,0.521,True,AMBIGUOUS
CONFIRMED,SUPPORTING,0.919,True,MIXED
UNKNOWN,NEUTRAL,0.306,True,MIXED
FALSE,CONTRADICTING,0.334,True,LEGITIMATE
FALSE,CONTRADICTING,0.397,True,AMBIGUOUS
FALSE,CONTRADICTING,0.152,True,LEGITIMATE
UNKNOWN,NEUTRAL,0.335,True,AMBIGUOUS
CONFIRMED,SUPPORTING,0.920,True,CRIMINAL
CONFIRMED,SUPPORTING,0.858,True,MIXED
SUSPECTED,SUPPORTING,0.630,True,AMBIGUOUS
UNKNOWN,NEUTRAL,0.465,True,MIXED
SUSPECTED,SUPPORTING,0.590,True,MIXED
SUSPECTED,SUPPORTING,0.704,True,MIXED
SUSPECTED,SUPPORTING,0.852,True,CRIMINAL
SUSPECTED,SUPPORTING,0.801,True,CRIMINAL
CONFIRMED,SUPPORTING,0.875,True,CRIMINAL
UNKNOWN,NEUTRAL,0.478,True,MIXED
SUSPECTED,SUPPORTING,0.701,True,MIXED
SUSPECTED,SUPPORTING,0.584,True,LEGITIMATE
FALSE,CONTRADICTING,0.418,True,LEGITIMATE
FALSE,CONTRADICTING,0.357,True,AMBIGUOUS
UNKNOWN,NEUTRAL,0.213,True,LEGITIMATE
SUSPECTED,SUPPORTING,0.733,True,CRIMINAL
UNKNOWN,NEUTRAL,0.533,True,LEGITIMATE
CONFIRMED,SUPPORTING,0.976,True,AMBIGUOUS
SUSPECTED,SUPPORTING,0.651,True,LEGITIMATE
UNKNOWN,NEUTRAL,0.331,True,CRIMINAL
SUSPECTED,SUPPORTING,0.752,True,AMBIGUOUS
SUSPECTED,SUPPORTING,0.615,True,CRIMINAL
CONFIRMED,SUPPORTING,0.947,True,CRIMINAL
FALSE,CONTRADICTING,0.302,True,LEGITIMATE
UNKNOWN,NEUTRAL,0.295,True,CRIMINAL
UNKNOWN,NEUTRAL,0.493,True,AMBIGUOUS
CONFIRMED,SUPPORTING,0.967,True,LEGITIMATE
SUSPECTED,SUPPORTING,0.855,True,CRIMINAL
CONFIRMED,SUPPORTING,0.897,True,AMBIGUOUS
CONFIRMED,SUPPORTING,0.925,True,MIXED
SUSPECTED,SUPPORTING,0.804,True,CRIMINAL
FALSE,CONTRADICTING,0.251,True,LEGITIMATE
SUSPECTED,SUPPORTING,0.793,True,LEGITIMATE
SUSPECTED,SUPPORTING,0.751,True,CRIMINAL
SUSPECTED,SUPPORTING,0.623,True,MIXED
SUSPECTED,SUPPORTING,0.819,True,MIXED
UNKNOWN,NEUTRAL,0.268,True,CRIMINAL
SUSPECTED,SUPPORTING,0.643,True,CRIMINAL
UNKNOWN,NEUTRAL,0.209,True,CRIMINAL
SUSPECTED,SUPPORTING,0.825,True,MIXED
UNKNOWN,NEUTRAL,0.254,True,MIXED
FALSE,CONTRADICTING,0.407,True,AMBIGUOUS
SUSPECTED,SUPPORTING,0.654,True,AMBIGUOUS
SUSPECTED,SUPPORTING,0.732,True,LEGITIMATE
FALSE,CONTRADICTING,0.391,True,MIXED
UNKNOWN,NEUTRAL,0.342,True,MIXED
FALSE,CONTRADICTING,0.396,True,MIXED
UNKNOWN,NEUTRAL,0.536,True,AMBIGUOUS
FALSE,CONTRADICTING,0.342,True,LEGITIMATE
UNKNOWN,NEUTRAL,0.375,True,MIXED
FALSE,CONTRADICTING,0.399,True,CRIMINAL
CONFIRMED,SUPPORTING,0.936,True,LEGITIMATE
CONFIRMED,SUPPORTING,0.903,True,CRIMINAL
FALSE,CONTRADICTING,0.348,True,LEGITIMATE
FALSE,CONTRADICTING,0.413,True,LEGITIMATE
SUSPECTED,SUPPORTING,0.736,True,AMBIGUOUS
SUSPECTED,SUPPORTING,0.610,True,CRIMINAL
UNKNOWN,NEUTRAL,0.512,True,MIXED
FALSE,CONTRADICTING,0.386,True,AMBIGUOUS
SUSPECTED,SUPPORTING,0.677,True,LEGITIMATE
CONFIRMED,SUPPORTING,0.920,True,CRIMINAL
UNKNOWN,NEUTRAL,0.226,True,MIXED
UNKNOWN,NEUTRAL,0.410,True,LEGITIMATE
UNKNOWN,NEUTRAL,0.362,True,CRIMINAL
CONFIRMED,SUPPORTING,0.823,True,CRIMINAL
CONFIRMED,SUPPORTING,0.941,True,CRIMINAL
SUSPECTED,SUPPORTING,0.721,True,CRIMINAL
SUSPECTED,SUPPORTING,0.743,True,LEGITIMATE
UNKNOWN,NEUTRAL,0.205,True,AMBIGUOUS
FALSE,CONTRADICTING,0.185,True,MIXED
SUSPECTED,SUPPORTING,0.653,True,MIXED
SUSPECTED,SUPPORTING,0.683,True,AMBIGUOUS
CONFIRMED,SUPPORTING,0.856,True,AMBIGUOUS
FALSE,CONTRADICTING,0.298,True,CRIMINAL
CONFIRMED,SUPPORTING,0.888,True,CRIMINAL
SUSPECTED,SUPPORTING,0.685,True,AMBIGUOUS
SUSPECTED,SUPPORTING,0.772,True,CRIMINAL
SUSPECTED,SUPPORTING,0.668,True,AMBIGUOUS
UNKNOWN,NEUTRAL,0.510,True,LEGITIMATE
UNKNOWN,NEUTRAL,0.374,True,MIXED
FALSE,CONTRADICTING,0.136,True,LEGITIMATE
CONFIRMED,SUPPORTING,0.971,True,LEGITIMATE
FALSE,CONTRADICTING,0.161,True,MIXED
UNKNOWN,NEUTRAL,0.470,True,AMBIGUOUS
FALSE,CONTRADICTING,0.384,True,CRIMINAL
CONFIRMED,SUPPORTING,0.936,True,CRIMINAL
CONFIRMED,SUPPORTING,0.975,True,CRIMINAL
UNKNOWN,NEUTRAL,0.450,True,AMBIGUOUS
CONFIRMED,SUPPORTING,0.958,True,CRIMINAL
CONFIRMED,SUPPORTING,0.948,True,CRIMINAL
CONFIRMED,SUPPORTING,0.906,True,LEGITIMATE
SUSPECTED,SUPPORTING,0.648,True,LEGITIMATE
CONFIRMED,SUPPORTING,0.860,True,CRIMINAL
CONFIRMED,SUPPORTING,0.840,True,AMBIGUOUS
UNKNOWN,NEUTRAL,0.385,True,LEGITIMATE
UNKNOWN,NEUTRAL,0.472,True,AMBIGUOUS
FALSE,CONTRADICTING,0.223,True,MIXED
SUSPECTED,SUPPORTING,0.647,True,CRIMINAL
UNKNOWN,NEUTRAL,0.215,True,LEGITIMATE
SUSPECTED,SUPPORTING,0.708,True,MIXED
SUSPECTED,SUPPORTING,0.580,True,CRIMINAL
CONFIRMED,SUPPORTING,0.838,True,CRIMINAL
CONFIRMED,SUPPORTING,0.920,True,CRIMINAL
UNKNOWN,NEUTRAL,0.449,True,AMBIGUOUS
FALSE,CONTRADICTING,0.306,True,AMBIGUOUS
SUSPECTED,SUPPORTING,0.603,True,LEGITIMATE
CONFIRMED,SUPPORTING,0.907,True,MIXED
SUSPECTED,SUPPORTING,0.731,True,MIXED
UNKNOWN,NEUTRAL,0.299,True,MIXED
CONFIRMED,SUPPORTING,0.923,True,CRIMINAL
CONFIRMED,SUPPORTING,0.845,True,CRIMINAL
SUSPECTED,SUPPORTING,0.797,True,CRIMINAL
FALSE,CONTRADICTING,0.258,True,LEGITIMATE
UNKNOWN,NEUTRAL,0.307,True,CRIMINAL
UNKNOWN,NEUTRAL,0.473,True,LEGITIMATE
SUSPECTED,SUPPORTING,0.615,True,AMBIGUOUS
UNKNOWN,NEUTRAL,0.392,True,MIXED
FALSE,CONTRADICTING,0.268,True,CRIMINAL
SUSPECTED,SUPPORTING,0.757,True,CRIMINAL
SUSPECTED,SUPPORTING,0.784,True,LEGITIMATE
CONFIRMED,SUPPORTING,0.970,True,AMBIGUOUS
SUSPECTED,SUPPORTING,0.583,True,CRIMINAL
SUSPECTED,SUPPORTING,0.641,True,CRIMINAL
UNKNOWN,NEUTRAL,0.214,True,CRIMINAL
CONFIRMED,SUPPORTING,0.821,True,CRIMINAL
UNKNOWN,NEUTRAL,0.378,True,CRIMINAL
CONFIRMED,SUPPORTING,0.977,True,CRIMINAL
CONFIRMED,SUPPORTING,0.971,True,LEGITIMATE
UNKNOWN,NEUTRAL,0.267,True,LEGITIMATE
UNKNOWN,NEUTRAL,0.316,True,MIXED
CONFIRMED,SUPPORTING,0.833,True,MIXED
CONFIRMED,SUPPORTING,0.963,True,CRIMINAL
SUSPECTED,SUPPORTING,0.777,True,LEGITIMATE
SUSPECTED,SUPPORTING,0.830,True,CRIMINAL
UNKNOWN,NEUTRAL,0.375,True,LEGITIMATE
SUSPECTED,SUPPORTING,0.627,True,AMBIGUOUS
CONFIRMED,SUPPORTING,0.937,True,CRIMINAL
FALSE,CONTRADICTING,0.205,True,CRIMINAL
SUSPECTED,SUPPORTING,0.633,True,CRIMINAL
SUSPECTED,SUPPORTING,0.697,True,CRIMINAL
FALSE,CONTRADICTING,0.136,True,AMBIGUOUS
FALSE,CONTRADICTING,0.305,True,AMBIGUOUS
SUSPECTED,SUPPORTING,0.768,True,MIXED
UNKNOWN,NEUTRAL,0.407,True,LEGITIMATE
CONFIRMED,SUPPORTING,0.934,True,MIXED
FALSE,CONTRADICTING,0.149,True,MIXED
CONFIRMED,SUPPORTING,0.873,True,CRIMINAL
CONFIRMED,SUPPORTING,0.833,True,LEGITIMATE
SUSPECTED,SUPPORTING,0.613,True,MIXED
CONFIRMED,SUPPORTING,0.851,True,MIXED
SUSPECTED,SUPPORTING,0.605,True,CRIMINAL
SUSPECTED,SUPPORTING,0.803,True,CRIMINAL
CONFIRMED,SUPPORTING,0.969,True,CRIMINAL
SUSPECTED,SUPPORTING,0.654,True,CRIMINAL
SUSPECTED,SUPPORTING,0.588,True,LEGITIMATE
CONFIRMED,SUPPORTING,0.947,True,CRIMINAL
FALSE,CONTRADICTING,0.389,True,CRIMINAL
FALSE,CONTRADICTING,0.398,True,MIXED
UNKNOWN,NEUTRAL,0.530,True,AMBIGUOUS
FALSE,CONTRADICTING,0.343,True,LEGITIMATE
UNKNOWN,NEUTRAL,0.385,True,AMBIGUOUS
UNKNOWN,NEUTRAL,0.364,True,LEGITIMATE
SUSPECTED,SUPPORTING,0.858,True,MIXED
FALSE,CONTRADICTING,0.330,True,CRIMINAL
SUSPECTED,SUPPORTING,0.759,True,MIXED
SUSPECTED,SUPPORTING,0.772,True,AMBIGUOUS
CONFIRMED,SUPPORTING,0.871,True,LEGITIMATE
CONFIRMED,SUPPORTING,0.824,True,CRIMINAL
CONFIRMED,SUPPORTING,0.985,True,CRIMINAL
CONFIRMED,SUPPORTING,0.845,True,CRIMINAL
SUSPECTED,SUPPORTING,0.631,True,CRIMINAL
SUSPECTED,SUPPORTING,0.759,True,AMBIGUOUS
CONFIRMED,SUPPORTING,0.925,True,MIXED
SUSPECTED,SUPPORTING,0.772,True,MIXED
CONFIRMED,SUPPORTING,0.941,True,AMBIGUOUS
UNKNOWN,NEUTRAL,0.509,True,CRIMINAL
SUSPECTED,SUPPORTING,0.754,True,LEGITIMATE
CONFIRMED,SUPPORTING,0.823,True,MIXED
CONFIRMED,SUPPORTING,0.859,True,CRIMINAL
UNKNOWN,NEUTRAL,0.248,True,LEGITIMATE
SUSPECTED,SUPPORTING,0.600,True,CRIMINAL
CONFIRMED,SUPPORTING,0.917,True,CRIMINAL
FALSE,CONTRADICTING,0.290,True,CRIMINAL
FALSE,CONTRADICTING,0.239,True,AMBIGUOUS
SUSPECTED,SUPPORTING,0.725,True,LEGITIMATE
CONFIRMED,SUPPORTING,0.924,True,CRIMINAL
FALSE,CONTRADICTING,0.325,True,AMBIGUOUS
UNKNOWN,NEUTRAL,0.277,True,MIXED
UNKNOWN,NEUTRAL,0.329,True,AMBIGUOUS
FALSE,CONTRADICTING,0.276,True,AMBIGUOUS
SUSPECTED,SUPPORTING,0.600,True,MIXED
SUSPECTED,SUPPORTING,0.855,True,CRIMINAL
SUSPECTED,SUPPORTING,0.795,True,MIXED
FALSE,CONTRADICTING,0.240,True,LEGITIMATE
CONFIRMED,SUPPORTING,0.864,True,CRIMINAL
UNKNOWN,NEUTRAL,0.323,True,CRIMINAL
CONFIRMED,SUPPORTING,0.867,True,LEGITIMATE
CONFIRMED,SUPPORTING,0.909,True,CRIMINAL
CONFIRMED,SUPPORTING,0.879,True,MIXED
UNKNOWN,NEUTRAL,0.379,True,LEGITIMATE
UNKNOWN,NEUTRAL,0.470,True,MIXED
CONFIRMED,SUPPORTING,0.904,True,MIXED
SUSPECTED,SUPPORTING,0.844,True,AMBIGUOUS
UNKNOWN,NEUTRAL,0.299,True,AMBIGUOUS
CONFIRMED,SUPPORTING,0.841,True,CRIMINAL
SUSPECTED,SUPPORTING,0.850,True,CRIMINAL
CONFIRMED,SUPPORTING,0.897,True,CRIMINAL
CONFIRMED,SUPPORTING,0.891,True,CRIMINAL
UNKNOWN,NEUTRAL,0.447,True,CRIMINAL
UNKNOWN,NEUTRAL,0.426,True,LEGITIMATE
CONFIRMED,SUPPORTING,0.928,True,AMBIGUOUS
FALSE,CONTRADICTING,0.212,True,CRIMINAL
CONFIRMED,SUPPORTING,0.827,True,CRIMINAL
CONFIRMED,SUPPORTING,0.939,True,LEGITIMATE
SUSPECTED,SUPPORTING,0.686,True,CRIMINAL
SUSPECTED,SUPPORTING,0.717,True,LEGITIMATE
CONFIRMED,SUPPORTING,0.980,True,MIXED
UNKNOWN,NEUTRAL,0.516,True,MIXED
SUSPECTED,SUPPORTING,0.845,True,CRIMINAL
UNKNOWN,NEUTRAL,0.226,True,AMBIGUOUS
FALSE,CONTRADICTING,0.266,True,LEGITIMATE
SUSPECTED,SUPPORTING,0.772,True,AMBIGUOUS
CONFIRMED,SUPPORTING,0.883,True,AMBIGUOUS
SUSPECTED,SUPPORTING,0.809,True,MIXED
FALSE,CONTRADICTING,0.311,True,LEGITIMATE
CONFIRMED,SUPPORTING,0.987,True,CRIMINAL
UNKNOWN,NEUTRAL,0.324,True,LEGITIMATE
UNKNOWN,NEUTRAL,0.487,True,MIXED
UNKNOWN,NEUTRAL,0.319,True,LEGITIMATE
FALSE,CONTRADICTING,0.152,True,CRIMINAL
SUSPECTED,SUPPORTING,0.585,True,LEGITIMATE
SUSPECTED,SUPPORTING,0.856,True,AMBIGUOUS
SUSPECTED,SUPPORTING,0.747,True,CRIMINAL
CONFIRMED,SUPPORTING,0.958,True,CRIMINAL
SUSPECTED,SUPPORTING,0.755,True,CRIMINAL
UNKNOWN,NEUTRAL,0.420,True,CRIMINAL
UNKNOWN,NEUTRAL,0.523,True,CRIMINAL
SUSPECTED,SUPPORTING,0.821,True,CRIMINAL
CONFIRMED,SUPPORTING,0.916,True,MIXED
UNKNOWN,NEUTRAL,0.228,True,CRIMINAL
SUSPECTED,SUPPORTING,0.837,True,AMBIGUOUS
SUSPECTED,SUPPORTING,0.697,True,LEGITIMATE
CONFIRMED,SUPPORTING,0.947,True,MIXED
CONFIRMED,SUPPORTING,0.984,True,LEGITIMATE
SUSPECTED,SUPPORTING,0.786,True,MIXED
CONFIRMED,SUPPORTING,0.986,True,CRIMINAL
SUSPECTED,SUPPORTING,0.816,True,MIXED
SUSPECTED,SUPPORTING,0.651,True,CRIMINAL
FALSE,CONTRADICTING,0.231,True,CRIMINAL
CONFIRMED,SUPPORTING,0.885,True,MIXED
SUSPECTED,SUPPORTING,0.675,True,AMBIGUOUS
SUSPECTED,SUPPORTING,0.747,True,LEGITIMATE
SUSPECTED,SUPPORTING,0.696,True,LEGITIMATE
CONFIRMED,SUPPORTING,0.942,True,CRIMINAL
SUSPECTED,SUPPORTING,0.657,True,CRIMINAL
CONFIRMED,SUPPORTING,0.866,True,CRIMINAL
CONFIRMED,SUPPORTING,0.863,True,CRIMINAL
SUSPECTED,SUPPORTING,0.830,True,CRIMINAL
SUSPECTED,SUPPORTING,0.824,True,LEGITIMATE
SUSPECTED,SUPPORTING,0.643,True,CRIMINAL
SUSPECTED,SUPPORTING,0.853,True,CRIMINAL
SUSPECTED,SUPPORTING,0.733,True,AMBIGUOUS
SUSPECTED,SUPPORTING,0.745,True,MIXED
FALSE,CONTRADICTING,0.120,True,AMBIGUOUS
CONFIRMED,SUPPORTING,0.938,True,CRIMINAL
FALSE,CONTRADICTING,0.144,True,LEGITIMATE
SUSPECTED,SUPPORTING,0.730,True,MIXED
CONFIRMED,SUPPORTING,0.832,True,CRIMINAL
CONFIRMED,SUPPORTING,0.830,True,CRIMINAL
SUSPECTED,SUPPORTING,0.853,True,CRIMINAL
UNKNOWN,NEUTRAL,0.457,True,AMBIGUOUS
FALSE,CONTRADICTING,0.260,True,CRIMINAL
UNKNOWN,NEUTRAL,0.342,True,LEGITIMATE
SUSPECTED,SUPPORTING,0.822,True,MIXED
FALSE,CONTRADICTING,0.184,True,MIXED
FALSE,CONTRADICTING,0.241,True,CRIMINAL
SUSPECTED,SUPPORTING,0.665,True,LEGITIMATE
UNKNOWN,NEUTRAL,0.332,True,CRIMINAL
CONFIRMED,SUPPORTING,0.868,True,CRIMINAL
CONFIRMED,SUPPORTING,0.954,True,CRIMINAL
CONFIRMED,SUPPORTING,0.832,True,MIXED
FALSE,CONTRADICTING,0.168,True,LEGITIMATE
CONFIRMED,SUPPORTING,0.940,True,MIXED
CONFIRMED,SUPPORTING,0.903,True,CRIMINAL
UNKNOWN,NEUTRAL,0.327,True,MIXED
SUSPECTED,SUPPORTING,0.740,True,LEGITIMATE
UNKNOWN,NEUTRAL,0.457,True,MIXED
CONFIRMED,SUPPORTING,0.951,True,CRIMINAL
SUSPECTED,SUPPORTING,0.633,True,CRIMINAL
UNKNOWN,NEUTRAL,0.224,True,MIXED
UNKNOWN,NEUTRAL,0.539,True,CRIMINAL
SUSPECTED,SUPPORTING,0.602,True,CRIMINAL
SUSPECTED,SUPPORTING,0.664,True,LEGITIMATE
SUSPECTED,SUPPORTING,0.805,True,AMBIGUOUS
CONFIRMED,SUPPORTING,0.921,True,CRIMINAL
SUSPECTED,SUPPORTING,0.857,True,MIXED
UNKNOWN,NEUTRAL,0.518,True,MIXED
CONFIRMED,SUPPORTING,0.899,True,LEGITIMATE
UNKNOWN,NEUTRAL,0.310,True,LEGITIMATE
FALSE,CONTRADICTING,0.322,True,CRIMINAL
CONFIRMED,SUPPORTING,0.848,True,LEGITIMATE
SUSPECTED,SUPPORTING,0.705,True,CRIMINAL
SUSPECTED,SUPPORTING,0.820,True,CRIMINAL
FALSE,CONTRADICTING,0.261,True,MIXED
FALSE,CONTRADICTING,0.263,True,MIXED
FALSE,CONTRADICTING,0.411,True,AMBIGUOUS
CONFIRMED,SUPPORTING,0.951,True,MIXED
SUSPECTED,SUPPORTING,0.620,True,CRIMINAL
CONFIRMED,SUPPORTING,0.867,True,MIXED
UNKNOWN,NEUTRAL,0.237,True,AMBIGUOUS
SUSPECTED,SUPPORTING,0.595,True,LEGITIMATE
CONFIRMED,SUPPORTING,0.944,True,LEGITIMATE
FALSE,CONTRADICTING,0.158,True,MIXED
CONFIRMED,SUPPORTING,0.853,True,MIXED
FALSE,CONTRADICTING,0.403,True,LEGITIMATE
SUSPECTED,SUPPORTING,0.740,True,CRIMINAL
UNKNOWN,NEUTRAL,0.301,True,LEGITIMATE
CONFIRMED,SUPPORTING,0.867,True,CRIMINAL
SUSPECTED,SUPPORTING,0.599,True,CRIMINAL
CONFIRMED,SUPPORTING,0.981,True,CRIMINAL
FALSE,CONTRADICTING,0.257,True,CRIMINAL
SUSPECTED,SUPPORTING,0.641,True,MIXED
UNKNOWN,NEUTRAL,0.503,True,LEGITIMATE
UNKNOWN,NEUTRAL,0.335,True,MIXED
SUSPECTED,SUPPORTING,0.665,True,CRIMINAL
UNKNOWN,NEUTRAL,0.205,True,LEGITIMATE
CONFIRMED,SUPPORTING,0.894,True,MIXED
SUSPECTED,SUPPORTING,0.720,True,CRIMINAL
SUSPECTED,SUPPORTING,0.716,True,LEGITIMATE
CONFIRMED,SUPPORTING,0.982,True,CRIMINAL
FALSE,CONTRADICTING,0.145,True,AMBIGUOUS
SUSPECTED,SUPPORTING,0.690,True,MIXED
UNKNOWN,NEUTRAL,0.538,True,MIXED
CONFIRMED,SUPPORTING,0.928,True,CRIMINAL
CONFIRMED,SUPPORTING,0.825,True,LEGITIMATE
CONFIRMED,SUPPORTING,0.987,True,CRIMINAL
UNKNOWN,NEUTRAL,0.405,True,CRIMINAL
UNKNOWN,NEUTRAL,0.331,True,CRIMINAL
SUSPECTED,SUPPORTING,0.838,True,MIXED
CONFIRMED,SUPPORTING,0.963,True,CRIMINAL
SUSPECTED,SUPPORTING,0.759,True,CRIMINAL
SUSPECTED,SUPPORTING,0.630,True,MIXED
CONFIRMED,SUPPORTING,0.942,True,CRIMINAL
UNKNOWN,NEUTRAL,0.362,True,LEGITIMATE
UNKNOWN,NEUTRAL,0.492,True,CRIMINAL
FALSE,CONTRADICTING,0.378,True,CRIMINAL
SUSPECTED,SUPPORTING,0.688,True,AMBIGUOUS
UNKNOWN,NEUTRAL,0.520,True,CRIMINAL
CONFIRMED,SUPPORTING,0.920,True,CRIMINAL
CONFIRMED,SUPPORTING,0.826,True,MIXED
FALSE,CONTRADICTING,0.278,True,CRIMINAL
FALSE,CONTRADICTING,0.193,True,LEGITIMATE
CONFIRMED,SUPPORTING,0.878,True,CRIMINAL
SUSPECTED,SUPPORTING,0.680,True,MIXED
UNKNOWN,NEUTRAL,0.385,True,LEGITIMATE
SUSPECTED,SUPPORTING,0.843,True,CRIMINAL
CONFIRMED,SUPPORTING,0.922,True,CRIMINAL
CONFIRMED,SUPPORTING,0.990,True,CRIMINAL
UNKNOWN,NEUTRAL,0.540,True,MIXED
FALSE,CONTRADICTING,0.389,True,LEGITIMATE
CONFIRMED,SUPPORTING,0.945,True,CRIMINAL
SUSPECTED,SUPPORTING,0.660,True,CRIMINAL
CONFIRMED,SUPPORTING,0.914,True,CRIMINAL
SUSPECTED,SUPPORTING,0.726,True,MIXED
SUSPECTED,SUPPORTING,0.798,True,CRIMINAL
UNKNOWN,NEUTRAL,0.235,True,AMBIGUOUS
SUSPECTED,SUPPORTING,0.845,True,LEGITIMATE
SUSPECTED,SUPPORTING,0.581,True,CRIMINAL
SUSPECTED,SUPPORTING,0.843,True,CRIMINAL
CONFIRMED,SUPPORTING,0.905,True,CRIMINAL
SUSPECTED,SUPPORTING,0.798,True,CRIMINAL
SUSPECTED,SUPPORTING,0.745,True,CRIMINAL
FALSE,CONTRADICTING,0.383,True,AMBIGUOUS
SUSPECTED,SUPPORTING,0.610,True,AMBIGUOUS
FALSE,CONTRADICTING,0.402,True,MIXED
SUSPECTED,SUPPORTING,0.648,True,CRIMINAL
FALSE,CONTRADICTING,0.259,True,LEGITIMATE
SUSPECTED,SUPPORTING,0.650,True,CRIMINAL
CONFIRMED,SUPPORTING,0.837,True,CRIMINAL
CONFIRMED,SUPPORTING,0.823,True,LEGITIMATE
SUSPECTED,SUPPORTING,0.772,True,AMBIGUOUS
SUSPECTED,SUPPORTING,0.805,True,AMBIGUOUS
CONFIRMED,SUPPORTING,0.983,True,CRIMINAL
FALSE,CONTRADICTING,0.295,True,LEGITIMATE
CONFIRMED,SUPPORTING,0.958,True,MIXED
CONFIRMED,SUPPORTING,0.847,True,CRIMINAL
UNKNOWN,NEUTRAL,0.312,True,CRIMINAL
UNKNOWN,NEUTRAL,0.462,True,MIXED
FALSE,CONTRADICTING,0.277,True,MIXED
UNKNOWN,NEUTRAL,0.241,True,AMBIGUOUS
UNKNOWN,NEUTRAL,0.447,True,CRIMINAL
SUSPECTED,SUPPORTING,0.600,True,LEGITIMATE
CONFIRMED,SUPPORTING,0.874,True,CRIMINAL
UNKNOWN,NEUTRAL,0.392,True,AMBIGUOUS
CONFIRMED,SUPPORTING,0.832,True,MIXED
SUSPECTED,SUPPORTING,0.704,True,AMBIGUOUS
CONFIRMED,SUPPORTING,0.927,True,LEGITIMATE
FALSE,CONTRADICTING,0.298,True,LEGITIMATE
CONFIRMED,SUPPORTING,0.914,True,CRIMINAL
CONFIRMED,SUPPORTING,0.965,True,MIXED
CONFIRMED,SUPPORTING,0.990,True,CRIMINAL
SUSPECTED,SUPPORTING,0.704,True,CRIMINAL
CONFIRMED,SUPPORTING,0.850,True,MIXED
FALSE,CONTRADICTING,0.289,True,LEGITIMATE
FALSE,CONTRADICTING,0.230,True,MIXED
CONFIRMED,SUPPORTING,0.937,True,CRIMINAL
FALSE,CONTRADICTING,0.219,True,AMBIGUOUS
SUSPECTED,SUPPORTING,0.616,True,AMBIGUOUS
UNKNOWN,NEUTRAL,0.506,True,CRIMINAL
UNKNOWN,NEUTRAL,0.371,True,CRIMINAL
CONFIRMED,SUPPORTING,0.934,True,MIXED
UNKNOWN,NEUTRAL,0.273,True,MIXED
UNKNOWN,NEUTRAL,0.409,True,CRIMINAL
UNKNOWN,NEUTRAL,0.212,True,MIXED
CONFIRMED,SUPPORTING,0.859,True,MIXED
SUSPECTED,SUPPORTING,0.628,True,AMBIGUOUS
SUSPECTED,SUPPORTING,0.656,True,AMBIGUOUS
UNKNOWN,NEUTRAL,0.376,True,CRIMINAL
SUSPECTED,SUPPORTING,0.726,True,MIXED
FALSE,CONTRADICTING,0.307,True,LEGITIMATE
SUSPECTED,SUPPORTING,0.762,True,CRIMINAL
CONFIRMED,SUPPORTING,0.973,True,CRIMINAL
CONFIRMED,SUPPORTING,0.947,True,CRIMINAL
UNKNOWN,NEUTRAL,0.283,True,AMBIGUOUS
SUSPECTED,SUPPORTING,0.698,True,CRIMINAL
SUSPECTED,SUPPORTING,0.659,True,MIXED
UNKNOWN,NEUTRAL,0.216,True,LEGITIMATE
CONFIRMED,SUPPORTING,0.980,True,CRIMINAL
SUSPECTED,SUPPORTING,0.671,True,AMBIGUOUS
SUSPECTED,SUPPORTING,0.683,True,MIXED
CONFIRMED,SUPPORTING,0.839,True,CRIMINAL
SUSPECTED,SUPPORTING,0.748,True,AMBIGUOUS
CONFIRMED,SUPPORTING,0.944,True,AMBIGUOUS
FALSE,CONTRADICTING,0.217,True,CRIMINAL
CONFIRMED,SUPPORTING,0.915,True,MIXED
UNKNOWN,NEUTRAL,0.401,True,LEGITIMATE
SUSPECTED,SUPPORTING,0.716,True,MIXED
CONFIRMED,SUPPORTING,0.928,True,CRIMINAL
FALSE,CONTRADICTING,0.147,True,MIXED
UNKNOWN,NEUTRAL,0.271,True,LEGITIMATE
UNKNOWN,NEUTRAL,0.213,True,CRIMINAL
SUSPECTED,SUPPORTING,0.858,True,AMBIGUOUS
SUSPECTED,SUPPORTING,0.630,True,MIXED
SUSPECTED,SUPPORTING,0.739,True,CRIMINAL
UNKNOWN,NEUTRAL,0.450,True,CRIMINAL
SUSPECTED,SUPPORTING,0.699,True,MIXED
SUSPECTED,SUPPORTING,0.843,True,LEGITIMATE
FALSE,CONTRADICTING,0.326,True,MIXED
UNKNOWN,NEUTRAL,0.427,True,AMBIGUOUS
FALSE,CONTRADICTING,0.304,True,CRIMINAL
UNKNOWN,NEUTRAL,0.392,True,CRIMINAL
SUSPECTED,SUPPORTING,0.740,True,LEGITIMATE
SUSPECTED,SUPPORTING,0.658,True,AMBIGUOUS
SUSPECTED,SUPPORTING,0.773,True,MIXED
SUSPECTED,SUPPORTING,0.605,True,CRIMINAL
CONFIRMED,SUPPORTING,0.893,True,CRIMINAL
FALSE,CONTRADICTING,0.122,True,LEGITIMATE
SUSPECTED,SUPPORTING,0.848,True,CRIMINAL
FALSE,CONTRADICTING,0.352,True,LEGITIMATE
CONFIRMED,SUPPORTING,0.840,True,MIXED
CONFIRMED,SUPPORTING,0.974,True,MIXED
FALSE,CONTRADICTING,0.234,True,AMBIGUOUS
SUSPECTED,SUPPORTING,0.629,True,CRIMINAL
UNKNOWN,NEUTRAL,0.277,True,MIXED
CONFIRMED,SUPPORTING,0.827,True,MIXED
UNKNOWN,NEUTRAL,0.247,True,LEGITIMATE
CONFIRMED,SUPPORTING,0.946,True,CRIMINAL
UNKNOWN,NEUTRAL,0.343,True,LEGITIMATE
CONFIRMED,SUPPORTING,0.864,True,CRIMINAL
UNKNOWN,NEUTRAL,0.257,True,MIXED
CONFIRMED,SUPPORTING,0.830,True,AMBIGUOUS
CONFIRMED,SUPPORTING,0.989,True,CRIMINAL
SUSPECTED,SUPPORTING,0.639,True,LEGITIMATE
UNKNOWN,NEUTRAL,0.344,True,MIXED
FALSE,CONTRADICTING,0.230,True,MIXED
CONFIRMED,SUPPORTING,0.926,True,CRIMINAL
CONFIRMED,SUPPORTING,0.840,True,LEGITIMATE
SUSPECTED,SUPPORTING,0.659,True,CRIMINAL
FALSE,CONTRADICTING,0.356,True,LEGITIMATE
CONFIRMED,SUPPORTING,0.895,True,CRIMINAL
UNKNOWN,NEUTRAL,0.201,True,MIXED
SUSPECTED,SUPPORTING,0.728,True,MIXED
FALSE,CONTRADICTING,0.199,True,LEGITIMATE
FALSE,CONTRADICTING,0.374,True,CRIMINAL
UNKNOWN,NEUTRAL,0.339,True,LEGITIMATE
CONFIRMED,SUPPORTING,0.947,True,LEGITIMATE
SUSPECTED,SUPPORTING,0.601,True,CRIMINAL
UNKNOWN,NEUTRAL,0.218,True,LEGITIMATE
SUSPECTED,SUPPORTING,0.724,True,CRIMINAL
FALSE,CONTRADICTING,0.358,True,LEGITIMATE
UNKNOWN,NEUTRAL,0.369,True,LEGITIMATE
SUSPECTED,SUPPORTING,0.611,True,MIXED
SUSPECTED,SUPPORTING,0.694,True,MIXED
SUSPECTED,SUPPORTING,0.650,True,AMBIGUOUS
FALSE,CONTRADICTING,0.200,True,CRIMINAL
SUSPECTED,SUPPORTING,0.645,True,LEGITIMATE
CONFIRMED,SUPPORTING,0.852,True,CRIMINAL
FALSE,CONTRADICTING,0.323,True,AMBIGUOUS
UNKNOWN,NEUTRAL,0.470,True,CRIMINAL
SUSPECTED,SUPPORTING,0.667,True,CRIMINAL
SUSPECTED,SUPPORTING,0.830,True,MIXED
SUSPECTED,SUPPORTING,0.621,True,CRIMINAL
SUSPECTED,SUPPORTING,0.766,True,CRIMINAL
CONFIRMED,SUPPORTING,0.970,True,CRIMINAL
CONFIRMED,SUPPORTING,0.875,True,CRIMINAL
UNKNOWN,NEUTRAL,0.231,True,AMBIGUOUS
CONFIRMED,SUPPORTING,0.957,True,MIXED
SUSPECTED,SUPPORTING,0.628,True,MIXED
SUSPECTED,SUPPORTING,0.808,True,LEGITIMATE
FALSE,CONTRADICTING,0.209,True,CRIMINAL
FALSE,CONTRADICTING,0.320,True,MIXED
FALSE,CONTRADICTING,0.168,True,AMBIGUOUS
FALSE,CONTRADICTING,0.314,True,LEGITIMATE
UNKNOWN,NEUTRAL,0.324,True,MIXED
SUSPECTED,SUPPORTING,0.617,True,CRIMINAL
SUSPECTED,SUPPORTING,0.670,True,MIXED
SUSPECTED,SUPPORTING,0.700,True,CRIMINAL
SUSPECTED,SUPPORTING,0.772,True,CRIMINAL
FALSE,CONTRADICTING,0.310,True,LEGITIMATE
UNKNOWN,NEUTRAL,0.449,True,MIXED
FALSE,CONTRADICTING,0.215,True,LEGITIMATE
CONFIRMED,SUPPORTING,0.845,True,MIXED
SUSPECTED,SUPPORTING,0.607,True,AMBIGUOUS
FALSE,CONTRADICTING,0.140,True,LEGITIMATE
SUSPECTED,SUPPORTING,0.814,True,MIXED
UNKNOWN,NEUTRAL,0.335,True,AMBIGUOUS
CONFIRMED,SUPPORTING,0.904,True,MIXED
CONFIRMED,SUPPORTING,0.949,True,CRIMINAL
UNKNOWN,NEUTRAL,0.544,True,MIXED
CONFIRMED,SUPPORTING,0.968,True,MIXED
CONFIRMED,SUPPORTING,0.863,True,CRIMINAL
UNKNOWN,NEUTRAL,0.401,True,AMBIGUOUS
CONFIRMED,SUPPORTING,0.900,True,AMBIGUOUS
FALSE,CONTRADICTING,0.153,True,MIXED
CONFIRMED,SUPPORTING,0.980,True,LEGITIMATE
UNKNOWN,NEUTRAL,0.270,True,CRIMINAL
SUSPECTED,SUPPORTING,0.756,True,AMBIGUOUS
FALSE,CONTRADICTING,0.265,True,LEGITIMATE
FALSE,CONTRADICTING,0.364,True,MIXED
SUSPECTED,SUPPORTING,0.772,True,LEGITIMATE
SUSPECTED,SUPPORTING,0.807,True,CRIMINAL
SUSPECTED,SUPPORTING,0.691,True,CRIMINAL
CONFIRMED,SUPPORTING,0.973,True,MIXED
CONFIRMED,SUPPORTING,0.938,True,CRIMINAL
SUSPECTED,SUPPORTING,0.848,True,CRIMINAL
SUSPECTED,SUPPORTING,0.621,True,CRIMINAL
FALSE,CONTRADICTING,0.378,True,LEGITIMATE
FALSE,CONTRADICTING,0.330,True,LEGITIMATE
CONFIRMED,SUPPORTING,0.880,True,LEGITIMATE
CONFIRMED,SUPPORTING,0.845,True,LEGITIMATE
SUSPECTED,SUPPORTING,0.655,True,CRIMINAL
SUSPECTED,SUPPORTING,0.697,True,CRIMINAL
CONFIRMED,SUPPORTING,0.831,True,CRIMINAL
UNKNOWN,NEUTRAL,0.325,True,MIXED
FALSE,CONTRADICTING,0.123,True,CRIMINAL
FALSE,CONTRADICTING,0.368,True,LEGITIMATE
SUSPECTED,SUPPORTING,0.659,True,CRIMINAL
FALSE,CONTRADICTING,0.164,True,AMBIGUOUS
UNKNOWN,NEUTRAL,0.452,True,CRIMINAL
FALSE,CONTRADICTING,0.264,True,LEGITIMATE
SUSPECTED,SUPPORTING,0.713,True,CRIMINAL
UNKNOWN,NEUTRAL,0.397,True,AMBIGUOUS
UNKNOWN,NEUTRAL,0.496,True,MIXED
CONFIRMED,SUPPORTING,0.964,True,CRIMINAL
SUSPECTED,SUPPORTING,0.597,True,CRIMINAL
UNKNOWN,NEUTRAL,0.549,True,AMBIGUOUS
CONFIRMED,SUPPORTING,0.951,True,CRIMINAL
FALSE,CONTRADICTING,0.246,True,MIXED
SUSPECTED,SUPPORTING,0.757,True,MIXED
FALSE,CONTRADICTING,0.361,True,LEGITIMATE
CONFIRMED,SUPPORTING,0.980,True,CRIMINAL
UNKNOWN,NEUTRAL,0.499,True,AMBIGUOUS
CONFIRMED,SUPPORTING,0.973,True,MIXED
UNKNOWN,NEUTRAL,0.231,True,LEGITIMATE
CONFIRMED,SUPPORTING,0.892,True,LEGITIMATE
SUSPECTED,SUPPORTING,0.750,True,LEGITIMATE
UNKNOWN,NEUTRAL,0.524,True,AMBIGUOUS
SUSPECTED,SUPPORTING,0.845,True,LEGITIMATE
FALSE,CONTRADICTING,0.281,True,CRIMINAL
UNKNOWN,NEUTRAL,0.243,True,AMBIGUOUS
UNKNOWN,NEUTRAL,0.227,True,MIXED
SUSPECTED,SUPPORTING,0.582,True,CRIMINAL
SUSPECTED,SUPPORTING,0.722,True,AMBIGUOUS
FALSE,CONTRADICTING,0.332,True,LEGITIMATE
SUSPECTED,SUPPORTING,0.668,True,CRIMINAL
CONFIRMED,SUPPORTING,0.852,True,CRIMINAL
SUSPECTED,SUPPORTING,0.590,True,CRIMINAL
SUSPECTED,SUPPORTING,0.618,True,CRIMINAL
CONFIRMED,SUPPORTING,0.936,True,MIXED
SUSPECTED,SUPPORTING,0.683,True,CRIMINAL
SUSPECTED,SUPPORTING,0.658,True,CRIMINAL
CONFIRMED,SUPPORTING,0.897,True,CRIMINAL
SUSPECTED,SUPPORTING,0.699,True,LEGITIMATE
UNKNOWN,NEUTRAL,0.217,True,CRIMINAL
CONFIRMED,SUPPORTING,0.945,True,CRIMINAL
SUSPECTED,SUPPORTING,0.712,True,MIXED
FALSE,CONTRADICTING,0.197,True,CRIMINAL
CONFIRMED,SUPPORTING,0.910,True,MIXED
SUSPECTED,SUPPORTING,0.795,True,LEGITIMATE
UNKNOWN,NEUTRAL,0.236,True,MIXED
CONFIRMED,SUPPORTING,0.913,True,CRIMINAL
CONFIRMED,SUPPORTING,0.985,True,CRIMINAL
SUSPECTED,SUPPORTING,0.580,True,MIXED
CONFIRMED,SUPPORTING,0.876,True,CRIMINAL
CONFIRMED,SUPPORTING,0.834,True,CRIMINAL
UNKNOWN,NEUTRAL,0.544,True,CRIMINAL
UNKNOWN,NEUTRAL,0.216,True,CRIMINAL
FALSE,CONTRADICTING,0.241,True,CRIMINAL
CONFIRMED,SUPPORTING,0.875,True,MIXED
CONFIRMED,SUPPORTING,0.932,True,CRIMINAL
UNKNOWN,NEUTRAL,0.330,True,AMBIGUOUS
SUSPECTED,SUPPORTING,0.601,True,CRIMINAL
SUSPECTED,SUPPORTING,0.688,True,MIXED
FALSE,CONTRADICTING,0.341,True,CRIMINAL
CONFIRMED,SUPPORTING,0.864,True,MIXED
SUSPECTED,SUPPORTING,0.855,True,MIXED
CONFIRMED,SUPPORTING,0.888,True,CRIMINAL
UNKNOWN,NEUTRAL,0.532,True,MIXED
FALSE,CONTRADICTING,0.238,True,CRIMINAL
CONFIRMED,SUPPORTING,0.876,True,CRIMINAL
UNKNOWN,NEUTRAL,0.378,True,CRIMINAL
UNKNOWN,NEUTRAL,0.319,True,CRIMINAL
UNKNOWN,NEUTRAL,0.455,True,CRIMINAL
SUSPECTED,SUPPORTING,0.663,True,CRIMINAL
FALSE,CONTRADICTING,0.297,True,CRIMINAL
CONFIRMED,SUPPORTING,0.844,True,CRIMINAL
CONFIRMED,SUPPORTING,0.864,True,CRIMINAL
UNKNOWN,NEUTRAL,0.412,True,LEGITIMATE
SUSPECTED,SUPPORTING,0.831,True,CRIMINAL
FALSE,CONTRADICTING,0.409,True,LEGITIMATE
SUSPECTED,SUPPORTING,0.816,True,CRIMINAL
UNKNOWN,NEUTRAL,0.527,True,AMBIGUOUS
SUSPECTED,SUPPORTING,0.684,True,MIXED
UNKNOWN,NEUTRAL,0.322,True,MIXED
SUSPECTED,SUPPORTING,0.706,True,MIXED
CONFIRMED,SUPPORTING,0.886,True,CRIMINAL
FALSE,CONTRADICTING,0.220,True,MIXED
FALSE,CONTRADICTING,0.306,True,CRIMINAL
FALSE,CONTRADICTING,0.155,True,CRIMINAL
SUSPECTED,SUPPORTING,0.698,True,MIXED
CONFIRMED,SUPPORTING,0.873,True,CRIMINAL
SUSPECTED,SUPPORTING,0.648,True,LEGITIMATE
FALSE,CONTRADICTING,0.284,True,CRIMINAL
UNKNOWN,NEUTRAL,0.306,True,LEGITIMATE
FALSE,CONTRADICTING,0.289,True,AMBIGUOUS
SUSPECTED,SUPPORTING,0.699,True,MIXED
SUSPECTED,SUPPORTING,0.855,True,CRIMINAL
SUSPECTED,SUPPORTING,0.771,True,CRIMINAL
SUSPECTED,SUPPORTING,0.846,True,AMBIGUOUS
CONFIRMED,SUPPORTING,0.946,True,CRIMINAL
CONFIRMED,SUPPORTING,0.953,True,MIXED
UNKNOWN,NEUTRAL,0.292,True,MIXED
SUSPECTED,SUPPORTING,0.800,True,LEGITIMATE
CONFIRMED,SUPPORTING,0.821,True,CRIMINAL
SUSPECTED,SUPPORTING,0.742,True,MIXED
UNKNOWN,NEUTRAL,0.487,True,CRIMINAL
SUSPECTED,SUPPORTING,0.793,True,LEGITIMATE
SUSPECTED,SUPPORTING,0.693,True,CRIMINAL
SUSPECTED,SUPPORTING,0.780,True,AMBIGUOUS
CONFIRMED,SUPPORTING,0.903,True,MIXED
CONFIRMED,SUPPORTING,0.820,True,CRIMINAL
UNKNOWN,NEUTRAL,0.426,True,CRIMINAL
CONFIRMED,SUPPORTING,0.823,True,CRIMINAL
FALSE,CONTRADICTING,0.380,True,AMBIGUOUS
SUSPECTED,SUPPORTING,0.703,True,CRIMINAL
SUSPECTED,SUPPORTING,0.839,True,AMBIGUOUS
CONFIRMED,SUPPORTING,0.924,True,CRIMINAL
CONFIRMED,SUPPORTING,0.986,True,LEGITIMATE
FALSE,CONTRADICTING,0.153,True,LEGITIMATE
SUSPECTED,SUPPORTING,0.821,True,AMBIGUOUS
CONFIRMED,SUPPORTING,0.955,True,CRIMINAL
UNKNOWN,NEUTRAL,0.393,True,MIXED
CONFIRMED,SUPPORTING,0.862,True,LEGITIMATE
FALSE,CONTRADICTING,0.142,True,CRIMINAL
SUSPECTED,SUPPORTING,0.710,True,AMBIGUOUS
CONFIRMED,SUPPORTING,0.924,True,MIXED
FALSE,CONTRADICTING,0.232,True,LEGITIMATE
SUSPECTED,SUPPORTING,0.846,True,MIXED
SUSPECTED,SUPPORTING,0.673,True,AMBIGUOUS
SUSPECTED,SUPPORTING,0.715,True,MIXED
UNKNOWN,NEUTRAL,0.480,True,MIXED
SUSPECTED,SUPPORTING,0.703,True,AMBIGUOUS
CONFIRMED,SUPPORTING,0.979,True,MIXED
FALSE,CONTRADICTING,0.364,True,AMBIGUOUS
SUSPECTED,SUPPORTING,0.757,True,LEGITIMATE
UNKNOWN,NEUTRAL,0.494,True,CRIMINAL
CONFIRMED,SUPPORTING,0.868,True,CRIMINAL
SUSPECTED,SUPPORTING,0.759,True,AMBIGUOUS
FALSE,CONTRADICTING,0.228,True,LEGITIMATE
UNKNOWN,NEUTRAL,0.485,True,LEGITIMATE
UNKNOWN,NEUTRAL,0.210,True,MIXED
SUSPECTED,SUPPORTING,0.801,True,LEGITIMATE
UNKNOWN,NEUTRAL,0.322,True,AMBIGUOUS
SUSPECTED,SUPPORTING,0.704,True,CRIMINAL
SUSPECTED,SUPPORTING,0.831,True,CRIMINAL
FALSE,CONTRADICTING,0.283,True,AMBIGUOUS
SUSPECTED,SUPPORTING,0.653,True,CRIMINAL
FALSE,CONTRADICTING,0.378,True,CRIMINAL
SUSPECTED,SUPPORTING,0.587,True,AMBIGUOUS
CONFIRMED,SUPPORTING,0.838,True,CRIMINAL
CONFIRMED,SUPPORTING,0.882,True,AMBIGUOUS
FALSE,CONTRADICTING,0.385,True,MIXED
UNKNOWN,NEUTRAL,0.260,True,LEGITIMATE
UNKNOWN,NEUTRAL,0.250,True,AMBIGUOUS
SUSPECTED,SUPPORTING,0.766,True,MIXED
FALSE,CONTRADICTING,0.390,True,AMBIGUOUS
UNKNOWN,NEUTRAL,0.207,True,LEGITIMATE
UNKNOWN,NEUTRAL,0.201,True,AMBIGUOUS
SUSPECTED,SUPPORTING,0.859,True,CRIMINAL
CONFIRMED,SUPPORTING,0.855,True,MIXED
FALSE,CONTRADICTING,0.298,True,LEGITIMATE
CONFIRMED,SUPPORTING,0.952,True,CRIMINAL
UNKNOWN,NEUTRAL,0.463,True,AMBIGUOUS
CONFIRMED,SUPPORTING,0.825,True,LEGITIMATE
SUSPECTED,SUPPORTING,0.615,True,AMBIGUOUS
SUSPECTED,SUPPORTING,0.801,True,CRIMINAL
CONFIRMED,SUPPORTING,0.823,True,CRIMINAL
UNKNOWN,NEUTRAL,0.467,True,LEGITIMATE
SUSPECTED,SUPPORTING,0.702,True,LEGITIMATE
CONFIRMED,SUPPORTING,0.952,True,MIXED
SUSPECTED,SUPPORTING,0.747,True,LEGITIMATE
SUSPECTED,SUPPORTING,0.768,True,MIXED
CONFIRMED,SUPPORTING,0.867,True,AMBIGUOUS
CONFIRMED,SUPPORTING,0.881,True,CRIMINAL
CONFIRMED,SUPPORTING,0.976,True,LEGITIMATE
CONFIRMED,SUPPORTING,0.858,True,AMBIGUOUS
SUSPECTED,SUPPORTING,0.604,True,MIXED
CONFIRMED,SUPPORTING,0.953,True,MIXED
SUSPECTED,SUPPORTING,0.772,True,AMBIGUOUS
CONFIRMED,SUPPORTING,0.826,True,MIXED
FALSE,CONTRADICTING,0.172,True,AMBIGUOUS
SUSPECTED,SUPPORTING,0.825,True,MIXED
SUSPECTED,SUPPORTING,0.766,True,CRIMINAL
SUSPECTED,SUPPORTING,0.620,True,CRIMINAL
CONFIRMED,SUPPORTING,0.957,True,CRIMINAL
SUSPECTED,SUPPORTING,0.801,True,MIXED
FALSE,CONTRADICTING,0.224,True,CRIMINAL
CONFIRMED,SUPPORTING,0.941,True,MIXED
CONFIRMED,SUPPORTING,0.856,True,AMBIGUOUS
CONFIRMED,SUPPORTING,0.974,True,CRIMINAL
SUSPECTED,SUPPORTING,0.782,True,MIXED
CONFIRMED,SUPPORTING,0.824,True,MIXED
SUSPECTED,SUPPORTING,0.643,True,MIXED
CONFIRMED,SUPPORTING,0.948,True,CRIMINAL
SUSPECTED,SUPPORTING,0.643,True,CRIMINAL
CONFIRMED,SUPPORTING,0.956,True,CRIMINAL
CONFIRMED,SUPPORTING,0.922,True,MIXED
SUSPECTED,SUPPORTING,0.860,True,LEGITIMATE
CONFIRMED,SUPPORTING,0.976,True,AMBIGUOUS
UNKNOWN,NEUTRAL,0.253,True,AMBIGUOUS
SUSPECTED,SUPPORTING,0.831,True,CRIMINAL
CONFIRMED,SUPPORTING,0.874,True,CRIMINAL
UNKNOWN,NEUTRAL,0.503,True,LEGITIMATE
SUSPECTED,SUPPORTING,0.691,True,MIXED
FALSE,CONTRADICTING,0.403,True,LEGITIMATE
CONFIRMED,SUPPORTING,0.949,True,CRIMINAL
FALSE,CONTRADICTING,0.408,True,LEGITIMATE
CONFIRMED,SUPPORTING,0.946,True,CRIMINAL
UNKNOWN,NEUTRAL,0.527,True,AMBIGUOUS
FALSE,CONTRADICTING,0.200,True,LEGITIMATE
CONFIRMED,SUPPORTING,0.861,True,CRIMINAL
CONFIRMED,SUPPORTING,0.928,True,CRIMINAL
UNKNOWN,NEUTRAL,0.349,True,AMBIGUOUS
CONFIRMED,SUPPORTING,0.917,True,CRIMINAL
FALSE,CONTRADICTING,0.172,True,MIXED
SUSPECTED,SUPPORTING,0.728,True,CRIMINAL
CONFIRMED,SUPPORTING,0.846,True,MIXED
CONFIRMED,SUPPORTING,0.924,True,MIXED
SUSPECTED,SUPPORTING,0.609,True,MIXED
CONFIRMED,SUPPORTING,0.971,True,CRIMINAL
CONFIRMED,SUPPORTING,0.928,True,CRIMINAL
FALSE,CONTRADICTING,0.253,True,CRIMINAL
UNKNOWN,NEUTRAL,0.473,True,CRIMINAL
SUSPECTED,SUPPORTING,0.749,True,LEGITIMATE
SUSPECTED,SUPPORTING,0.622,True,CRIMINAL
CONFIRMED,SUPPORTING,0.842,True,CRIMINAL
CONFIRMED,SUPPORTING,0.970,True,CRIMINAL
CONFIRMED,SUPPORTING,0.924,True,AMBIGUOUS
SUSPECTED,SUPPORTING,0.660,True,AMBIGUOUS
UNKNOWN,NEUTRAL,0.370,True,MIXED
UNKNOWN,NEUTRAL,0.485,True,AMBIGUOUS
CONFIRMED,SUPPORTING,0.923,True,MIXED
FALSE,CONTRADICTING,0.407,True,LEGITIMATE
SUSPECTED,SUPPORTING,0.672,True,CRIMINAL
SUSPECTED,SUPPORTING,0.852,True,CRIMINAL
SUSPECTED,SUPPORTING,0.739,True,CRIMINAL
SUSPECTED,SUPPORTING,0.696,True,CRIMINAL
CONFIRMED,SUPPORTING,0.963,True,CRIMINAL
FALSE,CONTRADICTING,0.284,True,CRIMINAL
SUSPECTED,SUPPORTING,0.728,True,LEGITIMATE
SUSPECTED,SUPPORTING,0.764,True,MIXED
FALSE,CONTRADICTING,0.395,True,AMBIGUOUS
CONFIRMED,SUPPORTING,0.955,True,CRIMINAL
FALSE,CONTRADICTING,0.168,True,LEGITIMATE
SUSPECTED,SUPPORTING,0.842,True,LEGITIMATE
SUSPECTED,SUPPORTING,0.657,True,MIXED
CONFIRMED,SUPPORTING,0.918,True,CRIMINAL
FALSE,CONTRADICTING,0.375,True,LEGITIMATE
UNKNOWN,NEUTRAL,0.379,True,MIXED
FALSE,CONTRADICTING,0.270,True,MIXED
UNKNOWN,NEUTRAL,0.501,True,CRIMINAL
SUSPECTED,SUPPORTING,0.725,True,LEGITIMATE
SUSPECTED,SUPPORTING,0.771,True,AMBIGUOUS
UNKNOWN,NEUTRAL,0.515,True,AMBIGUOUS
SUSPECTED,SUPPORTING,0.646,True,MIXED
FALSE,CONTRADICTING,0.416,True,LEGITIMATE
FALSE,CONTRADICTING,0.267,True,LEGITIMATE
CONFIRMED,SUPPORTING,0.919,True,CRIMINAL
FALSE,CONTRADICTING,0.171,True,MIXED
CONFIRMED,SUPPORTING,0.854,True,MIXED
SUSPECTED,SUPPORTING,0.745,True,MIXED
FALSE,CONTRADICTING,0.238,True,CRIMINAL
UNKNOWN,NEUTRAL,0.277,True,MIXED
CONFIRMED,SUPPORTING,0.948,True,CRIMINAL
FALSE,CONTRADICTING,0.247,True,LEGITIMATE
CONFIRMED,SUPPORTING,0.849,True,CRIMINAL
CONFIRMED,SUPPORTING,0.986,True,CRIMINAL
SUSPECTED,SUPPORTING,0.639,True,AMBIGUOUS
CONFIRMED,SUPPORTING,0.929,True,MIXED
FALSE,CONTRADICTING,0.261,True,AMBIGUOUS
CONFIRMED,SUPPORTING,0.896,True,AMBIGUOUS
SUSPECTED,SUPPORTING,0.663,True,MIXED
UNKNOWN,NEUTRAL,0.498,True,CRIMINAL
SUSPECTED,SUPPORTING,0.830,True,MIXED
UNKNOWN,NEUTRAL,0.287,True,MIXED
SUSPECTED,SUPPORTING,0.742,True,MIXED
CONFIRMED,SUPPORTING,0.874,True,MIXED
FALSE,CONTRADICTING,0.210,True,MIXED
UNKNOWN,NEUTRAL,0.293,True,MIXED
SUSPECTED,SUPPORTING,0.599,True,MIXED
CONFIRMED,SUPPORTING,0.932,True,MIXED
UNKNOWN,NEUTRAL,0.504,True,CRIMINAL
CONFIRMED,SUPPORTING,0.839,True,CRIMINAL
FALSE,CONTRADICTING,0.344,True,CRIMINAL
UNKNOWN,NEUTRAL,0.443,True,AMBIGUOUS
SUSPECTED,SUPPORTING,0.671,True,CRIMINAL
FALSE,CONTRADICTING,0.381,True,LEGITIMATE
CONFIRMED,SUPPORTING,0.840,True,AMBIGUOUS
UNKNOWN,NEUTRAL,0.532,True,AMBIGUOUS
CONFIRMED,SUPPORTING,0.982,True,CRIMINAL
UNKNOWN,NEUTRAL,0.255,True,CRIMINAL
CONFIRMED,SUPPORTING,0.866,True,LEGITIMATE
CONFIRMED,SUPPORTING,0.965,True,CRIMINAL
FALSE,CONTRADICTING,0.192,True,LEGITIMATE
CONFIRMED,SUPPORTING,0.830,True,CRIMINAL
UNKNOWN,NEUTRAL,0.234,True,CRIMINAL
SUSPECTED,SUPPORTING,0.717,True,MIXED
FALSE,CONTRADICTING,0.135,True,CRIMINAL
SUSPECTED,SUPPORTING,0.736,True,CRIMINAL
CONFIRMED,SUPPORTING,0.919,True,CRIMINAL
FALSE,CONTRADICTING,0.334,True,CRIMINAL
CONFIRMED,SUPPORTING,0.902,True,CRIMINAL
SUSPECTED,SUPPORTING,0.617,True,CRIMINAL
SUSPECTED,SUPPORTING,0.744,True,CRIMINAL
SUSPECTED,SUPPORTING,0.753,True,CRIMINAL
SUSPECTED,SUPPORTING,0.781,True,CRIMINAL
SUSPECTED,SUPPORTING,0.840,True,MIXED
SUSPECTED,SUPPORTING,0.625,True,MIXED
CONFIRMED,SUPPORTING,0.931,True,MIXED
CONFIRMED,SUPPORTING,0.978,True,MIXED
CONFIRMED,SUPPORTING,0.857,True,CRIMINAL
FALSE,CONTRADICTING,0.285,True,CRIMINAL
FALSE,CONTRADICTING,0.150,True,AMBIGUOUS
CONFIRMED,SUPPORTING,0.855,True,MIXED
CONFIRMED,SUPPORTING,0.859,True,CRIMINAL
FALSE,CONTRADICTING,0.179,True,CRIMINAL
SUSPECTED,SUPPORTING,0.596,True,CRIMINAL
SUSPECTED,SUPPORTING,0.785,True,MIXED
CONFIRMED,SUPPORTING,0.829,True,CRIMINAL
UNKNOWN,NEUTRAL,0.318,True,LEGITIMATE
FALSE,CONTRADICTING,0.189,True,CRIMINAL
CONFIRMED,SUPPORTING,0.864,True,CRIMINAL
UNKNOWN,NEUTRAL,0.542,True,CRIMINAL
SUSPECTED,SUPPORTING,0.637,True,MIXED
FALSE,CONTRADICTING,0.296,True,LEGITIMATE
FALSE,CONTRADICTING,0.243,True,AMBIGUOUS
SUSPECTED,SUPPORTING,0.596,True,LEGITIMATE
UNKNOWN,NEUTRAL,0.415,True,LEGITIMATE
FALSE,CONTRADICTING,0.390,True,LEGITIMATE
FALSE,CONTRADICTING,0.193,True,CRIMINAL
FALSE,CONTRADICTING,0.191,True,CRIMINAL
UNKNOWN,NEUTRAL,0.342,True,CRIMINAL
FALSE,CONTRADICTING,0.142,True,CRIMINAL
UNKNOWN,NEUTRAL,0.432,True,MIXED
UNKNOWN,NEUTRAL,0.245,True,CRIMINAL
CONFIRMED,SUPPORTING,0.950,True,CRIMINAL
CONFIRMED,SUPPORTING,0.835,True,CRIMINAL
UNKNOWN,NEUTRAL,0.533,True,MIXED
SUSPECTED,SUPPORTING,0.767,True,MIXED
CONFIRMED,SUPPORTING,0.880,True,CRIMINAL
SUSPECTED,SUPPORTING,0.618,True,LEGITIMATE
UNKNOWN,NEUTRAL,0.320,True,CRIMINAL
UNKNOWN,NEUTRAL,0.363,True,CRIMINAL
CONFIRMED,SUPPORTING,0.937,True,CRIMINAL
FALSE,CONTRADICTING,0.130,True,LEGITIMATE
SUSPECTED,SUPPORTING,0.696,True,MIXED
SUSPECTED,SUPPORTING,0.716,True,LEGITIMATE
SUSPECTED,SUPPORTING,0.625,True,LEGITIMATE
SUSPECTED,SUPPORTING,0.655,True,AMBIGUOUS
UNKNOWN,NEUTRAL,0.517,True,MIXED
UNKNOWN,NEUTRAL,0.328,True,MIXED
CONFIRMED,SUPPORTING,0.985,True,CRIMINAL
SUSPECTED,SUPPORTING,0.604,True,CRIMINAL
FALSE,CONTRADICTING,0.275,True,LEGITIMATE
CONFIRMED,SUPPORTING,0.939,True,CRIMINAL
UNKNOWN,NEUTRAL,0.363,True,CRIMINAL
CONFIRMED,SUPPORTING,0.912,True,MIXED
UNKNOWN,NEUTRAL,0.317,True,LEGITIMATE
CONFIRMED,SUPPORTING,0.922,True,AMBIGUOUS
SUSPECTED,SUPPORTING,0.818,True,AMBIGUOUS
UNKNOWN,NEUTRAL,0.437,True,CRIMINAL
FALSE,CONTRADICTING,0.198,True,CRIMINAL
SUSPECTED,SUPPORTING,0.624,True,CRIMINAL
CONFIRMED,SUPPORTING,0.982,True,AMBIGUOUS
CONFIRMED,SUPPORTING,0.838,True,CRIMINAL
UNKNOWN,NEUTRAL,0.536,True,LEGITIMATE
CONFIRMED,SUPPORTING,0.827,True,CRIMINAL
UNKNOWN,NEUTRAL,0.527,True,CRIMINAL
SUSPECTED,SUPPORTING,0.615,True,MIXED
UNKNOWN,NEUTRAL,0.527,True,AMBIGUOUS
FALSE,CONTRADICTING,0.222,True,AMBIGUOUS
UNKNOWN,NEUTRAL,0.250,True,CRIMINAL
SUSPECTED,SUPPORTING,0.827,True,CRIMINAL
CONFIRMED,SUPPORTING,0.940,True,MIXED
UNKNOWN,NEUTRAL,0.369,True,MIXED
FALSE,CONTRADICTING,0.189,True,CRIMINAL
CONFIRMED,SUPPORTING,0.948,True,LEGITIMATE
SUSPECTED,SUPPORTING,0.636,True,CRIMINAL
SUSPECTED,SUPPORTING,0.592,True,CRIMINAL
UNKNOWN,NEUTRAL,0.234,True,LEGITIMATE
SUSPECTED,SUPPORTING,0.766,True,CRIMINAL
UNKNOWN,NEUTRAL,0.424,True,CRIMINAL
SUSPECTED,SUPPORTING,0.698,True,CRIMINAL
CONFIRMED,SUPPORTING,0.843,True,CRIMINAL
FALSE,CONTRADICTING,0.282,True,LEGITIMATE
FALSE,CONTRADICTING,0.135,True,LEGITIMATE
UNKNOWN,NEUTRAL,0.335,True,LEGITIMATE
FALSE,CONTRADICTING,0.340,True,LEGITIMATE
FALSE,CONTRADICTING,0.313,True,MIXED
SUSPECTED,SUPPORTING,0.834,True,CRIMINAL
SUSPECTED,SUPPORTING,0.611,True,LEGITIMATE
SUSPECTED,SUPPORTING,0.796,True,AMBIGUOUS
FALSE,CONTRADICTING,0.239,True,CRIMINAL
CONFIRMED,SUPPORTING,0.845,True,AMBIGUOUS
UNKNOWN,NEUTRAL,0.308,True,MIXED
UNKNOWN,NEUTRAL,0.443,True,CRIMINAL
UNKNOWN,NEUTRAL,0.290,True,MIXED
FALSE,CONTRADICTING,0.140,True,CRIMINAL
UNKNOWN,NEUTRAL,0.394,True,MIXED
UNKNOWN,NEUTRAL,0.271,True,CRIMINAL
CONFIRMED,SUPPORTING,0.984,True,LEGITIMATE
UNKNOWN,NEUTRAL,0.392,True,LEGITIMATE
CONFIRMED,SUPPORTING,0.854,True,MIXED
UNKNOWN,NEUTRAL,0.451,True,CRIMINAL
CONFIRMED,SUPPORTING,0.831,True,MIXED
SUSPECTED,SUPPORTING,0.778,True,LEGITIMATE
FALSE,CONTRADICTING,0.264,True,CRIMINAL
SUSPECTED,SUPPORTING,0.836,True,AMBIGUOUS
CONFIRMED,SUPPORTING,0.990,True,AMBIGUOUS
CONFIRMED,SUPPORTING,0.856,True,MIXED
UNKNOWN,NEUTRAL,0.308,True,MIXED
UNKNOWN,NEUTRAL,0.363,True,CRIMINAL
UNKNOWN,NEUTRAL,0.298,True,LEGITIMATE
SUSPECTED,SUPPORTING,0.802,True,AMBIGUOUS
FALSE,CONTRADICTING,0.335,True,CRIMINAL
UNKNOWN,NEUTRAL,0.441,True,CRIMINAL
SUSPECTED,SUPPORTING,0.675,True,CRIMINAL
CONFIRMED,SUPPORTING,0.981,True,CRIMINAL
CONFIRMED,SUPPORTING,0.908,True,MIXED
UNKNOWN,NEUTRAL,0.311,True,MIXED
CONFIRMED,SUPPORTING,0.982,True,CRIMINAL
UNKNOWN,NEUTRAL,0.413,True,MIXED
CONFIRMED,SUPPORTING,0.831,True,CRIMINAL
SUSPECTED,SUPPORTING,0.650,True,CRIMINAL
UNKNOWN,NEUTRAL,0.414,True,AMBIGUOUS
SUSPECTED,SUPPORTING,0.850,True,LEGITIMATE
UNKNOWN,NEUTRAL,0.254,True,CRIMINAL
UNKNOWN,NEUTRAL,0.235,True,CRIMINAL
UNKNOWN,NEUTRAL,0.494,True,AMBIGUOUS
SUSPECTED,SUPPORTING,0.746,True,CRIMINAL
UNKNOWN,NEUTRAL,0.431,True,CRIMINAL
UNKNOWN,NEUTRAL,0.372,True,MIXED
UNKNOWN,NEUTRAL,0.252,True,LEGITIMATE
SUSPECTED,SUPPORTING,0.842,True,CRIMINAL
FALSE,CONTRADICTING,0.198,True,MIXED
SUSPECTED,SUPPORTING,0.840,True,CRIMINAL
CONFIRMED,SUPPORTING,0.829,True,MIXED
CONFIRMED,SUPPORTING,0.840,True,CRIMINAL
UNKNOWN,NEUTRAL,0.548,True,MIXED
UNKNOWN,NEUTRAL,0.251,True,MIXED
FALSE,CONTRADICTING,0.332,True,LEGITIMATE
UNKNOWN,NEUTRAL,0.277,True,LEGITIMATE
FALSE,CONTRADICTING,0.373,True,MIXED
UNKNOWN,NEUTRAL,0.357,True,AMBIGUOUS
SUSPECTED,SUPPORTING,0.605,True,MIXED
SUSPECTED,SUPPORTING,0.684,True,LEGITIMATE
UNKNOWN,NEUTRAL,0.365,True,CRIMINAL
SUSPECTED,SUPPORTING,0.798,True,MIXED
CONFIRMED,SUPPORTING,0.952,True,CRIMINAL
SUSPECTED,SUPPORTING,0.702,True,CRIMINAL
SUSPECTED,SUPPORTING,0.770,True,MIXED
UNKNOWN,NEUTRAL,0.411,True,LEGITIMATE
SUSPECTED,SUPPORTING,0.731,True,MIXED
SUSPECTED,SUPPORTING,0.621,True,AMBIGUOUS
CONFIRMED,SUPPORTING,0.853,True,MIXED
FALSE,CONTRADICTING,0.229,True,MIXED
CONFIRMED,SUPPORTING,0.870,True,CRIMINAL
UNKNOWN,NEUTRAL,0.538,True,LEGITIMATE
SUSPECTED,SUPPORTING,0.653,True,AMBIGUOUS
UNKNOWN,NEUTRAL,0.292,True,CRIMINAL
SUSPECTED,SUPPORTING,0.701,True,CRIMINAL
UNKNOWN,NEUTRAL,0.204,True,LEGITIMATE
SUSPECTED,SUPPORTING,0.634,True,MIXED
SUSPECTED,SUPPORTING,0.713,True,AMBIGUOUS
SUSPECTED,SUPPORTING,0.761,True,CRIMINAL
SUSPECTED,SUPPORTING,0.751,True,CRIMINAL
FALSE,CONTRADICTING,0.163,True,AMBIGUOUS
SUSPECTED,SUPPORTING,0.859,True,CRIMINAL
SUSPECTED,SUPPORTING,0.766,True,MIXED
SUSPECTED,SUPPORTING,0.851,True,MIXED
UNKNOWN,NEUTRAL,0.301,True,LEGITIMATE
SUSPECTED,SUPPORTING,0.792,True,CRIMINAL
UNKNOWN,NEUTRAL,0.378,True,CRIMINAL
UNKNOWN,NEUTRAL,0.507,True,AMBIGUOUS
SUSPECTED,SUPPORTING,0.802,True,MIXED
FALSE,CONTRADICTING,0.284,True,CRIMINAL
CONFIRMED,SUPPORTING,0.967,True,MIXED
CONFIRMED,SUPPORTING,0.888,True,MIXED
CONFIRMED,SUPPORTING,0.852,True,MIXED
UNKNOWN,NEUTRAL,0.278,True,MIXED
FALSE,CONTRADICTING,0.235,True,CRIMINAL
UNKNOWN,NEUTRAL,0.243,True,AMBIGUOUS
SUSPECTED,SUPPORTING,0.697,True,CRIMINAL
CONFIRMED,SUPPORTING,0.868,True,CRIMINAL
FALSE,CONTRADICTING,0.242,True,LEGITIMATE
UNKNOWN,NEUTRAL,0.533,True,CRIMINAL
CONFIRMED,SUPPORTING,0.898,True,CRIMINAL
UNKNOWN,NEUTRAL,0.506,True,MIXED
SUSPECTED,SUPPORTING,0.748,True,MIXED
CONFIRMED,SUPPORTING,0.840,True,LEGITIMATE
UNKNOWN,NEUTRAL,0.438,True,CRIMINAL
FALSE,CONTRADICTING,0.191,True,LEGITIMATE
FALSE,CONTRADICTING,0.196,True,CRIMINAL
SUSPECTED,SUPPORTING,0.732,True,AMBIGUOUS
CONFIRMED,SUPPORTING,0.888,True,CRIMINAL
FALSE,CONTRADICTING,0.258,True,MIXED
SUSPECTED,SUPPORTING,0.682,True,AMBIGUOUS
CONFIRMED,SUPPORTING,0.925,True,MIXED
UNKNOWN,NEUTRAL,0.375,True,MIXED
FALSE,CONTRADICTING,0.123,True,MIXED
SUSPECTED,SUPPORTING,0.785,True,LEGITIMATE
UNKNOWN,NEUTRAL,0.475,True,LEGITIMATE
UNKNOWN,NEUTRAL,0.266,True,CRIMINAL
UNKNOWN,NEUTRAL,0.385,True,LEGITIMATE
SUSPECTED,SUPPORTING,0.753,True,AMBIGUOUS
SUSPECTED,SUPPORTING,0.696,True,AMBIGUOUS
UNKNOWN,NEUTRAL,0.293,True,AMBIGUOUS
CONFIRMED,SUPPORTING,0.963,True,CRIMINAL
CONFIRMED,SUPPORTING,0.846,True,MIXED
SUSPECTED,SUPPORTING,0.799,True,LEGITIMATE
FALSE,CONTRADICTING,0.410,True,CRIMINAL
UNKNOWN,NEUTRAL,0.224,True,CRIMINAL
SUSPECTED,SUPPORTING,0.735,True,CRIMINAL
UNKNOWN,NEUTRAL,0.528,True,MIXED
CONFIRMED,SUPPORTING,0.931,True,CRIMINAL
FALSE,CONTRADICTING,0.410,True,LEGITIMATE
UNKNOWN,NEUTRAL,0.546,True,MIXED
FALSE,CONTRADICTING,0.272,True,CRIMINAL
CONFIRMED,SUPPORTING,0.966,True,LEGITIMATE
SUSPECTED,SUPPORTING,0.641,True,CRIMINAL
SUSPECTED,SUPPORTING,0.712,True,LEGITIMATE
SUSPECTED,SUPPORTING,0.703,True,LEGITIMATE
SUSPECTED,SUPPORTING,0.692,True,CRIMINAL
CONFIRMED,SUPPORTING,0.920,True,CRIMINAL
FALSE,CONTRADICTING,0.349,True,LEGITIMATE
FALSE,CONTRADICTING,0.339,True,LEGITIMATE
UNKNOWN,NEUTRAL,0.361,True,CRIMINAL
CONFIRMED,SUPPORTING,0.977,True,CRIMINAL
SUSPECTED,SUPPORTING,0.801,True,MIXED
UNKNOWN,NEUTRAL,0.299,True,MIXED
FALSE,CONTRADICTING,0.335,True,MIXED
UNKNOWN,NEUTRAL,0.311,True,LEGITIMATE
FALSE,CONTRADICTING,0.367,True,MIXED
UNKNOWN,NEUTRAL,0.467,True,CRIMINAL
UNKNOWN,NEUTRAL,0.284,True,LEGITIMATE
FALSE,CONTRADICTING,0.166,True,AMBIGUOUS
FALSE,CONTRADICTING,0.418,True,CRIMINAL
UNKNOWN,NEUTRAL,0.211,True,MIXED
UNKNOWN,NEUTRAL,0.330,True,MIXED
SUSPECTED,SUPPORTING,0.778,True,CRIMINAL
UNKNOWN,NEUTRAL,0.332,True,MIXED
SUSPECTED,SUPPORTING,0.744,True,LEGITIMATE
UNKNOWN,NEUTRAL,0.244,True,MIXED
FALSE,CONTRADICTING,0.227,True,MIXED
CONFIRMED,SUPPORTING,0.847,True,CRIMINAL
UNKNOWN,NEUTRAL,0.309,True,CRIMINAL
FALSE,CONTRADICTING,0.404,True,CRIMINAL
UNKNOWN,NEUTRAL,0.307,True,MIXED
UNKNOWN,NEUTRAL,0.246,True,AMBIGUOUS
SUSPECTED,SUPPORTING,0.600,True,LEGITIMATE
SUSPECTED,SUPPORTING,0.819,True,AMBIGUOUS
FALSE,CONTRADICTING,0.395,True,CRIMINAL
SUSPECTED,SUPPORTING,0.620,True,LEGITIMATE
FALSE,CONTRADICTING,0.326,True,CRIMINAL
CONFIRMED,SUPPORTING,0.987,True,LEGITIMATE
FALSE,CONTRADICTING,0.372,True,AMBIGUOUS
CONFIRMED,SUPPORTING,0.899,True,CRIMINAL
UNKNOWN,NEUTRAL,0.505,True,LEGITIMATE
CONFIRMED,SUPPORTING,0.988,True,CRIMINAL
FALSE,CONTRADICTING,0.360,True,CRIMINAL
SUSPECTED,SUPPORTING,0.784,True,AMBIGUOUS
CONFIRMED,SUPPORTING,0.880,True,LEGITIMATE
UNKNOWN,NEUTRAL,0.342,True,LEGITIMATE
UNKNOWN,NEUTRAL,0.288,True,MIXED
FALSE,CONTRADICTING,0.286,True,MIXED
CONFIRMED,SUPPORTING,0.920,True,MIXED
UNKNOWN,NEUTRAL,0.239,True,CRIMINAL
FALSE,CONTRADICTING,0.374,True,LEGITIMATE
SUSPECTED,SUPPORTING,0.847,True,LEGITIMATE
SUSPECTED,SUPPORTING,0.581,True,MIXED
UNKNOWN,NEUTRAL,0.392,True,LEGITIMATE
SUSPECTED,SUPPORTING,0.681,True,AMBIGUOUS
SUSPECTED,SUPPORTING,0.728,True,LEGITIMATE
FALSE,CONTRADICTING,0.381,True,CRIMINAL
SUSPECTED,SUPPORTING,0.630,True,AMBIGUOUS
SUSPECTED,SUPPORTING,0.620,True,MIXED
CONFIRMED,SUPPORTING,0.942,True,MIXED
UNKNOWN,NEUTRAL,0.223,True,LEGITIMATE
SUSPECTED,SUPPORTING,0.670,True,MIXED
CONFIRMED,SUPPORTING,0.921,True,MIXED
UNKNOWN,NEUTRAL,0.284,True,MIXED
FALSE,CONTRADICTING,0.351,True,CRIMINAL
FALSE,CONTRADICTING,0.304,True,CRIMINAL
CONFIRMED,SUPPORTING,0.930,True,CRIMINAL
UNKNOWN,NEUTRAL,0.383,True,CRIMINAL
FALSE,CONTRADICTING,0.398,True,AMBIGUOUS
CONFIRMED,SUPPORTING,0.847,True,AMBIGUOUS
CONFIRMED,SUPPORTING,0.844,True,MIXED
CONFIRMED,SUPPORTING,0.871,True,CRIMINAL
SUSPECTED,SUPPORTING,0.726,True,CRIMINAL
UNKNOWN,NEUTRAL,0.344,True,CRIMINAL
CONFIRMED,SUPPORTING,0.851,True,LEGITIMATE
SUSPECTED,SUPPORTING,0.824,True,AMBIGUOUS
SUSPECTED,SUPPORTING,0.720,True,MIXED
FALSE,CONTRADICTING,0.399,True,AMBIGUOUS
SUSPECTED,SUPPORTING,0.648,True,CRIMINAL
FALSE,CONTRADICTING,0.191,True,MIXED
SUSPECTED,SUPPORTING,0.612,True,CRIMINAL
CONFIRMED,SUPPORTING,0.978,True,MIXED
SUSPECTED,SUPPORTING,0.659,True,CRIMINAL
CONFIRMED,SUPPORTING,0.843,True,CRIMINAL
CONFIRMED,SUPPORTING,0.983,True,CRIMINAL
FALSE,CONTRADICTING,0.402,True,LEGITIMATE
UNKNOWN,NEUTRAL,0.496,True,MIXED
SUSPECTED,SUPPORTING,0.693,True,AMBIGUOUS
UNKNOWN,NEUTRAL,0.381,True,CRIMINAL
CONFIRMED,SUPPORTING,0.845,True,CRIMINAL
SUSPECTED,SUPPORTING,0.687,True,CRIMINAL
CONFIRMED,SUPPORTING,0.884,True,CRIMINAL
UNKNOWN,NEUTRAL,0.499,True,MIXED
SUSPECTED,SUPPORTING,0.624,True,CRIMINAL
CONFIRMED,SUPPORTING,0.857,True,CRIMINAL
UNKNOWN,NEUTRAL,0.337,True,MIXED
FALSE,CONTRADICTING,0.279,True,CRIMINAL
CONFIRMED,SUPPORTING,0.900,True,MIXED
CONFIRMED,SUPPORTING,0.870,True,CRIMINAL
FALSE,CONTRADICTING,0.379,True,CRIMINAL
UNKNOWN,NEUTRAL,0.486,True,MIXED
FALSE,CONTRADICTING,0.175,True,AMBIGUOUS
CONFIRMED,SUPPORTING,0.845,True,AMBIGUOUS
CONFIRMED,SUPPORTING,0.916,True,CRIMINAL
CONFIRMED,SUPPORTING,0.940,True,CRIMINAL
UNKNOWN,NEUTRAL,0.270,True,LEGITIMATE
CONFIRMED,SUPPORTING,0.983,True,CRIMINAL
SUSPECTED,SUPPORTING,0.679,True,AMBIGUOUS
CONFIRMED,SUPPORTING,0.885,True,CRIMINAL
SUSPECTED,SUPPORTING,0.642,True,CRIMINAL
SUSPECTED,SUPPORTING,0.600,True,CRIMINAL
SUSPECTED,SUPPORTING,0.733,True,CRIMINAL
CONFIRMED,SUPPORTING,0.868,True,CRIMINAL
SUSPECTED,SUPPORTING,0.826,True,LEGITIMATE
SUSPECTED,SUPPORTING,0.663,True,LEGITIMATE
SUSPECTED,SUPPORTING,0.813,True,AMBIGUOUS
UNKNOWN,NEUTRAL,0.369,True,AMBIGUOUS
UNKNOWN,NEUTRAL,0.409,True,AMBIGUOUS
UNKNOWN,NEUTRAL,0.265,True,LEGITIMATE
CONFIRMED,SUPPORTING,0.854,True,AMBIGUOUS
FALSE,CONTRADICTING,0.234,True,CRIMINAL
UNKNOWN,NEUTRAL,0.310,True,MIXED
SUSPECTED,SUPPORTING,0.742,True,AMBIGUOUS
SUSPECTED,SUPPORTING,0.830,True,CRIMINAL
CONFIRMED,SUPPORTING,0.840,True,AMBIGUOUS
UNKNOWN,NEUTRAL,0.423,True,LEGITIMATE
SUSPECTED,SUPPORTING,0.684,True,CRIMINAL
SUSPECTED,SUPPORTING,0.620,True,CRIMINAL
SUSPECTED,SUPPORTING,0.804,True,MIXED
SUSPECTED,SUPPORTING,0.818,True,LEGITIMATE
FALSE,CONTRADICTING,0.394,True,AMBIGUOUS
SUSPECTED,SUPPORTING,0.699,True,CRIMINAL
SUSPECTED,SUPPORTING,0.740,True,CRIMINAL
FALSE,CONTRADICTING,0.401,True,LEGITIMATE
CONFIRMED,SUPPORTING,0.877,True,CRIMINAL
UNKNOWN,NEUTRAL,0.278,True,MIXED
SUSPECTED,SUPPORTING,0.659,True,MIXED
UNKNOWN,NEUTRAL,0.218,True,AMBIGUOUS
CONFIRMED,SUPPORTING,0.936,True,MIXED
CONFIRMED,SUPPORTING,0.864,True,LEGITIMATE
SUSPECTED,SUPPORTING,0.616,True,CRIMINAL
SUSPECTED,SUPPORTING,0.809,True,CRIMINAL
CONFIRMED,SUPPORTING,0.863,True,CRIMINAL
UNKNOWN,NEUTRAL,0.432,True,MIXED
UNKNOWN,NEUTRAL,0.300,True,CRIMINAL
UNKNOWN,NEUTRAL,0.481,True,MIXED
UNKNOWN,NEUTRAL,0.504,True,MIXED
UNKNOWN,NEUTRAL,0.478,True,MIXED
UNKNOWN,NEUTRAL,0.406,True,LEGITIMATE
FALSE,CONTRADICTING,0.269,True,LEGITIMATE
CONFIRMED,SUPPORTING,0.972,True,MIXED
SUSPECTED,SUPPORTING,0.593,True,CRIMINAL
UNKNOWN,NEUTRAL,0.471,True,MIXED
SUSPECTED,SUPPORTING,0.703,True,LEGITIMATE
UNKNOWN,NEUTRAL,0.222,True,LEGITIMATE
SUSPECTED,SUPPORTING,0.824,True,AMBIGUOUS
UNKNOWN,NEUTRAL,0.211,True,LEGITIMATE
SUSPECTED,SUPPORTING,0.589,True,AMBIGUOUS
SUSPECTED,SUPPORTING,0.693,True,CRIMINAL
SUSPECTED,SUPPORTING,0.595,True,CRIMINAL
UNKNOWN,NEUTRAL,0.368,True,MIXED
SUSPECTED,SUPPORTING,0.845,True,AMBIGUOUS
CONFIRMED,SUPPORTING,0.960,True,AMBIGUOUS
CONFIRMED,SUPPORTING,0.933,True,MIXED
UNKNOWN,NEUTRAL,0.535,True,LEGITIMATE
SUSPECTED,SUPPORTING,0.700,True,CRIMINAL
SUSPECTED,SUPPORTING,0.780,True,CRIMINAL
UNKNOWN,NEUTRAL,0.370,True,LEGITIMATE
UNKNOWN,NEUTRAL,0.238,True,LEGITIMATE
CONFIRMED,SUPPORTING,0.907,True,MIXED
UNKNOWN,NEUTRAL,0.478,True,MIXED
FALSE,CONTRADICTING,0.238,True,AMBIGUOUS
CONFIRMED,SUPPORTING,0.824,True,LEGITIMATE
SUSPECTED,SUPPORTING,0.786,True,MIXED
SUSPECTED,SUPPORTING,0.638,True,CRIMINAL
UNKNOWN,NEUTRAL,0.403,True,CRIMINAL
CONFIRMED,SUPPORTING,0.893,True,MIXED
SUSPECTED,SUPPORTING,0.849,True,MIXED
CONFIRMED,SUPPORTING,0.871,True,MIXED
SUSPECTED,SUPPORTING,0.853,True,AMBIGUOUS
CONFIRMED,SUPPORTING,0.977,True,AMBIGUOUS
SUSPECTED,SUPPORTING,0.748,True,CRIMINAL
SUSPECTED,SUPPORTING,0.707,True,LEGITIMATE
SUSPECTED,SUPPORTING,0.822,True,CRIMINAL
CONFIRMED,SUPPORTING,0.963,True,CRIMINAL
SUSPECTED,SUPPORTING,0.724,True,CRIMINAL
CONFIRMED,SUPPORTING,0.899,True,MIXED
CONFIRMED,SUPPORTING,0.876,True,CRIMINAL
UNKNOWN,NEUTRAL,0.397,True,LEGITIMATE
FALSE,CONTRADICTING,0.121,True,CRIMINAL
SUSPECTED,SUPPORTING,0.628,True,CRIMINAL
SUSPECTED,SUPPORTING,0.808,True,MIXED
FALSE,CONTRADICTING,0.134,True,LEGITIMATE
CONFIRMED,SUPPORTING,0.887,True,LEGITIMATE
CONFIRMED,SUPPORTING,0.848,True,AMBIGUOUS
SUSPECTED,SUPPORTING,0.629,True,LEGITIMATE
UNKNOWN,NEUTRAL,0.299,True,CRIMINAL
CONFIRMED,SUPPORTING,0.953,True,CRIMINAL
SUSPECTED,SUPPORTING,0.725,True,CRIMINAL
UNKNOWN,NEUTRAL,0.267,True,LEGITIMATE
SUSPECTED,SUPPORTING,0.703,True,MIXED
UNKNOWN,NEUTRAL,0.209,True,LEGITIMATE
CONFIRMED,SUPPORTING,0.848,True,CRIMINAL
SUSPECTED,SUPPORTING,0.759,True,CRIMINAL
CONFIRMED,SUPPORTING,0.854,True,CRIMINAL
UNKNOWN,NEUTRAL,0.468,True,MIXED
CONFIRMED,SUPPORTING,0.898,True,AMBIGUOUS
UNKNOWN,NEUTRAL,0.324,True,LEGITIMATE
UNKNOWN,NEUTRAL,0.412,True,LEGITIMATE
CONFIRMED,SUPPORTING,0.830,True,MIXED
SUSPECTED,SUPPORTING,0.810,True,CRIMINAL
SUSPECTED,SUPPORTING,0.828,True,MIXED
SUSPECTED,SUPPORTING,0.698,True,CRIMINAL
SUSPECTED,SUPPORTING,0.700,True,CRIMINAL
SUSPECTED,SUPPORTING,0.798,True,CRIMINAL
SUSPECTED,SUPPORTING,0.659,True,CRIMINAL
FALSE,CONTRADICTING,0.136,True,LEGITIMATE
SUSPECTED,SUPPORTING,0.748,True,AMBIGUOUS
UNKNOWN,NEUTRAL,0.435,True,AMBIGUOUS
SUSPECTED,SUPPORTING,0.714,True,MIXED
CONFIRMED,SUPPORTING,0.922,True,LEGITIMATE
UNKNOWN,NEUTRAL,0.367,True,LEGITIMATE
CONFIRMED,SUPPORTING,0.960,True,MIXED
FALSE,CONTRADICTING,0.345,True,LEGITIMATE
FALSE,CONTRADICTING,0.406,True,MIXED
SUSPECTED,SUPPORTING,0.709,True,AMBIGUOUS
FALSE,CONTRADICTING,0.281,True,CRIMINAL
SUSPECTED,SUPPORTING,0.781,True,MIXED
FALSE,CONTRADICTING,0.336,True,LEGITIMATE
UNKNOWN,NEUTRAL,0.521,True,LEGITIMATE
FALSE,CONTRADICTING,0.129,True,CRIMINAL
UNKNOWN,NEUTRAL,0.280,True,MIXED
FALSE,CONTRADICTING,0.327,True,MIXED
FALSE,CONTRADICTING,0.200,True,CRIMINAL
CONFIRMED,SUPPORTING,0.968,True,CRIMINAL
FALSE,CONTRADICTING,0.384,True,CRIMINAL
SUSPECTED,SUPPORTING,0.797,True,MIXED
UNKNOWN,NEUTRAL,0.538,True,CRIMINAL
FALSE,CONTRADICTING,0.389,True,MIXED
FALSE,CONTRADICTING,0.130,True,LEGITIMATE
SUSPECTED,SUPPORTING,0.842,True,CRIMINAL
FALSE,CONTRADICTING,0.213,True,CRIMINAL
FALSE,CONTRADICTING,0.337,True,MIXED
SUSPECTED,SUPPORTING,0.657,True,LEGITIMATE
CONFIRMED,SUPPORTING,0.931,True,CRIMINAL
UNKNOWN,NEUTRAL,0.268,True,MIXED
FALSE,CONTRADICTING,0.142,True,MIXED
SUSPECTED,SUPPORTING,0.682,True,AMBIGUOUS
UNKNOWN,NEUTRAL,0.452,True,AMBIGUOUS
SUSPECTED,SUPPORTING,0.694,True,CRIMINAL
CONFIRMED,SUPPORTING,0.922,True,CRIMINAL
SUSPECTED,SUPPORTING,0.664,True,CRIMINAL
SUSPECTED,SUPPORTING,0.599,True,CRIMINAL
CONFIRMED,SUPPORTING,0.833,True,CRIMINAL
FALSE,CONTRADICTING,0.418,True,LEGITIMATE
SUSPECTED,SUPPORTING,0.690,True,MIXED
SUSPECTED,SUPPORTING,0.634,True,CRIMINAL
FALSE,CONTRADICTING,0.410,True,MIXED
CONFIRMED,SUPPORTING,0.984,True,CRIMINAL
CONFIRMED,SUPPORTING,0.889,True,MIXED
SUSPECTED,SUPPORTING,0.749,True,AMBIGUOUS
SUSPECTED,SUPPORTING,0.668,True,LEGITIMATE
SUSPECTED,SUPPORTING,0.601,True,MIXED
SUSPECTED,SUPPORTING,0.845,True,CRIMINAL
UNKNOWN,NEUTRAL,0.427,True,MIXED
UNKNOWN,NEUTRAL,0.263,True,CRIMINAL
SUSPECTED,SUPPORTING,0.701,True,CRIMINAL
CONFIRMED,SUPPORTING,0.967,True,LEGITIMATE
SUSPECTED,SUPPORTING,0.671,True,LEGITIMATE
CONFIRMED,SUPPORTING,0.978,True,CRIMINAL
SUSPECTED,SUPPORTING,0.766,True,CRIMINAL
SUSPECTED,SUPPORTING,0.801,True,CRIMINAL
SUSPECTED,SUPPORTING,0.860,True,CRIMINAL
FALSE,CONTRADICTING,0.299,True,MIXED
CONFIRMED,SUPPORTING,0.917,True,CRIMINAL
UNKNOWN,NEUTRAL,0.320,True,MIXED
CONFIRMED,SUPPORTING,0.841,True,MIXED
CONFIRMED,SUPPORTING,0.879,True,AMBIGUOUS
UNKNOWN,NEUTRAL,0.326,True,AMBIGUOUS
UNKNOWN,NEUTRAL,0.455,True,MIXED
UNKNOWN,NEUTRAL,0.501,True,AMBIGUOUS
UNKNOWN,NEUTRAL,0.478,True,MIXED
FALSE,CONTRADICTING,0.252,True,MIXED
FALSE,CONTRADICTING,0.339,True,LEGITIMATE
FALSE,CONTRADICTING,0.315,True,CRIMINAL
FALSE,CONTRADICTING,0.152,True,AMBIGUOUS
CONFIRMED,SUPPORTING,0.910,True,CRIMINAL
UNKNOWN,NEUTRAL,0.438,True,MIXED
SUSPECTED,SUPPORTING,0.665,True,MIXED
SUSPECTED,SUPPORTING,0.750,True,CRIMINAL
FALSE,CONTRADICTING,0.121,True,MIXED
CONFIRMED,SUPPORTING,0.898,True,LEGITIMATE
FALSE,CONTRADICTING,0.398,True,MIXED
SUSPECTED,SUPPORTING,0.773,True,CRIMINAL
SUSPECTED,SUPPORTING,0.824,True,CRIMINAL
FALSE,CONTRADICTING,0.249,True,MIXED
UNKNOWN,NEUTRAL,0.238,True,CRIMINAL
SUSPECTED,SUPPORTING,0.755,True,MIXED
UNKNOWN,NEUTRAL,0.278,True,AMBIGUOUS
UNKNOWN,NEUTRAL,0.250,True,CRIMINAL
SUSPECTED,SUPPORTING,0.776,True,CRIMINAL
FALSE,CONTRADICTING,0.352,True,CRIMINAL
SUSPECTED,SUPPORTING,0.799,True,LEGITIMATE
UNKNOWN,NEUTRAL,0.393,True,AMBIGUOUS
FALSE,CONTRADICTING,0.337,True,MIXED
CONFIRMED,SUPPORTING,0.889,True,CRIMINAL
UNKNOWN,NEUTRAL,0.473,True,AMBIGUOUS
FALSE,CONTRADICTING,0.284,True,LEGITIMATE
UNKNOWN,NEUTRAL,0.535,True,AMBIGUOUS
SUSPECTED,SUPPORTING,0.850,True,MIXED
UNKNOWN,NEUTRAL,0.248,True,CRIMINAL
SUSPECTED,SUPPORTING,0.836,True,CRIMINAL
SUSPECTED,SUPPORTING,0.818,True,MIXED
CONFIRMED,SUPPORTING,0.923,True,CRIMINAL
FALSE,CONTRADICTING,0.255,True,MIXED
FALSE,CONTRADICTING,0.275,True,CRIMINAL
UNKNOWN,NEUTRAL,0.381,True,CRIMINAL
FALSE,CONTRADICTING,0.147,True,LEGITIMATE
SUSPECTED,SUPPORTING,0.584,True,MIXED
UNKNOWN,NEUTRAL,0.207,True,LEGITIMATE
CONFIRMED,SUPPORTING,0.942,True,AMBIGUOUS
CONFIRMED,SUPPORTING,0.953,True,AMBIGUOUS
CONFIRMED,SUPPORTING,0.841,True,CRIMINAL
FALSE,CONTRADICTING,0.182,True,LEGITIMATE
UNKNOWN,NEUTRAL,0.386,True,AMBIGUOUS
CONFIRMED,SUPPORTING,0.965,True,LEGITIMATE
CONFIRMED,SUPPORTING,0.831,True,AMBIGUOUS
UNKNOWN,NEUTRAL,0.542,True,CRIMINAL
SUSPECTED,SUPPORTING,0.650,True,LEGITIMATE
CONFIRMED,SUPPORTING,0.974,True,CRIMINAL
SUSPECTED,SUPPORTING,0.816,True,CRIMINAL
FALSE,CONTRADICTING,0.367,True,LEGITIMATE
UNKNOWN,NEUTRAL,0.375,True,CRIMINAL
SUSPECTED,SUPPORTING,0.795,True,CRIMINAL
UNKNOWN,NEUTRAL,0.538,True,MIXED
CONFIRMED,SUPPORTING,0.974,True,LEGITIMATE
SUSPECTED,SUPPORTING,0.653,True,MIXED
UNKNOWN,NEUTRAL,0.452,True,AMBIGUOUS
CONFIRMED,SUPPORTING,0.921,True,CRIMINAL
SUSPECTED,SUPPORTING,0.670,True,CRIMINAL
SUSPECTED,SUPPORTING,0.658,True,MIXED
FALSE,CONTRADICTING,0.415,True,MIXED
FALSE,CONTRADICTING,0.350,True,AMBIGUOUS
SUSPECTED,SUPPORTING,0.779,True,AMBIGUOUS
CONFIRMED,SUPPORTING,0.978,True,MIXED
FALSE,CONTRADICTING,0.159,True,CRIMINAL
SUSPECTED,SUPPORTING,0.832,True,LEGITIMATE
CONFIRMED,SUPPORTING,0.987,True,CRIMINAL
CONFIRMED,SUPPORTING,0.897,True,CRIMINAL
UNKNOWN,NEUTRAL,0.403,True,AMBIGUOUS
CONFIRMED,SUPPORTING,0.927,True,CRIMINAL
SUSPECTED,SUPPORTING,0.750,True,CRIMINAL
SUSPECTED,SUPPORTING,0.645,True,LEGITIMATE
SUSPECTED,SUPPORTING,0.701,True,LEGITIMATE
SUSPECTED,SUPPORTING,0.656,True,MIXED
SUSPECTED,SUPPORTING,0.807,True,MIXED
SUSPECTED,SUPPORTING,0.666,True,LEGITIMATE
CONFIRMED,SUPPORTING,0.916,True,MIXED
UNKNOWN,NEUTRAL,0.451,True,CRIMINAL
SUSPECTED,SUPPORTING,0.689,True,MIXED
UNKNOWN,NEUTRAL,0.506,True,CRIMINAL
FALSE,CONTRADICTING,0.346,True,CRIMINAL
FALSE,CONTRADICTING,0.202,True,LEGITIMATE
FALSE,CONTRADICTING,0.295,True,LEGITIMATE
CONFIRMED,SUPPORTING,0.845,True,CRIMINAL
UNKNOWN,NEUTRAL,0.416,True,MIXED
CONFIRMED,SUPPORTING,0.946,True,CRIMINAL
FALSE,CONTRADICTING,0.253,True,LEGITIMATE
SUSPECTED,SUPPORTING,0.852,True,CRIMINAL
UNKNOWN,NEUTRAL,0.455,True,AMBIGUOUS
CONFIRMED,SUPPORTING,0.914,True,CRIMINAL
SUSPECTED,SUPPORTING,0.619,True,CRIMINAL
UNKNOWN,NEUTRAL,0.213,True,LEGITIMATE
SUSPECTED,SUPPORTING,0.653,True,CRIMINAL
FALSE,CONTRADICTING,0.177,True,CRIMINAL
SUSPECTED,SUPPORTING,0.762,True,CRIMINAL
UNKNOWN,NEUTRAL,0.450,True,LEGITIMATE
SUSPECTED,SUPPORTING,0.855,True,MIXED
FALSE,CONTRADICTING,0.239,True,MIXED
SUSPECTED,SUPPORTING,0.784,True,MIXED
CONFIRMED,SUPPORTING,0.982,True,AMBIGUOUS
UNKNOWN,NEUTRAL,0.323,True,MIXED
FALSE,CONTRADICTING,0.232,True,LEGITIMATE
FALSE,CONTRADICTING,0.302,True,LEGITIMATE
SUSPECTED,SUPPORTING,0.668,True,MIXED
UNKNOWN,NEUTRAL,0.203,True,MIXED
FALSE,CONTRADICTING,0.231,True,LEGITIMATE
SUSPECTED,SUPPORTING,0.772,True,AMBIGUOUS
SUSPECTED,SUPPORTING,0.733,True,AMBIGUOUS
CONFIRMED,SUPPORTING,0.820,True,CRIMINAL
FALSE,CONTRADICTING,0.386,True,LEGITIMATE
UNKNOWN,NEUTRAL,0.428,True,CRIMINAL
UNKNOWN,NEUTRAL,0.466,True,MIXED
UNKNOWN,NEUTRAL,0.494,True,CRIMINAL
CONFIRMED,SUPPORTING,0.979,True,LEGITIMATE
UNKNOWN,NEUTRAL,0.409,True,CRIMINAL
UNKNOWN,NEUTRAL,0.338,True,AMBIGUOUS
UNKNOWN,NEUTRAL,0.220,True,CRIMINAL
FALSE,CONTRADICTING,0.325,True,CRIMINAL
SUSPECTED,SUPPORTING,0.697,True,CRIMINAL
CONFIRMED,SUPPORTING,0.908,True,CRIMINAL
UNKNOWN,NEUTRAL,0.361,True,LEGITIMATE
SUSPECTED,SUPPORTING,0.620,True,AMBIGUOUS
UNKNOWN,NEUTRAL,0.419,True,CRIMINAL
CONFIRMED,SUPPORTING,0.860,True,MIXED
CONFIRMED,SUPPORTING,0.880,True,CRIMINAL
SUSPECTED,SUPPORTING,0.614,True,CRIMINAL
SUSPECTED,SUPPORTING,0.754,True,AMBIGUOUS
FALSE,CONTRADICTING,0.251,True,CRIMINAL
UNKNOWN,NEUTRAL,0.428,True,MIXED
CONFIRMED,SUPPORTING,0.866,True,MIXED
UNKNOWN,NEUTRAL,0.235,True,MIXED
UNKNOWN,NEUTRAL,0.319,True,MIXED
CONFIRMED,SUPPORTING,0.896,True,CRIMINAL
SUSPECTED,SUPPORTING,0.719,True,AMBIGUOUS
UNKNOWN,NEUTRAL,0.232,True,MIXED
CONFIRMED,SUPPORTING,0.837,True,CRIMINAL
SUSPECTED,SUPPORTING,0.617,True,MIXED
UNKNOWN,NEUTRAL,0.418,True,MIXED
SUSPECTED,SUPPORTING,0.617,True,MIXED
SUSPECTED,SUPPORTING,0.725,True,MIXED
UNKNOWN,NEUTRAL,0.211,True,LEGITIMATE
FALSE,CONTRADICTING,0.401,True,LEGITIMATE
SUSPECTED,SUPPORTING,0.833,True,LEGITIMATE
CONFIRMED,SUPPORTING,0.873,True,LEGITIMATE
FALSE,CONTRADICTING,0.380,True,CRIMINAL
SUSPECTED,SUPPORTING,0.597,True,LEGITIMATE
CONFIRMED,SUPPORTING,0.887,True,CRIMINAL
SUSPECTED,SUPPORTING,0.738,True,CRIMINAL
UNKNOWN,NEUTRAL,0.501,True,MIXED
SUSPECTED,SUPPORTING,0.850,True,CRIMINAL
UNKNOWN,NEUTRAL,0.393,True,AMBIGUOUS
CONFIRMED,SUPPORTING,0.946,True,CRIMINAL
UNKNOWN,NEUTRAL,0.433,True,CRIMINAL
SUSPECTED,SUPPORTING,0.637,True,AMBIGUOUS
CONFIRMED,SUPPORTING,0.879,True,CRIMINAL
FALSE,CONTRADICTING,0.357,True,CRIMINAL
SUSPECTED,SUPPORTING,0.760,True,AMBIGUOUS
UNKNOWN,NEUTRAL,0.531,True,AMBIGUOUS
SUSPECTED,SUPPORTING,0.825,True,CRIMINAL
SUSPECTED,SUPPORTING,0.807,True,CRIMINAL
FALSE,CONTRADICTING,0.155,True,AMBIGUOUS
FALSE,CONTRADICTING,0.314,True,CRIMINAL
CONFIRMED,SUPPORTING,0.968,True,MIXED
SUSPECTED,SUPPORTING,0.729,True,MIXED
CONFIRMED,SUPPORTING,0.849,True,LEGITIMATE
SUSPECTED,SUPPORTING,0.738,True,CRIMINAL
CONFIRMED,SUPPORTING,0.942,True,CRIMINAL
UNKNOWN,NEUTRAL,0.481,True,LEGITIMATE
CONFIRMED,SUPPORTING,0.977,True,LEGITIMATE
SUSPECTED,SUPPORTING,0.770,True,LEGITIMATE
UNKNOWN,NEUTRAL,0.413,True,CRIMINAL
UNKNOWN,NEUTRAL,0.269,True,MIXED
CONFIRMED,SUPPORTING,0.900,True,CRIMINAL
SUSPECTED,SUPPORTING,0.819,True,CRIMINAL
UNKNOWN,NEUTRAL,0.523,True,CRIMINAL
UNKNOWN,NEUTRAL,0.441,True,AMBIGUOUS
FALSE,CONTRADICTING,0.341,True,AMBIGUOUS
SUSPECTED,SUPPORTING,0.581,True,CRIMINAL
CONFIRMED,SUPPORTING,0.922,True,AMBIGUOUS
UNKNOWN,NEUTRAL,0.526,True,LEGITIMATE
UNKNOWN,NEUTRAL,0.512,True,MIXED
CONFIRMED,SUPPORTING,0.976,True,AMBIGUOUS
FALSE,CONTRADICTING,0.186,True,LEGITIMATE
SUSPECTED,SUPPORTING,0.633,True,CRIMINAL
FALSE,CONTRADICTING,0.219,True,MIXED
FALSE,CONTRADICTING,0.397,True,AMBIGUOUS
CONFIRMED,SUPPORTING,0.853,True,MIXED
CONFIRMED,SUPPORTING,0.897,True,CRIMINAL
SUSPECTED,SUPPORTING,0.679,True,AMBIGUOUS
CONFIRMED,SUPPORTING,0.858,True,CRIMINAL
UNKNOWN,NEUTRAL,0.513,True,LEGITIMATE
FALSE,CONTRADICTING,0.378,True,AMBIGUOUS
FALSE,CONTRADICTING,0.296,True,LEGITIMATE
SUSPECTED,SUPPORTING,0.848,True,LEGITIMATE
SUSPECTED,SUPPORTING,0.629,True,LEGITIMATE
UNKNOWN,NEUTRAL,0.307,True,AMBIGUOUS
SUSPECTED,SUPPORTING,0.849,True,CRIMINAL
UNKNOWN,NEUTRAL,0.327,True,MIXED
SUSPECTED,SUPPORTING,0.737,True,MIXED
SUSPECTED,SUPPORTING,0.815,True,MIXED
UNKNOWN,NEUTRAL,0.540,True,AMBIGUOUS
UNKNOWN,NEUTRAL,0.380,True,MIXED
SUSPECTED,SUPPORTING,0.632,True,CRIMINAL
SUSPECTED,SUPPORTING,0.637,True,CRIMINAL
UNKNOWN,NEUTRAL,0.389,True,CRIMINAL
UNKNOWN,NEUTRAL,0.340,True,MIXED
UNKNOWN,NEUTRAL,0.465,True,MIXED
FALSE,CONTRADICTING,0.402,True,AMBIGUOUS
CONFIRMED,SUPPORTING,0.849,True,MIXED
SUSPECTED,SUPPORTING,0.828,True,MIXED
UNKNOWN,NEUTRAL,0.419,True,AMBIGUOUS
SUSPECTED,SUPPORTING,0.582,True,CRIMINAL
SUSPECTED,SUPPORTING,0.840,True,CRIMINAL
SUSPECTED,SUPPORTING,0.720,True,CRIMINAL
CONFIRMED,SUPPORTING,0.918,True,LEGITIMATE
UNKNOWN,NEUTRAL,0.533,True,CRIMINAL
CONFIRMED,SUPPORTING,0.938,True,CRIMINAL
FALSE,CONTRADICTING,0.349,True,MIXED
FALSE,CONTRADICTING,0.231,True,LEGITIMATE
SUSPECTED,SUPPORTING,0.653,True,CRIMINAL
SUSPECTED,SUPPORTING,0.826,True,AMBIGUOUS
SUSPECTED,SUPPORTING,0.693,True,MIXED
UNKNOWN,NEUTRAL,0.320,True,MIXED
UNKNOWN,NEUTRAL,0.457,True,AMBIGUOUS
SUSPECTED,SUPPORTING,0.798,True,CRIMINAL
SUSPECTED,SUPPORTING,0.659,True,AMBIGUOUS
UNKNOWN,NEUTRAL,0.543,True,AMBIGUOUS
CONFIRMED,SUPPORTING,0.922,True,AMBIGUOUS
CONFIRMED,SUPPORTING,0.922,True,CRIMINAL
SUSPECTED,SUPPORTING,0.627,True,CRIMINAL
CONFIRMED,SUPPORTING,0.866,True,CRIMINAL
CONFIRMED,SUPPORTING,0.957,True,CRIMINAL
UNKNOWN,NEUTRAL,0.251,True,LEGITIMATE
UNKNOWN,NEUTRAL,0.527,True,CRIMINAL
SUSPECTED,SUPPORTING,0.735,True,AMBIGUOUS
FALSE,CONTRADICTING,0.199,True,LEGITIMATE
SUSPECTED,SUPPORTING,0.830,True,AMBIGUOUS
UNKNOWN,NEUTRAL,0.215,True,MIXED
UNKNOWN,NEUTRAL,0.361,True,MIXED
CONFIRMED,SUPPORTING,0.900,True,MIXED
SUSPECTED,SUPPORTING,0.716,True,CRIMINAL
SUSPECTED,SUPPORTING,0.587,True,CRIMINAL
CONFIRMED,SUPPORTING,0.827,True,LEGITIMATE
SUSPECTED,SUPPORTING,0.609,True,MIXED
UNKNOWN,NEUTRAL,0.464,True,CRIMINAL
UNKNOWN,NEUTRAL,0.490,True,MIXED
SUSPECTED,SUPPORTING,0.790,True,CRIMINAL
SUSPECTED,SUPPORTING,0.820,True,AMBIGUOUS
SUSPECTED,SUPPORTING,0.645,True,MIXED
SUSPECTED,SUPPORTING,0.649,True,MIXED
FALSE,CONTRADICTING,0.318,True,LEGITIMATE
SUSPECTED,SUPPORTING,0.767,True,MIXED
CONFIRMED,SUPPORTING,0.913,True,CRIMINAL
UNKNOWN,NEUTRAL,0.339,True,CRIMINAL
SUSPECTED,SUPPORTING,0.707,True,LEGITIMATE
SUSPECTED,SUPPORTING,0.723,True,CRIMINAL
UNKNOWN,NEUTRAL,0.402,True,MIXED
FALSE,CONTRADICTING,0.150,True,CRIMINAL
SUSPECTED,SUPPORTING,0.758,True,CRIMINAL
UNKNOWN,NEUTRAL,0.268,True,LEGITIMATE
CONFIRMED,SUPPORTING,0.837,True,CRIMINAL
CONFIRMED,SUPPORTING,0.850,True,MIXED
CONFIRMED,SUPPORTING,0.875,True,CRIMINAL
CONFIRMED,SUPPORTING,0.916,True,MIXED
SUSPECTED,SUPPORTING,0.821,True,LEGITIMATE
CONFIRMED,SUPPORTING,0.934,True,CRIMINAL
SUSPECTED,SUPPORTING,0.669,True,MIXED
UNKNOWN,NEUTRAL,0.371,True,MIXED
CONFIRMED,SUPPORTING,0.864,True,CRIMINAL
CONFIRMED,SUPPORTING,0.838,True,MIXED
UNKNOWN,NEUTRAL,0.335,True,AMBIGUOUS
UNKNOWN,NEUTRAL,0.338,True,AMBIGUOUS
CONFIRMED,SUPPORTING,0.957,True,AMBIGUOUS
CONFIRMED,SUPPORTING,0.951,True,CRIMINAL
UNKNOWN,NEUTRAL,0.201,True,LEGITIMATE
SUSPECTED,SUPPORTING,0.764,True,CRIMINAL
SUSPECTED,SUPPORTING,0.739,True,LEGITIMATE
SUSPECTED,SUPPORTING,0.662,True,AMBIGUOUS
SUSPECTED,SUPPORTING,0.787,True,AMBIGUOUS
SUSPECTED,SUPPORTING,0.600,True,MIXED
CONFIRMED,SUPPORTING,0.919,True,CRIMINAL
CONFIRMED,SUPPORTING,0.985,True,CRIMINAL
SUSPECTED,SUPPORTING,0.593,True,LEGITIMATE
UNKNOWN,NEUTRAL,0.431,True,LEGITIMATE
CONFIRMED,SUPPORTING,0.986,True,MIXED
SUSPECTED,SUPPORTING,0.675,True,LEGITIMATE
UNKNOWN,NEUTRAL,0.356,True,LEGITIMATE
UNKNOWN,NEUTRAL,0.395,True,MIXED
SUSPECTED,SUPPORTING,0.785,True,CRIMINAL
UNKNOWN,NEUTRAL,0.535,True,MIXED
CONFIRMED,SUPPORTING,0.839,True,AMBIGUOUS
UNKNOWN,NEUTRAL,0.470,True,CRIMINAL
SUSPECTED,SUPPORTING,0.744,True,MIXED
SUSPECTED,SUPPORTING,0.652,True,CRIMINAL
CONFIRMED,SUPPORTING,0.826,True,LEGITIMATE
SUSPECTED,SUPPORTING,0.682,True,LEGITIMATE
UNKNOWN,NEUTRAL,0.419,True,CRIMINAL
SUSPECTED,SUPPORTING,0.837,True,AMBIGUOUS
UNKNOWN,NEUTRAL,0.262,True,MIXED
UNKNOWN,NEUTRAL,0.250,True,MIXED
CONFIRMED,SUPPORTING,0.963,True,AMBIGUOUS
SUSPECTED,SUPPORTING,0.840,True,MIXED
CONFIRMED,SUPPORTING,0.912,True,MIXED
SUSPECTED,SUPPORTING,0.665,True,CRIMINAL
CONFIRMED,SUPPORTING,0.883,True,MIXED
FALSE,CONTRADICTING,0.191,True,CRIMINAL
SUSPECTED,SUPPORTING,0.857,True,CRIMINAL
SUSPECTED,SUPPORTING,0.790,True,CRIMINAL
CONFIRMED,SUPPORTING,0.952,True,MIXED
CONFIRMED,SUPPORTING,0.941,True,CRIMINAL
CONFIRMED,SUPPORTING,0.831,True,CRIMINAL
FALSE,CONTRADICTING,0.416,True,CRIMINAL
CONFIRMED,SUPPORTING,0.899,True,LEGITIMATE
FALSE,CONTRADICTING,0.419,True,CRIMINAL
SUSPECTED,SUPPORTING,0.598,True,MIXED
UNKNOWN,NEUTRAL,0.459,True,LEGITIMATE
CONFIRMED,SUPPORTING,0.906,True,AMBIGUOUS
SUSPECTED,SUPPORTING,0.738,True,CRIMINAL
FALSE,CONTRADICTING,0.165,True,CRIMINAL
SUSPECTED,SUPPORTING,0.846,True,CRIMINAL
UNKNOWN,NEUTRAL,0.378,True,LEGITIMATE
CONFIRMED,SUPPORTING,0.915,True,CRIMINAL
UNKNOWN,NEUTRAL,0.528,True,CRIMINAL
CONFIRMED,SUPPORTING,0.916,True,AMBIGUOUS
UNKNOWN,NEUTRAL,0.340,True,CRIMINAL
FALSE,CONTRADICTING,0.236,True,LEGITIMATE
SUSPECTED,SUPPORTING,0.727,True,MIXED
CONFIRMED,SUPPORTING,0.984,True,MIXED
CONFIRMED,SUPPORTING,0.865,True,CRIMINAL
SUSPECTED,SUPPORTING,0.806,True,CRIMINAL
SUSPECTED,SUPPORTING,0.630,True,LEGITIMATE
CONFIRMED,SUPPORTING,0.945,True,CRIMINAL
CONFIRMED,SUPPORTING,0.916,True,CRIMINAL
SUSPECTED,SUPPORTING,0.590,True,LEGITIMATE
FALSE,CONTRADICTING,0.219,True,LEGITIMATE
SUSPECTED,SUPPORTING,0.599,True,CRIMINAL
FALSE,CONTRADICTING,0.367,True,AMBIGUOUS
SUSPECTED,SUPPORTING,0.673,True,AMBIGUOUS
UNKNOWN,NEUTRAL,0.213,True,LEGITIMATE
SUSPECTED,SUPPORTING,0.827,True,CRIMINAL
CONFIRMED,SUPPORTING,0.927,True,CRIMINAL
SUSPECTED,SUPPORTING,0.781,True,MIXED
UNKNOWN,NEUTRAL,0.378,True,LEGITIMATE
UNKNOWN,NEUTRAL,0.466,True,AMBIGUOUS
FALSE,CONTRADICTING,0.316,True,MIXED
UNKNOWN,NEUTRAL,0.540,True,MIXED
FALSE,CONTRADICTING,0.194,True,LEGITIMATE
SUSPECTED,SUPPORTING,0.627,True,LEGITIMATE
FALSE,CONTRADICTING,0.251,True,LEGITIMATE
FALSE,CONTRADICTING,0.122,True,LEGITIMATE
CONFIRMED,SUPPORTING,0.898,True,MIXED
CONFIRMED,SUPPORTING,0.981,True,MIXED
CONFIRMED,SUPPORTING,0.941,True,CRIMINAL
UNKNOWN,NEUTRAL,0.533,True,LEGITIMATE
SUSPECTED,SUPPORTING,0.817,True,CRIMINAL
CONFIRMED,SUPPORTING,0.962,True,MIXED
UNKNOWN,NEUTRAL,0.397,True,AMBIGUOUS
UNKNOWN,NEUTRAL,0.310,True,MIXED
SUSPECTED,SUPPORTING,0.737,True,AMBIGUOUS
UNKNOWN,NEUTRAL,0.356,True,CRIMINAL
UNKNOWN,NEUTRAL,0.500,True,CRIMINAL
SUSPECTED,SUPPORTING,0.697,True,MIXED
FALSE,CONTRADICTING,0.353,True,LEGITIMATE
FALSE,CONTRADICTING,0.385,True,LEGITIMATE
CONFIRMED,SUPPORTING,0.966,True,CRIMINAL
FALSE,CONTRADICTING,0.374,True,LEGITIMATE
SUSPECTED,SUPPORTING,0.781,True,CRIMINAL
UNKNOWN,NEUTRAL,0.245,True,AMBIGUOUS
FALSE,CONTRADICTING,0.358,True,MIXED
UNKNOWN,NEUTRAL,0.374,True,MIXED
CONFIRMED,SUPPORTING,0.903,True,CRIMINAL
UNKNOWN,NEUTRAL,0.261,True,AMBIGUOUS
UNKNOWN,NEUTRAL,0.413,True,LEGITIMATE
SUSPECTED,SUPPORTING,0.740,True,MIXED
CONFIRMED,SUPPORTING,0.989,True,MIXED
SUSPECTED,SUPPORTING,0.601,True,CRIMINAL
CONFIRMED,SUPPORTING,0.902,True,LEGITIMATE
SUSPECTED,SUPPORTING,0.678,True,LEGITIMATE
SUSPECTED,SUPPORTING,0.688,True,LEGITIMATE
FALSE,CONTRADICTING,0.209,True,MIXED
CONFIRMED,SUPPORTING,0.944,True,CRIMINAL
SUSPECTED,SUPPORTING,0.849,True,MIXED
CONFIRMED,SUPPORTING,0.910,True,LEGITIMATE
SUSPECTED,SUPPORTING,0.610,True,MIXED
SUSPECTED,SUPPORTING,0.607,True,MIXED
FALSE,CONTRADICTING,0.248,True,LEGITIMATE
UNKNOWN,NEUTRAL,0.517,True,CRIMINAL
UNKNOWN,NEUTRAL,0.473,True,MIXED
UNKNOWN,NEUTRAL,0.488,True,CRIMINAL
CONFIRMED,SUPPORTING,0.948,True,CRIMINAL
SUSPECTED,SUPPORTING,0.725,True,MIXED
FALSE,CONTRADICTING,0.132,True,CRIMINAL
CONFIRMED,SUPPORTING,0.894,True,CRIMINAL
SUSPECTED,SUPPORTING,0.839,True,CRIMINAL
SUSPECTED,SUPPORTING,0.663,True,MIXED
SUSPECTED,SUPPORTING,0.583,True,CRIMINAL
CONFIRMED,SUPPORTING,0.876,True,CRIMINAL
SUSPECTED,SUPPORTING,0.745,True,CRIMINAL
CONFIRMED,SUPPORTING,0.984,True,LEGITIMATE
CONFIRMED,SUPPORTING,0.949,True,CRIMINAL
CONFIRMED,SUPPORTING,0.894,True,MIXED
FALSE,CONTRADICTING,0.163,True,LEGITIMATE
FALSE,CONTRADICTING,0.136,True,AMBIGUOUS
CONFIRMED,SUPPORTING,0.897,True,CRIMINAL
UNKNOWN,NEUTRAL,0.251,True,AMBIGUOUS
FALSE,CONTRADICTING,0.151,True,AMBIGUOUS
SUSPECTED,SUPPORTING,0.640,True,CRIMINAL
SUSPECTED,SUPPORTING,0.689,True,CRIMINAL
UNKNOWN,NEUTRAL,0.223,True,AMBIGUOUS
FALSE,CONTRADICTING,0.322,True,MIXED
UNKNOWN,NEUTRAL,0.509,True,MIXED
UNKNOWN,NEUTRAL,0.496,True,CRIMINAL
SUSPECTED,SUPPORTING,0.707,True,MIXED
CONFIRMED,SUPPORTING,0.840,True,AMBIGUOUS
SUSPECTED,SUPPORTING,0.600,True,MIXED
UNKNOWN,NEUTRAL,0.352,True,AMBIGUOUS
SUSPECTED,SUPPORTING,0.796,True,AMBIGUOUS
FALSE,CONTRADICTING,0.351,True,LEGITIMATE
SUSPECTED,SUPPORTING,0.745,True,LEGITIMATE
CONFIRMED,SUPPORTING,0.907,True,AMBIGUOUS
UNKNOWN,NEUTRAL,0.461,True,CRIMINAL
UNKNOWN,NEUTRAL,0.431,True,LEGITIMATE
CONFIRMED,SUPPORTING,0.847,True,CRIMINAL
UNKNOWN,NEUTRAL,0.262,True,AMBIGUOUS
SUSPECTED,SUPPORTING,0.843,True,MIXED
FALSE,CONTRADICTING,0.215,True,AMBIGUOUS
SUSPECTED,SUPPORTING,0.724,True,CRIMINAL
UNKNOWN,NEUTRAL,0.250,True,CRIMINAL
SUSPECTED,SUPPORTING,0.828,True,MIXED
UNKNOWN,NEUTRAL,0.301,True,CRIMINAL
SUSPECTED,SUPPORTING,0.798,True,CRIMINAL
SUSPECTED,SUPPORTING,0.690,True,CRIMINAL
UNKNOWN,NEUTRAL,0.276,True,CRIMINAL
CONFIRMED,SUPPORTING,0.860,True,CRIMINAL
FALSE,CONTRADICTING,0.340,True,LEGITIMATE
FALSE,CONTRADICTING,0.318,True,MIXED
SUSPECTED,SUPPORTING,0.723,True,CRIMINAL
CONFIRMED,SUPPORTING,0.977,True,AMBIGUOUS
CONFIRMED,SUPPORTING,0.925,True,MIXED
FALSE,CONTRADICTING,0.396,True,LEGITIMATE
CONFIRMED,SUPPORTING,0.932,True,MIXED
CONFIRMED,SUPPORTING,0.919,True,CRIMINAL
SUSPECTED,SUPPORTING,0.610,True,CRIMINAL
CONFIRMED,SUPPORTING,0.927,True,CRIMINAL
UNKNOWN,NEUTRAL,0.411,True,MIXED
UNKNOWN,NEUTRAL,0.466,True,CRIMINAL
CONFIRMED,SUPPORTING,0.867,True,CRIMINAL
CONFIRMED,SUPPORTING,0.889,True,MIXED
CONFIRMED,SUPPORTING,0.833,True,CRIMINAL
FALSE,CONTRADICTING,0.267,True,LEGITIMATE
SUSPECTED,SUPPORTING,0.771,True,MIXED
UNKNOWN,NEUTRAL,0.249,True,CRIMINAL
UNKNOWN,NEUTRAL,0.492,True,LEGITIMATE
UNKNOWN,NEUTRAL,0.335,True,CRIMINAL
CONFIRMED,SUPPORTING,0.870,True,CRIMINAL
FALSE,CONTRADICTING,0.152,True,CRIMINAL
UNKNOWN,NEUTRAL,0.315,True,AMBIGUOUS
CONFIRMED,SUPPORTING,0.888,True,LEGITIMATE
SUSPECTED,SUPPORTING,0.656,True,LEGITIMATE
UNKNOWN,NEUTRAL,0.432,True,MIXED
CONFIRMED,SUPPORTING,0.862,True,MIXED
SUSPECTED,SUPPORTING,0.622,True,CRIMINAL
CONFIRMED,SUPPORTING,0.937,True,MIXED
FALSE,CONTRADICTING,0.257,True,LEGITIMATE
CONFIRMED,SUPPORTING,0.846,True,LEGITIMATE
CONFIRMED,SUPPORTING,0.955,True,LEGITIMATE
SUSPECTED,SUPPORTING,0.758,True,LEGITIMATE
UNKNOWN,NEUTRAL,0.289,True,AMBIGUOUS
FALSE,CONTRADICTING,0.380,True,AMBIGUOUS
CONFIRMED,SUPPORTING,0.967,True,CRIMINAL
UNKNOWN,NEUTRAL,0.245,True,LEGITIMATE
CONFIRMED,SUPPORTING,0.881,True,CRIMINAL
SUSPECTED,SUPPORTING,0.705,True,CRIMINAL
SUSPECTED,SUPPORTING,0.821,True,CRIMINAL
UNKNOWN,NEUTRAL,0.365,True,AMBIGUOUS
CONFIRMED,SUPPORTING,0.890,True,MIXED
FALSE,CONTRADICTING,0.238,True,MIXED
FALSE,CONTRADICTING,0.237,True,CRIMINAL
UNKNOWN,NEUTRAL,0.489,True,LEGITIMATE
SUSPECTED,SUPPORTING,0.697,True,MIXED
FALSE,CONTRADICTING,0.254,True,CRIMINAL
CONFIRMED,SUPPORTING,0.895,True,CRIMINAL
UNKNOWN,NEUTRAL,0.512,True,MIXED
FALSE,CONTRADICTING,0.224,True,LEGITIMATE
CONFIRMED,SUPPORTING,0.836,True,AMBIGUOUS
CONFIRMED,SUPPORTING,0.828,True,MIXED
FALSE,CONTRADICTING,0.255,True,LEGITIMATE
CONFIRMED,SUPPORTING,0.974,True,CRIMINAL
FALSE,CONTRADICTING,0.160,True,MIXED
CONFIRMED,SUPPORTING,0.913,True,CRIMINAL
FALSE,CONTRADICTING,0.144,True,MIXED
SUSPECTED,SUPPORTING,0.814,True,MIXED
FALSE,CONTRADICTING,0.226,True,CRIMINAL
UNKNOWN,NEUTRAL,0.320,True,LEGITIMATE
UNKNOWN,NEUTRAL,0.441,True,AMBIGUOUS
CONFIRMED,SUPPORTING,0.932,True,CRIMINAL
CONFIRMED,SUPPORTING,0.862,True,CRIMINAL
FALSE,CONTRADICTING,0.320,True,MIXED
SUSPECTED,SUPPORTING,0.800,True,LEGITIMATE
UNKNOWN,NEUTRAL,0.423,True,LEGITIMATE
CONFIRMED,SUPPORTING,0.960,True,AMBIGUOUS
CONFIRMED,SUPPORTING,0.959,True,CRIMINAL
CONFIRMED,SUPPORTING,0.984,True,CRIMINAL
SUSPECTED,SUPPORTING,0.787,True,MIXED
SUSPECTED,SUPPORTING,0.680,True,CRIMINAL
CONFIRMED,SUPPORTING,0.848,True,CRIMINAL
SUSPECTED,SUPPORTING,0.734,True,CRIMINAL
FALSE,CONTRADICTING,0.121,True,LEGITIMATE
SUSPECTED,SUPPORTING,0.590,True,CRIMINAL
CONFIRMED,SUPPORTING,0.974,True,LEGITIMATE
SUSPECTED,SUPPORTING,0.771,True,CRIMINAL
FALSE,CONTRADICTING,0.367,True,CRIMINAL
CONFIRMED,SUPPORTING,0.955,True,CRIMINAL
UNKNOWN,NEUTRAL,0.358,True,CRIMINAL
UNKNOWN,NEUTRAL,0.527,True,AMBIGUOUS
CONFIRMED,SUPPORTING,0.906,True,MIXED
CONFIRMED,SUPPORTING,0.840,True,CRIMINAL
CONFIRMED,SUPPORTING,0.836,True,CRIMINAL
UNKNOWN,NEUTRAL,0.246,True,MIXED
CONFIRMED,SUPPORTING,0.977,True,CRIMINAL
CONFIRMED,SUPPORTING,0.954,True,CRIMINAL
UNKNOWN,NEUTRAL,0.247,True,LEGITIMATE
FALSE,CONTRADICTING,0.180,True,LEGITIMATE
SUSPECTED,SUPPORTING,0.773,True,LEGITIMATE
FALSE,CONTRADICTING,0.336,True,CRIMINAL
SUSPECTED,SUPPORTING,0.841,True,CRIMINAL
UNKNOWN,NEUTRAL,0.501,True,AMBIGUOUS
SUSPECTED,SUPPORTING,0.786,True,CRIMINAL
SUSPECTED,SUPPORTING,0.850,True,LEGITIMATE
FALSE,CONTRADICTING,0.250,True,LEGITIMATE
UNKNOWN,NEUTRAL,0.297,True,AMBIGUOUS
SUSPECTED,SUPPORTING,0.839,True,CRIMINAL
SUSPECTED,SUPPORTING,0.598,True,LEGITIMATE
SUSPECTED,SUPPORTING,0.727,True,CRIMINAL
SUSPECTED,SUPPORTING,0.712,True,AMBIGUOUS
SUSPECTED,SUPPORTING,0.724,True,LEGITIMATE
UNKNOWN,NEUTRAL,0.471,True,LEGITIMATE
UNKNOWN,NEUTRAL,0.388,True,LEGITIMATE
SUSPECTED,SUPPORTING,0.741,True,CRIMINAL
SUSPECTED,SUPPORTING,0.845,True,MIXED
SUSPECTED,SUPPORTING,0.829,True,LEGITIMATE
FALSE,CONTRADICTING,0.261,True,AMBIGUOUS
CONFIRMED,SUPPORTING,0.963,True,MIXED
SUSPECTED,SUPPORTING,0.585,True,CRIMINAL
UNKNOWN,NEUTRAL,0.320,True,MIXED
UNKNOWN,NEUTRAL,0.328,True,MIXED
CONFIRMED,SUPPORTING,0.860,True,AMBIGUOUS
FALSE,CONTRADICTING,0.214,True,AMBIGUOUS
CONFIRMED,SUPPORTING,0.970,True,MIXED
SUSPECTED,SUPPORTING,0.666,True,AMBIGUOUS
SUSPECTED,SUPPORTING,0.679,True,CRIMINAL
CONFIRMED,SUPPORTING,0.969,True,LEGITIMATE
FALSE,CONTRADICTING,0.192,True,CRIMINAL
CONFIRMED,SUPPORTING,0.944,True,MIXED
CONFIRMED,SUPPORTING,0.979,True,CRIMINAL
UNKNOWN,NEUTRAL,0.516,True,AMBIGUOUS
UNKNOWN,NEUTRAL,0.267,True,LEGITIMATE
FALSE,CONTRADICTING,0.160,True,AMBIGUOUS
CONFIRMED,SUPPORTING,0.951,True,MIXED
SUSPECTED,SUPPORTING,0.754,True,LEGITIMATE
FALSE,CONTRADICTING,0.243,True,MIXED
CONFIRMED,SUPPORTING,0.831,True,MIXED
FALSE,CONTRADICTING,0.377,True,MIXED
SUSPECTED,SUPPORTING,0.649,True,MIXED
FALSE,CONTRADICTING,0.398,True,AMBIGUOUS
UNKNOWN,NEUTRAL,0.287,True,MIXED
SUSPECTED,SUPPORTING,0.722,True,AMBIGUOUS
SUSPECTED,SUPPORTING,0.776,True,CRIMINAL
UNKNOWN,NEUTRAL,0.323,True,MIXED
CONFIRMED,SUPPORTING,0.927,True,CRIMINAL
FALSE,CONTRADICTING,0.282,True,AMBIGUOUS
FALSE,CONTRADICTING,0.412,True,LEGITIMATE
UNKNOWN,NEUTRAL,0.518,True,CRIMINAL
SUSPECTED,SUPPORTING,0.803,True,LEGITIMATE
CONFIRMED,SUPPORTING,0.855,True,CRIMINAL
UNKNOWN,NEUTRAL,0.410,True,AMBIGUOUS
FALSE,CONTRADICTING,0.380,True,AMBIGUOUS
UNKNOWN,NEUTRAL,0.314,True,CRIMINAL
UNKNOWN,NEUTRAL,0.202,True,MIXED
SUSPECTED,SUPPORTING,0.727,True,CRIMINAL
SUSPECTED,SUPPORTING,0.657,True,CRIMINAL
UNKNOWN,NEUTRAL,0.319,True,MIXED
FALSE,CONTRADICTING,0.193,True,LEGITIMATE
SUSPECTED,SUPPORTING,0.800,True,CRIMINAL
FALSE,CONTRADICTING,0.306,True,LEGITIMATE
UNKNOWN,NEUTRAL,0.504,True,AMBIGUOUS
UNKNOWN,NEUTRAL,0.291,True,MIXED
FALSE,CONTRADICTING,0.273,True,MIXED
UNKNOWN,NEUTRAL,0.334,True,MIXED
UNKNOWN,NEUTRAL,0.535,True,CRIMINAL
SUSPECTED,SUPPORTING,0.734,True,CRIMINAL
CONFIRMED,SUPPORTING,0.981,True,MIXED
SUSPECTED,SUPPORTING,0.777,True,MIXED
UNKNOWN,NEUTRAL,0.481,True,AMBIGUOUS
FALSE,CONTRADICTING,0.198,True,LEGITIMATE
UNKNOWN,NEUTRAL,0.379,True,LEGITIMATE
FALSE,CONTRADICTING,0.396,True,CRIMINAL
CONFIRMED,SUPPORTING,0.841,True,CRIMINAL
SUSPECTED,SUPPORTING,0.595,True,AMBIGUOUS
CONFIRMED,SUPPORTING,0.850,True,CRIMINAL
SUSPECTED,SUPPORTING,0.704,True,MIXED
SUSPECTED,SUPPORTING,0.655,True,MIXED
SUSPECTED,SUPPORTING,0.645,True,LEGITIMATE
CONFIRMED,SUPPORTING,0.854,True,MIXED
SUSPECTED,SUPPORTING,0.766,True,LEGITIMATE
SUSPECTED,SUPPORTING,0.679,True,LEGITIMATE
CONFIRMED,SUPPORTING,0.852,True,AMBIGUOUS
UNKNOWN,NEUTRAL,0.522,True,CRIMINAL
CONFIRMED,SUPPORTING,0.955,True,LEGITIMATE
SUSPECTED,SUPPORTING,0.674,True,MIXED
SUSPECTED,SUPPORTING,0.615,True,MIXED
SUSPECTED,SUPPORTING,0.806,True,MIXED
SUSPECTED,SUPPORTING,0.854,True,LEGITIMATE
SUSPECTED,SUPPORTING,0.611,True,MIXED
FALSE,CONTRADICTING,0.378,True,LEGITIMATE
SUSPECTED,SUPPORTING,0.781,True,CRIMINAL
FALSE,CONTRADICTING,0.172,True,LEGITIMATE
FALSE,CONTRADICTING,0.415,True,MIXED
SUSPECTED,SUPPORTING,0.720,True,CRIMINAL
UNKNOWN,NEUTRAL,0.382,True,CRIMINAL
CONFIRMED,SUPPORTING,0.901,True,CRIMINAL
UNKNOWN,NEUTRAL,0.294,True,CRIMINAL
UNKNOWN,NEUTRAL,0.386,True,CRIMINAL
UNKNOWN,NEUTRAL,0.381,True,CRIMINAL
UNKNOWN,NEUTRAL,0.265,True,LEGITIMATE
UNKNOWN,NEUTRAL,0.389,True,CRIMINAL
CONFIRMED,SUPPORTING,0.913,True,MIXED
CONFIRMED,SUPPORTING,0.857,True,AMBIGUOUS
SUSPECTED,SUPPORTING,0.780,True,MIXED
CONFIRMED,SUPPORTING,0.893,True,AMBIGUOUS
UNKNOWN,NEUTRAL,0.206,True,CRIMINAL
SUSPECTED,SUPPORTING,0.820,True,CRIMINAL
SUSPECTED,SUPPORTING,0.665,True,MIXED
UNKNOWN,NEUTRAL,0.328,True,CRIMINAL
CONFIRMED,SUPPORTING,0.966,True,CRIMINAL
UNKNOWN,NEUTRAL,0.411,True,LEGITIMATE
SUSPECTED,SUPPORTING,0.633,True,AMBIGUOUS
UNKNOWN,NEUTRAL,0.369,True,CRIMINAL
UNKNOWN,NEUTRAL,0.405,True,CRIMINAL
UNKNOWN,NEUTRAL,0.261,True,AMBIGUOUS
SUSPECTED,SUPPORTING,0.678,True,CRIMINAL
UNKNOWN,NEUTRAL,0.233,True,MIXED
CONFIRMED,SUPPORTING,0.977,True,MIXED
FALSE,CONTRADICTING,0.417,True,MIXED
SUSPECTED,SUPPORTING,0.844,True,AMBIGUOUS
UNKNOWN,NEUTRAL,0.360,True,CRIMINAL
CONFIRMED,SUPPORTING,0.871,True,CRIMINAL
SUSPECTED,SUPPORTING,0.590,True,AMBIGUOUS
FALSE,CONTRADICTING,0.402,True,LEGITIMATE
CONFIRMED,SUPPORTING,0.932,True,MIXED
UNKNOWN,NEUTRAL,0.420,True,LEGITIMATE
SUSPECTED,SUPPORTING,0.807,True,MIXED
SUSPECTED,SUPPORTING,0.855,True,CRIMINAL
CONFIRMED,SUPPORTING,0.891,True,CRIMINAL
CONFIRMED,SUPPORTING,0.895,True,LEGITIMATE
UNKNOWN,NEUTRAL,0.371,True,MIXED
CONFIRMED,SUPPORTING,0.873,True,CRIMINAL
UNKNOWN,NEUTRAL,0.413,True,MIXED
CONFIRMED,SUPPORTING,0.970,True,CRIMINAL
UNKNOWN,NEUTRAL,0.337,True,CRIMINAL
FALSE,CONTRADICTING,0.309,True,LEGITIMATE
UNKNOWN,NEUTRAL,0.447,True,CRIMINAL
SUSPECTED,SUPPORTING,0.643,True,MIXED
UNKNOWN,NEUTRAL,0.311,True,AMBIGUOUS
SUSPECTED,SUPPORTING,0.751,True,LEGITIMATE
CONFIRMED,SUPPORTING,0.866,True,CRIMINAL
CONFIRMED,SUPPORTING,0.821,True,CRIMINAL
UNKNOWN,NEUTRAL,0.305,True,AMBIGUOUS
SUSPECTED,SUPPORTING,0.584,True,MIXED
SUSPECTED,SUPPORTING,0.737,True,CRIMINAL
FALSE,CONTRADICTING,0.294,True,MIXED
UNKNOWN,NEUTRAL,0.261,True,CRIMINAL
SUSPECTED,SUPPORTING,0.858,True,AMBIGUOUS
CONFIRMED,SUPPORTING,0.950,True,LEGITIMATE
UNKNOWN,NEUTRAL,0.546,True,CRIMINAL
SUSPECTED,SUPPORTING,0.772,True,MIXED
UNKNOWN,NEUTRAL,0.343,True,CRIMINAL
UNKNOWN,NEUTRAL,0.539,True,CRIMINAL
UNKNOWN,NEUTRAL,0.216,True,AMBIGUOUS
FALSE,CONTRADICTING,0.392,True,CRIMINAL
SUSPECTED,SUPPORTING,0.683,True,CRIMINAL
FALSE,CONTRADICTING,0.255,True,CRIMINAL
CONFIRMED,SUPPORTING,0.909,True,LEGITIMATE
UNKNOWN,NEUTRAL,0.224,True,AMBIGUOUS
FALSE,CONTRADICTING,0.364,True,MIXED
FALSE,CONTRADICTING,0.223,True,MIXED
FALSE,CONTRADICTING,0.262,True,CRIMINAL
SUSPECTED,SUPPORTING,0.734,True,MIXED
SUSPECTED,SUPPORTING,0.652,True,MIXED
CONFIRMED,SUPPORTING,0.894,True,MIXED
UNKNOWN,NEUTRAL,0.259,True,LEGITIMATE
FALSE,CONTRADICTING,0.412,True,LEGITIMATE
UNKNOWN,NEUTRAL,0.395,True,CRIMINAL
CONFIRMED,SUPPORTING,0.953,True,CRIMINAL
SUSPECTED,SUPPORTING,0.801,True,CRIMINAL
SUSPECTED,SUPPORTING,0.590,True,CRIMINAL
SUSPECTED,SUPPORTING,0.772,True,CRIMINAL
SUSPECTED,SUPPORTING,0.766,True,CRIMINAL
CONFIRMED,SUPPORTING,0.904,True,LEGITIMATE
SUSPECTED,SUPPORTING,0.691,True,CRIMINAL
FALSE,CONTRADICTING,0.263,True,CRIMINAL
FALSE,CONTRADICTING,0.377,True,AMBIGUOUS
SUSPECTED,SUPPORTING,0.707,True,MIXED
CONFIRMED,SUPPORTING,0.835,True,MIXED
FALSE,CONTRADICTING,0.208,True,MIXED
FALSE,CONTRADICTING,0.181,True,CRIMINAL
CONFIRMED,SUPPORTING,0.955,True,CRIMINAL
UNKNOWN,NEUTRAL,0.215,True,LEGITIMATE
SUSPECTED,SUPPORTING,0.697,True,MIXED
UNKNOWN,NEUTRAL,0.527,True,AMBIGUOUS
CONFIRMED,SUPPORTING,0.828,True,CRIMINAL
SUSPECTED,SUPPORTING,0.845,True,LEGITIMATE
SUSPECTED,SUPPORTING,0.719,True,MIXED
CONFIRMED,SUPPORTING,0.881,True,AMBIGUOUS
UNKNOWN,NEUTRAL,0.509,True,LEGITIMATE
UNKNOWN,NEUTRAL,0.339,True,AMBIGUOUS
SUSPECTED,SUPPORTING,0.674,True,MIXED
SUSPECTED,SUPPORTING,0.767,True,MIXED
FALSE,CONTRADICTING,0.201,True,MIXED
FALSE,CONTRADICTING,0.231,True,LEGITIMATE
FALSE,CONTRADICTING,0.190,True,AMBIGUOUS
SUSPECTED,SUPPORTING,0.714,True,LEGITIMATE
SUSPECTED,SUPPORTING,0.674,True,CRIMINAL
UNKNOWN,NEUTRAL,0.475,True,MIXED
CONFIRMED,SUPPORTING,0.950,True,MIXED
CONFIRMED,SUPPORTING,0.834,True,CRIMINAL
UNKNOWN,NEUTRAL,0.320,True,MIXED
UNKNOWN,NEUTRAL,0.547,True,AMBIGUOUS
FALSE,CONTRADICTING,0.317,True,MIXED
SUSPECTED,SUPPORTING,0.719,True,MIXED
CONFIRMED,SUPPORTING,0.916,True,MIXED
CONFIRMED,SUPPORTING,0.922,True,MIXED
SUSPECTED,SUPPORTING,0.800,True,AMBIGUOUS
SUSPECTED,SUPPORTING,0.714,True,CRIMINAL
UNKNOWN,NEUTRAL,0.238,True,MIXED
SUSPECTED,SUPPORTING,0.689,True,CRIMINAL
CONFIRMED,SUPPORTING,0.915,True,CRIMINAL
FALSE,CONTRADICTING,0.386,True,MIXED
SUSPECTED,SUPPORTING,0.824,True,CRIMINAL
SUSPECTED,SUPPORTING,0.691,True,CRIMINAL
CONFIRMED,SUPPORTING,0.886,True,MIXED
CONFIRMED,SUPPORTING,0.943,True,CRIMINAL
SUSPECTED,SUPPORTING,0.624,True,AMBIGUOUS
SUSPECTED,SUPPORTING,0.709,True,CRIMINAL
SUSPECTED,SUPPORTING,0.710,True,CRIMINAL
UNKNOWN,NEUTRAL,0.325,True,AMBIGUOUS
CONFIRMED,SUPPORTING,0.898,True,CRIMINAL
SUSPECTED,SUPPORTING,0.671,True,AMBIGUOUS
UNKNOWN,NEUTRAL,0.419,True,MIXED
FALSE,CONTRADICTING,0.365,True,AMBIGUOUS
CONFIRMED,SUPPORTING,0.837,True,MIXED
SUSPECTED,SUPPORTING,0.793,True,MIXED
UNKNOWN,NEUTRAL,0.203,True,LEGITIMATE
SUSPECTED,SUPPORTING,0.596,True,CRIMINAL
UNKNOWN,NEUTRAL,0.352,True,CRIMINAL
CONFIRMED,SUPPORTING,0.873,True,CRIMINAL
FALSE,CONTRADICTING,0.289,True,CRIMINAL
UNKNOWN,NEUTRAL,0.329,True,AMBIGUOUS
UNKNOWN,NEUTRAL,0.357,True,AMBIGUOUS
UNKNOWN,NEUTRAL,0.500,True,LEGITIMATE
FALSE,CONTRADICTING,0.185,True,MIXED
CONFIRMED,SUPPORTING,0.892,True,CRIMINAL
CONFIRMED,SUPPORTING,0.955,True,MIXED
CONFIRMED,SUPPORTING,0.911,True,CRIMINAL
UNKNOWN,NEUTRAL,0.488,True,LEGITIMATE
FALSE,CONTRADICTING,0.307,True,MIXED
UNKNOWN,NEUTRAL,0.220,True,LEGITIMATE
UNKNOWN,NEUTRAL,0.505,True,CRIMINAL
UNKNOWN,NEUTRAL,0.380,True,AMBIGUOUS
SUSPECTED,SUPPORTING,0.750,True,MIXED
SUSPECTED,SUPPORTING,0.683,True,MIXED
FALSE,CONTRADICTING,0.150,True,LEGITIMATE
CONFIRMED,SUPPORTING,0.877,True,CRIMINAL
CONFIRMED,SUPPORTING,0.845,True,CRIMINAL
SUSPECTED,SUPPORTING,0.597,True,CRIMINAL
CONFIRMED,SUPPORTING,0.888,True,CRIMINAL
SUSPECTED,SUPPORTING,0.729,True,MIXED
SUSPECTED,SUPPORTING,0.669,True,CRIMINAL
CONFIRMED,SUPPORTING,0.866,True,MIXED
CONFIRMED,SUPPORTING,0.952,True,CRIMINAL
UNKNOWN,NEUTRAL,0.466,True,CRIMINAL
CONFIRMED,SUPPORTING,0.907,True,MIXED
UNKNOWN,NEUTRAL,0.478,True,CRIMINAL
CONFIRMED,SUPPORTING,0.987,True,LEGITIMATE
CONFIRMED,SUPPORTING,0.832,True,CRIMINAL
SUSPECTED,SUPPORTING,0.585,True,AMBIGUOUS
SUSPECTED,SUPPORTING,0.853,True,LEGITIMATE
FALSE,CONTRADICTING,0.374,True,MIXED
FALSE,CONTRADICTING,0.172,True,AMBIGUOUS
SUSPECTED,SUPPORTING,0.703,True,LEGITIMATE
UNKNOWN,NEUTRAL,0.229,True,LEGITIMATE
UNKNOWN,NEUTRAL,0.422,True,AMBIGUOUS
SUSPECTED,SUPPORTING,0.782,True,MIXED
CONFIRMED,SUPPORTING,0.889,True,CRIMINAL
CONFIRMED,SUPPORTING,0.922,True,CRIMINAL
CONFIRMED,SUPPORTING,0.832,True,CRIMINAL
SUSPECTED,SUPPORTING,0.658,True,MIXED
FALSE,CONTRADICTING,0.288,True,MIXED
UNKNOWN,NEUTRAL,0.314,True,CRIMINAL
UNKNOWN,NEUTRAL,0.302,True,CRIMINAL
CONFIRMED,SUPPORTING,0.836,True,LEGITIMATE
SUSPECTED,SUPPORTING,0.644,True,CRIMINAL
SUSPECTED,SUPPORTING,0.614,True,AMBIGUOUS
FALSE,CONTRADICTING,0.258,True,LEGITIMATE
SUSPECTED,SUPPORTING,0.755,True,MIXED
SUSPECTED,SUPPORTING,0.758,True,CRIMINAL
FALSE,CONTRADICTING,0.297,True,MIXED
UNKNOWN,NEUTRAL,0.208,True,AMBIGUOUS
UNKNOWN,NEUTRAL,0.301,True,CRIMINAL
UNKNOWN,NEUTRAL,0.523,True,CRIMINAL
SUSPECTED,SUPPORTING,0.817,True,AMBIGUOUS
UNKNOWN,NEUTRAL,0.319,True,CRIMINAL
CONFIRMED,SUPPORTING,0.820,True,AMBIGUOUS
SUSPECTED,SUPPORTING,0.680,True,MIXED
SUSPECTED,SUPPORTING,0.770,True,AMBIGUOUS
UNKNOWN,NEUTRAL,0.306,True,LEGITIMATE
UNKNOWN,NEUTRAL,0.219,True,MIXED
FALSE,CONTRADICTING,0.210,True,LEGITIMATE
SUSPECTED,SUPPORTING,0.822,True,AMBIGUOUS
SUSPECTED,SUPPORTING,0.681,True,CRIMINAL
SUSPECTED,SUPPORTING,0.652,True,AMBIGUOUS
CONFIRMED,SUPPORTING,0.924,True,CRIMINAL
FALSE,CONTRADICTING,0.325,True,CRIMINAL
UNKNOWN,NEUTRAL,0.300,True,LEGITIMATE
UNKNOWN,NEUTRAL,0.335,True,LEGITIMATE
SUSPECTED,SUPPORTING,0.601,True,CRIMINAL
UNKNOWN,NEUTRAL,0.444,True,LEGITIMATE
SUSPECTED,SUPPORTING,0.775,True,LEGITIMATE
FALSE,CONTRADICTING,0.241,True,CRIMINAL
SUSPECTED,SUPPORTING,0.822,True,LEGITIMATE
FALSE,CONTRADICTING,0.394,True,AMBIGUOUS
UNKNOWN,NEUTRAL,0.439,True,CRIMINAL
SUSPECTED,SUPPORTING,0.682,True,AMBIGUOUS
UNKNOWN,NEUTRAL,0.358,True,CRIMINAL
FALSE,CONTRADICTING,0.133,True,MIXED
UNKNOWN,NEUTRAL,0.472,True,MIXED
UNKNOWN,NEUTRAL,0.358,True,AMBIGUOUS
UNKNOWN,NEUTRAL,0.368,True,LEGITIMATE
SUSPECTED,SUPPORTING,0.854,True,LEGITIMATE
FALSE,CONTRADICTING,0.260,True,LEGITIMATE
SUSPECTED,SUPPORTING,0.616,True,AMBIGUOUS
CONFIRMED,SUPPORTING,0.905,True,CRIMINAL
CONFIRMED,SUPPORTING,0.985,True,CRIMINAL
UNKNOWN,NEUTRAL,0.262,True,CRIMINAL
CONFIRMED,SUPPORTING,0.957,True,CRIMINAL
SUSPECTED,SUPPORTING,0.764,True,CRIMINAL
UNKNOWN,NEUTRAL,0.372,True,AMBIGUOUS
SUSPECTED,SUPPORTING,0.649,True,CRIMINAL
CONFIRMED,SUPPORTING,0.866,True,CRIMINAL
UNKNOWN,NEUTRAL,0.343,True,MIXED
FALSE,CONTRADICTING,0.240,True,AMBIGUOUS
CONFIRMED,SUPPORTING,0.848,True,CRIMINAL
SUSPECTED,SUPPORTING,0.674,True,AMBIGUOUS
CONFIRMED,SUPPORTING,0.829,True,CRIMINAL
SUSPECTED,SUPPORTING,0.835,True,CRIMINAL
FALSE,CONTRADICTING,0.257,True,AMBIGUOUS
UNKNOWN,NEUTRAL,0.388,True,LEGITIMATE
CONFIRMED,SUPPORTING,0.938,True,MIXED
CONFIRMED,SUPPORTING,0.907,True,CRIMINAL
CONFIRMED,SUPPORTING,0.820,True,AMBIGUOUS
SUSPECTED,SUPPORTING,0.843,True,CRIMINAL
UNKNOWN,NEUTRAL,0.256,True,LEGITIMATE
SUSPECTED,SUPPORTING,0.816,True,AMBIGUOUS
SUSPECTED,SUPPORTING,0.688,True,AMBIGUOUS
CONFIRMED,SUPPORTING,0.984,True,CRIMINAL
CONFIRMED,SUPPORTING,0.847,True,CRIMINAL
SUSPECTED,SUPPORTING,0.585,True,MIXED
SUSPECTED,SUPPORTING,0.609,True,MIXED
UNKNOWN,NEUTRAL,0.275,True,CRIMINAL
UNKNOWN,NEUTRAL,0.355,True,MIXED
UNKNOWN,NEUTRAL,0.505,True,AMBIGUOUS
SUSPECTED,SUPPORTING,0.627,True,CRIMINAL
SUSPECTED,SUPPORTING,0.633,True,MIXED
SUSPECTED,SUPPORTING,0.845,True,CRIMINAL
CONFIRMED,SUPPORTING,0.859,True,MIXED
CONFIRMED,SUPPORTING,0.944,True,LEGITIMATE
CONFIRMED,SUPPORTING,0.916,True,CRIMINAL
UNKNOWN,NEUTRAL,0.514,True,CRIMINAL
UNKNOWN,NEUTRAL,0.374,True,MIXED
FALSE,CONTRADICTING,0.229,True,MIXED
FALSE,CONTRADICTING,0.181,True,AMBIGUOUS
CONFIRMED,SUPPORTING,0.867,True,CRIMINAL
UNKNOWN,NEUTRAL,0.245,True,CRIMINAL
SUSPECTED,SUPPORTING,0.645,True,MIXED
FALSE,CONTRADICTING,0.414,True,CRIMINAL
UNKNOWN,NEUTRAL,0.420,True,AMBIGUOUS
UNKNOWN,NEUTRAL,0.496,True,CRIMINAL
FALSE,CONTRADICTING,0.322,True,LEGITIMATE
UNKNOWN,NEUTRAL,0.536,True,AMBIGUOUS
SUSPECTED,SUPPORTING,0.800,True,MIXED
FALSE,CONTRADICTING,0.186,True,LEGITIMATE
SUSPECTED,SUPPORTING,0.850,True,CRIMINAL
CONFIRMED,SUPPORTING,0.825,True,LEGITIMATE
SUSPECTED,SUPPORTING,0.780,True,MIXED
UNKNOWN,NEUTRAL,0.234,True,AMBIGUOUS
UNKNOWN,NEUTRAL,0.211,True,AMBIGUOUS
CONFIRMED,SUPPORTING,0.876,True,CRIMINAL
SUSPECTED,SUPPORTING,0.638,True,MIXED
SUSPECTED,SUPPORTING,0.834,True,LEGITIMATE
CONFIRMED,SUPPORTING,0.930,True,MIXED
SUSPECTED,SUPPORTING,0.663,True,LEGITIMATE
UNKNOWN,NEUTRAL,0.499,True,AMBIGUOUS
FALSE,CONTRADICTING,0.314,True,LEGITIMATE
FALSE,CONTRADICTING,0.298,True,MIXED
UNKNOWN,NEUTRAL,0.545,True,CRIMINAL
UNKNOWN,NEUTRAL,0.202,True,CRIMINAL
FALSE,CONTRADICTING,0.318,True,LEGITIMATE
SUSPECTED,SUPPORTING,0.806,True,MIXED
UNKNOWN,NEUTRAL,0.277,True,LEGITIMATE
FALSE,CONTRADICTING,0.303,True,LEGITIMATE
UNKNOWN,NEUTRAL,0.244,True,CRIMINAL
UNKNOWN,NEUTRAL,0.244,True,CRIMINAL
CONFIRMED,SUPPORTING,0.865,True,CRIMINAL
FALSE,CONTRADICTING,0.183,True,LEGITIMATE
UNKNOWN,NEUTRAL,0.522,True,CRIMINAL
SUSPECTED,SUPPORTING,0.857,True,CRIMINAL
FALSE,CONTRADICTING,0.271,True,LEGITIMATE
SUSPECTED,SUPPORTING,0.760,True,CRIMINAL
CONFIRMED,SUPPORTING,0.827,True,CRIMINAL
SUSPECTED,SUPPORTING,0.750,True,MIXED
CONFIRMED,SUPPORTING,0.838,True,CRIMINAL
UNKNOWN,NEUTRAL,0.259,True,CRIMINAL
FALSE,CONTRADICTING,0.377,True,CRIMINAL
UNKNOWN,NEUTRAL,0.205,True,CRIMINAL
UNKNOWN,NEUTRAL,0.357,True,MIXED
UNKNOWN,NEUTRAL,0.219,True,CRIMINAL
CONFIRMED,SUPPORTING,0.898,True,CRIMINAL
UNKNOWN,NEUTRAL,0.539,True,AMBIGUOUS
FALSE,CONTRADICTING,0.253,True,MIXED
CONFIRMED,SUPPORTING,0.869,True,AMBIGUOUS
UNKNOWN,NEUTRAL,0.417,True,AMBIGUOUS
SUSPECTED,SUPPORTING,0.794,True,LEGITIMATE
CONFIRMED,SUPPORTING,0.907,True,AMBIGUOUS
UNKNOWN,NEUTRAL,0.549,True,LEGITIMATE
UNKNOWN,NEUTRAL,0.305,True,CRIMINAL
FALSE,CONTRADICTING,0.273,True,CRIMINAL
FALSE,CONTRADICTING,0.397,True,CRIMINAL
UNKNOWN,NEUTRAL,0.449,True,AMBIGUOUS
SUSPECTED,SUPPORTING,0.585,True,CRIMINAL
UNKNOWN,NEUTRAL,0.365,True,CRIMINAL
FALSE,CONTRADICTING,0.345,True,MIXED
UNKNOWN,NEUTRAL,0.296,True,LEGITIMATE
CONFIRMED,SUPPORTING,0.892,True,CRIMINAL
FALSE,CONTRADICTING,0.349,True,LEGITIMATE
SUSPECTED,SUPPORTING,0.679,True,CRIMINAL
UNKNOWN,NEUTRAL,0.266,True,CRIMINAL
CONFIRMED,SUPPORTING,0.859,True,CRIMINAL
SUSPECTED,SUPPORTING,0.775,True,LEGITIMATE
SUSPECTED,SUPPORTING,0.848,True,CRIMINAL
CONFIRMED,SUPPORTING,0.895,True,CRIMINAL
UNKNOWN,NEUTRAL,0.298,True,CRIMINAL
SUSPECTED,SUPPORTING,0.807,True,AMBIGUOUS
SUSPECTED,SUPPORTING,0.850,True,CRIMINAL
SUSPECTED,SUPPORTING,0.797,True,CRIMINAL
SUSPECTED,SUPPORTING,0.686,True,LEGITIMATE
CONFIRMED,SUPPORTING,0.963,True,LEGITIMATE
UNKNOWN,NEUTRAL,0.313,True,LEGITIMATE
FALSE,CONTRADICTING,0.208,True,LEGITIMATE
SUSPECTED,SUPPORTING,0.691,True,AMBIGUOUS
SUSPECTED,SUPPORTING,0.706,True,CRIMINAL
UNKNOWN,NEUTRAL,0.364,True,MIXED
UNKNOWN,NEUTRAL,0.257,True,MIXED
SUSPECTED,SUPPORTING,0.709,True,MIXED
FALSE,CONTRADICTING,0.379,True,LEGITIMATE
UNKNOWN,NEUTRAL,0.520,True,CRIMINAL
CONFIRMED,SUPPORTING,0.937,True,CRIMINAL
FALSE,CONTRADICTING,0.308,True,AMBIGUOUS
SUSPECTED,SUPPORTING,0.740,True,CRIMINAL
UNKNOWN,NEUTRAL,0.291,True,MIXED
CONFIRMED,SUPPORTING,0.938,True,LEGITIMATE
FALSE,CONTRADICTING,0.315,True,CRIMINAL
CONFIRMED,SUPPORTING,0.826,True,MIXED
FALSE,CONTRADICTING,0.284,True,MIXED
CONFIRMED,SUPPORTING,0.968,True,CRIMINAL
FALSE,CONTRADICTING,0.230,True,MIXED
UNKNOWN,NEUTRAL,0.453,True,LEGITIMATE
UNKNOWN,NEUTRAL,0.451,True,AMBIGUOUS
FALSE,CONTRADICTING,0.216,True,MIXED
FALSE,CONTRADICTING,0.206,True,LEGITIMATE
FALSE,CONTRADICTING,0.283,True,LEGITIMATE
CONFIRMED,SUPPORTING,0.843,True,CRIMINAL
CONFIRMED,SUPPORTING,0.834,True,MIXED
UNKNOWN,NEUTRAL,0.408,True,CRIMINAL
FALSE,CONTRADICTING,0.315,True,CRIMINAL
UNKNOWN,NEUTRAL,0.222,True,AMBIGUOUS
UNKNOWN,NEUTRAL,0.327,True,MIXED
SUSPECTED,SUPPORTING,0.768,True,CRIMINAL
SUSPECTED,SUPPORTING,0.754,True,AMBIGUOUS
CONFIRMED,SUPPORTING,0.971,True,AMBIGUOUS
UNKNOWN,NEUTRAL,0.293,True,AMBIGUOUS
FALSE,CONTRADICTING,0.151,True,CRIMINAL
FALSE,CONTRADICTING,0.411,True,MIXED
UNKNOWN,NEUTRAL,0.467,True,AMBIGUOUS
UNKNOWN,NEUTRAL,0.362,True,CRIMINAL
UNKNOWN,NEUTRAL,0.235,True,CRIMINAL
SUSPECTED,SUPPORTING,0.821,True,MIXED
UNKNOWN,NEUTRAL,0.379,True,AMBIGUOUS
SUSPECTED,SUPPORTING,0.805,True,MIXED
UNKNOWN,NEUTRAL,0.237,True,MIXED
CONFIRMED,SUPPORTING,0.951,True,CRIMINAL
CONFIRMED,SUPPORTING,0.958,True,CRIMINAL
CONFIRMED,SUPPORTING,0.952,True,AMBIGUOUS
SUSPECTED,SUPPORTING,0.773,True,LEGITIMATE
FALSE,CONTRADICTING,0.396,True,CRIMINAL
UNKNOWN,NEUTRAL,0.466,True,MIXED
SUSPECTED,SUPPORTING,0.752,True,LEGITIMATE
CONFIRMED,SUPPORTING,0.984,True,CRIMINAL
FALSE,CONTRADICTING,0.255,True,MIXED
CONFIRMED,SUPPORTING,0.852,True,CRIMINAL
CONFIRMED,SUPPORTING,0.861,True,AMBIGUOUS
CONFIRMED,SUPPORTING,0.877,True,CRIMINAL
CONFIRMED,SUPPORTING,0.923,True,LEGITIMATE
UNKNOWN,NEUTRAL,0.266,True,CRIMINAL
FALSE,CONTRADICTING,0.249,True,LEGITIMATE
CONFIRMED,SUPPORTING,0.932,True,CRIMINAL
SUSPECTED,SUPPORTING,0.644,True,AMBIGUOUS
SUSPECTED,SUPPORTING,0.626,True,AMBIGUOUS
FALSE,CONTRADICTING,0.273,True,LEGITIMATE
UNKNOWN,NEUTRAL,0.312,True,LEGITIMATE
CONFIRMED,SUPPORTING,0.893,True,CRIMINAL
FALSE,CONTRADICTING,0.169,True,AMBIGUOUS
CONFIRMED,SUPPORTING,0.836,True,MIXED
SUSPECTED,SUPPORTING,0.701,True,AMBIGUOUS
FALSE,CONTRADICTING,0.166,True,AMBIGUOUS
CONFIRMED,SUPPORTING,0.953,True,CRIMINAL
SUSPECTED,SUPPORTING,0.637,True,AMBIGUOUS
SUSPECTED,SUPPORTING,0.711,True,LEGITIMATE
UNKNOWN,NEUTRAL,0.506,True,AMBIGUOUS
SUSPECTED,SUPPORTING,0.680,True,MIXED
UNKNOWN,NEUTRAL,0.450,True,MIXED
CONFIRMED,SUPPORTING,0.902,True,CRIMINAL
UNKNOWN,NEUTRAL,0.534,True,AMBIGUOUS
FALSE,CONTRADICTING,0.206,True,MIXED
UNKNOWN,NEUTRAL,0.505,True,LEGITIMATE
FALSE,CONTRADICTING,0.334,True,LEGITIMATE
FALSE,CONTRADICTING,0.231,True,CRIMINAL
FALSE,CONTRADICTING,0.244,True,LEGITIMATE
FALSE,CONTRADICTING,0.388,True,LEGITIMATE
CONFIRMED,SUPPORTING,0.909,True,CRIMINAL
SUSPECTED,SUPPORTING,0.846,True,LEGITIMATE
SUSPECTED,SUPPORTING,0.647,True,CRIMINAL
SUSPECTED,SUPPORTING,0.702,True,MIXED
SUSPECTED,SUPPORTING,0.674,True,LEGITIMATE
FALSE,CONTRADICTING,0.138,True,CRIMINAL
UNKNOWN,NEUTRAL,0.330,True,CRIMINAL
SUSPECTED,SUPPORTING,0.857,True,AMBIGUOUS
UNKNOWN,NEUTRAL,0.377,True,AMBIGUOUS
FALSE,CONTRADICTING,0.362,True,MIXED
SUSPECTED,SUPPORTING,0.768,True,CRIMINAL
SUSPECTED,SUPPORTING,0.649,True,CRIMINAL
FALSE,CONTRADICTING,0.143,True,MIXED
CONFIRMED,SUPPORTING,0.943,True,MIXED
SUSPECTED,SUPPORTING,0.791,True,LEGITIMATE
UNKNOWN,NEUTRAL,0.469,True,MIXED
SUSPECTED,SUPPORTING,0.603,True,MIXED
UNKNOWN,NEUTRAL,0.484,True,LEGITIMATE
FALSE,CONTRADICTING,0.148,True,MIXED
SUSPECTED,SUPPORTING,0.753,True,CRIMINAL
UNKNOWN,NEUTRAL,0.470,True,CRIMINAL
UNKNOWN,NEUTRAL,0.274,True,AMBIGUOUS
SUSPECTED,SUPPORTING,0.729,True,MIXED
FALSE,CONTRADICTING,0.222,True,LEGITIMATE
FALSE,CONTRADICTING,0.417,True,CRIMINAL
SUSPECTED,SUPPORTING,0.595,True,LEGITIMATE
SUSPECTED,SUPPORTING,0.727,True,MIXED
UNKNOWN,NEUTRAL,0.206,True,LEGITIMATE
UNKNOWN,NEUTRAL,0.317,True,MIXED
SUSPECTED,SUPPORTING,0.690,True,MIXED
SUSPECTED,SUPPORTING,0.710,True,MIXED
SUSPECTED,SUPPORTING,0.583,True,AMBIGUOUS
SUSPECTED,SUPPORTING,0.634,True,CRIMINAL
UNKNOWN,NEUTRAL,0.396,True,LEGITIMATE
FALSE,CONTRADICTING,0.178,True,CRIMINAL
SUSPECTED,SUPPORTING,0.698,True,MIXED
FALSE,CONTRADICTING,0.211,True,MIXED
FALSE,CONTRADICTING,0.150,True,LEGITIMATE
FALSE,CONTRADICTING,0.398,True,MIXED
CONFIRMED,SUPPORTING,0.976,True,CRIMINAL
FALSE,CONTRADICTING,0.175,True,LEGITIMATE
SUSPECTED,SUPPORTING,0.617,True,MIXED
UNKNOWN,NEUTRAL,0.418,True,MIXED
CONFIRMED,SUPPORTING,0.976,True,MIXED
FALSE,CONTRADICTING,0.271,True,AMBIGUOUS
SUSPECTED,SUPPORTING,0.695,True,LEGITIMATE
SUSPECTED,SUPPORTING,0.626,True,CRIMINAL
FALSE,CONTRADICTING,0.209,True,MIXED
CONFIRMED,SUPPORTING,0.834,True,CRIMINAL
UNKNOWN,NEUTRAL,0.532,True,LEGITIMATE
FALSE,CONTRADICTING,0.360,True,AMBIGUOUS
CONFIRMED,SUPPORTING,0.854,True,MIXED
FALSE,CONTRADICTING,0.202,True,CRIMINAL
CONFIRMED,SUPPORTING,0.987,True,CRIMINAL
SUSPECTED,SUPPORTING,0.611,True,MIXED
SUSPECTED,SUPPORTING,0.696,True,CRIMINAL
CONFIRMED,SUPPORTING,0.838,True,MIXED
FALSE,CONTRADICTING,0.143,True,MIXED
SUSPECTED,SUPPORTING,0.713,True,CRIMINAL
CONFIRMED,SUPPORTING,0.969,True,LEGITIMATE
SUSPECTED,SUPPORTING,0.812,True,MIXED
UNKNOWN,NEUTRAL,0.468,True,CRIMINAL
UNKNOWN,NEUTRAL,0.289,True,CRIMINAL
UNKNOWN,NEUTRAL,0.254,True,LEGITIMATE
SUSPECTED,SUPPORTING,0.637,True,AMBIGUOUS
CONFIRMED,SUPPORTING,0.893,True,MIXED
SUSPECTED,SUPPORTING,0.680,True,MIXED
SUSPECTED,SUPPORTING,0.799,True,AMBIGUOUS
CONFIRMED,SUPPORTING,0.822,True,LEGITIMATE
FALSE,CONTRADICTING,0.183,True,AMBIGUOUS
CONFIRMED,SUPPORTING,0.924,True,AMBIGUOUS
CONFIRMED,SUPPORTING,0.950,True,AMBIGUOUS
FALSE,CONTRADICTING,0.241,True,CRIMINAL
SUSPECTED,SUPPORTING,0.851,True,MIXED
SUSPECTED,SUPPORTING,0.614,True,MIXED
SUSPECTED,SUPPORTING,0.613,True,MIXED
CONFIRMED,SUPPORTING,0.865,True,AMBIGUOUS
UNKNOWN,NEUTRAL,0.330,True,AMBIGUOUS
FALSE,CONTRADICTING,0.246,True,LEGITIMATE
SUSPECTED,SUPPORTING,0.622,True,CRIMINAL
SUSPECTED,SUPPORTING,0.697,True,CRIMINAL
FALSE,CONTRADICTING,0.320,True,LEGITIMATE
CONFIRMED,SUPPORTING,0.849,True,CRIMINAL
FALSE,CONTRADICTING,0.282,True,LEGITIMATE
SUSPECTED,SUPPORTING,0.813,True,CRIMINAL
CONFIRMED,SUPPORTING,0.987,True,MIXED
SUSPECTED,SUPPORTING,0.747,True,LEGITIMATE
SUSPECTED,SUPPORTING,0.760,True,MIXED
FALSE,CONTRADICTING,0.318,True,MIXED
SUSPECTED,SUPPORTING,0.616,True,MIXED
SUSPECTED,SUPPORTING,0.728,True,LEGITIMATE
CONFIRMED,SUPPORTING,0.901,True,AMBIGUOUS
SUSPECTED,SUPPORTING,0.769,True,LEGITIMATE
CONFIRMED,SUPPORTING,0.976,True,CRIMINAL
SUSPECTED,SUPPORTING,0.581,True,MIXED
FALSE,CONTRADICTING,0.303,True,MIXED
CONFIRMED,SUPPORTING,0.951,True,LEGITIMATE
CONFIRMED,SUPPORTING,0.870,True,CRIMINAL
SUSPECTED,SUPPORTING,0.723,True,LEGITIMATE
FALSE,CONTRADICTING,0.304,True,LEGITIMATE
SUSPECTED,SUPPORTING,0.581,True,LEGITIMATE
CONFIRMED,SUPPORTING,0.891,True,CRIMINAL
UNKNOWN,NEUTRAL,0.440,True,AMBIGUOUS
SUSPECTED,SUPPORTING,0.736,True,LEGITIMATE
FALSE,CONTRADICTING,0.396,True,MIXED
FALSE,CONTRADICTING,0.413,True,LEGITIMATE
SUSPECTED,SUPPORTING,0.652,True,MIXED
UNKNOWN,NEUTRAL,0.501,True,AMBIGUOUS
FALSE,CONTRADICTING,0.406,True,CRIMINAL
SUSPECTED,SUPPORTING,0.747,True,CRIMINAL
UNKNOWN,NEUTRAL,0.443,True,LEGITIMATE
UNKNOWN,NEUTRAL,0.330,True,AMBIGUOUS
FALSE,CONTRADICTING,0.352,True,LEGITIMATE
UNKNOWN,NEUTRAL,0.418,True,MIXED
SUSPECTED,SUPPORTING,0.665,True,CRIMINAL
SUSPECTED,SUPPORTING,0.592,True,MIXED
SUSPECTED,SUPPORTING,0.832,True,MIXED
SUSPECTED,SUPPORTING,0.639,True,MIXED
CONFIRMED,SUPPORTING,0.938,True,LEGITIMATE
SUSPECTED,SUPPORTING,0.815,True,MIXED
SUSPECTED,SUPPORTING,0.678,True,MIXED
FALSE,CONTRADICTING,0.234,True,LEGITIMATE
UNKNOWN,NEUTRAL,0.499,True,CRIMINAL
UNKNOWN,NEUTRAL,0.400,True,AMBIGUOUS
SUSPECTED,SUPPORTING,0.735,True,CRIMINAL
CONFIRMED,SUPPORTING,0.938,True,LEGITIMATE
SUSPECTED,SUPPORTING,0.796,True,CRIMINAL
UNKNOWN,NEUTRAL,0.458,True,MIXED
UNKNOWN,NEUTRAL,0.422,True,MIXED
CONFIRMED,SUPPORTING,0.950,True,CRIMINAL
SUSPECTED,SUPPORTING,0.657,True,CRIMINAL
FALSE,CONTRADICTING,0.265,True,LEGITIMATE
SUSPECTED,SUPPORTING,0.607,True,MIXED
CONFIRMED,SUPPORTING,0.849,True,MIXED
CONFIRMED,SUPPORTING,0.864,True,CRIMINAL
UNKNOWN,NEUTRAL,0.275,True,LEGITIMATE
FALSE,CONTRADICTING,0.268,True,MIXED
CONFIRMED,SUPPORTING,0.854,True,CRIMINAL
CONFIRMED,SUPPORTING,0.987,True,AMBIGUOUS
FALSE,CONTRADICTING,0.363,True,LEGITIMATE
UNKNOWN,NEUTRAL,0.294,True,CRIMINAL
CONFIRMED,SUPPORTING,0.876,True,CRIMINAL
UNKNOWN,NEUTRAL,0.467,True,CRIMINAL
SUSPECTED,SUPPORTING,0.667,True,MIXED
CONFIRMED,SUPPORTING,0.851,True,CRIMINAL
CONFIRMED,SUPPORTING,0.948,True,MIXED
FALSE,CONTRADICTING,0.142,True,AMBIGUOUS
CONFIRMED,SUPPORTING,0.924,True,MIXED
SUSPECTED,SUPPORTING,0.838,True,CRIMINAL
CONFIRMED,SUPPORTING,0.846,True,CRIMINAL
FALSE,CONTRADICTING,0.145,True,CRIMINAL
SUSPECTED,SUPPORTING,0.768,True,LEGITIMATE
CONFIRMED,SUPPORTING,0.971,True,MIXED
FALSE,CONTRADICTING,0.337,True,LEGITIMATE
FALSE,CONTRADICTING,0.207,True,LEGITIMATE
CONFIRMED,SUPPORTING,0.858,True,LEGITIMATE
CONFIRMED,SUPPORTING,0.902,True,CRIMINAL
CONFIRMED,SUPPORTING,0.978,True,AMBIGUOUS
UNKNOWN,NEUTRAL,0.456,True,LEGITIMATE
SUSPECTED,SUPPORTING,0.819,True,CRIMINAL
SUSPECTED,SUPPORTING,0.813,True,CRIMINAL
CONFIRMED,SUPPORTING,0.827,True,CRIMINAL
FALSE,CONTRADICTING,0.349,True,CRIMINAL
CONFIRMED,SUPPORTING,0.840,True,LEGITIMATE
FALSE,CONTRADICTING,0.188,True,CRIMINAL
CONFIRMED,SUPPORTING,0.876,True,CRIMINAL
FALSE,CONTRADICTING,0.393,True,CRIMINAL
SUSPECTED,SUPPORTING,0.666,True,LEGITIMATE
CONFIRMED,SUPPORTING,0.960,True,CRIMINAL
SUSPECTED,SUPPORTING,0.801,True,CRIMINAL
FALSE,CONTRADICTING,0.392,True,MIXED
FALSE,CONTRADICTING,0.239,True,CRIMINAL
SUSPECTED,SUPPORTING,0.665,True,CRIMINAL
SUSPECTED,SUPPORTING,0.690,True,AMBIGUOUS
UNKNOWN,NEUTRAL,0.401,True,MIXED
SUSPECTED,SUPPORTING,0.822,True,CRIMINAL
SUSPECTED,SUPPORTING,0.673,True,CRIMINAL
SUSPECTED,SUPPORTING,0.746,True,MIXED
UNKNOWN,NEUTRAL,0.534,True,MIXED
SUSPECTED,SUPPORTING,0.591,True,AMBIGUOUS
UNKNOWN,NEUTRAL,0.428,True,MIXED
CONFIRMED,SUPPORTING,0.844,True,LEGITIMATE
SUSPECTED,SUPPORTING,0.738,True,MIXED
UNKNOWN,NEUTRAL,0.254,True,LEGITIMATE
CONFIRMED,SUPPORTING,0.951,True,CRIMINAL
UNKNOWN,NEUTRAL,0.478,True,AMBIGUOUS
FALSE,CONTRADICTING,0.185,True,MIXED
UNKNOWN,NEUTRAL,0.218,True,CRIMINAL
CONFIRMED,SUPPORTING,0.886,True,CRIMINAL
UNKNOWN,NEUTRAL,0.381,True,LEGITIMATE
SUSPECTED,SUPPORTING,0.614,True,CRIMINAL
SUSPECTED,SUPPORTING,0.657,True,LEGITIMATE
FALSE,CONTRADICTING,0.312,True,MIXED
CONFIRMED,SUPPORTING,0.945,True,CRIMINAL
FALSE,CONTRADICTING,0.254,True,AMBIGUOUS
FALSE,CONTRADICTING,0.143,True,CRIMINAL
SUSPECTED,SUPPORTING,0.852,True,LEGITIMATE
CONFIRMED,SUPPORTING,0.965,True,LEGITIMATE
FALSE,CONTRADICTING,0.232,True,AMBIGUOUS
FALSE,CONTRADICTING,0.174,True,LEGITIMATE
CONFIRMED,SUPPORTING,0.830,True,CRIMINAL
FALSE,CONTRADICTING,0.331,True,CRIMINAL
SUSPECTED,SUPPORTING,0.637,True,CRIMINAL
SUSPECTED,SUPPORTING,0.596,True,MIXED
FALSE,CONTRADICTING,0.412,True,MIXED
UNKNOWN,NEUTRAL,0.270,True,MIXED
UNKNOWN,NEUTRAL,0.327,True,AMBIGUOUS
CONFIRMED,SUPPORTING,0.934,True,LEGITIMATE
UNKNOWN,NEUTRAL,0.275,True,CRIMINAL
CONFIRMED,SUPPORTING,0.892,True,MIXED
SUSPECTED,SUPPORTING,0.733,True,CRIMINAL
FALSE,CONTRADICTING,0.253,True,AMBIGUOUS
CONFIRMED,SUPPORTING,0.963,True,CRIMINAL
SUSPECTED,SUPPORTING,0.660,True,CRIMINAL
UNKNOWN,NEUTRAL,0.356,True,MIXED
SUSPECTED,SUPPORTING,0.590,True,CRIMINAL
FALSE,CONTRADICTING,0.268,True,AMBIGUOUS
SUSPECTED,SUPPORTING,0.774,True,CRIMINAL
CONFIRMED,SUPPORTING,0.821,True,CRIMINAL
FALSE,CONTRADICTING,0.353,True,MIXED
SUSPECTED,SUPPORTING,0.618,True,CRIMINAL
UNKNOWN,NEUTRAL,0.473,True,AMBIGUOUS
SUSPECTED,SUPPORTING,0.589,True,MIXED
UNKNOWN,NEUTRAL,0.428,True,LEGITIMATE
SUSPECTED,SUPPORTING,0.694,True,CRIMINAL
CONFIRMED,SUPPORTING,0.934,True,CRIMINAL
CONFIRMED,SUPPORTING,0.883,True,CRIMINAL
UNKNOWN,NEUTRAL,0.528,True,MIXED
UNKNOWN,NEUTRAL,0.236,True,LEGITIMATE
FALSE,CONTRADICTING,0.395,True,CRIMINAL
CONFIRMED,SUPPORTING,0.937,True,CRIMINAL
UNKNOWN,NEUTRAL,0.249,True,LEGITIMATE
SUSPECTED,SUPPORTING,0.690,True,MIXED
CONFIRMED,SUPPORTING,0.897,True,CRIMINAL
UNKNOWN,NEUTRAL,0.245,True,LEGITIMATE
UNKNOWN,NEUTRAL,0.510,True,CRIMINAL
UNKNOWN,NEUTRAL,0.227,True,CRIMINAL
CONFIRMED,SUPPORTING,0.933,True,CRIMINAL
FALSE,CONTRADICTING,0.246,True,CRIMINAL
CONFIRMED,SUPPORTING,0.822,True,AMBIGUOUS
SUSPECTED,SUPPORTING,0.849,True,CRIMINAL
SUSPECTED,SUPPORTING,0.824,True,MIXED
SUSPECTED,SUPPORTING,0.610,True,CRIMINAL
UNKNOWN,NEUTRAL,0.398,True,AMBIGUOUS
SUSPECTED,SUPPORTING,0.602,True,CRIMINAL
CONFIRMED,SUPPORTING,0.821,True,MIXED
CONFIRMED,SUPPORTING,0.824,True,CRIMINAL
SUSPECTED,SUPPORTING,0.655,True,CRIMINAL
SUSPECTED,SUPPORTING,0.807,True,MIXED
UNKNOWN,NEUTRAL,0.279,True,AMBIGUOUS
SUSPECTED,SUPPORTING,0.692,True,CRIMINAL
UNKNOWN,NEUTRAL,0.416,True,CRIMINAL
CONFIRMED,SUPPORTING,0.910,True,LEGITIMATE
UNKNOWN,NEUTRAL,0.433,True,LEGITIMATE
SUSPECTED,SUPPORTING,0.770,True,MIXED
FALSE,CONTRADICTING,0.333,True,LEGITIMATE
FALSE,CONTRADICTING,0.284,True,MIXED
SUSPECTED,SUPPORTING,0.709,True,CRIMINAL
UNKNOWN,NEUTRAL,0.270,True,LEGITIMATE
SUSPECTED,SUPPORTING,0.844,True,LEGITIMATE
FALSE,CONTRADICTING,0.181,True,LEGITIMATE
UNKNOWN,NEUTRAL,0.288,True,CRIMINAL
SUSPECTED,SUPPORTING,0.819,True,CRIMINAL
CONFIRMED,SUPPORTING,0.874,True,CRIMINAL
CONFIRMED,SUPPORTING,0.982,True,MIXED
FALSE,CONTRADICTING,0.240,True,LEGITIMATE
UNKNOWN,NEUTRAL,0.350,True,CRIMINAL
SUSPECTED,SUPPORTING,0.751,True,CRIMINAL
SUSPECTED,SUPPORTING,0.628,True,LEGITIMATE
SUSPECTED,SUPPORTING,0.743,True,AMBIGUOUS
FALSE,CONTRADICTING,0.376,True,CRIMINAL
SUSPECTED,SUPPORTING,0.790,True,CRIMINAL
CONFIRMED,SUPPORTING,0.974,True,LEGITIMATE
CONFIRMED,SUPPORTING,0.975,True,CRIMINAL
UNKNOWN,NEUTRAL,0.271,True,AMBIGUOUS
FALSE,CONTRADICTING,0.370,True,LEGITIMATE
UNKNOWN,NEUTRAL,0.372,True,MIXED
UNKNOWN,NEUTRAL,0.222,True,AMBIGUOUS
CONFIRMED,SUPPORTING,0.926,True,CRIMINAL
CONFIRMED,SUPPORTING,0.978,True,LEGITIMATE
SUSPECTED,SUPPORTING,0.605,True,LEGITIMATE
SUSPECTED,SUPPORTING,0.667,True,AMBIGUOUS
UNKNOWN,NEUTRAL,0.269,True,CRIMINAL
UNKNOWN,NEUTRAL,0.417,True,MIXED
UNKNOWN,NEUTRAL,0.257,True,CRIMINAL
CONFIRMED,SUPPORTING,0.907,True,CRIMINAL
SUSPECTED,SUPPORTING,0.758,True,MIXED
CONFIRMED,SUPPORTING,0.969,True,LEGITIMATE
SUSPECTED,SUPPORTING,0.636,True,AMBIGUOUS
FALSE,CONTRADICTING,0.154,True,LEGITIMATE
CONFIRMED,SUPPORTING,0.867,True,AMBIGUOUS
CONFIRMED,SUPPORTING,0.889,True,MIXED
UNKNOWN,NEUTRAL,0.200,True,MIXED
CONFIRMED,SUPPORTING,0.924,True,MIXED
FALSE,CONTRADICTING,0.362,True,CRIMINAL
UNKNOWN,NEUTRAL,0.434,True,CRIMINAL
UNKNOWN,NEUTRAL,0.234,True,LEGITIMATE
CONFIRMED,SUPPORTING,0.837,True,CRIMINAL
CONFIRMED,SUPPORTING,0.839,True,CRIMINAL
UNKNOWN,NEUTRAL,0.400,True,MIXED
UNKNOWN,NEUTRAL,0.395,True,CRIMINAL
CONFIRMED,SUPPORTING,0.974,True,CRIMINAL
FALSE,CONTRADICTING,0.180,True,MIXED
CONFIRMED,SUPPORTING,0.881,True,CRIMINAL
SUSPECTED,SUPPORTING,0.592,True,CRIMINAL
UNKNOWN,NEUTRAL,0.223,True,CRIMINAL
UNKNOWN,NEUTRAL,0.232,True,LEGITIMATE
FALSE,CONTRADICTING,0.380,True,LEGITIMATE
CONFIRMED,SUPPORTING,0.900,True,LEGITIMATE
CONFIRMED,SUPPORTING,0.984,True,CRIMINAL
FALSE,CONTRADICTING,0.247,True,LEGITIMATE
CONFIRMED,SUPPORTING,0.823,True,CRIMINAL
SUSPECTED,SUPPORTING,0.653,True,MIXED
CONFIRMED,SUPPORTING,0.963,True,CRIMINAL
SUSPECTED,SUPPORTING,0.702,True,CRIMINAL
SUSPECTED,SUPPORTING,0.687,True,MIXED
UNKNOWN,NEUTRAL,0.342,True,AMBIGUOUS
SUSPECTED,SUPPORTING,0.724,True,CRIMINAL
SUSPECTED,SUPPORTING,0.855,True,CRIMINAL
UNKNOWN,NEUTRAL,0.515,True,MIXED
SUSPECTED,SUPPORTING,0.641,True,CRIMINAL
SUSPECTED,SUPPORTING,0.782,True,LEGITIMATE
SUSPECTED,SUPPORTING,0.667,True,MIXED
CONFIRMED,SUPPORTING,0.922,True,CRIMINAL
CONFIRMED,SUPPORTING,0.862,True,LEGITIMATE
SUSPECTED,SUPPORTING,0.604,True,LEGITIMATE
SUSPECTED,SUPPORTING,0.667,True,CRIMINAL
UNKNOWN,NEUTRAL,0.509,True,CRIMINAL
CONFIRMED,SUPPORTING,0.895,True,CRIMINAL
SUSPECTED,SUPPORTING,0.816,True,LEGITIMATE
SUSPECTED,SUPPORTING,0.598,True,CRIMINAL
UNKNOWN,NEUTRAL,0.503,True,LEGITIMATE
CONFIRMED,SUPPORTING,0.915,True,AMBIGUOUS
FALSE,CONTRADICTING,0.318,True,MIXED
UNKNOWN,NEUTRAL,0.542,True,MIXED
CONFIRMED,SUPPORTING,0.934,True,MIXED
UNKNOWN,NEUTRAL,0.310,True,MIXED
SUSPECTED,SUPPORTING,0.585,True,CRIMINAL
FALSE,CONTRADICTING,0.233,True,AMBIGUOUS
UNKNOWN,NEUTRAL,0.534,True,MIXED
CONFIRMED,SUPPORTING,0.897,True,CRIMINAL
UNKNOWN,NEUTRAL,0.503,True,CRIMINAL
SUSPECTED,SUPPORTING,0.831,True,CRIMINAL
CONFIRMED,SUPPORTING,0.988,True,CRIMINAL
UNKNOWN,NEUTRAL,0.360,True,AMBIGUOUS
FALSE,CONTRADICTING,0.254,True,AMBIGUOUS
CONFIRMED,SUPPORTING,0.963,True,CRIMINAL
CONFIRMED,SUPPORTING,0.862,True,CRIMINAL
UNKNOWN,NEUTRAL,0.282,True,LEGITIMATE
CONFIRMED,SUPPORTING,0.886,True,CRIMINAL
SUSPECTED,SUPPORTING,0.734,True,CRIMINAL
SUSPECTED,SUPPORTING,0.605,True,MIXED
SUSPECTED,SUPPORTING,0.586,True,MIXED
UNKNOWN,NEUTRAL,0.313,True,MIXED
SUSPECTED,SUPPORTING,0.800,True,MIXED
SUSPECTED,SUPPORTING,0.683,True,CRIMINAL
SUSPECTED,SUPPORTING,0.655,True,MIXED
SUSPECTED,SUPPORTING,0.582,True,CRIMINAL
FALSE,CONTRADICTING,0.239,True,LEGITIMATE
UNKNOWN,NEUTRAL,0.380,True,AMBIGUOUS
FALSE,CONTRADICTING,0.363,True,LEGITIMATE
CONFIRMED,SUPPORTING,0.947,True,LEGITIMATE
SUSPECTED,SUPPORTING,0.608,True,MIXED
CONFIRMED,SUPPORTING,0.873,True,LEGITIMATE
SUSPECTED,SUPPORTING,0.840,True,CRIMINAL
FALSE,CONTRADICTING,0.202,True,LEGITIMATE
SUSPECTED,SUPPORTING,0.681,True,CRIMINAL
SUSPECTED,SUPPORTING,0.726,True,CRIMINAL
SUSPECTED,SUPPORTING,0.677,True,CRIMINAL
UNKNOWN,NEUTRAL,0.490,True,AMBIGUOUS
SUSPECTED,SUPPORTING,0.780,True,CRIMINAL
UNKNOWN,NEUTRAL,0.448,True,LEGITIMATE
UNKNOWN,NEUTRAL,0.315,True,LEGITIMATE
UNKNOWN,NEUTRAL,0.231,True,AMBIGUOUS
UNKNOWN,NEUTRAL,0.249,True,AMBIGUOUS
CONFIRMED,SUPPORTING,0.982,True,LEGITIMATE
FALSE,CONTRADICTING,0.342,True,MIXED
FALSE,CONTRADICTING,0.350,True,LEGITIMATE
FALSE,CONTRADICTING,0.392,True,AMBIGUOUS
UNKNOWN,NEUTRAL,0.420,True,CRIMINAL
SUSPECTED,SUPPORTING,0.833,True,CRIMINAL
SUSPECTED,SUPPORTING,0.609,True,CRIMINAL
SUSPECTED,SUPPORTING,0.585,True,MIXED
FALSE,CONTRADICTING,0.265,True,LEGITIMATE
FALSE,CONTRADICTING,0.171,True,MIXED
CONFIRMED,SUPPORTING,0.939,True,CRIMINAL
UNKNOWN,NEUTRAL,0.206,True,LEGITIMATE
UNKNOWN,NEUTRAL,0.470,True,CRIMINAL
SUSPECTED,SUPPORTING,0.805,True,MIXED
SUSPECTED,SUPPORTING,0.700,True,CRIMINAL
CONFIRMED,SUPPORTING,0.843,True,CRIMINAL
FALSE,CONTRADICTING,0.234,True,CRIMINAL
SUSPECTED,SUPPORTING,0.774,True,MIXED
SUSPECTED,SUPPORTING,0.681,True,MIXED
CONFIRMED,SUPPORTING,0.967,True,AMBIGUOUS
UNKNOWN,NEUTRAL,0.515,True,AMBIGUOUS
CONFIRMED,SUPPORTING,0.871,True,CRIMINAL
FALSE,CONTRADICTING,0.215,True,AMBIGUOUS
CONFIRMED,SUPPORTING,0.953,True,LEGITIMATE
SUSPECTED,SUPPORTING,0.850,True,MIXED
CONFIRMED,SUPPORTING,0.846,True,MIXED
SUSPECTED,SUPPORTING,0.647,True,AMBIGUOUS
FALSE,CONTRADICTING,0.197,True,CRIMINAL
UNKNOWN,NEUTRAL,0.496,True,AMBIGUOUS
SUSPECTED,SUPPORTING,0.687,True,LEGITIMATE
SUSPECTED,SUPPORTING,0.742,True,CRIMINAL
SUSPECTED,SUPPORTING,0.845,True,CRIMINAL
UNKNOWN,NEUTRAL,0.376,True,MIXED
CONFIRMED,SUPPORTING,0.859,True,CRIMINAL
SUSPECTED,SUPPORTING,0.612,True,CRIMINAL
SUSPECTED,SUPPORTING,0.737,True,CRIMINAL
UNKNOWN,NEUTRAL,0.451,True,LEGITIMATE
UNKNOWN,NEUTRAL,0.218,True,AMBIGUOUS
FALSE,CONTRADICTING,0.376,True,LEGITIMATE
SUSPECTED,SUPPORTING,0.682,True,CRIMINAL
UNKNOWN,NEUTRAL,0.470,True,AMBIGUOUS
SUSPECTED,SUPPORTING,0.614,True,MIXED
CONFIRMED,SUPPORTING,0.978,True,AMBIGUOUS
CONFIRMED,SUPPORTING,0.865,True,CRIMINAL
SUSPECTED,SUPPORTING,0.845,True,MIXED
CONFIRMED,SUPPORTING,0.849,True,MIXED
SUSPECTED,SUPPORTING,0.611,True,CRIMINAL
UNKNOWN,NEUTRAL,0.331,True,AMBIGUOUS
UNKNOWN,NEUTRAL,0.444,True,AMBIGUOUS
UNKNOWN,NEUTRAL,0.257,True,MIXED
SUSPECTED,SUPPORTING,0.790,True,CRIMINAL
FALSE,CONTRADICTING,0.332,True,CRIMINAL
SUSPECTED,SUPPORTING,0.808,True,MIXED
FALSE,CONTRADICTING,0.236,True,LEGITIMATE
UNKNOWN,NEUTRAL,0.438,True,CRIMINAL
SUSPECTED,SUPPORTING,0.844,True,AMBIGUOUS
UNKNOWN,NEUTRAL,0.274,True,AMBIGUOUS
SUSPECTED,SUPPORTING,0.669,True,MIXED
CONFIRMED,SUPPORTING,0.972,True,MIXED
SUSPECTED,SUPPORTING,0.626,True,CRIMINAL
CONFIRMED,SUPPORTING,0.893,True,CRIMINAL
FALSE,CONTRADICTING,0.358,True,CRIMINAL
CONFIRMED,SUPPORTING,0.875,True,CRIMINAL
SUSPECTED,SUPPORTING,0.702,True,CRIMINAL
SUSPECTED,SUPPORTING,0.608,True,CRIMINAL
FALSE,CONTRADICTING,0.263,True,CRIMINAL
SUSPECTED,SUPPORTING,0.623,True,AMBIGUOUS
CONFIRMED,SUPPORTING,0.918,True,CRIMINAL
CONFIRMED,SUPPORTING,0.960,True,CRIMINAL
SUSPECTED,SUPPORTING,0.680,True,CRIMINAL
UNKNOWN,NEUTRAL,0.473,True,AMBIGUOUS
UNKNOWN,NEUTRAL,0.427,True,LEGITIMATE
FALSE,CONTRADICTING,0.149,True,AMBIGUOUS
UNKNOWN,NEUTRAL,0.217,True,MIXED
SUSPECTED,SUPPORTING,0.680,True,CRIMINAL
CONFIRMED,SUPPORTING,0.887,True,MIXED
CONFIRMED,SUPPORTING,0.969,True,CRIMINAL
SUSPECTED,SUPPORTING,0.643,True,CRIMINAL
SUSPECTED,SUPPORTING,0.807,True,LEGITIMATE
UNKNOWN,NEUTRAL,0.362,True,CRIMINAL
UNKNOWN,NEUTRAL,0.323,True,AMBIGUOUS
UNKNOWN,NEUTRAL,0.539,True,LEGITIMATE
CONFIRMED,SUPPORTING,0.882,True,MIXED
FALSE,CONTRADICTING,0.394,True,CRIMINAL
UNKNOWN,NEUTRAL,0.421,True,AMBIGUOUS
CONFIRMED,SUPPORTING,0.987,True,CRIMINAL
SUSPECTED,SUPPORTING,0.674,True,MIXED
SUSPECTED,SUPPORTING,0.706,True,CRIMINAL
SUSPECTED,SUPPORTING,0.805,True,CRIMINAL
UNKNOWN,NEUTRAL,0.262,True,LEGITIMATE
SUSPECTED,SUPPORTING,0.747,True,CRIMINAL
CONFIRMED,SUPPORTING,0.966,True,MIXED
CONFIRMED,SUPPORTING,0.898,True,CRIMINAL
CONFIRMED,SUPPORTING,0.865,True,CRIMINAL
SUSPECTED,SUPPORTING,0.641,True,CRIMINAL
UNKNOWN,NEUTRAL,0.222,True,AMBIGUOUS
CONFIRMED,SUPPORTING,0.903,True,LEGITIMATE
CONFIRMED,SUPPORTING,0.986,True,LEGITIMATE
UNKNOWN,NEUTRAL,0.477,True,LEGITIMATE
CONFIRMED,SUPPORTING,0.966,True,CRIMINAL
UNKNOWN,NEUTRAL,0.442,True,AMBIGUOUS
SUSPECTED,SUPPORTING,0.833,True,CRIMINAL
SUSPECTED,SUPPORTING,0.694,True,CRIMINAL
CONFIRMED,SUPPORTING,0.971,True,CRIMINAL
SUSPECTED,SUPPORTING,0.851,True,CRIMINAL
UNKNOWN,NEUTRAL,0.281,True,CRIMINAL
SUSPECTED,SUPPORTING,0.633,True,MIXED
CONFIRMED,SUPPORTING,0.889,True,AMBIGUOUS
SUSPECTED,SUPPORTING,0.581,True,MIXED
SUSPECTED,SUPPORTING,0.711,True,MIXED
UNKNOWN,NEUTRAL,0.294,True,MIXED
UNKNOWN,NEUTRAL,0.208,True,LEGITIMATE
CONFIRMED,SUPPORTING,0.909,True,CRIMINAL
SUSPECTED,SUPPORTING,0.785,True,CRIMINAL
CONFIRMED,SUPPORTING,0.986,True,CRIMINAL
CONFIRMED,SUPPORTING,0.921,True,CRIMINAL
CONFIRMED,SUPPORTING,0.958,True,CRIMINAL
SUSPECTED,SUPPORTING,0.814,True,MIXED
SUSPECTED,SUPPORTING,0.853,True,CRIMINAL
SUSPECTED,SUPPORTING,0.646,True,MIXED
SUSPECTED,SUPPORTING,0.810,True,CRIMINAL
SUSPECTED,SUPPORTING,0.785,True,CRIMINAL
FALSE,CONTRADICTING,0.316,True,CRIMINAL
UNKNOWN,NEUTRAL,0.227,True,AMBIGUOUS
SUSPECTED,SUPPORTING,0.691,True,CRIMINAL
UNKNOWN,NEUTRAL,0.353,True,LEGITIMATE
CONFIRMED,SUPPORTING,0.861,True,MIXED
SUSPECTED,SUPPORTING,0.821,True,CRIMINAL
UNKNOWN,NEUTRAL,0.356,True,CRIMINAL
UNKNOWN,NEUTRAL,0.290,True,CRIMINAL
UNKNOWN,NEUTRAL,0.525,True,LEGITIMATE
CONFIRMED,SUPPORTING,0.902,True,LEGITIMATE
FALSE,CONTRADICTING,0.327,True,AMBIGUOUS
SUSPECTED,SUPPORTING,0.675,True,CRIMINAL
SUSPECTED,SUPPORTING,0.821,True,CRIMINAL
SUSPECTED,SUPPORTING,0.646,True,CRIMINAL
FALSE,CONTRADICTING,0.137,True,LEGITIMATE
SUSPECTED,SUPPORTING,0.601,True,MIXED
SUSPECTED,SUPPORTING,0.672,True,MIXED
SUSPECTED,SUPPORTING,0.820,True,LEGITIMATE
SUSPECTED,SUPPORTING,0.837,True,MIXED
SUSPECTED,SUPPORTING,0.853,True,CRIMINAL
FALSE,CONTRADICTING,0.305,True,LEGITIMATE
SUSPECTED,SUPPORTING,0.826,True,LEGITIMATE
SUSPECTED,SUPPORTING,0.642,True,AMBIGUOUS
FALSE,CONTRADICTING,0.164,True,CRIMINAL
UNKNOWN,NEUTRAL,0.435,True,MIXED
SUSPECTED,SUPPORTING,0.737,True,CRIMINAL
CONFIRMED,SUPPORTING,0.902,True,CRIMINAL
SUSPECTED,SUPPORTING,0.638,True,LEGITIMATE
SUSPECTED,SUPPORTING,0.666,True,CRIMINAL
SUSPECTED,SUPPORTING,0.703,True,LEGITIMATE
CONFIRMED,SUPPORTING,0.965,True,AMBIGUOUS
FALSE,CONTRADICTING,0.250,True,LEGITIMATE
CONFIRMED,SUPPORTING,0.978,True,LEGITIMATE
UNKNOWN,NEUTRAL,0.462,True,CRIMINAL
UNKNOWN,NEUTRAL,0.419,True,CRIMINAL
SUSPECTED,SUPPORTING,0.710,True,AMBIGUOUS
UNKNOWN,NEUTRAL,0.532,True,MIXED
UNKNOWN,NEUTRAL,0.390,True,CRIMINAL
UNKNOWN,NEUTRAL,0.403,True,AMBIGUOUS
SUSPECTED,SUPPORTING,0.731,True,LEGITIMATE
CONFIRMED,SUPPORTING,0.907,True,CRIMINAL
UNKNOWN,NEUTRAL,0.385,True,AMBIGUOUS
CONFIRMED,SUPPORTING,0.849,True,CRIMINAL
FALSE,CONTRADICTING,0.384,True,LEGITIMATE
SUSPECTED,SUPPORTING,0.654,True,CRIMINAL
SUSPECTED,SUPPORTING,0.655,True,LEGITIMATE
CONFIRMED,SUPPORTING,0.848,True,CRIMINAL
CONFIRMED,SUPPORTING,0.903,True,CRIMINAL
FALSE,CONTRADICTING,0.397,True,AMBIGUOUS
FALSE,CONTRADICTING,0.223,True,CRIMINAL
SUSPECTED,SUPPORTING,0.806,True,AMBIGUOUS
SUSPECTED,SUPPORTING,0.844,True,LEGITIMATE
UNKNOWN,NEUTRAL,0.542,True,LEGITIMATE
CONFIRMED,SUPPORTING,0.962,True,CRIMINAL
FALSE,CONTRADICTING,0.259,True,LEGITIMATE
SUSPECTED,SUPPORTING,0.765,True,MIXED
CONFIRMED,SUPPORTING,0.934,True,CRIMINAL
FALSE,CONTRADICTING,0.227,True,LEGITIMATE
SUSPECTED,SUPPORTING,0.733,True,CRIMINAL
SUSPECTED,SUPPORTING,0.675,True,MIXED
UNKNOWN,NEUTRAL,0.379,True,CRIMINAL
FALSE,CONTRADICTING,0.193,True,LEGITIMATE
SUSPECTED,SUPPORTING,0.806,True,LEGITIMATE
SUSPECTED,SUPPORTING,0.589,True,CRIMINAL
FALSE,CONTRADICTING,0.161,True,LEGITIMATE
CONFIRMED,SUPPORTING,0.894,True,MIXED
FALSE,CONTRADICTING,0.403,True,CRIMINAL
CONFIRMED,SUPPORTING,0.944,True,CRIMINAL
SUSPECTED,SUPPORTING,0.624,True,AMBIGUOUS
FALSE,CONTRADICTING,0.143,True,AMBIGUOUS
SUSPECTED,SUPPORTING,0.772,True,CRIMINAL
CONFIRMED,SUPPORTING,0.875,True,LEGITIMATE
CONFIRMED,SUPPORTING,0.977,True,LEGITIMATE
SUSPECTED,SUPPORTING,0.639,True,MIXED
FALSE,CONTRADICTING,0.142,True,MIXED
SUSPECTED,SUPPORTING,0.660,True,AMBIGUOUS
FALSE,CONTRADICTING,0.192,True,MIXED
CONFIRMED,SUPPORTING,0.923,True,MIXED
CONFIRMED,SUPPORTING,0.899,True,MIXED
CONFIRMED,SUPPORTING,0.979,True,CRIMINAL
CONFIRMED,SUPPORTING,0.930,True,CRIMINAL
FALSE,CONTRADICTING,0.222,True,MIXED
CONFIRMED,SUPPORTING,0.969,True,MIXED
SUSPECTED,SUPPORTING,0.767,True,MIXED
SUSPECTED,SUPPORTING,0.609,True,MIXED
CONFIRMED,SUPPORTING,0.961,True,MIXED
CONFIRMED,SUPPORTING,0.951,True,CRIMINAL
CONFIRMED,SUPPORTING,0.960,True,LEGITIMATE
UNKNOWN,NEUTRAL,0.421,True,AMBIGUOUS
FALSE,CONTRADICTING,0.357,True,AMBIGUOUS
CONFIRMED,SUPPORTING,0.917,True,AMBIGUOUS
SUSPECTED,SUPPORTING,0.652,True,CRIMINAL
UNKNOWN,NEUTRAL,0.481,True,CRIMINAL
SUSPECTED,SUPPORTING,0.777,True,MIXED
FALSE,CONTRADICTING,0.189,True,MIXED
FALSE,CONTRADICTING,0.146,True,LEGITIMATE
FALSE,CONTRADICTING,0.305,True,LEGITIMATE
UNKNOWN,NEUTRAL,0.547,True,AMBIGUOUS
CONFIRMED,SUPPORTING,0.911,True,LEGITIMATE
SUSPECTED,SUPPORTING,0.680,True,CRIMINAL
SUSPECTED,SUPPORTING,0.631,True,CRIMINAL
SUSPECTED,SUPPORTING,0.818,True,AMBIGUOUS
FALSE,CONTRADICTING,0.128,True,CRIMINAL
CONFIRMED,SUPPORTING,0.914,True,CRIMINAL
SUSPECTED,SUPPORTING,0.845,True,CRIMINAL
CONFIRMED,SUPPORTING,0.966,True,LEGITIMATE
FALSE,CONTRADICTING,0.168,True,MIXED
FALSE,CONTRADICTING,0.295,True,LEGITIMATE
FALSE,CONTRADICTING,0.183,True,LEGITIMATE
SUSPECTED,SUPPORTING,0.856,True,MIXED
CONFIRMED,SUPPORTING,0.870,True,CRIMINAL
SUSPECTED,SUPPORTING,0.648,True,CRIMINAL
SUSPECTED,SUPPORTING,0.714,True,MIXED
UNKNOWN,NEUTRAL,0.224,True,LEGITIMATE
SUSPECTED,SUPPORTING,0.658,True,CRIMINAL
UNKNOWN,NEUTRAL,0.336,True,MIXED
CONFIRMED,SUPPORTING,0.913,True,CRIMINAL
SUSPECTED,SUPPORTING,0.771,True,LEGITIMATE
UNKNOWN,NEUTRAL,0.278,True,CRIMINAL
CONFIRMED,SUPPORTING,0.905,True,MIXED
CONFIRMED,SUPPORTING,0.859,True,CRIMINAL
CONFIRMED,SUPPORTING,0.880,True,LEGITIMATE
FALSE,CONTRADICTING,0.366,True,CRIMINAL
FALSE,CONTRADICTING,0.158,True,CRIMINAL
UNKNOWN,NEUTRAL,0.457,True,CRIMINAL
FALSE,CONTRADICTING,0.346,True,MIXED
CONFIRMED,SUPPORTING,0.889,True,MIXED
CONFIRMED,SUPPORTING,0.987,True,CRIMINAL
CONFIRMED,SUPPORTING,0.886,True,MIXED
SUSPECTED,SUPPORTING,0.737,True,CRIMINAL
UNKNOWN,NEUTRAL,0.307,True,CRIMINAL
FALSE,CONTRADICTING,0.356,True,CRIMINAL
UNKNOWN,NEUTRAL,0.424,True,CRIMINAL
CONFIRMED,SUPPORTING,0.977,True,CRIMINAL
CONFIRMED,SUPPORTING,0.883,True,AMBIGUOUS
FALSE,CONTRADICTING,0.418,True,AMBIGUOUS
CONFIRMED,SUPPORTING,0.865,True,CRIMINAL
SUSPECTED,SUPPORTING,0.763,True,MIXED
CONFIRMED,SUPPORTING,0.867,True,CRIMINAL
FALSE,CONTRADICTING,0.411,True,AMBIGUOUS
SUSPECTED,SUPPORTING,0.758,True,LEGITIMATE
CONFIRMED,SUPPORTING,0.927,True,MIXED
UNKNOWN,NEUTRAL,0.417,True,MIXED
FALSE,CONTRADICTING,0.389,True,MIXED
UNKNOWN,NEUTRAL,0.438,True,AMBIGUOUS
CONFIRMED,SUPPORTING,0.951,True,CRIMINAL
CONFIRMED,SUPPORTING,0.933,True,MIXED
FALSE,CONTRADICTING,0.236,True,LEGITIMATE
CONFIRMED,SUPPORTING,0.834,True,CRIMINAL
SUSPECTED,SUPPORTING,0.722,True,CRIMINAL
SUSPECTED,SUPPORTING,0.603,True,MIXED
UNKNOWN,NEUTRAL,0.484,True,CRIMINAL
UNKNOWN,NEUTRAL,0.466,True,CRIMINAL
UNKNOWN,NEUTRAL,0.300,True,LEGITIMATE
SUSPECTED,SUPPORTING,0.651,True,AMBIGUOUS
FALSE,CONTRADICTING,0.239,True,CRIMINAL
CONFIRMED,SUPPORTING,0.984,True,CRIMINAL
FALSE,CONTRADICTING,0.142,True,MIXED
FALSE,CONTRADICTING,0.299,True,LEGITIMATE
UNKNOWN,NEUTRAL,0.364,True,CRIMINAL
CONFIRMED,SUPPORTING,0.984,True,LEGITIMATE
FALSE,CONTRADICTING,0.270,True,AMBIGUOUS
SUSPECTED,SUPPORTING,0.729,True,MIXED
FALSE,CONTRADICTING,0.248,True,MIXED
SUSPECTED,SUPPORTING,0.649,True,CRIMINAL
UNKNOWN,NEUTRAL,0.317,True,AMBIGUOUS
UNKNOWN,NEUTRAL,0.550,True,CRIMINAL
CONFIRMED,SUPPORTING,0.933,True,CRIMINAL
FALSE,CONTRADICTING,0.276,True,LEGITIMATE
UNKNOWN,NEUTRAL,0.352,True,CRIMINAL
SUSPECTED,SUPPORTING,0.647,True,MIXED
SUSPECTED,SUPPORTING,0.597,True,MIXED
CONFIRMED,SUPPORTING,0.958,True,CRIMINAL
CONFIRMED,SUPPORTING,0.828,True,CRIMINAL
SUSPECTED,SUPPORTING,0.644,True,MIXED
CONFIRMED,SUPPORTING,0.945,True,CRIMINAL
CONFIRMED,SUPPORTING,0.920,True,CRIMINAL
SUSPECTED,SUPPORTING,0.688,True,CRIMINAL
SUSPECTED,SUPPORTING,0.834,True,CRIMINAL
CONFIRMED,SUPPORTING,0.865,True,CRIMINAL
SUSPECTED,SUPPORTING,0.676,True,CRIMINAL
SUSPECTED,SUPPORTING,0.704,True,AMBIGUOUS
UNKNOWN,NEUTRAL,0.307,True,AMBIGUOUS
SUSPECTED,SUPPORTING,0.789,True,CRIMINAL
SUSPECTED,SUPPORTING,0.777,True,CRIMINAL
CONFIRMED,SUPPORTING,0.990,True,CRIMINAL
SUSPECTED,SUPPORTING,0.704,True,CRIMINAL
UNKNOWN,NEUTRAL,0.490,True,CRIMINAL
UNKNOWN,NEUTRAL,0.247,True,AMBIGUOUS
SUSPECTED,SUPPORTING,0.760,True,AMBIGUOUS
UNKNOWN,NEUTRAL,0.226,True,AMBIGUOUS
CONFIRMED,SUPPORTING,0.938,True,MIXED
SUSPECTED,SUPPORTING,0.705,True,MIXED
FALSE,CONTRADICTING,0.260,True,LEGITIMATE
UNKNOWN,NEUTRAL,0.277,True,MIXED
FALSE,CONTRADICTING,0.194,True,MIXED
CONFIRMED,SUPPORTING,0.985,True,MIXED
CONFIRMED,SUPPORTING,0.911,True,AMBIGUOUS
SUSPECTED,SUPPORTING,0.655,True,CRIMINAL
SUSPECTED,SUPPORTING,0.705,True,CRIMINAL
CONFIRMED,SUPPORTING,0.926,True,MIXED
FALSE,CONTRADICTING,0.415,True,LEGITIMATE
UNKNOWN,NEUTRAL,0.228,True,AMBIGUOUS
FALSE,CONTRADICTING,0.135,True,LEGITIMATE
CONFIRMED,SUPPORTING,0.883,True,CRIMINAL
UNKNOWN,NEUTRAL,0.271,True,LEGITIMATE
CONFIRMED,SUPPORTING,0.871,True,CRIMINAL
UNKNOWN,NEUTRAL,0.371,True,CRIMINAL
SUSPECTED,SUPPORTING,0.792,True,LEGITIMATE
CONFIRMED,SUPPORTING,0.888,True,CRIMINAL
FALSE,CONTRADICTING,0.264,True,CRIMINAL
UNKNOWN,NEUTRAL,0.273,True,LEGITIMATE
FALSE,CONTRADICTING,0.259,True,CRIMINAL
CONFIRMED,SUPPORTING,0.952,True,CRIMINAL
FALSE,CONTRADICTING,0.332,True,CRIMINAL
FALSE,CONTRADICTING,0.134,True,MIXED
FALSE,CONTRADICTING,0.277,True,MIXED
SUSPECTED,SUPPORTING,0.580,True,LEGITIMATE
UNKNOWN,NEUTRAL,0.336,True,AMBIGUOUS
CONFIRMED,SUPPORTING,0.972,True,CRIMINAL
SUSPECTED,SUPPORTING,0.837,True,CRIMINAL
CONFIRMED,SUPPORTING,0.891,True,CRIMINAL
SUSPECTED,SUPPORTING,0.839,True,LEGITIMATE
UNKNOWN,NEUTRAL,0.362,True,MIXED
CONFIRMED,SUPPORTING,0.854,True,LEGITIMATE
FALSE,CONTRADICTING,0.379,True,CRIMINAL
SUSPECTED,SUPPORTING,0.680,True,CRIMINAL
SUSPECTED,SUPPORTING,0.598,True,CRIMINAL
UNKNOWN,NEUTRAL,0.493,True,AMBIGUOUS
CONFIRMED,SUPPORTING,0.863,True,CRIMINAL
CONFIRMED,SUPPORTING,0.886,True,MIXED
CONFIRMED,SUPPORTING,0.908,True,AMBIGUOUS
FALSE,CONTRADICTING,0.321,True,MIXED
UNKNOWN,NEUTRAL,0.456,True,AMBIGUOUS
UNKNOWN,NEUTRAL,0.274,True,MIXED
UNKNOWN,NEUTRAL,0.436,True,LEGITIMATE
UNKNOWN,NEUTRAL,0.232,True,LEGITIMATE
SUSPECTED,SUPPORTING,0.661,True,MIXED
SUSPECTED,SUPPORTING,0.771,True,MIXED
UNKNOWN,NEUTRAL,0.250,True,AMBIGUOUS
FALSE,CONTRADICTING,0.370,True,LEGITIMATE
CONFIRMED,SUPPORTING,0.897,True,CRIMINAL
CONFIRMED,SUPPORTING,0.904,True,MIXED
SUSPECTED,SUPPORTING,0.762,True,MIXED
UNKNOWN,NEUTRAL,0.391,True,CRIMINAL
CONFIRMED,SUPPORTING,0.938,True,MIXED
FALSE,CONTRADICTING,0.380,True,CRIMINAL
SUSPECTED,SUPPORTING,0.628,True,CRIMINAL
CONFIRMED,SUPPORTING,0.972,True,CRIMINAL
CONFIRMED,SUPPORTING,0.825,True,CRIMINAL
UNKNOWN,NEUTRAL,0.464,True,LEGITIMATE
CONFIRMED,SUPPORTING,0.884,True,AMBIGUOUS
SUSPECTED,SUPPORTING,0.585,True,MIXED
SUSPECTED,SUPPORTING,0.849,True,AMBIGUOUS
UNKNOWN,NEUTRAL,0.383,True,AMBIGUOUS
SUSPECTED,SUPPORTING,0.805,True,MIXED
SUSPECTED,SUPPORTING,0.632,True,AMBIGUOUS
SUSPECTED,SUPPORTING,0.773,True,CRIMINAL
SUSPECTED,SUPPORTING,0.590,True,CRIMINAL
SUSPECTED,SUPPORTING,0.682,True,LEGITIMATE
UNKNOWN,NEUTRAL,0.447,True,AMBIGUOUS
CONFIRMED,SUPPORTING,0.950,True,CRIMINAL
CONFIRMED,SUPPORTING,0.969,True,CRIMINAL
CONFIRMED,SUPPORTING,0.938,True,MIXED
SUSPECTED,SUPPORTING,0.735,True,MIXED
CONFIRMED,SUPPORTING,0.950,True,AMBIGUOUS
SUSPECTED,SUPPORTING,0.675,True,CRIMINAL
SUSPECTED,SUPPORTING,0.730,True,CRIMINAL
FALSE,CONTRADICTING,0.324,True,LEGITIMATE
CONFIRMED,SUPPORTING,0.874,True,CRIMINAL
FALSE,CONTRADICTING,0.269,True,AMBIGUOUS
SUSPECTED,SUPPORTING,0.662,True,MIXED
SUSPECTED,SUPPORTING,0.664,True,CRIMINAL
UNKNOWN,NEUTRAL,0.484,True,AMBIGUOUS
UNKNOWN,NEUTRAL,0.299,True,CRIMINAL
FALSE,CONTRADICTING,0.150,True,MIXED
SUSPECTED,SUPPORTING,0.846,True,MIXED
UNKNOWN,NEUTRAL,0.393,True,CRIMINAL
UNKNOWN,NEUTRAL,0.307,True,MIXED
UNKNOWN,NEUTRAL,0.447,True,MIXED
CONFIRMED,SUPPORTING,0.835,True,CRIMINAL
SUSPECTED,SUPPORTING,0.722,True,CRIMINAL
SUSPECTED,SUPPORTING,0.804,True,CRIMINAL
CONFIRMED,SUPPORTING,0.977,True,CRIMINAL
SUSPECTED,SUPPORTING,0.722,True,CRIMINAL
UNKNOWN,NEUTRAL,0.313,True,MIXED
SUSPECTED,SUPPORTING,0.651,True,CRIMINAL
UNKNOWN,NEUTRAL,0.279,True,CRIMINAL
CONFIRMED,SUPPORTING,0.976,True,CRIMINAL
SUSPECTED,SUPPORTING,0.799,True,AMBIGUOUS
FALSE,CONTRADICTING,0.234,True,CRIMINAL
SUSPECTED,SUPPORTING,0.854,True,MIXED
CONFIRMED,SUPPORTING,0.880,True,CRIMINAL
SUSPECTED,SUPPORTING,0.682,True,CRIMINAL
FALSE,CONTRADICTING,0.223,True,LEGITIMATE
UNKNOWN,NEUTRAL,0.225,True,CRIMINAL
FALSE,CONTRADICTING,0.411,True,AMBIGUOUS
CONFIRMED,SUPPORTING,0.870,True,AMBIGUOUS
SUSPECTED,SUPPORTING,0.852,True,CRIMINAL
FALSE,CONTRADICTING,0.338,True,CRIMINAL
UNKNOWN,NEUTRAL,0.418,True,AMBIGUOUS
CONFIRMED,SUPPORTING,0.824,True,LEGITIMATE
SUSPECTED,SUPPORTING,0.812,True,MIXED
FALSE,CONTRADICTING,0.414,True,LEGITIMATE
UNKNOWN,NEUTRAL,0.334,True,LEGITIMATE
UNKNOWN,NEUTRAL,0.451,True,LEGITIMATE
CONFIRMED,SUPPORTING,0.930,True,CRIMINAL
UNKNOWN,NEUTRAL,0.368,True,AMBIGUOUS
UNKNOWN,NEUTRAL,0.361,True,LEGITIMATE
CONFIRMED,SUPPORTING,0.939,True,MIXED
CONFIRMED,SUPPORTING,0.969,True,AMBIGUOUS
FALSE,CONTRADICTING,0.382,True,CRIMINAL
SUSPECTED,SUPPORTING,0.592,True,LEGITIMATE
CONFIRMED,SUPPORTING,0.830,True,AMBIGUOUS
UNKNOWN,NEUTRAL,0.406,True,LEGITIMATE
UNKNOWN,NEUTRAL,0.340,True,CRIMINAL
CONFIRMED,SUPPORTING,0.944,True,MIXED
UNKNOWN,NEUTRAL,0.409,True,MIXED
CONFIRMED,SUPPORTING,0.963,True,MIXED
CONFIRMED,SUPPORTING,0.824,True,MIXED
UNKNOWN,NEUTRAL,0.430,True,AMBIGUOUS
UNKNOWN,NEUTRAL,0.382,True,MIXED
SUSPECTED,SUPPORTING,0.850,True,MIXED
CONFIRMED,SUPPORTING,0.913,True,LEGITIMATE
FALSE,CONTRADICTING,0.274,True,AMBIGUOUS
SUSPECTED,SUPPORTING,0.605,True,CRIMINAL
FALSE,CONTRADICTING,0.168,True,MIXED
CONFIRMED,SUPPORTING,0.955,True,MIXED
UNKNOWN,NEUTRAL,0.243,True,MIXED
FALSE,CONTRADICTING,0.394,True,MIXED
UNKNOWN,NEUTRAL,0.403,True,MIXED
SUSPECTED,SUPPORTING,0.698,True,CRIMINAL
SUSPECTED,SUPPORTING,0.720,True,MIXED
SUSPECTED,SUPPORTING,0.669,True,MIXED
FALSE,CONTRADICTING,0.303,True,AMBIGUOUS
CONFIRMED,SUPPORTING,0.829,True,CRIMINAL
FALSE,CONTRADICTING,0.129,True,LEGITIMATE
SUSPECTED,SUPPORTING,0.620,True,CRIMINAL
UNKNOWN,NEUTRAL,0.207,True,LEGITIMATE
UNKNOWN,NEUTRAL,0.530,True,LEGITIMATE
CONFIRMED,SUPPORTING,0.846,True,AMBIGUOUS
CONFIRMED,SUPPORTING,0.933,True,CRIMINAL
SUSPECTED,SUPPORTING,0.693,True,CRIMINAL
CONFIRMED,SUPPORTING,0.966,True,CRIMINAL
CONFIRMED,SUPPORTING,0.894,True,LEGITIMATE
UNKNOWN,NEUTRAL,0.325,True,MIXED
SUSPECTED,SUPPORTING,0.739,True,AMBIGUOUS
CONFIRMED,SUPPORTING,0.843,True,MIXED
FALSE,CONTRADICTING,0.124,True,CRIMINAL
UNKNOWN,NEUTRAL,0.534,True,MIXED
SUSPECTED,SUPPORTING,0.820,True,MIXED
CONFIRMED,SUPPORTING,0.934,True,CRIMINAL
UNKNOWN,NEUTRAL,0.498,True,MIXED
CONFIRMED,SUPPORTING,0.821,True,AMBIGUOUS
SUSPECTED,SUPPORTING,0.603,True,CRIMINAL
SUSPECTED,SUPPORTING,0.706,True,MIXED
SUSPECTED,SUPPORTING,0.763,True,MIXED
CONFIRMED,SUPPORTING,0.897,True,CRIMINAL
SUSPECTED,SUPPORTING,0.583,True,CRIMINAL
SUSPECTED,SUPPORTING,0.701,True,MIXED
FALSE,CONTRADICTING,0.304,True,MIXED
SUSPECTED,SUPPORTING,0.762,True,MIXED
SUSPECTED,SUPPORTING,0.820,True,CRIMINAL
UNKNOWN,NEUTRAL,0.385,True,MIXED
UNKNOWN,NEUTRAL,0.497,True,CRIMINAL
CONFIRMED,SUPPORTING,0.876,True,MIXED
CONFIRMED,SUPPORTING,0.943,True,LEGITIMATE
SUSPECTED,SUPPORTING,0.605,True,CRIMINAL
FALSE,CONTRADICTING,0.150,True,LEGITIMATE
UNKNOWN,NEUTRAL,0.536,True,LEGITIMATE
CONFIRMED,SUPPORTING,0.954,True,LEGITIMATE
FALSE,CONTRADICTING,0.129,True,LEGITIMATE
SUSPECTED,SUPPORTING,0.601,True,MIXED
SUSPECTED,SUPPORTING,0.601,True,MIXED
FALSE,CONTRADICTING,0.281,True,AMBIGUOUS
CONFIRMED,SUPPORTING,0.871,True,MIXED
UNKNOWN,NEUTRAL,0.470,True,CRIMINAL
UNKNOWN,NEUTRAL,0.322,True,CRIMINAL
UNKNOWN,NEUTRAL,0.300,True,LEGITIMATE
UNKNOWN,NEUTRAL,0.487,True,CRIMINAL
FALSE,CONTRADICTING,0.303,True,CRIMINAL
UNKNOWN,NEUTRAL,0.536,True,CRIMINAL
UNKNOWN,NEUTRAL,0.233,True,CRIMINAL
SUSPECTED,SUPPORTING,0.587,True,MIXED
CONFIRMED,SUPPORTING,0.956,True,CRIMINAL
CONFIRMED,SUPPORTING,0.988,True,LEGITIMATE
SUSPECTED,SUPPORTING,0.769,True,AMBIGUOUS
SUSPECTED,SUPPORTING,0.660,True,CRIMINAL
UNKNOWN,NEUTRAL,0.332,True,AMBIGUOUS
CONFIRMED,SUPPORTING,0.985,True,CRIMINAL
CONFIRMED,SUPPORTING,0.857,True,CRIMINAL
UNKNOWN,NEUTRAL,0.211,True,CRIMINAL
UNKNOWN,NEUTRAL,0.283,True,CRIMINAL
SUSPECTED,SUPPORTING,0.742,True,AMBIGUOUS
FALSE,CONTRADICTING,0.385,True,LEGITIMATE
SUSPECTED,SUPPORTING,0.641,True,LEGITIMATE
UNKNOWN,NEUTRAL,0.292,True,AMBIGUOUS
CONFIRMED,SUPPORTING,0.941,True,LEGITIMATE
CONFIRMED,SUPPORTING,0.961,True,MIXED
SUSPECTED,SUPPORTING,0.631,True,AMBIGUOUS
FALSE,CONTRADICTING,0.171,True,CRIMINAL
FALSE,CONTRADICTING,0.265,True,CRIMINAL
SUSPECTED,SUPPORTING,0.640,True,MIXED
CONFIRMED,SUPPORTING,0.987,True,AMBIGUOUS
FALSE,CONTRADICTING,0.221,True,CRIMINAL
UNKNOWN,NEUTRAL,0.278,True,LEGITIMATE
FALSE,CONTRADICTING,0.365,True,LEGITIMATE
SUSPECTED,SUPPORTING,0.674,True,AMBIGUOUS
UNKNOWN,NEUTRAL,0.412,True,LEGITIMATE
CONFIRMED,SUPPORTING,0.972,True,AMBIGUOUS
UNKNOWN,NEUTRAL,0.480,True,AMBIGUOUS
SUSPECTED,SUPPORTING,0.669,True,CRIMINAL
CONFIRMED,SUPPORTING,0.840,True,MIXED
CONFIRMED,SUPPORTING,0.884,True,MIXED
CONFIRMED,SUPPORTING,0.822,True,CRIMINAL
UNKNOWN,NEUTRAL,0.310,True,AMBIGUOUS
FALSE,CONTRADICTING,0.276,True,LEGITIMATE
CONFIRMED,SUPPORTING,0.884,True,MIXED
SUSPECTED,SUPPORTING,0.638,True,MIXED
SUSPECTED,SUPPORTING,0.784,True,CRIMINAL
CONFIRMED,SUPPORTING,0.932,True,CRIMINAL
CONFIRMED,SUPPORTING,0.839,True,CRIMINAL
SUSPECTED,SUPPORTING,0.639,True,MIXED
FALSE,CONTRADICTING,0.186,True,AMBIGUOUS
UNKNOWN,NEUTRAL,0.387,True,AMBIGUOUS
CONFIRMED,SUPPORTING,0.887,True,CRIMINAL
FALSE,CONTRADICTING,0.160,True,AMBIGUOUS
FALSE,CONTRADICTING,0.401,True,LEGITIMATE
SUSPECTED,SUPPORTING,0.669,True,MIXED
CONFIRMED,SUPPORTING,0.840,True,CRIMINAL
UNKNOWN,NEUTRAL,0.267,True,MIXED
SUSPECTED,SUPPORTING,0.631,True,CRIMINAL
CONFIRMED,SUPPORTING,0.825,True,CRIMINAL
SUSPECTED,SUPPORTING,0.637,True,MIXED
SUSPECTED,SUPPORTING,0.628,True,LEGITIMATE
FALSE,CONTRADICTING,0.321,True,CRIMINAL
CONFIRMED,SUPPORTING,0.977,True,MIXED
CONFIRMED,SUPPORTING,0.869,True,CRIMINAL
UNKNOWN,NEUTRAL,0.326,True,MIXED
UNKNOWN,NEUTRAL,0.200,True,CRIMINAL
SUSPECTED,SUPPORTING,0.598,True,CRIMINAL
SUSPECTED,SUPPORTING,0.649,True,CRIMINAL
CONFIRMED,SUPPORTING,0.988,True,CRIMINAL
SUSPECTED,SUPPORTING,0.755,True,AMBIGUOUS
FALSE,CONTRADICTING,0.255,True,CRIMINAL
UNKNOWN,NEUTRAL,0.523,True,MIXED
UNKNOWN,NEUTRAL,0.291,True,AMBIGUOUS
CONFIRMED,SUPPORTING,0.941,True,MIXED
CONFIRMED,SUPPORTING,0.820,True,CRIMINAL
CONFIRMED,SUPPORTING,0.988,True,AMBIGUOUS
CONFIRMED,SUPPORTING,0.989,True,MIXED
UNKNOWN,NEUTRAL,0.341,True,LEGITIMATE
SUSPECTED,SUPPORTING,0.666,True,CRIMINAL
CONFIRMED,SUPPORTING,0.908,True,CRIMINAL
UNKNOWN,NEUTRAL,0.355,True,CRIMINAL
CONFIRMED,SUPPORTING,0.983,True,CRIMINAL
CONFIRMED,SUPPORTING,0.947,True,CRIMINAL
CONFIRMED,SUPPORTING,0.957,True,CRIMINAL
FALSE,CONTRADICTING,0.224,True,CRIMINAL
FALSE,CONTRADICTING,0.404,True,MIXED
FALSE,CONTRADICTING,0.229,True,CRIMINAL
SUSPECTED,SUPPORTING,0.729,True,MIXED
SUSPECTED,SUPPORTING,0.623,True,LEGITIMATE
FALSE,CONTRADICTING,0.147,True,AMBIGUOUS
FALSE,CONTRADICTING,0.237,True,MIXED
CONFIRMED,SUPPORTING,0.943,True,CRIMINAL
SUSPECTED,SUPPORTING,0.820,True,CRIMINAL
SUSPECTED,SUPPORTING,0.815,True,CRIMINAL
UNKNOWN,NEUTRAL,0.311,True,CRIMINAL
UNKNOWN,NEUTRAL,0.239,True,LEGITIMATE
SUSPECTED,SUPPORTING,0.783,True,MIXED
SUSPECTED,SUPPORTING,0.687,True,CRIMINAL
CONFIRMED,SUPPORTING,0.953,True,CRIMINAL
UNKNOWN,NEUTRAL,0.525,True,AMBIGUOUS
UNKNOWN,NEUTRAL,0.481,True,LEGITIMATE
CONFIRMED,SUPPORTING,0.927,True,CRIMINAL
SUSPECTED,SUPPORTING,0.589,True,LEGITIMATE
UNKNOWN,NEUTRAL,0.330,True,AMBIGUOUS
SUSPECTED,SUPPORTING,0.648,True,CRIMINAL
FALSE,CONTRADICTING,0.245,True,CRIMINAL
CONFIRMED,SUPPORTING,0.943,True,MIXED
SUSPECTED,SUPPORTING,0.601,True,MIXED
UNKNOWN,NEUTRAL,0.433,True,AMBIGUOUS
CONFIRMED,SUPPORTING,0.942,True,CRIMINAL
SUSPECTED,SUPPORTING,0.832,True,CRIMINAL
CONFIRMED,SUPPORTING,0.909,True,CRIMINAL
CONFIRMED,SUPPORTING,0.891,True,LEGITIMATE
FALSE,CONTRADICTING,0.267,True,MIXED
UNKNOWN,NEUTRAL,0.334,True,LEGITIMATE
SUSPECTED,SUPPORTING,0.845,True,CRIMINAL
SUSPECTED,SUPPORTING,0.850,True,AMBIGUOUS
CONFIRMED,SUPPORTING,0.955,True,LEGITIMATE
CONFIRMED,SUPPORTING,0.985,True,CRIMINAL
FALSE,CONTRADICTING,0.289,True,LEGITIMATE
CONFIRMED,SUPPORTING,0.862,True,CRIMINAL
CONFIRMED,SUPPORTING,0.918,True,LEGITIMATE
CONFIRMED,SUPPORTING,0.919,True,AMBIGUOUS
SUSPECTED,SUPPORTING,0.616,True,MIXED
UNKNOWN,NEUTRAL,0.359,True,LEGITIMATE
UNKNOWN,NEUTRAL,0.263,True,MIXED
CONFIRMED,SUPPORTING,0.980,True,MIXED
SUSPECTED,SUPPORTING,0.682,True,CRIMINAL
CONFIRMED,SUPPORTING,0.908,True,AMBIGUOUS
FALSE,CONTRADICTING,0.318,True,LEGITIMATE
FALSE,CONTRADICTING,0.251,True,CRIMINAL
UNKNOWN,NEUTRAL,0.438,True,CRIMINAL
CONFIRMED,SUPPORTING,0.876,True,MIXED
SUSPECTED,SUPPORTING,0.724,True,CRIMINAL
FALSE,CONTRADICTING,0.123,True,CRIMINAL
CONFIRMED,SUPPORTING,0.839,True,CRIMINAL
SUSPECTED,SUPPORTING,0.826,True,CRIMINAL
UNKNOWN,NEUTRAL,0.380,True,MIXED
CONFIRMED,SUPPORTING,0.828,True,CRIMINAL
SUSPECTED,SUPPORTING,0.727,True,AMBIGUOUS
UNKNOWN,NEUTRAL,0.206,True,MIXED
UNKNOWN,NEUTRAL,0.543,True,CRIMINAL
SUSPECTED,SUPPORTING,0.835,True,AMBIGUOUS
UNKNOWN,NEUTRAL,0.240,True,AMBIGUOUS
SUSPECTED,SUPPORTING,0.695,True,MIXED
UNKNOWN,NEUTRAL,0.307,True,LEGITIMATE
CONFIRMED,SUPPORTING,0.933,True,LEGITIMATE
CONFIRMED,SUPPORTING,0.944,True,CRIMINAL
UNKNOWN,NEUTRAL,0.206,True,CRIMINAL
CONFIRMED,SUPPORTING,0.974,True,AMBIGUOUS
CONFIRMED,SUPPORTING,0.909,True,LEGITIMATE
SUSPECTED,SUPPORTING,0.747,True,CRIMINAL
CONFIRMED,SUPPORTING,0.960,True,CRIMINAL
SUSPECTED,SUPPORTING,0.724,True,MIXED
SUSPECTED,SUPPORTING,0.754,True,AMBIGUOUS
SUSPECTED,SUPPORTING,0.596,True,CRIMINAL
FALSE,CONTRADICTING,0.353,True,AMBIGUOUS
UNKNOWN,NEUTRAL,0.525,True,LEGITIMATE
CONFIRMED,SUPPORTING,0.966,True,AMBIGUOUS
UNKNOWN,NEUTRAL,0.247,True,LEGITIMATE
CONFIRMED,SUPPORTING,0.988,True,AMBIGUOUS
SUSPECTED,SUPPORTING,0.803,True,MIXED
CONFIRMED,SUPPORTING,0.826,True,LEGITIMATE
UNKNOWN,NEUTRAL,0.292,True,CRIMINAL
FALSE,CONTRADICTING,0.332,True,MIXED
UNKNOWN,NEUTRAL,0.437,True,CRIMINAL
SUSPECTED,SUPPORTING,0.758,True,CRIMINAL
FALSE,CONTRADICTING,0.317,True,CRIMINAL
SUSPECTED,SUPPORTING,0.668,True,MIXED
CONFIRMED,SUPPORTING,0.920,True,LEGITIMATE
UNKNOWN,NEUTRAL,0.228,True,AMBIGUOUS
FALSE,CONTRADICTING,0.121,True,LEGITIMATE
SUSPECTED,SUPPORTING,0.686,True,LEGITIMATE
SUSPECTED,SUPPORTING,0.822,True,MIXED
FALSE,CONTRADICTING,0.313,True,CRIMINAL
FALSE,CONTRADICTING,0.142,True,LEGITIMATE
SUSPECTED,SUPPORTING,0.831,True,MIXED
FALSE,CONTRADICTING,0.241,True,AMBIGUOUS
SUSPECTED,SUPPORTING,0.815,True,MIXED
CONFIRMED,SUPPORTING,0.917,True,CRIMINAL
CONFIRMED,SUPPORTING,0.916,True,MIXED
UNKNOWN,NEUTRAL,0.261,True,CRIMINAL
CONFIRMED,SUPPORTING,0.919,True,CRIMINAL
CONFIRMED,SUPPORTING,0.959,True,MIXED
UNKNOWN,NEUTRAL,0.373,True,CRIMINAL
SUSPECTED,SUPPORTING,0.669,True,CRIMINAL
FALSE,CONTRADICTING,0.315,True,CRIMINAL
UNKNOWN,NEUTRAL,0.296,True,AMBIGUOUS
SUSPECTED,SUPPORTING,0.670,True,CRIMINAL
SUSPECTED,SUPPORTING,0.720,True,AMBIGUOUS
UNKNOWN,NEUTRAL,0.292,True,LEGITIMATE
UNKNOWN,NEUTRAL,0.209,True,LEGITIMATE
SUSPECTED,SUPPORTING,0.755,True,MIXED
CONFIRMED,SUPPORTING,0.888,True,CRIMINAL
SUSPECTED,SUPPORTING,0.758,True,CRIMINAL
CONFIRMED,SUPPORTING,0.860,True,CRIMINAL
CONFIRMED,SUPPORTING,0.966,True,CRIMINAL
UNKNOWN,NEUTRAL,0.504,True,CRIMINAL
CONFIRMED,SUPPORTING,0.905,True,CRIMINAL
SUSPECTED,SUPPORTING,0.684,True,MIXED
FALSE,CONTRADICTING,0.389,True,LEGITIMATE
FALSE,CONTRADICTING,0.229,True,MIXED
UNKNOWN,NEUTRAL,0.395,True,CRIMINAL
FALSE,CONTRADICTING,0.279,True,AMBIGUOUS
CONFIRMED,SUPPORTING,0.943,True,CRIMINAL
UNKNOWN,NEUTRAL,0.322,True,LEGITIMATE
CONFIRMED,SUPPORTING,0.885,True,CRIMINAL
SUSPECTED,SUPPORTING,0.751,True,MIXED
SUSPECTED,SUPPORTING,0.589,True,MIXED
SUSPECTED,SUPPORTING,0.782,True,CRIMINAL
FALSE,CONTRADICTING,0.378,True,MIXED
SUSPECTED,SUPPORTING,0.835,True,MIXED
FALSE,CONTRADICTING,0.314,True,LEGITIMATE
CONFIRMED,SUPPORTING,0.959,True,AMBIGUOUS
CONFIRMED,SUPPORTING,0.832,True,CRIMINAL
SUSPECTED,SUPPORTING,0.731,True,CRIMINAL
SUSPECTED,SUPPORTING,0.583,True,LEGITIMATE
SUSPECTED,SUPPORTING,0.731,True,MIXED
SUSPECTED,SUPPORTING,0.694,True,CRIMINAL
SUSPECTED,SUPPORTING,0.791,True,CRIMINAL
CONFIRMED,SUPPORTING,0.981,True,AMBIGUOUS
SUSPECTED,SUPPORTING,0.768,True,CRIMINAL
SUSPECTED,SUPPORTING,0.737,True,CRIMINAL
CONFIRMED,SUPPORTING,0.874,True,CRIMINAL
SUSPECTED,SUPPORTING,0.832,True,MIXED
UNKNOWN,NEUTRAL,0.426,True,CRIMINAL
SUSPECTED,SUPPORTING,0.605,True,CRIMINAL
SUSPECTED,SUPPORTING,0.728,True,CRIMINAL
UNKNOWN,NEUTRAL,0.403,True,AMBIGUOUS
CONFIRMED,SUPPORTING,0.944,True,MIXED
CONFIRMED,SUPPORTING,0.916,True,CRIMINAL
CONFIRMED,SUPPORTING,0.824,True,MIXED
SUSPECTED,SUPPORTING,0.615,True,CRIMINAL
FALSE,CONTRADICTING,0.169,True,AMBIGUOUS
UNKNOWN,NEUTRAL,0.251,True,CRIMINAL
CONFIRMED,SUPPORTING,0.828,True,CRIMINAL
SUSPECTED,SUPPORTING,0.841,True,CRIMINAL
SUSPECTED,SUPPORTING,0.791,True,CRIMINAL
CONFIRMED,SUPPORTING,0.939,True,AMBIGUOUS
CONFIRMED,SUPPORTING,0.842,True,CRIMINAL
CONFIRMED,SUPPORTING,0.834,True,AMBIGUOUS
FALSE,CONTRADICTING,0.308,True,LEGITIMATE
SUSPECTED,SUPPORTING,0.682,True,LEGITIMATE
CONFIRMED,SUPPORTING,0.967,True,AMBIGUOUS
UNKNOWN,NEUTRAL,0.386,True,CRIMINAL
FALSE,CONTRADICTING,0.416,True,LEGITIMATE
CONFIRMED,SUPPORTING,0.968,True,MIXED
CONFIRMED,SUPPORTING,0.883,True,LEGITIMATE
SUSPECTED,SUPPORTING,0.747,True,MIXED
UNKNOWN,NEUTRAL,0.380,True,CRIMINAL
SUSPECTED,SUPPORTING,0.683,True,LEGITIMATE
SUSPECTED,SUPPORTING,0.605,True,MIXED
SUSPECTED,SUPPORTING,0.720,True,CRIMINAL
SUSPECTED,SUPPORTING,0.792,True,MIXED
SUSPECTED,SUPPORTING,0.620,True,MIXED
SUSPECTED,SUPPORTING,0.633,True,MIXED
SUSPECTED,SUPPORTING,0.756,True,AMBIGUOUS
CONFIRMED,SUPPORTING,0.882,True,CRIMINAL
UNKNOWN,NEUTRAL,0.253,True,CRIMINAL
SUSPECTED,SUPPORTING,0.851,True,CRIMINAL
FALSE,CONTRADICTING,0.211,True,CRIMINAL
SUSPECTED,SUPPORTING,0.623,True,CRIMINAL
SUSPECTED,SUPPORTING,0.678,True,MIXED
UNKNOWN,NEUTRAL,0.520,True,MIXED
FALSE,CONTRADICTING,0.364,True,MIXED
SUSPECTED,SUPPORTING,0.630,True,CRIMINAL
UNKNOWN,NEUTRAL,0.429,True,MIXED
UNKNOWN,NEUTRAL,0.416,True,CRIMINAL
FALSE,CONTRADICTING,0.120,True,MIXED
UNKNOWN,NEUTRAL,0.366,True,LEGITIMATE
SUSPECTED,SUPPORTING,0.728,True,CRIMINAL
FALSE,CONTRADICTING,0.152,True,LEGITIMATE
UNKNOWN,NEUTRAL,0.536,True,LEGITIMATE
SUSPECTED,SUPPORTING,0.631,True,AMBIGUOUS
CONFIRMED,SUPPORTING,0.877,True,AMBIGUOUS
FALSE,CONTRADICTING,0.156,True,LEGITIMATE
CONFIRMED,SUPPORTING,0.906,True,CRIMINAL
CONFIRMED,SUPPORTING,0.883,True,AMBIGUOUS
SUSPECTED,SUPPORTING,0.668,True,CRIMINAL
CONFIRMED,SUPPORTING,0.917,True,LEGITIMATE
SUSPECTED,SUPPORTING,0.837,True,LEGITIMATE
SUSPECTED,SUPPORTING,0.748,True,LEGITIMATE
SUSPECTED,SUPPORTING,0.732,True,MIXED
CONFIRMED,SUPPORTING,0.950,True,AMBIGUOUS
CONFIRMED,SUPPORTING,0.977,True,CRIMINAL
SUSPECTED,SUPPORTING,0.640,True,CRIMINAL
SUSPECTED,SUPPORTING,0.653,True,MIXED
UNKNOWN,NEUTRAL,0.537,True,AMBIGUOUS
CONFIRMED,SUPPORTING,0.908,True,MIXED
FALSE,CONTRADICTING,0.373,True,LEGITIMATE
CONFIRMED,SUPPORTING,0.857,True,LEGITIMATE
UNKNOWN,NEUTRAL,0.205,True,LEGITIMATE
SUSPECTED,SUPPORTING,0.603,True,CRIMINAL
SUSPECTED,SUPPORTING,0.859,True,CRIMINAL
CONFIRMED,SUPPORTING,0.898,True,LEGITIMATE
SUSPECTED,SUPPORTING,0.765,True,LEGITIMATE
SUSPECTED,SUPPORTING,0.828,True,CRIMINAL
SUSPECTED,SUPPORTING,0.820,True,CRIMINAL
SUSPECTED,SUPPORTING,0.740,True,LEGITIMATE
CONFIRMED,SUPPORTING,0.962,True,CRIMINAL
CONFIRMED,SUPPORTING,0.856,True,CRIMINAL
CONFIRMED,SUPPORTING,0.950,True,LEGITIMATE
FALSE,CONTRADICTING,0.403,True,LEGITIMATE
SUSPECTED,SUPPORTING,0.684,True,MIXED
UNKNOWN,NEUTRAL,0.232,True,LEGITIMATE
FALSE,CONTRADICTING,0.153,True,MIXED
CONFIRMED,SUPPORTING,0.861,True,MIXED
FALSE,CONTRADICTING,0.383,True,LEGITIMATE
CONFIRMED,SUPPORTING,0.923,True,CRIMINAL
SUSPECTED,SUPPORTING,0.620,True,MIXED
CONFIRMED,SUPPORTING,0.859,True,MIXED
UNKNOWN,NEUTRAL,0.325,True,AMBIGUOUS
SUSPECTED,SUPPORTING,0.704,True,MIXED
FALSE,CONTRADICTING,0.341,True,LEGITIMATE
FALSE,CONTRADICTING,0.245,True,MIXED
UNKNOWN,NEUTRAL,0.361,True,CRIMINAL
UNKNOWN,NEUTRAL,0.361,True,CRIMINAL
SUSPECTED,SUPPORTING,0.642,True,MIXED
FALSE,CONTRADICTING,0.194,True,LEGITIMATE
UNKNOWN,NEUTRAL,0.211,True,AMBIGUOUS
UNKNOWN,NEUTRAL,0.523,True,CRIMINAL
SUSPECTED,SUPPORTING,0.742,True,CRIMINAL
UNKNOWN,NEUTRAL,0.399,True,CRIMINAL
CONFIRMED,SUPPORTING,0.890,True,CRIMINAL
CONFIRMED,SUPPORTING,0.950,True,CRIMINAL
SUSPECTED,SUPPORTING,0.825,True,CRIMINAL
CONFIRMED,SUPPORTING,0.933,True,CRIMINAL
UNKNOWN,NEUTRAL,0.358,True,AMBIGUOUS
SUSPECTED,SUPPORTING,0.725,True,AMBIGUOUS
FALSE,CONTRADICTING,0.367,True,AMBIGUOUS
FALSE,CONTRADICTING,0.216,True,MIXED
UNKNOWN,NEUTRAL,0.307,True,LEGITIMATE
UNKNOWN,NEUTRAL,0.276,True,LEGITIMATE
CONFIRMED,SUPPORTING,0.947,True,MIXED
FALSE,CONTRADICTING,0.223,True,AMBIGUOUS
SUSPECTED,SUPPORTING,0.860,True,AMBIGUOUS
CONFIRMED,SUPPORTING,0.931,True,CRIMINAL
UNKNOWN,NEUTRAL,0.470,True,CRIMINAL
UNKNOWN,NEUTRAL,0.479,True,AMBIGUOUS
UNKNOWN,NEUTRAL,0.323,True,CRIMINAL
SUSPECTED,SUPPORTING,0.841,True,MIXED
SUSPECTED,SUPPORTING,0.669,True,LEGITIMATE
FALSE,CONTRADICTING,0.378,True,LEGITIMATE
FALSE,CONTRADICTING,0.138,True,CRIMINAL
SUSPECTED,SUPPORTING,0.803,True,AMBIGUOUS
UNKNOWN,NEUTRAL,0.521,True,LEGITIMATE
UNKNOWN,NEUTRAL,0.506,True,MIXED
UNKNOWN,NEUTRAL,0.236,True,AMBIGUOUS
SUSPECTED,SUPPORTING,0.710,True,MIXED
CONFIRMED,SUPPORTING,0.850,True,CRIMINAL
SUSPECTED,SUPPORTING,0.752,True,LEGITIMATE
SUSPECTED,SUPPORTING,0.702,True,MIXED
CONFIRMED,SUPPORTING,0.965,True,MIXED
CONFIRMED,SUPPORTING,0.971,True,MIXED
UNKNOWN,NEUTRAL,0.240,True,AMBIGUOUS
UNKNOWN,NEUTRAL,0.207,True,MIXED
FALSE,CONTRADICTING,0.350,True,CRIMINAL
UNKNOWN,NEUTRAL,0.311,True,LEGITIMATE
FALSE,CONTRADICTING,0.268,True,MIXED
FALSE,CONTRADICTING,0.415,True,MIXED
UNKNOWN,NEUTRAL,0.435,True,AMBIGUOUS
CONFIRMED,SUPPORTING,0.907,True,CRIMINAL
UNKNOWN,NEUTRAL,0.520,True,CRIMINAL
FALSE,CONTRADICTING,0.348,True,MIXED
UNKNOWN,NEUTRAL,0.367,True,MIXED
FALSE,CONTRADICTING,0.280,True,LEGITIMATE
SUSPECTED,SUPPORTING,0.723,True,MIXED
SUSPECTED,SUPPORTING,0.783,True,CRIMINAL
SUSPECTED,SUPPORTING,0.702,True,CRIMINAL
SUSPECTED,SUPPORTING,0.631,True,CRIMINAL
SUSPECTED,SUPPORTING,0.694,True,CRIMINAL
CONFIRMED,SUPPORTING,0.857,True,CRIMINAL
FALSE,CONTRADICTING,0.273,True,MIXED
FALSE,CONTRADICTING,0.281,True,CRIMINAL
SUSPECTED,SUPPORTING,0.727,True,CRIMINAL
SUSPECTED,SUPPORTING,0.754,True,MIXED
SUSPECTED,SUPPORTING,0.693,True,AMBIGUOUS
UNKNOWN,NEUTRAL,0.359,True,LEGITIMATE
FALSE,CONTRADICTING,0.223,True,MIXED
CONFIRMED,SUPPORTING,0.958,True,CRIMINAL
CONFIRMED,SUPPORTING,0.888,True,AMBIGUOUS
UNKNOWN,NEUTRAL,0.219,True,AMBIGUOUS
SUSPECTED,SUPPORTING,0.842,True,CRIMINAL
UNKNOWN,NEUTRAL,0.373,True,LEGITIMATE
UNKNOWN,NEUTRAL,0.478,True,MIXED
CONFIRMED,SUPPORTING,0.936,True,CRIMINAL
CONFIRMED,SUPPORTING,0.939,True,MIXED
SUSPECTED,SUPPORTING,0.744,True,CRIMINAL
FALSE,CONTRADICTING,0.370,True,MIXED
SUSPECTED,SUPPORTING,0.852,True,MIXED
CONFIRMED,SUPPORTING,0.947,True,CRIMINAL
UNKNOWN,NEUTRAL,0.375,True,AMBIGUOUS
CONFIRMED,SUPPORTING,0.909,True,AMBIGUOUS
UNKNOWN,NEUTRAL,0.216,True,LEGITIMATE
UNKNOWN,NEUTRAL,0.204,True,CRIMINAL
CONFIRMED,SUPPORTING,0.855,True,AMBIGUOUS
CONFIRMED,SUPPORTING,0.980,True,CRIMINAL
UNKNOWN,NEUTRAL,0.320,True,MIXED
UNKNOWN,NEUTRAL,0.361,True,LEGITIMATE
CONFIRMED,SUPPORTING,0.900,True,LEGITIMATE
FALSE,CONTRADICTING,0.196,True,LEGITIMATE
UNKNOWN,NEUTRAL,0.358,True,CRIMINAL
CONFIRMED,SUPPORTING,0.852,True,CRIMINAL
CONFIRMED,SUPPORTING,0.938,True,CRIMINAL
SUSPECTED,SUPPORTING,0.856,True,CRIMINAL
UNKNOWN,NEUTRAL,0.218,True,CRIMINAL
CONFIRMED,SUPPORTING,0.898,True,AMBIGUOUS
UNKNOWN,NEUTRAL,0.321,True,MIXED
UNKNOWN,NEUTRAL,0.382,True,MIXED
CONFIRMED,SUPPORTING,0.869,True,CRIMINAL
FALSE,CONTRADICTING,0.282,True,CRIMINAL
SUSPECTED,SUPPORTING,0.624,True,CRIMINAL
SUSPECTED,SUPPORTING,0.660,True,CRIMINAL
SUSPECTED,SUPPORTING,0.732,True,CRIMINAL
SUSPECTED,SUPPORTING,0.826,True,MIXED
CONFIRMED,SUPPORTING,0.854,True,CRIMINAL
SUSPECTED,SUPPORTING,0.757,True,LEGITIMATE
CONFIRMED,SUPPORTING,0.965,True,CRIMINAL
SUSPECTED,SUPPORTING,0.848,True,CRIMINAL
CONFIRMED,SUPPORTING,0.901,True,MIXED
CONFIRMED,SUPPORTING,0.851,True,LEGITIMATE
UNKNOWN,NEUTRAL,0.379,True,AMBIGUOUS
CONFIRMED,SUPPORTING,0.875,True,AMBIGUOUS
CONFIRMED,SUPPORTING,0.964,True,AMBIGUOUS
FALSE,CONTRADICTING,0.298,True,CRIMINAL
SUSPECTED,SUPPORTING,0.712,True,CRIMINAL
SUSPECTED,SUPPORTING,0.633,True,CRIMINAL
FALSE,CONTRADICTING,0.221,True,CRIMINAL
CONFIRMED,SUPPORTING,0.965,True,CRIMINAL
UNKNOWN,NEUTRAL,0.216,True,MIXED
FALSE,CONTRADICTING,0.306,True,CRIMINAL
UNKNOWN,NEUTRAL,0.291,True,CRIMINAL
CONFIRMED,SUPPORTING,0.907,True,AMBIGUOUS
SUSPECTED,SUPPORTING,0.630,True,CRIMINAL
SUSPECTED,SUPPORTING,0.611,True,LEGITIMATE
UNKNOWN,NEUTRAL,0.323,True,CRIMINAL
FALSE,CONTRADICTING,0.275,True,MIXED
CONFIRMED,SUPPORTING,0.923,True,AMBIGUOUS
CONFIRMED,SUPPORTING,0.877,True,AMBIGUOUS
FALSE,CONTRADICTING,0.142,True,CRIMINAL
FALSE,CONTRADICTING,0.305,True,CRIMINAL
SUSPECTED,SUPPORTING,0.665,True,CRIMINAL
UNKNOWN,NEUTRAL,0.364,True,MIXED
SUSPECTED,SUPPORTING,0.616,True,MIXED
SUSPECTED,SUPPORTING,0.816,True,AMBIGUOUS
SUSPECTED,SUPPORTING,0.804,True,MIXED
UNKNOWN,NEUTRAL,0.297,True,MIXED
FALSE,CONTRADICTING,0.261,True,CRIMINAL
CONFIRMED,SUPPORTING,0.889,True,MIXED
UNKNOWN,NEUTRAL,0.366,True,CRIMINAL
SUSPECTED,SUPPORTING,0.749,True,AMBIGUOUS
CONFIRMED,SUPPORTING,0.853,True,CRIMINAL
FALSE,CONTRADICTING,0.185,True,AMBIGUOUS
SUSPECTED,SUPPORTING,0.684,True,LEGITIMATE
SUSPECTED,SUPPORTING,0.585,True,CRIMINAL
FALSE,CONTRADICTING,0.358,True,MIXED
FALSE,CONTRADICTING,0.292,True,MIXED
CONFIRMED,SUPPORTING,0.912,True,CRIMINAL
CONFIRMED,SUPPORTING,0.947,True,LEGITIMATE
SUSPECTED,SUPPORTING,0.588,True,CRIMINAL
CONFIRMED,SUPPORTING,0.932,True,CRIMINAL
UNKNOWN,NEUTRAL,0.319,True,LEGITIMATE
CONFIRMED,SUPPORTING,0.907,True,AMBIGUOUS
UNKNOWN,NEUTRAL,0.288,True,MIXED
SUSPECTED,SUPPORTING,0.780,True,CRIMINAL
SUSPECTED,SUPPORTING,0.803,True,MIXED
SUSPECTED,SUPPORTING,0.713,True,MIXED
CONFIRMED,SUPPORTING,0.980,True,MIXED
FALSE,CONTRADICTING,0.145,True,LEGITIMATE
CONFIRMED,SUPPORTING,0.824,True,MIXED
CONFIRMED,SUPPORTING,0.917,True,AMBIGUOUS
SUSPECTED,SUPPORTING,0.649,True,CRIMINAL
CONFIRMED,SUPPORTING,0.875,True,MIXED
CONFIRMED,SUPPORTING,0.853,True,CRIMINAL
SUSPECTED,SUPPORTING,0.765,True,LEGITIMATE
CONFIRMED,SUPPORTING,0.854,True,CRIMINAL
UNKNOWN,NEUTRAL,0.447,True,CRIMINAL
CONFIRMED,SUPPORTING,0.988,True,CRIMINAL
CONFIRMED,SUPPORTING,0.837,True,CRIMINAL
SUSPECTED,SUPPORTING,0.837,True,CRIMINAL
UNKNOWN,NEUTRAL,0.526,True,MIXED
FALSE,CONTRADICTING,0.327,True,MIXED
SUSPECTED,SUPPORTING,0.619,True,CRIMINAL
CONFIRMED,SUPPORTING,0.872,True,CRIMINAL
CONFIRMED,SUPPORTING,0.845,True,AMBIGUOUS
FALSE,CONTRADICTING,0.347,True,MIXED
SUSPECTED,SUPPORTING,0.680,True,CRIMINAL
FALSE,CONTRADICTING,0.398,True,LEGITIMATE
SUSPECTED,SUPPORTING,0.761,True,AMBIGUOUS
UNKNOWN,NEUTRAL,0.514,True,MIXED
CONFIRMED,SUPPORTING,0.821,True,CRIMINAL
UNKNOWN,NEUTRAL,0.428,True,AMBIGUOUS
FALSE,CONTRADICTING,0.161,True,LEGITIMATE
UNKNOWN,NEUTRAL,0.221,True,CRIMINAL
SUSPECTED,SUPPORTING,0.659,True,CRIMINAL
SUSPECTED,SUPPORTING,0.754,True,CRIMINAL
CONFIRMED,SUPPORTING,0.876,True,LEGITIMATE
CONFIRMED,SUPPORTING,0.916,True,AMBIGUOUS
CONFIRMED,SUPPORTING,0.864,True,MIXED
UNKNOWN,NEUTRAL,0.280,True,MIXED
CONFIRMED,SUPPORTING,0.867,True,AMBIGUOUS
UNKNOWN,NEUTRAL,0.480,True,CRIMINAL
CONFIRMED,SUPPORTING,0.920,True,LEGITIMATE
FALSE,CONTRADICTING,0.280,True,AMBIGUOUS
FALSE,CONTRADICTING,0.409,True,AMBIGUOUS
CONFIRMED,SUPPORTING,0.979,True,CRIMINAL
SUSPECTED,SUPPORTING,0.591,True,CRIMINAL
CONFIRMED,SUPPORTING,0.862,True,CRIMINAL
FALSE,CONTRADICTING,0.372,True,CRIMINAL
UNKNOWN,NEUTRAL,0.391,True,AMBIGUOUS
SUSPECTED,SUPPORTING,0.690,True,CRIMINAL
CONFIRMED,SUPPORTING,0.963,True,CRIMINAL
FALSE,CONTRADICTING,0.404,True,AMBIGUOUS
CONFIRMED,SUPPORTING,0.973,True,MIXED
SUSPECTED,SUPPORTING,0.793,True,MIXED
FALSE,CONTRADICTING,0.276,True,LEGITIMATE
FALSE,CONTRADICTING,0.314,True,LEGITIMATE
CONFIRMED,SUPPORTING,0.929,True,MIXED
FALSE,CONTRADICTING,0.374,True,MIXED
CONFIRMED,SUPPORTING,0.869,True,CRIMINAL
CONFIRMED,SUPPORTING,0.940,True,MIXED
CONFIRMED,SUPPORTING,0.976,True,MIXED
CONFIRMED,SUPPORTING,0.930,True,CRIMINAL
FALSE,CONTRADICTING,0.361,True,MIXED
SUSPECTED,SUPPORTING,0.747,True,CRIMINAL
CONFIRMED,SUPPORTING,0.900,True,CRIMINAL
SUSPECTED,SUPPORTING,0.726,True,CRIMINAL
FALSE,CONTRADICTING,0.396,True,LEGITIMATE
CONFIRMED,SUPPORTING,0.821,True,CRIMINAL
CONFIRMED,SUPPORTING,0.985,True,MIXED
FALSE,CONTRADICTING,0.175,True,CRIMINAL
SUSPECTED,SUPPORTING,0.798,True,CRIMINAL
SUSPECTED,SUPPORTING,0.814,True,CRIMINAL
CONFIRMED,SUPPORTING,0.888,True,CRIMINAL
SUSPECTED,SUPPORTING,0.833,True,CRIMINAL
FALSE,CONTRADICTING,0.303,True,LEGITIMATE
UNKNOWN,NEUTRAL,0.301,True,LEGITIMATE
CONFIRMED,SUPPORTING,0.845,True,MIXED
UNKNOWN,NEUTRAL,0.335,True,MIXED
UNKNOWN,NEUTRAL,0.537,True,LEGITIMATE
SUSPECTED,SUPPORTING,0.852,True,CRIMINAL
UNKNOWN,NEUTRAL,0.356,True,CRIMINAL
FALSE,CONTRADICTING,0.283,True,AMBIGUOUS
UNKNOWN,NEUTRAL,0.391,True,AMBIGUOUS
FALSE,CONTRADICTING,0.167,True,LEGITIMATE
FALSE,CONTRADICTING,0.303,True,LEGITIMATE
SUSPECTED,SUPPORTING,0.770,True,CRIMINAL
SUSPECTED,SUPPORTING,0.685,True,CRIMINAL
FALSE,CONTRADICTING,0.203,True,MIXED
UNKNOWN,NEUTRAL,0.459,True,LEGITIMATE
FALSE,CONTRADICTING,0.153,True,LEGITIMATE
CONFIRMED,SUPPORTING,0.933,True,MIXED
CONFIRMED,SUPPORTING,0.962,True,MIXED
UNKNOWN,NEUTRAL,0.343,True,MIXED
FALSE,CONTRADICTING,0.227,True,LEGITIMATE
UNKNOWN,NEUTRAL,0.532,True,LEGITIMATE
UNKNOWN,NEUTRAL,0.540,True,AMBIGUOUS
SUSPECTED,SUPPORTING,0.627,True,CRIMINAL
SUSPECTED,SUPPORTING,0.645,True,CRIMINAL
CONFIRMED,SUPPORTING,0.902,True,AMBIGUOUS
CONFIRMED,SUPPORTING,0.907,True,CRIMINAL
SUSPECTED,SUPPORTING,0.825,True,CRIMINAL
CONFIRMED,SUPPORTING,0.946,True,CRIMINAL
SUSPECTED,SUPPORTING,0.801,True,MIXED
CONFIRMED,SUPPORTING,0.837,True,AMBIGUOUS
SUSPECTED,SUPPORTING,0.677,True,MIXED
CONFIRMED,SUPPORTING,0.940,True,AMBIGUOUS
SUSPECTED,SUPPORTING,0.736,True,AMBIGUOUS
SUSPECTED,SUPPORTING,0.800,True,CRIMINAL
SUSPECTED,SUPPORTING,0.838,True,CRIMINAL
SUSPECTED,SUPPORTING,0.812,True,CRIMINAL
CONFIRMED,SUPPORTING,0.907,True,CRIMINAL
UNKNOWN,NEUTRAL,0.233,True,CRIMINAL
FALSE,CONTRADICTING,0.381,True,AMBIGUOUS
UNKNOWN,NEUTRAL,0.254,True,CRIMINAL
FALSE,CONTRADICTING,0.151,True,AMBIGUOUS
UNKNOWN,NEUTRAL,0.429,True,LEGITIMATE
CONFIRMED,SUPPORTING,0.905,True,CRIMINAL
UNKNOWN,NEUTRAL,0.494,True,CRIMINAL
SUSPECTED,SUPPORTING,0.688,True,MIXED
FALSE,CONTRADICTING,0.176,True,LEGITIMATE
UNKNOWN,NEUTRAL,0.456,True,LEGITIMATE
FALSE,CONTRADICTING,0.416,True,CRIMINAL
UNKNOWN,NEUTRAL,0.200,True,MIXED
SUSPECTED,SUPPORTING,0.740,True,CRIMINAL
CONFIRMED,SUPPORTING,0.973,True,MIXED
CONFIRMED,SUPPORTING,0.839,True,CRIMINAL
CONFIRMED,SUPPORTING,0.900,True,CRIMINAL
SUSPECTED,SUPPORTING,0.632,True,MIXED
SUSPECTED,SUPPORTING,0.739,True,CRIMINAL
SUSPECTED,SUPPORTING,0.694,True,MIXED
SUSPECTED,SUPPORTING,0.859,True,CRIMINAL
CONFIRMED,SUPPORTING,0.839,True,CRIMINAL
SUSPECTED,SUPPORTING,0.591,True,CRIMINAL
SUSPECTED,SUPPORTING,0.770,True,MIXED
UNKNOWN,NEUTRAL,0.246,True,AMBIGUOUS
UNKNOWN,NEUTRAL,0.238,True,CRIMINAL
UNKNOWN,NEUTRAL,0.487,True,MIXED
SUSPECTED,SUPPORTING,0.595,True,AMBIGUOUS
CONFIRMED,SUPPORTING,0.965,True,MIXED
UNKNOWN,NEUTRAL,0.541,True,CRIMINAL
CONFIRMED,SUPPORTING,0.971,True,CRIMINAL
CONFIRMED,SUPPORTING,0.964,True,LEGITIMATE
SUSPECTED,SUPPORTING,0.814,True,CRIMINAL
UNKNOWN,NEUTRAL,0.284,True,AMBIGUOUS
SUSPECTED,SUPPORTING,0.663,True,AMBIGUOUS
CONFIRMED,SUPPORTING,0.935,True,CRIMINAL
CONFIRMED,SUPPORTING,0.913,True,CRIMINAL
SUSPECTED,SUPPORTING,0.663,True,CRIMINAL
CONFIRMED,SUPPORTING,0.833,True,CRIMINAL
FALSE,CONTRADICTING,0.203,True,MIXED
FALSE,CONTRADICTING,0.262,True,MIXED
FALSE,CONTRADICTING,0.358,True,MIXED
CONFIRMED,SUPPORTING,0.853,True,CRIMINAL
UNKNOWN,NEUTRAL,0.508,True,CRIMINAL
UNKNOWN,NEUTRAL,0.335,True,AMBIGUOUS
UNKNOWN,NEUTRAL,0.298,True,MIXED
CONFIRMED,SUPPORTING,0.874,True,CRIMINAL
CONFIRMED,SUPPORTING,0.929,True,CRIMINAL
SUSPECTED,SUPPORTING,0.639,True,CRIMINAL
SUSPECTED,SUPPORTING,0.742,True,MIXED
UNKNOWN,NEUTRAL,0.517,True,AMBIGUOUS
CONFIRMED,SUPPORTING,0.882,True,CRIMINAL
CONFIRMED,SUPPORTING,0.918,True,MIXED
FALSE,CONTRADICTING,0.253,True,LEGITIMATE
CONFIRMED,SUPPORTING,0.860,True,CRIMINAL
UNKNOWN,NEUTRAL,0.231,True,CRIMINAL
UNKNOWN,NEUTRAL,0.311,True,MIXED
SUSPECTED,SUPPORTING,0.758,True,CRIMINAL
UNKNOWN,NEUTRAL,0.446,True,CRIMINAL
CONFIRMED,SUPPORTING,0.946,True,LEGITIMATE
SUSPECTED,SUPPORTING,0.848,True,CRIMINAL
UNKNOWN,NEUTRAL,0.326,True,MIXED
UNKNOWN,NEUTRAL,0.492,True,CRIMINAL
SUSPECTED,SUPPORTING,0.732,True,CRIMINAL
SUSPECTED,SUPPORTING,0.650,True,CRIMINAL
SUSPECTED,SUPPORTING,0.779,True,MIXED
SUSPECTED,SUPPORTING,0.684,True,LEGITIMATE
FALSE,CONTRADICTING,0.329,True,AMBIGUOUS
CONFIRMED,SUPPORTING,0.964,True,CRIMINAL
CONFIRMED,SUPPORTING,0.911,True,MIXED
UNKNOWN,NEUTRAL,0.483,True,MIXED
CONFIRMED,SUPPORTING,0.863,True,CRIMINAL
CONFIRMED,SUPPORTING,0.837,True,CRIMINAL
FALSE,CONTRADICTING,0.210,True,LEGITIMATE
CONFIRMED,SUPPORTING,0.840,True,MIXED
UNKNOWN,NEUTRAL,0.271,True,LEGITIMATE
UNKNOWN,NEUTRAL,0.313,True,MIXED
UNKNOWN,NEUTRAL,0.330,True,MIXED
SUSPECTED,SUPPORTING,0.594,True,MIXED
CONFIRMED,SUPPORTING,0.976,True,MIXED
FALSE,CONTRADICTING,0.242,True,MIXED
CONFIRMED,SUPPORTING,0.858,True,CRIMINAL
FALSE,CONTRADICTING,0.144,True,AMBIGUOUS
CONFIRMED,SUPPORTING,0.850,True,CRIMINAL
SUSPECTED,SUPPORTING,0.823,True,CRIMINAL
UNKNOWN,NEUTRAL,0.544,True,LEGITIMATE
SUSPECTED,SUPPORTING,0.789,True,CRIMINAL
FALSE,CONTRADICTING,0.204,True,LEGITIMATE
SUSPECTED,SUPPORTING,0.751,True,MIXED
CONFIRMED,SUPPORTING,0.899,True,CRIMINAL
UNKNOWN,NEUTRAL,0.279,True,CRIMINAL
UNKNOWN,NEUTRAL,0.524,True,LEGITIMATE
UNKNOWN,NEUTRAL,0.220,True,CRIMINAL
CONFIRMED,SUPPORTING,0.965,True,CRIMINAL
SUSPECTED,SUPPORTING,0.852,True,CRIMINAL
UNKNOWN,NEUTRAL,0.464,True,MIXED
UNKNOWN,NEUTRAL,0.322,True,CRIMINAL
CONFIRMED,SUPPORTING,0.850,True,CRIMINAL
FALSE,CONTRADICTING,0.184,True,LEGITIMATE
FALSE,CONTRADICTING,0.146,True,AMBIGUOUS
FALSE,CONTRADICTING,0.203,True,LEGITIMATE
SUSPECTED,SUPPORTING,0.673,True,CRIMINAL
UNKNOWN,NEUTRAL,0.518,True,AMBIGUOUS
SUSPECTED,SUPPORTING,0.659,True,MIXED
UNKNOWN,NEUTRAL,0.248,True,AMBIGUOUS
CONFIRMED,SUPPORTING,0.876,True,CRIMINAL
SUSPECTED,SUPPORTING,0.608,True,CRIMINAL
FALSE,CONTRADICTING,0.380,True,LEGITIMATE
SUSPECTED,SUPPORTING,0.797,True,MIXED
SUSPECTED,SUPPORTING,0.769,True,MIXED
UNKNOWN,NEUTRAL,0.376,True,LEGITIMATE
FALSE,CONTRADICTING,0.153,True,LEGITIMATE
UNKNOWN,NEUTRAL,0.214,True,CRIMINAL
SUSPECTED,SUPPORTING,0.596,True,AMBIGUOUS
CONFIRMED,SUPPORTING,0.834,True,CRIMINAL
FALSE,CONTRADICTING,0.347,True,MIXED
SUSPECTED,SUPPORTING,0.652,True,MIXED
SUSPECTED,SUPPORTING,0.815,True,MIXED
SUSPECTED,SUPPORTING,0.846,True,AMBIGUOUS
SUSPECTED,SUPPORTING,0.733,True,MIXED
SUSPECTED,SUPPORTING,0.587,True,MIXED
UNKNOWN,NEUTRAL,0.273,True,MIXED
SUSPECTED,SUPPORTING,0.677,True,LEGITIMATE
SUSPECTED,SUPPORTING,0.712,True,CRIMINAL
UNKNOWN,NEUTRAL,0.494,True,LEGITIMATE
SUSPECTED,SUPPORTING,0.847,True,CRIMINAL
CONFIRMED,SUPPORTING,0.948,True,CRIMINAL
CONFIRMED,SUPPORTING,0.901,True,LEGITIMATE
CONFIRMED,SUPPORTING,0.903,True,CRIMINAL
FALSE,CONTRADICTING,0.347,True,AMBIGUOUS
CONFIRMED,SUPPORTING,0.970,True,MIXED
UNKNOWN,NEUTRAL,0.416,True,CRIMINAL
UNKNOWN,NEUTRAL,0.292,True,MIXED
SUSPECTED,SUPPORTING,0.638,True,AMBIGUOUS
CONFIRMED,SUPPORTING,0.855,True,CRIMINAL
FALSE,CONTRADICTING,0.380,True,MIXED
CONFIRMED,SUPPORTING,0.975,True,CRIMINAL
FALSE,CONTRADICTING,0.130,True,LEGITIMATE
UNKNOWN,NEUTRAL,0.207,True,LEGITIMATE
UNKNOWN,NEUTRAL,0.349,True,CRIMINAL
CONFIRMED,SUPPORTING,0.966,True,MIXED
FALSE,CONTRADICTING,0.192,True,AMBIGUOUS
UNKNOWN,NEUTRAL,0.475,True,AMBIGUOUS
CONFIRMED,SUPPORTING,0.861,True,AMBIGUOUS
SUSPECTED,SUPPORTING,0.805,True,CRIMINAL
CONFIRMED,SUPPORTING,0.909,True,CRIMINAL
CONFIRMED,SUPPORTING,0.874,True,CRIMINAL
CONFIRMED,SUPPORTING,0.901,True,LEGITIMATE
SUSPECTED,SUPPORTING,0.793,True,AMBIGUOUS
SUSPECTED,SUPPORTING,0.818,True,CRIMINAL
SUSPECTED,SUPPORTING,0.785,True,CRIMINAL
UNKNOWN,NEUTRAL,0.389,True,CRIMINAL
UNKNOWN,NEUTRAL,0.307,True,MIXED
SUSPECTED,SUPPORTING,0.695,True,CRIMINAL
UNKNOWN,NEUTRAL,0.242,True,CRIMINAL
CONFIRMED,SUPPORTING,0.929,True,MIXED
FALSE,CONTRADICTING,0.343,True,LEGITIMATE
SUSPECTED,SUPPORTING,0.738,True,CRIMINAL
SUSPECTED,SUPPORTING,0.721,True,CRIMINAL
CONFIRMED,SUPPORTING,0.928,True,CRIMINAL
FALSE,CONTRADICTING,0.409,True,MIXED
UNKNOWN,NEUTRAL,0.246,True,AMBIGUOUS
SUSPECTED,SUPPORTING,0.797,True,CRIMINAL
UNKNOWN,NEUTRAL,0.307,True,CRIMINAL
CONFIRMED,SUPPORTING,0.884,True,CRIMINAL
UNKNOWN,NEUTRAL,0.518,True,MIXED
CONFIRMED,SUPPORTING,0.921,True,CRIMINAL
FALSE,CONTRADICTING,0.254,True,CRIMINAL
FALSE,CONTRADICTING,0.295,True,LEGITIMATE
SUSPECTED,SUPPORTING,0.694,True,AMBIGUOUS
CONFIRMED,SUPPORTING,0.883,True,LEGITIMATE
UNKNOWN,NEUTRAL,0.500,True,LEGITIMATE
CONFIRMED,SUPPORTING,0.981,True,MIXED
CONFIRMED,SUPPORTING,0.981,True,CRIMINAL
FALSE,CONTRADICTING,0.334,True,MIXED
SUSPECTED,SUPPORTING,0.606,True,LEGITIMATE
FALSE,CONTRADICTING,0.143,True,CRIMINAL
SUSPECTED,SUPPORTING,0.666,True,AMBIGUOUS
FALSE,CONTRADICTING,0.346,True,LEGITIMATE
CONFIRMED,SUPPORTING,0.846,True,CRIMINAL
UNKNOWN,NEUTRAL,0.453,True,CRIMINAL
CONFIRMED,SUPPORTING,0.829,True,CRIMINAL
FALSE,CONTRADICTING,0.276,True,CRIMINAL
SUSPECTED,SUPPORTING,0.822,True,CRIMINAL
CONFIRMED,SUPPORTING,0.974,True,CRIMINAL
FALSE,CONTRADICTING,0.228,True,LEGITIMATE
UNKNOWN,NEUTRAL,0.276,True,CRIMINAL
FALSE,CONTRADICTING,0.206,True,CRIMINAL
UNKNOWN,NEUTRAL,0.393,True,CRIMINAL
CONFIRMED,SUPPORTING,0.930,True,CRIMINAL
SUSPECTED,SUPPORTING,0.603,True,LEGITIMATE
UNKNOWN,NEUTRAL,0.285,True,CRIMINAL
FALSE,CONTRADICTING,0.418,True,LEGITIMATE
FALSE,CONTRADICTING,0.191,True,MIXED
CONFIRMED,SUPPORTING,0.989,True,CRIMINAL
UNKNOWN,NEUTRAL,0.372,True,AMBIGUOUS
UNKNOWN,NEUTRAL,0.517,True,MIXED
CONFIRMED,SUPPORTING,0.850,True,LEGITIMATE
UNKNOWN,NEUTRAL,0.440,True,MIXED
CONFIRMED,SUPPORTING,0.973,True,CRIMINAL
UNKNOWN,NEUTRAL,0.366,True,CRIMINAL
CONFIRMED,SUPPORTING,0.970,True,MIXED
SUSPECTED,SUPPORTING,0.856,True,AMBIGUOUS
SUSPECTED,SUPPORTING,0.754,True,CRIMINAL
CONFIRMED,SUPPORTING,0.862,True,MIXED
CONFIRMED,SUPPORTING,0.876,True,CRIMINAL
UNKNOWN,NEUTRAL,0.267,True,MIXED
SUSPECTED,SUPPORTING,0.802,True,CRIMINAL
SUSPECTED,SUPPORTING,0.669,True,CRIMINAL
CONFIRMED,SUPPORTING,0.955,True,LEGITIMATE
UNKNOWN,NEUTRAL,0.540,True,CRIMINAL
UNKNOWN,NEUTRAL,0.540,True,MIXED
SUSPECTED,SUPPORTING,0.804,True,MIXED
CONFIRMED,SUPPORTING,0.835,True,CRIMINAL
UNKNOWN,NEUTRAL,0.417,True,MIXED
UNKNOWN,NEUTRAL,0.394,True,LEGITIMATE
SUSPECTED,SUPPORTING,0.672,True,MIXED
SUSPECTED,SUPPORTING,0.598,True,AMBIGUOUS
UNKNOWN,NEUTRAL,0.270,True,MIXED
CONFIRMED,SUPPORTING,0.900,True,CRIMINAL
UNKNOWN,NEUTRAL,0.252,True,CRIMINAL
FALSE,CONTRADICTING,0.380,True,CRIMINAL
CONFIRMED,SUPPORTING,0.913,True,CRIMINAL
UNKNOWN,NEUTRAL,0.523,True,CRIMINAL
CONFIRMED,SUPPORTING,0.888,True,MIXED
FALSE,CONTRADICTING,0.132,True,CRIMINAL
CONFIRMED,SUPPORTING,0.883,True,LEGITIMATE
SUSPECTED,SUPPORTING,0.633,True,CRIMINAL
CONFIRMED,SUPPORTING,0.860,True,MIXED
CONFIRMED,SUPPORTING,0.932,True,MIXED
FALSE,CONTRADICTING,0.146,True,LEGITIMATE
UNKNOWN,NEUTRAL,0.347,True,AMBIGUOUS
CONFIRMED,SUPPORTING,0.848,True,LEGITIMATE
FALSE,CONTRADICTING,0.302,True,MIXED
UNKNOWN,NEUTRAL,0.223,True,MIXED
SUSPECTED,SUPPORTING,0.780,True,MIXED
CONFIRMED,SUPPORTING,0.823,True,CRIMINAL
UNKNOWN,NEUTRAL,0.331,True,LEGITIMATE
SUSPECTED,SUPPORTING,0.740,True,MIXED
SUSPECTED,SUPPORTING,0.720,True,MIXED
UNKNOWN,NEUTRAL,0.534,True,AMBIGUOUS
CONFIRMED,SUPPORTING,0.945,True,AMBIGUOUS
FALSE,CONTRADICTING,0.163,True,MIXED
UNKNOWN,NEUTRAL,0.204,True,AMBIGUOUS
UNKNOWN,NEUTRAL,0.452,True,AMBIGUOUS
SUSPECTED,SUPPORTING,0.737,True,MIXED
SUSPECTED,SUPPORTING,0.713,True,AMBIGUOUS
FALSE,CONTRADICTING,0.268,True,LEGITIMATE
FALSE,CONTRADICTING,0.367,True,AMBIGUOUS
SUSPECTED,SUPPORTING,0.634,True,CRIMINAL
SUSPECTED,SUPPORTING,0.657,True,AMBIGUOUS
UNKNOWN,NEUTRAL,0.483,True,AMBIGUOUS
SUSPECTED,SUPPORTING,0.838,True,MIXED
SUSPECTED,SUPPORTING,0.658,True,MIXED
SUSPECTED,SUPPORTING,0.801,True,LEGITIMATE
CONFIRMED,SUPPORTING,0.888,True,CRIMINAL
FALSE,CONTRADICTING,0.372,True,AMBIGUOUS
SUSPECTED,SUPPORTING,0.586,True,AMBIGUOUS
CONFIRMED,SUPPORTING,0.878,True,CRIMINAL
SUSPECTED,SUPPORTING,0.597,True,LEGITIMATE
SUSPECTED,SUPPORTING,0.639,True,CRIMINAL
FALSE,CONTRADICTING,0.250,True,CRIMINAL
UNKNOWN,NEUTRAL,0.330,True,LEGITIMATE
SUSPECTED,SUPPORTING,0.656,True,MIXED
CONFIRMED,SUPPORTING,0.985,True,CRIMINAL
UNKNOWN,NEUTRAL,0.245,True,CRIMINAL
UNKNOWN,NEUTRAL,0.532,True,MIXED
FALSE,CONTRADICTING,0.275,True,AMBIGUOUS
SUSPECTED,SUPPORTING,0.606,True,MIXED
CONFIRMED,SUPPORTING,0.862,True,CRIMINAL
UNKNOWN,NEUTRAL,0.248,True,AMBIGUOUS
SUSPECTED,SUPPORTING,0.685,True,MIXED
SUSPECTED,SUPPORTING,0.730,True,MIXED
FALSE,CONTRADICTING,0.324,True,LEGITIMATE
CONFIRMED,SUPPORTING,0.926,True,CRIMINAL
SUSPECTED,SUPPORTING,0.635,True,LEGITIMATE
FALSE,CONTRADICTING,0.203,True,LEGITIMATE
FALSE,CONTRADICTING,0.138,True,LEGITIMATE
CONFIRMED,SUPPORTING,0.887,True,CRIMINAL
FALSE,CONTRADICTING,0.198,True,LEGITIMATE
FALSE,CONTRADICTING,0.269,True,CRIMINAL
CONFIRMED,SUPPORTING,0.895,True,MIXED
UNKNOWN,NEUTRAL,0.391,True,LEGITIMATE
CONFIRMED,SUPPORTING,0.922,True,MIXED
UNKNOWN,NEUTRAL,0.330,True,AMBIGUOUS
UNKNOWN,NEUTRAL,0.519,True,CRIMINAL
SUSPECTED,SUPPORTING,0.614,True,MIXED
UNKNOWN,NEUTRAL,0.505,True,CRIMINAL
SUSPECTED,SUPPORTING,0.659,True,LEGITIMATE
FALSE,CONTRADICTING,0.327,True,CRIMINAL
SUSPECTED,SUPPORTING,0.845,True,CRIMINAL
SUSPECTED,SUPPORTING,0.680,True,LEGITIMATE
SUSPECTED,SUPPORTING,0.809,True,CRIMINAL
CONFIRMED,SUPPORTING,0.880,True,CRIMINAL
UNKNOWN,NEUTRAL,0.514,True,CRIMINAL
FALSE,CONTRADICTING,0.395,True,CRIMINAL
FALSE,CONTRADICTING,0.357,True,MIXED
CONFIRMED,SUPPORTING,0.833,True,CRIMINAL
SUSPECTED,SUPPORTING,0.719,True,MIXED
FALSE,CONTRADICTING,0.221,True,MIXED
SUSPECTED,SUPPORTING,0.785,True,MIXED
SUSPECTED,SUPPORTING,0.663,True,CRIMINAL
CONFIRMED,SUPPORTING,0.968,True,CRIMINAL
CONFIRMED,SUPPORTING,0.853,True,CRIMINAL
FALSE,CONTRADICTING,0.312,True,CRIMINAL
UNKNOWN,NEUTRAL,0.250,True,MIXED
CONFIRMED,SUPPORTING,0.900,True,CRIMINAL
FALSE,CONTRADICTING,0.345,True,MIXED
CONFIRMED,SUPPORTING,0.976,True,CRIMINAL
UNKNOWN,NEUTRAL,0.473,True,MIXED
CONFIRMED,SUPPORTING,0.826,True,CRIMINAL
CONFIRMED,SUPPORTING,0.831,True,CRIMINAL
UNKNOWN,NEUTRAL,0.457,True,AMBIGUOUS
SUSPECTED,SUPPORTING,0.817,True,MIXED
SUSPECTED,SUPPORTING,0.797,True,AMBIGUOUS
FALSE,CONTRADICTING,0.219,True,CRIMINAL
CONFIRMED,SUPPORTING,0.820,True,CRIMINAL
FALSE,CONTRADICTING,0.393,True,MIXED
FALSE,CONTRADICTING,0.419,True,LEGITIMATE
FALSE,CONTRADICTING,0.295,True,CRIMINAL
CONFIRMED,SUPPORTING,0.890,True,MIXED
UNKNOWN,NEUTRAL,0.474,True,AMBIGUOUS
CONFIRMED,SUPPORTING,0.919,True,CRIMINAL
FALSE,CONTRADICTING,0.357,True,MIXED
SUSPECTED,SUPPORTING,0.688,True,MIXED
UNKNOWN,NEUTRAL,0.234,True,MIXED
SUSPECTED,SUPPORTING,0.724,True,CRIMINAL
SUSPECTED,SUPPORTING,0.602,True,MIXED
UNKNOWN,NEUTRAL,0.222,True,MIXED
CONFIRMED,SUPPORTING,0.976,True,CRIMINAL
SUSPECTED,SUPPORTING,0.699,True,CRIMINAL
CONFIRMED,SUPPORTING,0.833,True,AMBIGUOUS
UNKNOWN,NEUTRAL,0.537,True,CRIMINAL
CONFIRMED,SUPPORTING,0.936,True,MIXED
UNKNOWN,NEUTRAL,0.500,True,CRIMINAL
SUSPECTED,SUPPORTING,0.710,True,AMBIGUOUS
UNKNOWN,NEUTRAL,0.318,True,MIXED
FALSE,CONTRADICTING,0.183,True,MIXED
UNKNOWN,NEUTRAL,0.532,True,MIXED
FALSE,CONTRADICTING,0.250,True,MIXED
SUSPECTED,SUPPORTING,0.671,True,MIXED
SUSPECTED,SUPPORTING,0.640,True,CRIMINAL
UNKNOWN,NEUTRAL,0.407,True,AMBIGUOUS
SUSPECTED,SUPPORTING,0.705,True,MIXED
SUSPECTED,SUPPORTING,0.637,True,AMBIGUOUS
UNKNOWN,NEUTRAL,0.475,True,AMBIGUOUS
UNKNOWN,NEUTRAL,0.319,True,CRIMINAL
FALSE,CONTRADICTING,0.247,True,LEGITIMATE
UNKNOWN,NEUTRAL,0.367,True,MIXED
SUSPECTED,SUPPORTING,0.716,True,MIXED
CONFIRMED,SUPPORTING,0.917,True,CRIMINAL
FALSE,CONTRADICTING,0.351,True,CRIMINAL
UNKNOWN,NEUTRAL,0.240,True,AMBIGUOUS
SUSPECTED,SUPPORTING,0.857,True,CRIMINAL
SUSPECTED,SUPPORTING,0.655,True,CRIMINAL
UNKNOWN,NEUTRAL,0.518,True,MIXED
CONFIRMED,SUPPORTING,0.857,True,CRIMINAL
FALSE,CONTRADICTING,0.145,True,CRIMINAL
UNKNOWN,NEUTRAL,0.419,True,MIXED
SUSPECTED,SUPPORTING,0.793,True,MIXED
UNKNOWN,NEUTRAL,0.310,True,MIXED
SUSPECTED,SUPPORTING,0.580,True,MIXED
UNKNOWN,NEUTRAL,0.250,True,MIXED
UNKNOWN,NEUTRAL,0.522,True,AMBIGUOUS
CONFIRMED,SUPPORTING,0.938,True,LEGITIMATE
CONFIRMED,SUPPORTING,0.839,True,CRIMINAL
SUSPECTED,SUPPORTING,0.816,True,MIXED
SUSPECTED,SUPPORTING,0.645,True,MIXED
SUSPECTED,SUPPORTING,0.812,True,CRIMINAL
UNKNOWN,NEUTRAL,0.338,True,CRIMINAL
SUSPECTED,SUPPORTING,0.682,True,LEGITIMATE
UNKNOWN,NEUTRAL,0.247,True,MIXED
CONFIRMED,SUPPORTING,0.832,True,CRIMINAL
UNKNOWN,NEUTRAL,0.219,True,AMBIGUOUS
CONFIRMED,SUPPORTING,0.990,True,CRIMINAL
SUSPECTED,SUPPORTING,0.597,True,CRIMINAL
FALSE,CONTRADICTING,0.373,True,LEGITIMATE
CONFIRMED,SUPPORTING,0.849,True,CRIMINAL
FALSE,CONTRADICTING,0.181,True,LEGITIMATE
UNKNOWN,NEUTRAL,0.330,True,LEGITIMATE
UNKNOWN,NEUTRAL,0.486,True,CRIMINAL
SUSPECTED,SUPPORTING,0.581,True,CRIMINAL
FALSE,CONTRADICTING,0.412,True,CRIMINAL
SUSPECTED,SUPPORTING,0.683,True,CRIMINAL
CONFIRMED,SUPPORTING,0.855,True,AMBIGUOUS
SUSPECTED,SUPPORTING,0.830,True,CRIMINAL
SUSPECTED,SUPPORTING,0.633,True,MIXED
UNKNOWN,NEUTRAL,0.459,True,LEGITIMATE
UNKNOWN,NEUTRAL,0.209,True,MIXED
SUSPECTED,SUPPORTING,0.634,True,LEGITIMATE
UNKNOWN,NEUTRAL,0.331,True,CRIMINAL
SUSPECTED,SUPPORTING,0.774,True,LEGITIMATE
CONFIRMED,SUPPORTING,0.971,True,MIXED
CONFIRMED,SUPPORTING,0.877,True,MIXED
SUSPECTED,SUPPORTING,0.682,True,LEGITIMATE
UNKNOWN,NEUTRAL,0.236,True,LEGITIMATE
SUSPECTED,SUPPORTING,0.583,True,MIXED
SUSPECTED,SUPPORTING,0.734,True,CRIMINAL
SUSPECTED,SUPPORTING,0.659,True,CRIMINAL
UNKNOWN,NEUTRAL,0.534,True,MIXED
CONFIRMED,SUPPORTING,0.847,True,CRIMINAL
UNKNOWN,NEUTRAL,0.243,True,LEGITIMATE
UNKNOWN,NEUTRAL,0.213,True,AMBIGUOUS
UNKNOWN,NEUTRAL,0.479,True,MIXED
CONFIRMED,SUPPORTING,0.969,True,MIXED
UNKNOWN,NEUTRAL,0.254,True,AMBIGUOUS
SUSPECTED,SUPPORTING,0.729,True,CRIMINAL
CONFIRMED,SUPPORTING,0.988,True,CRIMINAL
UNKNOWN,NEUTRAL,0.519,True,LEGITIMATE
FALSE,CONTRADICTING,0.212,True,AMBIGUOUS
CONFIRMED,SUPPORTING,0.988,True,CRIMINAL
FALSE,CONTRADICTING,0.142,True,LEGITIMATE
SUSPECTED,SUPPORTING,0.599,True,CRIMINAL
UNKNOWN,NEUTRAL,0.537,True,LEGITIMATE
CONFIRMED,SUPPORTING,0.880,True,CRIMINAL
UNKNOWN,NEUTRAL,0.257,True,LEGITIMATE
SUSPECTED,SUPPORTING,0.730,True,MIXED
UNKNOWN,NEUTRAL,0.412,True,MIXED
SUSPECTED,SUPPORTING,0.689,True,CRIMINAL
FALSE,CONTRADICTING,0.160,True,CRIMINAL
UNKNOWN,NEUTRAL,0.511,True,MIXED
FALSE,CONTRADICTING,0.397,True,MIXED
UNKNOWN,NEUTRAL,0.475,True,AMBIGUOUS
SUSPECTED,SUPPORTING,0.773,True,CRIMINAL
CONFIRMED,SUPPORTING,0.931,True,MIXED
CONFIRMED,SUPPORTING,0.879,True,CRIMINAL
UNKNOWN,NEUTRAL,0.235,True,AMBIGUOUS
SUSPECTED,SUPPORTING,0.612,True,MIXED
UNKNOWN,NEUTRAL,0.264,True,MIXED
UNKNOWN,NEUTRAL,0.307,True,CRIMINAL
SUSPECTED,SUPPORTING,0.783,True,MIXED
SUSPECTED,SUPPORTING,0.845,True,CRIMINAL
FALSE,CONTRADICTING,0.346,True,CRIMINAL
SUSPECTED,SUPPORTING,0.667,True,MIXED
UNKNOWN,NEUTRAL,0.326,True,MIXED
FALSE,CONTRADICTING,0.363,True,LEGITIMATE
CONFIRMED,SUPPORTING,0.943,True,LEGITIMATE
CONFIRMED,SUPPORTING,0.987,True,CRIMINAL
SUSPECTED,SUPPORTING,0.853,True,LEGITIMATE
SUSPECTED,SUPPORTING,0.830,True,CRIMINAL
SUSPECTED,SUPPORTING,0.698,True,CRIMINAL
CONFIRMED,SUPPORTING,0.862,True,CRIMINAL
UNKNOWN,NEUTRAL,0.310,True,LEGITIMATE
CONFIRMED,SUPPORTING,0.905,True,CRIMINAL
CONFIRMED,SUPPORTING,0.924,True,AMBIGUOUS
CONFIRMED,SUPPORTING,0.984,True,LEGITIMATE
UNKNOWN,NEUTRAL,0.270,True,CRIMINAL
SUSPECTED,SUPPORTING,0.733,True,MIXED
SUSPECTED,SUPPORTING,0.686,True,LEGITIMATE
UNKNOWN,NEUTRAL,0.378,True,AMBIGUOUS
UNKNOWN,NEUTRAL,0.508,True,AMBIGUOUS
CONFIRMED,SUPPORTING,0.937,True,AMBIGUOUS
FALSE,CONTRADICTING,0.256,True,CRIMINAL
FALSE,CONTRADICTING,0.202,True,MIXED
CONFIRMED,SUPPORTING,0.971,True,CRIMINAL
UNKNOWN,NEUTRAL,0.301,True,AMBIGUOUS
UNKNOWN,NEUTRAL,0.458,True,AMBIGUOUS
UNKNOWN,NEUTRAL,0.206,True,AMBIGUOUS
SUSPECTED,SUPPORTING,0.584,True,MIXED
UNKNOWN,NEUTRAL,0.265,True,MIXED
SUSPECTED,SUPPORTING,0.679,True,AMBIGUOUS
CONFIRMED,SUPPORTING,0.922,True,CRIMINAL
CONFIRMED,SUPPORTING,0.829,True,CRIMINAL
FALSE,CONTRADICTING,0.354,True,MIXED
SUSPECTED,SUPPORTING,0.688,True,AMBIGUOUS
CONFIRMED,SUPPORTING,0.830,True,CRIMINAL
UNKNOWN,NEUTRAL,0.263,True,CRIMINAL
FALSE,CONTRADICTING,0.192,True,CRIMINAL
SUSPECTED,SUPPORTING,0.637,True,CRIMINAL
SUSPECTED,SUPPORTING,0.784,True,CRIMINAL
CONFIRMED,SUPPORTING,0.989,True,CRIMINAL
SUSPECTED,SUPPORTING,0.617,True,CRIMINAL
CONFIRMED,SUPPORTING,0.820,True,LEGITIMATE
UNKNOWN,NEUTRAL,0.381,True,CRIMINAL
UNKNOWN,NEUTRAL,0.340,True,AMBIGUOUS
FALSE,CONTRADICTING,0.399,True,LEGITIMATE
SUSPECTED,SUPPORTING,0.714,True,CRIMINAL
FALSE,CONTRADICTING,0.373,True,LEGITIMATE
CONFIRMED,SUPPORTING,0.935,True,LEGITIMATE
CONFIRMED,SUPPORTING,0.920,True,LEGITIMATE
CONFIRMED,SUPPORTING,0.859,True,CRIMINAL
SUSPECTED,SUPPORTING,0.764,True,CRIMINAL
SUSPECTED,SUPPORTING,0.824,True,CRIMINAL
UNKNOWN,NEUTRAL,0.339,True,LEGITIMATE
SUSPECTED,SUPPORTING,0.593,True,CRIMINAL
SUSPECTED,SUPPORTING,0.581,True,MIXED
CONFIRMED,SUPPORTING,0.878,True,CRIMINAL
UNKNOWN,NEUTRAL,0.205,True,CRIMINAL
FALSE,CONTRADICTING,0.200,True,LEGITIMATE
SUSPECTED,SUPPORTING,0.621,True,LEGITIMATE
FALSE,CONTRADICTING,0.168,True,AMBIGUOUS
CONFIRMED,SUPPORTING,0.989,True,CRIMINAL
FALSE,CONTRADICTING,0.354,True,MIXED
SUSPECTED,SUPPORTING,0.613,True,AMBIGUOUS
SUSPECTED,SUPPORTING,0.621,True,CRIMINAL
UNKNOWN,NEUTRAL,0.550,True,LEGITIMATE
SUSPECTED,SUPPORTING,0.706,True,MIXED
UNKNOWN,NEUTRAL,0.543,True,LEGITIMATE
SUSPECTED,SUPPORTING,0.704,True,LEGITIMATE
UNKNOWN,NEUTRAL,0.235,True,MIXED
SUSPECTED,SUPPORTING,0.776,True,MIXED
SUSPECTED,SUPPORTING,0.610,True,CRIMINAL
SUSPECTED,SUPPORTING,0.812,True,LEGITIMATE
UNKNOWN,NEUTRAL,0.206,True,AMBIGUOUS
UNKNOWN,NEUTRAL,0.389,True,MIXED
CONFIRMED,SUPPORTING,0.832,True,MIXED
CONFIRMED,SUPPORTING,0.827,True,CRIMINAL
SUSPECTED,SUPPORTING,0.648,True,MIXED
CONFIRMED,SUPPORTING,0.874,True,CRIMINAL
UNKNOWN,NEUTRAL,0.205,True,CRIMINAL
UNKNOWN,NEUTRAL,0.255,True,LEGITIMATE
CONFIRMED,SUPPORTING,0.925,True,MIXED
SUSPECTED,SUPPORTING,0.797,True,MIXED
SUSPECTED,SUPPORTING,0.597,True,LEGITIMATE
CONFIRMED,SUPPORTING,0.871,True,LEGITIMATE
FALSE,CONTRADICTING,0.235,True,LEGITIMATE
FALSE,CONTRADICTING,0.184,True,LEGITIMATE
SUSPECTED,SUPPORTING,0.715,True,CRIMINAL
UNKNOWN,NEUTRAL,0.352,True,AMBIGUOUS
SUSPECTED,SUPPORTING,0.645,True,LEGITIMATE
SUSPECTED,SUPPORTING,0.801,True,MIXED
CONFIRMED,SUPPORTING,0.839,True,CRIMINAL
CONFIRMED,SUPPORTING,0.919,True,LEGITIMATE
FALSE,CONTRADICTING,0.178,True,AMBIGUOUS
UNKNOWN,NEUTRAL,0.374,True,MIXED
FALSE,CONTRADICTING,0.356,True,CRIMINAL
CONFIRMED,SUPPORTING,0.899,True,CRIMINAL
SUSPECTED,SUPPORTING,0.852,True,CRIMINAL
CONFIRMED,SUPPORTING,0.870,True,MIXED
SUSPECTED,SUPPORTING,0.843,True,LEGITIMATE
UNKNOWN,NEUTRAL,0.299,True,AMBIGUOUS
CONFIRMED,SUPPORTING,0.843,True,CRIMINAL
UNKNOWN,NEUTRAL,0.269,True,AMBIGUOUS
SUSPECTED,SUPPORTING,0.632,True,MIXED
SUSPECTED,SUPPORTING,0.593,True,AMBIGUOUS
SUSPECTED,SUPPORTING,0.588,True,AMBIGUOUS
FALSE,CONTRADICTING,0.380,True,CRIMINAL
FALSE,CONTRADICTING,0.147,True,CRIMINAL
CONFIRMED,SUPPORTING,0.933,True,CRIMINAL
SUSPECTED,SUPPORTING,0.829,True,CRIMINAL
FALSE,CONTRADICTING,0.335,True,AMBIGUOUS
UNKNOWN,NEUTRAL,0.410,True,AMBIGUOUS
SUSPECTED,SUPPORTING,0.580,True,MIXED
CONFIRMED,SUPPORTING,0.885,True,CRIMINAL
FALSE,CONTRADICTING,0.129,True,LEGITIMATE
SUSPECTED,SUPPORTING,0.709,True,CRIMINAL
CONFIRMED,SUPPORTING,0.958,True,CRIMINAL
UNKNOWN,NEUTRAL,0.491,True,AMBIGUOUS
SUSPECTED,SUPPORTING,0.664,True,CRIMINAL
SUSPECTED,SUPPORTING,0.591,True,LEGITIMATE
SUSPECTED,SUPPORTING,0.792,True,CRIMINAL
UNKNOWN,NEUTRAL,0.367,True,AMBIGUOUS
UNKNOWN,NEUTRAL,0.532,True,CRIMINAL
SUSPECTED,SUPPORTING,0.812,True,CRIMINAL
UNKNOWN,NEUTRAL,0.387,True,LEGITIMATE
FALSE,CONTRADICTING,0.392,True,CRIMINAL
SUSPECTED,SUPPORTING,0.728,True,CRIMINAL
FALSE,CONTRADICTING,0.368,True,MIXED
UNKNOWN,NEUTRAL,0.218,True,LEGITIMATE
SUSPECTED,SUPPORTING,0.602,True,MIXED
SUSPECTED,SUPPORTING,0.679,True,MIXED
SUSPECTED,SUPPORTING,0.783,True,MIXED
FALSE,CONTRADICTING,0.410,True,CRIMINAL
CONFIRMED,SUPPORTING,0.938,True,CRIMINAL
CONFIRMED,SUPPORTING,0.868,True,MIXED
UNKNOWN,NEUTRAL,0.289,True,MIXED
SUSPECTED,SUPPORTING,0.842,True,CRIMINAL
SUSPECTED,SUPPORTING,0.708,True,MIXED
UNKNOWN,NEUTRAL,0.301,True,AMBIGUOUS
FALSE,CONTRADICTING,0.250,True,AMBIGUOUS
CONFIRMED,SUPPORTING,0.922,True,LEGITIMATE
CONFIRMED,SUPPORTING,0.845,True,LEGITIMATE
CONFIRMED,SUPPORTING,0.845,True,MIXED
CONFIRMED,SUPPORTING,0.969,True,MIXED
SUSPECTED,SUPPORTING,0.598,True,AMBIGUOUS
UNKNOWN,NEUTRAL,0.278,True,CRIMINAL
SUSPECTED,SUPPORTING,0.823,True,CRIMINAL
CONFIRMED,SUPPORTING,0.856,True,MIXED
UNKNOWN,NEUTRAL,0.309,True,AMBIGUOUS
CONFIRMED,SUPPORTING,0.858,True,LEGITIMATE
FALSE,CONTRADICTING,0.375,True,MIXED
UNKNOWN,NEUTRAL,0.255,True,CRIMINAL
CONFIRMED,SUPPORTING,0.892,True,CRIMINAL
FALSE,CONTRADICTING,0.268,True,LEGITIMATE
CONFIRMED,SUPPORTING,0.840,True,MIXED
SUSPECTED,SUPPORTING,0.859,True,AMBIGUOUS
CONFIRMED,SUPPORTING,0.907,True,CRIMINAL
SUSPECTED,SUPPORTING,0.833,True,CRIMINAL
UNKNOWN,NEUTRAL,0.521,True,AMBIGUOUS
SUSPECTED,SUPPORTING,0.776,True,MIXED
CONFIRMED,SUPPORTING,0.922,True,LEGITIMATE
CONFIRMED,SUPPORTING,0.939,True,CRIMINAL
FALSE,CONTRADICTING,0.335,True,LEGITIMATE
SUSPECTED,SUPPORTING,0.654,True,CRIMINAL
SUSPECTED,SUPPORTING,0.580,True,CRIMINAL
SUSPECTED,SUPPORTING,0.641,True,MIXED
UNKNOWN,NEUTRAL,0.237,True,MIXED
CONFIRMED,SUPPORTING,0.868,True,LEGITIMATE
FALSE,CONTRADICTING,0.362,True,LEGITIMATE
UNKNOWN,NEUTRAL,0.211,True,CRIMINAL
UNKNOWN,NEUTRAL,0.427,True,MIXED
UNKNOWN,NEUTRAL,0.531,True,AMBIGUOUS
UNKNOWN,NEUTRAL,0.391,True,MIXED
UNKNOWN,NEUTRAL,0.337,True,AMBIGUOUS
SUSPECTED,SUPPORTING,0.700,True,MIXED
SUSPECTED,SUPPORTING,0.811,True,CRIMINAL
FALSE,CONTRADICTING,0.178,True,CRIMINAL
SUSPECTED,SUPPORTING,0.645,True,CRIMINAL
UNKNOWN,NEUTRAL,0.255,True,LEGITIMATE
CONFIRMED,SUPPORTING,0.909,True,CRIMINAL
UNKNOWN,NEUTRAL,0.222,True,CRIMINAL
UNKNOWN,NEUTRAL,0.292,True,AMBIGUOUS
SUSPECTED,SUPPORTING,0.723,True,MIXED
FALSE,CONTRADICTING,0.370,True,AMBIGUOUS
UNKNOWN,NEUTRAL,0.515,True,MIXED
FALSE,CONTRADICTING,0.196,True,LEGITIMATE
SUSPECTED,SUPPORTING,0.681,True,CRIMINAL
UNKNOWN,NEUTRAL,0.453,True,LEGITIMATE
SUSPECTED,SUPPORTING,0.754,True,CRIMINAL
UNKNOWN,NEUTRAL,0.436,True,AMBIGUOUS
SUSPECTED,SUPPORTING,0.720,True,CRIMINAL
CONFIRMED,SUPPORTING,0.883,True,CRIMINAL
CONFIRMED,SUPPORTING,0.887,True,LEGITIMATE
UNKNOWN,NEUTRAL,0.205,True,MIXED
SUSPECTED,SUPPORTING,0.794,True,CRIMINAL
UNKNOWN,NEUTRAL,0.321,True,AMBIGUOUS
CONFIRMED,SUPPORTING,0.927,True,CRIMINAL
SUSPECTED,SUPPORTING,0.815,True,MIXED
UNKNOWN,NEUTRAL,0.225,True,MIXED
SUSPECTED,SUPPORTING,0.803,True,MIXED
UNKNOWN,NEUTRAL,0.323,True,LEGITIMATE
SUSPECTED,SUPPORTING,0.796,True,CRIMINAL
CONFIRMED,SUPPORTING,0.899,True,CRIMINAL
FALSE,CONTRADICTING,0.172,True,LEGITIMATE
UNKNOWN,NEUTRAL,0.450,True,AMBIGUOUS
UNKNOWN,NEUTRAL,0.309,True,LEGITIMATE
UNKNOWN,NEUTRAL,0.374,True,CRIMINAL
UNKNOWN,NEUTRAL,0.337,True,CRIMINAL
FALSE,CONTRADICTING,0.313,True,MIXED
FALSE,CONTRADICTING,0.337,True,LEGITIMATE
CONFIRMED,SUPPORTING,0.977,True,MIXED
UNKNOWN,NEUTRAL,0.469,True,CRIMINAL
SUSPECTED,SUPPORTING,0.842,True,CRIMINAL
CONFIRMED,SUPPORTING,0.842,True,CRIMINAL
FALSE,CONTRADICTING,0.236,True,LEGITIMATE
SUSPECTED,SUPPORTING,0.758,True,CRIMINAL
FALSE,CONTRADICTING,0.232,True,CRIMINAL
SUSPECTED,SUPPORTING,0.787,True,CRIMINAL
SUSPECTED,SUPPORTING,0.794,True,MIXED
UNKNOWN,NEUTRAL,0.459,True,LEGITIMATE
SUSPECTED,SUPPORTING,0.769,True,MIXED
SUSPECTED,SUPPORTING,0.697,True,CRIMINAL
UNKNOWN,NEUTRAL,0.280,True,CRIMINAL
SUSPECTED,SUPPORTING,0.594,True,MIXED
CONFIRMED,SUPPORTING,0.952,True,CRIMINAL
SUSPECTED,SUPPORTING,0.608,True,CRIMINAL
FALSE,CONTRADICTING,0.183,True,CRIMINAL
FALSE,CONTRADICTING,0.289,True,LEGITIMATE
CONFIRMED,SUPPORTING,0.910,True,CRIMINAL
SUSPECTED,SUPPORTING,0.778,True,CRIMINAL
SUSPECTED,SUPPORTING,0.749,True,LEGITIMATE
FALSE,CONTRADICTING,0.221,True,MIXED
FALSE,CONTRADICTING,0.417,True,LEGITIMATE
SUSPECTED,SUPPORTING,0.582,True,LEGITIMATE
SUSPECTED,SUPPORTING,0.838,True,MIXED
CONFIRMED,SUPPORTING,0.938,True,MIXED
CONFIRMED,SUPPORTING,0.950,True,CRIMINAL
SUSPECTED,SUPPORTING,0.623,True,CRIMINAL
UNKNOWN,NEUTRAL,0.219,True,LEGITIMATE
CONFIRMED,SUPPORTING,0.966,True,CRIMINAL
SUSPECTED,SUPPORTING,0.622,True,MIXED
SUSPECTED,SUPPORTING,0.741,True,MIXED
SUSPECTED,SUPPORTING,0.613,True,MIXED
UNKNOWN,NEUTRAL,0.463,True,AMBIGUOUS
CONFIRMED,SUPPORTING,0.967,True,MIXED
UNKNOWN,NEUTRAL,0.301,True,LEGITIMATE
FALSE,CONTRADICTING,0.178,True,CRIMINAL
UNKNOWN,NEUTRAL,0.338,True,MIXED
FALSE,CONTRADICTING,0.376,True,CRIMINAL
CONFIRMED,SUPPORTING,0.845,True,CRIMINAL
FALSE,CONTRADICTING,0.177,True,AMBIGUOUS
UNKNOWN,NEUTRAL,0.251,True,MIXED
UNKNOWN,NEUTRAL,0.348,True,AMBIGUOUS
SUSPECTED,SUPPORTING,0.755,True,AMBIGUOUS
SUSPECTED,SUPPORTING,0.719,True,LEGITIMATE
UNKNOWN,NEUTRAL,0.516,True,AMBIGUOUS
UNKNOWN,NEUTRAL,0.215,True,AMBIGUOUS
FALSE,CONTRADICTING,0.129,True,AMBIGUOUS
SUSPECTED,SUPPORTING,0.667,True,LEGITIMATE
UNKNOWN,NEUTRAL,0.386,True,MIXED
FALSE,CONTRADICTING,0.374,True,LEGITIMATE
FALSE,CONTRADICTING,0.280,True,LEGITIMATE
SUSPECTED,SUPPORTING,0.852,True,CRIMINAL
FALSE,CONTRADICTING,0.402,True,MIXED
SUSPECTED,SUPPORTING,0.593,True,LEGITIMATE
CONFIRMED,SUPPORTING,0.930,True,LEGITIMATE
SUSPECTED,SUPPORTING,0.689,True,MIXED
SUSPECTED,SUPPORTING,0.836,True,CRIMINAL
FALSE,CONTRADICTING,0.157,True,MIXED
UNKNOWN,NEUTRAL,0.249,True,AMBIGUOUS
UNKNOWN,NEUTRAL,0.222,True,CRIMINAL
FALSE,CONTRADICTING,0.372,True,LEGITIMATE
FALSE,CONTRADICTING,0.153,True,CRIMINAL
SUSPECTED,SUPPORTING,0.666,True,CRIMINAL
UNKNOWN,NEUTRAL,0.480,True,LEGITIMATE
UNKNOWN,NEUTRAL,0.528,True,LEGITIMATE
FALSE,CONTRADICTING,0.411,True,MIXED
SUSPECTED,SUPPORTING,0.844,True,MIXED
SUSPECTED,SUPPORTING,0.730,True,CRIMINAL
SUSPECTED,SUPPORTING,0.796,True,MIXED
SUSPECTED,SUPPORTING,0.850,True,LEGITIMATE
SUSPECTED,SUPPORTING,0.758,True,CRIMINAL
FALSE,CONTRADICTING,0.335,True,MIXED
CONFIRMED,SUPPORTING,0.935,True,CRIMINAL
SUSPECTED,SUPPORTING,0.794,True,AMBIGUOUS
UNKNOWN,NEUTRAL,0.327,True,LEGITIMATE
SUSPECTED,SUPPORTING,0.617,True,LEGITIMATE
SUSPECTED,SUPPORTING,0.804,True,MIXED
CONFIRMED,SUPPORTING,0.851,True,CRIMINAL
UNKNOWN,NEUTRAL,0.367,True,LEGITIMATE
UNKNOWN,NEUTRAL,0.365,True,CRIMINAL
CONFIRMED,SUPPORTING,0.940,True,LEGITIMATE
SUSPECTED,SUPPORTING,0.737,True,LEGITIMATE
CONFIRMED,SUPPORTING,0.883,True,CRIMINAL
FALSE,CONTRADICTING,0.167,True,LEGITIMATE
FALSE,CONTRADICTING,0.209,True,LEGITIMATE
UNKNOWN,NEUTRAL,0.235,True,CRIMINAL
UNKNOWN,NEUTRAL,0.265,True,CRIMINAL
SUSPECTED,SUPPORTING,0.676,True,CRIMINAL
CONFIRMED,SUPPORTING,0.909,True,CRIMINAL
CONFIRMED,SUPPORTING,0.987,True,MIXED
UNKNOWN,NEUTRAL,0.351,True,MIXED
SUSPECTED,SUPPORTING,0.677,True,CRIMINAL
UNKNOWN,NEUTRAL,0.255,True,LEGITIMATE
SUSPECTED,SUPPORTING,0.654,True,LEGITIMATE
SUSPECTED,SUPPORTING,0.856,True,CRIMINAL
SUSPECTED,SUPPORTING,0.853,True,AMBIGUOUS
UNKNOWN,NEUTRAL,0.224,True,LEGITIMATE
SUSPECTED,SUPPORTING,0.762,True,CRIMINAL
SUSPECTED,SUPPORTING,0.837,True,CRIMINAL
SUSPECTED,SUPPORTING,0.736,True,CRIMINAL
UNKNOWN,NEUTRAL,0.433,True,CRIMINAL
UNKNOWN,NEUTRAL,0.455,True,LEGITIMATE
SUSPECTED,SUPPORTING,0.622,True,CRIMINAL
CONFIRMED,SUPPORTING,0.940,True,CRIMINAL
SUSPECTED,SUPPORTING,0.634,True,MIXED
CONFIRMED,SUPPORTING,0.931,True,CRIMINAL
CONFIRMED,SUPPORTING,0.918,True,LEGITIMATE
UNKNOWN,NEUTRAL,0.221,True,MIXED
CONFIRMED,SUPPORTING,0.959,True,MIXED
UNKNOWN,NEUTRAL,0.318,True,CRIMINAL
SUSPECTED,SUPPORTING,0.633,True,CRIMINAL
UNKNOWN,NEUTRAL,0.533,True,MIXED
CONFIRMED,SUPPORTING,0.929,True,CRIMINAL
UNKNOWN,NEUTRAL,0.207,True,MIXED
SUSPECTED,SUPPORTING,0.588,True,LEGITIMATE
CONFIRMED,SUPPORTING,0.933,True,CRIMINAL
FALSE,CONTRADICTING,0.278,True,MIXED
SUSPECTED,SUPPORTING,0.806,True,MIXED
UNKNOWN,NEUTRAL,0.223,True,AMBIGUOUS
SUSPECTED,SUPPORTING,0.764,True,LEGITIMATE
SUSPECTED,SUPPORTING,0.618,True,CRIMINAL
FALSE,CONTRADICTING,0.210,True,CRIMINAL
SUSPECTED,SUPPORTING,0.588,True,CRIMINAL
FALSE,CONTRADICTING,0.405,True,LEGITIMATE
UNKNOWN,NEUTRAL,0.466,True,LEGITIMATE
SUSPECTED,SUPPORTING,0.694,True,AMBIGUOUS
SUSPECTED,SUPPORTING,0.828,True,LEGITIMATE
SUSPECTED,SUPPORTING,0.632,True,LEGITIMATE
SUSPECTED,SUPPORTING,0.806,True,CRIMINAL
CONFIRMED,SUPPORTING,0.948,True,CRIMINAL
FALSE,CONTRADICTING,0.172,True,CRIMINAL
SUSPECTED,SUPPORTING,0.818,True,LEGITIMATE
SUSPECTED,SUPPORTING,0.825,True,CRIMINAL
UNKNOWN,NEUTRAL,0.462,True,MIXED
CONFIRMED,SUPPORTING,0.867,True,MIXED
UNKNOWN,NEUTRAL,0.496,True,CRIMINAL
CONFIRMED,SUPPORTING,0.855,True,CRIMINAL
CONFIRMED,SUPPORTING,0.831,True,CRIMINAL
UNKNOWN,NEUTRAL,0.258,True,LEGITIMATE
UNKNOWN,NEUTRAL,0.209,True,CRIMINAL
CONFIRMED,SUPPORTING,0.864,True,MIXED
CONFIRMED,SUPPORTING,0.844,True,CRIMINAL
FALSE,CONTRADICTING,0.381,True,CRIMINAL
SUSPECTED,SUPPORTING,0.742,True,CRIMINAL
FALSE,CONTRADICTING,0.169,True,CRIMINAL
FALSE,CONTRADICTING,0.283,True,MIXED
SUSPECTED,SUPPORTING,0.826,True,MIXED
FALSE,CONTRADICTING,0.225,True,MIXED
CONFIRMED,SUPPORTING,0.978,True,AMBIGUOUS
SUSPECTED,SUPPORTING,0.827,True,AMBIGUOUS
SUSPECTED,SUPPORTING,0.674,True,MIXED
UNKNOWN,NEUTRAL,0.377,True,AMBIGUOUS
FALSE,CONTRADICTING,0.181,True,MIXED
CONFIRMED,SUPPORTING,0.983,True,LEGITIMATE
UNKNOWN,NEUTRAL,0.241,True,MIXED
FALSE,CONTRADICTING,0.289,True,LEGITIMATE
CONFIRMED,SUPPORTING,0.892,True,LEGITIMATE
FALSE,CONTRADICTING,0.181,True,LEGITIMATE
FALSE,CONTRADICTING,0.409,True,MIXED
FALSE,CONTRADICTING,0.140,True,CRIMINAL
CONFIRMED,SUPPORTING,0.886,True,MIXED
UNKNOWN,NEUTRAL,0.413,True,MIXED
CONFIRMED,SUPPORTING,0.837,True,CRIMINAL
SUSPECTED,SUPPORTING,0.588,True,CRIMINAL
FALSE,CONTRADICTING,0.350,True,CRIMINAL
UNKNOWN,NEUTRAL,0.272,True,MIXED
FALSE,CONTRADICTING,0.319,True,LEGITIMATE
FALSE,CONTRADICTING,0.376,True,LEGITIMATE
UNKNOWN,NEUTRAL,0.226,True,LEGITIMATE
CONFIRMED,SUPPORTING,0.904,True,MIXED
SUSPECTED,SUPPORTING,0.620,True,CRIMINAL
FALSE,CONTRADICTING,0.218,True,CRIMINAL
UNKNOWN,NEUTRAL,0.445,True,AMBIGUOUS
UNKNOWN,NEUTRAL,0.520,True,MIXED
SUSPECTED,SUPPORTING,0.746,True,CRIMINAL
UNKNOWN,NEUTRAL,0.204,True,CRIMINAL
UNKNOWN,NEUTRAL,0.387,True,CRIMINAL
UNKNOWN,NEUTRAL,0.540,True,AMBIGUOUS
CONFIRMED,SUPPORTING,0.956,True,CRIMINAL
FALSE,CONTRADICTING,0.242,True,CRIMINAL
SUSPECTED,SUPPORTING,0.815,True,AMBIGUOUS
CONFIRMED,SUPPORTING,0.823,True,MIXED
SUSPECTED,SUPPORTING,0.822,True,CRIMINAL
CONFIRMED,SUPPORTING,0.923,True,CRIMINAL
UNKNOWN,NEUTRAL,0.379,True,LEGITIMATE
SUSPECTED,SUPPORTING,0.726,True,CRIMINAL
FALSE,CONTRADICTING,0.410,True,MIXED
UNKNOWN,NEUTRAL,0.281,True,LEGITIMATE
FALSE,CONTRADICTING,0.288,True,MIXED
FALSE,CONTRADICTING,0.365,True,CRIMINAL
CONFIRMED,SUPPORTING,0.965,True,MIXED
FALSE,CONTRADICTING,0.234,True,CRIMINAL
CONFIRMED,SUPPORTING,0.893,True,CRIMINAL
FALSE,CONTRADICTING,0.393,True,AMBIGUOUS
CONFIRMED,SUPPORTING,0.925,True,CRIMINAL
CONFIRMED,SUPPORTING,0.959,True,CRIMINAL
UNKNOWN,NEUTRAL,0.489,True,AMBIGUOUS
UNKNOWN,NEUTRAL,0.233,True,MIXED
FALSE,CONTRADICTING,0.180,True,LEGITIMATE
SUSPECTED,SUPPORTING,0.711,True,CRIMINAL
SUSPECTED,SUPPORTING,0.806,True,CRIMINAL
CONFIRMED,SUPPORTING,0.900,True,LEGITIMATE
SUSPECTED,SUPPORTING,0.691,True,MIXED
CONFIRMED,SUPPORTING,0.855,True,CRIMINAL
SUSPECTED,SUPPORTING,0.800,True,CRIMINAL
CONFIRMED,SUPPORTING,0.969,True,LEGITIMATE
FALSE,CONTRADICTING,0.301,True,MIXED
UNKNOWN,NEUTRAL,0.288,True,MIXED
UNKNOWN,NEUTRAL,0.204,True,CRIMINAL
UNKNOWN,NEUTRAL,0.394,True,LEGITIMATE
SUSPECTED,SUPPORTING,0.798,True,MIXED
CONFIRMED,SUPPORTING,0.860,True,CRIMINAL
FALSE,CONTRADICTING,0.200,True,CRIMINAL
UNKNOWN,NEUTRAL,0.535,True,CRIMINAL
FALSE,CONTRADICTING,0.242,True,CRIMINAL
CONFIRMED,SUPPORTING,0.840,True,CRIMINAL
SUSPECTED,SUPPORTING,0.667,True,MIXED
CONFIRMED,SUPPORTING,0.949,True,MIXED
FALSE,CONTRADICTING,0.219,True,LEGITIMATE
UNKNOWN,NEUTRAL,0.281,True,CRIMINAL
SUSPECTED,SUPPORTING,0.860,True,AMBIGUOUS
UNKNOWN,NEUTRAL,0.240,True,CRIMINAL
SUSPECTED,SUPPORTING,0.807,True,CRIMINAL
SUSPECTED,SUPPORTING,0.688,True,MIXED
CONFIRMED,SUPPORTING,0.944,True,CRIMINAL
SUSPECTED,SUPPORTING,0.595,True,MIXED
CONFIRMED,SUPPORTING,0.958,True,CRIMINAL
UNKNOWN,NEUTRAL,0.413,True,LEGITIMATE
SUSPECTED,SUPPORTING,0.640,True,MIXED
CONFIRMED,SUPPORTING,0.888,True,CRIMINAL
CONFIRMED,SUPPORTING,0.960,True,CRIMINAL
SUSPECTED,SUPPORTING,0.615,True,LEGITIMATE
SUSPECTED,SUPPORTING,0.613,True,AMBIGUOUS
CONFIRMED,SUPPORTING,0.973,True,CRIMINAL
SUSPECTED,SUPPORTING,0.813,True,MIXED
CONFIRMED,SUPPORTING,0.853,True,CRIMINAL
SUSPECTED,SUPPORTING,0.776,True,CRIMINAL
SUSPECTED,SUPPORTING,0.637,True,CRIMINAL
SUSPECTED,SUPPORTING,0.836,True,MIXED
FALSE,CONTRADICTING,0.245,True,MIXED
CONFIRMED,SUPPORTING,0.925,True,AMBIGUOUS
SUSPECTED,SUPPORTING,0.646,True,AMBIGUOUS
FALSE,CONTRADICTING,0.185,True,AMBIGUOUS
UNKNOWN,NEUTRAL,0.271,True,CRIMINAL
UNKNOWN,NEUTRAL,0.292,True,MIXED
FALSE,CONTRADICTING,0.133,True,MIXED
SUSPECTED,SUPPORTING,0.680,True,AMBIGUOUS
UNKNOWN,NEUTRAL,0.487,True,LEGITIMATE
SUSPECTED,SUPPORTING,0.853,True,AMBIGUOUS
UNKNOWN,NEUTRAL,0.518,True,CRIMINAL
SUSPECTED,SUPPORTING,0.658,True,CRIMINAL
SUSPECTED,SUPPORTING,0.774,True,CRIMINAL
CONFIRMED,SUPPORTING,0.985,True,CRIMINAL
CONFIRMED,SUPPORTING,0.973,True,LEGITIMATE
UNKNOWN,NEUTRAL,0.264,True,CRIMINAL
CONFIRMED,SUPPORTING,0.908,True,LEGITIMATE
UNKNOWN,NEUTRAL,0.527,True,AMBIGUOUS
UNKNOWN,NEUTRAL,0.240,True,LEGITIMATE
UNKNOWN,NEUTRAL,0.413,True,CRIMINAL
CONFIRMED,SUPPORTING,0.974,True,CRIMINAL
CONFIRMED,SUPPORTING,0.920,True,AMBIGUOUS
UNKNOWN,NEUTRAL,0.523,True,MIXED
SUSPECTED,SUPPORTING,0.853,True,CRIMINAL
CONFIRMED,SUPPORTING,0.878,True,MIXED
CONFIRMED,SUPPORTING,0.943,True,CRIMINAL
UNKNOWN,NEUTRAL,0.541,True,LEGITIMATE
SUSPECTED,SUPPORTING,0.796,True,CRIMINAL
CONFIRMED,SUPPORTING,0.828,True,CRIMINAL
CONFIRMED,SUPPORTING,0.940,True,CRIMINAL
CONFIRMED,SUPPORTING,0.832,True,CRIMINAL
FALSE,CONTRADICTING,0.416,True,LEGITIMATE
SUSPECTED,SUPPORTING,0.581,True,MIXED
CONFIRMED,SUPPORTING,0.944,True,MIXED
SUSPECTED,SUPPORTING,0.731,True,AMBIGUOUS
UNKNOWN,NEUTRAL,0.403,True,LEGITIMATE
CONFIRMED,SUPPORTING,0.826,True,MIXED
FALSE,CONTRADICTING,0.303,True,MIXED
UNKNOWN,NEUTRAL,0.382,True,CRIMINAL
UNKNOWN,NEUTRAL,0.512,True,CRIMINAL
CONFIRMED,SUPPORTING,0.966,True,MIXED
CONFIRMED,SUPPORTING,0.892,True,CRIMINAL
CONFIRMED,SUPPORTING,0.876,True,MIXED
FALSE,CONTRADICTING,0.256,True,LEGITIMATE
SUSPECTED,SUPPORTING,0.663,True,MIXED
UNKNOWN,NEUTRAL,0.449,True,MIXED
CONFIRMED,SUPPORTING,0.832,True,LEGITIMATE
SUSPECTED,SUPPORTING,0.667,True,CRIMINAL
FALSE,CONTRADICTING,0.362,True,LEGITIMATE
SUSPECTED,SUPPORTING,0.750,True,MIXED
UNKNOWN,NEUTRAL,0.324,True,CRIMINAL
SUSPECTED,SUPPORTING,0.737,True,CRIMINAL
SUSPECTED,SUPPORTING,0.777,True,LEGITIMATE
SUSPECTED,SUPPORTING,0.591,True,CRIMINAL
CONFIRMED,SUPPORTING,0.883,True,CRIMINAL
FALSE,CONTRADICTING,0.121,True,AMBIGUOUS
UNKNOWN,NEUTRAL,0.345,True,CRIMINAL
CONFIRMED,SUPPORTING,0.877,True,CRIMINAL
CONFIRMED,SUPPORTING,0.920,True,CRIMINAL
SUSPECTED,SUPPORTING,0.648,True,AMBIGUOUS
FALSE,CONTRADICTING,0.388,True,CRIMINAL
UNKNOWN,NEUTRAL,0.326,True,MIXED
SUSPECTED,SUPPORTING,0.659,True,MIXED
SUSPECTED,SUPPORTING,0.703,True,CRIMINAL
SUSPECTED,SUPPORTING,0.687,True,LEGITIMATE
SUSPECTED,SUPPORTING,0.857,True,CRIMINAL
CONFIRMED,SUPPORTING,0.891,True,MIXED
SUSPECTED,SUPPORTING,0.775,True,MIXED
UNKNOWN,NEUTRAL,0.206,True,AMBIGUOUS
FALSE,CONTRADICTING,0.141,True,MIXED
CONFIRMED,SUPPORTING,0.900,True,LEGITIMATE
CONFIRMED,SUPPORTING,0.955,True,CRIMINAL
SUSPECTED,SUPPORTING,0.685,True,MIXED
FALSE,CONTRADICTING,0.408,True,MIXED
UNKNOWN,NEUTRAL,0.426,True,MIXED
FALSE,CONTRADICTING,0.419,True,CRIMINAL
UNKNOWN,NEUTRAL,0.317,True,AMBIGUOUS
CONFIRMED,SUPPORTING,0.858,True,CRIMINAL
UNKNOWN,NEUTRAL,0.356,True,LEGITIMATE
FALSE,CONTRADICTING,0.322,True,CRIMINAL
SUSPECTED,SUPPORTING,0.662,True,AMBIGUOUS
CONFIRMED,SUPPORTING,0.911,True,MIXED
SUSPECTED,SUPPORTING,0.606,True,LEGITIMATE
UNKNOWN,NEUTRAL,0.544,True,LEGITIMATE
FALSE,CONTRADICTING,0.322,True,LEGITIMATE
SUSPECTED,SUPPORTING,0.767,True,MIXED
CONFIRMED,SUPPORTING,0.903,True,CRIMINAL
SUSPECTED,SUPPORTING,0.801,True,CRIMINAL
SUSPECTED,SUPPORTING,0.833,True,AMBIGUOUS
UNKNOWN,NEUTRAL,0.368,True,MIXED
CONFIRMED,SUPPORTING,0.828,True,LEGITIMATE
CONFIRMED,SUPPORTING,0.831,True,MIXED
SUSPECTED,SUPPORTING,0.753,True,CRIMINAL
CONFIRMED,SUPPORTING,0.979,True,CRIMINAL
SUSPECTED,SUPPORTING,0.766,True,MIXED
UNKNOWN,NEUTRAL,0.210,True,AMBIGUOUS
SUSPECTED,SUPPORTING,0.792,True,CRIMINAL
CONFIRMED,SUPPORTING,0.982,True,MIXED
SUSPECTED,SUPPORTING,0.785,True,LEGITIMATE
SUSPECTED,SUPPORTING,0.850,True,AMBIGUOUS
CONFIRMED,SUPPORTING,0.954,True,AMBIGUOUS
SUSPECTED,SUPPORTING,0.687,True,LEGITIMATE
SUSPECTED,SUPPORTING,0.735,True,AMBIGUOUS
UNKNOWN,NEUTRAL,0.476,True,AMBIGUOUS
UNKNOWN,NEUTRAL,0.286,True,LEGITIMATE
SUSPECTED,SUPPORTING,0.758,True,CRIMINAL
FALSE,CONTRADICTING,0.403,True,MIXED
CONFIRMED,SUPPORTING,0.910,True,MIXED
FALSE,CONTRADICTING,0.127,True,AMBIGUOUS
FALSE,CONTRADICTING,0.263,True,MIXED
FALSE,CONTRADICTING,0.275,True,LEGITIMATE
SUSPECTED,SUPPORTING,0.694,True,CRIMINAL
CONFIRMED,SUPPORTING,0.937,True,CRIMINAL
SUSPECTED,SUPPORTING,0.756,True,LEGITIMATE
UNKNOWN,NEUTRAL,0.283,True,LEGITIMATE
SUSPECTED,SUPPORTING,0.648,True,MIXED
CONFIRMED,SUPPORTING,0.828,True,CRIMINAL
UNKNOWN,NEUTRAL,0.442,True,AMBIGUOUS
SUSPECTED,SUPPORTING,0.772,True,LEGITIMATE
UNKNOWN,NEUTRAL,0.278,True,CRIMINAL
UNKNOWN,NEUTRAL,0.397,True,MIXED
FALSE,CONTRADICTING,0.366,True,LEGITIMATE
SUSPECTED,SUPPORTING,0.654,True,CRIMINAL
SUSPECTED,SUPPORTING,0.707,True,LEGITIMATE
SUSPECTED,SUPPORTING,0.590,True,CRIMINAL
FALSE,CONTRADICTING,0.120,True,LEGITIMATE
UNKNOWN,NEUTRAL,0.346,True,CRIMINAL
SUSPECTED,SUPPORTING,0.816,True,CRIMINAL
CONFIRMED,SUPPORTING,0.871,True,CRIMINAL
CONFIRMED,SUPPORTING,0.878,True,CRIMINAL
SUSPECTED,SUPPORTING,0.659,True,LEGITIMATE
UNKNOWN,NEUTRAL,0.345,True,CRIMINAL
SUSPECTED,SUPPORTING,0.580,True,CRIMINAL
FALSE,CONTRADICTING,0.196,True,CRIMINAL
UNKNOWN,NEUTRAL,0.538,True,CRIMINAL
UNKNOWN,NEUTRAL,0.218,True,MIXED
CONFIRMED,SUPPORTING,0.965,True,CRIMINAL
SUSPECTED,SUPPORTING,0.692,True,CRIMINAL
CONFIRMED,SUPPORTING,0.863,True,CRIMINAL
UNKNOWN,NEUTRAL,0.475,True,AMBIGUOUS
UNKNOWN,NEUTRAL,0.413,True,AMBIGUOUS
CONFIRMED,SUPPORTING,0.851,True,MIXED
SUSPECTED,SUPPORTING,0.739,True,MIXED
UNKNOWN,NEUTRAL,0.360,True,CRIMINAL
SUSPECTED,SUPPORTING,0.842,True,CRIMINAL
CONFIRMED,SUPPORTING,0.937,True,MIXED
UNKNOWN,NEUTRAL,0.248,True,LEGITIMATE
CONFIRMED,SUPPORTING,0.966,True,LEGITIMATE
FALSE,CONTRADICTING,0.145,True,MIXED
SUSPECTED,SUPPORTING,0.650,True,MIXED
CONFIRMED,SUPPORTING,0.826,True,CRIMINAL
FALSE,CONTRADICTING,0.346,True,AMBIGUOUS
CONFIRMED,SUPPORTING,0.936,True,CRIMINAL
FALSE,CONTRADICTING,0.389,True,AMBIGUOUS
SUSPECTED,SUPPORTING,0.826,True,CRIMINAL
CONFIRMED,SUPPORTING,0.963,True,MIXED
FALSE,CONTRADICTING,0.187,True,AMBIGUOUS
FALSE,CONTRADICTING,0.361,True,AMBIGUOUS
SUSPECTED,SUPPORTING,0.660,True,LEGITIMATE
CONFIRMED,SUPPORTING,0.878,True,AMBIGUOUS
UNKNOWN,NEUTRAL,0.482,True,CRIMINAL
CONFIRMED,SUPPORTING,0.840,True,CRIMINAL
CONFIRMED,SUPPORTING,0.827,True,MIXED
CONFIRMED,SUPPORTING,0.941,True,CRIMINAL
SUSPECTED,SUPPORTING,0.715,True,CRIMINAL
CONFIRMED,SUPPORTING,0.918,True,CRIMINAL
CONFIRMED,SUPPORTING,0.853,True,AMBIGUOUS
FALSE,CONTRADICTING,0.402,True,LEGITIMATE
SUSPECTED,SUPPORTING,0.610,True,CRIMINAL
UNKNOWN,NEUTRAL,0.226,True,MIXED
SUSPECTED,SUPPORTING,0.634,True,MIXED
FALSE,CONTRADICTING,0.331,True,LEGITIMATE
UNKNOWN,NEUTRAL,0.442,True,CRIMINAL
UNKNOWN,NEUTRAL,0.511,True,MIXED
UNKNOWN,NEUTRAL,0.420,True,MIXED
CONFIRMED,SUPPORTING,0.880,True,LEGITIMATE
FALSE,CONTRADICTING,0.289,True,MIXED
SUSPECTED,SUPPORTING,0.860,True,AMBIGUOUS
CONFIRMED,SUPPORTING,0.902,True,CRIMINAL
SUSPECTED,SUPPORTING,0.666,True,MIXED
SUSPECTED,SUPPORTING,0.637,True,AMBIGUOUS
SUSPECTED,SUPPORTING,0.735,True,CRIMINAL
FALSE,CONTRADICTING,0.320,True,MIXED
CONFIRMED,SUPPORTING,0.891,True,AMBIGUOUS
SUSPECTED,SUPPORTING,0.770,True,CRIMINAL
UNKNOWN,NEUTRAL,0.344,True,AMBIGUOUS
SUSPECTED,SUPPORTING,0.604,True,LEGITIMATE
FALSE,CONTRADICTING,0.237,True,CRIMINAL
FALSE,CONTRADICTING,0.328,True,LEGITIMATE
CONFIRMED,SUPPORTING,0.963,True,MIXED
CONFIRMED,SUPPORTING,0.904,True,CRIMINAL
UNKNOWN,NEUTRAL,0.286,True,AMBIGUOUS
SUSPECTED,SUPPORTING,0.591,True,MIXED
SUSPECTED,SUPPORTING,0.809,True,CRIMINAL
FALSE,CONTRADICTING,0.413,True,CRIMINAL
CONFIRMED,SUPPORTING,0.878,True,CRIMINAL
CONFIRMED,SUPPORTING,0.972,True,CRIMINAL
SUSPECTED,SUPPORTING,0.771,True,CRIMINAL
SUSPECTED,SUPPORTING,0.584,True,MIXED
SUSPECTED,SUPPORTING,0.762,True,MIXED
CONFIRMED,SUPPORTING,0.865,True,MIXED
UNKNOWN,NEUTRAL,0.271,True,LEGITIMATE
FALSE,CONTRADICTING,0.346,True,CRIMINAL
FALSE,CONTRADICTING,0.397,True,LEGITIMATE
SUSPECTED,SUPPORTING,0.775,True,AMBIGUOUS
FALSE,CONTRADICTING,0.193,True,LEGITIMATE
SUSPECTED,SUPPORTING,0.700,True,MIXED
CONFIRMED,SUPPORTING,0.849,True,CRIMINAL
CONFIRMED,SUPPORTING,0.838,True,LEGITIMATE
CONFIRMED,SUPPORTING,0.931,True,MIXED
FALSE,CONTRADICTING,0.330,True,MIXED
CONFIRMED,SUPPORTING,0.989,True,CRIMINAL
CONFIRMED,SUPPORTING,0.871,True,AMBIGUOUS
FALSE,CONTRADICTING,0.372,True,CRIMINAL
SUSPECTED,SUPPORTING,0.699,True,LEGITIMATE
UNKNOWN,NEUTRAL,0.531,True,AMBIGUOUS
SUSPECTED,SUPPORTING,0.797,True,MIXED
CONFIRMED,SUPPORTING,0.841,True,LEGITIMATE
SUSPECTED,SUPPORTING,0.772,True,LEGITIMATE
SUSPECTED,SUPPORTING,0.806,True,CRIMINAL
UNKNOWN,NEUTRAL,0.375,True,CRIMINAL
SUSPECTED,SUPPORTING,0.850,True,AMBIGUOUS
FALSE,CONTRADICTING,0.391,True,CRIMINAL
SUSPECTED,SUPPORTING,0.802,True,CRIMINAL
UNKNOWN,NEUTRAL,0.400,True,LEGITIMATE
SUSPECTED,SUPPORTING,0.845,True,MIXED
SUSPECTED,SUPPORTING,0.676,True,MIXED
CONFIRMED,SUPPORTING,0.840,True,CRIMINAL
FALSE,CONTRADICTING,0.227,True,CRIMINAL
FALSE,CONTRADICTING,0.418,True,CRIMINAL
SUSPECTED,SUPPORTING,0.582,True,CRIMINAL
UNKNOWN,NEUTRAL,0.366,True,CRIMINAL
CONFIRMED,SUPPORTING,0.830,True,AMBIGUOUS
CONFIRMED,SUPPORTING,0.894,True,LEGITIMATE
SUSPECTED,SUPPORTING,0.644,True,CRIMINAL
FALSE,CONTRADICTING,0.337,True,LEGITIMATE
CONFIRMED,SUPPORTING,0.844,True,MIXED
UNKNOWN,NEUTRAL,0.405,True,AMBIGUOUS
UNKNOWN,NEUTRAL,0.211,True,LEGITIMATE
UNKNOWN,NEUTRAL,0.354,True,LEGITIMATE
SUSPECTED,SUPPORTING,0.641,True,CRIMINAL
UNKNOWN,NEUTRAL,0.365,True,MIXED
UNKNOWN,NEUTRAL,0.486,True,AMBIGUOUS
SUSPECTED,SUPPORTING,0.638,True,MIXED
UNKNOWN,NEUTRAL,0.416,True,MIXED
SUSPECTED,SUPPORTING,0.686,True,MIXED
SUSPECTED,SUPPORTING,0.754,True,LEGITIMATE
FALSE,CONTRADICTING,0.268,True,MIXED
CONFIRMED,SUPPORTING,0.914,True,CRIMINAL
UNKNOWN,NEUTRAL,0.242,True,LEGITIMATE
SUSPECTED,SUPPORTING,0.642,True,MIXED
FALSE,CONTRADICTING,0.123,True,MIXED
CONFIRMED,SUPPORTING,0.836,True,CRIMINAL
SUSPECTED,SUPPORTING,0.652,True,AMBIGUOUS
SUSPECTED,SUPPORTING,0.749,True,CRIMINAL
SUSPECTED,SUPPORTING,0.829,True,CRIMINAL
CONFIRMED,SUPPORTING,0.897,True,CRIMINAL
CONFIRMED,SUPPORTING,0.968,True,CRIMINAL
FALSE,CONTRADICTING,0.150,True,LEGITIMATE
SUSPECTED,SUPPORTING,0.754,True,AMBIGUOUS
UNKNOWN,NEUTRAL,0.473,True,MIXED
SUSPECTED,SUPPORTING,0.588,True,CRIMINAL
SUSPECTED,SUPPORTING,0.679,True,CRIMINAL
UNKNOWN,NEUTRAL,0.266,True,CRIMINAL
CONFIRMED,SUPPORTING,0.941,True,MIXED
FALSE,CONTRADICTING,0.304,True,MIXED
CONFIRMED,SUPPORTING,0.855,True,CRIMINAL
SUSPECTED,SUPPORTING,0.746,True,AMBIGUOUS
SUSPECTED,SUPPORTING,0.622,True,CRIMINAL
CONFIRMED,SUPPORTING,0.946,True,LEGITIMATE
SUSPECTED,SUPPORTING,0.700,True,MIXED
UNKNOWN,NEUTRAL,0.478,True,CRIMINAL
FALSE,CONTRADICTING,0.418,True,CRIMINAL
SUSPECTED,SUPPORTING,0.749,True,CRIMINAL
UNKNOWN,NEUTRAL,0.230,True,AMBIGUOUS
CONFIRMED,SUPPORTING,0.915,True,CRIMINAL
UNKNOWN,NEUTRAL,0.476,True,CRIMINAL
UNKNOWN,NEUTRAL,0.433,True,CRIMINAL
UNKNOWN,NEUTRAL,0.439,True,MIXED
SUSPECTED,SUPPORTING,0.745,True,AMBIGUOUS
CONFIRMED,SUPPORTING,0.948,True,CRIMINAL
FALSE,CONTRADICTING,0.234,True,LEGITIMATE
SUSPECTED,SUPPORTING,0.655,True,LEGITIMATE
CONFIRMED,SUPPORTING,0.822,True,CRIMINAL
SUSPECTED,SUPPORTING,0.764,True,MIXED
FALSE,CONTRADICTING,0.129,True,LEGITIMATE
SUSPECTED,SUPPORTING,0.839,True,LEGITIMATE
UNKNOWN,NEUTRAL,0.381,True,MIXED
UNKNOWN,NEUTRAL,0.275,True,MIXED
CONFIRMED,SUPPORTING,0.891,True,CRIMINAL
UNKNOWN,NEUTRAL,0.291,True,CRIMINAL
FALSE,CONTRADICTING,0.195,True,LEGITIMATE
SUSPECTED,SUPPORTING,0.803,True,LEGITIMATE
UNKNOWN,NEUTRAL,0.264,True,LEGITIMATE
SUSPECTED,SUPPORTING,0.812,True,CRIMINAL
SUSPECTED,SUPPORTING,0.765,True,CRIMINAL
FALSE,CONTRADICTING,0.321,True,LEGITIMATE
SUSPECTED,SUPPORTING,0.622,True,CRIMINAL
SUSPECTED,SUPPORTING,0.842,True,CRIMINAL
SUSPECTED,SUPPORTING,0.847,True,MIXED
SUSPECTED,SUPPORTING,0.856,True,CRIMINAL
CONFIRMED,SUPPORTING,0.937,True,LEGITIMATE
CONFIRMED,SUPPORTING,0.886,True,CRIMINAL
CONFIRMED,SUPPORTING,0.835,True,MIXED
UNKNOWN,NEUTRAL,0.378,True,CRIMINAL
UNKNOWN,NEUTRAL,0.249,True,MIXED
CONFIRMED,SUPPORTING,0.830,True,MIXED
SUSPECTED,SUPPORTING,0.596,True,LEGITIMATE
UNKNOWN,NEUTRAL,0.454,True,CRIMINAL
SUSPECTED,SUPPORTING,0.798,True,CRIMINAL
SUSPECTED,SUPPORTING,0.600,True,CRIMINAL
FALSE,CONTRADICTING,0.389,True,CRIMINAL
CONFIRMED,SUPPORTING,0.856,True,MIXED
CONFIRMED,SUPPORTING,0.859,True,CRIMINAL
SUSPECTED,SUPPORTING,0.621,True,CRIMINAL
FALSE,CONTRADICTING,0.370,True,AMBIGUOUS
FALSE,CONTRADICTING,0.236,True,LEGITIMATE
SUSPECTED,SUPPORTING,0.782,True,MIXED
UNKNOWN,NEUTRAL,0.528,True,LEGITIMATE
CONFIRMED,SUPPORTING,0.989,True,CRIMINAL
FALSE,CONTRADICTING,0.163,True,MIXED
FALSE,CONTRADICTING,0.322,True,LEGITIMATE
SUSPECTED,SUPPORTING,0.860,True,MIXED
SUSPECTED,SUPPORTING,0.625,True,CRIMINAL
FALSE,CONTRADICTING,0.300,True,CRIMINAL
UNKNOWN,NEUTRAL,0.263,True,MIXED
UNKNOWN,NEUTRAL,0.217,True,CRIMINAL
CONFIRMED,SUPPORTING,0.989,True,CRIMINAL
FALSE,CONTRADICTING,0.413,True,CRIMINAL
UNKNOWN,NEUTRAL,0.363,True,CRIMINAL
SUSPECTED,SUPPORTING,0.726,True,LEGITIMATE
SUSPECTED,SUPPORTING,0.614,True,MIXED
SUSPECTED,SUPPORTING,0.694,True,MIXED
CONFIRMED,SUPPORTING,0.843,True,MIXED
CONFIRMED,SUPPORTING,0.830,True,MIXED
FALSE,CONTRADICTING,0.409,True,CRIMINAL
SUSPECTED,SUPPORTING,0.852,True,CRIMINAL
CONFIRMED,SUPPORTING,0.908,True,LEGITIMATE
CONFIRMED,SUPPORTING,0.967,True,MIXED
CONFIRMED,SUPPORTING,0.855,True,LEGITIMATE
CONFIRMED,SUPPORTING,0.864,True,LEGITIMATE
CONFIRMED,SUPPORTING,0.946,True,CRIMINAL
UNKNOWN,NEUTRAL,0.297,True,CRIMINAL
FALSE,CONTRADICTING,0.385,True,LEGITIMATE
UNKNOWN,NEUTRAL,0.308,True,LEGITIMATE
SUSPECTED,SUPPORTING,0.685,True,MIXED
UNKNOWN,NEUTRAL,0.325,True,CRIMINAL
FALSE,CONTRADICTING,0.358,True,MIXED
SUSPECTED,SUPPORTING,0.738,True,MIXED
UNKNOWN,NEUTRAL,0.410,True,MIXED
UNKNOWN,NEUTRAL,0.361,True,AMBIGUOUS
SUSPECTED,SUPPORTING,0.668,True,MIXED
UNKNOWN,NEUTRAL,0.542,True,MIXED
SUSPECTED,SUPPORTING,0.730,True,MIXED
UNKNOWN,NEUTRAL,0.341,True,MIXED
SUSPECTED,SUPPORTING,0.831,True,MIXED
SUSPECTED,SUPPORTING,0.825,True,MIXED
CONFIRMED,SUPPORTING,0.950,True,CRIMINAL
CONFIRMED,SUPPORTING,0.901,True,CRIMINAL
SUSPECTED,SUPPORTING,0.629,True,LEGITIMATE
UNKNOWN,NEUTRAL,0.280,True,MIXED
UNKNOWN,NEUTRAL,0.230,True,CRIMINAL
SUSPECTED,SUPPORTING,0.783,True,CRIMINAL
UNKNOWN,NEUTRAL,0.426,True,LEGITIMATE
SUSPECTED,SUPPORTING,0.817,True,LEGITIMATE
SUSPECTED,SUPPORTING,0.690,True,AMBIGUOUS
UNKNOWN,NEUTRAL,0.225,True,MIXED
SUSPECTED,SUPPORTING,0.820,True,CRIMINAL
CONFIRMED,SUPPORTING,0.910,True,CRIMINAL
FALSE,CONTRADICTING,0.338,True,LEGITIMATE
CONFIRMED,SUPPORTING,0.988,True,MIXED
CONFIRMED,SUPPORTING,0.918,True,CRIMINAL
SUSPECTED,SUPPORTING,0.677,True,CRIMINAL
SUSPECTED,SUPPORTING,0.719,True,MIXED
FALSE,CONTRADICTING,0.365,True,AMBIGUOUS
SUSPECTED,SUPPORTING,0.652,True,AMBIGUOUS
SUSPECTED,SUPPORTING,0.770,True,CRIMINAL
CONFIRMED,SUPPORTING,0.901,True,CRIMINAL
SUSPECTED,SUPPORTING,0.716,True,MIXED
CONFIRMED,SUPPORTING,0.931,True,CRIMINAL
FALSE,CONTRADICTING,0.178,True,MIXED
SUSPECTED,SUPPORTING,0.822,True,MIXED
CONFIRMED,SUPPORTING,0.988,True,AMBIGUOUS
SUSPECTED,SUPPORTING,0.838,True,AMBIGUOUS
FALSE,CONTRADICTING,0.285,True,LEGITIMATE
FALSE,CONTRADICTING,0.351,True,MIXED
CONFIRMED,SUPPORTING,0.918,True,CRIMINAL
CONFIRMED,SUPPORTING,0.837,True,CRIMINAL
SUSPECTED,SUPPORTING,0.656,True,LEGITIMATE
CONFIRMED,SUPPORTING,0.917,True,CRIMINAL
SUSPECTED,SUPPORTING,0.664,True,MIXED
SUSPECTED,SUPPORTING,0.851,True,LEGITIMATE
UNKNOWN,NEUTRAL,0.341,True,MIXED
UNKNOWN,NEUTRAL,0.301,True,CRIMINAL
SUSPECTED,SUPPORTING,0.645,True,CRIMINAL
FALSE,CONTRADICTING,0.383,True,MIXED
UNKNOWN,NEUTRAL,0.430,True,CRIMINAL
CONFIRMED,SUPPORTING,0.866,True,CRIMINAL
SUSPECTED,SUPPORTING,0.734,True,CRIMINAL
SUSPECTED,SUPPORTING,0.758,True,AMBIGUOUS
UNKNOWN,NEUTRAL,0.441,True,LEGITIMATE
UNKNOWN,NEUTRAL,0.547,True,LEGITIMATE
SUSPECTED,SUPPORTING,0.854,True,CRIMINAL
UNKNOWN,NEUTRAL,0.545,True,MIXED
SUSPECTED,SUPPORTING,0.625,True,MIXED
CONFIRMED,SUPPORTING,0.872,True,CRIMINAL
FALSE,CONTRADICTING,0.406,True,LEGITIMATE
UNKNOWN,NEUTRAL,0.219,True,LEGITIMATE
CONFIRMED,SUPPORTING,0.824,True,CRIMINAL
FALSE,CONTRADICTING,0.206,True,LEGITIMATE
SUSPECTED,SUPPORTING,0.652,True,CRIMINAL
UNKNOWN,NEUTRAL,0.281,True,CRIMINAL
FALSE,CONTRADICTING,0.188,True,MIXED
CONFIRMED,SUPPORTING,0.851,True,CRIMINAL
SUSPECTED,SUPPORTING,0.819,True,AMBIGUOUS
SUSPECTED,SUPPORTING,0.786,True,LEGITIMATE
FALSE,CONTRADICTING,0.377,True,LEGITIMATE
SUSPECTED,SUPPORTING,0.801,True,CRIMINAL
UNKNOWN,NEUTRAL,0.420,True,AMBIGUOUS
SUSPECTED,SUPPORTING,0.760,True,AMBIGUOUS
UNKNOWN,NEUTRAL,0.427,True,LEGITIMATE
SUSPECTED,SUPPORTING,0.800,True,LEGITIMATE
SUSPECTED,SUPPORTING,0.770,True,MIXED
UNKNOWN,NEUTRAL,0.272,True,CRIMINAL
UNKNOWN,NEUTRAL,0.536,True,CRIMINAL
SUSPECTED,SUPPORTING,0.709,True,MIXED
SUSPECTED,SUPPORTING,0.779,True,CRIMINAL
FALSE,CONTRADICTING,0.283,True,AMBIGUOUS
UNKNOWN,NEUTRAL,0.232,True,CRIMINAL
FALSE,CONTRADICTING,0.350,True,AMBIGUOUS
FALSE,CONTRADICTING,0.212,True,LEGITIMATE
CONFIRMED,SUPPORTING,0.894,True,CRIMINAL
SUSPECTED,SUPPORTING,0.840,True,CRIMINAL
CONFIRMED,SUPPORTING,0.942,True,AMBIGUOUS
CONFIRMED,SUPPORTING,0.959,True,CRIMINAL
FALSE,CONTRADICTING,0.327,True,AMBIGUOUS
UNKNOWN,NEUTRAL,0.458,True,CRIMINAL
CONFIRMED,SUPPORTING,0.948,True,LEGITIMATE
SUSPECTED,SUPPORTING,0.608,True,LEGITIMATE
UNKNOWN,NEUTRAL,0.240,True,LEGITIMATE
CONFIRMED,SUPPORTING,0.827,True,CRIMINAL
UNKNOWN,NEUTRAL,0.547,True,MIXED
SUSPECTED,SUPPORTING,0.852,True,LEGITIMATE
FALSE,CONTRADICTING,0.291,True,CRIMINAL
SUSPECTED,SUPPORTING,0.738,True,AMBIGUOUS
CONFIRMED,SUPPORTING,0.926,True,CRIMINAL
SUSPECTED,SUPPORTING,0.597,True,CRIMINAL
UNKNOWN,NEUTRAL,0.279,True,AMBIGUOUS
CONFIRMED,SUPPORTING,0.916,True,CRIMINAL
SUSPECTED,SUPPORTING,0.820,True,CRIMINAL
CONFIRMED,SUPPORTING,0.923,True,CRIMINAL
CONFIRMED,SUPPORTING,0.943,True,LEGITIMATE
SUSPECTED,SUPPORTING,0.684,True,LEGITIMATE
SUSPECTED,SUPPORTING,0.732,True,CRIMINAL
FALSE,CONTRADICTING,0.382,True,CRIMINAL
UNKNOWN,NEUTRAL,0.267,True,LEGITIMATE
CONFIRMED,SUPPORTING,0.964,True,CRIMINAL
UNKNOWN,NEUTRAL,0.457,True,AMBIGUOUS
UNKNOWN,NEUTRAL,0.432,True,CRIMINAL
FALSE,CONTRADICTING,0.239,True,LEGITIMATE
CONFIRMED,SUPPORTING,0.974,True,CRIMINAL
SUSPECTED,SUPPORTING,0.747,True,CRIMINAL
FALSE,CONTRADICTING,0.227,True,CRIMINAL
FALSE,CONTRADICTING,0.409,True,CRIMINAL
SUSPECTED,SUPPORTING,0.776,True,AMBIGUOUS
SUSPECTED,SUPPORTING,0.781,True,CRIMINAL
FALSE,CONTRADICTING,0.153,True,LEGITIMATE
FALSE,CONTRADICTING,0.191,True,MIXED
CONFIRMED,SUPPORTING,0.920,True,MIXED
UNKNOWN,NEUTRAL,0.270,True,AMBIGUOUS
SUSPECTED,SUPPORTING,0.613,True,AMBIGUOUS
SUSPECTED,SUPPORTING,0.820,True,MIXED
SUSPECTED,SUPPORTING,0.585,True,CRIMINAL
FALSE,CONTRADICTING,0.297,True,LEGITIMATE
CONFIRMED,SUPPORTING,0.935,True,CRIMINAL
FALSE,CONTRADICTING,0.329,True,CRIMINAL
SUSPECTED,SUPPORTING,0.661,True,LEGITIMATE
CONFIRMED,SUPPORTING,0.846,True,CRIMINAL
SUSPECTED,SUPPORTING,0.858,True,LEGITIMATE
SUSPECTED,SUPPORTING,0.842,True,AMBIGUOUS
CONFIRMED,SUPPORTING,0.834,True,MIXED
CONFIRMED,SUPPORTING,0.914,True,AMBIGUOUS
SUSPECTED,SUPPORTING,0.656,True,CRIMINAL
SUSPECTED,SUPPORTING,0.810,True,MIXED
SUSPECTED,SUPPORTING,0.643,True,MIXED
CONFIRMED,SUPPORTING,0.916,True,CRIMINAL
UNKNOWN,NEUTRAL,0.344,True,CRIMINAL
SUSPECTED,SUPPORTING,0.587,True,AMBIGUOUS
SUSPECTED,SUPPORTING,0.818,True,CRIMINAL
SUSPECTED,SUPPORTING,0.773,True,MIXED
CONFIRMED,SUPPORTING,0.892,True,MIXED
SUSPECTED,SUPPORTING,0.674,True,LEGITIMATE
UNKNOWN,NEUTRAL,0.466,True,MIXED
UNKNOWN,NEUTRAL,0.533,True,LEGITIMATE
FALSE,CONTRADICTING,0.169,True,CRIMINAL
SUSPECTED,SUPPORTING,0.683,True,MIXED
CONFIRMED,SUPPORTING,0.892,True,CRIMINAL
CONFIRMED,SUPPORTING,0.936,True,CRIMINAL
CONFIRMED,SUPPORTING,0.828,True,CRIMINAL
SUSPECTED,SUPPORTING,0.752,True,MIXED
SUSPECTED,SUPPORTING,0.752,True,CRIMINAL
FALSE,CONTRADICTING,0.151,True,LEGITIMATE
UNKNOWN,NEUTRAL,0.204,True,AMBIGUOUS
SUSPECTED,SUPPORTING,0.645,True,LEGITIMATE
CONFIRMED,SUPPORTING,0.974,True,LEGITIMATE
SUSPECTED,SUPPORTING,0.845,True,LEGITIMATE
SUSPECTED,SUPPORTING,0.608,True,LEGITIMATE
UNKNOWN,NEUTRAL,0.204,True,CRIMINAL
UNKNOWN,NEUTRAL,0.427,True,CRIMINAL
SUSPECTED,SUPPORTING,0.836,True,CRIMINAL
CONFIRMED,SUPPORTING,0.881,True,CRIMINAL
CONFIRMED,SUPPORTING,0.893,True,MIXED
SUSPECTED,SUPPORTING,0.675,True,MIXED
SUSPECTED,SUPPORTING,0.744,True,MIXED
UNKNOWN,NEUTRAL,0.252,True,AMBIGUOUS
UNKNOWN,NEUTRAL,0.521,True,CRIMINAL
SUSPECTED,SUPPORTING,0.584,True,AMBIGUOUS
UNKNOWN,NEUTRAL,0.488,True,CRIMINAL
UNKNOWN,NEUTRAL,0.451,True,MIXED
UNKNOWN,NEUTRAL,0.282,True,MIXED
UNKNOWN,NEUTRAL,0.350,True,MIXED
UNKNOWN,NEUTRAL,0.303,True,MIXED
SUSPECTED,SUPPORTING,0.764,True,MIXED
CONFIRMED,SUPPORTING,0.899,True,CRIMINAL
CONFIRMED,SUPPORTING,0.879,True,CRIMINAL
CONFIRMED,SUPPORTING,0.854,True,CRIMINAL
SUSPECTED,SUPPORTING,0.609,True,MIXED
SUSPECTED,SUPPORTING,0.798,True,CRIMINAL
UNKNOWN,NEUTRAL,0.223,True,CRIMINAL
SUSPECTED,SUPPORTING,0.839,True,AMBIGUOUS
FALSE,CONTRADICTING,0.269,True,CRIMINAL
CONFIRMED,SUPPORTING,0.880,True,LEGITIMATE
CONFIRMED,SUPPORTING,0.861,True,MIXED
SUSPECTED,SUPPORTING,0.848,True,CRIMINAL
FALSE,CONTRADICTING,0.386,True,CRIMINAL
UNKNOWN,NEUTRAL,0.249,True,MIXED
CONFIRMED,SUPPORTING,0.951,True,CRIMINAL
UNKNOWN,NEUTRAL,0.336,True,AMBIGUOUS
SUSPECTED,SUPPORTING,0.613,True,CRIMINAL
SUSPECTED,SUPPORTING,0.782,True,LEGITIMATE
UNKNOWN,NEUTRAL,0.538,True,LEGITIMATE
SUSPECTED,SUPPORTING,0.699,True,CRIMINAL
SUSPECTED,SUPPORTING,0.677,True,LEGITIMATE
SUSPECTED,SUPPORTING,0.591,True,MIXED
CONFIRMED,SUPPORTING,0.975,True,MIXED
SUSPECTED,SUPPORTING,0.720,True,CRIMINAL
SUSPECTED,SUPPORTING,0.830,True,CRIMINAL
CONFIRMED,SUPPORTING,0.969,True,MIXED
FALSE,CONTRADICTING,0.181,True,LEGITIMATE
SUSPECTED,SUPPORTING,0.770,True,AMBIGUOUS
FALSE,CONTRADICTING,0.221,True,LEGITIMATE
SUSPECTED,SUPPORTING,0.713,True,AMBIGUOUS
SUSPECTED,SUPPORTING,0.764,True,AMBIGUOUS
UNKNOWN,NEUTRAL,0.308,True,LEGITIMATE
SUSPECTED,SUPPORTING,0.671,True,CRIMINAL
SUSPECTED,SUPPORTING,0.636,True,CRIMINAL
CONFIRMED,SUPPORTING,0.883,True,MIXED
FALSE,CONTRADICTING,0.284,True,CRIMINAL
SUSPECTED,SUPPORTING,0.710,True,CRIMINAL
CONFIRMED,SUPPORTING,0.988,True,MIXED
SUSPECTED,SUPPORTING,0.670,True,CRIMINAL
SUSPECTED,SUPPORTING,0.811,True,CRIMINAL
UNKNOWN,NEUTRAL,0.239,True,LEGITIMATE
UNKNOWN,NEUTRAL,0.369,True,CRIMINAL
SUSPECTED,SUPPORTING,0.684,True,LEGITIMATE
SUSPECTED,SUPPORTING,0.778,True,AMBIGUOUS
SUSPECTED,SUPPORTING,0.635,True,CRIMINAL
FALSE,CONTRADICTING,0.277,True,LEGITIMATE
FALSE,CONTRADICTING,0.250,True,LEGITIMATE
SUSPECTED,SUPPORTING,0.722,True,MIXED
UNKNOWN,NEUTRAL,0.293,True,AMBIGUOUS
CONFIRMED,SUPPORTING,0.908,True,CRIMINAL
SUSPECTED,SUPPORTING,0.797,True,CRIMINAL
SUSPECTED,SUPPORTING,0.632,True,MIXED
CONFIRMED,SUPPORTING,0.919,True,CRIMINAL
UNKNOWN,NEUTRAL,0.335,True,MIXED
CONFIRMED,SUPPORTING,0.948,True,CRIMINAL
CONFIRMED,SUPPORTING,0.958,True,MIXED
UNKNOWN,NEUTRAL,0.453,True,LEGITIMATE
CONFIRMED,SUPPORTING,0.916,True,LEGITIMATE
UNKNOWN,NEUTRAL,0.520,True,CRIMINAL
FALSE,CONTRADICTING,0.210,True,LEGITIMATE
UNKNOWN,NEUTRAL,0.528,True,MIXED
CONFIRMED,SUPPORTING,0.845,True,CRIMINAL
SUSPECTED,SUPPORTING,0.602,True,LEGITIMATE
CONFIRMED,SUPPORTING,0.974,True,MIXED
FALSE,CONTRADICTING,0.251,True,LEGITIMATE
SUSPECTED,SUPPORTING,0.618,True,CRIMINAL
CONFIRMED,SUPPORTING,0.874,True,LEGITIMATE
FALSE,CONTRADICTING,0.357,True,LEGITIMATE
SUSPECTED,SUPPORTING,0.591,True,CRIMINAL
CONFIRMED,SUPPORTING,0.957,True,MIXED
SUSPECTED,SUPPORTING,0.618,True,CRIMINAL
SUSPECTED,SUPPORTING,0.761,True,LEGITIMATE
CONFIRMED,SUPPORTING,0.858,True,CRIMINAL
CONFIRMED,SUPPORTING,0.843,True,CRIMINAL
SUSPECTED,SUPPORTING,0.823,True,AMBIGUOUS
UNKNOWN,NEUTRAL,0.393,True,CRIMINAL
CONFIRMED,SUPPORTING,0.846,True,MIXED
SUSPECTED,SUPPORTING,0.846,True,LEGITIMATE
SUSPECTED,SUPPORTING,0.751,True,AMBIGUOUS
CONFIRMED,SUPPORTING,0.872,True,CRIMINAL
CONFIRMED,SUPPORTING,0.933,True,CRIMINAL
UNKNOWN,NEUTRAL,0.276,True,MIXED
SUSPECTED,SUPPORTING,0.815,True,CRIMINAL
CONFIRMED,SUPPORTING,0.926,True,CRIMINAL
SUSPECTED,SUPPORTING,0.803,True,MIXED
CONFIRMED,SUPPORTING,0.857,True,MIXED
FALSE,CONTRADICTING,0.195,True,CRIMINAL
CONFIRMED,SUPPORTING,0.854,True,MIXED
SUSPECTED,SUPPORTING,0.814,True,CRIMINAL
SUSPECTED,SUPPORTING,0.648,True,CRIMINAL
CONFIRMED,SUPPORTING,0.852,True,CRIMINAL
SUSPECTED,SUPPORTING,0.713,True,MIXED
SUSPECTED,SUPPORTING,0.805,True,AMBIGUOUS
FALSE,CONTRADICTING,0.272,True,CRIMINAL
SUSPECTED,SUPPORTING,0.728,True,CRIMINAL
CONFIRMED,SUPPORTING,0.826,True,CRIMINAL
FALSE,CONTRADICTING,0.390,True,MIXED
SUSPECTED,SUPPORTING,0.664,True,MIXED
SUSPECTED,SUPPORTING,0.818,True,MIXED
SUSPECTED,SUPPORTING,0.748,True,AMBIGUOUS
UNKNOWN,NEUTRAL,0.413,True,CRIMINAL
FALSE,CONTRADICTING,0.199,True,LEGITIMATE
SUSPECTED,SUPPORTING,0.691,True,CRIMINAL
UNKNOWN,NEUTRAL,0.456,True,LEGITIMATE
FALSE,CONTRADICTING,0.189,True,AMBIGUOUS
SUSPECTED,SUPPORTING,0.624,True,AMBIGUOUS
SUSPECTED,SUPPORTING,0.705,True,CRIMINAL
SUSPECTED,SUPPORTING,0.687,True,MIXED
CONFIRMED,SUPPORTING,0.925,True,CRIMINAL
UNKNOWN,NEUTRAL,0.399,True,MIXED
CONFIRMED,SUPPORTING,0.840,True,AMBIGUOUS
FALSE,CONTRADICTING,0.249,True,CRIMINAL
FALSE,CONTRADICTING,0.179,True,MIXED
SUSPECTED,SUPPORTING,0.703,True,MIXED
UNKNOWN,NEUTRAL,0.260,True,CRIMINAL
CONFIRMED,SUPPORTING,0.904,True,CRIMINAL
SUSPECTED,SUPPORTING,0.779,True,MIXED
CONFIRMED,SUPPORTING,0.825,True,MIXED
CONFIRMED,SUPPORTING,0.840,True,AMBIGUOUS
CONFIRMED,SUPPORTING,0.848,True,CRIMINAL
FALSE,CONTRADICTING,0.247,True,LEGITIMATE
CONFIRMED,SUPPORTING,0.901,True,CRIMINAL
CONFIRMED,SUPPORTING,0.966,True,CRIMINAL
CONFIRMED,SUPPORTING,0.912,True,LEGITIMATE
CONFIRMED,SUPPORTING,0.836,True,LEGITIMATE
UNKNOWN,NEUTRAL,0.458,True,LEGITIMATE
UNKNOWN,NEUTRAL,0.482,True,CRIMINAL
UNKNOWN,NEUTRAL,0.481,True,AMBIGUOUS
SUSPECTED,SUPPORTING,0.634,True,MIXED
CONFIRMED,SUPPORTING,0.969,True,LEGITIMATE
CONFIRMED,SUPPORTING,0.975,True,CRIMINAL
CONFIRMED,SUPPORTING,0.954,True,CRIMINAL
FALSE,CONTRADICTING,0.223,True,AMBIGUOUS
CONFIRMED,SUPPORTING,0.903,True,CRIMINAL
SUSPECTED,SUPPORTING,0.842,True,LEGITIMATE
CONFIRMED,SUPPORTING,0.832,True,MIXED
FALSE,CONTRADICTING,0.243,True,CRIMINAL
UNKNOWN,NEUTRAL,0.446,True,AMBIGUOUS
UNKNOWN,NEUTRAL,0.392,True,CRIMINAL
CONFIRMED,SUPPORTING,0.920,True,CRIMINAL
CONFIRMED,SUPPORTING,0.845,True,CRIMINAL
UNKNOWN,NEUTRAL,0.298,True,LEGITIMATE
CONFIRMED,SUPPORTING,0.916,True,AMBIGUOUS
SUSPECTED,SUPPORTING,0.626,True,MIXED
FALSE,CONTRADICTING,0.220,True,LEGITIMATE
CONFIRMED,SUPPORTING,0.936,True,MIXED
SUSPECTED,SUPPORTING,0.857,True,MIXED
CONFIRMED,SUPPORTING,0.948,True,LEGITIMATE
CONFIRMED,SUPPORTING,0.959,True,CRIMINAL
SUSPECTED,SUPPORTING,0.618,True,MIXED
UNKNOWN,NEUTRAL,0.223,True,LEGITIMATE
UNKNOWN,NEUTRAL,0.228,True,MIXED
SUSPECTED,SUPPORTING,0.834,True,LEGITIMATE
UNKNOWN,NEUTRAL,0.239,True,AMBIGUOUS
FALSE,CONTRADICTING,0.189,True,MIXED
UNKNOWN,NEUTRAL,0.203,True,AMBIGUOUS
UNKNOWN,NEUTRAL,0.544,True,AMBIGUOUS
CONFIRMED,SUPPORTING,0.930,True,CRIMINAL
UNKNOWN,NEUTRAL,0.255,True,LEGITIMATE
SUSPECTED,SUPPORTING,0.799,True,CRIMINAL
FALSE,CONTRADICTING,0.339,True,AMBIGUOUS
UNKNOWN,NEUTRAL,0.412,True,LEGITIMATE
FALSE,CONTRADICTING,0.244,True,LEGITIMATE
CONFIRMED,SUPPORTING,0.854,True,LEGITIMATE
UNKNOWN,NEUTRAL,0.471,True,CRIMINAL
CONFIRMED,SUPPORTING,0.841,True,CRIMINAL
UNKNOWN,NEUTRAL,0.246,True,LEGITIMATE
CONFIRMED,SUPPORTING,0.824,True,LEGITIMATE
CONFIRMED,SUPPORTING,0.824,True,LEGITIMATE
CONFIRMED,SUPPORTING,0.859,True,MIXED
FALSE,CONTRADICTING,0.169,True,LEGITIMATE
SUSPECTED,SUPPORTING,0.701,True,CRIMINAL
SUSPECTED,SUPPORTING,0.801,True,LEGITIMATE
SUSPECTED,SUPPORTING,0.701,True,LEGITIMATE
CONFIRMED,SUPPORTING,0.958,True,CRIMINAL
UNKNOWN,NEUTRAL,0.362,True,MIXED
FALSE,CONTRADICTING,0.241,True,LEGITIMATE
SUSPECTED,SUPPORTING,0.754,True,CRIMINAL
FALSE,CONTRADICTING,0.258,True,LEGITIMATE
CONFIRMED,SUPPORTING,0.837,True,AMBIGUOUS
CONFIRMED,SUPPORTING,0.949,True,MIXED
CONFIRMED,SUPPORTING,0.856,True,MIXED
SUSPECTED,SUPPORTING,0.806,True,MIXED
UNKNOWN,NEUTRAL,0.352,True,CRIMINAL
SUSPECTED,SUPPORTING,0.749,True,CRIMINAL
UNKNOWN,NEUTRAL,0.541,True,MIXED
SUSPECTED,SUPPORTING,0.763,True,MIXED
CONFIRMED,SUPPORTING,0.941,True,CRIMINAL
CONFIRMED,SUPPORTING,0.881,True,AMBIGUOUS
UNKNOWN,NEUTRAL,0.477,True,MIXED
CONFIRMED,SUPPORTING,0.898,True,CRIMINAL
UNKNOWN,NEUTRAL,0.205,True,CRIMINAL
CONFIRMED,SUPPORTING,0.940,True,CRIMINAL
SUSPECTED,SUPPORTING,0.617,True,CRIMINAL
CONFIRMED,SUPPORTING,0.945,True,CRIMINAL
SUSPECTED,SUPPORTING,0.785,True,MIXED
UNKNOWN,NEUTRAL,0.488,True,LEGITIMATE
CONFIRMED,SUPPORTING,0.934,True,CRIMINAL
SUSPECTED,SUPPORTING,0.686,True,CRIMINAL
UNKNOWN,NEUTRAL,0.472,True,LEGITIMATE
CONFIRMED,SUPPORTING,0.831,True,CRIMINAL
UNKNOWN,NEUTRAL,0.478,True,LEGITIMATE
SUSPECTED,SUPPORTING,0.676,True,MIXED
SUSPECTED,SUPPORTING,0.645,True,MIXED
UNKNOWN,NEUTRAL,0.283,True,AMBIGUOUS
SUSPECTED,SUPPORTING,0.787,True,CRIMINAL
SUSPECTED,SUPPORTING,0.598,True,CRIMINAL
CONFIRMED,SUPPORTING,0.873,True,MIXED
FALSE,CONTRADICTING,0.375,True,MIXED
SUSPECTED,SUPPORTING,0.630,True,CRIMINAL
UNKNOWN,NEUTRAL,0.543,True,LEGITIMATE
FALSE,CONTRADICTING,0.137,True,LEGITIMATE
CONFIRMED,SUPPORTING,0.926,True,CRIMINAL
UNKNOWN,NEUTRAL,0.532,True,AMBIGUOUS
SUSPECTED,SUPPORTING,0.666,True,LEGITIMATE
SUSPECTED,SUPPORTING,0.707,True,CRIMINAL
SUSPECTED,SUPPORTING,0.855,True,MIXED
CONFIRMED,SUPPORTING,0.933,True,CRIMINAL
UNKNOWN,NEUTRAL,0.433,True,CRIMINAL
SUSPECTED,SUPPORTING,0.728,True,MIXED
UNKNOWN,NEUTRAL,0.396,True,MIXED
CONFIRMED,SUPPORTING,0.884,True,LEGITIMATE
UNKNOWN,NEUTRAL,0.393,True,MIXED
SUSPECTED,SUPPORTING,0.693,True,LEGITIMATE
UNKNOWN,NEUTRAL,0.340,True,LEGITIMATE
UNKNOWN,NEUTRAL,0.388,True,MIXED
UNKNOWN,NEUTRAL,0.311,True,MIXED
FALSE,CONTRADICTING,0.386,True,CRIMINAL
UNKNOWN,NEUTRAL,0.355,True,MIXED
SUSPECTED,SUPPORTING,0.722,True,MIXED
CONFIRMED,SUPPORTING,0.982,True,LEGITIMATE
UNKNOWN,NEUTRAL,0.311,True,CRIMINAL
SUSPECTED,SUPPORTING,0.594,True,MIXED
FALSE,CONTRADICTING,0.213,True,MIXED
SUSPECTED,SUPPORTING,0.694,True,CRIMINAL
SUSPECTED,SUPPORTING,0.810,True,CRIMINAL
FALSE,CONTRADICTING,0.154,True,LEGITIMATE
SUSPECTED,SUPPORTING,0.843,True,CRIMINAL
CONFIRMED,SUPPORTING,0.823,True,CRIMINAL
SUSPECTED,SUPPORTING,0.821,True,AMBIGUOUS
UNKNOWN,NEUTRAL,0.299,True,MIXED
SUSPECTED,SUPPORTING,0.808,True,MIXED
CONFIRMED,SUPPORTING,0.985,True,CRIMINAL
CONFIRMED,SUPPORTING,0.868,True,AMBIGUOUS
UNKNOWN,NEUTRAL,0.226,True,CRIMINAL
UNKNOWN,NEUTRAL,0.277,True,CRIMINAL
CONFIRMED,SUPPORTING,0.821,True,CRIMINAL
SUSPECTED,SUPPORTING,0.622,True,CRIMINAL
FALSE,CONTRADICTING,0.270,True,MIXED
CONFIRMED,SUPPORTING,0.830,True,CRIMINAL
CONFIRMED,SUPPORTING,0.929,True,CRIMINAL
FALSE,CONTRADICTING,0.402,True,MIXED
CONFIRMED,SUPPORTING,0.965,True,MIXED
CONFIRMED,SUPPORTING,0.984,True,MIXED
CONFIRMED,SUPPORTING,0.921,True,LEGITIMATE
UNKNOWN,NEUTRAL,0.548,True,AMBIGUOUS
FALSE,CONTRADICTING,0.200,True,CRIMINAL
UNKNOWN,NEUTRAL,0.427,True,LEGITIMATE
FALSE,CONTRADICTING,0.149,True,LEGITIMATE
FALSE,CONTRADICTING,0.224,True,AMBIGUOUS
CONFIRMED,SUPPORTING,0.846,True,CRIMINAL
UNKNOWN,NEUTRAL,0.451,True,LEGITIMATE
CONFIRMED,SUPPORTING,0.976,True,CRIMINAL
CONFIRMED,SUPPORTING,0.905,True,CRIMINAL
SUSPECTED,SUPPORTING,0.605,True,CRIMINAL
CONFIRMED,SUPPORTING,0.880,True,CRIMINAL
FALSE,CONTRADICTING,0.373,True,MIXED
SUSPECTED,SUPPORTING,0.755,True,CRIMINAL
SUSPECTED,SUPPORTING,0.732,True,CRIMINAL
SUSPECTED,SUPPORTING,0.800,True,CRIMINAL
SUSPECTED,SUPPORTING,0.843,True,AMBIGUOUS
SUSPECTED,SUPPORTING,0.593,True,CRIMINAL
SUSPECTED,SUPPORTING,0.694,True,MIXED
CONFIRMED,SUPPORTING,0.982,True,CRIMINAL
SUSPECTED,SUPPORTING,0.692,True,CRIMINAL
CONFIRMED,SUPPORTING,0.892,True,MIXED
SUSPECTED,SUPPORTING,0.722,True,MIXED
SUSPECTED,SUPPORTING,0.601,True,LEGITIMATE
CONFIRMED,SUPPORTING,0.833,True,AMBIGUOUS
FALSE,CONTRADICTING,0.275,True,MIXED
SUSPECTED,SUPPORTING,0.836,True,CRIMINAL
CONFIRMED,SUPPORTING,0.869,True,MIXED
CONFIRMED,SUPPORTING,0.852,True,MIXED
CONFIRMED,SUPPORTING,0.914,True,CRIMINAL
UNKNOWN,NEUTRAL,0.339,True,AMBIGUOUS
CONFIRMED,SUPPORTING,0.861,True,CRIMINAL
CONFIRMED,SUPPORTING,0.969,True,MIXED
UNKNOWN,NEUTRAL,0.231,True,MIXED
CONFIRMED,SUPPORTING,0.858,True,AMBIGUOUS
CONFIRMED,SUPPORTING,0.911,True,MIXED
SUSPECTED,SUPPORTING,0.751,True,MIXED
SUSPECTED,SUPPORTING,0.643,True,CRIMINAL
SUSPECTED,SUPPORTING,0.595,True,CRIMINAL
SUSPECTED,SUPPORTING,0.716,True,CRIMINAL
CONFIRMED,SUPPORTING,0.830,True,MIXED
CONFIRMED,SUPPORTING,0.852,True,MIXED
SUSPECTED,SUPPORTING,0.586,True,CRIMINAL
UNKNOWN,NEUTRAL,0.285,True,AMBIGUOUS
UNKNOWN,NEUTRAL,0.369,True,CRIMINAL
FALSE,CONTRADICTING,0.223,True,CRIMINAL
FALSE,CONTRADICTING,0.181,True,AMBIGUOUS
UNKNOWN,NEUTRAL,0.476,True,LEGITIMATE
CONFIRMED,SUPPORTING,0.935,True,LEGITIMATE
SUSPECTED,SUPPORTING,0.634,True,LEGITIMATE
UNKNOWN,NEUTRAL,0.279,True,CRIMINAL
CONFIRMED,SUPPORTING,0.847,True,CRIMINAL
FALSE,CONTRADICTING,0.268,True,CRIMINAL
SUSPECTED,SUPPORTING,0.648,True,LEGITIMATE
FALSE,CONTRADICTING,0.176,True,LEGITIMATE
FALSE,CONTRADICTING,0.405,True,CRIMINAL
CONFIRMED,SUPPORTING,0.835,True,MIXED
UNKNOWN,NEUTRAL,0.293,True,MIXED
CONFIRMED,SUPPORTING,0.904,True,CRIMINAL
UNKNOWN,NEUTRAL,0.350,True,AMBIGUOUS
CONFIRMED,SUPPORTING,0.939,True,CRIMINAL
SUSPECTED,SUPPORTING,0.636,True,MIXED
SUSPECTED,SUPPORTING,0.821,True,AMBIGUOUS
SUSPECTED,SUPPORTING,0.804,True,MIXED
UNKNOWN,NEUTRAL,0.523,True,MIXED
CONFIRMED,SUPPORTING,0.964,True,CRIMINAL
SUSPECTED,SUPPORTING,0.661,True,CRIMINAL
CONFIRMED,SUPPORTING,0.921,True,CRIMINAL
CONFIRMED,SUPPORTING,0.830,True,CRIMINAL
UNKNOWN,NEUTRAL,0.489,True,AMBIGUOUS
FALSE,CONTRADICTING,0.366,True,AMBIGUOUS
CONFIRMED,SUPPORTING,0.940,True,CRIMINAL
CONFIRMED,SUPPORTING,0.964,True,MIXED
SUSPECTED,SUPPORTING,0.621,True,CRIMINAL
UNKNOWN,NEUTRAL,0.424,True,CRIMINAL
FALSE,CONTRADICTING,0.309,True,CRIMINAL
UNKNOWN,NEUTRAL,0.426,True,CRIMINAL
FALSE,CONTRADICTING,0.413,True,MIXED
UNKNOWN,NEUTRAL,0.238,True,CRIMINAL
CONFIRMED,SUPPORTING,0.914,True,MIXED
CONFIRMED,SUPPORTING,0.928,True,LEGITIMATE
CONFIRMED,SUPPORTING,0.913,True,CRIMINAL
SUSPECTED,SUPPORTING,0.849,True,MIXED
CONFIRMED,SUPPORTING,0.853,True,MIXED
SUSPECTED,SUPPORTING,0.606,True,CRIMINAL
UNKNOWN,NEUTRAL,0.227,True,AMBIGUOUS
UNKNOWN,NEUTRAL,0.364,True,CRIMINAL
SUSPECTED,SUPPORTING,0.785,True,MIXED
FALSE,CONTRADICTING,0.296,True,LEGITIMATE
FALSE,CONTRADICTING,0.263,True,AMBIGUOUS
SUSPECTED,SUPPORTING,0.698,True,AMBIGUOUS
UNKNOWN,NEUTRAL,0.457,True,LEGITIMATE
FALSE,CONTRADICTING,0.379,True,AMBIGUOUS
UNKNOWN,NEUTRAL,0.296,True,MIXED
CONFIRMED,SUPPORTING,0.933,True,LEGITIMATE
SUSPECTED,SUPPORTING,0.744,True,CRIMINAL
UNKNOWN,NEUTRAL,0.489,True,MIXED
SUSPECTED,SUPPORTING,0.650,True,CRIMINAL
UNKNOWN,NEUTRAL,0.326,True,AMBIGUOUS
CONFIRMED,SUPPORTING,0.869,True,MIXED
CONFIRMED,SUPPORTING,0.888,True,CRIMINAL
SUSPECTED,SUPPORTING,0.582,True,MIXED
SUSPECTED,SUPPORTING,0.837,True,CRIMINAL
UNKNOWN,NEUTRAL,0.526,True,MIXED
FALSE,CONTRADICTING,0.211,True,CRIMINAL
SUSPECTED,SUPPORTING,0.642,True,CRIMINAL
FALSE,CONTRADICTING,0.185,True,LEGITIMATE
CONFIRMED,SUPPORTING,0.860,True,CRIMINAL
UNKNOWN,NEUTRAL,0.224,True,LEGITIMATE
SUSPECTED,SUPPORTING,0.601,True,CRIMINAL
UNKNOWN,NEUTRAL,0.448,True,CRIMINAL
SUSPECTED,SUPPORTING,0.822,True,CRIMINAL
UNKNOWN,NEUTRAL,0.502,True,AMBIGUOUS
SUSPECTED,SUPPORTING,0.606,True,CRIMINAL
FALSE,CONTRADICTING,0.334,True,MIXED
FALSE,CONTRADICTING,0.186,True,AMBIGUOUS
CONFIRMED,SUPPORTING,0.890,True,MIXED
SUSPECTED,SUPPORTING,0.694,True,AMBIGUOUS
UNKNOWN,NEUTRAL,0.223,True,AMBIGUOUS
UNKNOWN,NEUTRAL,0.258,True,AMBIGUOUS
UNKNOWN,NEUTRAL,0.518,True,LEGITIMATE
FALSE,CONTRADICTING,0.341,True,LEGITIMATE
CONFIRMED,SUPPORTING,0.979,True,CRIMINAL
CONFIRMED,SUPPORTING,0.937,True,AMBIGUOUS
UNKNOWN,NEUTRAL,0.536,True,LEGITIMATE
CONFIRMED,SUPPORTING,0.971,True,CRIMINAL
FALSE,CONTRADICTING,0.341,True,LEGITIMATE
SUSPECTED,SUPPORTING,0.624,True,MIXED
SUSPECTED,SUPPORTING,0.773,True,LEGITIMATE
FALSE,CONTRADICTING,0.234,True,MIXED
SUSPECTED,SUPPORTING,0.696,True,LEGITIMATE
FALSE,CONTRADICTING,0.248,True,CRIMINAL
SUSPECTED,SUPPORTING,0.631,True,CRIMINAL
FALSE,CONTRADICTING,0.135,True,LEGITIMATE
SUSPECTED,SUPPORTING,0.758,True,MIXED
UNKNOWN,NEUTRAL,0.286,True,MIXED
FALSE,CONTRADICTING,0.327,True,LEGITIMATE
UNKNOWN,NEUTRAL,0.291,True,CRIMINAL
SUSPECTED,SUPPORTING,0.789,True,CRIMINAL
UNKNOWN,NEUTRAL,0.298,True,LEGITIMATE
SUSPECTED,SUPPORTING,0.685,True,CRIMINAL
SUSPECTED,SUPPORTING,0.770,True,CRIMINAL
FALSE,CONTRADICTING,0.193,True,MIXED
UNKNOWN,NEUTRAL,0.429,True,CRIMINAL
CONFIRMED,SUPPORTING,0.990,True,CRIMINAL
SUSPECTED,SUPPORTING,0.822,True,CRIMINAL
SUSPECTED,SUPPORTING,0.796,True,MIXED
SUSPECTED,SUPPORTING,0.736,True,MIXED
FALSE,CONTRADICTING,0.242,True,AMBIGUOUS
CONFIRMED,SUPPORTING,0.926,True,AMBIGUOUS
SUSPECTED,SUPPORTING,0.613,True,AMBIGUOUS
UNKNOWN,NEUTRAL,0.464,True,CRIMINAL
SUSPECTED,SUPPORTING,0.777,True,AMBIGUOUS
CONFIRMED,SUPPORTING,0.935,True,CRIMINAL
CONFIRMED,SUPPORTING,0.984,True,LEGITIMATE
UNKNOWN,NEUTRAL,0.461,True,MIXED
SUSPECTED,SUPPORTING,0.593,True,MIXED
SUSPECTED,SUPPORTING,0.712,True,MIXED
UNKNOWN,NEUTRAL,0.242,True,CRIMINAL
CONFIRMED,SUPPORTING,0.937,True,MIXED
UNKNOWN,NEUTRAL,0.431,True,CRIMINAL
CONFIRMED,SUPPORTING,0.928,True,AMBIGUOUS
SUSPECTED,SUPPORTING,0.643,True,MIXED
CONFIRMED,SUPPORTING,0.934,True,CRIMINAL
CONFIRMED,SUPPORTING,0.888,True,AMBIGUOUS
FALSE,CONTRADICTING,0.323,True,AMBIGUOUS
CONFIRMED,SUPPORTING,0.880,True,CRIMINAL
SUSPECTED,SUPPORTING,0.646,True,MIXED
UNKNOWN,NEUTRAL,0.461,True,LEGITIMATE
CONFIRMED,SUPPORTING,0.953,True,CRIMINAL
UNKNOWN,NEUTRAL,0.329,True,AMBIGUOUS
CONFIRMED,SUPPORTING,0.836,True,CRIMINAL
SUSPECTED,SUPPORTING,0.683,True,CRIMINAL
CONFIRMED,SUPPORTING,0.908,True,CRIMINAL
CONFIRMED,SUPPORTING,0.911,True,CRIMINAL
CONFIRMED,SUPPORTING,0.946,True,MIXED
UNKNOWN,NEUTRAL,0.481,True,AMBIGUOUS
SUSPECTED,SUPPORTING,0.650,True,MIXED
SUSPECTED,SUPPORTING,0.599,True,MIXED
SUSPECTED,SUPPORTING,0.727,True,CRIMINAL
CONFIRMED,SUPPORTING,0.950,True,CRIMINAL
CONFIRMED,SUPPORTING,0.918,True,CRIMINAL
SUSPECTED,SUPPORTING,0.823,True,CRIMINAL
UNKNOWN,NEUTRAL,0.415,True,CRIMINAL
SUSPECTED,SUPPORTING,0.852,True,CRIMINAL
SUSPECTED,SUPPORTING,0.719,True,AMBIGUOUS
UNKNOWN,NEUTRAL,0.406,True,CRIMINAL
CONFIRMED,SUPPORTING,0.937,True,CRIMINAL
FALSE,CONTRADICTING,0.167,True,LEGITIMATE
CONFIRMED,SUPPORTING,0.906,True,CRIMINAL
SUSPECTED,SUPPORTING,0.675,True,CRIMINAL
CONFIRMED,SUPPORTING,0.986,True,MIXED
SUSPECTED,SUPPORTING,0.855,True,LEGITIMATE
UNKNOWN,NEUTRAL,0.513,True,CRIMINAL
SUSPECTED,SUPPORTING,0.606,True,CRIMINAL
CONFIRMED,SUPPORTING,0.840,True,CRIMINAL
CONFIRMED,SUPPORTING,0.823,True,CRIMINAL
CONFIRMED,SUPPORTING,0.892,True,MIXED
UNKNOWN,NEUTRAL,0.365,True,CRIMINAL
SUSPECTED,SUPPORTING,0.648,True,MIXED
UNKNOWN,NEUTRAL,0.467,True,CRIMINAL
SUSPECTED,SUPPORTING,0.626,True,MIXED
SUSPECTED,SUPPORTING,0.728,True,MIXED
SUSPECTED,SUPPORTING,0.649,True,MIXED
SUSPECTED,SUPPORTING,0.640,True,CRIMINAL
SUSPECTED,SUPPORTING,0.654,True,MIXED
CONFIRMED,SUPPORTING,0.822,True,LEGITIMATE
FALSE,CONTRADICTING,0.304,True,MIXED
FALSE,CONTRADICTING,0.171,True,LEGITIMATE
CONFIRMED,SUPPORTING,0.837,True,MIXED
SUSPECTED,SUPPORTING,0.636,True,CRIMINAL
UNKNOWN,NEUTRAL,0.490,True,MIXED
SUSPECTED,SUPPORTING,0.828,True,MIXED
CONFIRMED,SUPPORTING,0.954,True,MIXED
SUSPECTED,SUPPORTING,0.807,True,MIXED
FALSE,CONTRADICTING,0.373,True,LEGITIMATE
UNKNOWN,NEUTRAL,0.333,True,CRIMINAL
SUSPECTED,SUPPORTING,0.733,True,LEGITIMATE
SUSPECTED,SUPPORTING,0.670,True,MIXED
UNKNOWN,NEUTRAL,0.446,True,CRIMINAL
UNKNOWN,NEUTRAL,0.351,True,AMBIGUOUS
FALSE,CONTRADICTING,0.328,True,AMBIGUOUS
CONFIRMED,SUPPORTING,0.945,True,CRIMINAL
SUSPECTED,SUPPORTING,0.798,True,AMBIGUOUS
SUSPECTED,SUPPORTING,0.842,True,CRIMINAL
UNKNOWN,NEUTRAL,0.481,True,AMBIGUOUS
UNKNOWN,NEUTRAL,0.348,True,AMBIGUOUS
UNKNOWN,NEUTRAL,0.290,True,AMBIGUOUS
CONFIRMED,SUPPORTING,0.989,True,CRIMINAL
FALSE,CONTRADICTING,0.400,True,CRIMINAL
UNKNOWN,NEUTRAL,0.324,True,AMBIGUOUS
SUSPECTED,SUPPORTING,0.757,True,AMBIGUOUS
UNKNOWN,NEUTRAL,0.547,True,CRIMINAL
SUSPECTED,SUPPORTING,0.638,True,AMBIGUOUS
FALSE,CONTRADICTING,0.294,True,LEGITIMATE
FALSE,CONTRADICTING,0.330,True,MIXED
UNKNOWN,NEUTRAL,0.371,True,AMBIGUOUS
FALSE,CONTRADICTING,0.308,True,LEGITIMATE
UNKNOWN,NEUTRAL,0.223,True,AMBIGUOUS
SUSPECTED,SUPPORTING,0.586,True,MIXED
SUSPECTED,SUPPORTING,0.766,True,CRIMINAL
CONFIRMED,SUPPORTING,0.965,True,CRIMINAL
UNKNOWN,NEUTRAL,0.514,True,LEGITIMATE
UNKNOWN,NEUTRAL,0.466,True,AMBIGUOUS
SUSPECTED,SUPPORTING,0.841,True,AMBIGUOUS
FALSE,CONTRADICTING,0.199,True,AMBIGUOUS
SUSPECTED,SUPPORTING,0.820,True,MIXED
SUSPECTED,SUPPORTING,0.689,True,MIXED
UNKNOWN,NEUTRAL,0.338,True,MIXED
FALSE,CONTRADICTING,0.156,True,LEGITIMATE
CONFIRMED,SUPPORTING,0.932,True,CRIMINAL
FALSE,CONTRADICTING,0.316,True,MIXED
FALSE,CONTRADICTING,0.241,True,CRIMINAL
SUSPECTED,SUPPORTING,0.782,True,CRIMINAL
UNKNOWN,NEUTRAL,0.466,True,LEGITIMATE
CONFIRMED,SUPPORTING,0.981,True,CRIMINAL
FALSE,CONTRADICTING,0.283,True,CRIMINAL
CONFIRMED,SUPPORTING,0.850,True,CRIMINAL
SUSPECTED,SUPPORTING,0.711,True,MIXED
SUSPECTED,SUPPORTING,0.842,True,MIXED
FALSE,CONTRADICTING,0.224,True,LEGITIMATE
CONFIRMED,SUPPORTING,0.926,True,AMBIGUOUS
FALSE,CONTRADICTING,0.339,True,CRIMINAL
CONFIRMED,SUPPORTING,0.874,True,CRIMINAL
SUSPECTED,SUPPORTING,0.771,True,CRIMINAL
UNKNOWN,NEUTRAL,0.531,True,LEGITIMATE
FALSE,CONTRADICTING,0.355,True,CRIMINAL
SUSPECTED,SUPPORTING,0.624,True,CRIMINAL
CONFIRMED,SUPPORTING,0.971,True,AMBIGUOUS
CONFIRMED,SUPPORTING,0.885,True,MIXED
CONFIRMED,SUPPORTING,0.851,True,MIXED
SUSPECTED,SUPPORTING,0.665,True,CRIMINAL
SUSPECTED,SUPPORTING,0.582,True,AMBIGUOUS
SUSPECTED,SUPPORTING,0.767,True,MIXED
SUSPECTED,SUPPORTING,0.851,True,CRIMINAL
CONFIRMED,SUPPORTING,0.983,True,CRIMINAL
UNKNOWN,NEUTRAL,0.428,True,CRIMINAL
UNKNOWN,NEUTRAL,0.372,True,LEGITIMATE
UNKNOWN,NEUTRAL,0.224,True,CRIMINAL
CONFIRMED,SUPPORTING,0.934,True,MIXED
CONFIRMED,SUPPORTING,0.827,True,CRIMINAL
SUSPECTED,SUPPORTING,0.833,True,MIXED
UNKNOWN,NEUTRAL,0.388,True,LEGITIMATE
FALSE,CONTRADICTING,0.187,True,CRIMINAL
UNKNOWN,NEUTRAL,0.241,True,AMBIGUOUS
SUSPECTED,SUPPORTING,0.692,True,AMBIGUOUS
UNKNOWN,NEUTRAL,0.208,True,LEGITIMATE
CONFIRMED,SUPPORTING,0.969,True,MIXED
UNKNOWN,NEUTRAL,0.356,True,MIXED
CONFIRMED,SUPPORTING,0.948,True,CRIMINAL
CONFIRMED,SUPPORTING,0.969,True,CRIMINAL
SUSPECTED,SUPPORTING,0.748,True,CRIMINAL
SUSPECTED,SUPPORTING,0.595,True,CRIMINAL
UNKNOWN,NEUTRAL,0.297,True,LEGITIMATE
SUSPECTED,SUPPORTING,0.692,True,MIXED
SUSPECTED,SUPPORTING,0.633,True,MIXED
UNKNOWN,NEUTRAL,0.324,True,CRIMINAL
UNKNOWN,NEUTRAL,0.336,True,AMBIGUOUS
SUSPECTED,SUPPORTING,0.787,True,CRIMINAL
FALSE,CONTRADICTING,0.179,True,CRIMINAL
UNKNOWN,NEUTRAL,0.403,True,CRIMINAL
FALSE,CONTRADICTING,0.217,True,LEGITIMATE
UNKNOWN,NEUTRAL,0.445,True,CRIMINAL
UNKNOWN,NEUTRAL,0.288,True,AMBIGUOUS
CONFIRMED,SUPPORTING,0.935,True,MIXED
FALSE,CONTRADICTING,0.299,True,MIXED
SUSPECTED,SUPPORTING,0.811,True,CRIMINAL
SUSPECTED,SUPPORTING,0.731,True,MIXED
FALSE,CONTRADICTING,0.172,True,MIXED
SUSPECTED,SUPPORTING,0.775,True,AMBIGUOUS
UNKNOWN,NEUTRAL,0.331,True,LEGITIMATE
SUSPECTED,SUPPORTING,0.762,True,AMBIGUOUS
CONFIRMED,SUPPORTING,0.941,True,AMBIGUOUS
CONFIRMED,SUPPORTING,0.985,True,MIXED
SUSPECTED,SUPPORTING,0.778,True,CRIMINAL
SUSPECTED,SUPPORTING,0.644,True,MIXED
SUSPECTED,SUPPORTING,0.587,True,CRIMINAL
CONFIRMED,SUPPORTING,0.909,True,CRIMINAL
UNKNOWN,NEUTRAL,0.375,True,CRIMINAL
UNKNOWN,NEUTRAL,0.373,True,MIXED
FALSE,CONTRADICTING,0.217,True,LEGITIMATE
UNKNOWN,NEUTRAL,0.364,True,LEGITIMATE
UNKNOWN,NEUTRAL,0.345,True,MIXED
CONFIRMED,SUPPORTING,0.905,True,CRIMINAL
CONFIRMED,SUPPORTING,0.976,True,CRIMINAL
SUSPECTED,SUPPORTING,0.671,True,CRIMINAL
SUSPECTED,SUPPORTING,0.699,True,CRIMINAL
FALSE,CONTRADICTING,0.223,True,LEGITIMATE
SUSPECTED,SUPPORTING,0.733,True,MIXED
CONFIRMED,SUPPORTING,0.900,True,CRIMINAL
SUSPECTED,SUPPORTING,0.663,True,CRIMINAL
SUSPECTED,SUPPORTING,0.756,True,MIXED
SUSPECTED,SUPPORTING,0.651,True,CRIMINAL
UNKNOWN,NEUTRAL,0.355,True,AMBIGUOUS
CONFIRMED,SUPPORTING,0.921,True,AMBIGUOUS
UNKNOWN,NEUTRAL,0.433,True,CRIMINAL
FALSE,CONTRADICTING,0.296,True,CRIMINAL
UNKNOWN,NEUTRAL,0.256,True,MIXED
FALSE,CONTRADICTING,0.158,True,AMBIGUOUS
UNKNOWN,NEUTRAL,0.202,True,CRIMINAL
CONFIRMED,SUPPORTING,0.983,True,CRIMINAL
UNKNOWN,NEUTRAL,0.392,True,MIXED
FALSE,CONTRADICTING,0.301,True,CRIMINAL
CONFIRMED,SUPPORTING,0.940,True,CRIMINAL
UNKNOWN,NEUTRAL,0.254,True,MIXED
UNKNOWN,NEUTRAL,0.425,True,MIXED
CONFIRMED,SUPPORTING,0.962,True,LEGITIMATE
CONFIRMED,SUPPORTING,0.983,True,CRIMINAL
CONFIRMED,SUPPORTING,0.959,True,CRIMINAL
CONFIRMED,SUPPORTING,0.904,True,CRIMINAL
CONFIRMED,SUPPORTING,0.866,True,CRIMINAL
CONFIRMED,SUPPORTING,0.897,True,AMBIGUOUS
FALSE,CONTRADICTING,0.200,True,CRIMINAL
CONFIRMED,SUPPORTING,0.884,True,LEGITIMATE
UNKNOWN,NEUTRAL,0.234,True,CRIMINAL
CONFIRMED,SUPPORTING,0.909,True,CRIMINAL
UNKNOWN,NEUTRAL,0.465,True,LEGITIMATE
UNKNOWN,NEUTRAL,0.402,True,CRIMINAL
UNKNOWN,NEUTRAL,0.290,True,CRIMINAL
CONFIRMED,SUPPORTING,0.986,True,CRIMINAL
FALSE,CONTRADICTING,0.366,True,LEGITIMATE
UNKNOWN,NEUTRAL,0.299,True,CRIMINAL
UNKNOWN,NEUTRAL,0.384,True,AMBIGUOUS
UNKNOWN,NEUTRAL,0.461,True,CRIMINAL
FALSE,CONTRADICTING,0.344,True,CRIMINAL
CONFIRMED,SUPPORTING,0.864,True,LEGITIMATE
CONFIRMED,SUPPORTING,0.983,True,LEGITIMATE
CONFIRMED,SUPPORTING,0.917,True,LEGITIMATE
FALSE,CONTRADICTING,0.297,True,LEGITIMATE
CONFIRMED,SUPPORTING,0.855,True,CRIMINAL
CONFIRMED,SUPPORTING,0.856,True,AMBIGUOUS
CONFIRMED,SUPPORTING,0.939,True,CRIMINAL
FALSE,CONTRADICTING,0.231,True,CRIMINAL
UNKNOWN,NEUTRAL,0.448,True,LEGITIMATE
CONFIRMED,SUPPORTING,0.830,True,MIXED
FALSE,CONTRADICTING,0.199,True,CRIMINAL
SUSPECTED,SUPPORTING,0.699,True,LEGITIMATE
UNKNOWN,NEUTRAL,0.273,True,LEGITIMATE
CONFIRMED,SUPPORTING,0.959,True,MIXED
CONFIRMED,SUPPORTING,0.972,True,CRIMINAL
SUSPECTED,SUPPORTING,0.807,True,CRIMINAL
FALSE,CONTRADICTING,0.330,True,LEGITIMATE
SUSPECTED,SUPPORTING,0.696,True,CRIMINAL
CONFIRMED,SUPPORTING,0.830,True,CRIMINAL
CONFIRMED,SUPPORTING,0.937,True,MIXED
FALSE,CONTRADICTING,0.385,True,MIXED
SUSPECTED,SUPPORTING,0.812,True,CRIMINAL
SUSPECTED,SUPPORTING,0.733,True,LEGITIMATE
CONFIRMED,SUPPORTING,0.900,True,MIXED
FALSE,CONTRADICTING,0.378,True,AMBIGUOUS
UNKNOWN,NEUTRAL,0.384,True,LEGITIMATE
UNKNOWN,NEUTRAL,0.308,True,MIXED
FALSE,CONTRADICTING,0.396,True,LEGITIMATE
SUSPECTED,SUPPORTING,0.762,True,CRIMINAL
SUSPECTED,SUPPORTING,0.859,True,LEGITIMATE
SUSPECTED,SUPPORTING,0.771,True,CRIMINAL
CONFIRMED,SUPPORTING,0.829,True,CRIMINAL
SUSPECTED,SUPPORTING,0.674,True,LEGITIMATE
CONFIRMED,SUPPORTING,0.886,True,CRIMINAL
SUSPECTED,SUPPORTING,0.718,True,MIXED
CONFIRMED,SUPPORTING,0.882,True,MIXED
CONFIRMED,SUPPORTING,0.876,True,CRIMINAL
UNKNOWN,NEUTRAL,0.422,True,MIXED
UNKNOWN,NEUTRAL,0.350,True,MIXED
SUSPECTED,SUPPORTING,0.640,True,MIXED
CONFIRMED,SUPPORTING,0.885,True,AMBIGUOUS
CONFIRMED,SUPPORTING,0.897,True,CRIMINAL
CONFIRMED,SUPPORTING,0.902,True,CRIMINAL
CONFIRMED,SUPPORTING,0.821,True,AMBIGUOUS
SUSPECTED,SUPPORTING,0.840,True,LEGITIMATE
CONFIRMED,SUPPORTING,0.844,True,AMBIGUOUS
SUSPECTED,SUPPORTING,0.784,True,AMBIGUOUS
CONFIRMED,SUPPORTING,0.890,True,CRIMINAL
CONFIRMED,SUPPORTING,0.959,True,MIXED
UNKNOWN,NEUTRAL,0.362,True,CRIMINAL
UNKNOWN,NEUTRAL,0.317,True,MIXED
UNKNOWN,NEUTRAL,0.544,True,MIXED
SUSPECTED,SUPPORTING,0.659,True,CRIMINAL
SUSPECTED,SUPPORTING,0.612,True,AMBIGUOUS
UNKNOWN,NEUTRAL,0.230,True,MIXED
UNKNOWN,NEUTRAL,0.427,True,CRIMINAL
FALSE,CONTRADICTING,0.179,True,LEGITIMATE
UNKNOWN,NEUTRAL,0.350,True,CRIMINAL
UNKNOWN,NEUTRAL,0.367,True,AMBIGUOUS
CONFIRMED,SUPPORTING,0.990,True,MIXED
SUSPECTED,SUPPORTING,0.770,True,CRIMINAL
SUSPECTED,SUPPORTING,0.652,True,LEGITIMATE
SUSPECTED,SUPPORTING,0.858,True,MIXED
CONFIRMED,SUPPORTING,0.951,True,MIXED
UNKNOWN,NEUTRAL,0.540,True,MIXED
SUSPECTED,SUPPORTING,0.662,True,CRIMINAL
CONFIRMED,SUPPORTING,0.859,True,AMBIGUOUS
CONFIRMED,SUPPORTING,0.936,True,CRIMINAL
FALSE,CONTRADICTING,0.415,True,LEGITIMATE
SUSPECTED,SUPPORTING,0.588,True,LEGITIMATE
SUSPECTED,SUPPORTING,0.594,True,LEGITIMATE
CONFIRMED,SUPPORTING,0.865,True,AMBIGUOUS
SUSPECTED,SUPPORTING,0.792,True,MIXED
FALSE,CONTRADICTING,0.210,True,MIXED
CONFIRMED,SUPPORTING,0.966,True,CRIMINAL
SUSPECTED,SUPPORTING,0.809,True,AMBIGUOUS
CONFIRMED,SUPPORTING,0.860,True,LEGITIMATE
CONFIRMED,SUPPORTING,0.940,True,CRIMINAL
CONFIRMED,SUPPORTING,0.854,True,CRIMINAL
CONFIRMED,SUPPORTING,0.850,True,MIXED
FALSE,CONTRADICTING,0.311,True,MIXED
SUSPECTED,SUPPORTING,0.805,True,CRIMINAL
SUSPECTED,SUPPORTING,0.748,True,CRIMINAL
CONFIRMED,SUPPORTING,0.930,True,CRIMINAL
CONFIRMED,SUPPORTING,0.922,True,CRIMINAL
CONFIRMED,SUPPORTING,0.910,True,MIXED
CONFIRMED,SUPPORTING,0.944,True,LEGITIMATE
UNKNOWN,NEUTRAL,0.252,True,MIXED
UNKNOWN,NEUTRAL,0.465,True,MIXED
CONFIRMED,SUPPORTING,0.988,True,CRIMINAL
SUSPECTED,SUPPORTING,0.626,True,CRIMINAL
SUSPECTED,SUPPORTING,0.855,True,MIXED
UNKNOWN,NEUTRAL,0.322,True,CRIMINAL
CONFIRMED,SUPPORTING,0.883,True,CRIMINAL
SUSPECTED,SUPPORTING,0.590,True,CRIMINAL
CONFIRMED,SUPPORTING,0.960,True,CRIMINAL
CONFIRMED,SUPPORTING,0.971,True,CRIMINAL
CONFIRMED,SUPPORTING,0.850,True,LEGITIMATE
UNKNOWN,NEUTRAL,0.324,True,LEGITIMATE
CONFIRMED,SUPPORTING,0.913,True,CRIMINAL
SUSPECTED,SUPPORTING,0.609,True,MIXED
FALSE,CONTRADICTING,0.194,True,AMBIGUOUS
SUSPECTED,SUPPORTING,0.791,True,CRIMINAL
SUSPECTED,SUPPORTING,0.706,True,MIXED
UNKNOWN,NEUTRAL,0.209,True,MIXED
UNKNOWN,NEUTRAL,0.391,True,LEGITIMATE
UNKNOWN,NEUTRAL,0.301,True,AMBIGUOUS
CONFIRMED,SUPPORTING,0.953,True,MIXED
CONFIRMED,SUPPORTING,0.896,True,CRIMINAL
FALSE,CONTRADICTING,0.201,True,CRIMINAL
CONFIRMED,SUPPORTING,0.873,True,CRIMINAL
UNKNOWN,NEUTRAL,0.424,True,AMBIGUOUS
CONFIRMED,SUPPORTING,0.888,True,MIXED
FALSE,CONTRADICTING,0.340,True,CRIMINAL
UNKNOWN,NEUTRAL,0.398,True,CRIMINAL
CONFIRMED,SUPPORTING,0.887,True,LEGITIMATE
SUSPECTED,SUPPORTING,0.609,True,CRIMINAL
UNKNOWN,NEUTRAL,0.529,True,AMBIGUOUS
UNKNOWN,NEUTRAL,0.512,True,CRIMINAL
UNKNOWN,NEUTRAL,0.496,True,MIXED
SUSPECTED,SUPPORTING,0.583,True,CRIMINAL
SUSPECTED,SUPPORTING,0.644,True,CRIMINAL
UNKNOWN,NEUTRAL,0.402,True,CRIMINAL
CONFIRMED,SUPPORTING,0.841,True,MIXED
SUSPECTED,SUPPORTING,0.831,True,CRIMINAL
SUSPECTED,SUPPORTING,0.696,True,CRIMINAL
FALSE,CONTRADICTING,0.406,True,LEGITIMATE
FALSE,CONTRADICTING,0.214,True,LEGITIMATE
SUSPECTED,SUPPORTING,0.688,True,CRIMINAL
UNKNOWN,NEUTRAL,0.494,True,MIXED
UNKNOWN,NEUTRAL,0.418,True,AMBIGUOUS
FALSE,CONTRADICTING,0.361,True,AMBIGUOUS
SUSPECTED,SUPPORTING,0.704,True,MIXED
CONFIRMED,SUPPORTING,0.840,True,CRIMINAL
SUSPECTED,SUPPORTING,0.708,True,MIXED
FALSE,CONTRADICTING,0.123,True,MIXED
UNKNOWN,NEUTRAL,0.486,True,CRIMINAL
UNKNOWN,NEUTRAL,0.262,True,LEGITIMATE
UNKNOWN,NEUTRAL,0.259,True,CRIMINAL
UNKNOWN,NEUTRAL,0.405,True,CRIMINAL
UNKNOWN,NEUTRAL,0.316,True,AMBIGUOUS
FALSE,CONTRADICTING,0.414,True,CRIMINAL
SUSPECTED,SUPPORTING,0.779,True,CRIMINAL
SUSPECTED,SUPPORTING,0.642,True,LEGITIMATE
CONFIRMED,SUPPORTING,0.974,True,MIXED
UNKNOWN,NEUTRAL,0.243,True,MIXED
SUSPECTED,SUPPORTING,0.634,True,LEGITIMATE
SUSPECTED,SUPPORTING,0.716,True,CRIMINAL
UNKNOWN,NEUTRAL,0.200,True,AMBIGUOUS
SUSPECTED,SUPPORTING,0.596,True,MIXED
UNKNOWN,NEUTRAL,0.480,True,CRIMINAL
SUSPECTED,SUPPORTING,0.621,True,MIXED
SUSPECTED,SUPPORTING,0.672,True,MIXED
FALSE,CONTRADICTING,0.235,True,LEGITIMATE
UNKNOWN,NEUTRAL,0.300,True,MIXED
FALSE,CONTRADICTING,0.271,True,AMBIGUOUS
SUSPECTED,SUPPORTING,0.814,True,MIXED
SUSPECTED,SUPPORTING,0.774,True,MIXED
SUSPECTED,SUPPORTING,0.641,True,CRIMINAL
CONFIRMED,SUPPORTING,0.918,True,AMBIGUOUS
UNKNOWN,NEUTRAL,0.416,True,MIXED
UNKNOWN,NEUTRAL,0.515,True,MIXED
UNKNOWN,NEUTRAL,0.238,True,MIXED
SUSPECTED,SUPPORTING,0.755,True,AMBIGUOUS
UNKNOWN,NEUTRAL,0.212,True,AMBIGUOUS
UNKNOWN,NEUTRAL,0.337,True,AMBIGUOUS
UNKNOWN,NEUTRAL,0.499,True,CRIMINAL
SUSPECTED,SUPPORTING,0.666,True,MIXED
CONFIRMED,SUPPORTING,0.826,True,MIXED
SUSPECTED,SUPPORTING,0.704,True,CRIMINAL
FALSE,CONTRADICTING,0.205,True,AMBIGUOUS
UNKNOWN,NEUTRAL,0.291,True,AMBIGUOUS
UNKNOWN,NEUTRAL,0.540,True,LEGITIMATE
FALSE,CONTRADICTING,0.196,True,MIXED
SUSPECTED,SUPPORTING,0.585,True,CRIMINAL
FALSE,CONTRADICTING,0.174,True,MIXED
SUSPECTED,SUPPORTING,0.600,True,CRIMINAL
UNKNOWN,NEUTRAL,0.518,True,LEGITIMATE
SUSPECTED,SUPPORTING,0.797,True,MIXED
CONFIRMED,SUPPORTING,0.907,True,MIXED
SUSPECTED,SUPPORTING,0.582,True,MIXED
FALSE,CONTRADICTING,0.285,True,LEGITIMATE
CONFIRMED,SUPPORTING,0.936,True,CRIMINAL
UNKNOWN,NEUTRAL,0.488,True,MIXED
SUSPECTED,SUPPORTING,0.715,True,AMBIGUOUS
CONFIRMED,SUPPORTING,0.847,True,CRIMINAL
SUSPECTED,SUPPORTING,0.738,True,MIXED
CONFIRMED,SUPPORTING,0.822,True,CRIMINAL
SUSPECTED,SUPPORTING,0.590,True,CRIMINAL
CONFIRMED,SUPPORTING,0.874,True,MIXED
CONFIRMED,SUPPORTING,0.906,True,AMBIGUOUS
SUSPECTED,SUPPORTING,0.855,True,CRIMINAL
CONFIRMED,SUPPORTING,0.977,True,MIXED
SUSPECTED,SUPPORTING,0.777,True,AMBIGUOUS
FALSE,CONTRADICTING,0.273,True,CRIMINAL
UNKNOWN,NEUTRAL,0.347,True,MIXED
SUSPECTED,SUPPORTING,0.655,True,LEGITIMATE
CONFIRMED,SUPPORTING,0.885,True,CRIMINAL
UNKNOWN,NEUTRAL,0.501,True,MIXED
FALSE,CONTRADICTING,0.405,True,CRIMINAL
SUSPECTED,SUPPORTING,0.816,True,MIXED
CONFIRMED,SUPPORTING,0.877,True,CRIMINAL
SUSPECTED,SUPPORTING,0.673,True,MIXED
CONFIRMED,SUPPORTING,0.905,True,CRIMINAL
SUSPECTED,SUPPORTING,0.735,True,CRIMINAL
SUSPECTED,SUPPORTING,0.781,True,MIXED
UNKNOWN,NEUTRAL,0.326,True,CRIMINAL
FALSE,CONTRADICTING,0.264,True,LEGITIMATE
CONFIRMED,SUPPORTING,0.901,True,CRIMINAL
SUSPECTED,SUPPORTING,0.688,True,CRIMINAL
UNKNOWN,NEUTRAL,0.426,True,AMBIGUOUS
SUSPECTED,SUPPORTING,0.762,True,CRIMINAL
UNKNOWN,NEUTRAL,0.429,True,MIXED
UNKNOWN,NEUTRAL,0.343,True,CRIMINAL
SUSPECTED,SUPPORTING,0.690,True,CRIMINAL
SUSPECTED,SUPPORTING,0.583,True,MIXED
UNKNOWN,NEUTRAL,0.281,True,AMBIGUOUS
SUSPECTED,SUPPORTING,0.726,True,MIXED
UNKNOWN,NEUTRAL,0.380,True,CRIMINAL
SUSPECTED,SUPPORTING,0.684,True,CRIMINAL
UNKNOWN,NEUTRAL,0.550,True,CRIMINAL
SUSPECTED,SUPPORTING,0.602,True,CRIMINAL
UNKNOWN,NEUTRAL,0.374,True,MIXED
SUSPECTED,SUPPORTING,0.658,True,MIXED
UNKNOWN,NEUTRAL,0.362,True,CRIMINAL
UNKNOWN,NEUTRAL,0.369,True,CRIMINAL
FALSE,CONTRADICTING,0.178,True,LEGITIMATE
UNKNOWN,NEUTRAL,0.208,True,MIXED
UNKNOWN,NEUTRAL,0.277,True,AMBIGUOUS
CONFIRMED,SUPPORTING,0.954,True,MIXED
SUSPECTED,SUPPORTING,0.853,True,CRIMINAL
SUSPECTED,SUPPORTING,0.856,True,AMBIGUOUS
CONFIRMED,SUPPORTING,0.954,True,AMBIGUOUS
SUSPECTED,SUPPORTING,0.840,True,AMBIGUOUS
CONFIRMED,SUPPORTING,0.911,True,CRIMINAL
CONFIRMED,SUPPORTING,0.826,True,LEGITIMATE
CONFIRMED,SUPPORTING,0.923,True,CRIMINAL
SUSPECTED,SUPPORTING,0.646,True,CRIMINAL
FALSE,CONTRADICTING,0.297,True,LEGITIMATE
UNKNOWN,NEUTRAL,0.289,True,LEGITIMATE
CONFIRMED,SUPPORTING,0.944,True,CRIMINAL
CONFIRMED,SUPPORTING,0.889,True,CRIMINAL
CONFIRMED,SUPPORTING,0.974,True,AMBIGUOUS
CONFIRMED,SUPPORTING,0.883,True,CRIMINAL
SUSPECTED,SUPPORTING,0.755,True,MIXED
UNKNOWN,NEUTRAL,0.267,True,MIXED
SUSPECTED,SUPPORTING,0.657,True,MIXED
UNKNOWN,NEUTRAL,0.489,True,AMBIGUOUS
CONFIRMED,SUPPORTING,0.841,True,LEGITIMATE
SUSPECTED,SUPPORTING,0.635,True,MIXED
UNKNOWN,NEUTRAL,0.383,True,AMBIGUOUS
CONFIRMED,SUPPORTING,0.989,True,CRIMINAL
SUSPECTED,SUPPORTING,0.714,True,MIXED
CONFIRMED,SUPPORTING,0.879,True,LEGITIMATE
CONFIRMED,SUPPORTING,0.976,True,MIXED
CONFIRMED,SUPPORTING,0.923,True,CRIMINAL
SUSPECTED,SUPPORTING,0.591,True,MIXED
UNKNOWN,NEUTRAL,0.339,True,MIXED
FALSE,CONTRADICTING,0.363,True,CRIMINAL
SUSPECTED,SUPPORTING,0.850,True,CRIMINAL
SUSPECTED,SUPPORTING,0.787,True,CRIMINAL
UNKNOWN,NEUTRAL,0.465,True,AMBIGUOUS
CONFIRMED,SUPPORTING,0.910,True,CRIMINAL
SUSPECTED,SUPPORTING,0.691,True,MIXED
SUSPECTED,SUPPORTING,0.712,True,MIXED
FALSE,CONTRADICTING,0.257,True,MIXED
FALSE,CONTRADICTING,0.121,True,LEGITIMATE
FALSE,CONTRADICTING,0.127,True,MIXED
UNKNOWN,NEUTRAL,0.305,True,MIXED
UNKNOWN,NEUTRAL,0.465,True,LEGITIMATE
CONFIRMED,SUPPORTING,0.930,True,AMBIGUOUS
FALSE,CONTRADICTING,0.418,True,CRIMINAL
UNKNOWN,NEUTRAL,0.206,True,LEGITIMATE
CONFIRMED,SUPPORTING,0.906,True,CRIMINAL
UNKNOWN,NEUTRAL,0.540,True,AMBIGUOUS
UNKNOWN,NEUTRAL,0.223,True,LEGITIMATE
CONFIRMED,SUPPORTING,0.877,True,CRIMINAL
UNKNOWN,NEUTRAL,0.303,True,CRIMINAL
CONFIRMED,SUPPORTING,0.931,True,LEGITIMATE
SUSPECTED,SUPPORTING,0.791,True,CRIMINAL
UNKNOWN,NEUTRAL,0.491,True,LEGITIMATE
SUSPECTED,SUPPORTING,0.844,True,MIXED
CONFIRMED,SUPPORTING,0.824,True,LEGITIMATE
UNKNOWN,NEUTRAL,0.299,True,CRIMINAL
SUSPECTED,SUPPORTING,0.798,True,LEGITIMATE
FALSE,CONTRADICTING,0.267,True,CRIMINAL
SUSPECTED,SUPPORTING,0.682,True,AMBIGUOUS
FALSE,CONTRADICTING,0.167,True,CRIMINAL
CONFIRMED,SUPPORTING,0.965,True,CRIMINAL
UNKNOWN,NEUTRAL,0.254,True,MIXED
UNKNOWN,NEUTRAL,0.531,True,LEGITIMATE
SUSPECTED,SUPPORTING,0.610,True,CRIMINAL
CONFIRMED,SUPPORTING,0.900,True,CRIMINAL
SUSPECTED,SUPPORTING,0.610,True,CRIMINAL
UNKNOWN,NEUTRAL,0.507,True,CRIMINAL
FALSE,CONTRADICTING,0.327,True,CRIMINAL
CONFIRMED,SUPPORTING,0.838,True,MIXED
CONFIRMED,SUPPORTING,0.963,True,CRIMINAL
CONFIRMED,SUPPORTING,0.909,True,MIXED
SUSPECTED,SUPPORTING,0.737,True,CRIMINAL
FALSE,CONTRADICTING,0.143,True,MIXED
CONFIRMED,SUPPORTING,0.863,True,MIXED
FALSE,CONTRADICTING,0.252,True,LEGITIMATE
UNKNOWN,NEUTRAL,0.465,True,AMBIGUOUS
SUSPECTED,SUPPORTING,0.692,True,MIXED
FALSE,CONTRADICTING,0.361,True,CRIMINAL
CONFIRMED,SUPPORTING,0.896,True,MIXED
UNKNOWN,NEUTRAL,0.359,True,CRIMINAL
CONFIRMED,SUPPORTING,0.927,True,CRIMINAL
SUSPECTED,SUPPORTING,0.729,True,MIXED
UNKNOWN,NEUTRAL,0.288,True,CRIMINAL
UNKNOWN,NEUTRAL,0.412,True,LEGITIMATE
FALSE,CONTRADICTING,0.353,True,AMBIGUOUS
FALSE,CONTRADICTING,0.207,True,CRIMINAL
FALSE,CONTRADICTING,0.298,True,CRIMINAL
FALSE,CONTRADICTING,0.275,True,AMBIGUOUS
CONFIRMED,SUPPORTING,0.908,True,AMBIGUOUS
UNKNOWN,NEUTRAL,0.367,True,MIXED
SUSPECTED,SUPPORTING,0.725,True,LEGITIMATE
SUSPECTED,SUPPORTING,0.750,True,AMBIGUOUS
SUSPECTED,SUPPORTING,0.666,True,MIXED
SUSPECTED,SUPPORTING,0.720,True,MIXED
SUSPECTED,SUPPORTING,0.816,True,CRIMINAL
FALSE,CONTRADICTING,0.382,True,LEGITIMATE
CONFIRMED,SUPPORTING,0.858,True,CRIMINAL
SUSPECTED,SUPPORTING,0.784,True,CRIMINAL
CONFIRMED,SUPPORTING,0.928,True,AMBIGUOUS
FALSE,CONTRADICTING,0.192,True,LEGITIMATE
FALSE,CONTRADICTING,0.293,True,MIXED
CONFIRMED,SUPPORTING,0.900,True,CRIMINAL
SUSPECTED,SUPPORTING,0.660,True,MIXED
UNKNOWN,NEUTRAL,0.482,True,AMBIGUOUS
CONFIRMED,SUPPORTING,0.829,True,CRIMINAL
UNKNOWN,NEUTRAL,0.327,True,MIXED
CONFIRMED,SUPPORTING,0.895,True,MIXED
UNKNOWN,NEUTRAL,0.288,True,MIXED
UNKNOWN,NEUTRAL,0.347,True,LEGITIMATE
SUSPECTED,SUPPORTING,0.756,True,CRIMINAL
SUSPECTED,SUPPORTING,0.683,True,MIXED
UNKNOWN,NEUTRAL,0.275,True,AMBIGUOUS
UNKNOWN,NEUTRAL,0.260,True,LEGITIMATE
UNKNOWN,NEUTRAL,0.465,True,LEGITIMATE
SUSPECTED,SUPPORTING,0.804,True,CRIMINAL
UNKNOWN,NEUTRAL,0.311,True,CRIMINAL
SUSPECTED,SUPPORTING,0.700,True,CRIMINAL
FALSE,CONTRADICTING,0.293,True,LEGITIMATE
UNKNOWN,NEUTRAL,0.487,True,AMBIGUOUS
UNKNOWN,NEUTRAL,0.484,True,AMBIGUOUS
FALSE,CONTRADICTING,0.365,True,CRIMINAL
UNKNOWN,NEUTRAL,0.418,True,CRIMINAL
SUSPECTED,SUPPORTING,0.859,True,CRIMINAL
UNKNOWN,NEUTRAL,0.240,True,AMBIGUOUS
FALSE,CONTRADICTING,0.206,True,MIXED
UNKNOWN,NEUTRAL,0.241,True,CRIMINAL
SUSPECTED,SUPPORTING,0.788,True,LEGITIMATE
SUSPECTED,SUPPORTING,0.831,True,MIXED
SUSPECTED,SUPPORTING,0.674,True,LEGITIMATE
UNKNOWN,NEUTRAL,0.423,True,LEGITIMATE
CONFIRMED,SUPPORTING,0.949,True,CRIMINAL
CONFIRMED,SUPPORTING,0.912,True,AMBIGUOUS
FALSE,CONTRADICTING,0.308,True,AMBIGUOUS
UNKNOWN,NEUTRAL,0.401,True,CRIMINAL
UNKNOWN,NEUTRAL,0.212,True,AMBIGUOUS
SUSPECTED,SUPPORTING,0.654,True,MIXED
CONFIRMED,SUPPORTING,0.825,True,CRIMINAL
CONFIRMED,SUPPORTING,0.880,True,CRIMINAL
CONFIRMED,SUPPORTING,0.866,True,CRIMINAL
UNKNOWN,NEUTRAL,0.481,True,LEGITIMATE
SUSPECTED,SUPPORTING,0.802,True,MIXED
CONFIRMED,SUPPORTING,0.870,True,CRIMINAL
CONFIRMED,SUPPORTING,0.958,True,CRIMINAL
CONFIRMED,SUPPORTING,0.972,True,MIXED
SUSPECTED,SUPPORTING,0.586,True,CRIMINAL
UNKNOWN,NEUTRAL,0.459,True,AMBIGUOUS
UNKNOWN,NEUTRAL,0.549,True,CRIMINAL
CONFIRMED,SUPPORTING,0.888,True,CRIMINAL
UNKNOWN,NEUTRAL,0.428,True,CRIMINAL
UNKNOWN,NEUTRAL,0.468,True,CRIMINAL
CONFIRMED,SUPPORTING,0.839,True,LEGITIMATE
SUSPECTED,SUPPORTING,0.740,True,LEGITIMATE
SUSPECTED,SUPPORTING,0.626,True,CRIMINAL
FALSE,CONTRADICTING,0.321,True,MIXED
FALSE,CONTRADICTING,0.380,True,AMBIGUOUS
CONFIRMED,SUPPORTING,0.833,True,MIXED
CONFIRMED,SUPPORTING,0.916,True,CRIMINAL
CONFIRMED,SUPPORTING,0.833,True,CRIMINAL
CONFIRMED,SUPPORTING,0.943,True,CRIMINAL
CONFIRMED,SUPPORTING,0.980,True,CRIMINAL
CONFIRMED,SUPPORTING,0.931,True,CRIMINAL
SUSPECTED,SUPPORTING,0.661,True,CRIMINAL
UNKNOWN,NEUTRAL,0.500,True,MIXED
SUSPECTED,SUPPORTING,0.762,True,CRIMINAL
UNKNOWN,NEUTRAL,0.464,True,CRIMINAL
SUSPECTED,SUPPORTING,0.663,True,MIXED
SUSPECTED,SUPPORTING,0.716,True,CRIMINAL
SUSPECTED,SUPPORTING,0.652,True,MIXED
SUSPECTED,SUPPORTING,0.753,True,LEGITIMATE
CONFIRMED,SUPPORTING,0.932,True,AMBIGUOUS
CONFIRMED,SUPPORTING,0.876,True,CRIMINAL
SUSPECTED,SUPPORTING,0.784,True,CRIMINAL
CONFIRMED,SUPPORTING,0.833,True,CRIMINAL
UNKNOWN,NEUTRAL,0.531,True,LEGITIMATE
CONFIRMED,SUPPORTING,0.869,True,CRIMINAL
CONFIRMED,SUPPORTING,0.861,True,CRIMINAL
SUSPECTED,SUPPORTING,0.859,True,LEGITIMATE
CONFIRMED,SUPPORTING,0.915,True,MIXED
SUSPECTED,SUPPORTING,0.605,True,LEGITIMATE
CONFIRMED,SUPPORTING,0.908,True,LEGITIMATE
CONFIRMED,SUPPORTING,0.823,True,MIXED
CONFIRMED,SUPPORTING,0.985,True,MIXED
SUSPECTED,SUPPORTING,0.678,True,CRIMINAL
UNKNOWN,NEUTRAL,0.519,True,MIXED
CONFIRMED,SUPPORTING,0.856,True,CRIMINAL
SUSPECTED,SUPPORTING,0.720,True,CRIMINAL
SUSPECTED,SUPPORTING,0.826,True,MIXED
FALSE,CONTRADICTING,0.301,True,MIXED
FALSE,CONTRADICTING,0.341,True,LEGITIMATE
SUSPECTED,SUPPORTING,0.810,True,CRIMINAL
SUSPECTED,SUPPORTING,0.854,True,CRIMINAL
UNKNOWN,NEUTRAL,0.461,True,AMBIGUOUS
FALSE,CONTRADICTING,0.166,True,LEGITIMATE
UNKNOWN,NEUTRAL,0.252,True,CRIMINAL
UNKNOWN,NEUTRAL,0.475,True,LEGITIMATE
CONFIRMED,SUPPORTING,0.862,True,CRIMINAL
SUSPECTED,SUPPORTING,0.628,True,MIXED
FALSE,CONTRADICTING,0.194,True,LEGITIMATE
UNKNOWN,NEUTRAL,0.328,True,LEGITIMATE
CONFIRMED,SUPPORTING,0.845,True,MIXED
CONFIRMED,SUPPORTING,0.831,True,CRIMINAL
UNKNOWN,NEUTRAL,0.398,True,LEGITIMATE
CONFIRMED,SUPPORTING,0.906,True,MIXED
UNKNOWN,NEUTRAL,0.229,True,AMBIGUOUS
SUSPECTED,SUPPORTING,0.658,True,AMBIGUOUS
UNKNOWN,NEUTRAL,0.234,True,MIXED
CONFIRMED,SUPPORTING,0.873,True,CRIMINAL
CONFIRMED,SUPPORTING,0.966,True,CRIMINAL
CONFIRMED,SUPPORTING,0.866,True,LEGITIMATE
UNKNOWN,NEUTRAL,0.356,True,AMBIGUOUS
SUSPECTED,SUPPORTING,0.606,True,CRIMINAL
CONFIRMED,SUPPORTING,0.825,True,MIXED
SUSPECTED,SUPPORTING,0.745,True,AMBIGUOUS
CONFIRMED,SUPPORTING,0.824,True,LEGITIMATE
SUSPECTED,SUPPORTING,0.852,True,AMBIGUOUS
SUSPECTED,SUPPORTING,0.753,True,MIXED
UNKNOWN,NEUTRAL,0.497,True,AMBIGUOUS
SUSPECTED,SUPPORTING,0.790,True,CRIMINAL
SUSPECTED,SUPPORTING,0.583,True,MIXED
CONFIRMED,SUPPORTING,0.902,True,CRIMINAL
CONFIRMED,SUPPORTING,0.885,True,LEGITIMATE
SUSPECTED,SUPPORTING,0.663,True,CRIMINAL
CONFIRMED,SUPPORTING,0.984,True,LEGITIMATE
CONFIRMED,SUPPORTING,0.877,True,CRIMINAL
SUSPECTED,SUPPORTING,0.619,True,CRIMINAL
UNKNOWN,NEUTRAL,0.497,True,MIXED
UNKNOWN,NEUTRAL,0.298,True,LEGITIMATE
FALSE,CONTRADICTING,0.218,True,CRIMINAL
SUSPECTED,SUPPORTING,0.700,True,MIXED
SUSPECTED,SUPPORTING,0.705,True,CRIMINAL
FALSE,CONTRADICTING,0.294,True,LEGITIMATE
FALSE,CONTRADICTING,0.383,True,CRIMINAL
UNKNOWN,NEUTRAL,0.307,True,LEGITIMATE
FALSE,CONTRADICTING,0.234,True,CRIMINAL
UNKNOWN,NEUTRAL,0.230,True,CRIMINAL
SUSPECTED,SUPPORTING,0.775,True,CRIMINAL
UNKNOWN,NEUTRAL,0.377,True,AMBIGUOUS
CONFIRMED,SUPPORTING,0.874,True,CRIMINAL
SUSPECTED,SUPPORTING,0.836,True,LEGITIMATE
CONFIRMED,SUPPORTING,0.928,True,LEGITIMATE
SUSPECTED,SUPPORTING,0.833,True,AMBIGUOUS
CONFIRMED,SUPPORTING,0.859,True,CRIMINAL
UNKNOWN,NEUTRAL,0.504,True,CRIMINAL
UNKNOWN,NEUTRAL,0.388,True,MIXED
UNKNOWN,NEUTRAL,0.344,True,LEGITIMATE
SUSPECTED,SUPPORTING,0.850,True,AMBIGUOUS
FALSE,CONTRADICTING,0.188,True,AMBIGUOUS
UNKNOWN,NEUTRAL,0.380,True,CRIMINAL
UNKNOWN,NEUTRAL,0.514,True,CRIMINAL
CONFIRMED,SUPPORTING,0.988,True,CRIMINAL
SUSPECTED,SUPPORTING,0.687,True,CRIMINAL
CONFIRMED,SUPPORTING,0.979,True,CRIMINAL
FALSE,CONTRADICTING,0.266,True,AMBIGUOUS
FALSE,CONTRADICTING,0.269,True,LEGITIMATE
SUSPECTED,SUPPORTING,0.689,True,MIXED
SUSPECTED,SUPPORTING,0.716,True,AMBIGUOUS
SUSPECTED,SUPPORTING,0.673,True,AMBIGUOUS
CONFIRMED,SUPPORTING,0.989,True,MIXED
CONFIRMED,SUPPORTING,0.929,True,LEGITIMATE
UNKNOWN,NEUTRAL,0.221,True,LEGITIMATE
FALSE,CONTRADICTING,0.389,True,MIXED
SUSPECTED,SUPPORTING,0.746,True,LEGITIMATE
SUSPECTED,SUPPORTING,0.809,True,MIXED
CONFIRMED,SUPPORTING,0.913,True,AMBIGUOUS
FALSE,CONTRADICTING,0.296,True,MIXED
SUSPECTED,SUPPORTING,0.730,True,LEGITIMATE
SUSPECTED,SUPPORTING,0.811,True,LEGITIMATE
CONFIRMED,SUPPORTING,0.877,True,CRIMINAL
CONFIRMED,SUPPORTING,0.881,True,AMBIGUOUS
FALSE,CONTRADICTING,0.274,True,LEGITIMATE
CONFIRMED,SUPPORTING,0.843,True,CRIMINAL
UNKNOWN,NEUTRAL,0.251,True,CRIMINAL
UNKNOWN,NEUTRAL,0.282,True,CRIMINAL
SUSPECTED,SUPPORTING,0.663,True,CRIMINAL
CONFIRMED,SUPPORTING,0.943,True,CRIMINAL
FALSE,CONTRADICTING,0.188,True,LEGITIMATE
SUSPECTED,SUPPORTING,0.857,True,AMBIGUOUS
UNKNOWN,NEUTRAL,0.384,True,MIXED
UNKNOWN,NEUTRAL,0.537,True,AMBIGUOUS
SUSPECTED,SUPPORTING,0.580,True,CRIMINAL
CONFIRMED,SUPPORTING,0.988,True,CRIMINAL
SUSPECTED,SUPPORTING,0.800,True,AMBIGUOUS
CONFIRMED,SUPPORTING,0.974,True,AMBIGUOUS
FALSE,CONTRADICTING,0.325,True,LEGITIMATE
CONFIRMED,SUPPORTING,0.934,True,AMBIGUOUS
SUSPECTED,SUPPORTING,0.599,True,AMBIGUOUS
SUSPECTED,SUPPORTING,0.635,True,CRIMINAL
UNKNOWN,NEUTRAL,0.544,True,MIXED
SUSPECTED,SUPPORTING,0.626,True,MIXED
UNKNOWN,NEUTRAL,0.274,True,LEGITIMATE
FALSE,CONTRADICTING,0.276,True,CRIMINAL
CONFIRMED,SUPPORTING,0.955,True,MIXED
SUSPECTED,SUPPORTING,0.683,True,LEGITIMATE
CONFIRMED,SUPPORTING,0.832,True,LEGITIMATE
FALSE,CONTRADICTING,0.219,True,CRIMINAL
UNKNOWN,NEUTRAL,0.276,True,AMBIGUOUS
CONFIRMED,SUPPORTING,0.862,True,CRIMINAL
UNKNOWN,NEUTRAL,0.396,True,CRIMINAL
UNKNOWN,NEUTRAL,0.408,True,CRIMINAL
SUSPECTED,SUPPORTING,0.731,True,CRIMINAL
FALSE,CONTRADICTING,0.407,True,LEGITIMATE
SUSPECTED,SUPPORTING,0.685,True,MIXED
UNKNOWN,NEUTRAL,0.521,True,MIXED
SUSPECTED,SUPPORTING,0.700,True,CRIMINAL
SUSPECTED,SUPPORTING,0.845,True,CRIMINAL
UNKNOWN,NEUTRAL,0.423,True,CRIMINAL
UNKNOWN,NEUTRAL,0.510,True,LEGITIMATE
SUSPECTED,SUPPORTING,0.645,True,MIXED
FALSE,CONTRADICTING,0.265,True,CRIMINAL
UNKNOWN,NEUTRAL,0.385,True,CRIMINAL
SUSPECTED,SUPPORTING,0.693,True,CRIMINAL
SUSPECTED,SUPPORTING,0.730,True,LEGITIMATE
SUSPECTED,SUPPORTING,0.611,True,LEGITIMATE
CONFIRMED,SUPPORTING,0.910,True,LEGITIMATE
UNKNOWN,NEUTRAL,0.510,True,CRIMINAL
CONFIRMED,SUPPORTING,0.956,True,MIXED
CONFIRMED,SUPPORTING,0.835,True,CRIMINAL
UNKNOWN,NEUTRAL,0.351,True,LEGITIMATE
SUSPECTED,SUPPORTING,0.782,True,CRIMINAL
UNKNOWN,NEUTRAL,0.545,True,CRIMINAL
UNKNOWN,NEUTRAL,0.397,True,AMBIGUOUS
UNKNOWN,NEUTRAL,0.219,True,LEGITIMATE
FALSE,CONTRADICTING,0.211,True,CRIMINAL
UNKNOWN,NEUTRAL,0.484,True,MIXED
UNKNOWN,NEUTRAL,0.231,True,CRIMINAL
FALSE,CONTRADICTING,0.321,True,MIXED
SUSPECTED,SUPPORTING,0.774,True,CRIMINAL
CONFIRMED,SUPPORTING,0.859,True,CRIMINAL
UNKNOWN,NEUTRAL,0.257,True,MIXED
SUSPECTED,SUPPORTING,0.831,True,CRIMINAL
CONFIRMED,SUPPORTING,0.897,True,MIXED
CONFIRMED,SUPPORTING,0.904,True,CRIMINAL
SUSPECTED,SUPPORTING,0.817,True,MIXED
UNKNOWN,NEUTRAL,0.424,True,AMBIGUOUS
FALSE,CONTRADICTING,0.250,True,MIXED
SUSPECTED,SUPPORTING,0.587,True,MIXED
FALSE,CONTRADICTING,0.281,True,LEGITIMATE
UNKNOWN,NEUTRAL,0.463,True,AMBIGUOUS
CONFIRMED,SUPPORTING,0.938,True,CRIMINAL
SUSPECTED,SUPPORTING,0.616,True,MIXED
FALSE,CONTRADICTING,0.211,True,AMBIGUOUS
CONFIRMED,SUPPORTING,0.920,True,CRIMINAL
CONFIRMED,SUPPORTING,0.908,True,CRIMINAL
UNKNOWN,NEUTRAL,0.387,True,MIXED
CONFIRMED,SUPPORTING,0.870,True,CRIMINAL
UNKNOWN,NEUTRAL,0.549,True,LEGITIMATE
UNKNOWN,NEUTRAL,0.498,True,LEGITIMATE
UNKNOWN,NEUTRAL,0.322,True,AMBIGUOUS
FALSE,CONTRADICTING,0.228,True,LEGITIMATE
FALSE,CONTRADICTING,0.207,True,LEGITIMATE
CONFIRMED,SUPPORTING,0.916,True,CRIMINAL
CONFIRMED,SUPPORTING,0.844,True,AMBIGUOUS
SUSPECTED,SUPPORTING,0.603,True,LEGITIMATE
FALSE,CONTRADICTING,0.165,True,LEGITIMATE
UNKNOWN,NEUTRAL,0.418,True,CRIMINAL
CONFIRMED,SUPPORTING,0.903,True,CRIMINAL
SUSPECTED,SUPPORTING,0.628,True,CRIMINAL
CONFIRMED,SUPPORTING,0.886,True,MIXED
SUSPECTED,SUPPORTING,0.695,True,CRIMINAL
CONFIRMED,SUPPORTING,0.837,True,MIXED
CONFIRMED,SUPPORTING,0.971,True,MIXED
UNKNOWN,NEUTRAL,0.402,True,AMBIGUOUS
SUSPECTED,SUPPORTING,0.846,True,MIXED
UNKNOWN,NEUTRAL,0.439,True,AMBIGUOUS
CONFIRMED,SUPPORTING,0.964,True,AMBIGUOUS
UNKNOWN,NEUTRAL,0.370,True,AMBIGUOUS
SUSPECTED,SUPPORTING,0.655,True,MIXED
CONFIRMED,SUPPORTING,0.854,True,CRIMINAL
UNKNOWN,NEUTRAL,0.353,True,LEGITIMATE
FALSE,CONTRADICTING,0.155,True,LEGITIMATE
SUSPECTED,SUPPORTING,0.698,True,CRIMINAL
CONFIRMED,SUPPORTING,0.946,True,LEGITIMATE
CONFIRMED,SUPPORTING,0.886,True,CRIMINAL
UNKNOWN,NEUTRAL,0.271,True,LEGITIMATE
CONFIRMED,SUPPORTING,0.926,True,AMBIGUOUS
UNKNOWN,NEUTRAL,0.455,True,AMBIGUOUS
SUSPECTED,SUPPORTING,0.648,True,LEGITIMATE
SUSPECTED,SUPPORTING,0.674,True,CRIMINAL
CONFIRMED,SUPPORTING,0.862,True,AMBIGUOUS
CONFIRMED,SUPPORTING,0.860,True,CRIMINAL
CONFIRMED,SUPPORTING,0.837,True,CRIMINAL
CONFIRMED,SUPPORTING,0.901,True,CRIMINAL
SUSPECTED,SUPPORTING,0.839,True,CRIMINAL
FALSE,CONTRADICTING,0.291,True,LEGITIMATE
UNKNOWN,NEUTRAL,0.223,True,CRIMINAL
SUSPECTED,SUPPORTING,0.713,True,MIXED
CONFIRMED,SUPPORTING,0.970,True,LEGITIMATE
FALSE,CONTRADICTING,0.353,True,AMBIGUOUS
SUSPECTED,SUPPORTING,0.814,True,LEGITIMATE
FALSE,CONTRADICTING,0.243,True,AMBIGUOUS
CONFIRMED,SUPPORTING,0.969,True,MIXED
UNKNOWN,NEUTRAL,0.522,True,MIXED
CONFIRMED,SUPPORTING,0.924,True,LEGITIMATE
FALSE,CONTRADICTING,0.385,True,LEGITIMATE
CONFIRMED,SUPPORTING,0.879,True,MIXED
UNKNOWN,NEUTRAL,0.548,True,AMBIGUOUS
SUSPECTED,SUPPORTING,0.658,True,CRIMINAL
CONFIRMED,SUPPORTING,0.864,True,CRIMINAL
CONFIRMED,SUPPORTING,0.899,True,MIXED
UNKNOWN,NEUTRAL,0.358,True,LEGITIMATE
CONFIRMED,SUPPORTING,0.911,True,CRIMINAL
UNKNOWN,NEUTRAL,0.520,True,CRIMINAL
UNKNOWN,NEUTRAL,0.419,True,LEGITIMATE
CONFIRMED,SUPPORTING,0.904,True,CRIMINAL
SUSPECTED,SUPPORTING,0.702,True,CRIMINAL
FALSE,CONTRADICTING,0.326,True,LEGITIMATE
UNKNOWN,NEUTRAL,0.290,True,CRIMINAL
CONFIRMED,SUPPORTING,0.843,True,CRIMINAL
CONFIRMED,SUPPORTING,0.960,True,MIXED
FALSE,CONTRADICTING,0.159,True,LEGITIMATE
CONFIRMED,SUPPORTING,0.870,True,AMBIGUOUS
SUSPECTED,SUPPORTING,0.699,True,AMBIGUOUS
SUSPECTED,SUPPORTING,0.786,True,CRIMINAL
CONFIRMED,SUPPORTING,0.873,True,MIXED
SUSPECTED,SUPPORTING,0.756,True,MIXED
CONFIRMED,SUPPORTING,0.900,True,CRIMINAL
SUSPECTED,SUPPORTING,0.749,True,LEGITIMATE
SUSPECTED,SUPPORTING,0.712,True,CRIMINAL
CONFIRMED,SUPPORTING,0.825,True,MIXED
UNKNOWN,NEUTRAL,0.418,True,CRIMINAL
FALSE,CONTRADICTING,0.348,True,CRIMINAL
SUSPECTED,SUPPORTING,0.782,True,CRIMINAL
SUSPECTED,SUPPORTING,0.820,True,MIXED
SUSPECTED,SUPPORTING,0.840,True,AMBIGUOUS
FALSE,CONTRADICTING,0.273,True,LEGITIMATE
SUSPECTED,SUPPORTING,0.760,True,MIXED
FALSE,CONTRADICTING,0.283,True,LEGITIMATE
CONFIRMED,SUPPORTING,0.828,True,MIXED
CONFIRMED,SUPPORTING,0.860,True,CRIMINAL
SUSPECTED,SUPPORTING,0.677,True,CRIMINAL
SUSPECTED,SUPPORTING,0.657,True,MIXED
UNKNOWN,NEUTRAL,0.459,True,CRIMINAL
UNKNOWN,NEUTRAL,0.363,True,CRIMINAL
CONFIRMED,SUPPORTING,0.945,True,CRIMINAL
UNKNOWN,NEUTRAL,0.342,True,AMBIGUOUS
SUSPECTED,SUPPORTING,0.852,True,CRIMINAL
CONFIRMED,SUPPORTING,0.944,True,CRIMINAL
FALSE,CONTRADICTING,0.140,True,LEGITIMATE
FALSE,CONTRADICTING,0.402,True,CRIMINAL
UNKNOWN,NEUTRAL,0.404,True,MIXED
FALSE,CONTRADICTING,0.347,True,LEGITIMATE
SUSPECTED,SUPPORTING,0.598,True,AMBIGUOUS
SUSPECTED,SUPPORTING,0.651,True,AMBIGUOUS
CONFIRMED,SUPPORTING,0.866,True,AMBIGUOUS
UNKNOWN,NEUTRAL,0.418,True,LEGITIMATE
CONFIRMED,SUPPORTING,0.847,True,LEGITIMATE
SUSPECTED,SUPPORTING,0.680,True,CRIMINAL
CONFIRMED,SUPPORTING,0.863,True,AMBIGUOUS
UNKNOWN,NEUTRAL,0.519,True,AMBIGUOUS
FALSE,CONTRADICTING,0.298,True,LEGITIMATE
FALSE,CONTRADICTING,0.383,True,AMBIGUOUS
CONFIRMED,SUPPORTING,0.860,True,MIXED
SUSPECTED,SUPPORTING,0.666,True,CRIMINAL
SUSPECTED,SUPPORTING,0.815,True,CRIMINAL
FALSE,CONTRADICTING,0.233,True,MIXED
SUSPECTED,SUPPORTING,0.626,True,CRIMINAL
UNKNOWN,NEUTRAL,0.278,True,CRIMINAL
CONFIRMED,SUPPORTING,0.950,True,LEGITIMATE
SUSPECTED,SUPPORTING,0.783,True,MIXED
UNKNOWN,NEUTRAL,0.538,True,LEGITIMATE
FALSE,CONTRADICTING,0.407,True,MIXED
CONFIRMED,SUPPORTING,0.931,True,CRIMINAL
SUSPECTED,SUPPORTING,0.704,True,MIXED
SUSPECTED,SUPPORTING,0.612,True,CRIMINAL
FALSE,CONTRADICTING,0.225,True,MIXED
UNKNOWN,NEUTRAL,0.381,True,AMBIGUOUS
CONFIRMED,SUPPORTING,0.851,True,CRIMINAL
FALSE,CONTRADICTING,0.338,True,LEGITIMATE
FALSE,CONTRADICTING,0.209,True,CRIMINAL
CONFIRMED,SUPPORTING,0.838,True,CRIMINAL
FALSE,CONTRADICTING,0.256,True,LEGITIMATE
CONFIRMED,SUPPORTING,0.951,True,LEGITIMATE
UNKNOWN,NEUTRAL,0.303,True,LEGITIMATE
SUSPECTED,SUPPORTING,0.748,True,CRIMINAL
UNKNOWN,NEUTRAL,0.254,True,MIXED
CONFIRMED,SUPPORTING,0.971,True,CRIMINAL
CONFIRMED,SUPPORTING,0.872,True,CRIMINAL
FALSE,CONTRADICTING,0.278,True,LEGITIMATE
CONFIRMED,SUPPORTING,0.831,True,MIXED
SUSPECTED,SUPPORTING,0.679,True,CRIMINAL
SUSPECTED,SUPPORTING,0.597,True,AMBIGUOUS
CONFIRMED,SUPPORTING,0.964,True,MIXED
UNKNOWN,NEUTRAL,0.475,True,CRIMINAL
FALSE,CONTRADICTING,0.337,True,MIXED
FALSE,CONTRADICTING,0.141,True,AMBIGUOUS
CONFIRMED,SUPPORTING,0.865,True,AMBIGUOUS
SUSPECTED,SUPPORTING,0.718,True,MIXED
CONFIRMED,SUPPORTING,0.827,True,CRIMINAL
SUSPECTED,SUPPORTING,0.818,True,AMBIGUOUS
CONFIRMED,SUPPORTING,0.857,True,MIXED
CONFIRMED,SUPPORTING,0.917,True,CRIMINAL
UNKNOWN,NEUTRAL,0.522,True,MIXED
UNKNOWN,NEUTRAL,0.539,True,MIXED
UNKNOWN,NEUTRAL,0.436,True,MIXED
SUSPECTED,SUPPORTING,0.644,True,AMBIGUOUS
UNKNOWN,NEUTRAL,0.456,True,LEGITIMATE
SUSPECTED,SUPPORTING,0.802,True,CRIMINAL
UNKNOWN,NEUTRAL,0.259,True,AMBIGUOUS
FALSE,CONTRADICTING,0.262,True,CRIMINAL
FALSE,CONTRADICTING,0.150,True,LEGITIMATE
SUSPECTED,SUPPORTING,0.707,True,CRIMINAL
CONFIRMED,SUPPORTING,0.884,True,MIXED
FALSE,CONTRADICTING,0.249,True,AMBIGUOUS
CONFIRMED,SUPPORTING,0.947,True,CRIMINAL
UNKNOWN,NEUTRAL,0.440,True,LEGITIMATE
CONFIRMED,SUPPORTING,0.895,True,CRIMINAL
SUSPECTED,SUPPORTING,0.670,True,CRIMINAL
UNKNOWN,NEUTRAL,0.461,True,CRIMINAL
CONFIRMED,SUPPORTING,0.880,True,CRIMINAL
UNKNOWN,NEUTRAL,0.483,True,LEGITIMATE
FALSE,CONTRADICTING,0.253,True,AMBIGUOUS
CONFIRMED,SUPPORTING,0.847,True,CRIMINAL
UNKNOWN,NEUTRAL,0.354,True,LEGITIMATE
UNKNOWN,NEUTRAL,0.365,True,CRIMINAL
CONFIRMED,SUPPORTING,0.880,True,CRIMINAL
UNKNOWN,NEUTRAL,0.535,True,CRIMINAL
UNKNOWN,NEUTRAL,0.549,True,CRIMINAL
CONFIRMED,SUPPORTING,0.887,True,CRIMINAL
CONFIRMED,SUPPORTING,0.880,True,MIXED
FALSE,CONTRADICTING,0.207,True,MIXED
SUSPECTED,SUPPORTING,0.680,True,CRIMINAL
FALSE,CONTRADICTING,0.238,True,AMBIGUOUS
UNKNOWN,NEUTRAL,0.203,True,AMBIGUOUS
SUSPECTED,SUPPORTING,0.762,True,LEGITIMATE
CONFIRMED,SUPPORTING,0.843,True,CRIMINAL
CONFIRMED,SUPPORTING,0.847,True,CRIMINAL
UNKNOWN,NEUTRAL,0.324,True,MIXED
SUSPECTED,SUPPORTING,0.814,True,CRIMINAL
SUSPECTED,SUPPORTING,0.632,True,MIXED
CONFIRMED,SUPPORTING,0.915,True,MIXED
UNKNOWN,NEUTRAL,0.544,True,AMBIGUOUS
FALSE,CONTRADICTING,0.224,True,CRIMINAL
SUSPECTED,SUPPORTING,0.662,True,LEGITIMATE
UNKNOWN,NEUTRAL,0.432,True,LEGITIMATE
FALSE,CONTRADICTING,0.222,True,MIXED
UNKNOWN,NEUTRAL,0.228,True,CRIMINAL
SUSPECTED,SUPPORTING,0.800,True,AMBIGUOUS
SUSPECTED,SUPPORTING,0.778,True,CRIMINAL
SUSPECTED,SUPPORTING,0.648,True,MIXED
SUSPECTED,SUPPORTING,0.725,True,CRIMINAL
UNKNOWN,NEUTRAL,0.346,True,CRIMINAL
SUSPECTED,SUPPORTING,0.728,True,MIXED
SUSPECTED,SUPPORTING,0.646,True,MIXED
CONFIRMED,SUPPORTING,0.936,True,CRIMINAL
FALSE,CONTRADICTING,0.297,True,AMBIGUOUS
FALSE,CONTRADICTING,0.240,True,LEGITIMATE
SUSPECTED,SUPPORTING,0.794,True,CRIMINAL
SUSPECTED,SUPPORTING,0.649,True,MIXED
UNKNOWN,NEUTRAL,0.523,True,AMBIGUOUS
SUSPECTED,SUPPORTING,0.820,True,MIXED
UNKNOWN,NEUTRAL,0.332,True,CRIMINAL
CONFIRMED,SUPPORTING,0.869,True,CRIMINAL
CONFIRMED,SUPPORTING,0.887,True,AMBIGUOUS
CONFIRMED,SUPPORTING,0.931,True,MIXED
FALSE,CONTRADICTING,0.152,True,LEGITIMATE
SUSPECTED,SUPPORTING,0.698,True,CRIMINAL
SUSPECTED,SUPPORTING,0.588,True,CRIMINAL
CONFIRMED,SUPPORTING,0.850,True,AMBIGUOUS
CONFIRMED,SUPPORTING,0.848,True,CRIMINAL
FALSE,CONTRADICTING,0.336,True,LEGITIMATE
SUSPECTED,SUPPORTING,0.857,True,LEGITIMATE
FALSE,CONTRADICTING,0.203,True,LEGITIMATE
CONFIRMED,SUPPORTING,0.918,True,CRIMINAL
CONFIRMED,SUPPORTING,0.837,True,CRIMINAL
FALSE,CONTRADICTING,0.177,True,CRIMINAL
SUSPECTED,SUPPORTING,0.678,True,MIXED
SUSPECTED,SUPPORTING,0.630,True,AMBIGUOUS
UNKNOWN,NEUTRAL,0.287,True,LEGITIMATE
CONFIRMED,SUPPORTING,0.891,True,AMBIGUOUS
UNKNOWN,NEUTRAL,0.341,True,AMBIGUOUS
SUSPECTED,SUPPORTING,0.794,True,CRIMINAL
UNKNOWN,NEUTRAL,0.301,True,AMBIGUOUS
UNKNOWN,NEUTRAL,0.335,True,AMBIGUOUS
SUSPECTED,SUPPORTING,0.776,True,AMBIGUOUS
CONFIRMED,SUPPORTING,0.973,True,AMBIGUOUS
SUSPECTED,SUPPORTING,0.599,True,MIXED
CONFIRMED,SUPPORTING,0.983,True,CRIMINAL
FALSE,CONTRADICTING,0.234,True,CRIMINAL
UNKNOWN,NEUTRAL,0.340,True,MIXED
UNKNOWN,NEUTRAL,0.431,True,AMBIGUOUS
SUSPECTED,SUPPORTING,0.653,True,CRIMINAL
UNKNOWN,NEUTRAL,0.214,True,AMBIGUOUS
SUSPECTED,SUPPORTING,0.837,True,CRIMINAL
CONFIRMED,SUPPORTING,0.857,True,MIXED
SUSPECTED,SUPPORTING,0.607,True,CRIMINAL
UNKNOWN,NEUTRAL,0.386,True,CRIMINAL
UNKNOWN,NEUTRAL,0.534,True,MIXED
CONFIRMED,SUPPORTING,0.822,True,CRIMINAL
CONFIRMED,SUPPORTING,0.884,True,MIXED
CONFIRMED,SUPPORTING,0.974,True,AMBIGUOUS
FALSE,CONTRADICTING,0.239,True,LEGITIMATE
CONFIRMED,SUPPORTING,0.880,True,AMBIGUOUS
SUSPECTED,SUPPORTING,0.837,True,CRIMINAL
CONFIRMED,SUPPORTING,0.953,True,CRIMINAL
SUSPECTED,SUPPORTING,0.610,True,CRIMINAL
CONFIRMED,SUPPORTING,0.877,True,CRIMINAL
FALSE,CONTRADICTING,0.367,True,CRIMINAL
FALSE,CONTRADICTING,0.400,True,LEGITIMATE
UNKNOWN,NEUTRAL,0.393,True,CRIMINAL
UNKNOWN,NEUTRAL,0.504,True,LEGITIMATE
FALSE,CONTRADICTING,0.386,True,CRIMINAL
SUSPECTED,SUPPORTING,0.827,True,AMBIGUOUS
UNKNOWN,NEUTRAL,0.483,True,CRIMINAL
CONFIRMED,SUPPORTING,0.983,True,CRIMINAL
UNKNOWN,NEUTRAL,0.229,True,LEGITIMATE
CONFIRMED,SUPPORTING,0.975,True,CRIMINAL
CONFIRMED,SUPPORTING,0.909,True,CRIMINAL
SUSPECTED,SUPPORTING,0.724,True,CRIMINAL
SUSPECTED,SUPPORTING,0.592,True,AMBIGUOUS
SUSPECTED,SUPPORTING,0.603,True,CRIMINAL
UNKNOWN,NEUTRAL,0.375,True,AMBIGUOUS
CONFIRMED,SUPPORTING,0.887,True,CRIMINAL
UNKNOWN,NEUTRAL,0.408,True,LEGITIMATE
UNKNOWN,NEUTRAL,0.445,True,MIXED
UNKNOWN,NEUTRAL,0.271,True,CRIMINAL
FALSE,CONTRADICTING,0.283,True,LEGITIMATE
CONFIRMED,SUPPORTING,0.944,True,CRIMINAL
UNKNOWN,NEUTRAL,0.499,True,AMBIGUOUS
UNKNOWN,NEUTRAL,0.548,True,CRIMINAL
CONFIRMED,SUPPORTING,0.949,True,LEGITIMATE
CONFIRMED,SUPPORTING,0.908,True,CRIMINAL
FALSE,CONTRADICTING,0.133,True,LEGITIMATE
SUSPECTED,SUPPORTING,0.680,True,LEGITIMATE
CONFIRMED,SUPPORTING,0.981,True,CRIMINAL
FALSE,CONTRADICTING,0.338,True,LEGITIMATE
FALSE,CONTRADICTING,0.162,True,LEGITIMATE
SUSPECTED,SUPPORTING,0.817,True,LEGITIMATE
CONFIRMED,SUPPORTING,0.847,True,AMBIGUOUS
CONFIRMED,SUPPORTING,0.949,True,CRIMINAL
SUSPECTED,SUPPORTING,0.783,True,CRIMINAL
CONFIRMED,SUPPORTING,0.943,True,AMBIGUOUS
SUSPECTED,SUPPORTING,0.715,True,CRIMINAL
CONFIRMED,SUPPORTING,0.907,True,CRIMINAL
SUSPECTED,SUPPORTING,0.582,True,AMBIGUOUS
SUSPECTED,SUPPORTING,0.673,True,MIXED
SUSPECTED,SUPPORTING,0.656,True,MIXED
SUSPECTED,SUPPORTING,0.763,True,AMBIGUOUS
SUSPECTED,SUPPORTING,0.649,True,LEGITIMATE
FALSE,CONTRADICTING,0.166,True,AMBIGUOUS
SUSPECTED,SUPPORTING,0.839,True,LEGITIMATE
SUSPECTED,SUPPORTING,0.602,True,CRIMINAL
UNKNOWN,NEUTRAL,0.514,True,CRIMINAL
UNKNOWN,NEUTRAL,0.525,True,LEGITIMATE
SUSPECTED,SUPPORTING,0.667,True,CRIMINAL
CONFIRMED,SUPPORTING,0.933,True,AMBIGUOUS
CONFIRMED,SUPPORTING,0.953,True,CRIMINAL
CONFIRMED,SUPPORTING,0.945,True,CRIMINAL
FALSE,CONTRADICTING,0.379,True,AMBIGUOUS
SUSPECTED,SUPPORTING,0.857,True,CRIMINAL
UNKNOWN,NEUTRAL,0.377,True,CRIMINAL
UNKNOWN,NEUTRAL,0.230,True,LEGITIMATE
SUSPECTED,SUPPORTING,0.784,True,LEGITIMATE
FALSE,CONTRADICTING,0.289,True,LEGITIMATE
UNKNOWN,NEUTRAL,0.201,True,AMBIGUOUS
SUSPECTED,SUPPORTING,0.775,True,MIXED
CONFIRMED,SUPPORTING,0.942,True,LEGITIMATE
FALSE,CONTRADICTING,0.322,True,LEGITIMATE
SUSPECTED,SUPPORTING,0.710,True,CRIMINAL
CONFIRMED,SUPPORTING,0.858,True,CRIMINAL
CONFIRMED,SUPPORTING,0.942,True,CRIMINAL
SUSPECTED,SUPPORTING,0.759,True,AMBIGUOUS
FALSE,CONTRADICTING,0.182,True,CRIMINAL
UNKNOWN,NEUTRAL,0.252,True,AMBIGUOUS
FALSE,CONTRADICTING,0.314,True,LEGITIMATE
FALSE,CONTRADICTING,0.167,True,LEGITIMATE
SUSPECTED,SUPPORTING,0.733,True,LEGITIMATE
CONFIRMED,SUPPORTING,0.952,True,CRIMINAL
UNKNOWN,NEUTRAL,0.388,True,AMBIGUOUS
UNKNOWN,NEUTRAL,0.230,True,AMBIGUOUS
CONFIRMED,SUPPORTING,0.963,True,CRIMINAL
FALSE,CONTRADICTING,0.385,True,MIXED
CONFIRMED,SUPPORTING,0.977,True,MIXED
UNKNOWN,NEUTRAL,0.467,True,CRIMINAL
UNKNOWN,NEUTRAL,0.251,True,MIXED
CONFIRMED,SUPPORTING,0.983,True,LEGITIMATE
CONFIRMED,SUPPORTING,0.939,True,CRIMINAL
UNKNOWN,NEUTRAL,0.405,True,CRIMINAL
SUSPECTED,SUPPORTING,0.589,True,AMBIGUOUS
SUSPECTED,SUPPORTING,0.819,True,AMBIGUOUS
SUSPECTED,SUPPORTING,0.821,True,MIXED
FALSE,CONTRADICTING,0.280,True,MIXED
CONFIRMED,SUPPORTING,0.886,True,CRIMINAL
CONFIRMED,SUPPORTING,0.916,True,CRIMINAL
SUSPECTED,SUPPORTING,0.830,True,CRIMINAL
UNKNOWN,NEUTRAL,0.376,True,MIXED
SUSPECTED,SUPPORTING,0.764,True,CRIMINAL
CONFIRMED,SUPPORTING,0.865,True,MIXED
FALSE,CONTRADICTING,0.339,True,LEGITIMATE
FALSE,CONTRADICTING,0.306,True,LEGITIMATE
SUSPECTED,SUPPORTING,0.615,True,AMBIGUOUS
SUSPECTED,SUPPORTING,0.804,True,CRIMINAL
CONFIRMED,SUPPORTING,0.914,True,CRIMINAL
SUSPECTED,SUPPORTING,0.701,True,CRIMINAL
FALSE,CONTRADICTING,0.159,True,LEGITIMATE
CONFIRMED,SUPPORTING,0.942,True,MIXED
SUSPECTED,SUPPORTING,0.741,True,AMBIGUOUS
SUSPECTED,SUPPORTING,0.752,True,CRIMINAL
FALSE,CONTRADICTING,0.380,True,LEGITIMATE
FALSE,CONTRADICTING,0.170,True,CRIMINAL
SUSPECTED,SUPPORTING,0.671,True,CRIMINAL
CONFIRMED,SUPPORTING,0.929,True,CRIMINAL
UNKNOWN,NEUTRAL,0.321,True,MIXED
FALSE,CONTRADICTING,0.236,True,CRIMINAL
UNKNOWN,NEUTRAL,0.404,True,LEGITIMATE
FALSE,CONTRADICTING,0.311,True,LEGITIMATE
CONFIRMED,SUPPORTING,0.862,True,CRIMINAL
UNKNOWN,NEUTRAL,0.238,True,LEGITIMATE
UNKNOWN,NEUTRAL,0.258,True,MIXED
UNKNOWN,NEUTRAL,0.486,True,MIXED
CONFIRMED,SUPPORTING,0.871,True,MIXED
CONFIRMED,SUPPORTING,0.976,True,LEGITIMATE
SUSPECTED,SUPPORTING,0.796,True,MIXED
CONFIRMED,SUPPORTING,0.853,True,CRIMINAL
CONFIRMED,SUPPORTING,0.960,True,CRIMINAL
SUSPECTED,SUPPORTING,0.781,True,CRIMINAL
SUSPECTED,SUPPORTING,0.644,True,MIXED
CONFIRMED,SUPPORTING,0.872,True,CRIMINAL
UNKNOWN,NEUTRAL,0.500,True,LEGITIMATE
SUSPECTED,SUPPORTING,0.592,True,CRIMINAL
SUSPECTED,SUPPORTING,0.672,True,AMBIGUOUS
CONFIRMED,SUPPORTING,0.866,True,CRIMINAL
SUSPECTED,SUPPORTING,0.825,True,LEGITIMATE
UNKNOWN,NEUTRAL,0.463,True,AMBIGUOUS
SUSPECTED,SUPPORTING,0.834,True,CRIMINAL
SUSPECTED,SUPPORTING,0.701,True,CRIMINAL
FALSE,CONTRADICTING,0.190,True,LEGITIMATE
UNKNOWN,NEUTRAL,0.308,True,AMBIGUOUS
SUSPECTED,SUPPORTING,0.666,True,CRIMINAL
SUSPECTED,SUPPORTING,0.606,True,MIXED
UNKNOWN,NEUTRAL,0.547,True,MIXED
SUSPECTED,SUPPORTING,0.750,True,CRIMINAL
SUSPECTED,SUPPORTING,0.700,True,MIXED
SUSPECTED,SUPPORTING,0.589,True,MIXED
SUSPECTED,SUPPORTING,0.720,True,LEGITIMATE
FALSE,CONTRADICTING,0.256,True,MIXED
UNKNOWN,NEUTRAL,0.343,True,AMBIGUOUS
CONFIRMED,SUPPORTING,0.989,True,CRIMINAL
CONFIRMED,SUPPORTING,0.977,True,AMBIGUOUS
FALSE,CONTRADICTING,0.329,True,MIXED
CONFIRMED,SUPPORTING,0.929,True,AMBIGUOUS
SUSPECTED,SUPPORTING,0.661,True,LEGITIMATE
UNKNOWN,NEUTRAL,0.339,True,AMBIGUOUS
UNKNOWN,NEUTRAL,0.416,True,CRIMINAL
CONFIRMED,SUPPORTING,0.910,True,CRIMINAL
SUSPECTED,SUPPORTING,0.606,True,MIXED
SUSPECTED,SUPPORTING,0.762,True,CRIMINAL
SUSPECTED,SUPPORTING,0.676,True,CRIMINAL
CONFIRMED,SUPPORTING,0.968,True,LEGITIMATE
SUSPECTED,SUPPORTING,0.588,True,AMBIGUOUS
SUSPECTED,SUPPORTING,0.855,True,AMBIGUOUS
SUSPECTED,SUPPORTING,0.676,True,CRIMINAL
CONFIRMED,SUPPORTING,0.928,True,CRIMINAL
FALSE,CONTRADICTING,0.392,True,CRIMINAL
SUSPECTED,SUPPORTING,0.654,True,MIXED
CONFIRMED,SUPPORTING,0.825,True,CRIMINAL
UNKNOWN,NEUTRAL,0.474,True,CRIMINAL
SUSPECTED,SUPPORTING,0.778,True,MIXED
FALSE,CONTRADICTING,0.187,True,AMBIGUOUS
SUSPECTED,SUPPORTING,0.587,True,LEGITIMATE
UNKNOWN,NEUTRAL,0.547,True,MIXED
CONFIRMED,SUPPORTING,0.909,True,CRIMINAL
CONFIRMED,SUPPORTING,0.978,True,CRIMINAL
CONFIRMED,SUPPORTING,0.982,True,CRIMINAL
UNKNOWN,NEUTRAL,0.265,True,LEGITIMATE
SUSPECTED,SUPPORTING,0.767,True,CRIMINAL
FALSE,CONTRADICTING,0.352,True,LEGITIMATE
CONFIRMED,SUPPORTING,0.825,True,AMBIGUOUS
FALSE,CONTRADICTING,0.394,True,CRIMINAL
CONFIRMED,SUPPORTING,0.973,True,CRIMINAL
SUSPECTED,SUPPORTING,0.672,True,AMBIGUOUS
FALSE,CONTRADICTING,0.214,True,CRIMINAL
UNKNOWN,NEUTRAL,0.528,True,LEGITIMATE
FALSE,CONTRADICTING,0.335,True,CRIMINAL
SUSPECTED,SUPPORTING,0.745,True,CRIMINAL
CONFIRMED,SUPPORTING,0.974,True,CRIMINAL
CONFIRMED,SUPPORTING,0.931,True,CRIMINAL
CONFIRMED,SUPPORTING,0.917,True,LEGITIMATE
UNKNOWN,NEUTRAL,0.286,True,AMBIGUOUS
UNKNOWN,NEUTRAL,0.310,True,MIXED
CONFIRMED,SUPPORTING,0.958,True,MIXED
SUSPECTED,SUPPORTING,0.614,True,CRIMINAL
UNKNOWN,NEUTRAL,0.494,True,MIXED
SUSPECTED,SUPPORTING,0.853,True,MIXED
SUSPECTED,SUPPORTING,0.600,True,MIXED
CONFIRMED,SUPPORTING,0.830,True,CRIMINAL
FALSE,CONTRADICTING,0.325,True,CRIMINAL
FALSE,CONTRADICTING,0.267,True,MIXED
SUSPECTED,SUPPORTING,0.724,True,LEGITIMATE
FALSE,CONTRADICTING,0.311,True,CRIMINAL
CONFIRMED,SUPPORTING,0.974,True,CRIMINAL
FALSE,CONTRADICTING,0.130,True,LEGITIMATE
CONFIRMED,SUPPORTING,0.907,True,CRIMINAL
UNKNOWN,NEUTRAL,0.212,True,AMBIGUOUS
SUSPECTED,SUPPORTING,0.627,True,LEGITIMATE
FALSE,CONTRADICTING,0.213,True,MIXED
UNKNOWN,NEUTRAL,0.271,True,LEGITIMATE
UNKNOWN,NEUTRAL,0.324,True,CRIMINAL
UNKNOWN,NEUTRAL,0.381,True,MIXED
SUSPECTED,SUPPORTING,0.840,True,MIXED
SUSPECTED,SUPPORTING,0.663,True,AMBIGUOUS
CONFIRMED,SUPPORTING,0.935,True,CRIMINAL
UNKNOWN,NEUTRAL,0.266,True,AMBIGUOUS
SUSPECTED,SUPPORTING,0.855,True,CRIMINAL
CONFIRMED,SUPPORTING,0.916,True,MIXED
SUSPECTED,SUPPORTING,0.645,True,AMBIGUOUS
SUSPECTED,SUPPORTING,0.849,True,MIXED
SUSPECTED,SUPPORTING,0.637,True,AMBIGUOUS
CONFIRMED,SUPPORTING,0.833,True,CRIMINAL
FALSE,CONTRADICTING,0.353,True,CRIMINAL
SUSPECTED,SUPPORTING,0.601,True,CRIMINAL
UNKNOWN,NEUTRAL,0.266,True,CRIMINAL
FALSE,CONTRADICTING,0.337,True,MIXED
FALSE,CONTRADICTING,0.284,True,LEGITIMATE
CONFIRMED,SUPPORTING,0.863,True,CRIMINAL
SUSPECTED,SUPPORTING,0.587,True,LEGITIMATE
SUSPECTED,SUPPORTING,0.810,True,CRIMINAL
CONFIRMED,SUPPORTING,0.899,True,CRIMINAL
FALSE,CONTRADICTING,0.336,True,MIXED
SUSPECTED,SUPPORTING,0.850,True,AMBIGUOUS
CONFIRMED,SUPPORTING,0.889,True,MIXED
CONFIRMED,SUPPORTING,0.908,True,AMBIGUOUS
UNKNOWN,NEUTRAL,0.398,True,CRIMINAL
UNKNOWN,NEUTRAL,0.467,True,CRIMINAL
CONFIRMED,SUPPORTING,0.831,True,CRIMINAL
SUSPECTED,SUPPORTING,0.630,True,AMBIGUOUS
FALSE,CONTRADICTING,0.415,True,CRIMINAL
FALSE,CONTRADICTING,0.402,True,MIXED
SUSPECTED,SUPPORTING,0.587,True,MIXED
CONFIRMED,SUPPORTING,0.987,True,MIXED
FALSE,CONTRADICTING,0.159,True,CRIMINAL
SUSPECTED,SUPPORTING,0.744,True,MIXED
CONFIRMED,SUPPORTING,0.895,True,CRIMINAL
SUSPECTED,SUPPORTING,0.800,True,LEGITIMATE
UNKNOWN,NEUTRAL,0.264,True,LEGITIMATE
SUSPECTED,SUPPORTING,0.847,True,MIXED
CONFIRMED,SUPPORTING,0.983,True,MIXED
UNKNOWN,NEUTRAL,0.256,True,LEGITIMATE
CONFIRMED,SUPPORTING,0.892,True,CRIMINAL
UNKNOWN,NEUTRAL,0.218,True,AMBIGUOUS
FALSE,CONTRADICTING,0.341,True,MIXED
FALSE,CONTRADICTING,0.306,True,CRIMINAL
SUSPECTED,SUPPORTING,0.780,True,CRIMINAL
CONFIRMED,SUPPORTING,0.870,True,CRIMINAL
FALSE,CONTRADICTING,0.338,True,LEGITIMATE
UNKNOWN,NEUTRAL,0.397,True,LEGITIMATE
UNKNOWN,NEUTRAL,0.456,True,AMBIGUOUS
SUSPECTED,SUPPORTING,0.683,True,CRIMINAL
UNKNOWN,NEUTRAL,0.459,True,CRIMINAL
CONFIRMED,SUPPORTING,0.949,True,MIXED
FALSE,CONTRADICTING,0.246,True,LEGITIMATE
SUSPECTED,SUPPORTING,0.745,True,MIXED
UNKNOWN,NEUTRAL,0.324,True,AMBIGUOUS
SUSPECTED,SUPPORTING,0.608,True,CRIMINAL
FALSE,CONTRADICTING,0.292,True,CRIMINAL
CONFIRMED,SUPPORTING,0.855,True,CRIMINAL
SUSPECTED,SUPPORTING,0.753,True,AMBIGUOUS
SUSPECTED,SUPPORTING,0.825,True,MIXED
SUSPECTED,SUPPORTING,0.818,True,AMBIGUOUS
SUSPECTED,SUPPORTING,0.585,True,AMBIGUOUS
CONFIRMED,SUPPORTING,0.954,True,CRIMINAL
SUSPECTED,SUPPORTING,0.715,True,CRIMINAL
UNKNOWN,NEUTRAL,0.354,True,CRIMINAL
SUSPECTED,SUPPORTING,0.840,True,CRIMINAL
SUSPECTED,SUPPORTING,0.649,True,LEGITIMATE
SUSPECTED,SUPPORTING,0.757,True,MIXED
CONFIRMED,SUPPORTING,0.840,True,CRIMINAL
FALSE,CONTRADICTING,0.124,True,LEGITIMATE
FALSE,CONTRADICTING,0.388,True,LEGITIMATE
FALSE,CONTRADICTING,0.253,True,LEGITIMATE
FALSE,CONTRADICTING,0.174,True,MIXED
FALSE,CONTRADICTING,0.238,True,MIXED
SUSPECTED,SUPPORTING,0.697,True,CRIMINAL
SUSPECTED,SUPPORTING,0.763,True,CRIMINAL
SUSPECTED,SUPPORTING,0.835,True,AMBIGUOUS
SUSPECTED,SUPPORTING,0.781,True,CRIMINAL
UNKNOWN,NEUTRAL,0.237,True,CRIMINAL
FALSE,CONTRADICTING,0.316,True,MIXED
SUSPECTED,SUPPORTING,0.662,True,CRIMINAL
UNKNOWN,NEUTRAL,0.267,True,MIXED
UNKNOWN,NEUTRAL,0.353,True,MIXED
SUSPECTED,SUPPORTING,0.817,True,LEGITIMATE
FALSE,CONTRADICTING,0.162,True,MIXED
FALSE,CONTRADICTING,0.371,True,LEGITIMATE
SUSPECTED,SUPPORTING,0.732,True,CRIMINAL
FALSE,CONTRADICTING,0.179,True,AMBIGUOUS
SUSPECTED,SUPPORTING,0.651,True,LEGITIMATE
UNKNOWN,NEUTRAL,0.406,True,CRIMINAL
CONFIRMED,SUPPORTING,0.911,True,AMBIGUOUS
FALSE,CONTRADICTING,0.176,True,AMBIGUOUS
UNKNOWN,NEUTRAL,0.378,True,AMBIGUOUS
UNKNOWN,NEUTRAL,0.367,True,LEGITIMATE
SUSPECTED,SUPPORTING,0.700,True,CRIMINAL
SUSPECTED,SUPPORTING,0.719,True,LEGITIMATE
CONFIRMED,SUPPORTING,0.893,True,LEGITIMATE
UNKNOWN,NEUTRAL,0.377,True,LEGITIMATE
FALSE,CONTRADICTING,0.249,True,CRIMINAL
CONFIRMED,SUPPORTING,0.904,True,AMBIGUOUS
SUSPECTED,SUPPORTING,0.764,True,MIXED
SUSPECTED,SUPPORTING,0.708,True,MIXED
CONFIRMED,SUPPORTING,0.937,True,CRIMINAL
UNKNOWN,NEUTRAL,0.354,True,MIXED
FALSE,CONTRADICTING,0.371,True,MIXED
SUSPECTED,SUPPORTING,0.826,True,CRIMINAL
UNKNOWN,NEUTRAL,0.507,True,AMBIGUOUS
SUSPECTED,SUPPORTING,0.611,True,LEGITIMATE
CONFIRMED,SUPPORTING,0.942,True,CRIMINAL
SUSPECTED,SUPPORTING,0.817,True,AMBIGUOUS
SUSPECTED,SUPPORTING,0.582,True,CRIMINAL
SUSPECTED,SUPPORTING,0.788,True,MIXED
CONFIRMED,SUPPORTING,0.878,True,CRIMINAL
FALSE,CONTRADICTING,0.174,True,LEGITIMATE
SUSPECTED,SUPPORTING,0.779,True,MIXED
SUSPECTED,SUPPORTING,0.608,True,CRIMINAL
SUSPECTED,SUPPORTING,0.857,True,MIXED
UNKNOWN,NEUTRAL,0.326,True,LEGITIMATE
SUSPECTED,SUPPORTING,0.816,True,CRIMINAL
SUSPECTED,SUPPORTING,0.701,True,MIXED
FALSE,CONTRADICTING,0.241,True,MIXED
SUSPECTED,SUPPORTING,0.611,True,CRIMINAL
SUSPECTED,SUPPORTING,0.829,True,CRIMINAL
SUSPECTED,SUPPORTING,0.795,True,LEGITIMATE
SUSPECTED,SUPPORTING,0.624,True,LEGITIMATE
CONFIRMED,SUPPORTING,0.895,True,CRIMINAL
UNKNOWN,NEUTRAL,0.409,True,CRIMINAL
FALSE,CONTRADICTING,0.351,True,MIXED
CONFIRMED,SUPPORTING,0.824,True,CRIMINAL
UNKNOWN,NEUTRAL,0.361,True,AMBIGUOUS
CONFIRMED,SUPPORTING,0.915,True,MIXED
CONFIRMED,SUPPORTING,0.895,True,LEGITIMATE
SUSPECTED,SUPPORTING,0.686,True,CRIMINAL
CONFIRMED,SUPPORTING,0.953,True,CRIMINAL
SUSPECTED,SUPPORTING,0.842,True,LEGITIMATE
UNKNOWN,NEUTRAL,0.539,True,CRIMINAL
FALSE,CONTRADICTING,0.141,True,MIXED
CONFIRMED,SUPPORTING,0.940,True,CRIMINAL
FALSE,CONTRADICTING,0.331,True,AMBIGUOUS
SUSPECTED,SUPPORTING,0.619,True,MIXED
UNKNOWN,NEUTRAL,0.280,True,CRIMINAL
FALSE,CONTRADICTING,0.290,True,LEGITIMATE
UNKNOWN,NEUTRAL,0.331,True,LEGITIMATE
CONFIRMED,SUPPORTING,0.901,True,CRIMINAL
CONFIRMED,SUPPORTING,0.960,True,MIXED
FALSE,CONTRADICTING,0.185,True,AMBIGUOUS
FALSE,CONTRADICTING,0.200,True,MIXED
SUSPECTED,SUPPORTING,0.778,True,CRIMINAL
CONFIRMED,SUPPORTING,0.924,True,CRIMINAL
SUSPECTED,SUPPORTING,0.679,True,CRIMINAL
UNKNOWN,NEUTRAL,0.499,True,CRIMINAL
CONFIRMED,SUPPORTING,0.869,True,CRIMINAL
UNKNOWN,NEUTRAL,0.314,True,CRIMINAL
SUSPECTED,SUPPORTING,0.813,True,MIXED
CONFIRMED,SUPPORTING,0.875,True,MIXED
CONFIRMED,SUPPORTING,0.882,True,CRIMINAL
UNKNOWN,NEUTRAL,0.538,True,MIXED
UNKNOWN,NEUTRAL,0.419,True,CRIMINAL
CONFIRMED,SUPPORTING,0.899,True,CRIMINAL
SUSPECTED,SUPPORTING,0.840,True,CRIMINAL
SUSPECTED,SUPPORTING,0.690,True,AMBIGUOUS
SUSPECTED,SUPPORTING,0.722,True,MIXED
FALSE,CONTRADICTING,0.211,True,CRIMINAL
UNKNOWN,NEUTRAL,0.227,True,MIXED
SUSPECTED,SUPPORTING,0.779,True,CRIMINAL
UNKNOWN,NEUTRAL,0.550,True,LEGITIMATE
CONFIRMED,SUPPORTING,0.930,True,MIXED
FALSE,CONTRADICTING,0.337,True,AMBIGUOUS
SUSPECTED,SUPPORTING,0.594,True,CRIMINAL
CONFIRMED,SUPPORTING,0.848,True,AMBIGUOUS
CONFIRMED,SUPPORTING,0.852,True,CRIMINAL
SUSPECTED,SUPPORTING,0.690,True,CRIMINAL
FALSE,CONTRADICTING,0.229,True,LEGITIMATE
CONFIRMED,SUPPORTING,0.918,True,CRIMINAL
CONFIRMED,SUPPORTING,0.935,True,AMBIGUOUS
CONFIRMED,SUPPORTING,0.911,True,CRIMINAL
UNKNOWN,NEUTRAL,0.361,True,AMBIGUOUS
CONFIRMED,SUPPORTING,0.835,True,LEGITIMATE
CONFIRMED,SUPPORTING,0.835,True,LEGITIMATE
SUSPECTED,SUPPORTING,0.719,True,CRIMINAL
SUSPECTED,SUPPORTING,0.843,True,CRIMINAL
SUSPECTED,SUPPORTING,0.695,True,CRIMINAL
CONFIRMED,SUPPORTING,0.929,True,CRIMINAL
UNKNOWN,NEUTRAL,0.347,True,CRIMINAL
FALSE,CONTRADICTING,0.133,True,MIXED
SUSPECTED,SUPPORTING,0.843,True,LEGITIMATE
SUSPECTED,SUPPORTING,0.851,True,CRIMINAL
CONFIRMED,SUPPORTING,0.934,True,LEGITIMATE
UNKNOWN,NEUTRAL,0.303,True,CRIMINAL
CONFIRMED,SUPPORTING,0.950,True,CRIMINAL
UNKNOWN,NEUTRAL,0.269,True,LEGITIMATE
SUSPECTED,SUPPORTING,0.644,True,MIXED
CONFIRMED,SUPPORTING,0.905,True,CRIMINAL
SUSPECTED,SUPPORTING,0.708,True,CRIMINAL
SUSPECTED,SUPPORTING,0.683,True,MIXED
SUSPECTED,SUPPORTING,0.704,True,LEGITIMATE
FALSE,CONTRADICTING,0.383,True,CRIMINAL
SUSPECTED,SUPPORTING,0.805,True,CRIMINAL
CONFIRMED,SUPPORTING,0.941,True,LEGITIMATE
SUSPECTED,SUPPORTING,0.697,True,MIXED
SUSPECTED,SUPPORTING,0.673,True,MIXED
CONFIRMED,SUPPORTING,0.981,True,CRIMINAL
FALSE,CONTRADICTING,0.199,True,CRIMINAL
UNKNOWN,NEUTRAL,0.339,True,CRIMINAL
SUSPECTED,SUPPORTING,0.738,True,MIXED
SUSPECTED,SUPPORTING,0.831,True,MIXED
SUSPECTED,SUPPORTING,0.855,True,MIXED
UNKNOWN,NEUTRAL,0.434,True,CRIMINAL
UNKNOWN,NEUTRAL,0.451,True,CRIMINAL
UNKNOWN,NEUTRAL,0.312,True,MIXED
FALSE,CONTRADICTING,0.408,True,LEGITIMATE
CONFIRMED,SUPPORTING,0.945,True,AMBIGUOUS
SUSPECTED,SUPPORTING,0.705,True,CRIMINAL
FALSE,CONTRADICTING,0.337,True,LEGITIMATE
SUSPECTED,SUPPORTING,0.614,True,MIXED
CONFIRMED,SUPPORTING,0.894,True,MIXED
CONFIRMED,SUPPORTING,0.862,True,CRIMINAL
UNKNOWN,NEUTRAL,0.497,True,CRIMINAL
SUSPECTED,SUPPORTING,0.765,True,MIXED
UNKNOWN,NEUTRAL,0.507,True,CRIMINAL
SUSPECTED,SUPPORTING,0.725,True,AMBIGUOUS
CONFIRMED,SUPPORTING,0.949,True,CRIMINAL
CONFIRMED,SUPPORTING,0.904,True,LEGITIMATE
SUSPECTED,SUPPORTING,0.858,True,AMBIGUOUS
FALSE,CONTRADICTING,0.413,True,AMBIGUOUS
CONFIRMED,SUPPORTING,0.842,True,LEGITIMATE
SUSPECTED,SUPPORTING,0.726,True,CRIMINAL
CONFIRMED,SUPPORTING,0.933,True,CRIMINAL
CONFIRMED,SUPPORTING,0.844,True,CRIMINAL
UNKNOWN,NEUTRAL,0.288,True,AMBIGUOUS
FALSE,CONTRADICTING,0.167,True,LEGITIMATE
CONFIRMED,SUPPORTING,0.874,True,CRIMINAL
SUSPECTED,SUPPORTING,0.613,True,MIXED
UNKNOWN,NEUTRAL,0.464,True,LEGITIMATE
UNKNOWN,NEUTRAL,0.230,True,AMBIGUOUS
SUSPECTED,SUPPORTING,0.766,True,CRIMINAL
UNKNOWN,NEUTRAL,0.375,True,CRIMINAL
UNKNOWN,NEUTRAL,0.501,True,MIXED
CONFIRMED,SUPPORTING,0.909,True,CRIMINAL
UNKNOWN,NEUTRAL,0.410,True,AMBIGUOUS
CONFIRMED,SUPPORTING,0.886,True,MIXED
FALSE,CONTRADICTING,0.212,True,LEGITIMATE
SUSPECTED,SUPPORTING,0.628,True,AMBIGUOUS
